time,dt,accel_x,accel_y,accel_z,union_g,gyro_x,gyro_y,gyro_z,pressure,temp,ag
1754.845994,0.011091,-0.079002,0.033516,-9.813006,-9.813381,0.003195,-0.00639,0.00213,99427.76,25.68,0.015886
1754.857189,0.011195,-0.076608,0.002394,-9.8154,-9.815699,0.00213,-0.005325,0,99427.76,25.68,0.013568
1754.868356,0.011167,-0.081396,0.016758,-9.813006,-9.813358,-0.001065,-0.005325,0,99427.76,25.68,0.015909
1754.879607,0.011251,-0.093366,0.033516,-9.829764,-9.830265,0.003195,-0.009585,0.00213,99427.76,25.68,-0.000998
1754.890748,0.011142,-0.093366,0.033516,-9.829764,-9.830265,0.003195,-0.003195,0,99427.75,25.68,-0.000998
1754.901921,0.011173,-0.074214,0.01197,-9.853704,-9.853991,0.001065,-0.005325,0.001065,99427.75,25.68,-0.024724
1754.913059,0.011138,-0.105336,0.019152,-9.822582,-9.823165,-0.001065,-0.005325,-0.001065,99427.75,25.68,0.006102
1754.924817,0.011758,-0.074214,-0.016758,-9.82737,-9.827665,0.003195,-0.00426,0.001065,99427.75,25.68,0.001602
1754.935627,0.01081,-0.098154,0.016758,-9.82737,-9.827874,0.005325,-0.00852,0.00426,99427.75,25.68,0.001393
1754.94669,0.011063,-0.079002,-0.014364,-9.798642,-9.798971,0.00213,-0.00426,0.00426,99427.65,25.68,0.030296
1754.957835,0.011145,-0.086184,-0.033516,-9.805824,-9.80626,0.003195,-0.005325,0.00213,99427.65,25.68,0.023007
1754.968985,0.01115,-0.07182,-0.014364,-9.80343,-9.803704,0.001065,-0.005325,0,99427.65,25.68,0.025563
1754.980308,0.011323,-0.045486,0.009576,-9.781884,-9.781994,0.00213,-0.007455,0.003195,99427.65,25.68,0.047273
1754.991428,0.011121,-0.055062,0.002394,-9.820188,-9.820343,0.003195,-0.00639,0.00213,99427.65,25.68,0.008924
1755.002783,0.011354,-0.081396,0.019152,-9.80343,-9.803787,0.001065,-0.005325,0.00213,99427.65,25.68,0.02548
1755.013751,0.010968,-0.043092,0.026334,-9.824976,-9.825106,0,-0.00639,0,99427.67,25.68,0.004161
1755.024941,0.01119,-0.038304,0.009576,-9.834552,-9.834631,0.001065,-0.005325,0,99427.67,25.68,-0.005364
1755.036217,0.011276,-0.069426,0.01197,-9.8154,-9.815653,0.003195,-0.00639,0.00213,99427.67,25.68,0.013614
1755.047408,0.011191,-0.050274,0.004788,-9.82737,-9.8275,0.003195,-0.00639,0.005325,99427.67,25.68,0.001767
1755.058562,0.011155,-0.08379,0.021546,-9.836946,-9.837326,0.00426,-0.00426,0.001065,99427.67,25.68,-0.008059
1755.069673,0.011111,-0.114912,0.031122,-9.8154,-9.816122,0.00213,-0.00639,0.00213,99427.47,25.68,0.013145
1755.080939,0.011265,-0.10773,0.026334,-9.820188,-9.820814,0.00426,-0.005325,0.001065,99427.47,25.68,0.008453
1755.092113,0.011174,-0.093366,0.062244,-9.8154,-9.816041,0.00213,-0.003195,0.00213,99427.47,25.68,0.013226
1755.103252,0.011139,-0.117306,0.043092,-9.820188,-9.820983,0,-0.003195,0.003195,99427.47,25.68,0.008284
1755.114493,0.011241,-0.088578,0.021546,-9.829764,-9.830187,0.003195,-0.005325,0.003195,99427.47,25.68,-0.00092
1755.125595,0.011102,-0.05985,0.033516,-9.820188,-9.820428,0.00426,-0.007455,0.003195,99427.47,25.68,0.008839
1755.136776,0.011181,-0.100548,0.033516,-9.846522,-9.847092,0,-0.00426,0,99427.47,25.68,-0.017825
1755.148038,0.011261,-0.088578,-0.002394,-9.796248,-9.796649,0,-0.003195,0,99427.47,25.68,0.032618
1755.159235,0.011197,-0.064638,-0.016758,-9.846522,-9.846748,0.001065,-0.00639,0.00213,99427.47,25.68,-0.017481
1755.170373,0.011138,-0.07182,0.007182,-9.83934,-9.839605,0.003195,-0.00639,0.001065,99427.47,25.68,-0.010338
1755.181484,0.011111,-0.090972,0.01197,-9.824976,-9.825404,0.00213,-0.005325,0.001065,99427.47,25.68,0.003863
1755.192708,0.011224,-0.08379,-0.014364,-9.836946,-9.837313,0.001065,-0.005325,0,99427.47,25.68,-0.008046
1755.203969,0.011261,-0.076608,-0.021546,-9.822582,-9.822904,0.001065,-0.00639,0.001065,99427.36,25.68,0.006363
1755.215193,0.011224,-0.05985,-0.007182,-9.822582,-9.822767,0.003195,-0.003195,0.00426,99427.36,25.68,0.0065
1755.226301,0.011107,-0.064638,-0.014364,-9.832158,-9.832381,0.003195,-0.005325,0.00213,99427.36,25.68,-0.003114
1755.237414,0.011114,-0.064638,-0.019152,-9.8154,-9.815632,0.00213,-0.007455,0.003195,99427.36,25.68,0.013635
1755.248623,0.011209,-0.052668,-0.002394,-9.822582,-9.822723,0.00213,-0.005325,0.003195,99427.36,25.68,0.006544
1755.260011,0.011388,-0.050274,0.004788,-9.796248,-9.796378,0.001065,-0.005325,0.005325,99427.39,25.68,0.032889
1755.271281,0.01127,-0.045486,0.02394,-9.824976,-9.82511,0.001065,-0.00639,0.003195,99427.39,25.68,0.004157
1755.282197,0.010916,-0.08379,0.014364,-9.810612,-9.81098,0.001065,-0.003195,0.00213,99427.39,25.68,0.018287
1755.293427,0.01123,-0.090972,0.021546,-9.80343,-9.803876,0.001065,-0.005325,0.003195,99427.39,25.68,0.025391
1755.304544,0.011117,-0.074214,0.02394,-9.82737,-9.827679,0.005325,-0.003195,0.00213,99427.39,25.68,0.001588
1755.315973,0.011429,-0.086184,0.004788,-9.798642,-9.799022,0.001065,-0.00426,0.00213,99427.39,25.68,0.030245
1755.32707,0.011097,-0.09576,0.03591,-9.848916,-9.849447,0.00426,-0.005325,0.001065,99427.47,25.68,-0.02018
1755.33812,0.011049,-0.090972,0.031122,-9.822582,-9.823053,0.003195,-0.00639,0.00213,99427.47,25.68,0.006214
1755.349365,0.011245,-0.090972,0.019152,-9.86328,-9.863718,0.00213,-0.00852,0.003195,99427.47,25.68,-0.034451
1755.360449,0.011084,-0.122094,-0.01197,-9.824976,-9.825742,0.001065,-0.00426,0.001065,99427.47,25.68,0.003525
1755.371731,0.011282,-0.110124,0.040698,-9.832158,-9.832859,0.001065,-0.00639,0.001065,99427.47,25.68,-0.003592
1755.382901,0.01117,-0.098154,0.03591,-9.822582,-9.823138,0.003195,-0.00426,-0.001065,99427.47,25.68,0.006129
1755.394075,0.011174,-0.10773,0.019152,-9.8154,-9.81601,0.00213,-0.007455,0.00213,99427.49,25.68,0.013257
1755.405295,0.01122,-0.090972,-0.01197,-9.841734,-9.842162,0.001065,-0.00426,0.00213,99427.49,25.68,-0.012895
1755.416401,0.011106,-0.098154,0.016758,-9.824976,-9.825481,0,-0.005325,0,99427.49,25.68,0.003786
1755.427652,0.011251,-0.07182,-0.014364,-9.801036,-9.80131,0.00213,-0.005325,0.001065,99427.49,25.68,0.027957
1755.438798,0.011147,-0.069426,-0.004788,-9.836946,-9.837192,0.001065,-0.00426,0.001065,99427.49,25.68,-0.007925
1755.450014,0.011216,-0.064638,0.01197,-9.808218,-9.808438,0.001065,-0.00639,0.005325,99427.49,25.68,0.020829
1755.461169,0.011155,-0.086184,0.002394,-9.801036,-9.801415,0.00213,-0.003195,0.001065,99427.49,25.68,0.027852
1755.472325,0.011155,-0.081396,-0.009576,-9.844128,-9.844469,0.00213,-0.007455,0.00213,99427.49,25.68,-0.015202
1755.483573,0.011248,-0.069426,0.007182,-9.80343,-9.803678,0.001065,-0.003195,0.00213,99427.49,25.68,0.025589
1755.494782,0.011209,-0.102942,-0.002394,-9.858492,-9.85903,0.003195,-0.00639,0.00213,99427.49,25.68,-0.029763
1755.505891,0.011109,-0.067032,0.033516,-9.810612,-9.810898,0.001065,-0.001065,0.00213,99427.49,25.68,0.018369
1755.517109,0.011218,-0.043092,0.019152,-9.83934,-9.839453,0.00213,-0.003195,0.003195,99427.41,25.68,-0.010186
1755.528387,0.011278,-0.055062,0.014364,-9.83934,-9.839505,0.001065,-0.009585,0.00426,99427.41,25.68,-0.010238
1755.539602,0.011215,-0.086184,0.055062,-9.82737,-9.827902,0.003195,-0.00426,0.003195,99427.41,25.68,0.001365
1755.550693,0.01109,-0.074214,0.031122,-9.820188,-9.820518,0.001065,-0.00426,0.00426,99427.41,25.68,0.008749
1755.561824,0.011131,-0.08379,0.02394,-9.798642,-9.799029,0.003195,-0.003195,-0.001065,99427.41,25.68,0.030238
1755.572967,0.011143,-0.093366,0.016758,-9.801036,-9.801495,0.00213,-0.005325,0.00213,99427.41,25.68,0.027772
1755.584297,0.011331,-0.117306,0.031122,-9.810612,-9.811363,0.003195,-0.00639,0.003195,99427.49,25.68,0.017904
1755.595638,0.011341,-0.057456,0.016758,-9.83934,-9.839522,0.003195,-0.005325,0.00213,99427.49,25.68,-0.010255
1755.6066,0.010962,-0.093366,0.033516,-9.817794,-9.818295,0.001065,-0.005325,0.001065,99427.49,25.68,0.010972
1755.617764,0.011164,-0.122094,0.014364,-9.817794,-9.818564,0,-0.007455,-0.001065,99427.49,25.68,0.010703
1755.628886,0.011122,-0.081396,0.021546,-9.808218,-9.808579,0.003195,-0.00639,0.001065,99427.49,25.68,0.020688
1755.640181,0.011294,-0.076608,0.016758,-9.813006,-9.813319,0,-0.00426,0.001065,99427.44,25.68,0.015948
1755.651365,0.011184,-0.100548,-0.014364,-9.8154,-9.815925,0.003195,-0.00426,0.001065,99427.44,25.68,0.013342
1755.662535,0.01117,-0.064638,0.002394,-9.848916,-9.849128,0.003195,-0.00426,0.001065,99427.44,25.68,-0.019861
1755.673634,0.011099,-0.064638,-0.014364,-9.83934,-9.839563,0.001065,-0.00426,-0.001065,99427.44,25.68,-0.010296
1755.684834,0.0112,-0.079002,0.007182,-9.834552,-9.834872,0.003195,-0.00426,0.001065,99427.44,25.68,-0.005605
1755.696229,0.011395,-0.102942,-0.004788,-9.822582,-9.823123,0.003195,-0.00639,0.00213,99427.44,25.68,0.006144
1755.707281,0.011052,-0.050274,-0.007182,-9.834552,-9.834683,0.00213,-0.003195,0.003195,99427.52,25.68,-0.005416
1755.718428,0.011147,-0.050274,-0.007182,-9.8154,-9.815531,0,-0.00639,0.001065,99427.52,25.68,0.013736
1755.72959,0.011162,-0.076608,0.03591,-9.817794,-9.818159,0.00213,-0.001065,0.00426,99427.52,25.68,0.011108
1755.740766,0.011176,-0.086184,0.02394,-9.82737,-9.827777,0.00213,-0.00852,0.003195,99427.52,25.68,0.00149
1755.751988,0.011222,-0.05985,0.045486,-9.805824,-9.806112,0.001065,-0.005325,0.00213,99427.52,25.68,0.023155
1755.763172,0.011183,-0.064638,0.014364,-9.808218,-9.808442,0.00213,-0.009585,0.003195,99427.52,25.68,0.020825
1755.775024,0.011853,-0.090972,0.026334,-9.83934,-9.839796,0.00213,-0.00639,0.00213,99427.54,25.68,-0.010529
1755.785553,0.010528,-0.08379,0.033516,-9.817794,-9.818209,0,-0.00639,0,99427.54,25.68,0.011058
1755.796704,0.011151,-0.090972,0.026334,-9.813006,-9.813463,-0.001065,-0.007455,0.003195,99427.54,25.68,0.015804
1755.808003,0.011299,-0.081396,0.021546,-9.813006,-9.813367,0.003195,-0.005325,0,99427.54,25.68,0.0159
1755.819098,0.011095,-0.098154,0.019152,-9.841734,-9.842242,-0.001065,-0.005325,0.003195,99427.54,25.68,-0.012975
1755.830245,0.011147,-0.067032,0.031122,-9.820188,-9.820466,0.003195,-0.00639,-0.001065,99427.54,25.68,0.008801
1755.841524,0.011279,-0.08379,0.028728,-9.80343,-9.80383,0,-0.007455,0.003195,99427.54,25.68,0.025437
1755.852625,0.011102,-0.069426,-0.01197,-9.824976,-9.825229,0.001065,-0.003195,0.00213,99427.54,25.68,0.004038
1755.863903,0.011278,-0.067032,0.002394,-9.817794,-9.818023,0.003195,-0.007455,0.00213,99427.54,25.68,0.011244
1755.875157,0.011253,-0.045486,0.040698,-9.836946,-9.837135,0,-0.005325,0.001065,99427.54,25.68,-0.007868
1755.886259,0.011102,-0.052668,-0.014364,-9.8154,-9.815552,0,-0.00426,0.00213,99427.54,25.68,0.013715
1755.897308,0.011049,-0.081396,-0.007182,-9.844128,-9.844467,0.00213,-0.007455,0,99427.54,25.68,-0.0152
1755.908625,0.011318,-0.09576,0.021546,-9.858492,-9.858981,0.001065,-0.005325,0.001065,99427.59,25.68,-0.029714
1755.91979,0.011165,-0.040698,0.002394,-9.798642,-9.798727,0.00426,-0.00639,0.001065,99427.59,25.68,0.03054
1755.930933,0.011143,-0.057456,-0.002394,-9.829764,-9.829932,0,-0.003195,0.003195,99427.59,25.68,-0.000665
1755.942103,0.011169,-0.079002,0.016758,-9.844128,-9.844459,-0.001065,-0.00426,0.003195,99427.59,25.68,-0.015192
1755.953587,0.011485,-0.05985,-0.004788,-9.841734,-9.841917,-0.001065,-0.007455,0,99427.59,25.68,-0.01265
1755.964497,0.01091,-0.062244,-0.014364,-9.822582,-9.82279,0.003195,-0.00852,0.00213,99427.63,25.68,0.006477
1755.975844,0.011346,-0.057456,0.014364,-9.860886,-9.861064,0.00213,-0.003195,0.00426,99427.63,25.68,-0.031797
1755.986838,0.010995,-0.086184,-0.009576,-9.820188,-9.820571,-0.001065,-0.003195,0.00213,99427.63,25.68,0.008696
1755.997995,0.011156,-0.100548,0.043092,-9.832158,-9.832767,0,-0.007455,0.003195,99427.63,25.68,-0.0035
1756.009176,0.011181,-0.07182,0.033516,-9.832158,-9.832477,0,-0.003195,0.00213,99427.63,25.68,-0.00321
1756.020383,0.011207,-0.09576,0.016758,-9.796248,-9.79673,0.003195,-0.003195,0.00213,99427.63,25.68,0.032537
1756.031576,0.011193,-0.098154,0.045486,-9.824976,-9.825572,0.001065,-0.00426,0.00213,99427.59,25.68,0.003695
1756.042713,0.011137,-0.064638,0.03591,-9.80343,-9.803709,0.001065,-0.007455,0.001065,99427.59,25.68,0.025558
1756.053919,0.011206,-0.086184,0.009576,-9.829764,-9.830146,0.001065,-0.00213,0,99427.59,25.68,-0.000879
1756.065075,0.011156,-0.079002,0.026334,-9.832158,-9.832511,0,-0.00639,0.00426,99427.59,25.68,-0.003244
1756.07631,0.011235,-0.102942,0,-9.824976,-9.825515,0,-0.005325,0,99427.59,25.68,0.003752
1756.087544,0.011234,-0.074214,0,-9.810612,-9.810893,0.003195,-0.005325,0.003195,99427.59,25.68,0.018374
1756.098772,0.011228,-0.090972,0.002394,-9.810612,-9.811034,0.003195,-0.003195,0.001065,99427.51,25.68,0.018233
1756.109848,0.011076,-0.086184,0.016758,-9.822582,-9.822974,0.00213,-0.005325,0.001065,99427.51,25.68,0.006293
1756.121016,0.011168,-0.045486,0.028728,-9.829764,-9.829911,0.00213,-0.005325,0.003195,99427.51,25.68,-0.000644
1756.132197,0.011181,-0.028728,-0.031122,-9.822582,-9.822673,0.001065,-0.005325,-0.001065,99427.51,25.68,0.006594
1756.143455,0.011258,-0.062244,-0.031122,-9.80343,-9.803677,0.001065,-0.007455,0.001065,99427.51,25.68,0.02559
1756.154714,0.011259,-0.05985,0.021546,-9.832158,-9.832364,0.003195,-0.005325,0.00213,99427.51,25.68,-0.003097
1756.164804,0.01009,-0.050274,-0.01197,-9.793854,-9.79399,0.00213,-0.007455,0.00426,99427.51,25.68,0.035277
1756.174906,0.010102,-0.064638,-0.002394,-9.820188,-9.820401,0.003195,-0.009585,0.003195,99427.51,25.68,0.008866
1756.184986,0.01008,-0.08379,0.009576,-9.836946,-9.837308,0.001065,-0.00426,0.003195,99427.51,25.68,-0.008041
1756.195104,0.010118,-0.05985,-0.004788,-9.832158,-9.832341,0.003195,-0.00639,0.00213,99427.51,25.68,-0.003074
1756.205203,0.010098,-0.086184,0.009576,-9.832158,-9.83254,0.00213,-0.007455,0,99427.51,25.68,-0.003273
1756.215308,0.010105,-0.10773,-0.019152,-9.832158,-9.832767,0,-0.00639,0.001065,99427.51,25.68,-0.0035
1756.225406,0.010097,-0.028728,0.002394,-9.813006,-9.813048,0.003195,-0.00426,0.00213,99427.44,25.68,0.016219
1756.235504,0.010098,-0.076608,0.014364,-9.846522,-9.84683,-0.001065,-0.00639,0.00213,99427.44,25.68,-0.017563
1756.245605,0.010101,-0.08379,0.021546,-9.805824,-9.806206,0.003195,-0.007455,-0.001065,99427.44,25.68,0.023061
1756.255702,0.010097,-0.07182,0.009576,-9.824976,-9.825243,0.00213,-0.00639,0.00213,99427.44,25.68,0.004024
1756.266457,0.010756,-0.098154,0.026334,-9.8154,-9.815926,0,-0.00426,0.001065,99427.44,25.68,0.013341
1756.277806,0.011349,-0.086184,0.038304,-9.820188,-9.820641,0,-0.007455,0.001065,99427.44,25.68,0.008626
1756.288866,0.01106,-0.086184,0.009576,-9.808218,-9.808601,0.003195,-0.005325,0.003195,99427.47,25.68,0.020666
1756.300012,0.011145,-0.088578,0.002394,-9.810612,-9.811012,0.00213,-0.00639,0.00213,99427.47,25.68,0.018255
1756.31119,0.011178,-0.064638,0.028728,-9.813006,-9.813261,0,-0.00426,0.001065,99427.47,25.68,0.016006
1756.322357,0.011167,-0.076608,0.031122,-9.85131,-9.851657,0.00213,-0.007455,0,99427.47,25.68,-0.02239
1756.333523,0.011166,-0.04788,0.002394,-9.822582,-9.822699,0.001065,-0.005325,0.001065,99427.47,25.68,0.006568
1756.344738,0.011215,-0.076608,-0.004788,-9.820188,-9.820488,0,-0.00639,0.00213,99427.47,25.68,0.008779
1756.356324,0.011586,-0.08379,0.043092,-9.82737,-9.827822,0.001065,-0.00426,0,99427.46,25.68,0.001445
1756.367149,0.010824,-0.081396,0.026334,-9.793854,-9.794228,0.00213,-0.005325,0,99427.46,25.68,0.035039
1756.378315,0.011167,-0.050274,0.002394,-9.829764,-9.829893,0.003195,-0.00426,0,99427.46,25.68,-0.000626
1756.389466,0.01115,-0.08379,0.014364,-9.801036,-9.801405,0.00213,-0.00213,0.003195,99427.46,25.68,0.027862
1756.400671,0.011206,-0.062244,0.016758,-9.810612,-9.810824,0,-0.003195,0.00213,99427.46,25.68,0.018443
1756.411893,0.011221,-0.050274,-0.028728,-9.822582,-9.822753,0.003195,-0.00639,0.001065,99427.46,25.68,0.006514
1756.423187,0.011295,-0.076608,-0.007182,-9.817794,-9.818096,0.00213,-0.00426,0.00213,99427.44,25.68,0.011171
1756.434298,0.01111,-0.086184,0.004788,-9.8154,-9.81578,0.001065,-0.007455,0.001065,99427.44,25.68,0.013487
1756.445371,0.011073,-0.074214,0.040698,-9.822582,-9.822947,0.001065,-0.00213,0.00213,99427.44,25.68,0.00632
1756.456585,0.011214,-0.088578,-0.002394,-9.789066,-9.789467,-0.001065,-0.00639,0.00426,99427.44,25.68,0.0398
1756.467768,0.011183,-0.076608,0.026334,-9.80343,-9.803765,0.003195,-0.00426,0.00213,99427.44,25.68,0.025502
1756.479035,0.011266,-0.117306,-0.007182,-9.820188,-9.820891,0.001065,-0.00639,0.00213,99427.44,25.68,0.008376
1756.490107,0.011072,-0.07182,0.019152,-9.832158,-9.832439,0.003195,-0.005325,-0.001065,99427.43,25.68,-0.003172
1756.501338,0.011231,-0.069426,0.014364,-9.813006,-9.813262,0.003195,-0.005325,0.00213,99427.43,25.68,0.016005
1756.512474,0.011136,-0.110124,0.007182,-9.801036,-9.801657,0,-0.00639,0.00213,99427.43,25.68,0.02761
1756.523672,0.011198,-0.076608,0.016758,-9.82737,-9.827683,0.00426,-0.009585,0.001065,99427.43,25.68,0.001584
1756.535141,0.011469,-0.057456,0.033516,-9.810612,-9.810837,0,-0.00426,0.003195,99427.43,25.68,0.01843
1756.546256,0.011115,-0.081396,0.009576,-9.810612,-9.810954,0.003195,-0.00639,0.001065,99427.43,25.68,0.018313
1756.557411,0.011154,-0.081396,-0.016758,-9.805824,-9.806176,0.001065,-0.007455,0,99427.43,25.68,0.023091
1756.568427,0.011016,-0.064638,0.014364,-9.793854,-9.794078,0.001065,-0.005325,0.003195,99427.43,25.68,0.035189
1756.580856,0.01243,-0.076608,-0.016758,-9.817794,-9.818107,0.001065,-0.005325,0.001065,99427.43,25.68,0.01116
1756.590937,0.010081,-0.07182,0.014364,-9.813006,-9.813279,0.00426,-0.00639,0.00213,99427.43,25.68,0.015988
1756.602809,0.011872,-0.057456,-0.014364,-9.817794,-9.817973,0.00213,-0.005325,0.00213,99427.43,25.68,0.011294
1756.612936,0.010126,-0.050274,0.019152,-9.82737,-9.827517,0.001065,-0.00426,0.00426,99427.33,25.68,0.00175
1756.623019,0.010083,-0.07182,0.007182,-9.83934,-9.839605,0.00213,-0.001065,0.001065,99427.33,25.68,-0.010338
1756.633096,0.010078,-0.069426,0.02394,-9.834552,-9.834826,0.00213,-0.005325,0.003195,99427.33,25.68,-0.005559
1756.643185,0.010088,-0.045486,0.026334,-9.841734,-9.841874,0.00213,-0.00639,0,99427.33,25.68,-0.012607
1756.653292,0.010107,-0.076608,-0.004788,-9.786672,-9.786973,0.001065,-0.00426,0,99427.33,25.68,0.042294
1756.663402,0.01011,-0.074214,0.016758,-9.820188,-9.820483,0.001065,-0.00639,0.003195,99427.33,25.68,0.008784
1756.673501,0.010099,-0.079002,0.009576,-9.786672,-9.786996,0.00213,-0.00639,0.00426,99427.33,25.68,0.042271
1756.683643,0.010142,-0.079002,0.014364,-9.834552,-9.83488,0.003195,-0.005325,0.005325,99427.24,25.68,-0.005613
1756.693942,0.010299,-0.086184,0.026334,-9.841734,-9.842147,0.001065,-0.00426,0.001065,99427.24,25.68,-0.01288
1756.704057,0.010115,-0.110124,-0.028728,-9.853704,-9.854361,0.001065,-0.007455,0.00426,99427.24,25.68,-0.025094
1756.714531,0.010474,-0.057456,0.014364,-9.848916,-9.849094,0.00213,-0.003195,0.00213,99427.24,25.68,-0.019827
1756.724662,0.010131,-0.07182,0.009576,-9.83934,-9.839607,0,-0.00213,0,99427.24,25.68,-0.01034
1756.734758,0.010096,-0.098154,0.031122,-9.810612,-9.811152,0.00213,-0.00213,0.003195,99427.24,25.68,0.018115
1756.744841,0.010083,-0.102942,0.019152,-9.82737,-9.827928,0,-0.005325,0.003195,99427.24,25.68,0.001339
1756.754936,0.010095,-0.088578,0.016758,-9.810612,-9.811026,0.001065,-0.00426,0.00213,99427.24,25.68,0.018241
1756.765024,0.010087,-0.067032,-0.019152,-9.798642,-9.79889,0.005325,-0.01065,0.00213,99427.24,25.68,0.030377
1756.775119,0.010095,-0.086184,0.01197,-9.822582,-9.822967,0.003195,-0.007455,0.00213,99427.24,25.68,0.0063
1756.785211,0.010092,-0.064638,0.016758,-9.8154,-9.815627,0.00213,-0.003195,0.00213,99427.24,25.68,0.01364
1756.795328,0.010118,-0.074214,-0.01197,-9.82737,-9.827658,0.001065,-0.00852,0.00213,99427.24,25.68,0.001609
1756.805433,0.010104,-0.067032,-0.004788,-9.822582,-9.822812,0,-0.00213,0.001065,99427.24,25.68,0.006455
1756.815634,0.010201,-0.067032,0.004788,-9.817794,-9.818024,0.001065,-0.00426,0.00426,99427.43,25.68,0.011243
1756.826288,0.010654,-0.074214,-0.01197,-9.810612,-9.8109,0,-0.00426,0.00213,99427.43,25.68,0.018367
1756.836399,0.010111,-0.08379,-0.009576,-9.82737,-9.827732,0.001065,-0.005325,0.005325,99427.43,25.68,0.001535
1756.846487,0.010088,-0.067032,0.02394,-9.846522,-9.846779,0,-0.00426,0,99427.43,25.68,-0.017512
1756.856579,0.010092,-0.055062,0.01197,-9.808218,-9.80838,0.00213,-0.003195,0.00426,99427.43,25.68,0.020887
1756.866686,0.010107,-0.086184,0.009576,-9.834552,-9.834934,0.00213,-0.005325,0.003195,99427.43,25.68,-0.005667
1756.876778,0.010092,-0.088578,0.040698,-9.8154,-9.815884,0.001065,-0.005325,0,99427.43,25.68,0.013383
1756.88687,0.010092,-0.055062,0.026334,-9.8154,-9.81559,0.001065,-0.00639,0.00426,99427.43,25.68,0.013677
1756.896963,0.010093,-0.100548,0.002394,-9.805824,-9.80634,0.00426,-0.005325,0.001065,99427.43,25.68,0.022927
1756.907079,0.010116,-0.08379,0.033516,-9.810612,-9.811027,0,-0.007455,0.00213,99427.43,25.68,0.01824
1756.917281,0.010202,-0.057456,0.004788,-9.813006,-9.813175,0.00213,-0.005325,0.00213,99427.43,25.68,0.016092
1756.927376,0.010095,-0.086184,0.031122,-9.832158,-9.832585,0.003195,-0.00639,0.003195,99427.43,25.68,-0.003318
1756.93754,0.010164,-0.081396,0.009576,-9.820188,-9.82053,-0.001065,-0.00639,0.00426,99427.46,25.68,0.008737
1756.947639,0.0101,-0.074214,0.002394,-9.817794,-9.818075,0.00213,-0.00426,0.00213,99427.46,25.68,0.011192
1756.957744,0.010105,-0.081396,-0.004788,-9.865674,-9.866011,0.003195,-0.00852,0,99427.46,25.68,-0.036744
1756.967835,0.01009,-0.062244,0,-9.829764,-9.829961,0.001065,-0.007455,0.00426,99427.46,25.68,-0.000694
1756.977935,0.010101,-0.074214,0.007182,-9.848916,-9.849198,0.001065,-0.00639,0.003195,99427.46,25.68,-0.019931
1756.988051,0.010116,-0.088578,-0.002394,-9.834552,-9.834951,0.00213,-0.00426,0,99427.46,25.68,-0.005684
1756.998211,0.01016,-0.079002,0.02394,-9.817794,-9.818141,0.001065,-0.005325,0.001065,99427.46,25.68,0.011126
1757.008307,0.010096,-0.076608,-0.002394,-9.820188,-9.820487,0.003195,-0.00639,0.00213,99427.39,25.68,0.00878
1757.018393,0.010086,-0.1197,0.031122,-9.829764,-9.830542,0.001065,-0.005325,0.003195,99427.39,25.68,-0.001275
1757.028607,0.010214,-0.069426,0,-9.85131,-9.851555,-0.001065,-0.005325,0.00213,99427.39,25.68,-0.022288
1757.039035,0.010428,-0.05985,0.007182,-9.829764,-9.829949,0.003195,-0.00639,0.00213,99427.39,25.68,-0.000682
1757.049146,0.010112,-0.090972,0.004788,-9.82737,-9.827792,0,-0.00639,0.003195,99427.39,25.68,0.001475
1757.059234,0.010087,-0.064638,0.021546,-9.82737,-9.827606,0.001065,-0.005325,0.003195,99427.39,25.68,0.001661
1757.069315,0.010081,-0.088578,0.026334,-9.82737,-9.827804,0,-0.007455,0.003195,99427.43,25.68,0.001463
1757.07948,0.010166,-0.088578,0.01197,-9.829764,-9.83017,0.001065,-0.007455,0.003195,99427.43,25.68,-0.000903
1757.089598,0.010117,-0.067032,0.033516,-9.822582,-9.822868,0,-0.005325,0.001065,99427.43,25.68,0.006399
1757.099729,0.010131,-0.076608,-0.002394,-9.796248,-9.796548,0.001065,-0.007455,0.00213,99427.43,25.68,0.032719
1757.109824,0.010095,-0.062244,0.031122,-9.82737,-9.827616,0.001065,-0.00426,0.001065,99427.43,25.68,0.001651
1757.119927,0.010102,-0.069426,0.014364,-9.836946,-9.837201,0.001065,-0.005325,0.001065,99427.43,25.68,-0.007934
1757.13005,0.010124,-0.057456,0.009576,-9.83934,-9.839512,0.00426,-0.005325,0.00213,99427.33,25.68,-0.010245
1757.140141,0.010091,-0.110124,0.02394,-9.820188,-9.820835,0.00213,-0.005325,0.003195,99427.33,25.68,0.008432
1757.150624,0.010483,-0.062244,0.01197,-9.817794,-9.817999,-0.001065,-0.005325,0,99427.33,25.68,0.011268
1757.160718,0.010094,-0.081396,0.002394,-9.824976,-9.825313,0.00213,-0.005325,0.00213,99427.33,25.68,0.003954
1757.170811,0.010093,-0.064638,0.019152,-9.82737,-9.827601,0.00426,-0.00852,0.00213,99427.33,25.68,0.001666
1757.180936,0.010125,-0.052668,0.002394,-9.824976,-9.825117,0.001065,-0.00426,0.003195,99427.33,25.68,0.00415
1757.191025,0.010089,-0.08379,0.004788,-9.834552,-9.83491,0.001065,-0.005325,0.001065,99427.19,25.68,-0.005643
1757.201113,0.010088,-0.079002,0.02394,-9.822582,-9.822929,0.003195,-0.005325,0.003195,99427.19,25.68,0.006338
1757.211211,0.010098,-0.067032,0.007182,-9.8154,-9.815632,0.00426,-0.007455,0.003195,99427.19,25.68,0.013635
1757.221314,0.010103,-0.076608,0.019152,-9.824976,-9.825293,0.001065,-0.003195,0.00213,99427.19,25.68,0.003974
1757.231522,0.010208,-0.062244,0.01197,-9.805824,-9.806029,0.00213,-0.007455,0.00426,99427.19,25.68,0.023238
1757.241631,0.010109,-0.093366,-0.004788,-9.817794,-9.818239,0.00213,-0.00639,0.001065,99427.19,25.68,0.011028
1757.251793,0.010162,-0.088578,0.033516,-9.829764,-9.83022,0.001065,-0.00426,-0.001065,99427.19,25.68,-0.000953
1757.2624,0.010607,-0.07182,-0.004788,-9.832158,-9.832421,0.00213,-0.00426,0.00213,99427.19,25.68,-0.003154
1757.273283,0.010883,-0.08379,0.019152,-9.808218,-9.808595,0.00213,-0.005325,0.003195,99427.19,25.68,0.020672
1757.284337,0.011054,-0.100548,-0.014364,-9.82737,-9.827895,0.001065,-0.003195,0.001065,99427.19,25.68,0.001372
1757.295632,0.011295,-0.05985,0.004788,-9.805824,-9.806008,0,-0.009585,0.001065,99427.19,25.68,0.023259
1757.306682,0.011049,-0.055062,-0.014364,-9.848916,-9.84908,0.001065,-0.003195,0.001065,99427.19,25.68,-0.019813
1757.317823,0.011142,-0.076608,-0.026334,-9.853704,-9.854037,-0.001065,-0.005325,-0.001065,99427.19,25.68,-0.02477
1757.32898,0.011157,-0.076608,0.019152,-9.810612,-9.81093,0.001065,-0.00639,0.00213,99427.19,25.68,0.018337
1757.340209,0.011229,-0.086184,-0.014364,-9.841734,-9.842122,0.00213,-0.00639,0.00213,99427.19,25.68,-0.012855
1757.351406,0.011197,-0.055062,0.016758,-9.817794,-9.817963,0.00213,-0.00852,0.001065,99427.19,25.68,0.011304
1757.362607,0.011201,-0.098154,0.031122,-9.813006,-9.813546,0.003195,-0.005325,0.003195,99427.19,25.68,0.015721
1757.374078,0.011472,-0.067032,0.002394,-9.8154,-9.815629,0.001065,-0.003195,0.00213,99427.19,25.68,0.013638
1757.386198,0.01212,-0.076608,0.007182,-9.824976,-9.825277,0,-0.00852,0.001065,99427.35,25.68,0.00399
1757.396615,0.010417,-0.09576,0.009576,-9.805824,-9.806296,0.003195,-0.005325,0.00213,99427.35,25.68,0.022971
1757.407353,0.010738,-0.040698,0.004788,-9.798642,-9.798728,0.00213,-0.005325,0.003195,99427.35,25.68,0.030539
1757.418496,0.011143,-0.124488,0.031122,-9.805824,-9.806664,0.001065,-0.009585,0.001065,99427.35,25.68,0.022603
1757.429673,0.011177,-0.081396,0.004788,-9.784278,-9.784618,0.003195,-0.005325,0.001065,99427.35,25.68,0.044649
1757.441006,0.011333,-0.067032,0.002394,-9.796248,-9.796478,0.001065,-0.00639,0.00213,99427.35,25.68,0.032789
1757.452474,0.011469,-0.043092,0.045486,-9.805824,-9.806024,0.001065,-0.003195,0.003195,99427.38,25.68,0.023243
1757.46327,0.010796,-0.055062,-0.019152,-9.844128,-9.844301,0.003195,-0.00426,0.001065,99427.38,25.68,-0.015034
1757.474675,0.011404,0.009576,-0.031122,-9.860886,-9.86094,0.001065,-0.009585,0.001065,99427.38,25.68,-0.031673
1757.485556,0.010881,-0.04788,-0.014364,-9.808218,-9.808345,0,-0.00426,0.003195,99427.38,25.68,0.020922
1757.496777,0.011221,-0.081396,-0.007182,-9.822582,-9.822922,0.001065,-0.009585,0.00213,99427.38,25.68,0.006345
1757.507979,0.011202,-0.10773,0.057456,-9.810612,-9.811372,0.00213,-0.007455,0.00426,99427.38,25.68,0.017895
1757.519187,0.011208,-0.08379,0.021546,-9.810612,-9.810993,0.001065,-0.007455,0.00426,99427.25,25.68,0.018274
1757.530331,0.011144,-0.148428,0.05985,-9.824976,-9.826279,0,-0.005325,0.00426,99427.25,25.68,0.002988
1757.541481,0.011151,-0.122094,0.04788,-9.79146,-9.792338,-0.001065,-0.00639,0.00213,99427.25,25.68,0.036929
1757.552688,0.011206,-0.050274,0.007182,-9.824976,-9.825107,0.00213,-0.005325,-0.001065,99427.25,25.68,0.00416
1757.564191,0.011503,-0.064638,0.03591,-9.8154,-9.815679,0.003195,-0.005325,0.003195,99427.25,25.68,0.013588
1757.575158,0.010967,-0.102942,0.016758,-9.836946,-9.837499,0.00213,-0.005325,0.00213,99427.25,25.68,-0.008232
1757.586298,0.01114,-0.134064,0.007182,-9.829764,-9.830681,0.00213,-0.007455,0.00213,99427.25,25.68,-0.001414
1757.597416,0.011118,-0.079002,0.026334,-9.813006,-9.813359,0,-0.00639,0.00213,99427.25,25.68,0.015908
1757.608583,0.011167,-0.10773,0.002394,-9.80343,-9.804022,0.00213,-0.00426,0.00213,99427.25,25.68,0.025245
1757.620321,0.011738,-0.117306,-0.004788,-9.860886,-9.861585,-0.001065,-0.00639,0,99427.25,25.68,-0.032318
1757.631063,0.010742,-0.07182,0.007182,-9.860886,-9.86115,0.001065,-0.00639,-0.001065,99427.25,25.68,-0.031883
1757.642189,0.011126,-0.086184,-0.01197,-9.82737,-9.827755,0.003195,-0.00639,0.003195,99427.09,25.68,0.001512
1757.65341,0.011222,-0.09576,0,-9.820188,-9.820655,0.003195,-0.007455,0.001065,99427.09,25.68,0.008612
1757.664502,0.011091,-0.093366,0.028728,-9.820188,-9.820674,0,-0.007455,0.00213,99427.09,25.68,0.008593
1757.675847,0.011346,-0.057456,0.009576,-9.83934,-9.839512,0.003195,-0.003195,-0.001065,99427.09,25.68,-0.010245
1757.686867,0.01102,-0.064638,0.014364,-9.813006,-9.813229,0.001065,-0.005325,0,99427.09,25.68,0.016038
1757.698561,0.011693,-0.112518,0.004788,-9.810612,-9.811258,0.001065,-0.00639,0.003195,99427.09,25.68,0.018009
1757.709255,0.010695,-0.086184,0.050274,-9.796248,-9.796756,0,-0.007455,0.001065,99427.12,25.68,0.032511
1757.720435,0.01118,-0.050274,-0.026334,-9.824976,-9.82514,0.001065,-0.00426,0.001065,99427.12,25.68,0.004127
1757.731718,0.011283,-0.031122,0.02394,-9.82737,-9.827448,0.001065,-0.003195,0.003195,99427.12,25.68,0.001819
1757.742898,0.011181,-0.062244,-0.016758,-9.8154,-9.815612,0.00213,-0.00639,0.001065,99427.12,25.68,0.013655
1757.7541,0.011202,-0.050274,0.026334,-9.820188,-9.820352,0.003195,-0.005325,0.00213,99427.12,25.68,0.008915
1757.765317,0.011217,-0.062244,0.01197,-9.784278,-9.784483,-0.001065,-0.00213,0.003195,99427.12,25.68,0.044784
1757.776563,0.011247,-0.079002,0.028728,-9.813006,-9.813366,0.00213,-0.007455,0.00213,99427.19,25.68,0.015901
1757.787623,0.01106,-0.076608,0.01197,-9.822582,-9.822888,0.001065,-0.00639,0.003195,99427.19,25.68,0.006379
1757.799359,0.011736,-0.08379,0.040698,-9.83934,-9.839781,0.001065,-0.00426,0,99427.19,25.68,-0.010514
1757.810004,0.010645,-0.07182,0.002394,-9.829764,-9.830027,0.00213,-0.007455,0.00213,99427.19,25.68,-0.00076
1757.821119,0.011115,-0.112518,0.004788,-9.83934,-9.839984,0.001065,-0.00639,0.001065,99427.19,25.68,-0.010717
1757.832538,0.011419,-0.062244,0.007182,-9.865674,-9.865873,0.00213,-0.00639,0.00213,99427.19,25.68,-0.036606
1757.843896,0.011358,-0.09576,-0.01197,-9.841734,-9.842207,0.003195,-0.00639,0.003195,99427.16,25.68,-0.01294
1757.85475,0.010854,-0.069426,0.019152,-9.822582,-9.822846,0.003195,-0.00639,0.00213,99427.16,25.68,0.006421
1757.866086,0.011336,-0.086184,0.02394,-9.832158,-9.832565,0.003195,-0.007455,0.00426,99427.16,25.68,-0.003298
1757.87705,0.010965,-0.074214,0.038304,-9.83934,-9.839694,0.001065,-0.00426,0.005325,99427.16,25.68,-0.010427
1757.888198,0.011148,-0.074214,-0.004788,-9.798642,-9.798924,0.00213,-0.007455,0.00426,99427.16,25.68,0.030343
1757.900064,0.011866,-0.090972,0.009576,-9.820188,-9.820614,0.001065,-0.007455,0.003195,99427.16,25.68,0.008653
1757.910647,0.010583,-0.079002,0.002394,-9.820188,-9.820506,0.00213,-0.007455,0.003195,99427.14,25.68,0.008761
1757.921766,0.011119,-0.043092,-0.004788,-9.82737,-9.827466,0.00426,-0.005325,0.001065,99427.14,25.68,0.001801
1757.933351,0.011585,-0.067032,-0.004788,-9.820188,-9.820418,0.001065,-0.005325,0.00213,99427.14,25.68,0.008849
1757.944145,0.010794,-0.090972,-0.016758,-9.798642,-9.799079,0.003195,-0.007455,0.00213,99427.14,25.68,0.030188
1757.95584,0.011694,-0.062244,-0.002394,-9.8154,-9.815598,0.001065,-0.00426,0.00213,99427.14,25.68,0.013669
1757.966658,0.010818,-0.052668,0.014364,-9.82737,-9.827522,0.00213,-0.005325,0,99427.14,25.68,0.001745
1757.977745,0.011087,-0.08379,0.02394,-9.817794,-9.818181,0,-0.00426,0.001065,99427.14,25.68,0.011086
1757.988906,0.011161,-0.093366,0.009576,-9.832158,-9.832606,0.00426,-0.005325,0.00213,99427.14,25.68,-0.003339
1758.000062,0.011156,-0.055062,0.033516,-9.822582,-9.822794,0.00426,-0.00426,0.003195,99427.14,25.68,0.006473
1758.010266,0.010204,-0.07182,0.019152,-9.789066,-9.789348,0.00213,-0.005325,0.00426,99427.14,25.68,0.039919
1758.020356,0.01009,-0.090972,0.009576,-9.810612,-9.811038,0.00213,-0.00426,0.00426,99427.14,25.68,0.018229
1758.030472,0.010116,-0.093366,0.026334,-9.848916,-9.849394,0.001065,-0.003195,0,99427.14,25.68,-0.020127
1758.040559,0.010087,-0.069426,0,-9.798642,-9.798888,0,-0.009585,0.00426,99427.14,25.68,0.030379
1758.050648,0.010089,-0.112518,0.01197,-9.824976,-9.825628,0.00213,-0.00426,0,99427.14,25.68,0.003639
1758.060774,0.010126,-0.112518,0.02394,-9.836946,-9.837619,0,-0.00639,0.003195,99427.14,25.68,-0.008352
1758.070968,0.010194,-0.105336,0.028728,-9.798642,-9.79925,0.00426,-0.005325,0.001065,99427.14,25.68,0.030017
1758.08106,0.010092,-0.081396,0.014364,-9.8154,-9.815748,0.001065,-0.005325,0.001065,99427.14,25.68,0.013519
1758.09117,0.010109,-0.098154,0.031122,-9.786672,-9.787214,0.00213,-0.005325,0.001065,99427.14,25.68,0.042053
1758.101402,0.010232,-0.105336,0.019152,-9.8154,-9.815984,0,-0.007455,0.001065,99427.17,25.68,0.013283
1758.111536,0.010134,-0.074214,0.007182,-9.808218,-9.808501,0.003195,-0.00426,0,99427.17,25.68,0.020766
1758.121628,0.010092,-0.05985,0.01197,-9.834552,-9.834741,0.001065,-0.005325,0.001065,99427.17,25.68,-0.005474
1758.131741,0.010114,-0.04788,-0.004788,-9.817794,-9.817912,0.00426,-0.00639,0,99427.17,25.68,0.011355
1758.14184,0.010099,-0.088578,-0.038304,-9.846522,-9.846995,-0.001065,-0.005325,0,99427.17,25.68,-0.017728
1758.151966,0.010126,-0.064638,-0.01197,-9.836946,-9.837166,0.003195,-0.00852,0,99427.17,25.68,-0.007899
1758.162073,0.010107,-0.04788,-0.03591,-9.848916,-9.849098,0,-0.005325,0.00213,99427.11,25.68,-0.019831
1758.172159,0.010086,-0.052668,-0.026334,-9.820188,-9.820365,0.003195,-0.00639,0.00213,99427.11,25.68,0.008902
1758.182259,0.0101,-0.076608,-0.004788,-9.820188,-9.820488,0.001065,-0.00639,0.001065,99427.11,25.68,0.008779
1758.192354,0.010094,-0.055062,-0.009576,-9.8154,-9.815559,0.001065,-0.00639,0.00426,99427.11,25.68,0.013708
1758.202468,0.010114,-0.08379,0,-9.832158,-9.832515,0.00426,-0.005325,0.00213,99427.11,25.68,-0.003248
1758.213015,0.010547,-0.052668,0.009576,-9.841734,-9.84188,0.00213,-0.00426,0.003195,99427.11,25.68,-0.012613
1758.223162,0.010148,-0.079002,0.016758,-9.798642,-9.798975,0.00213,-0.00639,0.005325,99427.22,25.68,0.030292
1758.233266,0.010104,-0.057456,0.01197,-9.8154,-9.815575,0.001065,-0.00426,0.001065,99427.22,25.68,0.013692
1758.243358,0.010092,-0.03591,0.004788,-9.808218,-9.808285,0.001065,-0.005325,0.003195,99427.22,25.68,0.020982
1758.25348,0.010121,-0.086184,0.021546,-9.820188,-9.82059,0.00213,-0.005325,0.001065,99427.22,25.68,0.008677
1758.263569,0.010089,-0.081396,0.033516,-9.817794,-9.818189,0,-0.00426,0.001065,99427.22,25.68,0.011078
1758.273663,0.010094,-0.076608,0.031122,-9.817794,-9.818142,0,-0.00639,0.003195,99427.22,25.68,0.011125
1758.283757,0.010094,-0.090972,0.02394,-9.810612,-9.811063,0.00213,-0.00639,0.00213,99427.22,25.68,0.018204
1758.2941,0.010343,-0.086184,0.009576,-9.80343,-9.803814,0.00213,-0.00426,0,99427.22,25.68,0.025453
1758.3042,0.0101,-0.069426,0.033516,-9.822582,-9.822885,0.00213,-0.005325,0.003195,99427.22,25.68,0.006382
1758.314554,0.010354,-0.088578,0.03591,-9.820188,-9.820653,0.00213,-0.00426,0,99427.22,25.68,0.008614
1758.32488,0.010326,-0.07182,0.031122,-9.820188,-9.8205,0.003195,-0.005325,0.003195,99427.22,25.68,0.008767
1758.33501,0.01013,-0.100548,0.028728,-9.8154,-9.815957,0.00213,-0.00639,0.001065,99427.22,25.68,0.01331
1758.345102,0.010092,-0.136458,0.021546,-9.841734,-9.842704,0.00213,-0.005325,0.001065,99427.22,25.68,-0.013437
1758.355191,0.010089,-0.098154,0.04788,-9.83934,-9.839946,0,-0.003195,0,99427.14,25.68,-0.010679
1758.365284,0.010093,-0.090972,0.004788,-9.844128,-9.84455,0.00213,-0.005325,0.003195,99427.14,25.68,-0.015283
1758.375378,0.010093,-0.09576,0,-9.832158,-9.832624,0.00213,-0.007455,0.00213,99427.14,25.68,-0.003357
1758.385464,0.010086,-0.076608,-0.026334,-9.822582,-9.822916,0.001065,-0.00639,-0.001065,99427.14,25.68,0.006351
1758.395571,0.010108,-0.076608,-0.004788,-9.846522,-9.846821,0.00213,-0.00426,0.00213,99427.14,25.68,-0.017554
1758.40567,0.010098,-0.086184,-0.009576,-9.82737,-9.827753,0.005325,-0.005325,0.001065,99427.14,25.68,0.001514
1758.41575,0.01008,-0.07182,-0.01197,-9.82737,-9.82764,0.00213,-0.005325,0.00213,99427.04,25.68,0.001627
1758.425869,0.010119,-0.079002,-0.014364,-9.844128,-9.844455,0.001065,-0.005325,0.00213,99427.04,25.68,-0.015188
1758.436023,0.010154,-0.076608,-0.007182,-9.810612,-9.810914,0.001065,-0.00426,0.001065,99427.04,25.68,0.018353
1758.446197,0.010174,-0.026334,0.009576,-9.822582,-9.822622,0.003195,-0.00639,0,99427.04,25.68,0.006645
1758.456297,0.0101,-0.08379,-0.009576,-9.83934,-9.839701,0.003195,-0.00639,0.00213,99427.04,25.68,-0.010434
1758.466501,0.010205,-0.07182,0,-9.848916,-9.849178,0.00213,-0.00426,0.003195,99427.04,25.68,-0.019911
1758.4766,0.010098,-0.052668,0.021546,-9.820188,-9.820353,0.00213,-0.005325,0.00213,99427.04,25.68,0.008914
1758.486698,0.010098,-0.043092,-0.009576,-9.801036,-9.801135,0.00213,-0.007455,0.00213,99427,25.68,0.028132
1758.496822,0.010125,-0.076608,0.033516,-9.805824,-9.806181,0.00213,-0.00426,0.00213,99427,25.68,0.023086
1758.506914,0.010092,-0.05985,-0.009576,-9.810612,-9.810799,0.001065,-0.007455,0.00213,99427,25.68,0.018468
1758.517019,0.010105,-0.033516,-0.002394,-9.808218,-9.808276,0.001065,-0.005325,0.001065,99427,25.68,0.020991
1758.527114,0.010094,-0.069426,-0.01197,-9.832158,-9.83241,-0.00213,-0.00852,0.00213,99427,25.68,-0.003143
1758.537408,0.010294,-0.086184,0.028728,-9.85131,-9.851729,0.00213,-0.005325,0.001065,99427,25.68,-0.022462
1758.547508,0.0101,-0.067032,0.028728,-9.848916,-9.849186,0.00213,-0.003195,0.001065,99427,25.68,-0.019919
1758.557641,0.010134,-0.074214,0.043092,-9.793854,-9.79423,0.001065,-0.007455,0.001065,99427,25.68,0.035037
1758.567692,0.01005,-0.129276,0.026334,-9.80343,-9.804318,0.003195,-0.005325,0,99427,25.68,0.024949
1758.577809,0.010118,-0.110124,0.014364,-9.85131,-9.851936,0.001065,-0.00426,0.001065,99427,25.68,-0.022669
1758.587922,0.010113,-0.093366,0.050274,-9.810612,-9.811185,0.001065,-0.005325,0.003195,99427,25.68,0.018082
1758.598031,0.010109,-0.093366,0,-9.820188,-9.820632,0.001065,-0.005325,0.001065,99427,25.68,0.008635
1758.608148,0.010117,-0.05985,-0.016758,-9.844128,-9.844324,0.001065,-0.003195,0.001065,99427,25.68,-0.015057
1758.618348,0.010199,-0.117306,0.021546,-9.848916,-9.849638,0.001065,-0.00639,0.003195,99427,25.68,-0.020371
1758.628454,0.010106,-0.100548,0.026334,-9.82737,-9.82792,0.001065,-0.00213,0,99427,25.68,0.001347
1758.638544,0.01009,-0.055062,-0.026334,-9.834552,-9.834741,0.00213,-0.007455,0,99427,25.68,-0.005474
1758.648643,0.010099,-0.112518,0.01197,-9.834552,-9.835203,0.001065,-0.007455,0.003195,99427,25.68,-0.005936
1758.66005,0.011406,-0.086184,-0.004788,-9.820188,-9.820567,0.00213,-0.00213,0.00213,99427,25.68,0.0087
1758.671213,0.011163,-0.064638,-0.004788,-9.813006,-9.81322,0.00213,-0.007455,0.00213,99427.24,25.68,0.016047
1758.682479,0.011266,-0.100548,0.03591,-9.820188,-9.820768,0.00213,-0.005325,0.003195,99427.24,25.68,0.008499
1758.693491,0.011013,-0.055062,-0.002394,-9.83934,-9.839494,0.00213,-0.001065,0.00426,99427.24,25.68,-0.010227
1758.704779,0.011288,-0.088578,-0.019152,-9.82737,-9.827788,0.00213,-0.00852,0.001065,99427.24,25.68,0.001479
1758.71601,0.011231,-0.081396,-0.01197,-9.822582,-9.822927,0.00426,-0.005325,0.00213,99427.24,25.68,0.00634
1758.727087,0.011077,-0.04788,-0.01197,-9.805824,-9.805948,0.003195,-0.00639,0.001065,99427.24,25.68,0.023319
1758.738304,0.011217,-0.086184,0.04788,-9.832158,-9.832652,0.00213,-0.00426,0.00213,99427.12,25.68,-0.003385
1758.749412,0.011108,-0.079002,0.002394,-9.8154,-9.815718,-0.00213,-0.00426,0.00213,99427.12,25.68,0.013549
1758.760632,0.011221,-0.045486,0.026334,-9.829764,-9.829905,0.003195,-0.007455,0.001065,99427.12,25.68,-0.000638
1758.771865,0.011232,-0.08379,0.028728,-9.834552,-9.834951,0.001065,-0.005325,0.003195,99427.12,25.68,-0.005684
1758.78299,0.011126,-0.100548,-0.007182,-9.82737,-9.827887,0.001065,-0.003195,0,99427.12,25.68,0.00138
1758.794287,0.011297,-0.04788,0.004788,-9.813006,-9.813124,0.00426,-0.005325,0,99427.12,25.68,0.016143
1758.805479,0.011192,-0.079002,0.026334,-9.801036,-9.80139,-0.001065,-0.00852,0.00213,99427.03,25.68,0.027877
1758.816538,0.011058,-0.090972,0.009576,-9.702882,-9.703313,0,-0.00426,0.001065,99427.03,25.68,0.125954
1758.827775,0.011237,-0.07182,0.02394,-9.753156,-9.75345,0.001065,-0.007455,0.003195,99427.03,25.68,0.075817
1758.838907,0.011133,-0.067032,0.019152,-9.772308,-9.772557,0.003195,-0.00426,0,99427.03,25.68,0.05671
1758.850209,0.011302,-0.062244,0.033516,-9.774702,-9.774958,0.00213,-0.00426,0,99427.03,25.68,0.054309
1758.861456,0.011247,-0.057456,-0.002394,-9.80343,-9.803599,0.001065,-0.005325,0.00213,99427.03,25.68,0.025668
1758.873101,0.011645,-0.069426,0.01197,-9.822582,-9.822835,0.001065,-0.00639,0.003195,99427.12,25.68,0.006432
1758.884127,0.011026,-0.031122,0.01197,-9.8154,-9.815457,-0.00213,-0.00426,0.00213,99427.12,25.68,0.01381
1758.894897,0.01077,-0.100548,0.016758,-9.820188,-9.820717,0,-0.007455,0.003195,99427.12,25.68,0.00855
1758.905976,0.011078,-0.07182,0.026334,-9.846522,-9.846819,0,-0.00639,0.003195,99427.12,25.68,-0.017552
1758.917207,0.011231,-0.062244,-0.016758,-9.805824,-9.806036,0,-0.005325,0.00213,99427.12,25.68,0.023231
1758.929048,0.01184,-0.079002,0.019152,-9.86328,-9.863615,0.001065,-0.005325,0.001065,99427.24,25.68,-0.034348
1758.940132,0.011085,-0.090972,-0.004788,-9.865674,-9.866095,0.003195,-0.00639,0.001065,99427.24,25.68,-0.036828
1758.950817,0.010685,-0.067032,-0.009576,-9.872856,-9.873088,0.001065,-0.005325,0.003195,99427.24,25.68,-0.043821
1758.962022,0.011205,-0.062244,-0.007182,-9.870462,-9.870661,0.00213,-0.00852,0.003195,99427.24,25.68,-0.041394
1758.973146,0.011124,-0.086184,0,-9.901584,-9.901959,0.00213,-0.007455,0.00426,99427.24,25.68,-0.072692
1758.984356,0.01121,-0.09576,0.004788,-9.884826,-9.885291,0,-0.005325,0.003195,99427.24,25.68,-0.056024
1758.995694,0.011339,-0.076608,0.014364,-9.889614,-9.889921,0,-0.005325,0.003195,99427.24,25.68,-0.060654
1759.006682,0.010988,-0.076608,0.009576,-9.901584,-9.901885,0,-0.00639,0.00213,99427.24,25.68,-0.072618
1759.017863,0.011181,-0.079002,0.026334,-9.858492,-9.858844,0.003195,-0.003195,0.00213,99427.24,25.68,-0.029577
1759.02906,0.011197,-0.074214,0.004788,-9.884826,-9.885106,0.001065,-0.00426,0.003195,99427.24,25.68,-0.055839
1759.040263,0.011204,-0.098154,0.004788,-9.889614,-9.890102,0.001065,-0.00639,0,99427.24,25.68,-0.060835
1759.051467,0.011204,-0.067032,0.019152,-9.858492,-9.858738,0,-0.007455,0.001065,99427.24,25.68,-0.029471
1759.062594,0.011126,-0.088578,0.033516,-9.829764,-9.83022,-0.00213,-0.007455,0.001065,99427.17,25.68,-0.000953
1759.07376,0.011167,-0.05985,0.007182,-9.856098,-9.856282,0.00213,-0.003195,-0.001065,99427.17,25.68,-0.027015
1759.08501,0.011249,-0.076608,0.040698,-9.808218,-9.808602,0.001065,-0.00639,0.00213,99427.17,25.68,0.020665
1759.096218,0.011208,-0.062244,0.043092,-9.836946,-9.837237,0,-0.00639,0.001065,99427.17,25.68,-0.00797
1759.107371,0.011153,-0.05985,0.004788,-9.817794,-9.817978,0.001065,-0.00426,0.00213,99427.17,25.68,0.011289
1759.118566,0.011196,-0.052668,0.009576,-9.824976,-9.825122,0.00213,-0.00426,0.001065,99427.16,25.68,0.004145
1759.129787,0.011221,-0.052668,0.002394,-9.820188,-9.82033,0.00426,-0.00639,0.00213,99427.16,25.68,0.008937
1759.140874,0.011086,-0.112518,0,-9.829764,-9.830408,0.003195,-0.00639,0.00426,99427.16,25.68,-0.001141
1759.152095,0.011221,-0.04788,0.021546,-9.808218,-9.808359,0.001065,-0.005325,0.00213,99427.16,25.68,0.020908
1759.163283,0.011188,-0.08379,-0.016758,-9.834552,-9.834923,0.003195,-0.00213,0.003195,99427.16,25.68,-0.005656
1759.174908,0.011624,-0.069426,0.002394,-9.85131,-9.851555,0.00213,-0.00639,0.001065,99427.16,25.68,-0.022288
1759.185757,0.010849,-0.105336,0.016758,-9.83934,-9.839918,-0.00213,-0.00426,0.00213,99427.09,25.68,-0.010651
1759.196839,0.011083,-0.081396,0,-9.894402,-9.894737,-0.001065,-0.00426,0.001065,99427.09,25.68,-0.06547
1759.208092,0.011252,-0.074214,0.019152,-9.877644,-9.877941,0.00213,-0.00639,0.00213,99427.09,25.68,-0.048674
1759.219205,0.011114,-0.090972,0.040698,-9.939888,-9.940388,0.00213,-0.00639,0.00426,99427.09,25.68,-0.111121
1759.230428,0.011223,-0.055062,0.02394,-9.89919,-9.899372,0.001065,-0.00426,0.001065,99427.09,25.68,-0.070105
1759.24154,0.011111,-0.09576,0.002394,-9.963828,-9.964288,0.00426,-0.00426,0.001065,99427.09,25.68,-0.135021
1759.252744,0.011205,-0.076608,0.026334,-9.992556,-9.992884,0.00213,-0.005325,0.005325,99427,25.68,-0.163617
1759.264031,0.011287,-0.112518,0.038304,-10.004526,-10.005232,0.00213,-0.00426,0.003195,99427,25.68,-0.175965
1759.275273,0.011241,-0.081396,0.014364,-9.992556,-9.992898,0.00213,-0.00426,0.001065,99427,25.68,-0.163631
1759.286288,0.011016,-0.086184,0.009576,-10.021284,-10.021659,0.001065,-0.00426,0,99427,25.68,-0.192392
1759.297503,0.011215,-0.102942,0.028728,-10.045224,-10.045793,0.00213,-0.00639,0.00213,99427,25.68,-0.216526
1759.308689,0.011186,-0.117306,0.01197,-10.073952,-10.074642,0.001065,-0.005325,0.001065,99427,25.68,-0.245375
1759.320189,0.0115,-0.069426,-0.004788,-10.04283,-10.043071,0.001065,-0.005325,0.00213,99427,25.68,-0.213804
1759.331048,0.010858,-0.08379,0.014364,-10.076346,-10.076705,0.00213,-0.005325,0.001065,99427,25.68,-0.247438
1759.342246,0.011199,-0.081396,0.028728,-10.061982,-10.062352,0.001065,-0.007455,0.003195,99427,25.68,-0.233085
1759.353432,0.011186,-0.052668,-0.021546,-10.081134,-10.081295,0.00213,-0.003195,0.001065,99427,25.68,-0.252028
1759.36459,0.011157,-0.07182,0.014364,-10.085922,-10.086188,0.001065,-0.005325,0.00213,99427,25.68,-0.256921
1759.376073,0.011483,-0.088578,0.019152,-10.061982,-10.06239,0.001065,-0.005325,0.00213,99426.96,25.68,-0.233123
1759.386974,0.010901,-0.045486,-0.026334,-10.064376,-10.064513,0.001065,-0.007455,0,99426.96,25.68,-0.235246
1759.39819,0.011216,-0.088578,0.004788,-10.059588,-10.059979,0,-0.005325,0.00213,99426.96,25.68,-0.230712
1759.409313,0.011123,-0.031122,-0.033516,-10.069164,-10.069268,0.00213,-0.00639,0.00213,99426.96,25.68,-0.240001
1759.420486,0.011173,-0.074214,-0.002394,-10.069164,-10.069438,0.003195,-0.007455,0.00426,99426.96,25.68,-0.240171
1759.431778,0.011292,-0.076608,0.01197,-10.069164,-10.069463,0.003195,-0.00426,0.00213,99426.96,25.68,-0.240196
1759.443007,0.011229,-0.07182,0.009576,-10.076346,-10.076606,0.00213,-0.00639,0.001065,99426.96,25.68,-0.247339
1759.454192,0.011185,-0.067032,-0.016758,-10.088316,-10.088553,0.00213,-0.005325,0.00213,99426.96,25.68,-0.259286
1759.465322,0.011131,-0.093366,0.033516,-10.076346,-10.076834,0.001065,-0.005325,0.003195,99426.96,25.68,-0.247567
1759.476431,0.011108,-0.081396,-0.002394,-10.071558,-10.071887,0.00213,-0.003195,0.003195,99426.96,25.68,-0.24262
1759.48773,0.011299,-0.086184,0.004788,-10.069164,-10.069534,0.00213,-0.007455,0.001065,99426.96,25.68,-0.240267
1759.498912,0.011182,-0.117306,0.033516,-10.059588,-10.060328,0.001065,-0.005325,0,99426.96,25.68,-0.231061
1759.509984,0.011072,-0.067032,0.007182,-10.10268,-10.102905,0.001065,-0.005325,0.003195,99427,25.68,-0.273638
1759.521305,0.011321,-0.112518,0.033516,-10.097892,-10.098574,0.003195,-0.007455,0.00213,99427,25.68,-0.269307
1759.532753,0.011448,-0.098154,0.026334,-10.100286,-10.100797,0.001065,-0.003195,0.00213,99427,25.68,-0.27153
1759.543532,0.010779,-0.10773,0.038304,-10.129014,-10.129659,0,-0.00852,0,99427,25.68,-0.300392
1759.554793,0.011261,-0.122094,0.03591,-10.124226,-10.125026,0.001065,-0.00639,0.00213,99427,25.68,-0.295759
1759.565905,0.011112,-0.100548,0,-10.10268,-10.10318,0.00213,-0.00426,0.001065,99427.06,25.68,-0.273913
1759.57714,0.011235,-0.105336,0.021546,-10.124226,-10.124797,0.00426,-0.007455,0.001065,99427.06,25.68,-0.29553
1759.588521,0.011381,-0.090972,0.014364,-10.119438,-10.119857,-0.00213,-0.00426,0.001065,99427.06,25.68,-0.29059
1759.599471,0.01095,-0.093366,-0.009576,-10.124226,-10.124661,0.00213,-0.00213,0.001065,99427.06,25.68,-0.295394
1759.610867,0.011396,-0.079002,0.007182,-10.105074,-10.105385,0.001065,-0.003195,0.001065,99427.06,25.68,-0.276118
1759.621969,0.011101,-0.098154,-0.007182,-10.136196,-10.136674,0.001065,-0.007455,0.001065,99427.06,25.68,-0.307407
1759.633056,0.011088,-0.076608,-0.009576,-10.117044,-10.117339,0.00213,-0.007455,0.00213,99427.06,25.68,-0.288072
1759.644381,0.011325,-0.069426,0.004788,-10.109862,-10.110102,0.001065,-0.001065,0.00213,99427.06,25.68,-0.280835
1759.655603,0.011222,-0.081396,-0.002394,-10.148166,-10.148493,0.00426,-0.005325,0.001065,99427.06,25.68,-0.319226
1759.666553,0.01095,-0.086184,0.026334,-10.169712,-10.170111,0.001065,-0.005325,0.001065,99427.06,25.68,-0.340844
1759.677756,0.011203,-0.102942,-0.026334,-10.145772,-10.146328,0.00213,-0.00426,0.001065,99427.06,25.68,-0.317061
1759.688978,0.011222,-0.069426,0.002394,-10.148166,-10.148404,0,-0.00426,0.00213,99427.06,25.68,-0.319137
1759.7004,0.011422,-0.055062,-0.016758,-10.160136,-10.160299,0.003195,-0.00426,0.003195,99427.11,25.68,-0.331032
1759.711455,0.011055,-0.043092,0.016758,-10.157742,-10.157847,0.001065,-0.00639,0.00213,99427.11,25.68,-0.32858
1759.722561,0.011106,-0.07182,0.014364,-10.1745,-10.174764,0.00213,-0.005325,0.003195,99427.11,25.68,-0.345497
1759.733711,0.01115,-0.081396,0.009576,-10.167318,-10.167648,0.001065,-0.007455,0,99427.11,25.68,-0.338381
1759.744932,0.01122,-0.088578,0.004788,-10.179288,-10.179675,0,-0.00639,0.00213,99427.11,25.68,-0.350408
1759.756275,0.011343,-0.08379,0.038304,-10.184076,-10.184493,0.00426,-0.005325,0.001065,99427.11,25.68,-0.355226
1759.767539,0.011264,-0.04788,0.02394,-10.224774,-10.224914,0.00213,-0.007455,0.00213,99427.08,25.68,-0.395647
1759.778544,0.011005,-0.086184,0.004788,-10.231956,-10.23232,0.003195,-0.005325,0.003195,99427.08,25.68,-0.403053
1759.789614,0.01107,-0.074214,0.014364,-10.217592,-10.217872,0.003195,-0.007455,0.00213,99427.08,25.68,-0.388605
1759.800775,0.011161,-0.093366,0.016758,-10.191258,-10.191699,0.00426,-0.005325,0,99427.08,25.68,-0.362432
1759.812013,0.011239,-0.088578,-0.009576,-10.24632,-10.246707,0,-0.00639,-0.001065,99427.08,25.68,-0.41744
1759.823211,0.011198,-0.114912,0.007182,-10.267866,-10.268512,0.001065,-0.005325,0.003195,99427.01,25.68,-0.439245
1759.834441,0.01123,-0.08379,0.019152,-10.284624,-10.284983,0.003195,-0.00426,0,99427.01,25.68,-0.455716
1759.845516,0.011075,-0.08379,0.009576,-10.260684,-10.261031,0.00213,-0.00639,0.00213,99427.01,25.68,-0.431764
1759.856777,0.01126,-0.076608,-0.009576,-10.277442,-10.277732,0,-0.005325,0.001065,99427.01,25.68,-0.448465
1759.868005,0.011228,-0.08379,0.002394,-10.277442,-10.277784,0.00213,-0.00639,0.00426,99427.01,25.68,-0.448517
1759.879068,0.011063,-0.102942,0.02394,-10.301382,-10.301924,0.00213,-0.003195,0.00213,99427.01,25.68,-0.472657
1759.890352,0.011284,-0.079002,0.002394,-10.277442,-10.277746,0.00213,-0.005325,0.00213,99427.06,25.68,-0.448479
1759.901452,0.011099,-0.093366,-0.004788,-10.28223,-10.282655,0.00213,-0.00639,0.001065,99427.06,25.68,-0.453388
1759.912723,0.011272,-0.07182,0.01197,-10.287018,-10.287276,0.001065,-0.00639,0.003195,99427.06,25.68,-0.458009
1759.923877,0.011153,-0.102942,0,-10.298988,-10.299502,-0.001065,-0.00426,0.00426,99427.06,25.68,-0.470235
1759.935086,0.011209,-0.074214,-0.004788,-10.320534,-10.320802,0.003195,-0.003195,0.003195,99427.06,25.68,-0.491535
1759.946207,0.011121,-0.081396,0.004788,-10.298988,-10.299311,0.003195,-0.005325,0.003195,99427.06,25.68,-0.470044
1759.95797,0.011763,-0.090972,0.021546,-10.327716,-10.328139,0.00213,-0.00639,0.001065,99427.06,25.68,-0.498872
1759.968723,0.010754,-0.08379,-0.002394,-10.33011,-10.33045,0,-0.005325,0.00213,99427.06,25.68,-0.501183
1759.97991,0.011187,-0.074214,0.016758,-10.298988,-10.299269,0.00213,-0.003195,0.00213,99427.06,25.68,-0.470002
1759.990966,0.011056,-0.074214,0.014364,-10.332504,-10.332781,0.003195,-0.005325,0.00213,99427.06,25.68,-0.503514
1760.002122,0.011156,-0.098154,0.016758,-10.332504,-10.332984,-0.001065,-0.003195,-0.001065,99427.06,25.68,-0.503717
1760.013277,0.011155,-0.062244,0.009576,-10.349262,-10.349454,0.00213,-0.005325,0.00213,99426.96,25.68,-0.520187
1760.024978,0.011702,-0.090972,0.031122,-10.33011,-10.330557,0.00213,-0.00426,0.001065,99426.96,25.68,-0.50129
1760.035749,0.01077,-0.08379,0.007182,-10.349262,-10.349604,0.00213,-0.00426,0.00213,99426.96,25.68,-0.520337
1760.046865,0.011116,-0.069426,0.007182,-10.332504,-10.33274,0.00213,-0.00426,0.001065,99426.96,25.68,-0.503473
1760.058071,0.011206,-0.052668,-0.01197,-10.339686,-10.339827,0.001065,-0.00639,0.001065,99426.96,25.68,-0.51056
1760.069442,0.011372,-0.079002,-0.007182,-10.370808,-10.371111,0.00213,-0.005325,0.00213,99426.96,25.68,-0.541844
1760.08053,0.011088,-0.04788,0.007182,-10.373202,-10.373315,0,-0.00426,0.00213,99426.9,25.68,-0.544048
1760.091693,0.011163,-0.062244,0,-10.356444,-10.356631,0.00213,-0.005325,0.003195,99426.9,25.68,-0.527364
1760.102819,0.011126,-0.08379,0.014364,-10.344474,-10.344823,0.00213,-0.005325,0.00426,99426.9,25.68,-0.515556
1760.112922,0.010103,-0.076608,0.021546,-10.344474,-10.34478,0.00213,-0.00639,0.003195,99426.9,25.68,-0.515513
1760.123004,0.010082,-0.079002,0.028728,-10.349262,-10.349603,0.003195,-0.00639,0.001065,99426.9,25.68,-0.520336
1760.133105,0.010101,-0.074214,0.004788,-10.337292,-10.33756,0.00213,-0.005325,0.005325,99426.9,25.68,-0.508293
1760.143206,0.010101,-0.086184,0.014364,-10.339686,-10.340055,0.001065,-0.00639,0.003195,99426.9,25.68,-0.510788
1760.1533,0.010094,-0.093366,0.021546,-10.33011,-10.330554,0,-0.007455,0.00426,99427.01,25.68,-0.501287
1760.163383,0.010084,-0.102942,0.014364,-10.351656,-10.352178,0.001065,-0.007455,0.003195,99427.01,25.68,-0.522911
1760.173605,0.010221,-0.098154,0.026334,-10.327716,-10.328216,0.00426,-0.00639,0.00426,99427.01,25.68,-0.498949
1760.18369,0.010086,-0.098154,0.031122,-10.31814,-10.318654,0,-0.005325,0,99427.01,25.68,-0.489387
1760.193783,0.010092,-0.05985,0.009576,-10.313352,-10.31353,-0.001065,-0.00426,0.00213,99427.01,25.68,-0.484263
1760.204052,0.010269,-0.105336,0.03591,-10.327716,-10.328316,0.001065,-0.005325,0.00426,99427.01,25.68,-0.499049
1760.214854,0.010802,-0.110124,0.026334,-10.289412,-10.290035,0.003195,-0.003195,0.001065,99426.92,25.68,-0.460768
1760.225828,0.010974,-0.07182,0.021546,-10.298988,-10.299261,0,-0.00426,0.001065,99426.92,25.68,-0.469994
1760.236956,0.011128,-0.110124,0.038304,-10.313352,-10.314011,0.00213,-0.003195,0,99426.92,25.68,-0.484744
1760.248289,0.011333,-0.045486,0.031122,-10.315746,-10.315893,0,-0.003195,0.00213,99426.92,25.68,-0.486626
1760.259398,0.011108,-0.08379,0.033516,-10.287018,-10.287414,0.00213,-0.00852,0.00213,99426.92,25.68,-0.458147
1760.270721,0.011324,-0.057456,0.009576,-10.2942,-10.294365,0,-0.005325,0.00426,99426.9,25.68,-0.465098
1760.281732,0.011011,-0.07182,0.031122,-10.287018,-10.287316,0.001065,-0.00426,-0.001065,99426.9,25.68,-0.458049
1760.292886,0.011153,-0.050274,0.019152,-10.301382,-10.301522,0.00213,-0.00639,0.00213,99426.9,25.68,-0.472255
1760.304097,0.011211,-0.076608,-0.004788,-10.315746,-10.316032,0.00426,-0.005325,0.003195,99426.9,25.68,-0.486765
1760.315371,0.011274,-0.074214,0.021546,-10.301382,-10.301672,0.003195,-0.00639,0.00213,99426.9,25.68,-0.472405
1760.326757,0.011386,-0.067032,-0.009576,-10.322928,-10.32315,0,-0.00426,0.003195,99426.9,25.68,-0.493883
1760.33764,0.010883,-0.076608,0.019152,-10.28223,-10.282533,0.003195,-0.00639,0,99426.9,25.68,-0.453266
1760.348823,0.011183,-0.076608,-0.002394,-10.310958,-10.311243,0.00213,-0.005325,0.001065,99426.9,25.68,-0.481976
1760.360139,0.011316,-0.098154,0.031122,-10.30617,-10.306684,0.003195,-0.007455,0.001065,99426.9,25.68,-0.477417
1760.371272,0.011133,-0.062244,0.01197,-10.33011,-10.330304,-0.001065,-0.005325,0.001065,99426.9,25.68,-0.501037
1760.38242,0.011147,-0.076608,0.007182,-10.31814,-10.318427,-0.001065,-0.00639,0.00426,99426.9,25.68,-0.48916
1760.393571,0.011151,-0.081396,0.031122,-10.310958,-10.311326,0.00213,-0.00639,0.003195,99426.9,25.68,-0.482059
1760.404746,0.011176,-0.086184,0.052668,-10.344474,-10.344967,0.00213,-0.005325,0.00426,99426.74,25.68,-0.5157
1760.415997,0.011251,-0.090972,0.01197,-10.298988,-10.299397,0.00213,-0.007455,0.00213,99426.74,25.68,-0.47013
1760.427224,0.011226,-0.100548,0.028728,-10.327716,-10.328245,0.003195,-0.00639,0.003195,99426.74,25.68,-0.498978
1760.438363,0.011139,-0.1197,0.019152,-10.303776,-10.304489,0.00213,-0.005325,0.00213,99426.74,25.68,-0.475222
1760.449574,0.011212,-0.086184,0.004788,-10.308564,-10.308925,0,-0.00639,-0.001065,99426.74,25.68,-0.479658
1760.460713,0.011139,-0.093366,0.01197,-10.298988,-10.299418,0.001065,-0.005325,0.001065,99426.74,25.68,-0.470151
1760.471979,0.011266,-0.090972,0.014364,-10.34208,-10.34249,-0.001065,-0.005325,0.00213,99426.6,25.68,-0.513223
1760.483091,0.011112,-0.090972,0.007182,-10.310958,-10.311362,0,-0.00639,0.003195,99426.6,25.68,-0.482095
1760.494373,0.011282,-0.090972,0.038304,-10.31814,-10.318612,0.00213,-0.00426,0,99426.6,25.68,-0.489345
1760.505384,0.011011,-0.098154,0.002394,-10.296594,-10.297062,0.001065,-0.003195,0.00213,99426.6,25.68,-0.467795
1760.516605,0.011221,-0.09576,0.007182,-10.334898,-10.335344,0.003195,-0.007455,0.003195,99426.6,25.68,-0.506077
1760.527974,0.011369,-0.076608,0.002394,-10.325322,-10.325606,0,-0.007455,0.00213,99426.37,25.68,-0.496339
1760.539019,0.011045,-0.102942,0.002394,-10.296594,-10.297109,0.001065,-0.00639,0.00213,99426.37,25.68,-0.467842
1760.550186,0.011167,-0.076608,-0.01197,-10.322928,-10.323219,0.001065,-0.003195,0.00213,99426.37,25.68,-0.493952
1760.561346,0.011161,-0.088578,0.014364,-10.30617,-10.306561,0.003195,-0.00639,0,99426.37,25.68,-0.477294
1760.572501,0.011154,-0.064638,-0.007182,-10.325322,-10.325527,0.00213,-0.003195,0.003195,99426.37,25.68,-0.49626
1760.583752,0.011252,-0.067032,-0.033516,-10.322928,-10.3232,0.001065,-0.005325,0.00213,99426.37,25.68,-0.493933
1760.595028,0.011276,-0.074214,0.028728,-10.334898,-10.335204,0.00213,-0.00213,-0.001065,99426.13,25.68,-0.505937
1760.60608,0.011052,-0.069426,0.007182,-10.327716,-10.327952,0.00213,-0.00639,0.00213,99426.13,25.68,-0.498685
1760.617274,0.011194,-0.090972,0.028728,-10.322928,-10.323369,0.00213,-0.00426,0.001065,99426.13,25.68,-0.494102
1760.62843,0.011156,-0.033516,0.004788,-10.34208,-10.342135,0.003195,-0.00213,-0.001065,99426.13,25.68,-0.512868
1760.639652,0.011222,-0.086184,0.026334,-10.31814,-10.318534,0.00213,-0.007455,0.001065,99426.13,25.68,-0.489267
1760.650793,0.011141,-0.08379,0.028728,-10.315746,-10.316126,0.001065,-0.00213,0.00213,99426.13,25.68,-0.486859
1760.662037,0.011244,-0.062244,0.009576,-10.320534,-10.320726,0.003195,-0.005325,0.00213,99426.13,25.68,-0.491459
1760.673173,0.011135,-0.069426,0,-10.298988,-10.299222,0.00213,-0.005325,0.005325,99426.13,25.68,-0.469955
1760.68437,0.011198,-0.064638,-0.016758,-10.346868,-10.347083,0.00213,-0.00852,0.001065,99426.13,25.68,-0.517816
1760.695748,0.011378,-0.088578,0.021546,-10.315746,-10.316149,0,-0.003195,-0.00213,99426.13,25.68,-0.486882
1760.706814,0.011065,-0.057456,0.002394,-10.334898,-10.335058,0.00213,-0.005325,0.00426,99426.13,25.68,-0.505791
1760.717946,0.011133,-0.110124,-0.002394,-10.332504,-10.333091,0.001065,-0.007455,0.00213,99425.97,25.68,-0.503824
1760.729086,0.011139,-0.093366,0,-10.339686,-10.340108,0.001065,-0.005325,0,99425.97,25.68,-0.510841
1760.740283,0.011197,-0.079002,-0.004788,-10.332504,-10.332807,0.00426,-0.005325,0.003195,99425.97,25.68,-0.50354
1760.751554,0.011271,-0.09576,0.007182,-10.325322,-10.325769,0.00213,-0.00639,0.00213,99425.97,25.68,-0.496502
1760.762756,0.011202,-0.07182,0.007182,-10.34208,-10.342332,0,-0.00426,0.001065,99425.97,25.68,-0.513065
1760.774631,0.011875,-0.09576,0.01197,-10.337292,-10.337742,0.00213,-0.005325,0.00213,99425.97,25.68,-0.508475
1760.785009,0.010378,-0.07182,-0.02394,-10.334898,-10.335175,0.00213,-0.00426,0,99425.83,25.68,-0.505908
1760.796254,0.011245,-0.081396,-0.004788,-10.303776,-10.304099,0.001065,-0.00639,0.00426,99425.83,25.68,-0.474832
1760.807417,0.011163,-0.08379,0.014364,-10.337292,-10.337642,0.00213,-0.00639,0.00426,99425.83,25.68,-0.508375
1760.818615,0.011198,-0.07182,0.02394,-10.334898,-10.335175,0.00213,-0.005325,0,99425.83,25.68,-0.505908
1760.829753,0.011138,-0.090972,-0.01197,-10.287018,-10.287427,0.00213,-0.00426,0.00426,99425.83,25.68,-0.45816
1760.840945,0.011191,-0.08379,-0.02394,-10.339686,-10.340053,0.00213,-0.00426,0.00213,99425.83,25.68,-0.510786
1760.852185,0.011241,-0.086184,0.026334,-10.320534,-10.320927,-0.001065,-0.003195,0.001065,99425.56,25.68,-0.49166
1760.863429,0.011244,-0.079002,0.021546,-10.31814,-10.318465,0.003195,-0.00426,0.00213,99425.56,25.68,-0.489198
1760.874593,0.011164,-0.076608,0.031122,-10.30617,-10.306502,0,-0.005325,0.001065,99425.56,25.68,-0.477235
1760.885701,0.011108,-0.102942,0.028728,-10.33011,-10.330663,0.001065,-0.003195,0.00213,99425.56,25.68,-0.501396
1760.896875,0.011174,-0.098154,0.031122,-10.322928,-10.323442,0,-0.00639,0.003195,99425.56,25.68,-0.494175
1760.90812,0.011245,-0.057456,0.04788,-10.320534,-10.320805,0.003195,-0.005325,0.003195,99425.56,25.68,-0.491538
1760.919286,0.011165,-0.064638,0.014364,-10.334898,-10.33511,0.00213,-0.007455,0.001065,99425.4,25.68,-0.505843
1760.930484,0.011198,-0.064638,0.028728,-10.344474,-10.344716,0.001065,-0.005325,-0.001065,99425.4,25.68,-0.515449
1760.941621,0.011137,-0.052668,-0.002394,-10.344474,-10.344608,0.001065,-0.005325,0.003195,99425.4,25.68,-0.515341
1760.952815,0.011194,-0.09576,0.021546,-10.303776,-10.304243,0.00213,-0.005325,0.00213,99425.4,25.68,-0.474976
1760.964097,0.011282,-0.062244,-0.004788,-10.320534,-10.320723,0.00426,-0.00639,0.00426,99425.4,25.68,-0.491456
1760.976229,0.012132,-0.122094,0.057456,-10.31814,-10.319022,0.003195,-0.005325,0,99425.4,25.68,-0.489755
1760.986392,0.010163,-0.04788,-0.009576,-10.31814,-10.318256,0,-0.001065,0.001065,99425.4,25.68,-0.488989
1760.997529,0.011137,-0.038304,0.002394,-10.346868,-10.346939,0.00213,-0.00852,0.001065,99425.4,25.68,-0.517672
1761.008698,0.011169,-0.057456,0.007182,-10.344474,-10.344636,0.003195,-0.00426,0.001065,99425.4,25.68,-0.515369
1761.019932,0.011234,-0.062244,0.014364,-10.310958,-10.311156,0.00213,-0.00426,0.003195,99425.4,25.68,-0.481889
1761.031332,0.0114,-0.074214,0.021546,-10.320534,-10.320823,0.003195,-0.00852,-0.001065,99425.4,25.68,-0.491556
1761.042407,0.011075,-0.09576,-0.004788,-10.310958,-10.311404,0.001065,-0.00426,0.003195,99425.05,25.68,-0.482137
1761.053467,0.011061,-0.124488,0.040698,-10.308564,-10.309396,0.001065,-0.00852,0.001065,99425.05,25.68,-0.480129
1761.064635,0.011167,-0.074214,-0.004788,-10.296594,-10.296863,0.00213,-0.00426,0,99425.05,25.68,-0.467596
1761.075893,0.011258,-0.067032,-0.01197,-10.30617,-10.306395,0.00213,-0.00639,0.001065,99425.05,25.68,-0.477128
1761.087093,0.0112,-0.086184,0.004788,-10.33011,-10.330471,0,-0.005325,0.003195,99425.05,25.68,-0.501204
1761.098229,0.011136,-0.10773,0.014364,-10.339686,-10.340257,0.00213,-0.007455,0.001065,99425.05,25.68,-0.51099
1761.109507,0.011278,-0.105336,0.01197,-10.298988,-10.299534,0.001065,-0.003195,0.001065,99424.78,25.68,-0.470267
1761.120552,0.011045,-0.079002,0.014364,-10.320534,-10.320846,0.00213,-0.00426,0.003195,99424.78,25.68,-0.491579
1761.131886,0.011334,-0.079002,0,-10.327716,-10.328018,0.001065,-0.007455,0.001065,99424.78,25.68,-0.498751
1761.14293,0.011045,-0.079002,0.026334,-10.34208,-10.342415,-0.001065,-0.00426,0.001065,99424.78,25.68,-0.513148
1761.154202,0.011272,-0.086184,0.016758,-10.332504,-10.332877,0,-0.00639,0.003195,99424.78,25.68,-0.50361
1761.165395,0.011192,-0.110124,-0.009576,-10.337292,-10.337883,0.00213,-0.00213,0.001065,99424.78,25.68,-0.508616
1761.176711,0.011316,-0.045486,0.009576,-10.33011,-10.330215,0.003195,-0.00639,0.001065,99424.33,25.68,-0.500948
1761.18775,0.011039,-0.08379,0.019152,-10.31814,-10.318498,0.001065,-0.00426,0.001065,99424.33,25.68,-0.489231
1761.198888,0.011138,-0.069426,-0.02394,-10.334898,-10.335159,0,-0.00639,0.001065,99424.33,25.68,-0.505892
1761.210027,0.011139,-0.112518,0.014364,-10.322928,-10.323551,-0.001065,-0.007455,0.00213,99424.33,25.68,-0.494284
1761.221231,0.011204,-0.064638,-0.004788,-10.356444,-10.356647,0.001065,-0.00426,0.003195,99424.33,25.68,-0.52738
1761.231314,0.010083,-0.100548,-0.021546,-10.339686,-10.340197,0.00213,-0.00639,0,99423.92,25.68,-0.51093
1761.241403,0.010089,-0.08379,0.016758,-10.322928,-10.323282,0.00213,-0.00639,0.00213,99423.92,25.68,-0.494015
1761.25158,0.010178,-0.08379,-0.004788,-10.34208,-10.342421,0,-0.00426,0.003195,99423.92,25.68,-0.513154
1761.261745,0.010164,-0.05985,-0.016758,-10.33011,-10.330297,0.001065,-0.007455,0.00426,99423.92,25.68,-0.50103
1761.271837,0.010092,-0.090972,0.009576,-10.337292,-10.337697,0.00213,-0.00426,0.003195,99423.92,25.68,-0.50843
1761.281945,0.010108,-0.043092,-0.002394,-10.337292,-10.337382,0.00213,-0.005325,0.003195,99423.92,25.68,-0.508115
1761.292053,0.010109,-0.088578,0.02394,-10.327716,-10.328124,0.00213,-0.007455,0.00426,99423.92,25.68,-0.498857
1761.302278,0.010225,-0.076608,0.009576,-10.313352,-10.313641,0.00213,-0.007455,0.00213,99423.58,25.68,-0.484374
1761.312421,0.010143,-0.08379,0.02394,-10.349262,-10.349629,-0.00213,-0.009585,0.001065,99423.58,25.68,-0.520362
1761.322725,0.010303,-0.064638,0.002394,-10.320534,-10.320737,0.003195,-0.00213,0.001065,99423.58,25.68,-0.49147
1761.333241,0.010516,-0.105336,0.05985,-10.327716,-10.328427,0.00426,-0.009585,0.001065,99423.58,25.68,-0.49916
1761.34433,0.011089,-0.062244,0.045486,-10.303776,-10.304064,0.001065,-0.005325,0.001065,99423.58,25.68,-0.474797
1761.355583,0.011253,-0.08379,-0.002394,-10.334898,-10.335238,0.001065,-0.00639,0.00213,99423.58,25.68,-0.505971
1761.366673,0.01109,-0.08379,0.031122,-10.349262,-10.349648,0.001065,-0.005325,0.00213,99423.58,25.68,-0.520381
1761.377851,0.011178,-0.105336,0.028728,-10.31814,-10.318718,0.00426,-0.005325,0.003195,99423.58,25.68,-0.489451
1761.389123,0.011272,-0.110124,0.028728,-10.31814,-10.318768,0.00213,-0.00639,0.001065,99423.58,25.68,-0.489501
1761.400331,0.011208,-0.050274,0.019152,-10.325322,-10.325462,0,-0.00213,0.001065,99423.58,25.68,-0.496195
1761.411458,0.011127,-0.088578,0,-10.313352,-10.313732,0.003195,-0.009585,0.001065,99423.58,25.68,-0.484465
1761.422604,0.011146,-0.09576,-0.004788,-10.356444,-10.356888,0.00213,-0.00426,0,99423.13,25.68,-0.527621
1761.433754,0.01115,-0.114912,-0.002394,-10.33011,-10.330749,0,-0.00639,0.003195,99423.13,25.68,-0.501482
1761.444909,0.011155,-0.074214,-0.002394,-10.344474,-10.34474,0.003195,-0.003195,0.00213,99423.13,25.68,-0.515473
1761.456154,0.011245,-0.09576,-0.002394,-10.327716,-10.32816,0,-0.00426,0.003195,99423.13,25.68,-0.498893
1761.467317,0.011163,-0.093366,0.004788,-10.344474,-10.344896,0.00213,-0.00639,0.00213,99423.13,25.68,-0.515629
1761.478512,0.011195,-0.07182,-0.031122,-10.337292,-10.337588,0.00213,-0.003195,0.00213,99423.13,25.68,-0.508321
1761.489659,0.011148,-0.098154,0.016758,-10.334898,-10.335378,0.00426,-0.01065,0.00426,99422.77,25.68,-0.506111
1761.50086,0.011201,-0.074214,0.004788,-10.337292,-10.33756,0.00213,-0.00639,0.003195,99422.77,25.68,-0.508293
1761.512179,0.011319,-0.064638,0,-10.296594,-10.296797,0.001065,-0.00852,0.003195,99422.77,25.68,-0.46753
1761.523208,0.011029,-0.08379,0.033516,-10.291806,-10.292202,0,-0.007455,0.003195,99422.77,25.68,-0.462935
1761.534527,0.011319,-0.07182,0.031122,-10.289412,-10.28971,0.003195,-0.003195,0.00213,99422.77,25.68,-0.460443
1761.545594,0.011066,-0.08379,0,-10.272654,-10.272996,0.001065,-0.00639,0.001065,99422.77,25.68,-0.443729
1761.557006,0.011412,-0.055062,-0.019152,-10.296594,-10.296759,0,-0.003195,0.00213,99422.26,25.68,-0.467492
1761.568073,0.011067,-0.062244,-0.019152,-10.239138,-10.239345,0.00213,-0.00639,-0.00213,99422.26,25.68,-0.410078
1761.579295,0.011222,-0.093366,0.002394,-10.275048,-10.275472,0.00213,-0.005325,0,99422.26,25.68,-0.446205
1761.590313,0.011018,-0.079002,0.02394,-10.227168,-10.227501,0.001065,-0.00213,0.001065,99422.26,25.68,-0.398234
1761.601472,0.011159,-0.074214,-0.002394,-10.205622,-10.205892,0,-0.007455,0,99422.26,25.68,-0.376625
1761.612691,0.011218,-0.098154,0.014364,-10.243926,-10.244406,0.001065,-0.00426,0.00213,99421.6,25.68,-0.415139
1761.623928,0.011238,-0.088578,0,-10.219986,-10.22037,-0.001065,-0.00426,0.001065,99421.6,25.68,-0.391103
1761.635214,0.011286,-0.064638,0.019152,-10.19844,-10.198663,0.00213,-0.005325,0.003195,99421.6,25.68,-0.369396
1761.646284,0.01107,-0.110124,0.009576,-10.184076,-10.184676,0,-0.00639,0.00213,99421.6,25.68,-0.355409
1761.657416,0.011132,-0.093366,0.014364,-10.219986,-10.220423,0.00213,-0.00852,0.00213,99421.6,25.68,-0.391156
1761.668605,0.011189,-0.088578,0.016758,-10.181682,-10.182081,0,-0.005325,0.00426,99421.6,25.68,-0.352814
1761.679902,0.011296,-0.057456,0.002394,-10.148166,-10.148329,0.001065,-0.005325,0.003195,99421.6,25.68,-0.319062
1761.69105,0.011148,-0.088578,0.007182,-10.172106,-10.172494,0.003195,-0.00426,0.00426,99421.6,25.68,-0.343227
1761.702208,0.011159,-0.05985,-0.002394,-10.181682,-10.181858,0.00213,-0.005325,0.00213,99421.6,25.68,-0.352591
1761.713334,0.011126,-0.112518,0.03591,-10.172106,-10.172792,0.001065,-0.00426,0.00213,99421.6,25.68,-0.343525
1761.724538,0.011204,-0.069426,0.093366,-10.148166,-10.148833,0.003195,-0.00426,0.003195,99421.6,25.68,-0.319566
1761.735829,0.01129,-0.069426,0.004788,-10.21041,-10.210647,0.003195,-0.00639,0.005325,99421.6,25.68,-0.38138
1761.746928,0.011099,-0.088578,0.064638,-10.15056,-10.151152,0,-0.007455,0.001065,99420.98,25.68,-0.321885
1761.758094,0.011166,-0.064638,0.009576,-10.155348,-10.155558,0.00213,-0.00426,-0.001065,99420.98,25.68,-0.326291
1761.769271,0.011177,-0.057456,0.016758,-10.148166,-10.148342,0.003195,-0.005325,0.00213,99420.98,25.68,-0.319075
1761.780481,0.011209,-0.112518,0.007182,-10.112256,-10.112885,0.005325,-0.00639,0.001065,99420.98,25.68,-0.283618
1761.791671,0.011191,-0.088578,0.040698,-10.140984,-10.141453,0.001065,-0.00852,0.003195,99420.98,25.68,-0.312186
1761.802841,0.01117,-0.098154,0.021546,-10.11465,-10.115149,0.003195,-0.00639,0,99420.39,25.68,-0.285882
1761.814095,0.011254,-0.079002,-0.014364,-10.129014,-10.129332,0.00213,-0.005325,0.00213,99420.39,25.68,-0.300065
1761.825312,0.011218,-0.076608,0.009576,-10.0548,-10.055096,0,-0.00426,0,99420.39,25.68,-0.225829
1761.83645,0.011137,-0.067032,-0.045486,-10.140984,-10.141308,0.003195,-0.00639,0,99420.39,25.68,-0.312041
1761.847608,0.011158,-0.062244,-0.009576,-10.121832,-10.122028,0.001065,-0.005325,0,99420.39,25.68,-0.292761
1761.858766,0.011159,-0.090972,-0.009576,-10.107468,-10.107882,0.00213,-0.005325,0.00213,99420.39,25.68,-0.278615
1761.869983,0.011217,-0.03591,-0.01197,-10.059588,-10.059659,-0.001065,-0.007455,0.001065,99419.82,25.68,-0.230392
1761.881137,0.011154,-0.074214,-0.028728,-10.088316,-10.08863,0.001065,-0.003195,-0.001065,99419.82,25.68,-0.259363
1761.89231,0.011173,-0.05985,-0.028728,-10.093104,-10.093322,0.001065,-0.007455,0.005325,99419.82,25.68,-0.264055
1761.903606,0.011295,-0.098154,0.002394,-10.069164,-10.069643,0.003195,-0.007455,0,99419.82,25.68,-0.240376
1761.914811,0.011205,-0.081396,-0.02394,-10.085922,-10.086279,0,-0.003195,0.00213,99419.82,25.68,-0.257012
1761.925868,0.011057,-0.064638,-0.021546,-10.071558,-10.071788,0.00213,-0.00639,0.003195,99419.82,25.68,-0.242521
1761.93707,0.011202,-0.057456,-0.016758,-10.0548,-10.054978,0.00426,-0.00639,0.00213,99419.18,25.68,-0.225711
1761.948284,0.011214,-0.088578,-0.016758,-10.06677,-10.067174,0,-0.00639,0,99419.18,25.68,-0.237907
1761.959445,0.011161,-0.081396,-0.007182,-10.028466,-10.028799,0.00426,-0.00426,0.00213,99419.18,25.68,-0.199532
1761.970602,0.011157,-0.069426,-0.002394,-10.028466,-10.028707,0.00213,-0.003195,0.00213,99419.18,25.68,-0.19944
1761.981842,0.01124,-0.086184,0.002394,-10.023678,-10.024049,0.00213,-0.005325,-0.001065,99419.18,25.68,-0.194782
1761.993018,0.011176,-0.05985,-0.016758,-10.083528,-10.08372,0,-0.00639,0.00426,99419.18,25.68,-0.254453
1762.004194,0.011176,-0.093366,0.062244,-10.016496,-10.017125,-0.001065,-0.003195,0.003195,99419.18,25.68,-0.187858
1762.015483,0.011289,-0.069426,0.021546,-9.997344,-9.997608,0.003195,-0.003195,0.003195,99419.18,25.68,-0.168341
1762.026573,0.01109,-0.08379,0.021546,-9.99495,-9.995324,0,-0.007455,0.001065,99419.18,25.68,-0.166057
1762.037883,0.011309,-0.090972,0.057456,-9.961434,-9.962015,0.003195,-0.00639,0.00426,99419.18,25.68,-0.132748
1762.048873,0.01099,-0.069426,0.031122,-10.038042,-10.03833,0.001065,-0.00852,0.001065,99419.18,25.68,-0.209063
1762.060177,0.011304,-0.102942,0.055062,-10.050012,-10.05069,0.001065,-0.003195,0.00213,99418.49,25.68,-0.221423
1762.071319,0.011141,-0.110124,0.040698,-10.00692,-10.007609,0.003195,-0.00426,0.00213,99418.49,25.68,-0.178342
1762.082453,0.011134,-0.07182,0.026334,-10.026072,-10.026364,-0.001065,-0.007455,0.003195,99418.49,25.68,-0.197097
1762.093614,0.011162,-0.076608,0.021546,-9.987768,-9.988085,0.00213,-0.003195,-0.001065,99418.49,25.68,-0.158818
1762.104805,0.011191,-0.079002,0.019152,-9.987768,-9.988099,-0.001065,-0.009585,0,99418.49,25.68,-0.158832
1762.116113,0.011308,-0.114912,0.043092,-9.99495,-9.995703,0.001065,-0.007455,0,99418.49,25.68,-0.166436
1762.127245,0.011132,-0.074214,0.02394,-9.97101,-9.971315,-0.001065,-0.00639,0.001065,99417.63,25.68,-0.142048
1762.138449,0.011204,-0.064638,-0.02394,-9.951858,-9.952097,0.00213,-0.00639,0.00213,99417.63,25.68,-0.12283
1762.149588,0.011139,-0.057456,0.026334,-9.973404,-9.973604,-0.001065,-0.00639,0.00213,99417.63,25.68,-0.144337
1762.16075,0.011162,-0.074214,0.014364,-9.966222,-9.966509,0.00213,-0.005325,0.005325,99417.63,25.68,-0.137242
1762.171991,0.011241,-0.090972,-0.038304,-9.961434,-9.961923,0.00213,-0.00426,0,99417.63,25.68,-0.132656
1762.183285,0.011294,-0.043092,0.004788,-9.942282,-9.942377,0.00426,-0.007455,0.00213,99416.88,25.68,-0.11311
1762.194549,0.011264,-0.057456,-0.026334,-9.94707,-9.947271,0,-0.00426,0.00213,99416.88,25.68,-0.118004
1762.20548,0.010931,-0.088578,-0.01197,-9.92313,-9.923533,0.003195,-0.00852,0.005325,99416.88,25.68,-0.094266
1762.216666,0.011185,-0.076608,-0.002394,-9.896796,-9.897093,0.003195,-0.005325,0.001065,99416.88,25.68,-0.067826
1762.227891,0.011226,-0.040698,-0.040698,-9.920736,-9.920903,0.001065,-0.00213,0.001065,99416.88,25.68,-0.091636
1762.239089,0.011198,-0.067032,0,-9.949464,-9.94969,0.00213,-0.00426,0.001065,99416.88,25.68,-0.120423
1762.250284,0.011195,-0.079002,-0.019152,-9.925524,-9.925857,-0.001065,-0.00213,0.001065,99416.21,25.68,-0.09659
1762.261511,0.011226,-0.064638,-0.03591,-9.89919,-9.899466,0.003195,-0.005325,0.001065,99416.21,25.68,-0.070199
1762.272604,0.011093,-0.117306,-0.004788,-9.903978,-9.904674,0.001065,-0.00639,0.001065,99416.21,25.68,-0.075407
1762.283845,0.011241,-0.08379,0.04788,-9.841734,-9.842207,0,-0.005325,0.003195,99416.21,25.68,-0.01294
1762.295115,0.01127,-0.07182,0.009576,-9.872856,-9.873122,0.00213,-0.005325,0,99416.21,25.68,-0.043855
1762.306261,0.011146,-0.081396,0.009576,-9.853704,-9.854045,0.00213,-0.00852,0.00213,99416.21,25.68,-0.024778
1762.317364,0.011102,-0.081396,0.043092,-9.848916,-9.849347,0.003195,-0.00426,0.00213,99416.21,25.68,-0.02008
1762.328532,0.011168,-0.102942,0.004788,-9.872856,-9.873394,0.001065,-0.003195,0.003195,99416.21,25.68,-0.044127
1762.339775,0.011243,-0.076608,0.062244,-9.860886,-9.86138,0.001065,-0.00426,0.00213,99416.21,25.68,-0.032113
1762.350899,0.011124,-0.069426,0.04788,-9.836946,-9.837308,0.00213,-0.005325,0.001065,99416.21,25.68,-0.008041
1762.362293,0.011393,-0.093366,0.055062,-9.889614,-9.890208,0.001065,-0.00639,0.00213,99416.21,25.68,-0.060941
1762.373229,0.010936,-0.045486,0.038304,-9.856098,-9.856277,0.00213,-0.00639,0,99416.21,25.68,-0.02701
1762.384437,0.011208,-0.086184,0.028728,-9.853704,-9.854123,0.00213,-0.00426,0,99415.4,25.68,-0.024856
1762.395667,0.01123,-0.064638,0.052668,-9.856098,-9.856451,0.001065,-0.00639,0,99415.4,25.68,-0.027184
1762.406334,0.010667,-0.07182,0.033516,-9.85131,-9.851629,0.00213,-0.003195,0,99415.4,25.68,-0.022362
1762.416446,0.010112,-0.05985,0.019152,-9.829764,-9.829965,0.00213,-0.00426,0.001065,99415.4,25.68,-0.000698
1762.426526,0.01008,-0.067032,0.004788,-9.82737,-9.8276,0.001065,-0.005325,0,99415.4,25.68,0.001667
1762.436631,0.010105,-0.050274,0.031122,-9.824976,-9.825154,0.001065,-0.00426,0.001065,99415.4,25.68,0.004113
1762.446737,0.010106,-0.040698,-0.014364,-9.836946,-9.837041,0.001065,-0.00639,0.001065,99414.68,25.68,-0.007774
1762.456911,0.010174,-0.088578,-0.028728,-9.82737,-9.827811,0.003195,-0.00639,0.001065,99414.68,25.68,0.001456
1762.467003,0.010092,-0.064638,-0.021546,-9.79146,-9.791697,0,-0.003195,0.00213,99414.68,25.68,0.03757
1762.477107,0.010104,-0.067032,-0.02394,-9.786672,-9.786931,0.001065,-0.003195,0.00213,99414.68,25.68,0.042336
1762.487234,0.010127,-0.076608,-0.009576,-9.789066,-9.78937,0.00213,-0.005325,0.003195,99414.68,25.68,0.039897
1762.497386,0.010153,-0.043092,-0.038304,-9.810612,-9.810781,0.001065,-0.00426,0.001065,99414.68,25.68,0.018486
1762.507531,0.010144,-0.086184,-0.009576,-9.784278,-9.784662,-0.001065,-0.00852,0.00426,99413.85,25.68,0.044605
1762.517679,0.010148,-0.062244,-0.026334,-9.769914,-9.770148,0.00213,-0.005325,0.00213,99413.85,25.68,0.059119
1762.527829,0.01015,-0.076608,-0.038304,-9.76752,-9.767896,-0.001065,-0.00639,0.003195,99413.85,25.68,0.061371
1762.537931,0.010102,-0.055062,0.01197,-9.757944,-9.758107,0.003195,-0.007455,0.003195,99413.85,25.68,0.07116
1762.548021,0.010091,-0.079002,-0.064638,-9.774702,-9.775235,0.00426,-0.005325,0.001065,99413.85,25.68,0.054032
1762.558111,0.010089,-0.088578,0.009576,-9.757944,-9.758351,0,-0.005325,0.001065,99413.85,25.68,0.070916
1762.568173,0.010062,-0.090972,0.019152,-9.753156,-9.753599,0.00213,-0.00639,0.00213,99412.99,25.68,0.075668
1762.578376,0.010203,-0.067032,0.03591,-9.765126,-9.765422,0,-0.00426,0.00426,99412.99,25.68,0.063845
1762.588477,0.010101,-0.114912,-0.009576,-9.762732,-9.763413,0.003195,-0.005325,0,99412.99,25.68,0.065854
1762.598562,0.010085,-0.050274,0,-9.748368,-9.748498,0.00213,-0.003195,0.001065,99412.99,25.68,0.080769
1762.608783,0.010221,-0.105336,0.040698,-9.748368,-9.749022,0.00213,-0.005325,0.003195,99412.99,25.68,0.080245
1762.619565,0.010782,-0.069426,0.016758,-9.73161,-9.731872,0.003195,-0.00426,0.003195,99412.99,25.68,0.097395
1762.630637,0.011072,-0.052668,0.038304,-9.724428,-9.724646,0.001065,-0.00639,0.00213,99412.99,25.68,0.104621
1762.641678,0.011041,-0.05985,0.040698,-9.676548,-9.676819,0.00213,-0.005325,0.001065,99412.99,25.68,0.152448
1762.652868,0.01119,-0.110124,0.040698,-9.700488,-9.701198,0.003195,-0.00639,0.003195,99412.99,25.68,0.128069
1762.664213,0.011345,-0.04788,0.050274,-9.674154,-9.674403,0.001065,-0.005325,0.00213,99412.99,25.68,0.154864
1762.675576,0.011363,-0.081396,0.031122,-9.717246,-9.717637,0.001065,-0.00426,-0.001065,99412.99,25.68,0.11163
1762.686532,0.010956,-0.074214,0.040698,-9.68373,-9.6841,0.00213,-0.00426,0.001065,99412.99,25.68,0.145167
1762.697641,0.011109,-0.040698,0.026334,-9.676548,-9.676669,0,-0.00213,-0.001065,99412.03,25.68,0.152598
1762.708835,0.011194,-0.074214,0.038304,-9.702882,-9.703241,0.001065,-0.00426,0,99412.03,25.68,0.126026
1762.720142,0.011307,-0.067032,-0.004788,-9.698094,-9.698327,-0.001065,-0.005325,-0.001065,99412.03,25.68,0.13094
1762.731257,0.011115,-0.062244,0.026334,-9.6957,-9.695936,0.005325,-0.01065,0.003195,99412.03,25.68,0.133331
1762.742382,0.011125,-0.076608,0.02394,-9.678942,-9.679275,0.001065,-0.007455,0.00213,99412.03,25.68,0.149992
1762.753563,0.011181,-0.062244,-0.016758,-9.631062,-9.631278,0,-0.003195,0.001065,99411.39,25.68,0.197989
1762.764737,0.011174,-0.124488,0.02394,-9.681336,-9.682166,-0.001065,-0.007455,0.00426,99411.39,25.68,0.147101
1762.776061,0.011324,-0.069426,-0.01197,-9.64782,-9.648077,0.003195,-0.00426,0.001065,99411.39,25.68,0.18119
1762.787111,0.01105,-0.076608,-0.021546,-9.626274,-9.626603,0.00213,-0.005325,0.00213,99411.39,25.68,0.202664
1762.798302,0.011191,-0.08379,-0.02394,-9.686124,-9.686516,0.00213,-0.003195,0.001065,99411.39,25.68,0.142751
1762.80973,0.011428,-0.093366,-0.002394,-9.638244,-9.638697,0.003195,-0.00426,0.00213,99411.39,25.68,0.19057
1762.820621,0.01089,-0.086184,-0.03591,-9.650214,-9.650666,0.001065,-0.007455,0.00213,99410.51,25.68,0.178601
1762.831905,0.011284,-0.1197,0,-9.626274,-9.627018,0.001065,-0.00639,0.00213,99410.51,25.68,0.202249
1762.843069,0.011164,-0.05985,-0.028728,-9.62388,-9.624109,0.003195,-0.00426,0.00213,99410.51,25.68,0.205158
1762.854282,0.011214,-0.105336,-0.009576,-9.61191,-9.612492,0.00213,-0.007455,0.003195,99410.51,25.68,0.216775
1762.865346,0.011064,-0.10773,0.014364,-9.585576,-9.586192,0.00213,-0.007455,0.003195,99410.51,25.68,0.243075
1762.876643,0.011297,-0.052668,-0.019152,-9.604728,-9.604891,0.00213,-0.005325,0.00213,99410.51,25.68,0.224376
1762.887894,0.011251,-0.076608,0.026334,-9.614304,-9.614645,0.00213,-0.007455,0.001065,99409.65,25.68,0.214622
1762.899191,0.011297,-0.08379,0.086184,-9.61191,-9.612662,0,-0.007455,0.001065,99409.65,25.68,0.216605
1762.910472,0.01128,-0.07182,0.033516,-9.573606,-9.573934,0.00426,-0.00639,0.001065,99409.65,25.68,0.255333
1762.921276,0.010804,-0.069426,0.031122,-9.571212,-9.571514,0.001065,-0.005325,0.001065,99409.65,25.68,0.257753
1762.932479,0.011203,-0.074214,0.050274,-9.556848,-9.557268,0.00213,-0.00639,0.001065,99409.65,25.68,0.271999
1762.94379,0.011311,-0.055062,0.050274,-9.556848,-9.557139,0.001065,-0.00639,0.001065,99409.65,25.68,0.272128
1762.95502,0.01123,-0.052668,0.026334,-9.537696,-9.537878,0,-0.00426,0.001065,99409.65,25.68,0.291389
1762.966052,0.011032,-0.079002,0.019152,-9.559242,-9.559588,0.001065,-0.00639,0.001065,99409.65,25.68,0.269679
1762.977414,0.011362,-0.07182,0.03591,-9.578394,-9.578731,0.001065,-0.003195,0,99409.65,25.68,0.250536
1762.988421,0.011008,-0.062244,0.040698,-9.544878,-9.545168,0.00213,-0.00639,0.001065,99409.65,25.68,0.284099
1762.999687,0.011265,-0.074214,-0.004788,-9.532908,-9.533198,0.00213,-0.00426,0,99409.65,25.68,0.296069
1763.010836,0.011149,-0.074214,0.004788,-9.54009,-9.54038,0.003195,-0.00639,0.003195,99408.9,25.68,0.288887
1763.02198,0.011145,-0.079002,0.050274,-9.54009,-9.54055,0.001065,-0.005325,-0.001065,99408.9,25.68,0.288717
1763.033137,0.011157,-0.05985,0.009576,-9.508968,-9.509161,0.00213,-0.00426,0.00213,99408.9,25.68,0.320106
1763.044865,0.011727,-0.088578,0.004788,-9.511362,-9.511776,0.001065,-0.00639,0.001065,99408.9,25.68,0.317491
1763.055658,0.010793,-0.067032,-0.019152,-9.482634,-9.48289,0.001065,-0.00426,0,99408.9,25.68,0.346377
1763.06754,0.011882,-0.076608,-0.016758,-9.506574,-9.506897,0,-0.00426,0.00213,99408.9,25.68,0.32237
1763.077912,0.010372,-0.086184,-0.007182,-9.46827,-9.468665,0.001065,-0.00426,0.00213,99408.04,25.68,0.360602
1763.089085,0.011173,-0.067032,-0.009576,-9.501786,-9.502027,0.00213,-0.007455,0.00213,99408.04,25.68,0.32724
1763.100248,0.011164,-0.067032,-0.016758,-9.48024,-9.480492,0.00213,-0.005325,0.001065,99408.04,25.68,0.348775
1763.111624,0.011376,-0.079002,-0.021546,-9.489816,-9.490169,0.00213,-0.00426,0.001065,99408.04,25.68,0.339098
1763.122656,0.011032,-0.076608,-0.004788,-9.446724,-9.447036,0.00213,-0.00639,0.00426,99408.04,25.68,0.382231
1763.133923,0.011267,-0.07182,0,-9.465876,-9.466148,0,-0.005325,0,99408.04,25.68,0.363119
1763.14501,0.011087,-0.055062,0.004788,-9.461088,-9.461249,0.00213,-0.00426,0.005325,99407.16,25.68,0.368018
1763.156339,0.011329,-0.08379,-0.014364,-9.473058,-9.473439,0.00213,-0.00426,0.001065,99407.16,25.68,0.355828
1763.167421,0.011082,-0.10773,-0.021546,-9.461088,-9.461726,0.00213,-0.005325,0.00213,99407.16,25.68,0.367541
1763.178563,0.011142,-0.086184,0.026334,-9.48024,-9.480668,0.003195,-0.00852,0.00426,99407.16,25.68,0.348599
1763.189768,0.011205,-0.057456,-0.002394,-9.44433,-9.444505,0.00213,-0.00426,0.00213,99407.16,25.68,0.384762
1763.200893,0.011125,-0.081396,0.014364,-9.437148,-9.43751,0.00213,-0.005325,0.001065,99407.16,25.68,0.391757
1763.212135,0.011243,-0.090972,0.052668,-9.429966,-9.430552,0.00426,-0.00426,0,99406.24,25.68,0.398715
1763.223297,0.011161,-0.07182,-0.002394,-9.398844,-9.399119,0.00213,-0.005325,0.00213,99406.24,25.68,0.430148
1763.234591,0.011295,-0.086184,0.028728,-9.422784,-9.423222,0.00213,-0.005325,0.001065,99406.24,25.68,0.406045
1763.245618,0.011027,-0.062244,0.040698,-9.415602,-9.415896,0,-0.00426,0.001065,99406.24,25.68,0.413371
1763.256843,0.011225,-0.076608,0.04788,-9.427572,-9.428005,0.00213,-0.007455,0.00213,99406.24,25.68,0.401262
1763.268214,0.011371,-0.074214,0.033516,-9.39645,-9.396803,0.00213,-0.005325,0.003195,99406.24,25.68,0.432464
1763.279506,0.011292,-0.07182,0.016758,-9.389268,-9.389558,-0.00213,-0.00426,0.001065,99406.24,25.68,0.439709
1763.290398,0.010892,-0.03591,0.038304,-9.353358,-9.353505,0,-0.00639,0,99406.24,25.68,0.475762
1763.301546,0.011148,-0.052668,0.019152,-9.413208,-9.413375,0.00213,-0.00426,0.00213,99406.24,25.68,0.415892
1763.312789,0.011243,-0.088578,0.021546,-9.367722,-9.368166,0.00213,-0.00852,0.003195,99406.24,25.68,0.461101
1763.324204,0.011415,-0.045486,0.026334,-9.374904,-9.375051,0.001065,-0.00639,0.001065,99406.24,25.68,0.454216
1763.335284,0.01108,-0.062244,0.004788,-9.382086,-9.382294,0.00213,-0.00852,0.001065,99405.36,25.68,0.446973
1763.346423,0.011139,-0.074214,0.02394,-9.341388,-9.341713,0.001065,-0.00426,0.001065,99405.36,25.68,0.487554
1763.357564,0.011142,-0.05985,-0.004788,-9.327024,-9.327217,0.003195,-0.00639,0,99405.36,25.68,0.50205
1763.368703,0.011139,-0.067032,-0.01197,-9.331812,-9.33206,0.001065,-0.00426,0,99405.36,25.68,0.497207
1763.379887,0.011183,-0.100548,0.019152,-9.319842,-9.320404,0.00213,-0.007455,0,99405.36,25.68,0.508863
1763.391089,0.011202,-0.088578,-0.007182,-9.343782,-9.344205,0.00213,-0.00639,0.00213,99405.36,25.68,0.485062
1763.402516,0.011427,-0.040698,0,-9.317448,-9.317537,0.003195,-0.00852,0.00213,99404.45,25.68,0.51173
1763.413412,0.010896,-0.069426,0.002394,-9.317448,-9.317707,0.00213,-0.00639,0.00213,99404.45,25.68,0.51156
1763.424589,0.011177,-0.090972,-0.016758,-9.334206,-9.334664,0.001065,-0.007455,0.003195,99404.45,25.68,0.494603
1763.435884,0.011295,-0.064638,0.01197,-9.319842,-9.320074,0.00213,-0.00426,0.003195,99404.45,25.68,0.509193
1763.447071,0.011187,-0.076608,0,-9.307872,-9.308187,0.00426,-0.003195,0.00213,99404.45,25.68,0.52108
1763.458284,0.011213,-0.100548,-0.019152,-9.334206,-9.334767,-0.001065,-0.00426,0.001065,99404.45,25.68,0.4945
1763.469398,0.011114,-0.05985,-0.004788,-9.303084,-9.303278,0.001065,-0.005325,0.001065,99403.45,25.68,0.525989
1763.480578,0.01118,-0.093366,-0.014364,-9.30069,-9.30117,-0.001065,-0.00639,0.003195,99403.45,25.68,0.528097
1763.491984,0.011407,-0.079002,-0.01197,-9.30069,-9.301033,0.001065,-0.005325,0.00213,99403.45,25.68,0.528234
1763.502397,0.010412,-0.08379,0.028728,-9.315054,-9.315475,0.00213,-0.00639,0.00213,99403.45,25.68,0.513792
1763.512483,0.010086,-0.050274,-0.009576,-9.295902,-9.296043,0.001065,-0.003195,0.003195,99403.45,25.68,0.533224
1763.52257,0.010087,-0.05985,-0.014364,-9.310266,-9.310469,0.003195,-0.00639,0.003195,99403.45,25.68,0.518798
1763.532698,0.010128,-0.081396,0.031122,-9.338994,-9.339401,0.003195,-0.00852,0.00213,99402.51,25.68,0.489866
1763.542793,0.010095,-0.055062,0.004788,-9.298296,-9.29846,0.003195,-0.005325,0.00639,99402.51,25.68,0.530807
1763.552882,0.010089,-0.09576,0.02394,-9.322236,-9.322759,0,-0.00852,0.001065,99402.51,25.68,0.506508
1763.562987,0.010105,-0.093366,0.033516,-9.343782,-9.344309,0.00213,-0.003195,0.00213,99402.51,25.68,0.484958
1763.573104,0.010117,-0.067032,0.031122,-9.346176,-9.346468,0.00213,-0.00639,0.003195,99402.51,25.68,0.482799
1763.583196,0.010092,-0.088578,0.040698,-9.315054,-9.315564,0.00426,-0.00426,0.003195,99402.51,25.68,0.513703
1763.593299,0.010103,-0.038304,0.028728,-9.367722,-9.367844,0.003195,-0.003195,0.001065,99401.53,25.68,0.461423
1763.603472,0.010174,-0.055062,0.05985,-9.307872,-9.308227,0.003195,-0.00852,0.00426,99401.53,25.68,0.52104
1763.613567,0.010094,-0.07182,0.033516,-9.319842,-9.320179,0.001065,-0.007455,0.003195,99401.53,25.68,0.509088
1763.62365,0.010083,-0.069426,0.009576,-9.346176,-9.346439,0,-0.00426,0.00213,99401.53,25.68,0.482828
1763.633869,0.010219,-0.088578,0.050274,-9.31266,-9.313217,0.00213,-0.007455,0,99401.53,25.68,0.51605
1763.643951,0.010082,-0.045486,0.021546,-9.31266,-9.312796,0.001065,-0.005325,0.001065,99401.53,25.68,0.516471
1763.654216,0.010265,-0.074214,0.028728,-9.346176,-9.346515,0.001065,-0.00426,0.001065,99401.53,25.68,0.482752
1763.664297,0.010081,-0.098154,0.038304,-9.343782,-9.344376,-0.001065,-0.003195,0.001065,99401.53,25.68,0.484891
1763.674387,0.01009,-0.038304,-0.01197,-9.374904,-9.37499,0.001065,-0.005325,0,99401.53,25.68,0.454277
1763.6845,0.010113,-0.069426,0.031122,-9.355752,-9.356061,0,-0.005325,0.001065,99401.53,25.68,0.473206
1763.694602,0.010102,-0.069426,-0.01197,-9.305478,-9.305745,0.003195,-0.00639,0.003195,99401.53,25.68,0.523522
1763.704898,0.010297,-0.052668,-0.016758,-9.350964,-9.351127,0.00213,-0.003195,0.001065,99401.53,25.68,0.47814
1763.715062,0.010164,-0.076608,-0.01197,-9.36054,-9.360861,0.00213,-0.00426,0.00213,99401.53,25.68,0.468406
1763.725174,0.010111,-0.088578,-0.002394,-9.3366,-9.33702,0.00213,-0.00639,0.003195,99400.61,25.68,0.492247
1763.735275,0.010102,-0.062244,-0.002394,-9.329418,-9.329626,0.00213,-0.00426,0.001065,99400.61,25.68,0.499641
1763.745391,0.010115,-0.074214,-0.004788,-9.3366,-9.336896,0.003195,-0.007455,0,99400.61,25.68,0.492371
1763.755585,0.010194,-0.057456,-0.01197,-9.34857,-9.348754,0,-0.00639,0.00213,99400.61,25.68,0.480513
1763.765725,0.010141,-0.038304,-0.031122,-9.358146,-9.358276,0,-0.00639,0,99400.61,25.68,0.470991
1763.77583,0.010105,-0.086184,0.004788,-9.34857,-9.348968,0.003195,-0.005325,0.001065,99400.61,25.68,0.480299
1763.785921,0.010091,-0.043092,-0.040698,-9.343782,-9.34397,0.00213,-0.00213,0.003195,99399.67,25.68,0.485297
1763.796042,0.010121,-0.07182,0.004788,-9.307872,-9.30815,0,-0.007455,0.005325,99399.67,25.68,0.521117
1763.80617,0.010128,-0.067032,0.016758,-9.3366,-9.336856,0.00426,-0.003195,0,99399.67,25.68,0.492411
1763.816605,0.010435,-0.08379,0.002394,-9.32463,-9.325007,0.005325,-0.005325,0.003195,99399.67,25.68,0.50426
1763.826716,0.010111,-0.081396,0.004788,-9.315054,-9.315411,0.001065,-0.00426,0.003195,99399.67,25.68,0.513856
1763.836823,0.010107,-0.062244,-0.016758,-9.338994,-9.339216,0.003195,-0.005325,0.005325,99399.67,25.68,0.490051
1763.846908,0.010085,-0.057456,0.021546,-9.327024,-9.327226,0.001065,-0.005325,0.001065,99398.79,25.68,0.502041
1763.857071,0.010164,-0.079002,0.01197,-9.341388,-9.34173,0.001065,-0.00639,0.00213,99398.79,25.68,0.487537
1763.867158,0.010086,-0.05985,0.028728,-9.303084,-9.303321,0.00213,-0.00639,0.003195,99398.79,25.68,0.525946
1763.877294,0.010136,-0.086184,0.028728,-9.322236,-9.322679,0.00213,-0.00639,0.00213,99398.79,25.68,0.506588
1763.887381,0.010087,-0.08379,0.019152,-9.327024,-9.32742,0.00213,-0.005325,0.00213,99398.79,25.68,0.501847
1763.897493,0.010113,-0.067032,0.019152,-9.319842,-9.320103,0.00213,-0.00639,0.003195,99398.79,25.68,0.509164
1763.907645,0.010152,-0.062244,0.002394,-9.30069,-9.300899,0,-0.005325,0.00213,99398.79,25.68,0.528368
1763.91775,0.010105,-0.09576,0.03591,-9.334206,-9.334766,0,-0.00426,0.001065,99397.97,25.68,0.494501
1763.927848,0.010098,-0.079002,0.014364,-9.303084,-9.303431,0.003195,-0.00426,0,99397.97,25.68,0.525836
1763.93794,0.010092,-0.076608,0.019152,-9.307872,-9.308207,0.003195,-0.007455,0,99397.97,25.68,0.52106
1763.948022,0.010081,-0.076608,0.016758,-9.341388,-9.341717,-0.00213,-0.005325,0,99397.97,25.68,0.48755
1763.958107,0.010086,-0.057456,0.026334,-9.322236,-9.32245,0.00213,-0.007455,0.003195,99397.97,25.68,0.506817
1763.968198,0.010091,-0.07182,0.009576,-9.322236,-9.322518,0.001065,-0.005325,0.003195,99397.97,25.68,0.506749
1763.978541,0.010344,-0.086184,0.045486,-9.341388,-9.341896,0.00213,-0.005325,0.003195,99397.97,25.68,0.487371
1763.988973,0.010432,-0.05985,0.004788,-9.319842,-9.320035,0.003195,-0.005325,0.001065,99397.97,25.68,0.509232
1763.99907,0.010097,-0.086184,0.040698,-9.317448,-9.317935,0.00213,-0.00639,0.00213,99397.97,25.68,0.511332
1764.009175,0.010105,-0.093366,0.033516,-9.334206,-9.334733,0.001065,-0.005325,0.001065,99397.97,25.68,0.494534
1764.019263,0.010088,-0.04788,0.016758,-9.327024,-9.327162,0.00213,-0.00852,0.001065,99397.97,25.68,0.502105
1764.029374,0.01011,-0.074214,0.031122,-9.307872,-9.30822,0,-0.00426,0.001065,99397.97,25.68,0.521047
1764.0395,0.010126,-0.062244,0.007182,-9.322236,-9.322447,0.00213,-0.005325,0.00213,99397.16,25.68,0.50682
1764.049628,0.010128,-0.057456,0.02394,-9.286326,-9.286535,0.001065,-0.00639,-0.00213,99397.16,25.68,0.542732
1764.059753,0.010125,-0.050274,-0.009576,-9.331812,-9.331952,0.00213,-0.00426,0.001065,99397.16,25.68,0.497315
1764.069838,0.010085,-0.081396,0.043092,-9.305478,-9.305934,0.001065,-0.005325,0.001065,99397.16,25.68,0.523333
1764.079954,0.010116,-0.064638,0,-9.310266,-9.31049,0.001065,-0.00426,0.00213,99397.16,25.68,0.518777
1764.090056,0.010102,-0.04788,0,-9.319842,-9.319965,0.001065,-0.00426,0.00213,99397.16,25.68,0.509302
1764.100154,0.010098,-0.098154,0.014364,-9.31266,-9.313188,0.001065,-0.005325,0.001065,99397.16,25.68,0.516079
1764.110355,0.010201,-0.055062,-0.014364,-9.32463,-9.324804,0.003195,-0.005325,0.001065,99396.41,25.68,0.504463
1764.120465,0.01011,-0.093366,0,-9.329418,-9.329885,0.00213,-0.007455,0.003195,99396.41,25.68,0.499382
1764.130733,0.010268,-0.093366,0.016758,-9.353358,-9.353839,0.00213,-0.00639,0.001065,99396.41,25.68,0.475428
1764.140847,0.010114,-0.088578,-0.007182,-9.31266,-9.313084,0.001065,-0.003195,0.00213,99396.41,25.68,0.516183
1764.151637,0.010789,-0.088578,0.016758,-9.291114,-9.291551,0.001065,-0.00852,0.001065,99396.41,25.68,0.537716
1764.162916,0.011279,-0.069426,0.014364,-9.343782,-9.344051,0.001065,-0.005325,0.001065,99396.41,25.68,0.485216
1764.174054,0.011138,-0.079002,0.014364,-9.341388,-9.341733,0.00213,-0.00639,0.00213,99395.42,25.68,0.487534
1764.185137,0.011083,-0.055062,0.004788,-9.295902,-9.296066,0.001065,-0.00639,0.003195,99395.42,25.68,0.533201
1764.196353,0.011216,-0.088578,0.026334,-9.343782,-9.344239,0.001065,-0.005325,-0.001065,99395.42,25.68,0.485028
1764.207543,0.01119,-0.081396,0.019152,-9.317448,-9.317823,0.003195,-0.00639,0.001065,99395.42,25.68,0.511444
1764.218744,0.011201,-0.09576,0.02394,-9.28872,-9.289244,0.00213,-0.00426,-0.001065,99395.42,25.68,0.540023
1764.23002,0.011276,-0.064638,-0.016758,-9.3366,-9.336839,0.00213,-0.005325,0.001065,99395.42,25.68,0.492428
1764.241074,0.011054,-0.081396,0.045486,-9.327024,-9.32749,0,-0.00852,0.00213,99394.56,25.68,0.501777
1764.25226,0.011186,-0.07182,-0.004788,-9.32463,-9.324908,0.00213,-0.00639,0,99394.56,25.68,0.504359
1764.263517,0.011258,-0.081396,0.043092,-9.34857,-9.349024,0.00213,-0.009585,0.001065,99394.56,25.68,0.480243
1764.274795,0.011277,-0.062244,0.019152,-9.30069,-9.300918,0.00426,-0.005325,0.00213,99394.56,25.68,0.528349
1764.285807,0.011013,-0.055062,-0.007182,-9.3366,-9.336765,-0.001065,-0.00639,0,99394.56,25.68,0.492502
1764.297059,0.011252,-0.086184,0.03591,-9.322236,-9.322704,0.003195,-0.007455,0.001065,99393.7,25.68,0.506563
1764.308239,0.01118,-0.038304,-0.019152,-9.319842,-9.31994,-0.00213,-0.003195,0.001065,99393.7,25.68,0.509327
1764.319495,0.011255,-0.102942,0.038304,-9.310266,-9.310914,0.00426,-0.005325,0.00213,99393.7,25.68,0.518353
1764.330553,0.011058,-0.069426,-0.009576,-9.315054,-9.315318,-0.001065,-0.005325,0.00213,99393.7,25.68,0.513949
1764.341776,0.011223,-0.057456,0,-9.317448,-9.317625,-0.001065,-0.007455,0.001065,99393.7,25.68,0.511642
1764.353198,0.011422,-0.050274,-0.009576,-9.329418,-9.329558,0.003195,-0.003195,0.003195,99393.7,25.68,0.499709
1764.364187,0.010989,-0.064638,0.004788,-9.32463,-9.324855,0.001065,-0.00639,0.001065,99393.7,25.68,0.504412
1764.375569,0.011383,-0.050274,0.002394,-9.36054,-9.360675,0.00213,-0.005325,0.003195,99393.7,25.68,0.468592
1764.386495,0.010925,-0.067032,0.014364,-9.269568,-9.269821,0.001065,-0.00639,0.00213,99393.7,25.68,0.559446
1764.397667,0.011172,-0.067032,0.007182,-9.343782,-9.344025,0.001065,-0.003195,0.00213,99393.7,25.68,0.485242
1764.408855,0.011188,-0.088578,0.021546,-9.350964,-9.351408,0.003195,-0.005325,0.00213,99393.7,25.68,0.477859
1764.4201,0.011246,-0.093366,-0.016758,-9.310266,-9.310749,0.00213,-0.005325,0.003195,99393.7,25.68,0.518518
1764.431349,0.011249,-0.08379,0.004788,-9.327024,-9.327402,0.00213,-0.00639,0.00213,99393.09,25.68,0.501865
1764.442493,0.011144,-0.081396,0.019152,-9.32463,-9.325005,0.001065,-0.007455,0.003195,99393.09,25.68,0.504262
1764.453576,0.011083,-0.062244,0.007182,-9.317448,-9.317659,0.00213,-0.009585,0.003195,99393.09,25.68,0.511608
1764.464766,0.01119,-0.050274,-0.016758,-9.3366,-9.33675,0.00426,-0.00639,0.00426,99393.09,25.68,0.492517
1764.476045,0.011279,-0.064638,0.014364,-9.293508,-9.293744,0.001065,-0.009585,0.00213,99393.09,25.68,0.535523
1764.487362,0.011317,-0.067032,0.026334,-9.303084,-9.303363,0.001065,-0.003195,0.003195,99393.09,25.68,0.525904
1764.498394,0.011033,-0.081396,-0.007182,-9.303084,-9.303443,-0.001065,-0.005325,0.00213,99392.44,25.68,0.525824
1764.509526,0.011132,-0.057456,-0.021546,-9.310266,-9.310468,0.00213,-0.001065,0.001065,99392.44,25.68,0.518799
1764.520719,0.011193,-0.076608,-0.004788,-9.30069,-9.301007,0.001065,-0.005325,0.00213,99392.44,25.68,0.52826
1764.532026,0.011307,-0.124488,0.033516,-9.346176,-9.347065,0.00213,-0.00639,0.00213,99392.44,25.68,0.482202
1764.543139,0.011113,-0.057456,-0.033516,-9.355752,-9.355988,0.00213,-0.00213,0.001065,99392.44,25.68,0.473279
1764.554397,0.011257,-0.07182,0.009576,-9.31266,-9.312942,0,-0.00639,0.00426,99391.66,25.68,0.516325
1764.565403,0.011007,-0.04788,-0.016758,-9.341388,-9.341526,0.001065,-0.003195,0.001065,99391.66,25.68,0.487741
1764.576636,0.011232,-0.10773,0.07182,-9.341388,-9.342285,0.00426,-0.007455,0.003195,99391.66,25.68,0.486982
1764.587913,0.011277,-0.05985,0.040698,-9.327024,-9.327305,0.003195,-0.00639,0.001065,99391.66,25.68,0.501962
1764.599011,0.011098,-0.141246,0.055062,-9.295902,-9.297138,0,-0.005325,0.00213,99391.66,25.68,0.532129
1764.610229,0.011217,-0.102942,0.021546,-9.355752,-9.356343,0.005325,-0.00426,0.00213,99391.66,25.68,0.472924
1764.621452,0.011223,-0.100548,-0.002394,-9.310266,-9.310809,0.00213,-0.00426,0.00426,99391.07,25.68,0.518458
1764.632533,0.011082,-0.076608,0.021546,-9.350964,-9.351303,0.00213,-0.007455,0.003195,99391.07,25.68,0.477964
1764.643784,0.011251,-0.062244,-0.031122,-9.319842,-9.320102,0,0,0.001065,99391.07,25.68,0.509165
1764.655173,0.011389,-0.069426,0.004788,-9.32463,-9.32489,0,-0.00852,0,99391.07,25.68,0.504377
1764.666229,0.011056,-0.045486,0,-9.30069,-9.300801,0.00213,-0.003195,0.001065,99391.07,25.68,0.528466
1764.677299,0.011069,-0.086184,0.014364,-9.303084,-9.303494,-0.001065,-0.00852,0.00426,99391.07,25.68,0.525773
1764.688482,0.011183,-0.079002,0,-9.291114,-9.29145,0.00426,-0.005325,0.001065,99391.07,25.68,0.537817
1764.699731,0.011249,-0.076608,-0.009576,-9.331812,-9.332131,-0.001065,-0.00639,0.00213,99391.07,25.68,0.497136
1764.710904,0.011173,-0.067032,-0.028728,-9.30069,-9.300976,0.001065,-0.00426,0.00213,99391.07,25.68,0.528291
1764.722014,0.011109,-0.033516,-0.007182,-9.338994,-9.339057,0.001065,-0.007455,0.00426,99391.07,25.68,0.49021
1764.733191,0.011178,-0.040698,-0.03591,-9.343782,-9.34394,0.00213,-0.00639,0.00213,99391.07,25.68,0.485327
1764.744432,0.011241,-0.038304,-0.045486,-9.32463,-9.32482,0.00213,-0.00426,0.003195,99390.24,25.68,0.504447
1764.755696,0.011264,-0.05985,-0.002394,-9.327024,-9.327216,0.00213,-0.00639,0.003195,99390.24,25.68,0.502051
1764.766338,0.010643,-0.09576,-0.014364,-9.303084,-9.303588,0.00213,-0.00639,0,99390.24,25.68,0.525679
1764.776421,0.010083,-0.081396,0.019152,-9.28872,-9.289096,0.003195,-0.005325,0.00213,99390.24,25.68,0.540171
1764.786507,0.010086,-0.09576,0.033516,-9.319842,-9.320394,0.001065,-0.003195,-0.001065,99390.24,25.68,0.508873
1764.796625,0.010118,-0.057456,0.004788,-9.319842,-9.32002,0.00213,-0.003195,0.003195,99390.24,25.68,0.509247
1764.806726,0.0101,-0.055062,0.016758,-9.331812,-9.331989,0.001065,-0.00426,0.00213,99390.24,25.68,0.497278
1764.816834,0.010108,-0.057456,-0.007182,-9.286326,-9.286507,0.00213,-0.00639,0.00213,99389.53,25.68,0.54276
1764.827018,0.010184,-0.064638,0.028728,-9.34857,-9.348838,0.001065,-0.007455,0.001065,99389.53,25.68,0.480429
1764.837169,0.010151,-0.07182,0.019152,-9.27675,-9.277048,0.005325,-0.00639,0.003195,99389.53,25.68,0.552219
1764.847287,0.010118,-0.064638,0.031122,-9.317448,-9.317724,0.001065,-0.007455,0.00213,99389.53,25.68,0.511543
1764.857374,0.010087,-0.093366,0.057456,-9.319842,-9.320487,0.001065,-0.00426,0.00426,99389.53,25.68,0.50878
1764.868074,0.010701,-0.102942,0.028728,-9.295902,-9.296516,0,-0.003195,0.00213,99389.53,25.68,0.532751
1764.878265,0.010191,-0.052668,0.019152,-9.283932,-9.284101,0.001065,-0.00213,0.003195,99388.7,25.68,0.545166
1764.888397,0.010132,-0.093366,0.040698,-9.298296,-9.298854,0.001065,-0.005325,0,99388.7,25.68,0.530413
1764.898487,0.01009,-0.05985,-0.002394,-9.3366,-9.336792,0.00213,-0.003195,0.003195,99388.7,25.68,0.492475
1764.908584,0.010097,-0.079002,0.014364,-9.3366,-9.336945,-0.00213,-0.00639,0.003195,99388.7,25.68,0.492322
1764.918673,0.01009,-0.093366,-0.031122,-9.30069,-9.301211,0.00213,-0.007455,0.00426,99388.7,25.68,0.528056
1764.928795,0.010121,-0.064638,0.031122,-9.315054,-9.31533,0.001065,-0.005325,0.001065,99388.7,25.68,0.513937
1764.938905,0.01011,-0.09576,0.01197,-9.338994,-9.339493,0.00213,-0.005325,0.005325,99388.11,25.68,0.489774
1764.949101,0.010196,-0.102942,0.014364,-9.338994,-9.339572,0.001065,-0.007455,0.00426,99388.11,25.68,0.489695
1764.959194,0.010093,-0.114912,0.031122,-9.346176,-9.346934,0.001065,-0.005325,0.003195,99388.11,25.68,0.482333
1764.969304,0.01011,-0.093366,0.02394,-9.358146,-9.358642,0.00213,-0.005325,0.001065,99388.11,25.68,0.470625
1764.979896,0.010592,-0.093366,0.002394,-9.358146,-9.358612,0.00213,-0.00639,0.00213,99388.11,25.68,0.470655
1764.990231,0.010335,-0.057456,-0.002394,-9.403632,-9.403808,0,-0.005325,0.001065,99388.11,25.68,0.425459
1765.000343,0.010113,-0.08379,-0.01197,-9.40842,-9.408801,-0.001065,-0.00426,0.00213,99388.11,25.68,0.420466
1765.010436,0.010093,-0.086184,-0.014364,-9.379692,-9.380099,0.00213,-0.00852,0,99388.11,25.68,0.449168
1765.020529,0.010093,-0.045486,0.016758,-9.413208,-9.413333,0.003195,-0.003195,0.00213,99388.11,25.68,0.415934
1765.030617,0.010088,-0.081396,0.009576,-9.413208,-9.413565,0,-0.007455,0.001065,99388.11,25.68,0.415702
1765.040692,0.010075,-0.076608,0,-9.40842,-9.408732,0.001065,-0.003195,0.001065,99388.11,25.68,0.420535
1765.050791,0.010098,-0.052668,0.002394,-9.401238,-9.401386,0.001065,-0.00639,0.001065,99388.11,25.68,0.427881
1765.060939,0.010148,-0.055062,0,-9.43236,-9.432521,-0.001065,-0.00426,0.001065,99388.11,25.68,0.396746
1765.071022,0.010083,-0.057456,-0.002394,-9.465876,-9.466051,0.001065,-0.007455,0.00426,99387.44,25.68,0.363216
1765.081137,0.010115,-0.045486,0.019152,-9.43236,-9.432489,0,-0.003195,0.00426,99387.44,25.68,0.396778
1765.091657,0.01052,-0.045486,-0.009576,-9.465876,-9.46599,0.001065,-0.00852,0.005325,99387.44,25.68,0.363277
1765.101765,0.010107,-0.067032,-0.014364,-9.451512,-9.451761,0.00213,-0.00639,0.00213,99387.44,25.68,0.377506
1765.111845,0.010081,-0.074214,-0.016758,-9.465876,-9.466182,0.001065,-0.00852,0.00213,99387.44,25.68,0.363085
1765.121966,0.010121,-0.081396,0.004788,-9.449118,-9.44947,0,-0.00426,0.00213,99387.44,25.68,0.379797
1765.132072,0.010105,-0.088578,0.028728,-9.489816,-9.490273,0.00213,-0.007455,0.003195,99386.87,25.68,0.338994
1765.142217,0.010145,-0.062244,0.014364,-9.485028,-9.485243,0.00213,-0.00639,0.00213,99386.87,25.68,0.344024
1765.152342,0.010125,-0.043092,0.007182,-9.518544,-9.518644,0.00213,-0.003195,0,99386.87,25.68,0.310623
1765.162431,0.01009,-0.069426,0,-9.499392,-9.499646,0.00213,-0.007455,0.005325,99386.87,25.68,0.329621
1765.172539,0.010107,-0.093366,0.01197,-9.520938,-9.521403,0.00213,-0.005325,0.00213,99386.87,25.68,0.307864
1765.182624,0.010085,-0.067032,0.004788,-9.506574,-9.506812,0.00213,-0.007455,-0.001065,99386.87,25.68,0.322455
1765.19274,0.010116,-0.062244,0.019152,-9.465876,-9.4661,0.00639,-0.007455,0.001065,99386.87,25.68,0.363167
1765.202834,0.010094,-0.102942,0.033516,-9.501786,-9.502403,0,-0.003195,-0.001065,99386.38,25.68,0.326864
1765.212928,0.010094,-0.076608,0.031122,-9.513756,-9.514115,0.003195,-0.00639,0,99386.38,25.68,0.315152
1765.223029,0.010101,-0.05985,-0.007182,-9.532908,-9.533099,0.001065,-0.005325,0.003195,99386.38,25.68,0.296168
1765.23311,0.010081,-0.04788,0.01197,-9.518544,-9.518672,0.00213,-0.00213,-0.00213,99386.38,25.68,0.310595
1765.243204,0.010095,-0.114912,-0.009576,-9.530514,-9.531212,0,-0.005325,0,99386.38,25.68,0.298055
1765.253339,0.010135,-0.09576,0.021546,-9.518544,-9.51905,0.001065,-0.00426,0.00426,99386.38,25.68,0.310217
1765.263452,0.010113,-0.114912,0.009576,-9.566424,-9.567119,0.00213,-0.007455,0.00213,99385.93,25.68,0.262148
1765.273569,0.010117,-0.074214,-0.02394,-9.549666,-9.549984,0.00213,-0.00426,0,99385.93,25.68,0.279283
1765.283719,0.01015,-0.098154,0.009576,-9.573606,-9.574114,0.00213,-0.007455,0.00213,99385.93,25.68,0.255153
1765.293815,0.010095,-0.074214,0.002394,-9.54009,-9.540379,0.003195,-0.00426,0,99385.93,25.68,0.288888
1765.304274,0.010459,-0.09576,0.01197,-9.576,-9.576486,0.003195,-0.005325,0.001065,99385.93,25.68,0.252781
1765.314361,0.010087,-0.086184,0.004788,-9.554454,-9.554844,0.00213,-0.003195,0.00213,99385.93,25.68,0.274423
1765.32446,0.010099,-0.076608,0.03591,-9.578394,-9.578768,0.003195,-0.009585,0,99385.93,25.68,0.250499
1765.334549,0.010089,-0.064638,0.016758,-9.559242,-9.559475,0.00213,-0.00426,0.00213,99385.93,25.68,0.269792
1765.344639,0.01009,-0.086184,0.009576,-9.583182,-9.583574,-0.001065,-0.005325,0.001065,99385.93,25.68,0.245693
1765.354729,0.01009,-0.081396,0.009576,-9.561636,-9.561987,0.003195,-0.00639,0.00426,99385.93,25.68,0.26728
1765.364902,0.010173,-0.09576,0.016758,-9.597546,-9.598038,0.001065,-0.00426,0.001065,99385.93,25.68,0.231229
1765.374994,0.010091,-0.057456,0.004788,-9.580788,-9.580961,0.001065,-0.005325,0.00426,99385.93,25.68,0.248306
1765.385141,0.010147,-0.069426,-0.007182,-9.602334,-9.602588,0.001065,-0.00426,0,99385.43,25.68,0.226679
1765.395925,0.010785,-0.064638,0.002394,-9.619092,-9.619309,0.001065,-0.003195,0.00213,99385.43,25.68,0.209958
1765.40602,0.010094,-0.050274,0.02394,-9.576,-9.576162,-0.001065,-0.007455,0.00213,99385.43,25.68,0.253105
1765.416121,0.010102,-0.050274,-0.055062,-9.590364,-9.590654,0.003195,-0.005325,0.00213,99385.43,25.68,0.238613
1765.426699,0.010578,-0.057456,-0.002394,-9.621486,-9.621658,0.001065,-0.00639,0.001065,99385.43,25.68,0.207609
1765.438001,0.011302,-0.033516,0.016758,-9.616698,-9.616771,0.001065,-0.00852,0.00213,99385.43,25.68,0.212496
1765.449223,0.011223,-0.02394,-0.007182,-9.626274,-9.626306,0.00213,-0.00426,0.001065,99385.11,25.68,0.202961
1765.46027,0.011047,-0.026334,0.009576,-9.597546,-9.597587,0.001065,-0.005325,0.00213,99385.11,25.68,0.23168
1765.47153,0.01126,-0.079002,0.009576,-9.619092,-9.619421,0.00213,-0.00639,0.005325,99385.11,25.68,0.209846
1765.482758,0.011228,-0.07182,0.007182,-9.619092,-9.619363,0.003195,-0.00852,0.00426,99385.11,25.68,0.209904
1765.493864,0.011105,-0.09576,0.026334,-9.63585,-9.636362,0.001065,-0.00639,0.005325,99385.11,25.68,0.192905
1765.505195,0.011332,-0.088578,0.019152,-9.63585,-9.636276,0.001065,-0.00426,0.001065,99385.11,25.68,0.192991
1765.515288,0.010093,-0.090972,0.074214,-9.64782,-9.648534,0.00213,-0.00639,0.00213,99384.75,25.68,0.180733
1765.525382,0.010094,-0.13167,0.033516,-9.674154,-9.675108,0.00213,-0.00639,0.001065,99384.75,25.68,0.154159
1765.535559,0.010177,-0.114912,0.026334,-9.64782,-9.64854,0.00426,-0.00426,0.00213,99384.75,25.68,0.180727
1765.545724,0.010165,-0.112518,0.062244,-9.650214,-9.651071,0.001065,-0.00426,0.00213,99384.75,25.68,0.178196
1765.555832,0.010107,-0.150822,0.055062,-9.621486,-9.622826,0.001065,-0.005325,0.001065,99384.75,25.68,0.206441
1765.565998,0.010166,-0.148428,0.079002,-9.68373,-9.68519,0.00213,-0.005325,0.00213,99384.75,25.68,0.144077
1765.576136,0.010138,-0.153216,0.045486,-9.643032,-9.644356,0.001065,-0.00426,0,99384.29,25.68,0.184911
1765.586749,0.010614,-0.141246,0.02394,-9.678942,-9.680002,-0.001065,-0.00426,0.001065,99384.29,25.68,0.149265
1765.597127,0.010378,-0.050274,0.009576,-9.726822,-9.726957,0.005325,-0.00213,0,99384.29,25.68,0.10231
1765.607415,0.010288,-0.079002,0.007182,-9.717246,-9.71757,0.00213,-0.00426,0.001065,99384.29,25.68,0.111697
1765.619415,0.011999,-0.055062,-0.062244,-9.79146,-9.791813,0.001065,-0.00426,0.00213,99384.29,25.68,0.037454
1765.630206,0.010791,-0.031122,-0.016758,-9.73161,-9.731674,-0.001065,-0.00852,0.00213,99384.29,25.68,0.097593
1765.643751,0.013545,-0.08379,-0.04788,-9.73161,-9.732088,0.001065,-0.007455,0.003195,99383.85,25.69,0.097179
1765.653846,0.010095,-0.043092,-0.05985,-9.736398,-9.736677,0,-0.005325,0.003195,99383.85,25.69,0.09259
1765.663938,0.010092,-0.033516,-0.02394,-9.710064,-9.710151,0.001065,-0.005325,0.001065,99383.85,25.69,0.119116
1765.674034,0.010096,-0.016758,-0.021546,-9.736398,-9.736436,0.001065,-0.003195,0.00426,99383.85,25.69,0.092831
1765.684638,0.010604,0.045486,-0.09576,-9.748368,-9.748944,0.001065,-0.005325,0.003195,99383.85,25.69,0.080323
1765.695254,0.010616,0.052668,-0.016758,-9.74358,-9.743737,-0.001065,-0.00639,0.00639,99383.85,25.69,0.08553
1765.706336,0.011082,0.043092,-0.081396,-9.789066,-9.789499,0,-0.005325,0.00852,99383.85,25.69,0.039768
1765.717676,0.01134,-0.01197,0,-9.77949,-9.779497,0.001065,-0.009585,0.003195,99383.85,25.69,0.04977
1765.728628,0.010952,-0.038304,0.050274,-9.722034,-9.722239,0.001065,-0.00426,0.005325,99383.85,25.69,0.107028
1765.739848,0.01122,-0.114912,0.05985,-9.757944,-9.758804,0.00213,-0.00852,0.00213,99383.85,25.69,0.070463
1765.751079,0.011231,-0.196308,0.1197,-9.777096,-9.779799,0.001065,-0.003195,0.00213,99383.85,25.69,0.049468
1765.76257,0.01149,-0.146034,0.086184,-9.748368,-9.749843,0.001065,-0.00426,0.001065,99383.85,25.69,0.079424
1765.773381,0.010811,-0.169974,0.093366,-9.757944,-9.759871,0.001065,-0.005325,-0.001065,99383.52,25.69,0.069396
1765.784638,0.011256,-0.165186,0.090972,-9.793854,-9.795669,0.00426,-0.00426,0.001065,99383.52,25.69,0.033598
1765.79581,0.011172,-0.172368,0.098154,-9.801036,-9.803043,0.00213,-0.005325,-0.001065,99383.52,25.69,0.026224
1765.807119,0.011309,-0.184338,0.07182,-9.82737,-9.829361,0.001065,-0.00426,0,99383.52,25.69,-9.4E-05
1765.818386,0.011267,-0.16758,0.04788,-9.79146,-9.793011,0.00426,-0.00426,0,99383.52,25.69,0.036256
1765.829286,0.0109,-0.16758,0.016758,-9.796248,-9.797696,0,-0.00639,-0.00213,99383.52,25.69,0.031571
1765.840641,0.011354,-0.184338,0.021546,-9.822582,-9.824335,0.003195,-0.00426,0,99383.18,25.69,0.004932
1765.851792,0.011151,-0.093366,-0.064638,-9.870462,-9.871115,0,-0.00426,-0.00213,99383.18,25.69,-0.041848
1765.862863,0.011071,-0.081396,-0.057456,-9.872856,-9.873359,-0.001065,-0.00426,0,99383.18,25.69,-0.044092
1765.874088,0.011225,-0.007182,-0.090972,-9.870462,-9.870884,0.001065,-0.001065,0.00213,99383.18,25.69,-0.041617
1765.885354,0.011266,-0.009576,-0.100548,-9.856098,-9.856616,0.001065,-0.005325,0.001065,99383.18,25.69,-0.027349
1765.89645,0.011096,0.002394,-0.04788,-9.865674,-9.86579,-0.001065,-0.00639,0.003195,99383.18,25.69,-0.036523
1765.908024,0.011574,-0.007182,-0.057456,-9.824976,-9.825147,0,-0.00639,0.00639,99382.87,25.69,0.00412
1765.918869,0.010846,0.01197,-0.026334,-9.8154,-9.815443,0.00213,-0.005325,0.003195,99382.87,25.69,0.013824
1765.929947,0.011078,-0.033516,-0.02394,-9.808218,-9.808304,0,-0.00639,0.007455,99382.87,25.69,0.020963
1765.94114,0.011193,-0.007182,-0.002394,-9.805824,-9.805827,0.001065,-0.00639,0.00639,99382.87,25.69,0.02344
1765.952531,0.011391,-0.01197,0.01197,-9.820188,-9.820203,0.003195,-0.007455,0.005325,99382.87,25.69,0.009064
1765.963904,0.011373,-0.03591,0.014364,-9.808218,-9.808294,0.00426,-0.00426,0.00426,99382.69,25.69,0.020973
1765.974829,0.010925,-0.040698,0.079002,-9.777096,-9.7775,0.003195,-0.007455,0.00639,99382.69,25.69,0.051767
1765.985928,0.011099,-0.031122,0.086184,-9.784278,-9.784707,0,-0.005325,0.005325,99382.69,25.69,0.04456
1765.99727,0.011342,-0.086184,0.074214,-9.760338,-9.761001,0.003195,-0.007455,0.00426,99382.69,25.69,0.068266
1766.008274,0.011004,-0.105336,0.102942,-9.781884,-9.782993,0.001065,-0.00426,-0.001065,99382.69,25.69,0.046274
1766.020466,0.012192,-0.105336,0.098154,-9.784278,-9.785337,0.003195,-0.00213,0,99382.69,25.69,0.04393
1766.030904,0.010438,-0.114912,0.093366,-9.786672,-9.787792,0.001065,-0.00639,-0.001065,99382.69,25.69,0.041475
1766.041809,0.010904,-0.102942,0.069426,-9.76752,-9.768309,0.00213,-0.00426,-0.00213,99382.69,25.69,0.060958
1766.053009,0.0112,-0.114912,0.045486,-9.8154,-9.816178,0.00213,-0.007455,-0.001065,99382.69,25.69,0.013089
1766.064256,0.011247,-0.136458,0,-9.784278,-9.78523,0.001065,-0.005325,-0.001065,99382.69,25.69,0.044037
1766.075454,0.011198,-0.08379,-0.021546,-9.796248,-9.79663,-0.001065,-0.00426,-0.003195,99382.69,25.69,0.032637
1766.086636,0.011182,-0.090972,-0.004788,-9.834552,-9.834974,0.00213,-0.007455,0.001065,99382.69,25.69,-0.005707
1766.097824,0.011188,-0.105336,-0.052668,-9.834552,-9.835257,0.003195,-0.00852,-0.00213,99382.35,25.69,-0.00599
1766.109047,0.011224,-0.112518,-0.055062,-9.79146,-9.792261,0,-0.00639,0.001065,99382.35,25.69,0.037006
1766.120339,0.011292,-0.110124,-0.07182,-9.822582,-9.823462,0.00213,-0.007455,0.00213,99382.35,25.69,0.005805
1766.131331,0.010992,-0.093366,-0.026334,-9.808218,-9.808698,0,-0.00639,0.00213,99382.35,25.69,0.020569
1766.142462,0.011131,-0.081396,-0.043092,-9.79146,-9.791893,0.00213,-0.00639,0.00213,99382.35,25.69,0.037374
1766.15377,0.011308,-0.122094,-0.038304,-9.8154,-9.816234,0.00213,-0.003195,0.00213,99382.35,25.69,0.013033
1766.164863,0.011093,-0.064638,-0.019152,-9.820188,-9.820419,0.00213,-0.00639,0.00426,99382.2,25.69,0.008848
1766.176097,0.011234,-0.067032,0.016758,-9.832158,-9.832401,0.00213,-0.005325,0.003195,99382.2,25.69,-0.003134
1766.187232,0.011135,-0.062244,0.02394,-9.82737,-9.827596,0.003195,-0.003195,0.003195,99382.2,25.69,0.001671
1766.19853,0.011298,-0.07182,0.016758,-9.82737,-9.827647,0.00213,-0.00213,0.005325,99382.2,25.69,0.00162
1766.209682,0.011152,-0.09576,0.05985,-9.841734,-9.842382,0.003195,-0.005325,0.003195,99382.2,25.69,-0.013115
1766.220781,0.011099,-0.03591,0.04788,-9.808218,-9.808401,0,-0.00426,0.00213,99382.13,25.69,0.020866
1766.233776,0.012995,-0.02394,0.040698,-9.856098,-9.856211,0.003195,-0.003195,0.003195,99382.13,25.69,-0.026944
1766.243877,0.010101,-0.05985,0.038304,-9.844128,-9.844384,-0.001065,-0.003195,0.00426,99382.13,25.69,-0.015117
1766.254466,0.010589,-0.031122,0.043092,-9.877644,-9.877787,0.003195,-0.007455,0.001065,99382.13,25.69,-0.04852
1766.265546,0.01108,-0.026334,0.014364,-9.836946,-9.836992,0.00213,-0.005325,0.00213,99382.13,25.69,-0.007725
1766.276956,0.01141,-0.040698,0.031122,-9.860886,-9.861019,0.00213,-0.005325,0.00213,99382.13,25.69,-0.031752
1766.288055,0.011099,-0.031122,0.026334,-9.836946,-9.83703,0,-0.003195,0.00213,99381.99,25.69,-0.007763
1766.299072,0.011017,-0.067032,0.028728,-9.83934,-9.83961,0.00213,-0.005325,0.001065,99381.99,25.69,-0.010343
1766.310285,0.011213,-0.045486,0.014364,-9.829764,-9.82988,0.00213,-0.00639,0,99381.99,25.69,-0.000613
1766.321431,0.011145,-0.064638,-0.009576,-9.801036,-9.801254,0.001065,-0.003195,0,99381.99,25.69,0.028013
1766.332633,0.011203,-0.076608,-0.014364,-9.820188,-9.820497,0.001065,-0.00852,0.003195,99381.99,25.69,0.00877
1766.343853,0.011219,-0.090972,0.016758,-9.79146,-9.791897,0,-0.005325,0.00213,99381.99,25.69,0.03737
1766.356131,0.012279,-0.079002,-0.040698,-9.796248,-9.796651,0.00213,-0.007455,0.001065,99381.65,25.69,0.032616
1766.366736,0.010605,-0.105336,-0.01197,-9.810612,-9.811185,0.001065,-0.007455,-0.001065,99381.65,25.69,0.018082
1766.377365,0.010629,-0.110124,-0.021546,-9.777096,-9.77774,0.003195,-0.007455,0.00213,99381.65,25.69,0.051527
1766.388543,0.011178,-0.08379,-0.031122,-9.784278,-9.784686,0.001065,-0.00639,0.00213,99381.65,25.69,0.044581
1766.39984,0.011297,-0.112518,-0.021546,-9.79146,-9.79213,0.003195,-0.00426,0.001065,99381.65,25.69,0.037137
1766.410996,0.011156,-0.114912,-0.004788,-9.829764,-9.830437,0.001065,-0.003195,0.00213,99381.65,25.69,-0.00117
1766.42229,0.011294,-0.10773,-0.014364,-9.817794,-9.818396,0.00213,-0.005325,0.003195,99381.65,25.69,0.010871
1766.433364,0.011075,-0.086184,0.026334,-9.822582,-9.822995,0.003195,-0.007455,0.00213,99381.65,25.69,0.006272
1766.444479,0.011115,-0.105336,-0.009576,-9.841734,-9.842302,0.00213,-0.005325,0.00426,99381.65,25.69,-0.013035
1766.455677,0.011197,-0.100548,0.009576,-9.83934,-9.839858,0.001065,-0.00639,0.00213,99381.65,25.69,-0.010591
1766.466872,0.011195,-0.069426,0.004788,-9.844128,-9.844374,0.001065,-0.00852,0.00426,99381.65,25.69,-0.015107
1766.478017,0.011145,-0.07182,0.043092,-9.83934,-9.839696,0.003195,-0.005325,0.005325,99381.49,25.69,-0.010429
1766.489209,0.011192,-0.086184,0.031122,-9.882432,-9.882857,0,-0.00639,0.00426,99381.49,25.69,-0.05359
1766.500484,0.011275,-0.007182,0.04788,-9.844128,-9.844247,0.001065,-0.00639,0.001065,99381.49,25.69,-0.01498
1766.511631,0.011147,-0.038304,0.01197,-9.846522,-9.846604,0.001065,-0.00639,0.00213,99381.49,25.69,-0.017337
1766.522828,0.011197,-0.055062,0.026334,-9.82737,-9.82756,0.00213,-0.00639,0.005325,99381.49,25.69,0.001707
1766.534253,0.011425,-0.040698,0.021546,-9.848916,-9.849024,-0.001065,-0.00639,0.00213,99381.49,25.69,-0.019757
1766.545134,0.01088,-0.016758,0.033516,-9.83934,-9.839411,0,-0.005325,0.001065,99381.29,25.69,-0.010144
1766.556347,0.011213,-0.057456,0.009576,-9.820188,-9.820361,0.00213,-0.00639,0.001065,99381.29,25.69,0.008906
1766.567536,0.011189,-0.08379,0.021546,-9.810612,-9.810993,0.003195,-0.007455,0,99381.29,25.69,0.018274
1766.578834,0.011298,-0.088578,0.019152,-9.834552,-9.83497,0.001065,-0.00639,0,99381.29,25.69,-0.005703
1766.589854,0.01102,-0.03591,0.009576,-9.817794,-9.817864,0.00426,-0.005325,0.005325,99381.29,25.69,0.011403
1766.601045,0.011191,-0.057456,0.009576,-9.781884,-9.782057,0.00213,-0.005325,0,99381.29,25.69,0.04721
1766.612259,0.011213,-0.093366,-0.02394,-9.8154,-9.815873,0.001065,-0.00426,0.001065,99381.22,25.69,0.013394
1766.623424,0.011166,-0.04788,-0.009576,-9.820188,-9.820309,0.001065,-0.00852,0.00213,99381.22,25.69,0.008958
1766.634719,0.011294,-0.100548,0.009576,-9.80343,-9.80395,0.00213,-0.005325,0.001065,99381.22,25.69,0.025317
1766.645886,0.011167,-0.093366,-0.016758,-9.820188,-9.820646,0.003195,-0.005325,0,99381.22,25.69,0.008621
1766.657103,0.011217,-0.102942,0.004788,-9.796248,-9.79679,0.00213,-0.005325,0.00213,99381.22,25.69,0.032477
1766.668189,0.011086,-0.112518,-0.031122,-9.796248,-9.796944,0.001065,-0.005325,0.003195,99381.22,25.69,0.032323
1766.679612,0.011423,-0.100548,0.014364,-9.801036,-9.801562,0.001065,-0.00426,0.001065,99381.08,25.69,0.027705
1766.690634,0.011022,-0.088578,0.002394,-9.813006,-9.813406,0.00213,-0.00639,0.003195,99381.08,25.69,0.015861
1766.701741,0.011107,-0.102942,0.007182,-9.8154,-9.815942,0.001065,-0.00639,0,99381.08,25.69,0.013325
1766.713042,0.0113,-0.079002,0.004788,-9.8154,-9.815719,0.001065,-0.005325,0.00213,99381.08,25.69,0.013548
1766.724152,0.01111,-0.09576,0.007182,-9.83934,-9.839809,0.00213,-0.00852,0.005325,99381.08,25.69,-0.010542
1766.736254,0.012102,-0.09576,0.028728,-9.834552,-9.83506,0.003195,-0.005325,0.00213,99381.08,25.69,-0.005793
1766.746561,0.010307,-0.067032,0.067032,-9.853704,-9.85416,0,-0.005325,0.003195,99381.08,25.69,-0.024893
1766.757612,0.011051,-0.055062,0.03591,-9.856098,-9.856317,0.001065,-0.005325,0.003195,99381.08,25.69,-0.02705
1766.768841,0.011229,-0.086184,0.040698,-9.841734,-9.842195,0.001065,-0.00639,0.003195,99381.08,25.69,-0.012928
1766.780047,0.011206,-0.050274,0.021546,-9.82737,-9.827522,0.00213,-0.003195,0.003195,99381.08,25.69,0.001745
1766.791338,0.011291,-0.043092,0.009576,-9.822582,-9.822681,0.003195,-0.00426,0.001065,99381.08,25.69,0.006586
1766.802412,0.011074,-0.067032,0.028728,-9.83934,-9.83961,0.001065,-0.005325,0.001065,99381.05,25.69,-0.010343
1766.813551,0.011138,-0.043092,-0.004788,-9.8154,-9.815496,0.001065,-0.00426,0.00213,99381.05,25.69,0.013771
1766.824734,0.011183,-0.08379,0.03591,-9.834552,-9.834974,0.003195,-0.005325,0,99381.05,25.69,-0.005707
1766.836033,0.011299,-0.088578,0.002394,-9.848916,-9.849315,0,-0.00426,0.001065,99381.05,25.69,-0.020048
1766.847166,0.011133,-0.04788,0,-9.824976,-9.825093,0.001065,-0.00639,0,99381.05,25.69,0.004174
1766.858394,0.011228,-0.081396,-0.016758,-9.820188,-9.82054,0,-0.003195,0.003195,99381.05,25.69,0.008727
1766.869627,0.011234,-0.074214,-0.019152,-9.848916,-9.849214,0.003195,-0.007455,0.00213,99380.93,25.69,-0.019947
1766.881006,0.011379,-0.081396,-0.007182,-9.832158,-9.832498,0.001065,-0.005325,0.00213,99380.93,25.69,-0.003231
1766.892532,0.011526,-0.10773,-0.02394,-9.772308,-9.772931,-0.001065,-0.00639,0.00213,99380.93,25.69,0.056336
1766.90308,0.010549,-0.076608,-0.009576,-9.793854,-9.794158,0.00213,-0.00639,0.00426,99380.93,25.69,0.035109
1766.91536,0.01228,-0.105336,0,-9.801036,-9.801602,0.001065,-0.003195,0.00213,99380.93,25.69,0.027665
1766.92592,0.01056,-0.10773,-0.009576,-9.784278,-9.784876,0,-0.005325,0.005325,99380.93,25.69,0.044391
1766.936708,0.010788,-0.057456,-0.01197,-9.774702,-9.774878,0,-0.00426,0.00213,99380.86,25.69,0.054389
1766.947791,0.011083,-0.086184,-0.01197,-9.8154,-9.815786,0.001065,-0.00426,0.00213,99380.86,25.69,0.013481
1766.958992,0.011201,-0.110124,0.014364,-9.793854,-9.794484,0.001065,-0.00426,0.00213,99380.86,25.69,0.034783
1766.970188,0.011196,-0.074214,-0.004788,-9.805824,-9.806106,0.001065,-0.007455,0.001065,99380.86,25.69,0.023161
1766.981391,0.011203,-0.076608,0.033516,-9.805824,-9.806181,0.001065,-0.007455,0.003195,99380.86,25.69,0.023086
1766.992742,0.011351,-0.076608,0.026334,-9.820188,-9.820522,0.00213,-0.00426,0.001065,99380.82,25.69,0.008745
1767.003846,0.011104,-0.090972,0.040698,-9.808218,-9.808724,0.003195,-0.00639,0.003195,99380.82,25.69,0.020543
1767.014939,0.011093,-0.055062,0.028728,-9.820188,-9.820384,0,-0.005325,0.005325,99380.82,25.69,0.008883
1767.026085,0.011146,-0.08379,0.02394,-9.858492,-9.858877,0.003195,-0.007455,-0.001065,99380.82,25.69,-0.02961
1767.037262,0.011177,-0.081396,0.045486,-9.856098,-9.856539,0.001065,-0.00426,0.001065,99380.82,25.69,-0.027272
1767.048747,0.011485,-0.08379,0.016758,-9.846522,-9.846893,0.003195,-0.005325,0.00213,99380.82,25.69,-0.017626
1767.059811,0.011064,-0.081396,0.040698,-9.844128,-9.844549,0.003195,-0.005325,0,99380.82,25.69,-0.015282
1767.070831,0.011021,-0.067032,-0.01197,-9.868068,-9.868303,0.00213,-0.005325,0.00213,99380.82,25.69,-0.039036
1767.082019,0.011188,-0.074214,0.004788,-9.86328,-9.86356,-0.00213,-0.003195,0.003195,99380.82,25.69,-0.034293
1767.093169,0.01115,-0.076608,-0.016758,-9.853704,-9.854016,0.00426,-0.003195,0,99380.82,25.69,-0.024749
1767.104333,0.011164,-0.040698,-0.009576,-9.856098,-9.856187,0.00426,-0.00639,0.00213,99380.82,25.69,-0.02692
1767.115683,0.011351,-0.105336,0.033516,-9.836946,-9.837567,0.003195,-0.00639,0.001065,99380.82,25.69,-0.0083
1767.127133,0.011449,-0.069426,-0.009576,-9.817794,-9.818044,0.001065,-0.00426,0.003195,99380.76,25.69,0.011223
1767.137909,0.010776,-0.086184,0,-9.844128,-9.844505,0.00426,-0.007455,0.00213,99380.76,25.69,-0.015238
1767.149084,0.011175,-0.074214,-0.004788,-9.824976,-9.825257,0.00213,-0.007455,0.00213,99380.76,25.69,0.00401
1767.160292,0.011208,-0.062244,-0.004788,-9.813006,-9.813205,0.003195,-0.005325,0.00213,99380.76,25.69,0.016062
1767.171503,0.011211,-0.05985,-0.02394,-9.8154,-9.815612,0.00213,-0.00639,0.00426,99380.76,25.69,0.013655
1767.182326,0.010823,-0.08379,-0.014364,-9.79146,-9.791829,0.003195,-0.00639,0.00426,99380.76,25.69,0.037438
1767.192407,0.010081,-0.064638,-0.004788,-9.80343,-9.803644,0.001065,-0.00639,0.005325,99380.74,25.69,0.025623
1767.202501,0.010094,-0.117306,-0.01197,-9.784278,-9.784989,0,-0.00426,0.00426,99380.74,25.69,0.044278
1767.212603,0.010102,-0.102942,0.028728,-9.798642,-9.799225,0.003195,-0.005325,0.003195,99380.74,25.69,0.030042
1767.222694,0.010091,-0.088578,0.04788,-9.789066,-9.789584,0.001065,-0.00426,0.001065,99380.74,25.69,0.039683
1767.232828,0.010134,-0.090972,0.004788,-9.79146,-9.791884,0,-0.00639,0.00213,99380.74,25.69,0.037383
1767.243014,0.010187,-0.100548,0.045486,-9.810612,-9.811233,0.00213,-0.007455,0.003195,99380.74,25.69,0.018034
1767.253333,0.010318,-0.064638,0.019152,-9.810612,-9.810844,0.00213,-0.003195,0.00213,99380.66,25.69,0.018423
1767.263473,0.01014,-0.093366,-0.002394,-9.817794,-9.818238,0,-0.005325,0.003195,99380.66,25.69,0.011029
1767.273891,0.010418,-0.079002,0.045486,-9.793854,-9.794278,0,-0.00426,0.005325,99380.66,25.69,0.034989
1767.284016,0.010125,-0.074214,0.02394,-9.824976,-9.825285,0.001065,-0.00213,-0.001065,99380.66,25.69,0.003982
1767.294115,0.010099,-0.081396,0.033516,-9.8154,-9.815795,0.001065,-0.005325,0.003195,99380.66,25.69,0.013472
1767.304196,0.010081,-0.090972,0.026334,-9.836946,-9.837402,0.00213,-0.00639,0.001065,99380.66,25.69,-0.008135
1767.31445,0.010255,-0.081396,-0.004788,-9.85131,-9.851647,0.001065,-0.00639,0.00213,99380.66,25.69,-0.02238
1767.324571,0.010121,-0.064638,0.01197,-9.836946,-9.837166,0.001065,-0.00426,0.001065,99380.57,25.69,-0.007899
1767.334747,0.010176,-0.081396,0.009576,-9.813006,-9.813348,0.00213,-0.005325,0.00213,99380.57,25.69,0.015919
1767.344828,0.010081,-0.07182,-0.009576,-9.858492,-9.858758,0.00213,-0.00426,0.001065,99380.57,25.69,-0.029491
1767.354928,0.0101,-0.076608,-0.019152,-9.83934,-9.839657,0.001065,-0.005325,0.001065,99380.57,25.69,-0.01039
1767.365025,0.010098,-0.057456,-0.014364,-9.848916,-9.849094,0.00213,-0.00426,0.001065,99380.57,25.69,-0.019827
1767.375131,0.010106,-0.062244,-0.002394,-9.860886,-9.861083,0.001065,-0.007455,0.00213,99380.57,25.69,-0.031816
1767.385257,0.010126,-0.050274,-0.028728,-9.834552,-9.834722,0.001065,-0.005325,0.003195,99380.55,25.69,-0.005455
1767.395637,0.01038,-0.055062,-0.004788,-9.829764,-9.829919,0.003195,-0.00426,0.00426,99380.55,25.69,-0.000652
1767.405797,0.01016,-0.064638,0.002394,-9.860886,-9.861098,0.001065,-0.00852,0.00426,99380.55,25.69,-0.031831
1767.415879,0.010081,-0.08379,0.002394,-9.80343,-9.803788,0.003195,-0.00639,0.00213,99380.55,25.69,0.025479
1767.425959,0.01008,-0.062244,0,-9.805824,-9.806022,0.001065,-0.007455,0.003195,99380.55,25.69,0.023245
1767.436101,0.010142,-0.062244,-0.021546,-9.822582,-9.822803,0.001065,-0.009585,0.005325,99380.55,25.69,0.006464
1767.446239,0.010138,-0.088578,0.016758,-9.80343,-9.803844,0.001065,-0.00639,0.00213,99380.55,25.69,0.025423
1767.456405,0.010166,-0.076608,0.021546,-9.813006,-9.813329,0.001065,-0.005325,0.003195,99380.55,25.69,0.015938
1767.466512,0.010107,-0.07182,0.007182,-9.77949,-9.779756,0.00213,-0.00639,0.005325,99380.55,25.69,0.049511
1767.476634,0.010123,-0.076608,0.009576,-9.77949,-9.779795,0.001065,-0.005325,0.00426,99380.55,25.69,0.049472
1767.486729,0.010094,-0.081396,0.009576,-9.79146,-9.791803,0.001065,-0.00639,0.001065,99380.55,25.69,0.037464
1767.496894,0.010166,-0.129276,0.03591,-9.808218,-9.809136,0.003195,-0.00639,0,99380.55,25.69,0.020131
1767.506993,0.010099,-0.098154,0.019152,-9.817794,-9.818303,0.003195,-0.00639,0.003195,99380.28,25.69,0.010964
1767.517098,0.010105,-0.064638,0.016758,-9.793854,-9.794082,0.001065,-0.00852,0.001065,99380.28,25.69,0.035185
1767.52718,0.010082,-0.086184,0.016758,-9.786672,-9.787066,0.00213,-0.00426,0.001065,99380.28,25.69,0.042201
1767.537273,0.010092,-0.098154,0,-9.844128,-9.844617,0.003195,-0.005325,0.003195,99380.28,25.69,-0.01535
1767.547375,0.010103,-0.08379,0.002394,-9.796248,-9.796607,0.003195,-0.00639,0.00213,99380.28,25.69,0.03266
1767.557519,0.010144,-0.08379,0.009576,-9.82737,-9.827732,0.00213,-0.007455,0.00213,99380.28,25.69,0.001535
1767.567604,0.010085,-0.093366,-0.021546,-9.82737,-9.827837,0.003195,-0.00426,0.001065,99380.28,25.69,0.00143
1767.577716,0.010112,-0.081396,0.019152,-9.834552,-9.834907,0.003195,-0.00426,0.001065,99380.3,25.69,-0.00564
1767.58787,0.010153,-0.05985,-0.004788,-9.82737,-9.827553,0.00213,-0.00426,-0.001065,99380.3,25.69,0.001714
1767.597954,0.010084,-0.090972,-0.009576,-9.872856,-9.87328,0.001065,-0.007455,0.003195,99380.3,25.69,-0.044013
1767.608195,0.010241,-0.098154,0.033516,-9.85131,-9.851856,0.001065,-0.00639,0.003195,99380.3,25.69,-0.022589
1767.618285,0.01009,-0.079002,-0.019152,-9.856098,-9.856433,0.00213,-0.00426,0.00213,99380.3,25.69,-0.027166
1767.628416,0.010131,-0.062244,0.01197,-9.856098,-9.856302,0.001065,-0.00426,0.00213,99380.3,25.69,-0.027035
1767.638507,0.010091,-0.062244,0.004788,-9.834552,-9.83475,0.00213,-0.00639,0.003195,99380.22,25.69,-0.005483
1767.648591,0.010084,-0.088578,-0.002394,-9.82737,-9.827769,-0.001065,-0.00426,0.00426,99380.22,25.69,0.001498
1767.658692,0.010101,-0.086184,-0.004788,-9.82737,-9.827749,0.00213,-0.007455,0.001065,99380.22,25.69,0.001518
1767.668805,0.010113,-0.064638,-0.002394,-9.801036,-9.801249,0.00426,-0.00639,0.001065,99380.22,25.69,0.028018
1767.678931,0.010126,-0.052668,-0.002394,-9.870462,-9.870603,0.001065,-0.00639,0,99380.22,25.69,-0.041336
1767.689021,0.01009,-0.088578,0.031122,-9.798642,-9.799092,0,-0.003195,0.001065,99380.22,25.69,0.030175
1767.699132,0.010111,-0.1197,0.028728,-9.844128,-9.844898,0.00213,-0.00426,0.003195,99380.22,25.69,-0.015631
1767.709218,0.010086,-0.081396,0.014364,-9.777096,-9.777445,0,-0.00426,0.001065,99380.07,25.69,0.051822
1767.719309,0.010091,-0.098154,0.028728,-9.822582,-9.823114,0.003195,-0.00852,0.00213,99380.07,25.69,0.006153
1767.729458,0.01015,-0.090972,0.019152,-9.805824,-9.806265,0.00213,-0.003195,0.003195,99380.07,25.69,0.023002
1767.739552,0.010094,-0.093366,0.004788,-9.793854,-9.7943,-0.001065,-0.00213,-0.001065,99380.07,25.69,0.034967
1767.749676,0.010123,-0.074214,0.01197,-9.824976,-9.825264,0.001065,-0.005325,0.003195,99380.07,25.69,0.004003
1767.759762,0.010086,-0.08379,0.01197,-9.813006,-9.813371,0.001065,-0.007455,-0.001065,99380.07,25.69,0.015896
1767.769903,0.010141,-0.079002,0.031122,-9.765126,-9.765495,0.00213,-0.007455,0.005325,99380.07,25.69,0.063772
1767.779993,0.010089,-0.079002,0.009576,-9.846522,-9.846844,0.001065,-0.00426,0.001065,99380.07,25.69,-0.017577
1767.790191,0.010198,-0.057456,0,-9.844128,-9.844296,0.001065,-0.005325,0.00213,99380.07,25.69,-0.015029
1767.800313,0.010122,-0.07182,-0.007182,-9.789066,-9.789332,0.00213,-0.007455,0.00213,99380.07,25.69,0.039935
1767.810413,0.0101,-0.076608,0,-9.82737,-9.827669,-0.001065,-0.00426,0.001065,99380.07,25.69,0.001598
1767.820777,0.010364,-0.052668,0.021546,-9.810612,-9.810777,0,-0.00426,0.00213,99380.07,25.69,0.01849
1767.830889,0.010112,-0.081396,0.002394,-9.813006,-9.813344,-0.001065,-0.00852,0.001065,99379.95,25.69,0.015923
1767.841016,0.010127,-0.05985,-0.004788,-9.834552,-9.834735,0.001065,-0.005325,0.003195,99379.95,25.69,-0.005468
1767.851107,0.010091,-0.057456,-0.007182,-9.824976,-9.825147,0.001065,-0.00213,0.00213,99379.95,25.69,0.00412
1767.861207,0.0101,-0.055062,-0.02394,-9.796248,-9.796432,0.00213,-0.007455,0.003195,99379.95,25.69,0.032835
1767.871294,0.010087,-0.05985,-0.002394,-9.858492,-9.858674,0.00213,-0.00213,0.00213,99379.95,25.69,-0.029407
1767.881412,0.010118,-0.064638,0.004788,-9.8154,-9.815614,0,-0.00639,0.003195,99379.95,25.69,0.013653
1767.891514,0.010102,-0.105336,0.014364,-9.841734,-9.842308,0.001065,-0.007455,0.00213,99379.95,25.69,-0.013041
1767.90161,0.010096,-0.100548,0.028728,-9.85131,-9.851865,0.001065,-0.003195,0.001065,99379.69,25.69,-0.022598
1767.911713,0.010103,-0.081396,0.02394,-9.832158,-9.832524,0.001065,-0.00426,0.001065,99379.69,25.69,-0.003257
1767.921817,0.010104,-0.086184,0.016758,-9.810612,-9.811005,-0.001065,-0.00426,0,99379.69,25.69,0.018262
1767.931984,0.010167,-0.088578,-0.007182,-9.824976,-9.825378,0.001065,-0.00639,0.001065,99379.69,25.69,0.003889
1767.942035,0.010051,-0.069426,0.016758,-9.82737,-9.82763,0.00213,-0.00426,0.001065,99379.69,25.69,0.001637
1767.952122,0.010087,-0.07182,0,-9.853704,-9.853966,0,-0.005325,0.00213,99379.69,25.69,-0.024699
1767.962567,0.010445,-0.07182,0.016758,-9.824976,-9.825253,0.001065,-0.005325,0.001065,99379.56,25.69,0.004014
1767.972651,0.010083,-0.076608,0.016758,-9.781884,-9.782198,0.001065,-0.00639,0.003195,99379.56,25.69,0.047069
1767.982756,0.010105,-0.10773,0.026334,-9.789066,-9.789694,0.001065,-0.00426,0.00426,99379.56,25.69,0.039573
1767.992889,0.010133,-0.105336,0.021546,-9.82737,-9.827958,0.00213,-0.00639,0,99379.56,25.69,0.001309
1768.002987,0.010098,-0.07182,0,-9.796248,-9.796511,0,-0.00426,0,99379.56,25.69,0.032756
1768.01308,0.010093,-0.08379,0.002394,-9.834552,-9.834909,0.003195,-0.005325,0.00213,99379.56,25.69,-0.005642
1768.023183,0.010103,-0.098154,-0.007182,-9.793854,-9.794348,0.001065,-0.007455,0.001065,99379.47,25.69,0.034919
1768.03341,0.010227,-0.057456,-0.009576,-9.77949,-9.779663,0.003195,-0.005325,0.001065,99379.47,25.69,0.049604
1768.044153,0.010743,-0.086184,-0.009576,-9.808218,-9.808601,0,-0.00639,0.001065,99379.47,25.69,0.020666
1768.055237,0.011084,-0.10773,-0.004788,-9.789066,-9.78966,0.00213,-0.005325,0.003195,99379.47,25.69,0.039607
1768.066246,0.011009,-0.074214,0.004788,-9.79146,-9.791742,0.00426,-0.00639,0.001065,99379.47,25.69,0.037525
1768.077464,0.011217,-0.079002,0.016758,-9.8154,-9.815732,0.00213,-0.005325,0,99379.47,25.69,0.013535
1768.088675,0.011212,-0.067032,0.014364,-9.8154,-9.815639,0.003195,-0.007455,0,99379.47,25.69,0.013628
1768.100018,0.011343,-0.076608,0.002394,-9.817794,-9.818093,0,-0.007455,0.00426,99379.47,25.69,0.011174
1768.111077,0.011059,-0.076608,-0.019152,-9.824976,-9.825293,0.00213,-0.00639,0.00213,99379.47,25.69,0.003974
1768.122156,0.011079,-0.05985,0.014364,-9.836946,-9.837139,0.00426,-0.007455,0.00213,99379.47,25.69,-0.007872
1768.133343,0.011188,-0.086184,0.014364,-9.80343,-9.803819,0.00213,-0.003195,0.00213,99379.47,25.69,0.025448
1768.144644,0.0113,-0.057456,0.03591,-9.832158,-9.832391,0.001065,-0.003195,0.00213,99379.47,25.69,-0.003124
1768.155944,0.0113,-0.064638,0.014364,-9.844128,-9.844351,0.001065,-0.005325,0.00213,99379.44,25.69,-0.015084
1768.166998,0.011055,-0.064638,-0.002394,-9.822582,-9.822795,0.00426,-0.00852,0.001065,99379.44,25.69,0.006472
1768.178224,0.011226,-0.081396,0.021546,-9.841734,-9.842094,0.001065,-0.00426,-0.001065,99379.44,25.69,-0.012827
1768.18925,0.011026,-0.064638,0.016758,-9.836946,-9.837173,0.00213,-0.00426,0.001065,99379.44,25.69,-0.007906
1768.200444,0.011194,-0.074214,-0.004788,-9.85131,-9.851591,0.003195,-0.007455,0.00213,99379.44,25.69,-0.022324
1768.211903,0.011459,-0.05985,0,-9.846522,-9.846704,0.001065,-0.00639,0.001065,99379.39,25.69,-0.017437
1768.223,0.011097,-0.112518,0.033516,-9.841734,-9.842434,0.003195,-0.00852,0.003195,99379.39,25.69,-0.013167
1768.234089,0.011089,-0.038304,-0.021546,-9.832158,-9.832256,-0.001065,-0.00639,0.00213,99379.39,25.69,-0.002989
1768.245185,0.011096,-0.079002,0.002394,-9.80343,-9.803749,0.00213,-0.00426,0.001065,99379.39,25.69,0.025518
1768.256362,0.011177,-0.088578,0.016758,-9.836946,-9.837359,0,-0.005325,0,99379.39,25.69,-0.008092
1768.267764,0.011401,-0.067032,0.014364,-9.820188,-9.820427,0.00213,-0.00426,0.00213,99379.39,25.69,0.00884
1768.278822,0.011059,-0.090972,0.002394,-9.80343,-9.803852,0.00213,-0.007455,0.005325,99379.34,25.69,0.025415
1768.290207,0.011385,-0.093366,0.007182,-9.817794,-9.818241,0.003195,-0.00639,0.003195,99379.34,25.69,0.011026
1768.301186,0.010979,-0.090972,0.009576,-9.810612,-9.811038,0.00213,-0.00426,0.003195,99379.34,25.69,0.018229
1768.312559,0.011373,-0.069426,0.014364,-9.810612,-9.810868,0.003195,-0.00639,0.001065,99379.34,25.69,0.018399
1768.323574,0.011015,-0.08379,-0.004788,-9.810612,-9.810971,-0.001065,-0.00426,0.00213,99379.34,25.69,0.018296
1768.334346,0.010772,-0.081396,0.01197,-9.808218,-9.808563,0.00426,-0.007455,0.00213,99379.34,25.69,0.020704
1768.344445,0.010099,-0.102942,0.014364,-9.810612,-9.811163,0.00213,-0.00426,0.00213,99379.31,25.69,0.018104
1768.354537,0.010092,-0.064638,0.01197,-9.810612,-9.810832,0.003195,-0.00213,0.003195,99379.31,25.69,0.018435
1768.3649,0.010363,-0.100548,0.019152,-9.817794,-9.818328,0,-0.00639,0,99379.31,25.69,0.010939
1768.374978,0.010078,-0.067032,0.019152,-9.80343,-9.803678,0.003195,-0.00426,0.003195,99379.31,25.69,0.025589
1768.385064,0.010086,-0.069426,0.016758,-9.798642,-9.798902,0.00213,-0.005325,0.00213,99379.31,25.69,0.030365
1768.395174,0.01011,-0.076608,0.004788,-9.805824,-9.806124,0,-0.005325,0.001065,99379.31,25.69,0.023143
1768.405297,0.010123,-0.055062,0.014364,-9.80343,-9.803595,0,-0.00639,0.00213,99379.31,25.69,0.025672
1768.415417,0.01012,-0.081396,-0.014364,-9.829764,-9.830111,0.001065,-0.005325,0.003195,99379.24,25.69,-0.000844
1768.425585,0.010168,-0.079002,0.009576,-9.856098,-9.856419,0.00213,-0.00639,0.001065,99379.24,25.69,-0.027152
1768.43586,0.010276,-0.040698,0.028728,-9.841734,-9.84186,0.00213,-0.00639,0.00213,99379.24,25.69,-0.012593
1768.445959,0.010098,-0.098154,0.002394,-9.844128,-9.844618,0.00213,-0.005325,0.003195,99379.24,25.69,-0.015351
1768.456053,0.010094,-0.1197,0.045486,-9.796248,-9.797085,0,-0.007455,0,99379.24,25.69,0.032182
1768.46617,0.010117,-0.081396,0.03591,-9.834552,-9.834954,0.003195,-0.00639,0.003195,99379.24,25.69,-0.005687
1768.476266,0.010096,-0.07182,-0.009576,-9.781884,-9.782152,0.001065,-0.005325,0.00213,99379.24,25.69,0.047115
1768.486372,0.010107,-0.050274,0.021546,-9.860886,-9.861038,0.00213,-0.005325,0.003195,99379.24,25.69,-0.031771
1768.49648,0.010108,-0.028728,-0.021546,-9.832158,-9.832224,0.001065,-0.00426,0,99379.24,25.69,-0.002957
1768.50656,0.01008,-0.057456,-0.028728,-9.841734,-9.841944,0,-0.009585,0.00426,99379.24,25.69,-0.012677
1768.516654,0.010094,-0.033516,-0.016758,-9.834552,-9.834623,0,-0.00213,0.001065,99379.24,25.69,-0.005356
1768.526745,0.010091,-0.031122,-0.002394,-9.832158,-9.832208,0.00213,-0.007455,0.003195,99379.24,25.69,-0.002941
1768.537073,0.010328,-0.08379,0.009576,-9.798642,-9.799005,0,-0.00426,0.001065,99379.26,25.69,0.030262
1768.547157,0.010084,-0.069426,0.026334,-9.82737,-9.827651,0.00213,-0.005325,0.003195,99379.26,25.69,0.001616
1768.557243,0.010086,-0.067032,0.01197,-9.80343,-9.803666,0.00213,-0.003195,0.001065,99379.26,25.69,0.025601
1768.567338,0.010095,-0.110124,0.040698,-9.805824,-9.806527,0.00213,-0.00639,0.005325,99379.26,25.69,0.02274
1768.577456,0.010118,-0.062244,0.002394,-9.824976,-9.825173,0.003195,-0.007455,0.00213,99379.26,25.69,0.004094
1768.587546,0.01009,-0.069426,0.007182,-9.79146,-9.791709,0.001065,-0.003195,0.001065,99379.26,25.69,0.037558
1768.597667,0.010121,-0.069426,0.019152,-9.822582,-9.822846,0,-0.00639,0.003195,99379.26,25.69,0.006421
1768.607757,0.01009,-0.08379,0,-9.824976,-9.825333,0,-0.005325,0.00426,99379.12,25.69,0.003934
1768.617848,0.010091,-0.074214,0.033516,-9.79146,-9.791799,0.00213,-0.005325,0.001065,99379.12,25.69,0.037468
1768.627971,0.010123,-0.114912,0.02394,-9.805824,-9.806527,0.003195,-0.005325,0,99379.12,25.69,0.02274
1768.638067,0.010097,-0.067032,0.02394,-9.832158,-9.832416,0.001065,-0.003195,0.001065,99379.12,25.69,-0.003149
1768.648382,0.010315,-0.100548,0.03591,-9.805824,-9.806405,0.00426,-0.005325,0.003195,99379.12,25.69,0.022862
1768.658477,0.010094,-0.076608,-0.009576,-9.817794,-9.818098,-0.001065,-0.005325,0.001065,99379.12,25.69,0.011169
1768.668649,0.010172,-0.081396,0.002394,-9.824976,-9.825313,0.00213,-0.00639,0,99379.12,25.69,0.003954
1768.678736,0.010086,-0.07182,0.014364,-9.822582,-9.822855,0.003195,-0.00639,0.003195,99379.12,25.69,0.006412
1768.688818,0.010082,-0.086184,-0.002394,-9.846522,-9.846899,0,-0.005325,0,99379.12,25.69,-0.017632
1768.698911,0.010093,-0.08379,0.021546,-9.817794,-9.818175,0.00213,-0.003195,0.00426,99379.12,25.69,0.011092
1768.709044,0.010133,-0.074214,-0.007182,-9.836946,-9.837229,0,-0.005325,0.00426,99379.12,25.69,-0.007962
1768.719157,0.010114,-0.105336,0.002394,-9.829764,-9.830329,0.00213,-0.007455,0.001065,99379.12,25.69,-0.001062
1768.729252,0.010094,-0.086184,-0.014364,-9.832158,-9.832546,-0.001065,-0.005325,0.001065,99379.1,25.69,-0.003279
1768.739362,0.01011,-0.07182,-0.007182,-9.829764,-9.830029,0.001065,-0.007455,0.001065,99379.1,25.69,-0.000762
1768.749471,0.010109,-0.04788,0.009576,-9.824976,-9.825097,0.001065,-0.00852,0.001065,99379.1,25.69,0.00417
1768.759662,0.010191,-0.069426,-0.002394,-9.836946,-9.837191,0.001065,-0.007455,0.003195,99379.1,25.69,-0.007924
1768.769821,0.010159,-0.040698,-0.019152,-9.832158,-9.832261,0.003195,-0.005325,0.003195,99379.1,25.69,-0.002994
1768.779904,0.010083,-0.09576,0.007182,-9.822582,-9.823051,0.001065,-0.005325,0.00213,99379.1,25.69,0.006216
1768.789995,0.010091,-0.07182,0.03591,-9.834552,-9.83488,0.003195,-0.007455,0.003195,99379.1,25.69,-0.005613
1768.800134,0.010139,-0.055062,0.004788,-9.817794,-9.81795,0,-0.00426,0,99379.1,25.69,0.011317
1768.810222,0.010088,-0.102942,0.03591,-9.796248,-9.796855,0.00213,-0.00639,0.001065,99379.1,25.69,0.032412
1768.820324,0.010102,-0.088578,0.031122,-9.817794,-9.818243,0.00213,-0.00639,-0.001065,99379.1,25.69,0.011024
1768.830417,0.010093,-0.07182,0.026334,-9.832158,-9.832456,0.00213,-0.00426,0.003195,99379.1,25.69,-0.003189
1768.840518,0.0101,-0.064638,0.007182,-9.813006,-9.813222,0.003195,-0.00426,0.001065,99379.1,25.69,0.016045
1768.850609,0.010092,-0.093366,0.014364,-9.817794,-9.818248,-0.001065,-0.00426,0.001065,99379.1,25.69,0.011019
1768.861134,0.010525,-0.069426,0.004788,-9.817794,-9.818041,-0.001065,-0.00639,0.003195,99378.99,25.69,0.011226
1768.871231,0.010097,-0.090972,0.009576,-9.834552,-9.834977,0,-0.00639,0.001065,99378.99,25.69,-0.00571
1768.881315,0.010084,-0.081396,0.02394,-9.82737,-9.827736,0.001065,-0.003195,0,99378.99,25.69,0.001531
1768.891409,0.010094,-0.081396,0.004788,-9.796248,-9.796587,0.001065,-0.00426,0.00213,99378.99,25.69,0.03268
1768.901676,0.010267,-0.07182,0.02394,-9.83934,-9.839631,0.00213,-0.00639,0.00213,99378.99,25.69,-0.010364
1768.91176,0.010084,-0.112518,0.004788,-9.80343,-9.804077,0.00213,-0.007455,0.00213,99378.99,25.69,0.02519
1768.921892,0.010132,-0.081396,0.02394,-9.82737,-9.827736,0,-0.00852,0.001065,99379.04,25.69,0.001531
1768.932006,0.010114,-0.093366,-0.009576,-9.832158,-9.832606,0.00213,-0.00426,0.003195,99379.04,25.69,-0.003339
1768.94211,0.010104,-0.074214,-0.014364,-9.796248,-9.79654,0.00213,-0.00426,0.00213,99379.04,25.69,0.032727
1768.952226,0.010116,-0.100548,-0.002394,-9.82737,-9.827885,0.003195,-0.005325,0.001065,99379.04,25.69,0.001382
1768.962314,0.010089,-0.05985,0.007182,-9.848916,-9.8491,0.00213,-0.00639,0.00426,99379.04,25.69,-0.019833
1768.972689,0.010374,-0.081396,-0.009576,-9.829764,-9.830106,0.00213,-0.00426,0.00213,99379.04,25.69,-0.000839
1768.982803,0.010114,-0.098154,-0.009576,-9.82737,-9.827865,0.003195,-0.005325,0,99379,25.69,0.001402
