time,dt,accel_x,accel_y,accel_z,union_g,gyro_x,gyro_y,gyro_z,pressure,temp,ag
1817.916309,0.010867,-0.07182,0.028728,-9.832158,-9.832462,0.001065,-0.00639,0.00426,99275.65,25.71,-0.003195
1817.927529,0.01122,-0.074214,0.01197,-9.83934,-9.839627,0.00213,-0.005325,0.00213,99275.65,25.71,-0.01036
1817.938649,0.01112,-0.052668,-0.01197,-9.798642,-9.798791,0.00213,-0.00639,-0.001065,99275.65,25.71,0.030476
1817.949899,0.011251,-0.098154,-0.002394,-9.82737,-9.82786,0.001065,-0.00639,0,99275.65,25.71,0.001407
1817.961049,0.01115,-0.074214,0.004788,-9.834552,-9.834833,0.00213,-0.00426,0,99275.65,25.71,-0.005566
1817.972196,0.011147,-0.08379,-0.004788,-9.810612,-9.810971,0.00213,-0.007455,0.003195,99275.62,25.71,0.018296
1817.983436,0.01124,-0.079002,0.002394,-9.829764,-9.830082,0.003195,-0.00426,0.00213,99275.62,25.71,-0.000815
1817.994777,0.011342,-0.090972,0.002394,-9.801036,-9.801458,0.001065,-0.00426,0.00213,99275.62,25.71,0.027809
1818.009295,0.014518,-0.076608,0.007182,-9.834552,-9.834853,0.003195,-0.005325,0.003195,99275.62,25.71,-0.005586
1818.019383,0.010088,-0.08379,0.002394,-9.82737,-9.827727,0.003195,-0.00639,0.005325,99275.62,25.71,0.00154
1818.029478,0.010095,-0.07182,-0.009576,-9.822582,-9.822849,0.001065,-0.003195,0.003195,99275.62,25.71,0.006418
1818.039922,0.010443,-0.110124,0.014364,-9.813006,-9.813634,0.001065,-0.009585,0.00213,99275.44,25.71,0.015633
1818.050636,0.010715,-0.090972,0.009576,-9.82737,-9.827796,0,-0.00639,0.00213,99275.44,25.71,0.001471
1818.061634,0.010998,-0.057456,0.007182,-9.853704,-9.853874,0.001065,-0.007455,0.001065,99275.44,25.71,-0.024607
1818.0729,0.011266,-0.081396,0.040698,-9.829764,-9.830185,0.001065,-0.00426,0.003195,99275.44,25.71,-0.000918
1818.08411,0.01121,-0.052668,0.016758,-9.82737,-9.827525,0,-0.00426,0.003195,99275.44,25.71,0.001742
1818.095281,0.011171,-0.052668,0.014364,-9.8154,-9.815552,0.003195,-0.005325,0.00426,99275.44,25.71,0.013715
1818.106455,0.011174,-0.055062,0.02394,-9.813006,-9.81319,0.00213,-0.00426,0.001065,99275.37,25.71,0.016077
1818.11758,0.011124,-0.079002,0.021546,-9.82737,-9.827711,0.00213,-0.003195,0.005325,99275.37,25.71,0.001556
1818.128808,0.011229,-0.062244,0.01197,-9.829764,-9.829968,-0.001065,-0.003195,0,99275.37,25.71,-0.000701
1818.140026,0.011218,-0.045486,0.028728,-9.810612,-9.81076,0,-0.00426,0.001065,99275.37,25.71,0.018507
1818.151225,0.011198,-0.050274,-0.004788,-9.793854,-9.793984,0.001065,-0.007455,0.001065,99275.37,25.71,0.035283
1818.162575,0.01135,-0.098154,0.019152,-9.832158,-9.832667,0.003195,-0.00426,0.003195,99275.37,25.71,-0.0034
1818.173483,0.010909,-0.07182,-0.01197,-9.810612,-9.810882,0.001065,-0.005325,-0.001065,99275.37,25.71,0.018385
1818.184694,0.011211,-0.081396,0.016758,-9.796248,-9.7966,0.00213,-0.00639,0.003195,99275.37,25.71,0.032667
1818.195901,0.011207,-0.098154,-0.02394,-9.822582,-9.823102,0.003195,-0.005325,0.00213,99275.37,25.71,0.006165
1818.20707,0.011169,-0.100548,0.002394,-9.820188,-9.820703,0.001065,-0.00426,0,99275.37,25.71,0.008564
1818.21827,0.0112,-0.110124,0.004788,-9.829764,-9.830382,0.001065,-0.003195,0.00213,99275.37,25.71,-0.001115
1818.228367,0.010096,-0.067032,0,-9.805824,-9.806053,0.00213,-0.007455,0.00213,99275.41,25.71,0.023214
1818.238462,0.010095,-0.093366,0.016758,-9.817794,-9.818252,0.001065,-0.00639,0.00213,99275.41,25.71,0.011015
1818.248559,0.010097,-0.093366,-0.002394,-9.817794,-9.818238,-0.001065,-0.00426,0,99275.41,25.71,0.011029
1818.258744,0.010185,-0.076608,0,-9.846522,-9.84682,0.00213,-0.00426,0.00213,99275.41,25.71,-0.017553
1818.268851,0.010107,-0.093366,0.016758,-9.83934,-9.839797,0.001065,-0.00426,0.001065,99275.41,25.71,-0.01053
1818.278944,0.010093,-0.088578,0.004788,-9.841734,-9.842134,0.001065,-0.00639,0.003195,99275.41,25.71,-0.012867
1818.289061,0.010117,-0.090972,0.002394,-9.8154,-9.815822,0.00213,-0.00639,0.003195,99275.41,25.71,0.013445
1818.299162,0.010102,-0.07182,0.019152,-9.83934,-9.839621,0.003195,-0.00639,0.003195,99275.37,25.71,-0.010354
1818.30927,0.010108,-0.064638,0.01197,-9.810612,-9.810832,0.003195,-0.005325,-0.001065,99275.37,25.71,0.018435
1818.319639,0.010368,-0.067032,-0.01197,-9.813006,-9.813242,0.001065,-0.00639,0.00213,99275.37,25.71,0.016025
1818.329734,0.010096,-0.062244,0.028728,-9.829764,-9.830003,0.00426,-0.00426,0.00426,99275.37,25.71,-0.000736
1818.339847,0.010113,-0.038304,0.01197,-9.813006,-9.813088,0.00213,-0.00426,0.003195,99275.37,25.71,0.016179
1818.350012,0.010164,-0.067032,0.009576,-9.832158,-9.832391,0.00213,-0.00639,0.00213,99275.37,25.71,-0.003124
1818.360092,0.01008,-0.07182,0.016758,-9.822582,-9.822859,0,-0.005325,0.001065,99275.54,25.71,0.006408
1818.370363,0.010272,-0.055062,0.016758,-9.810612,-9.810781,0.001065,-0.00426,0.003195,99275.54,25.71,0.018486
1818.380462,0.010098,-0.079002,0.019152,-9.808218,-9.808555,0.00213,-0.00639,0.001065,99275.54,25.71,0.020712
1818.390545,0.010083,-0.028728,-0.007182,-9.824976,-9.825021,0.001065,-0.005325,0.001065,99275.54,25.71,0.004246
1818.400747,0.010202,-0.069426,0.014364,-9.801036,-9.801292,0.00213,-0.00426,0.001065,99275.54,25.71,0.027975
1818.410971,0.010224,-0.064638,0.007182,-9.824976,-9.825191,0.00213,-0.007455,0.001065,99275.54,25.71,0.004076
1818.421113,0.010141,-0.062244,-0.007182,-9.798642,-9.798842,0.001065,-0.003195,0.00213,99275.59,25.71,0.030425
1818.431211,0.010099,-0.081396,0.004788,-9.817794,-9.818133,0.00426,-0.001065,0,99275.59,25.71,0.011134
1818.441914,0.010702,-0.05985,0.002394,-9.817794,-9.817977,0.003195,-0.007455,0.003195,99275.59,25.71,0.01129
1818.45309,0.011176,-0.086184,0.009576,-9.817794,-9.818177,0,-0.00426,0.00213,99275.59,25.71,0.01109
1818.464272,0.011182,-0.08379,-0.002394,-9.805824,-9.806182,0.001065,-0.00426,0.00426,99275.59,25.71,0.023085
1818.475624,0.011352,-0.090972,-0.004788,-9.817794,-9.818217,0.00213,-0.007455,0.001065,99275.59,25.71,0.01105
1818.486831,0.011207,-0.086184,0,-9.848916,-9.849293,0.003195,-0.00639,0.001065,99275.59,25.71,-0.020026
1818.497825,0.010995,-0.079002,-0.009576,-9.83934,-9.839662,0.003195,-0.00639,0.003195,99275.59,25.71,-0.010395
1818.509035,0.01121,-0.093366,0.002394,-9.79146,-9.791905,0.00213,-0.00426,0.00426,99275.59,25.71,0.037362
1818.520301,0.011266,-0.090972,0.019152,-9.848916,-9.849355,0,-0.005325,0.00213,99275.59,25.71,-0.020088
1818.531658,0.011358,-0.076608,0.01197,-9.841734,-9.842039,0.003195,-0.003195,0.00426,99275.59,25.71,-0.012772
1818.542644,0.010986,-0.050274,0.01197,-9.824976,-9.825112,0.00213,-0.00639,0.00213,99275.59,25.71,0.004155
1818.554064,0.01142,-0.081396,-0.002394,-9.832158,-9.832495,0.001065,-0.005325,0.001065,99275.54,25.71,-0.003228
1818.565108,0.011044,-0.093366,0.019152,-9.824976,-9.825438,0.001065,-0.00426,0.003195,99275.54,25.71,0.003829
1818.576286,0.011179,-0.052668,0.004788,-9.85131,-9.851452,0,-0.003195,0.001065,99275.54,25.71,-0.022185
1818.587402,0.011115,-0.079002,0.007182,-9.832158,-9.832478,0.001065,-0.005325,0.001065,99275.54,25.71,-0.003211
1818.598925,0.011524,-0.112518,0.002394,-9.846522,-9.847165,0.001065,-0.005325,0.001065,99275.54,25.71,-0.017898
1818.60979,0.010865,-0.079002,0.016758,-9.820188,-9.82052,0.00426,-0.005325,0,99275.52,25.71,0.008747
1818.620886,0.011096,-0.090972,0.002394,-9.813006,-9.813428,0.00213,-0.005325,0.001065,99275.52,25.71,0.015839
1818.632396,0.011511,-0.03591,-0.004788,-9.8154,-9.815467,0.001065,-0.005325,0.001065,99275.52,25.71,0.0138
1818.643381,0.010984,-0.08379,0.007182,-9.810612,-9.810972,0.003195,-0.005325,0.00213,99275.52,25.71,0.018295
1818.654585,0.011204,-0.052668,0.016758,-9.810612,-9.810768,0.001065,-0.005325,0.00213,99275.52,25.71,0.018499
1818.666031,0.011447,-0.086184,-0.016758,-9.813006,-9.813399,0.00426,-0.00639,0.00213,99275.52,25.71,0.015868
1818.676809,0.010778,-0.081396,0,-9.798642,-9.79898,0.001065,-0.00426,0.00213,99275.54,25.72,0.030287
1818.688162,0.011353,-0.079002,0.004788,-9.80343,-9.803749,0.001065,-0.00639,-0.001065,99275.54,25.72,0.025518
1818.699243,0.011081,-0.05985,0.016758,-9.824976,-9.825173,0.001065,-0.005325,0.00426,99275.54,25.72,0.004094
1818.710406,0.011163,-0.064638,-0.004788,-9.813006,-9.81322,0.003195,-0.005325,0.001065,99275.54,25.72,0.016047
1818.721564,0.011158,-0.090972,0.009576,-9.829764,-9.83019,0.00213,-0.007455,0.003195,99275.54,25.72,-0.000923
1818.73293,0.011366,-0.086184,-0.002394,-9.813006,-9.813385,0.001065,-0.00426,0.001065,99275.54,25.72,0.015882
1818.744036,0.011105,-0.086184,0.014364,-9.793854,-9.794244,0.00426,-0.00639,-0.001065,99275.67,25.72,0.035023
1818.755308,0.011272,-0.069426,-0.002394,-9.85131,-9.851555,-0.00213,-0.003195,0,99275.67,25.72,-0.022288
1818.766374,0.011066,-0.098154,0.02394,-9.822582,-9.823102,0.003195,-0.00639,0,99275.67,25.72,0.006165
1818.777695,0.011321,-0.088578,-0.01197,-9.79146,-9.791868,0.003195,-0.00852,0.00213,99275.67,25.72,0.037399
1818.788841,0.011146,-0.074214,0.014364,-9.822582,-9.822873,0.001065,-0.005325,0.00213,99275.67,25.72,0.006394
1818.800028,0.011186,-0.10773,0.01197,-9.801036,-9.801635,0.001065,-0.005325,0.00213,99275.67,25.72,0.027632
1818.811143,0.011115,-0.064638,-0.009576,-9.83934,-9.839557,0,-0.005325,0.00426,99275.72,25.71,-0.01029
1818.82222,0.011077,-0.043092,0.021546,-9.813006,-9.813124,0.001065,-0.00426,0.003195,99275.72,25.71,0.016143
1818.833592,0.011372,-0.100548,0.014364,-9.805824,-9.80635,0.001065,-0.003195,0.00213,99275.72,25.71,0.022917
1818.844582,0.010991,-0.086184,-0.002394,-9.813006,-9.813385,0.003195,-0.00852,0.00426,99275.72,25.71,0.015882
1818.855845,0.011263,-0.076608,0.045486,-9.834552,-9.834956,0.00213,-0.00639,0.001065,99275.72,25.71,-0.005689
1818.867024,0.011179,-0.07182,0.028728,-9.820188,-9.820493,0.003195,-0.00213,0,99275.72,25.71,0.008774
1818.878413,0.011389,-0.086184,0.01197,-9.82737,-9.827755,0.00213,-0.005325,0.003195,99275.72,25.71,0.001512
1818.889296,0.010883,-0.074214,0.007182,-9.813006,-9.813289,0.001065,-0.00852,0.001065,99275.72,25.71,0.015978
1818.900534,0.011238,-0.055062,0.01197,-9.82737,-9.827532,-0.001065,-0.00426,0.001065,99275.72,25.71,0.001735
1818.911755,0.011221,-0.076608,0.016758,-9.808218,-9.808531,0.003195,-0.00426,0.003195,99275.72,25.71,0.020736
1818.922869,0.011113,-0.081396,0.028728,-9.820188,-9.820567,0,-0.00426,0.00213,99275.72,25.71,0.0087
1818.934283,0.011414,-0.062244,-0.002394,-9.820188,-9.820386,0.00426,-0.00639,0.003195,99275.8,25.71,0.008881
1818.945349,0.011066,-0.076608,0.01197,-9.805824,-9.806131,0.00426,-0.005325,0.00213,99275.8,25.71,0.023136
1818.95676,0.011412,-0.07182,0.002394,-9.824976,-9.825239,0,-0.003195,0,99275.8,25.71,0.004028
1818.96761,0.010849,-0.093366,0.004788,-9.822582,-9.823027,0.00213,-0.005325,0.003195,99275.8,25.71,0.00624
1818.978861,0.011251,-0.057456,0.014364,-9.822582,-9.822761,0.00213,-0.003195,0.003195,99275.8,25.71,0.006506
1818.989954,0.011093,-0.067032,0.02394,-9.822582,-9.82284,0,-0.007455,0,99275.8,25.71,0.006427
1819.001193,0.011239,-0.052668,-0.021546,-9.798642,-9.798807,0.001065,-0.007455,0.00213,99275.88,25.71,0.03046
1819.012444,0.011251,-0.09576,0.019152,-9.832158,-9.832643,0.00213,-0.00426,0.003195,99275.88,25.71,-0.003376
1819.023589,0.011145,-0.08379,0.009576,-9.820188,-9.82055,0.001065,-0.005325,0.001065,99275.88,25.71,0.008717
1819.03483,0.011241,-0.057456,-0.019152,-9.80343,-9.803617,0.00213,-0.00639,0.00213,99275.88,25.71,0.02565
1819.045894,0.011064,-0.067032,-0.004788,-9.817794,-9.818024,0.001065,-0.00852,0.001065,99275.88,25.71,0.011243
1819.057104,0.01121,-0.079002,0.014364,-9.841734,-9.842062,0.003195,-0.005325,0.003195,99276.05,25.71,-0.012795
1819.068273,0.011168,-0.08379,-0.002394,-9.813006,-9.813364,0.001065,-0.00426,0.001065,99276.05,25.71,0.015903
1819.079506,0.011233,-0.081396,0.033516,-9.798642,-9.799037,0.001065,-0.00426,0.00426,99276.05,25.71,0.03023
1819.090682,0.011176,-0.055062,-0.02394,-9.813006,-9.81319,0.00213,-0.005325,0.001065,99276.05,25.71,0.016077
1819.101816,0.011134,-0.074214,0.009576,-9.824976,-9.825261,-0.001065,-0.00213,0.00213,99276.05,25.71,0.004006
1819.113793,0.011977,-0.08379,0.007182,-9.829764,-9.830124,0.003195,-0.003195,0,99276.05,25.71,-0.000857
1819.124514,0.010721,-0.064638,0,-9.813006,-9.813219,0.001065,-0.005325,0,99276.02,25.71,0.016048
1819.135496,0.010982,-0.07182,0.014364,-9.808218,-9.808491,0.001065,-0.00639,0.001065,99276.02,25.71,0.020776
1819.146585,0.011089,-0.09576,0.038304,-9.822582,-9.823123,0.00213,-0.003195,0.00213,99276.02,25.71,0.006144
1819.157757,0.011171,-0.055062,-0.01197,-9.801036,-9.801198,0.001065,-0.00639,0.001065,99276.02,25.71,0.028069
1819.168916,0.011159,-0.114912,0.004788,-9.80343,-9.804105,0.00213,-0.00426,0.001065,99276.02,25.71,0.025162
1819.180135,0.011219,-0.064638,-0.007182,-9.848916,-9.849131,0.003195,-0.005325,0.001065,99276.02,25.71,-0.019864
1819.191537,0.011402,-0.052668,0.014364,-9.829764,-9.829916,0.001065,-0.005325,-0.001065,99276.02,25.71,-0.000649
1819.20249,0.010954,-0.05985,-0.002394,-9.846522,-9.846704,0.001065,-0.005325,0.00213,99276.02,25.71,-0.017437
1819.213657,0.011166,-0.081396,0.004788,-9.85131,-9.851647,0.00213,-0.00426,0.00213,99276.02,25.71,-0.02238
1819.22485,0.011193,-0.074214,0.038304,-9.820188,-9.820543,0.00213,-0.007455,0.001065,99276.02,25.71,0.008724
1819.236132,0.011282,-0.07182,0.009576,-9.820188,-9.820455,0.003195,-0.005325,0.003195,99276.02,25.71,0.008812
1819.247295,0.011164,-0.102942,0.019152,-9.784278,-9.784838,0.00426,-0.005325,0.003195,99276.02,25.71,0.044429
1819.258429,0.011134,-0.100548,0.004788,-9.810612,-9.811128,0.00213,-0.005325,0.003195,99275.99,25.71,0.018139
1819.269618,0.011188,-0.064638,0.01197,-9.846522,-9.846741,0.00213,-0.00426,0.00426,99275.99,25.71,-0.017474
1819.280826,0.011209,-0.04788,-0.021546,-9.810612,-9.810752,-0.001065,-0.00426,-0.001065,99275.99,25.71,0.018515
1819.291968,0.011142,-0.055062,0.004788,-9.86328,-9.863435,0.001065,-0.00639,0.003195,99275.99,25.71,-0.034168
1819.303199,0.011231,-0.031122,0.007182,-9.829764,-9.829816,0.003195,-0.005325,0.001065,99275.99,25.71,-0.000549
1819.314516,0.011316,-0.057456,-0.004788,-9.832158,-9.832327,0.00213,-0.005325,0.001065,99276.08,25.71,-0.00306
1819.325533,0.011017,-0.04788,0.002394,-9.82737,-9.827487,0.001065,-0.005325,0.001065,99276.08,25.71,0.00178
1819.336694,0.011161,-0.074214,0.028728,-9.810612,-9.810935,0.001065,-0.00426,0.003195,99276.08,25.71,0.018332
1819.347974,0.011281,-0.081396,0.002394,-9.856098,-9.856434,0.00213,-0.007455,0.00426,99276.08,25.71,-0.027167
1819.359139,0.011165,-0.081396,0.007182,-9.79146,-9.791801,0.001065,-0.00639,0.00213,99276.08,25.71,0.037466
1819.370761,0.011622,-0.076608,-0.01197,-9.822582,-9.822888,0.00213,-0.00426,0.001065,99276.08,25.71,0.006379
1819.381575,0.010814,-0.067032,0.014364,-9.829764,-9.830003,0,-0.00639,0.00213,99276.1,25.71,-0.000736
1819.392651,0.011076,-0.062244,0.033516,-9.836946,-9.8372,-0.001065,-0.00426,0.00213,99276.1,25.71,-0.007933
1819.403838,0.011188,-0.050274,0.014364,-9.810612,-9.810751,0.001065,-0.00639,0.003195,99276.1,25.71,0.018516
1819.415065,0.011227,-0.076608,0.050274,-9.832158,-9.832585,0.005325,-0.007455,0.001065,99276.1,25.71,-0.003318
1819.426216,0.011151,-0.105336,0.040698,-9.810612,-9.811262,0.001065,-0.00639,0.003195,99276.1,25.71,0.018005
1819.437355,0.011139,-0.081396,0.02394,-9.805824,-9.806191,0.00213,-0.00639,0.00426,99276.1,25.71,0.023076
1819.448548,0.011193,-0.098154,0.016758,-9.801036,-9.801542,0.001065,-0.00639,0.001065,99276.05,25.71,0.027725
1819.459806,0.011258,-0.064638,0.02394,-9.829764,-9.830006,0.001065,-0.003195,0.00213,99276.05,25.71,-0.000739
1819.470926,0.011121,-0.074214,0.009576,-9.834552,-9.834837,0.003195,-0.00213,0,99276.05,25.71,-0.00557
1819.482084,0.011157,-0.064638,-0.002394,-9.844128,-9.844341,0,-0.007455,0.00213,99276.05,25.71,-0.015074
1819.493314,0.01123,-0.069426,-0.021546,-9.822582,-9.822851,0.001065,-0.01065,0,99276.05,25.71,0.006416
1819.505086,0.011772,-0.090972,-0.002394,-9.810612,-9.811034,0.001065,-0.005325,0.001065,99276.05,25.71,0.018233
1819.515739,0.010652,-0.081396,0.014364,-9.817794,-9.818142,0.00213,-0.00639,0,99276.05,25.71,0.011125
1819.526931,0.011192,-0.076608,0,-9.856098,-9.856396,0.00426,-0.00639,0.003195,99276.05,25.71,-0.027129
1819.538063,0.011132,-0.033516,-0.01197,-9.8154,-9.815465,0,-0.00426,0.00213,99276.05,25.71,0.013802
1819.549199,0.011136,-0.062244,-0.01197,-9.841734,-9.841938,0.001065,-0.00852,0.00213,99276.05,25.71,-0.012671
1819.560638,0.011439,-0.052668,-0.004788,-9.817794,-9.817936,0.001065,-0.003195,0.00213,99276.05,25.71,0.011331
1819.571964,0.011327,-0.064638,-0.033516,-9.832158,-9.832428,0.001065,-0.007455,0,99276.1,25.71,-0.003161
1819.58303,0.011066,-0.09576,0.002394,-9.80343,-9.803898,0.001065,-0.00639,0.003195,99276.1,25.71,0.025369
1819.594054,0.011024,-0.100548,0.021546,-9.784278,-9.784818,0,-0.00639,0.00213,99276.1,25.71,0.044449
1819.60512,0.011067,-0.067032,0.002394,-9.808218,-9.808447,0.00213,-0.00852,0.001065,99276.1,25.71,0.02082
1819.616432,0.011312,-0.08379,0.019152,-9.808218,-9.808595,0.00213,-0.00639,0.003195,99276.1,25.71,0.020672
1819.627754,0.011322,-0.062244,0.028728,-9.834552,-9.834791,0.001065,-0.005325,0.001065,99276.1,25.71,-0.005524
1819.639108,0.011354,-0.093366,0.045486,-9.829764,-9.830313,0.003195,-0.005325,0.00213,99276.23,25.71,-0.001046
1819.649976,0.010868,-0.067032,0.021546,-9.772308,-9.772562,0.00213,-0.00426,0.00213,99276.23,25.71,0.056705
1819.661165,0.011188,-0.076608,0.01197,-9.789066,-9.789373,0.001065,-0.007455,0.00213,99276.23,25.71,0.039894
1819.672316,0.011151,-0.100548,0.03591,-9.798642,-9.799224,0.00213,-0.00639,0.003195,99276.23,25.71,0.030043
1819.682438,0.010122,-0.050274,0.019152,-9.822582,-9.822729,0.00213,-0.00426,-0.001065,99276.23,25.71,0.006538
1819.692516,0.010078,-0.08379,0.002394,-9.836946,-9.837303,0.001065,-0.005325,0.00213,99276.23,25.71,-0.008036
1819.702612,0.010096,-0.076608,0.01197,-9.820188,-9.820494,-0.00213,-0.00426,0.00426,99276.26,25.71,0.008773
1819.712709,0.010097,-0.064638,-0.009576,-9.820188,-9.820405,0.00213,-0.00639,0.003195,99276.26,25.71,0.008862
1819.722807,0.010098,-0.086184,0.038304,-9.822582,-9.823035,0.003195,-0.005325,0.003195,99276.26,25.71,0.006232
1819.732964,0.010156,-0.093366,0.007182,-9.798642,-9.799089,0.00426,-0.001065,0.001065,99276.26,25.71,0.030178
1819.743058,0.010095,-0.076608,0.004788,-9.836946,-9.837245,0.001065,-0.005325,0.001065,99276.26,25.71,-0.007978
1819.753189,0.01013,-0.088578,0.009576,-9.836946,-9.837349,0,-0.00639,0.001065,99276.26,25.71,-0.008082
1819.763282,0.010093,-0.093366,-0.03591,-9.793854,-9.794365,0.00426,-0.003195,0.001065,99276.26,25.71,0.034902
1819.773786,0.010504,-0.074214,-0.033516,-9.820188,-9.820526,0.001065,-0.00426,0.003195,99276.26,25.71,0.008741
1819.78388,0.010094,-0.08379,0.026334,-9.820188,-9.820581,0.00426,-0.00639,0.001065,99276.26,25.71,0.008686
1819.793982,0.010102,-0.100548,0.004788,-9.844128,-9.844643,-0.001065,-0.005325,0,99276.26,25.71,-0.015376
1819.804061,0.010079,-0.074214,-0.021546,-9.829764,-9.830068,0,-0.00639,0.00213,99276.26,25.71,-0.000801
1819.814193,0.010132,-0.090972,0.021546,-9.822582,-9.823027,0.00213,-0.00426,0.003195,99276.26,25.71,0.00624
1819.824304,0.010112,-0.069426,-0.004788,-9.817794,-9.818041,0.001065,-0.005325,0.00213,99276.26,25.71,0.011226
1819.83449,0.010185,-0.069426,-0.004788,-9.829764,-9.83001,0.001065,-0.00426,0.00426,99276.26,25.71,-0.000743
1819.844592,0.010102,-0.05985,-0.007182,-9.846522,-9.846707,0.003195,-0.005325,0.003195,99276.26,25.71,-0.01744
1819.854681,0.010089,-0.040698,0.007182,-9.824976,-9.825063,0.003195,-0.005325,0.00213,99276.26,25.71,0.004204
1819.864767,0.010086,-0.05985,-0.007182,-9.83934,-9.839525,0.00213,-0.00852,0.00213,99276.26,25.71,-0.010258
1819.875529,0.010763,-0.112518,0.02394,-9.846522,-9.847194,0.001065,-0.00426,0,99276.26,25.71,-0.017927
1819.8858,0.010271,-0.081396,0,-9.810612,-9.81095,0.001065,-0.005325,0,99276.26,25.71,0.018317
1819.895928,0.010129,-0.07182,0.02394,-9.82737,-9.827662,0.003195,-0.00426,0.003195,99276.16,25.71,0.001605
1819.906014,0.010086,-0.09576,0.040698,-9.82737,-9.827921,0.00213,-0.00426,0.00426,99276.16,25.71,0.001346
1819.916107,0.010093,-0.079002,0.019152,-9.796248,-9.796585,-0.001065,-0.005325,0.00213,99276.16,25.71,0.032682
1819.926221,0.010113,-0.086184,-0.007182,-9.824976,-9.825357,0.003195,-0.00639,0.005325,99276.16,25.71,0.00391
1819.936333,0.010112,-0.090972,0.031122,-9.846522,-9.846991,0.001065,-0.00639,0.001065,99276.16,25.71,-0.017724
1819.946418,0.010085,-0.067032,0.02394,-9.824976,-9.825234,0.003195,-0.00426,0.001065,99276.16,25.71,0.004033
1819.956539,0.010121,-0.08379,-0.02394,-9.82737,-9.827756,0.00213,-0.007455,-0.001065,99276.16,25.71,0.001511
1819.966725,0.010186,-0.079002,0.021546,-9.817794,-9.818135,0,-0.005325,0.00213,99276.16,25.71,0.011132
1819.976817,0.010092,-0.07182,-0.004788,-9.810612,-9.810876,0.003195,-0.005325,0.001065,99276.16,25.71,0.018391
1819.986904,0.010087,-0.098154,0.014364,-9.822582,-9.823083,0,-0.00639,0.003195,99276.16,25.71,0.006184
1819.997273,0.010369,-0.100548,0.016758,-9.820188,-9.820717,0.00213,-0.005325,0.003195,99276.16,25.71,0.00855
1820.007363,0.010089,-0.086184,0.019152,-9.820188,-9.820585,0.003195,-0.00639,0.001065,99276.16,25.71,0.008682
1820.017443,0.01008,-0.090972,-0.002394,-9.829764,-9.830185,0,-0.00639,0.003195,99276.02,25.71,-0.000918
1820.027606,0.010163,-0.102942,0.002394,-9.820188,-9.820728,0.003195,-0.005325,0.003195,99276.02,25.71,0.008539
1820.037713,0.010107,-0.064638,0,-9.844128,-9.84434,0.00213,-0.005325,0.001065,99276.02,25.71,-0.015073
1820.047821,0.010108,-0.081396,0.026334,-9.841734,-9.842106,0.003195,-0.005325,0.001065,99276.02,25.71,-0.012839
1820.057924,0.010103,-0.093366,0.007182,-9.80343,-9.803877,0.00213,-0.00639,0.001065,99276.02,25.71,0.02539
1820.068019,0.010094,-0.09576,-0.007182,-9.789066,-9.789537,0.001065,-0.00426,0.003195,99276.02,25.71,0.03973
1820.078117,0.010099,-0.069426,-0.004788,-9.813006,-9.813253,0.00213,-0.00852,0.003195,99276.02,25.71,0.016014
1820.088222,0.010104,-0.069426,0.033516,-9.853704,-9.854006,0.003195,-0.00426,0.001065,99275.94,25.71,-0.024739
1820.098321,0.010099,-0.069426,0.004788,-9.810612,-9.810859,0.003195,-0.005325,0.00213,99275.94,25.71,0.018408
1820.108396,0.010076,-0.062244,0.002394,-9.822582,-9.82278,0.003195,-0.00426,0.00213,99275.94,25.71,0.006487
1820.118479,0.010083,-0.07182,-0.016758,-9.841734,-9.84201,0,-0.007455,0.00426,99275.94,25.71,-0.012743
1820.128579,0.010099,-0.074214,0.014364,-9.789066,-9.789358,0.001065,-0.005325,0.003195,99275.94,25.71,0.039909
1820.138719,0.01014,-0.088578,0.028728,-9.808218,-9.80866,0.003195,-0.009585,0.001065,99275.94,25.71,0.020607
1820.148814,0.010095,-0.079002,0.014364,-9.824976,-9.825304,0.001065,-0.00426,0.003195,99276.04,25.72,0.003963
1820.1589,0.010086,-0.052668,0,-9.786672,-9.786814,0.003195,-0.00639,0.003195,99276.04,25.72,0.042453
1820.169083,0.010183,-0.067032,0.009576,-9.82737,-9.827603,0.00213,-0.007455,0.005325,99276.04,25.72,0.001664
1820.179197,0.010114,-0.07182,0.009576,-9.817794,-9.818061,0.003195,-0.00639,0,99276.04,25.72,0.011206
1820.189337,0.010141,-0.062244,0.009576,-9.801036,-9.801238,0.001065,-0.007455,0.001065,99276.04,25.72,0.028029
1820.199445,0.010108,-0.067032,0.007182,-9.820188,-9.820419,0.00213,-0.00639,0.001065,99276.04,25.72,0.008848
1820.20964,0.010194,-0.08379,0.021546,-9.817794,-9.818175,0.001065,-0.00213,0.003195,99276.04,25.72,0.011092
1820.220255,0.010615,-0.086184,0.02394,-9.836946,-9.837353,0,-0.00426,0,99276.04,25.72,-0.008086
1820.23146,0.011205,-0.086184,-0.004788,-9.822582,-9.822961,0.00213,-0.00639,0.00426,99276.04,25.72,0.006306
1820.242675,0.011215,-0.090972,0.021546,-9.796248,-9.796694,0,-0.007455,-0.001065,99276.04,25.72,0.032573
1820.253913,0.011238,-0.04788,0.004788,-9.841734,-9.841852,0.00213,-0.005325,0.00213,99276.04,25.72,-0.012585
1820.266816,0.012902,-0.081396,-0.009576,-9.853704,-9.854045,0.00213,-0.009585,0.00213,99276.04,25.72,-0.024778
1820.276907,0.010092,-0.081396,0.009576,-9.824976,-9.825318,0.001065,-0.00426,0.003195,99275.91,25.71,0.003949
1820.287508,0.0106,-0.076608,-0.014364,-9.82737,-9.827679,0,-0.00426,0.00213,99275.91,25.71,0.001588
1820.298574,0.011066,-0.112518,0.009576,-9.841734,-9.842382,0,-0.003195,0,99275.91,25.71,-0.013115
1820.309761,0.011188,-0.069426,0.007182,-9.820188,-9.820436,0.00426,-0.005325,0.005325,99275.91,25.71,0.008831
1820.320955,0.011193,-0.093366,-0.014364,-9.796248,-9.796703,0.001065,-0.00639,0.001065,99275.91,25.71,0.032564
1820.332193,0.011238,-0.081396,-0.01197,-9.82737,-9.827714,0.00213,-0.00852,0.003195,99275.91,25.71,0.001553
1820.343392,0.011199,-0.098154,0.021546,-9.817794,-9.818308,0.001065,-0.00639,0.003195,99275.89,25.71,0.010959
1820.354645,0.011253,-0.076608,0.021546,-9.801036,-9.801359,0,-0.005325,0.001065,99275.89,25.71,0.027908
1820.365704,0.011059,-0.088578,0.043092,-9.817794,-9.818288,0.001065,-0.005325,0.003195,99275.89,25.71,0.010979
1820.376881,0.011177,-0.088578,-0.004788,-9.808218,-9.808619,0.00213,-0.00639,0.003195,99275.89,25.71,0.020648
1820.388109,0.011228,-0.079002,0.01197,-9.8154,-9.815725,0.00213,-0.005325,0,99275.89,25.71,0.013542
1820.39934,0.011232,-0.069426,0.045486,-9.841734,-9.842084,0.00213,-0.00426,0.003195,99275.99,25.71,-0.012817
1820.410521,0.011181,-0.069426,0.004788,-9.789066,-9.789313,0.00213,-0.005325,0.001065,99275.99,25.71,0.039954
1820.421605,0.011084,-0.08379,0.004788,-9.824976,-9.825334,0.003195,-0.00639,0.00213,99275.99,25.71,0.003933
1820.432869,0.011264,-0.076608,0.021546,-9.832158,-9.83248,0.001065,-0.00639,0.001065,99275.99,25.71,-0.003213
1820.444056,0.011187,-0.074214,0.007182,-9.801036,-9.80132,0,-0.00639,0.001065,99275.99,25.71,0.027947
1820.455295,0.011239,-0.090972,0.026334,-9.822582,-9.823039,0.001065,-0.00639,0.001065,99275.99,25.71,0.006228
1820.466375,0.011079,-0.086184,0,-9.824976,-9.825354,0.00213,-0.005325,0.00213,99276.16,25.72,0.003913
1820.477556,0.011182,-0.055062,0.014364,-9.846522,-9.846686,0.001065,-0.005325,0.001065,99276.16,25.72,-0.017419
1820.488725,0.011168,-0.090972,0.016758,-9.853704,-9.854138,0.003195,-0.00852,0.00213,99276.16,25.72,-0.024871
1820.499922,0.011197,-0.04788,-0.033516,-9.813006,-9.81318,-0.00213,-0.00639,0,99276.16,25.72,0.016087
1820.511164,0.011242,-0.05985,-0.002394,-9.82737,-9.827553,0.00213,-0.007455,0,99276.16,25.72,0.001714
1820.522315,0.011151,-0.05985,0.014364,-9.836946,-9.837139,0.003195,-0.00639,0.00213,99276.16,25.72,-0.007872
1820.533448,0.011133,-0.04788,-0.014364,-9.83934,-9.839467,0.001065,0,0.00213,99276.16,25.72,-0.0102
1820.544648,0.0112,-0.064638,-0.002394,-9.817794,-9.818007,0.003195,-0.00852,0.00213,99276.16,25.72,0.01126
1820.555952,0.011304,-0.081396,0.019152,-9.8154,-9.815756,0.003195,-0.003195,0.001065,99276.16,25.72,0.013511
1820.56702,0.011067,-0.064638,-0.016758,-9.836946,-9.837173,0.001065,-0.003195,0.001065,99276.16,25.72,-0.007906
1820.578231,0.011211,-0.098154,0.009576,-9.8154,-9.815895,0.001065,-0.007455,0.00426,99276.16,25.72,0.013372
1820.589375,0.011144,-0.07182,0.019152,-9.817794,-9.818075,0.00213,-0.005325,0,99276.08,25.71,0.011192
1820.600549,0.011174,-0.117306,0.033516,-9.832158,-9.832915,0.003195,-0.00639,0.00213,99276.08,25.71,-0.003648
1820.611836,0.011287,-0.074214,0.050274,-9.832158,-9.832567,0.003195,-0.00639,0.001065,99276.08,25.71,-0.0033
1820.623086,0.01125,-0.114912,0.004788,-9.793854,-9.794529,0.003195,-0.005325,0.001065,99276.08,25.71,0.034738
1820.634271,0.011185,-0.10773,0.033516,-9.817794,-9.818442,0.001065,-0.00639,0.001065,99276.08,25.71,0.010825
1820.645367,0.011097,-0.09576,0.019152,-9.786672,-9.787159,0.00213,-0.00426,0.00426,99276.08,25.71,0.042108
1820.656502,0.011135,-0.074214,0.031122,-9.836946,-9.837275,0.003195,-0.005325,0.00213,99276.08,25.71,-0.008008
1820.667718,0.011216,-0.064638,-0.01197,-9.834552,-9.834772,0.00426,-0.00426,0.001065,99276.08,25.71,-0.005505
1820.678887,0.011169,-0.074214,0.007182,-9.824976,-9.825259,0,-0.00639,0,99276.08,25.71,0.004008
1820.69004,0.011153,-0.067032,0.01197,-9.810612,-9.810848,0.00426,-0.005325,0.00213,99276.08,25.71,0.018419
1820.701273,0.011233,-0.05985,0.028728,-9.801036,-9.801261,0.00213,-0.003195,0.00426,99276.08,25.71,0.028006
1820.712551,0.011278,-0.064638,-0.007182,-9.808218,-9.808434,0.00213,-0.00639,-0.001065,99276.16,25.71,0.020833
1820.723691,0.011141,-0.074214,-0.002394,-9.841734,-9.842014,0.001065,-0.00426,0.00426,99276.16,25.71,-0.012747
1820.734834,0.011143,-0.076608,0.004788,-9.836946,-9.837245,0.001065,-0.00426,0.00213,99276.16,25.71,-0.007978
1820.745994,0.01116,-0.04788,-0.038304,-9.822582,-9.822773,0.00213,-0.00852,0.00213,99276.16,25.71,0.006494
1820.757202,0.011208,-0.04788,0,-9.8154,-9.815517,0.001065,-0.00639,0.001065,99276.16,25.71,0.01375
1820.768306,0.011103,-0.069426,0.01197,-9.820188,-9.820441,0.001065,-0.005325,0.003195,99276.16,25.71,0.008826
1820.779572,0.011266,-0.069426,0.016758,-9.796248,-9.796508,0.00213,-0.007455,0.003195,99276.11,25.71,0.032759
1820.790686,0.011114,-0.102942,-0.014364,-9.808218,-9.808769,0.001065,-0.00426,0.001065,99276.11,25.71,0.020498
1820.801987,0.011302,-0.081396,0.019152,-9.82737,-9.827726,0.00426,-0.005325,0.00213,99276.11,25.71,0.001541
1820.813089,0.011101,-0.081396,0.009576,-9.836946,-9.837287,0,-0.003195,0.00426,99276.11,25.71,-0.00802
1820.823177,0.010088,-0.05985,-0.014364,-9.824976,-9.825169,0.00426,-0.00426,0.001065,99276.11,25.71,0.004098
1820.833313,0.010136,-0.088578,-0.016758,-9.83934,-9.839753,-0.001065,-0.005325,0.001065,99276.11,25.71,-0.010486
1820.8434,0.010087,-0.076608,0.021546,-9.83934,-9.839662,0.00213,-0.00213,0.001065,99276.11,25.71,-0.010395
1820.853563,0.010163,-0.076608,0.014364,-9.83934,-9.839649,0.003195,-0.005325,0.00213,99276.11,25.71,-0.010382
1820.863647,0.010084,-0.136458,0.007182,-9.808218,-9.80917,0.003195,-0.005325,0.00213,99276.11,25.71,0.020097
1820.873868,0.010221,-0.07182,0.002394,-9.824976,-9.825239,0.001065,-0.003195,0.00213,99276.11,25.71,0.004028
1820.883988,0.010121,-0.10773,0.004788,-9.810612,-9.811205,0.001065,-0.007455,0.00213,99276.11,25.71,0.018062
1820.894097,0.010109,-0.090972,0.026334,-9.83934,-9.839796,0.00213,-0.005325,0.00213,99276.11,25.71,-0.010529
1820.904234,0.010137,-0.100548,0.007182,-9.817794,-9.818311,0,-0.003195,0.001065,99276.35,25.71,0.010956
1820.9145,0.010266,-0.08379,-0.002394,-9.808218,-9.808576,0.00213,-0.00639,0.001065,99276.35,25.71,0.020691
1820.925006,0.010506,-0.088578,0.004788,-9.82737,-9.82777,0,-0.00639,0.00213,99276.35,25.71,0.001497
1820.936238,0.011233,-0.057456,0.01197,-9.829764,-9.829939,0.001065,-0.00426,0.00213,99276.35,25.71,-0.000672
1820.946339,0.0101,-0.055062,-0.016758,-9.817794,-9.817963,0.00213,-0.007455,0.00213,99276.35,25.71,0.011304
1820.95684,0.010502,-0.086184,0.021546,-9.829764,-9.830165,0,-0.00426,0.00213,99276.35,25.71,-0.000898
1820.966964,0.010124,-0.086184,0.004788,-9.805824,-9.806204,0.00213,-0.00426,0.001065,99276.48,25.71,0.023063
1820.977049,0.010085,-0.07182,-0.007182,-9.832158,-9.832423,0.001065,-0.00639,0.001065,99276.48,25.71,-0.003156
1820.987141,0.010092,-0.069426,0.016758,-9.836946,-9.837205,0.001065,-0.007455,0.001065,99276.48,25.71,-0.007938
1820.997254,0.010113,-0.07182,0.004788,-9.813006,-9.81327,0.00213,-0.00213,0,99276.48,25.71,0.015997
1821.007338,0.010083,-0.105336,-0.01197,-9.844128,-9.844699,0.001065,-0.00426,0.003195,99276.48,25.71,-0.015432
1821.017444,0.010107,-0.081396,0.007182,-9.856098,-9.856437,0.00213,-0.00639,0.001065,99276.48,25.71,-0.02717
1821.027529,0.010085,-0.093366,0.016758,-9.805824,-9.806283,0.00213,-0.00426,0.003195,99276.47,25.71,0.022984
1821.038028,0.0105,-0.08379,0.007182,-9.860886,-9.861245,-0.001065,-0.003195,0.001065,99276.47,25.71,-0.031978
1821.048156,0.010128,-0.105336,0.002394,-9.813006,-9.813572,0.00213,-0.00639,0.00213,99276.47,25.71,0.015695
1821.059132,0.010976,-0.08379,0.021546,-9.801036,-9.801418,0.00213,-0.00426,0.00213,99276.47,25.71,0.027849
1821.070327,0.011195,-0.069426,0.02394,-9.824976,-9.82525,0.001065,-0.00426,0.003195,99276.47,25.71,0.004017
1821.081532,0.011205,-0.090972,0.007182,-9.829764,-9.830188,0.00213,-0.005325,0.00426,99276.47,25.71,-0.000921
1821.092919,0.011387,-0.086184,0.009576,-9.8154,-9.815783,0.001065,-0.00852,-0.003195,99276.47,25.71,0.013484
1821.104247,0.011328,-0.057456,-0.002394,-9.822582,-9.82275,0.001065,-0.005325,0.00213,99276.51,25.71,0.006517
1821.115134,0.010887,-0.090972,0.004788,-9.801036,-9.801459,0.00213,-0.007455,0,99276.51,25.71,0.027808
1821.126385,0.011251,-0.100548,0.002394,-9.805824,-9.80634,0,-0.005325,-0.001065,99276.51,25.71,0.022927
1821.137424,0.01104,-0.067032,0.014364,-9.8154,-9.815639,0,-0.003195,0,99276.51,25.71,0.013628
1821.148617,0.011192,-0.050274,0.002394,-9.798642,-9.798771,0.00213,-0.005325,0.003195,99276.51,25.71,0.030496
1821.160106,0.011489,-0.081396,0.014364,-9.841734,-9.842081,0.001065,-0.007455,0,99276.51,25.71,-0.012814
1821.171021,0.010915,-0.043092,0.019152,-9.805824,-9.805937,0.00213,-0.007455,0.001065,99276.51,25.71,0.02333
1821.182193,0.011173,-0.069426,0.004788,-9.796248,-9.796495,0.00426,-0.00426,0.00213,99276.51,25.71,0.032772
1821.193405,0.011211,-0.03591,0.007182,-9.83934,-9.839408,0,-0.003195,-0.001065,99276.51,25.71,-0.010141
1821.204545,0.011141,-0.086184,0.009576,-9.824976,-9.825359,0.00213,-0.00426,0.00213,99276.51,25.71,0.003908
1821.215762,0.011217,-0.026334,-0.007182,-9.82737,-9.827408,0.001065,-0.007455,0.00213,99276.51,25.71,0.001859
1821.226929,0.011167,-0.086184,0.014364,-9.810612,-9.811001,0.003195,-0.005325,0.003195,99276.64,25.72,0.018266
1821.238221,0.011291,-0.064638,0.009576,-9.829764,-9.829981,0.001065,-0.00213,0,99276.64,25.72,-0.000714
1821.249261,0.01104,-0.090972,0.02394,-9.808218,-9.808669,0.001065,-0.005325,0.003195,99276.64,25.72,0.020598
1821.260558,0.011297,-0.076608,0.016758,-9.853704,-9.854016,0.00213,-0.00639,0.001065,99276.64,25.72,-0.024749
1821.271715,0.011157,-0.081396,0.016758,-9.813006,-9.813358,0.00213,-0.00639,0.003195,99276.64,25.72,0.015909
1821.28284,0.011125,-0.090972,0.016758,-9.846522,-9.846956,0.001065,-0.007455,0.00213,99276.64,25.72,-0.017689
1821.294093,0.011253,-0.124488,0.028728,-9.836946,-9.837776,0.00213,-0.00426,0.00213,99276.63,25.72,-0.008509
1821.305203,0.01111,-0.05985,0.01197,-9.796248,-9.796438,0.00213,-0.009585,0.00426,99276.63,25.72,0.032829
1821.316511,0.011308,-0.088578,0.002394,-9.810612,-9.811012,0.003195,-0.00426,0.00213,99276.63,25.72,0.018255
1821.327675,0.011164,-0.10773,0.02394,-9.820188,-9.820808,0.005325,-0.007455,0.00213,99276.63,25.72,0.008459
1821.33877,0.011095,-0.07182,0.004788,-9.822582,-9.822846,0.001065,-0.00639,0.001065,99276.63,25.72,0.006421
1821.349941,0.01117,-0.064638,-0.002394,-9.784278,-9.784492,0.003195,-0.00426,0.003195,99276.67,25.72,0.044775
1821.361135,0.011195,-0.067032,0.01197,-9.8154,-9.815636,0.00213,-0.005325,0.00213,99276.67,25.72,0.013631
1821.372285,0.01115,-0.067032,0.014364,-9.817794,-9.818033,0.00213,-0.005325,0.003195,99276.67,25.72,0.011234
1821.383516,0.011231,-0.08379,-0.002394,-9.83934,-9.839697,0.00213,-0.003195,0,99276.67,25.72,-0.01043
1821.394732,0.011216,-0.081396,0.019152,-9.817794,-9.81815,-0.001065,-0.00639,0.00213,99276.67,25.72,0.011117
1821.40606,0.011328,-0.079002,-0.026334,-9.813006,-9.813359,0.00213,-0.009585,0.001065,99276.67,25.72,0.015908
1821.417046,0.010986,-0.057456,0.007182,-9.786672,-9.786843,0,-0.00852,-0.001065,99276.63,25.72,0.042424
1821.42828,0.011235,-0.057456,-0.016758,-9.817794,-9.817976,0.001065,-0.003195,0.001065,99276.63,25.72,0.011291
1821.439509,0.011229,-0.057456,-0.004788,-9.846522,-9.846691,0.00213,-0.005325,0.00213,99276.63,25.72,-0.017424
1821.45067,0.011161,-0.079002,0,-9.817794,-9.818112,-0.001065,-0.00639,0.001065,99276.63,25.72,0.011155
1821.461776,0.011106,-0.10773,0.016758,-9.848916,-9.849519,0.00213,-0.003195,0.001065,99276.63,25.72,-0.020252
1821.472961,0.011186,-0.057456,0.009576,-9.83934,-9.839512,0.001065,-0.007455,0.003195,99276.63,25.72,-0.010245
1821.484185,0.011223,-0.076608,-0.002394,-9.808218,-9.808517,0.001065,-0.005325,0.00213,99276.63,25.72,0.02075
1821.496076,0.011891,-0.064638,-0.004788,-9.853704,-9.853917,0.00213,-0.005325,0.003195,99276.63,25.72,-0.02465
1821.506545,0.010469,-0.076608,0.009576,-9.846522,-9.846825,0,-0.005325,0,99276.63,25.72,-0.017558
1821.51772,0.011175,-0.057456,0.002394,-9.793854,-9.794023,0,-0.00426,0.00213,99276.63,25.72,0.035244
1821.528861,0.011141,-0.110124,0.033516,-9.808218,-9.808893,0.00426,-0.003195,0.003195,99276.63,25.72,0.020374
1821.540266,0.011405,-0.110124,0.026334,-9.822582,-9.823235,0.00213,-0.009585,0.003195,99276.63,25.72,0.006032
1821.551519,0.011253,-0.064638,0.002394,-9.822582,-9.822795,0.003195,-0.00426,0,99276.63,25.72,0.006472
1821.562514,0.010994,-0.09576,-0.01197,-9.848916,-9.849389,0,-0.007455,0.003195,99276.63,25.72,-0.020122
1821.573609,0.011095,-0.074214,0.021546,-9.817794,-9.818098,0.00213,-0.007455,0.003195,99276.63,25.72,0.011169
1821.584796,0.011187,-0.07182,0.002394,-9.82737,-9.827633,0.00213,-0.005325,0.001065,99276.63,25.72,0.001634
1821.596033,0.011236,-0.045486,0,-9.813006,-9.813111,0.001065,-0.005325,0.00213,99276.63,25.72,0.016156
1821.607237,0.011204,-0.093366,-0.014364,-9.808218,-9.808673,0,-0.00639,0.00213,99276.5,25.72,0.020594
1821.618542,0.011305,-0.093366,0.009576,-9.83934,-9.839788,0.00213,-0.00426,0.00426,99276.5,25.72,-0.010521
1821.629704,0.011162,-0.055062,0.028728,-9.805824,-9.806021,0.001065,-0.00426,-0.001065,99276.5,25.72,0.023246
1821.640776,0.011071,-0.074214,0.002394,-9.793854,-9.794135,0.003195,-0.005325,0.003195,99276.5,25.72,0.035132
1821.652119,0.011343,-0.08379,-0.016758,-9.834552,-9.834923,0.00213,-0.00639,0.00213,99276.5,25.72,-0.005656
1821.663465,0.011346,-0.074214,0.009576,-9.832158,-9.832443,0.001065,-0.00426,-0.001065,99276.5,25.72,-0.003176
1821.675328,0.011863,-0.074214,0.026334,-9.836946,-9.837261,0.00213,-0.00639,0,99276.56,25.72,-0.007994
1821.686809,0.011481,-0.102942,0.016758,-9.841734,-9.842287,0.001065,-0.00639,0.00213,99276.56,25.72,-0.01302
1821.697173,0.010364,-0.079002,0.007182,-9.801036,-9.801357,0.001065,-0.005325,0.001065,99276.56,25.72,0.02791
1821.707952,0.010779,-0.093366,-0.007182,-9.793854,-9.794302,0.001065,-0.003195,0.003195,99276.56,25.72,0.034965
1821.719222,0.01127,-0.090972,0.002394,-9.808218,-9.80864,-0.001065,-0.01065,0.001065,99276.56,25.72,0.020627
1821.73058,0.011358,-0.033516,0.02394,-9.853704,-9.85379,0.003195,-0.005325,0.00426,99276.56,25.72,-0.024523
1821.741492,0.010912,-0.079002,0.014364,-9.853704,-9.854031,0.001065,-0.007455,0.00426,99276.64,25.72,-0.024764
1821.752617,0.011125,-0.038304,0.021546,-9.8154,-9.815498,0.00213,-0.00852,0.003195,99276.64,25.72,0.013769
1821.764029,0.011413,-0.04788,-0.004788,-9.829764,-9.829882,0.001065,-0.00426,0.001065,99276.64,25.72,-0.000615
1821.775139,0.011109,-0.074214,0.002394,-9.832158,-9.832438,0.003195,-0.00426,0.001065,99276.64,25.72,-0.003171
1821.786253,0.011114,-0.057456,0.01197,-9.822582,-9.822757,0.00213,-0.005325,0.00426,99276.64,25.72,0.00651
1821.797391,0.011138,-0.074214,0.002394,-9.813006,-9.813287,0.00213,-0.00639,0.00213,99276.64,25.72,0.01598
1821.808518,0.011127,-0.102942,-0.009576,-9.817794,-9.818338,0.00213,-0.005325,0,99276.64,25.72,0.010929
1821.819737,0.011219,-0.057456,0.031122,-9.8154,-9.815618,0.00426,-0.003195,0,99276.64,25.72,0.013649
1821.830903,0.011166,-0.105336,0.03591,-9.817794,-9.818425,0,-0.005325,0.001065,99276.64,25.72,0.010842
1821.842185,0.011282,-0.090972,-0.007182,-9.848916,-9.849339,0.001065,-0.00426,0.001065,99276.64,25.72,-0.020072
1821.853349,0.011165,-0.079002,0.028728,-9.79146,-9.791821,0.00426,-0.005325,0.001065,99276.64,25.72,0.037446
1821.864546,0.011196,-0.098154,0.01197,-9.813006,-9.813504,0,-0.005325,0,99276.64,25.72,0.015763
1821.875879,0.011333,-0.074214,0.021546,-9.79146,-9.791765,0.00213,-0.00213,0.001065,99276.55,25.72,0.037502
1821.886841,0.010962,-0.100548,-0.009576,-9.813006,-9.813526,0.003195,-0.005325,0.003195,99276.55,25.72,0.015741
1821.898028,0.011187,-0.076608,0.02394,-9.820188,-9.820516,0.003195,-0.00852,0.00426,99276.55,25.72,0.008751
1821.909182,0.011154,-0.040698,-0.016758,-9.836946,-9.837044,0.003195,-0.005325,0.00213,99276.55,25.72,-0.007777
1821.920341,0.011159,-0.062244,-0.014364,-9.805824,-9.806032,0,-0.007455,0.001065,99276.55,25.72,0.023235
1821.931886,0.011545,-0.076608,0,-9.8154,-9.815699,0.003195,-0.00213,0.00213,99276.48,25.72,0.013568
1821.942826,0.01094,-0.081396,-0.014364,-9.844128,-9.844475,0.00213,-0.00639,0.00213,99276.48,25.72,-0.015208
1821.954446,0.01162,-0.067032,0.045486,-9.829764,-9.830098,0.001065,-0.005325,0.00213,99276.48,25.72,-0.000831
1821.965088,0.010642,-0.05985,0.01197,-9.772308,-9.772499,0.003195,-0.007455,0.00213,99276.48,25.72,0.056768
1821.976344,0.011256,-0.067032,0.019152,-9.834552,-9.834799,0.001065,-0.00426,0.00213,99276.48,25.72,-0.005532
1821.987471,0.011127,-0.088578,0.052668,-9.841734,-9.842274,0.00213,-0.005325,0.005325,99276.48,25.72,-0.013007
1821.99878,0.01131,-0.076608,0.016758,-9.808218,-9.808531,0,-0.00639,0.00213,99276.31,25.72,0.020736
1822.009865,0.011084,-0.090972,0.014364,-9.824976,-9.825408,0.001065,-0.007455,0.00213,99276.31,25.72,0.003859
1822.021036,0.011171,-0.10773,0.040698,-9.784278,-9.784956,0.00426,-0.003195,0.001065,99276.31,25.72,0.044311
1822.032284,0.011247,-0.026334,-0.043092,-9.805824,-9.805954,0.00213,-0.00213,0.003195,99276.31,25.72,0.023313
1822.043443,0.011159,-0.016758,-0.019152,-9.856098,-9.856131,0,-0.00639,0.00213,99276.31,25.72,-0.026864
1822.054659,0.011216,-0.052668,-0.028728,-9.872856,-9.873038,0.001065,-0.007455,0.00213,99276.31,25.72,-0.043771
1822.065751,0.011092,-0.050274,-0.019152,-9.889614,-9.88976,0.003195,-0.00426,0.00213,99276.48,25.72,-0.060493
1822.076954,0.011202,-0.100548,0.031122,-9.801036,-9.801601,-0.001065,-0.007455,0.003195,99276.48,25.72,0.027666
1822.088244,0.01129,-0.110124,0.028728,-9.834552,-9.835211,0.001065,-0.00639,0.001065,99276.48,25.72,-0.005944
1822.099353,0.01111,-0.169974,0.069426,-9.76752,-9.769246,0.00213,-0.00852,0,99276.48,25.72,0.060021
1822.110517,0.011164,-0.160398,0.076608,-9.760338,-9.761956,0.001065,-0.00639,0.001065,99276.48,25.72,0.067311
1822.12168,0.011163,-0.136458,0.033516,-9.784278,-9.785287,0,-0.00213,0,99276.56,25.72,0.04398
1822.132845,0.011165,-0.088578,0.040698,-9.77949,-9.779976,0.00213,-0.00639,0.001065,99276.56,25.72,0.049291
1822.144097,0.011253,-0.086184,-0.014364,-9.85131,-9.851697,0.001065,-0.00426,-0.003195,99276.56,25.72,-0.02243
1822.155412,0.011315,-0.040698,-0.028728,-9.858492,-9.858618,-0.00213,-0.00426,0.003195,99276.56,25.72,-0.029351
1822.166517,0.011105,-0.050274,-0.052668,-9.808218,-9.808488,-0.001065,-0.007455,0,99276.56,25.72,0.020779
1822.177903,0.011386,-0.057456,-0.050274,-9.829764,-9.83006,0.001065,-0.005325,0.001065,99276.56,25.72,-0.000793
1822.188802,0.010899,-0.055062,-0.019152,-9.829764,-9.829937,0.00213,-0.005325,0.001065,99276.56,25.72,-0.00067
1822.199988,0.011186,-0.05985,-0.009576,-9.832158,-9.832345,0,-0.003195,0.00426,99276.56,25.72,-0.003078
1822.211184,0.011196,-0.069426,-0.021546,-9.801036,-9.801306,0.00426,-0.005325,0.00426,99276.56,25.72,0.027961
1822.222335,0.011151,-0.03591,0.009576,-9.846522,-9.846592,0.003195,-0.005325,0.00426,99276.56,25.72,-0.017325
1822.23353,0.011195,-0.057456,-0.002394,-9.82737,-9.827538,0.00213,-0.007455,0.00426,99276.56,25.72,0.001729
1822.244841,0.011311,-0.074214,0.026334,-9.822582,-9.822898,0,-0.00426,0.001065,99276.56,25.72,0.006369
1822.256933,0.012092,-0.052668,0.045486,-9.8154,-9.815647,0.00213,-0.00639,0.001065,99276.69,25.72,0.01362
1822.267203,0.010271,-0.074214,0.04788,-9.808218,-9.808616,0.00213,-0.00639,0.00426,99276.69,25.72,0.020651
1822.278326,0.011123,-0.067032,0.038304,-9.824976,-9.825279,0.001065,-0.00639,0.00426,99276.69,25.72,0.003988
1822.288454,0.010127,-0.050274,0.009576,-9.844128,-9.844261,0.001065,-0.00213,0.003195,99276.69,25.72,-0.014994
1822.298548,0.010094,-0.105336,0.055062,-9.832158,-9.832876,0.00213,-0.00426,0.001065,99276.69,25.72,-0.003609
1822.308641,0.010093,-0.090972,0.050274,-9.829764,-9.830314,0,-0.003195,0,99276.69,25.72,-0.001047
1822.318784,0.010144,-0.074214,0.031122,-9.798642,-9.798972,0.00213,-0.00426,0,99276.8,25.72,0.030295
1822.32889,0.010105,-0.110124,0.057456,-9.80343,-9.804217,0.003195,-0.00639,0.00213,99276.8,25.72,0.02505
1822.338988,0.010099,-0.086184,0.02394,-9.80343,-9.803838,0.001065,-0.00639,0.001065,99276.8,25.72,0.025429
1822.349192,0.010204,-0.110124,0.026334,-9.834552,-9.835204,0.00213,-0.003195,0.00213,99276.8,25.72,-0.005937
1822.359326,0.010135,-0.13167,0.040698,-9.810612,-9.81158,0.001065,-0.003195,0,99276.8,25.72,0.017687
1822.369438,0.010112,-0.112518,0.007182,-9.77949,-9.78014,-0.001065,-0.005325,0.001065,99276.8,25.72,0.049127
1822.37953,0.010092,-0.090972,-0.01197,-9.853704,-9.854131,0.001065,-0.00426,0.001065,99276.83,25.72,-0.024864
1822.389622,0.010092,-0.079002,-0.007182,-9.841734,-9.842054,0,-0.00426,0.001065,99276.83,25.72,-0.012787
1822.399723,0.010101,-0.069426,-0.040698,-9.829764,-9.830093,0,-0.003195,0.001065,99276.83,25.72,-0.000826
1822.409866,0.010143,-0.074214,-0.055062,-9.810612,-9.811047,0.00213,-0.00852,0.003195,99276.83,25.72,0.01822
1822.419954,0.010089,-0.040698,-0.031122,-9.83934,-9.839473,0,-0.005325,0.00213,99276.83,25.72,-0.010206
1822.43007,0.010115,-0.055062,-0.03591,-9.786672,-9.786893,0.00213,-0.00639,0.003195,99276.83,25.72,0.042374
1822.440197,0.010127,-0.093366,-0.004788,-9.817794,-9.818239,0.001065,-0.00639,0.003195,99276.83,25.72,0.011028
1822.450507,0.01031,-0.033516,0,-9.829764,-9.829821,0.00213,-0.003195,0.003195,99276.83,25.72,-0.000554
1822.460607,0.0101,-0.064638,0.004788,-9.805824,-9.806038,-0.001065,-0.00639,0.00213,99276.83,25.72,0.023229
1822.470752,0.010146,-0.064638,0.016758,-9.834552,-9.834779,-0.00213,-0.005325,0.001065,99276.83,25.72,-0.005512
1822.480843,0.01009,-0.081396,0.031122,-9.820188,-9.820575,0.00213,-0.005325,0.001065,99276.83,25.72,0.008692
1822.491339,0.010496,-0.043092,0.021546,-9.817794,-9.817912,0.00213,-0.00426,0.00213,99276.83,25.72,0.011355
1822.501475,0.010136,-0.114912,0.055062,-9.832158,-9.832984,0.001065,-0.003195,-0.001065,99276.83,25.72,-0.003717
1822.511557,0.010082,-0.081396,0.031122,-9.813006,-9.813393,0.003195,-0.00639,0,99276.83,25.72,0.015874
1822.521647,0.010091,-0.088578,0.045486,-9.810612,-9.811117,0.001065,-0.005325,0.00213,99276.83,25.72,0.01815
1822.531738,0.010091,-0.081396,0.02394,-9.8154,-9.815767,0.001065,-0.00426,0,99276.83,25.72,0.0135
1822.54183,0.010091,-0.076608,0.052668,-9.80343,-9.803871,0.001065,-0.003195,-0.001065,99276.83,25.72,0.025396
1822.551916,0.010087,-0.081396,0.02394,-9.8154,-9.815767,0.00213,-0.00426,0,99276.83,25.72,0.0135
1822.562022,0.010106,-0.052668,0.021546,-9.853704,-9.853868,0.00213,-0.005325,0.001065,99276.83,25.72,-0.024601
1822.572107,0.010085,-0.074214,0.009576,-9.853704,-9.853988,0.003195,-0.003195,-0.00213,99276.83,25.72,-0.024721
1822.582203,0.010096,-0.062244,0.021546,-9.793854,-9.794075,0.003195,-0.005325,-0.001065,99276.83,25.72,0.035192
1822.592291,0.010088,-0.10773,0.014364,-9.83934,-9.83994,0.00213,-0.00639,0.00213,99276.83,25.72,-0.010673
1822.602691,0.0104,-0.067032,-0.007182,-9.813006,-9.813238,0,-0.005325,0.00213,99276.83,25.72,0.016029
1822.613841,0.01115,-0.079002,0.019152,-9.817794,-9.818131,0.00213,-0.005325,0,99276.83,25.72,0.011136
1822.624994,0.011152,-0.050274,-0.028728,-9.810612,-9.810783,0.001065,-0.00639,0.00213,99276.83,25.72,0.018484
1822.636348,0.011355,-0.052668,-0.014364,-9.822582,-9.822734,0.003195,-0.007455,0.003195,99276.86,25.72,0.006533
1822.647399,0.01105,-0.076608,-0.02394,-9.813006,-9.813334,0.00213,-0.00426,0.001065,99276.86,25.72,0.015933
1822.658587,0.011188,-0.10773,0.004788,-9.801036,-9.801629,0.001065,-0.00639,0.00426,99276.86,25.72,0.027638
1822.669826,0.011238,-0.09576,0.033516,-9.79146,-9.791986,0.00213,-0.007455,0.00213,99276.86,25.72,0.037281
1822.680955,0.01113,-0.10773,0.031122,-9.805824,-9.806465,0.00213,-0.00639,0.005325,99276.86,25.72,0.022802
1822.692132,0.011177,-0.093366,0,-9.801036,-9.801481,0.00213,-0.00639,0.003195,99276.86,25.72,0.027786
1822.703332,0.011199,-0.074214,0.009576,-9.80343,-9.803716,0.005325,-0.003195,0.003195,99276.75,25.72,0.025551
1822.714584,0.011252,-0.067032,0.014364,-9.829764,-9.830003,0.003195,-0.00639,0.00213,99276.75,25.72,-0.000736
1822.725696,0.011112,-0.04788,0.004788,-9.83934,-9.839458,0,-0.00639,0.001065,99276.75,25.72,-0.010191
1822.736815,0.011119,-0.064638,0.016758,-9.82737,-9.827597,0.00213,-0.005325,0.00213,99276.75,25.72,0.00167
1822.748047,0.011233,-0.033516,0.002394,-9.844128,-9.844185,0.003195,-0.00426,0.00213,99276.75,25.72,-0.014918
1822.759245,0.011198,-0.086184,0.009576,-9.8154,-9.815783,0.00213,-0.005325,0.00213,99276.8,25.72,0.013484
1822.770404,0.011159,-0.081396,0.016758,-9.817794,-9.818146,0.001065,-0.00426,0.001065,99276.8,25.72,0.011121
1822.781602,0.011198,-0.079002,0.033516,-9.8154,-9.815775,0.00213,-0.01065,0.00213,99276.8,25.72,0.013492
1822.792721,0.011118,-0.076608,0.019152,-9.834552,-9.834869,0.00213,-0.00639,0.001065,99276.8,25.72,-0.005602
1822.804074,0.011353,-0.050274,0.019152,-9.80343,-9.803578,0,-0.00426,-0.001065,99276.8,25.72,0.025689
1822.815269,0.011196,-0.043092,0.004788,-9.822582,-9.822678,0,-0.00639,0.00213,99276.8,25.72,0.006589
1822.826337,0.011068,-0.067032,-0.002394,-9.801036,-9.801266,0.00213,-0.00639,0.001065,99276.8,25.72,0.028001
1822.837491,0.011154,-0.050274,0.002394,-9.813006,-9.813135,0.00213,-0.00426,0.00426,99276.8,25.72,0.016132
1822.848696,0.011205,-0.033516,0.01197,-9.796248,-9.796313,0.00213,-0.00852,0.00426,99276.8,25.72,0.032954
1822.859902,0.011207,-0.062244,0.009576,-9.817794,-9.817996,0.00213,-0.005325,0.001065,99276.8,25.72,0.011271
1822.871096,0.011193,-0.090972,0.007182,-9.8154,-9.815824,0.001065,-0.00426,0.003195,99276.8,25.72,0.013443
1822.882345,0.01125,-0.098154,0.050274,-9.820188,-9.820807,0.001065,-0.003195,0,99276.8,25.72,0.00846
1822.893418,0.011073,-0.076608,0.038304,-9.813006,-9.81338,0,-0.00426,0,99276.74,25.72,0.015887
1822.904591,0.011173,-0.102942,0.002394,-9.82737,-9.827909,0.003195,-0.007455,0.001065,99276.74,25.72,0.001358
1822.915851,0.011261,-0.105336,0.016758,-9.841734,-9.842312,0.003195,-0.00426,0.001065,99276.74,25.72,-0.013045
1822.927016,0.011165,-0.09576,0.016758,-9.846522,-9.847002,0.003195,-0.00426,0.001065,99276.74,25.72,-0.017735
1822.938252,0.011236,-0.102942,0.002394,-9.808218,-9.808758,0.001065,-0.00213,0.00213,99276.74,25.72,0.020509
1822.949387,0.011135,-0.13167,0.016758,-9.824976,-9.825873,0.00639,-0.007455,0.00213,99276.91,25.72,0.003394
1822.960524,0.011137,-0.07182,0.019152,-9.848916,-9.849196,0.00426,-0.005325,0.00213,99276.91,25.72,-0.019929
1822.971792,0.011268,-0.105336,0.016758,-9.834552,-9.83513,0.003195,-0.00639,0,99276.91,25.72,-0.005863
1822.982922,0.01113,-0.079002,-0.009576,-9.853704,-9.854025,0,-0.00213,0,99276.91,25.72,-0.024758
1822.994225,0.011302,-0.057456,0.026334,-9.85131,-9.851513,0.001065,-0.007455,0.003195,99276.91,25.72,-0.022246
1823.005278,0.011054,-0.067032,0.031122,-9.817794,-9.818072,0.00213,-0.005325,0.00213,99276.91,25.72,0.011195
1823.016572,0.011294,-0.067032,-0.004788,-9.80343,-9.80366,0.003195,-0.005325,0.001065,99276.83,25.72,0.025607
1823.027625,0.011053,-0.07182,0,-9.824976,-9.825238,0.001065,-0.00639,0.00426,99276.83,25.72,0.004029
1823.038859,0.011234,-0.050274,0.026334,-9.810612,-9.810776,0.00213,-0.005325,0.003195,99276.83,25.72,0.018491
1823.050011,0.011152,-0.074214,0,-9.796248,-9.796529,0.001065,-0.00639,-0.00213,99276.83,25.72,0.032738
1823.061308,0.011297,-0.079002,-0.002394,-9.832158,-9.832476,0,-0.003195,0.00426,99276.83,25.72,-0.003209
1823.072703,0.011395,-0.040698,0.004788,-9.832158,-9.832243,0.003195,-0.005325,0.003195,99276.83,25.72,-0.002976
1823.08385,0.011147,-0.069426,0.004788,-9.805824,-9.806071,0.003195,-0.00852,0.003195,99276.77,25.72,0.023196
1823.094802,0.010951,-0.062244,-0.004788,-9.796248,-9.796447,0.00213,-0.00426,0.00213,99276.77,25.72,0.03282
1823.106027,0.011226,-0.079002,-0.004788,-9.846522,-9.84684,0.00213,-0.00639,-0.001065,99276.77,25.72,-0.017573
1823.117217,0.01119,-0.050274,0.004788,-9.834552,-9.834682,0.00213,-0.005325,0,99276.77,25.72,-0.005415
1823.128297,0.01108,-0.069426,0.014364,-9.817794,-9.81805,0,-0.005325,0,99276.77,25.72,0.011217
1823.139737,0.01144,-0.055062,0.040698,-9.865674,-9.865912,0.00213,-0.00426,0.001065,99276.77,25.72,-0.036645
1823.150663,0.010926,-0.055062,0.021546,-9.83934,-9.839518,0.00213,-0.00426,0.001065,99276.77,25.72,-0.010251
1823.161865,0.011202,-0.105336,0.031122,-9.810612,-9.811227,0,-0.00213,0.001065,99276.77,25.72,0.01804
1823.17303,0.011165,-0.141246,0.016758,-9.820188,-9.821218,0,-0.005325,0.001065,99276.77,25.72,0.008049
1823.184787,0.011757,-0.076608,0.01197,-9.829764,-9.83007,0.003195,-0.007455,0.00426,99276.77,25.72,-0.000803
1823.19555,0.010763,-0.141246,0.031122,-9.832158,-9.833222,0.00213,-0.007455,0.00213,99276.77,25.72,-0.003955
1823.20668,0.01113,-0.052668,-0.033516,-9.856098,-9.856296,0,-0.003195,0.00213,99276.86,25.72,-0.027029
1823.21778,0.0111,-0.057456,0.014364,-9.824976,-9.825154,0.001065,-0.009585,0.003195,99276.86,25.72,0.004113
1823.228992,0.011213,-0.100548,-0.007182,-9.8154,-9.815918,0.00213,-0.00639,0,99276.86,25.72,0.013349
1823.240202,0.01121,-0.02394,0.004788,-9.822582,-9.822612,0.001065,-0.009585,0.001065,99276.86,25.72,0.006655
1823.251354,0.011152,-0.122094,0.019152,-9.75555,-9.756333,0,-0.007455,0.001065,99276.86,25.72,0.072934
1823.262584,0.01123,-0.1197,0.007182,-9.836946,-9.837677,0.00213,-0.005325,0.00213,99276.86,25.72,-0.00841
1823.273812,0.011228,-0.043092,0.014364,-9.834552,-9.834657,0.00213,-0.007455,0.003195,99276.9,25.72,-0.00539
1823.284842,0.01103,-0.069426,0.009576,-9.841734,-9.841984,0,-0.005325,0.00213,99276.9,25.72,-0.012717
1823.296131,0.011289,-0.043092,-0.019152,-9.817794,-9.817907,0.00213,-0.003195,0.00213,99276.9,25.72,0.01136
1823.307408,0.011277,-0.03591,0.026334,-9.834552,-9.834653,0.001065,-0.005325,0.001065,99276.9,25.72,-0.005386
1823.318448,0.01104,-0.052668,-0.016758,-9.836946,-9.837101,0.001065,-0.003195,0.003195,99276.9,25.72,-0.007834
1823.329699,0.011251,-0.043092,-0.002394,-9.786672,-9.786767,0.00213,-0.00852,0.003195,99276.9,25.72,0.0425
1823.340787,0.011088,-0.117306,0.014364,-9.798642,-9.799355,0.00213,-0.00639,0.003195,99276.86,25.72,0.029912
1823.352081,0.011294,-0.100548,0.026334,-9.805824,-9.806375,0.00426,-0.003195,0,99276.86,25.72,0.022892
1823.363222,0.011141,-0.076608,0.014364,-9.801036,-9.801346,0.00213,-0.005325,0,99276.86,25.72,0.027921
1823.374468,0.011246,-0.076608,0.016758,-9.820188,-9.820501,0.001065,-0.005325,0.00213,99276.86,25.72,0.008766
1823.385538,0.01107,-0.07182,-0.002394,-9.832158,-9.832421,0.00213,-0.003195,0.003195,99276.86,25.72,-0.003154
1823.396734,0.011196,-0.03591,0.004788,-9.810612,-9.810679,0.001065,-0.00639,0.00426,99276.91,25.72,0.018588
1823.408043,0.011309,-0.10773,0.02394,-9.805824,-9.806445,0.003195,-0.00852,0.005325,99276.91,25.72,0.022822
1823.419322,0.011279,-0.086184,0.004788,-9.750762,-9.751144,0.00426,-0.005325,0.00213,99276.91,25.72,0.078123
1823.430389,0.011067,-0.05985,0.021546,-9.74358,-9.743788,-0.001065,-0.005325,-0.00213,99276.91,25.72,0.085479
1823.441434,0.011045,-0.098154,0.014364,-9.762732,-9.763236,0.003195,-0.00852,0.001065,99276.91,25.72,0.066031
1823.452918,0.011483,-0.067032,0.038304,-9.757944,-9.758249,0.00213,-0.005325,0.00213,99276.91,25.72,0.071018
1823.464271,0.011353,-0.090972,-0.004788,-9.8154,-9.815823,0.001065,-0.005325,0.00213,99277.02,25.72,0.013444
1823.475125,0.010854,-0.088578,0.007182,-9.853704,-9.854105,0.001065,-0.007455,0.003195,99277.02,25.72,-0.024838
1823.486235,0.01111,-0.076608,0.028728,-9.86328,-9.863619,0.003195,-0.00213,0.001065,99277.02,25.72,-0.034352
1823.497401,0.011167,-0.090972,0.028728,-9.853704,-9.854166,0.00213,-0.007455,0.001065,99277.02,25.72,-0.024899
1823.508562,0.011161,-0.079002,0.014364,-9.846522,-9.846849,0.00213,-0.00213,0.001065,99277.02,25.72,-0.017582
1823.519793,0.011231,-0.081396,0.009576,-9.870462,-9.870802,-0.00213,-0.00639,0.003195,99277.02,25.72,-0.041535
1823.531194,0.0114,-0.105336,0.026334,-9.86328,-9.863878,0.003195,-0.005325,0.001065,99277.02,25.72,-0.034611
1823.542233,0.011039,-0.081396,0.004788,-9.860886,-9.861223,0,-0.00426,0.003195,99277.02,25.72,-0.031956
1823.553304,0.011071,-0.07182,-0.002394,-9.870462,-9.870724,0.00213,-0.005325,0,99277.02,25.72,-0.041457
1823.564495,0.011191,-0.04788,-0.007182,-9.889614,-9.889733,0.001065,-0.007455,0,99277.02,25.72,-0.060466
1823.575731,0.011236,-0.074214,0.01197,-9.884826,-9.885112,-0.001065,-0.001065,0.001065,99277.02,25.72,-0.055845
1823.586964,0.011233,-0.090972,0,-9.836946,-9.837367,0.003195,-0.00639,0.001065,99277.02,25.72,-0.0081
1823.598061,0.011098,-0.07182,0.016758,-9.856098,-9.856374,0,-0.005325,0.00213,99276.99,25.72,-0.027107
1823.609207,0.011146,-0.074214,0.009576,-9.846522,-9.846806,0.001065,-0.003195,0.00213,99276.99,25.72,-0.017539
1823.620415,0.011209,-0.055062,0.021546,-9.836946,-9.837124,-0.001065,-0.00639,0,99276.99,25.72,-0.007857
1823.631657,0.011241,-0.07182,-0.014364,-9.817794,-9.818067,0,-0.00639,0.00213,99276.99,25.72,0.0112
1823.642779,0.011122,-0.067032,0.01197,-9.80343,-9.803666,0.00213,-0.00426,0.00213,99276.99,25.72,0.025601
1823.654734,0.011955,-0.062244,0.026334,-9.832158,-9.83239,0.001065,-0.00213,0.001065,99277.02,25.72,-0.003123
1823.665123,0.010389,-0.069426,-0.002394,-9.832158,-9.832403,0,-0.005325,0.00213,99277.02,25.72,-0.003136
1823.676346,0.011222,-0.050274,0.016758,-9.829764,-9.829907,0.003195,-0.00426,0.001065,99277.02,25.72,-0.00064
1823.68757,0.011224,-0.069426,-0.004788,-9.853704,-9.85395,0.001065,-0.005325,0.00213,99277.02,25.72,-0.024683
1823.697663,0.010093,-0.05985,0.01197,-9.85131,-9.851499,0.001065,-0.003195,0.003195,99277.02,25.72,-0.022232
1823.707757,0.010094,-0.090972,0.009576,-9.858492,-9.858916,0.003195,-0.00426,0.00213,99277.02,25.72,-0.029649
1823.71783,0.010073,-0.064638,-0.004788,-9.877644,-9.877857,0.003195,-0.005325,-0.001065,99277.02,25.72,-0.04859
1823.728404,0.010574,-0.064638,0.002394,-9.848916,-9.849128,0.001065,-0.005325,0.001065,99277.02,25.72,-0.019861
1823.738488,0.010084,-0.074214,0.004788,-9.880038,-9.880318,0.005325,-0.005325,0.00213,99277.02,25.72,-0.051051
1823.748578,0.01009,-0.079002,0.014364,-9.870462,-9.870789,0.005325,-0.005325,0.003195,99277.02,25.72,-0.041522
1823.758664,0.010085,-0.079002,0.002394,-9.872856,-9.873172,0.003195,-0.00639,0.00426,99277.02,25.72,-0.043905
1823.768765,0.010102,-0.055062,-0.004788,-9.889614,-9.889768,0,-0.00639,0.00213,99277.02,25.72,-0.060501
1823.778852,0.010087,-0.086184,0.021546,-9.915948,-9.916346,0,-0.003195,0.001065,99277.02,25.72,-0.087079
1823.788936,0.010083,-0.081396,0.028728,-9.89919,-9.899566,0.00213,-0.00213,0,99276.98,25.72,-0.070299
1823.799046,0.010111,-0.088578,0.019152,-9.913554,-9.913968,0,-0.00426,0.001065,99276.98,25.72,-0.084701
1823.809182,0.010136,-0.069426,0.021546,-9.925524,-9.92579,0.00426,-0.00639,0.00213,99276.98,25.72,-0.096523
1823.819272,0.01009,-0.08379,0.004788,-9.918342,-9.918697,0.003195,-0.00639,0.00213,99276.98,25.72,-0.08943
1823.829362,0.01009,-0.09576,0.007182,-9.906372,-9.906837,0,-0.00639,0.00213,99276.98,25.72,-0.07757
1823.839461,0.010099,-0.086184,0,-9.927918,-9.928292,0.00213,-0.003195,0.001065,99276.98,25.72,-0.099025
1823.849745,0.010285,-0.050274,0.002394,-9.94707,-9.947197,0.001065,-0.003195,0.001065,99276.98,25.72,-0.11793
1823.859834,0.010089,-0.090972,0.028728,-9.97101,-9.971466,0.003195,-0.007455,0.001065,99276.98,25.72,-0.142199
1823.869925,0.010091,-0.09576,0.026334,-9.990162,-9.990656,0.001065,-0.003195,0.00213,99276.98,25.72,-0.161389
1823.880038,0.010112,-0.04788,-0.004788,-10.004526,-10.004642,0.001065,-0.005325,0,99276.98,25.72,-0.175375
1823.89018,0.010143,-0.086184,0.028728,-10.011708,-10.01212,0.003195,-0.00426,0.001065,99276.98,25.72,-0.182853
1823.900558,0.010377,-0.069426,0.02394,-9.97101,-9.97128,0.003195,-0.005325,0.003195,99276.98,25.72,-0.142013
1823.910648,0.01009,-0.079002,-0.009576,-10.021284,-10.0216,0,-0.00426,0.00213,99276.82,25.72,-0.192333
1823.920754,0.010106,-0.052668,0.02394,-9.997344,-9.997511,0,-0.003195,0,99276.82,25.72,-0.168244
1823.930837,0.010083,-0.067032,0.007182,-9.999738,-9.999965,0.003195,-0.005325,0.00426,99276.82,25.72,-0.170698
1823.940923,0.010086,-0.081396,-0.009576,-10.038042,-10.038377,0,-0.005325,0.00213,99276.82,25.72,-0.20911
1823.951029,0.010105,-0.07182,0.007182,-10.035648,-10.035908,0.00213,-0.00426,0.00213,99276.82,25.72,-0.206641
1823.961113,0.010084,-0.05985,0.007182,-10.047618,-10.047799,0.00213,-0.005325,0.00213,99276.82,25.72,-0.218532
1823.97125,0.010138,-0.086184,0.004788,-10.069164,-10.069534,0.001065,-0.005325,0.00213,99276.9,25.72,-0.240267
1823.981367,0.010117,-0.052668,-0.007182,-10.07874,-10.07888,0.001065,-0.003195,0.001065,99276.9,25.72,-0.249613
1823.991481,0.010114,-0.100548,0.014364,-10.073952,-10.074464,0.00213,-0.00639,0,99276.9,25.72,-0.245197
1824.001593,0.010112,-0.076608,0.002394,-10.06677,-10.067062,0.00213,-0.007455,0.00213,99276.9,25.72,-0.237795
1824.011697,0.010104,-0.081396,0.002394,-10.06677,-10.067099,0,-0.005325,0.001065,99276.9,25.72,-0.237832
1824.021803,0.010106,-0.08379,0.004788,-10.100286,-10.100635,0.001065,-0.007455,0,99276.9,25.72,-0.271368
1824.032075,0.010272,-0.079002,0.031122,-10.081134,-10.081492,0.00213,-0.00639,0.001065,99276.9,25.72,-0.252225
1824.042406,0.010331,-0.07182,0.014364,-10.131408,-10.131673,0.003195,-0.005325,0.003195,99276.93,25.72,-0.302406
1824.052488,0.010082,-0.069426,0.026334,-10.064376,-10.06465,0,-0.00426,0.00213,99276.93,25.72,-0.235383
1824.062581,0.010092,-0.093366,0.004788,-10.121832,-10.122264,0.00213,-0.007455,0.00213,99276.93,25.72,-0.292997
1824.072684,0.010103,-0.076608,0.026334,-10.109862,-10.110187,0.001065,-0.00213,0.00213,99276.93,25.72,-0.28092
1824.082778,0.010095,-0.062244,0.014364,-10.07874,-10.078942,0.001065,-0.005325,0.00213,99276.93,25.72,-0.249675
1824.09288,0.010102,-0.062244,-0.002394,-10.100286,-10.100478,0.001065,-0.005325,0.001065,99276.93,25.72,-0.271211
1824.102975,0.010095,-0.09576,0.007182,-10.11465,-10.115106,0.003195,-0.00639,0.00213,99276.85,25.72,-0.285839
1824.113538,0.010563,-0.067032,0.019152,-10.088316,-10.088557,0.003195,-0.005325,0.00426,99276.85,25.72,-0.25929
1824.123631,0.010094,-0.088578,0.028728,-10.081134,-10.081564,0,-0.00639,0,99276.85,25.72,-0.252297
1824.13371,0.010079,-0.069426,0.009576,-10.112256,-10.112499,0.001065,-0.003195,0.003195,99276.85,25.72,-0.283232
1824.143808,0.010098,-0.114912,0.009576,-10.119438,-10.120095,0.003195,-0.00639,0.00426,99276.85,25.72,-0.290828
1824.153905,0.010097,-0.098154,0.026334,-10.105074,-10.105585,0.00426,-0.005325,0.00213,99276.85,25.72,-0.276318
1824.164001,0.010096,-0.08379,0.01197,-10.119438,-10.119792,0.001065,-0.00426,0.00213,99276.85,25.72,-0.290525
1824.174317,0.010316,-0.050274,0.01197,-10.10268,-10.102812,0,-0.00426,0.00213,99276.85,25.72,-0.273545
1824.184426,0.01011,-0.081396,0.007182,-10.11465,-10.11498,0,-0.007455,0.003195,99276.85,25.72,-0.285713
1824.194519,0.010092,-0.086184,0.021546,-10.121832,-10.122222,0.001065,-0.00213,-0.00213,99276.85,25.72,-0.292955
1824.204662,0.010144,-0.03591,0,-10.10268,-10.102744,0.001065,-0.005325,0.003195,99276.85,25.72,-0.273477
1824.214762,0.0101,-0.090972,-0.01197,-10.083528,-10.083945,-0.001065,-0.00639,0.001065,99276.85,25.72,-0.254678
1824.225215,0.010454,-0.076608,0.021546,-10.117044,-10.117357,0.003195,-0.005325,0,99276.91,25.72,-0.28809
1824.235319,0.010104,-0.057456,-0.016758,-10.105074,-10.105251,0,-0.005325,0.00213,99276.91,25.72,-0.275984
1824.245456,0.010137,-0.067032,0.014364,-10.179288,-10.179519,0.00213,-0.00639,0.00426,99276.91,25.72,-0.350252
1824.255575,0.010118,-0.055062,0.016758,-10.133802,-10.133965,0.00213,-0.005325,0.00213,99276.91,25.72,-0.304698
1824.265673,0.010098,-0.08379,0,-10.121832,-10.122179,0.00213,-0.00639,0.001065,99276.91,25.72,-0.292912
1824.275754,0.010082,-0.079002,0.028728,-10.157742,-10.15809,0,-0.005325,0.001065,99276.91,25.72,-0.328823
1824.285892,0.010138,-0.067032,0.01197,-10.179288,-10.179516,0.00213,-0.00639,0.001065,99276.93,25.72,-0.350249
1824.295986,0.010094,-0.050274,0.002394,-10.152954,-10.153079,0.00213,-0.007455,0.001065,99276.93,25.72,-0.323812
1824.306116,0.010131,-0.088578,0.004788,-10.188864,-10.18925,0.003195,-0.007455,0.005325,99276.93,25.72,-0.359983
1824.316239,0.010123,-0.07182,0.002394,-10.181682,-10.181936,0.005325,-0.005325,0.00213,99276.93,25.72,-0.352669
1824.326325,0.010086,-0.086184,-0.004788,-10.208016,-10.208381,0.001065,-0.00639,0.003195,99276.93,25.72,-0.379114
1824.336597,0.010272,-0.110124,0.033516,-10.217592,-10.21824,0.00213,-0.00426,0.00213,99276.93,25.72,-0.388973
1824.347188,0.010591,-0.062244,0.021546,-10.22238,-10.222592,0.001065,-0.00426,0.003195,99276.93,25.72,-0.393325
1824.357317,0.010129,-0.090972,-0.004788,-10.239138,-10.239543,0.00213,-0.007455,0.00426,99277.15,25.72,-0.410276
1824.367431,0.010114,-0.086184,0.02394,-10.231956,-10.232347,0.00213,-0.00426,0.001065,99277.15,25.72,-0.40308
1824.377812,0.010381,-0.100548,0.014364,-10.22238,-10.222885,0.00426,-0.005325,0.00213,99277.15,25.72,-0.393618
1824.387899,0.010087,-0.081396,-0.004788,-10.239138,-10.239463,0.00213,-0.00426,0.001065,99277.15,25.72,-0.410196
1824.398,0.0101,-0.114912,0.033516,-10.203228,-10.20393,0.00213,-0.00639,0.001065,99277.15,25.72,-0.374663
1824.408097,0.010097,-0.08379,0.031122,-10.219986,-10.220377,0.003195,-0.003195,0.00213,99277.15,25.72,-0.39111
1824.418459,0.010362,-0.074214,0.002394,-10.23435,-10.234619,0.001065,-0.007455,0.001065,99277.26,25.72,-0.405352
1824.428557,0.010098,-0.086184,0.03591,-10.227168,-10.227594,0.001065,-0.00426,0.001065,99277.26,25.72,-0.398327
1824.438648,0.010091,-0.057456,0.014364,-10.219986,-10.220158,0.00213,-0.007455,0,99277.26,25.72,-0.390891
1824.448988,0.01034,-0.110124,-0.007182,-10.260684,-10.261277,0.003195,-0.005325,0.00213,99277.26,25.72,-0.43201
1824.459171,0.010183,-0.081396,-0.002394,-10.253502,-10.253825,0.00213,-0.00639,0.00426,99277.26,25.72,-0.424558
1824.469286,0.010116,-0.086184,0.009576,-10.275048,-10.275414,0.003195,-0.005325,0.003195,99277.26,25.72,-0.446147
1824.479442,0.010156,-0.088578,0.004788,-10.291806,-10.292188,0.00213,-0.00426,-0.001065,99277.26,25.72,-0.462921
1824.489527,0.010085,-0.067032,0.014364,-10.301382,-10.30161,0.00213,-0.00852,0.003195,99277.26,25.72,-0.472343
1824.499638,0.01011,-0.076608,0,-10.27026,-10.270546,0.00213,-0.00639,0.001065,99277.26,25.72,-0.441279
1824.509754,0.010117,-0.086184,0.016758,-10.303776,-10.30415,0.00426,-0.00639,0.007455,99277.26,25.72,-0.474883
1824.519997,0.010242,-0.079002,-0.002394,-10.301382,-10.301685,0.001065,-0.00426,0,99277.26,25.72,-0.472418
1824.530094,0.010097,-0.064638,0.026334,-10.310958,-10.311194,0.00213,-0.00426,0.001065,99277.26,25.72,-0.481927
1824.540206,0.010112,-0.10773,0,-10.337292,-10.337853,0.00213,-0.00426,0.003195,99277.26,25.72,-0.508586
1824.550375,0.010169,-0.086184,0.009576,-10.327716,-10.32808,0.00213,-0.00852,0.005325,99277.38,25.72,-0.498813
1824.560799,0.010424,-0.081396,-0.021546,-10.33011,-10.330453,0.001065,-0.005325,0.001065,99277.38,25.72,-0.501186
1824.571023,0.010224,-0.088578,-0.002394,-10.31814,-10.31852,0.003195,-0.00852,0.00213,99277.38,25.72,-0.489253
1824.581131,0.010109,-0.08379,0.01197,-10.35405,-10.354396,0.00213,-0.005325,0.003195,99277.38,25.72,-0.525129
1824.591283,0.010151,-0.079002,-0.01197,-10.33011,-10.330419,0.001065,-0.005325,0.001065,99277.38,25.72,-0.501152
1824.601385,0.010102,-0.110124,-0.002394,-10.351656,-10.352242,0.003195,-0.00639,0.00213,99277.38,25.72,-0.522975
1824.611552,0.010166,-0.081396,0.021546,-10.31814,-10.318484,0.00213,-0.00639,0.003195,99277.34,25.72,-0.489217
1824.621677,0.010126,-0.05985,-0.002394,-10.344474,-10.344647,0.003195,-0.00426,0.001065,99277.34,25.72,-0.51538
1824.631761,0.010084,-0.07182,0.016758,-10.332504,-10.332767,0.003195,-0.007455,0,99277.34,25.72,-0.5035
1824.641984,0.010223,-0.090972,0.031122,-10.368414,-10.36886,0,-0.00426,0.00213,99277.34,25.72,-0.539593
1824.652186,0.010202,-0.076608,0.016758,-10.351656,-10.351953,0.001065,-0.003195,0.00426,99277.34,25.72,-0.522686
1824.662276,0.01009,-0.1197,0.038304,-10.37799,-10.378751,0,-0.00852,0,99277.34,25.72,-0.549484
1824.672659,0.010383,-0.081396,0.004788,-10.356444,-10.356765,0.00213,-0.00639,0.001065,99277.33,25.72,-0.527498
1824.682781,0.010122,-0.114912,0.026334,-10.327716,-10.328389,0,-0.003195,0.00213,99277.33,25.72,-0.499122
1824.692909,0.010128,-0.105336,0.055062,-10.344474,-10.345157,0.001065,-0.00426,0,99277.33,25.72,-0.51589
1824.703014,0.010105,-0.08379,0.014364,-10.320534,-10.320884,0.001065,-0.00639,0.001065,99277.33,25.72,-0.491617
1824.713104,0.010089,-0.08379,0.01197,-10.30617,-10.306518,0.00213,-0.005325,0.00213,99277.33,25.72,-0.477251
1824.723337,0.010234,-0.086184,0.038304,-10.301382,-10.301814,0.001065,-0.00639,0.00213,99277.33,25.72,-0.472547
1824.733699,0.010361,-0.055062,0.028728,-10.30617,-10.306357,0.001065,-0.005325,0.001065,99277.25,25.72,-0.47709
1824.743797,0.010098,-0.08379,0.002394,-10.332504,-10.332844,0.00213,-0.00213,0.00213,99277.25,25.72,-0.503577
1824.753902,0.010106,-0.07182,0.014364,-10.27026,-10.270521,0.001065,-0.00852,0.00213,99277.25,25.72,-0.441254
1824.763987,0.010085,-0.088578,-0.014364,-10.320534,-10.320924,0.003195,-0.00639,0.003195,99277.25,25.72,-0.491657
1824.774092,0.010105,-0.069426,0.028728,-10.28223,-10.282505,0.001065,-0.005325,0.003195,99277.25,25.72,-0.453238
1824.784527,0.010435,-0.100548,-0.01197,-10.31814,-10.318637,0.001065,-0.00426,0.001065,99277.25,25.72,-0.48937
1824.794751,0.010223,-0.074214,0,-10.332504,-10.332771,0.00426,-0.005325,0.001065,99277.25,25.72,-0.503504
1824.804901,0.01015,-0.064638,0.009576,-10.315746,-10.315953,0.001065,-0.007455,0.003195,99277.25,25.72,-0.486686
1824.814988,0.010087,-0.076608,0.009576,-10.322928,-10.323217,0.00213,-0.005325,0.00213,99277.25,25.72,-0.49395
1824.825169,0.010182,-0.067032,-0.007182,-10.313352,-10.313572,0.001065,-0.00639,0,99277.25,25.72,-0.484305
1824.835279,0.010109,-0.088578,-0.002394,-10.296594,-10.296975,0.00213,-0.005325,0.00213,99277.25,25.72,-0.467708
1824.845363,0.010084,-0.074214,0.021546,-10.313352,-10.313642,0,-0.00213,0.001065,99277.25,25.72,-0.484375
1824.855477,0.010114,-0.069426,0.021546,-10.315746,-10.316002,0.00213,-0.00213,0.001065,99277.25,25.72,-0.486735
1824.865583,0.010105,-0.098154,0.007182,-10.349262,-10.34973,0.005325,-0.00639,0.003195,99277.02,25.72,-0.520463
1824.875684,0.010102,-0.10773,0.02394,-10.327716,-10.328306,0.001065,-0.005325,0,99277.02,25.72,-0.499039
1824.885782,0.010098,-0.07182,0.014364,-10.320534,-10.320794,0.001065,-0.00639,0.00213,99277.02,25.72,-0.491527
1824.895881,0.010099,-0.105336,0.009576,-10.308564,-10.309107,0.00213,-0.00426,0.001065,99277.02,25.72,-0.47984
1824.905984,0.010103,-0.076608,0.014364,-10.310958,-10.311253,0.001065,-0.005325,0,99277.02,25.72,-0.481986
1824.91799,0.012006,-0.114912,0.014364,-10.30617,-10.306821,0.003195,-0.00639,0.001065,99277.02,25.72,-0.477554
1824.929064,0.011073,-0.069426,0.016758,-10.315746,-10.315993,0.001065,-0.005325,0.001065,99276.96,25.72,-0.486726
1824.940379,0.011315,-0.110124,0.01197,-10.325322,-10.325916,0.001065,-0.00639,0.001065,99276.96,25.72,-0.496649
1824.951542,0.011163,-0.074214,0.028728,-10.315746,-10.316053,0.001065,-0.00426,0,99276.96,25.72,-0.486786
1824.962832,0.01129,-0.062244,0.016758,-10.291806,-10.292008,0.001065,-0.005325,0.001065,99276.96,25.72,-0.462741
1824.973885,0.011053,-0.081396,0.019152,-10.325322,-10.325661,0,-0.00426,0.003195,99276.96,25.72,-0.496394
1824.983975,0.01009,-0.090972,0.009576,-10.33011,-10.330515,0.001065,-0.003195,0.00213,99276.86,25.72,-0.501248
1824.994076,0.010102,-0.05985,0,-10.291806,-10.29198,0.00213,-0.005325,0.00426,99276.86,25.72,-0.462713
1825.004161,0.010084,-0.045486,0.004788,-10.2942,-10.294302,0.001065,-0.007455,0.003195,99276.86,25.72,-0.465035
1825.014263,0.010103,-0.062244,-0.038304,-10.332504,-10.332762,-0.001065,-0.007455,0.001065,99276.86,25.72,-0.503495
1825.024377,0.010113,-0.033516,-0.002394,-10.315746,-10.315801,0.00213,-0.005325,0.00213,99276.86,25.72,-0.486534
1825.034782,0.010405,-0.076608,0.019152,-10.315746,-10.316048,0.00426,-0.00426,0.00213,99276.86,25.72,-0.486781
1825.045002,0.010219,-0.069426,0.007182,-10.322928,-10.323164,0,-0.00639,0.003195,99276.86,25.72,-0.493897
1825.055113,0.010112,-0.062244,0.009576,-10.315746,-10.315938,0.001065,-0.003195,0,99276.96,25.72,-0.486671
1825.065221,0.010108,-0.112518,-0.004788,-10.308564,-10.309179,0.003195,-0.00426,0.003195,99276.96,25.72,-0.479912
1825.075314,0.010093,-0.098154,-0.019152,-10.308564,-10.309049,0.003195,-0.00639,0.003195,99276.96,25.72,-0.479782
1825.085647,0.010333,-0.079002,-0.007182,-10.325322,-10.325627,0.001065,-0.00639,0.001065,99276.96,25.72,-0.49636
1825.096843,0.011196,-0.090972,-0.002394,-10.33011,-10.330511,0.001065,-0.005325,0.003195,99276.96,25.72,-0.501244
1825.107985,0.011143,-0.086184,0.021546,-10.332504,-10.332886,0.00213,-0.005325,0.00213,99276.96,25.72,-0.503619
1825.119196,0.011211,-0.064638,0,-10.308564,-10.308767,0.001065,-0.00639,0.003195,99276.96,25.72,-0.4795
1825.130423,0.011226,-0.08379,0.021546,-10.339686,-10.340048,0,-0.00426,0,99276.96,25.72,-0.510781
1825.141782,0.011359,-0.079002,0.009576,-10.313352,-10.313659,0,-0.00852,0,99276.96,25.72,-0.484392
1825.152783,0.011001,-0.090972,0.026334,-10.337292,-10.337726,0.003195,-0.00639,0.001065,99276.96,25.72,-0.508459
1825.163938,0.011154,-0.08379,0.019152,-10.327716,-10.328074,0.00213,-0.00639,0.001065,99276.96,25.72,-0.498807
1825.175261,0.011324,-0.08379,0.01197,-10.315746,-10.316093,0.00213,-0.005325,0.003195,99276.74,25.72,-0.486826
1825.186337,0.011076,-0.079002,0.007182,-10.325322,-10.325627,0.00213,-0.007455,0.00213,99276.74,25.72,-0.49636
1825.197651,0.011314,-0.076608,-0.002394,-10.322928,-10.323213,0.003195,-0.00639,0.003195,99276.74,25.72,-0.493946
1825.208884,0.011233,-0.088578,0,-10.308564,-10.308945,0,-0.00639,0.003195,99276.74,25.72,-0.479678
1825.219855,0.01097,-0.07182,-0.002394,-10.337292,-10.337542,0.00213,-0.00852,0.001065,99276.74,25.72,-0.508275
1825.231118,0.011263,-0.07182,0.007182,-10.308564,-10.308817,0.001065,-0.00639,0.003195,99276.74,25.72,-0.47955
1825.24225,0.011133,-0.1197,0.004788,-10.31814,-10.318835,0.00213,-0.00426,0.003195,99276.48,25.72,-0.489568
1825.253362,0.011112,-0.098154,0.021546,-10.34208,-10.342568,0.00213,-0.00426,0.00213,99276.48,25.72,-0.513301
1825.264783,0.011421,-0.057456,-0.004788,-10.30617,-10.306331,0.001065,-0.003195,0.003195,99276.48,25.72,-0.477064
1825.275856,0.011073,-0.076608,-0.004788,-10.349262,-10.349547,0.001065,-0.00639,0.001065,99276.48,25.72,-0.52028
1825.287014,0.011158,-0.057456,0.014364,-10.351656,-10.351825,0.00213,-0.00426,-0.001065,99276.48,25.72,-0.522558
1825.29842,0.011406,-0.093366,0.016758,-10.334898,-10.335333,0.003195,-0.00852,0.003195,99276.48,25.72,-0.506066
1825.309348,0.010928,-0.09576,0.026334,-10.327716,-10.328194,0.003195,-0.003195,0.003195,99276.34,25.72,-0.498927
1825.320518,0.011171,-0.098154,0.026334,-10.298988,-10.299489,0.001065,-0.005325,0.005325,99276.34,25.72,-0.470222
1825.331755,0.011237,-0.100548,0.04788,-10.322928,-10.323529,0.001065,-0.007455,-0.001065,99276.34,25.72,-0.494262
1825.342841,0.011085,-0.088578,0.02394,-10.337292,-10.337699,0.001065,-0.00426,0.005325,99276.34,25.72,-0.508432
1825.354226,0.011385,-0.105336,0.014364,-10.315746,-10.316294,0.003195,-0.005325,0,99276.34,25.72,-0.487027
1825.365394,0.011168,-0.033516,-0.01197,-10.334898,-10.334959,0.00213,-0.00426,0.001065,99276.05,25.72,-0.505692
1825.376414,0.011021,-0.079002,-0.019152,-10.322928,-10.323248,0,-0.00426,0.001065,99276.05,25.72,-0.493981
1825.387618,0.011203,-0.076608,0.016758,-10.337292,-10.337589,0.003195,-0.00639,0.003195,99276.05,25.72,-0.508322
1825.398907,0.011289,-0.081396,0.050274,-10.310958,-10.311402,0.00213,-0.00639,0.001065,99276.05,25.72,-0.482135
1825.409999,0.011092,-0.090972,0.031122,-10.315746,-10.316194,0.001065,-0.00639,-0.001065,99276.05,25.72,-0.486927
1825.421138,0.01114,-0.093366,0.040698,-10.337292,-10.337794,0.00213,-0.005325,0.00213,99276.05,25.72,-0.508527
1825.432383,0.011245,-0.08379,0.026334,-10.334898,-10.335271,0.00213,-0.00639,-0.00213,99276.05,25.72,-0.506004
1825.443561,0.011178,-0.055062,-0.026334,-10.315746,-10.315927,0.005325,-0.005325,0.00213,99276.05,25.72,-0.48666
1825.454876,0.011315,-0.069426,-0.026334,-10.346868,-10.347134,0.00213,-0.003195,0,99276.05,25.72,-0.517867
1825.465912,0.011036,-0.079002,-0.016758,-10.315746,-10.316062,0.00213,-0.00639,0.003195,99276.05,25.72,-0.486795
1825.477085,0.011173,-0.090972,0.009576,-10.301382,-10.301788,0.001065,-0.00639,0.003195,99276.05,25.72,-0.472521
1825.488367,0.011282,-0.086184,0.01197,-10.320534,-10.320901,0.00213,-0.003195,0.00213,99276.05,25.72,-0.491634
1825.49955,0.011184,-0.117306,0.019152,-10.339686,-10.340369,0.00213,-0.005325,0.005325,99275.73,25.72,-0.511102
1825.510664,0.011114,-0.098154,0.014364,-10.30617,-10.306647,0.00213,-0.00639,0.003195,99275.73,25.72,-0.47738
1825.521823,0.011158,-0.09576,0.026334,-10.351656,-10.352132,0.001065,-0.005325,0.001065,99275.73,25.72,-0.522865
1825.533028,0.011205,-0.040698,-0.007182,-10.30617,-10.306253,0.00426,-0.00426,0.001065,99275.73,25.72,-0.476986
1825.544252,0.011224,-0.064638,0.016758,-10.303776,-10.303992,0.001065,-0.005325,0,99275.73,25.72,-0.474725
1825.555519,0.011267,-0.105336,-0.01197,-10.346868,-10.347411,0.00213,-0.007455,0.001065,99275.48,25.72,-0.518144
1825.566681,0.011162,-0.079002,0.014364,-10.313352,-10.313665,0.00213,-0.00639,0.00213,99275.48,25.72,-0.484398
1825.577792,0.011111,-0.088578,0.016758,-10.30617,-10.306564,0,-0.007455,0.003195,99275.48,25.72,-0.477297
1825.588928,0.011136,-0.102942,0.004788,-10.315746,-10.316261,0.00426,-0.00639,0.00426,99275.48,25.72,-0.486994
1825.6001,0.011171,-0.081396,0.021546,-10.327716,-10.328059,0,-0.00426,0.003195,99275.48,25.72,-0.498792
1825.61134,0.011241,-0.088578,-0.007182,-10.337292,-10.337674,0.00213,-0.00426,0.003195,99275.48,25.72,-0.508407
1825.622484,0.011143,-0.052668,-0.002394,-10.325322,-10.325457,0.001065,-0.005325,-0.001065,99275.21,25.72,-0.49619
1825.633761,0.011277,-0.079002,-0.002394,-10.351656,-10.351958,0.00213,-0.005325,0.00213,99275.21,25.72,-0.522691
1825.644843,0.011082,-0.05985,0.016758,-10.308564,-10.308751,0.00213,-0.00639,0,99275.21,25.72,-0.479484
1825.656212,0.011369,-0.074214,0.014364,-10.315746,-10.316023,0.003195,-0.005325,0.00213,99275.21,25.72,-0.486756
1825.667247,0.011036,-0.08379,0,-10.349262,-10.349601,0.001065,-0.007455,0.003195,99275.21,25.72,-0.520334
1825.678442,0.011195,-0.09576,0.016758,-10.313352,-10.31381,0.00213,-0.00426,0,99275.21,25.72,-0.484543
1825.689574,0.011132,-0.05985,0.01197,-10.34208,-10.34226,0.00213,-0.003195,0.00213,99274.73,25.72,-0.512993
1825.700776,0.011203,-0.050274,-0.009576,-10.327716,-10.327843,0.00213,-0.007455,0.001065,99274.73,25.72,-0.498576
1825.711958,0.011182,-0.079002,-0.007182,-10.322928,-10.323233,0,-0.005325,0.00426,99274.73,25.72,-0.493966
1825.723179,0.011221,-0.074214,-0.01197,-10.356444,-10.356717,0.003195,-0.007455,0.00213,99274.73,25.72,-0.52745
1825.734393,0.011214,-0.098154,0.009576,-10.2942,-10.294672,0.00213,-0.009585,0,99274.73,25.72,-0.465405
1825.745518,0.011125,-0.09576,0.009576,-10.31814,-10.318589,0.00213,-0.00639,0.001065,99274.73,25.72,-0.489322
1825.756797,0.011279,-0.117306,0.033516,-10.303776,-10.304498,0.001065,-0.00426,0.00213,99274.73,25.72,-0.475231
1825.767943,0.011146,-0.081396,0.004788,-10.310958,-10.31128,0.00213,-0.00639,0.001065,99274.73,25.72,-0.482013
1825.779084,0.011141,-0.088578,-0.014364,-10.334898,-10.335288,0,-0.003195,0.001065,99274.73,25.72,-0.506021
1825.790289,0.011205,-0.050274,-0.01197,-10.325322,-10.325451,0.00213,-0.00639,0.00213,99274.73,25.72,-0.496184
1825.80144,0.011151,-0.093366,0.040698,-10.346868,-10.347369,0.00213,-0.00852,0.003195,99274.73,25.72,-0.518102
1825.812664,0.011224,-0.07182,0.043092,-10.339686,-10.340025,0.00213,-0.003195,0.001065,99274.46,25.72,-0.510758
1825.823841,0.011176,-0.09576,0.026334,-10.287018,-10.287497,0.003195,-0.00852,0.003195,99274.46,25.72,-0.45823
1825.834341,0.010501,-0.102942,-0.002394,-10.349262,-10.349774,0.001065,-0.00639,0.001065,99274.46,25.72,-0.520507
1825.84445,0.010108,-0.052668,0.052668,-10.320534,-10.320803,0,-0.001065,0.00213,99274.46,25.72,-0.491536
1825.854533,0.010083,-0.100548,0.043092,-10.315746,-10.316326,0.00213,-0.00639,0.001065,99274.46,25.72,-0.487059
1825.864623,0.01009,-0.098154,0.028728,-10.363626,-10.364131,0.003195,-0.003195,0.001065,99274.46,25.72,-0.534864
1825.87473,0.010107,-0.055062,0,-10.301382,-10.301529,0.00213,-0.00639,0.001065,99274.14,25.72,-0.472262
1825.884826,0.010096,-0.088578,0.040698,-10.339686,-10.340146,0.005325,-0.007455,0.003195,99274.14,25.72,-0.510879
1825.894931,0.010105,-0.081396,0.026334,-10.315746,-10.316101,0,-0.00213,-0.001065,99274.14,25.72,-0.486834
1825.90503,0.010098,-0.08379,0.016758,-10.303776,-10.30413,0.003195,-0.00639,0,99274.14,25.72,-0.474863
1825.915127,0.010098,-0.088578,0.040698,-10.315746,-10.316207,0,-0.005325,0.003195,99274.14,25.72,-0.48694
1825.925229,0.010101,-0.088578,-0.007182,-10.337292,-10.337674,0.003195,-0.00639,0.003195,99274.14,25.72,-0.508407
1825.935329,0.0101,-0.069426,0.002394,-10.339686,-10.339919,0,-0.001065,0,99273.59,25.72,-0.510652
1825.945421,0.010092,-0.09576,0.009576,-10.349262,-10.349709,0.00426,-0.005325,0,99273.59,25.72,-0.520442
1825.955517,0.010096,-0.040698,-0.01197,-10.334898,-10.334985,0.00213,-0.00213,0.001065,99273.59,25.72,-0.505718
1825.965619,0.010102,-0.076608,0,-10.310958,-10.311243,0.001065,-0.007455,-0.001065,99273.59,25.72,-0.481976
1825.975754,0.010135,-0.067032,-0.01197,-10.358838,-10.359062,0.00213,-0.00639,0,99273.59,25.72,-0.529795
1825.985838,0.010084,-0.090972,-0.026334,-10.301382,-10.301817,0.005325,-0.00852,0.001065,99273.59,25.72,-0.47255
1825.995919,0.010082,-0.069426,-0.016758,-10.30617,-10.306417,0.00213,-0.00852,0.00213,99273.59,25.72,-0.47715
1826.006021,0.010101,-0.09576,-0.016758,-10.344474,-10.344931,0.00213,-0.00639,0.001065,99273.32,25.72,-0.515664
1826.01614,0.01012,-0.07182,-0.014364,-10.31814,-10.3184,0,-0.003195,0.001065,99273.32,25.72,-0.489133
1826.026318,0.010177,-0.102942,0.014364,-10.337292,-10.337815,0.001065,-0.005325,0.00213,99273.32,25.72,-0.508548
1826.03681,0.010493,-0.076608,-0.019152,-10.337292,-10.337594,0.001065,-0.007455,0.001065,99273.32,25.72,-0.508327
1826.046903,0.010092,-0.09576,0.021546,-10.332504,-10.33297,0.001065,-0.00426,0.00213,99273.32,25.72,-0.503703
1826.057017,0.010114,-0.079002,0.007182,-10.303776,-10.304081,0.003195,-0.007455,0.003195,99273.32,25.72,-0.474814
1826.067114,0.010097,-0.090972,0.04788,-10.313352,-10.313864,0.00213,-0.007455,0.001065,99273.32,25.72,-0.484597
1826.077259,0.010145,-0.09576,0.02394,-10.33011,-10.330582,0.00213,-0.005325,0.001065,99273.32,25.72,-0.501315
1826.087344,0.010085,-0.074214,0.02394,-10.279836,-10.280132,0.00213,-0.00426,-0.001065,99273.32,25.72,-0.450865
1826.097447,0.010104,-0.07182,0.009576,-10.325322,-10.325576,0.001065,-0.005325,0.00213,99273.32,25.72,-0.496309
1826.107537,0.010089,-0.079002,-0.002394,-10.267866,-10.26817,0,-0.005325,0.00213,99273.32,25.72,-0.438903
1826.117618,0.010082,-0.079002,0,-10.30617,-10.306473,0.00213,-0.00426,-0.001065,99273.32,25.72,-0.477206
1826.127788,0.01017,-0.08379,0.026334,-10.279836,-10.280211,0.00426,-0.00852,0.003195,99272.7,25.72,-0.450944
1826.137887,0.010099,-0.10773,0.004788,-10.248714,-10.249281,0,-0.00426,0.00213,99272.7,25.72,-0.420014
1826.148,0.010113,-0.069426,0,-10.251108,-10.251343,0.003195,-0.005325,0.00426,99272.7,25.72,-0.422076
1826.158096,0.010096,-0.076608,0.038304,-10.231956,-10.232314,0.005325,-0.009585,0.00426,99272.7,25.72,-0.403047
1826.16818,0.010085,-0.074214,0.002394,-10.25829,-10.258559,0.00213,-0.00213,0.003195,99272.7,25.72,-0.429292
1826.178263,0.010083,-0.088578,0.004788,-10.251108,-10.251492,0.00213,-0.005325,0.00213,99272.7,25.72,-0.422225
1826.188396,0.010133,-0.112518,0.028728,-10.224774,-10.225433,0.00426,-0.005325,0.00213,99272.7,25.72,-0.396166
1826.198487,0.01009,-0.050274,-0.009576,-10.23435,-10.234478,0.001065,-0.00426,0.00213,99272.14,25.72,-0.405211
1826.208583,0.010096,-0.076608,0.009576,-10.212804,-10.213096,0.00213,-0.00639,0.001065,99272.14,25.72,-0.383829
1826.218669,0.010086,-0.081396,0.067032,-10.24632,-10.246863,0.00213,-0.00426,-0.001065,99272.14,25.72,-0.417596
1826.228768,0.010099,-0.093366,0.014364,-10.23435,-10.234786,0,-0.00852,0.001065,99272.14,25.72,-0.405519
1826.238889,0.010121,-0.088578,0.04788,-10.239138,-10.239633,0.003195,-0.005325,-0.001065,99272.14,25.72,-0.410366
1826.24928,0.01039,-0.055062,0.004788,-10.23435,-10.234499,0.00213,-0.001065,0.00213,99272.14,25.72,-0.405232
1826.259466,0.010187,-0.064638,0.031122,-10.212804,-10.213056,0.003195,-0.005325,0.00213,99271.6,25.72,-0.383789
1826.269605,0.010138,-0.098154,0.033516,-10.16253,-10.163059,0.001065,-0.00426,0,99271.6,25.72,-0.333792
1826.279685,0.01008,-0.081396,0,-10.219986,-10.22031,0.00213,-0.003195,0,99271.6,25.72,-0.391043
1826.290297,0.010612,-0.07182,0.007182,-10.184076,-10.184332,0.00213,-0.007455,0,99271.6,25.72,-0.355065
1826.300596,0.0103,-0.100548,-0.004788,-10.203228,-10.203725,0.001065,-0.00639,0.003195,99271.6,25.72,-0.374458
1826.310692,0.010096,-0.10773,0.021546,-10.179288,-10.179881,0.003195,-0.00852,0.00213,99271.6,25.72,-0.350614
1826.320781,0.010089,-0.05985,-0.014364,-10.13859,-10.138777,0.001065,-0.003195,-0.001065,99270.85,25.72,-0.30951
1826.330871,0.01009,-0.08379,-0.028728,-10.169712,-10.170098,0.001065,-0.003195,0.001065,99270.85,25.72,-0.340831
1826.340984,0.010113,-0.081396,-0.016758,-10.1745,-10.174839,0.001065,-0.00639,-0.001065,99270.85,25.72,-0.345572
1826.351077,0.010093,-0.079002,0.004788,-10.143378,-10.143687,0.00213,-0.005325,0.001065,99270.85,25.72,-0.31442
1826.361177,0.0101,-0.079002,-0.04788,-10.176894,-10.177313,0.00213,-0.003195,0.001065,99270.85,25.72,-0.348046
1826.371279,0.010102,-0.09576,0.028728,-10.13859,-10.139083,0,-0.00639,0.00213,99270.85,25.72,-0.309816
1826.381405,0.010126,-0.090972,-0.045486,-10.131408,-10.131919,0.001065,-0.00426,0.00213,99270.85,25.72,-0.302652
1826.39149,0.010085,-0.052668,0.019152,-10.13859,-10.138745,0.001065,-0.00426,0.001065,99270.85,25.72,-0.309478
1826.401611,0.010121,-0.105336,-0.002394,-10.083528,-10.084078,0,-0.005325,0.00426,99270.85,25.72,-0.254811
1826.411728,0.010117,-0.100548,0.268128,-10.076346,-10.080414,-0.001065,-0.01065,0.00213,99270.85,25.72,-0.251147
1826.421811,0.010084,-0.04788,-0.038304,-10.088316,-10.088502,0.00213,0,0,99270.85,25.72,-0.259235
1826.43191,0.010099,-0.067032,-0.04788,-10.109862,-10.110198,0,-0.011715,0,99270.85,25.72,-0.280931
1826.442121,0.010211,-0.17955,-0.002394,-10.157742,-10.159329,0.00213,-0.003195,0,99270.85,25.72,-0.330062
1826.452269,0.010147,-0.021546,-0.050274,-10.227168,-10.227314,0.003195,-0.005325,-0.00213,99270.15,25.72,-0.398047
1826.462358,0.010089,-0.146034,0.040698,-10.19844,-10.199567,0.001065,-0.011715,0.003195,99270.15,25.72,-0.3703
1826.472617,0.010259,-0.105336,-0.014364,-10.133802,-10.13436,0,-0.00639,0.00213,99270.15,25.72,-0.305093
1826.484362,0.011745,-0.129276,0.016758,-10.109862,-10.110702,-0.001065,-0.009585,0.001065,99270.15,25.72,-0.281435
1826.495026,0.010664,-0.16758,0.04788,-10.047618,-10.049129,0.00213,-0.001065,0,99270.15,25.72,-0.219862
1826.506032,0.011006,-0.002394,-0.052668,-10.035648,-10.035786,0.003195,-0.005325,0.001065,99270.15,25.72,-0.206519
1826.517241,0.011209,-0.057456,0.040698,-10.040436,-10.040683,0.00213,-0.00852,0.00213,99269.49,25.72,-0.211416
1826.528413,0.011172,0.076608,-0.074214,-10.081134,-10.081698,0.00426,0,0.003195,99269.49,25.72,-0.252431
1826.539673,0.01126,-0.002394,-0.064638,-10.088316,-10.088523,0.001065,-0.00852,0.003195,99269.49,25.72,-0.259256
1826.550787,0.011114,-0.045486,0.04788,-10.04283,-10.043047,0.003195,-0.003195,0.001065,99269.49,25.72,-0.21378
1826.561997,0.011209,-0.019152,-0.100548,-10.085922,-10.086441,0.00213,-0.00426,0.00426,99269.49,25.72,-0.257174
1826.573327,0.011331,-0.14364,0.13167,-9.990162,-9.992062,-0.001065,-0.005325,0.005325,99269.49,25.72,-0.162795
1826.584458,0.011131,-0.069426,0.021546,-10.052406,-10.052669,0.00426,-0.00213,0.001065,99268.92,25.72,-0.223402
1826.595739,0.011281,-0.110124,0.052668,-10.004526,-10.005271,0.00213,-0.009585,0.00213,99268.92,25.72,-0.176004
1826.606877,0.011138,-0.09576,0.040698,-10.038042,-10.038581,0.003195,-0.00213,0.00213,99268.92,25.72,-0.209314
1826.618431,0.011554,-0.069426,0.014364,-10.081134,-10.081383,0,-0.00639,0.00213,99268.92,25.72,-0.252116
1826.629117,0.010687,-0.148428,-0.002394,-10.052406,-10.053502,0.003195,-0.005325,0,99268.92,25.72,-0.224235
1826.640646,0.011528,-0.122094,-0.031122,-10.035648,-10.036439,0.001065,-0.003195,0.003195,99268.23,25.72,-0.207172
1826.651689,0.011043,-0.122094,0.043092,-10.023678,-10.024514,0,-0.011715,0.00213,99268.23,25.72,-0.195247
1826.662799,0.01111,-0.177156,0.03591,-10.021284,-10.022914,0.003195,-0.00426,0.00213,99268.23,25.72,-0.193647
1826.673881,0.011082,-0.09576,0.031122,-9.990162,-9.990669,-0.001065,-0.00852,0.00213,99268.23,25.72,-0.161402
1826.685052,0.01117,-0.150822,0.002394,-10.057194,-10.058325,0.001065,0,0.003195,99268.23,25.72,-0.229058
1826.696254,0.011202,-0.102942,-0.014364,-9.975798,-9.976339,0.00213,-0.009585,0,99268.23,25.72,-0.147072
1826.707472,0.011218,-0.04788,0.007182,-9.987768,-9.987885,0.003195,-0.00639,0,99267.63,25.72,-0.158618
1826.718601,0.011129,-0.10773,-0.026334,-9.94707,-9.947688,0.001065,-0.00852,0.00213,99267.63,25.72,-0.118421
1826.729752,0.011152,-0.067032,0.007182,-9.966222,-9.96645,0.003195,-0.005325,0,99267.63,25.72,-0.137183
1826.740941,0.011189,-0.062244,0.007182,-9.95904,-9.959237,0.00213,-0.00639,0.001065,99267.63,25.72,-0.12997
1826.752149,0.011208,-0.076608,-0.026334,-9.913554,-9.913885,0.00213,-0.005325,0.003195,99267.63,25.72,-0.084618
1826.763402,0.011253,-0.07182,0.009576,-9.94707,-9.947334,0.001065,-0.00426,-0.001065,99267.63,25.72,-0.118067
1826.77464,0.011239,-0.045486,-0.028728,-9.956646,-9.956791,0.003195,-0.00639,0,99267.63,25.72,-0.127524
1826.785791,0.011151,-0.007182,0.019152,-9.951858,-9.951879,0.001065,-0.00213,0.00213,99267.63,25.72,-0.122612
1826.796923,0.011132,-0.064638,0.009576,-9.961434,-9.961648,0.003195,-0.007455,0.00426,99267.63,25.72,-0.132381
1826.808119,0.011195,-0.062244,-0.043092,-9.927918,-9.928207,0.003195,-0.00426,0.003195,99267.63,25.72,-0.09894
1826.81929,0.011172,-0.03591,0.067032,-9.89919,-9.899482,0.001065,-0.007455,0.005325,99267.63,25.72,-0.070215
1826.830571,0.011281,-0.08379,0.03591,-9.908766,-9.909185,0.001065,-0.00213,0.003195,99266.85,25.72,-0.079918
1826.841675,0.011104,-0.07182,0,-9.932706,-9.932966,0.001065,-0.00639,0.00213,99266.85,25.72,-0.103699
1826.853029,0.011354,-0.114912,0.112518,-9.94707,-9.94837,-0.001065,-0.005325,0.00213,99266.85,25.72,-0.119103
1826.864018,0.010988,-0.069426,0.007182,-9.954252,-9.954497,0.003195,-0.00213,0.003195,99266.85,25.72,-0.12523
1826.875277,0.011259,-0.10773,0.079002,-9.920736,-9.921635,-0.00213,-0.00852,0.001065,99266.85,25.72,-0.092368
1826.886378,0.011101,-0.098154,0.019152,-9.889614,-9.89012,0.003195,0,0.003195,99266.85,25.72,-0.060853
1826.897658,0.01128,-0.067032,0.01197,-9.877644,-9.877879,0,-0.007455,0.001065,99266.05,25.72,-0.048612
1826.908701,0.011044,-0.098154,0.045486,-9.848916,-9.84951,0.003195,-0.00426,0.00213,99266.05,25.72,-0.020243
1826.919935,0.011234,-0.055062,-0.002394,-9.846522,-9.846676,0.001065,-0.005325,0.00213,99266.05,25.72,-0.017409
1826.931082,0.011146,-0.093366,0.007182,-9.853704,-9.854149,0.00213,-0.005325,0.001065,99266.05,25.72,-0.024882
1826.94231,0.011228,-0.079002,-0.007182,-9.865674,-9.865993,0.001065,-0.007455,-0.001065,99266.05,25.72,-0.036726
1826.953457,0.011147,-0.031122,-0.052668,-9.870462,-9.870652,0.001065,-0.00426,0,99266.05,25.72,-0.041385
1826.964856,0.011399,-0.088578,0.009576,-9.848916,-9.849319,0.001065,-0.009585,0.001065,99265.19,25.72,-0.020052
1826.976092,0.011236,-0.038304,-0.076608,-9.884826,-9.885197,0.003195,-0.005325,0.003195,99265.19,25.72,-0.05593
1826.987028,0.010936,-0.02394,-0.021546,-9.86328,-9.863333,0.003195,-0.007455,0,99265.19,25.72,-0.034066
1826.998222,0.011194,-0.08379,-0.031122,-9.832158,-9.832564,0,-0.00639,0.003195,99265.19,25.72,-0.003297
1827.009411,0.011188,-0.074214,-0.069426,-9.83934,-9.839865,0.001065,-0.005325,0.00213,99265.19,25.72,-0.010598
1827.021211,0.011801,-0.05985,-0.033516,-9.841734,-9.841973,0.001065,-0.00639,0.005325,99264.31,25.72,-0.012706
1827.031756,0.010545,-0.074214,-0.004788,-9.822582,-9.822864,0.001065,-0.00426,0.005325,99264.31,25.72,0.006403
1827.042972,0.011215,-0.064638,-0.04788,-9.872856,-9.873184,0.00213,-0.00426,0.00639,99264.31,25.72,-0.043917
1827.054313,0.011342,-0.07182,-0.014364,-9.829764,-9.830037,0.003195,-0.003195,0.00426,99264.31,25.72,-0.00077
1827.065431,0.011118,-0.122094,0.033516,-9.832158,-9.832973,-0.001065,-0.00639,0.005325,99264.31,25.72,-0.003706
1827.076742,0.011311,-0.057456,0.021546,-9.824976,-9.825168,0.00213,-0.00426,0.003195,99264.31,25.72,0.004099
1827.087699,0.010957,-0.090972,0.043092,-9.781884,-9.782402,0.001065,-0.00639,0.003195,99264.31,25.72,0.046865
1827.098937,0.011238,-0.102942,0.074214,-9.793854,-9.794676,0,-0.00426,0.003195,99264.31,25.72,0.034591
1827.11004,0.011103,-0.064638,0.043092,-9.789066,-9.789374,0.001065,-0.005325,0.001065,99264.31,25.72,0.039893
1827.121256,0.011217,-0.074214,0.08379,-9.736398,-9.737041,0.003195,-0.00852,0.001065,99264.31,25.72,0.092226
1827.132409,0.011153,-0.10773,0.05985,-9.762732,-9.76351,0,-0.001065,0,99264.31,25.72,0.065757
1827.14363,0.011221,-0.062244,0.086184,-9.741186,-9.741766,0.00213,-0.00639,-0.00213,99264.31,25.72,0.087501
1827.15569,0.01206,-0.079002,0.09576,-9.724428,-9.72522,0.00213,-0.00426,0.001065,99263.62,25.72,0.104047
1827.165981,0.010291,-0.081396,0.064638,-9.705276,-9.705833,0.003195,-0.003195,-0.001065,99263.62,25.72,0.123434
1827.17711,0.011129,-0.100548,0.050274,-9.734004,-9.734653,0,-0.003195,0.003195,99263.62,25.72,0.094614
1827.188319,0.011208,-0.088578,0.040698,-9.736398,-9.736886,0.003195,-0.003195,0.001065,99263.62,25.72,0.092381
1827.199548,0.01123,-0.019152,-0.050274,-9.76752,-9.767668,-0.001065,-0.00639,-0.00213,99263.62,25.72,0.061599
1827.210744,0.011196,-0.093366,-0.019152,-9.710064,-9.710532,0.001065,-0.00639,0.001065,99263.62,25.72,0.118735
1827.221883,0.011139,-0.033516,-0.062244,-9.75555,-9.755806,0.001065,-0.00213,0.001065,99262.71,25.72,0.073461
1827.233033,0.01115,-0.055062,-0.03591,-9.724428,-9.72465,0.001065,-0.007455,0.00213,99262.71,25.72,0.104617
1827.244423,0.01139,-0.086184,-0.079002,-9.714852,-9.715555,0,-0.00426,0.00213,99262.71,25.72,0.113712
1827.255541,0.011118,-0.090972,-0.07182,-9.714852,-9.715543,0.003195,-0.00426,0.00213,99262.71,25.72,0.113724
1827.266634,0.011092,-0.102942,-0.040698,-9.724428,-9.725058,0.001065,-0.00426,0,99262.71,25.72,0.104209
1827.277798,0.011165,-0.062244,-0.05985,-9.700488,-9.700872,0.001065,-0.00426,0.00213,99261.79,25.72,0.128395
1827.288982,0.011184,-0.07182,-0.062244,-9.67176,-9.672227,0.00213,-0.00426,0.005325,99261.79,25.72,0.15704
1827.300234,0.011252,-0.076608,-0.016758,-9.722034,-9.72235,0.00213,-0.005325,0.003195,99261.79,25.72,0.106917
1827.311376,0.011142,-0.064638,-0.074214,-9.68373,-9.68423,0.001065,-0.007455,0.003195,99261.79,25.72,0.145037
1827.322659,0.011283,-0.105336,0.055062,-9.67176,-9.67249,0.00426,-0.00639,0.00426,99261.79,25.72,0.156777
1827.334046,0.011387,-0.093366,0.002394,-9.68373,-9.68418,0.001065,-0.003195,0.003195,99261.79,25.72,0.145087
1827.344954,0.010908,-0.079002,0.055062,-9.643032,-9.643513,0.00213,-0.00639,0.00213,99260.86,25.72,0.185754
1827.356198,0.011244,-0.08379,0.043092,-9.657396,-9.657856,0,-0.00639,0.00426,99260.86,25.72,0.171411
1827.367318,0.01112,-0.086184,0.076608,-9.686124,-9.68681,0.00426,-0.007455,0.003195,99260.86,25.72,0.142457
1827.378502,0.011184,-0.076608,0.062244,-9.657396,-9.6579,0.001065,-0.00639,0.00213,99260.86,25.72,0.171367
1827.38976,0.011258,-0.09576,0.117306,-9.638244,-9.639433,0.00213,-0.00426,0.001065,99260.86,25.72,0.189834
1827.400831,0.011072,-0.043092,0.079002,-9.657396,-9.657815,0.00213,-0.00426,0,99260.86,25.72,0.171452
1827.412241,0.01141,-0.090972,0.045486,-9.63585,-9.636387,0.00213,-0.003195,0.001065,99260.86,25.72,0.19288
1827.423268,0.011026,-0.067032,0.016758,-9.621486,-9.621734,0.001065,-0.005325,0.003195,99260.86,25.72,0.207533
1827.434524,0.011257,-0.08379,0.052668,-9.62388,-9.624389,0.00213,-0.005325,0,99260.86,25.72,0.204878
1827.445645,0.011121,-0.045486,0.05985,-9.621486,-9.62178,0.001065,-0.005325,0,99260.86,25.72,0.207487
1827.456774,0.011129,-0.067032,-0.021546,-9.652608,-9.652865,0.00213,-0.007455,0.001065,99260.86,25.72,0.176402
1827.468395,0.011621,-0.050274,0.002394,-9.595152,-9.595284,0.00213,-0.007455,0.00213,99260.86,25.72,0.233983
1827.479155,0.01076,-0.064638,-0.031122,-9.597546,-9.597814,0.003195,-0.005325,0.00213,99259.94,25.72,0.231453
1827.490364,0.011209,-0.076608,-0.04788,-9.607122,-9.607547,0.00213,-0.00639,0.00213,99259.94,25.72,0.22172
1827.501483,0.011119,-0.112518,-0.004788,-9.61191,-9.61257,0.00213,-0.00426,0.003195,99259.94,25.72,0.216697
1827.512662,0.011178,-0.03591,-0.028728,-9.619092,-9.619202,0.001065,-0.00426,0.003195,99259.94,25.72,0.210065
1827.523904,0.011242,-0.093366,-0.03591,-9.52812,-9.528645,0.00213,-0.00639,0.003195,99259.94,25.72,0.300622
1827.53523,0.011326,-0.086184,-0.05985,-9.607122,-9.607695,0.001065,-0.00639,0.00213,99259.09,25.72,0.221572
1827.546312,0.011082,-0.081396,-0.050274,-9.592758,-9.593235,0.003195,-0.00639,0.005325,99259.09,25.72,0.236032
1827.557456,0.011144,-0.079002,-0.028728,-9.549666,-9.550036,0,-0.007455,0.00213,99259.09,25.72,0.279231
1827.568606,0.011151,-0.07182,-0.031122,-9.56403,-9.56435,0.003195,-0.00426,0.00213,99259.09,25.72,0.264917
1827.579798,0.011192,-0.105336,0.004788,-9.576,-9.576581,0,-0.007455,0.00213,99259.09,25.72,0.252686
1827.590989,0.011191,-0.05985,-0.026334,-9.54009,-9.540314,0,-0.003195,0.003195,99259.09,25.72,0.288953
1827.602287,0.011297,-0.088578,0.033516,-9.537696,-9.538166,0.00213,-0.005325,0.003195,99258.21,25.72,0.291101
1827.613357,0.01107,-0.064638,0.009576,-9.520938,-9.521162,0.00213,-0.00426,0.003195,99258.21,25.72,0.308105
1827.623486,0.010129,-0.102942,0.05985,-9.511362,-9.512107,0,-0.00639,0.001065,99258.21,25.72,0.31716
1827.63363,0.010144,-0.081396,0.064638,-9.511362,-9.51193,0.001065,-0.00639,0.00426,99258.21,25.72,0.317337
1827.643755,0.010125,-0.069426,0.067032,-9.506574,-9.507064,0.003195,-0.00426,-0.001065,99258.21,25.72,0.322203
1827.653842,0.010087,-0.076608,0.04788,-9.501786,-9.502215,0.00213,-0.005325,0.00426,99258.21,25.72,0.327052
1827.663948,0.010105,-0.105336,0.088578,-9.482634,-9.483633,0,-0.00852,0,99257.31,25.72,0.345634
1827.67404,0.010092,-0.03591,0.03591,-9.508968,-9.509104,0.00426,-0.00213,0.00213,99257.31,25.72,0.320163
1827.684122,0.010082,-0.102942,0.038304,-9.511362,-9.511996,0.001065,-0.003195,0.00213,99257.31,25.72,0.317271
1827.694359,0.010237,-0.08379,0.069426,-9.496998,-9.497621,0.001065,-0.005325,-0.001065,99257.31,25.72,0.331646
1827.704465,0.010106,-0.05985,0.086184,-9.487422,-9.488002,0.003195,-0.005325,0.003195,99257.31,25.72,0.341265
1827.7148,0.010335,-0.069426,0.033516,-9.451512,-9.451826,0.00213,-0.00639,-0.001065,99257.31,25.72,0.377441
1827.725208,0.010409,-0.05985,0.03591,-9.463482,-9.463739,-0.001065,-0.00426,0.00213,99257.31,25.72,0.365528
1827.73637,0.011162,-0.03591,0.016758,-9.439542,-9.439625,0.00213,-0.007455,0.00213,99257.31,25.72,0.389642
1827.747613,0.011243,-0.088578,0.01197,-9.487422,-9.487843,0.00213,-0.005325,0.003195,99257.31,25.72,0.341424
1827.758901,0.011288,-0.02394,-0.004788,-9.453906,-9.453938,0.00213,-0.00639,0.001065,99257.31,25.72,0.375329
1827.770082,0.011181,-0.067032,-0.021546,-9.439542,-9.439805,0,-0.00213,0.001065,99257.31,25.72,0.389462
1827.781234,0.011152,-0.07182,-0.033516,-9.46827,-9.468602,0.00213,-0.00852,0.00213,99257.31,25.72,0.360665
1827.792388,0.011154,-0.057456,-0.016758,-9.439542,-9.439732,0,-0.007455,0.00213,99256.33,25.72,0.389535
1827.803586,0.011198,-0.093366,0.002394,-9.446724,-9.447186,0.001065,-0.00852,0.003195,99256.33,25.72,0.382081
1827.814801,0.011215,-0.086184,0.004788,-9.422784,-9.423179,0.001065,-0.003195,0.003195,99256.33,25.72,0.406088
1827.825875,0.011074,-0.10773,0.01197,-9.406026,-9.406651,0.001065,-0.007455,0.00426,99256.33,25.72,0.422616
1827.837008,0.011133,-0.076608,-0.033516,-9.437148,-9.437518,0.001065,-0.00213,0.003195,99256.33,25.72,0.391749
1827.848426,0.011417,-0.062244,0.01197,-9.422784,-9.422997,0.001065,-0.007455,0.00213,99256.33,25.72,0.40627
1827.85951,0.011084,-0.086184,0.014364,-9.429966,-9.430371,0.001065,-0.005325,0.00213,99255.49,25.72,0.398896
1827.870572,0.011062,-0.08379,-0.021546,-9.40842,-9.408818,0.003195,-0.003195,0.001065,99255.49,25.72,0.420449
1827.881816,0.011244,-0.102942,0.002394,-9.401238,-9.401802,-0.001065,-0.005325,0.00213,99255.49,25.72,0.427465
1827.892951,0.011135,-0.069426,0.01197,-9.374904,-9.375169,0.00213,-0.00426,0.00213,99255.49,25.72,0.454098
1827.904241,0.01129,-0.102942,0.026334,-9.389268,-9.389869,0.001065,-0.005325,0.001065,99255.49,25.72,0.439398
1827.915551,0.01131,-0.079002,0.02394,-9.341388,-9.341753,-0.001065,-0.00426,0.00213,99255.49,25.72,0.487514
1827.926543,0.010993,-0.057456,-0.026334,-9.355752,-9.355965,0.001065,-0.00426,0.001065,99254.54,25.72,0.473302
1827.937693,0.011149,-0.052668,0.007182,-9.346176,-9.346327,0,-0.00852,0.001065,99254.54,25.72,0.48294
1827.94896,0.011267,-0.086184,-0.021546,-9.338994,-9.339417,0.003195,-0.00213,0.00213,99254.54,25.72,0.48985
1827.960201,0.011241,-0.110124,0.019152,-9.39645,-9.397115,0,-0.005325,0.001065,99254.54,25.72,0.432152
1827.971256,0.011055,-0.081396,0.021546,-9.355752,-9.356131,0.001065,-0.005325,0.001065,99254.54,25.72,0.473136
1827.982489,0.011233,-0.07182,0.014364,-9.327024,-9.327312,0.00213,-0.00426,0.00426,99253.52,25.72,0.501955
1827.993663,0.011174,-0.050274,0.03591,-9.382086,-9.382289,0.00213,-0.007455,0.00213,99253.52,25.72,0.446978
1828.005,0.011337,-0.05985,0.01197,-9.291114,-9.291314,0.003195,-0.00213,0.00213,99253.52,25.72,0.537953
1828.01611,0.01111,-0.050274,0.002394,-9.341388,-9.341524,0.00213,-0.007455,0.00213,99253.52,25.72,0.487743
1828.027272,0.011161,-0.05985,0.043092,-9.317448,-9.31774,0.001065,-0.00639,0.00213,99253.52,25.72,0.511527
1828.038786,0.011514,-0.062244,0.057456,-9.329418,-9.329803,-0.001065,-0.00639,0.00639,99253.52,25.72,0.499464
1828.049571,0.010785,-0.069426,0.019152,-9.303084,-9.303363,-0.00213,-0.005325,0.003195,99252.58,25.72,0.525904
1828.060733,0.011162,-0.081396,0.040698,-9.28872,-9.289166,0.003195,-0.001065,0.00213,99252.58,25.72,0.540101
1828.072064,0.011331,-0.040698,0.014364,-9.315054,-9.315154,0.00426,-0.007455,0.00426,99252.58,25.72,0.514113
1828.083372,0.011308,-0.045486,0.028728,-9.307872,-9.308027,0.00213,-0.005325,0,99252.58,25.72,0.52124
1828.094387,0.011015,-0.076608,-0.002394,-9.307872,-9.308188,0.001065,-0.00639,0.00213,99252.58,25.72,0.521079
1828.105546,0.011159,-0.093366,0.004788,-9.295902,-9.296372,0.001065,-0.005325,0.003195,99252.58,25.72,0.532895
1828.116782,0.011236,-0.114912,-0.021546,-9.329418,-9.330151,0.001065,-0.00639,0.00639,99252.58,25.72,0.499116
1828.127913,0.011131,-0.067032,0.016758,-9.315054,-9.31531,0.003195,-0.005325,0.00426,99252.58,25.72,0.513957
1828.139054,0.011141,-0.102942,0.002394,-9.298296,-9.298866,0.001065,-0.009585,0.001065,99252.58,25.72,0.530401
1828.150432,0.011377,-0.098154,-0.026334,-9.346176,-9.346728,0.00213,-0.005325,0.001065,99252.58,25.72,0.482539
1828.161444,0.011012,-0.076608,-0.028728,-9.303084,-9.303444,0.00213,-0.00426,0.001065,99252.58,25.72,0.525823
1828.172599,0.011156,-0.079002,-0.04788,-9.303084,-9.303543,0.001065,-0.00639,0.00213,99252.58,25.72,0.525724
1828.183893,0.011294,-0.05985,-0.019152,-9.327024,-9.327236,0.001065,-0.00213,0.003195,99251.63,25.72,0.502031
1828.195081,0.011187,-0.07182,0.002394,-9.322236,-9.322513,0.00213,-0.00639,0.001065,99251.63,25.72,0.506754
1828.206288,0.011207,-0.090972,-0.002394,-9.32463,-9.325074,0.001065,-0.007455,0.00213,99251.63,25.72,0.504193
1828.217357,0.011069,-0.074214,-0.004788,-9.32463,-9.324927,0.003195,-0.003195,0.00213,99251.63,25.72,0.50434
1828.228638,0.011282,-0.08379,-0.014364,-9.334206,-9.334593,0.00213,-0.007455,0,99251.63,25.72,0.494674
1828.239824,0.011185,-0.057456,-0.038304,-9.317448,-9.317704,0.00213,-0.007455,0.00426,99250.7,25.72,0.511563
1828.250997,0.011173,-0.079002,0.043092,-9.317448,-9.317883,0.00426,-0.007455,0.003195,99250.7,25.72,0.511384
1828.26206,0.011063,-0.04788,-0.033516,-9.293508,-9.293692,0.001065,-0.003195,0.001065,99250.7,25.72,0.535575
1828.273311,0.011251,-0.052668,0.014364,-9.31266,-9.31282,0.001065,-0.00639,0.003195,99250.7,25.72,0.516447
1828.284557,0.011246,-0.064638,0.002394,-9.317448,-9.317673,0,-0.00426,0.00213,99250.7,25.72,0.511594
1828.29586,0.011302,-0.057456,0.009576,-9.338994,-9.339176,0.00213,-0.007455,0.00426,99250.7,25.72,0.490091
1828.306862,0.011002,-0.090972,0.03591,-9.310266,-9.31078,-0.001065,-0.00639,0.00213,99249.85,25.72,0.518487
1828.317982,0.011119,-0.07182,0.045486,-9.32463,-9.325018,0.001065,-0.00213,0.00213,99249.85,25.72,0.504249
1828.329283,0.011302,-0.07182,0.040698,-9.350964,-9.351328,0.00213,-0.005325,0.003195,99249.85,25.72,0.477939
1828.340382,0.011099,-0.043092,0.050274,-9.303084,-9.30332,0.001065,-0.005325,0.001065,99249.85,25.72,0.525947
1828.351569,0.011187,-0.062244,0.052668,-9.362934,-9.363289,0.00213,-0.003195,0.00213,99249.85,25.72,0.465978
1828.362753,0.011184,-0.076608,0.028728,-9.343782,-9.34414,0,-0.007455,0.00213,99249.85,25.72,0.485127
1828.373985,0.011232,-0.052668,0.064638,-9.3366,-9.336972,0.003195,-0.00426,0.003195,99249.02,25.72,0.492295
1828.385092,0.011106,-0.064638,0.033516,-9.350964,-9.351247,0.001065,-0.00639,0.003195,99249.02,25.72,0.47802
1828.396355,0.011264,-0.079002,0.01197,-9.303084,-9.303427,0.001065,-0.005325,-0.001065,99249.02,25.72,0.52584
1828.407469,0.011114,-0.062244,0.031122,-9.3366,-9.336859,0.001065,-0.005325,0.00213,99249.02,25.72,0.492408
1828.418698,0.011229,-0.076608,-0.007182,-9.341388,-9.341705,0.00213,-0.007455,0.003195,99249.02,25.72,0.487562
1828.430068,0.01137,-0.074214,0.009576,-9.331812,-9.332112,0.001065,-0.00639,0.003195,99249.02,25.72,0.497155
1828.44103,0.010962,-0.086184,0.014364,-9.343782,-9.34419,0.001065,-0.00426,0,99249.02,25.72,0.485077
1828.452213,0.011183,-0.081396,0.007182,-9.31266,-9.313018,-0.001065,-0.00426,0,99249.02,25.72,0.516249
1828.463436,0.011223,-0.105336,-0.002394,-9.315054,-9.31565,-0.001065,-0.00426,0.003195,99249.02,25.72,0.513617
1828.474672,0.011235,-0.062244,-0.028728,-9.305478,-9.305731,0.00213,-0.00426,-0.00213,99249.02,25.72,0.523536
1828.485735,0.011064,-0.098154,0.004788,-9.355752,-9.356268,0.00213,-0.005325,0,99249.02,25.72,0.472999
1828.496932,0.011196,-0.088578,-0.019152,-9.319842,-9.320283,0.001065,-0.00426,0.003195,99248.13,25.72,0.508984
1828.508182,0.011251,-0.067032,-0.050274,-9.329418,-9.329794,0.001065,-0.00852,0.003195,99248.13,25.72,0.499473
1828.51944,0.011258,-0.090972,-0.002394,-9.322236,-9.32268,0.003195,-0.00426,0.001065,99248.13,25.72,0.506587
1828.530731,0.011291,-0.069426,-0.016758,-9.317448,-9.317722,0.00213,-0.005325,0,99248.13,25.72,0.511545
1828.541688,0.010957,-0.052668,-0.02394,-9.329418,-9.329597,0,-0.005325,0.00213,99248.13,25.72,0.49967
1828.552879,0.011191,-0.088578,-0.01197,-9.30069,-9.301119,0.00213,-0.00852,0.00213,99248.13,25.72,0.528148
1828.564163,0.011284,-0.079002,-0.009576,-9.329418,-9.329757,0.001065,-0.00213,0.001065,99247.3,25.72,0.49951
1828.575339,0.011176,-0.057456,-0.031122,-9.31266,-9.312889,0,-0.001065,0.001065,99247.3,25.72,0.516378
1828.586417,0.011078,-0.052668,0.043092,-9.358146,-9.358393,-0.00213,-0.00852,0.001065,99247.3,25.72,0.470874
1828.597614,0.011196,-0.086184,0.019152,-9.334206,-9.334624,0.001065,-0.003195,0,99247.3,25.72,0.494643
1828.608773,0.011159,-0.07182,0.02394,-9.343782,-9.344089,0.00213,-0.00639,0.003195,99247.3,25.72,0.485178
1828.620049,0.011277,-0.057456,0.01197,-9.355752,-9.355936,-0.001065,-0.00639,0.001065,99247.3,25.72,0.473331
1828.631212,0.011163,-0.076608,0.021546,-9.305478,-9.305818,0.003195,-0.00426,0.003195,99246.41,25.72,0.523449
1828.642389,0.011177,-0.069426,0.016758,-9.307872,-9.308146,0.003195,-0.00426,0.001065,99246.41,25.72,0.521121
1828.653643,0.011254,-0.067032,0.016758,-9.315054,-9.31531,0.001065,-0.005325,0.00213,99246.41,25.72,0.513957
1828.664793,0.01115,-0.064638,0.02394,-9.305478,-9.305733,0,-0.00426,0.005325,99246.41,25.72,0.523534
1828.67604,0.011247,-0.100548,0.052668,-9.310266,-9.310958,0.001065,-0.005325,0.00213,99246.41,25.72,0.518309
1828.687119,0.01108,-0.09576,0.040698,-9.317448,-9.318029,0.003195,-0.005325,0.00213,99245.51,25.72,0.511238
1828.698332,0.011213,-0.090972,0.019152,-9.305478,-9.305942,0.001065,-0.00639,0.00213,99245.51,25.72,0.523325
1828.709457,0.011124,-0.064638,-0.004788,-9.30069,-9.300916,0.00213,-0.007455,0.001065,99245.51,25.72,0.528351
1828.720668,0.011212,-0.05985,0.02394,-9.30069,-9.300913,0,-0.00639,0.00213,99245.51,25.72,0.528354
1828.731863,0.011194,-0.074214,0.016758,-9.331812,-9.332122,0.001065,-0.003195,0.003195,99245.51,25.72,0.497145
1828.743206,0.011344,-0.074214,-0.01197,-9.295902,-9.296206,0.001065,-0.00852,0.00426,99245.51,25.72,0.533061
1828.75433,0.011124,-0.045486,-0.019152,-9.32463,-9.324761,0.001065,-0.00852,0.00213,99245.51,25.72,0.504506
1828.765398,0.011067,-0.076608,0.01197,-9.329418,-9.32974,0,-0.003195,0.001065,99245.51,25.72,0.499527
1828.776575,0.011177,-0.076608,-0.031122,-9.298296,-9.298664,0.001065,-0.007455,0.00426,99245.51,25.72,0.530603
1828.787829,0.011254,-0.093366,-0.014364,-9.303084,-9.303564,0.003195,-0.005325,-0.001065,99245.51,25.72,0.525703
1828.798944,0.011115,-0.081396,-0.007182,-9.279144,-9.279504,0,-0.00426,0.00213,99245.51,25.72,0.549763
1828.810105,0.011161,-0.040698,-0.028728,-9.303084,-9.303217,0.001065,-0.00639,0.00213,99245.51,25.72,0.52605
1828.822024,0.011919,-0.062244,0.033516,-9.30069,-9.300959,0.001065,-0.003195,0.00213,99244.67,25.72,0.528308
1828.832547,0.010523,-0.043092,-0.02394,-9.291114,-9.291245,0.003195,-0.007455,0.00213,99244.67,25.72,0.538022
1828.843716,0.011169,-0.079002,0.014364,-9.362934,-9.363278,0.001065,-0.00426,0.00426,99244.67,25.72,0.465989
1828.854972,0.011256,-0.04788,0.014364,-9.317448,-9.317582,0.001065,-0.00426,0.001065,99244.67,25.72,0.511685
1828.866198,0.011226,-0.074214,0.021546,-9.31266,-9.312981,0.00213,-0.00639,0.001065,99244.67,25.72,0.516286
1828.877736,0.011539,-0.07182,0.021546,-9.298296,-9.298598,0.00213,-0.005325,0.00213,99244.67,25.72,0.530669
1828.888392,0.010656,-0.086184,0.079002,-9.319842,-9.320575,0.00213,-0.007455,0.001065,99243.86,25.72,0.508692
1828.898496,0.010104,-0.081396,-0.002394,-9.32463,-9.324986,0.001065,-0.00213,0,99243.86,25.72,0.504281
1828.908603,0.010107,-0.052668,0.067032,-9.329418,-9.329807,0.001065,-0.00852,0.003195,99243.86,25.72,0.49946
1828.918699,0.010097,-0.086184,0.009576,-9.338994,-9.339397,0.00426,-0.00639,0.00213,99243.86,25.72,0.48987
1828.928803,0.010103,-0.057456,0,-9.286326,-9.286504,-0.001065,-0.00639,0.001065,99243.86,25.72,0.542763
1828.938912,0.01011,-0.052668,0.019152,-9.319842,-9.32001,0.001065,-0.00426,0.003195,99243.86,25.72,0.509257
1828.949007,0.010095,-0.04788,0.009576,-9.331812,-9.33194,0,-0.00426,0,99243.09,25.72,0.497327
1828.959124,0.010116,-0.102942,0.014364,-9.283932,-9.284514,0,-0.00426,0.001065,99243.09,25.72,0.544753
1828.969223,0.0101,-0.064638,0.050274,-9.310266,-9.310626,0.001065,-0.00639,0,99243.09,25.72,0.518641
1828.979322,0.010098,-0.043092,0.033516,-9.31266,-9.31282,0.00213,-0.00639,0.00426,99243.09,25.72,0.516447
1828.989596,0.010274,-0.08379,0.031122,-9.303084,-9.303513,0.001065,-0.00426,0.001065,99243.09,25.72,0.525754
1828.999696,0.0101,-0.05985,-0.004788,-9.283932,-9.284126,0,-0.003195,0.003195,99243.09,25.72,0.545141
1829.011461,0.011766,-0.088578,0.028728,-9.329418,-9.329883,0.00213,-0.00639,0.003195,99242.24,25.72,0.499384
1829.022808,0.011347,-0.040698,0,-9.32463,-9.324719,0.00213,-0.00426,0,99242.24,25.72,0.504548
1829.034116,0.011307,-0.064638,-0.01197,-9.291114,-9.291347,0,-0.00639,0.00213,99242.24,25.72,0.53792
1829.045238,0.011122,-0.067032,0.004788,-9.307872,-9.308115,0.003195,-0.00639,0.00213,99242.24,25.72,0.521152
1829.05625,0.011012,-0.102942,0,-9.307872,-9.308441,0.00213,-0.00639,0.003195,99242.24,25.72,0.520826
1829.067476,0.011226,-0.07182,0.009576,-9.322236,-9.322518,0.001065,-0.00639,0.001065,99242.24,25.72,0.506749
1829.078602,0.011126,-0.093366,-0.038304,-9.303084,-9.303631,0.00213,-0.005325,0,99241.51,25.72,0.525636
1829.089757,0.011154,-0.079002,0.043092,-9.329418,-9.329852,0.003195,-0.00639,0,99241.51,25.72,0.499415
1829.101157,0.0114,-0.067032,-0.026334,-9.30069,-9.300969,0.00213,-0.00426,0.001065,99241.51,25.72,0.528298
1829.11219,0.011033,-0.07182,-0.002394,-9.310266,-9.310543,0.00213,-0.00639,0.00213,99241.51,25.72,0.518724
1829.123961,0.011772,-0.05985,-0.01197,-9.327024,-9.327224,0.003195,-0.00426,0,99241.51,25.72,0.502043
1829.13523,0.011269,-0.081396,0.01197,-9.298296,-9.29866,-0.001065,-0.00426,0.003195,99241.51,25.72,0.530607
1829.145679,0.010449,-0.062244,0,-9.315054,-9.315262,0,-0.003195,0,99241.51,25.72,0.514005
1829.156831,0.011153,-0.079002,0.050274,-9.317448,-9.317919,0.003195,-0.005325,0.001065,99241.51,25.72,0.511348
1829.16826,0.011428,-0.07182,0.002394,-9.329418,-9.329695,0.003195,-0.00639,0.001065,99241.51,25.72,0.499572
1829.179278,0.011019,-0.05985,0.014364,-9.315054,-9.315257,0.001065,-0.005325,0.001065,99241.51,25.72,0.51401
1829.190639,0.01136,-0.045486,0.040698,-9.322236,-9.322436,0.001065,-0.005325,0.00213,99241.51,25.72,0.506831
1829.201659,0.01102,-0.074214,0.007182,-9.317448,-9.317746,0.003195,-0.003195,0.001065,99240.82,25.72,0.511521
1829.212837,0.011178,-0.10773,0.038304,-9.319842,-9.320543,0.00213,-0.011715,0.00426,99240.82,25.72,0.508724
1829.22412,0.011283,-0.069426,0.02394,-9.30069,-9.30098,0.00213,-0.005325,0.00213,99240.82,25.72,0.528287
1829.235383,0.011263,-0.069426,0.040698,-9.310266,-9.310614,0.00213,-0.003195,0.001065,99240.82,25.72,0.518653
1829.246303,0.01092,-0.074214,0.045486,-9.319842,-9.320248,0.001065,-0.00639,0.003195,99240.82,25.72,0.509019
1829.257509,0.011206,-0.07182,0.002394,-9.341388,-9.341664,0.001065,-0.00213,0,99240.82,25.72,0.487603
1829.26871,0.011201,-0.057456,0.019152,-9.327024,-9.327221,0,-0.00852,-0.001065,99240.09,25.72,0.502046
1829.280046,0.011336,-0.102942,-0.02394,-9.305478,-9.306078,0.00426,-0.001065,0.005325,99240.09,25.72,0.523189
1829.291209,0.011163,-0.076608,0.028728,-9.322236,-9.322595,0,-0.00639,0.00213,99240.09,25.72,0.506672
1829.302285,0.011076,-0.10773,0,-9.303084,-9.303708,0.00213,-0.005325,0.001065,99240.09,25.72,0.525559
1829.313416,0.011131,-0.08379,0.019152,-9.307872,-9.308269,0.001065,-0.005325,-0.001065,99240.09,25.72,0.520998
1829.324601,0.011185,-0.090972,-0.014364,-9.315054,-9.315509,0.001065,-0.003195,0.001065,99240.09,25.72,0.513758
1829.33624,0.011639,-0.09576,0.02394,-9.310266,-9.310789,0,-0.00852,0,99239.52,25.72,0.518478
1829.346989,0.010749,-0.07182,-0.014364,-9.329418,-9.329705,0.00213,-0.00426,-0.001065,99239.52,25.72,0.499562
1829.358193,0.011204,-0.086184,-0.009576,-9.32463,-9.325033,0.003195,-0.00639,0.00639,99239.52,25.72,0.504234
1829.369356,0.011163,-0.07182,0.016758,-9.281538,-9.281831,0.00213,-0.00639,0.00213,99239.52,25.72,0.547436
1829.38054,0.011185,-0.081396,-0.014364,-9.338994,-9.33936,0.001065,-0.00639,0.00213,99239.52,25.72,0.489907
1829.391829,0.011288,-0.088578,-0.007182,-9.317448,-9.317872,0.003195,-0.007455,0.003195,99238.83,25.72,0.511395
1829.403014,0.011185,-0.031122,-0.019152,-9.293508,-9.29358,0.00213,-0.005325,0.00213,99238.83,25.72,0.535687
1829.414117,0.011103,-0.112518,-0.007182,-9.310266,-9.310949,0.001065,-0.009585,0.003195,99238.83,25.72,0.518318
1829.42526,0.011144,-0.038304,0.002394,-9.329418,-9.329497,0.001065,-0.00426,0.003195,99238.83,25.72,0.49977
1829.436436,0.011176,-0.067032,-0.019152,-9.286326,-9.286588,0.00213,-0.00852,0.00426,99238.83,25.72,0.542679
1829.448013,0.011576,-0.050274,0.019152,-9.3366,-9.336755,0,-0.005325,0.001065,99238.83,25.72,0.492512
1829.458888,0.010875,-0.07182,0.007182,-9.334206,-9.334485,0.00213,-0.007455,0.003195,99238.83,25.72,0.494782
1829.47022,0.011332,-0.052668,0.009576,-9.305478,-9.305632,0.001065,-0.00639,0.001065,99238.83,25.72,0.523635
1829.481252,0.011032,-0.064638,-0.002394,-9.3366,-9.336824,0.003195,-0.00639,0.00213,99238.83,25.72,0.492443
1829.492361,0.011109,-0.067032,-0.002394,-9.32463,-9.324871,0.00213,-0.005325,0,99238.83,25.72,0.504396
1829.503612,0.011251,-0.052668,0.026334,-9.341388,-9.341574,0.001065,-0.005325,0,99238.83,25.72,0.487693
1829.514843,0.011231,-0.07182,-0.002394,-9.329418,-9.329695,0.003195,-0.00639,0.003195,99238.83,25.72,0.499572
1829.526066,0.011223,-0.069426,0.007182,-9.319842,-9.320103,0.003195,-0.003195,-0.001065,99238.21,25.72,0.509164
1829.537145,0.011079,-0.081396,0.028728,-9.3366,-9.336999,0.003195,-0.00426,0.001065,99238.21,25.72,0.492268
1829.54834,0.011195,-0.079002,-0.002394,-9.367722,-9.368055,0.00213,-0.005325,0.001065,99238.21,25.72,0.461212
1829.559514,0.011174,-0.067032,0.028728,-9.338994,-9.339279,0.00213,-0.00426,0.005325,99238.21,25.72,0.489988
1829.570699,0.011186,-0.086184,0.016758,-9.370116,-9.370527,0.00213,-0.00639,0.001065,99238.21,25.72,0.45874
1829.581868,0.011169,-0.052668,0.01197,-9.367722,-9.367878,0.00213,-0.00426,0,99238.21,25.72,0.461389
1829.593017,0.011149,-0.074214,0.021546,-9.39645,-9.396768,0,-0.00426,0,99237.67,25.72,0.432499
1829.604205,0.011188,-0.079002,0.019152,-9.379692,-9.380044,0.00426,-0.005325,0.005325,99237.67,25.72,0.449223
1829.615451,0.011246,-0.069426,-0.014364,-9.391662,-9.39193,0.00213,-0.007455,0.00426,99237.67,25.72,0.437337
1829.626353,0.010902,-0.074214,0,-9.406026,-9.406319,0.00213,-0.00426,0.001065,99237.67,25.72,0.422948
1829.636466,0.010113,-0.086184,-0.026334,-9.389268,-9.3897,0.00213,-0.005325,0,99237.67,25.72,0.439567
1829.646558,0.010091,-0.08379,0.009576,-9.427572,-9.427949,0,-0.005325,0.001065,99237.67,25.72,0.401318
1829.65668,0.010122,-0.088578,0.009576,-9.43236,-9.432781,0.00426,-0.00426,0.00213,99237.08,25.72,0.396486
1829.666765,0.010085,-0.079002,-0.01197,-9.453906,-9.454244,0.001065,-0.00639,0.00426,99237.08,25.72,0.375023
1829.677051,0.010286,-0.102942,0.019152,-9.427572,-9.428153,0.00213,-0.005325,0.00213,99237.08,25.72,0.401114
1829.687138,0.010088,-0.074214,-0.016758,-9.437148,-9.437455,0.001065,-0.005325,-0.001065,99237.08,25.72,0.391812
1829.697228,0.010089,-0.090972,-0.004788,-9.441936,-9.442375,0.00213,-0.007455,0.00213,99237.08,25.72,0.386892
1829.707339,0.010112,-0.08379,0.014364,-9.417996,-9.41838,0.001065,-0.007455,0.003195,99237.08,25.72,0.410887
1829.717432,0.010093,-0.081396,0.014364,-9.4563,-9.456661,0.00213,-0.00213,0.00213,99236.36,25.72,0.372606
1829.727831,0.010399,-0.08379,0.031122,-9.451512,-9.451935,0.001065,-0.00426,0,99236.36,25.72,0.377332
1829.738418,0.010587,-0.076608,0.009576,-9.461088,-9.461403,0.003195,-0.007455,0.00213,99236.36,25.72,0.367864
1829.748533,0.010115,-0.069426,0.016758,-9.446724,-9.446994,0,-0.005325,-0.00213,99236.36,25.72,0.382273
1829.758666,0.010133,-0.064638,0.02394,-9.465876,-9.466127,0.00213,-0.00639,0.003195,99236.36,25.72,0.36314
1829.768767,0.010102,-0.076608,0.007182,-9.501786,-9.502098,0.00426,-0.00639,0.00213,99236.36,25.72,0.327169
1829.778859,0.010092,-0.031122,0.040698,-9.496998,-9.497136,0.00213,-0.007455,0.00213,99236.36,25.72,0.332131
1829.789038,0.010179,-0.069426,0.021546,-9.511362,-9.51164,0.001065,-0.00852,0.00213,99236.36,25.72,0.317627
1829.799298,0.01026,-0.057456,0.014364,-9.530514,-9.530698,0.00426,-0.005325,0.00213,99236.36,25.72,0.298569
1829.80938,0.010083,-0.062244,0.016758,-9.496998,-9.497217,0,-0.007455,0.00426,99236.36,25.72,0.33205
1829.81948,0.0101,-0.081396,0.009576,-9.542484,-9.542836,0.003195,-0.00426,0.00213,99236.36,25.72,0.286431
1829.829577,0.010097,-0.08379,0.038304,-9.55206,-9.552504,0,-0.005325,0,99236.36,25.72,0.276763
1829.840028,0.01045,-0.086184,-0.01197,-9.49221,-9.492609,-0.001065,-0.001065,0.00213,99236.36,25.72,0.336658
1829.850287,0.01026,-0.050274,-0.002394,-9.547272,-9.547405,0.00213,-0.00639,-0.001065,99235.69,25.72,0.281862
1829.860377,0.010089,-0.057456,0.016758,-9.530514,-9.530702,0.00213,-0.005325,0.00426,99235.69,25.72,0.298565
1829.870461,0.010084,-0.074214,0.002394,-9.525726,-9.526015,0.00426,-0.00639,0.005325,99235.69,25.72,0.303252
1829.880579,0.010118,-0.052668,-0.004788,-9.549666,-9.549812,0.00213,-0.007455,0.003195,99235.69,25.72,0.279455
1829.890694,0.010115,-0.09576,0.02394,-9.532908,-9.533419,0.00213,-0.005325,0.001065,99235.69,25.72,0.295848
1829.900797,0.010102,-0.093366,0.007182,-9.549666,-9.550125,0.001065,-0.00426,0.001065,99235.69,25.72,0.279142
1829.910901,0.010104,-0.069426,0.021546,-9.520938,-9.521216,0.001065,-0.007455,0.001065,99235.19,25.72,0.308051
1829.92098,0.01008,-0.079002,-0.002394,-9.556848,-9.557175,0.001065,-0.005325,0.003195,99235.19,25.72,0.272092
1829.93107,0.01009,-0.09576,0.021546,-9.571212,-9.571715,0.001065,-0.009585,0.003195,99235.19,25.72,0.257552
1829.941157,0.010087,-0.057456,-0.016758,-9.590364,-9.590551,0.003195,-0.005325,0.00213,99235.19,25.72,0.238716
1829.951505,0.010348,-0.093366,0,-9.56403,-9.564486,0.001065,-0.00639,0.001065,99235.19,25.72,0.264781
1829.961649,0.010143,-0.057456,0.004788,-9.561636,-9.56181,0,-0.007455,0.00213,99235.19,25.72,0.267457
1829.971757,0.010109,-0.074214,0.026334,-9.573606,-9.57393,-0.001065,-0.00426,0.00213,99234.57,25.72,0.255337
1829.981878,0.010121,-0.069426,0.02394,-9.58797,-9.588251,0.001065,-0.001065,0.001065,99234.57,25.72,0.241016
1829.991959,0.010081,-0.093366,0.03591,-9.51615,-9.516676,0.001065,-0.00639,0.003195,99234.57,25.72,0.312591
1830.002051,0.010092,-0.064638,-0.01197,-9.602334,-9.602559,0.003195,-0.00213,0.00213,99234.57,25.72,0.226708
1830.012145,0.010094,-0.093366,0.02394,-9.602334,-9.602818,-0.001065,-0.005325,0.00213,99234.57,25.72,0.226449
1830.022279,0.010133,-0.02394,-0.014364,-9.614304,-9.614345,0.00213,-0.005325,0.003195,99234.57,25.72,0.214922
1830.032388,0.010109,-0.067032,-0.007182,-9.633456,-9.633692,-0.00213,-0.00426,-0.001065,99234.57,25.72,0.195575
1830.04249,0.010102,-0.045486,0.009576,-9.609516,-9.609628,0,-0.00213,0.001065,99234.14,25.72,0.219639
1830.052581,0.010091,-0.090972,0.007182,-9.621486,-9.621919,0,-0.005325,0.00213,99234.14,25.72,0.207348
1830.062668,0.010087,-0.062244,0.009576,-9.616698,-9.616904,0.00213,-0.00426,-0.001065,99234.14,25.72,0.212363
1830.072778,0.01011,-0.079002,0.004788,-9.62388,-9.624205,0,-0.00852,0.003195,99234.14,25.72,0.205062
1830.082863,0.010084,-0.100548,0.009576,-9.633456,-9.633985,0.00426,-0.003195,0.001065,99234.14,25.72,0.195282
1830.092963,0.010101,-0.057456,-0.019152,-9.61191,-9.612101,0.001065,-0.005325,0.00426,99234.14,25.72,0.217166
1830.103065,0.010102,-0.052668,-0.014364,-9.645426,-9.64558,0.001065,-0.00213,-0.00213,99234.14,25.72,0.183687
1830.113153,0.010088,-0.052668,-0.021546,-9.64782,-9.647988,0.001065,-0.00639,0.003195,99234.14,25.72,0.181279
1830.12324,0.010087,-0.062244,0.014364,-9.678942,-9.679153,0.003195,-0.01065,0.005325,99234.14,25.72,0.150114
1830.133343,0.010103,-0.122094,0.040698,-9.628668,-9.629528,0.00213,-0.00426,0.001065,99234.14,25.72,0.199739
1830.143452,0.010109,-0.100548,0.004788,-9.640638,-9.641164,0.003195,-0.00426,0.003195,99234.14,25.72,0.188103
1830.15354,0.010089,-0.09576,0.016758,-9.638244,-9.638734,0.00213,-0.00426,0.001065,99234.14,25.72,0.190533
1830.164101,0.010561,-0.074214,0.052668,-9.690912,-9.691339,0,-0.007455,0.001065,99233.72,25.72,0.137928
1830.174257,0.010156,-0.090972,-0.021546,-9.698094,-9.698545,0.003195,-0.00852,0.00213,99233.72,25.72,0.130722
1830.184379,0.010122,-0.07182,0.033516,-9.690912,-9.691236,0.001065,-0.00639,0.00213,99233.72,25.72,0.138031
1830.19448,0.010101,-0.10773,0.02394,-9.681336,-9.681965,0.003195,-0.00639,0,99233.72,25.72,0.147302
1830.204582,0.010102,-0.10773,0.05985,-9.686124,-9.686908,-0.001065,-0.00639,0.00213,99233.72,25.72,0.142359
1830.214683,0.010102,-0.124488,0.04788,-9.631062,-9.631986,0.00426,-0.00639,0.001065,99233.72,25.72,0.197281
1830.224869,0.010186,-0.134064,0.062244,-9.655002,-9.656133,0,-0.00426,0.003195,99233.72,25.72,0.173134
1830.234975,0.010105,-0.102942,-0.028728,-9.686124,-9.686714,0.001065,-0.00426,-0.001065,99233.41,25.72,0.142553
1830.245088,0.010113,-0.086184,0.03591,-9.722034,-9.722482,0.00213,-0.007455,0.001065,99233.41,25.72,0.106785
1830.255197,0.010109,-0.031122,-0.067032,-9.710064,-9.710345,0.001065,-0.00426,0.00213,99233.41,25.72,0.118922
1830.265286,0.01009,-0.031122,-0.057456,-9.760338,-9.760557,0.001065,-0.003195,0.003195,99233.41,25.72,0.06871
1830.275803,0.010517,-0.014364,-0.038304,-9.769914,-9.77,0.00426,-0.00426,0,99233.41,25.72,0.059267
1830.285902,0.010098,-0.021546,-0.052668,-9.712458,-9.712625,0.001065,-0.00639,0.001065,99233.41,25.72,0.116642
1830.295982,0.01008,-0.045486,-0.062244,-9.774702,-9.775006,0.00213,-0.00639,0.003195,99233.12,25.72,0.054261
1830.306074,0.010092,-0.052668,-0.004788,-9.6957,-9.695844,0.003195,-0.00639,0.003195,99233.12,25.72,0.133423
1830.316193,0.010119,-0.050274,-0.067032,-9.71964,-9.720001,0.003195,-0.005325,0.003195,99233.12,25.72,0.109266
1830.326378,0.010185,-0.014364,-0.033516,-9.757944,-9.758012,0.00213,-0.00639,0.00426,99233.12,25.72,0.071255
1830.336541,0.010163,0,0,-9.77949,-9.77949,0.001065,-0.00426,0.00426,99233.12,25.72,0.049777
1830.34663,0.010089,0.033516,-0.033516,-9.793854,-9.793969,0.001065,-0.005325,0.001065,99233.12,25.72,0.035298
1830.356753,0.010123,-0.009576,-0.004788,-9.822582,-9.822588,-0.001065,-0.003195,0.005325,99232.85,25.72,0.006679
1830.36685,0.010097,-0.014364,0.021546,-9.765126,-9.76516,-0.001065,-0.00426,0.003195,99232.85,25.72,0.064107
1830.376954,0.010104,-0.090972,0.081396,-9.74358,-9.744345,0.003195,-0.00852,0.003195,99232.85,25.72,0.084922
1830.387387,0.010433,-0.150822,0.098154,-9.748368,-9.750029,0.00426,-0.00639,0.003195,99232.85,25.72,0.079238
1830.398412,0.011025,-0.20349,0.117306,-9.789066,-9.791883,0.001065,-0.007455,0.00213,99232.85,25.72,0.037384
1830.410035,0.011623,-0.189126,0.102942,-9.765126,-9.7675,0.003195,-0.00426,0.00213,99232.85,25.72,0.061767
1830.420746,0.010712,-0.16758,0.067032,-9.796248,-9.797911,0.00213,-0.00426,0.003195,99232.66,25.72,0.031356
1830.431913,0.011167,-0.146034,0.07182,-9.83934,-9.840686,0.00213,-0.00639,0.001065,99232.66,25.72,-0.011419
1830.443147,0.011233,-0.126882,0.057456,-9.829764,-9.830751,0,-0.003195,0,99232.66,25.72,-0.001484
1830.454393,0.011246,-0.150822,-0.014364,-9.832158,-9.833325,0.001065,-0.00426,-0.001065,99232.66,25.72,-0.004058
1830.465425,0.011032,-0.150822,-0.004788,-9.817794,-9.818954,0.00213,-0.00639,0.00213,99232.66,25.72,0.010313
1830.476653,0.011228,-0.19152,0.021546,-9.848916,-9.850802,0,-0.005325,-0.001065,99232.66,25.72,-0.021535
1830.488097,0.011444,-0.098154,-0.016758,-9.817794,-9.818299,0.001065,-0.00213,-0.001065,99232.66,25.72,0.010968
1830.499019,0.010922,-0.064638,-0.04788,-9.844128,-9.844457,0.00213,-0.005325,-0.001065,99232.66,25.72,-0.01519
1830.510165,0.011146,-0.052668,-0.069426,-9.853704,-9.854089,0,-0.00213,0,99232.66,25.72,-0.024822
1830.520255,0.01009,0.004788,-0.088578,-9.85131,-9.851709,0.00213,-0.00639,0.00213,99232.66,25.72,-0.022442
1830.530341,0.010086,0.038304,-0.102942,-9.834552,-9.835165,0.001065,-0.005325,0.003195,99232.66,25.72,-0.005898
1830.540441,0.0101,-0.031122,-0.043092,-9.83934,-9.839484,0.001065,-0.007455,0.003195,99232.66,25.72,-0.010217
1830.550543,0.010102,0.019152,-0.057456,-9.810612,-9.810799,0.00213,-0.00426,0.00213,99232.34,25.72,0.018468
1830.56066,0.010117,-0.043092,-0.014364,-9.77949,-9.779595,0.001065,-0.009585,0.00639,99232.34,25.72,0.049672
1830.570855,0.010196,-0.019152,-0.002394,-9.786672,-9.786691,-0.00213,-0.00426,0.005325,99232.34,25.72,0.042576
1830.580946,0.010091,-0.016758,0.014364,-9.772308,-9.772333,0.00213,-0.00639,0.005325,99232.34,25.72,0.056934
1830.59105,0.010104,-0.033516,0.026334,-9.772308,-9.772401,0.003195,-0.00426,0.00426,99232.34,25.72,0.056866
1830.601167,0.010116,-0.043092,0.04788,-9.772308,-9.77252,0.001065,-0.00639,0.005325,99232.34,25.72,0.056747
1830.611269,0.010103,-0.016758,0.016758,-9.769914,-9.769943,0.00213,-0.00426,0.00426,99232.18,25.72,0.059324
1830.621384,0.010114,-0.038304,0.050274,-9.762732,-9.762937,0.001065,-0.007455,0.005325,99232.18,25.72,0.06633
1830.631476,0.010093,-0.08379,0.057456,-9.757944,-9.758473,0.00213,-0.00426,0.001065,99232.18,25.72,0.070794
1830.641585,0.010108,-0.090972,0.081396,-9.789066,-9.789827,0.001065,-0.005325,0.00213,99232.18,25.72,0.03944
1830.65172,0.010135,-0.102942,0.08379,-9.798642,-9.799541,0,-0.00426,0.001065,99232.18,25.72,0.029726
1830.661814,0.010094,-0.1197,0.08379,-9.793854,-9.794944,0,-0.007455,0.00213,99232.18,25.72,0.034323
1830.671902,0.010088,-0.122094,0.067032,-9.824976,-9.825963,0.001065,-0.003195,0.00213,99232.18,25.72,0.003304
1830.68207,0.010167,-0.13167,0.02394,-9.848916,-9.849825,0.001065,-0.003195,0.001065,99231.89,25.72,-0.020558
1830.692174,0.010104,-0.122094,0.033516,-9.86328,-9.864093,0.003195,-0.007455,0,99231.89,25.72,-0.034826
1830.702365,0.010192,-0.141246,0.019152,-9.805824,-9.80686,0,-0.00213,-0.00426,99231.89,25.72,0.022407
1830.712471,0.010106,-0.10773,0.009576,-9.801036,-9.801633,0,-0.009585,-0.00213,99231.89,25.72,0.027634
1830.722574,0.010103,-0.148428,-0.004788,-9.774702,-9.77583,0.005325,-0.00426,0.00213,99231.89,25.72,0.053437
1830.73272,0.010146,-0.1197,-0.004788,-9.817794,-9.818525,0,-0.005325,0.001065,99231.89,25.72,0.010742
1830.742805,0.010084,-0.112518,-0.031122,-9.777096,-9.777793,0.00213,-0.005325,0.001065,99231.75,25.72,0.051474
1830.752916,0.010111,-0.088578,-0.002394,-9.834552,-9.834951,0.003195,-0.007455,-0.001065,99231.75,25.72,-0.005684
1830.763011,0.010096,-0.117306,-0.052668,-9.808218,-9.809061,0.00213,-0.00426,0.00213,99231.75,25.72,0.020206
1830.773101,0.010089,-0.08379,-0.033516,-9.824976,-9.82539,0,-0.007455,0,99231.75,25.72,0.003877
1830.783207,0.010106,-0.08379,-0.004788,-9.813006,-9.813365,0.001065,-0.005325,0.005325,99231.75,25.72,0.015902
1830.793307,0.0101,-0.067032,-0.031122,-9.841734,-9.842011,0.003195,-0.005325,0.003195,99231.75,25.72,-0.012744
1830.80342,0.010113,-0.07182,-0.014364,-9.82737,-9.827643,0.00426,-0.00852,0.001065,99231.75,25.72,0.001624
1830.813552,0.010131,-0.055062,0.002394,-9.822582,-9.822737,0.003195,-0.00213,0.003195,99231.75,25.72,0.00653
1830.823923,0.010372,-0.04788,-0.014364,-9.805824,-9.805951,0,-0.005325,0.00426,99231.75,25.72,0.023316
1830.834043,0.010119,-0.090972,0.009576,-9.85131,-9.851735,0.001065,-0.00639,0.00426,99231.75,25.72,-0.022468
1830.844164,0.010121,-0.04788,0.026334,-9.817794,-9.817946,0.003195,-0.005325,0.00426,99231.75,25.72,0.011321
1830.854488,0.010324,-0.040698,0.04788,-9.82737,-9.827571,0.001065,-0.00639,0.00213,99231.75,25.72,0.001696
1830.864575,0.010087,-0.086184,0.052668,-9.844128,-9.844646,0.001065,-0.00639,0.001065,99231.75,25.72,-0.015379
1830.874675,0.010101,-0.064638,0.050274,-9.846522,-9.846862,0.001065,-0.00426,0.003195,99231.59,25.72,-0.017595
1830.884766,0.01009,-0.033516,0.064638,-9.822582,-9.822852,0.001065,-0.005325,0.00213,99231.59,25.72,0.006415
1830.894852,0.010087,-0.079002,0.043092,-9.848916,-9.849327,0.001065,-0.00426,0.001065,99231.59,25.72,-0.02006
1830.904952,0.010099,-0.031122,0.043092,-9.841734,-9.841878,-0.001065,-0.00426,0.00213,99231.59,25.72,-0.012611
1830.915046,0.010094,-0.031122,0.038304,-9.82737,-9.827494,0,-0.00639,0.00426,99231.59,25.72,0.001773
1830.925132,0.010086,-0.055062,0.03591,-9.824976,-9.825196,0.00213,-0.00639,0.001065,99231.59,25.72,0.004071
1830.935244,0.010112,-0.028728,0.043092,-9.82737,-9.827506,0.003195,-0.00639,0.003195,99231.48,25.72,0.001761
1830.945377,0.010132,-0.033516,-0.009576,-9.798642,-9.798704,0.00213,-0.007455,0.001065,99231.48,25.72,0.030563
1830.955466,0.01009,-0.093366,0.002394,-9.805824,-9.806269,0.00213,-0.00639,0.001065,99231.48,25.72,0.022998
1830.965568,0.010102,-0.079002,-0.019152,-9.77949,-9.779828,0.00213,-0.007455,0.001065,99231.48,25.72,0.049439
1830.975653,0.010085,-0.124488,0.007182,-9.79146,-9.792254,0.00213,-0.00639,0.00213,99231.48,25.72,0.037013
1830.985756,0.010103,-0.117306,-0.014364,-9.798642,-9.799355,0,-0.005325,0.00213,99231.48,25.72,0.029912
1830.995937,0.010181,-0.13167,-0.009576,-9.798642,-9.799531,0.00213,-0.00213,0.001065,99231.28,25.72,0.029736
1831.006052,0.010115,-0.10773,-0.014364,-9.820188,-9.820789,0.003195,-0.005325,0.001065,99231.28,25.72,0.008478
1831.016257,0.010204,-0.105336,-0.019152,-9.820188,-9.820772,0.001065,-0.00639,0,99231.28,25.72,0.008495
1831.026466,0.010209,-0.093366,-0.026334,-9.856098,-9.856575,0.00213,-0.003195,0.001065,99231.28,25.72,-0.027308
1831.036951,0.010485,-0.124488,0.002394,-9.820188,-9.820977,-0.001065,-0.00639,0.001065,99231.28,25.72,0.00829
1831.047523,0.010572,-0.138852,-0.009576,-9.844128,-9.845112,0.00213,-0.007455,0.001065,99231.28,25.72,-0.015845
1831.057621,0.010098,-0.076608,-0.01197,-9.824976,-9.825282,0.001065,-0.00213,0.001065,99231.22,25.72,0.003985
1831.067748,0.010127,-0.112518,0.007182,-9.820188,-9.820835,0.001065,-0.003195,0.00213,99231.22,25.72,0.008432
1831.07786,0.010112,-0.114912,0,-9.860886,-9.861556,0.001065,-0.005325,0.003195,99231.22,25.72,-0.032289
1831.087974,0.010113,-0.088578,0.002394,-9.834552,-9.834951,0.00213,-0.005325,0.00213,99231.22,25.72,-0.005684
1831.098075,0.010102,-0.057456,0.026334,-9.844128,-9.844331,0.001065,-0.00852,0.003195,99231.22,25.72,-0.015064
1831.10819,0.010115,-0.086184,0.031122,-9.841734,-9.842161,0.001065,-0.00852,0.003195,99231.22,25.72,-0.012894
1831.118341,0.01015,-0.055062,0.009576,-9.781884,-9.782044,0.001065,-0.00639,0.00213,99231.22,25.72,0.047223
1831.128467,0.010126,-0.069426,0.045486,-9.810612,-9.810963,0.001065,-0.00213,0.00426,99231.22,25.72,0.018304
1831.138552,0.010085,-0.05985,0.02394,-9.80343,-9.803642,0.00213,-0.00426,0.001065,99231.22,25.72,0.025625
1831.148648,0.010097,-0.04788,0.038304,-9.789066,-9.789258,0.001065,-0.003195,0.003195,99231.22,25.72,0.040009
1831.15874,0.010092,-0.067032,0.052668,-9.810612,-9.810982,0.003195,-0.007455,-0.001065,99231.22,25.72,0.018285
1831.168834,0.010094,-0.05985,0.040698,-9.820188,-9.820455,0.001065,-0.005325,0.001065,99231.22,25.72,0.008812
1831.178926,0.010091,-0.031122,0.028728,-9.8154,-9.815491,0.001065,-0.00639,-0.00213,99231.22,25.72,0.013776
1831.189006,0.010081,-0.026334,-0.009576,-9.789066,-9.789106,0.001065,-0.005325,0.00213,99230.98,25.72,0.040161
1831.199097,0.010091,-0.031122,0.007182,-9.808218,-9.80827,0,-0.00639,-0.001065,99230.98,25.72,0.020997
1831.20923,0.010134,-0.040698,0.007182,-9.8154,-9.815487,0.001065,-0.003195,0.00426,99230.98,25.72,0.01378
1831.21934,0.010109,-0.08379,0.002394,-9.798642,-9.799001,0.00213,-0.00639,0.00213,99230.98,25.72,0.030266
1831.229438,0.010098,-0.08379,-0.02394,-9.793854,-9.794242,0.00426,-0.00639,0.003195,99230.98,25.72,0.035025
1831.239587,0.010149,-0.05985,-0.021546,-9.820188,-9.820394,0.001065,-0.00852,0.00213,99230.98,25.72,0.008873
1831.249683,0.010096,-0.079002,-0.021546,-9.829764,-9.830105,0.00213,-0.00213,0.003195,99230.63,25.72,-0.000838
1831.260089,0.010406,-0.098154,-0.02394,-9.824976,-9.825495,0.00213,-0.00639,0.00213,99230.63,25.72,0.003772
1831.270193,0.010103,-0.074214,-0.021546,-9.832158,-9.832462,0.003195,-0.00639,0.003195,99230.63,25.72,-0.003195
1831.280307,0.010114,-0.10773,0.004788,-9.858492,-9.859082,-0.001065,-0.001065,0,99230.63,25.72,-0.029815
1831.290391,0.010085,-0.100548,-0.031122,-9.829764,-9.830328,0.003195,-0.005325,0.00639,99230.63,25.72,-0.001061
1831.300482,0.01009,-0.102942,0,-9.872856,-9.873393,0.001065,-0.00639,0.001065,99230.63,25.72,-0.044126
1831.310557,0.010075,-0.105336,0.004788,-9.824976,-9.825542,0.00426,-0.00426,0.003195,99230.63,25.72,0.003725
1831.32064,0.010084,-0.10773,0.028728,-9.817794,-9.818427,0.003195,-0.007455,0.003195,99230.47,25.72,0.01084
1831.331128,0.010487,-0.093366,0.016758,-9.808218,-9.808677,0.001065,-0.005325,0.003195,99230.47,25.72,0.02059
1831.341203,0.010075,-0.1197,0.021546,-9.808218,-9.808972,0.00213,-0.005325,0.003195,99230.47,25.72,0.020295
1831.351295,0.010092,-0.057456,0.004788,-9.8154,-9.815569,0.00213,-0.00639,0.00213,99230.47,25.72,0.013698
1831.361396,0.010101,-0.076608,0.031122,-9.820188,-9.820536,0,-0.005325,0.00213,99230.47,25.72,0.008731
1831.371931,0.010535,-0.093366,-0.007182,-9.832158,-9.832604,0.00213,-0.005325,0.001065,99230.47,25.72,-0.003337
1831.38202,0.010089,-0.074214,0.038304,-9.829764,-9.830119,0.00213,-0.00639,0.00213,99230.52,25.72,-0.000852
1831.392114,0.010094,-0.081396,0.01197,-9.810612,-9.810957,0.001065,-0.00639,0,99230.52,25.72,0.01831
1831.402202,0.010088,-0.086184,0.026334,-9.808218,-9.808632,0.001065,-0.00426,0.00213,99230.52,25.72,0.020635
1831.412328,0.010125,-0.08379,0.064638,-9.793854,-9.794426,0.001065,-0.00852,0.005325,99230.52,25.72,0.034841
1831.422424,0.010096,-0.055062,-0.002394,-9.820188,-9.820343,0.001065,-0.00426,0.001065,99230.52,25.72,0.008924
1831.432522,0.010098,-0.052668,0.03591,-9.824976,-9.825183,-0.001065,-0.003195,0.001065,99230.52,25.72,0.004084
1831.442619,0.010097,-0.062244,0.016758,-9.822582,-9.822794,0.001065,-0.00639,0,99230.52,25.72,0.006473
1831.452715,0.010096,-0.074214,0.007182,-9.822582,-9.822865,0.001065,-0.00639,0.00213,99230.22,25.72,0.006402
1831.462839,0.010123,-0.069426,0.007182,-9.832158,-9.832406,0.001065,-0.00639,0.001065,99230.22,25.72,-0.003139
1831.472943,0.010104,-0.062244,0.019152,-9.810612,-9.810828,0.00213,-0.00426,0.001065,99230.22,25.72,0.018439
1831.483037,0.010094,-0.057456,-0.004788,-9.810612,-9.810781,-0.001065,-0.005325,0.00213,99230.22,25.72,0.018486
1831.493094,0.010057,-0.086184,0.02394,-9.832158,-9.832565,0.00213,-0.00639,0.00213,99230.22,25.72,-0.003298
1831.503191,0.010097,-0.057456,0.01197,-9.82737,-9.827545,0.001065,-0.00426,0.00213,99230.22,25.72,0.001722
1831.51372,0.01053,-0.07182,-0.02394,-9.820188,-9.82048,0.001065,-0.007455,0.003195,99230.22,25.72,0.008787
1831.523813,0.010093,-0.081396,-0.016758,-9.844128,-9.844479,0.001065,-0.00213,0.00213,99230.22,25.72,-0.015212
1831.533921,0.010108,-0.05985,0.026334,-9.85131,-9.851527,0.003195,-0.005325,0.00213,99230.22,25.72,-0.02226
1831.544004,0.010083,-0.055062,-0.03591,-9.87525,-9.875469,0.00213,-0.00639,0.003195,99230.22,25.72,-0.046202
1831.554108,0.010104,-0.086184,-0.019152,-9.834552,-9.834948,0,-0.005325,0.001065,99230.22,25.72,-0.005681
1831.564248,0.01014,-0.076608,-0.009576,-9.829764,-9.830067,0.003195,-0.007455,0.00426,99230.22,25.72,-0.0008
1831.574541,0.010292,-0.098154,0,-9.832158,-9.832648,0.00213,-0.007455,0.003195,99229.96,25.72,-0.003381
1831.584781,0.01024,-0.10773,-0.002394,-9.83934,-9.83993,0.00213,-0.007455,0.00426,99229.96,25.72,-0.010663
1831.594876,0.010095,-0.102942,0.014364,-9.808218,-9.808769,0.00213,-0.005325,0.003195,99229.96,25.72,0.020498
1831.605059,0.010183,-0.110124,-0.016758,-9.841734,-9.842364,0.001065,-0.005325,0.001065,99229.96,25.72,-0.013097
1831.615169,0.010109,-0.088578,0.033516,-9.832158,-9.832614,0,-0.003195,0.001065,99229.96,25.72,-0.003347
1831.625257,0.010089,-0.090972,-0.002394,-9.789066,-9.789489,0.003195,-0.00639,0.003195,99229.96,25.72,0.039778
1831.635365,0.010107,-0.069426,0.009576,-9.798642,-9.798893,0.003195,-0.005325,0.005325,99229.96,25.72,0.030374
1831.645512,0.010148,-0.098154,0.057456,-9.796248,-9.796908,0.003195,-0.00426,0.001065,99229.99,25.72,0.032359
1831.655607,0.010095,-0.079002,0.052668,-9.80343,-9.80389,0.003195,-0.007455,0.00213,99229.99,25.72,0.025377
1831.665697,0.01009,-0.126882,0.033516,-9.805824,-9.806702,0.00213,-0.00639,0,99229.99,25.72,0.022565
1831.67582,0.010123,-0.067032,0.067032,-9.817794,-9.818252,0.001065,-0.00639,0.001065,99229.99,25.72,0.011015
1831.685915,0.010096,-0.050274,0.040698,-9.793854,-9.794068,0,-0.003195,0.001065,99229.99,25.72,0.035199
1831.69622,0.010305,-0.052668,0.031122,-9.824976,-9.825166,0.00213,-0.007455,0.00213,99229.99,25.72,0.004101
1831.706571,0.010351,-0.055062,0.002394,-9.820188,-9.820343,0,-0.00426,0.001065,99229.85,25.72,0.008924
1831.7167,0.010129,-0.050274,0.026334,-9.822582,-9.822746,0.00213,-0.005325,0.00213,99229.85,25.72,0.006521
1831.726784,0.010084,-0.064638,0.02394,-9.822582,-9.822824,0,-0.00426,-0.001065,99229.85,25.72,0.006443
1831.736875,0.010091,-0.079002,0.01197,-9.82737,-9.827695,0.00213,-0.007455,0.003195,99229.85,25.72,0.001572
1831.746947,0.010072,-0.079002,0.01197,-9.82737,-9.827695,0.003195,-0.00639,0.001065,99229.85,25.72,0.001572
1831.757051,0.010104,-0.074214,0.019152,-9.832158,-9.832457,0.001065,-0.00852,0,99229.85,25.72,-0.00319
1831.76714,0.010089,-0.079002,0.028728,-9.810612,-9.810972,0.001065,-0.00213,-0.001065,99229.77,25.72,0.018295
1831.777248,0.010108,-0.057456,-0.040698,-9.85131,-9.851562,0.003195,-0.003195,0.005325,99229.77,25.72,-0.022295
1831.787337,0.010089,-0.057456,-0.004788,-9.841734,-9.841903,0.003195,-0.007455,0.003195,99229.77,25.72,-0.012636
1831.797476,0.010139,-0.062244,-0.026334,-9.841734,-9.841966,0.001065,-0.00426,0.001065,99229.77,25.72,-0.012699
1831.807565,0.010089,-0.07182,-0.031122,-9.844128,-9.844439,0.001065,-0.00639,0.003195,99229.77,25.72,-0.015172
1831.818841,0.011277,-0.081396,0.009576,-9.844128,-9.844469,0.00213,-0.003195,0.00213,99229.77,25.72,-0.015202
1831.830063,0.011222,-0.064638,-0.021546,-9.796248,-9.796485,0,-0.00639,0.00426,99229.77,25.72,0.032782
1831.841175,0.011112,-0.067032,-0.021546,-9.822582,-9.822834,0.003195,-0.005325,0.00426,99229.77,25.72,0.006433
1831.852337,0.011162,-0.112518,0.002394,-9.769914,-9.770562,0.00213,-0.00426,0.00213,99229.77,25.72,0.058705
1831.863532,0.011195,-0.090972,0.028728,-9.824976,-9.825439,0.003195,-0.007455,0.00213,99229.77,25.72,0.003828
1831.874911,0.011379,-0.062244,0.002394,-9.789066,-9.789264,0.00213,-0.005325,0.00213,99229.77,25.72,0.040003
1831.885894,0.010983,-0.10773,0.014364,-9.813006,-9.813608,0,-0.007455,0.001065,99229.77,25.72,0.015659
1831.897082,0.011188,-0.088578,0.009576,-9.801036,-9.801441,0.00213,-0.00426,0.003195,99229.69,25.72,0.027826
1831.908289,0.011207,-0.110124,0.04788,-9.822582,-9.823316,0.00639,-0.005325,0.001065,99229.69,25.72,0.005951
1831.91944,0.011151,-0.08379,0.016758,-9.817794,-9.818166,0,-0.005325,0,99229.69,25.72,0.011101
1831.930645,0.011205,-0.08379,0.038304,-9.80343,-9.803863,0.001065,-0.007455,0.00213,99229.69,25.72,0.025404
1831.941786,0.011141,-0.09576,0.009576,-9.820188,-9.82066,0.003195,-0.003195,0.001065,99229.69,25.72,0.008607
1831.953085,0.011299,-0.09576,0.031122,-9.805824,-9.806341,0,-0.00852,0.001065,99229.69,25.72,0.022926
1831.964207,0.011122,-0.038304,0.01197,-9.8154,-9.815482,0.001065,-0.003195,0.001065,99229.69,25.72,0.013785
1831.975582,0.011375,-0.090972,0.021546,-9.813006,-9.813451,0,-0.00852,0.00213,99229.69,25.72,0.015816
1831.986569,0.010986,-0.052668,0.004788,-9.844128,-9.84427,0.00213,-0.005325,-0.001065,99229.69,25.72,-0.015003
1831.997735,0.011166,-0.07182,0.007182,-9.844128,-9.844393,0.003195,-0.00426,0,99229.69,25.72,-0.015126
1832.008986,0.011251,-0.074214,0.002394,-9.85131,-9.85159,0.001065,-0.007455,0.001065,99229.69,25.72,-0.022323
1832.020151,0.011165,-0.064638,0.014364,-9.841734,-9.841957,0.00213,-0.00639,-0.00213,99229.4,25.72,-0.01269
1832.031332,0.011182,-0.067032,0.014364,-9.836946,-9.837185,0.003195,-0.003195,0.001065,99229.4,25.72,-0.007918
1832.042488,0.011155,-0.050274,-0.026334,-9.829764,-9.829928,0.003195,-0.003195,0,99229.4,25.72,-0.000661
1832.053835,0.011347,-0.074214,-0.009576,-9.846522,-9.846806,0,-0.00639,0.005325,99229.4,25.72,-0.017539
1832.064846,0.011011,-0.069426,0.03591,-9.808218,-9.808529,0.003195,-0.005325,0,99229.4,25.72,0.020738
1832.076058,0.011212,-0.045486,0.004788,-9.822582,-9.822688,0.00213,-0.007455,0.00213,99229.4,25.72,0.006579
1832.087263,0.011204,-0.093366,-0.007182,-9.813006,-9.813453,-0.00213,-0.005325,-0.001065,99229.13,25.72,0.015814
1832.098478,0.011216,-0.045486,0.016758,-9.820188,-9.820308,-0.001065,-0.00426,0.003195,99229.13,25.72,0.008959
1832.109669,0.011191,-0.062244,0.007182,-9.820188,-9.820388,0.001065,-0.005325,0.003195,99229.13,25.72,0.008879
1832.120833,0.011164,-0.102942,0.026334,-9.789066,-9.789643,0.003195,-0.00639,0.003195,99229.13,25.72,0.039624
1832.132024,0.011191,-0.088578,0.01197,-9.772308,-9.772717,0.00213,-0.00639,-0.001065,99229.13,25.72,0.05655
1832.1432,0.011176,-0.102942,0.028728,-9.841734,-9.842314,0.00213,-0.005325,0.00213,99229.13,25.72,-0.013047
1832.154435,0.011235,-0.064638,0.028728,-9.817794,-9.818049,0.00213,-0.003195,0,99229.13,25.72,0.011218
1832.16549,0.011054,-0.055062,-0.01197,-9.822582,-9.822744,0.001065,-0.00426,0.003195,99229.13,25.72,0.006523
1832.17681,0.011321,-0.076608,0.004788,-9.824976,-9.825276,-0.001065,-0.00639,0.00426,99229.13,25.72,0.003991
1832.187914,0.011104,-0.074214,0.019152,-9.8154,-9.815699,0.001065,-0.00639,0.00213,99229.13,25.72,0.013568
1832.199081,0.011167,-0.062244,0.016758,-9.813006,-9.813218,0.001065,-0.005325,0,99229.13,25.72,0.016049
1832.210312,0.011231,-0.100548,0.019152,-9.810612,-9.811146,0.001065,-0.003195,0.001065,99229.13,25.72,0.018121
1832.221511,0.011199,-0.074214,0.004788,-9.79146,-9.791742,0,-0.007455,0.001065,99229.13,25.72,0.037525
1832.232697,0.011186,-0.112518,0.026334,-9.817794,-9.818474,0.00213,-0.00639,0,99229.13,25.72,0.010793
1832.243893,0.011196,-0.093366,0.03591,-9.82737,-9.827879,0,-0.003195,0.00213,99229.13,25.72,0.001388
1832.255054,0.011161,-0.05985,-0.004788,-9.844128,-9.844311,0.001065,-0.005325,0.003195,99229.13,25.72,-0.015044
1832.266209,0.011155,-0.110124,0.038304,-9.841734,-9.842425,0,-0.007455,0.00213,99229.13,25.72,-0.013158
1832.277561,0.011352,-0.07182,0.007182,-9.856098,-9.856362,0.001065,-0.005325,0.001065,99228.91,25.72,-0.027095
1832.288674,0.011112,-0.088578,0.02394,-9.817794,-9.818223,0.00213,-0.007455,0.001065,99228.91,25.72,0.011044
1832.29976,0.011087,-0.124488,0.01197,-9.829764,-9.83056,0,-0.007455,0.00213,99228.91,25.72,-0.001293
1832.310905,0.011144,-0.088578,0,-9.801036,-9.801436,0.00213,-0.00639,0.00213,99228.91,25.72,0.027831
1832.32209,0.011186,-0.08379,0.002394,-9.832158,-9.832515,0.00213,-0.005325,0.00213,99228.91,25.72,-0.003248
1832.333374,0.011284,-0.05985,0.01197,-9.820188,-9.820378,0,-0.005325,0.00213,99228.89,25.72,0.008889
1832.34449,0.011116,-0.069426,0.014364,-9.813006,-9.813262,0.00213,-0.00639,0.00639,99228.89,25.72,0.016005
1832.355839,0.011349,-0.09576,0.002394,-9.793854,-9.794322,0.001065,-0.003195,0.003195,99228.89,25.72,0.034945
1832.366848,0.011009,-0.055062,0.004788,-9.79146,-9.791616,0.003195,-0.00426,0.001065,99228.89,25.72,0.037651
1832.378001,0.011154,-0.090972,0.007182,-9.784278,-9.784704,0.00213,-0.005325,0.00213,99228.89,25.72,0.044563
1832.389187,0.011186,-0.067032,0.016758,-9.82737,-9.827613,0.00213,-0.003195,0,99228.89,25.72,0.001654
1832.400379,0.011191,-0.052668,-0.016758,-9.789066,-9.789222,0.00213,-0.00639,0.00213,99228.78,25.72,0.040045
1832.411617,0.011238,-0.045486,0.009576,-9.8154,-9.81551,0.00213,-0.007455,0.001065,99228.78,25.72,0.013757
1832.422725,0.011108,-0.069426,0.009576,-9.829764,-9.830014,-0.001065,-0.00213,0,99228.78,25.72,-0.000747
1832.433932,0.011206,-0.100548,0.007182,-9.808218,-9.808736,0.001065,-0.00639,0.00639,99228.78,25.72,0.020531
1832.44509,0.011158,-0.038304,0.007182,-9.80343,-9.803507,0.001065,-0.00426,0.003195,99228.78,25.72,0.02576
1832.45641,0.01132,-0.069426,0.019152,-9.822582,-9.822846,0.00213,-0.00426,0.003195,99228.78,25.72,0.006421
1832.467511,0.0111,-0.098154,0.004788,-9.832158,-9.832649,0.001065,-0.007455,0.001065,99228.78,25.72,-0.003382
1832.478773,0.011262,-0.074214,0.040698,-9.8154,-9.815765,0,-0.005325,0.00213,99228.78,25.72,0.013502
1832.489893,0.011121,-0.07182,0,-9.832158,-9.83242,0.003195,-0.005325,0.00213,99228.78,25.72,-0.003153
1832.501118,0.011224,-0.112518,0.021546,-9.834552,-9.835219,-0.001065,-0.005325,0.001065,99228.78,25.72,-0.005952
1832.512255,0.011137,-0.09576,0,-9.848916,-9.849382,0.00213,-0.00426,0,99228.78,25.72,-0.020115
1832.523469,0.011214,-0.110124,0.004788,-9.82737,-9.827988,0.00213,-0.00426,0,99228.62,25.72,0.001279
1832.53465,0.01118,-0.079002,-0.004788,-9.80343,-9.803749,0,-0.005325,0.00426,99228.62,25.72,0.025518
1832.545754,0.011105,-0.069426,-0.002394,-9.860886,-9.861131,0.001065,-0.007455,0.003195,99228.62,25.72,-0.031864
1832.557061,0.011306,-0.105336,0.004788,-9.805824,-9.806391,0,-0.00639,0.001065,99228.62,25.72,0.022876
1832.568198,0.011137,-0.04788,0.021546,-9.817794,-9.817934,0.001065,-0.00426,0.003195,99228.62,25.72,0.011333
1832.579329,0.011131,-0.076608,-0.019152,-9.829764,-9.830081,-0.001065,-0.01065,0.00426,99228.62,25.72,-0.000814
1832.590551,0.011222,-0.093366,0,-9.798642,-9.799087,0.001065,-0.00639,0.003195,99228.56,25.72,0.03018
1832.601665,0.011114,-0.086184,0.009576,-9.822582,-9.822965,0.001065,-0.007455,0.00213,99228.56,25.72,0.006302
1832.612875,0.01121,-0.08379,0.009576,-9.786672,-9.787035,0,-0.003195,0,99228.56,25.72,0.042232
1832.624065,0.011191,-0.098154,0.01197,-9.8154,-9.815898,0.003195,-0.00639,0.00426,99228.56,25.72,0.013369
1832.635292,0.011227,-0.050274,0.016758,-9.829764,-9.829907,-0.001065,-0.00426,0.001065,99228.56,25.72,-0.00064
1832.64721,0.011918,-0.081396,0.01197,-9.777096,-9.777442,0.00213,-0.00213,0.001065,99228.56,25.72,0.051825
1832.657692,0.010482,-0.05985,0.002394,-9.820188,-9.820371,0.001065,-0.007455,0.003195,99228.57,25.72,0.008896
1832.66882,0.011129,-0.040698,-0.014364,-9.808218,-9.808313,0.001065,-0.00426,0.001065,99228.57,25.72,0.020954
1832.680027,0.011207,-0.064638,0.062244,-9.836946,-9.837355,0.00213,-0.00852,0.003195,99228.57,25.72,-0.008088
1832.691206,0.01118,-0.086184,0.014364,-9.805824,-9.806213,0.001065,-0.00426,0.001065,99228.57,25.72,0.023054
1832.702306,0.011099,-0.069426,0.028728,-9.829764,-9.830051,0,-0.00639,0.00213,99228.57,25.72,-0.000784
1832.712392,0.010086,-0.074214,0.002394,-9.829764,-9.830044,0.003195,-0.00426,0,99228.57,25.72,-0.000777
1832.722474,0.010082,-0.067032,0,-9.85131,-9.851538,0.003195,-0.00639,0.003195,99228.57,25.72,-0.022271
1832.732571,0.010097,-0.09576,0.007182,-9.848916,-9.849384,-0.001065,-0.00639,0.005325,99228.57,25.72,-0.020117
1832.742653,0.010082,-0.076608,0.019152,-9.860886,-9.861202,0,-0.005325,0.001065,99228.57,25.72,-0.031935
1832.75275,0.010097,-0.076608,0.016758,-9.860886,-9.861198,-0.001065,-0.00426,0.001065,99228.57,25.72,-0.031931
1832.762832,0.010082,-0.076608,0.028728,-9.822582,-9.822923,0.00213,-0.005325,0.00213,99228.57,25.72,0.006344
1832.773071,0.010239,-0.08379,0.007182,-9.85131,-9.851669,0.00213,-0.007455,0,99228.57,25.72,-0.022402
1832.783164,0.010093,-0.093366,0.021546,-9.796248,-9.796717,0.003195,-0.00639,0.00213,99228.57,25.72,0.03255
1832.793267,0.010104,-0.090972,-0.007182,-9.856098,-9.85652,0.001065,-0.00639,0,99228.57,25.72,-0.027253
1832.803533,0.010266,-0.08379,0,-9.820188,-9.820545,0.00213,-0.005325,0.00213,99228.57,25.72,0.008722
1832.813638,0.010104,-0.07182,0.01197,-9.822582,-9.822852,0.001065,-0.005325,0.001065,99228.57,25.72,0.006415
1832.823757,0.010119,-0.057456,-0.021546,-9.829764,-9.829956,0.003195,-0.00639,0.003195,99228.57,25.72,-0.000689
1832.833853,0.010096,-0.040698,0.031122,-9.810612,-9.810746,0.001065,-0.00852,0.005325,99228.57,25.72,0.018521
1832.843964,0.010111,-0.076608,0,-9.786672,-9.786972,0.003195,-0.003195,0.00426,99228.7,25.72,0.042295
1832.854562,0.010598,-0.08379,0.009576,-9.810612,-9.810974,0,-0.00426,0,99228.7,25.72,0.018293
1832.864619,0.010057,-0.074214,0.016758,-9.808218,-9.808513,0.00213,-0.003195,0.003195,99228.7,25.72,0.020754
1832.874724,0.010105,-0.067032,0.014364,-9.848916,-9.849155,-0.00213,-0.00426,0.00426,99228.7,25.72,-0.019888
1832.88483,0.010106,-0.079002,-0.014364,-9.8154,-9.815728,0.00426,-0.00639,0,99228.7,25.72,0.013539
1832.894931,0.010101,-0.050274,0.009576,-9.817794,-9.817927,0.003195,-0.00426,0.001065,99228.7,25.72,0.01134
1832.905033,0.010102,-0.064638,-0.007182,-9.810612,-9.810828,0,-0.005325,0.00426,99228.72,25.72,0.018439
1832.915324,0.01029,-0.07182,0.009576,-9.848916,-9.849183,-0.001065,-0.00639,0.00213,99228.72,25.72,-0.019916
1832.925413,0.010089,-0.03591,-0.002394,-9.805824,-9.80589,0.00213,-0.00426,0.00213,99228.72,25.72,0.023377
1832.935523,0.010111,-0.067032,-0.02394,-9.820188,-9.820446,0.001065,-0.00639,0.00213,99228.72,25.72,0.008821
1832.945637,0.010113,-0.076608,0.002394,-9.820188,-9.820487,-0.001065,-0.005325,0,99228.72,25.72,0.00878
1832.955733,0.010096,-0.057456,0.007182,-9.805824,-9.805995,0.00213,-0.005325,0.003195,99228.72,25.72,0.023272
1832.965869,0.010136,-0.04788,0.014364,-9.813006,-9.813133,0.00213,-0.005325,0.001065,99228.7,25.72,0.016134
1832.976015,0.010146,-0.079002,0.004788,-9.822582,-9.822901,0.00213,-0.007455,0.00213,99228.7,25.72,0.006366
1832.986206,0.01019,-0.067032,0.002394,-9.836946,-9.837175,0.00213,-0.00213,0.001065,99228.7,25.72,-0.007908
1832.996303,0.010097,-0.057456,0.014364,-9.824976,-9.825154,0.00213,-0.005325,0.005325,99228.7,25.72,0.004113
1833.00639,0.010087,-0.067032,0.009576,-9.860886,-9.861118,0.00213,-0.005325,0,99228.7,25.72,-0.031851
1833.01649,0.0101,-0.069426,-0.007182,-9.846522,-9.846769,0.00213,-0.003195,0.00213,99228.7,25.72,-0.017502
1833.02658,0.010091,-0.076608,0.002394,-9.8154,-9.815699,0.001065,-0.009585,0.00213,99228.7,25.72,0.013568
1833.036684,0.010104,-0.124488,0.007182,-9.856098,-9.856887,0.001065,-0.003195,0.00213,99228.75,25.72,-0.02762
1833.046779,0.010095,-0.124488,0.028728,-9.822582,-9.823413,0,-0.00852,0.003195,99228.75,25.72,0.005854
1833.056878,0.010099,-0.100548,0.04788,-9.80343,-9.804063,0.00426,-0.00852,0.003195,99228.75,25.72,0.025204
