time,dt,accel_x,accel_y,accel_z,union_g,gyro_x,gyro_y,gyro_z,pressure,temp,ag
1873.635693,0.010095,-0.079002,0.007182,-9.844128,-9.844448,0.00213,-0.00426,0.001065,99176.58,25.74,-0.015181
1873.645807,0.010114,-0.081396,-0.019152,-9.858492,-9.858847,0.001065,-0.005325,0.00213,99176.58,25.74,-0.02958
1873.655906,0.010099,-0.074214,0,-9.829764,-9.830044,0,-0.005325,0.00426,99176.58,25.74,-0.000777
1873.665986,0.01008,-0.090972,0.021546,-9.853704,-9.854147,0.001065,-0.00639,0.001065,99176.58,25.74,-0.02488
1873.676081,0.010095,-0.088578,0.01197,-9.805824,-9.806231,0.001065,-0.00426,0.001065,99176.58,25.74,0.023036
1873.686207,0.010127,-0.098154,0.045486,-9.805824,-9.806421,0.001065,-0.005325,0.00213,99176.5,25.74,0.022846
1873.696331,0.010124,-0.105336,0.002394,-9.805824,-9.80639,0.001065,-0.005325,0.00213,99176.5,25.74,0.022877
1873.706427,0.010096,-0.076608,0.028728,-9.824976,-9.825317,-0.001065,-0.00639,-0.00213,99176.5,25.74,0.00395
1873.716538,0.010111,-0.081396,0.014364,-9.801036,-9.801385,0.00213,-0.00213,0,99176.5,25.74,0.027882
1873.727785,0.011247,-0.09576,0.007182,-9.834552,-9.835021,0.00213,-0.007455,0.003195,99176.5,25.74,-0.005754
1873.739552,0.011767,-0.086184,0.016758,-9.774702,-9.775096,0.00426,-0.00426,0.003195,99176.5,25.74,0.054171
1873.750852,0.0113,-0.069426,-0.016758,-9.805824,-9.806084,0.001065,-0.005325,0.003195,99176.42,25.74,0.023183
1873.761252,0.0104,-0.090972,-0.019152,-9.834552,-9.834991,0.00213,-0.005325,0.00213,99176.42,25.74,-0.005724
1873.77241,0.011158,-0.086184,0.007182,-9.808218,-9.808599,0.00213,-0.005325,0.00213,99176.42,25.74,0.020668
1873.7836,0.01119,-0.062244,0.004788,-9.824976,-9.825174,0.003195,-0.00213,0.001065,99176.42,25.74,0.004093
1873.794875,0.011275,-0.074214,0,-9.829764,-9.830044,0.003195,-0.005325,0.003195,99176.42,25.74,-0.000777
1873.805987,0.011112,-0.064638,-0.019152,-9.83934,-9.839571,0.003195,-0.00639,0,99176.35,25.74,-0.010304
1873.817202,0.011215,-0.076608,0.007182,-9.848916,-9.849217,0.00213,-0.00639,0.003195,99176.35,25.74,-0.01995
1873.828373,0.011171,-0.067032,-0.004788,-9.832158,-9.832388,0,-0.007455,0.001065,99176.35,25.74,-0.003121
1873.839566,0.011193,-0.067032,0.01197,-9.82737,-9.827606,0.003195,-0.00639,0.00426,99176.35,25.74,0.001661
1873.850785,0.011219,-0.093366,0.033516,-9.817794,-9.818295,0.001065,-0.00639,0,99176.35,25.74,0.010972
1873.862107,0.011322,-0.069426,0.016758,-9.80343,-9.80369,0.00426,-0.005325,0.003195,99176.35,25.74,0.025577
1873.873094,0.010988,-0.064638,0.014364,-9.813006,-9.813229,0.00213,-0.00426,0.003195,99176.35,25.74,0.016038
1873.884242,0.011148,-0.100548,0.038304,-9.832158,-9.832747,0.00213,-0.007455,0.001065,99176.35,25.74,-0.00348
1873.895532,0.01129,-0.045486,0.009576,-9.841734,-9.841844,0.001065,-0.00639,0.00213,99176.35,25.74,-0.012577
1873.906774,0.011242,-0.050274,0.026334,-9.829764,-9.829928,0.003195,-0.00426,0.00213,99176.35,25.74,-0.000661
1873.917885,0.01111,-0.069426,0.01197,-9.813006,-9.813259,0.00213,-0.007455,0,99176.35,25.74,0.016008
1873.928979,0.011094,-0.09576,0.026334,-9.798642,-9.799145,0.00213,-0.00639,0.001065,99176.35,25.74,0.030122
1873.940479,0.0115,-0.100548,0.02394,-9.805824,-9.806369,0.00213,-0.007455,0.003195,99176.35,25.74,0.022898
1873.951393,0.010913,-0.122094,0.040698,-9.741186,-9.742036,0.00213,-0.00639,0.00213,99176.35,25.74,0.087231
1873.962686,0.011294,-0.102942,0.038304,-9.777096,-9.777713,0.001065,-0.001065,0.00426,99176.35,25.74,0.051554
1873.973872,0.011186,-0.062244,0.004788,-9.813006,-9.813205,0.001065,-0.00426,0,99176.35,25.74,0.016062
1873.984902,0.011031,-0.076608,0.004788,-9.808218,-9.808518,0.001065,-0.003195,0,99176.35,25.74,0.020749
1873.99637,0.011467,-0.079002,-0.01197,-9.805824,-9.80615,0.00213,-0.00426,0,99176.35,25.74,0.023117
1874.007507,0.011138,-0.050274,-0.004788,-9.805824,-9.805954,0.00213,-0.00639,0.003195,99176.34,25.74,0.023313
1874.018482,0.010975,-0.074214,0.004788,-9.848916,-9.849197,0.00213,-0.007455,0.00213,99176.34,25.74,-0.01993
1874.029864,0.011381,-0.045486,0,-9.813006,-9.813111,-0.001065,-0.00639,0.001065,99176.34,25.74,0.016156
1874.040866,0.011002,-0.08379,0,-9.868068,-9.868424,0,-0.005325,-0.001065,99176.34,25.74,-0.039157
1874.05211,0.011244,-0.086184,0.01197,-9.85131,-9.851694,0.00213,-0.00426,0.00213,99176.34,25.74,-0.022427
1874.063553,0.011443,-0.04788,-0.007182,-9.88722,-9.887339,0.00213,-0.007455,0.00213,99176.47,25.74,-0.058072
1874.074497,0.010944,-0.043092,-0.007182,-9.870462,-9.870559,0,-0.00213,0.003195,99176.47,25.74,-0.041292
1874.085674,0.011177,-0.079002,-0.009576,-9.880038,-9.880358,0.003195,-0.007455,0.001065,99176.47,25.74,-0.051091
1874.096827,0.011154,-0.067032,0.01197,-9.848916,-9.849151,0.001065,-0.003195,0.00213,99176.47,25.74,-0.019884
1874.107956,0.011128,-0.067032,-0.002394,-9.853704,-9.853932,0.001065,-0.003195,0.003195,99176.47,25.74,-0.024665
1874.119172,0.011216,-0.088578,0.045486,-9.829764,-9.830268,0.00213,-0.00639,0,99176.47,25.74,-0.001001
1874.130429,0.011258,-0.124488,0.040698,-9.808218,-9.809092,0.00213,-0.005325,0.001065,99176.4,25.74,0.020175
1874.141554,0.011124,-0.079002,0.014364,-9.836946,-9.837274,0.003195,-0.005325,0.00213,99176.4,25.74,-0.008007
1874.152677,0.011124,-0.10773,-0.002394,-9.824976,-9.825567,0.001065,-0.00426,0,99176.4,25.74,0.0037
1874.163984,0.011306,-0.074214,0,-9.824976,-9.825256,0.003195,-0.005325,0,99176.4,25.74,0.004011
1874.175143,0.011159,-0.100548,0.026334,-9.793854,-9.794406,0.003195,-0.007455,0.003195,99176.4,25.74,0.034861
1874.186256,0.011114,-0.079002,-0.021546,-9.80343,-9.803772,0.00213,-0.003195,0.001065,99176.4,25.74,0.025495
1874.197518,0.011261,-0.090972,0.019152,-9.789066,-9.789507,0.001065,-0.007455,0.003195,99176.43,25.74,0.03976
1874.208618,0.011101,-0.090972,0.009576,-9.789066,-9.789493,0.00213,-0.00639,0.001065,99176.43,25.74,0.039774
1874.219834,0.011215,-0.055062,0.019152,-9.777096,-9.77727,0,-0.005325,0.003195,99176.43,25.74,0.051997
1874.230991,0.011157,-0.033516,-0.01197,-9.772308,-9.772373,0,-0.003195,0.00213,99176.43,25.74,0.056894
1874.242195,0.011204,-0.04788,0.004788,-9.796248,-9.796366,0,-0.005325,0.00213,99176.43,25.74,0.032901
1874.254072,0.011877,-0.050274,-0.002394,-9.808218,-9.808347,0.001065,-0.005325,0.003195,99176.43,25.74,0.02092
1874.264602,0.01053,-0.043092,-0.01197,-9.801036,-9.801138,0.00213,-0.005325,0.003195,99176.43,25.74,0.028129
1874.276034,0.011432,-0.04788,0.01197,-9.808218,-9.808342,0.00426,-0.00639,0.00426,99176.43,25.74,0.020925
1874.286891,0.010856,-0.081396,-0.002394,-9.82737,-9.827707,0.00426,-0.00852,0.005325,99176.43,25.74,0.00156
1874.298098,0.011207,-0.110124,0.002394,-9.841734,-9.84235,0.00213,-0.005325,0.003195,99176.43,25.74,-0.013083
1874.309528,0.01143,-0.086184,0.009576,-9.841734,-9.842116,0.003195,-0.005325,0.00213,99176.43,25.74,-0.012849
1874.321255,0.011726,-0.100548,-0.004788,-9.841734,-9.842249,0.003195,-0.005325,0.00213,99176.47,25.74,-0.012982
1874.331711,0.010456,-0.105336,-0.002394,-9.848916,-9.84948,0.00213,-0.00213,0.003195,99176.47,25.74,-0.020213
1874.342829,0.011118,-0.086184,0.019152,-9.856098,-9.856493,0.003195,-0.005325,0.00426,99176.47,25.74,-0.027226
1874.354075,0.011246,-0.110124,0.014364,-9.870462,-9.871087,0.00213,-0.003195,0.00213,99176.47,25.74,-0.04182
1874.365305,0.01123,-0.1197,0.014364,-9.83934,-9.840079,0.00213,-0.003195,0.001065,99176.47,25.74,-0.010812
1874.376522,0.011217,-0.122094,0.014364,-9.836946,-9.837714,0.003195,-0.005325,0.001065,99176.47,25.74,-0.008447
1874.387662,0.011141,-0.110124,0.038304,-9.836946,-9.837637,0,-0.00639,0,99176.34,25.74,-0.00837
1874.398798,0.011135,-0.086184,-0.009576,-9.822582,-9.822965,0,-0.00426,0.00213,99176.34,25.74,0.006302
1874.409924,0.011127,-0.093366,0,-9.813006,-9.81345,0.001065,-0.005325,0.00213,99176.34,25.74,0.015817
1874.421832,0.011908,-0.088578,0.02394,-9.822582,-9.823011,0.00213,-0.003195,0,99176.34,25.74,0.006256
1874.432371,0.010539,-0.057456,-0.002394,-9.781884,-9.782053,0.00213,-0.00426,0,99176.34,25.74,0.047214
1874.444429,0.012057,-0.081396,-0.007182,-9.777096,-9.777437,0.003195,-0.00426,0.00213,99176.34,25.74,0.05183
1874.454936,0.010507,-0.069426,0.009576,-9.80343,-9.803681,0.003195,-0.003195,0,99176.35,25.74,0.025586
1874.465916,0.01098,-0.043092,0.043092,-9.772308,-9.772498,0.001065,-0.00639,0.001065,99176.35,25.74,0.056769
1874.477584,0.011668,-0.033516,0.009576,-9.772308,-9.77237,0.00213,-0.003195,0.00213,99176.35,25.74,0.056897
1874.488392,0.010807,-0.04788,0.019152,-9.786672,-9.786808,0.00426,-0.00639,0.00213,99176.35,25.74,0.042459
1874.499484,0.011092,-0.043092,0.026334,-9.80343,-9.80356,0.00213,-0.00639,0.00213,99176.35,25.74,0.025707
1874.510663,0.011179,-0.052668,0.040698,-9.810612,-9.810838,0.00213,-0.00639,0.001065,99176.35,25.74,0.018429
1874.521794,0.011131,-0.057456,0.050274,-9.817794,-9.818091,0.00426,-0.00213,0.003195,99176.26,25.74,0.011176
1874.533106,0.011312,-0.086184,0.021546,-9.82737,-9.827772,0.001065,-0.00426,0.003195,99176.26,25.74,0.001495
1874.544166,0.011059,-0.07182,0.03591,-9.877644,-9.87797,0.00213,-0.00639,0,99176.26,25.74,-0.048703
1874.555793,0.011627,-0.105336,0.021546,-9.848916,-9.849503,0.001065,-0.00639,0.003195,99176.26,25.74,-0.020236
1874.566805,0.011013,-0.069426,0.02394,-9.865674,-9.865947,0.003195,-0.00639,0.001065,99176.26,25.74,-0.03668
1874.577727,0.010921,-0.102942,-0.004788,-9.882432,-9.882969,0.00426,-0.005325,-0.00213,99176.26,25.74,-0.053702
1874.588928,0.011201,-0.110124,0.009576,-9.884826,-9.885444,0.00213,-0.007455,0.00213,99176.26,25.74,-0.056177
1874.600108,0.01118,-0.129276,0.01197,-9.834552,-9.835409,0.001065,-0.007455,0.003195,99176.26,25.74,-0.006142
1874.611252,0.011145,-0.079002,-0.004788,-9.844128,-9.844446,0,-0.00426,-0.001065,99176.26,25.74,-0.015179
1874.622515,0.011263,-0.07182,0.009576,-9.82737,-9.827637,0,-0.00639,0.00213,99176.26,25.74,0.00163
1874.633641,0.011126,-0.086184,0.01197,-9.817794,-9.81818,0,-0.005325,0.001065,99176.26,25.74,0.011087
1874.644931,0.01129,-0.07182,-0.021546,-9.784278,-9.784565,0.00426,-0.005325,0.00213,99176.27,25.74,0.044702
1874.656027,0.011096,-0.086184,-0.016758,-9.784278,-9.784672,0.001065,-0.005325,0.001065,99176.27,25.74,0.044595
1874.666292,0.010265,-0.09576,-0.02394,-9.757944,-9.758443,0.001065,-0.00426,0.003195,99176.27,25.74,0.070824
1874.676396,0.010104,-0.05985,-0.016758,-9.772308,-9.772506,0.00213,-0.00426,-0.001065,99176.27,25.74,0.056761
1874.686506,0.01011,-0.086184,-0.014364,-9.813006,-9.813395,0,-0.003195,0.001065,99176.27,25.74,0.015872
1874.696608,0.010103,-0.064638,-0.016758,-9.769914,-9.770142,0.00426,-0.005325,0.001065,99176.27,25.74,0.059125
1874.706709,0.0101,-0.067032,0,-9.8154,-9.815629,0.001065,-0.00852,0.003195,99176.08,25.74,0.013638
1874.716803,0.010095,-0.074214,0.01197,-9.8154,-9.815688,0.003195,-0.003195,0.003195,99176.08,25.74,0.013579
1874.7269,0.010097,-0.081396,0.016758,-9.801036,-9.801388,0.001065,-0.00639,0.00213,99176.08,25.74,0.027879
1874.737039,0.010139,-0.086184,0.021546,-9.822582,-9.822984,0.001065,-0.005325,0.001065,99176.08,25.74,0.006283
1874.747134,0.010095,-0.079002,0.033516,-9.813006,-9.813381,0,-0.005325,0,99176.08,25.74,0.015886
1874.757334,0.0102,-0.074214,0.055062,-9.846522,-9.846956,0.003195,-0.003195,0.003195,99176.08,25.74,-0.017689
1874.767428,0.010093,-0.03591,0.057456,-9.846522,-9.846755,0.001065,-0.005325,0.003195,99176.08,25.74,-0.017488
1874.777573,0.010145,-0.057456,0.026334,-9.89919,-9.899392,0.00213,-0.00639,0,99176.08,25.74,-0.070125
1874.787731,0.010158,-0.019152,0.031122,-9.872856,-9.872924,0.00213,-0.003195,0.001065,99176.08,25.74,-0.043657
1874.79782,0.010088,-0.043092,0.002394,-9.89919,-9.899284,0,-0.005325,0.00213,99176.08,25.74,-0.070017
1874.807937,0.010117,-0.07182,0.002394,-9.908766,-9.909027,0.001065,-0.00426,0,99176.08,25.74,-0.07976
1874.818027,0.010091,-0.07182,0.019152,-9.889614,-9.889893,0.001065,-0.005325,0.00213,99176.08,25.74,-0.060626
1874.828135,0.010107,-0.07182,0.026334,-9.86328,-9.863577,0.003195,-0.00426,0.003195,99176.08,25.74,-0.03431
1874.838271,0.010137,-0.086184,0.01197,-9.841734,-9.842119,0.00213,-0.005325,0.00213,99176.23,25.74,-0.012852
1874.848375,0.010104,-0.090972,0.016758,-9.844128,-9.844563,0.00213,-0.003195,0,99176.23,25.74,-0.015296
1874.85846,0.010085,-0.057456,0.007182,-9.805824,-9.805995,0.001065,-0.007455,-0.001065,99176.23,25.74,0.023272
1874.868973,0.010513,-0.069426,-0.002394,-9.793854,-9.7941,0.00213,-0.00426,0.00213,99176.23,25.74,0.035167
1874.879147,0.010174,-0.090972,-0.009576,-9.777096,-9.777524,0.001065,-0.00639,0.001065,99176.23,25.74,0.051743
1874.889249,0.010102,-0.114912,-0.01197,-9.726822,-9.727508,0.00213,-0.00426,0.00213,99176.23,25.74,0.101759
1874.899345,0.010097,-0.09576,-0.002394,-9.729216,-9.729688,0,-0.00639,0.003195,99176.23,25.74,0.099579
1874.90943,0.010085,-0.1197,-0.038304,-9.693306,-9.694121,0.00213,-0.00639,0.001065,99176.23,25.74,0.135146
1874.919551,0.010121,-0.141246,-0.028728,-9.722034,-9.723102,0.001065,-0.005325,0.001065,99176.23,25.74,0.106165
1874.929644,0.010093,-0.112518,-0.01197,-9.722034,-9.722692,0.00213,-0.00426,0,99176.23,25.74,0.106575
1874.939741,0.010097,-0.122094,-0.02394,-9.717246,-9.718042,0.00213,-0.007455,0.00213,99176.23,25.74,0.111225
1874.949838,0.010098,-0.112518,-0.02394,-9.784278,-9.784954,0,-0.005325,0.00213,99176.23,25.74,0.044313
1874.959968,0.01013,-0.081396,-0.074214,-9.77949,-9.78011,-0.00213,-0.007455,0.001065,99176.08,25.74,0.049157
1874.97006,0.010092,-0.090972,-0.019152,-9.829764,-9.830204,0.003195,-0.00639,0.00213,99176.08,25.74,-0.000937
1874.98037,0.010309,-0.081396,-0.014364,-9.86328,-9.863626,0.001065,-0.007455,0.00213,99176.08,25.74,-0.034359
1874.990449,0.010079,-0.105336,0.028728,-9.882432,-9.883035,0.00213,-0.003195,0.003195,99176.08,25.74,-0.053768
1875.000575,0.010126,-0.050274,0.019152,-9.913554,-9.9137,0,-0.00426,0.00426,99176.08,25.74,-0.084433
1875.010663,0.010088,-0.067032,0.016758,-9.92313,-9.923371,0.003195,-0.005325,0.001065,99176.08,25.74,-0.094104
1875.020766,0.010103,-0.07182,0.01197,-9.920736,-9.921003,0.00213,-0.005325,0.001065,99176.08,25.74,-0.091736
1875.030875,0.010109,-0.057456,0.033516,-9.906372,-9.906595,0,-0.005325,0.00213,99176.12,25.74,-0.077328
1875.041025,0.01015,-0.055062,0.038304,-9.927918,-9.928145,0.00213,-0.00639,0,99176.12,25.74,-0.098878
1875.051118,0.010093,-0.069426,0.057456,-9.889614,-9.890025,0.003195,-0.00426,0.001065,99176.12,25.74,-0.060758
1875.061208,0.01009,-0.05985,0.031122,-9.884826,-9.885056,0.003195,-0.007455,0.00426,99176.12,25.74,-0.055789
1875.07132,0.010112,-0.043092,0.040698,-9.844128,-9.844306,0.003195,-0.00213,-0.001065,99176.12,25.74,-0.015039
1875.081591,0.010271,-0.031122,0.062244,-9.80343,-9.803677,-0.00213,-0.005325,0.001065,99176.12,25.74,0.02559
1875.091807,0.010216,-0.03591,0.043092,-9.772308,-9.772469,0.003195,-0.007455,0.001065,99176.15,25.74,0.056798
1875.101916,0.010109,-0.093366,0.081396,-9.753156,-9.753943,0.003195,-0.00639,0,99176.15,25.74,0.075324
1875.112075,0.010159,-0.09576,0.05985,-9.748368,-9.749022,0.001065,-0.005325,0,99176.15,25.74,0.080245
1875.122323,0.010248,-0.088578,0.031122,-9.741186,-9.741638,0.001065,-0.003195,0.00213,99176.15,25.74,0.087629
1875.132456,0.010133,-0.064638,0.014364,-9.738792,-9.739017,0.001065,-0.00639,0.00213,99176.15,25.74,0.09025
1875.142546,0.01009,-0.093366,0.002394,-9.736398,-9.736846,-0.001065,-0.007455,0.001065,99176.15,25.74,0.092421
1875.152652,0.010106,-0.102942,0.009576,-9.729216,-9.729765,0.001065,-0.00213,0.00213,99176.18,25.74,0.099502
1875.16274,0.010089,-0.081396,-0.002394,-9.741186,-9.741526,-0.001065,-0.007455,0.003195,99176.18,25.74,0.087741
1875.172824,0.010084,-0.09576,0.021546,-9.748368,-9.748862,-0.001065,-0.005325,0.00213,99176.18,25.74,0.080405
1875.182933,0.010109,-0.105336,0,-9.786672,-9.787239,0.00213,-0.007455,-0.001065,99176.18,25.74,0.042028
1875.193559,0.010626,-0.1197,0,-9.8154,-9.81613,0.003195,-0.00639,0.003195,99176.18,25.74,0.013137
1875.203649,0.01009,-0.090972,-0.038304,-9.88722,-9.887713,0.001065,-0.00426,0.00213,99176.18,25.74,-0.058446
1875.213754,0.010105,-0.114912,-0.026334,-9.901584,-9.902286,0.001065,-0.00426,0.003195,99176.12,25.74,-0.073019
1875.223875,0.010121,-0.148428,-0.043092,-9.908766,-9.909971,0,-0.00426,0.00213,99176.12,25.74,-0.080704
1875.23425,0.010375,-0.069426,-0.074214,-9.932706,-9.933226,-0.001065,-0.00639,-0.001065,99176.12,25.74,-0.103959
1875.244365,0.010115,-0.081396,-0.081396,-9.951858,-9.952524,0.00213,-0.005325,0.003195,99176.12,25.74,-0.123257
1875.254591,0.010226,-0.081396,-0.05985,-9.932706,-9.93322,0.001065,-0.00426,0.00426,99176.12,25.74,-0.103953
1875.264675,0.010084,-0.064638,-0.086184,-9.94707,-9.947653,0,-0.00426,0.00426,99176.12,25.74,-0.118386
1875.274773,0.010098,-0.074214,-0.090972,-9.903978,-9.904674,0.001065,-0.005325,0.003195,99176.12,25.74,-0.075407
1875.28487,0.010097,-0.038304,-0.081396,-9.925524,-9.925932,0.003195,-0.00426,0.00213,99176.12,25.74,-0.096665
1875.294973,0.010103,-0.02394,-0.105336,-9.868068,-9.868659,0,-0.00639,0.001065,99176.12,25.74,-0.039392
1875.305217,0.010244,-0.021546,-0.105336,-9.865674,-9.86626,0.003195,-0.007455,0.00213,99176.12,25.74,-0.036993
1875.315339,0.010122,-0.009576,-0.10773,-9.836946,-9.837541,0.00213,-0.00852,0.005325,99176.12,25.74,-0.008274
1875.325461,0.010121,-0.014364,-0.086184,-9.805824,-9.806213,0.003195,-0.005325,0.005325,99176.12,25.74,0.023054
1875.335565,0.010105,-0.050274,-0.045486,-9.769914,-9.770149,0.003195,-0.009585,0.005325,99176.12,25.74,0.059118
1875.345649,0.010084,-0.031122,-0.021546,-9.724428,-9.724502,0.003195,-0.005325,0.00639,99176.15,25.74,0.104765
1875.356239,0.01059,-0.033516,0,-9.705276,-9.705334,0.00426,-0.007455,0.00426,99176.15,25.74,0.123933
1875.366336,0.010096,-0.076608,0.055062,-9.717246,-9.717704,0.001065,-0.00639,0.003195,99176.15,25.74,0.111563
1875.376435,0.010099,-0.086184,0.069426,-9.714852,-9.715482,0,-0.003195,0.003195,99176.15,25.74,0.113785
1875.386519,0.010084,-0.08379,0.134064,-9.690912,-9.692201,0.00213,-0.00639,0.003195,99176.15,25.74,0.137066
1875.396623,0.010104,-0.110124,0.158004,-9.690912,-9.692826,0.00213,-0.00426,0.00213,99176.15,25.74,0.136441
1875.406725,0.010103,-0.10773,0.208278,-9.678942,-9.681782,0.00213,-0.00426,0,99176.2,25.74,0.147485
1875.417107,0.010381,-0.138852,0.189126,-9.724428,-9.727258,0,-0.00426,0,99176.2,25.74,0.102009
1875.427238,0.010132,-0.102942,0.186732,-9.75555,-9.75788,0.003195,-0.005325,0,99176.2,25.74,0.071387
1875.437409,0.010171,-0.09576,0.174762,-9.805824,-9.807849,0.00213,-0.00426,-0.001065,99176.2,25.74,0.021418
1875.447566,0.010156,-0.1197,0.134064,-9.8154,-9.817045,-0.001065,-0.00426,0,99176.2,25.74,0.012222
1875.457672,0.010106,-0.126882,0.100548,-9.865674,-9.867002,0.00213,-0.00639,-0.001065,99176.2,25.74,-0.037735
1875.467774,0.010102,-0.100548,0.052668,-9.925524,-9.926173,0.00213,-0.003195,0,99176.2,25.74,-0.096906
1875.477861,0.010087,-0.081396,0.043092,-9.92313,-9.923557,0,-0.00639,-0.00213,99176.26,25.74,-0.09429
1875.48796,0.010099,-0.112518,0.019152,-9.937494,-9.938149,0.00213,-0.005325,0.001065,99176.26,25.74,-0.108882
1875.498047,0.010087,-0.117306,-0.021546,-9.961434,-9.962148,0,-0.005325,-0.001065,99176.26,25.74,-0.132881
1875.508166,0.010119,-0.088578,-0.067032,-9.932706,-9.933327,0,-0.005325,0.001065,99176.26,25.74,-0.10406
1875.518254,0.010088,-0.09576,-0.069426,-9.966222,-9.966924,0.003195,-0.007455,0,99176.26,25.74,-0.137657
1875.528345,0.010091,-0.057456,-0.114912,-9.908766,-9.909599,0,-0.00213,0.003195,99176.26,25.74,-0.080332
1875.538434,0.010089,-0.04788,-0.129276,-9.89919,-9.90015,0.001065,-0.007455,0.00213,99176.29,25.74,-0.070883
1875.548528,0.010094,-0.040698,-0.114912,-9.83934,-9.840095,0.003195,-0.00639,0.00426,99176.29,25.74,-0.010828
1875.558618,0.01009,-0.03591,-0.124488,-9.808218,-9.809074,-0.001065,-0.005325,0.00213,99176.29,25.74,0.020193
1875.568766,0.010148,-0.033516,-0.098154,-9.772308,-9.772858,0,-0.007455,0.00426,99176.29,25.74,0.056409
1875.578889,0.010123,-0.043092,-0.074214,-9.745974,-9.746352,0,-0.00426,0.003195,99176.29,25.74,0.082915
1875.589051,0.010162,-0.040698,-0.033516,-9.674154,-9.674298,0.003195,-0.00852,0.00639,99176.29,25.74,0.154969
1875.59916,0.010108,-0.064638,-0.050274,-9.690912,-9.691258,0.00213,-0.005325,0.005325,99176.29,25.74,0.138009
1875.609273,0.010113,-0.067032,0.026334,-9.688518,-9.688786,0.001065,-0.005325,0.001065,99176.29,25.74,0.140481
1875.619418,0.010145,-0.067032,0.019152,-9.690912,-9.691163,0.00213,-0.00426,0.00426,99176.29,25.74,0.138104
1875.629525,0.010107,-0.074214,0.062244,-9.717246,-9.717729,0,-0.007455,0.001065,99176.29,25.74,0.111538
1875.640413,0.010888,-0.067032,0.076608,-9.745974,-9.746506,0.00213,-0.003195,0.003195,99176.29,25.74,0.082761
1875.650535,0.010122,-0.062244,0.069426,-9.74358,-9.744026,0.00213,-0.00852,0.003195,99176.29,25.74,0.085241
1875.662687,0.012152,-0.110124,0.057456,-9.8154,-9.816186,0.00213,-0.00426,-0.001065,99176.34,25.74,0.013081
1875.672777,0.01009,-0.122094,0.090972,-9.813006,-9.814187,0.001065,-0.007455,0.00213,99176.34,25.74,0.01508
1875.682864,0.010087,-0.088578,0.081396,-9.865674,-9.866407,0.001065,-0.00639,0.001065,99176.34,25.74,-0.03714
1875.692947,0.010083,-0.100548,0.08379,-9.906372,-9.907237,0.003195,-0.003195,-0.001065,99176.34,25.74,-0.07797
1875.703036,0.010089,-0.098154,0.064638,-9.949464,-9.950158,0.003195,-0.00639,0.001065,99176.34,25.74,-0.120891
1875.713146,0.010109,-0.1197,0.07182,-9.91116,-9.912143,0.00213,-0.005325,0.001065,99176.34,25.74,-0.082876
1875.723256,0.010111,-0.076608,0.031122,-9.949464,-9.949808,0.00213,-0.00426,0.001065,99176.34,25.74,-0.120541
1875.733369,0.010112,-0.100548,0.016758,-9.94707,-9.947592,0.00213,-0.00639,-0.001065,99176.35,25.74,-0.118325
1875.74347,0.010101,-0.069426,-0.004788,-9.949464,-9.949707,0.00213,-0.005325,0.00213,99176.35,25.74,-0.12044
1875.753571,0.010101,-0.062244,0.004788,-9.906372,-9.906569,-0.001065,-0.00639,0.003195,99176.35,25.74,-0.077302
1875.763902,0.010331,-0.07182,0.002394,-9.884826,-9.885087,0,-0.00639,0.001065,99176.35,25.74,-0.05582
1875.773994,0.010092,-0.090972,-0.028728,-9.853704,-9.854166,0.00213,-0.00426,0.00213,99176.35,25.74,-0.024899
1875.785671,0.011677,-0.088578,-0.040698,-9.832158,-9.832641,0.001065,-0.003195,0.00213,99176.35,25.74,-0.003374
1875.796912,0.011241,-0.100548,-0.01197,-9.829764,-9.830286,0.001065,-0.005325,0.001065,99176.2,25.74,-0.001019
1875.808176,0.011264,-0.069426,-0.031122,-9.753156,-9.753453,0.001065,-0.005325,0.00213,99176.2,25.74,0.075814
1875.819203,0.011027,-0.086184,-0.043092,-9.702882,-9.70336,0.001065,-0.007455,0.00213,99176.2,25.74,0.125907
1875.830401,0.011198,-0.086184,-0.038304,-9.698094,-9.698553,0,-0.005325,0.00426,99176.2,25.74,0.130714
1875.841556,0.011156,-0.088578,-0.016758,-9.702882,-9.703301,0.00213,-0.00426,0.00426,99176.2,25.74,0.125966
1875.852768,0.011212,-0.098154,0.014364,-9.712458,-9.712965,0.003195,-0.005325,0.003195,99176.15,25.74,0.116302
1875.864134,0.011366,-0.086184,-0.021546,-9.693306,-9.693713,0.003195,-0.00639,0.003195,99176.15,25.74,0.135554
1875.875235,0.011101,-0.10773,0.02394,-9.745974,-9.746599,0,-0.005325,0.00213,99176.15,25.74,0.082668
1875.886296,0.01106,-0.079002,0,-9.774702,-9.775021,0.00426,-0.007455,0.00213,99176.15,25.74,0.054246
1875.897609,0.011313,-0.04788,-0.004788,-9.813006,-9.813124,0.003195,-0.003195,0.00213,99176.15,25.74,0.016143
1875.908691,0.011082,-0.045486,-0.016758,-9.860886,-9.861005,0.00213,-0.00426,0.00213,99176.15,25.74,-0.031738
1875.920084,0.011393,-0.045486,0.021546,-9.889614,-9.889742,0.001065,-0.003195,0.00213,99176.15,25.74,-0.060475
1875.931129,0.011046,-0.074214,0.016758,-9.913554,-9.913846,0.00426,-0.00426,0,99176.15,25.74,-0.084579
1875.94247,0.011341,-0.057456,0.021546,-9.939888,-9.940077,0.00213,-0.005325,0,99176.15,25.74,-0.11081
1875.953426,0.010956,-0.055062,-0.007182,-9.937494,-9.937649,0.00213,-0.009585,0,99176.15,25.74,-0.108382
1875.964642,0.011216,-0.04788,0.014364,-9.94707,-9.947196,0.003195,-0.005325,0.001065,99176.15,25.74,-0.117929
1875.975841,0.011198,-0.043092,0.021546,-9.937494,-9.937611,0.003195,-0.00639,0.001065,99176.15,25.74,-0.108344
1875.987078,0.011237,-0.074214,0.021546,-9.91116,-9.911461,0.001065,-0.00639,0.00213,99176.21,25.74,-0.082194
1875.998223,0.011145,-0.08379,0.019152,-9.87525,-9.875624,0,-0.00426,0.00213,99176.21,25.74,-0.046357
1876.009333,0.01111,-0.088578,0.03591,-9.841734,-9.842198,0.003195,-0.00639,0.001065,99176.21,25.74,-0.012931
1876.020563,0.01123,-0.098154,0.004788,-9.810612,-9.811104,0.00213,-0.00426,0.00213,99176.21,25.74,0.018163
1876.031812,0.011249,-0.086184,0.007182,-9.774702,-9.775085,0.001065,-0.007455,0.001065,99176.21,25.74,0.054182
1876.043055,0.011243,-0.129276,0.021546,-9.74358,-9.744461,0.001065,-0.00213,0.00213,99176.35,25.74,0.084806
1876.054185,0.01113,-0.105336,0.01197,-9.714852,-9.71543,0.00213,-0.00639,0.003195,99176.35,25.74,0.113837
1876.065242,0.011057,-0.114912,-0.01197,-9.68373,-9.684419,0.003195,-0.00426,0.00426,99176.35,25.74,0.144848
1876.076528,0.011286,-0.076608,-0.002394,-9.68373,-9.684033,0,-0.00639,0.00213,99176.35,25.74,0.145234
1876.087751,0.011223,-0.13167,0.01197,-9.724428,-9.725327,0.00213,-0.007455,0.001065,99176.35,25.74,0.10394
1876.098904,0.011153,-0.112518,-0.019152,-9.741186,-9.741855,0,-0.005325,0.00213,99176.35,25.74,0.087412
1876.11017,0.011266,-0.09576,-0.009576,-9.74358,-9.744055,0.003195,-0.005325,0.001065,99176.27,25.74,0.085212
1876.121186,0.011016,-0.076608,-0.004788,-9.772308,-9.772609,0.003195,-0.00426,0.00213,99176.27,25.74,0.056658
1876.132355,0.011168,-0.057456,-0.004788,-9.808218,-9.808387,0.003195,-0.007455,0.00213,99176.27,25.74,0.02088
1876.143655,0.011301,-0.074214,-0.031122,-9.856098,-9.856427,0.003195,-0.001065,0.00213,99176.27,25.74,-0.02716
1876.154934,0.011279,-0.05985,-0.014364,-9.870462,-9.870654,0.00426,-0.007455,0,99176.27,25.74,-0.041387
1876.16593,0.010996,-0.05985,-0.01197,-9.927918,-9.928106,0.001065,-0.003195,0.003195,99176.27,25.74,-0.098839
1876.177119,0.011189,-0.064638,-0.007182,-9.930312,-9.930525,0.00213,-0.00639,0.003195,99176.35,25.74,-0.101258
1876.188286,0.011167,-0.090972,-0.019152,-9.9351,-9.935535,0.00213,-0.00426,0.00213,99176.35,25.74,-0.106268
1876.199548,0.011261,-0.093366,0.007182,-9.92313,-9.923572,0.00213,-0.007455,0,99176.35,25.74,-0.094305
1876.210392,0.010844,-0.064638,-0.004788,-9.91116,-9.911372,0.00213,-0.005325,0.00213,99176.35,25.74,-0.082105
1876.2205,0.010108,-0.069426,0.007182,-9.88722,-9.887466,0.001065,-0.007455,0,99176.35,25.74,-0.058199
1876.230611,0.010111,-0.057456,0.004788,-9.841734,-9.841903,0,-0.005325,0.001065,99176.35,25.74,-0.012636
1876.240727,0.010116,-0.055062,0.026334,-9.808218,-9.808408,0.003195,-0.00426,0.001065,99176.35,25.74,0.020859
1876.250838,0.010111,-0.055062,0.040698,-9.77949,-9.77973,0.001065,-0.00639,0.001065,99176.35,25.74,0.049537
1876.260996,0.010158,-0.067032,0.043092,-9.757944,-9.758269,0.001065,-0.007455,0.00213,99176.35,25.74,0.070998
1876.271101,0.010105,-0.08379,0.055062,-9.741186,-9.741702,0.001065,-0.005325,0.003195,99176.35,25.74,0.087565
1876.28119,0.010089,-0.05985,0.057456,-9.712458,-9.712812,0.001065,-0.005325,0.00213,99176.35,25.74,0.116455
1876.291294,0.010104,-0.08379,0.062244,-9.724428,-9.724988,0.001065,-0.005325,0.00213,99176.35,25.74,0.104279
1876.301471,0.010178,-0.086184,0.043092,-9.698094,-9.698573,0.00213,-0.00426,0.003195,99176.39,25.74,0.130694
1876.311836,0.010364,-0.090972,0.045486,-9.714852,-9.715384,0.001065,-0.00426,0.001065,99176.39,25.74,0.113883
1876.321923,0.010088,-0.081396,0.009576,-9.769914,-9.770258,0.003195,-0.009585,0,99176.39,25.74,0.059009
1876.332025,0.010102,-0.07182,0.031122,-9.774702,-9.775015,0.001065,-0.003195,0.00426,99176.39,25.74,0.054252
1876.34211,0.010085,-0.081396,0.009576,-9.781884,-9.782227,0.001065,-0.005325,0.003195,99176.39,25.74,0.04704
1876.352239,0.010129,-0.090972,0.01197,-9.832158,-9.832586,0.001065,-0.005325,0.001065,99176.39,25.74,-0.003319
1876.362327,0.010087,-0.088578,0.02394,-9.844128,-9.844556,0.001065,-0.00639,0.003195,99176.39,25.74,-0.015289
1876.372434,0.010107,-0.090972,-0.009576,-9.856098,-9.856522,0.001065,-0.007455,0.00213,99176.34,25.74,-0.027255
1876.382523,0.010089,-0.08379,-0.016758,-9.906372,-9.906741,0.00213,-0.005325,0.001065,99176.34,25.74,-0.077474
1876.392627,0.010105,-0.100548,-0.007182,-9.884826,-9.88534,0.001065,-0.003195,0,99176.34,25.74,-0.056073
1876.40272,0.010092,-0.090972,-0.033516,-9.920736,-9.92121,0.001065,-0.007455,0.001065,99176.34,25.74,-0.091943
1876.41283,0.010111,-0.08379,-0.016758,-9.968616,-9.968982,0.00213,-0.00639,0.00213,99176.34,25.74,-0.139715
1876.422951,0.01012,-0.055062,-0.016758,-9.908766,-9.908933,0.003195,-0.007455,0.00213,99176.34,25.74,-0.079666
1876.433033,0.010083,-0.04788,-0.028728,-9.92313,-9.923287,0.00213,-0.007455,0.003195,99176.31,25.74,-0.09402
1876.443123,0.01009,-0.067032,-0.007182,-9.870462,-9.870692,0.001065,-0.00426,0.001065,99176.31,25.74,-0.041425
1876.453206,0.010084,-0.07182,-0.02394,-9.858492,-9.858783,-0.001065,-0.007455,0.001065,99176.31,25.74,-0.029516
1876.463459,0.010252,-0.07182,-0.014364,-9.85131,-9.851582,0.00213,-0.005325,0,99176.31,25.74,-0.022315
1876.473561,0.010102,-0.069426,0.02394,-9.834552,-9.834826,0.00213,-0.007455,0.00426,99176.31,25.74,-0.005559
1876.48376,0.010199,-0.043092,0.002394,-9.777096,-9.777191,0.003195,-0.00426,0.001065,99176.31,25.74,0.052076
1876.493854,0.010094,-0.062244,0.01197,-9.757944,-9.75815,0.00213,-0.00639,0.003195,99176.27,25.74,0.071117
1876.503997,0.010143,-0.076608,0.004788,-9.734004,-9.734307,0.00213,-0.003195,0.00213,99176.27,25.74,0.09496
1876.514109,0.010111,-0.064638,0,-9.717246,-9.717461,0,-0.00639,0,99176.27,25.74,0.111806
1876.524368,0.010259,-0.098154,-0.004788,-9.722034,-9.722531,0.001065,-0.00639,0.00213,99176.27,25.74,0.106736
1876.534462,0.010094,-0.08379,0.002394,-9.729216,-9.729577,0,-0.00639,0.001065,99176.27,25.74,0.09969
1876.544557,0.010095,-0.04788,0.002394,-9.748368,-9.748486,0.001065,-0.00639,0.00213,99176.27,25.74,0.080781
1876.554726,0.010169,-0.076608,0.03591,-9.786672,-9.787038,0.001065,-0.001065,0.003195,99176.27,25.74,0.042229
1876.564822,0.010096,-0.102942,0.040698,-9.774702,-9.775329,0.003195,-0.007455,0.003195,99176.27,25.74,0.053938
1876.574916,0.010094,-0.088578,0.04788,-9.781884,-9.782402,0.00213,-0.007455,0.00213,99176.27,25.74,0.046865
1876.585005,0.010089,-0.098154,0.016758,-9.82737,-9.827874,0.00213,-0.005325,0.001065,99176.27,25.74,0.001393
1876.595114,0.010109,-0.062244,0.043092,-9.877644,-9.877934,0.00213,-0.005325,0.003195,99176.27,25.74,-0.048667
1876.605242,0.010128,-0.105336,0.014364,-9.894402,-9.894973,0.001065,-0.005325,0.00426,99176.27,25.74,-0.065706
1876.615355,0.010113,-0.064638,0.007182,-9.865674,-9.865888,0.003195,-0.00426,0.00213,99176.27,25.74,-0.036621
1876.625464,0.01011,-0.081396,0.016758,-9.903978,-9.904327,0.001065,-0.00639,0.00213,99176.23,25.74,-0.07506
1876.635583,0.010118,-0.08379,-0.016758,-9.894402,-9.894771,0.00426,-0.00639,0.001065,99176.23,25.74,-0.065504
1876.645668,0.010085,-0.088578,0.014364,-9.896796,-9.897203,0,-0.007455,0.00426,99176.23,25.74,-0.067936
1876.655768,0.010101,-0.090972,0.033516,-9.896796,-9.897271,0.001065,-0.00639,0.00213,99176.23,25.74,-0.068004
1876.666003,0.010234,-0.07182,0.002394,-9.865674,-9.865936,0.001065,-0.005325,0.001065,99176.23,25.74,-0.036669
1876.676111,0.010108,-0.09576,-0.002394,-9.882432,-9.882896,0.003195,-0.005325,0,99176.23,25.74,-0.053629
1876.686254,0.010143,-0.074214,-0.01197,-9.858492,-9.858779,0.001065,-0.005325,0.00213,99176.27,25.74,-0.029512
1876.696374,0.010119,-0.069426,-0.031122,-9.820188,-9.820483,0.00213,-0.005325,0.00213,99176.27,25.74,0.008784
1876.706455,0.010082,-0.079002,0.002394,-9.824976,-9.825294,0.003195,-0.00426,0.00213,99176.27,25.74,0.003973
1876.716547,0.010092,-0.081396,-0.02394,-9.784278,-9.784646,0.001065,-0.003195,0.00213,99176.27,25.74,0.044621
1876.726644,0.010097,-0.081396,-0.009576,-9.784278,-9.784621,0.00213,-0.005325,0.001065,99176.27,25.74,0.044646
1876.737072,0.010428,-0.067032,-0.014364,-9.750762,-9.751003,0,-0.00852,0.003195,99176.27,25.74,0.078264
1876.747169,0.010098,-0.098154,-0.007182,-9.75555,-9.756046,0.00426,-0.005325,0.003195,99176.27,25.74,0.073221
1876.757272,0.010103,-0.064638,-0.014364,-9.717246,-9.717472,0,-0.00426,0.00213,99176.35,25.74,0.111795
1876.767395,0.010122,-0.07182,-0.014364,-9.741186,-9.741461,0,-0.005325,0.00213,99176.35,25.74,0.087806
1876.777503,0.010108,-0.076608,-0.01197,-9.734004,-9.734313,0.00213,-0.00426,-0.00213,99176.35,25.74,0.094954
1876.787583,0.01008,-0.067032,0.002394,-9.750762,-9.750993,0.001065,-0.005325,0,99176.35,25.74,0.078274
1876.797681,0.010098,-0.090972,0.021546,-9.784278,-9.784725,0.00213,-0.01065,0.005325,99176.35,25.74,0.044542
1876.807789,0.010108,-0.079002,0.014364,-9.772308,-9.772638,0.001065,-0.00426,0.001065,99176.35,25.74,0.056629
1876.817882,0.010094,-0.05985,0.026334,-9.841734,-9.841951,0.00213,-0.005325,0,99176.43,25.74,-0.012684
1876.828009,0.010127,-0.076608,0.021546,-9.877644,-9.877965,0.001065,-0.003195,0.003195,99176.43,25.74,-0.048698
1876.838118,0.010109,-0.076608,0.02394,-9.877644,-9.87797,0.001065,-0.005325,0,99176.43,25.74,-0.048703
1876.848741,0.010623,-0.074214,0.026334,-9.884826,-9.88514,-0.003195,-0.00639,0.003195,99176.43,25.74,-0.055873
1876.858843,0.010102,-0.081396,0.033516,-9.920736,-9.921127,0.003195,-0.00639,0.001065,99176.43,25.74,-0.09186
1876.868961,0.010119,-0.069426,0.03591,-9.908766,-9.909074,0,-0.003195,0.00213,99176.43,25.74,-0.079807
1876.879058,0.010097,-0.090972,0.028728,-9.88722,-9.88768,0.001065,-0.005325,0.001065,99176.39,25.74,-0.058413
1876.889158,0.0101,-0.079002,0.031122,-9.903978,-9.904342,0.00213,-0.00639,0.003195,99176.39,25.74,-0.075075
1876.899253,0.010095,-0.07182,0.009576,-9.87525,-9.875516,0,-0.005325,0.003195,99176.39,25.74,-0.046249
1876.909377,0.010124,-0.105336,0.031122,-9.85131,-9.851922,-0.001065,-0.007455,0.001065,99176.39,25.74,-0.022655
1876.919477,0.010099,-0.086184,0.016758,-9.832158,-9.83255,0,-0.005325,0.00426,99176.39,25.74,-0.003283
1876.929592,0.010115,-0.081396,0.014364,-9.824976,-9.825324,0.00213,-0.005325,0.00426,99176.39,25.74,0.003943
1876.940027,0.010434,-0.126882,0.033516,-9.77949,-9.78037,0.00426,-0.00639,0,99176.39,25.74,0.048897
1876.950223,0.010197,-0.067032,0.014364,-9.76752,-9.767761,0.00213,-0.007455,0.00213,99176.39,25.74,0.061506
1876.960313,0.01009,-0.079002,0.002394,-9.765126,-9.765446,0.001065,-0.00639,0.003195,99176.39,25.74,0.063821
1876.971584,0.011271,-0.04788,0.009576,-9.748368,-9.74849,0.00426,-0.00426,0.003195,99176.39,25.74,0.080777
1876.982459,0.010874,-0.045486,-0.002394,-9.757944,-9.75805,0,-0.00426,0.00213,99176.39,25.74,0.071217
1876.993623,0.011164,-0.074214,-0.019152,-9.729216,-9.729518,0.001065,-0.005325,0.00426,99176.39,25.74,0.099749
1877.0048,0.011177,-0.052668,-0.031122,-9.75555,-9.755742,0.001065,-0.005325,0,99176.39,25.74,0.073525
1877.016415,0.011616,-0.086184,-0.02394,-9.762732,-9.763142,0.001065,-0.005325,0.00213,99176.45,25.74,0.066125
1877.027253,0.010838,-0.07182,0.014364,-9.786672,-9.786946,0.00213,-0.00426,0.00213,99176.45,25.74,0.042321
1877.038351,0.011098,-0.08379,-0.007182,-9.805824,-9.806185,0,-0.007455,0.00213,99176.45,25.74,0.023082
1877.049511,0.01116,-0.064638,-0.033516,-9.841734,-9.842003,0,-0.007455,-0.001065,99176.45,25.74,-0.012736
1877.060722,0.011211,-0.088578,-0.007182,-9.83934,-9.839741,0.00213,-0.003195,0.00213,99176.45,25.74,-0.010474
1877.072226,0.011504,-0.086184,0.002394,-9.889614,-9.88999,0.00213,-0.00639,0.00213,99176.55,25.74,-0.060723
1877.083155,0.010929,-0.074214,0,-9.889614,-9.889892,0.001065,-0.005325,0.001065,99176.55,25.74,-0.060625
1877.094345,0.011189,-0.098154,0.014364,-9.903978,-9.904475,0.001065,-0.009585,0.001065,99176.55,25.74,-0.075208
1877.105458,0.011113,-0.08379,0.033516,-9.906372,-9.906783,0,-0.00213,0.001065,99176.55,25.74,-0.077516
1877.116671,0.011214,-0.08379,0.019152,-9.892008,-9.892381,0.003195,-0.007455,0.00213,99176.55,25.74,-0.063114
1877.127958,0.011287,-0.09576,0.055062,-9.865674,-9.866292,-0.00213,-0.00426,0.00213,99176.55,25.74,-0.037025
1877.139109,0.011151,-0.07182,0.026334,-9.858492,-9.858789,0.001065,-0.007455,0.00213,99176.53,25.74,-0.029522
1877.150215,0.011106,-0.067032,0.038304,-9.832158,-9.832461,0,-0.007455,0.001065,99176.53,25.74,-0.003194
1877.161353,0.011138,-0.069426,0.038304,-9.80343,-9.803751,-0.001065,-0.00213,0.001065,99176.53,25.74,0.025516
1877.172524,0.011171,-0.067032,0.01197,-9.750762,-9.751,0,-0.007455,0.001065,99176.53,25.74,0.078267
1877.183736,0.011212,-0.079002,0.028728,-9.741186,-9.741549,0.001065,-0.007455,0.00213,99176.53,25.74,0.087718
1877.195371,0.011636,-0.076608,0.038304,-9.753156,-9.753532,0.001065,-0.00213,0.003195,99176.53,25.74,0.075735
1877.206237,0.010866,-0.069426,0.004788,-9.74358,-9.743829,0.00213,-0.00639,0.003195,99176.39,25.74,0.085438
1877.217364,0.011127,-0.076608,0,-9.753156,-9.753457,0.00213,-0.00639,0.00426,99176.39,25.74,0.07581
1877.228459,0.011095,-0.086184,0.02394,-9.745974,-9.746384,0,-0.00426,0.00213,99176.39,25.74,0.082883
1877.239755,0.011296,-0.07182,0,-9.741186,-9.741451,0.001065,-0.00639,-0.001065,99176.39,25.74,0.087816
1877.250921,0.011166,-0.055062,-0.021546,-9.79146,-9.791639,0.00213,-0.00639,0,99176.39,25.74,0.037628
1877.262269,0.011348,-0.08379,-0.004788,-9.817794,-9.818153,-0.001065,-0.00852,0.003195,99176.39,25.74,0.011114
1877.27372,0.011451,-0.05985,-0.002394,-9.848916,-9.849098,0.00213,-0.005325,-0.001065,99176.39,25.74,-0.019831
1877.284523,0.010803,-0.100548,0,-9.86328,-9.863792,0.001065,-0.005325,0.001065,99176.39,25.74,-0.034525
1877.295738,0.011215,-0.088578,0.007182,-9.860886,-9.861286,0,-0.00426,0.001065,99176.39,25.74,-0.032019
1877.306865,0.011127,-0.079002,-0.021546,-9.877644,-9.877983,0.001065,-0.00639,0.00213,99176.39,25.74,-0.048716
1877.318234,0.011369,-0.081396,0.009576,-9.894402,-9.894741,0.00213,-0.005325,0.001065,99176.39,25.74,-0.065474
1877.329335,0.011102,-0.076608,-0.007182,-9.880038,-9.880338,0.003195,-0.00426,0.00426,99176.45,25.74,-0.051071
1877.340319,0.010983,-0.088578,0.016758,-9.880038,-9.880449,0.001065,-0.00639,-0.001065,99176.45,25.74,-0.051182
1877.351525,0.011206,-0.07182,0.02394,-9.880038,-9.880328,0,-0.007455,0.001065,99176.45,25.74,-0.051061
1877.362902,0.011377,-0.076608,0.016758,-9.82737,-9.827683,0.001065,-0.00639,0.00213,99176.45,25.74,0.001584
1877.374031,0.011129,-0.090972,0.021546,-9.846522,-9.846966,0.001065,-0.007455,0,99176.45,25.74,-0.017699
1877.385137,0.011106,-0.076608,0.03591,-9.817794,-9.818159,0.001065,-0.005325,0.00426,99176.45,25.74,0.011108
1877.396404,0.011268,-0.081396,0.019152,-9.798642,-9.798999,0.00213,-0.005325,-0.001065,99176.35,25.74,0.030268
1877.407424,0.011019,-0.069426,0.031122,-9.76752,-9.767816,0.001065,-0.00426,0.00213,99176.35,25.74,0.061451
1877.418797,0.011374,-0.08379,0.016758,-9.757944,-9.758318,-0.001065,-0.005325,0.001065,99176.35,25.74,0.070949
1877.429854,0.011056,-0.08379,0.028728,-9.77949,-9.779891,0.001065,-0.003195,0,99176.35,25.74,0.049376
1877.44117,0.011316,-0.069426,0.004788,-9.729216,-9.729465,0.005325,-0.005325,0.00639,99176.35,25.74,0.099802
1877.452373,0.011203,-0.07182,0.002394,-9.748368,-9.748633,0.00426,-0.007455,0.005325,99176.35,25.74,0.080634
1877.463594,0.011221,-0.079002,0.014364,-9.75555,-9.75588,-0.001065,-0.00426,-0.001065,99176.4,25.74,0.073387
1877.474702,0.011109,-0.088578,0.026334,-9.753156,-9.753594,0.00213,-0.00426,0.00213,99176.4,25.74,0.075673
1877.485704,0.011002,-0.07182,0.014364,-9.793854,-9.794128,0.00213,-0.00426,0.00213,99176.4,25.74,0.035139
1877.496951,0.011247,-0.057456,0,-9.834552,-9.83472,0.001065,-0.00852,-0.001065,99176.4,25.74,-0.005453
1877.508158,0.011207,-0.102942,0.016758,-9.853704,-9.854256,0.003195,-0.00426,0.00213,99176.4,25.74,-0.024989
1877.519542,0.011384,-0.079002,0.019152,-9.860886,-9.861221,0.001065,-0.003195,0.001065,99176.35,25.74,-0.031954
1877.53051,0.010968,-0.069426,0.007182,-9.884826,-9.885072,0.00213,-0.005325,0.00213,99176.35,25.74,-0.055805
1877.541698,0.011188,-0.067032,0.002394,-9.91116,-9.911387,0.00426,-0.00852,0,99176.35,25.74,-0.08212
1877.552805,0.011107,-0.074214,0.014364,-9.884826,-9.885115,0.00426,-0.005325,0.001065,99176.35,25.74,-0.055848
1877.564021,0.011216,-0.093366,0.002394,-9.89919,-9.899631,0.003195,-0.007455,0,99176.35,25.74,-0.070364
1877.575859,0.011838,-0.081396,-0.004788,-9.88722,-9.887556,0.00213,-0.005325,0,99176.35,25.74,-0.058289
1877.586592,0.010732,-0.081396,0.01197,-9.872856,-9.873199,0.003195,-0.00852,0.00213,99176.35,25.74,-0.043932
1877.597776,0.011184,-0.100548,0.004788,-9.846522,-9.847037,0.00213,-0.005325,0.001065,99176.35,25.74,-0.01777
1877.608969,0.011192,-0.074214,0.002394,-9.836946,-9.837226,0.00213,-0.005325,0.001065,99176.35,25.74,-0.007959
1877.619961,0.010992,-0.093366,0.014364,-9.810612,-9.811067,0.001065,-0.00426,0.001065,99176.35,25.74,0.0182
1877.631127,0.011167,-0.090972,0.004788,-9.786672,-9.787096,0.001065,-0.00426,0.001065,99176.35,25.74,0.042171
1877.642347,0.01122,-0.057456,-0.009576,-9.769914,-9.770088,0.00213,-0.00426,0.00213,99176.35,25.74,0.059179
1877.653554,0.011207,-0.088578,0.016758,-9.760338,-9.760754,0.001065,-0.005325,0.00213,99176.34,25.74,0.068513
1877.664865,0.011311,-0.062244,0.016758,-9.774702,-9.774915,0.003195,-0.007455,0.00213,99176.34,25.74,0.054352
1877.675889,0.011024,-0.074214,0.007182,-9.762732,-9.763017,0.00213,-0.00852,0.00213,99176.34,25.74,0.06625
1877.687071,0.011182,-0.086184,0.014364,-9.77949,-9.77988,0.00213,-0.00639,0.00213,99176.34,25.74,0.049387
1877.69833,0.011259,-0.088578,-0.019152,-9.772308,-9.772728,0.00213,-0.005325,-0.001065,99176.34,25.74,0.056539
1877.709433,0.011102,-0.05985,-0.014364,-9.801036,-9.801229,0.003195,-0.009585,0.00213,99176.16,25.74,0.028038
1877.720642,0.01121,-0.098154,0.014364,-9.813006,-9.813507,0.00213,-0.007455,0.001065,99176.16,25.74,0.01576
1877.731827,0.011185,-0.067032,0.019152,-9.822582,-9.822829,0,-0.005325,0.003195,99176.16,25.74,0.006438
1877.742985,0.011158,-0.093366,-0.004788,-9.83934,-9.839784,0.00213,-0.00426,0.001065,99176.16,25.74,-0.010517
1877.754333,0.011349,-0.074214,0.009576,-9.858492,-9.858776,0,-0.00852,0.003195,99176.16,25.74,-0.029509
1877.765619,0.011286,-0.07182,0.009576,-9.865674,-9.86594,0,-0.005325,0,99176.16,25.74,-0.036673
1877.776607,0.010987,-0.079002,0.009576,-9.877644,-9.877965,0.001065,-0.00639,0.00213,99176.2,25.74,-0.048698
1877.78773,0.011124,-0.064638,-0.009576,-9.901584,-9.9018,0.003195,-0.00852,0.00426,99176.2,25.74,-0.072533
1877.798937,0.011207,-0.05985,0,-9.884826,-9.885007,0.003195,-0.007455,0.001065,99176.2,25.74,-0.05574
1877.810068,0.011131,-0.064638,0.021546,-9.87525,-9.875485,0.00213,-0.00639,0.003195,99176.2,25.74,-0.046218
1877.821315,0.011246,-0.088578,0.004788,-9.841734,-9.842134,0.001065,-0.005325,0.003195,99176.2,25.74,-0.012867
1877.83244,0.011126,-0.074214,0.002394,-9.822582,-9.822863,0.00213,-0.007455,0.00213,99176.2,25.74,0.006404
1877.84396,0.01152,-0.067032,0.007182,-9.822582,-9.822813,0.001065,-0.005325,0.003195,99176.26,25.74,0.006454
1877.855036,0.011076,-0.07182,-0.019152,-9.801036,-9.801318,0.003195,-0.005325,0,99176.26,25.74,0.027949
1877.866015,0.010979,-0.081396,0.021546,-9.810612,-9.810973,-0.001065,-0.005325,-0.001065,99176.26,25.74,0.018294
1877.877188,0.011173,-0.081396,0.004788,-9.781884,-9.782224,0.003195,-0.005325,0.00213,99176.26,25.74,0.047043
1877.888363,0.011175,-0.045486,0.007182,-9.774702,-9.77481,-0.001065,-0.005325,0,99176.26,25.74,0.054457
1877.900012,0.011649,-0.05985,-0.004788,-9.774702,-9.774886,0.003195,-0.009585,0.00213,99176.26,25.74,0.054381
1877.910825,0.010812,-0.079002,-0.004788,-9.774702,-9.775022,0.00213,-0.005325,0.00213,99176.26,25.74,0.054245
1877.921959,0.011135,-0.07182,0.007182,-9.77949,-9.779756,0.003195,-0.005325,0.001065,99176.26,25.74,0.049511
1877.933237,0.011278,-0.086184,-0.004788,-9.798642,-9.799022,0.001065,-0.00426,0.00213,99176.26,25.74,0.030245
1877.944288,0.011051,-0.093366,-0.007182,-9.824976,-9.825422,0.001065,-0.00639,0.001065,99176.26,25.74,0.003845
1877.955588,0.0113,-0.08379,-0.002394,-9.841734,-9.842091,0.001065,-0.005325,0,99176.26,25.74,-0.012824
1877.966747,0.011159,-0.05985,0.004788,-9.860886,-9.861069,-0.001065,-0.00426,0.003195,99176.31,25.74,-0.031802
1877.97788,0.011134,-0.088578,-0.009576,-9.83934,-9.839743,0.00213,-0.00852,0.00213,99176.31,25.74,-0.010476
1877.989114,0.011234,-0.102942,0.021546,-9.870462,-9.871022,0.003195,-0.00639,0.00213,99176.31,25.74,-0.041755
1878.000307,0.011193,-0.100548,0.028728,-9.848916,-9.849471,0,-0.00639,-0.001065,99176.31,25.74,-0.020204
1878.011455,0.011149,-0.086184,0,-9.86328,-9.863657,0.003195,-0.007455,0.00426,99176.31,25.74,-0.03439
1878.022606,0.01115,-0.124488,0.031122,-9.87525,-9.876084,0.00213,-0.00639,0.003195,99176.31,25.74,-0.046817
1878.033793,0.011188,-0.102942,0.004788,-9.868068,-9.868606,0,-0.00639,0.003195,99176.27,25.74,-0.039339
1878.045116,0.011322,-0.067032,0.016758,-9.860886,-9.861128,0.003195,-0.007455,0.001065,99176.27,25.74,-0.031861
1878.056208,0.011093,-0.067032,0.028728,-9.82737,-9.827641,0.001065,-0.007455,0.001065,99176.27,25.74,0.001626
1878.06736,0.011151,-0.093366,-0.02394,-9.841734,-9.842206,0.003195,-0.00426,0.003195,99176.27,25.74,-0.012939
1878.078538,0.011178,-0.098154,0.045486,-9.801036,-9.801633,0.001065,-0.00426,0.003195,99176.27,25.74,0.027634
1878.089704,0.011166,-0.074214,0.014364,-9.798642,-9.798934,0.00213,-0.003195,0.001065,99176.27,25.74,0.030333
1878.100925,0.011221,-0.052668,0.007182,-9.765126,-9.765271,0.00213,-0.005325,0.003195,99176.4,25.74,0.063996
1878.112113,0.011188,-0.057456,0,-9.753156,-9.753325,0.00213,-0.00639,0.001065,99176.4,25.74,0.075942
1878.12327,0.011157,-0.074214,0.004788,-9.769914,-9.770197,0.003195,-0.00426,0.001065,99176.4,25.74,0.05907
1878.134546,0.011276,-0.086184,0.016758,-9.765126,-9.765521,0,-0.005325,0.003195,99176.4,25.74,0.063746
1878.145611,0.011065,-0.055062,-0.031122,-9.75555,-9.755755,0.003195,-0.00426,0.00213,99176.4,25.74,0.073512
1878.157527,0.011917,-0.086184,-0.002394,-9.801036,-9.801415,0.001065,-0.00639,0.00213,99176.4,25.74,0.027852
1878.168233,0.010705,-0.064638,-0.01197,-9.777096,-9.777317,0.00213,-0.005325,0.003195,99176.39,25.74,0.05195
1878.179182,0.01095,-0.067032,-0.01197,-9.824976,-9.825212,0.003195,-0.007455,0.00213,99176.39,25.74,0.004055
1878.190351,0.011169,-0.088578,0.026334,-9.817794,-9.818229,0.00213,-0.00639,0,99176.39,25.74,0.011038
1878.201526,0.011175,-0.079002,0.007182,-9.858492,-9.858811,0.00426,-0.005325,0.005325,99176.39,25.74,-0.029544
1878.212746,0.01122,-0.067032,0.019152,-9.870462,-9.870708,0.00213,-0.005325,0.00213,99176.39,25.74,-0.041441
1878.224199,0.011454,-0.08379,0.026334,-9.877644,-9.878034,0.003195,-0.00639,0.003195,99176.42,25.74,-0.048767
1878.235246,0.011047,-0.067032,-0.01197,-9.872856,-9.873091,0.001065,-0.005325,0.00426,99176.42,25.74,-0.043824
1878.246263,0.011017,-0.086184,0.040698,-9.880038,-9.880498,0.001065,-0.00426,0.001065,99176.42,25.74,-0.051231
1878.257458,0.011195,-0.081396,0.031122,-9.870462,-9.870847,0.003195,-0.005325,0.001065,99176.42,25.74,-0.04158
1878.268676,0.011218,-0.1197,0.016758,-9.83934,-9.840082,0,-0.007455,0.00213,99176.42,25.74,-0.010815
1878.279966,0.011291,-0.110124,0.016758,-9.83934,-9.839971,0.00426,-0.005325,0.00213,99176.42,25.74,-0.010704
1878.291154,0.011188,-0.08379,0.026334,-9.824976,-9.825369,0.001065,-0.00639,0.00426,99176.42,25.74,0.003898
1878.302214,0.01106,-0.079002,0.007182,-9.808218,-9.808539,0.00213,-0.00426,0,99176.42,25.74,0.020728
1878.313379,0.011165,-0.112518,0.014364,-9.772308,-9.772966,0.00213,-0.005325,0.001065,99176.42,25.74,0.056301
1878.324923,0.011544,-0.062244,0.009576,-9.789066,-9.789269,0.001065,-0.00639,0.003195,99176.42,25.74,0.039998
1878.335896,0.010973,-0.09576,0,-9.736398,-9.736869,0.001065,-0.005325,0.00213,99176.42,25.74,0.092398
1878.346978,0.011082,-0.074214,-0.016758,-9.774702,-9.774998,0.00213,-0.005325,0,99176.42,25.74,0.054269
1878.358218,0.011241,-0.086184,0.004788,-9.77949,-9.779871,0.00213,-0.003195,0.00426,99176.48,25.74,0.049396
1878.369309,0.011091,-0.079002,0.014364,-9.781884,-9.782214,0.001065,-0.00639,0.001065,99176.48,25.74,0.047053
1878.380501,0.011192,-0.076608,-0.014364,-9.798642,-9.798952,0.001065,-0.00639,0.001065,99176.48,25.74,0.030315
1878.391801,0.011299,-0.081396,0.004788,-9.813006,-9.813345,0.003195,-0.003195,0.00213,99176.48,25.74,0.015922
1878.402921,0.011121,-0.05985,0.002394,-9.82737,-9.827553,0,-0.007455,0,99176.48,25.74,0.001714
1878.414961,0.01204,-0.09576,0.01197,-9.813006,-9.813481,0.001065,-0.005325,0.00213,99176.51,25.74,0.015786
1878.425218,0.010257,-0.067032,-0.007182,-9.8154,-9.815632,0.00213,-0.007455,0.001065,99176.51,25.74,0.013635
1878.43643,0.011212,-0.100548,-0.004788,-9.858492,-9.859006,0.00213,-0.00639,0.001065,99176.51,25.74,-0.029739
1878.447708,0.011278,-0.05985,0,-9.856098,-9.85628,0.001065,-0.003195,0.003195,99176.51,25.74,-0.027013
1878.459049,0.01134,-0.079002,-0.014364,-9.868068,-9.868395,0.00426,-0.00852,0.00426,99176.51,25.74,-0.039128
1878.470114,0.011065,-0.069426,-0.014364,-9.846522,-9.846777,0.003195,-0.005325,0.001065,99176.51,25.74,-0.01751
1878.480696,0.010582,-0.079002,0.009576,-9.848916,-9.849238,0.00213,-0.005325,0,99176.4,25.74,-0.019971
1878.490782,0.010085,-0.062244,0.009576,-9.870462,-9.870663,0.003195,-0.00426,0.001065,99176.4,25.74,-0.041396
1878.500884,0.010103,-0.086184,0.009576,-9.856098,-9.856479,0,-0.00639,0.00213,99176.4,25.74,-0.027212
1878.510961,0.010077,-0.07182,0.014364,-9.834552,-9.834825,0.00426,-0.00426,0,99176.4,25.74,-0.005558
1878.52105,0.010088,-0.057456,-0.002394,-9.832158,-9.832326,0,-0.00639,0.00213,99176.4,25.74,-0.003059
1878.531148,0.010099,-0.076608,0.019152,-9.810612,-9.81093,0.00213,-0.00639,0.003195,99176.4,25.74,0.018337
1878.541254,0.010106,-0.057456,0.026334,-9.784278,-9.784482,0.003195,-0.007455,0.00213,99176.4,25.74,0.044785
1878.551357,0.010103,-0.074214,-0.02394,-9.765126,-9.765437,0.003195,-0.00213,0.001065,99176.34,25.74,0.06383
1878.561504,0.010146,-0.062244,0.031122,-9.757944,-9.758192,0.00213,-0.003195,0.003195,99176.34,25.74,0.071075
1878.571594,0.01009,-0.112518,0.014364,-9.813006,-9.813662,0,-0.00639,-0.001065,99176.34,25.74,0.015605
1878.581685,0.01009,-0.088578,0.02394,-9.793854,-9.794284,0.003195,-0.00426,-0.001065,99176.34,25.74,0.034983
1878.591766,0.010081,-0.076608,0.019152,-9.781884,-9.782203,0.001065,-0.007455,0.00213,99176.34,25.74,0.047064
1878.601857,0.010091,-0.076608,0.004788,-9.784278,-9.784579,0.00213,-0.00426,0.00213,99176.34,25.74,0.044688
1878.611952,0.010095,-0.09576,-0.007182,-9.784278,-9.784749,0.001065,-0.00426,0.001065,99176.34,25.74,0.044518
1878.622026,0.010074,-0.064638,0.007182,-9.798642,-9.798858,0.00213,-0.00426,0.00213,99176.34,25.74,0.030409
1878.63211,0.010085,-0.090972,0.009576,-9.836946,-9.837371,-0.001065,-0.005325,0.003195,99176.34,25.74,-0.008104
1878.642287,0.010177,-0.055062,0,-9.829764,-9.829918,0.00213,-0.007455,0.003195,99176.34,25.74,-0.000651
1878.652368,0.010081,-0.090972,0,-9.832158,-9.832579,0.00213,-0.00426,0.003195,99176.34,25.74,-0.003312
1878.662451,0.010083,-0.088578,0.01197,-9.853704,-9.854109,0.00213,-0.00639,0.003195,99176.34,25.74,-0.024842
1878.672549,0.010098,-0.067032,0.016758,-9.829764,-9.830007,0.00213,-0.007455,0.001065,99176.21,25.74,-0.00074
1878.683072,0.010523,-0.1197,0.007182,-9.846522,-9.847252,0.003195,-0.005325,0.001065,99176.21,25.74,-0.017985
1878.693781,0.010708,-0.090972,0.045486,-9.841734,-9.84226,0.001065,-0.00426,0.003195,99176.21,25.74,-0.012993
1878.705139,0.011358,-0.062244,-0.019152,-9.83934,-9.839556,0,-0.003195,0,99176.21,25.74,-0.010289
1878.716281,0.011142,-0.09576,-0.009576,-9.86328,-9.863749,0.003195,-0.00639,0.00213,99176.21,25.74,-0.034482
1878.727466,0.011185,-0.093366,0.021546,-9.858492,-9.858958,0.00213,-0.00426,0.00213,99176.21,25.74,-0.029691
1878.738575,0.011109,-0.069426,-0.01197,-9.841734,-9.841986,0.003195,-0.00639,0,99176.21,25.74,-0.012719
1878.749707,0.011132,-0.098154,0.002394,-9.8154,-9.815891,0,-0.00426,0.001065,99176.21,25.74,0.013376
1878.760765,0.011057,-0.112518,0.004788,-9.813006,-9.813652,0.00213,-0.00639,0.001065,99176.21,25.74,0.015615
1878.772016,0.011251,-0.081396,0.014364,-9.817794,-9.818142,0.003195,-0.00426,0,99176.21,25.74,0.011125
1878.783166,0.01115,-0.067032,0.002394,-9.777096,-9.777326,0.001065,-0.005325,0.00213,99176.21,25.74,0.051941
1878.794574,0.011408,-0.067032,0.01197,-9.777096,-9.777333,0,-0.00639,0.00213,99176.21,25.74,0.051934
1878.80568,0.011107,-0.098154,0.004788,-9.781884,-9.782378,0.00213,-0.00639,0.003195,99176.1,25.74,0.046889
1878.816732,0.011051,-0.081396,-0.01197,-9.76752,-9.767866,0.001065,-0.00426,0.001065,99176.1,25.74,0.061401
1878.828011,0.011279,-0.076608,-0.002394,-9.786672,-9.786972,-0.001065,-0.00426,0,99176.1,25.74,0.042295
1878.839268,0.011257,-0.102942,0.009576,-9.80343,-9.803975,0.00213,-0.003195,0.00213,99176.1,25.74,0.025292
1878.850262,0.010994,-0.074214,0.019152,-9.805824,-9.806124,-0.001065,-0.00426,0.003195,99176.1,25.74,0.023143
1878.861431,0.011169,-0.079002,0.002394,-9.820188,-9.820506,0.00213,-0.00639,0.003195,99176.1,25.74,0.008761
1878.872636,0.011205,-0.09576,0,-9.832158,-9.832624,0.001065,-0.005325,0.00426,99176.26,25.74,-0.003357
1878.883868,0.011231,-0.076608,-0.002394,-9.858492,-9.85879,0.003195,-0.00426,0.003195,99176.26,25.74,-0.029523
1878.89516,0.011292,-0.110124,0.028728,-9.860886,-9.861543,0.00426,-0.007455,0.00213,99176.26,25.74,-0.032276
1878.906208,0.011048,-0.081396,0.031122,-9.858492,-9.858877,0.001065,-0.005325,0.001065,99176.26,25.74,-0.02961
1878.917352,0.011144,-0.076608,0.01197,-9.853704,-9.854009,0.001065,-0.00639,0.00213,99176.26,25.74,-0.024742
1878.92913,0.011778,-0.069426,0.007182,-9.832158,-9.832406,0.001065,-0.007455,0.003195,99176.26,25.74,-0.003139
1878.939815,0.010685,-0.074214,0.01197,-9.86328,-9.863566,0,-0.00426,0.00213,99176.26,25.74,-0.034299
1878.951012,0.011197,-0.079002,0.01197,-9.846522,-9.846846,0.001065,-0.00426,0.001065,99176.26,25.74,-0.017579
1878.962087,0.011075,-0.074214,0.007182,-9.85131,-9.851592,0.003195,-0.00639,0.003195,99176.26,25.74,-0.022325
1878.973269,0.011182,-0.062244,-0.01197,-9.83934,-9.839544,0.001065,-0.00213,0,99176.26,25.74,-0.010277
1878.984796,0.011527,-0.05985,0.02394,-9.793854,-9.794066,0.00213,-0.00639,0.003195,99176.26,25.74,0.035201
1878.995991,0.011195,-0.07182,-0.016758,-9.805824,-9.806101,-0.001065,-0.00426,0.00213,99176.29,25.74,0.023166
1879.006898,0.010908,-0.081396,0.021546,-9.805824,-9.806185,0.003195,-0.007455,0,99176.29,25.74,0.023082
1879.018014,0.011115,-0.04788,0.009576,-9.80343,-9.803552,0.003195,-0.005325,0.00213,99176.29,25.74,0.025715
1879.029194,0.011181,-0.079002,-0.019152,-9.810612,-9.810949,0.003195,-0.00639,0.00426,99176.29,25.74,0.018318
1879.040413,0.011218,-0.062244,-0.016758,-9.784278,-9.78449,0.001065,-0.00426,0.001065,99176.29,25.74,0.044777
1879.051597,0.011185,-0.079002,0.040698,-9.79146,-9.791863,0.001065,-0.005325,0.001065,99176.29,25.74,0.037404
1879.062843,0.011246,-0.081396,0.009576,-9.793854,-9.794197,0.003195,-0.00426,0.00426,99176.18,25.74,0.03507
1879.074039,0.011195,-0.067032,-0.026334,-9.80343,-9.803695,0.00213,-0.005325,0.003195,99176.18,25.74,0.025572
1879.085126,0.011088,-0.081396,0.016758,-9.83934,-9.839691,0.00213,-0.001065,0.00213,99176.18,25.74,-0.010424
1879.096347,0.011221,-0.062244,-0.004788,-9.844128,-9.844326,0.001065,-0.007455,0.00213,99176.18,25.74,-0.015059
1879.107519,0.011171,-0.09576,0.009576,-9.813006,-9.813478,-0.00213,-0.00426,0.003195,99176.18,25.74,0.015789
1879.118738,0.01122,-0.081396,0.009576,-9.836946,-9.837287,0.00426,-0.00852,0.001065,99176.18,25.74,-0.00802
1879.129918,0.01118,-0.08379,0.026334,-9.85131,-9.851702,0.00213,-0.00852,0.00213,99176.21,25.74,-0.022435
1879.141187,0.011269,-0.076608,0.021546,-9.844128,-9.84445,0,-0.00426,-0.00213,99176.21,25.74,-0.015183
1879.152347,0.01116,-0.08379,0.028728,-9.844128,-9.844527,0.001065,-0.005325,0.003195,99176.21,25.74,-0.01526
1879.163426,0.011079,-0.05985,0.002394,-9.836946,-9.837128,0.00213,-0.00639,0.001065,99176.21,25.74,-0.007861
1879.174726,0.0113,-0.093366,0.031122,-9.853704,-9.854195,0.00213,-0.005325,0.00213,99176.21,25.74,-0.024928
1879.186645,0.011919,-0.055062,0.021546,-9.848916,-9.849093,0.001065,-0.00426,0.00213,99176.04,25.74,-0.019826
1879.19698,0.010335,-0.074214,0.009576,-9.810612,-9.810897,0.003195,-0.00426,0.001065,99176.04,25.74,0.01837
1879.20822,0.01124,-0.093366,0.028728,-9.824976,-9.825462,0.001065,-0.005325,0.001065,99176.04,25.74,0.003805
1879.219355,0.011134,-0.088578,0.021546,-9.80343,-9.803854,0.003195,-0.003195,0.001065,99176.04,25.74,0.025413
1879.230583,0.011228,-0.090972,0.007182,-9.786672,-9.787097,0.00213,-0.005325,0.001065,99176.04,25.74,0.04217
1879.24194,0.011357,-0.07182,0.002394,-9.796248,-9.796512,0.00213,-0.00639,0.001065,99176.04,25.74,0.032755
1879.252998,0.011059,-0.076608,0.016758,-9.79146,-9.791774,0.001065,-0.007455,0.00213,99176.04,25.74,0.037493
1879.264291,0.011292,-0.05985,-0.019152,-9.784278,-9.78448,0,-0.00639,-0.001065,99176.04,25.74,0.044787
1879.275365,0.011075,-0.076608,-0.02394,-9.796248,-9.796577,0.00426,-0.003195,0.001065,99176.04,25.74,0.03269
1879.28649,0.011124,-0.062244,0,-9.817794,-9.817991,0,-0.007455,0,99176.04,25.74,0.011276
1879.297635,0.011146,-0.08379,-0.002394,-9.820188,-9.820546,0.001065,-0.005325,0.005325,99176.04,25.74,0.008721
1879.30893,0.011295,-0.055062,-0.007182,-9.80343,-9.803587,0.00213,-0.00639,0.003195,99176.04,25.74,0.02568
1879.320408,0.011478,-0.067032,0,-9.80343,-9.803659,0.00213,-0.00639,0.00639,99176.04,25.74,0.025608
1879.331235,0.010827,-0.055062,-0.004788,-9.810612,-9.810768,0.00213,-0.00639,0.001065,99176.04,25.74,0.018499
1879.342425,0.01119,-0.069426,0.016758,-9.83934,-9.839599,0.001065,-0.00426,0.001065,99176.04,25.74,-0.010332
1879.3536,0.011175,-0.069426,0.004788,-9.829764,-9.83001,0.001065,-0.005325,0.001065,99176.04,25.74,-0.000743
1879.364819,0.011219,-0.076608,-0.004788,-9.844128,-9.844427,0.001065,-0.007455,0.003195,99176.04,25.74,-0.01516
1879.375974,0.011155,-0.079002,0.016758,-9.856098,-9.856429,0,-0.00213,0,99176.04,25.74,-0.027162
1879.387159,0.011185,-0.086184,0.014364,-9.865674,-9.866061,0.00426,-0.00639,0.00426,99176.02,25.74,-0.036794
1879.398376,0.011217,-0.074214,0.01197,-9.836946,-9.837233,0,-0.003195,0.001065,99176.02,25.74,-0.007966
1879.409479,0.011103,-0.074214,0.004788,-9.86328,-9.86356,0.003195,-0.005325,0.003195,99176.02,25.74,-0.034293
1879.420647,0.011167,-0.090972,0.014364,-9.85131,-9.851741,0.00213,-0.00639,0,99176.02,25.74,-0.022474
1879.431886,0.011239,-0.08379,0.014364,-9.810612,-9.81098,0.003195,-0.007455,0.00213,99176.02,25.74,0.018287
1879.443158,0.011272,-0.081396,0.021546,-9.82737,-9.827731,0.00213,-0.005325,0.001065,99176.1,25.74,0.001536
1879.454311,0.011154,-0.090972,0.014364,-9.80343,-9.803863,-0.001065,-0.005325,0.001065,99176.1,25.74,0.025404
1879.46541,0.011098,-0.07182,0.007182,-9.82737,-9.827635,0,-0.00639,0,99176.1,25.74,0.001632
1879.476635,0.011225,-0.090972,0.02394,-9.808218,-9.808669,0.001065,-0.00426,-0.00213,99176.1,25.74,0.020598
1879.487878,0.011244,-0.093366,0.007182,-9.784278,-9.784726,0.00213,-0.00426,0.001065,99176.1,25.74,0.044541
1879.499616,0.011738,-0.088578,-0.01197,-9.80343,-9.803837,0.001065,-0.00852,0.00213,99176.1,25.74,0.02543
1879.510244,0.010628,-0.081396,-0.009576,-9.789066,-9.789409,0.003195,-0.00639,0.003195,99176.21,25.74,0.039858
1879.521354,0.01111,-0.069426,0.019152,-9.810612,-9.810876,0.00213,-0.00426,-0.001065,99176.21,25.74,0.018391
1879.53251,0.011156,-0.088578,0.009576,-9.808218,-9.808623,0,-0.00426,0.00213,99176.21,25.74,0.020644
1879.543747,0.011237,-0.079002,0.009576,-9.841734,-9.842056,0.003195,-0.00639,0.001065,99176.21,25.74,-0.012789
1879.554967,0.01122,-0.03591,0.019152,-9.8154,-9.815484,0.00213,-0.007455,0.001065,99176.21,25.74,0.013783
1879.566191,0.011224,-0.062244,-0.002394,-9.834552,-9.834749,0.003195,-0.005325,0.003195,99176.21,25.74,-0.005482
1879.577434,0.011243,-0.100548,-0.01197,-9.860886,-9.861406,0.00213,-0.007455,0.00213,99176.16,25.74,-0.032139
1879.588461,0.011027,-0.064638,0.026334,-9.858492,-9.858739,0.001065,-0.005325,0.001065,99176.16,25.74,-0.029472
1879.599627,0.011166,-0.079002,-0.01197,-9.856098,-9.856422,0.003195,-0.00639,0.00213,99176.16,25.74,-0.027155
1879.610813,0.011186,-0.08379,0.002394,-9.844128,-9.844485,0.001065,-0.005325,0.001065,99176.16,25.74,-0.015218
1879.621974,0.011162,-0.067032,0.019152,-9.856098,-9.856345,0.00213,-0.00426,0.003195,99176.16,25.74,-0.027078
1879.633219,0.011245,-0.08379,0.019152,-9.83934,-9.839715,0.00213,-0.007455,0,99176.16,25.74,-0.010448
1879.644351,0.011131,-0.079002,0.031122,-9.822582,-9.822949,0.001065,-0.003195,0.001065,99176.16,25.74,0.006318
1879.655639,0.011288,-0.076608,0.014364,-9.824976,-9.825285,0.00213,-0.00639,0.001065,99176.16,25.74,0.003982
1879.666735,0.011096,-0.090972,0.01197,-9.810612,-9.811041,0.00213,-0.003195,0.001065,99176.16,25.74,0.018226
1879.677928,0.011193,-0.055062,0.021546,-9.8154,-9.815578,0.003195,-0.00426,0.00213,99176.16,25.74,0.013689
1879.68923,0.011302,-0.086184,0.004788,-9.796248,-9.796628,0.00213,-0.005325,0.003195,99176.16,25.74,0.032639
1879.699325,0.010095,-0.07182,-0.007182,-9.82737,-9.827635,0.001065,-0.00426,0.00213,99176.08,25.74,0.001632
1879.709404,0.010079,-0.076608,0.026334,-9.808218,-9.808553,0.003195,-0.003195,0.003195,99176.08,25.74,0.020714
1879.719483,0.010079,-0.08379,0,-9.820188,-9.820545,0.003195,-0.005325,0.001065,99176.08,25.74,0.008722
1879.729582,0.010099,-0.090972,0.019152,-9.805824,-9.806265,0.00213,-0.00426,0.003195,99176.08,25.74,0.023002
1879.739659,0.010077,-0.064638,0.02394,-9.757944,-9.758187,0.001065,-0.00426,0.00213,99176.08,25.74,0.07108
1879.749776,0.010117,-0.093366,-0.004788,-9.808218,-9.808664,0,-0.00426,0.003195,99176.08,25.74,0.020603
1879.759896,0.01012,-0.074214,0.004788,-9.796248,-9.79653,0.00213,-0.00426,0.003195,99176.08,25.74,0.032737
1879.770005,0.01011,-0.062244,-0.002394,-9.8154,-9.815598,0.003195,-0.007455,0.003195,99175.99,25.74,0.013669
1879.780106,0.010101,-0.074214,-0.02394,-9.836946,-9.837255,0,-0.005325,0.001065,99175.99,25.74,-0.007988
1879.79029,0.010184,-0.067032,-0.007182,-9.846522,-9.846753,0.00213,-0.00639,0.003195,99175.99,25.74,-0.017486
1879.800932,0.010642,-0.086184,0.026334,-9.844128,-9.84454,0,-0.003195,0.003195,99175.99,25.74,-0.015273
1879.81217,0.011239,-0.062244,-0.016758,-9.83934,-9.839551,0.00213,-0.005325,0.00213,99175.99,25.74,-0.010284
1879.82335,0.011179,-0.08379,0.040698,-9.834552,-9.834993,0.003195,-0.005325,0.003195,99175.99,25.74,-0.005726
1879.835764,0.012414,-0.062244,0.021546,-9.832158,-9.832379,0.001065,-0.00426,0.003195,99176.05,25.74,-0.003112
1879.846296,0.010532,-0.081396,0.009576,-9.83934,-9.839681,0.00213,-0.00639,0.001065,99176.05,25.74,-0.010414
1879.856893,0.010597,-0.117306,-0.014364,-9.841734,-9.842444,0.003195,-0.005325,0.001065,99176.05,25.74,-0.013177
1879.868126,0.011233,-0.090972,0.002394,-9.853704,-9.854124,0,-0.00639,0.00213,99176.05,25.74,-0.024857
1879.879328,0.011202,-0.067032,0.01197,-9.801036,-9.801273,0.005325,-0.007455,0.001065,99176.05,25.74,0.027994
1879.890485,0.011157,-0.088578,0.019152,-9.829764,-9.830182,0.00213,-0.009585,0.00213,99175.91,25.74,-0.000915
1879.901584,0.011099,-0.086184,0.007182,-9.817794,-9.818175,0.001065,-0.00213,0.001065,99175.91,25.74,0.011092
1879.912816,0.011232,-0.076608,0.014364,-9.801036,-9.801346,0.00213,-0.005325,0.001065,99175.91,25.74,0.027921
1879.924097,0.011281,-0.067032,-0.004788,-9.796248,-9.796479,0.001065,-0.00639,0,99175.91,25.74,0.032788
1879.934305,0.010208,-0.074214,0.007182,-9.813006,-9.813289,0,-0.003195,0.00213,99175.91,25.74,0.015978
1879.94441,0.010105,-0.050274,0.002394,-9.796248,-9.796377,0.001065,-0.003195,0.00213,99175.91,25.74,0.03289
1879.954516,0.010105,-0.09576,0,-9.777096,-9.777565,0.001065,-0.003195,-0.001065,99175.91,25.74,0.051702
1879.964674,0.010158,-0.090972,-0.007182,-9.817794,-9.818218,0.003195,-0.007455,0.00426,99175.91,25.74,0.011049
1879.974768,0.010094,-0.090972,0.002394,-9.82737,-9.827791,-0.001065,-0.00426,0,99175.91,25.74,0.001476
1879.984893,0.010126,-0.100548,0.007182,-9.79146,-9.791979,0.003195,-0.00426,0.00213,99175.91,25.74,0.037288
1879.994998,0.010105,-0.105336,-0.002394,-9.8154,-9.815965,0,-0.007455,0.00213,99175.91,25.74,0.013302
1880.005099,0.010101,-0.098154,0.026334,-9.846522,-9.847046,0.00213,-0.007455,0.00213,99175.91,25.74,-0.017779
1880.015215,0.010115,-0.081396,-0.01197,-9.80343,-9.803775,0.001065,-0.00639,0.00213,99175.91,25.74,0.025492
1880.025304,0.01009,-0.114912,-0.014364,-9.853704,-9.854384,0,-0.00426,0,99175.94,25.74,-0.025117
1880.035404,0.0101,-0.062244,0.009576,-9.836946,-9.837148,0.00426,-0.005325,0.00213,99175.94,25.74,-0.007881
1880.04566,0.010256,-0.081396,0.002394,-9.868068,-9.868404,0.001065,-0.007455,0.003195,99175.94,25.74,-0.039137
1880.055758,0.010098,-0.05985,0.014364,-9.85131,-9.851502,0.001065,-0.00639,0.00213,99175.94,25.74,-0.022235
1880.065843,0.010085,-0.08379,0.016758,-9.836946,-9.837317,0.003195,-0.007455,0.003195,99175.94,25.74,-0.00805
1880.075931,0.010088,-0.062244,-0.007182,-9.858492,-9.858691,0.001065,-0.00426,0.00213,99175.94,25.74,-0.029424
1880.086017,0.010086,-0.100548,0.02394,-9.846522,-9.847064,0.001065,-0.00852,0.00213,99176.07,25.74,-0.017797
1880.096104,0.010087,-0.064638,0.009576,-9.820188,-9.820405,0.00213,-0.00639,0.00213,99176.07,25.74,0.008862
1880.106229,0.010125,-0.086184,0.016758,-9.841734,-9.842126,0.001065,-0.00426,0.001065,99176.07,25.74,-0.012859
1880.116325,0.010095,-0.074214,-0.002394,-9.844128,-9.844408,0.001065,-0.005325,0.00426,99176.07,25.74,-0.015141
1880.126423,0.010099,-0.067032,0.009576,-9.817794,-9.818028,0.001065,-0.007455,0.00213,99176.07,25.74,0.011239
1880.137129,0.010706,-0.09576,0.007182,-9.805824,-9.806294,0.001065,-0.005325,0.003195,99176.07,25.74,0.022973
1880.147242,0.010113,-0.074214,0.019152,-9.817794,-9.818093,0.00213,-0.00426,0.001065,99176.02,25.74,0.011174
1880.157328,0.010086,-0.08379,0,-9.810612,-9.81097,0.001065,-0.005325,-0.001065,99176.02,25.74,0.018297
1880.167493,0.010165,-0.05985,-0.01197,-9.80343,-9.80362,0.00213,-0.00639,0,99176.02,25.74,0.025647
1880.177607,0.010114,-0.064638,0.01197,-9.822582,-9.822802,0.00213,-0.005325,0.00213,99176.02,25.74,0.006465
1880.1877,0.010093,-0.081396,-0.014364,-9.808218,-9.808566,0.00213,-0.00639,0.00213,99176.02,25.74,0.020701
1880.197793,0.010093,-0.074214,0.004788,-9.798642,-9.798924,0,-0.00426,0.00213,99176.02,25.74,0.030343
1880.207895,0.010103,-0.08379,0.002394,-9.834552,-9.834909,-0.001065,-0.00426,0,99176.02,25.74,-0.005642
1880.21799,0.010095,-0.074214,-0.007182,-9.80343,-9.803714,0.00213,-0.00426,0.001065,99175.99,25.74,0.025553
1880.228114,0.010124,-0.07182,-0.01197,-9.805824,-9.806094,0,-0.00426,0.003195,99175.99,25.74,0.023173
1880.238212,0.010098,-0.117306,0.014364,-9.805824,-9.806536,0.001065,-0.005325,0.003195,99175.99,25.74,0.022731
1880.248324,0.010112,-0.062244,0.002394,-9.82737,-9.827567,0,-0.00639,0.00213,99175.99,25.74,0.0017
1880.258413,0.010089,-0.076608,0.004788,-9.829764,-9.830064,0.00426,-0.00639,0.00213,99175.99,25.74,-0.000797
1880.268497,0.010083,-0.088578,0.02394,-9.841734,-9.842162,0,-0.00213,0.00426,99175.99,25.74,-0.012895
1880.278586,0.010089,-0.07182,0.016758,-9.836946,-9.837222,0,-0.00426,0.00213,99175.99,25.74,-0.007955
1880.288688,0.010103,-0.079002,0.01197,-9.87525,-9.875573,0.00213,-0.00426,0,99176.02,25.74,-0.046306
1880.298789,0.010101,-0.086184,0.007182,-9.8154,-9.815781,0,-0.00852,0.003195,99176.02,25.74,0.013486
1880.308904,0.010115,-0.076608,0.007182,-9.844128,-9.844429,0.003195,-0.00639,0.001065,99176.02,25.74,-0.015162
1880.319045,0.010141,-0.07182,0.026334,-9.834552,-9.834849,0,-0.005325,0.001065,99176.02,25.74,-0.005582
1880.329143,0.010098,-0.07182,0.021546,-9.82737,-9.827656,0.001065,-0.00426,0.001065,99176.02,25.74,0.001611
1880.339256,0.010113,-0.079002,0,-9.822582,-9.8229,0.003195,-0.005325,0.00426,99176.02,25.74,0.006367
1880.349546,0.01029,-0.100548,0.019152,-9.832158,-9.832691,0,-0.00639,0.001065,99176.02,25.74,-0.003424
1880.359818,0.010272,-0.057456,0.007182,-9.829764,-9.829935,-0.001065,-0.007455,0.00213,99176.02,25.74,-0.000668
1880.369911,0.010093,-0.08379,0.016758,-9.808218,-9.80859,0.00213,-0.00426,0.001065,99176.02,25.74,0.020677
1880.380042,0.01013,-0.105336,0.002394,-9.808218,-9.808784,0,-0.005325,0.001065,99176.02,25.74,0.020483
1880.390194,0.010153,-0.05985,0.019152,-9.808218,-9.808419,0.00213,-0.00426,0.00213,99176.02,25.74,0.020848
1880.400346,0.010151,-0.09576,-0.019152,-9.82737,-9.827855,0.003195,-0.00852,0.00426,99176.02,25.74,0.001412
1880.410473,0.010127,-0.07182,0.01197,-9.80343,-9.8037,0.001065,-0.005325,0.001065,99175.86,25.74,0.025567
1880.420583,0.01011,-0.07182,0.007182,-9.798642,-9.798908,0.00213,-0.005325,0.00426,99175.86,25.74,0.030359
1880.430712,0.010129,-0.052668,-0.009576,-9.810612,-9.810758,0.00213,-0.005325,0.00213,99175.86,25.74,0.018509
1880.440802,0.01009,-0.076608,0.014364,-9.829764,-9.830073,0.00213,-0.00852,0.00213,99175.86,25.74,-0.000806
1880.450903,0.010101,-0.08379,0.004788,-9.810612,-9.810971,0.003195,-0.00426,0,99175.86,25.74,0.018296
1880.461408,0.010506,-0.062244,-0.002394,-9.798642,-9.79884,0.00426,-0.00426,0.001065,99175.86,25.74,0.030427
1880.471599,0.010191,-0.07182,0,-9.841734,-9.841996,0.003195,-0.00639,0.00213,99176.05,25.74,-0.012729
1880.481761,0.010162,-0.064638,-0.016758,-9.83934,-9.839567,0,-0.00426,0.00426,99176.05,25.74,-0.0103
1880.491859,0.010098,-0.081396,-0.007182,-9.82737,-9.82771,0.001065,-0.00639,-0.001065,99176.05,25.74,0.001557
1880.501948,0.010088,-0.055062,-0.002394,-9.829764,-9.829919,0.00213,-0.00639,0.003195,99176.05,25.74,-0.000652
1880.512056,0.010108,-0.069426,-0.002394,-9.836946,-9.837191,0.00213,-0.00639,0.00213,99176.05,25.74,-0.007924
1880.522193,0.010137,-0.08379,0.009576,-9.836946,-9.837308,0.00213,-0.00426,0.00213,99176.05,25.74,-0.008041
1880.532322,0.010128,-0.074214,0.03591,-9.85131,-9.851655,0.003195,-0.005325,0.003195,99176.05,25.74,-0.022388
1880.542419,0.010097,-0.05985,-0.002394,-9.813006,-9.813189,0.00213,-0.00639,0.00213,99176.12,25.74,0.016078
1880.55255,0.010131,-0.088578,0.019152,-9.832158,-9.832576,0,-0.00426,0,99176.12,25.74,-0.003309
1880.562644,0.010093,-0.09576,0.01197,-9.824976,-9.82545,0.005325,-0.00639,0.003195,99176.12,25.74,0.003817
1880.573171,0.010528,-0.09576,0.014364,-9.813006,-9.813484,0.00213,-0.00213,-0.001065,99176.12,25.74,0.015783
1880.583297,0.010126,-0.098154,0.009576,-9.796248,-9.796744,0.00213,-0.00639,0.001065,99176.12,25.74,0.032523
1880.593406,0.010109,-0.079002,0.01197,-9.829764,-9.830089,0.00213,-0.005325,0.001065,99176.12,25.74,-0.000822
1880.60357,0.010163,-0.124488,0.009576,-9.820188,-9.820982,0,-0.005325,0.00426,99176,25.74,0.008285
1880.613824,0.010254,-0.064638,0.014364,-9.813006,-9.813229,0.00213,-0.00426,0,99176,25.74,0.016038
1880.623913,0.010089,-0.07182,0.016758,-9.813006,-9.813283,0.00213,-0.00639,0.00213,99176,25.74,0.015984
1880.634084,0.010172,-0.086184,0.002394,-9.817794,-9.818173,0.00213,-0.00639,0.00213,99176,25.74,0.011094
1880.644207,0.010123,-0.08379,-0.004788,-9.796248,-9.796608,0.003195,-0.00426,0.003195,99176,25.74,0.032659
1880.654295,0.010088,-0.05985,0.016758,-9.796248,-9.796445,0.00213,-0.005325,0.001065,99176,25.74,0.032822
1880.664403,0.010108,-0.052668,-0.002394,-9.796248,-9.79639,-0.001065,-0.00426,0.001065,99176,25.74,0.032877
1880.674553,0.010151,-0.081396,0.009576,-9.80343,-9.803773,0,-0.00639,0.00426,99176,25.74,0.025494
1880.684998,0.010444,-0.069426,0.014364,-9.829764,-9.83002,0,-0.005325,0.00213,99176,25.74,-0.000753
1880.69513,0.010133,-0.088578,0.014364,-9.829764,-9.830174,0.003195,-0.007455,0.003195,99176,25.74,-0.000907
1880.705225,0.010095,-0.09576,0.004788,-9.824976,-9.825444,0.001065,-0.005325,0.001065,99176,25.74,0.003823
1880.715337,0.010112,-0.08379,0.031122,-9.829764,-9.83017,0.001065,-0.005325,0.003195,99176,25.74,-0.000903
1880.725449,0.010112,-0.057456,-0.002394,-9.813006,-9.813174,0.001065,-0.003195,0.00213,99176,25.74,0.016093
1880.73555,0.0101,-0.088578,0.028728,-9.83934,-9.839781,-0.001065,-0.009585,0.001065,99176.07,25.74,-0.010514
1880.745639,0.010089,-0.076608,0.004788,-9.846522,-9.846821,0.00213,-0.00639,0.003195,99176.07,25.74,-0.017554
1880.755723,0.010084,-0.102942,0.01197,-9.822582,-9.823129,0.003195,-0.005325,0.003195,99176.07,25.74,0.006138
1880.765821,0.010098,-0.08379,0.043092,-9.820188,-9.82064,0,-0.005325,0.001065,99176.07,25.74,0.008627
1880.775956,0.010134,-0.062244,0.019152,-9.87525,-9.875465,0.00213,-0.00639,0.001065,99176.07,25.74,-0.046198
1880.786053,0.010097,-0.057456,0.007182,-9.813006,-9.813177,0.001065,-0.005325,0.003195,99176.07,25.74,0.01609
1880.796386,0.010333,-0.074214,0.004788,-9.82737,-9.827651,0,-0.00639,0.001065,99176.15,25.74,0.001616
1880.806485,0.010099,-0.081396,0.02394,-9.824976,-9.825342,-0.00213,-0.005325,0.003195,99176.15,25.74,0.003925
1880.816566,0.010081,-0.088578,0.01197,-9.813006,-9.813413,0.001065,-0.005325,0.00213,99176.15,25.74,0.015854
1880.826654,0.010088,-0.09576,0.014364,-9.805824,-9.806302,-0.001065,-0.00639,0.00213,99176.15,25.74,0.022965
1880.836764,0.01011,-0.093366,-0.009576,-9.829764,-9.830212,0.00213,-0.003195,0.001065,99176.15,25.74,-0.000945
1880.846851,0.010087,-0.067032,-0.004788,-9.80343,-9.80366,0.001065,-0.00639,0,99176.15,25.74,0.025607
1880.856963,0.010112,-0.09576,0.03591,-9.817794,-9.818327,0.001065,-0.00639,0.001065,99176.27,25.74,0.01094
1880.867059,0.010096,-0.086184,0.01197,-9.781884,-9.782271,0.00213,-0.005325,0.003195,99176.27,25.74,0.046996
1880.877188,0.010129,-0.067032,-0.007182,-9.805824,-9.806056,0.00426,-0.005325,0.00213,99176.27,25.74,0.023211
1880.887276,0.010088,-0.07182,0.01197,-9.80343,-9.8037,0,-0.005325,0.003195,99176.27,25.74,0.025567
1880.897521,0.010245,-0.079002,0.007182,-9.820188,-9.820508,0.001065,-0.005325,0.003195,99176.27,25.74,0.008759
1880.907653,0.010132,-0.081396,-0.016758,-9.841734,-9.842085,0.001065,-0.00639,0.00426,99176.27,25.74,-0.012818
1880.917761,0.010108,-0.088578,0.028728,-9.8154,-9.815842,0.00213,-0.00639,0,99176.27,25.74,0.013425
1880.927875,0.010115,-0.088578,0.009576,-9.832158,-9.832562,0.00213,-0.00639,0.00426,99176.43,25.74,-0.003295
1880.937968,0.010092,-0.076608,0.009576,-9.841734,-9.842037,0.00213,-0.005325,0.00213,99176.43,25.74,-0.01277
1880.94806,0.010093,-0.08379,0.009576,-9.836946,-9.837308,-0.001065,-0.005325,0.003195,99176.43,25.74,-0.008041
1880.958306,0.010246,-0.064638,0.019152,-9.820188,-9.820419,0.001065,-0.00639,0,99176.43,25.74,0.008848
1880.968401,0.010094,-0.074214,0.019152,-9.865674,-9.865972,0.00213,-0.005325,0.00213,99176.43,25.74,-0.036705
1880.978494,0.010094,-0.088578,0.01197,-9.848916,-9.849322,0.001065,-0.005325,0.00213,99176.43,25.74,-0.020055
1880.988679,0.010184,-0.055062,0.01197,-9.836946,-9.837107,0,-0.007455,0.001065,99176.43,25.74,-0.00784
1880.998769,0.01009,-0.105336,0.021546,-9.83934,-9.839927,0.003195,-0.00426,0.003195,99176.43,25.74,-0.01066
1881.008943,0.010175,-0.064638,0.009576,-9.834552,-9.834769,0.001065,-0.00426,0.00213,99176.43,25.74,-0.005502
1881.020156,0.011212,-0.088578,0,-9.822582,-9.822981,0,-0.005325,0.00213,99176.43,25.74,0.006286
1881.031329,0.011174,-0.07182,0.009576,-9.813006,-9.813273,0.00213,-0.005325,0,99176.43,25.74,0.015994
1881.042457,0.011128,-0.110124,0.026334,-9.817794,-9.818447,0.00213,-0.00639,0.00213,99176.43,25.74,0.01082
1881.053723,0.011266,-0.081396,0.031122,-9.817794,-9.818181,0.001065,-0.00426,0.001065,99176.4,25.74,0.011086
1881.06499,0.011267,-0.057456,0,-9.781884,-9.782053,0.003195,-0.005325,0.00213,99176.4,25.74,0.047214
1881.076069,0.011079,-0.110124,-0.004788,-9.801036,-9.801656,0.003195,-0.005325,0,99176.4,25.74,0.027611
1881.087197,0.011128,-0.079002,0.002394,-9.80343,-9.803749,0.001065,-0.005325,0.003195,99176.4,25.74,0.025518
1881.098551,0.011353,-0.081396,0.019152,-9.829764,-9.83012,0.003195,-0.005325,0.00213,99176.4,25.74,-0.000853
1881.109593,0.011043,-0.045486,-0.004788,-9.824976,-9.825082,0,-0.005325,0.001065,99176.4,25.74,0.004185
1881.120761,0.011167,-0.086184,0.004788,-9.813006,-9.813386,0.003195,-0.005325,0.003195,99176.39,25.74,0.015881
1881.131933,0.011172,-0.064638,0.004788,-9.824976,-9.82519,0.001065,-0.00639,0.001065,99176.39,25.74,0.004077
1881.143239,0.011306,-0.088578,-0.007182,-9.82737,-9.827772,0.001065,-0.005325,0.001065,99176.39,25.74,0.001495
1881.154421,0.011182,-0.076608,-0.02394,-9.834552,-9.83488,0.003195,-0.00639,0.003195,99176.39,25.74,-0.005613
1881.165463,0.011042,-0.100548,0.028728,-9.8154,-9.815957,-0.001065,-0.00639,0,99176.39,25.74,0.01331
1881.176792,0.011329,-0.074214,-0.002394,-9.82737,-9.827651,0.00426,-0.00426,0.00213,99176.27,25.74,0.001616
1881.187897,0.011105,-0.074214,0.002394,-9.79146,-9.791742,0.00213,-0.005325,0,99176.27,25.74,0.037525
1881.199087,0.01119,-0.086184,0.031122,-9.836946,-9.837373,-0.00213,-0.007455,0.00426,99176.27,25.74,-0.008106
1881.210266,0.011179,-0.074214,0.002394,-9.841734,-9.842014,0.001065,-0.00426,0.001065,99176.27,25.74,-0.012747
1881.221413,0.011147,-0.064638,0.004788,-9.808218,-9.808432,0.003195,-0.00639,0.00426,99176.27,25.74,0.020835
1881.232589,0.011176,-0.088578,0.016758,-9.834552,-9.834965,0.003195,-0.005325,-0.001065,99176.27,25.74,-0.005698
1881.243836,0.011247,-0.08379,0.033516,-9.834552,-9.834966,0,-0.007455,0.00426,99176.23,25.74,-0.005699
1881.255072,0.011236,-0.067032,0.007182,-9.824976,-9.825207,0.003195,-0.00426,0.00213,99176.23,25.74,0.00406
1881.266248,0.011176,-0.088578,-0.002394,-9.820188,-9.820588,0.00213,-0.00852,0,99176.23,25.74,0.008679
1881.277341,0.011093,-0.08379,0.002394,-9.793854,-9.794213,0.001065,-0.00639,0.00213,99176.23,25.74,0.035054
1881.288553,0.011211,-0.076608,-0.002394,-9.817794,-9.818093,0.00213,-0.00426,0.001065,99176.23,25.74,0.011174
1881.299719,0.011167,-0.081396,-0.004788,-9.79146,-9.791799,0.003195,-0.007455,0.00426,99176.23,25.74,0.037468
1881.310968,0.011249,-0.086184,0.014364,-9.820188,-9.820577,0.001065,-0.003195,0,99176.29,25.74,0.00869
1881.322064,0.011095,-0.098154,0,-9.810612,-9.811103,0.001065,-0.00426,0.00426,99176.29,25.74,0.018164
1881.33329,0.011226,-0.088578,-0.009576,-9.798642,-9.799047,0.00213,-0.00639,0.00426,99176.29,25.74,0.03022
1881.344491,0.011201,-0.079002,-0.007182,-9.801036,-9.801357,0.003195,-0.005325,0.003195,99176.29,25.74,0.02791
1881.355627,0.011137,-0.08379,0.004788,-9.810612,-9.810971,0.001065,-0.007455,0.003195,99176.29,25.74,0.018296
1881.366482,0.010855,-0.08379,0.02394,-9.832158,-9.832544,0,-0.00639,0.00213,99176.29,25.74,-0.003277
1881.376654,0.010172,-0.08379,0.01197,-9.836946,-9.83731,0.001065,-0.007455,0.003195,99176.29,25.74,-0.008043
1881.38675,0.010096,-0.093366,-0.002394,-9.82737,-9.827814,0.00213,-0.00639,0.001065,99176.29,25.74,0.001453
1881.396847,0.010097,-0.102942,0,-9.846522,-9.84706,0.00213,-0.007455,0.001065,99176.29,25.74,-0.017793
1881.406929,0.010082,-0.074214,0.019152,-9.817794,-9.818093,0.001065,-0.005325,0.001065,99176.29,25.74,0.011174
1881.417028,0.010099,-0.09576,-0.016758,-9.820188,-9.820669,0,-0.005325,0.001065,99176.29,25.74,0.008598
1881.427174,0.010146,-0.064638,-0.009576,-9.858492,-9.858709,0,-0.005325,0,99176.29,25.74,-0.029442
1881.437293,0.010119,-0.081396,0.016758,-9.834552,-9.834903,0.00426,-0.005325,0.00213,99176.23,25.74,-0.005636
1881.447397,0.010104,-0.052668,-0.016758,-9.841734,-9.841889,0,-0.00426,0.003195,99176.23,25.74,-0.012622
1881.457495,0.010099,-0.079002,0.026334,-9.844128,-9.84448,0,-0.007455,0,99176.23,25.74,-0.015213
1881.467992,0.010497,-0.069426,0.019152,-9.80343,-9.803695,0.001065,-0.00213,0.001065,99176.23,25.74,0.025572
1881.47867,0.010678,-0.07182,0.009576,-9.829764,-9.830031,0.00213,-0.00426,0,99176.23,25.74,-0.000764
1881.488761,0.010091,-0.081396,0.016758,-9.810612,-9.810964,0.00426,-0.005325,0.00213,99176.23,25.74,0.018303
1881.498845,0.010084,-0.076608,-0.009576,-9.82737,-9.827673,0.00213,-0.007455,0.003195,99176.31,25.74,0.001594
1881.508931,0.010087,-0.08379,0,-9.801036,-9.801394,0.003195,-0.00639,0.001065,99176.31,25.74,0.027873
1881.519109,0.010177,-0.05985,0.009576,-9.798642,-9.798829,0.00213,-0.00426,0.003195,99176.31,25.74,0.030438
1881.529198,0.01009,-0.07182,0.007182,-9.805824,-9.80609,0.003195,-0.005325,0.00213,99176.31,25.74,0.023177
1881.539304,0.010106,-0.086184,0.021546,-9.817794,-9.818196,0.00213,-0.003195,0.001065,99176.31,25.74,0.011071
1881.549405,0.0101,-0.079002,0.021546,-9.793854,-9.794196,0,-0.003195,0,99176.31,25.74,0.035071
1881.559503,0.010099,-0.07182,0.014364,-9.808218,-9.808491,0.001065,-0.00426,0.00213,99176.31,25.74,0.020776
1881.569611,0.010108,-0.069426,-0.019152,-9.813006,-9.81327,0,-0.00639,0.001065,99176.24,25.74,0.015997
1881.579846,0.010235,-0.100548,-0.016758,-9.813006,-9.813535,0.00213,-0.00639,0.00213,99176.24,25.74,0.015732
1881.589941,0.010095,-0.081396,0.01197,-9.820188,-9.820533,-0.001065,-0.003195,0.001065,99176.24,25.74,0.008734
1881.600027,0.010085,-0.100548,0.038304,-9.836946,-9.837534,0.00213,-0.003195,0.00213,99176.24,25.74,-0.008267
1881.610121,0.010094,-0.090972,0.014364,-9.8154,-9.815832,0.001065,-0.005325,0.00426,99176.24,25.74,0.013435
1881.620208,0.010087,-0.062244,0,-9.85131,-9.851507,0.001065,-0.005325,0.00213,99176.24,25.74,-0.02224
1881.630528,0.010319,-0.076608,0.016758,-9.824976,-9.825289,0.00213,-0.00426,0.001065,99176.27,25.74,0.003978
1881.640567,0.01004,-0.081396,0.009576,-9.83934,-9.839681,0.001065,-0.005325,0.003195,99176.27,25.74,-0.010414
1881.650652,0.010085,-0.079002,-0.002394,-9.848916,-9.849233,0,-0.00426,0,99176.27,25.74,-0.019966
1881.660741,0.01009,-0.088578,0.007182,-9.805824,-9.806227,0,-0.00426,0,99176.27,25.74,0.02304
1881.670845,0.010104,-0.057456,0.026334,-9.834552,-9.834755,0.001065,-0.00426,0.001065,99176.27,25.74,-0.005488
1881.680943,0.010098,-0.067032,0.009576,-9.820188,-9.820421,0.00213,-0.007455,0.003195,99176.27,25.74,0.008846
1881.691033,0.01009,-0.057456,0.009576,-9.808218,-9.808391,0.00213,-0.007455,0.003195,99176.27,25.74,0.020876
1881.701124,0.010091,-0.093366,0.014364,-9.841734,-9.842187,0,-0.00426,0,99176.27,25.74,-0.01292
1881.71121,0.010086,-0.057456,0.009576,-9.832158,-9.832331,-0.001065,-0.005325,0.00213,99176.27,25.74,-0.003064
1881.721311,0.010101,-0.08379,0.014364,-9.80343,-9.803799,0.00213,-0.005325,0.001065,99176.27,25.74,0.025468
1881.731406,0.010095,-0.05985,0.007182,-9.820188,-9.820373,0.003195,-0.005325,0.00426,99176.27,25.74,0.008894
1881.741517,0.010111,-0.067032,0.019152,-9.829764,-9.830011,0.00213,-0.00852,0.001065,99176.27,25.74,-0.000744
1881.751721,0.010203,-0.08379,0.004788,-9.810612,-9.810971,0.001065,-0.00426,0.001065,99176.37,25.74,0.018296
1881.761844,0.010123,-0.079002,-0.01197,-9.801036,-9.801362,0.003195,-0.00639,0.00213,99176.37,25.74,0.027905
1881.772158,0.010314,-0.100548,-0.014364,-9.801036,-9.801562,0.001065,-0.00639,0.00426,99176.37,25.74,0.027705
1881.782282,0.010124,-0.076608,0.007182,-9.82737,-9.827671,0.00426,-0.00639,0.00213,99176.37,25.74,0.001596
1881.792663,0.010381,-0.052668,0.016758,-9.817794,-9.81795,0.00213,-0.007455,0.00426,99176.37,25.74,0.011317
1881.802766,0.010103,-0.07182,0.01197,-9.817794,-9.818064,0,-0.00426,0.001065,99176.37,25.74,0.011203
1881.812843,0.010078,-0.057456,0.019152,-9.817794,-9.817981,0.00213,-0.005325,0.00213,99176.37,25.74,0.011286
1881.822938,0.010094,-0.10773,0.007182,-9.822582,-9.823175,0.00213,-0.00852,0.001065,99176.34,25.74,0.006092
1881.833081,0.010143,-0.069426,0.009576,-9.824976,-9.825226,0.003195,-0.00639,0.00426,99176.34,25.74,0.004041
1881.843186,0.010105,-0.102942,0.007182,-9.8154,-9.815942,0.00213,-0.003195,0.00213,99176.34,25.74,0.013325
1881.853281,0.010096,-0.07182,0.01197,-9.836946,-9.837215,0.00213,-0.005325,0.001065,99176.34,25.74,-0.007948
1881.863428,0.010147,-0.102942,-0.002394,-9.824976,-9.825516,0.00213,-0.005325,0.001065,99176.34,25.74,0.003751
1881.873531,0.010103,-0.07182,0.026334,-9.832158,-9.832456,0.00213,-0.007455,0.001065,99176.34,25.74,-0.003189
1881.883639,0.010109,-0.093366,0.014364,-9.829764,-9.830218,-0.001065,-0.003195,0.00213,99176.39,25.74,-0.000951
1881.893759,0.01012,-0.100548,0.021546,-9.829764,-9.830302,0.00213,-0.005325,0.003195,99176.39,25.74,-0.001035
1881.903855,0.010096,-0.069426,0.004788,-9.824976,-9.825222,0.001065,-0.005325,0,99176.39,25.74,0.004045
1881.91408,0.010225,-0.069426,0.026334,-9.810612,-9.810893,0.00213,-0.003195,0.00213,99176.39,25.74,0.018374
1881.924174,0.010093,-0.093366,-0.002394,-9.841734,-9.842177,0.00213,-0.005325,0,99176.39,25.74,-0.01291
1881.934346,0.010172,-0.069426,0.002394,-9.80343,-9.803676,0.00213,-0.005325,0.00213,99176.39,25.74,0.025591
1881.944447,0.010102,-0.062244,0,-9.80343,-9.803628,0.001065,-0.003195,0.001065,99176.51,25.74,0.025639
1881.954542,0.010095,-0.07182,0.014364,-9.810612,-9.810885,0.00213,-0.00639,0.00213,99176.51,25.74,0.018382
1881.964624,0.010082,-0.090972,0.01197,-9.808218,-9.808647,0,-0.00426,0.00213,99176.51,25.74,0.02062
1881.974796,0.010172,-0.062244,-0.014364,-9.820188,-9.820396,0.00426,-0.00426,0.00213,99176.51,25.74,0.008871
1881.984965,0.010169,-0.079002,0.014364,-9.824976,-9.825304,0.00213,-0.00426,0.001065,99176.51,25.74,0.003963
1881.995059,0.010094,-0.081396,-0.009576,-9.836946,-9.837287,0.001065,-0.005325,0.001065,99176.51,25.74,-0.00802
1882.005159,0.0101,-0.07182,0.002394,-9.829764,-9.830027,0,-0.00639,0.00426,99176.51,25.74,-0.00076
1882.015287,0.010128,-0.088578,0.009576,-9.808218,-9.808623,-0.001065,-0.003195,0.003195,99176.51,25.74,0.020644
1882.025375,0.010088,-0.090972,0.03591,-9.832158,-9.832644,0.001065,-0.00426,0.001065,99176.51,25.74,-0.003377
1882.035472,0.010098,-0.069426,0.002394,-9.82737,-9.827616,0.00426,-0.00639,0.00213,99176.51,25.74,0.001651
1882.045566,0.010093,-0.102942,0.040698,-9.820188,-9.820812,0.001065,-0.005325,0.00213,99176.51,25.74,0.008455
1882.055643,0.010077,-0.100548,0.016758,-9.83934,-9.839868,0.00426,-0.005325,0,99176.51,25.74,-0.010601
1882.065748,0.010105,-0.07182,-0.007182,-9.824976,-9.825241,0.001065,-0.00639,0,99176.51,25.74,0.004026
1882.075827,0.010079,-0.074214,0.019152,-9.817794,-9.818093,0,-0.00426,0,99176.43,25.74,0.011174
1882.085953,0.010126,-0.074214,-0.007182,-9.820188,-9.820471,0.00426,-0.005325,0.00213,99176.43,25.74,0.008796
1882.096043,0.01009,-0.081396,0.009576,-9.80343,-9.803773,0.001065,-0.00639,0,99176.43,25.74,0.025494
1882.10618,0.010137,-0.100548,0.038304,-9.844128,-9.844716,0.00213,-0.00639,0.003195,99176.43,25.74,-0.015449
1882.11667,0.010489,-0.08379,0.004788,-9.80343,-9.803789,0.00213,-0.005325,0.001065,99176.43,25.74,0.025478
1882.126773,0.010104,-0.08379,0.021546,-9.834552,-9.834933,0.00213,-0.005325,0.00213,99176.43,25.74,-0.005666
1882.136944,0.010171,-0.04788,-0.007182,-9.829764,-9.829883,0.001065,-0.00852,0,99176.43,25.74,-0.000616
1882.147053,0.010109,-0.090972,-0.002394,-9.824976,-9.825397,0.00213,-0.00639,0.001065,99176.43,25.74,0.00387
1882.157137,0.010084,-0.086184,0.007182,-9.836946,-9.837326,0,-0.007455,0.00639,99176.43,25.74,-0.008059
1882.167494,0.010357,-0.076608,0.01197,-9.8154,-9.815706,0.003195,-0.007455,0.00213,99176.43,25.74,0.013561
1882.177605,0.01011,-0.052668,0.026334,-9.836946,-9.837122,-0.001065,-0.00426,0.00213,99176.43,25.74,-0.007855
1882.18769,0.010086,-0.098154,0,-9.820188,-9.820679,0.001065,-0.00639,0.001065,99176.43,25.74,0.008588
1882.197818,0.010128,-0.081396,0.007182,-9.824976,-9.825316,0.003195,-0.00639,0,99176.43,25.74,0.003951
1882.207928,0.010111,-0.05985,-0.004788,-9.80343,-9.803614,0,-0.00426,0.00213,99176.47,25.74,0.025653
1882.218025,0.010097,-0.076608,-0.009576,-9.80343,-9.803734,0.003195,-0.00639,0.001065,99176.47,25.74,0.025533
1882.228264,0.010239,-0.074214,0.004788,-9.824976,-9.825257,0.00213,-0.005325,0,99176.47,25.74,0.00401
1882.23839,0.010126,-0.055062,0.02394,-9.8154,-9.815584,0.003195,-0.005325,0.003195,99176.47,25.74,0.013683
1882.248485,0.010096,-0.079002,0.02394,-9.808218,-9.808565,-0.001065,-0.003195,0.00213,99176.47,25.74,0.020702
1882.258573,0.010088,-0.086184,0.019152,-9.832158,-9.832554,0.001065,-0.00639,0.003195,99176.47,25.74,-0.003287
1882.268683,0.01011,-0.05985,0.002394,-9.834552,-9.834734,0.00213,-0.007455,0.003195,99176.58,25.74,-0.005467
1882.278777,0.010093,-0.064638,0.021546,-9.83934,-9.839576,0.00213,-0.00639,0.00426,99176.58,25.74,-0.010309
1882.288874,0.010097,-0.09576,0,-9.805824,-9.806292,0.00213,-0.00639,0.003195,99176.58,25.74,0.022975
1882.298999,0.010125,-0.055062,0.004788,-9.832158,-9.832313,0,-0.00426,0.001065,99176.58,25.74,-0.003046
1882.309097,0.010098,-0.105336,0.009576,-9.83934,-9.839908,0.001065,-0.005325,0.003195,99176.58,25.74,-0.010641
1882.319244,0.010146,-0.074214,0.021546,-9.805824,-9.806129,0,-0.003195,0.001065,99176.58,25.74,0.023138
1882.329547,0.010303,-0.088578,0.01197,-9.846522,-9.846928,0,-0.005325,0.00213,99176.58,25.74,-0.017661
1882.339695,0.010148,-0.069426,0.028728,-9.844128,-9.844415,0.001065,-0.007455,0.001065,99176.58,25.74,-0.015148
1882.349818,0.010124,-0.081396,0.009576,-9.82737,-9.827712,0.00213,-0.003195,0.00213,99176.58,25.74,0.001555
1882.35991,0.010092,-0.09576,0.004788,-9.813006,-9.813474,0.00213,-0.00639,0.00213,99176.58,25.74,0.015793
1882.370004,0.010094,-0.064638,0.009576,-9.841734,-9.841951,0,-0.005325,0,99176.58,25.74,-0.012684
1882.380185,0.010181,-0.052668,-0.01197,-9.817794,-9.817943,0.001065,-0.00639,0.003195,99176.58,25.74,0.011324
1882.39034,0.010154,-0.062244,0.021546,-9.805824,-9.806045,0.003195,-0.00426,0,99176.51,25.74,0.023222
1882.400434,0.010094,-0.05985,0.019152,-9.829764,-9.829965,0.00213,-0.001065,0,99176.51,25.74,-0.000698
1882.410536,0.010102,-0.086184,-0.016758,-9.801036,-9.801429,0.001065,-0.00639,0.00213,99176.51,25.74,0.027838
1882.420652,0.010116,-0.086184,0.004788,-9.810612,-9.810992,0.001065,-0.005325,0.003195,99176.51,25.74,0.018275
1882.430797,0.010145,-0.074214,-0.014364,-9.8154,-9.815691,0.00213,-0.00852,0.003195,99176.51,25.74,0.013576
1882.441265,0.010469,-0.067032,-0.002394,-9.836946,-9.837175,-0.001065,-0.005325,0.001065,99176.51,25.74,-0.007908
1882.45195,0.010684,-0.100548,-0.021546,-9.824976,-9.825514,0.00213,-0.007455,0.003195,99176.51,25.74,0.003753
1882.463918,0.011969,-0.07182,0.009576,-9.836946,-9.837213,0.001065,-0.005325,0.00426,99176.51,25.74,-0.007946
1882.47428,0.010361,-0.086184,0.004788,-9.824976,-9.825355,0,-0.00426,0.001065,99176.51,25.74,0.003912
1882.485337,0.011057,-0.052668,0.014364,-9.820188,-9.82034,0.00213,-0.00213,0,99176.51,25.74,0.008927
1882.496449,0.011112,-0.08379,0.021546,-9.820188,-9.820569,0.003195,-0.00639,0.00213,99176.51,25.74,0.008698
1882.507645,0.011196,-0.086184,0.019152,-9.834552,-9.834948,0.00213,-0.00852,0,99176.51,25.74,-0.005681
1882.520197,0.012552,-0.067032,0.009576,-9.824976,-9.825209,0.00213,-0.003195,0.001065,99176.51,25.74,0.004058
1882.53078,0.010583,-0.074214,0.007182,-9.789066,-9.78935,0.00213,-0.007455,0.005325,99176.58,25.74,0.039917
1882.541674,0.010894,-0.086184,0.004788,-9.841734,-9.842113,0,-0.005325,0,99176.58,25.74,-0.012846
1882.553208,0.011533,-0.08379,0.016758,-9.798642,-9.799015,0,-0.003195,0.003195,99176.58,25.74,0.030252
1882.563677,0.010469,-0.081396,0.019152,-9.829764,-9.83012,0.001065,-0.005325,0.001065,99176.58,25.74,-0.000853
1882.574911,0.011234,-0.090972,0.007182,-9.8154,-9.815824,0.001065,-0.00639,-0.001065,99176.58,25.74,0.013443
1882.586419,0.011508,-0.076608,0.026334,-9.841734,-9.842067,0.001065,-0.00426,0.00426,99176.58,25.74,-0.0128
1882.597184,0.010764,-0.067032,0.014364,-9.817794,-9.818033,0.001065,-0.005325,0.003195,99176.58,25.74,0.011234
1882.608901,0.011717,-0.08379,0.019152,-9.80343,-9.803807,0.00213,-0.003195,0.001065,99176.58,25.74,0.02546
1882.619511,0.01061,-0.067032,-0.019152,-9.801036,-9.801284,0,-0.005325,0.005325,99176.58,25.74,0.027983
1882.630747,0.011236,-0.090972,0.01197,-9.817794,-9.818223,0,-0.00639,0.00213,99176.58,25.74,0.011044
1882.642039,0.011291,-0.081396,0.002394,-9.822582,-9.82292,0,-0.007455,0.00213,99176.58,25.74,0.006347
1882.653051,0.011013,-0.079002,0,-9.796248,-9.796567,0.001065,-0.005325,0.003195,99176.56,25.74,0.0327
1882.664434,0.011382,-0.08379,0.002394,-9.829764,-9.830121,0.001065,-0.007455,0.001065,99176.56,25.74,-0.000854
1882.675511,0.011077,-0.09576,-0.004788,-9.817794,-9.818262,0,-0.007455,0.001065,99176.56,25.74,0.011005
1882.686568,0.011058,-0.076608,-0.004788,-9.8154,-9.8157,0.001065,-0.00639,0.00426,99176.56,25.74,0.013567
1882.69784,0.011272,-0.09576,0,-9.798642,-9.79911,-0.001065,-0.00639,0.003195,99176.56,25.74,0.030157
1882.709018,0.011178,-0.069426,0.004788,-9.834552,-9.834798,0.001065,-0.005325,0.001065,99176.56,25.74,-0.005531
1882.720818,0.0118,-0.076608,-0.01197,-9.834552,-9.834858,0.00213,-0.00639,0.001065,99176.56,25.74,-0.005591
1882.732047,0.011229,-0.08379,0,-9.829764,-9.830121,0.001065,-0.005325,0.001065,99176.56,25.74,-0.000854
1882.742724,0.010677,-0.076608,0.002394,-9.844128,-9.844426,0.001065,-0.00639,0.00213,99176.56,25.74,-0.015159
1882.753777,0.011053,-0.093366,0.026334,-9.817794,-9.818273,0.005325,-0.00426,0.001065,99176.56,25.74,0.010994
1882.764953,0.011176,-0.069426,0.002394,-9.834552,-9.834797,0,-0.00639,0.001065,99176.56,25.74,-0.00553
1882.776334,0.011381,-0.098154,0.002394,-9.80343,-9.803922,0.003195,-0.00426,0,99176.56,25.74,0.025345
1882.787391,0.011056,-0.088578,-0.014364,-9.8154,-9.81581,0,-0.00426,0,99176.64,25.74,0.013457
1882.798532,0.011141,-0.081396,0.01197,-9.829764,-9.830108,0.001065,-0.005325,0.00213,99176.64,25.74,-0.000841
1882.80961,0.011078,-0.05985,0.028728,-9.829764,-9.829988,0.00213,-0.00639,0.00213,99176.64,25.74,-0.000721
1882.820788,0.011178,-0.069426,-0.007182,-9.844128,-9.844375,0.001065,-0.005325,0.001065,99176.64,25.74,-0.015108
1882.832071,0.011283,-0.076608,-0.004788,-9.834552,-9.834852,0.001065,-0.005325,0.00213,99176.64,25.74,-0.005585
1882.843882,0.011811,-0.081396,0.009576,-9.822582,-9.822924,0.00213,-0.007455,0.00213,99176.63,25.74,0.006343
1882.854518,0.010636,-0.064638,0.007182,-9.822582,-9.822797,0.001065,-0.009585,0.00213,99176.63,25.74,0.00647
1882.86553,0.011012,-0.076608,0.01197,-9.822582,-9.822888,0.00213,-0.005325,0.00213,99176.63,25.74,0.006379
1882.876753,0.011222,-0.064638,0.014364,-9.824976,-9.825199,0.00213,-0.005325,0.003195,99176.63,25.74,0.004068
1882.887915,0.011162,-0.076608,0.01197,-9.813006,-9.813312,0.001065,-0.00213,0.00213,99176.63,25.74,0.015955
1882.899315,0.0114,-0.090972,0.002394,-9.829764,-9.830185,0.003195,-0.007455,0.00213,99176.63,25.74,-0.000918
1882.910308,0.010994,-0.09576,0.009576,-9.798642,-9.799115,0.00213,-0.005325,0.003195,99176.69,25.74,0.030152
1882.92148,0.011172,-0.07182,0.016758,-9.829764,-9.830041,0.003195,-0.00639,0.001065,99176.69,25.74,-0.000774
1882.932646,0.011166,-0.07182,0,-9.822582,-9.822845,0,-0.005325,0.00213,99176.69,25.74,0.006422
1882.943846,0.0112,-0.09576,0.03591,-9.820188,-9.820721,-0.001065,-0.005325,0.00213,99176.69,25.74,0.008546
1882.955132,0.011285,-0.086184,0.016758,-9.817794,-9.818187,0.00213,-0.00639,0.001065,99176.69,25.74,0.01108
1882.966284,0.011152,-0.088578,0.02394,-9.844128,-9.844556,0.003195,-0.00639,0.003195,99176.69,25.74,-0.015289
1882.978051,0.011767,-0.086184,0.019152,-9.829764,-9.83016,0,-0.003195,0.00213,99176.75,25.74,-0.000893
1882.988546,0.010496,-0.098154,0.014364,-9.80343,-9.803932,0.00213,-0.003195,-0.00213,99176.75,25.74,0.025335
1882.999805,0.011259,-0.05985,0.004788,-9.829764,-9.829947,0,-0.005325,0.003195,99176.75,25.74,-0.00068
1883.011002,0.011197,-0.08379,0.004788,-9.808218,-9.808577,0.00213,-0.00426,0.003195,99176.75,25.74,0.02069
1883.022089,0.011088,-0.088578,0.019152,-9.824976,-9.825394,0.001065,-0.005325,0.00213,99176.75,25.74,0.003873
1883.033334,0.011244,-0.081396,0.021546,-9.832158,-9.832519,0.00213,-0.003195,0,99176.75,25.74,-0.003252
1883.044498,0.011164,-0.07182,-0.002394,-9.824976,-9.825239,-0.00213,-0.005325,0.005325,99176.75,25.74,0.004028
1883.055757,0.01126,-0.081396,0.009576,-9.822582,-9.822924,0,-0.005325,0.00213,99176.75,25.74,0.006343
1883.066929,0.011171,-0.098154,0.021546,-9.83934,-9.839853,0.00213,-0.00426,0,99176.75,25.74,-0.010586
1883.078072,0.011143,-0.057456,-0.021546,-9.822582,-9.822774,0.003195,-0.00639,0,99176.75,25.74,0.006493
1883.089224,0.011152,-0.08379,0.014364,-9.822582,-9.82295,0.001065,-0.00426,0.001065,99176.75,25.74,0.006317
1883.100463,0.011239,-0.09576,0,-9.813006,-9.813473,0.003195,-0.005325,0.003195,99176.74,25.74,0.015794
1883.111704,0.011242,-0.062244,0.007182,-9.82737,-9.82757,0.005325,-0.005325,0.001065,99176.74,25.74,0.001697
1883.122881,0.011177,-0.100548,0.004788,-9.796248,-9.796765,0.001065,-0.005325,-0.001065,99176.74,25.74,0.032502
1883.134085,0.011204,-0.062244,0.004788,-9.817794,-9.817992,0.001065,-0.003195,0.00426,99176.74,25.74,0.011275
1883.145131,0.011046,-0.081396,0.028728,-9.810612,-9.810992,0,-0.007455,0.003195,99176.74,25.74,0.018275
1883.156348,0.011217,-0.079002,0.026334,-9.8154,-9.815753,0.001065,-0.00639,0.003195,99176.74,25.74,0.013514
1883.167596,0.011249,-0.088578,0.01197,-9.822582,-9.822989,0.00426,-0.00639,0.00213,99176.69,25.74,0.006278
1883.178755,0.011158,-0.05985,0.002394,-9.820188,-9.820371,0.001065,-0.00426,0.00426,99176.69,25.74,0.008896
1883.18987,0.011115,-0.076608,0.007182,-9.8154,-9.815702,0.001065,-0.00426,0.001065,99176.69,25.74,0.013565
1883.20107,0.0112,-0.079002,0.019152,-9.822582,-9.822918,0.001065,-0.005325,0.001065,99176.69,25.74,0.006349
1883.212459,0.011389,-0.081396,0.004788,-9.834552,-9.83489,-0.001065,-0.005325,0.003195,99176.69,25.74,-0.005623
1883.223494,0.011035,-0.081396,0.01197,-9.836946,-9.83729,0.001065,-0.00426,0.00213,99176.69,25.74,-0.008023
1883.234739,0.011245,-0.09576,0.021546,-9.813006,-9.813497,0.001065,-0.00852,0.00213,99176.64,25.74,0.01577
1883.245824,0.011085,-0.079002,0.014364,-9.822582,-9.82291,0.00426,-0.00426,0.00213,99176.64,25.74,0.006357
1883.256998,0.011174,-0.074214,-0.002394,-9.810612,-9.810893,0.00213,-0.005325,0,99176.64,25.74,0.018374
1883.268483,0.011485,-0.079002,0.004788,-9.810612,-9.810931,0.001065,-0.00426,0.001065,99176.64,25.74,0.018336
1883.279497,0.011014,-0.079002,0.014364,-9.808218,-9.808547,0.00213,-0.005325,0.001065,99176.64,25.74,0.02072
1883.290584,0.011086,-0.090972,0.01197,-9.817794,-9.818223,0.001065,-0.005325,0.00426,99176.66,25.74,0.011044
1883.301909,0.011325,-0.043092,-0.01197,-9.8154,-9.815502,0.003195,-0.00426,0.003195,99176.66,25.74,0.013765
1883.312919,0.011011,-0.086184,-0.007182,-9.798642,-9.799024,-0.00213,-0.00213,0,99176.66,25.74,0.030243
1883.324167,0.011248,-0.05985,0,-9.810612,-9.810795,0.001065,-0.00213,0.00213,99176.66,25.74,0.018472
1883.335368,0.011201,-0.086184,-0.014364,-9.817794,-9.818183,0.003195,-0.007455,0.00426,99176.66,25.74,0.011084
1883.346702,0.011334,-0.062244,0.004788,-9.80343,-9.803629,0.001065,-0.00639,0.003195,99176.66,25.74,0.025638
1883.357961,0.011259,-0.086184,0.007182,-9.85131,-9.85169,0.003195,-0.005325,0.00213,99176.66,25.74,-0.022423
1883.369066,0.011104,-0.079002,0.028728,-9.820188,-9.820548,0.00213,-0.00639,0.00426,99176.66,25.74,0.008719
1883.380158,0.011092,-0.067032,-0.009576,-9.822582,-9.822815,0.00213,-0.00426,0,99176.66,25.74,0.006452
1883.391203,0.011046,-0.07182,0.019152,-9.813006,-9.813288,0.003195,-0.005325,0.00213,99176.66,25.74,0.015979
1883.402457,0.011254,-0.088578,-0.007182,-9.813006,-9.813408,0.00213,-0.005325,0.00213,99176.66,25.74,0.015859
1883.413741,0.011283,-0.088578,0.004788,-9.844128,-9.844528,0.001065,-0.003195,0.001065,99176.66,25.74,-0.015261
1883.424919,0.011179,-0.067032,0.007182,-9.820188,-9.820419,0.001065,-0.005325,0.001065,99176.58,25.74,0.008848
1883.43608,0.01116,-0.074214,0.02394,-9.801036,-9.801346,0.003195,-0.00639,0.00213,99176.58,25.74,0.027921
1883.447343,0.011264,-0.074214,0.014364,-9.822582,-9.822873,0.00213,-0.00639,0,99176.58,25.74,0.006394
1883.45838,0.011037,-0.067032,0.002394,-9.810612,-9.810841,0.003195,-0.007455,0.001065,99176.58,25.74,0.018426
1883.469526,0.011146,-0.102942,0.019152,-9.805824,-9.806383,0.003195,-0.007455,0.00213,99176.58,25.74,0.022884
1883.480683,0.011157,-0.088578,-0.014364,-9.824976,-9.825386,0,-0.00426,0.00213,99176.58,25.74,0.003881
1883.492132,0.011449,-0.086184,0.007182,-9.829764,-9.830144,0.003195,-0.007455,0.005325,99176.55,25.74,-0.000877
1883.503139,0.011007,-0.074214,0.002394,-9.80343,-9.803711,0,-0.005325,-0.00213,99176.55,25.74,0.025556
1883.514395,0.011256,-0.086184,0.033516,-9.836946,-9.837381,0.003195,-0.003195,0.00213,99176.55,25.74,-0.008114
1883.525489,0.011094,-0.074214,0.004788,-9.8154,-9.815682,0.001065,-0.00852,0.001065,99176.55,25.74,0.013585
1883.536648,0.011159,-0.064638,0.021546,-9.80343,-9.803667,0.00213,-0.007455,0.003195,99176.55,25.74,0.0256
1883.548162,0.011514,-0.052668,0.007182,-9.817794,-9.817938,0.00213,-0.003195,0.001065,99176.43,25.74,0.011329
1883.559173,0.011012,-0.100548,0.019152,-9.846522,-9.847054,0.001065,-0.007455,0.00426,99176.43,25.74,-0.017787
1883.570241,0.011068,-0.064638,0.026334,-9.829764,-9.830012,0.00213,-0.003195,0,99176.43,25.74,-0.000745
1883.581343,0.011101,-0.064638,0.004788,-9.834552,-9.834766,0.00213,-0.00639,0.005325,99176.43,25.74,-0.005499
1883.592529,0.011186,-0.079002,0.016758,-9.822582,-9.822914,0.001065,-0.00426,0.00213,99176.43,25.74,0.006353
1883.604575,0.012046,-0.112518,0.01197,-9.841734,-9.842384,0.00213,-0.005325,-0.001065,99176.43,25.74,-0.013117
1883.615064,0.010489,-0.088578,0.009576,-9.813006,-9.81341,0.003195,-0.005325,0.003195,99176.32,25.74,0.015857
1883.626095,0.011031,-0.079002,-0.014364,-9.822582,-9.82291,0,-0.00639,0.00213,99176.32,25.74,0.006357
1883.637261,0.011166,-0.074214,0.021546,-9.834552,-9.834856,0.00213,-0.005325,0.00213,99176.32,25.74,-0.005589
1883.64846,0.011199,-0.098154,0.021546,-9.834552,-9.835065,0.001065,-0.005325,0,99176.32,25.74,-0.005798
1883.659735,0.011275,-0.081396,0.007182,-9.822582,-9.822922,0.001065,-0.00639,0.003195,99176.32,25.74,0.006345
1883.670844,0.011109,-0.09576,0.014364,-9.834552,-9.835029,0.00213,-0.00426,0.00426,99176.32,25.74,-0.005762
1883.682037,0.011193,-0.090972,0.002394,-9.808218,-9.80864,0.001065,-0.00213,0.00213,99176.32,25.74,0.020627
1883.693193,0.011156,-0.081396,0.028728,-9.822582,-9.822961,0.001065,-0.007455,0.00213,99176.32,25.74,0.006306
1883.704398,0.011205,-0.09576,0.004788,-9.810612,-9.811081,-0.001065,-0.00852,0,99176.32,25.74,0.018186
1883.715709,0.011311,-0.074214,-0.009576,-9.805824,-9.80611,0.00426,-0.00426,0.003195,99176.32,25.74,0.023157
1883.726814,0.011105,-0.08379,0.031122,-9.796248,-9.796656,0.00213,-0.00426,0.003195,99176.32,25.74,0.032611
1883.737978,0.011164,-0.09576,0.004788,-9.80343,-9.803899,0.001065,-0.00426,0.001065,99176.23,25.74,0.025368
1883.749147,0.011169,-0.090972,0.002394,-9.796248,-9.796671,0.00213,-0.00639,0.00426,99176.23,25.74,0.032596
1883.760331,0.011184,-0.05985,0.004788,-9.8154,-9.815584,0.00213,-0.00639,0.003195,99176.23,25.74,0.013683
1883.771579,0.011248,-0.064638,0.021546,-9.79146,-9.791697,0.001065,-0.00426,0.001065,99176.23,25.74,0.03757
1883.782831,0.011252,-0.081396,-0.002394,-9.820188,-9.820526,0.00213,-0.00426,0.00213,99176.23,25.74,0.008741
1883.794267,0.011436,-0.07182,-0.01197,-9.801036,-9.801306,0.003195,-0.00426,0.00213,99176.23,25.74,0.027961
1883.805037,0.01077,-0.090972,0.033516,-9.805824,-9.806303,0.00213,-0.00639,0.001065,99176.12,25.74,0.022964
1883.81634,0.011302,-0.079002,-0.007182,-9.810612,-9.810933,0.00213,-0.00639,0.001065,99176.12,25.74,0.018334
1883.827562,0.011222,-0.088578,-0.004788,-9.829764,-9.830164,0.001065,-0.00426,0.00213,99176.12,25.74,-0.000897
1883.838658,0.011096,-0.062244,0.007182,-9.829764,-9.829964,0.00213,-0.005325,0.001065,99176.12,25.74,-0.000697
1883.849795,0.011137,-0.081396,0.007182,-9.824976,-9.825316,0,-0.00426,0.003195,99176.12,25.74,0.003951
1883.861835,0.01204,-0.055062,0.02394,-9.836946,-9.837129,-0.001065,-0.005325,0.001065,99176.12,25.74,-0.007862
1883.872291,0.010456,-0.08379,0.01197,-9.822582,-9.822947,0.00213,-0.00639,0.00213,99176.18,25.74,0.00632
1883.883439,0.011148,-0.067032,0.004788,-9.813006,-9.813236,-0.001065,-0.00639,-0.001065,99176.18,25.74,0.016031
1883.893618,0.010179,-0.08379,-0.002394,-9.82737,-9.827727,0.001065,-0.00426,0.001065,99176.18,25.74,0.00154
1883.905697,0.012079,-0.07182,0,-9.841734,-9.841996,0.001065,-0.007455,0.00213,99176.18,25.74,-0.012729
1883.916884,0.011187,-0.07182,0.01197,-9.813006,-9.813276,0.001065,-0.005325,0.001065,99176.18,25.74,0.015991
1883.928101,0.011216,-0.064638,0.009576,-9.841734,-9.841951,0.001065,-0.00639,-0.00213,99176.18,25.74,-0.012684
1883.93976,0.011659,-0.08379,0.004788,-9.810612,-9.810971,0.00213,-0.00426,0,99176.23,25.74,0.018296
1883.951045,0.011285,-0.064638,0.002394,-9.80343,-9.803643,0.001065,-0.00639,0.001065,99176.23,25.74,0.025624
1883.961613,0.010568,-0.07182,0.002394,-9.8154,-9.815663,0.00213,-0.00639,0.003195,99176.23,25.74,0.013604
1883.972875,0.011262,-0.093366,0.03591,-9.817794,-9.818304,0,-0.003195,0.001065,99176.23,25.74,0.010963
1883.984083,0.011208,-0.062244,-0.028728,-9.829764,-9.830003,0.00213,-0.005325,0.00213,99176.23,25.74,-0.000736
1883.995325,0.011242,-0.062244,-0.002394,-9.841734,-9.841931,0,-0.00426,0,99176.24,25.74,-0.012664
1884.006401,0.011076,-0.08379,0.007182,-9.813006,-9.813366,0.001065,-0.007455,0.00213,99176.24,25.74,0.015901
1884.017558,0.011157,-0.05985,0.004788,-9.810612,-9.810796,0.00213,-0.00639,0.00213,99176.24,25.74,0.018471
1884.028762,0.011204,-0.067032,0.004788,-9.805824,-9.806054,0.003195,-0.00852,0.00213,99176.24,25.74,0.023213
1884.039969,0.011207,-0.05985,0.02394,-9.824976,-9.825187,0.00213,-0.00639,0.00426,99176.24,25.74,0.00408
1884.05136,0.011391,-0.069426,-0.01197,-9.822582,-9.822835,0.00213,-0.00426,0.00426,99176.24,25.74,0.006432
1884.062334,0.010974,-0.074214,0.019152,-9.834552,-9.834851,0.001065,-0.00426,0.001065,99176.24,25.74,-0.005584
1884.0735,0.011165,-0.074214,0.007182,-9.79146,-9.791744,0.003195,-0.00639,0.003195,99176.24,25.74,0.037523
1884.084849,0.011349,-0.081396,0.028728,-9.817794,-9.818173,0.001065,-0.00426,-0.00213,99176.24,25.74,0.011094
1884.095946,0.011097,-0.064638,0.007182,-9.82737,-9.827585,0.001065,-0.00426,0.001065,99176.24,25.74,0.001682
1884.107068,0.011122,-0.074214,0.016758,-9.822582,-9.822877,0.00213,-0.00852,0.00213,99176.24,25.74,0.00639
1884.118251,0.011183,-0.100548,0.021546,-9.822582,-9.82312,0.00213,-0.005325,0.003195,99176.24,25.74,0.006147
1884.129475,0.011224,-0.062244,0.009576,-9.829764,-9.829966,0.00213,-0.007455,0.001065,99176.37,25.74,-0.000699
1884.14059,0.011116,-0.090972,0.031122,-9.829764,-9.830234,0.00213,-0.00639,0.00213,99176.37,25.74,-0.000967
1884.152442,0.011852,-0.069426,0.01197,-9.8154,-9.815653,0.001065,-0.00426,-0.001065,99176.37,25.74,0.013614
1884.163021,0.010579,-0.098154,0.016758,-9.836946,-9.83745,0.00213,-0.007455,0.001065,99176.37,25.74,-0.008183
1884.174255,0.011234,-0.081396,0.014364,-9.824976,-9.825324,0.003195,-0.005325,0.00213,99176.37,25.74,0.003943
1884.185338,0.011083,-0.088578,0.002394,-9.82737,-9.827769,-0.001065,-0.00426,0.00213,99176.37,25.74,0.001498
1884.19651,0.011171,-0.074214,0.007182,-9.810612,-9.810895,0.001065,-0.00639,0.001065,99176.32,25.74,0.018372
1884.208358,0.011849,-0.074214,0,-9.810612,-9.810893,0,-0.005325,0.003195,99176.32,25.74,0.018374
1884.219025,0.010667,-0.086184,-0.004788,-9.8154,-9.81578,0.003195,-0.00426,0.00213,99176.32,25.74,0.013487
1884.230044,0.011018,-0.081396,0.01197,-9.822582,-9.822927,0.00213,-0.007455,0.003195,99176.32,25.74,0.00634
1884.241254,0.01121,-0.08379,-0.007182,-9.810612,-9.810972,0.003195,-0.003195,0.00213,99176.32,25.74,0.018295
1884.252462,0.011208,-0.098154,0.033516,-9.82737,-9.827917,0.001065,-0.00426,0.00213,99176.39,25.74,0.00135
1884.264162,0.011699,-0.086184,0.019152,-9.822582,-9.822979,0.00213,-0.003195,0.00213,99176.39,25.74,0.006288
1884.274892,0.010731,-0.08379,0,-9.808218,-9.808576,0.00426,-0.005325,0.00213,99176.39,25.74,0.020691
1884.285962,0.01107,-0.064638,0.009576,-9.817794,-9.818011,-0.003195,-0.003195,-0.001065,99176.39,25.74,0.011256
1884.297199,0.011237,-0.079002,0.01197,-9.822582,-9.822907,0.00213,-0.005325,0,99176.39,25.74,0.00636
1884.30858,0.01138,-0.067032,0.033516,-9.836946,-9.837231,0,-0.00639,0,99176.39,25.74,-0.007964
1884.319676,0.011097,-0.079002,0.007182,-9.820188,-9.820508,-0.001065,-0.005325,0.001065,99176.5,25.74,0.008759
1884.330777,0.011101,-0.086184,0.009576,-9.83934,-9.839722,0.001065,-0.007455,0,99176.5,25.74,-0.010455
1884.341926,0.011149,-0.067032,0.002394,-9.796248,-9.796478,0.001065,-0.005325,0.001065,99176.5,25.74,0.032789
1884.353106,0.01118,-0.069426,-0.009576,-9.813006,-9.813256,0,-0.00639,0,99176.5,25.74,0.016011
1884.364266,0.01116,-0.086184,-0.009576,-9.820188,-9.820571,0,-0.005325,0.00213,99176.5,25.74,0.008696
1884.375623,0.011357,-0.081396,0.033516,-9.813006,-9.813401,0.00213,-0.00426,0.001065,99176.5,25.74,0.015866
1884.386588,0.010965,-0.064638,0.007182,-9.82737,-9.827585,-0.001065,-0.007455,0.00213,99176.5,25.74,0.001682
1884.396687,0.010099,-0.069426,0.007182,-9.820188,-9.820436,0,-0.00639,0.00213,99176.5,25.74,0.008831
1884.406773,0.010086,-0.086184,0.007182,-9.836946,-9.837326,0.003195,-0.00639,0.00213,99176.5,25.74,-0.008059
1884.41686,0.010087,-0.062244,0.002394,-9.808218,-9.808416,0.00213,-0.005325,0.003195,99176.5,25.74,0.020851
1884.426959,0.010099,-0.088578,0.021546,-9.801036,-9.80146,0,-0.007455,0.00213,99176.5,25.74,0.027807
1884.43709,0.010131,-0.086184,-0.004788,-9.829764,-9.830143,0,-0.00426,0,99176.5,25.74,-0.000876
1884.447201,0.010111,-0.098154,-0.002394,-9.808218,-9.808709,0.00213,-0.005325,0.001065,99176.48,25.74,0.020558
1884.457295,0.010094,-0.088578,0.009576,-9.836946,-9.837349,0.00213,-0.00639,0.00213,99176.48,25.74,-0.008082
1884.46739,0.010095,-0.076608,0.019152,-9.829764,-9.830081,0.00213,-0.005325,0.00426,99176.48,25.74,-0.000814
1884.477496,0.010106,-0.093366,0.009576,-9.80343,-9.803879,0,-0.005325,0.001065,99176.48,25.74,0.025388
1884.487902,0.010406,-0.076608,0.016758,-9.817794,-9.818107,0.001065,-0.00426,0,99176.48,25.74,0.01116
1884.498068,0.010166,-0.086184,0.028728,-9.841734,-9.842153,0.003195,-0.005325,0.00426,99176.48,25.74,-0.012886
1884.508219,0.010151,-0.076608,0.019152,-9.810612,-9.81093,0.001065,-0.005325,0.00213,99176.42,25.74,0.018337
1884.518306,0.010088,-0.086184,0.004788,-9.808218,-9.808598,0.001065,-0.005325,-0.001065,99176.42,25.74,0.020669
1884.528407,0.0101,-0.086184,0.03591,-9.834552,-9.834995,0.001065,-0.005325,0.00213,99176.42,25.74,-0.005728
1884.538499,0.010092,-0.09576,-0.002394,-9.817794,-9.818261,0.003195,-0.00639,0.001065,99176.42,25.74,0.011006
1884.54861,0.010111,-0.088578,0.009576,-9.829764,-9.830168,0.001065,-0.00639,0.00213,99176.42,25.74,-0.000901
1884.558738,0.010129,-0.05985,0.004788,-9.80343,-9.803614,0.001065,-0.005325,0.00213,99176.42,25.74,0.025653
1884.568911,0.010173,-0.074214,0.009576,-9.822582,-9.822867,0.001065,-0.005325,0,99176.42,25.74,0.0064
1884.579004,0.010093,-0.079002,0.02394,-9.80343,-9.803778,0.00213,-0.00639,0,99176.39,25.74,0.025489
1884.58913,0.010126,-0.074214,-0.007182,-9.820188,-9.820471,0.00213,-0.007455,0.00213,99176.39,25.74,0.008796
1884.599699,0.010569,-0.07182,0.007182,-9.817794,-9.818059,0.003195,-0.00426,0.001065,99176.39,25.74,0.011208
1884.609822,0.010123,-0.090972,0.007182,-9.8154,-9.815824,0,-0.00639,0,99176.39,25.74,0.013443
1884.619926,0.010104,-0.081396,0.02394,-9.820188,-9.820555,0,-0.003195,0.00213,99176.39,25.74,0.008712
1884.630058,0.010132,-0.07182,0.045486,-9.836946,-9.837313,0.00426,-0.00639,0.00426,99176.39,25.74,-0.008046
1884.640164,0.010106,-0.110124,0.014364,-9.8154,-9.816028,0.001065,-0.005325,0.00213,99176.45,25.74,0.013239
1884.650339,0.010175,-0.08379,0.016758,-9.822582,-9.822954,0.00213,-0.009585,0.005325,99176.45,25.74,0.006313
1884.660459,0.01012,-0.064638,0.004788,-9.8154,-9.815614,0.00213,-0.00639,0,99176.45,25.74,0.013653
1884.670548,0.010089,-0.057456,0.014364,-9.820188,-9.820367,0.001065,-0.005325,0.00213,99176.45,25.74,0.0089
1884.680595,0.010047,-0.062244,0.009576,-9.832158,-9.83236,0.00213,-0.007455,0.00426,99176.45,25.74,-0.003093
1884.690705,0.010109,-0.074214,0.02394,-9.841734,-9.842043,0,-0.005325,0.00213,99176.45,25.74,-0.012776
1884.700798,0.010093,-0.105336,0.016758,-9.82737,-9.827949,0,-0.00639,0.00213,99176.45,25.74,0.001318
1884.71091,0.010112,-0.067032,0.019152,-9.820188,-9.820435,0.00213,-0.00639,0,99176.45,25.74,0.008832
1884.721045,0.010135,-0.093366,0.004788,-9.836946,-9.83739,0.00213,-0.00426,0.001065,99176.45,25.74,-0.008123
1884.731142,0.010097,-0.086184,0.03591,-9.848916,-9.849359,0.003195,-0.005325,0.001065,99176.45,25.74,-0.020092
1884.741273,0.010131,-0.08379,0.002394,-9.82737,-9.827727,0,-0.007455,0.001065,99176.45,25.74,0.00154
1884.751387,0.010114,-0.086184,0.01197,-9.848916,-9.8493,0,-0.005325,0.001065,99176.45,25.74,-0.020033
1884.761488,0.010102,-0.102942,0.019152,-9.829764,-9.830322,0.00213,-0.00426,0,99176.45,25.74,-0.001055
1884.771583,0.010095,-0.052668,0.004788,-9.841734,-9.841876,0.00213,-0.003195,0.00213,99176.53,25.74,-0.012609
1884.781652,0.010069,-0.08379,-0.004788,-9.808218,-9.808577,0.00213,-0.00639,0.001065,99176.53,25.74,0.02069
1884.791756,0.010104,-0.079002,0.026334,-9.822582,-9.822935,0,-0.005325,0.00213,99176.53,25.74,0.006332
1884.801841,0.010085,-0.069426,-0.004788,-9.820188,-9.820435,0.003195,-0.005325,0.003195,99176.53,25.74,0.008832
1884.812272,0.010431,-0.067032,-0.004788,-9.829764,-9.829994,0,-0.00639,0.003195,99176.53,25.74,-0.000727
1884.822372,0.0101,-0.069426,0.038304,-9.824976,-9.825296,0.00213,-0.007455,0.001065,99176.53,25.74,0.003971
1884.832504,0.010132,-0.07182,-0.007182,-9.798642,-9.798908,0.001065,-0.00426,0.003195,99176.5,25.74,0.030359
1884.84259,0.010086,-0.090972,0.021546,-9.846522,-9.846966,0.001065,-0.00639,0,99176.5,25.74,-0.017699
1884.852702,0.010112,-0.074214,0.004788,-9.832158,-9.832439,0.001065,-0.007455,0.001065,99176.5,25.74,-0.003172
1884.86279,0.010088,-0.079002,-0.016758,-9.810612,-9.810944,0,-0.00213,0.001065,99176.5,25.74,0.018323
1884.872929,0.010139,-0.081396,0.007182,-9.808218,-9.808558,0.001065,-0.00426,0.00213,99176.5,25.74,0.020709
1884.883016,0.010087,-0.088578,0.014364,-9.846522,-9.846931,0.001065,-0.005325,0.003195,99176.5,25.74,-0.017664
1884.893112,0.010096,-0.079002,0.002394,-9.820188,-9.820506,0.003195,-0.009585,0.003195,99176.5,25.74,0.008761
1884.903301,0.010189,-0.069426,-0.004788,-9.832158,-9.832404,0,-0.00426,0,99176.56,25.74,-0.003137
1884.913673,0.010372,-0.093366,0.019152,-9.848916,-9.849377,0.00213,-0.007455,0.00213,99176.56,25.74,-0.02011
1884.924106,0.010433,-0.067032,0.009576,-9.813006,-9.81324,0.00213,-0.00852,0.00213,99176.56,25.74,0.016027
1884.934261,0.010155,-0.093366,0.009576,-9.813006,-9.813455,0.001065,-0.00639,0.003195,99176.56,25.74,0.015812
1884.944364,0.010102,-0.102942,0.038304,-9.82737,-9.827984,0,-0.005325,0.001065,99176.56,25.74,0.001283
1884.954469,0.010105,-0.052668,0.01197,-9.80343,-9.803579,0.00213,-0.005325,0.00213,99176.56,25.74,0.025688
1884.964694,0.010225,-0.088578,0.033516,-9.820188,-9.820645,0,-0.005325,0.001065,99176.56,25.74,0.008622
1884.974806,0.010112,-0.093366,0.038304,-9.810612,-9.811131,0.001065,-0.007455,0.003195,99176.56,25.74,0.018136
1884.984885,0.010079,-0.055062,-0.004788,-9.829764,-9.829919,0.003195,-0.005325,0.001065,99176.56,25.74,-0.000652
1884.994977,0.010092,-0.098154,0.019152,-9.822582,-9.823091,0.00213,-0.00639,0.00213,99176.56,25.74,0.006176
1885.005086,0.010108,-0.086184,0.01197,-9.824976,-9.825361,0.001065,-0.00639,0.001065,99176.56,25.74,0.003906
1885.015197,0.010112,-0.069426,-0.004788,-9.817794,-9.818041,0.001065,-0.005325,0.001065,99176.56,25.74,0.011226
1885.025302,0.010105,-0.079002,0.01197,-9.824976,-9.825301,0.00213,-0.00639,0,99176.66,25.74,0.003966
1885.035829,0.010527,-0.098154,0.019152,-9.8154,-9.815909,0.003195,-0.005325,0.001065,99176.66,25.74,0.013358
1885.04639,0.010561,-0.076608,-0.01197,-9.808218,-9.808524,0,-0.00639,-0.001065,99176.66,25.74,0.020743
1885.056484,0.010094,-0.086184,0.002394,-9.8154,-9.815779,0.001065,-0.007455,0.001065,99176.66,25.74,0.013488
1885.066727,0.010243,-0.067032,0.040698,-9.808218,-9.808531,0,-0.00639,0.003195,99176.66,25.74,0.020736
1885.076819,0.010093,-0.045486,-0.004788,-9.805824,-9.805931,0.00213,-0.00426,0.00426,99176.66,25.74,0.023336
1885.086914,0.010095,-0.086184,0.019152,-9.848916,-9.849312,0.001065,-0.005325,-0.001065,99176.66,25.74,-0.020045
1885.09702,0.010107,-0.074214,0.002394,-9.80343,-9.803711,0.001065,-0.003195,0.00213,99176.66,25.74,0.025556
1885.107137,0.010116,-0.086184,0.004788,-9.796248,-9.796628,0.00426,-0.00639,0.00213,99176.66,25.74,0.032639
1885.11728,0.010143,-0.088578,0.004788,-9.813006,-9.813407,0,-0.003195,0.00213,99176.66,25.74,0.01586
1885.127383,0.010103,-0.064638,0.01197,-9.836946,-9.837166,0.00213,-0.005325,0.003195,99176.66,25.74,-0.007899
1885.13748,0.010097,-0.076608,-0.021546,-9.83934,-9.839662,0.003195,-0.007455,0.003195,99176.66,25.74,-0.010395
1885.148393,0.010913,-0.08379,0.019152,-9.808218,-9.808595,0,-0.005325,0.00213,99176.66,25.74,0.020672
1885.158639,0.010246,-0.079002,-0.009576,-9.784278,-9.784602,0.00213,-0.007455,0.005325,99176.55,25.74,0.044665
1885.16963,0.010991,-0.08379,-0.002394,-9.793854,-9.794213,0.001065,-0.00426,0.003195,99176.55,25.74,0.035054
1885.180795,0.011165,-0.076608,-0.004788,-9.822582,-9.822882,0,-0.00426,0,99176.55,25.74,0.006385
1885.191993,0.011198,-0.067032,0.021546,-9.817794,-9.818046,-0.001065,-0.00426,0.00426,99176.55,25.74,0.011221
1885.202089,0.010096,-0.069426,0.004788,-9.829764,-9.83001,0.003195,-0.00426,0.003195,99176.55,25.74,-0.000743
1885.212179,0.01009,-0.1197,0.02394,-9.8154,-9.816159,-0.001065,-0.00426,0.00213,99176.55,25.74,0.013108
1885.222541,0.010362,-0.081396,0.026334,-9.817794,-9.818167,0.001065,-0.00213,0.00213,99176.67,25.74,0.0111
1885.232644,0.010102,-0.05985,-0.007182,-9.82737,-9.827555,0.003195,-0.00426,0,99176.67,25.74,0.001712
1885.242732,0.010088,-0.100548,0.026334,-9.810612,-9.811163,0.001065,-0.00852,0.001065,99176.67,25.74,0.018104
1885.252818,0.010086,-0.079002,0.016758,-9.817794,-9.818126,0.003195,-0.00639,-0.001065,99176.67,25.74,0.011141
1885.263298,0.01048,-0.081396,0.02394,-9.824976,-9.825342,0.001065,-0.00426,0.001065,99176.67,25.74,0.003925
1885.273399,0.010101,-0.08379,-0.002394,-9.822582,-9.82294,0,-0.00852,-0.001065,99176.67,25.74,0.006327
1885.283554,0.010155,-0.067032,-0.002394,-9.808218,-9.808447,0,-0.00426,0.001065,99176.75,25.74,0.02082
1885.293641,0.010087,-0.074214,-0.021546,-9.805824,-9.806129,0.001065,-0.00639,0.001065,99176.75,25.74,0.023138
1885.303954,0.010312,-0.043092,0.014364,-9.817794,-9.817899,0.001065,-0.007455,0.00213,99176.75,25.74,0.011368
1885.315135,0.011182,-0.079002,-0.01197,-9.836946,-9.837271,-0.001065,-0.007455,0.003195,99176.75,25.74,-0.008004
1885.326192,0.011056,-0.04788,-0.009576,-9.808218,-9.80834,0.00213,-0.007455,0,99176.75,25.74,0.020927
1885.337573,0.011382,-0.079002,0.016758,-9.841734,-9.842065,0,-0.00426,0,99176.75,25.74,-0.012798
1885.348622,0.011048,-0.05985,0.019152,-9.810612,-9.810813,0.00213,-0.003195,0.001065,99176.8,25.74,0.018454
1885.359779,0.011157,-0.064638,0.004788,-9.824976,-9.82519,0.001065,-0.005325,0,99176.8,25.74,0.004077
1885.370929,0.01115,-0.081396,-0.007182,-9.82737,-9.82771,0,-0.00426,0.001065,99176.8,25.74,0.001557
1885.382084,0.011156,-0.074214,0.033516,-9.829764,-9.830101,0.001065,-0.005325,0,99176.8,25.74,-0.000834
1885.393408,0.011324,-0.052668,0,-9.822582,-9.822723,0,-0.007455,0.001065,99176.8,25.74,0.006544
1885.404705,0.011297,-0.086184,0.019152,-9.834552,-9.834948,0.00213,-0.00426,0.003195,99176.8,25.74,-0.005681
1885.41575,0.011044,-0.081396,-0.014364,-9.808218,-9.808566,0.00213,-0.003195,0.00213,99176.8,25.74,0.020701
1885.42686,0.01111,-0.067032,0.002394,-9.832158,-9.832387,0,-0.00852,0.001065,99176.8,25.74,-0.00312
1885.438048,0.011188,-0.067032,-0.004788,-9.810612,-9.810842,0.001065,-0.007455,0.003195,99176.8,25.74,0.018425
1885.449394,0.011347,-0.079002,-0.002394,-9.820188,-9.820506,0.00213,-0.00639,0.003195,99176.8,25.74,0.008761
1885.460407,0.011013,-0.062244,0.016758,-9.834552,-9.834763,0.003195,-0.003195,-0.001065,99176.8,25.74,-0.005496
1885.471673,0.011266,-0.086184,0.019152,-9.817794,-9.818191,0,-0.005325,0.003195,99176.71,25.74,0.011076
1885.482816,0.011143,-0.052668,0.040698,-9.820188,-9.820414,0.00213,-0.00639,0.00213,99176.71,25.74,0.008853
1885.494007,0.011191,-0.086184,0.009576,-9.822582,-9.822965,0.00213,-0.00639,0.001065,99176.71,25.74,0.006302
1885.505115,0.011107,-0.076608,0.007182,-9.810612,-9.810914,0.001065,-0.00639,0.00213,99176.71,25.74,0.018353
1885.516298,0.011183,-0.074214,0.026334,-9.836946,-9.837261,0.00213,-0.005325,0.00213,99176.71,25.74,-0.007994
1885.527543,0.011246,-0.062244,0.019152,-9.817794,-9.81801,0,-0.005325,0.00213,99176.71,25.74,0.011257
1885.538687,0.011143,-0.074214,0.009576,-9.810612,-9.810897,0.00213,-0.007455,0.001065,99176.61,25.74,0.01837
1885.549951,0.011264,-0.090972,0.014364,-9.820188,-9.82062,0,-0.009585,0.00213,99176.61,25.74,0.008647
1885.56104,0.011089,-0.074214,-0.009576,-9.834552,-9.834837,0.00213,-0.003195,-0.001065,99176.61,25.74,-0.00557
1885.572239,0.011199,-0.08379,0.021546,-9.82737,-9.827751,-0.001065,-0.00639,0.001065,99176.61,25.74,0.001516
1885.583419,0.01118,-0.09576,-0.019152,-9.817794,-9.81828,0.00213,-0.00639,0,99176.61,25.74,0.010987
1885.594764,0.011345,-0.090972,0.016758,-9.836946,-9.837381,0.001065,-0.005325,0.00213,99176.55,25.74,-0.008114
1885.605814,0.01105,-0.088578,-0.009576,-9.817794,-9.818198,0.001065,-0.00639,0.00426,99176.55,25.74,0.011069
1885.616954,0.01114,-0.088578,0.002394,-9.8154,-9.8158,0.003195,-0.00426,0.003195,99176.55,25.74,0.013467
1885.628153,0.011199,-0.110124,0.002394,-9.829764,-9.830381,0,-0.00639,0.00213,99176.55,25.74,-0.001114
1885.639469,0.011316,-0.055062,0.019152,-9.820188,-9.820361,0.003195,-0.00639,0.001065,99176.55,25.74,0.008906
1885.650847,0.011378,-0.086184,0.002394,-9.82737,-9.827748,0.00213,-0.005325,0.003195,99176.55,25.74,0.001519
1885.661691,0.010845,-0.076608,0.014364,-9.808218,-9.808528,0.001065,-0.007455,-0.001065,99176.61,25.74,0.020739
1885.672875,0.011183,-0.064638,0.028728,-9.85131,-9.851564,0.00213,-0.00426,0.001065,99176.61,25.74,-0.022297
1885.684088,0.011213,-0.08379,-0.01197,-9.796248,-9.796614,0.001065,-0.005325,0,99176.61,25.74,0.032653
1885.695385,0.011297,-0.064638,0.009576,-9.810612,-9.81083,0.001065,-0.007455,0.003195,99176.61,25.74,0.018437
1885.706579,0.011194,-0.045486,0.014364,-9.834552,-9.834668,0.001065,-0.00426,-0.001065,99176.61,25.74,-0.005401
1885.71765,0.01107,-0.074214,0.021546,-9.82737,-9.827674,-0.001065,-0.007455,0.00213,99176.61,25.74,0.001593
1885.728806,0.011156,-0.074214,-0.007182,-9.820188,-9.820471,0.00213,-0.005325,0,99176.61,25.74,0.008796
1885.740068,0.011262,-0.076608,0.002394,-9.844128,-9.844426,0.001065,-0.00639,0.003195,99176.61,25.74,-0.015159
1885.751299,0.011231,-0.08379,0.021546,-9.813006,-9.813387,0.001065,-0.00426,0.001065,99176.61,25.74,0.01588
1885.762431,0.011132,-0.069426,0.026334,-9.813006,-9.813287,0,-0.003195,0.001065,99176.61,25.74,0.01598
1885.773665,0.011234,-0.076608,-0.007182,-9.80343,-9.803732,0.001065,-0.007455,0,99176.61,25.74,0.025535
1885.784832,0.011167,-0.086184,-0.002394,-9.808218,-9.808597,0.001065,-0.003195,0.00426,99176.61,25.74,0.02067
1885.796029,0.011197,-0.076608,0.02394,-9.832158,-9.832486,0.00213,-0.007455,0.001065,99176.66,25.74,-0.003219
1885.807163,0.011134,-0.100548,0.007182,-9.80343,-9.803948,0.00426,-0.00639,-0.001065,99176.66,25.74,0.025319
1885.818295,0.011132,-0.062244,0,-9.824976,-9.825173,0.001065,-0.00426,0.001065,99176.66,25.74,0.004094
1885.829551,0.011256,-0.064638,-0.009576,-9.784278,-9.784496,0,-0.00426,0.00213,99176.66,25.74,0.044771
1885.840677,0.011126,-0.08379,0.02394,-9.822582,-9.822969,0.001065,-0.00426,0.00213,99176.66,25.74,0.006298
1885.851885,0.011208,-0.05985,0.004788,-9.820188,-9.820372,0.003195,-0.005325,0.00213,99176.66,25.74,0.008895
1885.863107,0.011222,-0.098154,0.016758,-9.822582,-9.823087,0.001065,-0.00426,0.001065,99176.66,25.74,0.00618
1885.874409,0.011302,-0.086184,0.016758,-9.805824,-9.806217,0.003195,-0.00639,0.00213,99176.66,25.74,0.02305
1885.88539,0.010981,-0.08379,0.026334,-9.817794,-9.818187,0.001065,-0.00426,0.001065,99176.66,25.74,0.01108
1885.896645,0.011255,-0.07182,0.007182,-9.80343,-9.803696,0.001065,-0.00213,0.00213,99176.66,25.74,0.025571
1885.907777,0.011131,-0.088578,0.004788,-9.822582,-9.822983,0.001065,-0.005325,0.00213,99176.66,25.74,0.006284
1885.919014,0.011238,-0.081396,0.002394,-9.832158,-9.832495,0,-0.003195,0.00213,99176.79,25.74,-0.003228
1885.930175,0.011161,-0.067032,-0.002394,-9.793854,-9.794084,0,-0.00426,0.003195,99176.79,25.74,0.035183
1885.941316,0.011141,-0.074214,0.002394,-9.798642,-9.798923,0.003195,-0.005325,0.003195,99176.79,25.74,0.030344
1885.952512,0.011196,-0.074214,-0.002394,-9.832158,-9.832438,0.001065,-0.007455,0.001065,99176.79,25.74,-0.003171
1885.963755,0.011243,-0.062244,-0.007182,-9.810612,-9.810812,0.001065,-0.00426,0.00213,99176.79,25.74,0.018455
1885.974979,0.011224,-0.074214,0.02394,-9.822582,-9.822892,0,-0.00639,0.00213,99176.79,25.74,0.006375
1885.986062,0.011083,-0.09576,-0.002394,-9.784278,-9.784747,0,-0.003195,0.001065,99176.85,25.74,0.04452
1885.99726,0.011198,-0.079002,-0.004788,-9.822582,-9.822901,0.00213,-0.005325,0.003195,99176.85,25.74,0.006366
1886.00843,0.01117,-0.086184,0.016758,-9.822582,-9.822974,0.00213,-0.005325,0.001065,99176.85,25.74,0.006293
1886.019681,0.011251,-0.07182,-0.009576,-9.817794,-9.818061,0.00213,-0.00426,0.00213,99176.85,25.74,0.011206
1886.030835,0.011153,-0.067032,0.009576,-9.829764,-9.829997,0.00213,-0.00639,0.00213,99176.85,25.74,-0.00073
1886.042009,0.011175,-0.067032,0.007182,-9.82737,-9.827601,0,-0.005325,0.001065,99176.85,25.74,0.001666
1886.053164,0.011155,-0.069426,0,-9.820188,-9.820433,0.003195,-0.00639,0.00426,99176.85,25.74,0.008834
1886.064388,0.011224,-0.074214,-0.019152,-9.813006,-9.813305,0.00213,-0.00639,0.005325,99176.85,25.74,0.015962
1886.075612,0.011224,-0.081396,0.021546,-9.820188,-9.820549,0.001065,-0.00426,0.001065,99176.85,25.74,0.008718
1886.086787,0.011175,-0.052668,0.021546,-9.813006,-9.813171,0.003195,-0.007455,0.00213,99176.85,25.74,0.016096
1886.098036,0.011249,-0.08379,0.021546,-9.82737,-9.827751,0.003195,-0.005325,0.00213,99176.85,25.74,0.001516
1886.109073,0.011037,-0.093366,-0.014364,-9.822582,-9.823036,0.00213,-0.005325,0.001065,99176.88,25.74,0.006231
1886.120267,0.011194,-0.088578,0.019152,-9.841734,-9.842151,0.001065,-0.00639,0.00426,99176.88,25.74,-0.012884
1886.131487,0.011219,-0.08379,0.045486,-9.8154,-9.815863,0.003195,-0.007455,0.001065,99176.88,25.74,0.013404
1886.142706,0.01122,-0.062244,-0.021546,-9.808218,-9.808439,0.00213,-0.005325,0,99176.88,25.74,0.020828
1886.153921,0.011215,-0.102942,0.021546,-9.8154,-9.815963,0.003195,-0.00852,0.00213,99176.88,25.74,0.013304
1886.165118,0.011197,-0.069426,0.02394,-9.79146,-9.791735,0,-0.003195,0,99176.88,25.74,0.037532
1886.17652,0.011402,-0.05985,0.019152,-9.8154,-9.815601,0.003195,-0.005325,0.001065,99176.9,25.74,0.013666
1886.187418,0.010898,-0.074214,-0.014364,-9.808218,-9.808509,0.001065,-0.00639,0.003195,99176.9,25.74,0.020758
1886.198651,0.011233,-0.08379,0.004788,-9.829764,-9.830122,0.001065,-0.005325,0.001065,99176.9,25.74,-0.000855
1886.209746,0.011095,-0.062244,-0.007182,-9.820188,-9.820388,0.003195,-0.00852,0.003195,99176.9,25.74,0.008879
1886.221005,0.01126,-0.09576,0,-9.781884,-9.782353,0.00426,-0.003195,0.003195,99176.9,25.74,0.046914
1886.232567,0.011562,-0.05985,0.007182,-9.832158,-9.832343,0.001065,-0.00639,0.001065,99176.9,25.74,-0.003076
1886.243566,0.010999,-0.074214,0.019152,-9.832158,-9.832457,0.001065,-0.00426,0.00213,99176.96,25.74,-0.00319
1886.254615,0.01105,-0.05985,0.026334,-9.865674,-9.865891,0.001065,-0.00426,0.003195,99176.96,25.74,-0.036624
1886.265684,0.011069,-0.086184,-0.002394,-9.8154,-9.815779,-0.001065,-0.00639,0.001065,99176.96,25.74,0.013488
1886.276888,0.011204,-0.08379,0.009576,-9.822582,-9.822944,0.00213,-0.00639,0.001065,99176.96,25.74,0.006323
1886.288104,0.011216,-0.07182,0.021546,-9.8154,-9.815686,0.001065,-0.00639,0.00213,99176.96,25.74,0.013581
1886.299467,0.011363,-0.076608,0.016758,-9.834552,-9.834865,0.00213,-0.005325,0.003195,99176.91,25.74,-0.005598
1886.310443,0.010976,-0.076608,0.004788,-9.80343,-9.80373,0.00213,-0.005325,0.00213,99176.91,25.74,0.025537
1886.321645,0.011201,-0.08379,0.007182,-9.822582,-9.822942,0.003195,-0.007455,0.00426,99176.91,25.74,0.006325
1886.332874,0.01123,-0.090972,0.01197,-9.813006,-9.813435,0,-0.00426,0.00213,99176.91,25.74,0.015832
1886.342972,0.010097,-0.04788,0.016758,-9.817794,-9.817925,0.001065,-0.00426,0.005325,99176.91,25.74,0.011342
1886.353057,0.010086,-0.067032,-0.002394,-9.808218,-9.808447,0.001065,-0.007455,0.001065,99176.91,25.74,0.02082
1886.36325,0.010192,-0.069426,0.016758,-9.8154,-9.81566,0.001065,-0.00426,0.00213,99176.91,25.74,0.013607
1886.373332,0.010082,-0.074214,0.019152,-9.808218,-9.808517,0.00213,-0.007455,0.001065,99176.91,25.74,0.02075
1886.383418,0.010086,-0.057456,0.004788,-9.810612,-9.810781,0.001065,-0.00639,0.003195,99176.91,25.74,0.018486
1886.393504,0.010085,-0.064638,0.01197,-9.836946,-9.837166,0.00213,-0.00426,0.001065,99176.91,25.74,-0.007899
1886.403607,0.010103,-0.088578,0.028728,-9.848916,-9.849356,0.003195,-0.005325,0.00213,99176.91,25.74,-0.020089
1886.413748,0.010141,-0.093366,-0.002394,-9.8154,-9.815844,0.001065,-0.00426,0.001065,99176.91,25.74,0.013423
1886.423938,0.01019,-0.050274,0.021546,-9.813006,-9.813158,0.00426,-0.007455,0.00213,99176.91,25.74,0.016109
1886.434392,0.010454,-0.076608,0.014364,-9.829764,-9.830073,0.00213,-0.005325,0,99176.88,25.74,-0.000806
1886.444635,0.010244,-0.090972,0.031122,-9.83934,-9.83981,0.00426,-0.00426,0.00426,99176.88,25.74,-0.010543
1886.455945,0.01131,-0.076608,0,-9.822582,-9.822881,0.001065,-0.005325,0.001065,99176.88,25.74,0.006386
1886.467035,0.01109,-0.093366,-0.007182,-9.834552,-9.834998,0.003195,-0.00426,0.00213,99176.88,25.74,-0.005731
1886.477135,0.010101,-0.090972,-0.004788,-9.836946,-9.837368,0.003195,-0.00639,0.00213,99176.88,25.74,-0.008101
1886.487231,0.010095,-0.081396,0.021546,-9.798642,-9.799004,0,-0.00426,0.00213,99176.88,25.74,0.030263
1886.497351,0.010121,-0.064638,0,-9.848916,-9.849128,0.005325,-0.00639,0,99176.85,25.74,-0.019861
1886.507433,0.010082,-0.076608,0.01197,-9.832158,-9.832464,0.001065,-0.00426,0.003195,99176.85,25.74,-0.003197
1886.517551,0.010118,-0.07182,0.004788,-9.813006,-9.81327,0.003195,-0.00639,0.00213,99176.85,25.74,0.015997
1886.527634,0.010082,-0.081396,-0.01197,-9.813006,-9.813351,0.00426,-0.005325,0.003195,99176.85,25.74,0.015916
1886.537926,0.010292,-0.079002,0.021546,-9.841734,-9.842075,0.001065,-0.005325,0,99176.85,25.74,-0.012808
1886.548043,0.010117,-0.069426,-0.002394,-9.822582,-9.822828,0.003195,-0.00639,0.00213,99176.85,25.74,0.006439
1886.558245,0.010202,-0.093366,-0.002394,-9.822582,-9.823026,0,-0.00426,0.003195,99176.87,25.74,0.006241
1886.568634,0.010389,-0.079002,-0.004788,-9.836946,-9.837264,0,-0.00426,0.003195,99176.87,25.74,-0.007997
1886.57895,0.010316,-0.076608,0,-9.822582,-9.822881,0.00426,-0.00639,0.003195,99176.87,25.74,0.006386
1886.590096,0.011146,-0.081396,0.01197,-9.8154,-9.815745,0.003195,-0.005325,0.001065,99176.87,25.74,0.013522
1886.601428,0.011331,-0.086184,0.014364,-9.822582,-9.822971,0.00213,-0.005325,0.00426,99176.87,25.74,0.006296
1886.612418,0.01099,-0.081396,0.019152,-9.836946,-9.837301,0.003195,-0.00426,0.003195,99176.87,25.74,-0.008034
1886.623746,0.011328,-0.069426,0.004788,-9.820188,-9.820435,0.00213,-0.005325,0.00213,99176.96,25.74,0.008832
1886.634894,0.011147,-0.069426,-0.009576,-9.820188,-9.820438,0.001065,-0.00426,0.00213,99176.96,25.74,0.008829
1886.645949,0.011056,-0.081396,0.019152,-9.822582,-9.822938,0.005325,-0.00639,0.003195,99176.96,25.74,0.006329
1886.656045,0.010096,-0.093366,-0.021546,-9.820188,-9.820655,0.001065,-0.005325,0.00213,99176.96,25.74,0.008612
1886.666202,0.010157,-0.090972,-0.004788,-9.824976,-9.825398,0.00213,-0.005325,0.00213,99176.96,25.74,0.003869
1886.676308,0.010107,-0.069426,0.02394,-9.805824,-9.806099,0.00213,-0.007455,0.003195,99176.96,25.74,0.023168
1886.686392,0.010084,-0.069426,-0.002394,-9.829764,-9.830009,0.003195,-0.005325,0.001065,99177.01,25.74,-0.000742
1886.696501,0.010109,-0.088578,0.007182,-9.829764,-9.830166,0.00213,-0.00639,0.00426,99177.01,25.74,-0.000899
1886.706586,0.010085,-0.069426,0,-9.832158,-9.832403,0.001065,-0.005325,0,99177.01,25.74,-0.003136
1886.716738,0.010152,-0.067032,0.002394,-9.8154,-9.815629,0.00426,-0.005325,0.00426,99177.01,25.74,0.013638
1886.726878,0.01014,-0.057456,-0.014364,-9.832158,-9.832336,0,-0.005325,0,99177.01,25.74,-0.003069
1886.736987,0.010109,-0.074214,0.016758,-9.832158,-9.832452,0.00426,-0.00426,0.00213,99177.01,25.74,-0.003185
1886.747084,0.010096,-0.081396,-0.01197,-9.813006,-9.813351,0.001065,-0.005325,0.003195,99177.01,25.74,0.015916
1886.757168,0.010084,-0.064638,0.014364,-9.798642,-9.798866,0.001065,-0.00639,0.00213,99177.01,25.74,0.030401
1886.767262,0.010094,-0.105336,0.016758,-9.805824,-9.806404,0,-0.005325,0,99177.01,25.74,0.022863
1886.777354,0.010092,-0.07182,0.004788,-9.824976,-9.82524,0.001065,-0.00639,0.00213,99177.01,25.74,0.004027
1886.787487,0.010133,-0.069426,0.016758,-9.808218,-9.808478,0.00213,-0.00639,0.001065,99177.01,25.74,0.020789
1886.797581,0.010094,-0.057456,0.002394,-9.817794,-9.817962,0.00213,-0.005325,0.003195,99177.01,25.74,0.011305
1886.807685,0.010104,-0.057456,0.004788,-9.805824,-9.805993,0,-0.005325,0.00426,99177.01,25.74,0.023274
1886.817777,0.010092,-0.093366,-0.007182,-9.810612,-9.811059,0.00213,-0.005325,0.003195,99176.99,25.74,0.018208
1886.827899,0.010122,-0.069426,0.014364,-9.856098,-9.856353,0.001065,-0.00639,0.003195,99176.99,25.74,-0.027086
1886.838008,0.010109,-0.088578,0.002394,-9.832158,-9.832557,0.00213,-0.00426,0.00213,99176.99,25.74,-0.00329
1886.848096,0.010088,-0.062244,0.009576,-9.810612,-9.810814,0.00213,-0.005325,0.001065,99176.99,25.74,0.018453
1886.858274,0.010177,-0.067032,0.002394,-9.808218,-9.808447,0.00426,-0.00639,0.00426,99176.99,25.74,0.02082
1886.868407,0.010134,-0.050274,-0.007182,-9.810612,-9.810743,0.00213,-0.005325,0.00213,99176.99,25.74,0.018524
1886.878486,0.010078,-0.098154,0.026334,-9.810612,-9.811138,0.003195,-0.005325,0.00213,99176.88,25.74,0.018129
1886.888607,0.010121,-0.062244,-0.002394,-9.796248,-9.796446,0.001065,-0.00426,0.003195,99176.88,25.74,0.032821
1886.898712,0.010105,-0.069426,0.01197,-9.822582,-9.822835,0,-0.00426,0.00213,99176.88,25.74,0.006432
1886.908842,0.01013,-0.098154,0.021546,-9.848916,-9.849429,0.001065,-0.005325,0.001065,99176.88,25.74,-0.020162
1886.918932,0.01009,-0.055062,-0.002394,-9.834552,-9.834706,0.003195,-0.003195,0.00213,99176.88,25.74,-0.005439
1886.929048,0.010116,-0.100548,0,-9.822582,-9.823097,0.00213,-0.005325,0.001065,99176.88,25.74,0.00617
1886.939138,0.01009,-0.069426,0.004788,-9.832158,-9.832404,0.00426,-0.005325,0.00213,99176.88,25.74,-0.003137
1886.949228,0.01009,-0.07182,0.016758,-9.817794,-9.818071,0.00213,-0.007455,0.001065,99176.85,25.74,0.011196
1886.959318,0.010089,-0.098154,0.002394,-9.820188,-9.820679,0.003195,-0.00639,0.001065,99176.85,25.74,0.008588
1886.969403,0.010086,-0.098154,0.007182,-9.83934,-9.839832,0.001065,-0.00639,0.001065,99176.85,25.74,-0.010565
1886.979489,0.010085,-0.093366,0.004788,-9.817794,-9.818239,0.00213,-0.005325,0.005325,99176.85,25.74,0.011028
1886.989579,0.01009,-0.086184,-0.009576,-9.85131,-9.851692,0.003195,-0.007455,0.001065,99176.85,25.74,-0.022425
1886.999686,0.010107,-0.067032,0.031122,-9.824976,-9.825254,0.00213,-0.00639,0.00213,99176.85,25.74,0.004013
1887.00977,0.010083,-0.05985,0,-9.80343,-9.803613,0,-0.00213,0.001065,99176.88,25.74,0.025654
1887.019889,0.01012,-0.069426,-0.007182,-9.810612,-9.81086,0.003195,-0.005325,0.003195,99176.88,25.74,0.018407
1887.029986,0.010097,-0.079002,0.016758,-9.832158,-9.83249,0.00213,-0.00639,0.00213,99176.88,25.74,-0.003223
1887.040218,0.010232,-0.05985,0.014364,-9.834552,-9.834745,0.00213,-0.007455,0.003195,99176.88,25.74,-0.005478
1887.050302,0.010083,-0.05985,0.009576,-9.832158,-9.832345,0.001065,-0.003195,0.001065,99176.88,25.74,-0.003078
1887.060408,0.010107,-0.088578,0.016758,-9.858492,-9.858904,0.003195,-0.00213,0.003195,99176.88,25.74,-0.029637
1887.070515,0.010107,-0.064638,0.01197,-9.82737,-9.82759,0.00426,-0.00213,0,99176.88,25.74,0.001677
1887.08062,0.010105,-0.05985,-0.002394,-9.813006,-9.813189,0.001065,-0.005325,0.00213,99176.88,25.74,0.016078
1887.090706,0.010086,-0.090972,0.007182,-9.832158,-9.832581,0.001065,-0.005325,0.00426,99176.88,25.74,-0.003314
1887.100792,0.010086,-0.064638,-0.002394,-9.805824,-9.806037,0.00213,-0.007455,0.001065,99176.88,25.74,0.02323
1887.111063,0.010271,-0.079002,-0.021546,-9.824976,-9.825317,0.00213,-0.00426,-0.001065,99176.88,25.74,0.00395
1887.121173,0.01011,-0.086184,0.01197,-9.829764,-9.830149,0.00213,-0.00426,0.00213,99176.88,25.74,-0.000882
1887.131276,0.010103,-0.050274,-0.004788,-9.817794,-9.817924,0,-0.005325,0.00213,99176.88,25.74,0.011343
1887.14138,0.010104,-0.100548,0,-9.822582,-9.823097,0.00426,-0.003195,0.001065,99177.02,25.74,0.00617
1887.151484,0.010104,-0.08379,0.014364,-9.832158,-9.832526,0.001065,-0.00639,0.001065,99177.02,25.74,-0.003259
1887.161687,0.010203,-0.067032,0.002394,-9.824976,-9.825205,0.001065,-0.00639,0,99177.02,25.74,0.004062
1887.171809,0.010122,-0.067032,0.019152,-9.834552,-9.834799,0,-0.00426,0.001065,99177.02,25.74,-0.005532
1887.181903,0.010094,-0.090972,0.021546,-9.824976,-9.825421,0.001065,-0.00213,0.001065,99177.02,25.74,0.003846
1887.191987,0.010084,-0.05985,0.014364,-9.846522,-9.846714,0.00213,-0.005325,0.001065,99177.02,25.74,-0.017447
1887.202105,0.010118,-0.088578,-0.004788,-9.822582,-9.822983,0.00213,-0.01065,0.003195,99177.07,25.74,0.006284
1887.212188,0.010083,-0.076608,0.014364,-9.829764,-9.830073,0.001065,-0.005325,0.001065,99177.07,25.74,-0.000806
1887.222274,0.010086,-0.067032,0.009576,-9.80343,-9.803664,0.003195,-0.007455,0.003195,99177.07,25.74,0.025603
1887.232368,0.010094,-0.067032,-0.01197,-9.844128,-9.844363,0.00213,-0.00852,0.003195,99177.07,25.74,-0.015096
1887.242472,0.010104,-0.069426,0.02394,-9.820188,-9.820463,0,-0.005325,0.00213,99177.07,25.74,0.008804
1887.252576,0.010104,-0.081396,0.019152,-9.813006,-9.813362,0,-0.003195,0,99177.07,25.74,0.015905
1887.262688,0.010112,-0.090972,0.01197,-9.82737,-9.827798,0,-0.005325,0.001065,99176.99,25.74,0.001469
1887.272895,0.010208,-0.110124,0.014364,-9.801036,-9.801665,0.00213,-0.00426,0,99176.99,25.74,0.027602
1887.282975,0.01008,-0.069426,0.007182,-9.8154,-9.815648,0.00426,-0.005325,0.00213,99176.99,25.74,0.013619
1887.293161,0.010186,-0.079002,0.026334,-9.836946,-9.837298,0,-0.003195,0.00213,99176.99,25.74,-0.008031
1887.303265,0.010104,-0.064638,-0.009576,-9.813006,-9.813224,0.001065,-0.00426,0.00213,99176.99,25.74,0.016043
1887.313588,0.010323,-0.07182,-0.009576,-9.829764,-9.830031,0.003195,-0.007455,0.003195,99176.99,25.74,-0.000764
1887.323687,0.010099,-0.08379,0.031122,-9.832158,-9.832564,-0.00213,-0.00426,0.001065,99176.99,25.74,-0.003297
1887.333817,0.01013,-0.057456,-0.007182,-9.805824,-9.805995,0,-0.005325,-0.001065,99176.96,25.74,0.023272
1887.343928,0.010111,-0.079002,0.004788,-9.810612,-9.810931,0.001065,-0.00426,0.001065,99176.96,25.74,0.018336
1887.35403,0.010102,-0.086184,0.028728,-9.841734,-9.842153,0.001065,-0.00639,0,99176.96,25.74,-0.012886
1887.364133,0.010103,-0.074214,0,-9.810612,-9.810893,0,-0.005325,0.001065,99176.96,25.74,0.018374
1887.374448,0.010316,-0.069426,0.007182,-9.834552,-9.8348,0.003195,-0.001065,0,99176.96,25.74,-0.005533
1887.384844,0.010395,-0.064638,-0.002394,-9.836946,-9.837159,0,-0.005325,0,99176.96,25.74,-0.007892
1887.39494,0.010096,-0.05985,-0.009576,-9.801036,-9.801223,0,-0.003195,0.001065,99176.96,25.74,0.028044
1887.405051,0.010111,-0.098154,0.004788,-9.808218,-9.80871,0.00213,-0.007455,0,99176.96,25.74,0.020557
1887.415146,0.010095,-0.064638,0.01197,-9.836946,-9.837166,0.00213,-0.00639,0.005325,99176.96,25.74,-0.007899
1887.425297,0.010151,-0.079002,-0.002394,-9.813006,-9.813324,-0.001065,-0.005325,0.001065,99176.96,25.74,0.015943
1887.435418,0.010121,-0.067032,-0.004788,-9.822582,-9.822812,0,-0.00639,0.001065,99176.96,25.74,0.006455
1887.445569,0.010151,-0.074214,0.033516,-9.8154,-9.815738,0.003195,-0.007455,0.001065,99176.96,25.74,0.013529
1887.455688,0.010119,-0.079002,0.01197,-9.8154,-9.815725,0.001065,-0.005325,0.00213,99176.98,25.74,0.013542
1887.465789,0.010102,-0.081396,-0.014364,-9.810612,-9.81096,0.003195,-0.007455,0.001065,99176.98,25.74,0.018307
1887.475894,0.010105,-0.050274,0.007182,-9.805824,-9.805956,0.00213,-0.00639,0.00213,99176.98,25.74,0.023311
1887.485999,0.010105,-0.062244,0.019152,-9.822582,-9.822798,0.003195,-0.005325,0.001065,99176.98,25.74,0.006469
1887.496489,0.01049,-0.079002,0.004788,-9.83934,-9.839658,0.00213,-0.00426,0.00213,99176.98,25.74,-0.010391
1887.506601,0.010112,-0.076608,-0.002394,-9.822582,-9.822881,0.00213,-0.005325,0,99176.98,25.74,0.006386
1887.516695,0.010093,-0.076608,0.002394,-9.810612,-9.810911,0.001065,-0.00426,0.001065,99176.98,25.74,0.018356
1887.526786,0.010091,-0.088578,0.009576,-9.85131,-9.851713,0.003195,-0.005325,0.003195,99177.06,25.74,-0.022446
1887.536941,0.010155,-0.100548,0.014364,-9.810612,-9.811138,0.00213,-0.003195,0.001065,99177.06,25.74,0.018129
1887.547032,0.010091,-0.062244,0.009576,-9.822582,-9.822784,0.00213,-0.00426,0.00426,99177.06,25.74,0.006483
1887.557118,0.010087,-0.081396,0.004788,-9.836946,-9.837284,0.00213,-0.00852,0.001065,99177.06,25.74,-0.008017
1887.567207,0.010089,-0.07182,-0.002394,-9.80343,-9.803693,0,-0.00426,0.003195,99177.06,25.74,0.025574
1887.577313,0.010106,-0.050274,0.01197,-9.82737,-9.827506,0.001065,-0.00213,0.003195,99177.06,25.74,0.001761
1887.587432,0.010119,-0.086184,0.014364,-9.822582,-9.822971,0.003195,-0.00639,0.00213,99177.07,25.74,0.006296
1887.597531,0.0101,-0.052668,-0.002394,-9.824976,-9.825117,0.001065,-0.003195,0.00213,99177.07,25.74,0.00415
1887.607648,0.010116,-0.074214,0.007182,-9.829764,-9.830047,0,-0.005325,0.00213,99177.07,25.74,-0.00078
1887.61776,0.010112,-0.069426,0.004788,-9.810612,-9.810859,0,-0.00639,0.00213,99177.07,25.74,0.018408
1887.627889,0.01013,-0.086184,0.01197,-9.829764,-9.830149,0,-0.005325,0.001065,99177.07,25.74,-0.000882
1887.637985,0.010096,-0.076608,-0.021546,-9.8154,-9.815723,0.003195,-0.00639,0.00213,99177.07,25.74,0.013544
1887.648077,0.010093,-0.079002,0.03591,-9.820188,-9.820571,0.00213,-0.005325,0.001065,99177.06,25.74,0.008696
1887.658265,0.010187,-0.055062,-0.002394,-9.822582,-9.822737,0.00213,-0.005325,0,99177.06,25.74,0.00653
1887.668402,0.010137,-0.067032,0.009576,-9.784278,-9.784512,0.00213,-0.00426,0.001065,99177.06,25.74,0.044755
1887.678497,0.010095,-0.09576,0.019152,-9.836946,-9.837431,0.001065,-0.007455,0.00213,99177.06,25.74,-0.008164
1887.688687,0.01019,-0.067032,0.014364,-9.820188,-9.820427,0.00213,-0.003195,0.001065,99177.06,25.74,0.00884
1887.698853,0.010165,-0.062244,-0.004788,-9.841734,-9.841932,0.00213,-0.00639,0.00213,99177.06,25.74,-0.012665
1887.708944,0.010091,-0.064638,0.004788,-9.836946,-9.83716,0,-0.005325,0.001065,99177.17,25.74,-0.007893
1887.719845,0.010902,-0.052668,0.004788,-9.83934,-9.839482,0.00213,-0.00426,0.001065,99177.17,25.74,-0.010215
1887.731195,0.011349,-0.105336,-0.002394,-9.82737,-9.827935,0.001065,-0.005325,0.00213,99177.17,25.74,0.001332
1887.742086,0.010892,-0.067032,0.016758,-9.822582,-9.822825,0.001065,-0.00639,0.00213,99177.17,25.74,0.006442
1887.752164,0.010078,-0.102942,-0.007182,-9.82737,-9.827912,0.00426,-0.003195,0.00213,99177.17,25.74,0.001355
1887.762481,0.010317,-0.079002,0.02394,-9.808218,-9.808565,0.001065,-0.007455,-0.001065,99177.17,25.74,0.020702
1887.772702,0.010221,-0.093366,0.002394,-9.832158,-9.832602,0.003195,-0.00426,0.001065,99177.17,25.74,-0.003335
1887.782832,0.01013,-0.067032,0.002394,-9.798642,-9.798872,0,-0.00639,0.001065,99177.17,25.74,0.030395
1887.792964,0.010132,-0.05985,0.019152,-9.83934,-9.839541,0.003195,-0.007455,0.00213,99177.17,25.74,-0.010274
1887.80305,0.010086,-0.038304,-0.004788,-9.82737,-9.827446,0.00213,-0.003195,0.001065,99177.17,25.74,0.001821
1887.813458,0.010408,-0.067032,0.014364,-9.836946,-9.837185,0.00213,-0.007455,0.00213,99177.17,25.74,-0.007918
1887.823547,0.010089,-0.057456,0.009576,-9.817794,-9.817967,0.001065,-0.007455,0.001065,99177.17,25.74,0.0113
1887.833711,0.010164,-0.090972,0.014364,-9.798642,-9.799075,0.003195,-0.00852,0.001065,99177.17,25.74,0.030192
1887.843819,0.010108,-0.079002,0.007182,-9.808218,-9.808539,0.001065,-0.005325,0.003195,99177.09,25.74,0.020728
1887.854002,0.010184,-0.074214,-0.002394,-9.822582,-9.822863,0.001065,-0.00639,0.00213,99177.09,25.74,0.006404
1887.865077,0.011075,-0.093366,0.028728,-9.824976,-9.825462,0.003195,-0.005325,0.003195,99177.09,25.74,0.003805
1887.876281,0.011204,-0.098154,0.007182,-9.824976,-9.825469,0,-0.005325,0.003195,99177.09,25.74,0.003798
1887.887604,0.011323,-0.074214,0.009576,-9.860886,-9.86117,0.00213,-0.00426,0,99177.09,25.74,-0.031903
1887.898693,0.01109,-0.10773,0.009576,-9.82737,-9.827965,0.00213,-0.005325,0.001065,99177.09,25.74,0.001302
1887.909893,0.011199,-0.050274,0.016758,-9.786672,-9.786815,0.001065,-0.005325,0.003195,99177.09,25.74,0.042452
1887.920999,0.011107,-0.081396,0.014364,-9.832158,-9.832505,0.001065,-0.005325,0.00213,99177.09,25.74,-0.003238
1887.932256,0.011257,-0.07182,0.01197,-9.810612,-9.810882,0.001065,-0.003195,0,99177.09,25.74,0.018385
1887.943499,0.011243,-0.112518,-0.002394,-9.822582,-9.823227,0.00213,-0.005325,0.00213,99177.09,25.74,0.00604
1887.954668,0.011169,-0.069426,0.014364,-9.829764,-9.83002,0.001065,-0.007455,0.001065,99177.09,25.74,-0.000753
1887.965763,0.011095,-0.067032,0.004788,-9.822582,-9.822812,0.003195,-0.005325,0.00213,99177.07,25.74,0.006455
1887.976958,0.011195,-0.088578,-0.007182,-9.836946,-9.837347,0.001065,-0.005325,0.001065,99177.07,25.74,-0.00808
1887.988197,0.011238,-0.090972,0.007182,-9.824976,-9.8254,0.003195,-0.00852,0.003195,99177.07,25.74,0.003867
1887.999873,0.011676,-0.055062,0.02394,-9.832158,-9.832341,0,-0.00426,0.00213,99177.07,25.74,-0.003074
1888.01036,0.010487,-0.057456,0.002394,-9.817794,-9.817962,0.00426,-0.007455,0.00213,99177.07,25.74,0.011305
1888.020458,0.010098,-0.079002,-0.009576,-9.813006,-9.813329,0.001065,-0.005325,0,99177.07,25.74,0.015938
1888.030599,0.010141,-0.057456,-0.004788,-9.858492,-9.858661,0.00426,-0.00426,0.00213,99176.96,25.74,-0.029394
1888.040701,0.010102,-0.086184,-0.004788,-9.82737,-9.827749,0.001065,-0.00639,0.003195,99176.96,25.74,0.001518
1888.050792,0.010091,-0.093366,-0.002394,-9.822582,-9.823026,0.003195,-0.00852,0.003195,99176.96,25.74,0.006241
1888.060906,0.010114,-0.081396,0.007182,-9.822582,-9.822922,0.001065,-0.00426,0,99176.96,25.74,0.006345
1888.071011,0.010105,-0.07182,0.007182,-9.820188,-9.820453,0.001065,-0.00639,0.001065,99176.96,25.74,0.008814
1888.081111,0.010101,-0.098154,0.016758,-9.82737,-9.827874,0.00213,-0.005325,0.00213,99176.96,25.74,0.001393
1888.09121,0.010099,-0.079002,0.033516,-9.822582,-9.822957,0.001065,-0.003195,0,99176.96,25.74,0.00631
1888.101306,0.010096,-0.079002,-0.007182,-9.822582,-9.822902,0.00213,-0.00639,-0.001065,99176.96,25.74,0.006365
1888.111687,0.010381,-0.088578,0.016758,-9.824976,-9.82539,0,-0.005325,0.001065,99176.96,25.74,0.003877
1888.121875,0.010187,-0.062244,0,-9.841734,-9.841931,0.003195,-0.005325,0.003195,99176.96,25.74,-0.012664
1888.131966,0.010091,-0.062244,0.007182,-9.834552,-9.834752,0,-0.00639,0,99176.96,25.74,-0.005485
1888.142193,0.010227,-0.074214,0.026334,-9.820188,-9.820504,0.00426,-0.00639,0.003195,99176.96,25.74,0.008763
1888.15228,0.010087,-0.076608,0.007182,-9.820188,-9.820489,0.001065,-0.005325,0.001065,99176.96,25.74,0.008778
1888.162387,0.010107,-0.08379,-0.002394,-9.8154,-9.815758,0.001065,-0.00426,0.00213,99177.07,25.74,0.013509
1888.172473,0.010085,-0.079002,0.01197,-9.82737,-9.827695,0.003195,-0.00639,0.001065,99177.07,25.74,0.001572
1888.182569,0.010096,-0.067032,0.03591,-9.813006,-9.813301,0.00426,-0.007455,0.001065,99177.07,25.74,0.015966
1888.192679,0.01011,-0.08379,-0.004788,-9.808218,-9.808577,0.001065,-0.005325,0,99177.07,25.74,0.02069
1888.202764,0.010085,-0.079002,0.014364,-9.824976,-9.825304,0.001065,-0.00426,0.003195,99177.07,25.74,0.003963
1888.212859,0.010095,-0.102942,0.009576,-9.824976,-9.82552,0.00213,-0.005325,0.00213,99177.07,25.74,0.003747
1888.223051,0.010191,-0.04788,0.009576,-9.817794,-9.817915,0.001065,-0.003195,0.003195,99176.99,25.74,0.011352
1888.233172,0.010121,-0.079002,0.021546,-9.832158,-9.832499,0.00426,-0.007455,0.00426,99176.99,25.74,-0.003232
1888.243255,0.010083,-0.076608,-0.004788,-9.822582,-9.822882,-0.001065,-0.00426,0.00213,99176.99,25.74,0.006385
1888.253346,0.010091,-0.05985,-0.002394,-9.83934,-9.839522,0.00213,-0.005325,0.00213,99176.99,25.74,-0.010255
1888.263452,0.010105,-0.09576,0.004788,-9.810612,-9.811081,0.003195,-0.007455,0.001065,99176.99,25.74,0.018186
1888.273554,0.010102,-0.076608,0.01197,-9.824976,-9.825282,0.00213,-0.007455,0.00213,99176.99,25.74,0.003985
1888.283686,0.010133,-0.055062,0.007182,-9.824976,-9.825133,0.00213,-0.00639,0,99176.99,25.74,0.004134
1888.293996,0.01031,-0.079002,0.002394,-9.829764,-9.830082,0,-0.003195,0,99177.01,25.74,-0.000815
1888.30415,0.010154,-0.069426,0,-9.834552,-9.834797,-0.001065,-0.00426,0.003195,99177.01,25.74,-0.00553
1888.314585,0.010435,-0.100548,0.019152,-9.808218,-9.808752,0.00213,-0.00426,0.00426,99177.01,25.74,0.020515
1888.32468,0.010095,-0.07182,0.026334,-9.824976,-9.825274,0.001065,-0.00639,0,99177.01,25.74,0.003993
1888.334766,0.010086,-0.045486,0.01197,-9.810612,-9.810725,0.001065,-0.003195,0,99177.01,25.74,0.018542
1888.344864,0.010098,-0.07182,0.004788,-9.805824,-9.806088,0.00213,-0.003195,0.001065,99177.01,25.74,0.023179
1888.355052,0.010188,-0.067032,0.028728,-9.8154,-9.815671,0,-0.00426,0.003195,99177.12,25.74,0.013596
1888.365317,0.010265,-0.081396,0.014364,-9.82737,-9.827718,0.00213,-0.005325,-0.00213,99177.12,25.74,0.001549
1888.375405,0.010088,-0.090972,0.03591,-9.82737,-9.827857,0.001065,-0.005325,0.003195,99177.12,25.74,0.00141
1888.385469,0.010064,-0.074214,0.007182,-9.836946,-9.837229,0.003195,-0.005325,0,99177.12,25.74,-0.007962
1888.39556,0.010091,-0.100548,0.019152,-9.801036,-9.80157,0.001065,-0.00426,0,99177.12,25.74,0.027697
1888.405651,0.01009,-0.090972,0.02394,-9.817794,-9.818245,0.001065,-0.007455,0.00213,99177.12,25.74,0.011022
1888.415758,0.010107,-0.05985,0.016758,-9.836946,-9.837142,0,-0.005325,-0.001065,99177.12,25.74,-0.007875
1888.425856,0.010098,-0.086184,0.009576,-9.822582,-9.822965,0.003195,-0.00639,0.003195,99177.12,25.74,0.006302
1888.436317,0.01046,-0.081396,0.028728,-9.8154,-9.81578,0.00426,-0.00639,0.003195,99177.12,25.74,0.013487
1888.446407,0.01009,-0.090972,-0.007182,-9.82737,-9.827794,0.001065,-0.00639,0.001065,99177.12,25.74,0.001473
1888.456541,0.010134,-0.081396,0,-9.829764,-9.830101,0.00213,-0.00426,0.00213,99177.12,25.74,-0.000834
1888.466628,0.010087,-0.076608,-0.002394,-9.834552,-9.834851,0,-0.00426,0.00213,99177.12,25.74,-0.005584
1888.476723,0.010096,-0.081396,0.009576,-9.82737,-9.827712,0.00213,-0.00426,0.003195,99177.12,25.74,0.001555
1888.486838,0.010114,-0.067032,0.002394,-9.801036,-9.801266,0.001065,-0.005325,0.00213,99177.09,25.74,0.028001
1888.496961,0.010123,-0.086184,0,-9.832158,-9.832536,0.00213,-0.005325,0.00213,99177.09,25.74,-0.003269
1888.507126,0.010165,-0.090972,0.007182,-9.822582,-9.823006,0,-0.00639,0.00213,99177.09,25.74,0.006261
1888.517224,0.010098,-0.074214,-0.007182,-9.8154,-9.815683,0.003195,-0.007455,0.00213,99177.09,25.74,0.013584
1888.527499,0.010276,-0.07182,0.01197,-9.805824,-9.806094,0.00213,-0.00639,0.00213,99177.09,25.74,0.023173
1888.5376,0.0101,-0.064638,0.009576,-9.822582,-9.822799,0,-0.007455,0.00213,99177.09,25.74,0.006468
1888.547923,0.010323,-0.067032,0.002394,-9.834552,-9.834781,0.001065,-0.003195,0.00213,99177.1,25.74,-0.005514
1888.558043,0.01012,-0.088578,0.004788,-9.820188,-9.820589,0.00213,-0.00426,0.00213,99177.1,25.74,0.008678
1888.56813,0.010087,-0.081396,0.014364,-9.824976,-9.825324,0,-0.00639,0.001065,99177.1,25.74,0.003943
1888.578306,0.010175,-0.081396,0.021546,-9.829764,-9.830125,0,-0.005325,0,99177.1,25.74,-0.000858
1888.58855,0.010244,-0.090972,0.014364,-9.824976,-9.825408,0.00213,-0.00639,-0.00213,99177.1,25.74,0.003859
1888.598653,0.010104,-0.067032,0,-9.79146,-9.791689,-0.001065,-0.00639,0.00213,99177.1,25.74,0.037578
1888.608753,0.0101,-0.093366,0.002394,-9.82737,-9.827814,0.00213,-0.005325,0.00213,99177.01,25.74,0.001453
1888.618838,0.010085,-0.067032,0.03591,-9.841734,-9.842028,0.00426,-0.005325,0.003195,99177.01,25.74,-0.012761
1888.628955,0.010118,-0.069426,-0.002394,-9.822582,-9.822828,0.00213,-0.00639,0.003195,99177.01,25.74,0.006439
1888.639071,0.010116,-0.088578,0.016758,-9.808218,-9.808632,0.003195,-0.005325,0.001065,99177.01,25.74,0.020635
1888.649225,0.010154,-0.076608,0.01197,-9.820188,-9.820494,-0.00213,-0.00213,0.003195,99177.01,25.74,0.008773
1888.659724,0.010499,-0.052668,0,-9.80343,-9.803571,0.001065,-0.00426,0.001065,99177.01,25.74,0.025696
1888.669817,0.010093,-0.062244,0.002394,-9.848916,-9.849113,0.00213,-0.007455,0,99177.01,25.74,-0.019846
1888.679918,0.010101,-0.086184,0.028728,-9.8154,-9.81582,0.00213,-0.00639,0.00213,99177.01,25.74,0.013447
1888.690006,0.010087,-0.086184,-0.019152,-9.82737,-9.827767,0.001065,-0.003195,0.001065,99177.01,25.74,0.0015
1888.700124,0.010119,-0.076608,0.02394,-9.836946,-9.837273,0.001065,-0.005325,0.001065,99177.01,25.74,-0.008006
1888.710267,0.010142,-0.079002,0.004788,-9.829764,-9.830083,0.001065,-0.00426,0.00426,99177.01,25.74,-0.000816
1888.720381,0.010114,-0.062244,0.009576,-9.8154,-9.815602,0.001065,-0.005325,0.00213,99177.01,25.74,0.013665
1888.730473,0.010092,-0.098154,0.021546,-9.83934,-9.839853,0.001065,-0.00426,0.001065,99177.01,25.74,-0.010586
1888.740674,0.0102,-0.067032,0.021546,-9.805824,-9.806077,0.003195,-0.007455,0.003195,99177.01,25.74,0.02319
1888.750765,0.010091,-0.081396,-0.009576,-9.824976,-9.825318,0.001065,-0.00426,0,99177.01,25.74,0.003949
1888.760958,0.010193,-0.09576,-0.016758,-9.798642,-9.799124,0.003195,-0.00639,0.003195,99177.01,25.74,0.030143
1888.771081,0.010123,-0.057456,0.009576,-9.8154,-9.815573,0.003195,-0.003195,0.00426,99177.01,25.74,0.013694
1888.78121,0.010128,-0.076608,0.021546,-9.810612,-9.810935,0.003195,-0.005325,0.003195,99177.01,25.74,0.018332
1888.791396,0.010186,-0.07182,0.016758,-9.841734,-9.84201,-0.001065,-0.00426,0.00213,99177.01,25.74,-0.012743
1888.801513,0.010117,-0.064638,0.014364,-9.808218,-9.808442,0.00213,-0.007455,0.00213,99177.09,25.74,0.020825
1888.811633,0.010121,-0.081396,0.004788,-9.822582,-9.82292,0,-0.00426,0.00213,99177.09,25.74,0.006347
1888.821733,0.0101,-0.088578,0,-9.829764,-9.830163,0.003195,-0.00426,0.00213,99177.09,25.74,-0.000896
1888.831846,0.010113,-0.062244,0.002394,-9.82737,-9.827567,0.001065,-0.00426,0.001065,99177.09,25.74,0.0017
1888.841935,0.010088,-0.067032,0.009576,-9.829764,-9.829997,0,-0.00639,0.003195,99177.09,25.74,-0.00073
1888.85203,0.010096,-0.067032,0.002394,-9.805824,-9.806053,0.001065,-0.00426,0,99177.09,25.74,0.023214
1888.862217,0.010186,-0.076608,0.01197,-9.822582,-9.822888,0.00213,-0.00426,0.00213,99177.09,25.74,0.006379
1888.872547,0.010331,-0.090972,0.009576,-9.808218,-9.808645,0,-0.007455,0.00213,99177.04,25.74,0.020622
1888.882637,0.01009,-0.100548,0.026334,-9.846522,-9.847071,0.00213,-0.005325,0,99177.04,25.74,-0.017804
1888.892772,0.010135,-0.086184,0.016758,-9.810612,-9.811005,0.003195,-0.00639,0,99177.04,25.74,0.018262
1888.90286,0.010088,-0.090972,0.009576,-9.83934,-9.839765,0,-0.00639,-0.001065,99177.04,25.74,-0.010498
1888.912954,0.010094,-0.067032,0.02394,-9.808218,-9.808476,0.00213,-0.005325,0.00213,99177.04,25.74,0.020791
1888.923059,0.010106,-0.055062,0.004788,-9.858492,-9.858647,0.00213,-0.007455,0.00213,99177.04,25.74,-0.02938
1888.933163,0.010104,-0.050274,0.007182,-9.82737,-9.827501,0.001065,-0.00213,0.003195,99177.1,25.74,0.001766
1888.943275,0.010112,-0.07182,-0.014364,-9.82737,-9.827643,0.001065,-0.00639,0.00213,99177.1,25.74,0.001624
1888.953373,0.010098,-0.074214,0.016758,-9.817794,-9.818089,0.00213,-0.007455,0.001065,99177.1,25.74,0.011178
1888.963466,0.010093,-0.064638,0.007182,-9.820188,-9.820403,0.001065,-0.00426,0.003195,99177.1,25.74,0.008864
1888.973589,0.010123,-0.105336,0.002394,-9.810612,-9.811178,0.003195,-0.00426,0.001065,99177.1,25.74,0.018089
1888.983764,0.010175,-0.08379,0.031122,-9.820188,-9.820595,0.001065,-0.005325,0,99177.1,25.74,0.008672
1888.993862,0.010099,-0.105336,0,-9.80343,-9.803996,0.00426,-0.00426,0.00213,99177.2,25.74,0.025271
1889.003968,0.010106,-0.074214,0.009576,-9.801036,-9.801322,0.003195,-0.005325,0.003195,99177.2,25.74,0.027945
1889.014055,0.010087,-0.08379,-0.019152,-9.813006,-9.813382,0.00213,-0.005325,0.001065,99177.2,25.74,0.015885
1889.024137,0.010082,-0.064638,0.021546,-9.813006,-9.813243,0.001065,-0.00639,0.00213,99177.2,25.74,0.016024
1889.034313,0.010176,-0.081396,0.026334,-9.824976,-9.825348,0.003195,-0.005325,0.00213,99177.2,25.74,0.003919
1889.044458,0.010146,-0.076608,0.004788,-9.79146,-9.791761,0.001065,-0.005325,0.003195,99177.2,25.74,0.037506
1889.054561,0.010103,-0.100548,-0.007182,-9.8154,-9.815918,0.003195,-0.00213,0.00213,99177.2,25.74,0.013349
1889.064692,0.010131,-0.074214,-0.01197,-9.83934,-9.839627,0.001065,-0.00639,0,99177.2,25.74,-0.01036
1889.074796,0.010104,-0.079002,-0.002394,-9.8154,-9.815718,0.003195,-0.007455,0.00426,99177.2,25.74,0.013549
1889.084888,0.010092,-0.086184,0.002394,-9.805824,-9.806203,0.001065,-0.00426,0.00213,99177.2,25.74,0.023064
1889.095429,0.010541,-0.057456,0.016758,-9.841734,-9.841916,0.00426,-0.00639,0.00426,99177.2,25.74,-0.012649
1889.106642,0.011212,-0.079002,-0.009576,-9.820188,-9.82051,0,-0.005325,-0.001065,99177.2,25.74,0.008757
1889.11793,0.011289,-0.088578,0.01197,-9.813006,-9.813413,0.003195,-0.005325,0.00213,99177.2,25.74,0.015854
1889.129016,0.011086,-0.045486,0.014364,-9.83934,-9.839456,0.00426,-0.00426,0.00213,99177.2,25.74,-0.010189
1889.140215,0.011198,-0.07182,-0.002394,-9.817794,-9.818057,0.00213,-0.005325,0.001065,99177.2,25.74,0.01121
1889.151362,0.011148,-0.069426,-0.009576,-9.822582,-9.822832,0.001065,-0.005325,0,99177.2,25.74,0.006435
1889.162307,0.010945,-0.067032,0.01197,-9.80343,-9.803666,0.00213,-0.00426,0.003195,99177.2,25.74,0.025601
1889.173726,0.011419,-0.074214,0.014364,-9.786672,-9.786964,0.003195,-0.005325,0,99177.2,25.74,0.042303
1889.184897,0.011171,-0.086184,0.031122,-9.820188,-9.820615,0.00213,-0.00639,0.001065,99176.99,25.74,0.008652
1889.196138,0.011241,-0.074214,0,-9.808218,-9.808499,0.00213,-0.003195,0.001065,99176.99,25.74,0.020768
1889.207226,0.011088,-0.040698,0.028728,-9.793854,-9.793981,0.003195,-0.00426,0,99176.99,25.74,0.035286
1889.218428,0.011202,-0.081396,0.028728,-9.822582,-9.822961,0.00213,-0.00426,0.001065,99176.99,25.74,0.006306
1889.22967,0.011242,-0.074214,0.019152,-9.836946,-9.837245,0.00213,-0.005325,0.00426,99176.99,25.74,-0.007978
1889.2408,0.01113,-0.081396,0.002394,-9.8154,-9.815738,0.001065,-0.003195,0.00213,99176.99,25.74,0.013529
1889.252521,0.011722,-0.069426,0.033516,-9.829764,-9.830066,0.00213,-0.005325,0.001065,99176.99,25.74,-0.000799
1889.263196,0.010674,-0.102942,-0.01197,-9.79146,-9.792008,0,-0.005325,0.00213,99176.99,25.74,0.037259
1889.274411,0.011215,-0.081396,0.019152,-9.824976,-9.825332,0.001065,-0.005325,0.003195,99176.99,25.74,0.003935
1889.285725,0.011314,-0.076608,0.02394,-9.793854,-9.794183,0.00426,-0.005325,0.00426,99176.99,25.74,0.035084
1889.296731,0.011006,-0.105336,0.031122,-9.841734,-9.842347,0,-0.005325,0,99176.99,25.74,-0.01308
1889.307934,0.011204,-0.081396,0.01197,-9.829764,-9.830108,0.001065,-0.00639,0.003195,99176.99,25.74,-0.000841
1889.319179,0.011244,-0.076608,0.002394,-9.836946,-9.837245,0,-0.005325,0.001065,99176.94,25.74,-0.007978
1889.330341,0.011163,-0.100548,0.019152,-9.836946,-9.837479,0,-0.005325,0.001065,99176.94,25.74,-0.008212
1889.341436,0.011094,-0.086184,0.033516,-9.83934,-9.839775,0.001065,-0.00426,0.003195,99176.94,25.74,-0.010508
1889.352615,0.011179,-0.067032,-0.014364,-9.789066,-9.789306,0.00213,-0.007455,0.00213,99176.94,25.74,0.039961
1889.364019,0.011404,-0.090972,0,-9.810612,-9.811034,0.003195,-0.007455,0.00639,99176.94,25.74,0.018233
1889.375186,0.011167,-0.08379,0.007182,-9.822582,-9.822942,0.003195,-0.005325,0.005325,99176.94,25.74,0.006325
1889.386334,0.011148,-0.074214,-0.007182,-9.836946,-9.837229,-0.00213,-0.005325,0.00213,99176.96,25.74,-0.007962
1889.397406,0.011072,-0.081396,0.01197,-9.810612,-9.810957,0.00213,-0.005325,0.00213,99176.96,25.74,0.01831
1889.40855,0.011144,-0.105336,0.019152,-9.848916,-9.849498,0.001065,-0.00639,0.00213,99176.96,25.74,-0.020231
1889.419812,0.011262,-0.081396,-0.007182,-9.844128,-9.844467,0.003195,-0.00639,0.001065,99176.96,25.74,-0.0152
1889.430934,0.011122,-0.057456,0.004788,-9.805824,-9.805993,0.001065,-0.00639,-0.001065,99176.96,25.74,0.023274
1889.442238,0.011304,-0.074214,0,-9.8154,-9.815681,0.001065,-0.00639,0.00213,99176.96,25.74,0.013586
1889.453317,0.011079,-0.08379,0.02394,-9.85131,-9.851695,-0.001065,-0.00639,0.001065,99176.96,25.74,-0.022428
1889.464522,0.011205,-0.067032,-0.009576,-9.805824,-9.806058,0,-0.00426,0.001065,99176.96,25.74,0.023209
1889.475787,0.011265,-0.086184,0.002394,-9.796248,-9.796627,0.001065,-0.00639,0.00213,99176.96,25.74,0.03264
1889.486931,0.011143,-0.081396,0.004788,-9.820188,-9.820526,0,-0.003195,0.00213,99176.96,25.74,0.008741
1889.498208,0.011277,-0.079002,0.014364,-9.848916,-9.849243,0.003195,-0.003195,0.001065,99176.96,25.74,-0.019976
1889.509223,0.011015,-0.08379,-0.004788,-9.808218,-9.808577,0.001065,-0.00639,0.001065,99176.91,25.74,0.02069
1889.52039,0.011167,-0.086184,0.002394,-9.810612,-9.810991,0.003195,-0.00426,0.00213,99176.91,25.74,0.018276
1889.531649,0.011259,-0.09576,0.007182,-9.813006,-9.813476,0.001065,-0.00852,0.001065,99176.91,25.74,0.015791
1889.542872,0.011223,-0.088578,0.01197,-9.820188,-9.820595,0.003195,-0.00426,0.001065,99176.91,25.74,0.008672
1889.554056,0.011184,-0.086184,0.004788,-9.832158,-9.832537,0.00213,-0.007455,0.001065,99176.91,25.74,-0.00327
1889.565909,0.011853,-0.069426,-0.016758,-9.844128,-9.844387,0.003195,-0.00639,0.00213,99176.91,25.74,-0.01512
1889.576346,0.010437,-0.088578,-0.002394,-9.817794,-9.818194,0,-0.00639,0.003195,99176.9,25.74,0.011073
1889.587498,0.011152,-0.057456,0.004788,-9.824976,-9.825145,0.001065,-0.005325,0.001065,99176.9,25.74,0.004122
1889.598763,0.011265,-0.074214,-0.002394,-9.824976,-9.825257,0.003195,-0.00639,0.001065,99176.9,25.74,0.00401
1889.609897,0.011134,-0.069426,-0.016758,-9.813006,-9.813266,0.00213,-0.00639,0.001065,99176.9,25.74,0.016001
1889.621047,0.01115,-0.069426,0.009576,-9.844128,-9.844377,0.003195,-0.00426,0,99176.9,25.74,-0.01511
1889.632256,0.011209,-0.079002,0.014364,-9.813006,-9.813335,0.00213,-0.00639,0.00213,99176.9,25.74,0.015932
1889.643486,0.01123,-0.093366,0.016758,-9.808218,-9.808677,0.001065,-0.00213,0.001065,99177.06,25.74,0.02059
1889.654769,0.011283,-0.064638,0.004788,-9.822582,-9.822796,0.001065,-0.00639,0.00213,99177.06,25.74,0.006471
1889.665818,0.011049,-0.08379,-0.002394,-9.8154,-9.815758,0.00213,-0.00426,0.00213,99177.06,25.74,0.013509
1889.676973,0.011156,-0.076608,0.004788,-9.798642,-9.798943,-0.00213,-0.00426,-0.00213,99177.06,25.74,0.030324
1889.688192,0.011219,-0.105336,0.004788,-9.853704,-9.854268,0,-0.005325,0.00213,99177.06,25.74,-0.025001
1889.699904,0.011712,-0.081396,0.01197,-9.805824,-9.806169,0.00213,-0.003195,0.001065,99177.06,25.74,0.023098
1889.710617,0.010713,-0.069426,0.002394,-9.832158,-9.832403,0.00213,-0.00426,0.003195,99176.99,25.74,-0.003136
1889.721728,0.011111,-0.057456,-0.009576,-9.820188,-9.820361,0.001065,-0.005325,0.00213,99176.99,25.74,0.008906
1889.732952,0.011224,-0.086184,0.01197,-9.813006,-9.813392,0.001065,-0.007455,-0.001065,99176.99,25.74,0.015875
1889.744655,0.011703,-0.088578,0.033516,-9.834552,-9.835008,0.00426,-0.00639,0,99176.99,25.74,-0.005741
1889.755366,0.01071,-0.04788,0.02394,-9.801036,-9.801182,-0.001065,-0.00639,0.001065,99176.99,25.74,0.028085
1889.766511,0.011145,-0.100548,-0.004788,-9.83934,-9.839855,0.003195,-0.00639,0.00213,99176.91,25.74,-0.010588
1889.777685,0.011175,-0.074214,-0.004788,-9.820188,-9.82047,0.001065,-0.007455,0.001065,99176.91,25.74,0.008797
1889.788809,0.011124,-0.08379,0.026334,-9.844128,-9.84452,0,-0.007455,0.003195,99176.91,25.74,-0.015253
1889.800106,0.011296,-0.05985,-0.019152,-9.836946,-9.837147,0.001065,-0.005325,0.00213,99176.91,25.74,-0.00788
1889.811197,0.011092,-0.07182,0.031122,-9.822582,-9.822894,0.001065,-0.005325,0,99176.91,25.74,0.006373
1889.822509,0.011311,-0.093366,0.021546,-9.832158,-9.832625,0.00426,-0.00426,0.00213,99176.91,25.74,-0.003358
1889.833741,0.011232,-0.08379,0.028728,-9.824976,-9.825375,0.00213,-0.005325,0.001065,99176.91,25.74,0.003892
1889.84475,0.011009,-0.062244,0.014364,-9.813006,-9.813214,0.00426,-0.00639,0,99176.91,25.74,0.016053
1889.856026,0.011276,-0.081396,0.009576,-9.805824,-9.806166,0.003195,-0.005325,0.00213,99176.91,25.74,0.023101
1889.866354,0.010328,-0.08379,0,-9.80343,-9.803788,0.001065,-0.00426,0.003195,99176.91,25.74,0.025479
1889.876457,0.010103,-0.08379,-0.016758,-9.810612,-9.810984,0.001065,-0.00213,0.00426,99176.91,25.74,0.018283
1889.886548,0.010091,-0.086184,0.016758,-9.813006,-9.813399,0.00213,-0.005325,0.003195,99176.91,25.74,0.015868
1889.896645,0.010097,-0.076608,0.019152,-9.83934,-9.839657,0.001065,-0.007455,0.00426,99176.91,25.74,-0.01039
1889.906733,0.010088,-0.093366,0.007182,-9.822582,-9.823028,0.00213,-0.00426,0.003195,99176.91,25.74,0.006239
1889.916834,0.010101,-0.074214,0.01197,-9.810612,-9.8109,0,-0.005325,0,99176.91,25.74,0.018367
1889.926931,0.010097,-0.074214,0.01197,-9.808218,-9.808506,0.001065,-0.00639,0.00213,99176.91,25.74,0.020761
1889.937028,0.010098,-0.07182,0.019152,-9.817794,-9.818075,0.00213,-0.00426,0.003195,99176.91,25.74,0.011192
1889.947147,0.010119,-0.110124,0.004788,-9.836946,-9.837564,0.001065,-0.005325,-0.001065,99176.91,25.74,-0.008297
1889.957518,0.010371,-0.07182,0.02394,-9.79146,-9.791753,0.001065,-0.00426,0.00426,99176.98,25.74,0.037514
1889.967642,0.010124,-0.069426,-0.007182,-9.853704,-9.853951,0.00213,-0.00639,0,99176.98,25.74,-0.024684
1889.977754,0.010112,-0.086184,0.019152,-9.820188,-9.820585,0.001065,-0.00639,0.00213,99176.98,25.74,0.008682
1889.987837,0.010083,-0.038304,0.009576,-9.820188,-9.820267,0.00213,-0.00426,0.00639,99176.98,25.74,0.009
1889.997946,0.010109,-0.081396,-0.014364,-9.820188,-9.820536,0.00213,-0.00852,0.003195,99176.98,25.74,0.008731
1890.008053,0.010107,-0.088578,0.01197,-9.810612,-9.811019,0.003195,-0.00639,0.001065,99176.98,25.74,0.018248
1890.018204,0.010151,-0.064638,-0.007182,-9.820188,-9.820403,0,-0.00639,0,99176.98,25.74,0.008864
1890.028319,0.010115,-0.081396,0,-9.834552,-9.834889,0.00213,-0.005325,0.00213,99176.94,25.74,-0.005622
1890.03841,0.010091,-0.090972,-0.002394,-9.786672,-9.787095,0.00213,-0.003195,0.001065,99176.94,25.74,0.042172
1890.048499,0.010089,-0.069426,-0.002394,-9.82737,-9.827616,0,-0.00639,0.005325,99176.94,25.74,0.001651
1890.058591,0.010092,-0.093366,0.014364,-9.829764,-9.830218,0.00426,-0.005325,0.00213,99176.94,25.74,-0.000951
1890.069009,0.010418,-0.079002,0.043092,-9.832158,-9.83257,0.001065,-0.00426,0.00213,99176.94,25.74,-0.003303
1890.079149,0.01014,-0.069426,0.019152,-9.822582,-9.822846,0.001065,-0.00213,0.005325,99176.94,25.74,0.006421
1890.089231,0.010082,-0.064638,0.031122,-9.829764,-9.830026,0.00213,-0.003195,0.00426,99176.96,25.74,-0.000759
1890.099337,0.010106,-0.069426,0.019152,-9.836946,-9.83721,0.00213,-0.003195,0.001065,99176.96,25.74,-0.007943
1890.109439,0.010101,-0.081396,0.016758,-9.834552,-9.834903,-0.001065,-0.00639,0,99176.96,25.74,-0.005636
1890.119583,0.010144,-0.057456,0,-9.824976,-9.825144,0.001065,-0.005325,0.001065,99176.96,25.74,0.004123
1890.12968,0.010097,-0.081396,0.02394,-9.824976,-9.825342,0.001065,-0.00426,0.001065,99176.96,25.74,0.003925
1890.139766,0.010087,-0.074214,0.007182,-9.808218,-9.808501,-0.001065,-0.00426,0.003195,99176.96,25.74,0.020766
1890.149867,0.010101,-0.088578,0.002394,-9.829764,-9.830163,0.003195,-0.00639,0.00426,99176.96,25.74,-0.000896
1890.16016,0.010293,-0.088578,0.009576,-9.801036,-9.801441,0.001065,-0.00426,0.001065,99176.96,25.74,0.027826
1890.170247,0.010087,-0.086184,0.007182,-9.801036,-9.801418,0.00213,-0.005325,0.00213,99176.96,25.74,0.027849
1890.180824,0.010577,-0.079002,0.014364,-9.820188,-9.820516,0.003195,-0.007455,0.001065,99176.96,25.74,0.008751
1890.190939,0.010115,-0.088578,-0.002394,-9.829764,-9.830163,0.001065,-0.00639,0.00213,99176.96,25.74,-0.000896
1890.201069,0.01013,-0.07182,0,-9.805824,-9.806087,0.00213,-0.005325,0,99176.96,25.74,0.02318
1890.211179,0.010111,-0.086184,-0.007182,-9.817794,-9.818175,0,-0.00639,0.003195,99176.96,25.74,0.011092
1890.221281,0.010102,-0.08379,-0.01197,-9.834552,-9.834916,0.001065,-0.00213,0,99177.01,25.74,-0.005649
1890.231377,0.010096,-0.086184,-0.004788,-9.801036,-9.801416,-0.00213,-0.005325,0.00213,99177.01,25.74,0.027851
1890.241479,0.010102,-0.086184,0.004788,-9.822582,-9.822961,0.003195,-0.005325,0.005325,99177.01,25.74,0.006306
1890.251576,0.010098,-0.088578,-0.007182,-9.805824,-9.806227,0.00213,-0.005325,0.00213,99177.01,25.74,0.02304
1890.261662,0.010085,-0.062244,0.01197,-9.822582,-9.822787,0.001065,-0.003195,0.001065,99177.01,25.74,0.00648
1890.271763,0.010101,-0.086184,0,-9.820188,-9.820566,0.00213,-0.005325,0.00213,99177.01,25.74,0.008701
1890.281849,0.010086,-0.074214,0,-9.80343,-9.803711,0,-0.00426,0.001065,99176.99,25.74,0.025556
1890.291931,0.010082,-0.069426,0.007182,-9.8154,-9.815648,0.001065,-0.005325,0.003195,99176.99,25.74,0.013619
1890.302071,0.010141,-0.069426,0.016758,-9.8154,-9.81566,0.00426,-0.003195,0.001065,99176.99,25.74,0.013607
1890.312173,0.010101,-0.086184,0,-9.822582,-9.82296,0.001065,-0.00639,0.00426,99176.99,25.74,0.006307
1890.32229,0.010118,-0.062244,0.019152,-9.83934,-9.839556,0.001065,-0.00426,0.003195,99176.99,25.74,-0.010289
1890.332382,0.010092,-0.088578,0.021546,-9.8154,-9.815823,0,-0.005325,0.00213,99176.99,25.74,0.013444
1890.342474,0.010092,-0.081396,0.009576,-9.813006,-9.813348,0.00213,-0.003195,0.00426,99176.99,25.74,0.015919
1890.352561,0.010087,-0.10773,0.019152,-9.8154,-9.81601,0.003195,-0.007455,0.001065,99176.99,25.74,0.013257
1890.362657,0.010097,-0.081396,0.021546,-9.808218,-9.808579,0.001065,-0.005325,0.001065,99176.99,25.74,0.020688
1890.372752,0.010095,-0.086184,-0.004788,-9.822582,-9.822961,0.00213,-0.007455,0.003195,99176.99,25.74,0.006306
1890.382857,0.010104,-0.090972,0.019152,-9.83934,-9.839779,0.003195,-0.005325,0.00213,99176.99,25.74,-0.010512
1890.393337,0.010481,-0.093366,0.026334,-9.8154,-9.815879,-0.001065,-0.005325,0.001065,99176.99,25.74,0.013388
1890.403513,0.010176,-0.057456,0.004788,-9.844128,-9.844297,0.00213,-0.005325,0.001065,99176.99,25.74,-0.01503
1890.413615,0.010102,-0.098154,0.007182,-9.8154,-9.815893,0.00213,-0.005325,0.00213,99176.91,25.74,0.013374
1890.423703,0.010089,-0.064638,-0.002394,-9.853704,-9.853916,0.001065,-0.00426,0,99176.91,25.74,-0.024649
1890.433805,0.010102,-0.069426,0,-9.822582,-9.822827,0,-0.00426,0,99176.91,25.74,0.00644
1890.443902,0.010096,-0.081396,0.026334,-9.82737,-9.827742,0.00213,-0.005325,0,99176.91,25.74,0.001525
1890.454003,0.010102,-0.079002,0.028728,-9.829764,-9.830123,0.00213,-0.005325,0.00213,99176.91,25.74,-0.000856
1890.464092,0.010089,-0.074214,0.01197,-9.822582,-9.82287,0.00213,-0.00639,0.00426,99176.91,25.74,0.006397
1890.474423,0.010331,-0.064638,-0.009576,-9.836946,-9.837163,0.001065,-0.007455,0,99176.91,25.74,-0.007896
1890.484541,0.010118,-0.086184,-0.009576,-9.808218,-9.808601,0.003195,-0.005325,0.00213,99176.91,25.74,0.020666
1890.494652,0.01011,-0.093366,0.002394,-9.824976,-9.82542,0.00213,-0.00639,0.001065,99176.91,25.74,0.003847
1890.505228,0.010577,-0.08379,0.014364,-9.824976,-9.825344,0.001065,-0.005325,0,99176.91,25.74,0.003923
1890.515988,0.01076,-0.07182,0.021546,-9.844128,-9.844414,0.001065,-0.00426,0.00213,99176.91,25.74,-0.015147
1890.527632,0.011644,-0.09576,-0.007182,-9.808218,-9.808688,0.00213,-0.007455,0.00426,99176.91,25.74,0.020579
1890.538887,0.011255,-0.074214,-0.002394,-9.824976,-9.825257,0.00213,-0.00426,0.003195,99176.9,25.74,0.00401
1890.549406,0.010519,-0.122094,0.004788,-9.82737,-9.82813,0.001065,-0.007455,0.003195,99176.9,25.74,0.001137
1890.560617,0.011211,-0.086184,0.02394,-9.832158,-9.832565,0.00213,-0.00426,0,99176.9,25.74,-0.003298
1890.570707,0.010089,-0.100548,-0.002394,-9.820188,-9.820703,-0.001065,-0.00852,0.00213,99176.9,25.74,0.008564
1890.580803,0.010096,-0.079002,-0.002394,-9.83934,-9.839657,0,-0.005325,0.00213,99176.9,25.74,-0.01039
1890.590888,0.010085,-0.081396,0.02394,-9.829764,-9.83013,0.00213,-0.00639,0.001065,99176.9,25.74,-0.000863
1890.600976,0.010088,-0.079002,-0.004788,-9.8154,-9.815719,0.001065,-0.005325,0.003195,99176.93,25.74,0.013548
1890.611084,0.010108,-0.081396,0.033516,-9.82737,-9.827764,0.00213,-0.005325,0.00213,99176.93,25.74,0.001503
1890.621166,0.010082,-0.081396,-0.007182,-9.808218,-9.808558,0,-0.005325,0.003195,99176.93,25.74,0.020709
1890.631267,0.010102,-0.062244,0.031122,-9.832158,-9.832404,-0.00213,-0.005325,0.001065,99176.93,25.74,-0.003137
1890.64137,0.010102,-0.090972,0,-9.813006,-9.813428,0.00426,-0.005325,0.003195,99176.93,25.74,0.015839
1890.651487,0.010118,-0.067032,0.019152,-9.822582,-9.822829,0,-0.00639,0.001065,99176.93,25.74,0.006438
1890.661582,0.010094,-0.086184,0.021546,-9.836946,-9.837347,0.001065,-0.007455,0.00213,99176.93,25.74,-0.00808
1890.671668,0.010087,-0.110124,0.01197,-9.817794,-9.818419,-0.001065,-0.007455,0,99176.87,25.74,0.010848
1890.681767,0.010098,-0.08379,-0.009576,-9.813006,-9.813368,0.00213,-0.003195,-0.001065,99176.87,25.74,0.015899
1890.691851,0.010084,-0.069426,0.009576,-9.83934,-9.83959,0,-0.00639,0.00426,99176.87,25.74,-0.010323
1890.701936,0.010085,-0.057456,0.019152,-9.822582,-9.822769,0.001065,-0.007455,0,99176.87,25.74,0.006498
1890.712053,0.010117,-0.079002,0.009576,-9.813006,-9.813329,0.00213,-0.00426,0.001065,99176.87,25.74,0.015938
1890.722194,0.010141,-0.07182,0.014364,-9.82737,-9.827643,0,-0.00639,0.003195,99176.87,25.74,0.001624
1890.732284,0.01009,-0.086184,0.019152,-9.82737,-9.827767,0.001065,-0.005325,0,99176.87,25.74,0.0015
1890.742367,0.010084,-0.064638,-0.004788,-9.817794,-9.818008,-0.001065,-0.007455,0.00213,99176.87,25.74,0.011259
1890.75246,0.010093,-0.074214,-0.007182,-9.822582,-9.822865,0.00213,-0.005325,0.001065,99176.87,25.74,0.006402
1890.76255,0.01009,-0.093366,0.007182,-9.820188,-9.820634,0,-0.00426,0.00213,99176.87,25.74,0.008633
1890.773316,0.010766,-0.064638,-0.007182,-9.817794,-9.818009,0.00213,-0.00426,0.00213,99176.87,25.74,0.011258
1890.7843,0.010984,-0.055062,-0.004788,-9.824976,-9.825131,0.001065,-0.005325,0.00213,99176.87,25.74,0.004136
1890.795556,0.011256,-0.050274,0.009576,-9.841734,-9.841867,0.00426,-0.00639,0,99176.87,25.74,-0.0126
1890.806695,0.011139,-0.079002,-0.004788,-9.808218,-9.808537,0.003195,-0.003195,0.003195,99176.87,25.74,0.02073
1890.817881,0.011186,-0.057456,0.002394,-9.817794,-9.817962,-0.001065,-0.00639,0.00213,99176.87,25.74,0.011305
1890.828986,0.011105,-0.074214,-0.01197,-9.813006,-9.813294,0.001065,-0.00426,0.003195,99176.87,25.74,0.015973
1890.840185,0.011198,-0.08379,0,-9.836946,-9.837303,0.001065,-0.00639,0.003195,99176.87,25.74,-0.008036
1890.851404,0.011219,-0.07182,0.019152,-9.810612,-9.810894,0.001065,-0.007455,0.00213,99176.87,25.74,0.018373
1890.862607,0.011203,-0.088578,0.007182,-9.798642,-9.799045,0.00213,-0.00213,0,99176.96,25.74,0.030222
1890.873757,0.01115,-0.105336,0.031122,-9.817794,-9.818408,0.001065,-0.00426,-0.001065,99176.96,25.74,0.010859
1890.884964,0.011207,-0.088578,0.019152,-9.822582,-9.823,-0.001065,-0.00426,0,99176.96,25.74,0.006267
1890.896153,0.01119,-0.088578,0.026334,-9.829764,-9.830198,0.003195,-0.005325,0.00213,99176.96,25.74,-0.000931
1890.907326,0.011173,-0.090972,0.004788,-9.8154,-9.815823,0.001065,-0.00639,0.00213,99176.96,25.74,0.013444
1890.918574,0.011248,-0.079002,0.009576,-9.813006,-9.813329,0.001065,-0.00639,0,99176.88,25.74,0.015938
1890.92966,0.011085,-0.062244,0.01197,-9.832158,-9.832362,-0.00213,-0.00426,0.00426,99176.88,25.74,-0.003095
1890.940866,0.011207,-0.100548,0.028728,-9.80343,-9.803988,-0.001065,-0.003195,0,99176.88,25.74,0.025279
1890.952045,0.011179,-0.07182,0.021546,-9.829764,-9.83005,0.003195,-0.005325,0.00213,99176.88,25.74,-0.000783
1890.963263,0.011218,-0.10773,0.01197,-9.810612,-9.811211,0.00426,-0.00639,0,99176.88,25.74,0.018056
1890.974565,0.011302,-0.069426,-0.002394,-9.805824,-9.80607,0.00213,-0.00639,0.001065,99176.88,25.74,0.023197
1890.985664,0.011099,-0.076608,-0.002394,-9.824976,-9.825275,-0.001065,-0.005325,0.00213,99176.85,25.74,0.003992
1890.996844,0.01118,-0.055062,-0.007182,-9.822582,-9.822739,0.003195,-0.005325,0.005325,99176.85,25.74,0.006528
1891.008019,0.011175,-0.062244,0.028728,-9.820188,-9.820427,0.003195,-0.00426,-0.00213,99176.85,25.74,0.00884
1891.019167,0.011149,-0.07182,0.021546,-9.822582,-9.822868,0.00213,-0.00639,0.00426,99176.85,25.74,0.006399
1891.030337,0.011169,-0.064638,-0.019152,-9.820188,-9.820419,0,-0.00426,0.001065,99176.85,25.74,0.008848
1891.041648,0.011312,-0.07182,0.002394,-9.820188,-9.820451,0.00213,-0.005325,0.001065,99176.85,25.74,0.008816
1891.052776,0.011127,-0.057456,0.014364,-9.793854,-9.794033,0.001065,-0.00639,0.001065,99176.82,25.74,0.035234
1891.063959,0.011184,-0.05985,0.002394,-9.820188,-9.820371,0.003195,-0.00639,0.001065,99176.82,25.74,0.008896
1891.075152,0.011192,-0.05985,-0.014364,-9.846522,-9.846714,0,-0.00426,0.001065,99176.82,25.74,-0.017447
1891.086244,0.011092,-0.102942,0.031122,-9.805824,-9.806414,0.00213,-0.005325,0.001065,99176.82,25.74,0.022853
1891.097581,0.011337,-0.052668,0.007182,-9.817794,-9.817938,0.001065,-0.00639,0.00213,99176.82,25.74,0.011329
1891.108714,0.011133,-0.1197,0.026334,-9.817794,-9.818559,0.001065,-0.005325,0.00213,99176.77,25.74,0.010708
1891.119869,0.011155,-0.081396,0.009576,-9.82737,-9.827712,0.001065,-0.003195,0,99176.77,25.74,0.001555
1891.130997,0.011128,-0.100548,0.016758,-9.820188,-9.820717,0.001065,-0.00852,0.00426,99176.77,25.74,0.00855
1891.142203,0.011207,-0.069426,0.002394,-9.834552,-9.834797,0,-0.00639,0,99176.77,25.74,-0.00553
1891.153511,0.011307,-0.1197,0.021546,-9.824976,-9.825729,0.001065,-0.00639,0.005325,99176.77,25.74,0.003538
1891.164579,0.011068,-0.093366,0.019152,-9.810612,-9.811075,0.001065,-0.005325,0,99176.77,25.74,0.018192
1891.175888,0.01131,-0.074214,-0.002394,-9.813006,-9.813287,0.001065,-0.00639,0.00213,99176.77,25.74,0.01598
1891.186949,0.01106,-0.081396,0,-9.805824,-9.806162,0.003195,-0.00639,0.003195,99176.77,25.74,0.023105
1891.198236,0.011288,-0.122094,0.031122,-9.829764,-9.830571,0.001065,-0.005325,0.003195,99176.77,25.74,-0.001304
1891.20934,0.011104,-0.057456,0.004788,-9.844128,-9.844297,0,-0.00213,0,99176.77,25.74,-0.01503
1891.220463,0.011123,-0.093366,-0.002394,-9.80343,-9.803875,0.003195,-0.007455,0.001065,99176.77,25.74,0.025392
1891.231696,0.011233,-0.088578,0.019152,-9.822582,-9.823,0.00213,-0.005325,0.003195,99176.77,25.74,0.006267
1891.242911,0.011215,-0.069426,0.004788,-9.8154,-9.815647,0.001065,-0.005325,0.001065,99176.8,25.74,0.01362
1891.253999,0.011087,-0.069426,0.004788,-9.824976,-9.825222,0,-0.00426,0.00426,99176.8,25.74,0.004045
1891.265417,0.011418,-0.08379,0.01197,-9.841734,-9.842098,0.00213,-0.005325,0.003195,99176.8,25.74,-0.012831
1891.276397,0.010981,-0.105336,0.026334,-9.820188,-9.820788,0.00213,-0.00426,0.00213,99176.8,25.74,0.008479
1891.287686,0.011289,-0.067032,0,-9.801036,-9.801265,0.003195,-0.00852,0.003195,99176.8,25.74,0.028002
1891.298781,0.011095,-0.064638,0.007182,-9.8154,-9.815615,0.001065,-0.003195,0.00213,99176.8,25.74,0.013652
1891.31003,0.011249,-0.052668,0.002394,-9.813006,-9.813148,0.00213,-0.007455,0.001065,99176.8,25.74,0.016119
1891.321135,0.011105,-0.10773,0.028728,-9.832158,-9.83279,0,-0.005325,0.001065,99176.8,25.74,-0.003523
1891.332322,0.011187,-0.081396,0.002394,-9.83934,-9.839677,0.00213,-0.007455,0.00213,99176.8,25.74,-0.01041
1891.343564,0.011241,-0.08379,0.026334,-9.789066,-9.78946,0,-0.005325,0.00426,99176.8,25.74,0.039807
1891.354757,0.011194,-0.09576,0.01197,-9.8154,-9.815874,0,-0.003195,0.001065,99176.8,25.74,0.013393
1891.36596,0.011202,-0.050274,0.043092,-9.832158,-9.832381,0,-0.005325,0,99176.75,25.74,-0.003114
1891.37712,0.01116,-0.07182,0.019152,-9.813006,-9.813288,0.00213,-0.00426,0.001065,99176.75,25.74,0.015979
1891.388272,0.011152,-0.062244,0,-9.844128,-9.844325,0.00213,-0.005325,0.003195,99176.75,25.74,-0.015058
1891.399489,0.011217,-0.076608,0.007182,-9.832158,-9.832459,0.003195,-0.005325,0.001065,99176.75,25.74,-0.003192
1891.410602,0.011113,-0.064638,0.004788,-9.79146,-9.791675,0.00426,-0.00426,-0.001065,99176.75,25.74,0.037592
1891.42182,0.011218,-0.067032,0,-9.801036,-9.801265,0,-0.00426,0.00213,99176.75,25.74,0.028002
1891.433071,0.011251,-0.093366,0.004788,-9.834552,-9.834996,0.001065,-0.005325,0.001065,99176.72,25.74,-0.005729
1891.444194,0.011123,-0.064638,-0.002394,-9.829764,-9.829977,0.00213,-0.007455,0.003195,99176.72,25.74,-0.00071
1891.455527,0.011333,-0.062244,0.004788,-9.829764,-9.829962,0.00213,-0.005325,0.00213,99176.72,25.74,-0.000695
1891.466579,0.011052,-0.093366,-0.004788,-9.796248,-9.796694,0.001065,-0.005325,0.00213,99176.72,25.74,0.032573
1891.477757,0.011178,-0.069426,0.028728,-9.82737,-9.827657,0.00426,-0.005325,0.00213,99176.72,25.74,0.00161
1891.488924,0.011166,-0.07182,0.002394,-9.83934,-9.839602,0,-0.00213,0.003195,99176.72,25.74,-0.010335
1891.500218,0.011294,-0.064638,0,-9.834552,-9.834764,0.001065,-0.00426,0.001065,99176.72,25.74,-0.005497
1891.511269,0.011051,-0.064638,0.009576,-9.82737,-9.827587,0.003195,-0.005325,0,99176.72,25.74,0.00168
1891.522489,0.011221,-0.086184,0.028728,-9.829764,-9.830184,0.00213,-0.00639,0.001065,99176.72,25.74,-0.000917
1891.533742,0.011253,-0.067032,0.028728,-9.820188,-9.820459,0.001065,-0.007455,0.001065,99176.72,25.74,0.008808
1891.54486,0.011118,-0.076608,0.01197,-9.820188,-9.820494,0.00213,-0.00426,0.001065,99176.72,25.74,0.008773
1891.55613,0.01127,-0.098154,0.01197,-9.82737,-9.827867,-0.001065,-0.00426,0.00213,99176.75,25.74,0.0014
1891.567216,0.011085,-0.07182,0.016758,-9.834552,-9.834829,0.00213,-0.00639,0.003195,99176.75,25.74,-0.005562
1891.5784,0.011185,-0.067032,0.002394,-9.813006,-9.813235,0.001065,-0.00852,0.00426,99176.75,25.74,0.016032
1891.589611,0.011211,-0.067032,0.002394,-9.824976,-9.825205,0.001065,-0.00426,0.00213,99176.75,25.74,0.004062
1891.600785,0.011173,-0.08379,0.026334,-9.820188,-9.820581,0.003195,-0.00426,0.003195,99176.75,25.74,0.008686
1891.612006,0.011221,-0.062244,0.004788,-9.836946,-9.837144,0,-0.00639,0,99176.75,25.74,-0.007877
1891.623165,0.011159,-0.07182,0.009576,-9.817794,-9.818061,0,-0.00426,0,99176.77,25.74,0.011206
1891.634583,0.011419,-0.079002,0.009576,-9.793854,-9.794177,0.001065,-0.00852,0.00213,99176.77,25.74,0.03509
1891.6455,0.010917,-0.081396,-0.004788,-9.824976,-9.825314,0.00213,-0.003195,0.001065,99176.77,25.74,0.003953
1891.656701,0.011201,-0.07182,0.002394,-9.832158,-9.832421,0.00426,-0.00639,0.003195,99176.77,25.74,-0.003154
1891.668031,0.011329,-0.076608,0.004788,-9.813006,-9.813306,0.00213,-0.00426,0.00213,99176.77,25.74,0.015961
1891.679104,0.011074,-0.09576,-0.004788,-9.801036,-9.801505,0.001065,-0.005325,0.003195,99176.71,25.74,0.027762
1891.690266,0.011161,-0.093366,0.01197,-9.848916,-9.849366,0,-0.00639,0,99176.71,25.74,-0.020099
1891.70147,0.011204,-0.093366,0.009576,-9.810612,-9.811061,0,-0.00426,0,99176.71,25.74,0.018206
1891.712585,0.011115,-0.04788,-0.004788,-9.808218,-9.808336,0.001065,-0.00639,0.00213,99176.71,25.74,0.020931
1891.723903,0.011318,-0.100548,0.002394,-9.82737,-9.827885,0.00213,-0.00639,0.003195,99176.71,25.74,0.001382
1891.735779,0.011876,-0.102942,0.009576,-9.832158,-9.832702,0,-0.005325,0.001065,99176.71,25.74,-0.003435
1891.746278,0.010499,-0.09576,0.016758,-9.810612,-9.811094,0.00213,-0.005325,0.001065,99176.77,25.74,0.018173
1891.757356,0.011077,-0.124488,-0.004788,-9.813006,-9.813797,0.00213,-0.00639,0.001065,99176.77,25.74,0.01547
1891.768574,0.011219,-0.086184,0.021546,-9.813006,-9.813408,0,-0.00426,0.00213,99176.77,25.74,0.015859
1891.779794,0.01122,-0.102942,0.004788,-9.82737,-9.82791,0.00426,-0.003195,0.00426,99176.77,25.74,0.001357
1891.789893,0.010099,-0.04788,0.007182,-9.805824,-9.805944,0.00213,-0.00639,0,99176.77,25.74,0.023323
1891.800141,0.010247,-0.08379,0.028728,-9.813006,-9.813406,0,-0.00639,0.00213,99176.77,25.74,0.015861
1891.810505,0.010364,-0.100548,0,-9.813006,-9.813521,0.00213,-0.00639,0,99176.77,25.74,0.015746
1891.820695,0.01019,-0.074214,0.002394,-9.834552,-9.834832,0.003195,-0.007455,0.001065,99176.77,25.74,-0.005565
1891.830836,0.010141,-0.098154,0.01197,-9.844128,-9.844625,0.001065,-0.005325,-0.001065,99176.77,25.74,-0.015358
1891.840934,0.010098,-0.055062,0.045486,-9.834552,-9.834811,0.00213,-0.00426,0,99176.77,25.74,-0.005544
1891.851029,0.010095,-0.067032,0.019152,-9.832158,-9.832405,-0.001065,-0.007455,0.00213,99176.77,25.74,-0.003138
1891.861122,0.010093,-0.090972,0.007182,-9.82737,-9.827794,0.003195,-0.00426,0.00426,99176.77,25.74,0.001473
1891.871224,0.010102,-0.052668,0.004788,-9.784278,-9.784421,0.00213,-0.007455,0.00426,99176.83,25.74,0.044846
1891.881314,0.01009,-0.045486,-0.021546,-9.824976,-9.825105,0.00426,-0.005325,0,99176.83,25.74,0.004162
1891.891428,0.010114,-0.086184,0.007182,-9.82737,-9.827751,0.003195,-0.007455,0.00213,99176.83,25.74,0.001516
1891.901583,0.010155,-0.069426,0.026334,-9.848916,-9.849196,0.00213,-0.003195,0.00213,99176.83,25.74,-0.019929
1891.911667,0.010084,-0.076608,-0.01197,-9.80343,-9.803737,0.00213,-0.00852,0.00213,99176.83,25.74,0.02553
1891.921773,0.010106,-0.08379,0.01197,-9.822582,-9.822947,0.001065,-0.005325,0.00213,99176.83,25.74,0.00632
1891.931889,0.010117,-0.076608,-0.014364,-9.80343,-9.80374,0.003195,-0.00639,0.003195,99176.83,25.74,0.025527
1891.941996,0.010107,-0.114912,0.002394,-9.82737,-9.828042,-0.001065,-0.00426,0,99176.88,25.74,0.001225
1891.9521,0.010104,-0.081396,0.004788,-9.798642,-9.798981,0.003195,-0.005325,0.001065,99176.88,25.74,0.030286
1891.962307,0.010207,-0.079002,-0.009576,-9.846522,-9.846844,0,-0.00426,0.001065,99176.88,25.74,-0.017577
1891.972405,0.010098,-0.076608,-0.002394,-9.817794,-9.818093,0.00213,-0.007455,0.00213,99176.88,25.74,0.011174
1891.982502,0.010097,-0.076608,0.009576,-9.798642,-9.798946,0.00213,-0.00852,0,99176.88,25.74,0.030321
1891.992586,0.010085,-0.074214,-0.002394,-9.813006,-9.813287,0.00213,-0.00426,0.00213,99176.88,25.74,0.01598
1892.002684,0.010097,-0.090972,0.007182,-9.824976,-9.8254,-0.001065,-0.00213,0.001065,99176.91,25.74,0.003867
1892.014646,0.011962,-0.09576,0.038304,-9.824976,-9.825517,0.003195,-0.00426,0.003195,99176.91,25.74,0.00375
1892.025896,0.011251,-0.062244,0.009576,-9.8154,-9.815602,0.001065,-0.00639,0.003195,99176.91,25.74,0.013665
1892.036995,0.011099,-0.093366,-0.019152,-9.822582,-9.823044,0.00213,-0.007455,0.003195,99176.91,25.74,0.006223
1892.048141,0.011146,-0.102942,0.002394,-9.80343,-9.803971,0.001065,-0.007455,-0.00213,99176.91,25.74,0.025296
1892.05943,0.011289,-0.074214,-0.014364,-9.822582,-9.822873,0,-0.00639,0.001065,99176.91,25.74,0.006394
1892.070534,0.011104,-0.062244,0,-9.796248,-9.796446,0,-0.00426,0.00213,99176.9,25.74,0.032821
1892.081667,0.011133,-0.088578,-0.026334,-9.8154,-9.815835,0.001065,-0.003195,0,99176.9,25.74,0.013432
1892.092857,0.01119,-0.079002,0.02394,-9.834552,-9.834898,0.00213,-0.00639,0.003195,99176.9,25.74,-0.005631
1892.104091,0.011233,-0.05985,-0.007182,-9.817794,-9.817979,0.001065,-0.005325,0.001065,99176.9,25.74,0.011288
1892.11532,0.011229,-0.074214,0.02394,-9.813006,-9.813316,0.00213,-0.00426,0.00213,99176.9,25.74,0.015951
1892.126471,0.011151,-0.088578,0.014364,-9.834552,-9.834961,0.001065,-0.00639,0.001065,99176.9,25.74,-0.005694
1892.137788,0.011317,-0.086184,0.014364,-9.832158,-9.832546,0,-0.003195,0.00213,99176.9,25.74,-0.003279
1892.148779,0.010991,-0.04788,0,-9.841734,-9.84185,0.00213,-0.003195,0.005325,99176.9,25.74,-0.012583
1892.160021,0.011242,-0.076608,0.021546,-9.820188,-9.82051,0.00213,-0.003195,0.00213,99176.9,25.74,0.008757
1892.17122,0.011199,-0.079002,0.002394,-9.836946,-9.837264,0.001065,-0.00213,0.003195,99176.9,25.74,-0.007997
1892.182533,0.011313,-0.100548,0.007182,-9.813006,-9.813524,0,-0.00426,0.003195,99176.9,25.74,0.015743
1892.193653,0.01112,-0.057456,0.002394,-9.808218,-9.808387,-0.00213,-0.005325,0.00426,99176.87,25.74,0.02088
1892.204779,0.011126,-0.069426,0.004788,-9.832158,-9.832404,0.001065,-0.005325,0.001065,99176.87,25.74,-0.003137
1892.215921,0.011142,-0.079002,0.016758,-9.80343,-9.803763,0.001065,-0.00426,0,99176.87,25.74,0.025504
1892.227183,0.011262,-0.081396,0.007182,-9.805824,-9.806164,0.003195,-0.00639,0.005325,99176.87,25.74,0.023103
1892.238313,0.01113,-0.081396,0.014364,-9.822582,-9.82293,0,-0.007455,0,99176.87,25.74,0.006337
1892.249461,0.011148,-0.086184,-0.002394,-9.824976,-9.825354,0.003195,-0.005325,0.00213,99176.87,25.74,0.003913
1892.260639,0.011178,-0.055062,0.028728,-9.829764,-9.82996,0.001065,-0.005325,0.001065,99176.79,25.74,-0.000693
1892.271859,0.01122,-0.05985,0.004788,-9.820188,-9.820372,0.00213,-0.005325,0.00426,99176.79,25.74,0.008895
1892.283142,0.011283,-0.090972,0,-9.808218,-9.80864,0.00213,-0.005325,0.001065,99176.79,25.74,0.020627
1892.29429,0.011148,-0.067032,-0.01197,-9.834552,-9.834788,0.001065,-0.00426,0.003195,99176.79,25.74,-0.005521
1892.305366,0.011077,-0.09576,0.007182,-9.824976,-9.825445,0.00213,-0.00639,0.001065,99176.79,25.74,0.003822
1892.316562,0.011196,-0.045486,-0.007182,-9.798642,-9.79875,0.001065,-0.005325,0.001065,99176.77,25.74,0.030517
1892.327769,0.011207,-0.069426,0.004788,-9.824976,-9.825222,0.00213,-0.00639,0.003195,99176.77,25.74,0.004045
1892.338977,0.011208,-0.076608,0.007182,-9.8154,-9.815702,0,-0.005325,0.001065,99176.77,25.74,0.013565
1892.3501,0.011124,-0.098154,-0.002394,-9.82737,-9.82786,0.001065,-0.00639,0.00213,99176.77,25.74,0.001407
1892.361309,0.011208,-0.079002,-0.007182,-9.805824,-9.806145,0,-0.00426,0,99176.77,25.74,0.023122
1892.372606,0.011297,-0.081396,0,-9.80343,-9.803768,0.00213,-0.003195,0.00426,99176.77,25.74,0.025499
1892.383991,0.011385,-0.093366,0.009576,-9.820188,-9.820636,0.00213,-0.00639,0.003195,99176.79,25.74,0.008631
1892.394982,0.01099,-0.050274,0.01197,-9.810612,-9.810748,0.00213,-0.005325,0.00213,99176.79,25.74,0.018519
1892.406037,0.011055,-0.088578,0.016758,-9.80343,-9.803844,0.001065,-0.00639,0.001065,99176.79,25.74,0.025423
1892.417383,0.011346,-0.074214,-0.009576,-9.832158,-9.832443,0.001065,-0.00639,0.00213,99176.79,25.74,-0.003176
1892.428446,0.011064,-0.057456,0.014364,-9.834552,-9.83473,0.001065,-0.005325,0,99176.79,25.74,-0.005463
1892.439629,0.011183,-0.064638,0.014364,-9.810612,-9.810835,0.00213,-0.00426,0.001065,99176.79,25.74,0.018432
1892.450862,0.011233,-0.093366,0,-9.832158,-9.832601,0.003195,-0.005325,0.001065,99176.79,25.74,-0.003334
1892.461981,0.011119,-0.045486,0.01197,-9.846522,-9.846634,0.001065,-0.003195,0.003195,99176.79,25.74,-0.017367
1892.473216,0.011234,-0.090972,0.004788,-9.798642,-9.799065,0.00213,-0.005325,0,99176.79,25.74,0.030202
1892.484321,0.011105,-0.08379,0.01197,-9.817794,-9.818159,0.003195,-0.00639,0.00213,99176.79,25.74,0.011108
1892.495644,0.011323,-0.088578,0.009576,-9.817794,-9.818198,0.00213,-0.00639,0.00213,99176.79,25.74,0.011069
1892.506727,0.011083,-0.102942,0.002394,-9.810612,-9.811152,0.001065,-0.003195,-0.001065,99176.79,25.74,0.018115
1892.517889,0.011161,-0.062244,-0.007182,-9.820188,-9.820388,0.003195,-0.005325,0.003195,99176.74,25.74,0.008879
1892.529192,0.011304,-0.079002,0.014364,-9.805824,-9.806153,0.001065,-0.00639,0,99176.74,25.74,0.023114
1892.540255,0.011062,-0.105336,0.02394,-9.82737,-9.827964,0.00213,-0.003195,0.001065,99176.74,25.74,0.001303
1892.55145,0.011195,-0.055062,0.021546,-9.836946,-9.837124,0.001065,-0.007455,0.00426,99176.74,25.74,-0.007857
1892.562707,0.011257,-0.07182,0.004788,-9.8154,-9.815664,0.001065,-0.005325,0.00213,99176.74,25.74,0.013603
1892.573948,0.011241,-0.076608,0.019152,-9.829764,-9.830081,0.00213,-0.00426,0.00426,99176.56,25.74,-0.000814
1892.585041,0.011093,-0.088578,0.019152,-9.805824,-9.806243,-0.001065,-0.005325,-0.001065,99176.56,25.74,0.023024
1892.596285,0.011245,-0.08379,0.016758,-9.844128,-9.844499,0.001065,-0.00639,0.00426,99176.56,25.74,-0.015232
1892.607385,0.0111,-0.110124,0.019152,-9.83934,-9.839975,0.00213,-0.005325,0.00213,99176.56,25.74,-0.010708
1892.618618,0.011233,-0.112518,-0.002394,-9.79146,-9.792107,0.00213,-0.00213,0.00213,99176.56,25.74,0.03716
1892.63002,0.011402,-0.074214,0.01197,-9.824976,-9.825264,0.00213,-0.007455,0.001065,99176.56,25.74,0.004003
1892.640914,0.010895,-0.079002,0,-9.813006,-9.813324,0.001065,-0.003195,0.00213,99176.66,25.74,0.015943
1892.652117,0.011203,-0.08379,0.004788,-9.822582,-9.822941,0.00213,-0.00639,0,99176.66,25.74,0.006326
1892.663315,0.011198,-0.062244,0.014364,-9.844128,-9.844335,0.00213,-0.00639,0,99176.66,25.74,-0.015068
1892.674676,0.011361,-0.076608,0.02394,-9.834552,-9.83488,0.00213,-0.00639,0.001065,99176.66,25.74,-0.005613
1892.685829,0.011152,-0.062244,0.004788,-9.8154,-9.815599,0.00213,-0.003195,0.001065,99176.66,25.74,0.013668
1892.696848,0.01102,-0.067032,0,-9.83934,-9.839568,-0.001065,-0.005325,0.003195,99176.66,25.74,-0.010301
1892.708375,0.011527,-0.069426,0.007182,-9.813006,-9.813254,0.003195,-0.005325,0.001065,99176.66,25.74,0.016013
1892.719274,0.010899,-0.069426,0.002394,-9.820188,-9.820434,0.001065,-0.00639,0.00213,99176.66,25.74,0.008833
1892.730442,0.011168,-0.093366,0,-9.8154,-9.815844,0.00213,-0.005325,0.001065,99176.66,25.74,0.013423
1892.741563,0.011122,-0.064638,0.009576,-9.8154,-9.815618,0.003195,-0.005325,0.003195,99176.66,25.74,0.013649
1892.752776,0.011212,-0.064638,0.009576,-9.810612,-9.81083,0.00213,-0.00426,0.003195,99176.66,25.74,0.018437
1892.764048,0.011272,-0.069426,0.019152,-9.822582,-9.822846,0.001065,-0.00426,0.001065,99176.66,25.74,0.006421
1892.775229,0.011181,-0.064638,-0.009576,-9.798642,-9.79886,0.00213,-0.005325,0.005325,99176.59,25.74,0.030407
1892.786375,0.011146,-0.08379,0.007182,-9.808218,-9.808579,0.00213,-0.00426,0.00426,99176.59,25.74,0.020688
1892.797645,0.011271,-0.076608,-0.004788,-9.813006,-9.813306,0.001065,-0.003195,0,99176.59,25.74,0.015961
1892.808676,0.01103,-0.064638,0.004788,-9.801036,-9.80125,0.001065,-0.00639,0.003195,99176.59,25.74,0.028017
1892.820212,0.011536,-0.050274,0.004788,-9.82737,-9.8275,0.00213,-0.007455,0.003195,99176.59,25.74,0.001767
1892.83139,0.011178,-0.088578,0.01197,-9.822582,-9.822989,0.00213,-0.007455,0.00213,99176.59,25.74,0.006278
1892.842336,0.010946,-0.069426,0.01197,-9.824976,-9.825229,0.00213,-0.005325,0,99176.59,25.74,0.004038
1892.853554,0.011219,-0.08379,0.01197,-9.813006,-9.813371,0.001065,-0.007455,0.00213,99176.59,25.74,0.015896
1892.864608,0.011053,-0.079002,0.019152,-9.820188,-9.820524,0.001065,-0.007455,0.00213,99176.59,25.74,0.008743
1892.875917,0.011309,-0.098154,-0.007182,-9.817794,-9.818287,-0.001065,-0.00852,0.001065,99176.59,25.74,0.01098
1892.887185,0.011268,-0.090972,-0.004788,-9.805824,-9.806247,0,-0.00426,0.00213,99176.59,25.74,0.02302
1892.898311,0.011126,-0.090972,-0.009576,-9.8154,-9.815826,0,-0.00639,0.001065,99176.67,25.74,0.013441
1892.909472,0.011161,-0.07182,0.021546,-9.848916,-9.849201,0.00213,-0.005325,0.001065,99176.67,25.74,-0.019934
1892.920536,0.011064,-0.081396,-0.009576,-9.832158,-9.8325,0.001065,-0.00426,0,99176.67,25.74,-0.003233
1892.931721,0.011186,-0.052668,-0.016758,-9.836946,-9.837101,0.00213,-0.00639,0.00213,99176.67,25.74,-0.007834
1892.94293,0.011209,-0.076608,0.026334,-9.801036,-9.801371,0.003195,-0.007455,0.00213,99176.67,25.74,0.027896
1892.954177,0.011247,-0.079002,-0.016758,-9.85131,-9.851641,0.00213,-0.00852,0.003195,99176.67,25.74,-0.022374
1892.965985,0.011808,-0.08379,0.01197,-9.820188,-9.820553,0,-0.005325,0.001065,99176.66,25.74,0.008714
1892.976485,0.010499,-0.08379,0.007182,-9.781884,-9.782245,0.003195,-0.005325,0.00213,99176.66,25.74,0.047022
1892.98773,0.011245,-0.09576,0.009576,-9.808218,-9.80869,0.00213,-0.00852,0.003195,99176.66,25.74,0.020577
1892.998875,0.011146,-0.057456,0.01197,-9.76752,-9.767696,0.00213,-0.00639,0.00213,99176.66,25.74,0.061571
1893.010011,0.011135,-0.052668,-0.016758,-9.76752,-9.767676,0.001065,-0.00426,0.00213,99176.66,25.74,0.061591
1893.021323,0.011312,-0.079002,-0.002394,-9.77949,-9.779809,0.001065,-0.007455,0.001065,99176.66,25.74,0.049458
1893.032487,0.011164,-0.050274,0.004788,-9.796248,-9.796378,0.001065,-0.007455,0.001065,99176.72,25.74,0.032889
1893.043958,0.011471,-0.086184,0.040698,-9.777096,-9.777561,0.001065,-0.005325,0.001065,99176.72,25.74,0.051706
1893.05533,0.011372,-0.08379,0.021546,-9.777096,-9.777479,0.001065,-0.00426,0,99176.72,25.74,0.051788
1893.065942,0.010612,-0.112518,0.038304,-9.796248,-9.796969,0.00213,-0.00426,0.001065,99176.72,25.74,0.032298
1893.077206,0.011264,-0.100548,0.03591,-9.813006,-9.813587,-0.001065,-0.005325,0.00213,99176.72,25.74,0.01568
1893.088415,0.011209,-0.098154,0.026334,-9.841734,-9.842259,0,-0.007455,0.001065,99176.77,25.74,-0.012992
1893.099528,0.011114,-0.088578,0.014364,-9.844128,-9.844537,0,-0.00426,-0.001065,99176.77,25.74,-0.01527
1893.110719,0.011191,-0.093366,0.021546,-9.824976,-9.825443,0.003195,-0.007455,0,99176.77,25.74,0.003824
1893.122383,0.011664,-0.081396,0.03591,-9.80343,-9.803834,0,-0.00426,0,99176.77,25.74,0.025433
1893.133032,0.010648,-0.079002,0.01197,-9.82737,-9.827695,0.00213,-0.005325,0.001065,99176.77,25.74,0.001572
1893.144592,0.01156,-0.086184,0.02394,-9.801036,-9.801444,0.001065,-0.00639,0,99176.77,25.74,0.027823
1893.15552,0.010928,-0.079002,-0.004788,-9.808218,-9.808537,0.001065,-0.00639,0.003195,99176.77,25.74,0.02073
1893.166622,0.011103,-0.062244,-0.004788,-9.79146,-9.791659,0.001065,-0.005325,-0.003195,99176.77,25.74,0.037608
1893.177784,0.011162,-0.04788,0.007182,-9.784278,-9.784398,-0.001065,-0.005325,0,99176.77,25.74,0.044869
1893.188972,0.011188,-0.026334,0.009576,-9.781884,-9.781924,-0.001065,-0.00639,0.00213,99176.77,25.74,0.047343
1893.20036,0.011388,-0.016758,-0.033516,-9.817794,-9.817866,0.003195,-0.00426,0.00213,99176.77,25.74,0.011401
1893.211614,0.011254,-0.069426,0.02394,-9.798642,-9.798917,-0.001065,-0.00213,0.001065,99176.77,25.74,0.03035
1893.221715,0.010101,-0.081396,-0.004788,-9.832158,-9.832496,-0.001065,-0.005325,0,99176.93,25.74,-0.003229
1893.231796,0.010081,-0.09576,0.002394,-9.858492,-9.858957,0,-0.003195,0.00213,99176.93,25.74,-0.02969
1893.241886,0.01009,-0.069426,-0.009576,-9.865674,-9.865923,0,-0.00639,0,99176.93,25.74,-0.036656
1893.251996,0.01011,-0.098154,-0.007182,-9.908766,-9.909255,0.00213,-0.00426,0.003195,99176.93,25.74,-0.079988
1893.262117,0.010121,-0.100548,-0.031122,-9.903978,-9.904537,0.001065,-0.003195,-0.001065,99176.93,25.74,-0.07527
1893.272218,0.010101,-0.08379,-0.028728,-9.903978,-9.904374,0,-0.005325,0.003195,99176.93,25.74,-0.075107
1893.282365,0.010147,-0.129276,-0.009576,-9.892008,-9.892857,0,-0.00426,0.00213,99176.85,25.74,-0.06359
1893.29252,0.010155,-0.134064,0.002394,-9.892008,-9.892917,0.001065,-0.00852,0.00426,99176.85,25.74,-0.06365
1893.302616,0.010096,-0.129276,-0.002394,-9.868068,-9.868915,0.00426,-0.00639,0.00426,99176.85,25.74,-0.039648
1893.312786,0.010171,-0.13167,-0.004788,-9.87525,-9.876129,0.00213,-0.00426,0.001065,99176.85,25.74,-0.046862
1893.322878,0.010091,-0.079002,-0.01197,-9.853704,-9.854028,0.001065,-0.005325,0.00213,99176.85,25.74,-0.024761
1893.332981,0.010103,-0.074214,-0.02394,-9.82737,-9.827679,0.00213,-0.005325,0.00213,99176.85,25.74,0.001588
1893.343073,0.010092,-0.086184,-0.014364,-9.808218,-9.808607,0.005325,-0.00852,0.00213,99176.77,25.74,0.02066
1893.353217,0.010144,-0.074214,-0.01197,-9.786672,-9.786961,0.00213,-0.00426,0.003195,99176.77,25.74,0.042306
1893.363306,0.010088,-0.069426,-0.014364,-9.789066,-9.789323,0.00213,-0.00639,0.003195,99176.77,25.74,0.039944
1893.373454,0.010148,-0.081396,-0.021546,-9.777096,-9.777459,0.00213,-0.003195,0,99176.77,25.74,0.051808
1893.383552,0.010098,-0.016758,-0.026334,-9.772308,-9.772358,0,-0.00426,0,99176.77,25.74,0.056909
1893.393647,0.010095,-0.04788,0.016758,-9.745974,-9.746106,0.001065,-0.00639,0.00213,99176.77,25.74,0.083161
1893.403782,0.010135,-0.07182,0.004788,-9.724428,-9.724694,0.00213,-0.00639,0.003195,99176.77,25.74,0.104573
1893.414026,0.010244,-0.050274,0.019152,-9.777096,-9.777244,0,-0.00426,0,99176.82,25.74,0.052023
1893.424113,0.010087,-0.057456,0.031122,-9.748368,-9.748587,0,-0.005325,0.003195,99176.82,25.74,0.08068
1893.434175,0.010061,-0.04788,0.021546,-9.789066,-9.789207,0.003195,-0.005325,0.003195,99176.82,25.74,0.04006
1893.446225,0.01205,-0.07182,0.03591,-9.80343,-9.803759,0,-0.00426,0.00426,99176.82,25.74,0.025508
1893.457408,0.011184,-0.052668,0.076608,-9.841734,-9.842173,0.001065,-0.005325,0.00213,99176.82,25.74,-0.012906
1893.468718,0.01131,-0.069426,0.043092,-9.846522,-9.846861,0.003195,-0.00639,0.003195,99176.82,25.74,-0.017594
1893.479807,0.011089,-0.069426,0.04788,-9.858492,-9.858853,0.001065,-0.005325,0.00426,99176.82,25.74,-0.029586
1893.490943,0.011136,-0.062244,0.021546,-9.848916,-9.849136,0.001065,-0.00639,0.003195,99176.82,25.74,-0.019869
1893.502171,0.011228,-0.090972,0.043092,-9.858492,-9.859006,0.001065,-0.00639,0.001065,99176.82,25.74,-0.029739
1893.51345,0.011279,-0.098154,0.028728,-9.896796,-9.897324,0,-0.005325,0,99176.82,25.74,-0.068057
1893.524496,0.011046,-0.114912,0.045486,-9.872856,-9.873629,0.003195,-0.00426,0.003195,99176.82,25.74,-0.044362
1893.536026,0.01153,-0.074214,0.002394,-9.884826,-9.885105,0.003195,-0.005325,0.00426,99176.77,25.74,-0.055838
1893.546907,0.010881,-0.10773,-0.002394,-9.853704,-9.854293,-0.001065,-0.003195,-0.001065,99176.77,25.74,-0.025026
1893.5581,0.011192,-0.09576,-0.004788,-9.872856,-9.873322,0.001065,-0.00639,0.001065,99176.77,25.74,-0.044055
1893.56936,0.01126,-0.105336,-0.014364,-9.824976,-9.825551,0.00213,-0.007455,0,99176.77,25.74,0.003716
1893.58042,0.01106,-0.102942,-0.033516,-9.82737,-9.827966,0.001065,-0.005325,0.001065,99176.77,25.74,0.001301
1893.591711,0.011291,-0.10773,-0.050274,-9.793854,-9.794576,0.001065,-0.00426,0.003195,99176.77,25.74,0.034691
1893.602846,0.011135,-0.093366,-0.031122,-9.757944,-9.75844,0.003195,-0.005325,0.00213,99176.77,25.74,0.070827
1893.6141,0.011255,-0.100548,-0.050274,-9.760338,-9.760985,-0.001065,-0.003195,0.003195,99176.77,25.74,0.068282
1893.625202,0.011102,-0.086184,-0.01197,-9.760338,-9.760726,0.003195,-0.007455,0.003195,99176.77,25.74,0.068541
1893.636474,0.011272,-0.03591,-0.028728,-9.741186,-9.741295,0.001065,-0.00213,0.001065,99176.77,25.74,0.087972
1893.647631,0.011157,-0.01197,-0.007182,-9.77949,-9.7795,0.00426,-0.005325,0.001065,99176.77,25.74,0.049767
1893.65881,0.011179,-0.016758,-0.038304,-9.753156,-9.753246,0.00213,-0.005325,0.00213,99176.77,25.74,0.076021
1893.670007,0.011198,-0.045486,0.055062,-9.765126,-9.765387,0.001065,-0.00639,0.003195,99176.91,25.74,0.06388
1893.681093,0.011086,-0.08379,0.064638,-9.834552,-9.835121,0.003195,-0.00639,0.005325,99176.91,25.74,-0.005854
1893.692277,0.011184,-0.093366,0.079002,-9.846522,-9.847282,0.001065,-0.003195,0.001065,99176.91,25.74,-0.018015
1893.703504,0.011227,-0.064638,0.079002,-9.868068,-9.868596,0.00213,-0.00213,0,99176.91,25.74,-0.039329
1893.714742,0.011238,-0.062244,0.07182,-9.906372,-9.906828,0.003195,-0.00426,0.001065,99176.91,25.74,-0.077561
1893.725876,0.011134,-0.057456,0.062244,-9.944676,-9.945037,0.00213,-0.00639,0.00213,99176.91,25.74,-0.11577
1893.737051,0.011176,-0.05985,0.07182,-9.91116,-9.911601,0.001065,-0.007455,-0.00213,99176.91,25.74,-0.082334
1893.748324,0.011273,-0.088578,0.040698,-9.944676,-9.945154,0.00426,-0.007455,0.00213,99176.91,25.74,-0.115887
1893.759519,0.011195,-0.08379,0.067032,-9.868068,-9.868651,0.003195,-0.00639,0.003195,99176.91,25.74,-0.039384
1893.770794,0.011275,-0.086184,0.045486,-9.836946,-9.837429,0.00213,-0.00426,0,99176.91,25.74,-0.008162
1893.781796,0.011002,-0.090972,0.038304,-9.848916,-9.849411,0.00213,-0.00426,0.001065,99176.91,25.74,-0.020144
1893.792936,0.01114,-0.057456,0.01197,-9.80343,-9.803606,0.00213,-0.00213,0.001065,99176.91,25.74,0.025661
1893.804158,0.011222,-0.052668,0.021546,-9.774702,-9.774868,0,-0.00639,0.001065,99176.91,25.74,0.054399
1893.815429,0.011271,-0.079002,-0.007182,-9.784278,-9.7846,0.00213,-0.00213,0.001065,99176.91,25.74,0.044667
1893.826564,0.011135,-0.098154,-0.038304,-9.738792,-9.739362,0,-0.005325,0.001065,99176.91,25.74,0.089905
1893.837737,0.011173,-0.100548,-0.026334,-9.738792,-9.739347,0.00213,-0.00639,0.00213,99176.91,25.74,0.08992
1893.848886,0.011149,-0.110124,-0.043092,-9.73161,-9.732328,0.00213,-0.00426,0.00213,99176.8,25.74,0.096939
1893.860077,0.011191,-0.1197,-0.04788,-9.724428,-9.725283,0.001065,-0.005325,0.003195,99176.8,25.74,0.103984
1893.871262,0.011186,-0.1197,-0.069426,-9.724428,-9.725412,0.00426,-0.00426,0.001065,99176.8,25.74,0.103855
1893.882437,0.011174,-0.112518,-0.064638,-9.76752,-9.768382,0.003195,-0.005325,0.00426,99176.8,25.74,0.060885
1893.893615,0.011178,-0.079002,-0.05985,-9.793854,-9.794355,0.001065,-0.005325,0,99176.8,25.74,0.034912
1893.904875,0.01126,-0.081396,-0.090972,-9.784278,-9.785039,0.00426,-0.005325,0,99176.8,25.74,0.044228
1893.916021,0.011146,-0.093366,-0.062244,-9.853704,-9.854343,0.00213,-0.00852,0.00213,99176.79,25.74,-0.025076
1893.927168,0.011147,-0.086184,-0.069426,-9.872856,-9.873476,0.00213,-0.005325,0.003195,99176.79,25.74,-0.044209
1893.938388,0.011219,-0.086184,-0.062244,-9.858492,-9.859065,0.001065,-0.007455,0.00213,99176.79,25.74,-0.029798
1893.9496,0.011212,-0.079002,-0.045486,-9.918342,-9.918761,0.003195,-0.005325,0.003195,99176.79,25.74,-0.089494
1893.960741,0.011142,-0.043092,-0.026334,-9.920736,-9.920865,0.00213,-0.00639,0.00213,99176.79,25.74,-0.091598
1893.971976,0.011235,-0.040698,0.007182,-9.918342,-9.918428,0.003195,-0.005325,0.001065,99176.79,25.74,-0.089161
1893.9832,0.011224,-0.028728,0.014364,-9.860886,-9.860938,0.00213,-0.005325,0.003195,99177.02,25.74,-0.031671
1893.994329,0.011129,-0.028728,0.004788,-9.86328,-9.863323,0.00213,-0.007455,0.001065,99177.02,25.74,-0.034056
1894.005426,0.011097,-0.04788,0.045486,-9.844128,-9.84435,0.001065,-0.003195,0.001065,99177.02,25.74,-0.015083
1894.016753,0.011327,-0.062244,0.040698,-9.798642,-9.798924,0,-0.005325,0.003195,99177.02,25.74,0.030343
1894.027821,0.011068,-0.069426,0.064638,-9.817794,-9.818252,0.00213,-0.00639,0.00213,99177.02,25.74,0.011015
1894.039115,0.011294,-0.021546,0.069426,-9.796248,-9.796518,0.00213,-0.003195,0.003195,99176.94,25.74,0.032749
1894.050286,0.011171,-0.08379,0.08379,-9.777096,-9.777814,0.001065,-0.00426,0.00213,99176.94,25.74,0.051453
1894.061421,0.011135,-0.081396,0.088578,-9.765126,-9.765867,0.001065,-0.00639,0.001065,99176.94,25.74,0.0634
1894.072548,0.011127,-0.114912,0.110124,-9.760338,-9.761636,0.001065,-0.007455,0.001065,99176.94,25.74,0.067631
1894.083756,0.011208,-0.138852,0.102942,-9.784278,-9.785805,0.001065,-0.00426,0.00426,99176.94,25.74,0.043462
1894.095314,0.011558,-0.10773,0.079002,-9.76752,-9.768434,0.00213,-0.00426,0.003195,99176.94,25.74,0.060833
1894.106171,0.010858,-0.1197,0.038304,-9.796248,-9.797054,-0.001065,-0.005325,-0.001065,99176.94,25.74,0.032213
1894.117323,0.011151,-0.105336,0.002394,-9.80343,-9.803996,0.00213,-0.00639,0,99176.94,25.74,0.025271
1894.12851,0.011188,-0.102942,-0.007182,-9.798642,-9.799185,0.00426,-0.00639,0.001065,99176.94,25.74,0.030082
1894.139736,0.011226,-0.067032,-0.002394,-9.810612,-9.810841,0.00213,-0.011715,0.001065,99176.94,25.74,0.018426
1894.150873,0.011137,-0.098154,-0.026334,-9.829764,-9.830289,0.00213,-0.005325,0.001065,99176.94,25.74,-0.001022
1894.162035,0.011162,-0.117306,-0.031122,-9.856098,-9.856845,0.00213,-0.007455,0.001065,99176.94,25.74,-0.027578
1894.173314,0.011278,-0.074214,-0.009576,-9.872856,-9.87314,0.00213,-0.003195,0.001065,99176.98,25.74,-0.043873
1894.184413,0.011099,-0.05985,-0.033516,-9.892008,-9.892246,0.001065,-0.003195,0.00213,99176.98,25.74,-0.062979
1894.195765,0.011352,-0.026334,-0.05985,-9.880038,-9.880254,0.00213,-0.00639,0,99176.98,25.74,-0.050987
1894.206814,0.01105,-0.040698,-0.052668,-9.927918,-9.928141,0.00213,-0.00639,0.00213,99176.98,25.74,-0.098874
1894.218078,0.011263,-0.050274,-0.057456,-9.920736,-9.92103,0.00213,-0.00639,0.001065,99176.98,25.74,-0.091763
1894.229162,0.011084,-0.055062,-0.069426,-9.870462,-9.87086,0.00213,-0.00426,0.005325,99176.83,25.74,-0.041593
1894.239244,0.010082,-0.114912,-0.021546,-9.868068,-9.868761,0,-0.00426,0,99176.83,25.74,-0.039494
1894.249354,0.010109,-0.07182,-0.026334,-9.853704,-9.854001,0,-0.00639,0.00426,99176.83,25.74,-0.024734
1894.259532,0.010178,-0.064638,-0.03591,-9.810612,-9.810891,0.003195,-0.00426,0.001065,99176.83,25.74,0.018376
1894.269616,0.010083,-0.086184,-0.019152,-9.83934,-9.839736,0.001065,-0.00426,0.001065,99176.83,25.74,-0.010469
1894.279708,0.010092,-0.052668,0.021546,-9.789066,-9.789231,0.00213,-0.005325,0.001065,99176.83,25.74,0.040036
1894.289804,0.010095,-0.088578,0.014364,-9.774702,-9.775114,0.00213,-0.00426,0.00213,99176.83,25.74,0.054153
1894.300062,0.010258,-0.069426,0.03591,-9.741186,-9.7415,0.00426,-0.007455,0.003195,99176.87,25.74,0.087767
1894.310192,0.01013,-0.076608,0.043092,-9.745974,-9.74637,0.00426,-0.003195,0.003195,99176.87,25.74,0.082897
1894.320293,0.010101,-0.098154,0.062244,-9.724428,-9.725123,0.001065,-0.00639,0,99176.87,25.74,0.104144
1894.330377,0.010084,-0.088578,0.076608,-9.75555,-9.756253,0,-0.00639,0.00213,99176.87,25.74,0.073014
1894.340509,0.010132,-0.093366,0.057456,-9.762732,-9.763348,0.001065,-0.003195,0.001065,99176.87,25.74,0.065919
1894.350598,0.010089,-0.079002,0.07182,-9.784278,-9.784861,0.001065,-0.00639,0.001065,99176.87,25.74,0.044406
1894.360745,0.010148,-0.102942,0.038304,-9.808218,-9.808833,0.003195,-0.005325,0.00213,99176.93,25.74,0.020434
1894.370828,0.010083,-0.086184,0.043092,-9.822582,-9.823055,0.003195,-0.00426,0.001065,99176.93,25.74,0.006212
1894.38091,0.010082,-0.086184,0.01197,-9.822582,-9.822967,0.003195,-0.00639,0.001065,99176.93,25.74,0.0063
1894.391,0.010089,-0.074214,0.016758,-9.844128,-9.844422,0.003195,-0.005325,0.00639,99176.93,25.74,-0.015155
1894.401114,0.010114,-0.088578,0.026334,-9.872856,-9.873288,0,-0.007455,0.001065,99176.93,25.74,-0.044021
1894.411223,0.010109,-0.09576,-0.004788,-9.860886,-9.861352,0.00213,-0.007455,0.00213,99176.93,25.74,-0.032085
1894.421322,0.010099,-0.067032,0.021546,-9.870462,-9.870713,-0.001065,-0.00426,-0.001065,99176.93,25.74,-0.041446
1894.431418,0.010096,-0.09576,0.002394,-9.894402,-9.894866,0,-0.00639,0.003195,99176.93,25.74,-0.065599
1894.441546,0.010129,-0.098154,-0.002394,-9.884826,-9.885314,0.001065,-0.00639,0,99176.93,25.74,-0.056047
1894.451638,0.010092,-0.043092,-0.02394,-9.913554,-9.913677,0.001065,-0.003195,0.00426,99176.93,25.74,-0.08441
1894.46173,0.010091,-0.04788,-0.038304,-9.88722,-9.88741,0.001065,-0.005325,0.00213,99176.93,25.74,-0.058143
1894.471865,0.010135,-0.076608,-0.014364,-9.880038,-9.880345,0.003195,-0.00639,0.003195,99176.93,25.74,-0.051078
1894.481949,0.010084,-0.050274,-0.031122,-9.860886,-9.861063,0.00213,-0.005325,0.00213,99176.91,25.74,-0.031796
1894.492041,0.010091,-0.05985,-0.019152,-9.858492,-9.858692,0.00213,-0.005325,0.003195,99176.91,25.74,-0.029425
1894.502254,0.010214,-0.055062,-0.002394,-9.82737,-9.827525,0,-0.00639,0.00213,99176.91,25.74,0.001742
1894.51233,0.010075,-0.069426,-0.014364,-9.786672,-9.786929,0.003195,-0.00639,0.003195,99176.91,25.74,0.042338
1894.522423,0.010094,-0.062244,-0.007182,-9.765126,-9.765327,0.00213,-0.00639,0.003195,99176.91,25.74,0.06394
1894.532519,0.010096,-0.050274,0.026334,-9.741186,-9.741351,0.00213,-0.007455,0.001065,99176.91,25.74,0.087916
1894.54261,0.010091,-0.062244,0.007182,-9.745974,-9.746175,0,-0.00639,0.003195,99176.91,25.74,0.083092
1894.552705,0.010094,-0.043092,-0.004788,-9.724428,-9.724525,0.00213,-0.00639,0.00213,99176.91,25.74,0.104742
1894.562805,0.0101,-0.04788,0,-9.73161,-9.731728,0.00426,-0.003195,0.001065,99176.91,25.74,0.097539
1894.572906,0.010101,-0.050274,0.021546,-9.772308,-9.772461,0.00213,-0.00639,0,99176.91,25.74,0.056806
1894.583043,0.010137,-0.03591,-0.002394,-9.777096,-9.777162,0,-0.00852,0.001065,99176.91,25.74,0.052105
1894.593131,0.010087,-0.052668,0.02394,-9.781884,-9.782055,0.00213,-0.003195,0.00213,99176.91,25.74,0.047212
1894.60323,0.0101,-0.086184,0.021546,-9.813006,-9.813408,0.001065,-0.003195,0,99176.91,25.74,0.015859
1894.613343,0.010113,-0.098154,0.026334,-9.836946,-9.837471,0.00213,-0.00426,0.001065,99176.87,25.74,-0.008204
1894.623469,0.010126,-0.088578,0.021546,-9.844128,-9.84455,0,-0.005325,0,99176.87,25.74,-0.015283
1894.633813,0.010344,-0.122094,0.014364,-9.884826,-9.88559,0.003195,-0.005325,0.003195,99176.87,25.74,-0.056323
1894.6439,0.010087,-0.105336,0.019152,-9.908766,-9.909344,0,-0.003195,0,99176.87,25.74,-0.080077
1894.653994,0.010094,-0.110124,0.016758,-9.877644,-9.878272,0.00213,-0.005325,0.001065,99176.87,25.74,-0.049005
1894.664113,0.010118,-0.105336,0.016758,-9.884826,-9.885401,0.00213,-0.00426,0.001065,99176.87,25.74,-0.056134
1894.674261,0.010149,-0.105336,0.002394,-9.889614,-9.890175,0.001065,-0.00639,0.003195,99176.99,25.74,-0.060908
1894.684349,0.010088,-0.122094,0.028728,-9.872856,-9.873653,0,-0.005325,0.00213,99176.99,25.74,-0.044386
1894.694482,0.010133,-0.093366,0.026334,-9.83934,-9.839818,0.001065,-0.005325,0.005325,99176.99,25.74,-0.010551
1894.704589,0.010107,-0.090972,0.031122,-9.844128,-9.844598,0,-0.00639,0.00213,99176.99,25.74,-0.015331
1894.714715,0.010126,-0.08379,0.021546,-9.846522,-9.846902,0.001065,-0.005325,0.00426,99176.99,25.74,-0.017635
1894.724915,0.0102,-0.088578,0,-9.853704,-9.854102,0.00213,-0.005325,0.001065,99176.99,25.74,-0.024835
1894.73502,0.010105,-0.064638,-0.004788,-9.817794,-9.818008,-0.00213,-0.007455,0.003195,99176.99,25.74,0.011259
1894.74515,0.01013,-0.067032,-0.002394,-9.808218,-9.808447,0.003195,-0.005325,0.00213,99176.99,25.74,0.02082
1894.755704,0.010554,-0.050274,-0.026334,-9.76752,-9.767685,0.00213,-0.007455,0.00213,99176.99,25.74,0.061582
1894.766077,0.010372,-0.05985,-0.009576,-9.772308,-9.772496,0.003195,-0.00426,0.003195,99176.99,25.74,0.056771
1894.777313,0.011237,-0.074214,0.021546,-9.76752,-9.767826,0.001065,-0.00426,0.00426,99176.99,25.74,0.061441
1894.788527,0.011214,-0.062244,0.007182,-9.75555,-9.755751,0.00213,-0.00639,0.003195,99176.99,25.74,0.073516
1894.801352,0.012824,-0.04788,0.004788,-9.786672,-9.78679,0.001065,-0.005325,0.00213,99176.93,25.74,0.042477
1894.811529,0.010178,-0.064638,-0.016758,-9.781884,-9.782112,0.001065,-0.005325,0,99176.93,25.74,0.047155
1894.822639,0.011109,-0.05985,-0.004788,-9.793854,-9.794038,0,-0.00213,0.001065,99176.93,25.74,0.035229
1894.833751,0.011112,-0.033516,-0.026334,-9.808218,-9.808311,0.003195,-0.003195,0.001065,99176.93,25.74,0.020956
1894.845187,0.011437,-0.050274,-0.031122,-9.836946,-9.837124,0.00213,-0.005325,0.001065,99176.93,25.74,-0.007857
1894.855701,0.010513,-0.08379,-0.004788,-9.846522,-9.84688,0.001065,-0.005325,0.00213,99176.93,25.74,-0.017613
1894.866721,0.01102,-0.064638,0.009576,-9.848916,-9.849133,0.00213,-0.003195,0,99177.01,25.74,-0.019866
1894.877898,0.011178,-0.081396,-0.009576,-9.860886,-9.861227,0.003195,-0.005325,0.001065,99177.01,25.74,-0.03196
1894.889042,0.011144,-0.112518,0,-9.901584,-9.902223,0.00213,-0.005325,0.001065,99177.01,25.74,-0.072956
1894.900258,0.011215,-0.090972,0.01197,-9.892008,-9.892434,0,-0.005325,0.001065,99177.01,25.74,-0.063167
1894.911444,0.011186,-0.08379,0.02394,-9.872856,-9.873241,0.003195,-0.00426,0.001065,99177.01,25.74,-0.043974
1894.922651,0.011207,-0.09576,0.021546,-9.856098,-9.856587,0.00213,-0.007455,0.00426,99177.01,25.74,-0.02732
1894.933919,0.011269,-0.098154,0.01197,-9.841734,-9.842231,0.00213,-0.00426,0.001065,99177.15,25.74,-0.012964
1894.944969,0.011049,-0.10773,0.04788,-9.810612,-9.81132,0.00426,-0.00639,0.003195,99177.15,25.74,0.017947
1894.956219,0.01125,-0.122094,0.045486,-9.798642,-9.799508,0.001065,-0.005325,0.001065,99177.15,25.74,0.029759
1894.967393,0.011174,-0.110124,0.026334,-9.793854,-9.794509,0.00213,-0.001065,0.00213,99177.15,25.74,0.034758
1894.978548,0.011155,-0.086184,0.028728,-9.760338,-9.760761,0.00426,-0.00639,0.001065,99177.15,25.74,0.068506
1894.989815,0.011266,-0.100548,0.02394,-9.774702,-9.775248,0.001065,-0.00639,0.003195,99177.15,25.74,0.054019
1895.00169,0.011875,-0.100548,0.016758,-9.769914,-9.770446,0,-0.00426,0.00213,99177.09,25.74,0.058821
1895.012179,0.010489,-0.043092,-0.019152,-9.877644,-9.877757,0.001065,-0.01065,0.00213,99177.09,25.74,-0.04849
1895.023293,0.011114,-0.098154,-0.014364,-9.798642,-9.799144,0.00213,0.001065,0,99177.09,25.74,0.030123
1895.034564,0.011271,-0.093366,0.009576,-9.76752,-9.767971,0.001065,-0.007455,0.00213,99177.09,25.74,0.061296
1895.045634,0.01107,-0.07182,-0.026334,-9.810612,-9.81091,0.001065,-0.00639,0.003195,99177.09,25.74,0.018357
1895.056842,0.011209,-0.074214,0.021546,-9.813006,-9.81331,0.00213,-0.005325,0.003195,99177.09,25.74,0.015957
1895.068061,0.011219,-0.052668,-0.009576,-9.829764,-9.82991,0.001065,-0.00426,0.00213,99176.93,25.74,-0.000643
1895.079215,0.011153,-0.052668,0.002394,-9.86328,-9.863421,-0.001065,-0.00426,0,99176.93,25.74,-0.034154
1895.090364,0.01115,-0.064638,-0.026334,-9.829764,-9.830012,0,-0.00426,-0.00213,99176.93,25.74,-0.000745
1895.10154,0.011176,-0.05985,0.002394,-9.868068,-9.86825,0.00213,-0.00426,0.003195,99176.93,25.74,-0.038983
1895.112839,0.011299,-0.002394,-0.016758,-9.844128,-9.844143,0.003195,-0.00639,0.001065,99176.93,25.74,-0.014876
1895.124676,0.011837,-0.055062,-0.009576,-9.87525,-9.875408,0.00213,-0.00426,0.00213,99176.93,25.74,-0.046141
1895.135287,0.010611,-0.10773,0.007182,-9.877644,-9.878234,0.003195,-0.00639,0.001065,99176.93,25.74,-0.048967
1895.146365,0.011078,-0.07182,0.021546,-9.868068,-9.868353,0.001065,-0.00426,0.001065,99176.93,25.74,-0.039086
1895.157498,0.011133,-0.08379,0.016758,-9.865674,-9.866044,0.00426,-0.00639,0.003195,99176.93,25.74,-0.036777
1895.168694,0.011196,-0.081396,0.03591,-9.824976,-9.825379,0,-0.00639,0.00213,99176.93,25.74,0.003888
1895.18019,0.011495,-0.098154,0.019152,-9.832158,-9.832667,0.003195,-0.005325,0.001065,99176.93,25.74,-0.0034
1895.191117,0.010927,-0.105336,0.019152,-9.796248,-9.796833,0.001065,-0.00639,0.005325,99176.9,25.74,0.032434
1895.202216,0.011099,-0.1197,0.021546,-9.801036,-9.801791,0.001065,-0.007455,0.00213,99176.9,25.74,0.027476
1895.213414,0.011198,-0.1197,0.014364,-9.77949,-9.780233,0.00213,-0.005325,0.003195,99176.9,25.74,0.049034
1895.22461,0.011196,-0.074214,0.03591,-9.748368,-9.748717,0.001065,-0.00426,0.003195,99176.9,25.74,0.08055
1895.235856,0.011246,-0.09576,0.04788,-9.793854,-9.794439,0,-0.005325,0.00213,99176.9,25.74,0.034828
1895.247011,0.011155,-0.110124,0.031122,-9.777096,-9.777766,0.001065,-0.003195,-0.001065,99176.9,25.74,0.051501
1895.258288,0.011277,-0.124488,0.002394,-9.796248,-9.797039,0,-0.00639,0.003195,99176.99,25.74,0.032228
1895.269336,0.011048,-0.117306,0.021546,-9.786672,-9.787399,0.001065,-0.007455,0.00213,99176.99,25.74,0.041868
1895.28069,0.011354,-0.081396,0.014364,-9.805824,-9.806172,0.00213,-0.005325,0.001065,99176.99,25.74,0.023095
1895.291714,0.011024,-0.076608,0,-9.836946,-9.837244,0.003195,-0.003195,0.00213,99176.99,25.74,-0.007977
1895.302918,0.011204,-0.090972,0.016758,-9.834552,-9.834987,0.001065,-0.005325,0.001065,99176.99,25.74,-0.00572
1895.314281,0.011363,-0.08379,0.009576,-9.848916,-9.849277,-0.001065,-0.00639,0.001065,99176.99,25.74,-0.02001
1895.325287,0.011006,-0.055062,-0.01197,-9.846522,-9.846683,-0.001065,-0.00426,0.003195,99176.94,25.74,-0.017416
1895.336443,0.011156,-0.081396,0.007182,-9.853704,-9.854043,0.003195,-0.005325,0.001065,99176.94,25.74,-0.024776
1895.347689,0.011246,-0.067032,-0.004788,-9.846522,-9.846751,0.00213,-0.007455,0.001065,99176.94,25.74,-0.017484
1895.358873,0.011184,-0.074214,-0.009576,-9.848916,-9.8492,0.00213,-0.00639,0.00213,99176.94,25.74,-0.019933
1895.370015,0.011142,-0.064638,-0.026334,-9.841734,-9.841981,0,-0.00639,0.003195,99176.94,25.74,-0.012714
1895.381221,0.011206,-0.03591,-0.002394,-9.848916,-9.848982,0.003195,-0.00639,0.00213,99176.94,25.74,-0.019715
1895.392379,0.011158,-0.05985,-0.002394,-9.85131,-9.851492,0.001065,-0.007455,0.00213,99176.87,25.74,-0.022225
1895.403681,0.011302,-0.074214,-0.007182,-9.810612,-9.810895,0.00213,-0.003195,0,99176.87,25.74,0.018372
1895.414928,0.011247,-0.076608,0.007182,-9.824976,-9.825277,0.001065,-0.00639,0.00426,99176.87,25.74,0.00399
1895.425943,0.011015,-0.088578,-0.004788,-9.822582,-9.822983,0.003195,-0.00639,0.001065,99176.87,25.74,0.006284
1895.437174,0.011231,-0.08379,0.007182,-9.836946,-9.837305,0.001065,-0.00213,0,99176.87,25.74,-0.008038
1895.44908,0.011906,-0.062244,-0.002394,-9.808218,-9.808416,0.001065,-0.00639,0.003195,99176.87,25.74,0.020851
1895.459514,0.010434,-0.088578,0.009576,-9.772308,-9.772714,0.003195,-0.00639,0.003195,99176.87,25.74,0.056553
1895.47071,0.011196,-0.081396,0.019152,-9.765126,-9.765484,-0.001065,-0.00426,0,99176.87,25.74,0.063783
1895.481828,0.011118,-0.069426,0.021546,-9.777096,-9.777366,0.003195,-0.005325,0.003195,99176.87,25.74,0.051901
1895.493028,0.0112,-0.081396,0.03591,-9.789066,-9.78947,0.003195,-0.00639,0.00213,99176.87,25.74,0.039797
1895.504462,0.011434,-0.08379,0.021546,-9.801036,-9.801418,-0.001065,-0.00639,0.001065,99176.87,25.74,0.027849
1895.515509,0.011047,-0.105336,0.021546,-9.85131,-9.851897,0.00213,-0.003195,0.00213,99176.96,25.74,-0.02263
1895.52657,0.011061,-0.069426,0.004788,-9.810612,-9.810859,0,-0.00426,0.001065,99176.96,25.74,0.018408
1895.53775,0.01118,-0.076608,0.002394,-9.824976,-9.825275,0.00426,-0.009585,0.003195,99176.96,25.74,0.003992
1895.54893,0.01118,-0.081396,0.040698,-9.829764,-9.830185,0.00213,-0.00426,0.00213,99176.96,25.74,-0.000918
1895.560134,0.011204,-0.088578,-0.009576,-9.824976,-9.82538,0.00213,-0.003195,0.001065,99176.96,25.74,0.003887
1895.571366,0.011231,-0.076608,0.019152,-9.860886,-9.861202,0.00213,-0.00426,0.003195,99176.96,25.74,-0.031935
1895.583303,0.011937,-0.08379,0.02394,-9.86328,-9.863665,0.00213,-0.00426,0.001065,99176.88,25.74,-0.034398
1895.593705,0.010403,-0.069426,0.026334,-9.872856,-9.873135,0.003195,-0.007455,0.00213,99176.88,25.74,-0.043868
1895.604867,0.011162,-0.069426,0.021546,-9.834552,-9.834821,0.00213,-0.00639,0,99176.88,25.74,-0.005554
1895.616084,0.011217,-0.088578,-0.019152,-9.846522,-9.846939,0.001065,-0.00426,0.003195,99176.88,25.74,-0.017672
1895.627237,0.011153,-0.102942,0.031122,-9.822582,-9.823171,0.00213,-0.00639,0.00213,99176.88,25.74,0.006096
1895.638613,0.011375,-0.038304,0.009576,-9.777096,-9.777176,0.001065,-0.00426,0.003195,99176.88,25.74,0.052091
1895.649743,0.011131,-0.05985,0.004788,-9.789066,-9.78925,-0.00213,-0.00426,0.003195,99176.9,25.74,0.040017
1895.660783,0.01104,-0.067032,-0.007182,-9.777096,-9.777328,0.00213,-0.007455,0.003195,99176.9,25.74,0.051939
1895.671983,0.0112,-0.09576,-0.021546,-9.784278,-9.78477,0.003195,-0.005325,0.00213,99176.9,25.74,0.044497
1895.683207,0.011224,-0.08379,0.004788,-9.793854,-9.794214,0.00213,-0.00426,0,99176.9,25.74,0.035053
1895.694492,0.011285,-0.079002,-0.016758,-9.79146,-9.791793,0.001065,-0.005325,0.00213,99176.9,25.74,0.037474
1895.705541,0.011049,-0.067032,0,-9.798642,-9.798871,0.00213,-0.005325,0.00213,99176.87,25.74,0.030396
1895.71675,0.011209,-0.079002,0.01197,-9.810612,-9.810937,0.001065,-0.00639,0,99176.87,25.74,0.01833
1895.727889,0.011139,-0.09576,-0.021546,-9.808218,-9.808709,0.001065,-0.00426,0.001065,99176.87,25.74,0.020558
1895.739092,0.011203,-0.088578,-0.002394,-9.83934,-9.839739,0.003195,-0.00213,0.00213,99176.87,25.74,-0.010472
1895.750317,0.011225,-0.09576,0.02394,-9.856098,-9.856592,0.003195,-0.00426,0.001065,99176.87,25.74,-0.027325
1895.761596,0.011279,-0.090972,0.045486,-9.841734,-9.84226,0.001065,-0.003195,0.00213,99176.87,25.74,-0.012993
1895.772664,0.011067,-0.102942,0,-9.868068,-9.868605,0.001065,-0.00213,0,99176.83,25.74,-0.039338
1895.783843,0.011179,-0.086184,0.01197,-9.832158,-9.832543,0,-0.00639,0.003195,99176.83,25.74,-0.003276
1895.795229,0.011386,-0.069426,-0.002394,-9.858492,-9.858737,0.00213,-0.003195,0.00213,99176.83,25.74,-0.02947
1895.806373,0.011144,-0.090972,0.021546,-9.89919,-9.899631,0.00213,-0.003195,0.001065,99176.83,25.74,-0.070364
1895.817385,0.011012,-0.069426,0.002394,-9.884826,-9.88507,0,-0.003195,0.00426,99176.83,25.74,-0.055803
1895.82858,0.011195,-0.064638,0.02394,-9.853704,-9.853945,0.001065,-0.00639,0.003195,99176.83,25.74,-0.024678
1895.83978,0.0112,-0.05985,0.01197,-9.85131,-9.851499,0.00213,-0.007455,-0.001065,99176.83,25.74,-0.022232
1895.850929,0.01115,-0.088578,0.031122,-9.83934,-9.839788,0.00213,-0.00639,0.00213,99176.83,25.74,-0.010521
1895.862307,0.011378,-0.057456,0.007182,-9.836946,-9.837116,0,-0.00426,0.001065,99176.83,25.74,-0.007849
1895.873376,0.011068,-0.08379,0.019152,-9.82737,-9.827746,-0.001065,-0.00639,0.003195,99176.83,25.74,0.001521
1895.884482,0.011107,-0.033516,0.045486,-9.834552,-9.834714,0.003195,-0.007455,0.001065,99176.83,25.74,-0.005447
1895.896596,0.012114,-0.028728,0.002394,-9.774702,-9.774745,0,-0.007455,0.00213,99176.88,25.74,0.054522
1895.906928,0.010332,-0.062244,-0.004788,-9.781884,-9.782083,0.00213,-0.00639,0,99176.88,25.74,0.047184
1895.918264,0.011337,-0.057456,0.016758,-9.784278,-9.784461,0.003195,-0.005325,0.001065,99176.88,25.74,0.044806
1895.929255,0.010991,-0.05985,0.004788,-9.789066,-9.78925,-0.001065,-0.003195,0.003195,99176.88,25.74,0.040017
1895.940416,0.01116,-0.05985,-0.009576,-9.781884,-9.782072,0.001065,-0.00426,0.001065,99176.88,25.74,0.047195
1895.951883,0.011468,-0.079002,-0.007182,-9.798642,-9.798963,0.003195,-0.00639,0.003195,99176.88,25.74,0.030304
1895.962827,0.010944,-0.033516,0.007182,-9.80343,-9.80349,0.00213,-0.00426,0.001065,99176.83,25.74,0.025777
1895.973997,0.011169,-0.08379,0,-9.836946,-9.837303,0.003195,-0.005325,0.003195,99176.83,25.74,-0.008036
1895.985132,0.011135,-0.079002,0.002394,-9.822582,-9.8229,0.001065,-0.00639,-0.001065,99176.83,25.74,0.006367
1895.996445,0.011313,-0.100548,-0.002394,-9.841734,-9.842248,0.001065,-0.007455,0.001065,99176.83,25.74,-0.012981
1896.007661,0.011215,-0.074214,0.019152,-9.86328,-9.863578,0.00426,-0.00639,0.00426,99176.83,25.74,-0.034311
1896.018766,0.011106,-0.081396,0.009576,-9.865674,-9.866014,0.003195,-0.00426,0.001065,99176.83,25.74,-0.036747
1896.029995,0.011229,-0.098154,0.01197,-9.836946,-9.837443,0.00213,-0.005325,0,99176.77,25.74,-0.008176
1896.041087,0.011091,-0.138852,0.033516,-9.853704,-9.854739,0.00213,-0.00639,0.001065,99176.77,25.74,-0.025472
1896.052233,0.011146,-0.093366,0.007182,-9.834552,-9.834998,-0.001065,-0.00639,0.00213,99176.77,25.74,-0.005731
1896.063518,0.011285,-0.098154,0.02394,-9.853704,-9.854222,0.003195,-0.00426,0.003195,99176.77,25.74,-0.024955
1896.074717,0.0112,-0.122094,0.016758,-9.836946,-9.837718,0.001065,-0.00426,0.001065,99176.77,25.74,-0.008451
1896.085794,0.011077,-0.10773,0.01197,-9.822582,-9.82318,0.00213,-0.005325,0.001065,99176.77,25.74,0.006087
1896.096989,0.011194,-0.090972,0.009576,-9.834552,-9.834977,0.00426,-0.00852,0.001065,99176.75,25.74,-0.00571
1896.108199,0.01121,-0.105336,0.02394,-9.822582,-9.823176,0.00213,-0.00426,0.001065,99176.75,25.74,0.006091
1896.119428,0.011229,-0.110124,0.01197,-9.817794,-9.818419,0.001065,-0.005325,0.001065,99176.75,25.74,0.010848
1896.130537,0.011109,-0.069426,0.004788,-9.798642,-9.798889,0.001065,-0.00426,0.003195,99176.75,25.74,0.030378
1896.141754,0.011216,-0.069426,-0.01197,-9.801036,-9.801289,0.001065,-0.003195,0.003195,99176.75,25.74,0.027978
1896.152923,0.01117,-0.05985,0.007182,-9.822582,-9.822767,0,-0.005325,0.001065,99176.75,25.74,0.0065
1896.164185,0.011262,-0.074214,-0.01197,-9.808218,-9.808506,0.00213,-0.005325,0.003195,99176.75,25.74,0.020761
1896.175843,0.011658,-0.062244,0.004788,-9.77949,-9.779689,0.00213,-0.00639,0.001065,99176.75,25.74,0.049578
1896.186541,0.010697,-0.062244,0.004788,-9.801036,-9.801235,0.003195,-0.00639,0.00213,99176.75,25.74,0.028032
1896.197739,0.011199,-0.04788,-0.004788,-9.832158,-9.832276,0.001065,-0.005325,0.00213,99176.75,25.74,-0.003009
1896.209213,0.011474,-0.055062,0.01197,-9.80343,-9.803592,0.001065,-0.003195,0,99176.75,25.74,0.025675
1896.22012,0.010907,-0.08379,-0.009576,-9.841734,-9.842095,0,-0.005325,0.00213,99176.9,25.74,-0.012828
1896.231265,0.011145,-0.062244,0.021546,-9.868068,-9.868288,0.001065,-0.00426,0.001065,99176.9,25.74,-0.039021
1896.242369,0.011104,-0.069426,-0.002394,-9.877644,-9.877888,0.001065,-0.003195,0.003195,99176.9,25.74,-0.048621
1896.252453,0.010084,-0.05985,0.02394,-9.865674,-9.865885,0.00213,-0.005325,0.00213,99176.9,25.74,-0.036618
1896.26254,0.010087,-0.09576,-0.004788,-9.836946,-9.837413,0.00213,-0.00639,0.001065,99176.9,25.74,-0.008146
1896.272647,0.010107,-0.055062,0.026334,-9.856098,-9.856287,0.001065,-0.00426,0.00213,99176.9,25.74,-0.02702
1896.28276,0.010113,-0.07182,0.002394,-9.83934,-9.839602,0.001065,-0.005325,0.003195,99176.74,25.74,-0.010335
1896.292897,0.010137,-0.057456,0.021546,-9.848916,-9.849107,0.00426,-0.00639,0.00213,99176.74,25.74,-0.01984
1896.302987,0.010091,-0.088578,0.033516,-9.83934,-9.839796,0.001065,-0.005325,0.00213,99176.74,25.74,-0.010529
1896.313099,0.010112,-0.081396,0.019152,-9.805824,-9.806181,0.00213,-0.00639,0.001065,99176.74,25.74,0.023086
1896.323186,0.010087,-0.086184,0.002394,-9.793854,-9.794233,0.00213,-0.00852,0.001065,99176.74,25.74,0.035034
1896.333342,0.010157,-0.100548,0.014364,-9.796248,-9.796775,0,-0.007455,-0.001065,99176.74,25.74,0.032492
1896.343594,0.010251,-0.117306,0.026334,-9.79146,-9.792198,0.001065,-0.007455,0.00213,99176.79,25.74,0.037069
1896.353701,0.010107,-0.088578,-0.002394,-9.786672,-9.787073,0.00213,-0.00426,0.00213,99176.79,25.74,0.042194
1896.363797,0.010095,-0.112518,0.014364,-9.808218,-9.808874,0,-0.005325,0.00213,99176.79,25.74,0.020393
1896.373899,0.010102,-0.069426,0.01197,-9.784278,-9.784532,0.001065,-0.00426,-0.001065,99176.79,25.74,0.044735
1896.383995,0.010096,-0.102942,0.01197,-9.796248,-9.796796,0.003195,-0.005325,0.003195,99176.79,25.74,0.032471
1896.394106,0.010111,-0.114912,-0.009576,-9.822582,-9.823259,0.00213,-0.00213,0.001065,99176.79,25.74,0.006008
1896.404263,0.010157,-0.076608,-0.009576,-9.820188,-9.820491,0.00213,-0.00213,0.00213,99176.79,25.74,0.008776
1896.414351,0.010088,-0.09576,0.01197,-9.853704,-9.854177,0.003195,-0.007455,0.003195,99176.83,25.74,-0.02491
1896.424442,0.010091,-0.079002,-0.016758,-9.836946,-9.837278,0.003195,-0.00639,0.00213,99176.83,25.74,-0.008011
1896.434536,0.010093,-0.074214,-0.026334,-9.822582,-9.822898,0.00213,-0.00213,0,99176.83,25.74,0.006369
1896.444635,0.010099,-0.057456,-0.014364,-9.820188,-9.820367,0.00213,-0.00639,0.00213,99176.83,25.74,0.0089
1896.454721,0.010086,-0.064638,0.019152,-9.836946,-9.837177,0.001065,-0.00639,0,99176.83,25.74,-0.00791
1896.464814,0.010093,-0.074214,-0.009576,-9.834552,-9.834837,0.00213,-0.00426,0.00213,99176.83,25.74,-0.00557
1896.474914,0.0101,-0.057456,0,-9.846522,-9.84669,0.001065,-0.005325,0.00213,99176.83,25.74,-0.017423
1896.484993,0.01008,-0.040698,0.007182,-9.868068,-9.868155,0.00213,-0.005325,0.003195,99176.83,25.74,-0.038888
1896.495105,0.010112,-0.086184,0.016758,-9.848916,-9.849307,0,-0.00426,0.003195,99176.83,25.74,-0.02004
1896.505208,0.010103,-0.069426,0.009576,-9.83934,-9.83959,0.001065,-0.00639,0.001065,99176.83,25.74,-0.010323
1896.515295,0.010087,-0.05985,0.014364,-9.836946,-9.837139,0.001065,0,0.003195,99176.83,25.74,-0.007872
1896.52541,0.010115,-0.081396,0.019152,-9.83934,-9.839695,0,-0.00639,0.003195,99176.83,25.74,-0.010428
1896.535507,0.010097,-0.076608,0.02394,-9.841734,-9.842061,0,-0.005325,0.003195,99176.74,25.74,-0.012794
1896.545604,0.010097,-0.076608,0.014364,-9.793854,-9.794164,0.001065,-0.00639,0.003195,99176.74,25.74,0.035103
1896.556065,0.010461,-0.067032,-0.002394,-9.8154,-9.815629,0.00213,-0.00639,-0.001065,99176.74,25.74,0.013638
1896.566302,0.010237,-0.08379,0.033516,-9.808218,-9.808633,0.00213,-0.003195,0.00213,99176.74,25.74,0.020634
1896.576386,0.010084,-0.114912,0.02394,-9.789066,-9.78977,0,-0.003195,0,99176.74,25.74,0.039497
1896.586534,0.010149,-0.09576,0.028728,-9.774702,-9.775213,0,-0.00639,-0.001065,99176.74,25.74,0.054054
1896.59666,0.010125,-0.098154,0.031122,-9.79146,-9.792001,0.00426,-0.00426,0.00213,99176.74,25.74,0.037266
1896.606748,0.010088,-0.093366,0.016758,-9.79146,-9.791919,0.001065,-0.005325,0,99176.82,25.74,0.037348
1896.616837,0.010089,-0.10773,-0.02394,-9.793854,-9.794476,0.001065,-0.007455,0.00213,99176.82,25.74,0.034791
1896.626935,0.010098,-0.079002,-0.004788,-9.80343,-9.803749,0.001065,-0.00426,0.003195,99176.82,25.74,0.025518
1896.637051,0.010117,-0.07182,0.004788,-9.817794,-9.818058,0.003195,-0.005325,0.001065,99176.82,25.74,0.011209
1896.647154,0.010102,-0.086184,0.009576,-9.848916,-9.849298,0.001065,-0.007455,0.003195,99176.82,25.74,-0.020031
1896.657343,0.010189,-0.079002,0.002394,-9.841734,-9.842051,0.00426,-0.00426,0.003195,99176.82,25.74,-0.012784
1896.668048,0.010705,-0.081396,0.014364,-9.85131,-9.851657,0,-0.005325,0.00213,99176.83,25.74,-0.02239
1896.678583,0.010535,-0.088578,0.01197,-9.860886,-9.861291,0.001065,-0.005325,0.003195,99176.83,25.74,-0.032024
1896.688739,0.010156,-0.04788,-0.009576,-9.880038,-9.880159,0.003195,-0.00852,0.003195,99176.83,25.74,-0.050892
1896.698834,0.010095,-0.043092,0,-9.844128,-9.844222,0,-0.00426,0.00213,99176.83,25.74,-0.014955
1896.708944,0.010111,-0.074214,-0.014364,-9.86328,-9.86357,0.00213,-0.00639,0.00213,99176.83,25.74,-0.034303
1896.719098,0.010154,-0.040698,0.019152,-9.848916,-9.849019,0,-0.00639,0.003195,99176.83,25.74,-0.019752
1896.729224,0.010126,-0.064638,-0.01197,-9.805824,-9.806044,0.003195,-0.00639,0,99176.74,25.74,0.023223
1896.739363,0.010138,-0.064638,-0.02394,-9.836946,-9.837187,0.001065,-0.00426,0.00213,99176.74,25.74,-0.00792
1896.749459,0.010096,-0.079002,0.009576,-9.801036,-9.801359,0.003195,-0.007455,0.001065,99176.74,25.74,0.027908
1896.759552,0.010093,-0.064638,0.002394,-9.80343,-9.803643,0.00213,-0.003195,0.001065,99176.74,25.74,0.025624
1896.769639,0.010088,-0.069426,0.03591,-9.801036,-9.801348,0.00213,-0.005325,0.003195,99176.74,25.74,0.027919
1896.779917,0.010278,-0.079002,0.009576,-9.813006,-9.813329,0.001065,-0.00639,0.001065,99176.74,25.74,0.015938
1896.790062,0.010145,-0.07182,0.009576,-9.796248,-9.796516,0.00213,-0.005325,0.00213,99176.74,25.75,0.032751
1896.800167,0.010106,-0.090972,-0.002394,-9.781884,-9.782307,0.001065,-0.005325,0.001065,99176.74,25.75,0.04696
1896.810265,0.010098,-0.074214,0.004788,-9.789066,-9.789348,-0.001065,-0.005325,0.001065,99176.74,25.75,0.039919
1896.82137,0.011105,-0.079002,-0.007182,-9.79146,-9.791781,0.00213,-0.00426,0,99176.74,25.75,0.037486
1896.831471,0.0101,-0.08379,-0.016758,-9.786672,-9.787045,0.001065,-0.005325,0.00426,99176.74,25.75,0.042222
1896.841601,0.01013,-0.08379,-0.014364,-9.805824,-9.806193,0.003195,-0.00639,0.00213,99176.74,25.75,0.023074
1896.851695,0.010094,-0.09576,0,-9.77949,-9.779959,0.001065,-0.005325,0.001065,99176.74,25.75,0.049308
1896.861783,0.010088,-0.10773,-0.002394,-9.82737,-9.827961,0.001065,-0.00639,0.00426,99176.8,25.75,0.001306
1896.871881,0.010098,-0.074214,0.004788,-9.820188,-9.82047,0.001065,-0.005325,0.00213,99176.8,25.75,0.008797
1896.881982,0.010102,-0.08379,0.01197,-9.824976,-9.825341,0.00213,-0.007455,0.00426,99176.8,25.75,0.003926
1896.892097,0.010115,-0.122094,0.026334,-9.846522,-9.847314,0.00213,-0.003195,0.00213,99176.8,25.75,-0.018047
1896.902241,0.010143,-0.086184,0.019152,-9.865674,-9.866069,0.003195,-0.003195,0.003195,99176.8,25.75,-0.036802
1896.912323,0.010082,-0.093366,-0.004788,-9.846522,-9.846966,0.001065,-0.007455,0.00213,99176.8,25.75,-0.017699
1896.922449,0.010126,-0.074214,0.016758,-9.877644,-9.877937,0.00213,-0.00639,0.00213,99176.93,25.75,-0.04867
1896.932554,0.010105,-0.09576,0.009576,-9.868068,-9.868537,0,-0.005325,0.00213,99176.93,25.75,-0.03927
1896.942639,0.010085,-0.074214,0.004788,-9.856098,-9.856379,0.00213,-0.005325,0.003195,99176.93,25.75,-0.027112
1896.952721,0.010082,-0.067032,0.004788,-9.868068,-9.868297,0.00213,-0.00639,0.00213,99176.93,25.75,-0.03903
1896.96282,0.010098,-0.069426,0.04788,-9.87525,-9.87561,0.001065,-0.003195,-0.001065,99176.93,25.75,-0.046343
1896.972925,0.010105,-0.055062,0,-9.846522,-9.846676,0.003195,-0.007455,0.00426,99176.93,25.75,-0.017409
1896.983017,0.010092,-0.050274,0.026334,-9.848916,-9.84908,0.003195,-0.00426,0.001065,99176.93,25.75,-0.019813
1896.993107,0.01009,-0.057456,-0.004788,-9.82737,-9.827539,0.001065,-0.005325,0.001065,99176.88,25.75,0.001728
1897.003595,0.010489,-0.057456,-0.004788,-9.808218,-9.808387,0.001065,-0.00426,0.001065,99176.88,25.75,0.02088
1897.013726,0.010131,-0.067032,0.019152,-9.793854,-9.794102,0.00213,-0.00639,0.00213,99176.88,25.75,0.035165
1897.023806,0.01008,-0.088578,0.01197,-9.784278,-9.784686,0.001065,-0.00213,-0.001065,99176.88,25.75,0.044581
1897.033904,0.010099,-0.098154,0.028728,-9.786672,-9.787206,0,-0.00852,0.001065,99176.88,25.75,0.042061
1897.044004,0.0101,-0.09576,0.016758,-9.760338,-9.760822,0.001065,-0.003195,0.001065,99176.88,25.75,0.068445
1897.054101,0.010097,-0.050274,0.021546,-9.77949,-9.779643,0.001065,-0.00426,0.003195,99176.91,25.75,0.049624
1897.064236,0.010134,-0.052668,0.021546,-9.805824,-9.805989,0.00213,-0.005325,0.00426,99176.91,25.75,0.023278
1897.074328,0.010092,-0.04788,0.009576,-9.8154,-9.815521,0,-0.00426,0,99176.91,25.75,0.013746
1897.084432,0.010104,-0.040698,-0.028728,-9.834552,-9.834678,0.00213,-0.007455,0.00426,99176.91,25.75,-0.005411
1897.094535,0.010104,-0.057456,-0.019152,-9.82737,-9.827557,0.00213,-0.00426,-0.001065,99176.91,25.75,0.00171
1897.104629,0.010094,-0.067032,0.002394,-9.817794,-9.818023,0.003195,-0.007455,0.003195,99176.91,25.75,0.011244
1897.114745,0.010116,-0.09576,-0.02394,-9.834552,-9.835047,0.00213,-0.005325,0.001065,99176.8,25.75,-0.00578
1897.124832,0.010088,-0.090972,0.02394,-9.829764,-9.830214,0.003195,-0.005325,0.003195,99176.8,25.75,-0.000947
1897.134938,0.010105,-0.110124,-0.002394,-9.817794,-9.818412,0.003195,-0.00639,0.00426,99176.8,25.75,0.010855
1897.145045,0.010107,-0.09576,-0.004788,-9.834552,-9.835019,0.001065,-0.00639,0.00213,99176.8,25.75,-0.005752
1897.155147,0.010102,-0.088578,0,-9.85131,-9.851708,0.00213,-0.005325,0.001065,99176.8,25.75,-0.022441
1897.165232,0.010085,-0.09576,0.007182,-9.860886,-9.861354,0.00213,-0.005325,0.003195,99176.8,25.75,-0.032087
1897.175357,0.010124,-0.074214,-0.002394,-9.853704,-9.853984,0.003195,-0.00639,0.003195,99176.8,25.75,-0.024717
1897.185622,0.010265,-0.114912,0.016758,-9.853704,-9.854388,-0.001065,-0.00639,0.00213,99176.8,25.75,-0.025121
1897.195737,0.010115,-0.076608,0.033516,-9.820188,-9.820544,0.003195,-0.003195,0.00426,99176.8,25.75,0.008723
1897.205903,0.010165,-0.081396,0.019152,-9.820188,-9.820544,0.001065,-0.007455,0.001065,99176.8,25.75,0.008723
1897.216006,0.010103,-0.110124,0.043092,-9.817794,-9.818506,0.001065,-0.00639,0.001065,99176.8,25.75,0.010761
1897.226715,0.010709,-0.086184,0.031122,-9.810612,-9.81104,0.00213,-0.00426,0.00426,99176.8,25.75,0.018227
1897.237796,0.011081,-0.081396,0.031122,-9.801036,-9.801423,0,-0.005325,-0.001065,99176.8,25.75,0.027844
1897.249024,0.011228,-0.090972,0,-9.805824,-9.806246,0.001065,-0.00426,0.001065,99176.8,25.75,0.023021
1897.26047,0.011445,-0.081396,0.02394,-9.796248,-9.796615,0.00213,-0.005325,0.001065,99176.8,25.75,0.032652
1897.27154,0.01107,-0.124488,0.043092,-9.796248,-9.797134,0.00426,-0.00639,0.001065,99176.8,25.75,0.032133
1897.28264,0.011101,-0.100548,0.028728,-9.793854,-9.794412,0.00213,-0.00639,0,99176.8,25.75,0.034855
1897.294048,0.011408,-0.090972,0.004788,-9.784278,-9.784702,0.00213,-0.00426,0.00213,99176.8,25.75,0.044565
1897.304981,0.010933,-0.069426,0.016758,-9.817794,-9.818054,0.001065,-0.00639,0.001065,99176.82,25.75,0.011213
1897.315071,0.01009,-0.069426,-0.031122,-9.777096,-9.777392,0.001065,-0.00639,0.00213,99176.82,25.75,0.051875
1897.325164,0.010093,-0.05985,-0.002394,-9.846522,-9.846704,0.001065,-0.00639,0.00213,99176.82,25.75,-0.017437
1897.335276,0.010112,-0.05985,-0.01197,-9.824976,-9.825166,0.003195,-0.005325,0.00213,99176.82,25.75,0.004101
1897.345374,0.010098,-0.03591,-0.033516,-9.836946,-9.837069,0.001065,-0.007455,0.001065,99176.82,25.75,-0.007802
1897.355495,0.010122,-0.050274,-0.004788,-9.848916,-9.849045,0.00213,-0.00852,0.00426,99176.82,25.75,-0.019778
1897.365632,0.010137,-0.057456,-0.02394,-9.817794,-9.817991,0.00213,-0.00639,0.001065,99176.82,25.75,0.011276
1897.375739,0.010107,-0.043092,-0.019152,-9.865674,-9.865787,0.003195,-0.00426,0,99176.87,25.75,-0.03652
1897.385842,0.010103,-0.076608,0.002394,-9.83934,-9.839639,0.003195,-0.00426,0.00426,99176.87,25.75,-0.010372
1897.395926,0.010084,-0.04788,0.01197,-9.860886,-9.86101,0,-0.005325,0.00213,99176.87,25.75,-0.031743
1897.406401,0.010475,-0.076608,0.004788,-9.83934,-9.839639,0.00213,-0.007455,0.00213,99176.87,25.75,-0.010372
1897.416516,0.010116,-0.105336,0.026334,-9.841734,-9.842333,0.00213,-0.005325,0.00426,99176.87,25.75,-0.013066
1897.426772,0.010255,-0.05985,0.016758,-9.846522,-9.846718,0.003195,-0.005325,0.00426,99176.87,25.75,-0.017451
1897.436854,0.010082,-0.081396,0.004788,-9.8154,-9.815739,0.003195,-0.007455,0.001065,99176.98,25.75,0.013528
1897.44694,0.010086,-0.067032,0.02394,-9.808218,-9.808476,0.00213,-0.00639,0.001065,99176.98,25.75,0.020791
1897.457038,0.010099,-0.081396,0.038304,-9.817794,-9.818206,0.00213,-0.003195,0.005325,99176.98,25.75,0.011061
1897.467208,0.010169,-0.102942,0.038304,-9.77949,-9.780107,0.003195,-0.007455,0.00213,99176.98,25.75,0.04916
1897.477296,0.010088,-0.093366,0.031122,-9.8154,-9.815893,0.001065,-0.00426,0.001065,99176.98,25.75,0.013374
1897.4874,0.010104,-0.100548,0.043092,-9.798642,-9.799253,0.00213,-0.00426,0.003195,99176.98,25.75,0.030014
1897.497481,0.010082,-0.114912,0.002394,-9.79146,-9.792135,0.00213,-0.00639,0.001065,99176.98,25.75,0.037132
1897.507585,0.010103,-0.08379,0.03591,-9.824976,-9.825399,-0.001065,-0.005325,-0.001065,99176.98,25.75,0.003868
1897.517904,0.010319,-0.081396,-0.019152,-9.781884,-9.782241,0.003195,-0.00426,0,99176.98,25.75,0.047026
1897.527995,0.010091,-0.088578,0.014364,-9.77949,-9.779902,0.00213,-0.001065,-0.001065,99176.98,25.75,0.049365
1897.538095,0.010099,-0.090972,0.002394,-9.80343,-9.803852,0.001065,-0.00852,0.003195,99176.98,25.75,0.025415
1897.548231,0.010136,-0.105336,0.007182,-9.798642,-9.799211,0.001065,-0.007455,0.00213,99176.98,25.75,0.030056
1897.558349,0.010118,-0.081396,0.02394,-9.80343,-9.803797,0.00213,-0.005325,0.00213,99176.94,25.75,0.02547
1897.568452,0.010103,-0.100548,-0.014364,-9.841734,-9.842258,0,-0.00639,0,99176.94,25.75,-0.012991
1897.578641,0.010189,-0.076608,0.028728,-9.798642,-9.798984,0.00213,-0.005325,0.001065,99176.94,25.75,0.030283
1897.588726,0.010085,-0.10773,0.004788,-9.841734,-9.842325,0.003195,-0.00639,0.003195,99176.94,25.75,-0.013058
1897.598853,0.010127,-0.062244,-0.016758,-9.848916,-9.849127,0.001065,-0.00639,0.00213,99176.94,25.75,-0.01986
1897.608951,0.010097,-0.069426,-0.01197,-9.83934,-9.839592,0,-0.00639,0.00213,99176.94,25.75,-0.010325
1897.619038,0.010087,-0.069426,0,-9.86328,-9.863524,0.003195,-0.005325,0.00213,99176.94,25.75,-0.034257
1897.629205,0.010167,-0.08379,0,-9.846522,-9.846879,0.00213,-0.005325,0.00213,99176.87,25.75,-0.017612
1897.639321,0.010116,-0.067032,0.007182,-9.836946,-9.837177,0.00213,-0.003195,0.00213,99176.87,25.75,-0.00791
1897.649401,0.010081,-0.055062,0,-9.848916,-9.84907,0.00213,-0.00852,0.001065,99176.87,25.75,-0.019803
1897.659504,0.010102,-0.069426,0.021546,-9.82737,-9.827639,0.00213,-0.007455,0.003195,99176.87,25.75,0.001628
1897.669618,0.010114,-0.057456,0.004788,-9.829764,-9.829933,0.00213,-0.005325,0.00213,99176.87,25.75,-0.000666
1897.680783,0.011165,-0.064638,0.009576,-9.80343,-9.803648,0,-0.005325,0.00213,99176.87,25.75,0.025619
1897.690896,0.010113,-0.076608,0.043092,-9.817794,-9.818187,0.00213,-0.00426,0.001065,99176.77,25.75,0.01108
1897.700986,0.01009,-0.057456,0.019152,-9.817794,-9.817981,0.00213,-0.00639,0.003195,99176.77,25.75,0.011286
1897.711072,0.010086,-0.057456,0.040698,-9.793854,-9.794107,0.001065,-0.00426,0.001065,99176.77,25.75,0.03516
1897.721181,0.01011,-0.074214,0.038304,-9.824976,-9.825331,0.001065,-0.003195,0,99176.77,25.75,0.003936
1897.731293,0.010112,-0.064638,0.031122,-9.813006,-9.813268,0.001065,-0.003195,0.00213,99176.77,25.75,0.015999
1897.741645,0.010352,-0.09576,0.004788,-9.822582,-9.82305,0.001065,-0.00426,0.00213,99176.77,25.75,0.006217
1897.75174,0.010095,-0.069426,0.02394,-9.805824,-9.806099,0,-0.005325,0.001065,99176.77,25.75,0.023168
1897.761824,0.010085,-0.112518,0.002394,-9.841734,-9.842377,0.003195,-0.00426,0.001065,99176.77,25.75,-0.01311
1897.771929,0.010104,-0.064638,0.009576,-9.83934,-9.839557,0.00213,-0.00639,0,99176.77,25.75,-0.01029
1897.782033,0.010104,-0.10773,0.033516,-9.846522,-9.847168,0.00213,-0.00639,0.001065,99176.77,25.75,-0.017901
1897.792141,0.010108,-0.062244,0.01197,-9.822582,-9.822787,0.00213,-0.005325,0.00213,99176.77,25.75,0.00648
1897.802298,0.010157,-0.102942,0.004788,-9.824976,-9.825516,0.001065,-0.005325,0,99176.77,25.75,0.003751
1897.812478,0.010181,-0.09576,0.004788,-9.829764,-9.830232,0.001065,-0.00426,0.00213,99176.77,25.75,-0.000965
1897.822587,0.010108,-0.098154,0.028728,-9.853704,-9.854235,0.003195,-0.00426,0.00213,99176.77,25.75,-0.024968
1897.832682,0.010096,-0.105336,0.026334,-9.877644,-9.878241,0.00426,-0.00426,0,99176.77,25.75,-0.048974
1897.842787,0.010104,-0.086184,0.028728,-9.810612,-9.811033,0,-0.00639,0.00213,99176.77,25.75,0.018234
1897.852923,0.010136,-0.08379,-0.021546,-9.832158,-9.832539,0.00213,-0.00639,0.00426,99176.77,25.75,-0.003272
1897.863007,0.010085,-0.102942,0.01197,-9.846522,-9.847067,0.001065,-0.00639,0.001065,99176.77,25.75,-0.0178
1897.873105,0.010097,-0.081396,0.01197,-9.793854,-9.7942,0.001065,0,0,99176.69,25.75,0.035067
1897.883214,0.010109,-0.081396,-0.026334,-9.8154,-9.815773,0.00213,-0.005325,0.00213,99176.69,25.75,0.013494
1897.89331,0.010096,-0.129276,0,-9.832158,-9.833008,0.003195,-0.007455,0.001065,99176.69,25.75,-0.003741
1897.903497,0.010187,-0.043092,0.009576,-9.817794,-9.817893,0.003195,-0.00639,0.003195,99176.69,25.75,0.011374
1897.913613,0.010115,-0.08379,-0.007182,-9.784278,-9.784639,0.001065,-0.005325,0.001065,99176.69,25.75,0.044628
1897.923884,0.010272,-0.081396,-0.014364,-9.82737,-9.827718,0.00213,-0.00426,0.003195,99176.69,25.75,0.001549
1897.934096,0.010211,-0.057456,0.01197,-9.813006,-9.813182,0.003195,-0.005325,0.001065,99176.69,25.75,0.016085
1897.944184,0.010089,-0.081396,-0.009576,-9.777096,-9.77744,0.003195,-0.003195,0.00213,99176.74,25.75,0.051827
1897.954712,0.010527,-0.08379,0.014364,-9.796248,-9.796617,0.00213,-0.00639,0.001065,99176.74,25.75,0.03265
1897.965395,0.010683,-0.043092,0,-9.784278,-9.784373,0.00213,-0.005325,0.00213,99176.74,25.75,0.044894
1897.975483,0.010089,-0.081396,0.007182,-9.810612,-9.810952,0.001065,-0.00426,0,99176.74,25.75,0.018315
1897.985583,0.0101,-0.07182,0,-9.80343,-9.803693,0.00213,-0.005325,0.00213,99176.74,25.75,0.025574
1897.995685,0.010102,-0.05985,0.007182,-9.8154,-9.815585,0.001065,-0.00639,0.001065,99176.74,25.75,0.013682
1898.00579,0.010105,-0.105336,0.021546,-9.820188,-9.820777,0.001065,-0.007455,0.003195,99176.69,25.75,0.00849
1898.015909,0.01012,-0.067032,0.016758,-9.83934,-9.839583,0.001065,-0.00852,0.003195,99176.69,25.75,-0.010316
1898.026001,0.010092,-0.079002,0.007182,-9.829764,-9.830084,0.001065,-0.005325,0.00213,99176.69,25.75,-0.000817
1898.036099,0.010098,-0.074214,0.045486,-9.829764,-9.830149,0.001065,-0.00426,0.003195,99176.69,25.75,-0.000882
1898.046271,0.010173,-0.069426,0.014364,-9.853704,-9.853959,0.001065,-0.005325,0.001065,99176.69,25.75,-0.024692
1898.056375,0.010104,-0.067032,0.02394,-9.836946,-9.837204,0.003195,-0.00639,0.00213,99176.69,25.75,-0.007937
1898.066503,0.010128,-0.100548,0.02394,-9.844128,-9.844671,-0.001065,-0.007455,0.00426,99176.69,25.75,-0.015404
1898.076625,0.010122,-0.08379,0.028728,-9.853704,-9.854102,0,-0.00213,0.001065,99176.69,25.75,-0.024835
1898.086731,0.010106,-0.08379,0.004788,-9.820188,-9.820547,0.001065,-0.00639,0.001065,99176.69,25.75,0.00872
1898.096834,0.010103,-0.090972,0.016758,-9.832158,-9.832593,0.001065,-0.00639,0.001065,99176.69,25.75,-0.003326
1898.106949,0.010115,-0.10773,-0.004788,-9.848916,-9.849506,-0.001065,-0.007455,0.001065,99176.69,25.75,-0.020239
1898.117134,0.010185,-0.117306,0.016758,-9.813006,-9.813721,0.001065,-0.005325,0,99176.69,25.75,0.015546
1898.127241,0.010107,-0.102942,0.004788,-9.817794,-9.818335,0.00213,-0.00426,0.003195,99176.69,25.75,0.010932
1898.137334,0.010092,-0.088578,-0.009576,-9.813006,-9.81341,0.001065,-0.00852,0.00213,99176.69,25.75,0.015857
1898.147428,0.010094,-0.05985,0.009576,-9.8154,-9.815587,0.001065,-0.00639,0.00213,99176.69,25.75,0.01368
1898.157531,0.010103,-0.081396,0.004788,-9.85131,-9.851647,0.001065,-0.00639,0.001065,99176.69,25.75,-0.02238
1898.167706,0.010176,-0.064638,-0.01197,-9.784278,-9.784499,0.00213,-0.00426,0.00213,99176.69,25.75,0.044768
1898.177938,0.010231,-0.050274,0.002394,-9.8154,-9.815529,0.00213,-0.00426,0.00213,99176.69,25.75,0.013738
1898.188073,0.010136,-0.081396,0.007182,-9.805824,-9.806164,0,-0.007455,0.00213,99176.69,25.75,0.023103
1898.198243,0.01017,-0.100548,0.009576,-9.798642,-9.799163,0.001065,-0.005325,0.001065,99176.77,25.75,0.030104
1898.20833,0.010087,-0.079002,-0.009576,-9.77949,-9.779814,0,-0.00426,0.00213,99176.77,25.75,0.049453
1898.218421,0.01009,-0.064638,0.01197,-9.801036,-9.801256,0.00213,-0.005325,0.001065,99176.77,25.75,0.028011
1898.228525,0.010104,-0.067032,-0.004788,-9.79146,-9.791691,0.00426,-0.003195,0.003195,99176.77,25.75,0.037576
1898.238617,0.010092,-0.07182,0.014364,-9.805824,-9.806098,0.001065,-0.005325,0.003195,99176.77,25.75,0.023169
1898.248704,0.010086,-0.09576,0.007182,-9.832158,-9.832627,0.00213,-0.00639,0.00426,99176.77,25.75,-0.00336
1898.258804,0.010101,-0.055062,0.009576,-9.83934,-9.839499,0.001065,-0.007455,0.00213,99176.82,25.74,-0.010232
1898.268909,0.010105,-0.062244,0.026334,-9.83934,-9.839572,0,-0.003195,0.00213,99176.82,25.74,-0.010305
1898.279005,0.010096,-0.050274,0.014364,-9.844128,-9.844267,0.003195,-0.005325,0.001065,99176.82,25.74,-0.015
1898.289111,0.010107,-0.079002,-0.004788,-9.822582,-9.822901,0,-0.00426,0.00213,99176.82,25.74,0.006366
1898.29921,0.010098,-0.067032,-0.016758,-9.832158,-9.832401,0.003195,-0.003195,0.00426,99176.82,25.74,-0.003134
1898.309297,0.010087,-0.07182,0.031122,-9.841734,-9.842045,0.001065,-0.00852,0.001065,99176.82,25.74,-0.012778
1898.319423,0.010126,-0.07182,0.002394,-9.834552,-9.834815,0.001065,-0.00426,0.00213,99176.99,25.74,-0.005548
1898.329508,0.010085,-0.076608,-0.002394,-9.8154,-9.815699,0.00213,-0.005325,0.003195,99176.99,25.74,0.013568
1898.339603,0.010095,-0.093366,0,-9.836946,-9.837389,0.003195,-0.005325,0.003195,99176.99,25.74,-0.008122
1898.349703,0.010101,-0.076608,0.016758,-9.808218,-9.808531,0,-0.007455,0.00213,99176.99,25.74,0.020736
1898.359806,0.010103,-0.090972,0.031122,-9.79146,-9.791932,0.003195,-0.005325,0.001065,99176.99,25.74,0.037335
1898.370079,0.010273,-0.122094,0.004788,-9.79146,-9.792222,0.001065,-0.00852,0.00426,99176.99,25.74,0.037045
1898.38019,0.010111,-0.074214,-0.002394,-9.80343,-9.803711,0.00213,-0.003195,0.003195,99177.02,25.74,0.025556
1898.390456,0.010266,-0.10773,0.031122,-9.834552,-9.835191,0.001065,-0.00426,0,99177.02,25.74,-0.005924
1898.400559,0.010103,-0.114912,0.026334,-9.810612,-9.81132,0.00213,-0.005325,0.00213,99177.02,25.74,0.017947
1898.410645,0.010086,-0.09576,0.016758,-9.841734,-9.842214,0.00213,-0.00639,0.00213,99177.02,25.74,-0.012947
1898.420751,0.010106,-0.10773,0.009576,-9.822582,-9.823177,0.00426,-0.00639,-0.001065,99177.02,25.74,0.00609
1898.430901,0.01015,-0.102942,0.02394,-9.813006,-9.813575,0.003195,-0.00639,0.003195,99177.02,25.74,0.015692
1898.44099,0.010089,-0.055062,-0.031122,-9.813006,-9.81321,0.001065,-0.005325,0.00213,99177.02,25.74,0.016057
1898.45107,0.01008,-0.081396,0.026334,-9.824976,-9.825348,0.00213,-0.00639,0.00213,99177.02,25.74,0.003919
1898.461156,0.010086,-0.064638,0.002394,-9.829764,-9.829977,0.001065,-0.003195,0.001065,99177.02,25.74,-0.00071
1898.471244,0.010088,-0.074214,-0.004788,-9.832158,-9.832439,0.00213,-0.005325,0.00426,99177.02,25.74,-0.003172
1898.481341,0.010097,-0.090972,0.01197,-9.817794,-9.818223,0.001065,-0.005325,0.00213,99177.02,25.74,0.011044
1898.491438,0.010097,-0.08379,0.02394,-9.817794,-9.818181,0.003195,-0.00426,0,99177.02,25.74,0.011086
1898.501621,0.010183,-0.067032,-0.007182,-9.83934,-9.839571,0.001065,-0.007455,0.001065,99177.02,25.74,-0.010304
1898.511712,0.010091,-0.076608,-0.004788,-9.817794,-9.818094,0.00426,-0.007455,0.003195,99177.02,25.74,0.011173
1898.521797,0.010085,-0.062244,0.014364,-9.82737,-9.827578,0.003195,-0.005325,0.00213,99177.02,25.74,0.001689
1898.531901,0.010104,-0.045486,-0.019152,-9.83934,-9.839464,0,-0.00852,0.001065,99177.02,25.74,-0.010197
1898.542012,0.010111,-0.055062,0.016758,-9.836946,-9.837114,0.003195,-0.00852,0,99177.02,25.74,-0.007847
1898.552136,0.010124,-0.031122,-0.01197,-9.8154,-9.815457,0,-0.00426,0.00426,99177.02,25.74,0.01381
1898.562336,0.0102,-0.064638,-0.004788,-9.817794,-9.818008,0.00213,-0.00852,0.003195,99177.02,25.74,0.011259
1898.572429,0.010093,-0.081396,0.045486,-9.824976,-9.825418,0,-0.00426,0,99177.06,25.74,0.003849
1898.582594,0.010165,-0.038304,0.033516,-9.805824,-9.805956,0.00213,-0.00426,0.003195,99177.06,25.74,0.023311
1898.59276,0.010166,-0.057456,-0.007182,-9.805824,-9.805995,0.001065,-0.005325,0.00213,99177.06,25.74,0.023272
1898.602964,0.010204,-0.093366,0.019152,-9.832158,-9.83262,0,-0.001065,0.001065,99177.06,25.74,-0.003353
1898.613533,0.010569,-0.062244,0.014364,-9.8154,-9.815608,0.003195,-0.00639,0.00213,99177.06,25.74,0.013659
1898.624764,0.011231,-0.1197,0.014364,-9.810612,-9.811353,0.003195,-0.005325,0.001065,99177.06,25.74,0.017914
1898.635987,0.011222,-0.08379,0.002394,-9.824976,-9.825334,0.00213,-0.005325,0.001065,99176.98,25.74,0.003933
1898.646084,0.010097,-0.129276,0.045486,-9.832158,-9.833113,0.001065,-0.003195,0.00213,99176.98,25.74,-0.003846
1898.656183,0.010099,-0.117306,0.038304,-9.789066,-9.789844,0.001065,-0.00426,0.00213,99176.98,25.74,0.039423
1898.666287,0.010105,-0.105336,0.01197,-9.846522,-9.847093,0.003195,-0.007455,-0.001065,99176.98,25.74,-0.017826
1898.676394,0.010107,-0.117306,0.02394,-9.805824,-9.806555,0.001065,-0.003195,0.001065,99176.98,25.74,0.022712
1898.686456,0.010062,-0.088578,-0.007182,-9.841734,-9.842135,0.00213,-0.00639,0.003195,99176.98,25.74,-0.012868
1898.696573,0.010118,-0.088578,0.002394,-9.817794,-9.818194,0.001065,-0.005325,0.00213,99177.02,25.74,0.011073
1898.707089,0.010516,-0.105336,-0.014364,-9.817794,-9.81837,0.001065,-0.00426,0.00213,99177.02,25.74,0.010897
1898.717178,0.010089,-0.064638,-0.004788,-9.844128,-9.844341,0.001065,-0.00639,0.001065,99177.02,25.74,-0.015074
1898.727269,0.010091,-0.074214,-0.007182,-9.832158,-9.832441,0,-0.005325,0.001065,99177.02,25.74,-0.003174
1898.737358,0.01009,-0.074214,0.004788,-9.808218,-9.8085,0,-0.007455,0,99177.02,25.74,0.020767
1898.748276,0.010918,-0.069426,0.016758,-9.824976,-9.825236,0.001065,-0.003195,0.001065,99177.02,25.74,0.004031
1898.75952,0.011244,-0.074214,-0.004788,-9.841734,-9.842015,0,-0.005325,0.00213,99177.02,25.74,-0.012748
1898.770086,0.010566,-0.064638,0.004788,-9.80343,-9.803644,0,-0.00639,0,99177.02,25.74,0.025623
1898.781327,0.01124,-0.040698,0.007182,-9.829764,-9.829851,0.003195,-0.005325,0.00213,99177.02,25.74,-0.000584
1898.792468,0.011142,-0.043092,0.002394,-9.79146,-9.791555,0.00213,-0.00213,0,99177.02,25.74,0.037712
1898.803789,0.011321,-0.069426,-0.01197,-9.846522,-9.846774,0.001065,-0.00426,0.003195,99177.02,25.74,-0.017507
1898.815028,0.011238,-0.076608,0.019152,-9.817794,-9.818112,0.001065,-0.005325,0.001065,99177.02,25.74,0.011155
1898.826293,0.011265,-0.064638,0,-9.793854,-9.794067,0.003195,-0.005325,0.003195,99177.02,25.74,0.0352
1898.837922,0.011629,-0.086184,0.019152,-9.832158,-9.832554,0.001065,-0.00426,0.00213,99177.02,25.74,-0.003287
1898.848408,0.010486,-0.067032,0.043092,-9.83934,-9.839663,0.00426,-0.007455,-0.001065,99177.02,25.74,-0.010396
1898.859691,0.011283,-0.07182,-0.004788,-9.810612,-9.810876,0,-0.00639,0.00213,99177.02,25.74,0.018391
1898.870798,0.011107,-0.086184,0.014364,-9.813006,-9.813395,0.003195,-0.007455,0.00213,99177.02,25.74,0.015872
1898.881945,0.011147,-0.076608,0.02394,-9.85131,-9.851637,0.001065,-0.005325,0.001065,99177.02,25.74,-0.02237
1898.893166,0.011221,-0.086184,0.019152,-9.820188,-9.820585,0.00426,-0.007455,0.001065,99177.1,25.74,0.008682
1898.904368,0.011202,-0.08379,0.01197,-9.80343,-9.803795,-0.001065,-0.00852,0.00213,99177.1,25.74,0.025472
1898.915663,0.011295,-0.114912,0.019152,-9.83934,-9.84003,0.00213,-0.00426,0.003195,99177.1,25.74,-0.010763
1898.926759,0.011096,-0.102942,0.040698,-9.808218,-9.808843,0,-0.005325,0,99177.1,25.74,0.020424
1898.937886,0.011127,-0.067032,0.016758,-9.834552,-9.834795,0.001065,-0.00426,0.003195,99177.1,25.74,-0.005528
1898.94907,0.011184,-0.069426,-0.01197,-9.848916,-9.849168,0.003195,-0.00639,0.00213,99177.1,25.74,-0.019901
1898.960265,0.011195,-0.098154,0.033516,-9.808218,-9.808766,0.00213,-0.00426,0.00213,99177.12,25.75,0.020501
1898.971534,0.011269,-0.04788,-0.016758,-9.836946,-9.837077,-0.001065,-0.00426,0.003195,99177.12,25.75,-0.00781
1898.982607,0.011073,-0.076608,0.01197,-9.8154,-9.815706,0.001065,-0.005325,0.001065,99177.12,25.75,0.013561
1898.993861,0.011253,-0.057456,0,-9.813006,-9.813174,0.00426,-0.005325,0.00213,99177.12,25.75,0.016093
1899.005375,0.011514,-0.100548,-0.019152,-9.822582,-9.823115,0.00213,-0.003195,0,99177.12,25.75,0.006152
1899.01653,0.011156,-0.07182,0.026334,-9.836946,-9.837243,0.003195,-0.00639,0.003195,99177.02,25.75,-0.007976
1899.027473,0.010943,-0.062244,0.009576,-9.808218,-9.80842,0.001065,-0.005325,0,99177.02,25.75,0.020847
1899.038583,0.01111,-0.079002,0.009576,-9.808218,-9.808541,0.001065,-0.00852,0.003195,99177.02,25.75,0.020726
1899.049724,0.01114,-0.079002,-0.007182,-9.810612,-9.810933,0.001065,-0.005325,0.003195,99177.02,25.75,0.018334
1899.060908,0.011185,-0.086184,0.01197,-9.824976,-9.825361,0.00213,-0.007455,0.001065,99177.02,25.75,0.003906
1899.072265,0.011357,-0.074214,0.016758,-9.829764,-9.830058,0.001065,-0.00426,0.00213,99177.02,25.75,-0.000791
1899.083386,0.011121,-0.074214,0.014364,-9.822582,-9.822873,0.00213,-0.007455,0.001065,99177.02,25.74,0.006394
1899.094566,0.011179,-0.062244,0.019152,-9.808218,-9.808434,0.003195,-0.00852,0.003195,99177.02,25.74,0.020833
1899.105636,0.01107,-0.067032,0.028728,-9.817794,-9.818065,-0.001065,-0.003195,-0.001065,99177.02,25.74,0.011202
1899.116884,0.011248,-0.062244,0.007182,-9.798642,-9.798842,0.005325,-0.00426,0.001065,99177.02,25.74,0.030425
1899.128115,0.011231,-0.09576,0.033516,-9.853704,-9.854226,0,-0.00639,0.00213,99177.02,25.74,-0.024959
1899.139249,0.011133,-0.05985,0.007182,-9.86328,-9.863464,0,-0.007455,-0.00213,99177.02,25.74,-0.034197
1899.15049,0.011242,-0.079002,0.007182,-9.824976,-9.825296,0.003195,-0.00426,0.00213,99176.93,25.74,0.003971
1899.161668,0.011178,-0.05985,-0.016758,-9.836946,-9.837142,0,-0.00639,0.001065,99176.93,25.74,-0.007875
1899.172758,0.01109,-0.057456,0.002394,-9.841734,-9.841902,0.00213,-0.00639,0,99176.93,25.74,-0.012635
1899.183943,0.011185,-0.081396,-0.014364,-9.834552,-9.834899,0.00213,-0.00426,0.00213,99176.93,25.74,-0.005632
1899.195281,0.011338,-0.074214,-0.019152,-9.813006,-9.813305,0.003195,-0.00639,0.00213,99176.93,25.74,0.015962
1899.206461,0.01118,-0.08379,-0.007182,-9.829764,-9.830124,0.001065,-0.00639,0,99176.98,25.74,-0.000857
1899.217581,0.011121,-0.04788,0.002394,-9.829764,-9.829881,0.005325,-0.005325,0.005325,99176.98,25.74,-0.000614
1899.2287,0.011119,-0.052668,-0.009576,-9.813006,-9.813152,0.001065,-0.003195,0.001065,99176.98,25.74,0.016115
1899.239891,0.01119,-0.064638,-0.009576,-9.836946,-9.837163,0.00213,-0.005325,0.001065,99176.98,25.74,-0.007896
1899.251102,0.011211,-0.08379,0.02394,-9.836946,-9.837332,-0.001065,-0.003195,0.001065,99176.98,25.74,-0.008065
1899.26265,0.011548,-0.081396,0.004788,-9.805824,-9.806163,0.00213,-0.00639,0.00426,99176.98,25.74,0.023104
1899.273422,0.010772,-0.074214,0.031122,-9.8154,-9.81573,0,-0.005325,-0.00213,99176.93,25.74,0.013537
1899.284618,0.011196,-0.093366,0,-9.808218,-9.808662,0.00213,-0.005325,0.003195,99176.93,25.74,0.020605
1899.295866,0.011248,-0.10773,0.03591,-9.8154,-9.816057,0.00213,-0.00639,0.00426,99176.93,25.74,0.01321
1899.307025,0.011159,-0.093366,0.03591,-9.820188,-9.820697,0.003195,-0.005325,0.00213,99176.93,25.74,0.00857
1899.318193,0.011168,-0.102942,0.02394,-9.798642,-9.799212,0,-0.005325,0,99176.93,25.74,0.030055
1899.329447,0.011254,-0.110124,-0.004788,-9.79146,-9.79208,0.001065,-0.005325,0.001065,99176.93,25.74,0.037187
1899.340828,0.011381,-0.100548,0.019152,-9.820188,-9.820721,0.00213,-0.00639,0.00426,99177.07,25.74,0.008546
1899.351827,0.010999,-0.090972,-0.007182,-9.798642,-9.799067,0.001065,-0.00639,0.001065,99177.07,25.74,0.0302
1899.362981,0.011154,-0.074214,0.007182,-9.801036,-9.80132,-0.001065,-0.00639,0.001065,99177.07,25.74,0.027947
1899.374262,0.011281,-0.08379,0.009576,-9.841734,-9.842095,0.00426,-0.00852,0.00213,99177.07,25.74,-0.012828
1899.385259,0.010998,-0.090972,-0.021546,-9.80343,-9.803876,0.001065,-0.005325,0.003195,99177.07,25.74,0.025391
1899.396475,0.011216,-0.081396,-0.004788,-9.808218,-9.808557,0.00213,-0.00426,0,99177.07,25.74,0.02071
1899.407899,0.011424,-0.086184,-0.043092,-9.80343,-9.803904,0.00213,-0.00639,0.003195,99177.07,25.74,0.025363
1899.418924,0.011025,-0.055062,-0.004788,-9.87525,-9.875405,0,-0.007455,-0.001065,99177.07,25.74,-0.046138
1899.430044,0.01112,-0.062244,0.007182,-9.813006,-9.813206,0.003195,-0.005325,0.00213,99177.07,25.74,0.016061
1899.441255,0.011211,-0.067032,-0.009576,-9.813006,-9.81324,0,-0.005325,0.003195,99177.07,25.74,0.016027
1899.45242,0.011165,-0.05985,-0.004788,-9.836946,-9.837129,0.00213,-0.00852,0.003195,99177.07,25.74,-0.007862
1899.463843,0.011423,-0.093366,0.002394,-9.817794,-9.818238,0.001065,-0.00639,0.00213,99176.96,25.74,0.011029
1899.474304,0.010461,-0.081396,-0.004788,-9.810612,-9.810951,0.00213,-0.00426,0.003195,99176.96,25.74,0.018316
1899.484369,0.010065,-0.102942,0.014364,-9.80343,-9.803981,0.00213,-0.00639,0.00213,99176.96,25.74,0.025286
1899.494461,0.010092,-0.067032,0.002394,-9.801036,-9.801266,0.001065,-0.005325,0.001065,99176.96,25.74,0.028001
1899.504584,0.010124,-0.069426,0.02394,-9.79146,-9.791735,0.00213,-0.003195,0.00426,99176.96,25.74,0.037532
1899.514804,0.01022,-0.088578,0.033516,-9.82737,-9.827826,0.00213,-0.00426,0.003195,99176.96,25.74,0.001441
1899.524912,0.010108,-0.102942,0.004788,-9.813006,-9.813547,0.00213,-0.005325,0.003195,99176.96,25.74,0.01572
1899.534995,0.010083,-0.100548,0,-9.796248,-9.796764,0.003195,-0.005325,0.00213,99177.04,25.74,0.032503
1899.545103,0.010108,-0.074214,0.033516,-9.822582,-9.82292,0.00213,-0.00639,0.001065,99177.04,25.74,0.006347
1899.555195,0.010092,-0.07182,0.009576,-9.822582,-9.822849,0,-0.005325,0.001065,99177.04,25.74,0.006418
1899.565286,0.010091,-0.08379,0.016758,-9.844128,-9.844499,0,-0.00426,0.001065,99177.04,25.74,-0.015232
1899.575416,0.01013,-0.110124,-0.002394,-9.82737,-9.827987,0.00213,-0.00639,0.003195,99177.04,25.74,0.00128
1899.585507,0.010091,-0.09576,0.007182,-9.822582,-9.823051,0.001065,-0.007455,0.001065,99177.04,25.74,0.006216
1899.595598,0.010091,-0.079002,0.009576,-9.836946,-9.837268,0.001065,-0.00639,0.001065,99177.02,25.74,-0.008001
1899.605729,0.010131,-0.05985,0.014364,-9.82737,-9.827563,0.001065,-0.00426,0.001065,99177.02,25.74,0.001704
1899.615851,0.010121,-0.04788,0,-9.822582,-9.822699,0.001065,-0.005325,-0.001065,99177.02,25.74,0.006568
1899.625955,0.010104,-0.081396,-0.007182,-9.805824,-9.806164,0.001065,-0.00426,0.001065,99177.02,25.74,0.023103
1899.636059,0.010105,-0.086184,-0.019152,-9.8154,-9.815797,0.001065,-0.00639,0.001065,99177.02,25.74,0.01347
1899.646193,0.010133,-0.076608,0.01197,-9.777096,-9.777403,0.003195,-0.00639,0.003195,99177.02,25.74,0.051864
1899.65629,0.010098,-0.069426,-0.01197,-9.784278,-9.784532,0,-0.003195,0.001065,99177.1,25.74,0.044735
1899.666378,0.010088,-0.07182,-0.009576,-9.808218,-9.808486,0.003195,-0.007455,0,99177.1,25.74,0.020781
1899.676684,0.010306,0.009576,-0.026334,-9.834552,-9.834592,0.003195,-0.00213,0.00426,99177.1,25.74,-0.005325
1899.6868,0.010115,-0.01197,-0.043092,-9.882432,-9.882533,0.001065,-0.007455,0.00426,99177.1,25.74,-0.053266
1899.696924,0.010124,-0.04788,-0.019152,-9.846522,-9.846657,0.00213,-0.00639,0.003195,99177.1,25.74,-0.01739
1899.707007,0.010084,-0.079002,0.009576,-9.8154,-9.815723,0.003195,-0.00852,0.00426,99177.1,25.74,0.013544
1899.717104,0.010096,-0.100548,0.055062,-9.810612,-9.811282,0.00213,-0.007455,0.001065,99177.1,25.74,0.017985
1899.727202,0.010098,-0.129276,0.067032,-9.805824,-9.806905,0,-0.00639,0.001065,99177.1,25.75,0.022362
1899.737297,0.010095,-0.134064,0.086184,-9.765126,-9.766427,0.00213,-0.007455,0.00213,99177.1,25.75,0.06284
1899.747404,0.010107,-0.189126,0.069426,-9.753156,-9.755237,0.00213,-0.00639,0.003195,99177.1,25.75,0.07403
1899.757559,0.010155,-0.124488,0.057456,-9.786672,-9.787632,0.001065,-0.00213,0.003195,99177.1,25.75,0.041635
1899.767646,0.010087,-0.069426,0.055062,-9.8154,-9.8158,0.001065,-0.00426,0.001065,99177.1,25.75,0.013467
1899.777744,0.010098,-0.081396,0.01197,-9.817794,-9.818139,0.001065,-0.001065,0.001065,99177.1,25.75,0.011128
1899.787937,0.010193,-0.098154,-0.016758,-9.868068,-9.86857,0.001065,-0.00639,0.00213,99177.17,25.75,-0.039303
1899.798056,0.010119,-0.057456,0.028728,-9.848916,-9.849125,0.001065,-0.005325,0.00213,99177.17,25.75,-0.019858
1899.808194,0.010138,-0.07182,-0.02394,-9.829764,-9.830056,0.00213,-0.00639,0,99177.17,25.75,-0.000789
1899.818278,0.010084,-0.069426,-0.028728,-9.793854,-9.794142,0.003195,-0.005325,0.001065,99177.17,25.75,0.035125
1899.828414,0.010136,-0.064638,-0.004788,-9.820188,-9.820402,0.001065,-0.00639,0.00213,99177.17,25.75,0.008865
1899.838497,0.010083,-0.074214,-0.01197,-9.844128,-9.844415,0.00426,-0.005325,0.001065,99177.17,25.75,-0.015148
1899.848607,0.01011,-0.052668,-0.019152,-9.820188,-9.820348,0,-0.00213,0.001065,99177.22,25.74,0.008919
1899.858699,0.010092,-0.02394,-0.04788,-9.82737,-9.827516,0.001065,-0.00213,0.00213,99177.22,25.74,0.001751
1899.868868,0.010169,-0.055062,-0.009576,-9.841734,-9.841893,0.001065,-0.005325,0,99177.22,25.74,-0.012626
1899.878963,0.010095,-0.04788,0.004788,-9.813006,-9.813124,0.003195,-0.007455,0.00426,99177.22,25.74,0.016143
1899.889282,0.010319,-0.062244,0.016758,-9.786672,-9.786884,0.00213,-0.003195,0.003195,99177.22,25.74,0.042383
1899.901029,0.011747,-0.08379,-0.007182,-9.822582,-9.822942,0.001065,-0.00852,0.005325,99177.22,25.74,0.006325
1899.911879,0.010849,-0.09576,0.021546,-9.822582,-9.823072,0.001065,-0.00639,0.001065,99177.07,25.74,0.006195
1899.922194,0.010316,-0.088578,0.021546,-9.80343,-9.803854,0.00213,-0.00426,0.00426,99177.07,25.74,0.025413
1899.933301,0.011106,-0.088578,0.021546,-9.844128,-9.84455,0,-0.00639,0.001065,99177.07,25.74,-0.015283
1899.944552,0.011252,-0.122094,0.03591,-9.824976,-9.8258,0.001065,-0.00639,0.00213,99177.07,25.74,0.003467
1899.955809,0.011257,-0.04788,0.009576,-9.834552,-9.834673,0.00213,-0.00639,0.00213,99177.07,25.74,-0.005406
1899.965947,0.010138,-0.08379,0.002394,-9.8154,-9.815758,0.001065,-0.00426,0.00426,99177.07,25.74,0.013509
1899.976064,0.010117,-0.086184,0.040698,-9.829764,-9.830226,0.00213,-0.007455,0,99176.98,25.75,-0.000959
1899.986324,0.01026,-0.114912,0.04788,-9.841734,-9.842521,0,-0.005325,0.003195,99176.98,25.75,-0.013254
1899.996437,0.010113,-0.138852,0.014364,-9.80343,-9.804424,0.00213,-0.00426,0.001065,99176.98,25.75,0.024843
1900.006566,0.010129,-0.1197,0.040698,-9.820188,-9.821002,0.001065,-0.00639,0.001065,99176.98,25.75,0.008265
1900.016798,0.010232,-0.088578,0.026334,-9.82737,-9.827804,0.005325,-0.003195,0.00213,99176.98,25.75,0.001463
1900.026882,0.010084,-0.14364,0,-9.810612,-9.811663,0.001065,-0.00426,0.001065,99176.98,25.75,0.017604
1900.036968,0.010086,-0.093366,-0.040698,-9.841734,-9.842261,0.00213,-0.007455,0,99176.98,25.75,-0.012994
1900.047075,0.010107,-0.067032,-0.016758,-9.808218,-9.808461,0.00213,-0.005325,0.00213,99177.04,25.75,0.020806
1900.057187,0.010111,-0.045486,-0.031122,-9.820188,-9.820343,0.001065,-0.00639,-0.001065,99177.04,25.75,0.008924
1900.067682,0.010496,-0.076608,-0.014364,-9.829764,-9.830073,0.001065,-0.00639,0.001065,99177.04,25.75,-0.000806
1900.078746,0.011064,-0.05985,0.004788,-9.83934,-9.839523,-0.001065,-0.00639,0.001065,99177.04,25.75,-0.010256
1900.089899,0.011153,-0.062244,-0.009576,-9.805824,-9.806026,0.003195,-0.007455,0.003195,99177.04,25.75,0.023241
1900.1011,0.011201,-0.055062,-0.021546,-9.813006,-9.813184,0.001065,-0.009585,0.00213,99177.04,25.75,0.016083
1900.112438,0.011338,-0.043092,0.01197,-9.83934,-9.839442,0.00213,-0.003195,0.003195,99177.04,25.75,-0.010175
1900.124018,0.01158,-0.050274,0.004788,-9.836946,-9.837076,0.001065,-0.00639,0.003195,99177.04,25.75,-0.007809
1900.13488,0.010862,-0.043092,-0.019152,-9.805824,-9.805937,0,-0.005325,0.00213,99177.04,25.75,0.02333
1900.145845,0.010965,-0.03591,-0.004788,-9.805824,-9.805891,0.003195,-0.00852,0.001065,99177.04,25.75,0.023376
1900.15703,0.011185,-0.098154,0.033516,-9.808218,-9.808766,0.00213,-0.00426,0.00639,99177.04,25.75,0.020501
1900.169012,0.011982,-0.081396,0.031122,-9.793854,-9.794242,0.001065,-0.00426,0.003195,99177.18,25.75,0.035025
1900.179459,0.010447,-0.08379,0.014364,-9.817794,-9.818162,0.00426,-0.007455,0.003195,99177.18,25.75,0.011105
1900.190597,0.011138,-0.081396,0.055062,-9.820188,-9.82068,0,-0.005325,0,99177.18,25.75,0.008587
1900.201754,0.011157,-0.10773,0.038304,-9.841734,-9.842398,0.003195,-0.00426,0,99177.18,25.75,-0.013131
1900.212933,0.011179,-0.08379,0.016758,-9.810612,-9.810984,0,-0.003195,0.00426,99177.18,25.75,0.018283
1900.224382,0.011449,-0.102942,0.026334,-9.824976,-9.825551,0.001065,-0.007455,-0.001065,99177.18,25.75,0.003716
1900.235673,0.011291,-0.088578,0.016758,-9.836946,-9.837359,0.00213,-0.003195,0.00213,99177.2,25.75,-0.008092
1900.246515,0.010842,-0.098154,-0.016758,-9.834552,-9.835056,0.00213,-0.00852,0.00213,99177.2,25.75,-0.005789
1900.257706,0.011191,-0.100548,0,-9.848916,-9.849429,0.003195,-0.00639,0.001065,99177.2,25.75,-0.020162
1900.268878,0.011172,-0.074214,0.004788,-9.82737,-9.827651,0,-0.00852,0.001065,99177.2,25.75,0.001616
1900.280062,0.011184,-0.081396,-0.007182,-9.832158,-9.832498,0.00213,-0.00426,0,99177.2,25.75,-0.003231
1900.29125,0.011188,-0.02394,-0.02394,-9.836946,-9.837004,0.00426,-0.003195,0.00426,99177.2,25.75,-0.007737
1900.30245,0.0112,-0.05985,-0.03591,-9.824976,-9.825224,0.001065,-0.009585,0.00213,99177.14,25.75,0.004043
1900.313585,0.011135,-0.050274,-0.004788,-9.860886,-9.861015,-0.001065,-0.00426,0.00426,99177.14,25.75,-0.031748
1900.324908,0.011323,-0.050274,-0.026334,-9.82737,-9.827534,0,-0.00639,0.003195,99177.14,25.75,0.001733
1900.336113,0.011205,-0.04788,0.004788,-9.808218,-9.808336,0.001065,-0.00426,0.00213,99177.14,25.75,0.020931
1900.347255,0.011142,-0.100548,0.014364,-9.824976,-9.825501,0,-0.005325,0.00426,99177.14,25.75,0.003766
1900.358696,0.011441,-0.038304,-0.01197,-9.824976,-9.825058,0.003195,-0.00639,0.00213,99177.14,25.75,0.004209
1900.369522,0.010826,-0.08379,0.040698,-9.798642,-9.799085,0.00213,-0.00852,0.00426,99177.17,25.75,0.030182
1900.380695,0.011173,-0.050274,-0.031122,-9.805824,-9.806002,0.001065,-0.00213,0.001065,99177.17,25.75,0.023265
1900.391968,0.011273,-0.074214,0.028728,-9.820188,-9.82051,0.00213,-0.007455,0.00213,99177.17,25.75,0.008757
1900.403105,0.011137,-0.114912,0.043092,-9.82737,-9.828136,0.003195,-0.00426,0.00213,99177.17,25.75,0.001131
1900.414382,0.011277,-0.069426,0.026334,-9.820188,-9.820469,0,-0.005325,0.005325,99177.17,25.75,0.008798
1900.425532,0.01115,-0.09576,0.021546,-9.796248,-9.79674,0,-0.00852,0.00213,99177.17,25.75,0.032527
1900.436625,0.011093,-0.074214,0.02394,-9.801036,-9.801346,0.003195,-0.00639,0.003195,99177.17,25.75,0.027921
1900.447869,0.011244,-0.055062,0.007182,-9.8154,-9.815557,0.001065,-0.00639,0.001065,99177.17,25.75,0.01371
1900.459046,0.011177,-0.086184,0.019152,-9.846522,-9.846918,0.001065,-0.005325,0,99177.17,25.75,-0.017651
1900.470184,0.011138,-0.079002,0.026334,-9.836946,-9.837298,0.00213,-0.00639,0.00213,99177.17,25.75,-0.008031
1900.481481,0.011297,-0.064638,-0.007182,-9.8154,-9.815615,0.003195,-0.005325,0,99177.17,25.75,0.013652
1900.49264,0.011159,-0.055062,0.009576,-9.822582,-9.822741,-0.001065,-0.00639,0.001065,99177.15,25.75,0.006526
1900.503801,0.011161,-0.050274,-0.002394,-9.817794,-9.817923,0,-0.00639,0.001065,99177.15,25.75,0.011344
1900.51504,0.011239,-0.064638,0.01197,-9.832158,-9.832378,0.00213,-0.005325,0,99177.15,25.75,-0.003111
1900.526121,0.011081,-0.081396,-0.009576,-9.8154,-9.815742,0.001065,-0.00639,0.00213,99177.15,25.75,0.013525
1900.537317,0.011196,-0.090972,0.009576,-9.813006,-9.813432,0.003195,-0.003195,0.003195,99177.15,25.75,0.015835
1900.548555,0.011238,-0.074214,-0.02394,-9.8154,-9.81571,0,-0.00426,0.001065,99177.15,25.75,0.013557
1900.559925,0.01137,-0.100548,0.009576,-9.80343,-9.80395,0.00426,-0.00639,0.003195,99176.94,25.75,0.025317
1900.570867,0.010942,-0.062244,-0.014364,-9.841734,-9.841941,0.001065,-0.003195,0.001065,99176.94,25.75,-0.012674
1900.582018,0.011151,-0.093366,-0.014364,-9.813006,-9.813461,0.00213,-0.00852,0.003195,99176.94,25.75,0.015806
1900.593312,0.011293,-0.074214,0.004788,-9.841734,-9.842015,0.00213,-0.005325,0.00426,99176.94,25.75,-0.012748
1900.604431,0.01112,-0.064638,0,-9.832158,-9.83237,0,-0.00426,0.00426,99176.94,25.75,-0.003103
1900.615856,0.011425,-0.08379,0.004788,-9.82737,-9.827728,0.001065,-0.00426,0,99177.02,25.75,0.001539
1900.626809,0.010952,-0.088578,0.021546,-9.834552,-9.834974,0.003195,-0.005325,0.00213,99177.02,25.75,-0.005707
1900.637953,0.011145,-0.110124,0.016758,-9.810612,-9.811244,0.00213,-0.00639,0.00213,99177.02,25.75,0.018023
1900.649173,0.01122,-0.086184,0.02394,-9.817794,-9.818201,0.00426,-0.00426,0.001065,99177.02,25.75,0.011066
1900.660304,0.011131,-0.081396,0.01197,-9.80343,-9.803775,-0.001065,-0.00639,0.001065,99177.02,25.75,0.025492
1900.6718,0.011496,-0.05985,0,-9.824976,-9.825158,0.001065,-0.005325,0.001065,99177.02,25.75,0.004109
1900.682701,0.010901,-0.100548,0.007182,-9.836946,-9.837462,0.001065,-0.005325,0.001065,99177.02,25.75,-0.008195
1900.69393,0.011229,-0.086184,-0.014364,-9.829764,-9.830152,0.00213,-0.00426,0,99177.02,25.75,-0.000885
1900.70509,0.01116,-0.043092,-0.014364,-9.822582,-9.822687,0.00213,-0.00639,0,99177.02,25.75,0.00658
1900.716398,0.011308,-0.081396,0,-9.817794,-9.818131,0,-0.005325,0.00213,99177.02,25.75,0.011136
1900.727553,0.011155,-0.043092,-0.002394,-9.853704,-9.853799,0.001065,-0.00639,0.00213,99177.02,25.75,-0.024532
1900.73861,0.011057,-0.079002,-0.01197,-9.789066,-9.789392,0.001065,-0.003195,0.00213,99177.02,25.75,0.039875
1900.749795,0.011186,-0.10773,-0.007182,-9.872856,-9.873446,0.001065,-0.005325,0.001065,99177.02,25.75,-0.044179
1900.760976,0.011181,-0.08379,-0.02394,-9.832158,-9.832544,0.00426,-0.00639,0.005325,99177.02,25.75,-0.003277
1900.772276,0.0113,-0.07182,0.004788,-9.77949,-9.779755,0.001065,-0.00639,0.003195,99177.02,25.75,0.049512
1900.783403,0.011127,-0.122094,-0.004788,-9.832158,-9.832917,0.003195,-0.00426,0.003195,99177.02,25.75,-0.00365
1900.794657,0.011254,-0.090972,0.01197,-9.82737,-9.827798,0.00213,-0.00426,0.001065,99177.02,25.75,0.001469
1900.806031,0.011374,-0.098154,0.033516,-9.822582,-9.82313,0.001065,-0.005325,0,99177.02,25.75,0.006137
1900.816921,0.01089,-0.081396,-0.028728,-9.834552,-9.834931,0.001065,-0.005325,0.001065,99177.14,25.75,-0.005664
1900.828149,0.011229,-0.026334,-0.01197,-9.856098,-9.85614,0.003195,-0.005325,0.00213,99177.14,25.75,-0.026873
1900.839312,0.011163,-0.09576,0.009576,-9.784278,-9.784751,0.001065,-0.007455,0.003195,99177.14,25.75,0.044516
1900.850492,0.011179,-0.043092,-0.038304,-9.844128,-9.844297,0.003195,-0.003195,0.003195,99177.14,25.75,-0.01503
1900.861653,0.011162,-0.014364,0.016758,-9.781884,-9.781909,0.001065,-0.005325,0.001065,99177.14,25.75,0.047358
1900.872826,0.011172,-0.165186,0.026334,-9.817794,-9.819219,0,-0.00426,-0.001065,99177.12,25.75,0.010048
1900.884064,0.011239,-0.05985,0.014364,-9.846522,-9.846714,0.00213,-0.00426,0.001065,99177.12,25.75,-0.017447
1900.895247,0.011183,-0.08379,0.026334,-9.793854,-9.794248,0.00213,-0.007455,0.003195,99177.12,25.75,0.035019
1900.906479,0.011232,-0.088578,0.028728,-9.813006,-9.813448,0.00213,-0.00426,0.003195,99177.12,25.75,0.015819
1900.91759,0.01111,-0.055062,0.009576,-9.822582,-9.822741,0.001065,-0.00426,0.00213,99177.12,25.75,0.006526
1900.928912,0.011322,-0.086184,0.043092,-9.813006,-9.813479,0.001065,-0.00639,0.005325,99177.12,25.75,0.015788
1900.939994,0.011082,-0.033516,0.016758,-9.808218,-9.80829,0,-0.005325,0.001065,99177.07,25.75,0.020977
1900.951176,0.011182,-0.088578,0.021546,-9.817794,-9.818217,0.001065,-0.007455,0.001065,99177.07,25.75,0.01105
1900.962396,0.01122,-0.136458,0.026334,-9.808218,-9.809203,0.003195,-0.00426,0.001065,99177.07,25.75,0.020064
1900.973531,0.011135,-0.057456,0.004788,-9.798642,-9.798812,-0.001065,-0.005325,0.00213,99177.07,25.75,0.030455
1900.984693,0.011163,-0.064638,-0.004788,-9.829764,-9.829978,0.003195,-0.007455,0.003195,99177.07,25.75,-0.000711
1900.995918,0.011224,-0.114912,0.002394,-9.85131,-9.85198,0.00213,-0.00426,-0.001065,99177.07,25.75,-0.022713
1901.007114,0.011196,-0.052668,0,-9.836946,-9.837087,0,-0.005325,0.001065,99177.06,25.75,-0.00782
1901.018273,0.011158,-0.079002,0.002394,-9.853704,-9.854021,0.00213,-0.005325,0,99177.06,25.75,-0.024754
1901.02948,0.011208,-0.074214,0.004788,-9.824976,-9.825257,0.001065,-0.00639,0,99177.06,25.75,0.00401
1901.040673,0.011193,-0.057456,0.004788,-9.810612,-9.810781,0.003195,-0.007455,0.003195,99177.06,25.75,0.018486
1901.051818,0.011145,-0.069426,0.004788,-9.834552,-9.834798,-0.001065,-0.007455,0.001065,99177.06,25.75,-0.005531
1901.063023,0.011205,-0.090972,0.014364,-9.793854,-9.794287,0.00213,-0.00639,0.00213,99176.99,25.75,0.03498
1901.074235,0.011212,-0.08379,0.002394,-9.80343,-9.803788,0.003195,-0.007455,0.00213,99176.99,25.75,0.025479
1901.085364,0.011129,-0.102942,0.016758,-9.832158,-9.832711,0.00213,-0.003195,0.00213,99176.99,25.75,-0.003444
1901.096511,0.011146,-0.067032,0.009576,-9.769914,-9.770149,-0.001065,-0.005325,0.003195,99176.99,25.75,0.059118
1901.107709,0.011198,-0.067032,-0.007182,-9.734004,-9.734237,0.00426,-0.007455,0.00213,99176.99,25.75,0.09503
1901.119022,0.011313,-0.086184,0.021546,-9.75555,-9.755954,0.00213,-0.009585,0.00213,99176.99,25.75,0.073313
1901.130436,0.011413,-0.069426,-0.009576,-9.79146,-9.791711,0.00213,-0.00639,0.003195,99176.99,25.75,0.037556
1901.141322,0.010886,-0.050274,0.009576,-9.810612,-9.810745,0.001065,-0.003195,-0.001065,99176.99,25.75,0.018522
1901.152459,0.011137,-0.069426,0.009576,-9.820188,-9.820438,0.00213,-0.005325,0.001065,99176.99,25.75,0.008829
1901.16379,0.011331,-0.124488,0,-9.844128,-9.844915,0.00213,-0.007455,0.001065,99176.99,25.75,-0.015648
1901.174872,0.011082,-0.067032,0.002394,-9.87525,-9.875478,0.00213,-0.005325,0.00213,99176.99,25.75,-0.046211
1901.186038,0.011166,-0.052668,0.01197,-9.870462,-9.87061,0.001065,-0.005325,0,99176.99,25.75,-0.041343
1901.197371,0.011333,-0.067032,0.02394,-9.85131,-9.851567,0.001065,-0.007455,0.00213,99176.98,25.75,-0.0223
1901.208355,0.010984,-0.07182,0.028728,-9.846522,-9.846826,0.001065,-0.00639,0.00213,99176.98,25.75,-0.017559
1901.219578,0.011223,-0.050274,-0.014364,-9.853704,-9.853843,0,-0.005325,0.003195,99176.98,25.75,-0.024576
1901.229671,0.010093,-0.079002,0.002394,-9.877644,-9.87796,0.00213,-0.00426,0.00213,99176.98,25.75,-0.048693
1901.239774,0.010103,-0.067032,0.019152,-9.87525,-9.875496,0.00213,-0.00426,0.00213,99176.98,25.75,-0.046229
1901.249891,0.010117,-0.069426,0.009576,-9.848916,-9.849165,0.003195,-0.00639,0.00213,99176.98,25.75,-0.019898
1901.259999,0.010108,-0.069426,0.002394,-9.85131,-9.851555,0.00426,-0.009585,0.00213,99176.91,25.75,-0.022288
1901.270098,0.010099,-0.064638,0.007182,-9.841734,-9.841949,0.001065,-0.005325,0.00213,99176.91,25.75,-0.012682
1901.280235,0.010137,-0.08379,0.004788,-9.829764,-9.830122,0,-0.00639,0.001065,99176.91,25.75,-0.000855
1901.290419,0.010184,-0.081396,0.002394,-9.85131,-9.851647,0.003195,-0.005325,0,99176.91,25.75,-0.02238
1901.300559,0.01014,-0.057456,0.014364,-9.817794,-9.817973,0.00213,-0.00639,0.00213,99176.91,25.75,0.011294
1901.310647,0.010088,-0.062244,0.014364,-9.80343,-9.803638,0.001065,-0.005325,0,99176.91,25.75,0.025629
1901.320803,0.010156,-0.079002,0.002394,-9.79146,-9.791779,0.003195,-0.007455,0.00426,99176.91,25.75,0.037488
1901.332079,0.011276,-0.08379,0.002394,-9.80343,-9.803788,0.00213,-0.00639,0.00213,99176.91,25.75,0.025479
1901.342606,0.010527,-0.069426,0.016758,-9.820188,-9.820448,0.00213,-0.00639,0.003195,99176.91,25.75,0.008819
1901.353883,0.011277,-0.117306,0.004788,-9.808218,-9.808921,0.001065,-0.00426,0,99176.91,25.75,0.020346
1901.364985,0.011102,-0.098154,0.014364,-9.820188,-9.820689,0,-0.00426,0.00426,99176.91,25.75,0.008578
1901.37638,0.011395,-0.079002,0.014364,-9.822582,-9.82291,0.00213,-0.005325,0.00213,99176.91,25.75,0.006357
1901.38752,0.01114,-0.090972,-0.01197,-9.844128,-9.844556,0.001065,-0.005325,0.003195,99176.82,25.75,-0.015289
1901.398561,0.011041,-0.081396,0.019152,-9.896796,-9.897149,0.00213,-0.005325,0.00213,99176.82,25.75,-0.067882
1901.40973,0.011169,-0.09576,0.02394,-9.896796,-9.897288,0.00213,-0.005325,0.001065,99176.82,25.75,-0.068021
1901.420977,0.011247,-0.07182,0.014364,-9.880038,-9.880309,0.001065,-0.005325,0.003195,99176.82,25.75,-0.051042
1901.432101,0.011124,-0.064638,0.004788,-9.892008,-9.89222,0.001065,-0.00852,0.00213,99176.82,25.75,-0.062953
1901.44357,0.011469,-0.079002,0.019152,-9.927918,-9.928251,0.00213,-0.00639,0.00213,99176.82,25.75,-0.098984
1901.454646,0.011076,-0.050274,0.007182,-9.908766,-9.908896,0,-0.003195,0.001065,99176.82,25.75,-0.079629
1901.465747,0.0111,-0.079002,0.02394,-9.91116,-9.911504,0.001065,-0.007455,0,99176.82,25.75,-0.082237
1901.476945,0.011199,-0.052668,0.002394,-9.932706,-9.932846,0.003195,-0.00426,-0.00213,99176.82,25.75,-0.103579
1901.488043,0.011098,-0.09576,0.004788,-9.901584,-9.902048,0,-0.005325,0,99176.82,25.75,-0.072781
1901.49923,0.011187,-0.074214,-0.01197,-9.920736,-9.921021,0,-0.00213,0.00213,99176.82,25.75,-0.091754
1901.510413,0.011183,-0.04788,0.01197,-9.903978,-9.904101,0.001065,-0.00639,0.00213,99176.82,25.75,-0.074834
1901.521567,0.011154,-0.064638,0.009576,-9.949464,-9.949679,0.001065,-0.00639,0.00426,99176.83,25.75,-0.120412
1901.532734,0.011167,-0.086184,0.004788,-9.932706,-9.933081,0.00213,-0.00639,0,99176.83,25.75,-0.103814
1901.543987,0.011253,-0.07182,0.01197,-9.937494,-9.937761,0,-0.00639,0.00213,99176.83,25.75,-0.108494
1901.555318,0.011331,-0.086184,0.007182,-9.954252,-9.954628,0.003195,-0.00639,0.001065,99176.83,25.75,-0.125361
1901.566329,0.011011,-0.086184,0,-9.980586,-9.980958,0,-0.00213,0,99176.83,25.75,-0.151691
1901.577473,0.011144,-0.093366,0.007182,-9.987768,-9.988207,0,-0.005325,0,99176.82,25.75,-0.15894
1901.588653,0.01118,-0.093366,0.009576,-9.97101,-9.971452,0.001065,-0.00639,0.001065,99176.82,25.75,-0.142185
1901.599868,0.011215,-0.090972,0.014364,-10.00692,-10.007344,0.005325,-0.005325,0,99176.82,25.75,-0.178077
1901.611037,0.011169,-0.09576,0.026334,-9.990162,-9.990656,0.001065,-0.00426,0.00213,99176.82,25.75,-0.161389
1901.622328,0.011291,-0.090972,0.014364,-10.014102,-10.014526,0.00213,-0.00426,0,99176.82,25.75,-0.185259
1901.633726,0.011398,-0.079002,-0.01197,-10.038042,-10.03836,0.001065,-0.007455,0,99176.82,25.75,-0.209093
1901.644598,0.010872,-0.079002,-0.002394,-10.038042,-10.038353,0.00426,-0.005325,0.00213,99176.75,25.75,-0.209086
1901.655836,0.011238,-0.088578,0.026334,-10.035648,-10.036073,0,-0.005325,0,99176.75,25.75,-0.206806
1901.666985,0.01115,-0.088578,0.014364,-10.064376,-10.064776,0.001065,-0.00426,0.00213,99176.75,25.75,-0.235509
1901.678102,0.011117,-0.090972,0.021546,-10.071558,-10.071992,0,-0.007455,0.00426,99176.75,25.75,-0.242725
1901.689295,0.011192,-0.064638,0,-10.107468,-10.107675,0.001065,-0.00639,0.00213,99176.75,25.75,-0.278408
1901.700486,0.011191,-0.076608,0.021546,-10.085922,-10.086236,-0.001065,-0.00639,0,99176.75,25.75,-0.256969
1901.71206,0.011575,-0.069426,0.016758,-10.085922,-10.086175,0.00213,-0.00639,0.00213,99176.82,25.75,-0.256908
1901.722968,0.010908,-0.079002,0.007182,-10.121832,-10.122143,0.003195,-0.00426,0.00213,99176.82,25.75,-0.292876
1901.734112,0.011144,-0.08379,0.028728,-10.088316,-10.088705,0.003195,-0.00426,-0.001065,99176.82,25.75,-0.259438
1901.745214,0.011102,-0.07182,0.007182,-10.095498,-10.095756,0.001065,-0.00639,0.001065,99176.82,25.75,-0.266489
1901.756467,0.011253,-0.045486,0.019152,-10.11465,-10.11477,0.00213,-0.00639,0.00213,99176.82,25.75,-0.285503
1901.767735,0.011268,-0.086184,0,-10.095498,-10.095866,-0.001065,-0.00639,0.003195,99176.82,25.75,-0.266599
1901.778885,0.01115,-0.07182,0.014364,-10.100286,-10.100552,0.00426,-0.007455,0.003195,99176.82,25.75,-0.271285
1901.789999,0.011114,-0.074214,0.021546,-10.11465,-10.114945,0.003195,-0.00639,0.00213,99176.82,25.75,-0.285678
1901.801146,0.011147,-0.07182,0.004788,-10.093104,-10.093361,0.001065,-0.00426,0.001065,99176.82,25.75,-0.264094
1901.812311,0.011166,-0.064638,0.019152,-10.107468,-10.107693,0.00213,-0.003195,-0.00213,99176.82,25.75,-0.278426
1901.82366,0.011349,-0.076608,0.019152,-10.095498,-10.095807,0.00213,-0.00426,0.00426,99176.82,25.75,-0.26654
1901.834939,0.011278,-0.07182,0.028728,-10.083528,-10.083825,0.001065,-0.00426,0.00213,99176.83,25.75,-0.254558
1901.845922,0.010983,-0.093366,0.007182,-10.105074,-10.105508,0.00426,-0.00639,0.001065,99176.83,25.75,-0.276241
1901.857095,0.011173,-0.093366,0.007182,-10.081134,-10.081569,0.00213,-0.003195,0.00213,99176.83,25.75,-0.252302
1901.868345,0.01125,-0.079002,0.028728,-10.095498,-10.095848,0.00213,-0.00426,-0.001065,99176.83,25.75,-0.266581
1901.879588,0.011243,-0.098154,0.01197,-10.11465,-10.115133,0.00426,-0.005325,0.001065,99176.83,25.75,-0.285866
1901.890814,0.011225,-0.08379,0.007182,-10.112256,-10.112606,0.001065,-0.007455,0,99176.83,25.75,-0.283339
1901.901909,0.011095,-0.100548,-0.002394,-10.12662,-10.127119,0.00213,-0.005325,0.001065,99176.8,25.75,-0.297852
1901.912999,0.01109,-0.064638,0.03591,-10.109862,-10.110132,0.003195,-0.00639,0.003195,99176.8,25.75,-0.280865
1901.924279,0.01128,-0.117306,0.028728,-10.121832,-10.122552,0.00213,-0.003195,0.00213,99176.8,25.75,-0.293285
1901.935539,0.01126,-0.090972,0.014364,-10.143378,-10.143796,-0.00213,-0.005325,-0.001065,99176.8,25.75,-0.314529
1901.946733,0.011193,-0.093366,0.031122,-10.131408,-10.131886,0.00426,-0.005325,0.00213,99176.8,25.75,-0.302619
1901.957734,0.011002,-0.076608,-0.007182,-10.1745,-10.174791,0.001065,-0.003195,0.00213,99176.8,25.75,-0.345524
1901.968946,0.011212,-0.112518,-0.014364,-10.148166,-10.1488,0,-0.00639,0.00213,99176.82,25.75,-0.319533
1901.980199,0.011253,-0.079002,0.002394,-10.181682,-10.181989,0.001065,-0.007455,0.003195,99176.82,25.75,-0.352722
1901.991368,0.011169,-0.08379,0.004788,-10.18647,-10.186816,0.003195,-0.00426,0.005325,99176.82,25.75,-0.357549
1902.002469,0.011101,-0.07182,-0.014364,-10.203228,-10.203491,0.00213,-0.00426,0.003195,99176.82,25.75,-0.374224
1902.013653,0.011184,-0.093366,0.007182,-10.188864,-10.189294,0.001065,-0.007455,0.003195,99176.82,25.75,-0.360027
1902.024848,0.011195,-0.093366,0.016758,-10.200834,-10.201275,0.00213,-0.005325,0.003195,99176.75,25.75,-0.372008
1902.03617,0.011323,-0.07182,-0.009576,-10.18647,-10.186728,0.00213,-0.00426,0.00213,99176.75,25.75,-0.357461
1902.047309,0.011139,-0.05985,0.009576,-10.227168,-10.227348,-0.001065,-0.00426,0.001065,99176.75,25.75,-0.398081
1902.058437,0.011128,-0.09576,-0.007182,-10.205622,-10.206074,0.00213,-0.007455,0.003195,99176.75,25.75,-0.376807
1902.069641,0.011204,-0.055062,0.007182,-10.21041,-10.210561,0.001065,-0.007455,0.003195,99176.75,25.75,-0.381294
1902.08118,0.011539,-0.076608,0.016758,-10.219986,-10.220287,0.00213,-0.00639,0.001065,99176.75,25.75,-0.39102
1902.092341,0.011161,-0.07182,0.002394,-10.24632,-10.246572,0.00213,-0.005325,0.00213,99176.75,25.75,-0.417305
1902.10317,0.010829,-0.102942,0.016758,-10.243926,-10.244457,0.00213,-0.00426,0.00213,99176.75,25.75,-0.41519
1902.114571,0.0114,-0.086184,0.026334,-10.241532,-10.241928,0,-0.00426,0.003195,99176.75,25.75,-0.412661
1902.125589,0.011018,-0.064638,-0.009576,-10.24632,-10.246528,0.001065,-0.005325,0.00213,99176.75,25.75,-0.417261
1902.136719,0.01113,-0.10773,0.021546,-10.212804,-10.213395,0.001065,-0.00426,0.00213,99176.75,25.75,-0.384128
1902.147977,0.011258,-0.08379,0.026334,-10.27026,-10.270636,0.001065,-0.005325,0.001065,99176.75,25.75,-0.441369
1902.159333,0.011356,-0.067032,0,-10.231956,-10.232176,0.003195,-0.005325,0.00213,99176.75,25.75,-0.402909
1902.170285,0.010952,-0.08379,0.002394,-10.275048,-10.27539,0.00213,-0.005325,0,99176.75,25.75,-0.446123
1902.181484,0.0112,-0.086184,0.019152,-10.296594,-10.296972,0.001065,-0.005325,0.001065,99176.75,25.75,-0.467705
1902.19262,0.011135,-0.064638,0.004788,-10.291806,-10.29201,0.001065,-0.005325,0.00213,99176.75,25.75,-0.462743
1902.203942,0.011322,-0.081396,0,-10.287018,-10.28734,0.003195,-0.00213,0.003195,99176.75,25.75,-0.458073
1902.215172,0.01123,-0.079002,0.007182,-10.30617,-10.306475,0.001065,-0.00639,0.003195,99176.75,25.75,-0.477208
1902.226228,0.011056,-0.079002,-0.002394,-10.33011,-10.330412,0.001065,-0.003195,0.00213,99176.72,25.75,-0.501145
1902.237375,0.011147,-0.079002,0.002394,-10.351656,-10.351958,0.00213,-0.005325,0.003195,99176.72,25.75,-0.522691
1902.248577,0.011202,-0.050274,-0.002394,-10.31814,-10.318263,0.001065,-0.003195,0.00213,99176.72,25.75,-0.488996
1902.259768,0.011191,-0.088578,0.004788,-10.356444,-10.356824,0,-0.003195,0.001065,99176.72,25.75,-0.527557
1902.27097,0.011202,-0.062244,0.028728,-10.339686,-10.339913,0.003195,-0.00426,0.00213,99176.72,25.75,-0.510646
1902.282096,0.011126,-0.100548,-0.002394,-10.332504,-10.332993,0.00213,-0.00639,0.003195,99176.66,25.75,-0.503726
1902.293275,0.011178,-0.08379,0.031122,-10.33011,-10.330497,0,-0.005325,0.00426,99176.66,25.75,-0.50123
1902.304507,0.011232,-0.090972,0.033516,-10.361232,-10.361686,0.001065,-0.00426,0.003195,99176.66,25.75,-0.532419
1902.315686,0.011179,-0.062244,0.021546,-10.363626,-10.363835,-0.001065,-0.00426,0.00213,99176.66,25.75,-0.534568
1902.326325,0.010639,-0.074214,0.016758,-10.344474,-10.344754,0.003195,-0.005325,0.003195,99176.66,25.75,-0.515487
1902.336428,0.010104,-0.102942,0.014364,-10.37799,-10.37851,0.001065,-0.00639,0.003195,99176.66,25.75,-0.549243
1902.34652,0.010091,-0.098154,0.01197,-10.361232,-10.361704,0.001065,-0.007455,0.00213,99176.63,25.75,-0.532437
1902.356745,0.010225,-0.045486,0.009576,-10.322928,-10.323033,-0.001065,-0.005325,0.00213,99176.63,25.75,-0.493766
1902.366828,0.010083,-0.081396,0.002394,-10.349262,-10.349582,0.001065,-0.003195,0.003195,99176.63,25.75,-0.520315
1902.376921,0.010093,-0.074214,-0.014364,-10.313352,-10.313629,0.001065,-0.00639,0.00213,99176.63,25.75,-0.484362
1902.387013,0.010092,-0.07182,0.007182,-10.322928,-10.32318,0.00426,-0.00639,0.00213,99176.63,25.75,-0.493913
1902.397107,0.010094,-0.08379,0.031122,-10.339686,-10.340072,0,-0.00426,0.001065,99176.63,25.75,-0.510805
1902.407244,0.010137,-0.090972,0.01197,-10.301382,-10.301791,0.003195,-0.007455,0.00213,99176.63,25.75,-0.472524
1902.41734,0.010096,-0.069426,0,-10.33011,-10.330343,0,-0.00639,0.001065,99176.71,25.75,-0.501076
1902.427431,0.010091,-0.08379,0.014364,-10.308564,-10.308915,0.00213,-0.00639,0,99176.71,25.75,-0.479648
1902.437565,0.010134,-0.081396,-0.002394,-10.322928,-10.323249,0.003195,-0.005325,0.00213,99176.71,25.75,-0.493982
1902.447696,0.01013,-0.081396,0.009576,-10.308564,-10.30889,0.003195,-0.005325,0.001065,99176.71,25.75,-0.479623
1902.457814,0.010118,-0.057456,0.02394,-10.334898,-10.335085,0.003195,-0.00213,0.001065,99176.71,25.75,-0.505818
1902.467902,0.010088,-0.069426,-0.004788,-10.332504,-10.332738,0.001065,-0.003195,0.001065,99176.71,25.75,-0.503471
1902.477996,0.010095,-0.088578,0.004788,-10.325322,-10.325703,0.001065,-0.00426,0.003195,99176.71,25.75,-0.496436
1902.488079,0.010082,-0.114912,0.026334,-10.344474,-10.345146,0.001065,-0.00426,0.001065,99176.71,25.75,-0.515879
1902.498247,0.010168,-0.08379,0.004788,-10.322928,-10.323269,0.001065,-0.00426,0.00213,99176.71,25.75,-0.494002
1902.508385,0.010138,-0.086184,-0.002394,-10.322928,-10.323288,0.001065,-0.003195,0.003195,99176.71,25.75,-0.494021
1902.518474,0.01009,-0.086184,0.02394,-10.337292,-10.337679,0.001065,-0.007455,0.00213,99176.71,25.75,-0.508412
1902.52875,0.010276,-0.09576,-0.004788,-10.327716,-10.328161,0.001065,-0.00426,0.001065,99176.71,25.75,-0.498894
1902.538838,0.010088,-0.08379,0.002394,-10.320534,-10.320874,0.003195,-0.007455,0,99176.74,25.75,-0.491607
1902.548961,0.010123,-0.100548,0.009576,-10.310958,-10.311453,0,-0.005325,0.00213,99176.74,25.75,-0.482186
1902.559174,0.010213,-0.098154,0.009576,-10.31814,-10.318611,0.00426,-0.00639,0.003195,99176.74,25.75,-0.489344
1902.569255,0.010081,-0.098154,0.004788,-10.315746,-10.316214,0.00426,-0.00426,0.003195,99176.74,25.75,-0.486947
1902.579349,0.010094,-0.114912,0.016758,-10.325322,-10.325975,0.00426,-0.00852,0,99176.74,25.75,-0.496708
1902.589471,0.010122,-0.076608,0.007182,-10.30617,-10.306457,0.003195,-0.007455,0.00213,99176.74,25.75,-0.47719
1902.59957,0.0101,-0.076608,0.014364,-10.303776,-10.304071,0.00213,-0.00426,0.001065,99176.74,25.75,-0.474804
1902.609685,0.010115,-0.08379,0.007182,-10.296594,-10.296937,0.00213,-0.00426,0.00426,99176.66,25.75,-0.46767
1902.619871,0.010185,-0.079002,0.019152,-10.296594,-10.296915,0.001065,-0.003195,0.001065,99176.66,25.75,-0.467648
1902.629961,0.01009,-0.090972,-0.007182,-10.27026,-10.270665,0.00213,-0.005325,0.00213,99176.66,25.75,-0.441398
1902.640189,0.010228,-0.081396,0.01197,-10.315746,-10.316074,0.003195,-0.005325,0.001065,99176.66,25.75,-0.486807
1902.65132,0.011131,-0.076608,-0.021546,-10.284624,-10.284932,0.003195,-0.003195,0,99176.66,25.75,-0.455665
1902.662513,0.011193,-0.086184,0.007182,-10.298988,-10.299351,0.00213,-0.00639,0,99176.66,25.75,-0.470084
1902.673602,0.011089,-0.076608,0.016758,-10.310958,-10.311256,0.001065,-0.00852,0.001065,99176.56,25.75,-0.481989
1902.684726,0.011124,-0.064638,0,-10.28223,-10.282433,0.001065,-0.005325,0.001065,99176.56,25.75,-0.453166
1902.696011,0.011285,-0.064638,0.009576,-10.289412,-10.289619,0.00213,-0.007455,0.003195,99176.56,25.75,-0.460352
1902.707238,0.011227,-0.062244,-0.01197,-10.322928,-10.323123,0.001065,-0.00639,0.001065,99176.56,25.75,-0.493856
1902.718365,0.011127,-0.090972,-0.009576,-10.320534,-10.320939,0.00213,-0.00426,0.003195,99176.56,25.75,-0.491672
1902.7297,0.011335,-0.10773,0.002394,-10.313352,-10.313915,0.00213,-0.00639,0.001065,99176.47,25.75,-0.484648
1902.740667,0.010967,-0.098154,0.03591,-10.291806,-10.292337,0.00213,-0.007455,0.00426,99176.47,25.75,-0.46307
1902.751887,0.01122,-0.100548,0,-10.308564,-10.309054,0.003195,-0.00426,0.003195,99176.47,25.75,-0.479787
1902.763046,0.011159,-0.088578,0.016758,-10.310958,-10.311352,0,-0.003195,-0.001065,99176.47,25.75,-0.482085
1902.774281,0.011236,-0.074214,-0.007182,-10.325322,-10.325591,0.00213,-0.005325,0.00213,99176.47,25.75,-0.496324
1902.785399,0.011118,-0.069426,0.014364,-10.344474,-10.344717,-0.001065,-0.007455,0.00426,99176.47,25.75,-0.51545
1902.796785,0.011385,-0.086184,0.016758,-10.358838,-10.35921,0.00213,-0.00852,0.00213,99176.47,25.75,-0.529943
1902.807781,0.010997,-0.098154,0.014364,-10.308564,-10.309041,0.001065,-0.007455,0.003195,99176.47,25.75,-0.479774
1902.818958,0.011177,-0.086184,0.01197,-10.337292,-10.337658,0.001065,-0.00852,0.00213,99176.47,25.75,-0.508391
1902.830316,0.011358,-0.100548,0.033516,-10.346868,-10.347411,0.00213,-0.00426,0.00213,99176.47,25.75,-0.518144
1902.841667,0.011351,-0.110124,0.016758,-10.332504,-10.333104,0.00213,-0.00639,0,99176.47,25.75,-0.503837
1902.852713,0.011047,-0.09576,0.007182,-10.322928,-10.323375,0.00213,-0.005325,0.00213,99176.47,25.75,-0.494108
1902.864134,0.01142,-0.069426,-0.009576,-10.334898,-10.335136,0.001065,-0.00426,0.001065,99176.24,25.75,-0.505869
1902.875,0.010866,-0.090972,-0.014364,-10.30617,-10.306582,0.00426,-0.00639,0.00426,99176.24,25.75,-0.477315
1902.886071,0.011071,-0.08379,0.01197,-10.320534,-10.320881,0.001065,-0.005325,0.00213,99176.24,25.75,-0.491614
1902.897351,0.01128,-0.07182,-0.01197,-10.310958,-10.311215,0.001065,-0.005325,0.001065,99176.24,25.75,-0.481948
1902.908449,0.011098,-0.093366,0.019152,-10.31814,-10.31858,0.001065,-0.005325,0.00213,99176.24,25.75,-0.489313
1902.920018,0.01157,-0.064638,0.004788,-10.34208,-10.342283,0.00213,-0.005325,0.001065,99176.24,25.75,-0.513016
1902.931122,0.011104,-0.074214,-0.002394,-10.30617,-10.306437,0.00213,-0.005325,0.001065,99176.21,25.75,-0.47717
1902.942296,0.011174,-0.09576,0.026334,-10.322928,-10.323406,0.00213,-0.00426,0.001065,99176.21,25.75,-0.494139
1902.953174,0.010878,-0.08379,0.007182,-10.344474,-10.344816,0.00426,-0.00426,0.00213,99176.21,25.75,-0.515549
1902.964429,0.011255,-0.10773,0.03591,-10.349262,-10.349885,0.001065,-0.00426,0.00426,99176.21,25.75,-0.520618
1902.975623,0.011194,-0.045486,0,-10.313352,-10.313452,0,-0.003195,0.001065,99176.21,25.75,-0.484185
1902.986868,0.011245,-0.086184,0.014364,-10.327716,-10.328086,0.003195,-0.007455,0,99176.21,25.75,-0.498819
1902.998113,0.011246,-0.098154,0.016758,-10.315746,-10.316227,0.00213,-0.00639,0.001065,99176.21,25.75,-0.48696
1903.009338,0.011225,-0.088578,0.026334,-10.325322,-10.325736,0.003195,-0.00639,0.00213,99176.21,25.75,-0.496469
1903.020503,0.011165,-0.07182,0.016758,-10.303776,-10.30404,-0.001065,-0.00426,0.001065,99176.21,25.75,-0.474773
1903.031569,0.011066,-0.093366,0.009576,-10.327716,-10.328142,0.00213,-0.00426,0,99176.21,25.75,-0.498875
1903.042789,0.01122,-0.086184,0.016758,-10.33011,-10.330483,0.003195,-0.005325,0.003195,99176.21,25.75,-0.501216
1903.054003,0.011214,-0.090972,-0.002394,-10.361232,-10.361632,0.001065,-0.005325,-0.001065,99176.05,25.75,-0.532365
1903.065036,0.011033,-0.079002,-0.009576,-10.327716,-10.328023,0.001065,-0.005325,0.00213,99176.05,25.75,-0.498756
1903.076341,0.011305,-0.067032,0.01197,-10.344474,-10.344698,0.003195,-0.005325,0.003195,99176.05,25.75,-0.515431
1903.087497,0.011156,-0.076608,0.004788,-10.346868,-10.347153,0.00213,-0.00639,0.00213,99176.05,25.75,-0.517886
1903.098727,0.011229,-0.086184,-0.033516,-10.303776,-10.304191,0,-0.00426,0.00426,99176.05,25.75,-0.474924
1903.110253,0.011527,-0.090972,0.007182,-10.313352,-10.313756,0.00213,-0.007455,0.00426,99176.05,25.75,-0.484489
1903.121139,0.010886,-0.067032,0.014364,-10.31814,-10.318368,0.00213,-0.005325,0.001065,99176.05,25.75,-0.489101
1903.132198,0.011059,-0.076608,0.014364,-10.31814,-10.318434,0,-0.00639,0.00213,99176.05,25.75,-0.489167
1903.143375,0.011177,-0.102942,-0.01197,-10.320534,-10.321054,0,-0.005325,0.001065,99176.05,25.75,-0.491787
1903.154651,0.011276,-0.067032,0.02394,-10.332504,-10.332749,0,-0.005325,0.00213,99176.05,25.75,-0.503482
1903.165713,0.011062,-0.086184,-0.019152,-10.325322,-10.325699,0.00213,-0.00639,0.003195,99176.05,25.75,-0.496432
1903.176891,0.011177,-0.086184,0,-10.344474,-10.344833,0.00213,-0.005325,0,99175.73,25.75,-0.515566
1903.188059,0.011168,-0.110124,0.014364,-10.332504,-10.333101,0.00213,-0.00426,0.00426,99175.73,25.75,-0.503834
1903.199336,0.011277,-0.100548,0.021546,-10.315746,-10.316259,0.001065,-0.005325,0.003195,99175.73,25.75,-0.486992
1903.21052,0.011183,-0.076608,0.014364,-10.315746,-10.31604,0.00213,-0.00213,0,99175.73,25.75,-0.486773
1903.221598,0.011078,-0.100548,0.009576,-10.339686,-10.340179,0.00426,-0.005325,0.00213,99175.73,25.75,-0.510912
1903.23298,0.011383,-0.062244,0.02394,-10.339686,-10.339901,0.00213,-0.003195,0,99175.73,25.75,-0.510634
1903.244165,0.011184,-0.079002,0.02394,-10.346868,-10.347197,0.00213,-0.00426,0.00213,99175.38,25.75,-0.51793
1903.255356,0.011191,-0.079002,-0.004788,-10.332504,-10.332807,0.001065,-0.005325,0.001065,99175.38,25.75,-0.50354
1903.266482,0.011126,-0.114912,0.021546,-10.28223,-10.282895,0.003195,-0.00639,0.00213,99175.38,25.75,-0.453628
1903.277568,0.011086,-0.105336,-0.01197,-10.332504,-10.333048,0.00213,-0.005325,0,99175.38,25.75,-0.503781
1903.288749,0.011181,-0.081396,0.01197,-10.334898,-10.335225,0.00213,-0.00426,0,99175.38,25.75,-0.505958
1903.29992,0.011171,-0.067032,0,-10.346868,-10.347085,0.00213,-0.005325,0.00213,99175.38,25.75,-0.517818
1903.311184,0.011264,-0.079002,-0.04788,-10.327716,-10.328129,0.001065,-0.003195,0.00213,99175.14,25.75,-0.498862
1903.322317,0.011132,-0.076608,0.004788,-10.33011,-10.330395,0.00213,-0.00639,0.00426,99175.14,25.75,-0.501128
1903.333455,0.011138,-0.08379,0.009576,-10.322928,-10.323272,0.00213,-0.00426,-0.001065,99175.14,25.75,-0.494005
1903.344666,0.011211,-0.086184,0.002394,-10.349262,-10.349621,0,-0.007455,0.00213,99175.14,25.75,-0.520354
1903.355901,0.011235,-0.081396,0.014364,-10.337292,-10.337622,0.00213,-0.007455,0.00426,99175.14,25.75,-0.508355
1903.367594,0.011693,-0.074214,-0.016758,-10.34208,-10.34236,0.00426,-0.005325,0.00213,99175.14,25.75,-0.513093
1903.378339,0.010745,-0.086184,0.014364,-10.327716,-10.328086,0.003195,-0.003195,0.00426,99174.84,25.75,-0.498819
1903.389396,0.011058,-0.112518,-0.02394,-10.303776,-10.304418,0.00426,-0.00213,0.003195,99174.84,25.75,-0.475151
1903.400558,0.011161,-0.076608,0.031122,-10.344474,-10.344804,0,-0.00852,0.00213,99174.84,25.75,-0.515537
1903.411807,0.01125,-0.086184,0.021546,-10.315746,-10.316129,0.00213,-0.00426,0.00213,99174.84,25.75,-0.486862
1903.422958,0.011151,-0.081396,0.007182,-10.334898,-10.335221,0.00213,-0.005325,0.001065,99174.84,25.75,-0.505954
1903.43427,0.011312,-0.079002,-0.016758,-10.334898,-10.335214,0.00426,-0.003195,0,99174.38,25.75,-0.505947
1903.445331,0.011061,-0.117306,0.033516,-10.315746,-10.316467,0.003195,-0.00639,0.001065,99174.38,25.75,-0.4872
1903.456554,0.011223,-0.090972,0.055062,-10.36602,-10.366565,0.00213,-0.005325,0.001065,99174.38,25.75,-0.537298
1903.467744,0.01119,-0.09576,0.033516,-10.308564,-10.309063,0.00213,-0.007455,-0.001065,99174.38,25.75,-0.479796
1903.478883,0.011139,-0.110124,0.007182,-10.31814,-10.31873,0.00426,-0.009585,0.00213,99174.38,25.75,-0.489463
1903.49006,0.011176,-0.079002,0.02394,-10.291806,-10.292137,0.001065,-0.00426,0,99174.38,25.75,-0.46287
1903.501567,0.011507,-0.062244,0.019152,-10.327716,-10.327921,0.00213,-0.005325,0.001065,99174.38,25.75,-0.498654
1903.512436,0.010869,-0.079002,0.01197,-10.339686,-10.339995,0.001065,-0.00213,-0.001065,99174.38,25.75,-0.510728
1903.52369,0.011254,-0.110124,0.01197,-10.315746,-10.316341,0.00213,-0.005325,0,99174.38,25.75,-0.487074
1903.534968,0.011279,-0.067032,-0.040698,-10.35405,-10.354347,0,-0.005325,0.00213,99174.38,25.75,-0.52508
1903.546032,0.011063,-0.102942,0.004788,-10.31814,-10.318655,-0.001065,-0.00852,0.001065,99174.38,25.75,-0.489388
1903.55727,0.011239,-0.067032,-0.004788,-10.325322,-10.325541,0.001065,-0.00852,0.001065,99174.38,25.75,-0.496274
1903.568483,0.011212,-0.067032,-0.028728,-10.351656,-10.351913,0.001065,-0.003195,0.001065,99173.87,25.75,-0.522646
1903.579561,0.011078,-0.093366,0.014364,-10.325322,-10.325754,0,-0.007455,0.001065,99173.87,25.75,-0.496487
1903.590711,0.01115,-0.062244,-0.009576,-10.327716,-10.327908,0.001065,-0.003195,0.005325,99173.87,25.75,-0.498641
1903.601865,0.011154,-0.09576,0.01197,-10.344474,-10.344924,0.003195,-0.005325,0.003195,99173.87,25.75,-0.515657
1903.61316,0.011295,-0.069426,-0.004788,-10.363626,-10.36386,0.001065,-0.00852,0.001065,99173.87,25.75,-0.534593
1903.625165,0.012005,-0.074214,-0.019152,-10.33011,-10.330394,0,-0.00426,0.00213,99173.63,25.75,-0.501127
1903.635595,0.010429,-0.079002,0.004788,-10.33011,-10.330413,0.00213,-0.00639,0.003195,99173.63,25.75,-0.501146
1903.646704,0.011109,-0.069426,-0.009576,-10.327716,-10.327954,0.00213,-0.003195,0.00213,99173.63,25.75,-0.498687
1903.657843,0.011139,-0.093366,0.016758,-10.337292,-10.337727,0.00213,-0.005325,-0.001065,99173.63,25.75,-0.50846
1903.668991,0.011148,-0.04788,-0.043092,-10.344474,-10.344675,0.00213,-0.003195,0.00213,99173.63,25.75,-0.515408
1903.680666,0.011675,-0.081396,0.040698,-10.327716,-10.328117,0,-0.007455,0.001065,99173.63,25.75,-0.49885
1903.691658,0.010992,-0.093366,0.009576,-10.322928,-10.323355,0,-0.00639,0.00213,99173.26,25.75,-0.494088
1903.702644,0.010986,-0.074214,0.016758,-10.356444,-10.356723,0.003195,-0.005325,0.00426,99173.26,25.75,-0.527456
1903.713849,0.011205,-0.110124,-0.007182,-10.33011,-10.330699,0.001065,-0.00852,0.00213,99173.26,25.75,-0.501432
1903.724919,0.01107,-0.064638,0,-10.34208,-10.342282,0.003195,-0.001065,0,99173.26,25.75,-0.513015
1903.736203,0.011283,-0.088578,0.002394,-10.325322,-10.325702,0.001065,-0.00213,0.001065,99173.26,25.75,-0.496435
1903.747515,0.011312,-0.09576,0.014364,-10.31814,-10.318594,0.00213,-0.00426,0.003195,99173.26,25.75,-0.489327
1903.758532,0.011017,-0.090972,0.009576,-10.298988,-10.299394,0.00426,-0.00426,0.001065,99172.73,25.75,-0.470127
1903.769727,0.011195,-0.086184,-0.016758,-10.296594,-10.296968,0.001065,-0.00426,0.003195,99172.73,25.75,-0.467701
1903.780839,0.011112,-0.088578,-0.014364,-10.275048,-10.27544,0,-0.00426,0.00213,99172.73,25.75,-0.446173
1903.792078,0.011239,-0.08379,0.03591,-10.272654,-10.273058,0.00213,-0.00639,0.00213,99172.73,25.75,-0.443791
1903.803285,0.011207,-0.05985,-0.002394,-10.332504,-10.332678,0.003195,-0.00426,0.003195,99172.73,25.75,-0.503411
1903.814533,0.011248,-0.064638,-0.019152,-10.291806,-10.292027,0.001065,-0.005325,0.001065,99172.73,25.75,-0.46276
1903.825607,0.011074,-0.093366,0.052668,-10.277442,-10.278001,0.003195,-0.009585,0.001065,99172.73,25.75,-0.448734
1903.836766,0.011158,-0.100548,0.033516,-10.28223,-10.282776,0.001065,-0.005325,0.003195,99172.73,25.75,-0.453509
1903.847987,0.011221,-0.062244,0.033516,-10.263078,-10.263321,0.001065,-0.00639,0.001065,99172.73,25.75,-0.434054
1903.859265,0.011278,-0.086184,0.02394,-10.277442,-10.277831,0.00426,-0.007455,0.00213,99172.73,25.75,-0.448564
1903.870426,0.01116,-0.079002,0.014364,-10.243926,-10.244241,0.001065,-0.00213,0.001065,99172.73,25.75,-0.414974
1903.881518,0.011093,-0.088578,0.03591,-10.24632,-10.246766,0.001065,-0.00426,0.001065,99172.33,25.75,-0.417499
1903.892679,0.011161,-0.079002,0.004788,-10.263078,-10.263383,0.001065,-0.005325,0.00213,99172.33,25.75,-0.434116
1903.903923,0.011244,-0.09576,0.007182,-10.22238,-10.222831,0.00213,-0.005325,0.001065,99172.33,25.75,-0.393564
1903.915233,0.01131,-0.086184,0.019152,-10.215198,-10.21558,0,-0.00639,0.00213,99172.33,25.75,-0.386313
1903.926289,0.011056,-0.079002,-0.02394,-10.219986,-10.220319,0.001065,-0.005325,0,99172.33,25.75,-0.391052
1903.937464,0.011176,-0.112518,0.03591,-10.19844,-10.199124,0.00213,-0.00639,0.003195,99172.33,25.75,-0.369857
1903.948621,0.011157,-0.07182,0.002394,-10.184076,-10.18433,0.003195,-0.005325,0.003195,99171.89,25.75,-0.355063
1903.959844,0.011222,-0.052668,0.004788,-10.236744,-10.236881,0.003195,-0.005325,0.003195,99171.89,25.75,-0.407614
1903.971042,0.011198,-0.076608,-0.016758,-10.196046,-10.196348,0.00213,-0.00426,0,99171.89,25.75,-0.367081
1903.982222,0.011181,-0.052668,-0.02394,-10.208016,-10.20818,0.00213,-0.005325,0.00213,99171.89,25.75,-0.378913
1903.993409,0.011187,-0.057456,-0.026334,-10.152954,-10.153151,0.003195,-0.003195,0.003195,99171.89,25.75,-0.323884
1904.004524,0.011115,-0.08379,-0.03591,-10.169712,-10.170121,0.001065,-0.005325,0.003195,99171.89,25.75,-0.340854
1904.015907,0.011383,-0.093366,-0.043092,-10.176894,-10.177414,0.001065,-0.005325,0.001065,99171.38,25.75,-0.348147
1904.02703,0.011123,-0.076608,-0.004788,-10.148166,-10.148456,0.00213,-0.00639,0.003195,99171.38,25.75,-0.319189
1904.038167,0.011137,-0.057456,-0.021546,-10.16253,-10.162715,0.001065,-0.00426,0,99171.38,25.75,-0.333448
1904.049329,0.011163,-0.079002,-0.016758,-10.12662,-10.126942,0.00213,-0.00639,0.005325,99171.38,25.75,-0.297675
1904.060455,0.011126,-0.079002,-0.014364,-10.133802,-10.13412,0.001065,-0.00426,0.005325,99171.38,25.75,-0.304853
1904.07171,0.011255,-0.074214,0,-10.133802,-10.134074,0.001065,-0.00426,0.005325,99171.38,25.75,-0.304807
1904.082878,0.011169,-0.062244,0.01197,-10.133802,-10.134,0.00213,-0.00639,0.00426,99170.95,25.75,-0.304733
1904.094281,0.011403,-0.076608,0.019152,-10.09071,-10.091019,0,-0.00426,0.00213,99170.95,25.75,-0.261752
1904.105237,0.010956,-0.098154,0.019152,-10.143378,-10.143871,0.001065,-0.005325,0.00213,99170.95,25.75,-0.314604
1904.11639,0.011153,-0.081396,0.03591,-10.140984,-10.141374,0.003195,-0.00639,0.00213,99170.95,25.75,-0.312107
1904.127599,0.01121,-0.098154,0.057456,-10.143378,-10.144016,0.00213,-0.00852,0.003195,99170.95,25.75,-0.314749
1904.138828,0.011229,-0.086184,0.031122,-10.148166,-10.14858,0.001065,-0.00426,0.00213,99170.95,25.75,-0.319313
1904.149926,0.011098,-0.090972,0.062244,-10.097892,-10.098494,0.00213,-0.007455,0.00213,99170.95,25.75,-0.269227
1904.161093,0.011166,-0.079002,0.033516,-10.071558,-10.071924,0.001065,-0.005325,0.003195,99170.95,25.75,-0.242657
1904.17234,0.011247,-0.098154,0.04788,-10.095498,-10.096089,0.00213,-0.005325,0,99170.95,25.75,-0.266822
1904.183516,0.011176,-0.098154,0.026334,-10.064376,-10.064889,0.00213,-0.005325,0.005325,99170.95,25.75,-0.235622
1904.19541,0.011894,-0.081396,0.026334,-10.06677,-10.067134,0.003195,-0.007455,0.00213,99170.95,25.75,-0.237867
1904.205845,0.010435,-0.090972,0.007182,-10.071558,-10.071971,0.003195,-0.003195,-0.001065,99170.28,25.75,-0.242704
1904.217068,0.011223,-0.057456,0.038304,-10.088316,-10.088552,0.00213,-0.007455,0.00213,99170.28,25.75,-0.259285
1904.22851,0.011442,-0.117306,0.01197,-10.07874,-10.07943,0.001065,-0.005325,0.003195,99170.28,25.75,-0.250163
1904.239445,0.010936,-0.067032,-0.016758,-10.073952,-10.074189,0.00213,-0.005325,0.001065,99170.28,25.75,-0.244922
1904.250577,0.011132,-0.093366,-0.033516,-10.06677,-10.067259,0,-0.007455,0.00213,99170.28,25.75,-0.237992
1904.261791,0.011214,-0.122094,-0.033516,-10.061982,-10.062779,0.00213,-0.005325,0,99170.28,25.75,-0.233512
1904.273015,0.011224,-0.045486,-0.009576,-10.069164,-10.069271,0.001065,-0.00426,0.00213,99169.73,25.75,-0.240004
1904.284166,0.011151,-0.079002,-0.016758,-10.03086,-10.031185,0.001065,-0.007455,0.003195,99169.73,25.75,-0.201918
1904.295393,0.011227,-0.050274,-0.040698,-10.040436,-10.040644,0.00213,-0.00426,0.003195,99169.73,25.75,-0.211377
1904.306669,0.011276,-0.079002,-0.009576,-9.997344,-9.997661,0.003195,-0.00639,0.003195,99169.73,25.75,-0.168394
1904.317692,0.011022,-0.076608,-0.028728,-10.00692,-10.007254,0,-0.00639,0.001065,99169.73,25.75,-0.177987
1904.32888,0.011188,-0.09576,0.007182,-9.97101,-9.971472,0.001065,-0.005325,0,99169.73,25.75,-0.142205
1904.34012,0.01124,-0.088578,-0.028728,-10.021284,-10.021717,0.001065,-0.001065,0.00213,99169.1,25.75,-0.19245
1904.351293,0.011173,-0.093366,0.007182,-10.023678,-10.024115,0.003195,-0.00639,0.00426,99169.1,25.75,-0.194848
1904.362569,0.011276,-0.076608,0,-10.016496,-10.016789,0.001065,-0.00639,0.001065,99169.1,25.75,-0.187522
1904.373701,0.011132,-0.088578,0.007182,-9.99495,-9.995345,0.001065,-0.005325,0.003195,99169.1,25.75,-0.166078
1904.384789,0.011088,-0.07182,0.021546,-9.997344,-9.997625,0.00213,-0.005325,0.003195,99169.1,25.75,-0.168358
1904.396612,0.011823,-0.079002,0.031122,-9.997344,-9.997705,0.00213,-0.005325,0.003195,99168.17,25.75,-0.168438
1904.407214,0.010602,-0.098154,0.045486,-9.95904,-9.959628,0.001065,-0.007455,0,99168.17,25.75,-0.130361
1904.418394,0.01118,-0.086184,0.004788,-9.985374,-9.985747,0.00213,-0.005325,0.00213,99168.17,25.75,-0.15648
1904.429556,0.011162,-0.05985,0.03591,-9.944676,-9.944921,0.00426,-0.005325,0.00213,99168.17,25.75,-0.115654
1904.440788,0.011232,-0.09576,0.069426,-9.956646,-9.957349,0.001065,-0.00426,0,99168.17,25.75,-0.128082
1904.452155,0.011367,-0.076608,0.052668,-9.956646,-9.95708,0.00213,-0.007455,0.001065,99168.17,25.75,-0.127813
1904.463156,0.011001,-0.062244,0.019152,-9.954252,-9.954465,0.001065,0,-0.001065,99167.37,25.75,-0.125198
1904.474403,0.011247,-0.088578,0.043092,-9.937494,-9.937982,0.00213,-0.00426,0.001065,99167.37,25.75,-0.108715
1904.485485,0.011082,-0.05985,-0.02394,-9.932706,-9.932915,0.00213,-0.00639,-0.001065,99167.37,25.75,-0.103648
1904.496649,0.011164,-0.081396,0.026334,-9.949464,-9.949832,0.003195,-0.00852,0.003195,99167.37,25.75,-0.120565
1904.507873,0.011224,-0.067032,0.038304,-9.937494,-9.937794,0.00213,-0.00639,0,99167.37,25.75,-0.108527
1904.519064,0.011191,-0.050274,0,-9.9351,-9.935227,0.00213,-0.00639,-0.001065,99167.37,25.75,-0.10596
1904.530993,0.011929,-0.074214,-0.009576,-9.932706,-9.932988,0.001065,-0.00426,0,99167.37,25.75,-0.103721
1904.541122,0.010129,-0.074214,-0.007182,-9.91116,-9.91144,0.00426,-0.007455,-0.001065,99167.37,25.75,-0.082173
1904.551277,0.010155,-0.064638,0.004788,-9.915948,-9.91616,0,-0.003195,0.001065,99167.37,25.75,-0.086893
1904.561358,0.010081,-0.07182,-0.016758,-9.89919,-9.899465,0,-0.007455,0,99167.37,25.75,-0.070198
1904.571445,0.010087,-0.093366,-0.02394,-9.889614,-9.890084,0.001065,-0.005325,0.001065,99167.37,25.75,-0.060817
1904.58182,0.010375,-0.08379,-0.016758,-9.880038,-9.880408,0.001065,-0.007455,0.005325,99167.37,25.75,-0.051141
1904.591954,0.010134,-0.076608,0.01197,-9.865674,-9.865979,0.00213,-0.00639,0.00213,99166.59,25.75,-0.036712
1904.602096,0.010142,-0.062244,-0.040698,-9.87525,-9.87553,0.001065,-0.005325,0.003195,99166.59,25.75,-0.046263
1904.612195,0.010099,-0.088578,0,-9.853704,-9.854102,-0.001065,-0.00639,0.00426,99166.59,25.75,-0.024835
1904.622285,0.01009,-0.090972,-0.033516,-9.86328,-9.863756,0.00426,-0.003195,0.00213,99166.59,25.75,-0.034489
1904.632563,0.010278,-0.117306,-0.009576,-9.892008,-9.892708,0,-0.007455,0.003195,99166.59,25.75,-0.063441
1904.642837,0.010274,-0.074214,-0.007182,-9.877644,-9.877925,0.003195,-0.003195,0.00213,99166.59,25.75,-0.048658
1904.652931,0.010094,-0.08379,0.004788,-9.848916,-9.849274,0.003195,-0.00426,0.003195,99165.86,25.75,-0.020007
1904.663025,0.010094,-0.069426,0.02394,-9.894402,-9.894675,0.001065,-0.00852,0.005325,99165.86,25.75,-0.065408
1904.67314,0.010115,-0.09576,-0.031122,-9.836946,-9.837461,0.001065,-0.00639,0.00213,99165.86,25.75,-0.008194
1904.683179,0.010039,-0.098154,0.002394,-9.841734,-9.842224,0.001065,-0.005325,0.003195,99165.86,25.75,-0.012957
1904.693273,0.010094,-0.081396,0.033516,-9.87525,-9.875642,0.00213,-0.01065,0.00213,99165.86,25.75,-0.046375
1904.703374,0.010101,-0.09576,0.031122,-9.805824,-9.806341,0.003195,-0.00213,0.003195,99165.86,25.75,0.022926
1904.713872,0.010498,-0.076608,0.033516,-9.820188,-9.820544,0.003195,-0.00639,0.003195,99165.86,25.75,0.008723
1904.724019,0.010146,-0.079002,0.02394,-9.820188,-9.820535,0.001065,-0.005325,0,99165.17,25.75,0.008732
1904.73445,0.010431,-0.076608,0.081396,-9.832158,-9.832793,0.00213,-0.009585,0.00213,99165.17,25.75,-0.003526
1904.744548,0.010098,-0.043092,0.007182,-9.824976,-9.825073,0.00426,-0.00639,0.001065,99165.17,25.75,0.004194
1904.754795,0.010247,-0.069426,0.081396,-9.808218,-9.808801,0.00213,-0.00852,0.00213,99165.17,25.75,0.020466
1904.764977,0.010182,-0.062244,0.028728,-9.77949,-9.77973,0.00213,-0.00213,0.003195,99165.17,25.75,0.049537
1904.775067,0.010089,-0.067032,0.03591,-9.777096,-9.777392,0.003195,-0.007455,0.001065,99165.17,25.75,0.051875
1904.785151,0.010085,-0.062244,0.045486,-9.762732,-9.763036,0.003195,-0.003195,0.001065,99164.34,25.75,0.066231
1904.795241,0.01009,-0.062244,0.028728,-9.781884,-9.782124,0.001065,-0.00426,0.001065,99164.34,25.75,0.047143
1904.805351,0.01011,-0.076608,0.031122,-9.786672,-9.787021,0,-0.00639,0.00213,99164.34,25.75,0.042246
1904.815457,0.010106,-0.05985,-0.009576,-9.753156,-9.753344,0.001065,-0.00639,0,99164.34,25.75,0.075923
1904.825568,0.010111,-0.076608,0.004788,-9.748368,-9.74867,0,-0.00426,0.003195,99164.34,25.75,0.080597
1904.835667,0.0101,-0.055062,-0.02394,-9.772308,-9.772492,0,-0.00213,-0.001065,99164.34,25.75,0.056775
1904.845763,0.010095,-0.07182,-0.007182,-9.769914,-9.770181,0.001065,-0.005325,0.00213,99164.34,25.75,0.059086
1904.855916,0.010153,-0.057456,-0.016758,-9.777096,-9.777279,0.001065,-0.005325,0.001065,99164.34,25.75,0.051988
1904.866425,0.010509,-0.093366,-0.016758,-9.726822,-9.727285,0.00213,-0.005325,0.00213,99164.34,25.75,0.101982
1904.876582,0.010158,-0.069426,0,-9.745974,-9.746221,0.00213,-0.005325,0.00213,99164.34,25.75,0.083046
1904.886675,0.010093,-0.105336,-0.050274,-9.760338,-9.761036,0.00213,-0.003195,0.00213,99164.34,25.75,0.068231
1904.896769,0.010094,-0.057456,-0.014364,-9.712458,-9.712639,0.00213,-0.007455,0.003195,99164.34,25.75,0.116628
1904.906863,0.010094,-0.102942,-0.028728,-9.741186,-9.741772,0,-0.00426,0.001065,99164.34,25.75,0.087495
1904.917016,0.010153,-0.052668,-0.026334,-9.724428,-9.724606,-0.001065,-0.007455,0.001065,99163.5,25.75,0.104661
1904.927107,0.010091,-0.064638,-0.052668,-9.753156,-9.753512,0.00426,-0.00639,0.00426,99163.5,25.75,0.075755
1904.937202,0.010095,-0.09576,-0.009576,-9.73161,-9.732086,0.00213,-0.00426,0.00426,99163.5,25.75,0.097181
1904.947293,0.010091,-0.090972,0.009576,-9.734004,-9.734434,0.00213,-0.007455,0.003195,99163.5,25.75,0.094833
1904.957421,0.010129,-0.079002,-0.007182,-9.734004,-9.734327,0.003195,-0.00639,0.00426,99163.5,25.75,0.09494
1904.96795,0.010529,-0.081396,0.007182,-9.702882,-9.703226,-0.001065,-0.003195,0.003195,99163.5,25.75,0.126041
1904.97834,0.01039,-0.093366,0.038304,-9.669366,-9.669893,0.00213,-0.007455,0.00213,99162.67,25.75,0.159374
1904.988551,0.010211,-0.112518,0.033516,-9.693306,-9.694017,0.001065,-0.00426,0.00213,99162.67,25.75,0.13525
1904.998646,0.010095,-0.093366,0.062244,-9.6957,-9.696349,0.00213,-0.00639,0,99162.67,25.75,0.132918
1905.008751,0.010105,-0.079002,0.02394,-9.688518,-9.68887,0.001065,-0.005325,-0.001065,99162.67,25.75,0.140397
1905.018837,0.010086,-0.100548,0.057456,-9.688518,-9.68921,0.003195,-0.007455,0.001065,99162.67,25.75,0.140057
1905.028939,0.010102,-0.057456,0.062244,-9.669366,-9.669737,0.00213,-0.00426,0,99162.67,25.75,0.15953
1905.03918,0.010241,-0.105336,0.064638,-9.666972,-9.667762,0.003195,-0.007455,-0.001065,99161.9,25.75,0.161505
1905.049274,0.010094,-0.086184,0.045486,-9.662184,-9.662675,0.00426,-0.00426,0.00213,99161.9,25.75,0.166592
1905.059372,0.010098,-0.08379,0.040698,-9.65979,-9.660239,0,-0.00639,0,99161.9,25.75,0.169028
1905.069654,0.010281,-0.05985,0.062244,-9.62388,-9.624267,0,-0.00639,-0.001065,99161.9,25.75,0.205
1905.079761,0.010108,-0.076608,0.045486,-9.669366,-9.669776,0.003195,-0.00639,0.001065,99161.9,25.75,0.159491
1905.08997,0.010209,-0.04788,0.007182,-9.64782,-9.647941,0.00213,-0.00639,-0.001065,99161.9,25.75,0.181326
1905.100073,0.010103,-0.067032,-0.009576,-9.621486,-9.621724,0.001065,-0.00426,0,99161.09,25.75,0.207543
1905.110193,0.01012,-0.038304,0.028728,-9.666972,-9.667091,0.003195,-0.007455,-0.001065,99161.09,25.75,0.162176
1905.120304,0.010111,-0.067032,0.002394,-9.619092,-9.619326,0.001065,-0.005325,0.00213,99161.09,25.75,0.209941
1905.130392,0.010089,-0.062244,0.002394,-9.645426,-9.645627,0.001065,-0.00639,0.003195,99161.09,25.75,0.18364
1905.140483,0.010091,-0.098154,0.009576,-9.650214,-9.650718,0.001065,-0.005325,0.003195,99161.09,25.75,0.178549
1905.150567,0.010084,-0.069426,-0.033516,-9.626274,-9.626583,0.001065,-0.00426,0.003195,99161.09,25.75,0.202684
1905.160661,0.010094,-0.05985,-0.002394,-9.616698,-9.616885,0.001065,-0.005325,0.003195,99161.09,25.75,0.212382
1905.170777,0.010116,-0.07182,-0.052668,-9.63585,-9.636262,0.003195,-0.00852,0.00213,99161.09,25.75,0.193005
1905.180892,0.010114,-0.064638,-0.040698,-9.590364,-9.590668,0.001065,-0.00639,0.00213,99161.09,25.75,0.238599
1905.190991,0.010099,-0.076608,-0.02394,-9.609516,-9.609851,0.00213,-0.00426,0.001065,99161.09,25.75,0.219416
1905.201109,0.010118,-0.093366,0.002394,-9.597546,-9.598,0.00213,-0.00426,0.00213,99161.09,25.75,0.231267
1905.211342,0.010233,-0.088578,-0.04788,-9.583182,-9.583711,-0.001065,-0.00639,0.00426,99161.09,25.75,0.245556
1905.221775,0.010433,-0.090972,-0.021546,-9.559242,-9.559699,0.001065,-0.00426,0.001065,99161.09,25.75,0.269568
1905.231885,0.01011,-0.079002,-0.007182,-9.592758,-9.593086,0.001065,-0.00426,0.003195,99160.08,25.75,0.236181
1905.241975,0.01009,-0.07182,-0.014364,-9.566424,-9.566704,0.001065,-0.00639,0.00213,99160.08,25.75,0.262563
1905.252062,0.010087,-0.079002,-0.002394,-9.52812,-9.528448,0.00213,-0.00426,0.001065,99160.08,25.75,0.300819
1905.262275,0.010213,-0.09576,0.028728,-9.559242,-9.559765,0.00213,-0.005325,0.001065,99160.08,25.75,0.269502
1905.272391,0.010116,-0.081396,0.014364,-9.506574,-9.506933,0.00213,-0.005325,0.001065,99160.08,25.75,0.322334
1905.282479,0.010087,-0.07182,0.052668,-9.535302,-9.535718,0.001065,-0.01065,0.00426,99160.08,25.75,0.293549
1905.292828,0.010349,-0.114912,0.055062,-9.530514,-9.531366,0.001065,-0.00426,0,99159.17,25.75,0.297901
1905.30294,0.010112,-0.086184,0.014364,-9.544878,-9.545278,0.00213,-0.00639,0.00213,99159.17,25.75,0.283989
1905.31315,0.01021,-0.079002,0.050274,-9.520938,-9.521398,0.003195,-0.00426,0.001065,99159.17,25.75,0.307869
1905.324328,0.011178,-0.10773,0.05985,-9.530514,-9.531311,0.001065,-0.007455,0.001065,99159.17,25.75,0.297956
1905.335697,0.011369,-0.069426,0.026334,-9.518544,-9.518834,0,-0.003195,-0.00213,99159.17,25.75,0.310433
1905.346773,0.011076,-0.067032,0.009576,-9.496998,-9.497239,0,-0.005325,0.00213,99159.17,25.75,0.332028
1905.358712,0.011939,-0.067032,-0.004788,-9.525726,-9.525963,0,-0.007455,0,99158.36,25.75,0.303304
1905.369181,0.010469,-0.105336,0.038304,-9.513756,-9.514416,0.00213,-0.007455,0.003195,99158.36,25.75,0.314851
1905.380647,0.011466,-0.081396,-0.014364,-9.513756,-9.514115,-0.001065,-0.00426,0,99158.36,25.75,0.315152
1905.391627,0.01098,-0.079002,0.007182,-9.487422,-9.487754,0.00213,-0.003195,0.00213,99158.36,25.75,0.341513
1905.40265,0.011023,-0.055062,-0.01197,-9.465876,-9.466044,0.003195,-0.005325,0,99158.36,25.75,0.363223
1905.414647,0.011997,-0.062244,-0.04788,-9.485028,-9.485353,0,-0.007455,0.00426,99157.43,25.75,0.343914
1905.425081,0.010434,-0.052668,0.004788,-9.437148,-9.437296,0.001065,-0.003195,0.00213,99157.43,25.75,0.391971
1905.436374,0.011293,-0.074214,-0.052668,-9.463482,-9.46392,0.00213,-0.007455,0.00426,99157.43,25.75,0.365347
1905.447481,0.011107,-0.07182,-0.040698,-9.4563,-9.45666,0.00213,-0.005325,0.00213,99157.43,25.75,0.372607
1905.458541,0.01106,-0.088578,0.093366,-9.425178,-9.426057,0.00213,-0.00639,0.001065,99157.43,25.75,0.40321
1905.469969,0.011428,-0.08379,0.090972,-9.42039,-9.421202,0.003195,0.00213,0.003195,99157.43,25.75,0.408065
1905.480898,0.010929,-0.026334,-0.079002,-9.425178,-9.425546,0.00213,-0.00639,0.001065,99157.43,25.75,0.403721
1905.493023,0.012125,0.026334,0.052668,-9.362934,-9.363119,0.003195,-0.00639,0.003195,99157.43,25.75,0.466148
1905.503492,0.010468,-0.009576,-0.067032,-9.487422,-9.487664,0.00213,-0.00213,0.00213,99157.43,25.75,0.341603
1905.514622,0.011131,-0.232218,0.098154,-9.291114,-9.294534,-0.001065,-0.00426,0.003195,99157.43,25.75,0.534733
1905.525658,0.011036,0,0.02394,-9.475452,-9.475482,0.00213,-0.003195,0.00213,99157.43,25.75,0.353785
1905.536815,0.011157,-0.237006,0.007182,-9.427572,-9.430553,0,-0.011715,0.00213,99157.43,25.75,0.398714
1905.548096,0.011281,-0.02394,0.002394,-9.386874,-9.386905,0.001065,0,0.001065,99156.43,25.75,0.442362
1905.559419,0.011323,-0.134064,0.033516,-9.391662,-9.392679,0.00213,-0.007455,0.00213,99156.43,25.75,0.436588
1905.570479,0.01106,-0.057456,-0.122094,-9.39645,-9.397419,0.00213,0.001065,0.00213,99156.43,25.75,0.431848
1905.581619,0.01114,-0.002394,0.040698,-9.422784,-9.422872,0,-0.00426,0.001065,99156.43,25.75,0.406395
1905.592739,0.01112,-0.102942,-0.122094,-9.38448,-9.385839,0.00213,-0.00852,0,99156.43,25.75,0.443428
1905.604026,0.011287,-0.033516,-0.009576,-9.346176,-9.346241,0.00213,-0.00639,0.003195,99156.43,25.75,0.483026
1905.615256,0.01123,-0.10773,0.055062,-9.386874,-9.387654,0.001065,-0.00426,0.00213,99155.52,25.75,0.441613
1905.62631,0.011054,-0.088578,-0.100548,-9.31266,-9.313624,0.003195,-0.00426,0.003195,99155.52,25.75,0.515643
1905.637562,0.011252,-0.126882,0.07182,-9.365328,-9.366463,0,-0.011715,0.00213,99155.52,25.75,0.462804
1905.648688,0.011125,-0.100548,0.03591,-9.310266,-9.310878,0.001065,-0.00213,0.001065,99155.52,25.75,0.518389
1905.659913,0.011225,-0.03591,-0.050274,-9.36054,-9.360744,0.00213,-0.005325,0.001065,99155.52,25.75,0.468523
1905.670205,0.010293,-0.07182,0.055062,-9.398844,-9.39928,0.001065,-0.011715,0.00213,99155.52,25.75,0.429987
1905.682999,0.012794,-0.045486,0.033516,-9.382086,-9.382256,0.003195,-0.00213,0.003195,99154.53,25.75,0.447011
1905.693092,0.010092,-0.076608,0.045486,-9.279144,-9.279572,-0.001065,-0.007455,0.003195,99154.53,25.75,0.549695
1905.703172,0.010081,-0.136458,0.10773,-9.338994,-9.340612,0.003195,-0.00426,0.00213,99154.53,25.75,0.488655
1905.713331,0.010159,-0.081396,0.064638,-9.343782,-9.34436,0.001065,-0.005325,0.001065,99154.53,25.75,0.484907
1905.723452,0.010121,-0.079002,-0.009576,-9.322236,-9.322576,0.003195,-0.005325,0.00213,99154.53,25.75,0.506691
1905.733537,0.010085,-0.090972,0.050274,-9.271962,-9.272545,0.001065,-0.00213,0,99154.53,25.75,0.556722
1905.743706,0.010168,-0.016758,-0.057456,-9.295902,-9.296095,0.00213,-0.005325,0,99153.52,25.75,0.533172
1905.753836,0.010131,-0.09576,0.019152,-9.269568,-9.270082,0.00213,-0.007455,0,99153.52,25.75,0.559185
1905.763924,0.010088,-0.02394,0.045486,-9.350964,-9.351105,0.001065,-0.00213,0.001065,99153.52,25.75,0.478162
1905.774465,0.010541,-0.064638,-0.021546,-9.283932,-9.284182,0.001065,-0.00852,0.005325,99153.52,25.75,0.545085
1905.784532,0.010067,-0.102942,0.002394,-9.281538,-9.282109,0.001065,-0.005325,0,99153.52,25.75,0.547158
1905.795108,0.010575,-0.07182,0.033516,-9.331812,-9.332149,0.001065,-0.005325,0.003195,99153.52,25.75,0.497118
1905.805197,0.010089,-0.136458,0.021546,-9.329418,-9.330441,0.00213,-0.005325,0,99153.52,25.75,0.498826
1905.815314,0.010117,-0.081396,-0.019152,-9.303084,-9.30346,0.00213,-0.001065,0.00213,99153.52,25.75,0.525807
1905.825395,0.010081,0.009576,-0.02394,-9.34857,-9.348606,0.003195,-0.007455,0.00213,99153.52,25.75,0.480661
1905.835487,0.010092,-0.093366,-0.04788,-9.346176,-9.346765,-0.001065,-0.00639,0.003195,99153.52,25.75,0.482502
1905.845626,0.010139,-0.07182,-0.062244,-9.346176,-9.346659,0.003195,-0.00426,0.001065,99153.52,25.75,0.482608
1905.855727,0.010101,-0.021546,0.016758,-9.293508,-9.293548,0.003195,-0.00639,0.003195,99153.52,25.75,0.535719
1905.865814,0.010087,-0.117306,0.016758,-9.322236,-9.322989,0.00213,-0.00426,0.001065,99152.52,25.75,0.506278
1905.875935,0.010121,-0.055062,0.03591,-9.286326,-9.286559,0.00426,-0.001065,0.00426,99152.52,25.75,0.542708
1905.886022,0.010087,-0.081396,0.002394,-9.298296,-9.298653,0.003195,-0.00639,0.001065,99152.52,25.75,0.530614
1905.896123,0.010101,-0.10773,-0.031122,-9.30069,-9.301366,0.00213,-0.005325,0.00213,99152.52,25.75,0.527901
1905.906444,0.010321,-0.079002,0.033516,-9.338994,-9.339388,0.00213,-0.00639,0.00213,99152.52,25.75,0.489879
1905.916558,0.010114,-0.040698,-0.019152,-9.30069,-9.300799,0.00213,-0.005325,0.00213,99152.52,25.75,0.528468
1905.926655,0.010096,-0.074214,-0.014364,-9.358146,-9.358451,0.003195,-0.007455,0.00213,99151.61,25.75,0.470816
1905.936767,0.010112,-0.050274,-0.004788,-9.341388,-9.341525,0.00426,-0.00213,0.00213,99151.61,25.75,0.487742
1905.946884,0.010117,-0.079002,-0.016758,-9.255204,-9.255556,0,-0.005325,0.001065,99151.61,25.75,0.573711
1905.957027,0.010143,-0.08379,-0.002394,-9.350964,-9.35134,0.00213,-0.00852,0.003195,99151.61,25.75,0.477927
1905.967127,0.0101,-0.093366,0,-9.291114,-9.291583,0.00213,-0.005325,0.001065,99151.61,25.75,0.537684
1905.977237,0.010109,-0.076608,0.04788,-9.298296,-9.298735,0.001065,-0.009585,0,99151.61,25.75,0.530532
1905.987405,0.010168,-0.098154,0.031122,-9.353358,-9.353925,0.00426,0.001065,0.001065,99151.61,25.75,0.475342
1905.997518,0.010113,-0.09576,0.019152,-9.331812,-9.332323,0,-0.005325,0.001065,99150.68,25.75,0.496944
1906.00762,0.010102,-0.062244,-0.004788,-9.30069,-9.3009,0.003195,-0.00426,0,99150.68,25.75,0.528367
1906.017715,0.010096,-0.074214,0.064638,-9.310266,-9.310786,0.00213,-0.00852,0,99150.68,25.75,0.518481
1906.027804,0.010089,-0.090972,0,-9.334206,-9.334649,0.001065,-0.005325,0.001065,99150.68,25.75,0.494618
1906.03791,0.010106,-0.069426,0.040698,-9.319842,-9.320189,0.003195,-0.00639,0.00213,99150.68,25.75,0.509078
1906.048066,0.010156,-0.122094,0.026334,-9.350964,-9.351798,0,-0.00426,0.001065,99150.68,25.75,0.477469
1906.058228,0.010162,-0.038304,-0.002394,-9.34857,-9.348649,0.00213,-0.007455,0.003195,99149.66,25.75,0.480618
1906.06833,0.010102,-0.05985,0.004788,-9.341388,-9.341581,0.00213,-0.00426,0.00213,99149.66,25.75,0.487686
1906.078431,0.010101,-0.081396,0.007182,-9.350964,-9.351321,0.003195,-0.005325,0.003195,99149.66,25.75,0.477946
1906.088525,0.010095,-0.031122,-0.009576,-9.367722,-9.367779,0.001065,-0.00426,0.00213,99149.66,25.75,0.461488
1906.098631,0.010105,-0.090972,0.019152,-9.343782,-9.344244,0.001065,-0.007455,0.00426,99149.66,25.75,0.485023
1906.108722,0.010091,-0.074214,0.028728,-9.370116,-9.370454,0.003195,-0.00213,0.001065,99149.66,25.75,0.458813
1906.119307,0.010585,-0.081396,0.004788,-9.307872,-9.308229,0.00213,-0.00426,0.003195,99148.8,25.75,0.521038
1906.129433,0.010126,-0.069426,-0.007182,-9.293508,-9.29377,0,-0.00639,0,99148.8,25.75,0.535497
1906.139525,0.010092,-0.07182,0.004788,-9.34857,-9.348847,0.00213,-0.005325,0.00426,99148.8,25.75,0.48042
1906.149692,0.010166,-0.086184,0.026334,-9.331812,-9.332247,0.001065,-0.005325,0.00213,99148.8,25.75,0.49702
1906.159783,0.010091,-0.088578,-0.019152,-9.317448,-9.317889,0.00213,-0.00213,0.003195,99148.8,25.75,0.511378
1906.169882,0.010099,-0.052668,0.01197,-9.343782,-9.343938,0.00213,-0.00639,0.001065,99148.8,25.75,0.485329
1906.179969,0.010087,-0.09576,-0.002394,-9.331812,-9.332304,0.001065,-0.005325,0.001065,99148.8,25.75,0.496963
1906.190088,0.010118,-0.074214,-0.043092,-9.317448,-9.317843,0.001065,-0.00426,0.00213,99148.8,25.75,0.511424
1906.200237,0.010149,-0.04788,0.031122,-9.334206,-9.334381,0,-0.005325,0.001065,99148.8,25.75,0.494886
1906.210339,0.010102,-0.093366,0.01197,-9.30069,-9.301166,0.00213,-0.005325,0.00213,99148.8,25.75,0.528101
1906.220517,0.010177,-0.074214,0.026334,-9.319842,-9.320175,0.003195,-0.00213,0.001065,99148.8,25.75,0.509092
1906.230768,0.010251,-0.088578,0.028728,-9.31266,-9.313126,0,-0.003195,0.00426,99148.8,25.75,0.516141
1906.240864,0.010096,-0.074214,-0.009576,-9.310266,-9.310567,0.00426,-0.00426,0.001065,99148.8,25.75,0.5187
1906.250953,0.010089,-0.062244,0.02394,-9.3366,-9.336838,0.003195,-0.00426,0.00213,99147.92,25.75,0.492429
1906.261044,0.010091,-0.067032,0.021546,-9.32463,-9.324896,0.00213,-0.007455,0,99147.92,25.75,0.504371
1906.271129,0.010085,-0.05985,0.004788,-9.338994,-9.339187,0.001065,-0.00426,0.003195,99147.92,25.75,0.49008
1906.281262,0.010132,-0.074214,0.014364,-9.298296,-9.298603,0.001065,-0.00639,0.00213,99147.92,25.75,0.530664
1906.29137,0.010108,-0.055062,0.02394,-9.30069,-9.300884,0.00213,-0.00426,0.001065,99147.92,25.75,0.528383
1906.301461,0.010091,-0.088578,-0.014364,-9.338994,-9.339425,0.001065,-0.007455,0.00213,99147.92,25.75,0.489842
1906.311552,0.010091,-0.064638,0.002394,-9.303084,-9.303309,0.003195,-0.003195,0,99147.05,25.75,0.525958
1906.321685,0.010133,-0.067032,0.02394,-9.303084,-9.303356,0.001065,-0.00639,0.003195,99147.05,25.75,0.525911
1906.331816,0.010131,-0.10773,0.021546,-9.317448,-9.318096,0.00426,-0.00639,0.00426,99147.05,25.75,0.511171
1906.341919,0.010103,-0.074214,-0.002394,-9.327024,-9.32732,0.001065,-0.005325,0.00213,99147.05,25.75,0.501947
1906.352012,0.010092,-0.057456,0.031122,-9.355752,-9.35598,0.00213,-0.007455,0.001065,99147.05,25.75,0.473287
1906.362122,0.010111,-0.062244,-0.031122,-9.319842,-9.320102,0,-0.005325,0.001065,99147.05,25.75,0.509165
1906.37221,0.010088,-0.090972,0.014364,-9.34857,-9.349024,0.00213,-0.003195,0.00426,99147.05,25.75,0.480243
1906.382296,0.010085,-0.043092,0.02394,-9.34857,-9.3487,0.00213,-0.005325,0.00213,99146.15,25.75,0.480567
1906.392396,0.0101,-0.090972,0.009576,-9.331812,-9.33226,0.00213,-0.005325,0.00213,99146.15,25.75,0.497007
1906.402477,0.010082,-0.074214,-0.028728,-9.322236,-9.322576,0.001065,-0.007455,0.00213,99146.15,25.75,0.506691
1906.412565,0.010088,-0.052668,0.021546,-9.322236,-9.32241,0.005325,-0.007455,0.00213,99146.15,25.75,0.506857
1906.422655,0.01009,-0.074214,0.004788,-9.343782,-9.344078,-0.001065,-0.005325,0.00213,99146.15,25.75,0.485189
1906.432761,0.010106,-0.081396,0.01197,-9.26478,-9.265145,0,-0.007455,0.001065,99146.15,25.75,0.564122
1906.443318,0.010557,-0.093366,0.009576,-9.331812,-9.332284,0.001065,-0.005325,0.00213,99145.29,25.75,0.496983
1906.453423,0.010105,-0.079002,0.009576,-9.269568,-9.26991,0.001065,-0.00852,0.005325,99145.29,25.75,0.559357
1906.463512,0.010089,-0.088578,0.016758,-9.298296,-9.298733,0.00213,-0.00426,0,99145.29,25.75,0.530534
1906.473619,0.010107,-0.045486,-0.026334,-9.32463,-9.324778,-0.001065,-0.00426,0,99145.29,25.75,0.504489
1906.483715,0.010096,-0.062244,-0.02394,-9.3366,-9.336838,0.00213,-0.00639,0.00213,99145.29,25.75,0.492429
1906.493818,0.010103,-0.079002,0.021546,-9.317448,-9.317808,0.00213,-0.00426,0.00213,99145.29,25.75,0.511459
1906.503907,0.010089,-0.081396,0.02394,-9.28872,-9.289107,0.003195,-0.00426,0.001065,99145.29,25.75,0.54016
1906.51448,0.010573,-0.067032,0.04788,-9.305478,-9.305843,0.001065,-0.00426,0.001065,99145.29,25.75,0.523424
1906.524579,0.010099,-0.136458,0.031122,-9.307872,-9.308924,0.00426,-0.005325,0.003195,99145.29,25.75,0.520343
1906.534683,0.010104,-0.033516,-0.002394,-9.32463,-9.324691,0.00213,-0.003195,-0.001065,99145.29,25.75,0.504576
1906.544768,0.010086,-0.08379,-0.002394,-9.32463,-9.325007,0.001065,-0.005325,0.00213,99145.29,25.75,0.50426
1906.55495,0.010181,-0.093366,0.014364,-9.341388,-9.341866,0.00426,-0.00639,0.001065,99145.29,25.75,0.487401
1906.565038,0.010089,-0.03591,-0.014364,-9.28872,-9.288801,0.003195,-0.005325,0.003195,99144.56,25.75,0.540466
1906.575152,0.010114,-0.09576,0.021546,-9.319842,-9.320359,0.001065,-0.00852,0.00213,99144.56,25.75,0.508908
1906.585245,0.010093,-0.076608,0.009576,-9.327024,-9.327344,0.003195,-0.00426,0.003195,99144.56,25.75,0.501923
1906.595332,0.010087,-0.033516,-0.019152,-9.28872,-9.2888,0.001065,-0.00852,0.00213,99144.56,25.75,0.540467
1906.605418,0.010086,-0.10773,0.026334,-9.317448,-9.318108,0,-0.00639,0.003195,99144.56,25.75,0.511159
1906.615527,0.010109,-0.062244,0.007182,-9.331812,-9.332022,0.00213,-0.00426,0.001065,99144.56,25.75,0.497245
1906.625939,0.010412,-0.07182,0,-9.303084,-9.303361,0.001065,-0.005325,0.001065,99143.78,25.75,0.525906
1906.636837,0.010897,-0.069426,0.002394,-9.317448,-9.317707,-0.00213,-0.003195,0.001065,99143.78,25.75,0.51156
1906.646925,0.010088,-0.019152,-0.019152,-9.317448,-9.317487,0.00213,-0.003195,0.001065,99143.78,25.75,0.51178
1906.657169,0.010244,-0.079002,-0.016758,-9.307872,-9.308222,0.003195,-0.009585,0.001065,99143.78,25.75,0.521045
1906.66727,0.010102,-0.062244,0.01197,-9.30069,-9.300906,0.005325,-0.00639,0.001065,99143.78,25.75,0.528361
1906.677723,0.010453,-0.05985,0.019152,-9.329418,-9.32963,0,-0.00852,0.00213,99143.78,25.75,0.499637
1906.689009,0.011286,-0.124488,0.019152,-9.317448,-9.318299,0.00213,-0.003195,0.00213,99143.78,25.75,0.510968
1906.701032,0.012024,-0.064638,0.026334,-9.310266,-9.310528,0.003195,-0.007455,0.00213,99143.04,25.75,0.518739
1906.711847,0.010814,-0.105336,0.04788,-9.3366,-9.337317,0.00426,-0.00639,0.001065,99143.04,25.75,0.49195
1906.722479,0.010632,-0.07182,-0.01197,-9.295902,-9.296187,0,-0.003195,0,99143.04,25.75,0.53308
1906.734397,0.011918,-0.016758,-0.004788,-9.317448,-9.317464,0.001065,-0.007455,0.00426,99143.04,25.75,0.511803
1906.744824,0.010427,-0.081396,0.021546,-9.31266,-9.313041,0.001065,-0.007455,0.001065,99143.04,25.75,0.516226
1906.756135,0.01131,-0.07182,-0.016758,-9.329418,-9.329709,0.001065,-0.00852,0.003195,99143.04,25.75,0.499558
1906.767385,0.01125,-0.067032,0.043092,-9.298296,-9.298637,0.001065,-0.005325,0.001065,99142.37,25.75,0.53063
1906.778369,0.010984,-0.09576,0.045486,-9.295902,-9.296506,0.00213,-0.007455,0.00213,99142.37,25.75,0.532761
1906.789583,0.011214,-0.069426,0.016758,-9.329418,-9.329691,0.00213,-0.003195,0.001065,99142.37,25.75,0.499576
1906.800716,0.011133,-0.086184,0.028728,-9.319842,-9.320285,0,-0.00852,0,99142.37,25.75,0.508982
1906.812019,0.011303,-0.069426,-0.009576,-9.319842,-9.320106,0.00426,-0.00639,0.003195,99142.37,25.75,0.509161
1906.824202,0.012183,-0.057456,-0.014364,-9.32463,-9.324818,0,-0.00426,0.001065,99142.37,25.75,0.504449
1906.835243,0.011041,-0.088578,0,-9.315054,-9.315475,0.00213,-0.005325,0.001065,99142.37,25.75,0.513792
1906.845462,0.01022,-0.05985,0.01197,-9.331812,-9.332012,0.001065,-0.005325,0,99142.37,25.75,0.497255
1906.856731,0.011268,-0.079002,0.014364,-9.31266,-9.313006,0,-0.005325,0.003195,99142.37,25.75,0.516261
1906.868432,0.011702,-0.074214,-0.007182,-9.334206,-9.334504,0,-0.00639,0.003195,99142.37,25.75,0.494763
1906.879029,0.010597,-0.052668,0.033516,-9.317448,-9.317657,0.00213,-0.007455,0.001065,99142.37,25.75,0.51161
1906.890283,0.011254,-0.102942,-0.016758,-9.31266,-9.313244,0.00213,-0.00426,0.003195,99141.62,25.75,0.516023
1906.901338,0.011054,-0.045486,-0.009576,-9.307872,-9.307988,0,-0.005325,0,99141.62,25.75,0.521279
1906.912536,0.011198,-0.079002,0.045486,-9.307872,-9.308318,0.00213,-0.007455,0.00213,99141.62,25.75,0.520949
1906.923905,0.011369,-0.076608,0.009576,-9.334206,-9.334525,0.00213,-0.00213,0.005325,99141.62,25.75,0.494742
1906.935013,0.011108,-0.062244,0.002394,-9.32463,-9.324838,0.00213,-0.007455,0.003195,99141.62,25.75,0.504429
1906.946492,0.011479,-0.100548,0.009576,-9.32463,-9.325177,0,-0.00426,0.00213,99141.62,25.75,0.50409
1906.957291,0.010799,-0.07182,0.028728,-9.291114,-9.291436,0,-0.005325,0.001065,99140.92,25.75,0.537831
1906.968472,0.011181,-0.088578,0.026334,-9.329418,-9.329876,0.00213,-0.00426,0.003195,99140.92,25.75,0.499391
1906.979741,0.011269,-0.062244,-0.01197,-9.358146,-9.358361,0,-0.00426,0.001065,99140.92,25.75,0.470906
1906.990852,0.011111,-0.07182,0.007182,-9.32463,-9.324909,0.003195,-0.007455,0.00213,99140.92,25.75,0.504358
1907.002011,0.011159,-0.086184,0.019152,-9.338994,-9.339411,0.001065,-0.00426,0.00213,99140.92,25.75,0.489856
1907.013209,0.011198,-0.081396,0.009576,-9.295902,-9.296263,0.001065,-0.007455,0.003195,99140.92,25.75,0.533004
1907.024706,0.011497,-0.076608,-0.007182,-9.315054,-9.315372,0.00213,-0.00639,0,99140.36,25.75,0.513895
1907.035646,0.01094,-0.067032,0.050274,-9.295902,-9.29628,0,-0.005325,0,99140.36,25.75,0.532987
1907.046764,0.011118,-0.04788,0.016758,-9.32463,-9.324768,0,-0.005325,0.001065,99140.36,25.75,0.504499
1907.05794,0.011176,-0.043092,0.004788,-9.305478,-9.305579,0.00213,-0.003195,0.00213,99140.36,25.75,0.523688
1907.069246,0.011306,-0.086184,0.021546,-9.28872,-9.289145,0.001065,-0.005325,-0.001065,99140.36,25.75,0.540122
1907.080374,0.011128,-0.062244,-0.019152,-9.319842,-9.32007,0.001065,-0.005325,0.003195,99140.36,25.75,0.509197
1907.09162,0.011247,-0.076608,0.021546,-9.291114,-9.291455,0.001065,-0.00852,0,99139.66,25.75,0.537812
1907.1027,0.01108,-0.045486,0.014364,-9.341388,-9.34151,0.001065,-0.00213,0.001065,99139.66,25.75,0.487757
1907.113918,0.011218,-0.122094,-0.019152,-9.31266,-9.31348,0.001065,-0.007455,0,99139.66,25.75,0.515787
1907.125125,0.011207,-0.069426,0.031122,-9.331812,-9.332122,0.00213,-0.00852,0.00213,99139.66,25.75,0.497145
1907.136234,0.011109,-0.100548,0.004788,-9.322236,-9.322779,0.003195,-0.00213,0,99139.66,25.75,0.506488
1907.147564,0.01133,-0.064638,-0.021546,-9.322236,-9.322485,0.003195,-0.00639,-0.00213,99139.07,25.75,0.506782
1907.158342,0.010778,-0.081396,0.040698,-9.319842,-9.320286,0.00213,-0.00426,0.003195,99139.07,25.75,0.508981
1907.168434,0.010092,-0.069426,0.004788,-9.303084,-9.303344,0.003195,-0.005325,0.003195,99139.07,25.75,0.525923
1907.178524,0.01009,-0.100548,-0.019152,-9.307872,-9.308435,0.001065,-0.00639,0.003195,99139.07,25.75,0.520832
1907.18868,0.010156,-0.086184,0.026334,-9.343782,-9.344217,0,-0.00639,0.00213,99139.07,25.75,0.48505
1907.198767,0.010087,-0.064638,-0.004788,-9.303084,-9.30331,0.00213,-0.003195,0.00426,99139.07,25.75,0.525957
1907.20886,0.010094,-0.114912,0.002394,-9.36054,-9.361246,0.00213,-0.007455,0.001065,99139.07,25.75,0.468021
1907.21901,0.01015,-0.079002,0.014364,-9.374904,-9.375248,0,-0.00639,0,99139.07,25.75,0.454019
1907.229101,0.010091,-0.081396,-0.004788,-9.353358,-9.353713,0,-0.00426,0.001065,99139.07,25.75,0.475554
1907.2392,0.010099,-0.05985,0.01197,-9.37251,-9.372709,0.00213,-0.00639,0.00213,99139.07,25.75,0.456558
1907.249295,0.010094,-0.069426,0.026334,-9.382086,-9.38238,0.001065,-0.00639,0.00213,99139.07,25.75,0.446887
1907.259755,0.01046,-0.03591,-0.019152,-9.367722,-9.36781,0,-0.00639,0.001065,99139.07,25.75,0.461457
1907.269858,0.010104,-0.129276,0.016758,-9.365328,-9.366235,0.003195,-0.007455,0,99139.07,25.75,0.463032
1907.279956,0.010098,-0.057456,0.01197,-9.398844,-9.399027,0.003195,-0.003195,0.00213,99138.42,25.75,0.43024
1907.290053,0.010097,-0.033516,-0.009576,-9.374904,-9.374969,0.003195,-0.00213,0.001065,99138.42,25.75,0.454298
1907.300172,0.010119,-0.129276,0.014364,-9.427572,-9.428469,0.00213,-0.00639,0.001065,99138.42,25.75,0.400798
1907.310285,0.010113,-0.074214,-0.002394,-9.38448,-9.384774,0.00213,-0.005325,0.00213,99138.42,25.75,0.444493
1907.320386,0.010101,-0.067032,-0.007182,-9.401238,-9.40148,0,-0.00426,0.00213,99138.42,25.75,0.427787
1907.330474,0.010088,-0.057456,0.01197,-9.39645,-9.396633,0.00213,-0.005325,0.003195,99138.42,25.75,0.432634
1907.340589,0.010115,-0.069426,0.014364,-9.394056,-9.394324,0.001065,-0.00852,0.00426,99138.42,25.75,0.434943
1907.350683,0.010094,-0.040698,-0.03591,-9.36054,-9.360697,0.001065,-0.005325,0.00213,99137.71,25.75,0.46857
1907.360779,0.010096,-0.09576,0.01197,-9.437148,-9.437641,0,-0.00639,0.00213,99137.71,25.75,0.391626
1907.370878,0.010099,-0.067032,0.026334,-9.403632,-9.403908,0.001065,-0.003195,0.00213,99137.71,25.75,0.425359
1907.380989,0.01011,-0.067032,-0.009576,-9.434754,-9.434997,0.001065,-0.009585,0.005325,99137.71,25.75,0.39427
1907.391083,0.010094,-0.088578,0.021546,-9.446724,-9.447164,0.00213,-0.00213,-0.001065,99137.71,25.75,0.382103
1907.401183,0.0101,-0.062244,0.01197,-9.441936,-9.442149,0.00213,-0.003195,0.00213,99137.71,25.75,0.387118
1907.411274,0.010092,-0.05985,-0.01197,-9.437148,-9.437345,0,-0.005325,0.00426,99137.27,25.75,0.391922
1907.421364,0.01009,-0.07182,0.019152,-9.482634,-9.482925,-0.001065,-0.007455,0.001065,99137.27,25.75,0.346342
1907.431449,0.010085,-0.064638,0.02394,-9.473058,-9.473309,0.001065,-0.005325,0.00213,99137.27,25.75,0.355958
1907.441581,0.010132,-0.081396,0.009576,-9.477846,-9.4782,0.003195,-0.00852,0,99137.27,25.75,0.351067
1907.451671,0.01009,-0.064638,0.014364,-9.475452,-9.475683,0.005325,-0.00639,0.00213,99137.27,25.75,0.353584
1907.461769,0.010098,-0.086184,-0.021546,-9.513756,-9.514171,0.003195,-0.00639,0.003195,99137.27,25.75,0.315096
1907.472479,0.010709,-0.081396,0.014364,-9.501786,-9.502145,0,-0.00426,0.001065,99136.69,25.75,0.327122
1907.482577,0.010098,-0.07182,-0.014364,-9.487422,-9.487705,0.00213,-0.00639,0.001065,99136.69,25.75,0.341562
1907.492723,0.010146,-0.076608,0.038304,-9.50418,-9.504566,0.00213,-0.00426,0,99136.69,25.75,0.324701
1907.502943,0.01022,-0.090972,-0.03591,-9.518544,-9.519046,0.001065,-0.003195,0.001065,99136.69,25.75,0.310221
1907.513038,0.010094,-0.05985,0.002394,-9.54009,-9.540278,0.00213,-0.005325,0.001065,99136.69,25.75,0.288989
1907.523132,0.010094,-0.08379,0.009576,-9.506574,-9.506948,0.003195,-0.00426,0.001065,99136.69,25.75,0.322319
1907.533228,0.010097,-0.07182,-0.019152,-9.542484,-9.542773,0.00213,-0.005325,0,99136.69,25.75,0.286494
1907.543329,0.010101,-0.08379,0.026334,-9.530514,-9.530919,0,-0.007455,0.00213,99136.69,25.75,0.298348
1907.553429,0.010099,-0.07182,0.009576,-9.542484,-9.542759,0.00213,-0.00639,0.001065,99136.69,25.75,0.286508
1907.563522,0.010093,-0.064638,-0.007182,-9.535302,-9.535524,0.00213,-0.005325,0.00213,99136.69,25.75,0.293743
1907.573624,0.010102,-0.08379,0.02394,-9.544878,-9.545276,0,-0.00639,0.00213,99136.69,25.75,0.283991
1907.584241,0.010617,-0.074214,-0.002394,-9.518544,-9.518834,0.001065,-0.00639,0.00426,99136.69,25.75,0.310433
1907.594488,0.010246,-0.052668,-0.026334,-9.506574,-9.506756,0,-0.00639,-0.001065,99136.17,25.75,0.322511
1907.604585,0.010097,-0.08379,0.019152,-9.561636,-9.562022,0.003195,-0.00639,0.003195,99136.17,25.75,0.267245
1907.614899,0.010314,-0.08379,0.019152,-9.554454,-9.554841,0.003195,-0.005325,-0.00213,99136.17,25.75,0.274426
1907.62501,0.010111,-0.064638,-0.02394,-9.559242,-9.559491,-0.001065,-0.00639,0.001065,99136.17,25.75,0.269776
1907.635089,0.01008,-0.098154,0.03591,-9.56403,-9.564601,0.003195,-0.00426,0.00213,99136.17,25.75,0.264666
1907.645226,0.010137,-0.098154,0.007182,-9.547272,-9.547779,0.001065,-0.00639,0.001065,99136.17,25.75,0.281488
1907.655328,0.010102,-0.069426,0.007182,-9.568818,-9.569073,0,-0.00639,0.00426,99136.17,25.75,0.260194
1907.665464,0.010136,-0.105336,0.02394,-9.604728,-9.605335,0,-0.00639,0.00213,99135.64,25.75,0.223932
1907.675578,0.010114,-0.076608,0.021546,-9.571212,-9.571543,0,-0.00426,0.00213,99135.64,25.75,0.257724
1907.68568,0.010102,-0.064638,-0.007182,-9.614304,-9.614524,0.00213,-0.00639,0.001065,99135.64,25.75,0.214743
1907.696,0.01032,-0.045486,0.007182,-9.585576,-9.585687,0.001065,-0.003195,0.001065,99135.64,25.75,0.24358
1907.706099,0.0101,-0.062244,-0.009576,-9.590364,-9.590571,0.003195,-0.00639,0.001065,99135.64,25.75,0.238696
1907.716229,0.01013,-0.050274,-0.019152,-9.597546,-9.597697,-0.001065,-0.001065,0.00213,99135.64,25.75,0.23157
1907.72632,0.01009,-0.05985,0.014364,-9.62388,-9.624077,0.00426,-0.007455,0.003195,99135.13,25.75,0.20519
1907.736435,0.010115,-0.040698,0.028728,-9.585576,-9.585705,0.001065,-0.003195,0.00213,99135.13,25.75,0.243562
1907.746525,0.01009,-0.105336,-0.007182,-9.607122,-9.607702,-0.001065,-0.007455,0.001065,99135.13,25.75,0.221565
1907.756642,0.010117,-0.093366,0.038304,-9.650214,-9.650742,0.00213,-0.00426,0.00213,99135.13,25.75,0.178525
1907.766723,0.01008,-0.10773,0.019152,-9.631062,-9.631684,0.003195,-0.00639,0.00213,99135.13,25.75,0.197583
1907.776821,0.010098,-0.086184,0.014364,-9.657396,-9.657791,0.001065,0,0.001065,99135.13,25.75,0.171476
1907.786918,0.010097,-0.076608,0,-9.666972,-9.667276,0.00426,-0.00852,0.001065,99135.13,25.75,0.161991
1907.797017,0.010099,-0.134064,0.026334,-9.688518,-9.689481,0.00213,-0.00426,0.00213,99134.7,25.75,0.139786
1907.807119,0.010102,-0.100548,-0.002394,-9.664578,-9.665101,0.001065,-0.00426,0.001065,99134.7,25.75,0.164166
1907.817236,0.010117,-0.09576,0.01197,-9.676548,-9.677029,0.001065,-0.00426,0,99134.7,25.75,0.152238
1907.827323,0.010087,-0.1197,0.050274,-9.631062,-9.631937,0,-0.007455,-0.00213,99134.7,25.75,0.19733
1907.837435,0.010112,-0.138852,0.019152,-9.67176,-9.672776,0.003195,-0.00852,0.00213,99134.7,25.75,0.156491
1907.847612,0.010177,-0.136458,0.043092,-9.616698,-9.617763,0.003195,-0.005325,0.00213,99134.7,25.75,0.211504
1907.857709,0.010098,-0.122094,0.019152,-9.674154,-9.674943,0,-0.005325,-0.00213,99134.7,25.75,0.154324
1907.867801,0.010091,-0.045486,0.014364,-9.693306,-9.693423,0.00213,-0.00213,0.00213,99134.7,25.75,0.135844
1907.877912,0.010112,-0.043092,-0.03591,-9.714852,-9.715014,-0.001065,-0.007455,-0.00213,99134.7,25.75,0.114253
1907.888021,0.010108,-0.04788,-0.055062,-9.70767,-9.707944,0.003195,-0.005325,-0.00213,99134.7,25.75,0.121323
1907.898194,0.010173,-0.052668,-0.031122,-9.710064,-9.710257,0.00213,-0.009585,0.003195,99134.7,25.75,0.11901
1907.908562,0.010368,-0.02394,-0.038304,-9.71964,-9.719745,0.001065,-0.007455,0.001065,99134.7,25.75,0.109522
1907.918679,0.010117,-0.09576,0.016758,-9.734004,-9.734489,0.00213,-0.007455,0.00213,99134.2,25.75,0.094778
1907.928841,0.010162,-0.114912,0.019152,-9.674154,-9.674855,0.001065,-0.00639,0.003195,99134.2,25.75,0.154412
1907.938946,0.010106,-0.055062,0.033516,-9.65979,-9.660005,0,-0.007455,0.00213,99134.2,25.75,0.169262
1907.949035,0.010088,-0.055062,-0.002394,-9.690912,-9.691069,0.001065,-0.005325,0.00213,99134.2,25.75,0.138198
1907.959118,0.010084,-0.014364,-0.031122,-9.722034,-9.722094,0.003195,-0.00426,0.003195,99134.2,25.75,0.107173
1907.969362,0.010244,0.033516,-0.026334,-9.700488,-9.700582,0.003195,-0.00426,0.003195,99134.2,25.75,0.128685
1907.979471,0.010109,0.067032,-0.067032,-9.79146,-9.791919,0.00213,-0.00639,0.003195,99134.2,25.75,0.037348
1907.989565,0.010094,0.026334,-0.026334,-9.741186,-9.741257,0.00213,-0.005325,0.003195,99134,25.75,0.08801
1907.999693,0.010128,-0.009576,-0.031122,-9.760338,-9.760392,0.00213,-0.007455,0.003195,99134,25.75,0.068875
1908.009813,0.010121,-0.055062,0.009576,-9.748368,-9.748528,0.003195,-0.005325,0.00426,99134,25.75,0.080739
1908.020696,0.010883,-0.064638,0.045486,-9.753156,-9.753476,0,-0.00639,0.005325,99134,25.75,0.075791
1908.031073,0.010377,-0.1197,0.055062,-9.753156,-9.754046,0.003195,-0.007455,0.003195,99134,25.75,0.075221
1908.042511,0.011438,-0.117306,0.074214,-9.760338,-9.761325,0.00426,-0.005325,0.005325,99134,25.75,0.067942
1908.054311,0.0118,-0.14364,0.069426,-9.798642,-9.799941,0,-0.007455,0.00213,99133.68,25.75,0.029326
1908.064586,0.010274,-0.098154,0.067032,-9.810612,-9.811332,0.00213,-0.00639,0.001065,99133.68,25.75,0.017935
1908.075945,0.011359,-0.1197,0.026334,-9.789066,-9.789833,0.00213,-0.00639,0.001065,99133.68,25.75,0.039434
1908.086955,0.01101,-0.193914,0.033516,-9.777096,-9.779076,0.001065,-0.007455,0.00213,99133.68,25.75,0.050191
1908.098206,0.011251,-0.184338,0.052668,-9.77949,-9.781369,0.00213,-0.00426,-0.003195,99133.68,25.75,0.047898
1908.109845,0.011639,-0.208278,0.081396,-9.76752,-9.770079,-0.001065,-0.007455,0.001065,99133.44,25.75,0.059188
1908.120493,0.010648,-0.181944,0.04788,-9.798642,-9.800448,0.00426,-0.00639,-0.001065,99133.44,25.75,0.028819
1908.131746,0.011254,-0.150822,-0.004788,-9.813006,-9.814166,0,-0.007455,0,99133.44,25.75,0.015101
1908.142901,0.011155,-0.069426,-0.040698,-9.865674,-9.866002,0.001065,-0.00426,0.001065,99133.44,25.75,-0.036735
1908.154038,0.011136,-0.064638,-0.088578,-9.832158,-9.832769,0.00426,-0.005325,0.00213,99133.44,25.75,-0.003502
1908.166064,0.012026,-0.03591,-0.062244,-9.808218,-9.808481,0,-0.003195,0.003195,99133.44,25.75,0.020786
1908.17648,0.010416,-0.02394,-0.069426,-9.8154,-9.815675,0.00213,-0.007455,0.00213,99133.01,25.75,0.013592
1908.187732,0.011253,-0.04788,-0.02394,-9.793854,-9.794,0.001065,-0.00852,0.00426,99133.01,25.75,0.035267
1908.198794,0.011062,-0.08379,-0.007182,-9.796248,-9.796609,0.00426,-0.00639,-0.001065,99133.01,25.75,0.032658
1908.209975,0.011181,-0.031122,-0.026334,-9.832158,-9.832243,0.00213,-0.005325,0.005325,99133.01,25.75,-0.002976
1908.221136,0.011161,-0.014364,-0.002394,-9.820188,-9.820199,0.001065,-0.007455,0.00213,99133.01,25.75,0.009068
1908.232349,0.011213,-0.009576,0.002394,-9.841734,-9.841739,0.003195,-0.005325,0.003195,99133.01,25.75,-0.012472
1908.243726,0.011377,0.007182,0.016758,-9.824976,-9.824993,0,-0.00426,0.003195,99133.01,25.75,0.004274
1908.254774,0.011048,-0.016758,-0.009576,-9.808218,-9.808237,0,-0.00639,0.001065,99133.01,25.75,0.02103
1908.266488,0.011715,-0.062244,0.057456,-9.781884,-9.782251,0.00213,-0.00426,0.005325,99133.01,25.75,0.047016
1908.277644,0.011155,-0.043092,0.045486,-9.810612,-9.810812,0,-0.00426,0.001065,99133.01,25.75,0.018455
1908.288646,0.011002,-0.088578,0.07182,-9.760338,-9.761004,-0.001065,-0.003195,0.003195,99133.01,25.75,0.068263
1908.300126,0.01148,-0.067032,0.064638,-9.77949,-9.779933,0,-0.00639,0.00213,99132.8,25.75,0.049334
1908.310349,0.010223,-0.098154,0.09576,-9.808218,-9.809177,0.00213,-0.00426,0,99132.8,25.75,0.02009
1908.320495,0.010146,-0.081396,0.038304,-9.786672,-9.787085,0.001065,-0.003195,0.001065,99132.8,25.75,0.042182
1908.330636,0.01014,-0.136458,0.052668,-9.8154,-9.81649,0.001065,-0.007455,0.00213,99132.8,25.75,0.012777
1908.340722,0.010086,-0.117306,0.004788,-9.80343,-9.804133,0.00213,-0.00639,-0.001065,99132.8,25.75,0.025134
1908.350818,0.010096,-0.09576,0.004788,-9.789066,-9.789536,0,-0.00639,0.001065,99132.8,25.75,0.039731
1908.360909,0.010091,-0.136458,0.038304,-9.810612,-9.811636,0.00213,-0.005325,-0.00213,99132.8,25.75,0.017631
1908.37102,0.010111,-0.148428,-0.01197,-9.813006,-9.814136,0,-0.005325,0.001065,99132.59,25.75,0.015131
1908.381113,0.010093,-0.10773,-0.033516,-9.85131,-9.851956,0.00213,-0.003195,-0.00213,99132.59,25.75,-0.022689
1908.391232,0.010119,-0.13167,-0.01197,-9.836946,-9.837834,0.001065,-0.00639,0,99132.59,25.75,-0.008567
1908.401332,0.0101,-0.102942,-0.026334,-9.834552,-9.835126,0.00213,-0.00426,0.003195,99132.59,25.75,-0.005859
1908.41181,0.010478,-0.100548,-0.045486,-9.817794,-9.818414,0.00213,-0.005325,0.001065,99132.59,25.75,0.010853
1908.42193,0.01012,-0.126882,-0.045486,-9.829764,-9.830688,0,-0.00639,0.001065,99132.59,25.75,-0.001421
1908.432008,0.010078,-0.055062,-0.043092,-9.784278,-9.784528,0.00213,-0.00639,0,99132.4,25.75,0.044739
1908.442242,0.010234,-0.100548,-0.040698,-9.8154,-9.815999,0.003195,-0.007455,0.003195,99132.4,25.75,0.013268
1908.452327,0.010085,-0.10773,0.009576,-9.798642,-9.799239,0.00213,-0.005325,0.001065,99132.4,25.75,0.030028
1908.462415,0.010089,-0.064638,-0.019152,-9.789066,-9.789298,0.00213,-0.00426,0.003195,99132.4,25.75,0.039969
1908.472518,0.010103,-0.074214,0.004788,-9.80343,-9.803712,0.00213,-0.00639,0.00213,99132.4,25.75,0.025555
1908.482609,0.010091,-0.057456,0.019152,-9.822582,-9.822769,0.00213,-0.00213,0.00213,99132.4,25.75,0.006498
1908.492717,0.010108,-0.002394,0.007182,-9.805824,-9.805827,0.003195,-0.00639,0.00213,99132.4,25.75,0.02344
1908.502804,0.010087,-0.062244,0.04788,-9.808218,-9.808532,0.001065,-0.00426,0.00213,99132.24,25.75,0.020735
1908.512896,0.010092,-0.043092,0.031122,-9.848916,-9.849059,0.001065,-0.003195,0.003195,99132.24,25.75,-0.019792
1908.522986,0.01009,-0.021546,0.031122,-9.834552,-9.834625,0.003195,-0.00639,0.00426,99132.24,25.75,-0.005358
1908.533166,0.01018,-0.050274,0.04788,-9.824976,-9.825221,0.00213,-0.00639,-0.001065,99132.24,25.75,0.004046
1908.543267,0.010101,-0.033516,0.040698,-9.82737,-9.827511,0.00213,-0.005325,0.001065,99132.24,25.75,0.001756
1908.553347,0.01008,-0.064638,0.016758,-9.83934,-9.839567,-0.001065,-0.003195,0.001065,99132.24,25.75,-0.0103
1908.563631,0.010284,-0.033516,0.026334,-9.865674,-9.865766,0.00213,-0.00426,0.001065,99132.24,25.75,-0.036499
1908.573718,0.010087,-0.052668,0.028728,-9.822582,-9.822765,0.003195,-0.003195,0.003195,99132.24,25.75,0.006502
1908.583821,0.010104,-0.045486,0.01197,-9.846522,-9.846634,0.00213,-0.005325,0.003195,99132.24,25.75,-0.017367
1908.593927,0.010106,-0.093366,0.009576,-9.824976,-9.825424,0.00213,-0.005325,-0.001065,99132.24,25.75,0.003843
1908.604032,0.010105,-0.1197,0.014364,-9.834552,-9.835291,0.00213,-0.00639,0.003195,99132.24,25.75,-0.006024
1908.614199,0.010167,-0.102942,0.01197,-9.793854,-9.794402,0.00213,-0.005325,0.00426,99132.24,25.75,0.034865
1908.624488,0.010289,-0.122094,0.033516,-9.824976,-9.825792,0,-0.005325,0.003195,99131.96,25.75,0.003475
1908.634584,0.010096,-0.126882,-0.014364,-9.810612,-9.811443,0.003195,-0.005325,0.00213,99131.96,25.75,0.017824
1908.64471,0.010126,-0.098154,-0.019152,-9.808218,-9.808728,0.00213,-0.007455,0.001065,99131.96,25.75,0.020539
1908.654806,0.010095,-0.098154,-0.01197,-9.820188,-9.820686,0.00426,-0.005325,0.00213,99131.96,25.75,0.008581
1908.66497,0.010164,-0.13167,0.002394,-9.820188,-9.821071,0.003195,-0.00639,0.00213,99131.96,25.75,0.008196
1908.675067,0.010097,-0.093366,-0.057456,-9.82737,-9.827981,0.00213,-0.005325,0.00213,99131.96,25.75,0.001286
1908.685196,0.010129,-0.126882,-0.019152,-9.781884,-9.782726,0,-0.005325,0.00213,99131.8,25.75,0.046541
1908.695315,0.010119,-0.10773,-0.004788,-9.8154,-9.815992,0,-0.00639,0.00213,99131.8,25.75,0.013275
1908.705414,0.010099,-0.09576,-0.019152,-9.853704,-9.854188,0.00213,-0.00426,0.001065,99131.8,25.75,-0.024921
1908.715505,0.010091,-0.105336,0.007182,-9.817794,-9.818362,0.00213,-0.007455,0.00213,99131.8,25.75,0.010905
1908.725611,0.010107,-0.062244,0.033516,-9.85131,-9.851564,0.00213,-0.00426,0.00213,99131.8,25.75,-0.022297
1908.73571,0.010098,-0.062244,0.014364,-9.832158,-9.832366,0.00213,-0.00426,0.00213,99131.8,25.75,-0.003099
1908.74585,0.01014,-0.052668,0.03591,-9.820188,-9.820395,0.00213,-0.00639,0.00213,99131.8,25.75,0.008872
1908.755961,0.010111,-0.067032,0.016758,-9.853704,-9.853946,0.003195,-0.00426,0.00213,99131.57,25.75,-0.024679
1908.766067,0.010105,-0.040698,0.03591,-9.820188,-9.820338,0.001065,-0.007455,0.003195,99131.57,25.75,0.008929
1908.776157,0.010091,-0.069426,0.019152,-9.844128,-9.844391,0.003195,-0.00426,0.003195,99131.57,25.75,-0.015124
1908.786242,0.010084,-0.057456,0.016758,-9.83934,-9.839522,-0.001065,-0.00639,0.001065,99131.57,25.75,-0.010255
1908.796355,0.010114,-0.033516,0.040698,-9.856098,-9.856239,0.003195,-0.005325,0.001065,99131.57,25.75,-0.026972
1908.806458,0.010103,-0.057456,0.01197,-9.824976,-9.825151,0.003195,-0.007455,0.003195,99131.57,25.75,0.004116
1908.816554,0.010096,-0.03591,0.007182,-9.841734,-9.841802,0.003195,-0.00426,0,99131.56,25.75,-0.012535
1908.826647,0.010093,-0.045486,0.028728,-9.820188,-9.820335,0.00213,-0.00213,0,99131.56,25.75,0.008932
1908.836869,0.010222,-0.07182,0.019152,-9.829764,-9.830045,0.001065,-0.00639,0.001065,99131.56,25.75,-0.000778
1908.846958,0.010089,-0.07182,0.028728,-9.784278,-9.784584,0.001065,-0.00639,0.001065,99131.56,25.75,0.044683
1908.857064,0.010106,-0.062244,-0.014364,-9.80343,-9.803638,0.00426,-0.005325,0.001065,99131.56,25.75,0.025629
1908.867157,0.010093,-0.081396,0.002394,-9.817794,-9.818132,-0.001065,-0.00639,0.00213,99131.56,25.75,0.011135
1908.87725,0.010094,-0.105336,-0.009576,-9.793854,-9.794425,0.00213,-0.005325,0.00213,99131.56,25.75,0.034842
1908.887342,0.010092,-0.062244,-0.028728,-9.813006,-9.813245,0.00213,-0.005325,0.00213,99131.56,25.75,0.016022
1908.89744,0.010098,-0.102942,-0.021546,-9.846522,-9.847084,0.00213,-0.005325,0.001065,99131.56,25.75,-0.017817
1908.907541,0.0101,-0.105336,-0.019152,-9.836946,-9.837529,0.00213,-0.003195,0.00213,99131.56,25.75,-0.008262
1908.917664,0.010123,-0.08379,-0.033516,-9.85131,-9.851723,0,-0.00426,0.005325,99131.56,25.75,-0.022456
1908.92777,0.010105,-0.122094,-0.004788,-9.813006,-9.813767,0.005325,-0.00426,0.003195,99131.56,25.75,0.0155
1908.937867,0.010098,-0.146034,-0.004788,-9.80343,-9.804519,-0.00213,-0.00426,0.00426,99131.56,25.75,0.024748
1908.947987,0.01012,-0.13167,-0.028728,-9.82737,-9.828294,0,-0.00639,0.00213,99131.38,25.75,0.000973
1908.958071,0.010084,-0.10773,0.01197,-9.844128,-9.844725,0.00426,-0.00639,0.00639,99131.38,25.75,-0.015458
1908.968152,0.010081,-0.07182,0.009576,-9.856098,-9.856364,-0.00213,-0.00213,0.001065,99131.38,25.75,-0.027097
1908.978284,0.010131,-0.057456,0.004788,-9.844128,-9.844297,0,-0.00639,0.00426,99131.38,25.75,-0.01503
1908.98842,0.010136,-0.067032,0.021546,-9.832158,-9.83241,0,-0.00639,0.00213,99131.38,25.75,-0.003143
1908.998505,0.010085,-0.081396,0.033516,-9.8154,-9.815795,0.001065,-0.007455,0.00213,99131.38,25.75,0.013472
1909.008593,0.010088,-0.093366,0.031122,-9.808218,-9.808712,0.00213,-0.005325,0.003195,99131.22,25.75,0.020555
1909.018673,0.010081,-0.08379,0.050274,-9.846522,-9.847007,0.00426,-0.00426,0.00213,99131.22,25.75,-0.01774
1909.028792,0.010118,-0.05985,0.02394,-9.810612,-9.810824,0.00213,-0.00426,0.001065,99131.22,25.75,0.018443
1909.038884,0.010092,-0.045486,0.033516,-9.83934,-9.839502,0.00213,-0.007455,0,99131.22,25.75,-0.010235
1909.049298,0.010414,-0.03591,0.031122,-9.817794,-9.817909,0.00213,-0.003195,0.00213,99131.22,25.75,0.011358
1909.059396,0.010099,-0.057456,-0.01197,-9.813006,-9.813182,0.00213,-0.00639,0.00213,99131.22,25.75,0.016085
1909.06957,0.010173,-0.07182,0.009576,-9.810612,-9.81088,0.003195,-0.00639,0.00426,99131.03,25.75,0.018387
1909.079664,0.010094,-0.055062,0.007182,-9.822582,-9.822739,0.00213,-0.00426,0.001065,99131.03,25.75,0.006528
1909.089754,0.010091,-0.055062,-0.007182,-9.796248,-9.796405,0.003195,-0.00639,0.001065,99131.03,25.75,0.032862
1909.099843,0.010089,-0.081396,-0.004788,-9.793854,-9.794193,0.003195,-0.003195,0,99131.03,25.75,0.035074
1909.109934,0.01009,-0.05985,0.007182,-9.781884,-9.78207,-0.001065,-0.00426,0.00213,99131.03,25.75,0.047197
1909.120028,0.010094,-0.045486,0,-9.786672,-9.786778,0.003195,-0.00639,0.003195,99131.03,25.75,0.042489
1909.130118,0.01009,-0.10773,0.014364,-9.86328,-9.863879,0,-0.007455,0.00213,99131.03,25.75,-0.034612
1909.140214,0.010096,-0.04788,-0.031122,-9.805824,-9.80599,0.00213,-0.003195,0.003195,99130.85,25.75,0.023277
1909.150365,0.010151,-0.079002,-0.033516,-9.813006,-9.813381,0.001065,-0.009585,0.003195,99130.85,25.75,0.015886
1909.160462,0.010097,-0.093366,-0.01197,-9.822582,-9.823033,0.001065,-0.00639,0,99130.85,25.75,0.006234
1909.170558,0.010095,-0.102942,-0.033516,-9.817794,-9.818391,0.003195,-0.00639,0.00426,99130.85,25.75,0.010876
1909.180659,0.010102,-0.093366,0.009576,-9.832158,-9.832606,0.00213,-0.00852,0.001065,99130.85,25.75,-0.003339
1909.190755,0.010095,-0.129276,0.014364,-9.808218,-9.80908,0.00213,-0.00852,0.005325,99130.85,25.75,0.020187
1909.200841,0.010087,-0.074214,-0.014364,-9.829764,-9.830055,0,-0.005325,0.001065,99130.85,25.75,-0.000788
1909.210933,0.010092,-0.110124,0.004788,-9.85131,-9.851927,0.001065,-0.00639,0.005325,99130.85,25.75,-0.02266
1909.221016,0.010083,-0.1197,0.01197,-9.86328,-9.864014,0.00213,-0.005325,0,99130.85,25.75,-0.034747
1909.231111,0.010095,-0.090972,0.014364,-9.860886,-9.861316,0.001065,-0.00639,0.00213,99130.85,25.75,-0.032049
1909.241209,0.010098,-0.110124,0.026334,-9.82737,-9.828022,0.00213,-0.00639,0.001065,99130.85,25.75,0.001245
1909.251313,0.010104,-0.076608,0.026334,-9.820188,-9.820522,0.001065,-0.005325,0.00426,99130.85,25.75,0.008745
1909.261871,0.010558,-0.093366,0.016758,-9.80343,-9.803889,0.003195,-0.00639,0.00213,99130.65,25.75,0.025378
1909.271974,0.010103,-0.050274,0.019152,-9.817794,-9.817941,0.00213,-0.00426,0.003195,99130.65,25.75,0.011326
1909.282179,0.010205,-0.086184,0.052668,-9.793854,-9.794375,0.00213,-0.005325,0,99130.65,25.75,0.034892
1909.292259,0.01008,-0.062244,0.050274,-9.83934,-9.839665,0.00213,-0.007455,0.00213,99130.65,25.75,-0.010398
1909.302346,0.010087,-0.05985,0.02394,-9.810612,-9.810824,0.00213,-0.005325,0.001065,99130.65,25.75,0.018443
1909.31245,0.010104,-0.055062,0.019152,-9.844128,-9.844301,0.001065,-0.00639,0.001065,99130.65,25.75,-0.015034
1909.322545,0.010095,-0.04788,0.01197,-9.832158,-9.832282,0.00213,-0.00639,0.00426,99130.65,25.75,-0.003015
1909.332646,0.010101,-0.050274,-0.002394,-9.808218,-9.808347,0.00213,-0.005325,0.001065,99130.55,25.75,0.02092
1909.342737,0.010091,-0.09576,0.026334,-9.832158,-9.83266,0.00213,-0.00426,0.001065,99130.55,25.75,-0.003393
1909.352849,0.010112,-0.074214,0.004788,-9.784278,-9.784561,0.00213,-0.00426,0,99130.55,25.75,0.044706
1909.362954,0.010105,-0.05985,0.01197,-9.817794,-9.817984,0.00213,-0.00639,0.005325,99130.55,25.75,0.011283
1909.373519,0.010566,-0.079002,-0.014364,-9.820188,-9.820516,0.00426,-0.00426,0.00213,99130.55,25.75,0.008751
1909.384396,0.010877,-0.088578,0.019152,-9.805824,-9.806243,0.001065,-0.005325,0.003195,99130.55,25.75,0.023024
1909.395912,0.011515,-0.057456,-0.026334,-9.836946,-9.837149,0.003195,-0.005325,0.001065,99130.5,25.75,-0.007882
1909.406824,0.010913,-0.079002,-0.026334,-9.865674,-9.866025,0.00213,-0.007455,0.00213,99130.5,25.75,-0.036758
1909.417928,0.011104,-0.074214,-0.002394,-9.834552,-9.834832,0,-0.00426,0.00213,99130.5,25.75,-0.005565
1909.429195,0.011266,-0.055062,-0.02394,-9.832158,-9.832341,0.003195,-0.003195,0.00213,99130.5,25.75,-0.003074
1909.440286,0.011091,-0.076608,-0.021546,-9.817794,-9.818117,-0.001065,-0.005325,0.001065,99130.5,25.75,0.01115
1909.451914,0.011628,-0.117306,-0.007182,-9.836946,-9.837648,0.001065,-0.00639,0.001065,99130.42,25.75,-0.008381
1909.462293,0.010379,-0.086184,-0.014364,-9.808218,-9.808607,0.00213,-0.003195,0.003195,99130.42,25.75,0.02066
1909.472385,0.010093,-0.07182,0.009576,-9.829764,-9.830031,0,-0.00639,0.00213,99130.42,25.75,-0.000764
1909.482478,0.010093,-0.05985,0.004788,-9.841734,-9.841917,0.00213,-0.00426,0.00426,99130.42,25.75,-0.01265
1909.492572,0.010093,-0.09576,0.009576,-9.820188,-9.82066,0.001065,-0.003195,0.00213,99130.42,25.75,0.008607
1909.50266,0.010088,-0.08379,0.038304,-9.80343,-9.803863,0.003195,-0.00426,0.001065,99130.42,25.75,0.025404
1909.512751,0.010091,-0.1197,0.02394,-9.813006,-9.813765,0.003195,-0.007455,0.003195,99130.22,25.75,0.015502
1909.522862,0.010111,-0.057456,0.043092,-9.810612,-9.810875,0.003195,-0.007455,0.00213,99130.22,25.75,0.018392
1909.532967,0.010105,-0.126882,0.019152,-9.772308,-9.77315,0.001065,-0.005325,0.001065,99130.22,25.75,0.056117
1909.543351,0.010384,-0.05985,0.019152,-9.834552,-9.834753,0.003195,-0.00213,0.001065,99130.22,25.75,-0.005486
1909.553456,0.010105,-0.090972,0.031122,-9.824976,-9.825446,0.001065,-0.005325,0.001065,99130.22,25.75,0.003821
1909.56363,0.010173,-0.050274,0.007182,-9.836946,-9.837077,0.00213,-0.005325,0,99130.22,25.75,-0.00781
1909.574696,0.011066,-0.081396,0.009576,-9.805824,-9.806166,0.00213,-0.003195,0.001065,99130.22,25.75,0.023101
1909.585654,0.010958,-0.117306,0.02394,-9.834552,-9.835281,0.001065,-0.00639,0,99130.22,25.75,-0.006014
1909.597058,0.011404,-0.105336,-0.002394,-9.824976,-9.825541,0.001065,-0.003195,0.001065,99130.22,25.75,0.003726
1909.60815,0.011093,-0.088578,-0.019152,-9.817794,-9.818212,0.003195,-0.007455,0.001065,99130.22,25.75,0.011055
1909.619228,0.011078,-0.07182,0.016758,-9.86328,-9.863556,0.00213,-0.005325,-0.00213,99130.22,25.75,-0.034289
1909.630614,0.011386,-0.07182,0.007182,-9.85131,-9.851574,0.001065,-0.00426,0.003195,99130.22,25.75,-0.022307
1909.641797,0.011182,-0.090972,-0.019152,-9.810612,-9.811052,0.001065,-0.003195,0.00213,99130.06,25.75,0.018215
1909.652812,0.011015,-0.07182,-0.021546,-9.844128,-9.844414,0.00213,-0.007455,0.001065,99130.06,25.75,-0.015147
1909.664067,0.011256,-0.028728,-0.004788,-9.793854,-9.793897,0.00213,-0.00426,0.001065,99130.06,25.75,0.03537
1909.67527,0.011203,-0.062244,-0.038304,-9.808218,-9.80849,0,-0.005325,0.00213,99130.06,25.75,0.020777
1909.686385,0.011115,-0.04788,-0.009576,-9.820188,-9.820309,0.003195,-0.007455,0.00213,99130.06,25.75,0.008958
1909.697753,0.011368,-0.03591,0.01197,-9.829764,-9.829837,0,-0.003195,0.00213,99130.06,25.75,-0.00057
1909.708933,0.01118,-0.057456,-0.004788,-9.813006,-9.813175,0,-0.005325,0.005325,99130.09,25.75,0.016092
1909.719979,0.011046,-0.08379,0.007182,-9.829764,-9.830124,0.003195,-0.00639,0,99130.09,25.75,-0.000857
1909.731118,0.011139,-0.07182,0.02394,-9.832158,-9.832449,0.003195,-0.005325,0.00213,99130.09,25.75,-0.003182
1909.742279,0.011161,-0.098154,0.045486,-9.83934,-9.839935,0.003195,-0.007455,0.001065,99130.09,25.75,-0.010668
1909.753563,0.011284,-0.057456,0.002394,-9.798642,-9.798811,0.00213,-0.003195,0.001065,99130.09,25.75,0.030456
1909.764619,0.011056,-0.098154,0.031122,-9.805824,-9.806365,0.001065,-0.00639,0.00426,99130.09,25.75,0.022902
1909.776053,0.011434,-0.090972,0.026334,-9.813006,-9.813463,0.001065,-0.00639,0.00213,99129.98,25.75,0.015804
1909.787001,0.010948,-0.079002,0.050274,-9.820188,-9.820634,0.003195,-0.00426,0.00213,99129.98,25.75,0.008633
1909.798276,0.011275,-0.088578,0.026334,-9.8154,-9.815835,0.00213,-0.007455,0.001065,99129.98,25.75,0.013432
1909.809366,0.01109,-0.090972,0.014364,-9.856098,-9.856528,0.00426,-0.00426,-0.001065,99129.98,25.75,-0.027261
1909.820544,0.011178,-0.08379,0.026334,-9.824976,-9.825369,0.001065,-0.007455,0.003195,99129.98,25.75,0.003898
1909.831814,0.01127,-0.074214,0.021546,-9.860886,-9.861189,0.003195,-0.005325,0.001065,99129.98,25.75,-0.031922
1909.843044,0.011231,-0.057456,-0.021546,-9.817794,-9.817986,0.00213,-0.00426,0.00213,99129.91,25.75,0.011281
1909.85417,0.011126,-0.086184,-0.009576,-9.856098,-9.856479,0,-0.007455,0.001065,99129.91,25.75,-0.027212
1909.865537,0.011367,-0.067032,-0.016758,-9.798642,-9.798886,0.003195,-0.00426,0.00213,99129.91,25.75,0.030381
1909.876603,0.011066,-0.04788,-0.028728,-9.848916,-9.849074,0,-0.007455,0.003195,99129.91,25.75,-0.019807
1909.887701,0.011098,-0.057456,-0.019152,-9.82737,-9.827557,0.001065,-0.005325,0.00213,99129.91,25.75,0.00171
1909.898997,0.011296,-0.074214,0,-9.822582,-9.822862,0.001065,-0.005325,0.00213,99129.91,25.75,0.006405
1909.910024,0.011027,-0.08379,-0.01197,-9.844128,-9.844492,0,-0.007455,0.003195,99129.91,25.75,-0.015225
1909.92119,0.011166,-0.062244,0,-9.813006,-9.813203,0.00213,-0.00426,0.00213,99129.91,25.75,0.016064
1909.932435,0.011245,-0.05985,-0.01197,-9.83934,-9.839529,0.003195,-0.00639,0.003195,99129.91,25.75,-0.010262
1909.943672,0.011237,-0.069426,-0.007182,-9.834552,-9.8348,0.00213,-0.00426,0.003195,99129.91,25.75,-0.005533
1909.954902,0.01123,-0.062244,0.004788,-9.844128,-9.844326,0,-0.00639,0.00213,99129.91,25.75,-0.015059
1909.96602,0.011118,-0.079002,0.019152,-9.817794,-9.818131,0.003195,-0.003195,0.001065,99129.74,25.75,0.011136
1909.977275,0.011255,-0.081396,0.016758,-9.8154,-9.815752,0.00426,-0.005325,0.00426,99129.74,25.75,0.013515
1909.988327,0.011053,-0.088578,0.031122,-9.796248,-9.796698,0.00213,-0.007455,0.003195,99129.74,25.75,0.032569
1909.999635,0.011308,-0.086184,0.043092,-9.793854,-9.794328,0.00213,-0.007455,0.003195,99129.74,25.75,0.034939
1910.010715,0.01108,-0.117306,0.002394,-9.846522,-9.847221,0,-0.00426,0.00213,99129.74,25.75,-0.017954
1910.021968,0.011253,-0.069426,0.04788,-9.8154,-9.815762,-0.001065,-0.00426,-0.00213,99129.74,25.75,0.013505
1910.03321,0.011243,-0.112518,0.02394,-9.83934,-9.840012,0.003195,-0.00213,0.003195,99129.67,25.75,-0.010745
1910.044261,0.011051,-0.081396,0.009576,-9.846522,-9.846863,0.00213,-0.00426,0.00426,99129.67,25.75,-0.017596
1910.055538,0.011277,-0.114912,0.014364,-9.829764,-9.830446,0.003195,-0.005325,0.001065,99129.67,25.75,-0.001179
1910.066656,0.011118,-0.064638,-0.01197,-9.79146,-9.791681,0.003195,-0.005325,0.001065,99129.67,25.75,0.037586
1910.07786,0.011205,-0.102942,0.033516,-9.8154,-9.815997,0.001065,-0.005325,0.001065,99129.67,25.75,0.01327
1910.089135,0.011275,-0.07182,-0.01197,-9.86328,-9.863549,0.00426,-0.007455,0.00213,99129.63,25.75,-0.034282
1910.100251,0.011115,-0.064638,0.009576,-9.83934,-9.839557,0.00426,-0.007455,0,99129.63,25.75,-0.01029
1910.111435,0.011184,-0.074214,-0.014364,-9.829764,-9.830055,0.00213,-0.00426,0,99129.63,25.75,-0.000788
1910.12262,0.011185,-0.055062,-0.031122,-9.841734,-9.841937,0.003195,-0.00213,0.003195,99129.63,25.75,-0.01267
1910.13391,0.01129,-0.079002,-0.004788,-9.841734,-9.842052,0,-0.005325,0.00213,99129.63,25.75,-0.012785
1910.145316,0.011406,-0.086184,0.019152,-9.829764,-9.83016,0,-0.00426,0.001065,99129.63,25.75,-0.000893
1910.156322,0.011006,-0.069426,-0.004788,-9.80343,-9.803677,0.001065,-0.003195,0.00213,99129.69,25.75,0.02559
1910.16744,0.011118,-0.081396,-0.002394,-9.796248,-9.796586,0.00213,-0.00639,0.003195,99129.69,25.75,0.032681
1910.178496,0.011055,-0.09576,-0.002394,-9.822582,-9.823049,0.00213,-0.00639,0.00213,99129.69,25.75,0.006218
1910.189699,0.011204,-0.086184,0.026334,-9.789066,-9.789481,0.003195,-0.00639,0.003195,99129.69,25.75,0.039786
1910.200846,0.011147,-0.057456,0.004788,-9.798642,-9.798812,0,-0.00213,0,99129.69,25.75,0.030455
1910.212089,0.011243,-0.102942,0.016758,-9.801036,-9.801591,0.00213,-0.00639,0.00213,99129.69,25.75,0.027676
1910.224201,0.012113,-0.079002,0.033516,-9.860886,-9.861259,0.001065,-0.003195,0.003195,99129.69,25.75,-0.031992
1910.234528,0.010327,-0.086184,0.004788,-9.822582,-9.822961,0.00213,-0.00426,0.003195,99129.69,25.75,0.006306
1910.245569,0.011041,-0.062244,0,-9.83934,-9.839537,0,-0.005325,0.00426,99129.69,25.75,-0.01027
1910.256755,0.011186,-0.09576,-0.007182,-9.85131,-9.851778,0.00213,-0.007455,0.001065,99129.69,25.75,-0.022511
1910.267972,0.011217,-0.09576,0.019152,-9.846522,-9.847006,0.001065,-0.005325,0.00213,99129.69,25.75,-0.017739
1910.279186,0.011214,-0.090972,-0.002394,-9.813006,-9.813428,0.00213,-0.00639,0.00213,99129.69,25.75,0.015839
1910.290495,0.011309,-0.07182,0.004788,-9.824976,-9.82524,0.00213,-0.007455,0.001065,99129.66,25.75,0.004027
1910.301717,0.011222,-0.081396,0.019152,-9.810612,-9.810968,0,-0.005325,0.001065,99129.66,25.75,0.018299
1910.312728,0.011011,-0.076608,0.031122,-9.834552,-9.8349,0.001065,-0.005325,0.001065,99129.66,25.75,-0.005633
1910.326345,0.013617,-0.079002,0,-9.813006,-9.813324,0.00213,-0.005325,0.00213,99129.66,25.75,0.015943
1910.336574,0.010228,-0.100548,0.031122,-9.829764,-9.830328,-0.00213,-0.005325,0.001065,99129.66,25.75,-0.001061
1910.346937,0.010364,-0.090972,-0.004788,-9.86328,-9.863701,0.001065,-0.00639,0.00213,99129.48,25.75,-0.034434
1910.357464,0.010527,-0.086184,0.03591,-9.805824,-9.806268,0.001065,-0.007455,0.00213,99129.48,25.75,0.022999
1910.368647,0.011182,-0.122094,-0.004788,-9.822582,-9.823342,0.003195,-0.00639,0.001065,99129.48,25.75,0.005925
1910.379943,0.011296,-0.038304,0.002394,-9.793854,-9.793929,0.00213,-0.00426,0.00213,99129.48,25.75,0.035338
1910.391049,0.011106,-0.100548,0.043092,-9.8154,-9.81601,0.00213,-0.00852,0.00426,99129.48,25.75,0.013257
1910.402277,0.011229,-0.086184,0,-9.846522,-9.846899,0.001065,-0.003195,-0.001065,99129.48,25.75,-0.017632
1910.413591,0.011314,-0.079002,0.014364,-9.822582,-9.82291,0.001065,-0.005325,-0.001065,99129.45,25.75,0.006357
1910.424538,0.010947,-0.064638,0.014364,-9.817794,-9.818017,0.003195,-0.007455,0.003195,99129.45,25.75,0.01125
1910.435889,0.011351,-0.05985,0.014364,-9.841734,-9.841926,0.00213,-0.00639,0,99129.45,25.75,-0.012659
1910.446993,0.011104,-0.064638,0,-9.786672,-9.786885,-0.001065,-0.003195,0.00213,99129.45,25.75,0.042382
1910.458075,0.011083,-0.074214,-0.019152,-9.83934,-9.839639,0.001065,-0.00426,0.003195,99129.45,25.75,-0.010372
1910.469236,0.01116,-0.050274,0.045486,-9.822582,-9.822816,0.001065,-0.00852,0,99129.45,25.75,0.006451
1910.480623,0.011387,-0.074214,0.019152,-9.822582,-9.822881,0.001065,-0.00426,0.003195,99129.39,25.75,0.006386
1910.491699,0.011076,-0.076608,-0.014364,-9.822582,-9.822891,0.003195,-0.005325,0.00213,99129.39,25.75,0.006376
1910.502898,0.011199,-0.062244,0.02394,-9.801036,-9.801263,0.001065,-0.00426,0.001065,99129.39,25.75,0.028004
1910.514004,0.011106,-0.052668,-0.002394,-9.83934,-9.839481,0.001065,-0.007455,0.001065,99129.39,25.75,-0.010214
1910.525268,0.011265,-0.079002,0.043092,-9.820188,-9.8206,0.00213,-0.007455,0,99129.39,25.75,0.008667
1910.537044,0.011776,-0.043092,-0.038304,-9.796248,-9.796418,0.003195,-0.00426,0,99129.39,25.75,0.032849
1910.547583,0.010539,-0.08379,0.01197,-9.841734,-9.842098,0.001065,-0.00639,0.00213,99129.39,25.75,-0.012831
1910.558771,0.011188,-0.105336,0.02394,-9.836946,-9.837539,0.00213,-0.005325,0.001065,99129.39,25.75,-0.008272
1910.56995,0.011179,-0.076608,-0.01197,-9.813006,-9.813312,0.00213,-0.00639,0.001065,99129.39,25.75,0.015955
1910.581103,0.011153,-0.076608,0.009576,-9.834552,-9.834855,0.00213,-0.005325,0.00213,99129.39,25.75,-0.005588
1910.592583,0.011479,-0.057456,0.02394,-9.846522,-9.846719,0.001065,-0.00639,0.001065,99129.39,25.75,-0.017452
1910.60367,0.011087,-0.093366,0.016758,-9.808218,-9.808677,0.00426,-0.007455,0.001065,99129.35,25.75,0.02059
1910.614799,0.01113,-0.105336,0.01197,-9.8154,-9.815972,0.001065,-0.003195,0.003195,99129.35,25.75,0.013295
1910.626089,0.01129,-0.102942,0.007182,-9.817794,-9.818336,0.001065,-0.00426,0.001065,99129.35,25.75,0.010931
1910.637089,0.010999,-0.114912,0.03591,-9.820188,-9.820926,0.003195,-0.007455,0.00213,99129.35,25.75,0.008341
1910.64831,0.011222,-0.064638,0.002394,-9.82737,-9.827583,0.001065,-0.00213,0.003195,99129.35,25.75,0.001684
1910.659455,0.011144,-0.079002,0.004788,-9.822582,-9.822901,0.00213,-0.007455,0.001065,99129.35,25.75,0.006366
1910.670707,0.011253,-0.076608,0.014364,-9.798642,-9.798952,0,-0.005325,0.00213,99129.39,25.75,0.030315
1910.681868,0.01116,-0.055062,0.016758,-9.83934,-9.839508,0.001065,-0.007455,0.00213,99129.39,25.75,-0.010241
1910.692962,0.011094,-0.040698,-0.007182,-9.836946,-9.837033,0.001065,-0.00426,0.00213,99129.39,25.75,-0.007766
1910.704166,0.011204,-0.069426,-0.01197,-9.824976,-9.825229,0.003195,-0.00852,0.001065,99129.39,25.75,0.004038
1910.715507,0.011341,-0.081396,0.02394,-9.820188,-9.820555,0.001065,-0.007455,0.003195,99129.39,25.75,0.008712
1910.726675,0.011168,-0.057456,0.002394,-9.870462,-9.87063,0.00213,-0.00639,0.003195,99129.39,25.75,-0.041363
1910.737873,0.011197,-0.086184,-0.002394,-9.808218,-9.808597,0.00426,-0.007455,0.00213,99129.31,25.75,0.02067
1910.748912,0.01104,-0.074214,0.031122,-9.82737,-9.827699,0,-0.003195,0.003195,99129.31,25.75,0.001568
1910.760075,0.011162,-0.064638,0.01197,-9.793854,-9.794075,0,-0.005325,0,99129.31,25.75,0.035192
1910.771262,0.011187,-0.076608,0.002394,-9.805824,-9.806124,0.001065,-0.00426,0.001065,99129.31,25.75,0.023143
1910.782493,0.011231,-0.03591,0.007182,-9.8154,-9.815468,0,-0.005325,0.00213,99129.31,25.75,0.013799
1910.793661,0.011168,-0.08379,0.014364,-9.836946,-9.837313,0.00213,-0.005325,0,99129.24,25.75,-0.008046
1910.804796,0.011135,-0.026334,-0.038304,-9.83934,-9.83945,0.001065,-0.00426,0.00213,99129.24,25.75,-0.010183
1910.81603,0.011234,-0.088578,-0.031122,-9.824976,-9.825425,0.001065,-0.00639,0.001065,99129.24,25.75,0.003842
1910.827251,0.011221,-0.067032,-0.002394,-9.872856,-9.873084,0.00213,-0.005325,0.003195,99129.24,25.75,-0.043817
1910.838609,0.011358,-0.1197,0.007182,-9.8154,-9.816132,0,-0.00639,0.00213,99129.24,25.75,0.013135
1910.849532,0.010923,-0.086184,0.007182,-9.817794,-9.818175,0,-0.00639,0.003195,99129.24,25.75,0.011092
