time,dt,accel_x,accel_y,accel_z,union_g,gyro_x,gyro_y,gyro_z,pressure,temp,ag
1731.285664,0.01013,-0.067032,0.02394,-9.82737,-9.827628,0.003195,-0.005325,0.003195,99527,25.65,0.001639
1731.295786,0.010122,-0.074214,0.004788,-9.82737,-9.827651,0.00213,-0.00639,0,99527,25.65,0.001616
1731.305909,0.010123,-0.081396,0.038304,-9.79146,-9.791873,0.001065,-0.00426,0.001065,99527,25.65,0.037394
1731.316014,0.010106,-0.045486,-0.002394,-9.834552,-9.834657,0,-0.005325,-0.00213,99527.13,25.65,-0.00539
1731.326118,0.010103,-0.098154,0.02394,-9.829764,-9.830283,0,-0.00639,0.001065,99527.13,25.65,-0.001016
1731.336368,0.01025,-0.055062,0.007182,-9.793854,-9.794011,0.003195,-0.00639,0.001065,99527.13,25.65,0.035256
1731.346461,0.010094,-0.057456,0.014364,-9.817794,-9.817973,0.00213,-0.00639,0.003195,99527.13,25.65,0.011294
1731.356578,0.010117,-0.043092,0.026334,-9.856098,-9.856227,0.00213,-0.009585,0.00426,99527.13,25.65,-0.02696
1731.366713,0.010135,-0.07182,-0.004788,-9.860886,-9.861149,0,-0.00852,0.00213,99527.13,25.65,-0.031882
1731.376811,0.010098,-0.052668,0.004788,-9.841734,-9.841876,0.003195,-0.003195,0.00213,99527.13,25.65,-0.012609
1731.386932,0.010121,-0.076608,0.028728,-9.848916,-9.849256,0.00213,-0.005325,0.00213,99527.26,25.65,-0.019989
1731.397032,0.010101,-0.05985,0.007182,-9.8154,-9.815585,0.001065,-0.00639,0.001065,99527.26,25.65,0.013682
1731.407137,0.010105,-0.086184,0.002394,-9.824976,-9.825354,0.00213,-0.003195,0.003195,99527.26,25.65,0.003913
1731.41725,0.010113,-0.093366,-0.002394,-9.836946,-9.837389,0,-0.007455,0,99527.26,25.65,-0.008122
1731.427363,0.010113,-0.067032,0.004788,-9.82737,-9.8276,0,-0.003195,0.00213,99527.26,25.65,0.001667
1731.43752,0.010157,-0.088578,0,-9.841734,-9.842133,0.001065,-0.00639,0,99527.26,25.65,-0.012866
1731.447673,0.010153,-0.067032,-0.007182,-9.844128,-9.844359,0.001065,-0.00639,0.00213,99527.18,25.65,-0.015092
1731.457776,0.010103,-0.057456,-0.019152,-9.80343,-9.803617,0,-0.005325,0.001065,99527.18,25.65,0.02565
1731.467867,0.010091,-0.088578,0.031122,-9.813006,-9.813455,0.00213,-0.00639,0,99527.18,25.65,0.015812
1731.477969,0.010102,-0.08379,0.031122,-9.80343,-9.803837,0.001065,-0.007455,0.00213,99527.18,25.65,0.02543
1731.48807,0.010101,-0.100548,0.014364,-9.810612,-9.811138,0.003195,-0.005325,0.003195,99527.18,25.65,0.018129
1731.498248,0.010178,-0.081396,-0.009576,-9.822582,-9.822924,0.00213,-0.007455,0.001065,99527.18,25.65,0.006343
1731.508341,0.010093,-0.093366,0.002394,-9.813006,-9.81345,0.003195,-0.00852,0.003195,99527.18,25.65,0.015817
1731.518435,0.010095,-0.069426,0.007182,-9.784278,-9.784527,0.00213,-0.007455,0.003195,99527.18,25.65,0.04474
1731.528531,0.010096,-0.069426,-0.014364,-9.79146,-9.791717,0.001065,-0.005325,0.001065,99527.18,25.65,0.03755
1731.538621,0.01009,-0.07182,0.040698,-9.813006,-9.813353,0,-0.005325,0.001065,99527.18,25.65,0.015914
1731.548802,0.010181,-0.076608,-0.021546,-9.801036,-9.801359,0.001065,-0.00213,0.003195,99527.18,25.65,0.027908
1731.558897,0.010095,-0.090972,0.002394,-9.822582,-9.823004,0.001065,-0.00639,0.001065,99527.18,25.65,0.006263
1731.569039,0.010142,-0.074214,0.043092,-9.8154,-9.815775,0.003195,-0.00639,0.00213,99527.26,25.65,0.013492
1731.579133,0.010094,-0.052668,0,-9.822582,-9.822723,0,-0.00426,0.001065,99527.26,25.65,0.006544
1731.58927,0.010137,-0.10773,0.028728,-9.801036,-9.80167,0,-0.00852,0.00213,99527.26,25.65,0.027597
1731.599368,0.010098,-0.040698,-0.009576,-9.8154,-9.815489,0.003195,-0.005325,0.00213,99527.26,25.65,0.013778
1731.609465,0.010097,-0.064638,0.009576,-9.82737,-9.827587,0.001065,-0.00213,0.00426,99527.26,25.65,0.00168
1731.619622,0.010158,-0.074214,0.014364,-9.829764,-9.830055,0.001065,-0.00639,0.001065,99527.26,25.65,-0.000788
1731.629737,0.010115,-0.04788,0.019152,-9.824976,-9.825111,0.001065,-0.00639,0.003195,99527.26,25.65,0.004156
1731.639834,0.010097,-0.079002,0.009576,-9.798642,-9.798965,0,-0.00639,0.005325,99527.27,25.65,0.030302
1731.649922,0.010089,-0.067032,0.026334,-9.868068,-9.868331,-0.001065,-0.00639,0.001065,99527.27,25.65,-0.039064
1731.660017,0.010095,-0.062244,0.014364,-9.793854,-9.794062,0.00213,-0.00426,0.001065,99527.27,25.65,0.035205
1731.67143,0.011413,-0.081396,0.002394,-9.82737,-9.827707,-0.00213,-0.003195,-0.001065,99527.27,25.65,0.00156
1731.681544,0.010114,-0.086184,0.009576,-9.836946,-9.837328,0.003195,-0.00639,0.00213,99527.27,25.65,-0.008061
1731.691635,0.010091,-0.05985,0.03591,-9.858492,-9.858739,0.00213,-0.00639,0.003195,99527.27,25.65,-0.029472
1731.70172,0.010084,-0.069426,0.02394,-9.8154,-9.815675,0.003195,-0.00639,0,99527.46,25.66,0.013592
1731.71189,0.01017,-0.093366,0.002394,-9.801036,-9.801481,0.00213,-0.00639,0,99527.46,25.66,0.027786
1731.721988,0.010098,-0.081396,0.026334,-9.8154,-9.815773,0,-0.005325,-0.001065,99527.46,25.66,0.013494
1731.732079,0.010091,-0.08379,0.007182,-9.80343,-9.803791,0.001065,-0.005325,0.00213,99527.46,25.66,0.025476
1731.742259,0.01018,-0.093366,-0.002394,-9.829764,-9.830208,0,-0.00639,0,99527.46,25.66,-0.000941
1731.752364,0.010105,-0.079002,-0.01197,-9.832158,-9.832483,0.00213,-0.00639,0,99527.46,25.66,-0.003216
1731.762484,0.01012,-0.067032,-0.004788,-9.805824,-9.806054,0.001065,-0.00639,0,99527.56,25.66,0.023213
1731.772824,0.01034,-0.069426,0.002394,-9.789066,-9.789312,0.001065,-0.00639,0.00426,99527.56,25.66,0.039955
1731.782915,0.01009,-0.076608,0.01197,-9.798642,-9.798949,0.00213,-0.005325,0.001065,99527.56,25.66,0.030318
1731.793008,0.010093,-0.07182,-0.009576,-9.80343,-9.803698,0.003195,-0.005325,0.00213,99527.56,25.66,0.025569
1731.80311,0.010102,-0.105336,0.028728,-9.817794,-9.818401,0.00213,-0.003195,0.001065,99527.56,25.66,0.010866
1731.813208,0.010098,-0.074214,0.002394,-9.817794,-9.818075,0,-0.005325,0.00213,99527.56,25.66,0.011192
1731.823291,0.010083,-0.07182,-0.019152,-9.832158,-9.832439,0.00213,-0.005325,0,99527.56,25.66,-0.003172
1731.833407,0.010116,-0.038304,0.021546,-9.820188,-9.820286,0.003195,-0.009585,0.00426,99527.56,25.66,0.008981
1731.843501,0.010093,-0.045486,-0.004788,-9.822582,-9.822688,0.001065,-0.005325,0.003195,99527.56,25.66,0.006579
1731.853793,0.010292,-0.064638,0.009576,-9.810612,-9.81083,0.003195,-0.00639,0.001065,99527.56,25.66,0.018437
1731.86388,0.010087,-0.074214,0.03591,-9.829764,-9.83011,0.001065,-0.005325,0.003195,99527.56,25.66,-0.000843
1731.874199,0.010319,-0.052668,0.019152,-9.841734,-9.841894,0,-0.00426,0.00213,99527.56,25.66,-0.012627
1731.884287,0.010088,-0.074214,0.02394,-9.80343,-9.80374,0,-0.005325,0.005325,99527.56,25.66,0.025527
1731.895266,0.010979,-0.081396,0.016758,-9.824976,-9.825327,0.00213,-0.005325,0.00213,99527.67,25.66,0.00394
1731.906384,0.011118,-0.069426,0.031122,-9.834552,-9.834846,0.001065,-0.007455,0.00213,99527.67,25.66,-0.005579
1731.917447,0.011063,-0.07182,0.007182,-9.846522,-9.846787,0.001065,-0.00639,0.00426,99527.67,25.66,-0.01752
1731.928605,0.011159,-0.07182,0.002394,-9.848916,-9.849178,0,-0.00426,0.00213,99527.67,25.66,-0.019911
1731.939857,0.011251,-0.086184,0.019152,-9.834552,-9.834948,0.001065,-0.00639,0,99527.67,25.66,-0.005681
1731.951004,0.011148,-0.067032,0.021546,-9.841734,-9.841986,0.001065,-0.00639,0.001065,99527.67,25.66,-0.012719
1731.962218,0.011213,-0.090972,0.009576,-9.817794,-9.81822,0.00213,-0.005325,0.001065,99527.91,25.66,0.011047
1731.973339,0.011121,-0.093366,0.028728,-9.805824,-9.806311,0,-0.00426,0.003195,99527.91,25.66,0.022956
1731.98462,0.011281,-0.09576,0.026334,-9.841734,-9.842235,0.00213,-0.00426,0.001065,99527.91,25.66,-0.012968
1731.995918,0.011298,-0.100548,0.016758,-9.813006,-9.813535,0,-0.003195,0.001065,99527.91,25.66,0.015732
1732.006941,0.011023,-0.08379,-0.004788,-9.841734,-9.842092,0.00213,-0.00426,0.003195,99527.91,25.66,-0.012825
1732.018095,0.011154,-0.086184,-0.014364,-9.789066,-9.789456,0.00213,-0.005325,0.00213,99527.96,25.66,0.039811
1732.029265,0.011171,-0.100548,0.016758,-9.836946,-9.837474,0.00213,-0.007455,0.001065,99527.96,25.66,-0.008207
1732.040512,0.011247,-0.086184,0.004788,-9.793854,-9.794234,0.001065,-0.00426,0.00213,99527.96,25.66,0.035033
1732.051733,0.011221,-0.093366,0.004788,-9.836946,-9.83739,0.003195,-0.005325,0,99527.96,25.66,-0.008123
1732.062856,0.011123,-0.062244,0.004788,-9.824976,-9.825174,0.00213,-0.00639,0.003195,99527.96,25.66,0.004093
1732.074006,0.01115,-0.110124,-0.004788,-9.832158,-9.832776,0.00213,-0.007455,0,99527.96,25.66,-0.003509
1732.085208,0.011202,-0.08379,0.007182,-9.798642,-9.799003,0.001065,-0.00426,0.001065,99528.12,25.66,0.030264
1732.096367,0.011158,-0.074214,0.004788,-9.822582,-9.822864,0.001065,-0.005325,0.00213,99528.12,25.66,0.006403
1732.107639,0.011272,-0.052668,-0.014364,-9.836946,-9.837097,0.00213,-0.00426,0.003195,99528.12,25.66,-0.00783
1732.118816,0.011177,-0.064638,0.031122,-9.8154,-9.815662,-0.001065,-0.00426,0.003195,99528.12,25.66,0.013605
1732.129932,0.011116,-0.055062,0.016758,-9.80343,-9.803599,0.001065,-0.005325,0.00213,99528.12,25.66,0.025668
1732.141243,0.011311,-0.098154,-0.01197,-9.789066,-9.789565,0.001065,-0.00426,0.001065,99528.12,25.66,0.039702
1732.152456,0.011213,-0.064638,0.026334,-9.83934,-9.839588,0,-0.003195,0.003195,99528.12,25.66,-0.010321
1732.163649,0.011193,-0.052668,0.021546,-9.832158,-9.832323,0,-0.005325,0.001065,99528.12,25.66,-0.003056
1732.174773,0.011124,-0.055062,-0.016758,-9.82737,-9.827539,0.00213,-0.00426,0.00213,99528.12,25.66,0.001728
1732.185857,0.011083,-0.067032,-0.002394,-9.817794,-9.818023,0.005325,-0.007455,0.00426,99528.12,25.66,0.011244
1732.197085,0.011228,-0.069426,0.028728,-9.824976,-9.825263,0.00213,-0.00639,0.001065,99528.12,25.66,0.004004
1732.208601,0.011517,-0.05985,0.016758,-9.808218,-9.808415,0,-0.005325,0.00426,99528.26,25.66,0.020852
1732.219443,0.010842,-0.08379,0.02394,-9.808218,-9.808605,0.00213,-0.00639,0.003195,99528.26,25.66,0.020662
1732.230609,0.011166,-0.086184,0.026334,-9.79146,-9.791875,0.00213,-0.00213,0.00213,99528.26,25.66,0.037392
1732.241846,0.011237,-0.08379,0.009576,-9.8154,-9.815762,0.001065,-0.00639,0.00213,99528.26,25.66,0.013505
1732.252982,0.011136,-0.090972,0.014364,-9.813006,-9.813438,0.001065,-0.005325,0.00213,99528.26,25.66,0.015829
1732.264168,0.011186,-0.076608,0.002394,-9.8154,-9.815699,0,-0.005325,0.00213,99528.26,25.66,0.013568
1732.275419,0.011252,-0.100548,0.01197,-9.83934,-9.839861,0.001065,-0.005325,0.001065,99528.61,25.66,-0.010594
1732.286619,0.011199,-0.090972,-0.002394,-9.829764,-9.830185,0.003195,-0.007455,0.003195,99528.61,25.66,-0.000918
1732.297786,0.011168,-0.076608,0.009576,-9.808218,-9.808522,0.001065,-0.00426,0.00213,99528.61,25.66,0.020745
1732.308889,0.011102,-0.093366,0.004788,-9.808218,-9.808664,0.003195,-0.009585,0.00213,99528.61,25.66,0.020603
1732.320168,0.011279,-0.076608,0.01197,-9.836946,-9.837252,0.003195,-0.00426,0,99528.61,25.66,-0.007985
1732.331352,0.011184,-0.098154,0.009576,-9.824976,-9.825471,0.00213,-0.00639,0.00426,99528.61,25.66,0.003796
1732.342465,0.011114,-0.067032,-0.02394,-9.808218,-9.808476,0.001065,-0.007455,0.003195,99528.76,25.66,0.020791
1732.353702,0.011237,-0.079002,0.01197,-9.793854,-9.79418,-0.001065,-0.005325,0.003195,99528.76,25.66,0.035087
1732.36497,0.011268,-0.081396,0.045486,-9.822582,-9.823025,0.00426,-0.00639,0.00426,99528.76,25.66,0.006242
1732.37619,0.01122,-0.055062,0.01197,-9.805824,-9.805986,0.003195,-0.007455,-0.001065,99528.76,25.66,0.023281
1732.387304,0.011114,-0.076608,0.021546,-9.8154,-9.815723,-0.001065,-0.00639,0.00426,99528.76,25.66,0.013544
1732.398413,0.011108,-0.08379,0.02394,-9.820188,-9.820575,0.003195,-0.007455,0.001065,99528.9,25.66,0.008692
1732.409554,0.011141,-0.02394,0.007182,-9.817794,-9.817826,0.001065,-0.00213,0.003195,99528.9,25.66,0.011441
1732.420737,0.011183,-0.038304,-0.016758,-9.853704,-9.853793,0.001065,-0.005325,0,99528.9,25.66,-0.024526
1732.432071,0.011334,-0.05985,0.028728,-9.820188,-9.820412,-0.001065,-0.005325,0.003195,99528.9,25.66,0.008855
1732.443186,0.011116,-0.050274,0.045486,-9.808218,-9.808452,0.00213,-0.00426,0.00213,99528.9,25.66,0.020815
1732.454371,0.011184,-0.064638,0.021546,-9.784278,-9.784515,0.001065,-0.00639,0.00426,99528.9,25.66,0.044752
1732.465486,0.011116,-0.09576,0.038304,-9.810612,-9.811154,0.00213,-0.00426,0.003195,99528.9,25.66,0.018113
1732.476771,0.011285,-0.09576,0.019152,-9.813006,-9.813492,0.00213,-0.00852,-0.001065,99528.9,25.66,0.015775
1732.487868,0.011096,-0.076608,0.021546,-9.83934,-9.839662,0.00213,-0.00426,0.00213,99528.9,25.66,-0.010395
1732.499117,0.01125,-0.074214,-0.002394,-9.810612,-9.810893,0.001065,-0.00426,0.00426,99528.9,25.66,0.018374
1732.510266,0.011149,-0.09576,-0.02394,-9.841734,-9.842229,0.001065,-0.00639,0.00213,99528.9,25.66,-0.012962
1732.52144,0.011174,-0.081396,0.016758,-9.824976,-9.825327,0.00213,-0.00213,0.001065,99528.9,25.66,0.00394
1732.532578,0.011137,-0.09576,0.007182,-9.841734,-9.842202,0.00213,-0.00639,0.00213,99529.07,25.66,-0.012935
1732.543795,0.011218,-0.08379,-0.01197,-9.798642,-9.799008,0.00213,-0.005325,0.003195,99529.07,25.66,0.030259
1732.55512,0.011325,-0.105336,0,-9.80343,-9.803996,0.003195,-0.00852,0.00213,99529.07,25.66,0.025271
1732.566237,0.011117,-0.064638,0.009576,-9.834552,-9.834769,0,-0.00426,0.00426,99529.07,25.66,-0.005502
1732.577334,0.011097,-0.067032,-0.004788,-9.834552,-9.834782,0.001065,-0.00639,0.003195,99529.07,25.66,-0.005515
1732.588504,0.01117,-0.05985,-0.050274,-9.817794,-9.818105,-0.001065,-0.005325,0.001065,99529.15,25.66,0.011162
1732.599844,0.01134,-0.045486,-0.009576,-9.83934,-9.83945,0.001065,-0.007455,0,99529.15,25.66,-0.010183
1732.611053,0.011209,-0.045486,-0.007182,-9.865674,-9.865781,-0.001065,-0.00213,0.00426,99529.15,25.66,-0.036514
1732.622065,0.011012,0.007182,-0.021546,-9.841734,-9.84176,0.00213,-0.007455,0.003195,99529.15,25.66,-0.012493
1732.63326,0.011195,-0.07182,-0.002394,-9.786672,-9.786936,0.003195,-0.00639,0.003195,99529.15,25.66,0.042331
1732.64446,0.0112,-0.129276,0.045486,-9.817794,-9.81875,0,-0.007455,0.003195,99529.15,25.66,0.010517
1732.655876,0.011415,-0.090972,0.074214,-9.853704,-9.854403,0.003195,-0.00639,0.00213,99529.28,25.66,-0.025136
1732.667056,0.01118,-0.117306,0.05985,-9.820188,-9.821071,0.001065,-0.00639,0.00213,99529.28,25.66,0.008196
1732.678064,0.011008,-0.14364,0.074214,-9.77949,-9.780826,0.00213,-0.00639,0,99529.28,25.66,0.048441
1732.689206,0.011142,-0.129276,0.076608,-9.813006,-9.814157,0.001065,-0.00426,0,99529.28,25.66,0.01511
1732.700351,0.011145,-0.074214,0.009576,-9.82737,-9.827655,0.00213,-0.00213,0.00213,99529.28,25.66,0.001612
1732.711596,0.011245,-0.090972,0.007182,-9.844128,-9.844551,0.001065,-0.00426,0.001065,99529.49,25.66,-0.015284
1732.722859,0.011263,-0.074214,0.014364,-9.810612,-9.810903,0.00426,-0.007455,-0.001065,99529.49,25.66,0.018364
1732.733969,0.01111,-0.067032,-0.019152,-9.832158,-9.832405,0.001065,-0.003195,0.00213,99529.49,25.66,-0.003138
1732.745113,0.011144,-0.055062,0.009576,-9.805824,-9.805983,0.00426,-0.00639,0.003195,99529.49,25.66,0.023284
1732.756272,0.011159,-0.074214,-0.05985,-9.868068,-9.868529,0,-0.005325,0.00213,99529.49,25.66,-0.039262
1732.767529,0.011257,-0.105336,0.01197,-9.832158,-9.83273,0,-0.005325,0.001065,99529.49,25.66,-0.003463
1732.778737,0.011208,-0.031122,-0.03591,-9.83934,-9.839455,0,-0.00426,0,99529.49,25.66,-0.010188
1732.789813,0.011077,0.021546,-0.033516,-9.76752,-9.767601,0.003195,-0.00639,0.003195,99529.49,25.66,0.061666
1732.801051,0.011238,-0.09576,-0.026334,-9.83934,-9.839841,0.00426,-0.00852,0.003195,99529.49,25.66,-0.010574
1732.812172,0.011122,-0.076608,-0.004788,-9.820188,-9.820488,0.001065,-0.005325,0.003195,99529.49,25.66,0.008779
1732.823394,0.011222,-0.038304,0.03591,-9.774702,-9.774843,0.00426,-0.007455,0.005325,99529.49,25.66,0.054424
1732.834661,0.011267,-0.08379,0.04788,-9.810612,-9.811087,0,-0.00213,0.001065,99529.49,25.66,0.01818
1732.845733,0.011072,-0.100548,0.033516,-9.789066,-9.78964,0.001065,-0.00852,0.003195,99529.55,25.66,0.039627
1732.857055,0.011322,-0.079002,0.050274,-9.829764,-9.83021,0.001065,-0.00639,0.00213,99529.55,25.66,-0.000943
1732.868113,0.011058,-0.04788,0.004788,-9.822582,-9.8227,0.003195,-0.005325,0.00213,99529.55,25.66,0.006567
1732.879338,0.011225,-0.09576,0.04788,-9.817794,-9.818378,0,-0.00639,0.003195,99529.55,25.66,0.010889
1732.891016,0.011678,-0.136458,0.057456,-9.8154,-9.816517,0.00213,-0.005325,0.001065,99529.55,25.66,0.01275
1732.901939,0.010923,-0.100548,0.043092,-9.829764,-9.830373,0,-0.00426,0.001065,99529.57,25.66,-0.001106
1732.912911,0.010972,-0.09576,0.043092,-9.846522,-9.847082,0,-0.00639,0.003195,99529.57,25.66,-0.017815
1732.924043,0.011131,-0.134064,0.007182,-9.808218,-9.809137,0.001065,-0.005325,0.001065,99529.57,25.66,0.02013
1732.935293,0.011251,-0.100548,0.016758,-9.832158,-9.832686,0.001065,-0.003195,0.00213,99529.57,25.66,-0.003419
1732.946463,0.01117,-0.093366,0.009576,-9.813006,-9.813455,0.001065,-0.00426,0.001065,99529.57,25.66,0.015812
1732.957597,0.011133,-0.069426,-0.040698,-9.817794,-9.818124,-0.001065,-0.00639,0.001065,99529.57,25.66,0.011143
1732.968886,0.011289,-0.093366,-0.016758,-9.836946,-9.837403,0.00213,-0.00639,0.001065,99529.47,25.66,-0.008136
1732.980024,0.011138,-0.062244,-0.004788,-9.820188,-9.820386,0.003195,-0.007455,0.00213,99529.47,25.66,0.008881
1732.991147,0.011123,-0.079002,-0.028728,-9.83934,-9.839699,0.00213,-0.005325,0.00213,99529.47,25.66,-0.010432
1733.002431,0.011285,-0.076608,-0.026334,-9.8154,-9.815734,0.00213,-0.005325,0.003195,99529.47,25.66,0.013533
1733.012528,0.010096,-0.081396,-0.04788,-9.820188,-9.820642,0.00213,-0.005325,0,99529.47,25.66,0.008625
1733.022609,0.010082,-0.043092,-0.028728,-9.82737,-9.827506,0.001065,-0.00639,0.00426,99529.47,25.66,0.001761
1733.032691,0.010081,-0.045486,-0.04788,-9.836946,-9.837168,0.00213,-0.00639,0.00213,99529.57,25.66,-0.007901
1733.042811,0.01012,-0.057456,-0.031122,-9.82737,-9.827587,-0.00213,-0.00426,0.001065,99529.57,25.66,0.00168
1733.052896,0.010086,-0.09576,0.01197,-9.817794,-9.818268,0.00426,-0.005325,0.003195,99529.57,25.66,0.010999
1733.062983,0.010087,-0.05985,0.009576,-9.832158,-9.832345,-0.001065,-0.00639,0.00213,99529.57,25.66,-0.003078
1733.073089,0.010106,-0.052668,0.02394,-9.813006,-9.813177,0.003195,-0.00639,0.00426,99529.57,25.66,0.01609
1733.083227,0.010138,-0.088578,0.04788,-9.781884,-9.782402,0.00213,-0.007455,0.00213,99529.57,25.66,0.046865
1733.093311,0.010084,-0.110124,0.016758,-9.813006,-9.813638,0.003195,-0.007455,0.003195,99529.57,25.66,0.015629
1733.10363,0.010319,-0.08379,0.021546,-9.820188,-9.820569,0.00213,-0.00639,0.001065,99529.57,25.66,0.008698
1733.113755,0.010126,-0.081396,0.026334,-9.832158,-9.83253,0.001065,-0.00426,0,99529.57,25.66,-0.003263
1733.123858,0.010103,-0.102942,0.031122,-9.841734,-9.842322,0.00426,-0.00426,0.00426,99529.57,25.66,-0.013055
1733.133955,0.010097,-0.102942,0.055062,-9.817794,-9.818488,0.001065,-0.003195,0.00213,99529.57,25.66,0.010779
1733.144039,0.010084,-0.08379,0.02394,-9.8154,-9.815787,0,-0.00639,0.003195,99529.57,25.66,0.01348
1733.154493,0.010454,-0.117306,0.028728,-9.817794,-9.818537,0.003195,-0.00852,0.00213,99529.65,25.66,0.01073
1733.164641,0.010148,-0.122094,0.033516,-9.813006,-9.813823,0.00213,-0.00639,0.003195,99529.65,25.66,0.015444
1733.174735,0.010094,-0.105336,0.028728,-9.841734,-9.84234,0.00213,-0.005325,-0.001065,99529.65,25.66,-0.013073
1733.184836,0.010101,-0.093366,0.050274,-9.858492,-9.859062,0.001065,-0.00639,0,99529.65,25.66,-0.029795
1733.194938,0.010102,-0.09576,0.002394,-9.810612,-9.81108,0.003195,-0.003195,0.00213,99529.65,25.66,0.018187
1733.20503,0.010092,-0.088578,-0.02394,-9.80343,-9.803859,0.001065,-0.00639,0.001065,99529.65,25.66,0.025408
1733.215823,0.010793,-0.117306,-0.009576,-9.822582,-9.823287,-0.001065,-0.00639,0.001065,99529.65,25.66,0.00598
1733.225934,0.010111,-0.04788,-0.021546,-9.856098,-9.856238,0.00426,-0.00426,0.001065,99529.79,25.66,-0.026971
1733.237764,0.01183,-0.08379,-0.01197,-9.841734,-9.842098,0.00213,-0.005325,-0.001065,99529.79,25.66,-0.012831
1733.247893,0.010129,-0.062244,-0.007182,-9.858492,-9.858691,0.001065,-0.00426,0.003195,99529.79,25.66,-0.029424
1733.257979,0.010086,-0.031122,-0.016758,-9.834552,-9.834616,0.001065,-0.007455,0.00213,99529.79,25.66,-0.005349
1733.268057,0.010077,-0.031122,-0.038304,-9.834552,-9.834676,0.00213,-0.007455,0.001065,99529.79,25.66,-0.005409
1733.278206,0.01015,-0.08379,-0.007182,-9.832158,-9.832518,0.001065,-0.00639,0.00213,99529.79,25.66,-0.003251
1733.288295,0.010089,-0.064638,-0.002394,-9.820188,-9.820401,-0.001065,-0.001065,0.00213,99529.95,25.66,0.008866
1733.298388,0.010093,-0.064638,0.021546,-9.8154,-9.815636,0.001065,-0.00852,0.003195,99529.95,25.66,0.013631
1733.308473,0.010085,-0.057456,0.007182,-9.805824,-9.805995,0.003195,-0.003195,0.00426,99529.95,25.66,0.023272
1733.31856,0.010087,-0.076608,0.002394,-9.805824,-9.806124,0.00213,-0.00639,0.001065,99529.95,25.66,0.023143
1733.328658,0.010098,-0.04788,0.02394,-9.813006,-9.813152,0,-0.00852,0.003195,99529.95,25.66,0.016115
1733.338747,0.010089,-0.088578,0.028728,-9.817794,-9.818236,0.00426,-0.005325,0.00213,99529.95,25.66,0.011031
1733.349075,0.010329,-0.064638,0.031122,-9.80343,-9.803692,0.003195,-0.00639,0.00213,99530.1,25.66,0.025575
1733.360266,0.011191,-0.102942,0.045486,-9.829764,-9.830408,0.00213,-0.005325,0.00213,99530.1,25.66,-0.001141
1733.37154,0.011274,-0.064638,0.019152,-9.79146,-9.791692,0.001065,-0.00639,0.00426,99530.1,25.66,0.037575
1733.382659,0.011119,-0.117306,0.033516,-9.805824,-9.806583,0.001065,-0.003195,0.00213,99530.1,25.66,0.022684
1733.393905,0.011245,-0.079002,0.040698,-9.853704,-9.854105,0.00213,-0.005325,0.001065,99530.1,25.66,-0.024838
1733.405004,0.011099,-0.114912,0.016758,-9.832158,-9.832844,0.001065,-0.00426,0.00213,99530.1,25.66,-0.003577
1733.416232,0.011228,-0.08379,0.01197,-9.801036,-9.801401,0.001065,-0.00426,0.001065,99530.1,25.66,0.027866
1733.427402,0.01117,-0.10773,0.019152,-9.858492,-9.859099,0.001065,-0.00639,0.003195,99530.1,25.66,-0.029832
1733.438569,0.011167,-0.086184,0.009576,-9.805824,-9.806207,0,-0.00426,0,99530.1,25.66,0.02306
1733.449735,0.011166,-0.079002,0.004788,-9.817794,-9.818113,0.00426,-0.00639,0.00213,99530.1,25.66,0.011154
1733.46101,0.011275,-0.13167,-0.007182,-9.836946,-9.83783,0.00426,-0.005325,0.001065,99530.1,25.66,-0.008563
1733.472203,0.011193,-0.067032,-0.014364,-9.836946,-9.837185,0,-0.00639,0,99530.26,25.66,-0.007918
1733.483311,0.011108,-0.07182,-0.016758,-9.808218,-9.808495,0.00213,-0.007455,0,99530.26,25.66,0.020772
1733.49457,0.011258,-0.067032,-0.045486,-9.824976,-9.82531,0.00213,-0.00639,0.003195,99530.26,25.66,0.003957
1733.505636,0.011066,-0.057456,0.007182,-9.822582,-9.822753,-0.001065,-0.005325,0.001065,99530.26,25.66,0.006514
1733.516867,0.011232,-0.062244,-0.031122,-9.817794,-9.818041,0.001065,-0.00426,0.00213,99530.26,25.66,0.011226
1733.528089,0.011222,-0.057456,0.01197,-9.822582,-9.822757,0.00213,-0.00639,0.00426,99530.26,25.66,0.00651
1733.539299,0.01121,-0.069426,0,-9.834552,-9.834797,0,-0.005325,0.003195,99530.48,25.66,-0.00553
1733.55045,0.011151,-0.074214,0.028728,-9.846522,-9.846844,0.00213,-0.003195,0.005325,99530.48,25.66,-0.017577
1733.561544,0.011094,-0.050274,0.021546,-9.798642,-9.798795,0.00426,-0.005325,0.003195,99530.48,25.66,0.030472
1733.57287,0.011326,-0.088578,0.033516,-9.813006,-9.813463,0,-0.007455,0.001065,99530.48,25.66,0.015804
1733.584153,0.011282,-0.067032,0.03591,-9.846522,-9.846816,0,-0.005325,0.001065,99530.48,25.66,-0.017549
1733.595254,0.011101,-0.064638,0.05985,-9.8154,-9.815795,0,-0.007455,0.003195,99530.48,25.66,0.013472
1733.606412,0.011159,-0.08379,0.009576,-9.813006,-9.813368,0.001065,-0.00639,0.003195,99530.49,25.66,0.015899
1733.617492,0.011079,-0.07182,0.031122,-9.8154,-9.815712,0,-0.00639,0.00213,99530.49,25.66,0.013555
1733.628716,0.011224,-0.090972,0.043092,-9.798642,-9.799159,-0.001065,-0.00426,0.001065,99530.49,25.66,0.030108
1733.63988,0.011164,-0.076608,0.016758,-9.786672,-9.786986,0,-0.005325,-0.001065,99530.49,25.66,0.042281
1733.651052,0.011173,-0.105336,0.019152,-9.832158,-9.832741,0,-0.005325,0.00213,99530.49,25.66,-0.003474
1733.662273,0.01122,-0.088578,0,-9.813006,-9.813406,0.00213,-0.005325,0.003195,99530.49,25.66,0.015861
1733.67351,0.011238,-0.09576,0.016758,-9.808218,-9.8087,0.00213,-0.005325,0.001065,99530.49,25.66,0.020567
1733.684615,0.011105,-0.090972,0.021546,-9.85131,-9.851754,0.00213,-0.00426,0.003195,99530.49,25.66,-0.022487
1733.695927,0.011312,-0.069426,-0.019152,-9.798642,-9.798907,0.00213,-0.009585,0.003195,99530.49,25.66,0.03036
1733.707101,0.011174,-0.114912,-0.019152,-9.8154,-9.816091,0.001065,-0.00639,0.001065,99530.49,25.66,0.013176
1733.718259,0.011158,-0.13167,0.002394,-9.820188,-9.821071,0.00213,-0.005325,0.00213,99530.49,25.66,0.008196
1733.729384,0.011125,-0.08379,-0.016758,-9.846522,-9.846893,0,-0.00426,0.001065,99530.49,25.66,-0.017626
1733.740512,0.011128,-0.098154,0.002394,-9.829764,-9.830254,0,-0.00639,0.001065,99530.49,25.66,-0.000987
1733.751783,0.011272,-0.086184,-0.03591,-9.832158,-9.832601,0.00213,-0.001065,0.00213,99530.49,25.66,-0.003334
1733.763053,0.01127,-0.093366,-0.033516,-9.832158,-9.832658,0.00213,-0.007455,0.003195,99530.49,25.66,-0.003391
1733.77468,0.011627,-0.1197,0.02394,-9.796248,-9.797009,0,-0.003195,0.001065,99530.49,25.66,0.032258
1733.785249,0.01057,-0.043092,-0.016758,-9.824976,-9.825085,0.00213,-0.005325,0.001065,99530.49,25.66,0.004182
1733.796532,0.011282,-0.069426,0.045486,-9.820188,-9.820539,0,-0.009585,0.005325,99530.65,25.66,0.008728
1733.808246,0.011714,-0.079002,0.009576,-9.82737,-9.827692,0.00213,-0.003195,0.001065,99530.65,25.66,0.001575
1733.818853,0.010607,-0.009576,0.009576,-9.836946,-9.836955,0.003195,-0.007455,0.00213,99530.65,25.66,-0.007688
1733.83007,0.011217,-0.110124,0.050274,-9.834552,-9.835297,0.001065,-0.00852,0.003195,99530.65,25.66,-0.00603
1733.841185,0.011115,-0.033516,0.007182,-9.872856,-9.872916,0.001065,-0.003195,0.001065,99530.65,25.66,-0.043649
1733.852404,0.011219,-0.08379,0.02394,-9.820188,-9.820575,0.001065,-0.005325,0.003195,99530.65,25.66,0.008692
1733.86359,0.011187,-0.086184,0.043092,-9.82737,-9.827842,0.005325,-0.003195,0.001065,99530.64,25.66,0.001425
1733.874829,0.011238,-0.076608,0.007182,-9.798642,-9.798944,0.00213,-0.00639,0.00213,99530.64,25.66,0.030323
1733.885931,0.011102,-0.110124,0.019152,-9.832158,-9.832793,0.00213,-0.005325,0.001065,99530.64,25.66,-0.003526
1733.897139,0.011208,-0.090972,0.033516,-9.824976,-9.825454,0.00213,-0.007455,0.003195,99530.64,25.66,0.003813
1733.908314,0.011176,-0.043092,0.007182,-9.83934,-9.839437,0,-0.00426,0.00213,99530.64,25.66,-0.01017
1733.919543,0.011228,-0.086184,0.007182,-9.817794,-9.818175,0,-0.00639,0,99530.77,25.66,0.011092
1733.930669,0.011126,-0.08379,0.02394,-9.808218,-9.808605,0,-0.00639,0.003195,99530.77,25.66,0.020662
1733.941872,0.011203,-0.069426,0.002394,-9.753156,-9.753403,0.003195,-0.007455,0.00213,99530.77,25.66,0.075864
1733.953037,0.011165,-0.093366,-0.009576,-9.700488,-9.700942,0.003195,-0.007455,-0.001065,99530.77,25.66,0.128325
1733.964244,0.011207,-0.088578,-0.026334,-9.745974,-9.746412,0.001065,-0.005325,0.00426,99530.77,25.66,0.082855
1733.976011,0.011767,-0.081396,-0.002394,-9.810612,-9.81095,0,-0.003195,0,99530.77,25.66,0.018317
1733.986706,0.010695,-0.076608,-0.007182,-9.73161,-9.731914,0.001065,-0.00213,0.00213,99530.72,25.66,0.097353
1733.997799,0.011093,-0.088578,-0.026334,-9.774702,-9.775139,0.00213,-0.00639,0.003195,99530.72,25.66,0.054128
1734.009079,0.01128,-0.081396,0,-9.810612,-9.81095,0.00213,-0.00426,0.00213,99530.72,25.66,0.018317
1734.020233,0.011153,-0.064638,-0.01197,-9.772308,-9.772529,0.003195,-0.00639,0.003195,99530.72,25.66,0.056738
1734.031372,0.01114,-0.050274,0,-9.772308,-9.772437,0.001065,-0.005325,0.00426,99530.72,25.66,0.05683
1734.042565,0.011192,-0.105336,0.03591,-9.853704,-9.854332,0,-0.00852,0.003195,99530.72,25.66,-0.025065
1734.053796,0.011232,-0.069426,0.007182,-9.832158,-9.832406,0.00213,-0.00426,0.001065,99530.81,25.66,-0.003139
1734.064875,0.011079,-0.04788,0.03591,-9.824976,-9.825158,0.001065,-0.00639,0.001065,99530.81,25.66,0.004109
1734.07613,0.011255,-0.090972,-0.004788,-9.89919,-9.899609,0.001065,-0.00639,0.003195,99530.81,25.66,-0.070342
1734.087326,0.011196,-0.064638,0.045486,-9.918342,-9.918657,0.003195,-0.00852,0.00426,99530.81,25.66,-0.08939
1734.098527,0.011201,-0.07182,-0.004788,-9.894402,-9.894664,0,-0.005325,0.001065,99530.81,25.66,-0.065397
1734.109626,0.0111,-0.052668,0.019152,-9.915948,-9.916106,0,-0.005325,0,99530.81,25.66,-0.086839
1734.12079,0.011164,-0.09576,0.033516,-9.901584,-9.902104,0.00426,-0.00639,0.001065,99530.81,25.66,-0.072837
1734.132134,0.011344,-0.07182,0,-9.918342,-9.918602,0.001065,-0.005325,0,99530.81,25.66,-0.089335
1734.143384,0.01125,-0.055062,0.016758,-9.927918,-9.928085,0.001065,-0.005325,0.001065,99530.81,25.66,-0.098818
1734.154434,0.01105,-0.069426,-0.021546,-9.925524,-9.92579,0.001065,-0.003195,-0.001065,99530.81,25.66,-0.096523
1734.165538,0.011103,-0.076608,0.014364,-9.913554,-9.91386,0.00213,-0.00426,0.001065,99530.81,25.66,-0.084593
1734.176846,0.011308,-0.076608,0.01197,-9.918342,-9.918645,0.00213,-0.007455,0,99530.85,25.66,-0.089378
1734.187975,0.011129,-0.100548,0.007182,-9.884826,-9.88534,0.00213,-0.003195,0.001065,99530.85,25.66,-0.056073
1734.199238,0.011262,-0.067032,0.007182,-9.858492,-9.858723,0.00213,-0.00426,0.00213,99530.85,25.66,-0.029456
1734.210461,0.011223,-0.100548,0.007182,-9.848916,-9.849432,0.003195,-0.00639,0.001065,99530.85,25.66,-0.020165
1734.221499,0.011038,-0.069426,-0.016758,-9.832158,-9.832417,0.001065,-0.00639,0.005325,99530.85,25.66,-0.00315
1734.232683,0.011184,-0.05985,-0.004788,-9.858492,-9.858675,0.003195,-0.00639,0.00213,99530.85,25.66,-0.029408
1734.243953,0.01127,-0.086184,0.016758,-9.813006,-9.813399,0,-0.007455,0.00213,99530.83,25.66,0.015868
1734.255124,0.011171,-0.088578,-0.004788,-9.80343,-9.803831,0.00213,-0.00639,0.003195,99530.83,25.66,0.025436
1734.266375,0.01125,-0.090972,0.014364,-9.808218,-9.80865,0.003195,-0.007455,0.003195,99530.83,25.66,0.020617
1734.276482,0.010108,-0.08379,0.009576,-9.79146,-9.791823,0,-0.00426,0.00426,99530.83,25.66,0.037444
1734.286558,0.010076,-0.090972,0.002394,-9.796248,-9.796671,0.003195,-0.005325,0.00213,99530.83,25.66,0.032596
1734.296642,0.010084,-0.088578,0.016758,-9.810612,-9.811026,-0.001065,-0.00426,0.00213,99530.83,25.66,0.018241
1734.306813,0.010171,-0.055062,0.016758,-9.834552,-9.83472,0.00213,-0.00639,0.00213,99530.89,25.66,-0.005453
1734.316935,0.010122,-0.074214,0.026334,-9.829764,-9.830079,0.003195,-0.005325,0.001065,99530.89,25.66,-0.000812
1734.327062,0.010127,-0.088578,0.026334,-9.85131,-9.851743,0.001065,-0.00639,0,99530.89,25.66,-0.022476
1734.337178,0.010116,-0.10773,0.038304,-9.868068,-9.86873,0,-0.00639,0,99530.89,25.66,-0.039463
1734.347296,0.010118,-0.08379,0.043092,-9.88722,-9.887669,0.00426,-0.003195,-0.001065,99530.89,25.66,-0.058402
1734.357406,0.01011,-0.062244,0.007182,-9.908766,-9.908964,0.00213,-0.005325,0.00639,99530.89,25.66,-0.079697
1734.367702,0.010296,-0.088578,0.021546,-9.930312,-9.93073,0.001065,-0.005325,0,99530.88,25.66,-0.101463
1734.378095,0.010393,-0.05985,0.028728,-9.97101,-9.971231,-0.001065,-0.00213,0.00213,99530.88,25.66,-0.141964
1734.389867,0.011772,-0.069426,-0.01197,-9.997344,-9.997592,0.005325,-0.00426,0.001065,99530.88,25.66,-0.168325
1734.400562,0.010695,-0.07182,0.019152,-10.01889,-10.019166,0.003195,-0.00639,0,99530.88,25.66,-0.189899
1734.410652,0.010091,-0.079002,0,-10.057194,-10.057504,0.001065,-0.00426,0.001065,99530.88,25.66,-0.228237
1734.42073,0.010078,-0.05985,0.028728,-10.026072,-10.026292,0,-0.00426,0.00213,99530.88,25.66,-0.197025
1734.430821,0.010091,-0.076608,-0.007182,-10.06677,-10.067064,0,-0.00639,0.003195,99530.88,25.66,-0.237797
1734.440914,0.010093,-0.074214,0.028728,-10.069164,-10.069478,0.003195,-0.00426,-0.001065,99530.88,25.66,-0.240211
1734.451047,0.010133,-0.057456,0.009576,-10.09071,-10.090878,0.00213,-0.007455,0.003195,99530.88,25.66,-0.261611
1734.461151,0.010104,-0.081396,0.002394,-10.088316,-10.088645,0.001065,-0.00426,0.00213,99530.88,25.66,-0.259378
1734.471445,0.010294,-0.064638,-0.004788,-10.07874,-10.078948,0,-0.005325,-0.001065,99530.88,25.66,-0.249681
1734.481523,0.010078,-0.079002,0.02394,-10.10268,-10.103017,0.00213,-0.005325,-0.001065,99530.88,25.66,-0.27375
1734.491631,0.010108,-0.088578,-0.007182,-10.076346,-10.076738,0.001065,-0.00639,0.00426,99530.93,25.66,-0.247471
1734.501725,0.010094,-0.088578,-0.002394,-10.064376,-10.064766,0.00213,-0.005325,0.003195,99530.93,25.66,-0.235499
1734.512296,0.010571,-0.08379,0.004788,-10.061982,-10.062332,0.00213,-0.00639,0.001065,99530.93,25.66,-0.233065
1734.523473,0.011177,-0.090972,0.014364,-10.026072,-10.026495,-0.00213,-0.00213,0.001065,99530.93,25.66,-0.197228
1734.534786,0.011313,-0.098154,0.014364,-10.033254,-10.033744,0.001065,-0.005325,0.00213,99530.93,25.66,-0.204477
1734.546035,0.011249,-0.100548,0.009576,-10.052406,-10.052913,0.001065,-0.005325,0.00213,99530.93,25.66,-0.223646
1734.557082,0.011047,-0.079002,0.01197,-10.021284,-10.021603,0,-0.003195,0.005325,99530.96,25.66,-0.192336
1734.568297,0.011215,-0.114912,0,-10.047618,-10.048275,0.00213,-0.00639,0.00213,99530.96,25.66,-0.219008
1734.579421,0.011124,-0.100548,0.031122,-10.064376,-10.064926,0.001065,-0.005325,0.001065,99530.96,25.66,-0.235659
1734.590692,0.011271,-0.100548,0,-10.028466,-10.02897,0.003195,-0.003195,0.001065,99530.96,25.66,-0.199703
1734.601889,0.011197,-0.076608,0,-10.0548,-10.055092,0.00213,-0.00639,0.00213,99530.96,25.66,-0.225825
1734.612914,0.011025,-0.093366,0.014364,-10.050012,-10.050456,0.003195,-0.005325,0.003195,99530.96,25.66,-0.221189
1734.624188,0.011273,-0.057456,0.016758,-10.076346,-10.076524,-0.001065,-0.00426,0.003195,99530.94,25.66,-0.247257
1734.635477,0.011289,-0.057456,-0.009576,-10.07874,-10.078908,0,-0.007455,0.001065,99530.94,25.66,-0.249641
1734.646493,0.011016,-0.090972,-0.004788,-10.095498,-10.095909,-0.001065,-0.007455,0.00213,99530.94,25.66,-0.266642
1734.657791,0.011298,-0.076608,-0.004788,-10.124226,-10.124517,0,-0.007455,0,99530.94,25.66,-0.29525
1734.668889,0.011098,-0.05985,0.01197,-10.13859,-10.138774,0.003195,-0.00639,0.001065,99530.94,25.66,-0.309507
1734.680065,0.011177,-0.081396,0.01197,-10.129014,-10.129348,0.001065,-0.005325,0.00213,99530.94,25.66,-0.300081
1734.691354,0.011289,-0.074214,0.002394,-10.133802,-10.134074,0,-0.00426,0.001065,99530.88,25.66,-0.304807
1734.702503,0.011149,-0.076608,-0.007182,-10.148166,-10.148458,0.001065,-0.007455,0.00426,99530.88,25.66,-0.319191
1734.713692,0.011189,-0.07182,-0.009576,-10.157742,-10.158,0.00213,-0.00213,0.001065,99530.88,25.66,-0.328733
1734.724784,0.011091,-0.052668,-0.004788,-10.184076,-10.184213,0.001065,-0.00639,0.001065,99530.88,25.66,-0.354946
1734.736056,0.011273,-0.086184,0.019152,-10.145772,-10.146156,0.003195,-0.00639,0.001065,99530.88,25.66,-0.316889
1734.747288,0.011231,-0.076608,-0.007182,-10.160136,-10.160427,0.001065,-0.005325,0.00426,99530.88,25.66,-0.33116
1734.758414,0.011126,-0.100548,0.014364,-10.15056,-10.151068,0.00213,-0.00426,0.003195,99530.88,25.66,-0.321801
1734.769525,0.011111,-0.08379,0.026334,-10.160136,-10.160516,0.001065,-0.003195,0.00213,99530.88,25.66,-0.331249
1734.780699,0.011174,-0.090972,0.014364,-10.164924,-10.165341,0.00213,-0.00852,0.001065,99530.88,25.66,-0.336074
1734.791907,0.011208,-0.090972,0.040698,-10.143378,-10.143868,-0.001065,-0.005325,0.001065,99530.88,25.66,-0.314601
1734.803386,0.011479,-0.07182,0.007182,-10.136196,-10.136453,0.001065,-0.007455,0.00213,99530.88,25.66,-0.307186
1734.814392,0.011006,-0.098154,0.014364,-10.152954,-10.153439,0.001065,-0.00639,0.00213,99531.08,25.66,-0.324172
1734.825433,0.011041,-0.088578,0.014364,-10.129014,-10.129411,0.003195,-0.005325,0.00213,99531.08,25.66,-0.300144
1734.836723,0.01129,-0.088578,0.009576,-10.164924,-10.165314,0.003195,-0.007455,0.00213,99531.08,25.66,-0.336047
1734.847826,0.011103,-0.079002,0.009576,-10.155348,-10.15566,0.003195,-0.005325,0.001065,99531.08,25.66,-0.326393
1734.859014,0.011187,-0.112518,0.031122,-10.167318,-10.167988,0.001065,-0.00639,0,99531.08,25.66,-0.338721
1734.870295,0.011282,-0.081396,0.002394,-10.205622,-10.205947,0.003195,-0.00426,0.00213,99531.08,25.66,-0.37668
1734.881504,0.011208,-0.07182,0.009576,-10.181682,-10.18194,0.003195,-0.00639,0.00213,99531.07,25.66,-0.352673
1734.892538,0.011035,-0.050274,-0.007182,-10.19844,-10.198566,0.001065,-0.005325,-0.001065,99531.07,25.66,-0.369299
1734.90373,0.011192,-0.086184,0.009576,-10.215198,-10.215566,0,-0.00639,0.003195,99531.07,25.66,-0.386299
1734.915122,0.011392,-0.05985,-0.028728,-10.208016,-10.208232,-0.001065,-0.00639,0.001065,99531.07,25.66,-0.378965
1734.926256,0.011134,-0.086184,-0.038304,-10.251108,-10.251542,0.001065,-0.005325,0.003195,99531.07,25.66,-0.422275
1734.937377,0.011121,-0.062244,-0.014364,-10.24632,-10.246519,0.003195,-0.00426,0.00213,99531.07,25.66,-0.417252
1734.948541,0.011164,-0.069426,0.007182,-10.231956,-10.232194,0,-0.01065,0.00213,99531.08,25.66,-0.402927
1734.959705,0.011164,-0.04788,-0.019152,-10.251108,-10.251238,-0.001065,-0.003195,0,99531.08,25.66,-0.421971
1734.970346,0.010641,-0.090972,-0.002394,-10.243926,-10.24433,0,-0.00639,0,99531.08,25.66,-0.415063
1734.980457,0.010111,-0.069426,0.016758,-10.296594,-10.296842,0.003195,-0.007455,0.00213,99531.08,25.66,-0.467575
1734.990547,0.01009,-0.052668,0.002394,-10.2942,-10.294335,0.00213,-0.007455,0.003195,99531.08,25.66,-0.465068
1735.000657,0.01011,-0.062244,0.016758,-10.289412,-10.289614,0.00213,-0.005325,-0.001065,99531.08,25.66,-0.460347
1735.010745,0.010087,-0.069426,0.016758,-10.289412,-10.28966,0.001065,-0.00639,0.003195,99531.18,25.66,-0.460393
1735.020848,0.010103,-0.09576,0.03591,-10.291806,-10.292314,0.001065,-0.00213,0.00213,99531.18,25.66,-0.463047
1735.030936,0.010088,-0.09576,0.007182,-10.296594,-10.297042,0,-0.009585,0.003195,99531.18,25.66,-0.467775
1735.041023,0.010088,-0.081396,0.014364,-10.30617,-10.306501,0.003195,-0.00639,0.001065,99531.18,25.66,-0.477234
1735.051114,0.010091,-0.086184,0.03591,-10.296594,-10.297017,0.00213,-0.00426,0.00213,99531.18,25.66,-0.46775
1735.061203,0.010089,-0.086184,0.01197,-10.301382,-10.301749,0.001065,-0.00639,0.003195,99531.18,25.66,-0.472482
1735.071328,0.010125,-0.09576,0.045486,-10.322928,-10.323472,0.00213,-0.005325,0,99531.18,25.66,-0.494205
1735.081414,0.010086,-0.100548,0.026334,-10.303776,-10.3043,0.00213,-0.00639,0.003195,99531.18,25.66,-0.475033
1735.091498,0.010084,-0.081396,0.038304,-10.303776,-10.304169,0.001065,-0.007455,0,99531.18,25.66,-0.474902
1735.101604,0.010106,-0.086184,0.01197,-10.313352,-10.313719,0.00213,-0.005325,0.00213,99531.18,25.66,-0.484452
1735.111725,0.010121,-0.081396,0.02394,-10.327716,-10.328064,0.003195,-0.00426,0.001065,99531.18,25.66,-0.498797
1735.121819,0.010094,-0.105336,-0.016758,-10.334898,-10.335448,0,-0.00639,0.003195,99531.18,25.66,-0.506181
1735.131978,0.01016,-0.08379,0.03591,-10.298988,-10.299391,0.001065,-0.005325,0.00213,99531.18,25.66,-0.470124
1735.142088,0.010109,-0.07182,-0.019152,-10.325322,-10.32559,0.001065,-0.00639,0.00426,99531.32,25.66,-0.496323
1735.152212,0.010125,-0.098154,0.016758,-10.380384,-10.380862,0,-0.00426,0.003195,99531.32,25.66,-0.551595
1735.162361,0.010149,-0.07182,0,-10.346868,-10.347117,0.00213,-0.00426,-0.001065,99531.32,25.66,-0.51785
1735.172757,0.010396,-0.069426,-0.007182,-10.34208,-10.342316,-0.001065,-0.00639,0.003195,99531.32,25.66,-0.513049
1735.182884,0.010127,-0.10773,0.021546,-10.35405,-10.354633,0.001065,-0.00852,0.00426,99531.32,25.66,-0.525366
1735.193048,0.010164,-0.081396,-0.002394,-10.334898,-10.335219,0,-0.00426,0,99531.32,25.66,-0.505952
1735.203168,0.01012,-0.079002,0,-10.351656,-10.351957,0.00426,-0.007455,0.003195,99531.47,25.66,-0.52269
1735.213289,0.010121,-0.08379,0.01197,-10.344474,-10.34482,0.00213,-0.00426,0.003195,99531.47,25.66,-0.515553
1735.223389,0.010101,-0.081396,-0.014364,-10.339686,-10.340016,0.00213,-0.005325,0.00213,99531.47,25.66,-0.510749
1735.233484,0.010095,-0.055062,0.007182,-10.361232,-10.361381,0.00213,-0.00426,0.003195,99531.47,25.66,-0.532114
1735.243576,0.010092,-0.079002,0.002394,-10.349262,-10.349564,0.001065,-0.003195,0.00213,99531.47,25.66,-0.520297
1735.253675,0.010099,-0.05985,0.009576,-10.351656,-10.351833,0.001065,-0.005325,0.00213,99531.47,25.66,-0.522566
1735.263787,0.010112,-0.086184,0.009576,-10.35405,-10.354413,0.00426,-0.007455,0.00213,99531.4,25.66,-0.525146
1735.274113,0.010326,-0.105336,0.031122,-10.356444,-10.357026,0.00213,-0.005325,0.003195,99531.4,25.66,-0.527759
1735.284197,0.010083,-0.069426,0.019152,-10.358838,-10.359088,0.003195,-0.005325,0.001065,99531.4,25.66,-0.529821
1735.294342,0.010146,-0.098154,0.014364,-10.315746,-10.316223,0.001065,-0.007455,0.001065,99531.4,25.66,-0.486956
1735.304473,0.010131,-0.10773,0.038304,-10.320534,-10.321167,0,-0.00639,0.00213,99531.4,25.66,-0.4919
1735.31456,0.010087,-0.086184,0.007182,-10.339686,-10.340048,0.003195,-0.005325,0.001065,99531.4,25.66,-0.510781
1735.324646,0.010085,-0.074214,0.028728,-10.315746,-10.316053,0,-0.00639,0,99531.4,25.66,-0.486786
1735.334729,0.010084,-0.090972,0.019152,-10.332504,-10.332922,0.00213,-0.005325,0.00213,99531.31,25.66,-0.503655
1735.344834,0.010104,-0.079002,0.016758,-10.2942,-10.294517,0.00213,-0.00639,0.001065,99531.31,25.66,-0.46525
1735.355009,0.010176,-0.117306,0.01197,-10.284624,-10.2853,0.001065,-0.00639,0.001065,99531.31,25.66,-0.456033
1735.365161,0.010152,-0.069426,0.014364,-10.315746,-10.31599,0.00213,-0.005325,-0.001065,99531.31,25.66,-0.486723
1735.37525,0.010089,-0.086184,0.021546,-10.272654,-10.273038,0.00426,-0.007455,0.00213,99531.31,25.66,-0.443771
1735.385351,0.0101,-0.090972,0.002394,-10.27026,-10.270663,0.003195,-0.00639,0.00213,99531.31,25.66,-0.441396
1735.395469,0.010118,-0.076608,0.01197,-10.287018,-10.28731,0.001065,-0.00852,0.003195,99531.23,25.66,-0.458043
1735.405557,0.010089,-0.076608,-0.007182,-10.287018,-10.287306,0,-0.005325,0.001065,99531.23,25.66,-0.458039
1735.415662,0.010104,-0.055062,-0.016758,-10.287018,-10.287179,0.00213,-0.00639,0.003195,99531.23,25.66,-0.457912
1735.425797,0.010135,-0.09576,0.014364,-10.298988,-10.299443,0.001065,-0.00639,0.003195,99531.23,25.66,-0.470176
1735.435885,0.010088,-0.055062,0.019152,-10.287018,-10.287183,0,-0.00639,0.00213,99531.23,25.66,-0.457916
1735.445998,0.010113,-0.114912,0.007182,-10.287018,-10.287662,0,-0.007455,0,99531.23,25.66,-0.458395
1735.4561,0.010102,-0.07182,0.038304,-10.301382,-10.301704,0.001065,-0.00426,0.003195,99531.23,25.66,-0.472437
1735.466215,0.010116,-0.074214,-0.01197,-10.313352,-10.313626,0,-0.005325,0.003195,99531.23,25.66,-0.484359
1735.476343,0.010127,-0.069426,0,-10.30617,-10.306404,0.001065,-0.005325,0,99531.23,25.66,-0.477137
1735.486433,0.010091,-0.100548,0.021546,-10.31814,-10.318652,0.001065,-0.005325,0.003195,99531.23,25.66,-0.489385
1735.497014,0.01058,-0.08379,0.031122,-10.325322,-10.325709,0.00213,-0.005325,0.00213,99531.23,25.66,-0.496442
1735.507295,0.010281,-0.088578,-0.019152,-10.337292,-10.337689,-0.001065,-0.00639,0.003195,99531.23,25.66,-0.508422
1735.51741,0.010115,-0.08379,-0.007182,-10.334898,-10.33524,0.00213,-0.005325,0.001065,99531.18,25.66,-0.505973
1735.527515,0.010106,-0.067032,0.016758,-10.332504,-10.332735,0.003195,-0.003195,0.001065,99531.18,25.66,-0.503468
1735.537617,0.010102,-0.057456,0,-10.332504,-10.332664,0,-0.005325,0.00213,99531.18,25.66,-0.503397
1735.54776,0.010143,-0.10773,-0.004788,-10.320534,-10.321097,0.003195,-0.00426,0.003195,99531.18,25.66,-0.49183
1735.557857,0.010097,-0.052668,0.007182,-10.315746,-10.315883,0.003195,-0.005325,0.00213,99531.18,25.66,-0.486616
1735.567972,0.010114,-0.100548,-0.002394,-10.33011,-10.3306,0,-0.00639,0.001065,99531.18,25.66,-0.501333
1735.578308,0.010336,-0.08379,-0.01197,-10.322928,-10.323275,0.001065,-0.00639,0.00213,99531.18,25.66,-0.494008
1735.588465,0.010157,-0.076608,0.031122,-10.325322,-10.325653,0.003195,-0.003195,0.001065,99531.02,25.66,-0.496386
1735.598554,0.010089,-0.069426,0.02394,-10.31814,-10.318401,0,-0.00639,0.001065,99531.02,25.66,-0.489134
1735.608955,0.010401,-0.088578,-0.019152,-10.33011,-10.330508,0.00426,-0.00639,0.003195,99531.02,25.66,-0.501241
1735.619049,0.010094,-0.079002,-0.009576,-10.296594,-10.296902,0.00213,-0.005325,0.00213,99531.02,25.66,-0.467635
1735.62914,0.01009,-0.088578,0.01197,-10.308564,-10.308952,0.00213,-0.00639,0.003195,99531.02,25.66,-0.479685
1735.639293,0.010153,-0.069426,0.007182,-10.30617,-10.306406,-0.001065,-0.00639,0,99531.02,25.66,-0.477139
1735.649444,0.010151,-0.102942,0.016758,-10.2942,-10.294728,0.00213,-0.005325,-0.003195,99530.81,25.66,-0.465461
1735.659587,0.010143,-0.088578,0.002394,-10.296594,-10.296975,0.003195,-0.007455,0.001065,99530.81,25.66,-0.467708
1735.669684,0.010097,-0.09576,0.038304,-10.322928,-10.323443,0,-0.00426,0.001065,99530.81,25.66,-0.494176
1735.679771,0.010087,-0.086184,0.019152,-10.287018,-10.287397,0.001065,-0.005325,0.00213,99530.81,25.66,-0.45813
1735.689956,0.010184,-0.090972,0,-10.334898,-10.335298,0.001065,-0.005325,0.00213,99530.81,25.66,-0.506031
1735.700106,0.01015,-0.098154,0.026334,-10.346868,-10.347367,0.00213,-0.00426,0.001065,99530.81,25.66,-0.5181
1735.710425,0.010319,-0.09576,0.009576,-10.279836,-10.280286,0.00213,-0.007455,0.00213,99530.65,25.66,-0.451019
1735.720786,0.010361,-0.086184,0.009576,-10.351656,-10.352019,0.001065,-0.00426,-0.001065,99530.65,25.66,-0.522752
1735.731504,0.010718,-0.098154,0.016758,-10.315746,-10.316227,0.001065,-0.00639,0.003195,99530.65,25.66,-0.48696
1735.742683,0.011179,-0.08379,0.026334,-10.337292,-10.337665,0.00213,-0.003195,0.00213,99530.65,25.66,-0.508398
1735.753865,0.011182,-0.069426,-0.004788,-10.310958,-10.311193,0.001065,-0.005325,0,99530.65,25.66,-0.481926
1735.765212,0.011347,-0.088578,0.028728,-10.313352,-10.313772,0.00213,-0.00639,0.00426,99530.65,25.66,-0.484505
1735.776225,0.011012,-0.067032,0,-10.351656,-10.351873,0.003195,-0.00852,0.00213,99530.65,25.66,-0.522606
1735.787333,0.011109,-0.079002,0.028728,-10.303776,-10.304119,0.001065,-0.00426,0.001065,99530.65,25.66,-0.474852
1735.798734,0.011401,-0.076608,-0.033516,-10.35405,-10.354388,0.00426,-0.007455,0.00426,99530.65,25.66,-0.525121
1735.810426,0.011692,-0.098154,0.02394,-10.351656,-10.352149,0.001065,-0.005325,0,99530.65,25.66,-0.522882
1735.820521,0.010095,-0.04788,-0.002394,-10.308564,-10.308675,0.00213,-0.003195,0.00426,99530.65,25.66,-0.479408
1735.830637,0.010116,-0.05985,-0.021546,-10.361232,-10.361427,0.001065,-0.00639,0.003195,99530.65,25.66,-0.53216
1735.840715,0.010078,-0.08379,0.019152,-10.30617,-10.306528,0,-0.00639,0,99530.54,25.66,-0.477261
1735.850797,0.010082,-0.086184,-0.019152,-10.315746,-10.316124,0.00213,-0.00426,0.003195,99530.54,25.66,-0.486857
1735.860897,0.010101,-0.050274,0.002394,-10.349262,-10.349384,-0.001065,-0.00426,0.001065,99530.54,25.66,-0.520117
1735.870969,0.010071,-0.10773,0.02394,-10.315746,-10.316336,0,-0.00426,0.001065,99530.54,25.66,-0.487069
1735.881071,0.010102,-0.081396,-0.021546,-10.31814,-10.318484,0.001065,-0.003195,0.003195,99530.54,25.66,-0.489217
1735.891148,0.010077,-0.081396,0.014364,-10.320534,-10.320865,0.001065,-0.005325,0.00213,99530.54,25.66,-0.491598
1735.901259,0.010111,-0.112518,0.009576,-10.308564,-10.309182,0.00213,-0.00426,-0.00213,99530.35,25.66,-0.479915
1735.911626,0.010367,-0.040698,-0.014364,-10.356444,-10.356534,0.00426,-0.003195,0.00213,99530.35,25.66,-0.527267
1735.922116,0.01049,-0.102942,0.028728,-10.315746,-10.3163,0,-0.007455,0,99530.35,25.66,-0.487033
1735.932724,0.010608,-0.100548,0.002394,-10.289412,-10.289904,0.001065,-0.005325,0.003195,99530.35,25.66,-0.460637
1735.944005,0.011281,-0.064638,-0.021546,-10.310958,-10.311183,0.001065,-0.007455,0.001065,99530.35,25.66,-0.481916
1735.955201,0.011196,-0.141246,0.040698,-10.272654,-10.273706,0.001065,-0.007455,0.00213,99530.35,25.66,-0.444439
1735.966325,0.011125,-0.086184,-0.033516,-10.334898,-10.335312,0.003195,-0.00426,0.00213,99530.05,25.66,-0.506045
1735.977471,0.011146,-0.1197,0.02394,-10.303776,-10.304499,0,-0.007455,0.003195,99530.05,25.66,-0.475232
1735.989232,0.011761,-0.076608,0.014364,-10.301382,-10.301677,0,-0.005325,0.001065,99530.05,25.66,-0.47241
1735.999846,0.010614,-0.055062,-0.01197,-10.289412,-10.289566,0.003195,-0.00852,0.00213,99530.05,25.66,-0.460299
1736.011012,0.011166,-0.117306,0,-10.33011,-10.330776,0.003195,-0.005325,0.001065,99530.05,25.66,-0.501509
1736.022287,0.011274,-0.081396,-0.004788,-10.313352,-10.313674,0.00213,-0.00852,0.003195,99530.05,25.66,-0.484407
1736.034059,0.011773,-0.076608,0.014364,-10.325322,-10.325616,0.00213,-0.00639,0.00213,99529.74,25.66,-0.496349
1736.044546,0.010487,-0.086184,-0.03591,-10.346868,-10.347289,0.00213,-0.00426,0.001065,99529.74,25.66,-0.518022
1736.056197,0.011651,-0.07182,0.038304,-10.361232,-10.361552,0,-0.00639,0.003195,99529.74,25.66,-0.532285
1736.066955,0.010758,-0.10773,-0.009576,-10.303776,-10.304344,0.001065,-0.007455,0.003195,99529.74,25.66,-0.475077
1736.078193,0.011238,-0.057456,-0.02394,-10.361232,-10.361419,-0.001065,-0.005325,0.00213,99529.74,25.66,-0.532152
1736.089355,0.011162,-0.122094,0.02394,-10.327716,-10.328465,0.00213,-0.007455,0.003195,99529.74,25.66,-0.499198
1736.100659,0.011304,-0.057456,-0.019152,-10.35405,-10.354227,0.003195,-0.00213,0.003195,99529.74,25.66,-0.52496
1736.111703,0.011044,-0.090972,0.007182,-10.334898,-10.335301,0.001065,-0.00426,0.003195,99529.74,25.66,-0.506034
1736.122899,0.011196,-0.090972,-0.004788,-10.346868,-10.347269,0.00213,-0.00426,0.00213,99529.74,25.66,-0.518002
1736.134242,0.011343,-0.074214,0.021546,-10.339686,-10.339975,0.001065,-0.007455,0.00213,99529.74,25.66,-0.510708
1736.145379,0.011137,-0.074214,0.009576,-10.358838,-10.359108,0.00213,-0.003195,0.001065,99529.74,25.66,-0.529841
1736.156525,0.011146,-0.076608,0.026334,-10.322928,-10.323246,0.003195,-0.005325,0.001065,99529.35,25.66,-0.493979
1736.167683,0.011158,-0.081396,-0.002394,-10.30617,-10.306492,-0.001065,-0.009585,0.003195,99529.35,25.66,-0.477225
1736.179374,0.011691,-0.081396,0.028728,-10.332504,-10.332865,0.003195,-0.005325,0.00213,99529.35,25.66,-0.503598
1736.189958,0.010584,-0.079002,0.01197,-10.334898,-10.335207,0.001065,-0.00426,-0.001065,99529.35,25.66,-0.50594
1736.201159,0.011201,-0.088578,0.021546,-10.30617,-10.306573,0,-0.007455,0.003195,99529.35,25.66,-0.477306
1736.212372,0.011213,-0.050274,0.02394,-10.308564,-10.308714,0.00213,-0.003195,0.001065,99529.35,25.66,-0.479447
1736.223751,0.011379,-0.088578,0.050274,-10.332504,-10.333006,0.00213,-0.007455,0.001065,99528.84,25.66,-0.503739
1736.235003,0.011252,-0.055062,-0.004788,-10.30617,-10.306318,0.00213,-0.00426,0,99528.84,25.66,-0.477051
1736.245881,0.010878,-0.079002,0.028728,-10.2942,-10.294543,0.001065,-0.005325,0.00213,99528.84,25.66,-0.465276
1736.257072,0.011191,-0.124488,0.031122,-10.334898,-10.335695,0,-0.00426,0.003195,99528.84,25.66,-0.506428
1736.268296,0.011225,-0.04788,0.009576,-10.301382,-10.301498,0.001065,-0.00213,0.003195,99528.84,25.66,-0.472231
1736.279528,0.011231,-0.105336,0.01197,-10.325322,-10.325866,0.00213,-0.009585,0.00213,99528.84,25.66,-0.496599
1736.291,0.011473,-0.088578,0.026334,-10.33011,-10.330523,0.003195,-0.003195,0,99528.47,25.66,-0.501256
1736.301854,0.010853,-0.069426,0.007182,-10.298988,-10.299225,0.003195,-0.00426,0,99528.47,25.66,-0.469958
1736.313002,0.011148,-0.086184,0.014364,-10.31814,-10.31851,0.003195,-0.005325,0.00213,99528.47,25.66,-0.489243
1736.324245,0.011243,-0.052668,0.028728,-10.322928,-10.323102,0.001065,-0.00639,0.001065,99528.47,25.66,-0.493835
1736.335494,0.011249,-0.100548,0.004788,-10.308564,-10.309055,0.00213,-0.007455,0,99528.47,25.66,-0.479788
1736.346579,0.011084,-0.055062,0.03591,-10.358838,-10.359047,0.00213,-0.003195,0.001065,99528.04,25.66,-0.52978
1736.356712,0.010133,-0.105336,0.019152,-10.346868,-10.347422,0.001065,-0.005325,-0.001065,99528.04,25.66,-0.518155
1736.366796,0.010084,-0.122094,-0.002394,-10.368414,-10.369133,0,-0.00639,0.003195,99528.04,25.66,-0.539866
1736.376886,0.01009,-0.086184,0.03591,-10.34208,-10.342501,0.00213,-0.00426,0,99528.04,25.66,-0.513234
1736.386974,0.010088,-0.064638,-0.038304,-10.332504,-10.332777,0.001065,-0.00852,0.00213,99528.04,25.66,-0.50351
1736.397076,0.010102,-0.098154,0.002394,-10.392354,-10.392818,0.001065,-0.00639,-0.001065,99528.04,25.66,-0.563551
1736.407183,0.010106,-0.055062,-0.002394,-10.313352,-10.313499,0.00213,-0.007455,0.00426,99528.04,25.66,-0.484232
1736.417277,0.010095,-0.086184,0.004788,-10.337292,-10.337652,0,-0.00426,0.00213,99528.04,25.66,-0.508385
1736.42737,0.010093,-0.098154,0.01197,-10.325322,-10.325795,0.003195,-0.005325,0.001065,99528.04,25.66,-0.496528
1736.437484,0.010114,-0.093366,-0.009576,-10.313352,-10.313779,0.00213,-0.00426,0,99528.04,25.66,-0.484512
1736.447965,0.010481,-0.067032,-0.033516,-10.380384,-10.380655,0.00426,-0.005325,0.003195,99528.04,25.66,-0.551388
1736.458502,0.010536,-0.076608,0.007182,-10.334898,-10.335184,0.00213,-0.00426,0,99528.04,25.66,-0.505917
1736.469617,0.011115,-0.076608,0.002394,-10.337292,-10.337576,0.00213,-0.00426,0.00213,99528.04,25.66,-0.508309
1736.480801,0.011184,-0.057456,-0.01197,-10.334898,-10.335065,0.00213,-0.007455,0.003195,99527.46,25.66,-0.505798
1736.491981,0.01118,-0.076608,-0.009576,-10.30617,-10.306459,0.00213,-0.007455,-0.001065,99527.46,25.66,-0.477192
1736.503164,0.011183,-0.074214,0.028728,-10.351656,-10.351962,0.001065,-0.005325,0.003195,99527.46,25.66,-0.522695
1736.514418,0.011255,-0.08379,0.007182,-10.27026,-10.270604,0.00213,-0.003195,0.00213,99527.46,25.66,-0.441337
1736.525528,0.01111,-0.03591,0.004788,-10.310958,-10.311022,0.001065,-0.00639,0.003195,99527.46,25.66,-0.481755
1736.536784,0.011256,-0.069426,0.01197,-10.301382,-10.301623,0.001065,-0.005325,0.003195,99526.82,25.66,-0.472356
1736.54791,0.011126,-0.074214,0.038304,-10.315746,-10.316084,0.003195,-0.00639,0.003195,99526.82,25.66,-0.486817
1736.559221,0.011311,-0.090972,0.01197,-10.337292,-10.337699,0.00213,-0.005325,0.00426,99526.82,25.66,-0.508432
1736.570541,0.01132,-0.093366,0.014364,-10.344474,-10.344905,0.001065,-0.00639,0.003195,99526.82,25.66,-0.515638
1736.581463,0.010921,-0.067032,0.031122,-10.332504,-10.332768,0.001065,-0.005325,0.00426,99526.82,25.66,-0.503501
1736.592625,0.011162,-0.100548,0.076608,-10.322928,-10.323702,0.003195,-0.00426,0.001065,99526.82,25.66,-0.494435
1736.603853,0.011229,-0.062244,-0.014364,-10.334898,-10.335095,0.001065,-0.005325,0.00426,99526.17,25.66,-0.505828
1736.615159,0.011305,-0.105336,0.019152,-10.313352,-10.313908,0.00213,-0.005325,0.00213,99526.17,25.66,-0.484641
1736.62622,0.011061,-0.076608,0.007182,-10.339686,-10.339972,0.00213,-0.005325,0.00213,99526.17,25.66,-0.510705
1736.637385,0.011165,-0.08379,-0.01197,-10.310958,-10.311305,0.001065,-0.00639,0.001065,99526.17,25.66,-0.482038
1736.648539,0.011154,-0.1197,0.043092,-10.315746,-10.31653,0.00426,-0.005325,0.00213,99526.17,25.66,-0.487263
1736.659835,0.011296,-0.122094,0.02394,-10.373202,-10.373948,-0.001065,-0.00426,0,99526.17,25.66,-0.544681
1736.670969,0.011134,-0.074214,0.019152,-10.34208,-10.342364,0.003195,-0.00639,0.001065,99525.64,25.66,-0.513097
1736.682086,0.011118,-0.090972,0.007182,-10.36602,-10.366422,0.003195,-0.009585,0,99525.64,25.66,-0.537155
1736.693401,0.011314,-0.08379,-0.007182,-10.344474,-10.344816,0.00213,-0.00639,0.001065,99525.64,25.66,-0.515549
1736.704514,0.011114,-0.08379,0.016758,-10.346868,-10.347221,0.00213,-0.007455,0.00213,99525.64,25.66,-0.517954
1736.715789,0.011275,-0.112518,-0.019152,-10.33011,-10.330741,0.00213,-0.00426,0,99525.64,25.66,-0.501474
1736.726917,0.011128,-0.090972,0.002394,-10.30617,-10.306572,0.00213,-0.00426,-0.001065,99525.64,25.66,-0.477305
1736.738078,0.011161,-0.088578,-0.007182,-10.315746,-10.316129,0.00213,-0.00426,0.00213,99525.64,25.66,-0.486862
1736.749209,0.011131,-0.090972,0.021546,-10.320534,-10.320957,0,-0.00639,0,99525.64,25.66,-0.49169
1736.760395,0.011186,-0.052668,-0.007182,-10.334898,-10.335035,0.003195,-0.003195,0.00213,99525.64,25.66,-0.505768
1736.771612,0.011217,-0.110124,-0.021546,-10.296594,-10.297205,0.001065,-0.003195,0.001065,99525.64,25.66,-0.467938
1736.782833,0.011221,-0.079002,0.01197,-10.332504,-10.332813,0,-0.007455,0.00213,99525.64,25.66,-0.503546
1736.793969,0.011136,-0.069426,-0.002394,-10.346868,-10.347101,0.001065,-0.001065,0.00213,99525.09,25.66,-0.517834
1736.805168,0.011199,-0.110124,-0.031122,-10.334898,-10.335532,0.00213,-0.00639,-0.001065,99525.09,25.66,-0.506265
1736.816337,0.01117,-0.079002,-0.03591,-10.332504,-10.332868,0.00213,-0.00639,0.003195,99525.09,25.66,-0.503601
1736.827563,0.011226,-0.09576,0.002394,-10.332504,-10.332948,0.001065,-0.007455,0.00426,99525.09,25.66,-0.503681
1736.838753,0.01119,-0.07182,0.026334,-10.351656,-10.351939,0.003195,-0.00639,0.00426,99525.09,25.66,-0.522672
1736.849959,0.011206,-0.079002,0.02394,-10.325322,-10.325652,0,-0.00639,0.001065,99525.09,25.66,-0.496385
1736.861096,0.011137,-0.067032,-0.019152,-10.382778,-10.383012,0.001065,-0.00213,0.003195,99524.54,25.66,-0.553745
1736.872248,0.011152,-0.021546,-0.028728,-10.344474,-10.344536,0.00213,-0.00426,0.003195,99524.54,25.66,-0.515269
1736.883486,0.011238,-0.098154,0.03591,-10.332504,-10.333033,0.001065,-0.007455,0.003195,99524.54,25.66,-0.503766
1736.89473,0.011244,-0.04788,0.019152,-10.356444,-10.356572,0.00213,-0.005325,0.003195,99524.54,25.66,-0.527305
1736.905897,0.011167,-0.069426,0.038304,-10.308564,-10.308869,0.00213,-0.00426,0,99524.54,25.66,-0.479602
1736.917051,0.011154,-0.081396,0.105336,-10.31814,-10.318999,0.00213,-0.007455,0.003195,99523.89,25.66,-0.489732
1736.928249,0.011198,-0.043092,0.019152,-10.31814,-10.318248,0.001065,-0.003195,0.003195,99523.89,25.66,-0.488981
1736.939513,0.011265,-0.040698,0.03591,-10.368414,-10.368556,0.00213,-0.00852,0,99523.89,25.66,-0.539289
1736.950519,0.011005,-0.069426,0.031122,-10.344474,-10.344754,0.003195,-0.005325,0.003195,99523.89,25.66,-0.515487
1736.961723,0.011204,-0.057456,0.050274,-10.361232,-10.361513,0.001065,-0.00852,0.00213,99523.89,25.66,-0.532246
1736.971816,0.010093,-0.110124,0.045486,-10.337292,-10.337979,0.00213,-0.00426,0.00213,99523.89,25.66,-0.508712
1736.981938,0.010122,-0.114912,0.03591,-10.308564,-10.309267,0.00213,-0.00639,0.00426,99523.24,25.66,-0.48
1736.992029,0.010092,-0.088578,0.014364,-10.34208,-10.342469,0.00213,-0.005325,-0.001065,99523.24,25.66,-0.513202
1737.002262,0.010233,-0.100548,0.031122,-10.33011,-10.330646,0,-0.00426,0.001065,99523.24,25.66,-0.501379
1737.012403,0.01014,-0.093366,0.03591,-10.356444,-10.356927,0.003195,-0.005325,0.001065,99523.24,25.66,-0.52766
1737.022487,0.010084,-0.098154,-0.019152,-10.363626,-10.364108,0.00213,-0.00639,-0.00213,99523.24,25.66,-0.534841
1737.032599,0.010112,-0.110124,0.040698,-10.337292,-10.337959,0,-0.005325,-0.00213,99523.24,25.66,-0.508692
1737.042709,0.01011,-0.088578,-0.045486,-10.358838,-10.359317,0.00213,-0.00639,0,99523.24,25.66,-0.53005
1737.052806,0.010097,-0.10773,0.03591,-10.332504,-10.333128,-0.001065,-0.00639,0,99523.24,25.66,-0.503861
1737.0631,0.010294,-0.122094,-0.009576,-10.325322,-10.326048,0.001065,-0.00639,0.00213,99523.24,25.66,-0.496781
1737.073195,0.010095,-0.076608,0.004788,-10.334898,-10.335183,0,-0.005325,-0.001065,99523.24,25.66,-0.505916
1737.0833,0.010105,-0.110124,-0.045486,-10.327716,-10.328403,0.001065,-0.00639,0.00639,99523.24,25.66,-0.499136
1737.093365,0.010064,-0.05985,-0.052668,-10.339686,-10.339993,0.00213,-0.00426,0,99523.24,25.66,-0.510726
1737.103465,0.010101,-0.081396,-0.031122,-10.36602,-10.366386,0.001065,-0.00639,0.00213,99523.24,25.66,-0.537119
1737.113591,0.010125,-0.076608,-0.031122,-10.351656,-10.351986,0.003195,-0.007455,0,99522.44,25.66,-0.522719
1737.123683,0.010092,-0.093366,-0.07182,-10.344474,-10.345145,0.00426,-0.005325,0.00213,99522.44,25.66,-0.515878
1737.133849,0.010166,-0.081396,-0.004788,-10.320534,-10.320856,0.00426,-0.00639,0.00426,99522.44,25.66,-0.491589
1737.143932,0.010083,-0.088578,-0.019152,-10.344474,-10.344871,0.001065,-0.005325,0.003195,99522.44,25.66,-0.515604
1737.154108,0.010175,-0.098154,-0.021546,-10.349262,-10.34975,0,-0.005325,0.00426,99522.44,25.66,-0.520483
1737.164287,0.010179,-0.105336,0.040698,-10.339686,-10.340303,0.003195,-0.00852,0.003195,99522.44,25.66,-0.511036
1737.174947,0.010659,-0.052668,-0.01197,-10.358838,-10.358979,0.005325,-0.005325,0.00426,99521.67,25.66,-0.529712
1737.185476,0.01053,-0.067032,-0.019152,-10.339686,-10.339921,0.00213,-0.005325,0,99521.67,25.66,-0.510654
1737.196588,0.011112,-0.079002,0.052668,-10.310958,-10.311395,0.00213,-0.005325,0.003195,99521.67,25.66,-0.482128
1737.207788,0.0112,-0.081396,0.057456,-10.31814,-10.318621,0.003195,-0.007455,0.005325,99521.67,25.66,-0.489354
1737.218969,0.01118,-0.102942,0.074214,-10.325322,-10.326102,0.00213,-0.00426,0.001065,99521.67,25.66,-0.496835
1737.230173,0.011204,-0.074214,0.069426,-10.320534,-10.321034,0.00213,-0.005325,0.003195,99521.67,25.66,-0.491767
1737.241379,0.011207,-0.086184,0.05985,-10.361232,-10.361763,0,-0.00639,0.001065,99520.89,25.66,-0.532496
1737.252516,0.011137,-0.124488,0.055062,-10.33011,-10.331007,0.001065,-0.00639,0.00213,99520.89,25.66,-0.50174
1737.263778,0.011262,-0.074214,0.033516,-10.337292,-10.337613,0.00213,-0.003195,0.003195,99520.89,25.66,-0.508346
1737.274994,0.011216,-0.100548,0.08379,-10.33011,-10.330939,0.001065,-0.00852,-0.001065,99520.89,25.66,-0.501672
1737.286233,0.011238,-0.122094,0.05985,-10.320534,-10.32143,0.00213,-0.00426,0.001065,99520.89,25.66,-0.492163
1737.297291,0.011058,-0.088578,0.028728,-10.313352,-10.313772,0.00426,-0.009585,0.00213,99520.89,25.66,-0.484505
1737.308427,0.011136,-0.136458,0.045486,-10.313352,-10.314355,0,-0.00852,-0.001065,99520.2,25.66,-0.485088
1737.319703,0.011276,-0.069426,0.02394,-10.361232,-10.361492,0.001065,-0.003195,0.00213,99520.2,25.66,-0.532225
1737.330884,0.011181,-0.112518,-0.009576,-10.370808,-10.371423,0.00213,-0.007455,0.00213,99520.2,25.66,-0.542156
1737.341998,0.011114,-0.08379,-0.009576,-10.332504,-10.332848,0.00213,-0.00426,0.001065,99520.2,25.66,-0.503581
1737.353172,0.011174,-0.102942,-0.050274,-10.339686,-10.340321,0.001065,-0.005325,0.001065,99520.2,25.66,-0.511054
1737.364578,0.011407,-0.136458,-0.033516,-10.303776,-10.304734,0,-0.00426,0.001065,99519.45,25.66,-0.475467
1737.375702,0.011123,-0.10773,-0.062244,-10.332504,-10.333253,0,-0.003195,0.00213,99519.45,25.66,-0.503986
1737.386766,0.011064,-0.08379,-0.102942,-10.322928,-10.323781,0.00213,-0.005325,0.003195,99519.45,25.66,-0.494514
1737.398,0.011234,-0.081396,-0.067032,-10.339686,-10.340224,0.001065,-0.003195,0.001065,99519.45,25.66,-0.510957
1737.409166,0.011166,-0.08379,-0.093366,-10.344474,-10.345235,0.00213,-0.00426,0.001065,99519.45,25.66,-0.515968
1737.420927,0.011761,-0.074214,-0.043092,-10.334898,-10.335254,0.00213,-0.005325,0.003195,99519.45,25.66,-0.505987
1737.431637,0.01071,-0.07182,-0.038304,-10.34208,-10.3424,0.003195,-0.00426,0.00426,99519.45,25.66,-0.513133
1737.442798,0.011161,-0.10773,-0.02394,-10.34208,-10.342669,0.001065,-0.00639,0.00639,99519.45,25.66,-0.513402
1737.453862,0.011064,-0.057456,0.026334,-10.325322,-10.325515,0.00213,-0.00213,0.001065,99519.45,25.66,-0.496248
1737.465,0.011138,-0.117306,0.038304,-10.320534,-10.321272,0.001065,-0.00639,0.003195,99519.45,25.66,-0.492005
1737.476361,0.01136,-0.07182,0.043092,-10.34208,-10.342419,0.003195,-0.00426,0.003195,99519.45,25.66,-0.513152
1737.487528,0.011167,-0.055062,0.088578,-10.30617,-10.306698,0.00213,-0.00426,0.00213,99519.45,25.66,-0.477431
1737.498607,0.011079,-0.069426,0.050274,-10.351656,-10.352011,0.00213,-0.007455,0.003195,99518.56,25.66,-0.522744
1737.509846,0.011239,-0.045486,0.117306,-10.310958,-10.311726,0.003195,-0.00639,0.001065,99518.56,25.66,-0.482459
1737.520965,0.011119,-0.098154,0.100548,-10.291806,-10.292765,0.00213,-0.00639,0.00213,99518.56,25.66,-0.463498
1737.532148,0.011183,-0.064638,0.134064,-10.337292,-10.338363,0,-0.00639,0.00213,99518.56,25.66,-0.509096
1737.543418,0.01127,-0.05985,0.126882,-10.267866,-10.268824,0.001065,-0.003195,0,99518.56,25.66,-0.439557
1737.555706,0.012288,-0.086184,0.067032,-10.313352,-10.31393,0.001065,-0.003195,-0.001065,99517.67,25.66,-0.484663
1737.566255,0.010549,-0.088578,0.064638,-10.346868,-10.347449,0.00213,-0.007455,-0.00213,99517.67,25.66,-0.518182
1737.576902,0.010647,-0.050274,-0.002394,-10.361232,-10.361354,0.00213,-0.003195,-0.001065,99517.67,25.66,-0.532087
1737.588096,0.011195,-0.04788,-0.021546,-10.351656,-10.351789,0.00213,-0.005325,0,99517.67,25.66,-0.522522
1737.599265,0.011168,-0.052668,-0.07182,-10.313352,-10.313737,0.00213,-0.00426,-0.001065,99517.67,25.66,-0.48447
1737.610605,0.01134,-0.067032,-0.057456,-10.344474,-10.344851,0.001065,-0.00639,0.00213,99517.67,25.66,-0.515584
1737.621651,0.011047,-0.086184,-0.114912,-10.361232,-10.362228,0.001065,-0.00426,0,99516.79,25.66,-0.532961
1737.632783,0.011131,-0.055062,-0.122094,-10.327716,-10.328584,0.001065,-0.003195,0.003195,99516.79,25.66,-0.499317
1737.644011,0.011229,-0.090972,-0.076608,-10.322928,-10.323613,-0.001065,-0.007455,0.00213,99516.79,25.66,-0.494346
1737.655275,0.011264,-0.074214,-0.146034,-10.34208,-10.343377,0.00426,-0.00426,0.003195,99516.79,25.66,-0.51411
1737.666445,0.01117,-0.069426,-0.088578,-10.325322,-10.325935,0.001065,-0.00639,0.005325,99516.79,25.66,-0.496668
1737.67757,0.011125,-0.050274,-0.114912,-10.358838,-10.359597,0.001065,-0.001065,0.00426,99516.79,25.66,-0.53033
1737.68942,0.01185,-0.076608,-0.165186,-10.303776,-10.305385,0.00213,-0.00639,0.005325,99515.82,25.66,-0.476118
1737.69994,0.010519,-0.09576,-0.033516,-10.287018,-10.287518,0.003195,-0.005325,0.007455,99515.82,25.66,-0.458251
1737.711179,0.011239,-0.033516,0,-10.310958,-10.311012,0.003195,-0.003195,0.005325,99515.82,25.66,-0.481745
1737.72228,0.011101,-0.177156,0.08379,-10.287018,-10.288885,0.003195,-0.011715,0.00426,99515.82,25.66,-0.459618
1737.733434,0.011154,-0.03591,0.079002,-10.42587,-10.426231,0.00213,-0.00639,0.005325,99515.82,25.66,-0.596964
1737.744713,0.011279,-0.129276,0.172368,-10.349262,-10.351505,0.001065,-0.01065,0.003195,99515.82,25.66,-0.522238
1737.756061,0.011347,-0.05985,0.102942,-10.31814,-10.318827,0.001065,-0.003195,0.00213,99515.82,25.66,-0.48956
1737.767033,0.010972,-0.098154,0.21546,-10.344474,-10.347183,0.001065,-0.005325,0.00213,99515.82,25.66,-0.517916
1737.778189,0.011156,-0.14364,0.165186,-10.308564,-10.310888,0.00213,-0.003195,-0.001065,99515.82,25.66,-0.481621
1737.789375,0.011186,-0.05985,0.114912,-10.334898,-10.33571,-0.001065,-0.003195,0.001065,99515.82,25.66,-0.506443
1737.8006,0.011225,-0.090972,0.15561,-10.332504,-10.334076,-0.00213,-0.00639,-0.00213,99515.82,25.66,-0.504809
1737.812046,0.011446,-0.050274,0.086184,-10.375596,-10.376076,0.00426,-0.005325,-0.001065,99514.94,25.66,-0.546809
1737.822978,0.010933,-0.076608,0.03591,-10.291806,-10.292154,0.001065,-0.009585,0.001065,99514.94,25.66,-0.462887
1737.834249,0.011271,-0.069426,0.028728,-10.315746,-10.31602,0.001065,-0.00639,-0.00213,99514.94,25.66,-0.486753
1737.845299,0.01105,-0.081396,-0.102942,-10.284624,-10.285461,0.00213,-0.00426,-0.003195,99514.94,25.66,-0.456194
1737.856506,0.011207,-0.112518,-0.021546,-10.325322,-10.325958,0.001065,-0.00639,-0.001065,99514.94,25.66,-0.496691
1737.867724,0.011218,-0.052668,-0.148428,-10.265472,-10.26668,0,-0.001065,-0.001065,99514.94,25.66,-0.437413
1737.878951,0.011227,-0.069426,-0.1197,-10.277442,-10.278374,0.003195,-0.00852,0.00213,99514.05,25.66,-0.449107
1737.890077,0.011126,-0.052668,-0.09576,-10.337292,-10.33787,0.001065,-0.007455,0.00213,99514.05,25.66,-0.508603
1737.901213,0.011136,-0.004788,-0.193914,-10.267866,-10.269698,0.00213,-0.00426,0.00213,99514.05,25.66,-0.440431
1737.912415,0.011203,-0.086184,-0.079002,-10.22238,-10.223049,0,-0.009585,0.00426,99514.05,25.66,-0.393782
1737.923609,0.011194,-0.038304,-0.09576,-10.248714,-10.249233,0.003195,-0.003195,0.00426,99514.05,25.66,-0.419966
1737.934926,0.011317,-0.148428,-0.040698,-10.219986,-10.221145,0.00213,-0.009585,0.005325,99514.05,25.66,-0.391878
1737.945992,0.011066,-0.062244,-0.014364,-10.248714,-10.248913,0.003195,-0.00213,0.00426,99513.07,25.66,-0.419646
1737.957202,0.01121,-0.069426,0.03591,-10.1745,-10.1748,0.00213,-0.005325,0.007455,99513.07,25.66,-0.345533
1737.968333,0.011131,-0.141246,0.05985,-10.140984,-10.142144,0.001065,-0.00426,0.007455,99513.07,25.66,-0.312877
1737.979559,0.011226,-0.052668,0.138852,-10.212804,-10.213884,0.003195,-0.00426,0.00426,99513.07,25.66,-0.384617
1737.990715,0.011156,-0.13167,0.158004,-10.179288,-10.181366,0.00213,-0.009585,0.003195,99513.07,25.66,-0.352099
1738.001938,0.011222,-0.126882,0.177156,-10.1745,-10.176833,0.00426,-0.00426,0.003195,99512,25.66,-0.347566
1738.013079,0.011141,-0.110124,0.141246,-10.133802,-10.135385,0.00213,-0.007455,0.00213,99512,25.66,-0.306118
1738.024362,0.011283,-0.136458,0.138852,-10.16253,-10.164395,-0.001065,-0.003195,0,99512,25.66,-0.335128
1738.035628,0.011266,-0.057456,0.102942,-10.181682,-10.182364,0.00213,-0.00426,0.00213,99512,25.66,-0.353097
1738.046644,0.011016,-0.110124,0.05985,-10.184076,-10.184847,0.001065,-0.009585,-0.001065,99512,25.66,-0.35558
1738.057874,0.011231,-0.08379,0,-10.148166,-10.148512,0.003195,-0.00213,0.001065,99512,25.66,-0.319245
1738.069021,0.011147,-0.064638,0.031122,-10.155348,-10.155601,0.00213,-0.007455,-0.001065,99512,25.66,-0.326334
1738.080238,0.011217,-0.08379,-0.031122,-10.145772,-10.146166,0.003195,-0.005325,0,99512,25.66,-0.316899
1738.091443,0.011205,-0.055062,-0.090972,-10.13859,-10.139148,0.001065,-0.005325,0,99512,25.66,-0.309881
1738.102723,0.011279,-0.03591,0.007182,-10.160136,-10.160202,0,-0.007455,-0.00213,99512,25.66,-0.330935
1738.113767,0.011044,-0.014364,-0.160398,-10.169712,-10.170987,0.00213,-0.001065,0.00213,99512,25.66,-0.34172
1738.124906,0.01114,-0.064638,-0.076608,-10.131408,-10.131904,-0.001065,-0.00852,0,99512,25.66,-0.302637
1738.136336,0.01143,-0.016758,-0.165186,-10.109862,-10.111225,0.003195,-0.00426,0.003195,99510.85,25.66,-0.281958
1738.14734,0.011004,-0.086184,-0.064638,-10.081134,-10.08171,-0.001065,-0.00639,0.00426,99510.85,25.66,-0.252443
1738.158545,0.011205,-0.02394,-0.04788,-10.119438,-10.11958,0.003195,-0.00213,0.005325,99510.85,25.66,-0.290313
1738.16973,0.011185,-0.026334,-0.01197,-10.093104,-10.093145,0.00213,-0.00852,0.00639,99510.85,25.66,-0.263878
1738.180851,0.011121,-0.05985,0.03591,-10.095498,-10.095739,0.00213,-0.00852,0.007455,99510.85,25.66,-0.266472
1738.192981,0.01213,-0.05985,0.09576,-10.076346,-10.076979,0.00213,0,0.005325,99509.72,25.66,-0.247712
1738.203294,0.010313,-0.07182,0.07182,-10.112256,-10.112766,0.003195,-0.00852,0.00639,99509.72,25.66,-0.283499
1738.21452,0.011226,-0.074214,0.136458,-10.081134,-10.082331,0.005325,-0.00426,0.005325,99509.72,25.66,-0.253064
1738.225609,0.01109,-0.086184,0.069426,-10.06677,-10.067378,0.00213,-0.00426,0.005325,99509.72,25.66,-0.238111
1738.236786,0.011177,-0.129276,0.088578,-10.057194,-10.058415,0.001065,-0.00639,0.00213,99509.72,25.66,-0.229148
1738.248306,0.01152,-0.07182,0.08379,-10.088316,-10.08892,0.003195,-0.003195,0.00213,99509.72,25.66,-0.259653
1738.259386,0.01108,-0.100548,0.009576,-10.021284,-10.021793,0.00213,-0.00639,0,99508.46,25.66,-0.192526
1738.270365,0.010979,-0.100548,0.057456,-10.047618,-10.048285,0.005325,-0.00426,-0.001065,99508.46,25.66,-0.219018
1738.281531,0.011166,-0.079002,0.021546,-10.057194,-10.057527,0,-0.00426,-0.001065,99508.46,25.66,-0.22826
1738.292733,0.011202,-0.138852,-0.021546,-10.047618,-10.0486,0.001065,-0.003195,-0.001065,99508.46,25.66,-0.219333
1738.303938,0.011205,-0.05985,0.01197,-10.040436,-10.040622,0.00213,-0.00639,-0.001065,99508.46,25.66,-0.211355
1738.315156,0.011217,-0.08379,-0.067032,-10.028466,-10.02904,0.00213,-0.00639,0,99508.46,25.66,-0.199773
1738.326411,0.011255,-0.079002,-0.040698,-10.026072,-10.026466,0.001065,-0.00639,-0.001065,99507.23,25.66,-0.197199
1738.337464,0.011054,-0.088578,-0.031122,-10.033254,-10.033693,0.00213,-0.00852,0.00213,99507.23,25.66,-0.204426
1738.34863,0.011166,-0.07182,-0.028728,-10.021284,-10.021583,0,-0.003195,0,99507.23,25.66,-0.192316
1738.35996,0.01133,-0.031122,-0.052668,-9.997344,-9.997531,0.001065,-0.00426,0.001065,99507.23,25.66,-0.168264
1738.371049,0.011089,-0.081396,-0.052668,-10.023678,-10.024147,0.003195,-0.00639,0.001065,99507.23,25.66,-0.19488
1738.382168,0.011118,-0.086184,-0.019152,-9.980586,-9.980976,0.003195,-0.007455,0.003195,99507.23,25.66,-0.151709
1738.393876,0.011708,-0.028728,-0.050274,-9.98298,-9.983148,0.001065,-0.003195,0.001065,99507.23,25.66,-0.153881
1738.404566,0.01069,-0.088578,0.040698,-9.985374,-9.98585,0.00213,-0.00639,0.00213,99507.23,25.66,-0.156583
1738.416249,0.011683,-0.088578,0.007182,-9.973404,-9.9738,0.005325,-0.00213,0.003195,99507.23,25.66,-0.144533
1738.426916,0.010668,-0.062244,0.03591,-9.944676,-9.944936,0.00213,-0.00852,0.00213,99507.23,25.66,-0.115669
1738.4381,0.011183,-0.074214,0.117306,-9.975798,-9.976764,0.001065,-0.00426,0.00213,99507.23,25.66,-0.147497
1738.449292,0.011192,-0.064638,0.014364,-9.99495,-9.995169,0.001065,-0.005325,0.003195,99505.81,25.66,-0.165902
1738.460537,0.011245,-0.07182,0.086184,-9.939888,-9.940521,0,-0.00639,0.00213,99505.81,25.66,-0.111254
1738.471673,0.011136,-0.114912,0.050274,-9.966222,-9.967011,0.001065,-0.00426,0.001065,99505.81,25.66,-0.137744
1738.482863,0.01119,-0.057456,-0.009576,-9.968616,-9.968786,0.00213,-0.003195,0.00213,99505.81,25.66,-0.139519
1738.494096,0.011232,-0.1197,0.055062,-9.949464,-9.950336,0,-0.007455,0.00213,99505.81,25.66,-0.121069
1738.505183,0.011087,-0.117306,0.004788,-9.978192,-9.978883,0.003195,-0.005325,-0.001065,99505.81,25.66,-0.149616
1738.516453,0.01127,-0.076608,0.031122,-9.937494,-9.937838,0.001065,-0.007455,0.001065,99504.38,25.66,-0.108571
1738.527558,0.011104,-0.062244,0.021546,-9.968616,-9.968834,0,-0.003195,0.00213,99504.38,25.66,-0.139567
1738.538826,0.011269,-0.069426,0.009576,-9.927918,-9.928165,0.00213,-0.00639,0.00213,99504.38,25.66,-0.098898
1738.549988,0.011162,-0.062244,-0.009576,-9.94707,-9.947269,0.00213,-0.00426,0.00213,99504.38,25.66,-0.118002
1738.561098,0.01111,-0.110124,-0.057456,-9.889614,-9.890394,0.00426,-0.00639,0.00213,99504.38,25.66,-0.061127
1738.572306,0.011208,-0.086184,0.07182,-9.956646,-9.957278,0.001065,-0.00639,0.005325,99504.38,25.66,-0.128011
1738.583728,0.011421,-0.110124,-0.031122,-9.894402,-9.895064,0,-0.00639,0.00213,99502.97,25.66,-0.065797
1738.594861,0.011134,-0.086184,0.002394,-9.903978,-9.904353,0.00213,-0.009585,0.003195,99502.97,25.66,-0.075086
1738.605892,0.011031,-0.067032,0.03591,-9.877644,-9.877937,0.00213,-0.001065,0.00213,99502.97,25.66,-0.04867
1738.617048,0.011155,-0.098154,-0.057456,-9.918342,-9.918994,-0.001065,-0.00639,0,99502.97,25.66,-0.089727
1738.628255,0.011207,-0.04788,0.062244,-9.880038,-9.88035,0.00426,-0.005325,0.00426,99502.97,25.66,-0.051083
1738.639622,0.011368,-0.052668,-0.021546,-9.903978,-9.904141,0.001065,-0.00852,0.00213,99501.54,25.66,-0.074874
1738.650599,0.010976,-0.043092,-0.031122,-9.836946,-9.83709,0.00213,-0.00426,-0.001065,99501.54,25.66,-0.007823
1738.661788,0.01119,-0.081396,-0.02394,-9.856098,-9.856463,0.001065,-0.00852,0.001065,99501.54,25.66,-0.027196
1738.673082,0.011293,-0.064638,-0.062244,-9.88722,-9.887627,0.00213,-0.00639,0.003195,99501.54,25.66,-0.05836
1738.684392,0.01131,-0.067032,-0.026334,-9.8154,-9.815664,0.00213,-0.00639,0.00213,99501.54,25.66,0.013603
1738.696402,0.01201,-0.064638,-0.079002,-9.884826,-9.885353,0,-0.00639,0.00426,99501.54,25.66,-0.056086
1738.706869,0.010467,-0.05985,-0.045486,-9.808218,-9.808506,0.00213,-0.003195,0.003195,99501.54,25.66,0.020761
1738.717749,0.010881,-0.050274,-0.014364,-9.846522,-9.846661,0.00213,-0.009585,0.003195,99501.54,25.66,-0.017394
1738.728972,0.011223,-0.055062,-0.064638,-9.813006,-9.813373,0.00213,-0.00426,0.005325,99501.54,25.66,0.015894
1738.740209,0.011237,-0.064638,0.002394,-9.832158,-9.832371,0.001065,-0.01065,0.00426,99501.54,25.66,-0.003104
1738.751363,0.011154,-0.069426,0.031122,-9.848916,-9.84921,0.00213,-0.00426,0.003195,99501.54,25.66,-0.019943
1738.762469,0.011106,-0.098154,0.064638,-9.83934,-9.840042,0.00213,-0.00639,0.00213,99501.54,25.66,-0.010775
1738.773695,0.011226,-0.086184,0.055062,-9.781884,-9.782419,0.00213,-0.007455,0.00213,99500.12,25.66,0.046848
1738.784909,0.011214,-0.088578,0.04788,-9.765126,-9.765645,0.00213,-0.003195,0.003195,99500.12,25.66,0.063622
1738.796102,0.011193,-0.090972,0.1197,-9.808218,-9.80937,-0.001065,-0.00426,0,99500.12,25.66,0.019897
1738.807222,0.011119,-0.069426,0.050274,-9.762732,-9.763108,0.003195,-0.003195,0,99500.12,25.66,0.066159
1738.818379,0.011157,-0.064638,0.040698,-9.789066,-9.789364,0.001065,-0.005325,0,99500.12,25.66,0.039903
1738.829566,0.011186,-0.055062,0.055062,-9.784278,-9.784588,-0.001065,-0.005325,0,99500.12,25.66,0.044679
1738.840739,0.011174,-0.069426,-0.021546,-9.762732,-9.763003,0.00213,-0.003195,0.003195,99498.6,25.66,0.066264
1738.85195,0.01121,-0.076608,0.076608,-9.77949,-9.78009,0.001065,-0.00852,0.001065,99498.6,25.66,0.049177
1738.863216,0.011266,-0.062244,-0.067032,-9.74358,-9.744009,0.003195,-0.001065,0.00213,99498.6,25.66,0.085258
1738.874442,0.011226,-0.069426,-0.016758,-9.745974,-9.746236,0.001065,-0.007455,0.003195,99498.6,25.66,0.083031
1738.88545,0.011008,-0.033516,-0.03591,-9.765126,-9.76525,0.003195,-0.001065,0.003195,99498.6,25.66,0.064017
1738.896783,0.011332,-0.090972,-0.088578,-9.722034,-9.722863,0.001065,-0.00639,0.003195,99498.6,25.66,0.106404
1738.908171,0.011389,-0.102942,-0.014364,-9.79146,-9.792012,0.001065,-0.00852,0.00426,99497.2,25.66,0.037255
1738.919289,0.011117,-0.057456,-0.110124,-9.784278,-9.785066,0.00213,-0.00213,0.00213,99497.2,25.66,0.044201
1738.930211,0.010922,-0.088578,-0.014364,-9.745974,-9.746387,0.00213,-0.009585,0.003195,99497.2,25.66,0.08288
1738.941392,0.011182,-0.122094,0.004788,-9.729216,-9.729983,0.00213,-0.00639,0.00639,99497.2,25.66,0.099284
1738.952569,0.011176,-0.105336,0.033516,-9.710064,-9.710693,0.00213,-0.00852,0.003195,99497.2,25.66,0.118574
1738.964158,0.011589,-0.15561,0.062244,-9.686124,-9.687574,0.001065,-0.007455,0.00213,99495.74,25.66,0.141693
1738.975126,0.010968,-0.093366,-0.014364,-9.688518,-9.688979,0.00213,-0.00639,0.00213,99495.74,25.66,0.140288
1738.986191,0.011065,-0.14364,0.076608,-9.674154,-9.675524,0.001065,-0.00639,0.003195,99495.74,25.66,0.153743
1738.997321,0.01113,-0.124488,0.040698,-9.738792,-9.739673,0.00213,-0.00213,0.001065,99495.74,25.66,0.089594
1739.00856,0.01124,-0.076608,0.07182,-9.705276,-9.705844,-0.001065,-0.00852,0,99495.74,25.66,0.123423
1739.019789,0.011229,-0.07182,0.086184,-9.666972,-9.667623,0.003195,-0.003195,-0.001065,99495.74,25.66,0.161644
1739.031118,0.011329,-0.08379,-0.028728,-9.662184,-9.66259,0.003195,-0.00639,0.001065,99494.26,25.66,0.166677
1739.04207,0.010952,-0.05985,0.088578,-9.655002,-9.655594,0,-0.007455,0,99494.26,25.66,0.173673
1739.053414,0.011344,-0.062244,-0.016758,-9.698094,-9.698308,0.00213,-0.003195,0.00213,99494.26,25.66,0.130959
1739.064441,0.011027,-0.057456,-0.079002,-9.645426,-9.645921,-0.001065,-0.005325,0,99494.26,25.66,0.183346
1739.075725,0.011284,-0.069426,0.062244,-9.638244,-9.638695,0.001065,-0.005325,0.001065,99494.26,25.66,0.190572
1739.086831,0.011106,-0.009576,-0.086184,-9.666972,-9.667361,0.00213,-0.00426,0.00213,99494.26,25.66,0.161906
1739.098013,0.011182,-0.04788,0.01197,-9.638244,-9.63837,0.001065,-0.007455,0.003195,99494.26,25.66,0.190897
1739.109251,0.011238,-0.014364,-0.064638,-9.688518,-9.688744,0.001065,-0.005325,0.00213,99494.26,25.66,0.140523
1739.120331,0.01108,-0.021546,-0.08379,-9.628668,-9.629057,0,-0.007455,0.00426,99494.26,25.66,0.20021
1739.131591,0.01126,-0.04788,0.038304,-9.631062,-9.631257,0.003195,-0.00426,0.001065,99494.26,25.66,0.19801
1739.142796,0.011205,-0.028728,-0.026334,-9.621486,-9.621565,0.001065,-0.007455,0.003195,99494.26,25.66,0.207702
1739.154017,0.011221,-0.057456,0.062244,-9.616698,-9.617071,0.001065,-0.00639,0.003195,99492.83,25.66,0.212196
1739.165107,0.011089,-0.093366,0.05985,-9.63585,-9.636488,0.00426,-0.003195,0.003195,99492.83,25.66,0.192779
1739.176383,0.011276,-0.045486,0.057456,-9.650214,-9.650492,0.001065,-0.003195,0.00426,99492.83,25.66,0.178775
1739.187476,0.011093,-0.08379,0.098154,-9.609516,-9.610383,0.001065,-0.005325,0.00213,99492.83,25.66,0.218884
1739.198701,0.011225,-0.081396,0.043092,-9.640638,-9.641078,0.00213,-0.007455,0.003195,99492.83,25.66,0.188189
1739.209973,0.011272,-0.055062,0.093366,-9.616698,-9.617309,0.001065,-0.00639,0.001065,99492.83,25.66,0.211958
1739.220986,0.011013,-0.129276,0.052668,-9.631062,-9.632074,0.00213,-0.007455,0,99491.29,25.66,0.197193
1739.232191,0.011205,-0.055062,-0.014364,-9.607122,-9.607291,0.00213,-0.007455,0.001065,99491.29,25.66,0.221976
1739.243556,0.011366,-0.098154,0.090972,-9.585576,-9.58651,0.00213,-0.003195,0.00213,99491.29,25.66,0.242757
1739.254684,0.011127,-0.069426,-0.088578,-9.580788,-9.581449,0.003195,-0.005325,0.001065,99491.29,25.66,0.247818
1739.26578,0.011096,-0.093366,0.062244,-9.535302,-9.535962,0,-0.007455,0.003195,99491.29,25.66,0.293305
1739.276963,0.011184,-0.074214,-0.040698,-9.573606,-9.57398,0.00213,-0.00213,0.00213,99491.29,25.66,0.255287
1739.288394,0.01143,-0.040698,-0.081396,-9.535302,-9.535736,0.00213,-0.003195,0.00213,99489.59,25.66,0.293531
1739.299303,0.010909,-0.105336,0.014364,-9.556848,-9.557439,0.001065,-0.005325,0.003195,99489.59,25.66,0.271828
1739.310541,0.011239,-0.009576,-0.13167,-9.55206,-9.552972,0.00426,-0.005325,0.001065,99489.59,25.66,0.276295
1739.321693,0.011152,-0.088578,-0.05985,-9.54009,-9.540689,0.001065,-0.00639,0.003195,99489.59,25.66,0.288578
1739.332866,0.011173,-0.064638,0,-9.530514,-9.530733,0.00213,-0.005325,0.003195,99489.59,25.66,0.298534
1739.344482,0.011616,-0.045486,-0.055062,-9.513756,-9.514024,0,-0.007455,0.00426,99489.59,25.66,0.315243
1739.355569,0.011087,-0.098154,0.033516,-9.523332,-9.523897,0.00213,-0.005325,0.001065,99488.07,25.66,0.30537
1739.366439,0.01087,-0.050274,-0.03591,-9.52812,-9.52832,0.00426,-0.005325,0.00213,99488.07,25.66,0.300947
1739.377657,0.011218,-0.090972,0.038304,-9.511362,-9.511874,0.00213,-0.00852,0.00213,99488.07,25.66,0.317393
1739.388784,0.011127,-0.043092,0.028728,-9.532908,-9.533049,0.00213,-0.00213,0.003195,99488.07,25.66,0.296218
1739.400063,0.011279,-0.064638,0.007182,-9.52812,-9.528342,0.00213,-0.00426,0.001065,99488.07,25.66,0.300925
1739.411219,0.011157,-0.110124,0.110124,-9.458694,-9.459976,0.001065,-0.00426,0,99488.07,25.66,0.369291
1739.422331,0.011111,-0.026334,0.033516,-9.499392,-9.499488,0.003195,-0.00639,0,99488.07,25.66,0.329779
1739.433519,0.011188,-0.093366,0.064638,-9.43236,-9.433044,0.001065,-0.00852,0,99488.07,25.66,0.396223
1739.444687,0.011168,-0.064638,0.069426,-9.449118,-9.449594,0.00213,-0.003195,0.001065,99488.07,25.66,0.379673
1739.455995,0.011308,-0.079002,-0.009576,-9.475452,-9.475786,0,-0.00639,0.001065,99488.07,25.66,0.353481
1739.467167,0.011172,-0.074214,-0.016758,-9.48024,-9.480545,0.00213,-0.005325,0,99488.07,25.66,0.348722
1739.478442,0.011276,-0.05985,-0.026334,-9.465876,-9.466102,0.00213,-0.00426,0.00213,99486.6,25.66,0.363165
1739.48943,0.010987,-0.090972,-0.031122,-9.501786,-9.502272,-0.001065,-0.00639,0.001065,99486.6,25.66,0.326995
1739.500621,0.011191,-0.081396,0.014364,-9.446724,-9.447086,0.00213,-0.00639,-0.001065,99486.6,25.66,0.382181
1739.511838,0.011217,-0.031122,-0.04788,-9.463482,-9.463654,0.001065,-0.003195,0.001065,99486.6,25.66,0.365613
1739.523038,0.0112,-0.08379,-0.01197,-9.451512,-9.451891,-0.001065,-0.00639,0,99486.6,25.66,0.377376
1739.534346,0.011308,-0.057456,0.016758,-9.451512,-9.451701,0.001065,-0.00639,0,99486.6,25.66,0.377566
1739.54549,0.011144,-0.090972,-0.019152,-9.413208,-9.413667,0,-0.005325,0.005325,99485.18,25.66,0.4156
1739.557366,0.011876,-0.126882,0.031122,-9.398844,-9.399752,0.003195,-0.007455,0.001065,99485.18,25.66,0.429515
1739.568565,0.0112,-0.076608,0.009576,-9.403632,-9.403949,0.003195,-0.00852,0.00426,99485.18,25.66,0.425318
1739.579975,0.011409,-0.122094,0.050274,-9.425178,-9.426103,0.001065,-0.00426,0.003195,99485.18,25.66,0.403164
1739.590097,0.010122,-0.07182,0.028728,-9.343782,-9.344102,0.00213,-0.00426,0.00426,99485.18,25.66,0.485165
1739.602104,0.012008,-0.112518,0.045486,-9.429966,-9.430747,0,-0.005325,0.00213,99483.6,25.66,0.39852
1739.612199,0.010094,-0.126882,0.033516,-9.38448,-9.385398,0.001065,-0.005325,0.001065,99483.6,25.66,0.443869
1739.623816,0.011617,-0.079002,0.02394,-9.37251,-9.372874,0.001065,-0.00639,0.001065,99483.6,25.66,0.456393
1739.635166,0.011351,-0.098154,-0.02394,-9.374904,-9.375448,0,-0.00426,-0.001065,99483.6,25.66,0.453819
1739.64622,0.011054,-0.09576,-0.02394,-9.362934,-9.363454,0.003195,-0.005325,0.00213,99483.6,25.66,0.465813
1739.657487,0.011267,-0.076608,-0.016758,-9.367722,-9.36805,0.00213,-0.00639,0.00213,99483.6,25.66,0.461217
1739.668546,0.011058,-0.07182,-0.014364,-9.365328,-9.365614,0,-0.005325,0.00213,99482.01,25.66,0.463653
1739.679704,0.011158,-0.045486,-0.007182,-9.338994,-9.339108,0,-0.007455,0.001065,99482.01,25.66,0.490159
1739.69029,0.010586,-0.102942,-0.043092,-9.377298,-9.377962,0.001065,-0.005325,0.001065,99482.01,25.66,0.451305
1739.70038,0.01009,-0.057456,-0.02394,-9.31266,-9.312868,-0.001065,-0.005325,0.001065,99482.01,25.66,0.516399
1739.710499,0.010118,-0.021546,0,-9.358146,-9.358171,0,-0.00639,-0.001065,99482.01,25.66,0.471096
1739.720609,0.01011,-0.069426,-0.031122,-9.374904,-9.375213,0.001065,-0.007455,0.00213,99482.01,25.66,0.454054
1739.730696,0.010088,-0.04788,0.028728,-9.358146,-9.358313,0.00213,-0.007455,0.00213,99482.01,25.66,0.470954
1739.740789,0.010093,-0.026334,-0.019152,-9.350964,-9.351021,0.003195,-0.009585,0.003195,99482.01,25.66,0.478246
1739.751127,0.010338,-0.088578,-0.014364,-9.34857,-9.349001,0.00213,-0.00426,0.00213,99482.01,25.66,0.480266
1739.761215,0.010088,-0.067032,0.043092,-9.31266,-9.313001,0,-0.00639,0.001065,99482.01,25.66,0.516266
1739.771314,0.010099,-0.055062,0.02394,-9.338994,-9.339187,0.00213,-0.00426,0.00426,99482.01,25.66,0.49008
1739.781405,0.010092,-0.055062,0.021546,-9.28872,-9.288908,0.003195,-0.00426,0.003195,99482.01,25.66,0.540359
1739.792107,0.010702,-0.08379,0.062244,-9.32463,-9.325214,0.001065,-0.00639,0.001065,99482.01,25.66,0.504053
1739.803881,0.011774,-0.064638,0.055062,-9.293508,-9.293896,0.001065,-0.00639,0.001065,99480.54,25.66,0.535371
1739.814828,0.010947,-0.069426,0.014364,-9.26478,-9.265051,0.003195,-0.003195,0.001065,99480.54,25.66,0.564216
1739.82511,0.010281,-0.07182,0.055062,-9.31266,-9.3131,0.00213,-0.00639,-0.00213,99480.54,25.66,0.516167
1739.836481,0.011371,-0.04788,0.019152,-9.298296,-9.298439,0.00213,-0.005325,0,99480.54,25.66,0.530828
1739.847352,0.010871,-0.086184,-0.007182,-9.291114,-9.291516,0.00213,-0.00639,0.001065,99480.54,25.66,0.537751
1739.858949,0.011597,-0.093366,-0.021546,-9.346176,-9.346667,0,-0.00639,0,99480.54,25.66,0.4826
1739.869723,0.010774,-0.064638,-0.02394,-9.355752,-9.356006,0.00213,-0.005325,0,99479.06,25.66,0.473261
1739.88116,0.011437,-0.079002,-0.03591,-9.28872,-9.289125,-0.00213,-0.005325,0.003195,99479.06,25.66,0.540142
1739.892294,0.011135,-0.05985,-0.031122,-9.315054,-9.315298,-0.001065,-0.005325,0.00213,99479.06,25.66,0.513969
1739.903327,0.011033,-0.079002,-0.038304,-9.317448,-9.317862,0.001065,-0.00639,0.001065,99479.06,25.66,0.511405
1739.914608,0.01128,-0.052668,-0.043092,-9.334206,-9.334454,0,-0.005325,0.001065,99479.06,25.66,0.494813
1739.925697,0.011089,-0.026334,-0.031122,-9.341388,-9.341477,0.001065,-0.005325,0.00426,99477.67,25.66,0.48779
1739.936844,0.011147,-0.098154,0.016758,-9.374904,-9.375433,0,-0.00639,0.003195,99477.67,25.66,0.453834
1739.948067,0.011223,-0.026334,-0.004788,-9.338994,-9.339032,0.005325,-0.00426,0.003195,99477.67,25.66,0.490235
1739.959339,0.011272,-0.093366,0.016758,-9.350964,-9.351445,0.001065,-0.00639,0.00213,99477.67,25.66,0.477822
1739.970441,0.011102,-0.052668,0.01197,-9.37251,-9.372666,0.003195,-0.00426,0.00426,99477.67,25.66,0.456601
1739.981619,0.011178,-0.086184,0.050274,-9.310266,-9.310801,0.003195,-0.005325,0.003195,99477.67,25.66,0.518466
1739.992792,0.011173,-0.088578,0.069426,-9.367722,-9.368398,0.001065,-0.00852,0.003195,99476.15,25.66,0.460869
1740.003964,0.011172,-0.055062,0.076608,-9.307872,-9.30835,0.00426,-0.00426,0.00213,99476.15,25.66,0.520917
1740.015249,0.011285,-0.112518,0.105336,-9.310266,-9.311542,0.00213,-0.005325,0.003195,99476.15,25.66,0.517725
1740.026397,0.011148,-0.090972,0.064638,-9.322236,-9.322904,0.00213,-0.00426,0.00213,99476.15,25.66,0.506363
1740.037538,0.011141,-0.064638,0.093366,-9.28872,-9.289414,-0.001065,-0.00639,-0.003195,99476.15,25.66,0.539853
1740.048659,0.011121,-0.08379,0.045486,-9.303084,-9.303573,0.00426,-0.005325,0,99476.15,25.66,0.525694
1740.060225,0.011567,-0.079002,0.014364,-9.28872,-9.289067,0.003195,-0.005325,-0.001065,99474.62,25.66,0.5402
1740.071103,0.010878,-0.069426,0.028728,-9.382086,-9.382387,0.001065,-0.00639,0,99474.62,25.66,0.44688
1740.082257,0.011153,-0.086184,-0.028728,-9.341388,-9.34183,0.00213,-0.00213,0.001065,99474.62,25.66,0.487437
1740.093403,0.011146,-0.055062,-0.045486,-9.32463,-9.324904,0,-0.00639,-0.003195,99474.62,25.66,0.504363
1740.104576,0.011172,-0.067032,-0.07182,-9.37251,-9.373025,0.001065,-0.007455,0,99474.62,25.66,0.456242
1740.116037,0.011462,-0.064638,-0.062244,-9.334206,-9.334637,0,-0.003195,0.001065,99474.62,25.66,0.49463
1740.127137,0.011099,-0.043092,-0.069426,-9.329418,-9.329776,0.001065,-0.00426,0,99474.62,25.66,0.499491
1740.13819,0.011054,-0.079002,-0.105336,-9.355752,-9.356678,0.00213,-0.00639,0.00426,99474.62,25.66,0.472589
1740.149399,0.011209,-0.052668,-0.050274,-9.331812,-9.332096,0.003195,-0.00639,0.00426,99474.62,25.66,0.497171
1740.160508,0.011108,-0.090972,-0.067032,-9.346176,-9.346859,0.003195,-0.005325,0.003195,99474.62,25.66,0.482408
1740.171928,0.01142,-0.088578,0.004788,-9.31266,-9.313082,0.001065,-0.00852,0.005325,99474.62,25.66,0.516185
1740.182908,0.01098,-0.062244,0.01197,-9.374904,-9.375118,-0.00213,-0.00426,0.00426,99473.25,25.66,0.454149
1740.194331,0.011423,-0.064638,0.040698,-9.322236,-9.322549,0.001065,-0.00639,0.005325,99473.25,25.66,0.506718
1740.205275,0.010944,-0.033516,0.055062,-9.365328,-9.36555,0.00426,-0.005325,0.005325,99473.25,25.66,0.463717
1740.216457,0.011182,-0.1197,0.069426,-9.319842,-9.320869,0.001065,-0.00639,0.003195,99473.25,25.66,0.508398
1740.227716,0.011259,-0.050274,0.114912,-9.310266,-9.311111,0.005325,-0.00426,0.00213,99473.25,25.66,0.518156
1740.238836,0.01112,-0.126882,0.136458,-9.307872,-9.309737,0.00213,-0.00426,0.001065,99473.25,25.66,0.51953
1740.250031,0.011195,-0.10773,0.105336,-9.307872,-9.309091,0.001065,-0.00426,0.001065,99471.78,25.66,0.520176
1740.26118,0.011149,-0.069426,0.086184,-9.331812,-9.332468,0.00213,-0.005325,0,99471.78,25.66,0.496799
1740.272391,0.011211,-0.110124,0.074214,-9.343782,-9.344726,0.00213,-0.007455,0,99471.78,25.66,0.484541
1740.283626,0.011236,-0.052668,0.026334,-9.343782,-9.343968,0.003195,-0.00426,0.001065,99471.78,25.66,0.485299
1740.294975,0.011349,-0.07182,0.014364,-9.338994,-9.339281,0.001065,-0.00426,-0.001065,99471.78,25.66,0.489986
1740.307714,0.01274,-0.076608,-0.043092,-9.322236,-9.32265,0.001065,-0.005325,-0.001065,99471.78,25.66,0.506617
1740.317906,0.010191,-0.079002,-0.03591,-9.334206,-9.334609,0.00213,-0.007455,-0.001065,99470.34,25.66,0.494658
1740.328302,0.010396,-0.081396,-0.055062,-9.303084,-9.303603,0.001065,-0.00426,0.00213,99470.34,25.66,0.525664
1740.339583,0.011281,-0.026334,-0.10773,-9.31266,-9.31332,0.00426,-0.00213,0,99470.34,25.66,0.515947
1740.350683,0.0111,-0.093366,-0.124488,-9.331812,-9.333109,-0.00213,-0.00852,0.001065,99470.34,25.66,0.496158
1740.361937,0.011254,-0.031122,-0.069426,-9.298296,-9.298607,0.00213,-0.003195,0.003195,99470.34,25.66,0.53066
1740.374037,0.012101,-0.038304,-0.100548,-9.295902,-9.296525,0.001065,-0.003195,0.003195,99470.34,25.66,0.532742
1740.38449,0.010452,-0.067032,-0.057456,-9.3366,-9.337017,0.001065,-0.00852,0.00426,99468.89,25.66,0.49225
1740.395537,0.011047,-0.028728,-0.045486,-9.315054,-9.315209,0.00426,-0.00639,0.003195,99468.89,25.66,0.514058
1740.406692,0.011155,-0.04788,0.021546,-9.291114,-9.291262,0.001065,-0.005325,0.00213,99468.89,25.66,0.538005
1740.417822,0.011129,-0.052668,0.05985,-9.291114,-9.291456,0.001065,-0.003195,0.00426,99468.89,25.66,0.537811
1740.428988,0.011167,-0.05985,0.043092,-9.31266,-9.312952,0,-0.00426,0.003195,99468.89,25.66,0.516315
1740.440329,0.01134,-0.038304,0.141246,-9.283932,-9.285085,0,-0.00639,0.003195,99468.89,25.66,0.544182
1740.451432,0.011103,-0.069426,0.10773,-9.293508,-9.294392,0.001065,-0.00426,0.005325,99468.89,25.66,0.534875
1740.462514,0.011082,-0.055062,0.090972,-9.315054,-9.315661,-0.001065,-0.003195,-0.00213,99468.89,25.66,0.513606
1740.473694,0.01118,-0.081396,0.150822,-9.31266,-9.314237,0.001065,-0.00852,0.001065,99468.89,25.66,0.51503
1740.484874,0.01118,-0.093366,0.07182,-9.358146,-9.358887,0.00213,-0.00213,0.003195,99468.89,25.66,0.47038
1740.496671,0.011796,-0.07182,0.067032,-9.305478,-9.305997,0,-0.005325,0,99468.89,25.66,0.52327
1740.507492,0.010821,-0.105336,0.03591,-9.329418,-9.330082,0.001065,-0.009585,-0.001065,99467.41,25.66,0.499185
1740.51849,0.010998,-0.1197,0,-9.317448,-9.318217,0,-0.003195,-0.003195,99467.41,25.66,0.51105
1740.529634,0.011143,-0.117306,0.031122,-9.327024,-9.327814,0,-0.00639,0,99467.41,25.66,0.501453
1740.540949,0.011315,-0.05985,-0.040698,-9.338994,-9.339274,0.00213,-0.00426,0.00213,99467.41,25.66,0.489993
1740.552159,0.01121,-0.117306,-0.062244,-9.343782,-9.344726,0.001065,-0.007455,0,99467.41,25.66,0.484541
1740.563294,0.011135,-0.038304,-0.028728,-9.341388,-9.341511,0.003195,-0.00426,0.001065,99467.41,25.66,0.487756
1740.574544,0.01125,-0.086184,-0.069426,-9.32463,-9.325287,0.001065,-0.007455,0,99465.89,25.66,0.50398
1740.585636,0.011092,-0.05985,-0.086184,-9.293508,-9.2941,-0.001065,-0.007455,0.003195,99465.89,25.66,0.535167
1740.596736,0.011101,-0.110124,-0.079002,-9.315054,-9.31604,0.001065,-0.00426,0.00213,99465.89,25.66,0.513227
1740.60808,0.011344,-0.050274,-0.086184,-9.331812,-9.332345,0,-0.005325,0.00213,99465.89,25.66,0.496922
1740.619232,0.011152,-0.05985,-0.088578,-9.291114,-9.291729,0.003195,-0.005325,0.003195,99465.89,25.66,0.537538
1740.630345,0.011113,-0.088578,-0.074214,-9.327024,-9.32774,0.00213,-0.007455,0.00213,99464.78,25.66,0.501527
1740.641487,0.011142,-0.062244,-0.076608,-9.329418,-9.32994,0.003195,-0.00639,0.00426,99464.78,25.66,0.499327
1740.652632,0.011145,-0.05985,0.009576,-9.30069,-9.300887,0,-0.005325,0.00426,99464.78,25.66,0.52838
1740.663883,0.01125,-0.050274,0.009576,-9.291114,-9.291255,0.00213,-0.005325,0.005325,99464.78,25.66,0.538012
1740.67527,0.011387,-0.10773,0.01197,-9.303084,-9.303715,-0.001065,-0.00426,0.003195,99464.78,25.66,0.525552
1740.686555,0.011285,-0.026334,0.07182,-9.322236,-9.32255,0.001065,-0.005325,0.003195,99464.78,25.66,0.506717
1740.697401,0.010846,-0.07182,0.081396,-9.31266,-9.313293,0,-0.00639,0.00213,99463.44,25.66,0.515974
1740.708578,0.011176,-0.05985,0.069426,-9.293508,-9.29396,0.001065,-0.00426,0.003195,99463.44,25.66,0.535307
1740.719839,0.011261,-0.05985,0.040698,-9.338994,-9.339274,0.00213,-0.005325,0.00213,99463.44,25.66,0.489993
1740.730957,0.011118,-0.100548,0.076608,-9.331812,-9.332668,0,-0.00639,0.003195,99463.44,25.66,0.496599
1740.742187,0.01123,-0.03591,0.069426,-9.315054,-9.315382,0.003195,-0.007455,0.001065,99463.44,25.66,0.513885
1740.753287,0.0111,-0.10773,0.026334,-9.315054,-9.315714,0.003195,-0.00852,-0.001065,99463.44,25.66,0.513553
1740.764694,0.011406,-0.076608,0.093366,-9.34857,-9.34935,0.001065,-0.005325,0.00213,99463.44,25.66,0.479917
1740.775757,0.011064,-0.03591,0.03591,-9.322236,-9.322374,0.00213,-0.005325,-0.001065,99463.44,25.66,0.506893
1740.786914,0.011157,-0.088578,0.038304,-9.32463,-9.325129,-0.00213,-0.007455,0,99463.44,25.66,0.504138
1740.798035,0.011121,-0.067032,0.007182,-9.34857,-9.348813,0.00213,-0.003195,0.00213,99463.44,25.66,0.480454
1740.809269,0.011234,-0.081396,0.026334,-9.315054,-9.315447,0.003195,-0.007455,0.00213,99463.44,25.66,0.51382
1740.820409,0.01114,-0.067032,-0.007182,-9.310266,-9.31051,0.00213,-0.005325,0.00213,99463.44,25.66,0.518757
1740.831979,0.01157,-0.09576,-0.007182,-9.295902,-9.296398,0.001065,-0.00852,0.00213,99462.18,25.66,0.532869
1740.842951,0.010972,-0.076608,-0.021546,-9.274356,-9.274697,0,-0.005325,0.003195,99462.18,25.66,0.55457
1740.854042,0.01109,-0.040698,-0.057456,-9.30069,-9.300957,0.00213,-0.007455,0.001065,99462.18,25.66,0.52831
1740.865131,0.011089,-0.098154,0.026334,-9.274356,-9.274913,0.00213,-0.00639,0,99462.18,25.66,0.554354
1740.876344,0.011213,-0.021546,-0.093366,-9.32463,-9.325122,0.00213,0.001065,0.001065,99462.18,25.66,0.504145
1740.887776,0.011432,-0.074214,0.100548,-9.259992,-9.260835,0.001065,-0.009585,0.001065,99460.95,25.66,0.568432
1740.89831,0.010535,-0.07182,-0.055062,-9.283932,-9.284373,0.00213,0,0.001065,99460.95,25.66,0.544894
1740.908451,0.010141,-0.014364,-0.126882,-9.327024,-9.327898,-0.001065,-0.00639,0.00213,99460.95,25.66,0.501369
1740.918535,0.010084,-0.15561,-0.007182,-9.334206,-9.335506,0.001065,-0.007455,0.003195,99460.95,25.66,0.493761
1740.928628,0.010093,-0.050274,-0.090972,-9.226476,-9.227061,0.005325,-0.001065,0.001065,99460.95,25.66,0.602206
1740.938716,0.010088,-0.105336,-0.021546,-9.343782,-9.344401,0.001065,-0.01065,0.003195,99460.95,25.66,0.484866
1740.948896,0.010181,-0.172368,0.028728,-9.374904,-9.376532,0.00213,-0.003195,0.001065,99460.95,25.66,0.452735
1740.959005,0.010108,-0.031122,-0.05985,-9.343782,-9.344026,0.00213,-0.007455,0.00213,99459.73,25.66,0.485241
1740.96929,0.010286,-0.141246,0.007182,-9.377298,-9.378364,0,-0.007455,0.001065,99459.73,25.66,0.450903
1740.979374,0.010084,-0.100548,0.026334,-9.386874,-9.387449,0.001065,-0.00426,0.003195,99459.73,25.66,0.441818
1740.989475,0.010101,-0.07182,-0.014364,-9.379692,-9.379978,0.001065,-0.005325,0,99459.73,25.66,0.449289
1740.999566,0.010091,-0.129276,-0.007182,-9.358146,-9.359042,0.003195,-0.009585,0.00213,99459.73,25.66,0.470225
1741.010721,0.011155,-0.069426,0.01197,-9.334206,-9.334472,0,-0.003195,0.00213,99459.73,25.66,0.494795
1741.021869,0.011148,-0.038304,-0.01197,-9.389268,-9.389354,0,-0.011715,0.001065,99458.52,25.66,0.439913
1741.033031,0.011162,-0.110124,-0.014364,-9.338994,-9.339654,0.00426,-0.001065,0.00213,99458.52,25.66,0.489613
1741.044204,0.011173,-0.052668,0.064638,-9.329418,-9.329791,0.00213,-0.00852,0.00213,99458.52,25.66,0.499476
1741.055477,0.011273,-0.069426,0,-9.30069,-9.300949,0,-0.007455,0.00213,99458.52,25.66,0.528318
1741.066657,0.011179,-0.02394,0.03591,-9.293508,-9.293608,0.00213,-0.007455,0.00426,99458.52,25.66,0.535659
1741.077652,0.010995,-0.045486,-0.007182,-9.3366,-9.336714,0.00213,-0.005325,0,99458.52,25.66,0.492553
1741.088869,0.011217,-0.043092,0.050274,-9.334206,-9.334441,0.003195,-0.00639,0.00213,99457.09,25.66,0.494826
1741.100142,0.011273,-0.04788,0.014364,-9.322236,-9.32237,0,-0.007455,0.001065,99457.09,25.66,0.506897
1741.110299,0.010157,-0.014364,0.03591,-9.315054,-9.315134,0.001065,-0.00213,0.00213,99457.09,25.66,0.514133
1741.122444,0.012145,-0.10773,0.062244,-9.274356,-9.275191,0,-0.00639,0.00426,99457.09,25.66,0.554076
1741.133687,0.011243,-0.045486,0.02394,-9.3366,-9.336741,0.003195,-0.007455,0.00213,99457.09,25.66,0.492526
1741.145664,0.011977,-0.086184,0.033516,-9.271962,-9.272423,0.001065,-0.005325,0.001065,99457.09,25.66,0.556844
1741.156406,0.010742,-0.076608,0.004788,-9.303084,-9.303401,0.003195,-0.005325,0.00213,99457.09,25.66,0.525866
1741.167218,0.010811,-0.074214,-0.004788,-9.315054,-9.315351,0.003195,-0.01065,0.00213,99457.09,25.66,0.513916
1741.178599,0.011381,-0.081396,0.021546,-9.32463,-9.32501,0.00213,-0.003195,0.00426,99457.09,25.66,0.504257
1741.189766,0.011168,-0.045486,-0.043092,-9.334206,-9.334416,0.00213,-0.00639,-0.001065,99457.09,25.66,0.494851
1741.200778,0.011012,-0.141246,0.031122,-9.307872,-9.308996,0.001065,-0.00639,0.00213,99457.09,25.66,0.520271
1741.212127,0.011349,-0.055062,0.004788,-9.31266,-9.312824,0.00426,-0.001065,0.00213,99455.92,25.66,0.516443
1741.223182,0.011056,-0.124488,-0.026334,-9.31266,-9.313529,0,-0.00639,0.001065,99455.92,25.66,0.515738
1741.234353,0.01117,-0.09576,0.004788,-9.329418,-9.329911,0.001065,-0.00426,0.00213,99455.92,25.66,0.499356
1741.245494,0.011142,-0.105336,-0.038304,-9.32463,-9.325304,0.00213,-0.003195,0.00426,99455.92,25.66,0.503963
1741.256647,0.011153,-0.090972,-0.007182,-9.327024,-9.32747,0,-0.00639,0.001065,99455.92,25.66,0.501797
1741.268007,0.01136,-0.07182,-0.05985,-9.305478,-9.305948,0,-0.003195,0.00213,99455.92,25.66,0.523319
1741.279124,0.011117,-0.081396,-0.02394,-9.338994,-9.339379,0.003195,-0.005325,0.001065,99454.85,25.66,0.489888
1741.290162,0.011038,-0.134064,0.002394,-9.319842,-9.320806,0,-0.00426,0.003195,99454.85,25.66,0.508461
1741.30134,0.011177,-0.02394,-0.002394,-9.322236,-9.322267,0.001065,-0.003195,-0.001065,99454.85,25.66,0.507
1741.312543,0.011204,-0.100548,0.009576,-9.293508,-9.294057,0,-0.00852,0.001065,99454.85,25.66,0.53521
1741.323783,0.011239,-0.045486,0.02394,-9.317448,-9.31759,0.001065,-0.007455,0.003195,99454.85,25.66,0.511677
1741.335963,0.012181,-0.074214,0.021546,-9.293508,-9.293829,0.00213,-0.00426,0.001065,99454.85,25.66,0.535438
1741.346087,0.010124,-0.067032,0.019152,-9.305478,-9.305739,0.00213,-0.00852,0.00426,99453.8,25.66,0.523528
1741.357321,0.011234,-0.08379,0.016758,-9.295902,-9.296295,0.001065,-0.00426,0.005325,99453.8,25.66,0.532972
1741.368456,0.011135,-0.067032,0,-9.379692,-9.379932,0.00213,-0.01065,0.003195,99453.8,25.66,0.449335
1741.379652,0.011196,-0.052668,0.033516,-9.327024,-9.327233,0.003195,-0.00639,0.00213,99453.8,25.66,0.502034
1741.390842,0.011189,-0.045486,-0.004788,-9.305478,-9.30559,0,-0.00426,0.001065,99453.8,25.66,0.523677
1741.402017,0.011176,-0.057456,0.016758,-9.334206,-9.334398,0.001065,-0.00852,0,99452.62,25.66,0.494869
1741.413281,0.011263,-0.074214,0.07182,-9.307872,-9.308445,0.001065,-0.00639,0.00213,99452.62,25.66,0.520822
1741.424428,0.011148,-0.064638,0.052668,-9.341388,-9.34176,0.003195,-0.005325,0.005325,99452.62,25.66,0.487507
1741.435667,0.011238,-0.038304,0.040698,-9.310266,-9.310434,0.001065,-0.005325,0.00213,99452.62,25.66,0.518833
1741.446755,0.011088,-0.086184,0.014364,-9.346176,-9.346584,0.001065,-0.00639,0.00213,99452.62,25.66,0.482683
1741.458087,0.011332,-0.040698,0.028728,-9.295902,-9.296035,-0.001065,-0.003195,0.00213,99452.62,25.66,0.533232
1741.469216,0.011129,-0.057456,0.052668,-9.310266,-9.310592,0.005325,-0.00852,0.003195,99452.62,25.66,0.518675
1741.480433,0.011217,-0.057456,0.038304,-9.291114,-9.291371,0.001065,-0.003195,0,99452.62,25.66,0.537896
1741.491533,0.0111,-0.05985,0.01197,-9.307872,-9.308072,0,-0.009585,0.003195,99452.62,25.66,0.521195
1741.50269,0.011158,-0.02394,0.016758,-9.338994,-9.33904,0.001065,-0.005325,0.003195,99452.62,25.66,0.490227
1741.514038,0.011348,-0.081396,0.02394,-9.295902,-9.296289,0.003195,-0.00639,0.005325,99452.62,25.66,0.532978
1741.525192,0.011154,-0.05985,-0.014364,-9.343782,-9.343985,0.00213,-0.005325,0.00213,99452.62,25.66,0.485282
1741.536482,0.01129,-0.102942,0.021546,-9.257598,-9.258195,0,-0.005325,0.001065,99451.65,25.66,0.571072
1741.547451,0.010969,-0.090972,0,-9.338994,-9.339437,0.00213,-0.00852,0.003195,99451.65,25.66,0.48983
1741.558632,0.011182,-0.07182,0.004788,-9.298296,-9.298575,0.003195,-0.00426,0,99451.65,25.66,0.530692
1741.569858,0.011226,-0.090972,0,-9.310266,-9.31071,0.001065,-0.00852,0.00426,99451.65,25.66,0.518557
1741.581033,0.011175,-0.045486,0.004788,-9.350964,-9.351076,-0.001065,-0.00426,0.00639,99451.65,25.66,0.478191
1741.592407,0.011373,-0.09576,-0.007182,-9.310266,-9.310761,0.00213,-0.005325,0.001065,99450.54,25.66,0.518506
1741.603354,0.010947,-0.079002,0.014364,-9.30069,-9.301037,0.001065,-0.00639,0.003195,99450.54,25.66,0.52823
1741.614605,0.011251,-0.088578,-0.03591,-9.305478,-9.305969,0,-0.00426,0.003195,99450.54,25.66,0.523298
1741.625752,0.011147,-0.074214,0.033516,-9.303084,-9.30344,0.003195,-0.00639,0.001065,99450.54,25.66,0.525827
1741.63694,0.011188,-0.057456,-0.040698,-9.298296,-9.298563,0,-0.00213,0.00213,99450.54,25.66,0.530704
1741.648414,0.011474,-0.069426,-0.01197,-9.319842,-9.320108,0.00213,-0.00639,0.003195,99450.54,25.66,0.509159
1741.659476,0.011062,-0.105336,-0.002394,-9.291114,-9.291711,-0.001065,-0.003195,0.00213,99449.59,25.66,0.537556
1741.670478,0.011002,-0.079002,-0.016758,-9.327024,-9.327374,0.003195,-0.00639,0.00213,99449.59,25.66,0.501893
1741.681643,0.011165,-0.076608,0.019152,-9.303084,-9.303419,0.00213,-0.00852,0.00213,99449.59,25.66,0.525848
1741.692976,0.011333,-0.069426,-0.01197,-9.3366,-9.336866,0.001065,-0.00213,0.003195,99449.59,25.66,0.492401
1741.70412,0.011143,-0.098154,0.009576,-9.310266,-9.310788,0.00213,-0.009585,0.00213,99449.59,25.66,0.518479
1741.715302,0.011182,-0.074214,0.057456,-9.30069,-9.301164,0.001065,-0.00639,0.00426,99449.59,25.66,0.528103
1741.726508,0.011206,-0.064638,0.004788,-9.322236,-9.322461,0.00213,-0.005325,0.00426,99448.63,25.66,0.506806
1741.737565,0.011057,-0.07182,0.050274,-9.30069,-9.301103,0.00213,-0.005325,0.00213,99448.63,25.66,0.528164
1741.748809,0.011244,-0.05985,0.057456,-9.310266,-9.310636,0.00213,-0.00426,0.001065,99448.63,25.66,0.518631
1741.759987,0.011178,-0.07182,0.02394,-9.30069,-9.300998,-0.001065,-0.003195,0.003195,99448.63,25.66,0.528269
1741.771129,0.011142,-0.088578,0.026334,-9.310266,-9.310725,0.00213,-0.00639,0.00213,99448.63,25.66,0.518542
1741.782437,0.011308,-0.055062,0.03591,-9.271962,-9.272195,0,-0.005325,0,99448.63,25.66,0.557072
1741.793548,0.011111,-0.07182,0.004788,-9.307872,-9.30815,0.00213,-0.00639,0.001065,99448.63,25.66,0.521117
1741.80465,0.011102,-0.028728,0.031122,-9.305478,-9.305574,0.001065,-0.00639,0.00213,99448.63,25.66,0.523693
1741.815969,0.011318,-0.04788,0.01197,-9.293508,-9.293639,0.00213,-0.009585,0.00213,99448.63,25.66,0.535628
1741.827168,0.011199,-0.076608,-0.02394,-9.298296,-9.298642,0.001065,-0.00426,0.001065,99448.63,25.66,0.530625
1741.838287,0.011119,-0.090972,0.014364,-9.319842,-9.320297,0,-0.00426,0.001065,99448.63,25.66,0.50897
1741.849399,0.011112,-0.067032,-0.021546,-9.303084,-9.30335,0.00213,-0.005325,0.003195,99447.69,25.66,0.525917
1741.859845,0.010446,-0.10773,0.009576,-9.322236,-9.322863,0.00213,-0.005325,0.001065,99447.69,25.66,0.506404
1741.871892,0.012047,-0.057456,-0.002394,-9.331812,-9.331989,0.00213,-0.00426,0.001065,99447.69,25.66,0.497278
1741.883056,0.011164,-0.064638,-0.01197,-9.310266,-9.310498,0.001065,-0.005325,0.003195,99447.69,25.66,0.518769
1741.894223,0.011167,-0.064638,-0.04788,-9.317448,-9.317795,0.001065,-0.005325,-0.001065,99447.69,25.66,0.511472
1741.905463,0.01124,-0.052668,-0.026334,-9.334206,-9.334392,0.003195,-0.00426,0.001065,99447.69,25.66,0.494875
1741.916558,0.011095,-0.08379,-0.02394,-9.350964,-9.35137,0.00213,-0.00639,0.001065,99446.8,25.66,0.477897
1741.927774,0.011216,-0.055062,-0.002394,-9.305478,-9.305641,0,-0.00639,0.003195,99446.8,25.66,0.523626
1741.938998,0.011224,-0.057456,-0.002394,-9.322236,-9.322413,0.00213,-0.00639,0.00213,99446.8,25.66,0.506854
1741.950098,0.0111,-0.100548,-0.007182,-9.322236,-9.322781,0.001065,-0.003195,0.003195,99446.8,25.66,0.506486
1741.961435,0.011337,-0.081396,0.026334,-9.331812,-9.332204,0.00213,-0.00639,0.001065,99446.8,25.66,0.497063
1741.972429,0.010994,-0.086184,0.01197,-9.305478,-9.305885,0.003195,-0.005325,0.00426,99446.8,25.66,0.523382
1741.983987,0.011558,-0.069426,0.02394,-9.319842,-9.320131,0,-0.005325,0.003195,99445.95,25.66,0.509136
1741.994931,0.010945,-0.069426,0.026334,-9.298296,-9.298592,0.003195,-0.00426,0.00213,99445.95,25.66,0.530675
1742.006003,0.011072,-0.126882,0.021546,-9.338994,-9.339881,0.001065,-0.005325,0.00213,99445.95,25.66,0.489386
1742.017959,0.011956,-0.07182,0.04788,-9.295902,-9.296303,0.00213,-0.00852,0.00426,99445.95,25.66,0.532964
1742.029013,0.011054,-0.09576,0.031122,-9.293508,-9.294053,0.003195,-0.005325,0.001065,99445.95,25.66,0.535214
1742.03982,0.010807,-0.08379,0.021546,-9.338994,-9.339395,0.003195,-0.005325,0.003195,99445.12,25.66,0.489872
1742.050768,0.010948,-0.062244,0.028728,-9.327024,-9.327276,0.00213,-0.005325,0.001065,99445.12,25.66,0.501991
1742.061946,0.011177,-0.067032,0.009576,-9.30069,-9.300936,0.00213,-0.00639,0,99445.12,25.66,0.528331
1742.073212,0.011266,-0.069426,-0.009576,-9.317448,-9.317712,0.001065,-0.007455,0.00213,99445.12,25.66,0.511555
1742.084411,0.011199,-0.057456,0.014364,-9.32463,-9.324818,0.001065,-0.005325,0.005325,99445.12,25.66,0.504449
1742.095888,0.011477,-0.055062,0.031122,-9.30069,-9.300905,0.001065,-0.007455,-0.001065,99445.12,25.66,0.528362
1742.106864,0.010976,-0.067032,0.028728,-9.331812,-9.332097,0.001065,-0.00639,0.00213,99444.21,25.66,0.49717
1742.118044,0.01118,-0.045486,0.026334,-9.281538,-9.281687,0.001065,-0.005325,-0.001065,99444.21,25.66,0.54758
1742.129045,0.011001,-0.038304,-0.004788,-9.315054,-9.315134,0.00213,-0.00426,0.00426,99444.21,25.66,0.514133
1742.140256,0.011211,-0.069426,0.019152,-9.31266,-9.312938,0.001065,-0.00639,0.003195,99444.21,25.66,0.516329
1742.151459,0.011203,-0.067032,-0.009576,-9.331812,-9.332058,0.00213,-0.00426,0,99444.21,25.66,0.497209
1742.162596,0.011137,-0.064638,0.009576,-9.32463,-9.324859,-0.001065,-0.00426,-0.001065,99444.21,25.66,0.504408
1742.173879,0.011283,-0.064638,0.014364,-9.322236,-9.322471,0.003195,-0.005325,0.00213,99444.21,25.66,0.506796
1742.185161,0.011282,-0.100548,-0.03591,-9.305478,-9.30609,0,-0.003195,0.00213,99444.21,25.66,0.523177
1742.196294,0.011133,-0.098154,0.057456,-9.286326,-9.287022,0,-0.00639,0.001065,99444.21,25.66,0.542245
1742.207521,0.011228,-0.079002,0.014364,-9.317448,-9.317794,0.001065,-0.00213,0.00213,99444.21,25.66,0.511473
1742.218608,0.011087,-0.088578,0.026334,-9.28872,-9.28918,0.00213,-0.00639,0,99444.21,25.66,0.540087
1742.229745,0.011137,-0.05985,0.009576,-9.319842,-9.320039,0.003195,-0.005325,0.00213,99444.21,25.66,0.509228
1742.240882,0.011137,-0.08379,0.014364,-9.329418,-9.329805,0.003195,-0.005325,0.001065,99443.43,25.66,0.499462
1742.252167,0.011285,-0.069426,0.026334,-9.319842,-9.320138,0.003195,-0.00426,0,99443.43,25.66,0.509129
1742.263342,0.011174,-0.08379,0.014364,-9.298296,-9.298685,0.001065,-0.007455,0.003195,99443.43,25.66,0.530582
1742.27452,0.011178,-0.086184,0.019152,-9.34857,-9.348987,0.003195,-0.007455,0.003195,99443.43,25.66,0.48028
1742.285618,0.011098,-0.081396,0.01197,-9.329418,-9.329781,0.00213,-0.003195,0,99443.43,25.66,0.499486
1742.29681,0.011193,-0.09576,0.014364,-9.31266,-9.313163,0.003195,-0.00426,0.001065,99442.7,25.66,0.516104
1742.308145,0.011334,-0.05985,0.028728,-9.3366,-9.336836,-0.001065,-0.005325,0.00213,99442.7,25.66,0.492431
1742.319195,0.01105,-0.074214,-0.002394,-9.343782,-9.344077,0.001065,-0.00639,-0.001065,99442.7,25.66,0.48519
1742.330413,0.011218,-0.05985,-0.033516,-9.32463,-9.324882,0,-0.00426,0.001065,99442.7,25.66,0.504385
1742.341547,0.011134,-0.088578,-0.014364,-9.319842,-9.320274,0.001065,-0.003195,0.00426,99442.7,25.66,0.508993
1742.353257,0.01171,-0.086184,-0.004788,-9.322236,-9.322636,0.003195,-0.007455,0.001065,99442.7,25.66,0.506631
1742.364145,0.010888,-0.093366,0.040698,-9.341388,-9.341943,0.001065,-0.00426,0.001065,99441.85,25.66,0.487324
1742.375179,0.011034,-0.04788,0.002394,-9.291114,-9.291238,0.001065,-0.007455,0.003195,99441.85,25.66,0.538029
1742.38631,0.011131,-0.086184,0.019152,-9.3366,-9.337017,0.00213,-0.003195,0.001065,99441.85,25.66,0.49225
1742.397434,0.011123,-0.04788,0.045486,-9.32463,-9.324864,0.00213,-0.007455,0.003195,99441.85,25.66,0.504403
1742.408637,0.011203,-0.062244,0.019152,-9.319842,-9.32007,0.00213,-0.005325,0.00213,99441.85,25.66,0.509197
1742.419869,0.011233,-0.081396,0.02394,-9.298296,-9.298683,0.00213,-0.005325,-0.001065,99441.85,25.66,0.530584
1742.431984,0.012114,-0.069426,0.004788,-9.315054,-9.315314,0,-0.00852,0.001065,99441.15,25.66,0.513953
1742.442184,0.0102,-0.086184,0.04788,-9.343782,-9.344302,0.00213,-0.005325,0.001065,99441.15,25.66,0.484965
1742.453396,0.011213,-0.064638,0.014364,-9.317448,-9.317683,0.003195,-0.00639,0.00213,99441.15,25.66,0.511584
1742.464619,0.011222,-0.05985,0.004788,-9.338994,-9.339187,0.003195,-0.00426,0,99441.15,25.66,0.49008
1742.475836,0.011217,-0.081396,0.026334,-9.346176,-9.346568,0.00426,-0.01065,0.00213,99441.15,25.66,0.482699
1742.486991,0.011156,-0.074214,0.031122,-9.367722,-9.368068,0.001065,-0.00852,0.003195,99441.15,25.66,0.461199
1742.498204,0.011213,-0.093366,-0.014364,-9.367722,-9.368198,0,-0.00639,0.00213,99441.15,25.66,0.461069
1742.509325,0.011121,-0.064638,0.002394,-9.355752,-9.355976,0.001065,-0.007455,0,99441.15,25.66,0.473291
1742.520542,0.011217,-0.057456,-0.026334,-9.389268,-9.389481,0.001065,-0.005325,0.001065,99441.15,25.66,0.439786
1742.531783,0.011241,-0.088578,0.002394,-9.425178,-9.425595,0.001065,-0.00639,0.00213,99441.15,25.66,0.403672
1742.543019,0.011236,-0.079002,0.004788,-9.406026,-9.406359,0.00213,-0.00639,0.001065,99441.15,25.66,0.422908
1742.55411,0.011092,-0.079002,-0.043092,-9.398844,-9.399275,0.005325,-0.00639,0.00213,99440.53,25.66,0.429992
1742.565201,0.011091,-0.07182,0.014364,-9.415602,-9.415887,0.00213,-0.005325,0.003195,99440.53,25.66,0.41338
1742.57696,0.011758,-0.067032,-0.007182,-9.441936,-9.442177,0.003195,-0.00426,0.003195,99440.53,25.66,0.38709
1742.587645,0.010685,-0.064638,-0.026334,-9.458694,-9.458952,0.00213,-0.005325,0.00213,99440.53,25.66,0.370315
1742.598861,0.011217,-0.055062,-0.028728,-9.465876,-9.46608,0.00213,-0.003195,0.00213,99440.53,25.66,0.363187
1742.610257,0.011395,-0.081396,-0.007182,-9.463482,-9.463835,0.003195,-0.007455,0.001065,99440.53,25.66,0.365432
1742.621188,0.010932,-0.07182,0.038304,-9.458694,-9.459044,0.00213,-0.005325,0.00213,99439.81,25.66,0.370223
1742.632334,0.011146,-0.043092,-0.009576,-9.4563,-9.456403,0.003195,-0.005325,0.001065,99439.81,25.66,0.372864
1742.643581,0.011247,-0.100548,0.002394,-9.49221,-9.492743,0.00213,-0.005325,0.00426,99439.81,25.66,0.336524
1742.654828,0.011247,-0.05985,0.05985,-9.485028,-9.485406,0.001065,-0.005325,0.00213,99439.81,25.66,0.343861
1742.665949,0.011121,-0.038304,0.004788,-9.482634,-9.482713,0.00213,-0.003195,0,99439.81,25.66,0.346554
1742.6771,0.011151,-0.069426,0.043092,-9.487422,-9.487774,0,-0.005325,0,99439.81,25.66,0.341493
1742.688481,0.011381,-0.100548,0.021546,-9.513756,-9.514312,0,-0.00639,0.001065,99439.09,25.66,0.314955
1742.699472,0.010991,-0.07182,0.014364,-9.50418,-9.504462,0.003195,-0.00639,-0.001065,99439.09,25.66,0.324805
1742.710664,0.011192,-0.05985,0.01197,-9.50418,-9.504376,0,-0.00426,0,99439.09,25.66,0.324891
1742.721822,0.011158,-0.074214,0.007182,-9.532908,-9.5332,0.003195,-0.00426,0.003195,99439.09,25.66,0.296067
1742.733291,0.011469,-0.100548,0.014364,-9.51615,-9.516692,0.001065,-0.007455,0.00213,99439.09,25.66,0.312575
1742.744746,0.011455,-0.050274,0.004788,-9.52812,-9.528254,0.001065,-0.003195,0.00213,99438.39,25.66,0.301013
1742.755482,0.010736,-0.069426,0.009576,-9.54009,-9.540347,0.001065,-0.005325,-0.001065,99438.39,25.66,0.28892
1742.766573,0.011091,-0.064638,0.016758,-9.537696,-9.53793,0.001065,-0.00852,0.001065,99438.39,25.66,0.291337
1742.77779,0.011217,-0.090972,0.004788,-9.549666,-9.5501,0.00213,-0.003195,0,99438.39,25.66,0.279167
1742.788943,0.011153,-0.081396,-0.009576,-9.55206,-9.552412,0.00213,-0.005325,0.003195,99438.39,25.66,0.276855
1742.8004,0.011456,-0.050274,-0.007182,-9.52812,-9.528255,0.001065,-0.007455,0.005325,99438.39,25.66,0.301012
1742.811554,0.011154,-0.105336,0.002394,-9.542484,-9.543066,0.001065,-0.00639,0.00213,99438.39,25.66,0.286201
1742.822499,0.010945,-0.057456,-0.002394,-9.573606,-9.573779,0,-0.00426,0.001065,99438.39,25.66,0.255488
1742.833666,0.011167,-0.069426,0.02394,-9.549666,-9.549948,0.00213,-0.007455,0.003195,99438.39,25.66,0.279319
1742.844862,0.011195,-0.088578,-0.007182,-9.544878,-9.545292,0,-0.003195,0.003195,99438.39,25.66,0.283975
1742.856042,0.011181,-0.057456,0.026334,-9.549666,-9.549875,0.00213,-0.005325,0.001065,99438.39,25.66,0.279392
1742.867271,0.011229,-0.052668,0.007182,-9.583182,-9.583329,0.00426,-0.005325,0.00426,99438.39,25.66,0.245938
1742.878468,0.011197,-0.086184,0.004788,-9.549666,-9.550056,0,-0.00426,0,99437.94,25.66,0.279211
1742.889579,0.011112,-0.088578,0.031122,-9.578394,-9.578854,0,-0.00639,0.001065,99437.94,25.66,0.250413
1742.900832,0.011252,-0.076608,0.040698,-9.595152,-9.595544,0.00213,-0.005325,0,99437.94,25.66,0.233723
1742.911989,0.011157,-0.033516,0.021546,-9.573606,-9.573689,0.003195,-0.00426,0.001065,99437.94,25.66,0.255578
1742.923172,0.011183,-0.043092,0.014364,-9.597546,-9.597653,0.001065,-0.00852,0.00213,99437.94,25.66,0.231614
1742.934543,0.01137,-0.055062,0,-9.61191,-9.612068,0.003195,-0.003195,0.00426,99437.94,25.66,0.217199
1742.945574,0.011031,-0.050274,0.03591,-9.619092,-9.61929,0.001065,-0.00852,0.00213,99437.46,25.66,0.209977
1742.956714,0.01114,-0.055062,-0.02394,-9.614304,-9.614491,0.001065,-0.003195,0,99437.46,25.66,0.214776
1742.967883,0.011169,-0.040698,-0.016758,-9.631062,-9.631163,0.00213,-0.00639,0.001065,99437.46,25.66,0.198104
1742.979101,0.011219,-0.098154,0.014364,-9.63585,-9.636361,0.00213,-0.00852,-0.001065,99437.46,25.66,0.192906
1742.990299,0.011198,-0.057456,-0.004788,-9.652608,-9.65278,0.003195,-0.003195,0.003195,99437.46,25.66,0.176487
1743.001487,0.011188,-0.052668,0.01197,-9.63585,-9.636001,0.00213,-0.00852,0.003195,99437.06,25.66,0.193266
1743.012633,0.011146,-0.093366,0.03591,-9.664578,-9.665096,0.00213,-0.00639,0.001065,99437.06,25.66,0.164171
1743.023792,0.011159,-0.090972,0.033516,-9.657396,-9.657883,0.00213,-0.00639,0.00213,99437.06,25.66,0.171384
1743.035039,0.011247,-0.122094,0.021546,-9.631062,-9.63186,0.001065,-0.003195,0.00213,99437.06,25.66,0.197407
1743.04622,0.011182,-0.114912,0.026334,-9.678942,-9.67966,0,-0.007455,0.003195,99437.06,25.66,0.149607
1743.057503,0.011283,-0.09576,0.055062,-9.666972,-9.667603,0.001065,-0.00639,0.00213,99437.06,25.66,0.161664
1743.06882,0.011317,-0.102942,0.043092,-9.676548,-9.677191,0.00213,-0.00639,0.00213,99436.74,25.66,0.152076
1743.079791,0.01097,-0.074214,0.045486,-9.688518,-9.688909,0.003195,-0.007455,0.003195,99436.74,25.66,0.140358
1743.090921,0.011131,-0.126882,0.009576,-9.74358,-9.744411,0.003195,-0.005325,-0.001065,99436.74,25.66,0.084856
1743.102102,0.011181,-0.110124,0.05985,-9.68373,-9.684541,0.001065,-0.00639,0.00213,99436.74,25.66,0.144726
1743.11327,0.011168,-0.1197,0.057456,-9.67176,-9.672671,0.001065,-0.005325,0.001065,99436.74,25.66,0.156596
1743.124521,0.011251,-0.146034,0.040698,-9.676548,-9.677735,0.00213,-0.00426,0.00213,99436.74,25.66,0.151532
1743.135845,0.011324,-0.098154,-0.01197,-9.729216,-9.729718,0.00213,-0.00426,0.00213,99436.74,25.66,0.099549
1743.146404,0.010559,-0.05985,0,-9.734004,-9.734188,0.00426,-0.00213,0.00213,99436.74,25.66,0.095079
1743.156541,0.010137,-0.057456,-0.031122,-9.760338,-9.760557,0.003195,-0.001065,0.001065,99436.74,25.66,0.06871
1743.166647,0.010106,-0.03591,-0.031122,-9.745974,-9.74609,0,-0.00426,0.00213,99436.74,25.66,0.083177
1743.176771,0.010125,-0.043092,-0.062244,-9.753156,-9.75345,0.00213,-0.009585,0.00213,99436.74,25.66,0.075817
1743.186928,0.010157,-0.019152,-0.064638,-9.736398,-9.736631,0.003195,-0.00426,0.001065,99436.74,25.66,0.092636
1743.197051,0.010123,-0.004788,-0.02394,-9.710064,-9.710095,0,-0.00426,0.00213,99436.38,25.66,0.119172
1743.207149,0.010098,-0.057456,-0.081396,-9.757944,-9.758453,0,-0.00426,0.00426,99436.38,25.66,0.070814
1743.21728,0.010131,0.002394,-0.055062,-9.714852,-9.715008,-0.001065,-0.003195,0.003195,99436.38,25.66,0.114259
1743.227395,0.010115,0.033516,-0.055062,-9.769914,-9.770127,0.001065,-0.005325,0.003195,99436.38,25.66,0.05914
1743.237497,0.010102,0.016758,-0.02394,-9.77949,-9.779534,0.00213,-0.00639,0.005325,99436.38,25.66,0.049733
1743.248166,0.010669,0.004788,-0.021546,-9.753156,-9.753181,-0.001065,-0.00426,0.003195,99436.38,25.66,0.076086
1743.258288,0.010121,-0.004788,-0.004788,-9.750762,-9.750764,0.003195,-0.00852,0.00639,99435.91,25.66,0.078503
1743.268397,0.01011,-0.081396,0.062244,-9.757944,-9.758482,0.001065,-0.005325,0.003195,99435.91,25.66,0.070785
1743.278493,0.010095,-0.102942,0.043092,-9.772308,-9.772945,0.001065,-0.00852,0.00426,99435.91,25.66,0.056322
1743.288602,0.010109,-0.15561,0.13167,-9.76752,-9.769647,0,-0.005325,0.003195,99435.91,25.66,0.05962
1743.29871,0.010108,-0.160398,0.114912,-9.734004,-9.736004,0.003195,-0.00426,0.003195,99435.91,25.66,0.093263
1743.308803,0.010093,-0.186732,0.100548,-9.781884,-9.784183,0.003195,-0.00426,0.00213,99435.91,25.66,0.045084
1743.318894,0.010091,-0.177156,0.10773,-9.784278,-9.786475,0.00213,-0.005325,0.001065,99435.91,25.66,0.042792
1743.328987,0.010093,-0.146034,0.079002,-9.79146,-9.792868,0.003195,-0.00426,0,99435.4,25.66,0.036399
1743.339077,0.01009,-0.16758,0.067032,-9.796248,-9.797911,0,-0.005325,-0.001065,99435.4,25.66,0.031356
1743.349176,0.010099,-0.158004,0.040698,-9.829764,-9.831118,0.001065,-0.00426,-0.001065,99435.4,25.66,-0.001851
1743.359283,0.010107,-0.15561,0.03591,-9.796248,-9.79755,0.001065,-0.005325,0.001065,99435.4,25.66,0.031717
1743.3694,0.010116,-0.150822,-0.007182,-9.832158,-9.833317,0.00213,-0.005325,0,99435.4,25.66,-0.00405
1743.379481,0.010082,-0.138852,-0.014364,-9.85131,-9.852299,0.00213,-0.00426,0,99435.4,25.66,-0.023032
1743.389592,0.01011,-0.105336,-0.050274,-9.817794,-9.818488,-0.001065,-0.003195,0,99435.02,25.66,0.010779
1743.399678,0.010086,-0.05985,-0.040698,-9.868068,-9.868333,0.003195,-0.007455,-0.00213,99435.02,25.66,-0.039066
1743.40978,0.010102,-0.03591,-0.081396,-9.85131,-9.851712,-0.001065,-0.00426,0.001065,99435.02,25.66,-0.022445
1743.419865,0.010085,-0.040698,-0.081396,-9.86328,-9.8637,0.00213,-0.005325,0.001065,99435.02,25.66,-0.034433
1743.429963,0.010098,-0.004788,-0.08379,-9.85131,-9.851667,0,-0.005325,0.00426,99435.02,25.66,-0.0224
1743.440069,0.010106,-0.019152,-0.086184,-9.860886,-9.861281,0.00213,-0.00639,0.00213,99435.02,25.66,-0.032014
1743.450217,0.010148,0.026334,-0.069426,-9.822582,-9.822863,0.003195,-0.007455,0.00426,99434.59,25.66,0.006404
1743.460539,0.010321,-0.021546,-0.03591,-9.8154,-9.815489,0.00213,-0.00426,0.003195,99434.59,25.66,0.013778
1743.470659,0.01012,-0.009576,-0.004788,-9.832158,-9.832164,0.001065,-0.00426,0.00213,99434.59,25.66,-0.002897
1743.480746,0.010087,0.007182,-0.028728,-9.8154,-9.815445,0.00213,-0.005325,0.005325,99434.59,25.66,0.013822
1743.490857,0.010111,-0.03591,0.019152,-9.824976,-9.82506,0,-0.00639,0.005325,99434.59,25.66,0.004207
1743.500961,0.010104,-0.028728,0.014364,-9.808218,-9.808271,0,-0.003195,0.001065,99434.59,25.66,0.020996
1743.511067,0.010106,-0.009576,0.016758,-9.714852,-9.714871,0.00426,-0.007455,0.00426,99434.59,25.66,0.114396
1743.521183,0.010116,-0.05985,0.074214,-9.774702,-9.775167,0.001065,-0.00639,0.003195,99434.59,25.66,0.0541
1743.531278,0.010096,-0.090972,0.069426,-9.777096,-9.777766,0.001065,-0.00639,0.00426,99434.59,25.66,0.051501
1743.541367,0.010088,-0.093366,0.090972,-9.772308,-9.773177,0.003195,-0.007455,0.00213,99434.59,25.66,0.05609
1743.551464,0.010097,-0.086184,0.093366,-9.777096,-9.777922,0.00213,-0.005325,0.00213,99434.59,25.66,0.051345
1743.561569,0.010105,-0.126882,0.08379,-9.76752,-9.768703,0.003195,-0.00639,0,99434.59,25.66,0.060564
1743.571688,0.010119,-0.114912,0.076608,-9.789066,-9.79004,0.001065,-0.00426,0,99434.59,25.66,0.039227
1743.581812,0.010124,-0.112518,0.086184,-9.805824,-9.806848,0.003195,-0.00426,0,99434.4,25.66,0.022419
1743.591893,0.010082,-0.14364,0.069426,-9.786672,-9.787972,0.001065,-0.00639,-0.001065,99434.4,25.66,0.041295
1743.602016,0.010123,-0.122094,0.038304,-9.786672,-9.787509,0.001065,-0.005325,-0.001065,99434.4,25.66,0.041758
1743.612102,0.010086,-0.10773,0.026334,-9.80343,-9.804057,0,-0.00639,0.001065,99434.4,25.66,0.02521
1743.622213,0.010111,-0.129276,0.01197,-9.741186,-9.742051,0.00213,-0.005325,-0.001065,99434.4,25.66,0.087216
1743.632303,0.01009,-0.102942,-0.04788,-9.75555,-9.756211,0.00213,-0.00639,0.001065,99434.4,25.66,0.073056
1743.64257,0.010267,-0.117306,-0.04788,-9.798642,-9.799461,0.001065,-0.005325,0,99434.4,25.66,0.029806
1743.65266,0.01009,-0.081396,-0.055062,-9.772308,-9.772802,0.003195,-0.005325,0.001065,99434.22,25.66,0.056465
1743.66276,0.0101,-0.067032,-0.04788,-9.772308,-9.772655,0.00213,-0.00639,0.00213,99434.22,25.66,0.056612
1743.672898,0.010138,-0.098154,-0.055062,-9.829764,-9.830408,0.00213,-0.007455,-0.003195,99434.22,25.66,-0.001141
1743.682983,0.010085,-0.07182,-0.043092,-9.80343,-9.803788,0.003195,-0.003195,0.00213,99434.22,25.66,0.025479
1743.694982,0.011999,-0.045486,-0.052668,-9.774702,-9.77495,0,-0.00639,0.003195,99434.22,25.66,0.054317
1743.705075,0.010093,-0.064638,-0.026334,-9.841734,-9.841981,0.00426,-0.00639,0.00426,99434,25.66,-0.012714
1743.715164,0.010089,-0.076608,-0.02394,-9.813006,-9.813334,0.001065,-0.005325,0.00213,99434,25.66,0.015933
1743.725255,0.01009,-0.057456,-0.026334,-9.836946,-9.837149,0.003195,-0.007455,0.00852,99434,25.66,-0.007882
1743.735378,0.010123,-0.05985,0.002394,-9.877644,-9.877826,0.003195,-0.007455,0.003195,99434,25.66,-0.048559
1743.745466,0.010088,-0.045486,0.002394,-9.860886,-9.860991,0.001065,-0.003195,0.00426,99434,25.66,-0.031724
1743.75556,0.010094,-0.052668,0.009576,-9.872856,-9.873001,0.001065,-0.00639,0.00426,99434,25.66,-0.043734
1743.765763,0.010203,-0.052668,0.038304,-9.868068,-9.868283,0.00213,-0.005325,0.00426,99434,25.66,-0.039016
1743.776221,0.010458,-0.07182,0.043092,-9.858492,-9.858848,0.001065,-0.005325,0.005325,99433.76,25.66,-0.029581
1743.786563,0.010342,-0.062244,0.069426,-9.880038,-9.880478,0.001065,-0.005325,0.00426,99433.76,25.66,-0.051211
1743.796755,0.010193,-0.088578,0.069426,-9.853704,-9.854347,0,-0.00639,0.003195,99433.76,25.66,-0.02508
1743.807307,0.010552,-0.064638,0.05985,-9.856098,-9.856492,0,-0.003195,0.001065,99433.76,25.66,-0.027225
1743.817451,0.010144,-0.052668,0.055062,-9.808218,-9.808514,0,-0.00426,0.00213,99433.76,25.66,0.020753
1743.82754,0.010088,-0.076608,0.057456,-9.824976,-9.825443,0,-0.003195,-0.001065,99433.76,25.66,0.003824
1743.837622,0.010083,-0.057456,0.033516,-9.83934,-9.839565,0,-0.005325,0.001065,99433.76,25.66,-0.010298
1743.847755,0.010133,-0.081396,0.045486,-9.829764,-9.830206,0.001065,-0.005325,-0.00213,99433.76,25.66,-0.000939
1743.857883,0.010127,-0.110124,0.016758,-9.801036,-9.801669,0.00213,-0.00639,0.00213,99433.76,25.66,0.027598
1743.867967,0.010084,-0.07182,0.01197,-9.793854,-9.794125,0.00213,-0.00639,0.001065,99433.76,25.66,0.035142
1743.878068,0.010101,-0.088578,-0.028728,-9.810612,-9.811054,0,-0.00639,-0.003195,99433.76,25.66,0.018213
1743.888187,0.010119,-0.08379,-0.004788,-9.798642,-9.799001,0.001065,-0.003195,0.00426,99433.76,25.66,0.030266
1743.898408,0.01022,-0.076608,-0.04788,-9.772308,-9.772726,0.001065,-0.00639,0.001065,99433.68,25.66,0.056541
1743.908508,0.0101,-0.074214,-0.040698,-9.784278,-9.784644,0.003195,-0.00639,-0.001065,99433.68,25.66,0.044623
1743.918589,0.010081,-0.098154,-0.02394,-9.801036,-9.801557,0,-0.007455,0.003195,99433.68,25.66,0.02771
1743.928703,0.010114,-0.093366,-0.052668,-9.774702,-9.77529,0,-0.005325,0.003195,99433.68,25.66,0.053977
1743.938827,0.010123,-0.114912,-0.028728,-9.774702,-9.77542,0.003195,-0.005325,0.001065,99433.68,25.66,0.053847
1743.948917,0.010091,-0.102942,-0.043092,-9.777096,-9.777733,0.00213,-0.01065,0.00213,99433.68,25.66,0.051534
1743.959045,0.010127,-0.102942,-0.038304,-9.801036,-9.801651,0.00213,-0.00639,0.003195,99433.47,25.66,0.027616
1743.969139,0.010094,-0.110124,-0.019152,-9.817794,-9.81843,0.001065,-0.005325,0.005325,99433.47,25.66,0.010837
1743.979225,0.010086,-0.100548,-0.002394,-9.83934,-9.839854,0.003195,-0.005325,0.005325,99433.47,25.66,-0.010587
1743.989306,0.010082,-0.076608,0,-9.832158,-9.832456,0.00213,-0.00639,0.001065,99433.47,25.66,-0.003189
1743.999431,0.010125,-0.09576,-0.002394,-9.832158,-9.832625,0.001065,-0.005325,0.003195,99433.47,25.66,-0.003358
1744.009517,0.010086,-0.076608,0.019152,-9.836946,-9.837263,0.003195,-0.007455,0.005325,99433.47,25.66,-0.007996
1744.019639,0.010122,-0.086184,0.04788,-9.820188,-9.820683,0.001065,-0.00426,0.00213,99433.47,25.66,0.008584
1744.029721,0.010082,-0.07182,0.01197,-9.820188,-9.820458,0.001065,-0.005325,0.003195,99433.25,25.66,0.008809
1744.03984,0.010118,-0.08379,0.040698,-9.832158,-9.832599,0.001065,-0.005325,0.003195,99433.25,25.66,-0.003332
1744.049938,0.010098,-0.038304,0.03591,-9.853704,-9.853844,0.001065,-0.00426,0.003195,99433.25,25.66,-0.024577
1744.060025,0.010087,-0.05985,0.05985,-9.844128,-9.844492,0.003195,-0.007455,0.00213,99433.25,25.66,-0.015225
1744.070233,0.010208,-0.074214,0.038304,-9.813006,-9.813361,0.001065,-0.00426,0.00213,99433.25,25.66,0.015906
1744.080382,0.010149,-0.045486,0.04788,-9.844128,-9.84435,0.001065,-0.00639,0,99433.25,25.66,-0.015083
1744.090481,0.010099,-0.05985,0.031122,-9.846522,-9.846753,0.003195,-0.00639,0,99433.06,25.66,-0.017486
1744.100588,0.010107,-0.03591,0.021546,-9.846522,-9.846611,0.003195,-0.00426,0.00213,99433.06,25.66,-0.017344
1744.11068,0.010092,-0.021546,0.01197,-9.810612,-9.810643,0.001065,-0.00426,0.001065,99433.06,25.66,0.018624
1744.120783,0.010104,-0.074214,-0.026334,-9.829764,-9.830079,0.00213,-0.00639,0.001065,99433.06,25.66,-0.000812
1744.130882,0.010099,-0.076608,0.009576,-9.810612,-9.810916,0.00213,-0.005325,0,99433.06,25.66,0.018351
1744.14097,0.010088,-0.028728,0.002394,-9.813006,-9.813048,0.003195,-0.005325,-0.001065,99433.06,25.66,0.016219
1744.151061,0.010091,-0.033516,-0.033516,-9.836946,-9.83706,0.001065,-0.00426,0,99433.06,25.66,-0.007793
1744.16115,0.01009,-0.114912,-0.004788,-9.80343,-9.804105,0.003195,-0.00426,0.00213,99433.06,25.66,0.025162
1744.171234,0.010084,-0.088578,-0.021546,-9.83934,-9.839762,0.001065,-0.00639,0.00213,99433.06,25.66,-0.010495
1744.181354,0.010119,-0.088578,-0.016758,-9.824976,-9.82539,0.00213,-0.00426,0.00213,99433.06,25.66,0.003877
1744.191449,0.010096,-0.08379,-0.026334,-9.798642,-9.799036,0.00213,-0.007455,0.00639,99433.06,25.66,0.030231
1744.201545,0.010096,-0.1197,0.009576,-9.808218,-9.808953,0.00213,-0.00639,0.001065,99433.06,25.66,0.020314
1744.211684,0.010138,-0.117306,-0.009576,-9.760338,-9.761048,0,-0.007455,0.001065,99433.06,25.66,0.068219
1744.22177,0.010086,-0.100548,-0.007182,-9.805824,-9.806342,0.005325,-0.00426,0.00426,99432.8,25.67,0.022925
1744.231866,0.010096,-0.074214,-0.007182,-9.796248,-9.796532,0.00426,-0.00426,0.003195,99432.8,25.67,0.032735
1744.241954,0.010088,-0.079002,-0.002394,-9.8154,-9.815718,0.001065,-0.00639,0.00426,99432.8,25.67,0.013549
1744.252035,0.010081,-0.098154,-0.014364,-9.824976,-9.825477,0.00213,-0.005325,0.003195,99432.8,25.67,0.00379
1744.262271,0.010236,-0.090972,0.045486,-9.822582,-9.823109,0.003195,-0.005325,0,99432.8,25.67,0.006158
1744.272439,0.010168,-0.079002,0.028728,-9.829764,-9.830123,0.00213,-0.00639,0.00213,99432.8,25.67,-0.000856
1744.282543,0.010104,-0.081396,0.004788,-9.841734,-9.842072,0.001065,-0.00426,0.003195,99432.6,25.67,-0.012805
1744.292798,0.010255,-0.08379,0.045486,-9.824976,-9.825439,0.003195,-0.00852,0.00213,99432.6,25.67,0.003828
1744.302893,0.010095,-0.064638,0.007182,-9.8154,-9.815615,0.00213,-0.00639,-0.001065,99432.6,25.67,0.013652
1744.312979,0.010086,-0.062244,0.009576,-9.846522,-9.846723,-0.001065,-0.007455,0.003195,99432.6,25.67,-0.017456
1744.323088,0.010109,-0.04788,0.052668,-9.844128,-9.844385,0.003195,-0.00213,0,99432.6,25.67,-0.015118
1744.333376,0.010289,-0.064638,0.02394,-9.85131,-9.851551,0.003195,-0.005325,0.001065,99432.6,25.67,-0.022284
1744.343463,0.010086,-0.062244,0.004788,-9.822582,-9.82278,0.00213,-0.005325,0.00213,99432.55,25.67,0.006487
1744.353539,0.010076,-0.055062,0.02394,-9.846522,-9.846705,0.001065,-0.00426,0.00213,99432.55,25.67,-0.017438
1744.363638,0.010099,-0.079002,0.07182,-9.853704,-9.854282,0.003195,-0.005325,0,99432.55,25.67,-0.025015
1744.373838,0.0102,-0.086184,0.002394,-9.789066,-9.789446,0.00213,-0.00639,0,99432.55,25.67,0.039821
1744.383933,0.010096,-0.074214,0.01197,-9.856098,-9.856385,0.001065,-0.005325,0.003195,99432.55,25.67,-0.027118
1744.394024,0.010091,-0.110124,0.021546,-9.805824,-9.806466,0.00213,-0.00639,0.00213,99432.55,25.67,0.022801
1744.404111,0.010087,-0.04788,-0.019152,-9.813006,-9.813141,0,-0.005325,0.001065,99432.32,25.66,0.016126
1744.414244,0.010133,-0.08379,-0.007182,-9.832158,-9.832518,0.001065,-0.005325,0,99432.32,25.66,-0.003251
1744.424388,0.010144,-0.076608,0.016758,-9.829764,-9.830077,0.00213,-0.005325,0.00213,99432.32,25.66,-0.00081
1744.434512,0.010124,-0.079002,0.002394,-9.781884,-9.782203,0.001065,-0.005325,0.001065,99432.32,25.66,0.047064
1744.444789,0.010277,-0.100548,-0.004788,-9.793854,-9.794371,0.00213,-0.00639,0.003195,99432.32,25.66,0.034896
1744.45488,0.010091,-0.10773,0.02394,-9.820188,-9.820808,0.001065,-0.00639,0.00213,99432.32,25.66,0.008459
1744.46499,0.010109,-0.076608,-0.004788,-9.820188,-9.820488,0.00213,-0.00426,0.00213,99432.32,25.66,0.008779
1744.475155,0.010165,-0.086184,-0.007182,-9.80343,-9.803811,0.001065,-0.00426,0.00213,99432.32,25.66,0.025456
1744.485271,0.010117,-0.050274,-0.009576,-9.77949,-9.779624,0.001065,-0.00213,0.00213,99432.32,25.66,0.049643
1744.495364,0.010092,-0.079002,-0.028728,-9.801036,-9.801396,0.003195,-0.005325,0.00426,99432.32,25.66,0.027871
1744.505491,0.010127,-0.090972,0.009576,-9.817794,-9.81822,0.003195,-0.00639,0.003195,99432.32,25.66,0.011047
1744.51559,0.010099,-0.050274,-0.002394,-9.822582,-9.822711,0.001065,-0.005325,0.003195,99432.32,25.66,0.006556
1744.52569,0.0101,-0.088578,0.002394,-9.8154,-9.8158,0.00213,-0.005325,0.003195,99432.32,25.66,0.013467
1744.535811,0.010121,-0.09576,-0.009576,-9.80343,-9.803902,0.00213,-0.00639,0.00426,99432.23,25.67,0.025365
1744.545916,0.010105,-0.102942,0.016758,-9.853704,-9.854256,0.00213,-0.003195,0.00213,99432.23,25.67,-0.024989
1744.556106,0.01019,-0.074214,0.019152,-9.82737,-9.827669,0.00213,-0.00852,0.00426,99432.23,25.67,0.001598
1744.566215,0.010109,-0.09576,0.019152,-9.822582,-9.823067,0,-0.00426,0.00213,99432.23,25.67,0.0062
1744.576306,0.010091,-0.079002,0.021546,-9.844128,-9.844469,0.00213,-0.003195,0.00213,99432.23,25.67,-0.015202
1744.586449,0.010143,-0.100548,0.014364,-9.808218,-9.808744,0.001065,-0.00639,0,99432.23,25.67,0.020523
1744.596581,0.010132,-0.069426,0.019152,-9.82737,-9.827634,0.00426,-0.007455,0.00213,99432.05,25.67,0.001633
1744.606682,0.010101,-0.062244,0.019152,-9.858492,-9.858707,0.001065,-0.00426,0.001065,99432.05,25.67,-0.02944
1744.616777,0.010095,-0.079002,0.002394,-9.813006,-9.813324,0.003195,-0.00639,0.001065,99432.05,25.67,0.015943
1744.626868,0.010091,-0.07182,0.033516,-9.877644,-9.877962,0,-0.00852,0.001065,99432.05,25.67,-0.048695
1744.637013,0.010145,-0.088578,0.02394,-9.798642,-9.799072,0.001065,-0.005325,0.003195,99432.05,25.67,0.030195
1744.647163,0.01015,-0.105336,0.040698,-9.844128,-9.844776,0.00213,-0.00426,0.00213,99432.05,25.67,-0.015509
1744.657432,0.010269,-0.081396,0.026334,-9.820188,-9.820561,0.003195,-0.00426,-0.001065,99431.91,25.67,0.008706
1744.667525,0.010093,-0.074214,0.02394,-9.793854,-9.794164,-0.001065,-0.007455,0.001065,99431.91,25.67,0.035103
1744.677652,0.010126,-0.067032,-0.004788,-9.817794,-9.818024,0.001065,-0.00426,0.001065,99431.91,25.67,0.011243
1744.687747,0.010095,-0.055062,0.01197,-9.808218,-9.80838,0,-0.00639,0.003195,99431.91,25.67,0.020887
1744.697856,0.01011,-0.028728,-0.021546,-9.808218,-9.808284,0.00213,-0.005325,0.003195,99431.91,25.67,0.020983
1744.707997,0.01014,-0.052668,-0.014364,-9.82737,-9.827522,0.001065,-0.007455,0.00213,99431.91,25.67,0.001745
1744.718211,0.010214,-0.074214,-0.014364,-9.805824,-9.806115,0.00213,-0.00639,0.00213,99431.8,25.67,0.023152
1744.728299,0.010088,-0.093366,0,-9.808218,-9.808662,0.003195,-0.00213,0.003195,99431.8,25.67,0.020605
1744.738385,0.010087,-0.062244,-0.014364,-9.777096,-9.777305,0.001065,-0.003195,0.003195,99431.8,25.67,0.051962
1744.748512,0.010126,-0.069426,0.007182,-9.832158,-9.832406,0.001065,-0.007455,0.003195,99431.8,25.67,-0.003139
1744.758595,0.010083,-0.086184,0.01197,-9.829764,-9.830149,0.00213,-0.005325,0.00426,99431.8,25.67,-0.000882
1744.769186,0.010591,-0.062244,-0.02394,-9.80343,-9.803657,0,-0.00426,0.00213,99431.8,25.67,0.02561
1744.779494,0.010308,-0.081396,0.019152,-9.858492,-9.858847,0.00213,-0.007455,0.003195,99431.8,25.67,-0.02958
1744.789583,0.010088,-0.086184,0.014364,-9.8154,-9.815789,0,-0.007455,0.00426,99431.8,25.67,0.013478
1744.799667,0.010084,-0.062244,-0.002394,-9.817794,-9.817992,0.003195,-0.003195,0.003195,99431.8,25.67,0.011275
1744.809873,0.010206,-0.093366,0.03591,-9.8154,-9.81591,0.00426,-0.005325,0.00426,99431.8,25.67,0.013357
1744.820007,0.010135,-0.105336,0.052668,-9.834552,-9.835257,-0.001065,-0.00426,0.00213,99431.8,25.67,-0.00599
1744.830213,0.010206,-0.090972,0.03591,-9.798642,-9.79913,0.003195,-0.005325,0.003195,99431.8,25.67,0.030137
1744.840628,0.010415,-0.114912,0.03591,-9.832158,-9.832895,0.003195,-0.00852,-0.001065,99431.8,25.67,-0.003628
1744.850742,0.010114,-0.100548,0.04788,-9.844128,-9.844758,0.003195,-0.005325,0.00213,99431.77,25.67,-0.015491
1744.860923,0.010181,-0.062244,0.055062,-9.82737,-9.827721,0.00213,-0.005325,0.00213,99431.77,25.67,0.001546
1744.871013,0.010089,-0.045486,-0.002394,-9.860886,-9.860991,0.003195,-0.00426,0,99431.77,25.67,-0.031724
1744.88111,0.010097,-0.102942,0.033516,-9.848916,-9.849511,-0.001065,-0.005325,0.00426,99431.77,25.67,-0.020244
1744.891216,0.010106,-0.05985,0.02394,-9.813006,-9.813218,0.001065,-0.00852,0.001065,99431.77,25.67,0.016049
1744.90133,0.010114,-0.074214,0.021546,-9.824976,-9.82528,0.00213,-0.005325,0.00213,99431.77,25.67,0.003987
1744.911412,0.010083,-0.076608,0.002394,-9.817794,-9.818093,0.00213,-0.005325,0.00213,99431.67,25.67,0.011174
1744.9215,0.010088,-0.074214,0.016758,-9.817794,-9.818089,0.001065,-0.005325,0,99431.67,25.67,0.011178
1744.931588,0.010088,-0.064638,0,-9.848916,-9.849128,0.001065,-0.00426,0.003195,99431.67,25.67,-0.019861
1744.941683,0.010095,-0.064638,-0.01197,-9.805824,-9.806044,0.001065,-0.005325,0.00213,99431.67,25.67,0.023223
1744.9518,0.010117,-0.05985,0.002394,-9.846522,-9.846704,-0.001065,-0.005325,0,99431.67,25.67,-0.017437
1744.961903,0.010103,-0.07182,0.019152,-9.810612,-9.810894,0.00426,-0.009585,0.003195,99431.67,25.67,0.018373
1744.972011,0.010108,-0.079002,-0.016758,-9.80343,-9.803763,0.001065,-0.003195,0.003195,99431.45,25.67,0.025504
1744.982245,0.010234,-0.090972,0.002394,-9.793854,-9.794277,0.00213,-0.007455,0.00213,99431.45,25.67,0.03499
1744.992341,0.010096,-0.081396,0.01197,-9.824976,-9.82532,0.003195,-0.005325,0.001065,99431.45,25.67,0.003947
1745.003545,0.011205,-0.079002,0,-9.77949,-9.779809,0.001065,-0.00426,0,99431.45,25.67,0.049458
1745.014791,0.011245,-0.057456,0.01197,-9.824976,-9.825151,0.001065,-0.00639,0.001065,99431.45,25.67,0.004116
1745.026264,0.011474,-0.098154,0.038304,-9.79146,-9.792027,-0.001065,-0.00639,0.001065,99431.45,25.67,0.03724
1745.037046,0.010781,-0.052668,0,-9.80343,-9.803571,0.00213,-0.005325,0.003195,99431.32,25.67,0.025696
1745.048319,0.011273,-0.07182,0.01197,-9.822582,-9.822852,0.00213,-0.00639,0.003195,99431.32,25.67,0.006415
1745.05946,0.011141,-0.093366,0,-9.824976,-9.82542,0.00213,-0.00639,0.003195,99431.32,25.67,0.003847
1745.07058,0.01112,-0.088578,0.031122,-9.834552,-9.835,0,-0.005325,0.003195,99431.32,25.67,-0.005733
1745.081884,0.011304,-0.086184,0.043092,-9.824976,-9.825448,0,-0.005325,0.00213,99431.32,25.67,0.003819
1745.093056,0.011172,-0.055062,0.04788,-9.810612,-9.810883,0.001065,-0.003195,0.00213,99431.32,25.67,0.018384
1745.104294,0.011238,-0.07182,0.040698,-9.846522,-9.846868,0,-0.007455,0.003195,99431.32,25.67,-0.017601
1745.11542,0.011127,-0.057456,0.045486,-9.829764,-9.830037,0.001065,-0.00426,0.001065,99431.32,25.67,-0.00077
1745.126568,0.011148,-0.064638,-0.002394,-9.82737,-9.827583,0.00213,-0.003195,0.001065,99431.32,25.67,0.001684
1745.13789,0.011322,-0.081396,0.016758,-9.865674,-9.866024,0.001065,-0.007455,0.00213,99431.32,25.67,-0.036757
1745.148849,0.010959,-0.086184,0.050274,-9.808218,-9.808725,0.001065,-0.003195,0.001065,99431.32,25.67,0.020542
1745.160111,0.011262,-0.064638,-0.004788,-9.820188,-9.820402,0.001065,-0.005325,0,99431.32,25.67,0.008865
1745.171306,0.011195,-0.114912,-0.004788,-9.824976,-9.825649,0.00213,-0.005325,0.001065,99431.21,25.67,0.003618
1745.182637,0.011331,-0.057456,0.016758,-9.8154,-9.815582,-0.001065,-0.00426,0.00213,99431.21,25.67,0.013685
1745.193647,0.01101,-0.067032,-0.033516,-9.83934,-9.839625,0.003195,-0.00639,0.001065,99431.21,25.67,-0.010358
1745.204764,0.011117,-0.07182,-0.004788,-9.796248,-9.796512,0.00213,-0.00639,0.00426,99431.21,25.67,0.032755
1745.216121,0.011356,-0.057456,-0.009576,-9.86328,-9.863452,0.00213,-0.00852,0.003195,99431.21,25.67,-0.034185
1745.227194,0.011073,-0.098154,-0.004788,-9.848916,-9.849406,-0.00213,-0.003195,-0.00213,99431.1,25.67,-0.020139
1745.238345,0.011151,-0.067032,0.002394,-9.813006,-9.813235,0.003195,-0.00639,0.00426,99431.1,25.67,0.016032
1745.248423,0.010078,-0.086184,-0.002394,-9.79146,-9.79184,0.00213,-0.005325,0.00213,99431.1,25.67,0.037427
1745.258508,0.010085,-0.112518,0.031122,-9.80343,-9.804125,0.003195,-0.00426,0.00213,99431.1,25.67,0.025142
1745.268588,0.01008,-0.062244,0.021546,-9.8154,-9.815621,0.00213,-0.00639,0.003195,99431.1,25.67,0.013646
1745.278673,0.010085,-0.067032,-0.02394,-9.80343,-9.803688,0.001065,-0.007455,0.00213,99431.1,25.67,0.025579
1745.288759,0.010086,-0.08379,0.028728,-9.820188,-9.820587,0.00213,-0.00426,0.001065,99431.1,25.67,0.00868
1745.298864,0.010106,-0.07182,-0.004788,-9.817794,-9.818058,0.001065,-0.00852,0.003195,99431.05,25.67,0.011209
1745.309005,0.01014,-0.074214,-0.002394,-9.82737,-9.827651,0,-0.00852,0.003195,99431.05,25.67,0.001616
1745.319112,0.010107,-0.076608,0.02394,-9.832158,-9.832486,0,-0.00639,0.00213,99431.05,25.67,-0.003219
1745.329248,0.010136,-0.04788,0.014364,-9.805824,-9.805951,0.00213,-0.005325,0.003195,99431.05,25.67,0.023316
1745.339642,0.010394,-0.064638,0.031122,-9.8154,-9.815662,0.001065,-0.00639,-0.001065,99431.05,25.67,0.013605
1745.349769,0.010127,-0.090972,0.021546,-9.810612,-9.811057,0.003195,-0.003195,0.003195,99431.05,25.67,0.01821
1745.359872,0.010103,-0.055062,0.026334,-9.813006,-9.813196,0.00213,-0.00213,0,99430.78,25.67,0.016071
1745.370023,0.010151,-0.062244,0.002394,-9.801036,-9.801234,0,-0.003195,0.001065,99430.78,25.67,0.028033
1745.380129,0.010106,-0.102942,0.045486,-9.836946,-9.83759,0.00213,-0.00852,0.003195,99430.78,25.67,-0.008323
1745.390325,0.010195,-0.069426,0.01197,-9.810612,-9.810865,0,-0.00213,0,99430.78,25.67,0.018402
1745.400419,0.010094,-0.076608,0.016758,-9.865674,-9.865986,0.001065,-0.007455,0.00213,99430.78,25.67,-0.036719
1745.410517,0.010099,-0.090972,0.014364,-9.808218,-9.80865,0.00213,-0.005325,0.00213,99430.78,25.67,0.020617
1745.420612,0.010094,-0.07182,0.004788,-9.841734,-9.841997,0.00213,-0.005325,0,99430.78,25.67,-0.01273
1745.430704,0.010092,-0.098154,-0.02394,-9.832158,-9.832677,0.00213,-0.00426,0.003195,99430.78,25.67,-0.00341
1745.440821,0.010117,-0.093366,0.040698,-9.834552,-9.835079,0,-0.007455,0.00213,99430.78,25.67,-0.005812
1745.451545,0.010724,-0.067032,-0.016758,-9.848916,-9.849158,0.001065,-0.00639,-0.001065,99430.78,25.67,-0.019891
1745.461726,0.010181,-0.088578,-0.019152,-9.844128,-9.844545,0.00213,-0.005325,0.001065,99430.78,25.67,-0.015278
1745.471809,0.010083,-0.062244,-0.019152,-9.836946,-9.837162,0.001065,-0.00213,0.001065,99430.78,25.67,-0.007895
1745.481905,0.010096,-0.086184,-0.019152,-9.8154,-9.815797,0.003195,-0.005325,0.003195,99430.75,25.67,0.01347
1745.492062,0.010156,-0.08379,0.014364,-9.822582,-9.82295,0.001065,-0.005325,0.003195,99430.75,25.67,0.006317
1745.502204,0.010143,-0.102942,0.02394,-9.841734,-9.842301,0.00213,-0.00639,0.00213,99430.75,25.67,-0.013034
1745.512304,0.0101,-0.100548,0.007182,-9.789066,-9.789585,0.001065,-0.00639,0.003195,99430.75,25.67,0.039682
1745.522391,0.010087,-0.102942,0.002394,-9.813006,-9.813546,0.00213,-0.00639,0.00213,99430.75,25.67,0.015721
1745.532478,0.010087,-0.057456,0.031122,-9.820188,-9.820405,0.00213,-0.00426,0.00213,99430.75,25.67,0.008862
1745.542567,0.01009,-0.062244,0.007182,-9.844128,-9.844327,0.00213,-0.00852,0,99430.75,25.67,-0.01506
1745.552675,0.010108,-0.093366,-0.009576,-9.836946,-9.837394,0.001065,-0.005325,0.001065,99430.71,25.67,-0.008127
1745.563271,0.010596,-0.079002,0.019152,-9.829764,-9.8301,0.005325,-0.003195,0.00213,99430.71,25.67,-0.000833
1745.573388,0.010117,-0.067032,0.01197,-9.805824,-9.80606,0.00213,-0.00426,0.001065,99430.71,25.67,0.023207
1745.583477,0.010089,-0.102942,0.019152,-9.808218,-9.808777,0,-0.003195,0,99430.71,25.67,0.02049
1745.593578,0.010101,-0.069426,0.02394,-9.796248,-9.796523,0.001065,-0.00639,-0.001065,99430.71,25.67,0.032744
1745.603664,0.010085,-0.07182,0.033516,-9.817794,-9.818114,0.00213,-0.005325,0.00213,99430.71,25.67,0.011153
1745.613909,0.010246,-0.07182,0.03591,-9.8154,-9.815728,0.00213,-0.005325,0.00426,99430.68,25.67,0.013539
1745.62401,0.010101,-0.067032,-0.007182,-9.824976,-9.825207,0.00213,-0.005325,0,99430.68,25.67,0.00406
1745.634095,0.010085,-0.057456,0.05985,-9.822582,-9.822932,0.001065,-0.005325,0.00213,99430.68,25.67,0.006335
1745.644258,0.010163,-0.081396,0.028728,-9.836946,-9.837325,0.003195,-0.003195,0.001065,99430.68,25.67,-0.008058
1745.654348,0.01009,-0.055062,-0.009576,-9.79146,-9.79162,0.003195,-0.005325,0,99430.68,25.67,0.037647
1745.664431,0.010083,-0.102942,0.01197,-9.810612,-9.811159,0.005325,-0.007455,0,99430.68,25.67,0.018108
1745.674519,0.010088,-0.09576,-0.021546,-9.829764,-9.830254,0.00213,-0.00426,0.00213,99430.63,25.67,-0.000987
1745.684602,0.010083,-0.052668,0.007182,-9.85131,-9.851453,0.001065,-0.00213,0.001065,99430.63,25.67,-0.022186
1745.694697,0.010094,-0.081396,0.021546,-9.808218,-9.808579,0.001065,-0.007455,0.003195,99430.63,25.67,0.020688
1745.704812,0.010115,-0.102942,-0.01197,-9.82737,-9.827916,0.001065,-0.00213,0.00213,99430.63,25.67,0.001351
1745.71491,0.010098,-0.038304,0.007182,-9.848916,-9.848993,-0.001065,-0.005325,0.00426,99430.63,25.67,-0.019726
1745.724989,0.010079,-0.110124,-0.026334,-9.817794,-9.818447,0.003195,-0.00639,0.003195,99430.63,25.67,0.01082
1745.735109,0.01012,-0.057456,0.007182,-9.85131,-9.85148,0.001065,-0.003195,0.00426,99430.63,25.67,-0.022213
1745.745213,0.010104,-0.086184,-0.004788,-9.832158,-9.832537,0.00213,-0.00639,0.00213,99430.6,25.67,-0.00327
1745.75532,0.010107,-0.069426,-0.009576,-9.813006,-9.813256,0.001065,-0.003195,0,99430.6,25.67,0.016011
1745.765413,0.010093,-0.076608,0.01197,-9.834552,-9.834858,0.00213,-0.005325,0.003195,99430.6,25.67,-0.005591
1745.775759,0.010347,-0.07182,0.026334,-9.820188,-9.820486,0.001065,-0.007455,0.00213,99430.6,25.67,0.008781
1745.786031,0.010272,-0.076608,-0.009576,-9.832158,-9.832461,0.00213,-0.007455,0,99430.6,25.67,-0.003194
1745.796125,0.010094,-0.079002,0.028728,-9.858492,-9.85885,0,-0.005325,0.003195,99430.6,25.67,-0.029583
1745.806268,0.010143,-0.074214,-0.009576,-9.808218,-9.808503,0.003195,-0.00426,0.00213,99430.6,25.67,0.020764
1745.816375,0.010107,-0.055062,0.021546,-9.8154,-9.815578,0,-0.007455,0.003195,99430.6,25.67,0.013689
1745.826465,0.01009,-0.062244,0.014364,-9.836946,-9.837153,0.003195,-0.00639,0.003195,99430.6,25.67,-0.007886
1745.836563,0.010098,-0.064638,-0.009576,-9.798642,-9.79886,0.001065,-0.00639,0.00213,99430.6,25.67,0.030407
1745.846652,0.010088,-0.03591,0.021546,-9.822582,-9.822671,0.00213,-0.005325,0.001065,99430.6,25.67,0.006596
1745.856745,0.010094,-0.067032,0.01197,-9.829764,-9.83,0.00426,-0.007455,0.005325,99430.6,25.67,-0.000733
1745.866832,0.010087,-0.062244,0.052668,-9.784278,-9.784618,0.001065,-0.005325,0.00213,99430.55,25.67,0.044649
1745.876942,0.01011,-0.057456,0.021546,-9.832158,-9.832349,0.001065,-0.003195,0.00426,99430.55,25.67,-0.003082
1745.88704,0.010098,-0.074214,0.019152,-9.808218,-9.808517,0.00213,-0.003195,0.001065,99430.55,25.67,0.02075
1745.897167,0.010126,-0.052668,0.038304,-9.829764,-9.82998,0.001065,-0.005325,0.001065,99430.55,25.67,-0.000713
1745.907287,0.01012,-0.081396,0.004788,-9.822582,-9.82292,0.003195,-0.003195,0.003195,99430.55,25.67,0.006347
1745.917374,0.010088,-0.07182,0.02394,-9.824976,-9.825268,0.00213,-0.00852,0.00213,99430.55,25.67,0.003999
1745.927511,0.010137,-0.08379,0.016758,-9.83934,-9.839711,0.005325,-0.005325,0.001065,99430.55,25.67,-0.010444
1745.937614,0.010103,-0.112518,0.002394,-9.836946,-9.83759,0.00213,-0.00852,0.00426,99430.41,25.67,-0.008323
1745.947898,0.010284,-0.100548,0.02394,-9.841734,-9.842277,0,-0.007455,0.001065,99430.41,25.67,-0.01301
1745.958042,0.010144,-0.10773,0.004788,-9.801036,-9.801629,-0.001065,-0.00426,0.00213,99430.41,25.67,0.027638
1745.968321,0.010279,-0.114912,0.028728,-9.813006,-9.813721,0,-0.003195,0.00213,99430.41,25.67,0.015546
1745.978407,0.010086,-0.114912,0.009576,-9.769914,-9.770594,0.003195,-0.00639,0,99430.41,25.67,0.058673
1745.98894,0.010533,-0.09576,0.019152,-9.83934,-9.839825,-0.001065,-0.005325,0.001065,99430.41,25.67,-0.010558
1745.99948,0.010541,-0.105336,-0.016758,-9.82737,-9.827949,0.003195,-0.007455,0.001065,99430.36,25.67,0.001318
1746.009657,0.010176,-0.069426,0.014364,-9.832158,-9.832414,0.001065,-0.00639,0,99430.36,25.67,-0.003147
1746.01979,0.010134,-0.064638,-0.043092,-9.853704,-9.85401,0.00213,-0.005325,0,99430.36,25.67,-0.024743
1746.029881,0.01009,-0.033516,-0.014364,-9.846522,-9.84659,0.00426,-0.003195,0.00213,99430.36,25.67,-0.017323
1746.039973,0.010092,-0.052668,-0.040698,-9.822582,-9.822808,0.00213,-0.00639,0.00426,99430.36,25.67,0.006459
1746.050092,0.010118,-0.052668,-0.002394,-9.83934,-9.839481,0.00213,-0.007455,0.003195,99430.36,25.67,-0.010214
1746.060179,0.010087,-0.09576,-0.01197,-9.82737,-9.827844,0.00213,-0.005325,0.001065,99430.28,25.67,0.001423
1746.070288,0.010109,-0.098154,0.02394,-9.810612,-9.811132,0.001065,-0.00426,0.00426,99430.28,25.67,0.018135
1746.080391,0.010103,-0.079002,-0.002394,-9.789066,-9.789385,0.00213,-0.00639,0.00213,99430.28,25.67,0.039882
1746.090494,0.010103,-0.102942,0.007182,-9.817794,-9.818336,0,-0.003195,0.001065,99430.28,25.67,0.010931
1746.100596,0.010101,-0.069426,0.031122,-9.824976,-9.825271,0.00213,-0.005325,0.00213,99430.28,25.67,0.003996
1746.11069,0.010095,-0.067032,0.01197,-9.801036,-9.801273,0.00213,-0.005325,0.001065,99430.28,25.67,0.027994
1746.120807,0.010117,-0.062244,0.052668,-9.832158,-9.832496,0.001065,-0.005325,0.003195,99430.28,25.67,-0.003229
1746.130895,0.010087,-0.102942,0.03591,-9.841734,-9.842338,0.003195,-0.005325,0.003195,99430.28,25.67,-0.013071
1746.140996,0.010102,-0.10773,0.02394,-9.824976,-9.825596,-0.001065,-0.005325,0.00213,99430.28,25.67,0.003671
1746.151087,0.010091,-0.08379,0.052668,-9.817794,-9.818293,0.00213,-0.00639,-0.001065,99430.28,25.67,0.010974
1746.161179,0.010092,-0.07182,0.052668,-9.79146,-9.791865,0,-0.003195,0,99430.28,25.67,0.037402
1746.171295,0.010116,-0.093366,0.021546,-9.817794,-9.818262,0.00213,-0.005325,0.001065,99430.28,25.67,0.011005
1746.181386,0.010092,-0.10773,0.014364,-9.846522,-9.847122,0.001065,-0.005325,0,99430.28,25.67,-0.017855
1746.191495,0.010108,-0.05985,0.002394,-9.829764,-9.829946,0.00213,-0.00639,0.001065,99430.35,25.67,-0.000679
1746.201613,0.010119,-0.086184,-0.016758,-9.810612,-9.811005,0.003195,-0.00426,-0.001065,99430.35,25.67,0.018262
1746.212223,0.010609,-0.07182,-0.02394,-9.865674,-9.865964,0.001065,-0.007455,0.001065,99430.35,25.67,-0.036697
1746.22234,0.010117,-0.062244,0.002394,-9.824976,-9.825173,0.001065,-0.005325,0.001065,99430.35,25.67,0.004094
1746.232467,0.010127,-0.079002,-0.021546,-9.798642,-9.798984,0.001065,-0.00639,-0.00213,99430.35,25.67,0.030283
1746.24256,0.010093,-0.052668,-0.021546,-9.808218,-9.808383,0,-0.00639,0.00213,99430.35,25.67,0.020884
1746.252676,0.010116,-0.076608,0.019152,-9.813006,-9.813324,0.00426,-0.00426,0.003195,99430.17,25.67,0.015943
1746.262792,0.010116,-0.043092,-0.021546,-9.829764,-9.829882,0.001065,-0.00639,0.00426,99430.17,25.67,-0.000615
1746.272905,0.010113,-0.07182,-0.007182,-9.834552,-9.834817,0.003195,-0.00426,0.001065,99430.17,25.67,-0.00555
1746.283147,0.010242,-0.04788,-0.007182,-9.824976,-9.825095,0.001065,-0.00426,0.003195,99430.17,25.67,0.004172
1746.293245,0.010098,-0.052668,-0.014364,-9.82737,-9.827522,0.00213,-0.00426,0.001065,99430.17,25.67,0.001745
1746.303348,0.010103,-0.08379,0.009576,-9.793854,-9.794217,0.00213,-0.00852,0.00426,99430.17,25.67,0.03505
1746.313532,0.010184,-0.07182,0.02394,-9.822582,-9.822874,0.00213,-0.005325,0.00213,99430.09,25.67,0.006393
1746.323623,0.010091,-0.10773,0.040698,-9.793854,-9.794531,0.00213,-0.003195,0.001065,99430.09,25.67,0.034736
1746.333709,0.010086,-0.076608,0.045486,-9.856098,-9.856501,0.003195,-0.00852,0.003195,99430.09,25.67,-0.027234
1746.345618,0.011909,-0.093366,0.050274,-9.805824,-9.806397,0.003195,-0.003195,0.00213,99430.09,25.67,0.02287
1746.356855,0.011237,-0.081396,0.03591,-9.85131,-9.851712,0.00213,-0.00852,0.00213,99430.09,25.67,-0.022445
1746.368128,0.011274,-0.102942,0.021546,-9.822582,-9.823145,0.00213,-0.005325,0.00213,99430.09,25.67,0.006122
1746.379555,0.011427,-0.067032,0.016758,-9.824976,-9.825219,0.003195,-0.00213,0.001065,99429.88,25.67,0.004048
1746.390467,0.010912,-0.069426,0.02394,-9.810612,-9.810887,0.001065,-0.005325,0.003195,99429.88,25.67,0.01838
1746.401581,0.011114,-0.067032,0.004788,-9.834552,-9.834782,0.001065,-0.003195,0.001065,99429.88,25.67,-0.005515
1746.412794,0.011213,-0.08379,0.021546,-9.820188,-9.820569,0.001065,-0.005325,0.003195,99429.88,25.67,0.008698
