time,dt,accel_x,accel_y,accel_z,union_g,gyro_x,gyro_y,gyro_z,pressure,temp,ag,ag,,,,-9.823794359
119.295317,0.010108,0.002394,-0.086184,-9.820188,-9.820566,0.001065,-0.00426,0.00426,98991.37,25.94,0.003228359,0.008701,,,,
119.305445,0.010129,-0.004788,-0.076608,-9.82737,-9.82767,-0.001065,-0.005325,0.003195,98991.37,25.94,-0.003875641,0.001597,,,,
119.315537,0.010092,-0.01197,-0.093366,-9.836946,-9.837396,0.003195,-0.005325,0.001065,98991.37,25.94,-0.013601641,-0.008129,,,,
119.32563,0.010093,-0.009576,-0.090972,-9.844128,-9.844553,0,-0.003195,0.001065,98991.37,25.94,-0.020758641,-0.015286,,,,
119.336298,0.010667,-0.02394,-0.043092,-9.813006,-9.81313,0.00213,-0.003195,0.00426,98991.37,25.94,0.010664359,0.016137,,,,
119.34642,0.010122,-0.016758,-0.069426,-9.82737,-9.82763,0,-0.00426,0.003195,98991.37,25.94,-0.003835641,0.001637,,,,
119.356509,0.010089,-0.038304,-0.067032,-9.834552,-9.834855,0.00213,-0.00426,0.001065,98991.41,25.94,-0.011060641,-0.005588,,,,
119.366615,0.010106,0.014364,-0.067032,-9.808218,-9.808458,0.001065,-0.00426,0.00213,98991.41,25.94,0.015336359,0.020809,,,,
119.376872,0.010257,-0.009576,-0.08379,-9.8154,-9.815762,0.001065,-0.00639,0.00426,98991.41,25.94,0.008032359,0.013505,,,,
119.386964,0.010092,-0.055062,-0.064638,-9.822582,-9.822949,0.001065,-0.003195,0.003195,98991.41,25.94,0.000845359,0.006318,,,,
119.397062,0.010097,0,-0.079002,-9.80343,-9.803748,0.003195,-0.005325,0.001065,98991.41,25.94,0.020046359,0.025519,,,,
119.407147,0.010086,-0.019152,-0.064638,-9.810612,-9.810844,0,-0.005325,0.003195,98991.41,25.94,0.012950359,0.018423,,,,
119.417251,0.010104,-0.05985,-0.064638,-9.844128,-9.844522,0.001065,-0.00639,0.003195,98991.41,25.94,-0.020727641,-0.015255,,,,
119.427419,0.010168,0.007182,-0.086184,-9.8154,-9.815781,0.00426,-0.00426,0.003195,98991.41,25.94,0.008013359,0.013486,,,,
119.437737,0.010318,-0.019152,-0.062244,-9.820188,-9.820404,0.001065,-0.005325,0.003195,98991.41,25.94,0.003390359,0.008863,,,,
119.448095,0.010358,-0.016758,-0.081396,-9.83934,-9.839691,0.00213,-0.005325,0.001065,98991.41,25.94,-0.015896641,-0.010424,,,,
119.458194,0.010099,-0.009576,-0.093366,-9.824976,-9.825424,0.00213,-0.005325,0.00213,98991.41,25.94,-0.001629641,0.003843,,,,
119.46829,0.010096,-0.076608,-0.074214,-9.810612,-9.811192,0.003195,-0.007455,0.00213,98991.41,25.94,0.012602359,0.018075,,,,
119.478412,0.010123,-0.031122,-0.098154,-9.82737,-9.827909,-0.001065,-0.00426,-0.00213,98991.41,25.94,-0.004114641,0.001358,,,,
119.48853,0.010118,-0.03591,-0.102942,-9.820188,-9.820793,0.00213,-0.00426,0.003195,98991.41,25.94,0.003001359,0.008474,,,,
119.498642,0.010112,-0.043092,-0.098154,-9.844128,-9.844712,0.00213,-0.007455,0.003195,98991.41,25.94,-0.020917641,-0.015445,,,,
119.508746,0.010103,-0.028728,-0.086184,-9.824976,-9.825396,0.003195,-0.00426,0.001065,98991.41,25.94,-0.001601641,0.003871,,,,
119.518873,0.010127,-0.004788,-0.079002,-9.80343,-9.803749,0.001065,-0.00426,0.00213,98991.41,25.94,0.020045359,0.025518,,,,
119.52896,0.010087,-0.055062,-0.05985,-9.805824,-9.806161,0.003195,-0.00426,0.00213,98991.41,25.94,0.017633359,0.023106,,,,
119.539054,0.010094,-0.009576,-0.052668,-9.810612,-9.810758,0.001065,-0.00639,0.001065,98991.41,25.94,0.013036359,0.018509,,,,
119.549145,0.010092,-0.016758,-0.074214,-9.8154,-9.815695,0,-0.00426,0.00213,98991.33,25.94,0.008099359,0.013572,,,,
119.559312,0.010167,-0.028728,-0.062244,-9.813006,-9.813245,0.003195,-0.00639,0.003195,98991.33,25.94,0.010549359,0.016022,,,,
119.569428,0.010116,-0.03591,-0.05985,-9.82737,-9.827618,0.001065,-0.00426,0.003195,98991.33,25.94,-0.003823641,0.001649,,,,
119.579517,0.010088,0.009576,-0.04788,-9.824976,-9.825097,0,-0.005325,0.003195,98991.33,25.94,-0.001302641,0.00417,,,,
119.589606,0.010089,-0.019152,-0.05985,-9.817794,-9.817995,0.00213,-0.001065,0.00213,98991.33,25.94,0.005799359,0.011272,,,,
119.599707,0.010102,-0.026334,-0.069426,-9.820188,-9.820469,0.00213,-0.005325,0,98991.33,25.94,0.003325359,0.008798,,,,
119.609899,0.010191,0.004788,-0.064638,-9.822582,-9.822796,0.001065,-0.00639,0.00213,98991.18,25.94,0.000998359,0.006471,,,,
119.620028,0.010129,-0.038304,-0.050274,-9.832158,-9.832361,0.003195,-0.00639,0.00213,98991.18,25.94,-0.008566641,-0.003094,,,,
119.630119,0.010091,-0.038304,-0.076608,-9.829764,-9.830137,0.00213,-0.00213,0.00426,98991.18,25.94,-0.006342641,-0.00087,,,,
119.640221,0.010102,-0.01197,-0.079002,-9.810612,-9.810937,0.00213,-0.003195,0.001065,98991.18,25.94,0.012857359,0.01833,,,,
119.650312,0.010091,-0.026334,-0.074214,-9.824976,-9.825292,0.00426,-0.005325,0.001065,98991.18,25.94,-0.001497641,0.003975,,,,
119.660573,0.010261,-0.02394,-0.088578,-9.798642,-9.799072,0.00426,-0.005325,0,98991.18,25.94,0.024722359,0.030195,,,,
119.67078,0.010207,-0.016758,-0.076608,-9.808218,-9.808531,0,-0.00639,0.003195,98991.09,25.94,0.015263359,0.020736,,,,
119.680873,0.010093,-0.026334,-0.098154,-9.82737,-9.827895,0.003195,-0.003195,0.003195,98991.09,25.94,-0.004100641,0.001372,,,,
119.690956,0.010083,-0.026334,-0.081396,-9.813006,-9.813379,0.00213,-0.005325,0.003195,98991.09,25.94,0.010415359,0.015888,,,,
119.701056,0.0101,-0.01197,-0.08379,-9.798642,-9.799008,0.001065,-0.005325,0.00426,98991.09,25.94,0.024786359,0.030259,,,,
119.71118,0.010124,-0.028728,-0.09576,-9.829764,-9.830272,0,-0.00426,0.001065,98991.09,25.94,-0.006477641,-0.001005,,,,
119.721283,0.010102,-0.021546,-0.110124,-9.801036,-9.801678,0.001065,-0.007455,0.00213,98991.09,25.94,0.022116359,0.027589,,,,
119.731396,0.010113,-0.009576,-0.05985,-9.829764,-9.829951,0.003195,-0.00213,0.00426,98991.09,25.94,-0.006156641,-0.000684,,,,
119.741552,0.010156,-0.052668,-0.093366,-9.860886,-9.861469,0.005325,-0.005325,0.00213,98991.12,25.94,-0.037674641,-0.032202,,,,
119.751648,0.010096,-0.038304,-0.093366,-9.834552,-9.83507,0.00213,-0.005325,0.00426,98991.12,25.94,-0.011275641,-0.005803,,,,
119.761753,0.010105,-0.031122,-0.114912,-9.817794,-9.818516,0.001065,-0.005325,0.00213,98991.12,25.94,0.005278359,0.010751,,,,
119.771847,0.010094,-0.064638,-0.079002,-9.82737,-9.8279,0.003195,-0.005325,0.001065,98991.12,25.94,-0.004105641,0.001367,,,,
119.781929,0.010082,-0.009576,-0.08379,-9.832158,-9.83252,-0.001065,-0.003195,0.001065,98991.12,25.94,-0.008725641,-0.003253,,,,
119.792035,0.010107,-0.045486,-0.055062,-9.834552,-9.834811,0,-0.00426,0.001065,98991.12,25.94,-0.011016641,-0.005544,,,,
119.802123,0.010088,-0.055062,-0.045486,-9.860886,-9.861145,0.001065,-0.00426,0.00426,98991.12,25.94,-0.037350641,-0.031878,,,,
119.812208,0.010084,-0.05985,-0.033516,-9.846522,-9.846761,0.001065,-0.00426,0.003195,98991.12,25.94,-0.022966641,-0.017494,,,,
119.822322,0.010114,-0.021546,-0.03591,-9.834552,-9.834641,0.00213,-0.005325,0.003195,98991.12,25.94,-0.010846641,-0.005374,,,,
119.832415,0.010093,-0.04788,-0.067032,-9.836946,-9.837291,0.001065,-0.005325,0.00213,98991.12,25.94,-0.013496641,-0.008024,,,,
119.842515,0.010101,-0.062244,-0.026334,-9.858492,-9.858724,0.001065,-0.00426,0.003195,98991.12,25.94,-0.034929641,-0.029457,,,,
119.852994,0.010479,-0.004788,-0.038304,-9.817794,-9.81787,-0.003195,-0.00426,0.00213,98991.12,25.94,0.005924359,0.011397,,,,
119.863102,0.010108,-0.043092,-0.052668,-9.80343,-9.803666,0.003195,-0.00639,0,98991.12,25.94,0.020128359,0.025601,,,,
119.873191,0.010089,-0.04788,-0.038304,-9.820188,-9.820379,0.001065,-0.00213,0.003195,98990.91,25.94,0.003415359,0.008888,,,,
119.883993,0.010802,-0.031122,-0.055062,-9.801036,-9.80124,0.001065,-0.003195,0,98990.91,25.94,0.022554359,0.028027,,,,
119.895208,0.011215,-0.043092,-0.081396,-9.813006,-9.813438,0.00426,-0.00639,0.001065,98990.91,25.94,0.010356359,0.015829,,,,
119.906279,0.011071,-0.052668,-0.07182,-9.824976,-9.82538,0,-0.00639,0,98990.91,25.94,-0.001585641,0.003887,,,,
119.917875,0.011597,-0.040698,-0.086184,-9.805824,-9.806287,0.001065,-0.00426,0.00213,98990.91,25.94,0.017507359,0.02298,,,,
119.928593,0.010718,0.004788,-0.093366,-9.79146,-9.791906,0.003195,-0.005325,0.00426,98991.07,25.94,0.031888359,0.037361,,,,
119.939662,0.011069,-0.040698,-0.081396,-9.786672,-9.787095,0.00426,-0.00426,0.00213,98991.07,25.94,0.036699359,0.042172,,,,
119.950963,0.0113,-0.019152,-0.112518,-9.832158,-9.83282,0,-0.007455,0.00213,98991.07,25.94,-0.009025641,-0.003553,,,,
119.962147,0.011185,0.004788,-0.105336,-9.820188,-9.820754,0.00426,-0.00426,0.00213,98991.07,25.94,0.003040359,0.008513,,,,
119.973224,0.011077,0.040698,-0.153216,-9.856098,-9.857373,0.001065,-0.00426,0.005325,98991.07,25.94,-0.033578641,-0.028106,,,,
119.98442,0.011195,-0.031122,-0.122094,-9.805824,-9.806633,0.00213,-0.003195,0.00213,98991.07,25.94,0.017161359,0.022634,,,,
119.995666,0.011247,-0.043092,-0.09576,-9.832158,-9.832719,0.00213,-0.00639,0.001065,98991.09,25.94,-0.008924641,-0.003452,,,,
120.00686,0.011194,-0.002394,-0.08379,-9.80343,-9.803788,-0.001065,-0.00213,0.00426,98991.09,25.94,0.020006359,0.025479,,,,
120.018064,0.011204,0.016758,-0.064638,-9.836946,-9.837173,0,-0.003195,0.00213,98991.09,25.94,-0.013378641,-0.007906,,,,
120.029169,0.011106,-0.02394,-0.07182,-9.822582,-9.822874,0.003195,-0.005325,0.001065,98991.09,25.94,0.000920359,0.006393,,,,
120.04033,0.01116,-0.055062,-0.088578,-9.841734,-9.842287,-0.001065,-0.003195,0,98991.09,25.94,-0.018492641,-0.01302,,,,
120.051529,0.0112,-0.016758,-0.04788,-9.8154,-9.815531,0.001065,-0.00426,0.001065,98991.09,25.94,0.008263359,0.013736,,,,
120.063027,0.011498,-0.016758,-0.04788,-9.822582,-9.822713,0.001065,-0.005325,0,98990.93,25.94,0.001081359,0.006554,,,,
120.073962,0.010935,-0.03591,-0.050274,-9.844128,-9.844322,0.001065,-0.00426,0.003195,98990.93,25.94,-0.020527641,-0.015055,,,,
120.085075,0.011113,-0.040698,-0.03591,-9.83934,-9.83949,0,-0.00213,0,98990.93,25.94,-0.015695641,-0.010223,,,,
120.096421,0.011346,0.007182,-0.033516,-9.846522,-9.846582,0.001065,-0.00639,0.00213,98990.93,25.94,-0.022787641,-0.017315,,,,
120.107452,0.011031,-0.026334,-0.050274,-9.820188,-9.820352,0.00213,-0.003195,0.00213,98990.93,25.94,0.003442359,0.008915,,,,
120.118897,0.011445,-0.026334,-0.074214,-9.832158,-9.832473,0.00213,-0.005325,0.003195,98990.93,25.94,-0.008678641,-0.003206,,,,
120.130397,0.011499,-0.03591,-0.093366,-9.789066,-9.789577,0,-0.003195,0,98990.93,25.94,0.034217359,0.03969,,,,
120.140976,0.010579,0.004788,-0.081396,-9.798642,-9.798981,0.00426,-0.003195,0.001065,98990.93,25.94,0.024813359,0.030286,,,,
120.152165,0.011189,-0.052668,-0.074214,-9.786672,-9.787095,0,-0.00639,0.00426,98990.93,25.94,0.036699359,0.042172,,,,
120.163452,0.011287,-0.055062,-0.045486,-9.784278,-9.784539,0.001065,-0.00639,0.00213,98990.93,25.94,0.039255359,0.044728,,,,
120.174561,0.011109,-0.031122,-0.045486,-9.822582,-9.822737,-0.00213,-0.007455,0.001065,98990.93,25.94,0.001057359,0.00653,,,,
120.185841,0.01128,-0.01197,-0.040698,-9.793854,-9.793946,0.00426,-0.003195,0.00213,98990.93,25.94,0.029848359,0.035321,,,,
120.196963,0.011122,-0.040698,-0.03591,-9.808218,-9.808368,0.003195,-0.007455,0.00213,98990.93,25.94,0.015426359,0.020899,,,,
120.208109,0.011146,-0.045486,-0.10773,-9.853704,-9.854398,0.001065,-0.005325,0,98990.93,25.94,-0.030603641,-0.025131,,,,
120.219381,0.011272,-0.062244,-0.102942,-9.844128,-9.844863,-0.00213,-0.00426,0,98990.93,25.94,-0.021068641,-0.015596,,,,
120.230493,0.011111,-0.052668,-0.090972,-9.853704,-9.854265,0.001065,-0.00213,0.00426,98990.93,25.94,-0.030470641,-0.024998,,,,
120.241685,0.011192,-0.05985,-0.086184,-9.892008,-9.892564,0.003195,-0.00639,0.00426,98990.93,25.94,-0.068769641,-0.063297,,,,
120.252834,0.011149,-0.043092,-0.050274,-9.882432,-9.882654,0,-0.001065,0.00213,98991.02,25.94,-0.058859641,-0.053387,,,,
120.264,0.011166,-0.045486,-0.03591,-9.856098,-9.856268,0.00213,-0.00213,-0.001065,98991.02,25.94,-0.032473641,-0.027001,,,,
120.275243,0.011243,-0.02394,-0.062244,-9.817794,-9.81802,0,-0.00639,0.003195,98991.02,25.94,0.005774359,0.011247,,,,
120.285635,0.010393,-0.038304,-0.07182,-9.774702,-9.775041,0.00213,-0.005325,0.00426,98991.02,25.94,0.048753359,0.054226,,,,
120.295757,0.010121,-0.01197,-0.093366,-9.76752,-9.767974,0,-0.00852,0.003195,98991.02,25.94,0.055820359,0.061293,,,,
120.305843,0.010086,-0.043092,-0.136458,-9.75555,-9.756599,0.00213,-0.003195,0.00213,98991.02,25.94,0.067195359,0.072668,,,,
120.315958,0.010115,-0.016758,-0.112518,-9.772308,-9.77297,0.001065,-0.003195,0.003195,98991.05,25.94,0.050824359,0.056297,,,,
120.326043,0.010085,0.009576,-0.09576,-9.76752,-9.767994,0.001065,-0.003195,0.001065,98991.05,25.94,0.055800359,0.061273,,,,
120.336185,0.010143,0.033516,-0.112518,-9.789066,-9.78977,0,-0.00426,-0.001065,98991.05,25.94,0.034024359,0.039497,,,,
120.346272,0.010087,0.016758,-0.069426,-9.82737,-9.82763,0.00213,-0.005325,0.00213,98991.05,25.94,-0.003835641,0.001637,,,,
120.356375,0.010102,0.04788,-0.08379,-9.836946,-9.837419,0.001065,-0.00426,0.001065,98991.05,25.94,-0.013624641,-0.008152,,,,
120.366465,0.01009,0.019152,-0.090972,-9.832158,-9.832598,0.00213,-0.005325,0.003195,98991.05,25.94,-0.008803641,-0.003331,,,,
120.376562,0.010098,-0.01197,-0.117306,-9.901584,-9.902286,0,-0.00213,0.003195,98991.13,25.94,-0.078491641,-0.073019,,,,
120.386664,0.010102,-0.016758,-0.112518,-9.86328,-9.863936,0.00213,-0.005325,0,98991.13,25.94,-0.040141641,-0.034669,,,,
120.39686,0.010196,0.021546,-0.088578,-9.844128,-9.84455,0.001065,-0.00426,0.003195,98991.13,25.94,-0.020755641,-0.015283,,,,
120.406951,0.010092,-0.009576,-0.114912,-9.86328,-9.863954,0.00213,-0.005325,0.00426,98991.13,25.94,-0.040159641,-0.034687,,,,
120.417104,0.010152,-0.040698,-0.074214,-9.856098,-9.856461,0.00213,-0.003195,0.00426,98991.13,25.94,-0.032666641,-0.027194,,,,
120.427188,0.010085,0.007182,-0.045486,-9.817794,-9.817902,0.00213,-0.003195,0.003195,98991.13,25.94,0.005892359,0.011365,,,,
120.437508,0.01032,-0.03591,-0.028728,-9.841734,-9.841841,0.001065,-0.005325,0.001065,98991.13,25.94,-0.018046641,-0.012574,,,,
120.447584,0.010076,-0.074214,0.002394,-9.801036,-9.801317,0.003195,-0.00213,0.00213,98991.2,25.94,0.022477359,0.02795,,,,
120.457674,0.01009,-0.019152,-0.02394,-9.753156,-9.753204,0.00213,-0.005325,0.003195,98991.2,25.94,0.070590359,0.076063,,,,
120.467802,0.010128,-0.076608,-0.064638,-9.824976,-9.825487,0.001065,-0.005325,0.00213,98991.2,25.94,-0.001692641,0.00378,,,,
120.477906,0.010104,-0.052668,-0.026334,-9.789066,-9.789243,0.00213,-0.003195,0.003195,98991.2,25.94,0.034551359,0.040024,,,,
120.488155,0.010249,-0.064638,-0.031122,-9.769914,-9.770177,0.00213,-0.005325,0.00213,98991.2,25.94,0.053617359,0.05909,,,,
120.498261,0.010106,-0.08379,-0.055062,-9.808218,-9.80873,0.003195,-0.003195,0.00213,98991.2,25.94,0.015064359,0.020537,,,,
120.508368,0.010108,-0.03591,-0.04788,-9.83934,-9.839522,0.00213,-0.00426,0.003195,98991.2,25.94,-0.015727641,-0.010255,,,,
120.518466,0.010098,-0.045486,-0.040698,-9.820188,-9.820378,0.00213,-0.00426,0,98991.2,25.94,0.003416359,0.008889,,,,
120.528548,0.010082,-0.05985,-0.055062,-9.87525,-9.875585,0,-0.00426,0.00213,98991.2,25.94,-0.051790641,-0.046318,,,,
120.538642,0.010093,-0.026334,-0.064638,-9.817794,-9.818042,0.00426,-0.00426,0.001065,98991.2,25.94,0.005752359,0.011225,,,,
120.548744,0.010103,-0.028728,-0.088578,-9.829764,-9.830205,0.00213,-0.00639,0.00213,98991.2,25.94,-0.006410641,-0.000938,,,,
120.558845,0.0101,-0.043092,-0.076608,-9.846522,-9.846914,0.00213,-0.00426,0.00213,98991.2,25.94,-0.023119641,-0.017647,,,,
120.568939,0.010094,0.002394,-0.110124,-9.810612,-9.81123,0.001065,-0.00426,0.001065,98991.25,25.94,0.012564359,0.018037,,,,
120.579044,0.010105,0.021546,-0.124488,-9.793854,-9.794669,0.001065,-0.00639,0.001065,98991.25,25.94,0.029125359,0.034598,,,,
120.589154,0.01011,-0.026334,-0.146034,-9.805824,-9.806947,0.00213,-0.005325,0.00213,98991.25,25.94,0.016847359,0.02232,,,,
120.599271,0.010117,0.050274,-0.112518,-9.8154,-9.816174,0.003195,-0.00213,0,98991.25,25.94,0.007620359,0.013093,,,,
120.609455,0.010184,-0.019152,-0.1197,-9.834552,-9.835299,0.003195,-0.003195,0.00213,98991.25,25.94,-0.011504641,-0.006032,,,,
120.619556,0.010101,-0.004788,-0.110124,-9.822582,-9.8232,0.00213,-0.001065,0,98991.25,25.94,0.000594359,0.006067,,,,
120.62966,0.010105,-0.016758,-0.100548,-9.853704,-9.854231,0.001065,-0.003195,0,98991.25,25.94,-0.030436641,-0.024964,,,,
120.639771,0.010111,0.028728,-0.122094,-9.82737,-9.82817,0.00213,-0.00426,0.001065,98991.09,25.94,-0.004375641,0.001097,,,,
120.649915,0.010143,-0.01197,-0.117306,-9.868068,-9.868772,0.003195,-0.00426,0.00426,98991.09,25.94,-0.044977641,-0.039505,,,,
120.660056,0.010141,-0.019152,-0.138852,-9.841734,-9.842732,0.003195,-0.00426,0.00426,98991.09,25.94,-0.018937641,-0.013465,,,,
120.670145,0.01009,-0.01197,-0.09576,-9.82737,-9.827844,0.001065,-0.003195,0.00213,98991.09,25.94,-0.004049641,0.001423,,,,
120.680342,0.010196,-0.043092,-0.090972,-9.853704,-9.854218,0.001065,-0.00639,0.00213,98991.09,25.94,-0.030423641,-0.024951,,,,
120.690436,0.010094,-0.014364,-0.100548,-9.834552,-9.835076,0.00213,-0.00426,0.003195,98991.09,25.94,-0.011281641,-0.005809,,,,
120.701101,0.010665,-0.007182,-0.100548,-9.822582,-9.823099,0.001065,-0.005325,0.00213,98991.02,25.94,0.000695359,0.006168,,,,
120.711199,0.010098,-0.064638,-0.074214,-9.841734,-9.842226,0.003195,-0.005325,0.003195,98991.02,25.94,-0.018431641,-0.012959,,,,
120.721289,0.01009,-0.055062,-0.052668,-9.801036,-9.801332,0.001065,-0.007455,0.00426,98991.02,25.94,0.022462359,0.027935,,,,
120.731369,0.010079,-0.02394,-0.038304,-9.813006,-9.81311,0.001065,-0.005325,0.00213,98991.02,25.94,0.010684359,0.016157,,,,
120.741494,0.010126,-0.062244,-0.057456,-9.801036,-9.801402,0.00213,-0.00213,0.00213,98991.02,25.94,0.022392359,0.027865,,,,
120.751572,0.010078,-0.028728,-0.057456,-9.77949,-9.779701,0.00213,-0.00639,0.00426,98991.02,25.94,0.044093359,0.049566,,,,
120.761663,0.010091,-0.033516,-0.045486,-9.789066,-9.789229,0.00213,-0.00639,0.001065,98991.1,25.95,0.034565359,0.040038,,,,
120.771756,0.010093,-0.043092,-0.055062,-9.789066,-9.789316,0.001065,-0.005325,0.00213,98991.1,25.95,0.034478359,0.039951,,,,
120.78186,0.010104,-0.007182,-0.062244,-9.786672,-9.786873,0.001065,-0.003195,0.003195,98991.1,25.95,0.036921359,0.042394,,,,
120.7921,0.01024,-0.050274,-0.062244,-9.808218,-9.808544,0,-0.00639,0.001065,98991.1,25.95,0.015250359,0.020723,,,,
120.802189,0.01009,-0.031122,-0.038304,-9.85131,-9.851434,0.001065,-0.00426,-0.001065,98991.1,25.95,-0.027639641,-0.022167,,,,
120.812613,0.010423,-0.004788,-0.04788,-9.86328,-9.863397,0.00213,-0.005325,0.00426,98991.1,25.95,-0.039602641,-0.03413,,,,
120.822728,0.010116,-0.016758,-0.040698,-9.858492,-9.85859,0.00213,-0.00426,0.00213,98991.1,25.94,-0.034795641,-0.029323,,,,
120.832874,0.010146,-0.040698,-0.055062,-9.865674,-9.865912,0.001065,-0.005325,0,98991.1,25.94,-0.042117641,-0.036645,,,,
120.842987,0.010113,-0.043092,-0.069426,-9.86328,-9.863618,0,-0.003195,0.003195,98991.1,25.94,-0.039823641,-0.034351,,,,
120.853076,0.010089,0.007182,-0.076608,-9.834552,-9.834853,0.001065,-0.00213,0.00213,98991.1,25.94,-0.011058641,-0.005586,,,,
120.863423,0.010347,-0.031122,-0.08379,-9.83934,-9.839746,0,-0.007455,0.00213,98991.1,25.94,-0.015951641,-0.010479,,,,
120.873508,0.010085,-0.004788,-0.102942,-9.834552,-9.835092,0.001065,-0.005325,0.001065,98991.1,25.94,-0.011297641,-0.005825,,,,
120.883659,0.010152,0.019152,-0.07182,-9.789066,-9.789348,0.001065,-0.00426,0.00213,98991.1,25.94,0.034446359,0.039919,,,,
120.893752,0.010092,-0.021546,-0.098154,-9.796248,-9.796763,0.001065,-0.00639,0.00213,98991.12,25.94,0.027031359,0.032504,,,,
120.903896,0.010144,-0.02394,-0.09576,-9.824976,-9.825472,0.003195,-0.00426,0.001065,98991.12,25.94,-0.001677641,0.003795,,,,
120.914006,0.010111,-0.009576,-0.057456,-9.784278,-9.784451,0.003195,-0.00852,0.00213,98991.12,25.94,0.039343359,0.044816,,,,
120.924466,0.01046,-0.033516,-0.110124,-9.772308,-9.772986,0.001065,-0.005325,0.00213,98991.12,25.94,0.050808359,0.056281,,,,
120.934633,0.010167,-0.031122,-0.112518,-9.820188,-9.820882,0.00213,-0.003195,0.003195,98991.12,25.94,0.002912359,0.008385,,,,
120.944724,0.01009,-0.02394,-0.105336,-9.781884,-9.78248,-0.001065,-0.003195,0.001065,98991.12,25.94,0.041314359,0.046787,,,,
120.954838,0.010114,-0.033516,-0.112518,-9.822582,-9.823284,0.001065,-0.00639,0.001065,98991.1,25.95,0.000510359,0.005983,,,,
120.964966,0.010128,-0.01197,-0.088578,-9.786672,-9.78708,0.00213,-0.00426,0.00426,98991.1,25.95,0.036714359,0.042187,,,,
120.975056,0.01009,-0.007182,-0.079002,-9.798642,-9.798963,0.003195,-0.005325,0.003195,98991.1,25.95,0.024831359,0.030304,,,,
120.985174,0.010118,-0.057456,-0.076608,-9.844128,-9.844594,0.00213,-0.005325,0.00426,98991.1,25.95,-0.020799641,-0.015327,,,,
120.995289,0.010115,-0.016758,-0.07182,-9.892008,-9.892283,0.001065,-0.005325,0.001065,98991.1,25.95,-0.068488641,-0.063016,,,,
121.005453,0.010165,-0.031122,-0.098154,-9.856098,-9.856636,0.001065,-0.00426,0.003195,98991.1,25.95,-0.032841641,-0.027369,,,,
121.015559,0.010106,-0.067032,-0.057456,-9.856098,-9.856493,0.003195,-0.00426,0.00213,98991.1,25.95,-0.032698641,-0.027226,,,,
121.025647,0.010088,-0.01197,-0.093366,-9.87525,-9.875699,0.001065,-0.00639,0.003195,98990.89,25.95,-0.051904641,-0.046432,,,,
121.035763,0.010117,-0.04788,-0.064638,-9.80343,-9.80376,0.003195,-0.00426,0.00213,98990.89,25.95,0.020034359,0.025507,,,,
121.045867,0.010104,-0.045486,-0.045486,-9.844128,-9.844338,-0.001065,-0.005325,0.00213,98990.89,25.95,-0.020543641,-0.015071,,,,
121.056002,0.010134,-0.069426,-0.064638,-9.829764,-9.830222,0.003195,-0.003195,0.00213,98990.89,25.95,-0.006427641,-0.000955,,,,
121.066098,0.010096,-0.01197,-0.052668,-9.798642,-9.798791,0.00213,-0.00426,0.00213,98990.89,25.95,0.025003359,0.030476,,,,
121.076182,0.010085,-0.055062,-0.081396,-9.82737,-9.827861,0.003195,-0.00426,0.003195,98990.89,25.95,-0.004066641,0.001406,,,,
121.086277,0.010095,-0.05985,-0.031122,-9.817794,-9.818026,0,-0.00426,0,98990.97,25.95,0.005768359,0.011241,,,,
121.096446,0.010169,0,-0.021546,-9.772308,-9.772332,0.001065,-0.00639,0.003195,98990.97,25.95,0.051462359,0.056935,,,,
121.106532,0.010086,-0.040698,-0.052668,-9.808218,-9.808444,0.00426,-0.00213,0.001065,98990.97,25.95,0.015350359,0.020823,,,,
121.116728,0.010196,-0.045486,-0.057456,-9.832158,-9.832431,0.001065,-0.00426,0.00213,98990.97,25.95,-0.008636641,-0.003164,,,,
121.126818,0.01009,-0.004788,-0.07182,-9.789066,-9.789331,0.00213,-0.005325,-0.001065,98990.97,25.95,0.034463359,0.039936,,,,
121.137053,0.010235,-0.028728,-0.074214,-9.829764,-9.830086,0.001065,-0.005325,0.001065,98990.97,25.95,-0.006291641,-0.000819,,,,
121.147215,0.010162,-0.016758,-0.062244,-9.832158,-9.832369,0.001065,-0.00426,-0.001065,98990.97,25.95,-0.008574641,-0.003102,,,,
121.157313,0.010098,0.007182,-0.079002,-9.85131,-9.851629,0.00213,-0.005325,0,98990.97,25.95,-0.027834641,-0.022362,,,,
121.167398,0.010085,-0.014364,-0.064638,-9.860886,-9.861108,0.00213,-0.005325,0.001065,98990.97,25.95,-0.037313641,-0.031841,,,,
121.177503,0.010105,-0.004788,-0.08379,-9.83934,-9.839698,-0.001065,-0.007455,0.001065,98990.97,25.95,-0.015903641,-0.010431,,,,
121.187595,0.010092,0.019152,-0.081396,-9.836946,-9.837301,0.003195,-0.003195,0,98990.97,25.95,-0.013506641,-0.008034,,,,
121.197686,0.010092,0.007182,-0.08379,-9.83934,-9.839699,0.00213,-0.003195,0.001065,98990.97,25.95,-0.015904641,-0.010432,,,,
121.207802,0.010115,0.007182,-0.09576,-9.834552,-9.835021,0,-0.00639,0.001065,98990.99,25.95,-0.011226641,-0.005754,,,,
121.217909,0.010107,0.028728,-0.088578,-9.829764,-9.830205,0.00213,-0.003195,0.00213,98990.99,25.95,-0.006410641,-0.000938,,,,
121.22802,0.010111,0,-0.110124,-9.813006,-9.813624,0.001065,-0.00639,0.003195,98990.99,25.95,0.010170359,0.015643,,,,
121.23827,0.01025,-0.004788,-0.105336,-9.80343,-9.803997,0.001065,-0.005325,0.005325,98990.99,25.95,0.019797359,0.02527,,,,
121.248357,0.010087,-0.026334,-0.093366,-9.82737,-9.827849,0.00213,-0.00426,0.001065,98990.99,25.95,-0.004054641,0.001418,,,,
121.259761,0.011403,-0.007182,-0.064638,-9.8154,-9.815615,0,-0.003195,0.00426,98990.99,25.95,0.008179359,0.013652,,,,
121.271165,0.011405,-0.050274,-0.079002,-9.80343,-9.803877,0.003195,-0.00852,0.001065,98991.01,25.95,0.019917359,0.02539,,,,
121.281912,0.010747,-0.043092,-0.067032,-9.820188,-9.820511,0.00213,-0.00426,0.00426,98991.01,25.95,0.003283359,0.008756,,,,
121.293132,0.01122,-0.028728,-0.086184,-9.793854,-9.794275,0.003195,-0.00639,0.001065,98991.01,25.95,0.029519359,0.034992,,,,
121.304221,0.011089,-0.050274,-0.076608,-9.817794,-9.818222,0.003195,-0.005325,0,98991.01,25.95,0.005572359,0.011045,,,,
121.314666,0.010445,-0.088578,-0.067032,-9.817794,-9.818422,0.001065,-0.003195,0.003195,98991.01,25.95,0.005372359,0.010845,,,,
121.324752,0.010086,-0.033516,-0.079002,-9.834552,-9.834926,0.001065,-0.00426,0.00213,98991.01,25.95,-0.011131641,-0.005659,,,,
121.334874,0.010122,-0.038304,-0.055062,-9.822582,-9.822811,0.00213,-0.003195,0.001065,98991.02,25.95,0.000983359,0.006456,,,,
121.345013,0.010139,-0.064638,-0.057456,-9.820188,-9.820569,0.00213,-0.003195,0.003195,98991.02,25.95,0.003225359,0.008698,,,,
121.355096,0.010083,-0.021546,-0.028728,-9.841734,-9.8418,0.00213,-0.00639,-0.001065,98991.02,25.95,-0.018005641,-0.012533,,,,
121.365231,0.010134,-0.055062,-0.04788,-9.85131,-9.85158,0.001065,-0.00426,0.001065,98991.02,25.95,-0.027785641,-0.022313,,,,
121.375353,0.010122,-0.031122,-0.055062,-9.841734,-9.841937,0,-0.005325,0.001065,98991.02,25.95,-0.018142641,-0.01267,,,,
121.385519,0.010166,-0.007182,-0.08379,-9.822582,-9.822942,0.00213,-0.003195,0,98991.02,25.95,0.000852359,0.006325,,,,
121.39563,0.010111,-0.057456,-0.05985,-9.824976,-9.825326,0.00213,-0.00639,0.003195,98991.02,25.95,-0.001531641,0.003941,,,,
121.405863,0.010233,-0.021546,-0.08379,-9.82737,-9.827751,0.003195,-0.005325,0.00213,98990.93,25.95,-0.003956641,0.001516,,,,
121.415968,0.010104,-0.002394,-0.086184,-9.822582,-9.82296,0.001065,-0.00639,0.003195,98990.93,25.95,0.000834359,0.006307,,,,
121.426049,0.010082,-0.038304,-0.064638,-9.822582,-9.822869,0.00213,-0.00639,0.00213,98990.93,25.95,0.000925359,0.006398,,,,
121.438838,0.012789,-0.016758,-0.057456,-9.836946,-9.837128,0.00213,-0.005325,0.00426,98990.93,25.95,-0.013333641,-0.007861,,,,
121.448956,0.010118,-0.01197,-0.076608,-9.801036,-9.801343,0.001065,-0.00426,0.001065,98990.93,25.95,0.022451359,0.027924,,,,
121.459049,0.010093,-0.007182,-0.07182,-9.824976,-9.825241,0.00213,-0.00426,0.00213,98990.93,25.95,-0.001446641,0.004026,,,,
121.469134,0.010085,-0.07182,-0.086184,-9.836946,-9.837586,0.00213,-0.005325,0.001065,98990.88,25.95,-0.013791641,-0.008319,,,,
121.47924,0.010106,0.01197,-0.122094,-9.796248,-9.797016,0.00426,-0.00639,0.00213,98990.88,25.95,0.026778359,0.032251,,,,
121.489337,0.010098,-0.028728,-0.074214,-9.80343,-9.803753,0.001065,-0.00426,0.001065,98990.88,25.95,0.020041359,0.025514,,,,
121.499482,0.010145,-0.052668,-0.093366,-9.820188,-9.820773,0.003195,-0.005325,0.001065,98990.88,25.95,0.003021359,0.008494,,,,
121.509674,0.010192,0.014364,-0.105336,-9.789066,-9.789643,0.001065,-0.00426,0.00213,98990.88,25.95,0.034151359,0.039624,,,,
121.519783,0.010109,-0.021546,-0.069426,-9.832158,-9.832427,0,-0.00426,0.00213,98990.88,25.95,-0.008632641,-0.00316,,,,
121.529879,0.010096,-0.033516,-0.074214,-9.817794,-9.818132,0.001065,-0.00213,0.00213,98990.88,25.95,0.005662359,0.011135,,,,
121.539981,0.010103,0.014364,-0.045486,-9.8154,-9.815516,0,-0.00213,0.00213,98990.88,25.95,0.008278359,0.013751,,,,
121.550083,0.010101,-0.019152,-0.050274,-9.813006,-9.813153,0.00213,-0.00426,0.00213,98990.88,25.95,0.010641359,0.016114,,,,
121.560182,0.010099,-0.069426,-0.112518,-9.82737,-9.828259,0.00213,-0.005325,0.00213,98990.88,25.95,-0.004464641,0.001008,,,,
121.570265,0.010083,-0.016758,-0.074214,-9.834552,-9.834846,0.001065,-0.003195,0.00213,98990.88,25.95,-0.011051641,-0.005579,,,,
121.580365,0.0101,-0.040698,-0.100548,-9.834552,-9.83515,0.003195,-0.003195,0.003195,98990.88,25.95,-0.011355641,-0.005883,,,,
121.590449,0.010084,-0.014364,-0.088578,-9.829764,-9.830174,0.003195,-0.005325,0.00213,98990.89,25.95,-0.006379641,-0.000907,,,,
121.600542,0.010094,-0.062244,-0.088578,-9.834552,-9.835148,-0.001065,-0.00426,0.003195,98990.89,25.95,-0.011353641,-0.005881,,,,
121.610651,0.010108,-0.009576,-0.081396,-9.82737,-9.827712,0.001065,-0.00639,0.003195,98990.89,25.95,-0.003917641,0.001555,,,,
121.620754,0.010104,-0.050274,-0.055062,-9.860886,-9.861168,0.005325,-0.007455,0.003195,98990.89,25.95,-0.037373641,-0.031901,,,,
121.630852,0.010098,-0.028728,-0.08379,-9.832158,-9.832557,0,-0.005325,0.00213,98990.89,25.95,-0.008762641,-0.00329,,,,
121.64098,0.010128,-0.033516,-0.043092,-9.817794,-9.817946,0.00213,-0.007455,0.003195,98990.89,25.95,0.005848359,0.011321,,,,
121.651067,0.010087,-0.076608,-0.100548,-9.834552,-9.835364,0.00213,-0.005325,0.00213,98990.91,25.95,-0.011569641,-0.006097,,,,
121.661159,0.010092,-0.021546,-0.081396,-9.813006,-9.813367,0.001065,-0.00852,0,98990.91,25.95,0.010427359,0.0159,,,,
121.671235,0.010077,-0.016758,-0.081396,-9.810612,-9.810964,0.001065,-0.005325,0.00426,98990.91,25.95,0.012830359,0.018303,,,,
121.681337,0.010102,-0.038304,-0.079002,-9.817794,-9.818187,0,-0.003195,0,98990.91,25.95,0.005607359,0.01108,,,,
121.691467,0.010131,-0.026334,-0.074214,-9.808218,-9.808534,0,-0.003195,0.003195,98990.91,25.95,0.015260359,0.020733,,,,
121.701558,0.01009,-0.009576,-0.08379,-9.793854,-9.794217,0.00426,-0.00639,0.00213,98990.91,25.95,0.029577359,0.03505,,,,
121.711687,0.01013,-0.03591,-0.074214,-9.80343,-9.803777,0,-0.00426,0.00426,98990.91,25.95,0.020017359,0.02549,,,,
121.721776,0.010089,-0.01197,-0.086184,-9.8154,-9.815786,0.001065,-0.003195,0.003195,98990.89,25.95,0.008008359,0.013481,,,,
121.731873,0.010097,-0.02394,-0.07182,-9.83934,-9.839631,0,-0.005325,0,98990.89,25.95,-0.015836641,-0.010364,,,,
121.741959,0.010086,-0.045486,-0.086184,-9.836946,-9.837429,0,-0.005325,0.00213,98990.89,25.95,-0.013634641,-0.008162,,,,
121.752293,0.010334,-0.014364,-0.05985,-9.8154,-9.815593,0,-0.005325,0.00213,98990.89,25.95,0.008201359,0.013674,,,,
121.76239,0.010097,-0.009576,-0.07182,-9.841734,-9.842001,0.00213,-0.005325,0.00213,98990.89,25.95,-0.018206641,-0.012734,,,,
121.772508,0.010118,-0.052668,-0.07182,-9.834552,-9.834955,-0.001065,-0.00426,0.00213,98990.89,25.95,-0.011160641,-0.005688,,,,
121.782591,0.010083,-0.021546,-0.07182,-9.829764,-9.83005,0,-0.005325,0.00213,98990.89,25.95,-0.006255641,-0.000783,,,,
121.792684,0.010092,-0.043092,-0.09576,-9.834552,-9.835113,0.001065,-0.005325,0.00426,98990.89,25.95,-0.011318641,-0.005846,,,,
121.802802,0.010119,-0.03591,-0.086184,-9.85131,-9.851752,0.00213,-0.00426,0.00213,98990.89,25.95,-0.027957641,-0.022485,,,,
121.812886,0.010084,-0.004788,-0.09576,-9.834552,-9.835019,0,-0.00639,0.001065,98990.89,25.95,-0.011224641,-0.005752,,,,
121.822994,0.010107,-0.026334,-0.086184,-9.822582,-9.822995,0.001065,-0.00426,0.00213,98990.89,25.95,0.000799359,0.006272,,,,
121.833092,0.010099,-0.004788,-0.10773,-9.82737,-9.827962,0.00213,-0.003195,0.003195,98990.89,25.95,-0.004167641,0.001305,,,,
121.843217,0.010125,-0.045486,-0.098154,-9.801036,-9.801633,0.003195,-0.009585,0.003195,98990.89,25.95,0.022161359,0.027634,,,,
121.853356,0.010139,-0.002394,-0.064638,-9.801036,-9.801249,0,-0.00426,0,98990.89,25.95,0.022545359,0.028018,,,,
121.863503,0.010147,-0.033516,-0.09576,-9.80343,-9.803955,0.001065,-0.005325,0.00213,98990.89,25.95,0.019839359,0.025312,,,,
121.874615,0.011113,-0.01197,-0.07182,-9.80343,-9.8037,0.00213,-0.001065,0.001065,98990.89,25.95,0.020094359,0.025567,,,,
121.885812,0.011196,-0.02394,-0.088578,-9.796248,-9.796678,0,-0.005325,0.001065,98990.89,25.95,0.027116359,0.032589,,,,
121.897044,0.011232,-0.064638,-0.081396,-9.808218,-9.808769,0.00213,-0.00639,0.003195,98990.89,25.95,0.015025359,0.020498,,,,
121.908179,0.011135,-0.05985,-0.067032,-9.83934,-9.83975,0,-0.005325,0.001065,98990.88,25.95,-0.015955641,-0.010483,,,,
121.919469,0.01129,-0.019152,-0.069426,-9.86328,-9.863543,0.001065,-0.005325,0.001065,98990.88,25.95,-0.039748641,-0.034276,,,,
121.930626,0.011157,-0.016758,-0.062244,-9.829764,-9.829975,0.003195,-0.007455,0.001065,98990.88,25.95,-0.006180641,-0.000708,,,,
121.941722,0.011096,-0.07182,-0.088578,-9.836946,-9.837607,0.00426,-0.003195,0.003195,98990.88,25.95,-0.013812641,-0.00834,,,,
121.952897,0.011175,-0.069426,-0.081396,-9.832158,-9.83274,0.001065,-0.00426,0,98990.88,25.95,-0.008945641,-0.003473,,,,
121.964084,0.011187,0,-0.08379,-9.856098,-9.856454,0,-0.003195,0.001065,98990.88,25.95,-0.032659641,-0.027187,,,,
121.975329,0.011245,-0.004788,-0.069426,-9.832158,-9.832404,0.00213,-0.003195,0.003195,98990.97,25.95,-0.008609641,-0.003137,,,,
121.986505,0.011177,-0.04788,-0.076608,-9.836946,-9.837361,0.001065,-0.003195,0,98990.97,25.95,-0.013566641,-0.008094,,,,
121.997766,0.011261,-0.069426,-0.062244,-9.85131,-9.851751,0.00213,-0.00213,0.00426,98990.97,25.95,-0.027956641,-0.022484,,,,
122.008832,0.011066,-0.026334,-0.05985,-9.820188,-9.820406,0.00213,-0.00639,0.001065,98990.97,25.95,0.003388359,0.008861,,,,
122.020063,0.01123,-0.028728,-0.088578,-9.820188,-9.820629,0.00213,-0.00426,0.00213,98990.97,25.95,0.003165359,0.008638,,,,
122.031437,0.011374,-0.057456,-0.086184,-9.817794,-9.81834,0.00213,-0.005325,0.003195,98990.94,25.95,0.005454359,0.010927,,,,
122.042663,0.011226,-0.045486,-0.098154,-9.824976,-9.825572,0.001065,-0.005325,0.00426,98990.94,25.95,-0.001777641,0.003695,,,,
122.053629,0.010966,0.007182,-0.09576,-9.813006,-9.813476,0,-0.00426,0,98990.94,25.95,0.010318359,0.015791,,,,
122.064728,0.011099,-0.040698,-0.05985,-9.808218,-9.808485,0.00213,-0.00426,0.003195,98990.94,25.95,0.015309359,0.020782,,,,
122.075918,0.01119,-0.02394,-0.08379,-9.798642,-9.799029,0.001065,-0.00213,0.001065,98990.94,25.95,0.024765359,0.030238,,,,
122.087275,0.011357,-0.014364,-0.076608,-9.822582,-9.822891,-0.00213,-0.003195,0.00213,98990.94,25.95,0.000903359,0.006376,,,,
122.098644,0.011369,0.014364,-0.067032,-9.817794,-9.818033,0.00213,-0.003195,0.001065,98990.96,25.95,0.005761359,0.011234,,,,
122.109527,0.010883,-0.026334,-0.08379,-9.810612,-9.811005,0.00213,-0.005325,0.001065,98990.96,25.95,0.012789359,0.018262,,,,
122.120701,0.011174,-0.019152,-0.074214,-9.820188,-9.820487,0.00213,-0.00426,0.003195,98990.96,25.95,0.003307359,0.00878,,,,
122.131833,0.011132,0.007182,-0.088578,-9.813006,-9.813408,0,-0.00426,0.00213,98990.96,25.95,0.010386359,0.015859,,,,
122.143059,0.011226,0,-0.105336,-9.8154,-9.815965,0,-0.003195,0.001065,98990.96,25.95,0.007829359,0.013302,,,,
122.154308,0.011249,-0.019152,-0.105336,-9.80343,-9.804015,0.001065,-0.005325,0.00213,98990.96,25.95,0.019779359,0.025252,,,,
122.165467,0.011158,-0.050274,-0.098154,-9.846522,-9.84714,0,-0.00426,0,98990.96,25.95,-0.023345641,-0.017873,,,,
122.176565,0.011098,-0.014364,-0.081396,-9.82737,-9.827718,0.00213,-0.00426,0,98990.96,25.95,-0.003923641,0.001549,,,,
122.187786,0.011221,-0.028728,-0.114912,-9.793854,-9.79457,0.001065,-0.00426,0.00213,98990.96,25.95,0.029224359,0.034697,,,,
122.199029,0.011243,-0.074214,-0.055062,-9.82737,-9.827804,0.001065,-0.005325,0,98990.96,25.95,-0.004009641,0.001463,,,,
122.210209,0.01118,-0.050274,-0.069426,-9.808218,-9.808593,0.001065,-0.007455,0.003195,98990.96,25.95,0.015201359,0.020674,,,,
122.221352,0.011143,-0.021546,-0.04788,-9.822582,-9.822722,0.00213,-0.00639,0.001065,98990.88,25.95,0.001072359,0.006545,,,,
122.232585,0.011233,-0.021546,-0.055062,-9.817794,-9.817972,0.00213,-0.005325,0,98990.88,25.95,0.005822359,0.011295,,,,
122.243691,0.011106,-0.062244,-0.062244,-9.824976,-9.82537,0.00426,-0.00639,0.001065,98990.88,25.95,-0.001575641,0.003897,,,,
122.254894,0.011203,-0.031122,-0.033516,-9.82737,-9.827476,0.001065,-0.005325,0.00426,98990.88,25.95,-0.003681641,0.001791,,,,
122.266136,0.011242,-0.016758,-0.05985,-9.82737,-9.827567,0.003195,-0.003195,0.003195,98990.88,25.95,-0.003772641,0.0017,,,,
122.277405,0.011268,-0.03591,-0.07182,-9.810612,-9.810941,0.001065,-0.00639,0.00213,98990.88,25.95,0.012853359,0.018326,,,,
122.288482,0.011077,-0.031122,-0.067032,-9.829764,-9.830042,0.00213,-0.00426,0,98990.99,25.95,-0.006247641,-0.000775,,,,
122.299667,0.011185,-0.050274,-0.067032,-9.836946,-9.837303,0.003195,-0.00426,0.00213,98990.99,25.95,-0.013508641,-0.008036,,,,
122.310905,0.011238,-0.038304,-0.079002,-9.79146,-9.791854,0.001065,-0.005325,0.001065,98990.99,25.95,0.031940359,0.037413,,,,
122.322027,0.011121,-0.045486,-0.086184,-9.848916,-9.849398,0.00213,-0.005325,0.001065,98990.99,25.95,-0.025603641,-0.020131,,,,
122.333179,0.011153,-0.055062,-0.07182,-9.83934,-9.839756,0.001065,-0.00213,0.00213,98990.99,25.95,-0.015961641,-0.010489,,,,
122.344379,0.0112,-0.033516,-0.079002,-9.813006,-9.813381,0.001065,-0.00639,-0.001065,98990.99,25.95,0.010413359,0.015886,,,,
122.355547,0.011167,-0.002394,-0.114912,-9.824976,-9.825648,0.003195,-0.00426,-0.001065,98991.01,25.95,-0.001853641,0.003619,,,,
122.366787,0.011241,-0.040698,-0.074214,-9.841734,-9.842098,0.00213,-0.005325,0.001065,98991.01,25.95,-0.018303641,-0.012831,,,,
122.378038,0.011251,-0.01197,-0.069426,-9.841734,-9.841986,-0.001065,-0.00639,0.003195,98991.01,25.95,-0.018191641,-0.012719,,,,
122.389106,0.011068,-0.021546,-0.079002,-9.829764,-9.830105,0.001065,-0.005325,0.003195,98991.01,25.95,-0.006310641,-0.000838,,,,
122.400294,0.011188,0,-0.093366,-9.822582,-9.823026,0.003195,-0.00426,0.003195,98991.01,25.95,0.000768359,0.006241,,,,
122.411668,0.011374,-0.040698,-0.09576,-9.808218,-9.80877,0.00213,-0.00639,0.00213,98991.01,25.95,0.015024359,0.020497,,,,
122.42271,0.011042,-0.002394,-0.100548,-9.848916,-9.84943,0.001065,-0.003195,0.00426,98990.97,25.95,-0.025635641,-0.020163,,,,
122.433935,0.011225,-0.019152,-0.098154,-9.817794,-9.818303,0,-0.005325,0.001065,98990.97,25.95,0.005491359,0.010964,,,,
122.445037,0.011103,-0.02394,-0.093366,-9.808218,-9.808692,0.00213,-0.005325,0.00213,98990.97,25.95,0.015102359,0.020575,,,,
122.456316,0.011279,-0.031122,-0.102942,-9.817794,-9.818383,0.00426,-0.007455,0,98990.97,25.95,0.005411359,0.010884,,,,
122.467734,0.011418,-0.028728,-0.07182,-9.801036,-9.801341,-0.001065,-0.00426,0.003195,98990.97,25.95,0.022453359,0.027926,,,,
122.477838,0.010104,-0.014364,-0.069426,-9.813006,-9.813262,0.00639,-0.007455,0.003195,98990.97,25.95,0.010532359,0.016005,,,,
122.487952,0.010114,-0.02394,-0.05985,-9.79146,-9.791672,0.00213,-0.00213,0.00213,98990.97,25.95,0.032122359,0.037595,,,,
122.498054,0.010102,-0.052668,-0.105336,-9.8154,-9.816106,0.00213,-0.00852,0,98990.97,25.95,0.007688359,0.013161,,,,
122.508142,0.010088,0.019152,-0.069426,-9.824976,-9.82524,0.00213,-0.00426,0.003195,98990.97,25.95,-0.001445641,0.004027,,,,
122.518249,0.010107,-0.021546,-0.050274,-9.805824,-9.805977,0.003195,-0.00639,0.00426,98990.97,25.95,0.017817359,0.02329,,,,
122.528366,0.010116,-0.02394,-0.05985,-9.822582,-9.822794,0,-0.005325,0.00639,98990.97,25.95,0.001000359,0.006473,,,,
122.538466,0.010101,0.01197,-0.057456,-9.822582,-9.822757,0.003195,-0.00639,0,98990.97,25.95,0.001037359,0.00651,,,,
122.548584,0.010118,-0.028728,-0.067032,-9.858492,-9.858762,0.001065,-0.00213,0.00213,98990.85,25.95,-0.034967641,-0.029495,,,,
122.558671,0.010087,-0.028728,-0.062244,-9.836946,-9.837185,0,-0.00213,-0.001065,98990.85,25.95,-0.013390641,-0.007918,,,,
122.568925,0.010254,0,-0.045486,-9.82737,-9.827475,0.00213,-0.00426,0.00213,98990.85,25.95,-0.003680641,0.001792,,,,
122.579407,0.010482,-0.052668,-0.074214,-9.832158,-9.832579,0.00213,-0.005325,0.001065,98990.85,25.95,-0.008784641,-0.003312,,,,
122.590552,0.011145,-0.033516,-0.062244,-9.822582,-9.822836,0.003195,-0.00426,0.001065,98990.85,25.95,0.000958359,0.006431,,,,
122.601844,0.011292,-0.03591,-0.079002,-9.829764,-9.830147,0.001065,-0.005325,0.001065,98990.85,25.95,-0.006352641,-0.00088,,,,
122.612812,0.010968,-0.026334,-0.090972,-9.801036,-9.801494,0,-0.005325,0,98990.74,25.95,0.022300359,0.027773,,,,
122.623996,0.011185,-0.038304,-0.069426,-9.805824,-9.806145,0.00213,-0.00426,0.00213,98990.74,25.95,0.017649359,0.023122,,,,
122.635188,0.011191,-0.055062,-0.069426,-9.841734,-9.842133,0.00213,-0.00426,0,98990.74,25.95,-0.018338641,-0.012866,,,,
122.646472,0.011285,-0.016758,-0.07182,-9.774702,-9.77498,0.003195,-0.005325,0.00426,98990.74,25.95,0.048814359,0.054287,,,,
122.65763,0.011157,-0.02394,-0.076608,-9.82737,-9.827698,0.00213,-0.003195,0.001065,98990.74,25.95,-0.003903641,0.001569,,,,
122.669244,0.011615,-0.043092,-0.074214,-9.82737,-9.827745,0.001065,-0.00213,0.003195,98990.56,25.95,-0.003950641,0.001522,,,,
122.679958,0.010714,0.014364,-0.093366,-9.805824,-9.806279,0.00426,-0.005325,0.003195,98990.56,25.95,0.017515359,0.022988,,,,
122.691272,0.011313,-0.021546,-0.110124,-9.822582,-9.823223,-0.00213,-0.003195,0.001065,98990.56,25.95,0.000571359,0.006044,,,,
122.702327,0.011056,0.002394,-0.07182,-9.824976,-9.825239,0.00213,-0.00426,0.001065,98990.56,25.95,-0.001444641,0.004028,,,,
122.713461,0.011133,-0.057456,-0.110124,-9.856098,-9.856881,0.00213,-0.00426,0.00213,98990.56,25.95,-0.033086641,-0.027614,,,,
122.724675,0.011214,-0.014364,-0.062244,-9.860886,-9.861093,0,-0.003195,0.00213,98990.56,25.95,-0.037298641,-0.031826,,,,
122.735897,0.011222,0,-0.079002,-9.822582,-9.8229,0.00213,-0.00639,0.00426,98990.46,25.95,0.000894359,0.006367,,,,
122.746998,0.011101,-0.03591,-0.05985,-9.810612,-9.81086,0.003195,-0.00426,0.001065,98990.46,25.95,0.012934359,0.018407,,,,
122.758315,0.011317,-0.050274,-0.064638,-9.848916,-9.849256,0.003195,-0.009585,0.003195,98990.46,25.95,-0.025461641,-0.019989,,,,
122.769352,0.011037,-0.019152,-0.086184,-9.841734,-9.84213,0.001065,-0.005325,0.00426,98990.46,25.95,-0.018335641,-0.012863,,,,
122.780621,0.011268,0.007182,-0.081396,-9.79146,-9.791801,0.00213,-0.00639,0.00426,98990.46,25.95,0.031993359,0.037466,,,,
122.791761,0.01114,-0.026334,-0.08379,-9.810612,-9.811005,0.001065,-0.00426,0.003195,98990.46,25.95,0.012789359,0.018262,,,,
122.803681,0.01192,-0.03591,-0.090972,-9.846522,-9.847008,0.00213,-0.007455,0.00426,98990.46,25.95,-0.023213641,-0.017741,,,,
122.814694,0.011013,-0.014364,-0.07182,-9.810612,-9.810885,-0.001065,-0.001065,0.001065,98990.46,25.95,0.012909359,0.018382,,,,
122.825297,0.010603,-0.016758,-0.062244,-9.841734,-9.841945,0.00213,-0.00426,0,98990.46,25.95,-0.018150641,-0.012678,,,,
122.836489,0.011193,-0.019152,-0.110124,-9.820188,-9.820824,0.00213,-0.00639,0.00213,98990.46,25.95,0.002970359,0.008443,,,,
122.847692,0.011203,-0.016758,-0.088578,-9.83934,-9.839753,0.001065,-0.003195,0.003195,98990.46,25.95,-0.015958641,-0.010486,,,,
122.859011,0.011319,-0.038304,-0.064638,-9.822582,-9.822869,0.001065,-0.005325,0.001065,98990.56,25.95,0.000925359,0.006398,,,,
122.870133,0.011122,0.038304,-0.10773,-9.805824,-9.806491,0.003195,-0.005325,0.003195,98990.56,25.95,0.017303359,0.022776,,,,
122.881272,0.011139,-0.038304,-0.067032,-9.829764,-9.830067,0.00213,-0.005325,0.001065,98990.56,25.95,-0.006272641,-0.0008,,,,
122.892387,0.011115,0,-0.100548,-9.801036,-9.801552,0.003195,-0.005325,0.003195,98990.56,25.95,0.022242359,0.027715,,,,
122.903572,0.011185,-0.043092,-0.090972,-9.829764,-9.830279,0.003195,-0.00426,0.00213,98990.56,25.95,-0.006484641,-0.001012,,,,
122.915106,0.011534,0,-0.05985,-9.82737,-9.827552,0.00213,-0.005325,0.00213,98990.56,25.95,-0.003757641,0.001715,,,,
122.925996,0.01089,-0.050274,-0.088578,-9.848916,-9.849443,0.003195,-0.005325,0.00426,98990.5,25.95,-0.025648641,-0.020176,,,,
122.937256,0.01126,-0.007182,-0.057456,-9.846522,-9.846692,-0.001065,-0.00213,0.00213,98990.5,25.95,-0.022897641,-0.017425,,,,
122.948551,0.011294,-0.007182,-0.033516,-9.83934,-9.8394,0.005325,-0.005325,0.003195,98990.5,25.95,-0.015605641,-0.010133,,,,
122.959597,0.011046,-0.045486,-0.086184,-9.829764,-9.830247,0,-0.005325,-0.001065,98990.5,25.95,-0.006452641,-0.00098,,,,
122.970712,0.011115,-0.028728,-0.07182,-9.844128,-9.844432,0.003195,-0.005325,0.00213,98990.5,25.95,-0.020637641,-0.015165,,,,
122.981908,0.011196,0.021546,-0.090972,-9.83934,-9.839784,0.00426,-0.005325,0.001065,98990.5,25.95,-0.015989641,-0.010517,,,,
122.993185,0.011278,-0.02394,-0.100548,-9.801036,-9.801581,0.003195,-0.005325,0.001065,98990.38,25.95,0.022213359,0.027686,,,,
123.00428,0.011094,-0.021546,-0.093366,-9.796248,-9.796717,0.001065,-0.00426,0.003195,98990.38,25.95,0.027077359,0.03255,,,,
123.015507,0.011227,-0.03591,-0.081396,-9.829764,-9.830167,0.00213,-0.00426,-0.001065,98990.38,25.95,-0.006372641,-0.0009,,,,
123.02669,0.011184,-0.019152,-0.07182,-9.822582,-9.822863,0,-0.003195,0.001065,98990.38,25.95,0.000931359,0.006404,,,,
123.037952,0.011262,0.004788,-0.09576,-9.808218,-9.808687,0.001065,-0.00426,0.00213,98990.38,25.95,0.015107359,0.02058,,,,
123.049029,0.011077,-0.04788,-0.067032,-9.822582,-9.822927,0.001065,-0.00426,0.001065,98990.38,25.95,0.000867359,0.00634,,,,
123.060386,0.011356,-0.02394,-0.081396,-9.82737,-9.827736,0,-0.00213,-0.001065,98990.3,25.95,-0.003941641,0.001531,,,,
123.071478,0.011093,0.021546,-0.114912,-9.805824,-9.806521,0.00426,-0.00639,0.001065,98990.3,25.95,0.017273359,0.022746,,,,
123.082797,0.011319,-0.004788,-0.069426,-9.810612,-9.810859,0.001065,-0.00426,0.00213,98990.3,25.95,0.012935359,0.018408,,,,
123.093767,0.01097,-0.050274,-0.067032,-9.870462,-9.870818,0,-0.003195,0,98990.3,25.95,-0.047023641,-0.041551,,,,
123.104897,0.01113,-0.028728,-0.08379,-9.83934,-9.839739,0.00213,-0.00639,0,98990.3,25.95,-0.015944641,-0.010472,,,,
123.116719,0.011822,-0.045486,-0.064638,-9.798642,-9.798961,0.001065,-0.00426,0.00213,98990.3,25.95,0.024833359,0.030306,,,,
123.127399,0.01068,-0.03591,-0.086184,-9.817794,-9.818238,0.001065,-0.00426,0.00213,98990.3,25.95,0.005556359,0.011029,,,,
123.138627,0.011228,-0.057456,-0.064638,-9.844128,-9.844508,0.003195,-0.00426,0.003195,98990.3,25.95,-0.020713641,-0.015241,,,,
123.149732,0.011105,-0.021546,-0.062244,-9.820188,-9.820409,-0.001065,-0.00426,0.00213,98990.3,25.95,0.003385359,0.008858,,,,
123.160994,0.011262,-0.028728,-0.062244,-9.808218,-9.808458,-0.001065,-0.00213,0.001065,98990.3,25.95,0.015336359,0.020809,,,,
123.172234,0.01124,-0.026334,-0.064638,-9.808218,-9.808466,0,-0.005325,0.00213,98990.3,25.95,0.015328359,0.020801,,,,
123.183405,0.011171,-0.052668,-0.062244,-9.813006,-9.813345,0.001065,-0.00426,0.00426,98990.3,25.95,0.010449359,0.015922,,,,
123.194399,0.010994,-0.01197,-0.050274,-9.820188,-9.820324,0.001065,-0.005325,0.003195,98990.3,25.95,0.003470359,0.008943,,,,
123.205723,0.011323,0.014364,-0.105336,-9.820188,-9.820763,0.00213,-0.005325,0.001065,98990.3,25.95,0.003031359,0.008504,,,,
123.217031,0.011308,-0.016758,-0.064638,-9.832158,-9.832385,0.001065,-0.00426,0.001065,98990.3,25.95,-0.008590641,-0.003118,,,,
123.228185,0.011154,-0.033516,-0.074214,-9.798642,-9.79898,0.00213,-0.005325,0.00426,98990.3,25.95,0.024814359,0.030287,,,,
123.239224,0.011039,-0.014364,-0.090972,-9.808218,-9.80865,0.001065,-0.005325,0,98990.3,25.95,0.015144359,0.020617,,,,
123.250386,0.011162,0,-0.079002,-9.834552,-9.834869,0.001065,-0.005325,-0.001065,98990.32,25.95,-0.011074641,-0.005602,,,,
123.261769,0.011383,-0.040698,-0.076608,-9.824976,-9.825359,0.003195,-0.00426,0.00213,98990.32,25.95,-0.001564641,0.003908,,,,
123.272697,0.010928,-0.004788,-0.086184,-9.82737,-9.827749,0.00213,-0.003195,0.003195,98990.32,25.95,-0.003954641,0.001518,,,,
123.284059,0.011362,-0.002394,-0.09576,-9.841734,-9.8422,0.00213,-0.003195,0.00213,98990.32,25.95,-0.018405641,-0.012933,,,,
123.295143,0.011084,-0.016758,-0.074214,-9.805824,-9.806119,0.003195,-0.003195,0.003195,98990.32,25.95,0.017675359,0.023148,,,,
123.306623,0.01148,-0.009576,-0.098154,-9.848916,-9.84941,0.00213,-0.00852,0.003195,98990.32,25.95,-0.025615641,-0.020143,,,,
123.317588,0.010965,-0.03591,-0.090972,-9.832158,-9.832644,0.003195,-0.005325,0.003195,98990.16,25.95,-0.008849641,-0.003377,,,,
123.328616,0.011028,0,-0.081396,-9.822582,-9.822919,0,-0.00426,0.003195,98990.16,25.95,0.000875359,0.006348,,,,
123.339911,0.011295,0.031122,-0.081396,-9.832158,-9.832544,0.001065,-0.00426,0.001065,98990.16,25.95,-0.008749641,-0.003277,,,,
123.351043,0.011132,-0.057456,-0.079002,-9.832158,-9.832643,0.00213,-0.00639,0.001065,98990.16,25.95,-0.008848641,-0.003376,,,,
123.362204,0.011161,0.004788,-0.045486,-9.853704,-9.85381,0,-0.00426,0.00213,98990.16,25.95,-0.030015641,-0.024543,,,,
123.373403,0.011199,-0.016758,-0.069426,-9.822582,-9.822842,0.00213,-0.00639,0.001065,98990.24,25.95,0.000952359,0.006425,,,,
123.384526,0.011123,-0.026334,-0.074214,-9.844128,-9.844443,0.003195,-0.00426,0.00426,98990.24,25.95,-0.020648641,-0.015176,,,,
123.395737,0.011211,-0.033516,-0.05985,-9.829764,-9.830003,0.00213,-0.00426,0,98990.24,25.95,-0.006208641,-0.000736,,,,
123.40703,0.011293,0.019152,-0.114912,-9.793854,-9.794547,0.003195,-0.007455,0.001065,98990.24,25.95,0.029247359,0.03472,,,,
123.418239,0.011209,-0.02394,-0.090972,-9.805824,-9.806275,0.001065,-0.003195,-0.001065,98990.24,25.95,0.017519359,0.022992,,,,
123.429457,0.011218,-0.009576,-0.074214,-9.80343,-9.803716,0.003195,-0.00639,0.001065,98990.24,25.95,0.020078359,0.025551,,,,
123.440587,0.011131,-0.031122,-0.079002,-9.832158,-9.832525,0,-0.007455,0.00213,98990.24,25.95,-0.008730641,-0.003258,,,,
123.451686,0.011099,-0.007182,-0.052668,-9.82737,-9.827514,-0.001065,-0.003195,0.003195,98990.24,25.95,-0.003719641,0.001753,,,,
123.462912,0.011226,-0.02394,-0.07182,-9.810612,-9.810904,0.00213,-0.007455,0.001065,98990.24,25.95,0.012890359,0.018363,,,,
123.474079,0.011166,-0.016758,-0.086184,-9.820188,-9.82058,0.00213,-0.005325,0,98990.24,25.95,0.003214359,0.008687,,,,
123.485201,0.011123,-0.043092,-0.090972,-9.83934,-9.839855,0.001065,-0.005325,0,98990.24,25.95,-0.016060641,-0.010588,,,,
123.49641,0.011208,-0.014364,-0.067032,-9.824976,-9.825215,-0.001065,-0.00426,0.00426,98990.24,25.95,-0.001420641,0.004052,,,,
123.507618,0.011208,-0.014364,-0.081396,-9.822582,-9.82293,0.00213,-0.00426,0.00213,98990.27,25.95,0.000864359,0.006337,,,,
123.518828,0.01121,-0.050274,-0.076608,-9.82737,-9.827797,0.00213,-0.005325,0.003195,98990.27,25.95,-0.004002641,0.00147,,,,
123.529944,0.011116,-0.055062,-0.079002,-9.848916,-9.849387,0.003195,-0.00639,0.00213,98990.27,25.95,-0.025592641,-0.02012,,,,
123.541158,0.011214,-0.007182,-0.069426,-9.86328,-9.863527,0.001065,-0.00426,0.00426,98990.27,25.95,-0.039732641,-0.03426,,,,
123.552284,0.011126,-0.043092,-0.057456,-9.829764,-9.830026,0.00213,-0.005325,0.003195,98990.27,25.95,-0.006231641,-0.000759,,,,
123.563516,0.011231,-0.055062,-0.08379,-9.820188,-9.8207,0.001065,-0.005325,0,98990.22,25.95,0.003094359,0.008567,,,,
123.574725,0.01121,-0.045486,-0.079002,-9.824976,-9.825399,0,-0.00639,0.00213,98990.22,25.95,-0.001604641,0.003868,,,,
123.585907,0.011182,-0.009576,-0.055062,-9.808218,-9.808377,0.00213,-0.005325,0.003195,98990.22,25.95,0.015417359,0.02089,,,,
123.597161,0.011254,-0.01197,-0.074214,-9.824976,-9.825264,0.00213,-0.00426,0.00213,98990.22,25.95,-0.001469641,0.004003,,,,
123.608274,0.011112,-0.05985,-0.052668,-9.8154,-9.815724,0.003195,-0.005325,0.003195,98990.22,25.95,0.008070359,0.013543,,,,
123.619665,0.011391,-0.014364,-0.067032,-9.789066,-9.789306,0.00213,-0.005325,0.003195,98990.22,25.95,0.034488359,0.039961,,,,
123.630665,0.011,-0.014364,-0.04788,-9.813006,-9.813133,0,-0.005325,-0.001065,98990.13,25.95,0.010661359,0.016134,,,,
123.641788,0.011123,0.014364,-0.079002,-9.834552,-9.83488,0.00213,-0.003195,0.00426,98990.13,25.95,-0.011085641,-0.005613,,,,
123.652966,0.011178,-0.05985,-0.081396,-9.832158,-9.832677,0.001065,-0.005325,0.00426,98990.13,25.95,-0.008882641,-0.00341,,,,
123.664253,0.011287,0.033516,-0.08379,-9.793854,-9.79427,0.001065,-0.003195,0.00213,98990.13,25.95,0.029524359,0.034997,,,,
123.675418,0.011165,-0.014364,-0.074214,-9.856098,-9.856388,0.003195,-0.005325,0.003195,98990.13,25.95,-0.032593641,-0.027121,,,,
123.686768,0.011351,0.002394,-0.117306,-9.8154,-9.816101,0.001065,-0.005325,0.001065,98990.13,25.95,0.007693359,0.013166,,,,
123.697787,0.011019,-0.04788,-0.110124,-9.846522,-9.847254,-0.00213,-0.00426,0.003195,98989.95,25.95,-0.023459641,-0.017987,,,,
123.708897,0.01111,0.007182,-0.088578,-9.817794,-9.818196,0,-0.003195,0.001065,98989.95,25.95,0.005598359,0.011071,,,,
123.720083,0.011186,0.004788,-0.08379,-9.793854,-9.794214,0.003195,-0.00426,0.00213,98989.95,25.95,0.029580359,0.035053,,,,
123.731328,0.011246,-0.033516,-0.102942,-9.836946,-9.837542,0.00213,-0.00639,0.00213,98989.95,25.95,-0.013747641,-0.008275,,,,
123.742486,0.011158,-0.040698,-0.033516,-9.829764,-9.829905,0,-0.00213,0.00426,98989.95,25.95,-0.006110641,-0.000638,,,,
123.753833,0.011347,0.01197,-0.079002,-9.844128,-9.844452,0.001065,-0.00639,0.00426,98989.95,25.95,-0.020657641,-0.015185,,,,
123.764892,0.011059,-0.04788,-0.067032,-9.832158,-9.832503,0.003195,-0.00426,0.001065,98989.91,25.95,-0.008708641,-0.003236,,,,
123.776061,0.011169,-0.02394,-0.079002,-9.822582,-9.822929,0.00426,-0.005325,0.003195,98989.91,25.95,0.000865359,0.006338,,,,
123.787201,0.011141,-0.031122,-0.098154,-9.805824,-9.806365,0.00213,-0.00639,0,98989.91,25.95,0.017429359,0.022902,,,,
123.798501,0.0113,-0.01197,-0.062244,-9.810612,-9.810817,0,-0.003195,0.00213,98989.91,25.95,0.012977359,0.01845,,,,
123.809631,0.01113,-0.064638,-0.105336,-9.822582,-9.823359,0.00213,-0.005325,0.001065,98989.91,25.95,0.000435359,0.005908,,,,
123.820803,0.011171,-0.033516,-0.064638,-9.822582,-9.822852,-0.001065,-0.005325,0.00213,98989.91,25.95,0.000942359,0.006415,,,,
123.832126,0.011323,-0.002394,-0.040698,-9.841734,-9.841818,0.001065,-0.00213,0.00426,98989.91,25.95,-0.018023641,-0.012551,,,,
123.843244,0.011118,0.002394,-0.07182,-9.846522,-9.846784,0.003195,-0.003195,0,98989.91,25.95,-0.022989641,-0.017517,,,,
123.854438,0.011194,-0.031122,-0.038304,-9.810612,-9.810736,0.00426,-0.00426,0.003195,98989.91,25.95,0.013058359,0.018531,,,,
123.864628,0.01019,-0.076608,-0.088578,-9.810612,-9.811311,0.00213,-0.00639,0.00426,98989.91,25.95,0.012483359,0.017956,,,,
123.874729,0.010101,-0.03591,-0.093366,-9.82737,-9.827879,0.003195,-0.00426,0.00213,98989.91,25.95,-0.004084641,0.001388,,,,
123.884815,0.010085,0.004788,-0.08379,-9.832158,-9.832516,0,-0.005325,0.00213,98989.94,25.95,-0.008721641,-0.003249,,,,
123.894934,0.010119,-0.033516,-0.064638,-9.834552,-9.834822,0.001065,-0.00426,0.00213,98989.94,25.95,-0.011027641,-0.005555,,,,
123.905029,0.010095,-0.01197,-0.076608,-9.813006,-9.813312,0.00213,-0.005325,0.00213,98989.94,25.95,0.010482359,0.015955,,,,
123.915111,0.010081,-0.009576,-0.076608,-9.841734,-9.842037,0.001065,-0.007455,0.00213,98989.94,25.95,-0.018242641,-0.01277,,,,
123.925191,0.01008,-0.040698,-0.062244,-9.83934,-9.839621,0.00213,-0.003195,0.001065,98989.94,25.95,-0.015826641,-0.010354,,,,
123.9353,0.010109,-0.007182,-0.067032,-9.841734,-9.841965,0,-0.00639,0,98989.94,25.95,-0.018170641,-0.012698,,,,
123.945509,0.010209,-0.02394,-0.081396,-9.824976,-9.825342,0.001065,-0.005325,-0.00213,98989.94,25.95,-0.001547641,0.003925,,,,
123.955964,0.010455,-0.033516,-0.105336,-9.82737,-9.827992,0.003195,-0.007455,0.001065,98989.91,25.95,-0.004197641,0.001275,,,,
123.966267,0.010303,-0.02394,-0.08379,-9.805824,-9.806211,0.001065,-0.00426,0.001065,98989.91,25.95,0.017583359,0.023056,,,,
123.977332,0.011065,-0.02394,-0.112518,-9.796248,-9.796923,0.003195,-0.00426,0.00213,98989.91,25.95,0.026871359,0.032344,,,,
123.988569,0.011237,-0.016758,-0.067032,-9.844128,-9.84437,0.001065,-0.00426,0.00213,98989.91,25.95,-0.020575641,-0.015103,,,,
123.999826,0.011257,-0.03591,-0.055062,-9.824976,-9.825196,0,-0.00213,0.00426,98989.91,25.95,-0.001401641,0.004071,,,,
124.011607,0.011781,-0.002394,-0.052668,-9.82737,-9.827511,0.00213,-0.005325,0.003195,98989.91,25.95,-0.003716641,0.001756,,,,
124.022109,0.010502,-0.040698,-0.057456,-9.834552,-9.834804,0,-0.005325,0.00213,98989.91,25.95,-0.011009641,-0.005537,,,,
124.033895,0.011786,-0.038304,-0.038304,-9.836946,-9.837095,0.001065,-0.00213,0,98989.91,25.95,-0.013300641,-0.007828,,,,
124.044422,0.010527,-0.019152,-0.05985,-9.805824,-9.806025,0.001065,-0.001065,0.00213,98989.91,25.95,0.017769359,0.023242,,,,
124.056171,0.011749,-0.026334,-0.079002,-9.808218,-9.808572,0.00213,-0.00426,0.00426,98989.91,25.95,0.015222359,0.020695,,,,
124.067011,0.01084,-0.038304,-0.074214,-9.829764,-9.830119,0.00213,-0.00426,0.001065,98989.91,25.95,-0.006324641,-0.000852,,,,
124.078226,0.011214,-0.02394,-0.05985,-9.810612,-9.810824,0.003195,-0.00426,0.00213,98990,25.95,0.012970359,0.018443,,,,
124.089142,0.010916,-0.009576,-0.064638,-9.817794,-9.818011,0.001065,-0.005325,0,98990,25.95,0.005783359,0.011256,,,,
124.100431,0.011289,-0.019152,-0.04788,-9.822582,-9.822717,0,-0.00426,0.00213,98990,25.95,0.001077359,0.00655,,,,
124.111521,0.01109,-0.07182,-0.05985,-9.829764,-9.830209,0.00426,-0.00639,0.003195,98990,25.95,-0.006414641,-0.000942,,,,
124.122747,0.011226,-0.031122,-0.090972,-9.832158,-9.832628,0.001065,-0.005325,0,98990,25.95,-0.008833641,-0.003361,,,,
124.13397,0.011222,-0.004788,-0.09576,-9.822582,-9.82305,0.001065,-0.00426,0.00213,98990,25.95,0.000744359,0.006217,,,,
124.145449,0.01148,-0.01197,-0.112518,-9.808218,-9.808871,0.001065,-0.003195,0.003195,98990,25.95,0.014923359,0.020396,,,,
124.156258,0.010809,-0.050274,-0.100548,-9.822582,-9.823225,0.001065,-0.00426,0.00213,98990,25.95,0.000569359,0.006042,,,,
124.167498,0.01124,-0.069426,-0.08379,-9.822582,-9.823185,0.00213,-0.00639,0.001065,98990,25.95,0.000609359,0.006082,,,,
124.178664,0.011166,0.014364,-0.079002,-9.824976,-9.825304,0.001065,-0.001065,0.003195,98990,25.95,-0.001509641,0.003963,,,,
124.189899,0.011235,-0.03591,-0.064638,-9.824976,-9.825254,0.00426,-0.00426,0.001065,98990,25.95,-0.001459641,0.004013,,,,
124.201037,0.011138,-0.055062,-0.069426,-9.841734,-9.842133,-0.001065,-0.00852,0.001065,98990,25.95,-0.018338641,-0.012866,,,,
124.212259,0.011222,-0.050274,-0.062244,-9.805824,-9.80615,0.001065,-0.00426,0.001065,98990.05,25.95,0.017644359,0.023117,,,,
124.223445,0.011186,-0.004788,-0.069426,-9.805824,-9.806071,0.00213,-0.00426,0.001065,98990.05,25.95,0.017723359,0.023196,,,,
124.234556,0.011111,-0.02394,-0.088578,-9.8154,-9.815829,0.003195,-0.005325,0.003195,98990.05,25.95,0.007965359,0.013438,,,,
124.245799,0.011243,-0.031122,-0.055062,-9.829764,-9.829967,0.00213,-0.00426,0.00426,98990.05,25.95,-0.006172641,-0.0007,,,,
124.256986,0.011186,-0.004788,-0.052668,-9.856098,-9.85624,0.00213,-0.003195,0.00213,98990.05,25.95,-0.032445641,-0.026973,,,,
124.268135,0.011149,-0.009576,-0.057456,-9.810612,-9.810785,0.001065,-0.003195,0.00213,98990.05,25.95,0.013009359,0.018482,,,,
124.279414,0.011278,-0.033516,-0.079002,-9.8154,-9.815775,0.00213,-0.003195,0.001065,98989.92,25.95,0.008019359,0.013492,,,,
124.290586,0.011172,-0.04788,-0.045486,-9.865674,-9.865895,0.00213,-0.00426,0.001065,98989.92,25.95,-0.042100641,-0.036628,,,,
124.301802,0.011216,-0.01197,-0.062244,-9.844128,-9.844332,-0.00213,-0.00426,-0.001065,98989.92,25.95,-0.020537641,-0.015065,,,,
124.31286,0.011058,-0.021546,-0.098154,-9.82737,-9.827884,0.005325,-0.00426,0.003195,98989.92,25.95,-0.004089641,0.001383,,,,
124.324083,0.011223,-0.045486,-0.08379,-9.793854,-9.794318,0.003195,-0.00213,0.001065,98989.92,25.95,0.029476359,0.034949,,,,
124.335287,0.011205,-0.021546,-0.064638,-9.836946,-9.837182,-0.001065,-0.003195,0,98989.84,25.95,-0.013387641,-0.007915,,,,
124.346424,0.011137,-0.040698,-0.069426,-9.829764,-9.830093,0.001065,-0.00426,0.00426,98989.84,25.95,-0.006298641,-0.000826,,,,
124.3578,0.011376,-0.014364,-0.045486,-9.824976,-9.825092,0.00213,-0.003195,0.001065,98989.84,25.95,-0.001297641,0.004175,,,,
124.368795,0.010995,-0.031122,-0.074214,-9.844128,-9.844457,-0.001065,-0.003195,0.003195,98989.84,25.95,-0.020662641,-0.01519,,,,
124.379965,0.01117,-0.031122,-0.086184,-9.834552,-9.834979,0.00213,-0.00426,0.001065,98989.84,25.95,-0.011184641,-0.005712,,,,
124.391206,0.01124,-0.007182,-0.07182,-9.817794,-9.818059,0.00213,-0.007455,0.001065,98989.84,25.95,0.005735359,0.011208,,,,
124.402388,0.011182,-0.028728,-0.07182,-9.836946,-9.83725,0.005325,-0.003195,0.003195,98989.71,25.95,-0.013455641,-0.007983,,,,
124.41355,0.011162,-0.019152,-0.069426,-9.82737,-9.827634,0,-0.00426,-0.001065,98989.71,25.95,-0.003839641,0.001633,,,,
124.424714,0.011164,-0.043092,-0.07182,-9.85131,-9.851666,0,-0.005325,0.00213,98989.71,25.95,-0.027871641,-0.022399,,,,
124.435891,0.011177,-0.03591,-0.069426,-9.808218,-9.808529,0.003195,-0.005325,0.001065,98989.71,25.95,0.015265359,0.020738,,,,
124.447146,0.011255,-0.019152,-0.07182,-9.822582,-9.822863,0.003195,-0.00426,0.001065,98989.71,25.95,0.000931359,0.006404,,,,
124.457789,0.010643,-0.040698,-0.07182,-9.85131,-9.851656,0.001065,-0.00426,0.001065,98989.71,25.95,-0.027861641,-0.022389,,,,
124.467896,0.010107,0.004788,-0.100548,-9.844128,-9.844643,0.00213,-0.003195,0.00426,98989.71,25.95,-0.020848641,-0.015376,,,,
124.47801,0.010113,-0.028728,-0.086184,-9.813006,-9.813427,0,-0.00426,0.00213,98989.71,25.95,0.010367359,0.01584,,,,
124.48813,0.010121,-0.052668,-0.093366,-9.844128,-9.844712,0.00213,-0.003195,0.00213,98989.71,25.95,-0.020917641,-0.015445,,,,
124.498178,0.010048,-0.016758,-0.090972,-9.813006,-9.813442,-0.001065,-0.00426,0.003195,98989.71,25.95,0.010352359,0.015825,,,,
124.508263,0.010084,-0.031122,-0.105336,-9.832158,-9.832771,0.00213,-0.005325,0.00213,98989.71,25.95,-0.008976641,-0.003504,,,,
124.518654,0.010392,-0.043092,-0.08379,-9.829764,-9.830216,0.00213,-0.00426,0.001065,98989.71,25.95,-0.006421641,-0.000949,,,,
124.52877,0.010116,-0.038304,-0.076608,-9.836946,-9.837319,0.001065,-0.00426,0.00213,98989.6,25.95,-0.013524641,-0.008052,,,,
124.538887,0.010117,0.01197,-0.062244,-9.824976,-9.82518,0.00426,-0.00426,0.00213,98989.6,25.95,-0.001385641,0.004087,,,,
124.549005,0.010118,-0.062244,-0.074214,-9.834552,-9.835029,0.00213,-0.005325,0.00213,98989.6,25.95,-0.011234641,-0.005762,,,,
124.559442,0.010437,-0.007182,-0.076608,-9.82737,-9.827671,0.001065,-0.00426,0.00213,98989.6,25.95,-0.003876641,0.001596,,,,
124.56954,0.010098,-0.016758,-0.062244,-9.808218,-9.80843,0,-0.00639,0.001065,98989.6,25.95,0.015364359,0.020837,,,,
124.579656,0.010116,-0.050274,-0.05985,-9.817794,-9.818105,0.00426,-0.00639,0,98989.6,25.95,0.005689359,0.011162,,,,
124.589754,0.010098,0.004788,-0.100548,-9.80343,-9.803947,0.00213,-0.00426,0.00213,98989.41,25.95,0.019847359,0.02532,,,,
124.59985,0.010096,-0.009576,-0.062244,-9.834552,-9.834754,0.001065,-0.003195,0.00213,98989.41,25.95,-0.010959641,-0.005487,,,,
124.609942,0.010091,-0.009576,-0.05985,-9.848916,-9.849103,0.001065,-0.00426,0.003195,98989.41,25.95,-0.025308641,-0.019836,,,,
124.620053,0.010111,0.004788,-0.093366,-9.832158,-9.832602,0.003195,-0.007455,0.00213,98989.41,25.95,-0.008807641,-0.003335,,,,
124.630167,0.010114,-0.004788,-0.117306,-9.808218,-9.808921,0.00213,-0.00852,0.003195,98989.41,25.95,0.014873359,0.020346,,,,
124.640311,0.010144,-0.038304,-0.13167,-9.79146,-9.79242,-0.003195,-0.005325,0.003195,98989.41,25.95,0.031374359,0.036847,,,,
124.650408,0.010097,-0.026334,-0.162792,-9.798642,-9.80003,0,-0.005325,0.003195,98989.38,25.95,0.023764359,0.029237,,,,
124.660525,0.010117,0.007182,-0.136458,-9.769914,-9.77087,0.001065,-0.003195,0.003195,98989.38,25.95,0.052924359,0.058397,,,,
124.67062,0.010095,-0.07182,-0.081396,-9.853704,-9.854302,0.005325,-0.00426,0.00213,98989.38,25.95,-0.030507641,-0.025035,,,,
124.680728,0.010108,-0.002394,-0.07182,-9.817794,-9.818057,0,-0.001065,0.003195,98989.38,25.95,0.005737359,0.01121,,,,
124.690815,0.010087,-0.045486,-0.016758,-9.884826,-9.884945,0.003195,-0.00639,0.00426,98989.38,25.95,-0.061150641,-0.055678,,,,
124.7009,0.010085,-0.045486,-0.004788,-9.884826,-9.884932,-0.001065,-0.00213,0.00213,98989.38,25.95,-0.061137641,-0.055665,,,,
124.710993,0.010093,0.028728,0.076608,-9.856098,-9.856438,0,-0.005325,0,98989.38,25.95,-0.032643641,-0.027171,,,,
124.721101,0.010108,-0.07182,0.040698,-9.810612,-9.810959,0.003195,-0.00426,0.001065,98989.27,25.95,0.012835359,0.018308,,,,
124.731189,0.010087,-0.043092,-0.043092,-9.836946,-9.837135,0.003195,-0.005325,0.001065,98989.27,25.95,-0.013340641,-0.007868,,,,
124.741304,0.010115,-0.004788,-0.086184,-9.820188,-9.820567,0.001065,-0.00639,-0.001065,98989.27,25.95,0.003227359,0.0087,,,,
124.751436,0.010133,0.026334,-0.062244,-9.824976,-9.825208,0.00213,-0.003195,0.001065,98989.27,25.95,-0.001413641,0.004059,,,,
124.761518,0.010082,-0.004788,-0.124488,-9.786672,-9.787465,0.00213,-0.00639,0.001065,98989.27,25.95,0.036329359,0.041802,,,,
124.771942,0.010424,-0.031122,-0.14364,-9.80343,-9.804532,0.001065,-0.007455,0.001065,98989.27,25.95,0.019262359,0.024735,,,,
124.782047,0.010105,0.016758,-0.13167,-9.781884,-9.782784,0.00213,-0.00426,0.003195,98989.27,25.95,0.041010359,0.046483,,,,
124.792149,0.010102,-0.04788,-0.112518,-9.808218,-9.80898,0.003195,-0.00639,0.003195,98989.27,25.95,0.014814359,0.020287,,,,
124.802262,0.010113,-0.026334,-0.15561,-9.829764,-9.831031,-0.001065,-0.005325,0.001065,98989.27,25.95,-0.007236641,-0.001764,,,,
124.812359,0.010097,-0.019152,-0.146034,-9.781884,-9.782993,0.001065,-0.00426,0.00426,98989.27,25.95,0.040801359,0.046274,,,,
124.822474,0.010115,-0.100548,-0.160398,-9.829764,-9.831587,0.00213,-0.00213,0.003195,98989.27,25.95,-0.007792641,-0.00232,,,,
124.832563,0.010089,0,-0.13167,-9.793854,-9.794739,-0.001065,-0.00213,0.005325,98989.27,25.95,0.029055359,0.034528,,,,
124.842647,0.010084,-0.03591,-0.14364,-9.834552,-9.835666,0.003195,-0.00213,0.00426,98989.2,25.95,-0.011871641,-0.006399,,,,
124.85275,0.010103,-0.045486,-0.086184,-9.865674,-9.866155,-0.003195,-0.005325,0.00213,98989.2,25.95,-0.042360641,-0.036888,,,,
124.8629,0.01015,-0.038304,-0.105336,-9.834552,-9.835191,0.00426,-0.00213,0.00213,98989.2,25.95,-0.011396641,-0.005924,,,,
124.872967,0.010068,-0.045486,-0.064638,-9.856098,-9.856415,0,-0.003195,0.003195,98989.2,25.95,-0.032620641,-0.027148,,,,
124.883109,0.010141,-0.043092,-0.031122,-9.86328,-9.863423,0.005325,-0.003195,0.003195,98989.2,25.95,-0.039628641,-0.034156,,,,
124.893197,0.010088,-0.055062,-0.076608,-9.858492,-9.858943,0.00426,-0.007455,0.001065,98989.2,25.95,-0.035148641,-0.029676,,,,
124.90329,0.010093,-0.067032,-0.055062,-9.777096,-9.777481,-0.001065,-0.00426,0.003195,98989,25.95,0.046313359,0.051786,,,,
124.913472,0.010182,-0.028728,-0.04788,-9.822582,-9.822741,0.00213,-0.005325,0.00213,98989,25.95,0.001053359,0.006526,,,,
124.923596,0.010124,0.007182,-0.028728,-9.8154,-9.815445,0.001065,-0.00639,0.00426,98989,25.95,0.008349359,0.013822,,,,
124.933696,0.0101,-0.033516,-0.043092,-9.77949,-9.779642,0,-0.005325,0.00213,98989,25.95,0.044152359,0.049625,,,,
124.943831,0.010135,0.014364,-0.004788,-9.822582,-9.822594,0.00213,-0.00426,0.001065,98989,25.95,0.001200359,0.006673,,,,
124.953945,0.010114,0.033516,-0.007182,-9.820188,-9.820248,0.001065,-0.00639,0.00213,98989,25.95,0.003546359,0.009019,,,,
124.964057,0.010112,0.021546,-0.004788,-9.808218,-9.808243,0.001065,-0.00426,0.001065,98989,25.95,0.015551359,0.021024,,,,
124.974163,0.010106,0.002394,-0.040698,-9.817794,-9.817879,0.001065,-0.00639,0,98989,25.95,0.005915359,0.011388,,,,
124.984509,0.010346,-0.007182,-0.08379,-9.801036,-9.801397,0.00213,-0.00639,-0.001065,98989,25.95,0.022397359,0.02787,,,,
124.994613,0.010104,-0.004788,-0.055062,-9.786672,-9.786828,0.00213,-0.003195,0.00213,98989,25.95,0.036966359,0.042439,,,,
125.004706,0.010093,-0.033516,-0.098154,-9.796248,-9.796797,0,-0.003195,0.001065,98989,25.95,0.026997359,0.03247,,,,
125.014857,0.01015,-0.045486,-0.13167,-9.829764,-9.830751,0.003195,-0.00426,0.003195,98989,25.95,-0.006956641,-0.001484,,,,
125.025098,0.010241,-0.021546,-0.09576,-9.82737,-9.82786,0.001065,-0.003195,0.00213,98989,25.95,-0.004065641,0.001407,,,,
125.035255,0.010156,-0.019152,-0.09576,-9.865674,-9.866157,0,0,0.00213,98988.88,25.95,-0.042362641,-0.03689,,,,
125.045453,0.010199,-0.031122,-0.09576,-9.820188,-9.820704,0.00213,-0.00639,0.00213,98988.88,25.95,0.003090359,0.008563,,,,
125.055554,0.010101,-0.021546,-0.10773,-9.836946,-9.837559,0.00213,-0.003195,0.003195,98988.88,25.95,-0.013764641,-0.008292,,,,
125.065642,0.010088,-0.055062,-0.10773,-9.832158,-9.832902,0.00213,-0.00426,0.00213,98988.88,25.95,-0.009107641,-0.003635,,,,
125.075748,0.010106,-0.01197,-0.10773,-9.822582,-9.82318,0.001065,-0.003195,0.00213,98988.88,25.95,0.000614359,0.006087,,,,
125.085801,0.010054,-0.014364,-0.124488,-9.829764,-9.830563,0.003195,-0.005325,0.003195,98988.88,25.95,-0.006768641,-0.001296,,,,
125.09635,0.010548,-0.064638,-0.10773,-9.796248,-9.797054,0.00213,-0.00639,0.005325,98988.88,25.95,0.026740359,0.032213,,,,
125.106446,0.010096,-0.043092,-0.112518,-9.829764,-9.830502,0.001065,-0.00639,0.003195,98988.88,25.95,-0.006707641,-0.001235,,,,
125.116593,0.010147,-0.026334,-0.064638,-9.82737,-9.827618,0,-0.00213,0.003195,98988.88,25.95,-0.003823641,0.001649,,,,
125.126693,0.0101,-0.05985,-0.033516,-9.844128,-9.844367,0.005325,-0.00426,0.005325,98988.88,25.95,-0.020572641,-0.0151,,,,
125.136809,0.010116,-0.026334,-0.074214,-9.817794,-9.81811,-0.001065,-0.00639,0.003195,98988.88,25.95,0.005684359,0.011157,,,,
125.146898,0.01009,-0.067032,-0.028728,-9.805824,-9.806095,0.001065,-0.00426,0.001065,98988.88,25.95,0.017699359,0.023172,,,,
125.157118,0.01022,-0.033516,-0.07182,-9.786672,-9.786993,0.001065,-0.00426,0.001065,98988.96,25.95,0.036801359,0.042274,,,,
125.167265,0.010147,-0.019152,-0.064638,-9.8154,-9.815632,-0.001065,-0.003195,0.001065,98988.96,25.95,0.008162359,0.013635,,,,
125.177355,0.01009,-0.028728,-0.112518,-9.784278,-9.784967,0.003195,-0.00639,0.003195,98988.96,25.95,0.038827359,0.0443,,,,
125.187448,0.010092,-0.038304,-0.067032,-9.822582,-9.822885,0.001065,-0.003195,0.003195,98988.96,25.95,0.000909359,0.006382,,,,
125.19753,0.010082,-0.004788,-0.062244,-9.822582,-9.82278,-0.001065,-0.00426,0.003195,98988.96,25.95,0.001014359,0.006487,,,,
125.207626,0.010096,-0.007182,-0.057456,-9.808218,-9.808389,0.003195,-0.007455,0.001065,98988.96,25.95,0.015405359,0.020878,,,,
125.217776,0.01015,-0.028728,-0.064638,-9.820188,-9.820443,0.001065,-0.005325,0.001065,98989.03,25.95,0.003351359,0.008824,,,,
125.227881,0.010104,-0.028728,-0.021546,-9.822582,-9.822648,-0.001065,-0.00426,0,98989.03,25.95,0.001146359,0.006619,,,,
125.237981,0.0101,0.002394,-0.050274,-9.83934,-9.839469,0.001065,-0.00426,0.001065,98989.03,25.95,-0.015674641,-0.010202,,,,
125.248069,0.010087,-0.028728,-0.02394,-9.853704,-9.853775,0.00213,-0.005325,-0.001065,98989.03,25.95,-0.029980641,-0.024508,,,,
125.258159,0.010091,0.031122,-0.043092,-9.853704,-9.853847,0.00213,-0.007455,0,98989.03,25.95,-0.030052641,-0.02458,,,,
125.268277,0.010118,0.004788,-0.076608,-9.820188,-9.820488,0.003195,-0.00426,0,98989.03,25.95,0.003306359,0.008779,,,,
125.278366,0.010089,-0.009576,-0.093366,-9.834552,-9.835,0,-0.005325,0,98989.03,25.95,-0.011205641,-0.005733,,,,
125.288486,0.01012,0.004788,-0.134064,-9.805824,-9.806742,0.001065,-0.007455,0.003195,98988.93,25.95,0.017052359,0.022525,,,,
125.298587,0.010101,-0.009576,-0.122094,-9.805824,-9.806589,0.003195,-0.00426,0.00213,98988.93,25.95,0.017205359,0.022678,,,,
125.308736,0.010148,-0.040698,-0.126882,-9.834552,-9.835455,0.00213,-0.003195,0.001065,98988.93,25.95,-0.011660641,-0.006188,,,,
125.319599,0.010864,-0.014364,-0.102942,-9.817794,-9.818344,0.00213,-0.003195,0.001065,98988.93,25.95,0.005450359,0.010923,,,,
125.330761,0.011162,-0.004788,-0.110124,-9.824976,-9.825594,0.001065,-0.005325,0.003195,98988.93,25.95,-0.001799641,0.003673,,,,
125.341861,0.0111,-0.01197,-0.069426,-9.836946,-9.837198,0.001065,-0.00639,0.003195,98988.93,25.95,-0.013403641,-0.007931,,,,
125.353113,0.011252,-0.055062,-0.086184,-9.813006,-9.813539,0,-0.005325,0.00426,98988.77,25.95,0.010255359,0.015728,,,,
125.364239,0.011125,-0.014364,-0.064638,-9.82737,-9.827593,0.00213,-0.00639,0.00213,98988.77,25.95,-0.003798641,0.001674,,,,
125.37542,0.011181,-0.019152,-0.093366,-9.82737,-9.827832,0.00213,-0.005325,0.003195,98988.77,25.95,-0.004037641,0.001435,,,,
125.38665,0.011231,-0.043092,-0.086184,-9.834552,-9.835024,0.00213,-0.00639,0.00426,98988.77,25.95,-0.011229641,-0.005757,,,,
125.39794,0.01129,-0.028728,-0.088578,-9.8154,-9.815842,0.00213,-0.00426,0.00426,98988.77,25.95,0.007952359,0.013425,,,,
125.408956,0.011016,-0.007182,-0.088578,-9.829764,-9.830166,0,-0.003195,0.001065,98988.77,25.95,-0.006371641,-0.000899,,,,
125.420221,0.011264,-0.02394,-0.043092,-9.808218,-9.808342,0.00213,-0.005325,0.00426,98988.63,25.95,0.015452359,0.020925,,,,
125.431328,0.011107,-0.08379,-0.07182,-9.822582,-9.823202,0.005325,-0.00852,0,98988.63,25.95,0.000592359,0.006065,,,,
125.442568,0.01124,-0.026334,-0.057456,-9.82737,-9.827573,0.001065,-0.003195,0.00213,98988.63,25.95,-0.003778641,0.001694,,,,
125.452946,0.010378,-0.009576,-0.062244,-9.829764,-9.829966,0.003195,-0.00426,0.003195,98988.63,25.95,-0.006171641,-0.000699,,,,
125.463034,0.010088,-0.067032,-0.064638,-9.83934,-9.839781,0.00426,-0.005325,0,98988.63,25.95,-0.015986641,-0.010514,,,,
125.473125,0.010091,-0.03591,-0.064638,-9.824976,-9.825254,0.003195,-0.00639,0.001065,98988.63,25.95,-0.001459641,0.004013,,,,
125.483228,0.010102,0.002394,-0.055062,-9.808218,-9.808373,0.00213,-0.001065,0.003195,98988.63,25.95,0.015421359,0.020894,,,,
125.493324,0.010097,-0.050274,-0.067032,-9.777096,-9.777455,0.00213,-0.005325,0,98988.63,25.95,0.046339359,0.051812,,,,
125.503408,0.010083,-0.021546,-0.064638,-9.8154,-9.815636,0.001065,-0.005325,0.001065,98988.63,25.95,0.008158359,0.013631,,,,
125.513491,0.010084,0.007182,-0.043092,-9.820188,-9.820285,0.001065,-0.00213,0.001065,98988.63,25.95,0.003509359,0.008982,,,,
125.523596,0.010105,-0.02394,-0.055062,-9.793854,-9.794038,0.001065,-0.00639,0,98988.63,25.95,0.029756359,0.035229,,,,
125.533682,0.010086,0.016758,-0.07182,-9.82737,-9.827647,0.003195,-0.00426,0,98988.63,25.95,-0.003852641,0.00162,,,,
125.543873,0.010191,-0.007182,-0.064638,-9.808218,-9.808434,0.00213,-0.00639,0,98988.65,25.95,0.015360359,0.020833,,,,
125.553965,0.010092,-0.007182,-0.09576,-9.805824,-9.806294,0.00213,-0.007455,0.003195,98988.65,25.95,0.017500359,0.022973,,,,
125.564048,0.010083,-0.028728,-0.090972,-9.801036,-9.8015,0.00213,-0.003195,0.00213,98988.65,25.95,0.022294359,0.027767,,,,
125.574127,0.010079,0.019152,-0.100548,-9.805824,-9.806358,0.001065,-0.005325,0.003195,98988.65,25.95,0.017436359,0.022909,,,,
125.584234,0.010107,-0.01197,-0.112518,-9.8154,-9.816052,0.00213,-0.005325,0.00213,98988.65,25.95,0.007742359,0.013215,,,,
125.594337,0.010103,-0.021546,-0.110124,-9.822582,-9.823223,0.00213,-0.005325,0.005325,98988.65,25.95,0.000571359,0.006044,,,,
125.604425,0.010088,-0.01197,-0.057456,-9.808218,-9.808394,0.00213,-0.00426,0.005325,98988.65,25.95,0.015400359,0.020873,,,,
125.614516,0.010091,-0.009576,-0.093366,-9.841734,-9.842182,0.003195,-0.00639,0.00426,98988.58,25.95,-0.018387641,-0.012915,,,,
125.624623,0.010107,-0.028728,-0.093366,-9.829764,-9.830249,0.00213,-0.007455,0.00213,98988.58,25.95,-0.006454641,-0.000982,,,,
125.63473,0.010107,-0.02394,-0.064638,-9.80343,-9.803672,0,-0.003195,0.001065,98988.58,25.95,0.020122359,0.025595,,,,
125.644838,0.010108,-0.031122,-0.102942,-9.841734,-9.842322,0.003195,-0.003195,0.00213,98988.58,25.95,-0.018527641,-0.013055,,,,
125.654928,0.010089,-0.04788,-0.09576,-9.870462,-9.871043,-0.001065,-0.00639,0.003195,98988.58,25.95,-0.047248641,-0.041776,,,,
125.665015,0.010088,-0.04788,-0.093366,-9.82737,-9.82793,0.00213,-0.003195,0.00426,98988.58,25.95,-0.004135641,0.001337,,,,
125.675109,0.010093,-0.07182,-0.03591,-9.846522,-9.846849,0.003195,-0.005325,0,98988.55,25.95,-0.023054641,-0.017582,,,,
125.685227,0.010118,-0.090972,-0.064638,-9.829764,-9.830397,0,-0.00639,0.00213,98988.55,25.95,-0.006602641,-0.00113,,,,
125.695327,0.010099,-0.03591,-0.114912,-9.813006,-9.813744,0.00213,-0.003195,0,98988.55,25.95,0.010050359,0.015523,,,,
125.705446,0.010119,-0.055062,-0.062244,-9.801036,-9.801388,0.00213,-0.00426,0.00426,98988.55,25.95,0.022406359,0.027879,,,,
125.715545,0.0101,-0.03591,-0.07182,-9.808218,-9.808547,0.00213,-0.005325,0,98988.55,25.95,0.015247359,0.02072,,,,
125.725627,0.010082,-0.007182,-0.064638,-9.810612,-9.810828,0.00213,-0.005325,0.003195,98988.55,25.95,0.012966359,0.018439,,,,
125.735718,0.010091,-0.052668,-0.08379,-9.824976,-9.825474,0,-0.005325,0.00426,98988.5,25.95,-0.001679641,0.003793,,,,
125.74581,0.010092,-0.01197,-0.026334,-9.813006,-9.813049,0.00213,-0.005325,-0.003195,98988.5,25.95,0.010745359,0.016218,,,,
125.755894,0.010084,-0.004788,-0.086184,-9.829764,-9.830143,0.001065,-0.00426,0.003195,98988.5,25.95,-0.006348641,-0.000876,,,,
125.765977,0.010083,-0.079002,-0.079002,-9.813006,-9.813642,0,-0.00213,0,98988.5,25.95,0.010152359,0.015625,,,,
125.776064,0.010086,0.02394,-0.004788,-9.813006,-9.813036,0,-0.00426,0.00213,98988.5,25.95,0.010758359,0.016231,,,,
125.786155,0.010091,-0.021546,-0.129276,-9.82737,-9.828244,0.00426,-0.00852,0.001065,98988.5,25.95,-0.004449641,0.001023,,,,
125.796257,0.010102,-0.064638,-0.02394,-9.817794,-9.818036,0,-0.005325,-0.001065,98988.5,25.95,0.005758359,0.011231,,,,
125.806358,0.010101,0.004788,-0.079002,-9.824976,-9.825295,0.003195,-0.003195,0,98988.5,25.95,-0.001500641,0.003972,,,,
125.816523,0.010165,-0.031122,-0.122094,-9.83934,-9.840147,0.005325,-0.007455,0.003195,98988.5,25.95,-0.016352641,-0.01088,,,,
125.826626,0.010103,0.01197,-0.026334,-9.817794,-9.817837,0.001065,-0.00426,0.00213,98988.5,25.95,0.005957359,0.01143,,,,
125.836708,0.010083,0.016758,-0.031122,-9.836946,-9.83701,0.00426,-0.00852,0.00426,98988.5,25.95,-0.013215641,-0.007743,,,,
125.846821,0.010113,-0.02394,-0.1197,-9.808218,-9.808978,0.00426,-0.005325,0.00426,98988.5,25.95,0.014816359,0.020289,,,,
125.857949,0.011128,-0.02394,-0.067032,-9.85131,-9.851567,0.003195,-0.00213,0.00213,98988.5,25.95,-0.027772641,-0.0223,,,,
125.868172,0.010223,-0.02394,-0.067032,-9.844128,-9.844385,0.005325,-0.00852,0.001065,98988.53,25.95,-0.020590641,-0.015118,,,,
125.878259,0.010087,-0.02394,-0.102942,-9.83934,-9.839908,0,-0.00426,0,98988.53,25.95,-0.016113641,-0.010641,,,,
125.888332,0.010073,-0.050274,-0.07182,-9.848916,-9.849306,0.00213,-0.00426,0.00213,98988.53,25.95,-0.025511641,-0.020039,,,,
125.898493,0.010162,-0.019152,-0.09576,-9.82737,-9.827855,0.00213,-0.00852,0.005325,98988.53,25.95,-0.004060641,0.001412,,,,
125.908619,0.010126,-0.052668,-0.088578,-9.829764,-9.830304,0.003195,-0.00639,0.00213,98988.53,25.95,-0.006509641,-0.001037,,,,
125.918717,0.010098,-0.050274,-0.052668,-9.836946,-9.837215,-0.001065,-0.003195,0,98988.53,25.95,-0.013420641,-0.007948,,,,
125.928854,0.010137,-0.016758,-0.031122,-9.813006,-9.81307,0.00213,-0.00426,0.00213,98988.5,25.95,0.010724359,0.016197,,,,
125.938963,0.010108,-0.031122,-0.105336,-9.836946,-9.837559,0.001065,-0.005325,0.00213,98988.5,25.95,-0.013764641,-0.008292,,,,
125.949077,0.010114,-0.067032,-0.055062,-9.808218,-9.808602,0.001065,-0.003195,0.001065,98988.5,25.95,0.015192359,0.020665,,,,
125.959165,0.010088,-0.019152,-0.064638,-9.829764,-9.829995,0.00426,-0.003195,0.001065,98988.5,25.95,-0.006200641,-0.000728,,,,
125.969269,0.010104,-0.014364,-0.090972,-9.817794,-9.818226,-0.00213,-0.007455,0,98988.5,25.95,0.005568359,0.011041,,,,
125.979537,0.010267,-0.090972,-0.081396,-9.836946,-9.837703,0.00426,-0.005325,0,98988.5,25.95,-0.013908641,-0.008436,,,,
125.990649,0.011112,-0.019152,-0.052668,-9.822582,-9.822742,0.001065,-0.00426,0.001065,98988.47,25.95,0.001052359,0.006525,,,,
126.00177,0.011121,-0.014364,-0.100548,-9.82737,-9.827895,0.003195,-0.005325,0.00213,98988.47,25.95,-0.004100641,0.001372,,,,
126.01307,0.011301,-0.045486,-0.069426,-9.820188,-9.820539,0.001065,-0.00426,0.001065,98988.47,25.95,0.003255359,0.008728,,,,
126.024139,0.011068,-0.021546,-0.067032,-9.817794,-9.818046,0.00213,-0.00426,0.001065,98988.47,25.95,0.005748359,0.011221,,,,
126.035375,0.011236,-0.03591,-0.090972,-9.83934,-9.839826,0.001065,-0.00426,0.00213,98988.47,25.95,-0.016031641,-0.010559,,,,
126.046511,0.011136,-0.016758,-0.081396,-9.829764,-9.830115,0,-0.003195,0.00213,98988.47,25.95,-0.006320641,-0.000848,,,,
126.057848,0.011337,0.021546,-0.09576,-9.856098,-9.856587,0.00426,-0.005325,0.001065,98988.37,25.95,-0.032792641,-0.02732,,,,
126.068863,0.011015,-0.026334,-0.09576,-9.817794,-9.818296,0.001065,-0.00426,-0.001065,98988.37,25.95,0.005498359,0.010971,,,,
126.080054,0.011191,-0.050274,-0.09576,-9.822582,-9.823177,0,-0.005325,0.00426,98988.37,25.95,0.000617359,0.00609,,,,
126.091242,0.011188,0.02394,-0.090972,-9.801036,-9.801487,0,-0.007455,0.00426,98988.37,25.95,0.022307359,0.02778,,,,
126.102438,0.011196,-0.004788,-0.05985,-9.810612,-9.810796,0.00213,-0.00639,0.003195,98988.37,25.95,0.012998359,0.018471,,,,
126.113607,0.011169,0.002394,-0.08379,-9.822582,-9.82294,0,-0.005325,0.001065,98988.37,25.95,0.000854359,0.006327,,,,
126.124792,0.011186,-0.040698,-0.08379,-9.834552,-9.834993,0.00213,-0.00426,0.00213,98988.37,25.95,-0.011198641,-0.005726,,,,
126.135964,0.011172,-0.016758,-0.069426,-9.805824,-9.806084,0.003195,-0.005325,0,98988.37,25.95,0.017710359,0.023183,,,,
126.147186,0.011222,-0.040698,-0.07182,-9.813006,-9.813353,0.00213,-0.00426,0.00213,98988.37,25.95,0.010441359,0.015914,,,,
126.158477,0.011292,-0.016758,-0.055062,-9.846522,-9.84669,-0.001065,-0.005325,0.00426,98988.37,25.95,-0.022895641,-0.017423,,,,
126.169726,0.011249,-0.028728,-0.045486,-9.829764,-9.829911,0.001065,-0.007455,0.00213,98988.37,25.95,-0.006116641,-0.000644,,,,
126.180715,0.010988,-0.019152,-0.086184,-9.824976,-9.825373,0.00213,-0.00213,0.001065,98988.31,25.95,-0.001578641,0.003894,,,,
126.191943,0.011228,-0.031122,-0.055062,-9.798642,-9.798846,0.001065,-0.005325,0.00213,98988.31,25.95,0.024948359,0.030421,,,,
126.203164,0.011221,-0.090972,-0.052668,-9.865674,-9.866234,0.00213,-0.003195,-0.00213,98988.31,25.95,-0.042439641,-0.036967,,,,
126.214449,0.011285,-0.03591,-0.05985,-9.834552,-9.8348,0.001065,-0.003195,0,98988.31,25.95,-0.011005641,-0.005533,,,,
126.225477,0.011028,-0.033516,-0.079002,-9.784278,-9.784654,0.001065,-0.00213,0.001065,98988.31,25.95,0.039140359,0.044613,,,,
126.237521,0.012044,-0.04788,-0.062244,-9.824976,-9.82529,0.001065,-0.00639,0,98988.31,25.95,-0.001495641,0.003977,,,,
126.247869,0.010348,-0.050274,-0.10773,-9.848916,-9.849633,0.00213,-0.00426,0.003195,98988.36,25.95,-0.025838641,-0.020366,,,,
126.259153,0.011284,-0.026334,-0.088578,-9.832158,-9.832592,0,-0.00426,0.001065,98988.36,25.95,-0.008797641,-0.003325,,,,
126.270395,0.011241,-0.03591,-0.098154,-9.822582,-9.823138,-0.001065,-0.00426,0.003195,98988.36,25.95,0.000656359,0.006129,,,,
126.281439,0.011045,-0.043092,-0.081396,-9.848916,-9.849347,0.001065,-0.00426,0.001065,98988.36,25.95,-0.025552641,-0.02008,,,,
126.292566,0.011127,-0.033516,-0.117306,-9.829764,-9.830521,-0.003195,-0.00426,-0.001065,98988.36,25.95,-0.006726641,-0.001254,,,,
126.303734,0.011168,0.002394,-0.114912,-9.80343,-9.804104,0.003195,-0.003195,0.00213,98988.36,25.95,0.019690359,0.025163,,,,
126.31504,0.011306,0.016758,-0.081396,-9.808218,-9.80857,0,-0.005325,0.00213,98988.26,25.95,0.015224359,0.020697,,,,
126.326313,0.011273,-0.045486,-0.09576,-9.808218,-9.808791,0.00213,-0.003195,0.00213,98988.26,25.95,0.015003359,0.020476,,,,
126.33797,0.011656,-0.057456,-0.114912,-9.765126,-9.765971,0.00213,-0.005325,0.003195,98988.26,25.95,0.057823359,0.063296,,,,
126.348496,0.010526,0.033516,-0.081396,-9.76752,-9.767917,-0.001065,-0.007455,0.00213,98988.26,25.95,0.055877359,0.06135,,,,
126.359688,0.011192,-0.026334,-0.090972,-9.760338,-9.760797,0.001065,-0.005325,0.003195,98988.26,25.95,0.062997359,0.06847,,,,
126.370879,0.011192,-0.028728,-0.07182,-9.789066,-9.789372,0.00213,-0.003195,0.001065,98988.26,25.95,0.034422359,0.039895,,,,
126.382109,0.01123,-0.01197,-0.069426,-9.793854,-9.794107,0.001065,-0.005325,0.00426,98988.26,25.95,0.029687359,0.03516,,,,
126.39324,0.011131,0.002394,-0.067032,-9.75555,-9.755781,0.00426,-0.005325,0.003195,98988.26,25.95,0.068013359,0.073486,,,,
126.404401,0.011161,0.007182,-0.043092,-9.738792,-9.73889,0.001065,-0.00213,0.003195,98988.26,25.95,0.084904359,0.090377,,,,
126.415655,0.011254,-0.026334,-0.05985,-9.765126,-9.765345,0.001065,-0.003195,0.003195,98988.26,25.95,0.058449359,0.063922,,,,
126.426788,0.011133,-0.033516,-0.043092,-9.745974,-9.746127,0.00213,-0.001065,0.003195,98988.26,25.95,0.077667359,0.08314,,,,
126.438856,0.012068,-0.019152,-0.050274,-9.717246,-9.717395,0,-0.003195,0.001065,98988.26,25.95,0.106399359,0.111872,,,,
126.449137,0.010281,-0.057456,-0.03591,-9.712458,-9.712694,0.001065,-0.005325,-0.001065,98988.26,25.95,0.111100359,0.116573,,,,
126.460344,0.011207,-0.069426,-0.057456,-9.734004,-9.734421,0.00213,-0.003195,0.001065,98988.26,25.95,0.089373359,0.094846,,,,
126.471581,0.011237,-0.01197,-0.067032,-9.674154,-9.674394,0,-0.00426,0.00213,98988.26,25.95,0.149400359,0.154873,,,,
126.482713,0.011132,-0.026334,-0.07182,-9.702882,-9.703184,0.001065,-0.00213,0.001065,98988.26,25.95,0.120610359,0.126083,,,,
126.49412,0.011407,-0.045486,-0.088578,-9.688518,-9.68903,0.003195,-0.005325,0.001065,98988.26,25.95,0.134764359,0.140237,,,,
126.505102,0.010982,-0.062244,-0.088578,-9.705276,-9.70588,0.00213,-0.00426,0,98988.33,25.95,0.117914359,0.123387,,,,
126.516546,0.011444,-0.014364,-0.069426,-9.686124,-9.686383,0.003195,-0.00639,0.003195,98988.33,25.95,0.137411359,0.142884,,,,
126.526633,0.010087,-0.016758,-0.079002,-9.657396,-9.657734,0.003195,-0.00426,0.001065,98988.33,25.95,0.166060359,0.171533,,,,
126.536714,0.01008,-0.04788,-0.09576,-9.676548,-9.67714,0.00426,-0.00639,0.00426,98988.33,25.95,0.146654359,0.152127,,,,
126.546801,0.010088,-0.016758,-0.08379,-9.626274,-9.626653,0.00213,-0.005325,0.001065,98988.33,25.95,0.197141359,0.202614,,,,
126.55689,0.010088,-0.043092,-0.105336,-9.64782,-9.648491,0.001065,-0.00639,0.003195,98988.33,25.95,0.175303359,0.180776,,,,
126.566988,0.010098,-0.028728,-0.100548,-9.65979,-9.660356,0,-0.005325,0.00213,98988.33,25.95,0.163438359,0.168911,,,,
126.577078,0.01009,0,-0.05985,-9.638244,-9.63843,0,-0.00639,0.003195,98988.33,25.95,0.185364359,0.190837,,,,
126.587161,0.010083,-0.026334,-0.100548,-9.686124,-9.686682,0.003195,-0.005325,0.003195,98988.33,25.95,0.137112359,0.142585,,,,
126.597333,0.010172,-0.028728,-0.07182,-9.643032,-9.643342,0.001065,-0.003195,0,98988.33,25.95,0.180452359,0.185925,,,,
126.607437,0.010105,-0.014364,-0.08379,-9.628668,-9.629043,0.001065,-0.005325,0.00213,98988.33,25.95,0.194751359,0.200224,,,,
126.618027,0.01059,-0.004788,-0.09576,-9.595152,-9.595631,0,-0.00426,0.00213,98988.33,25.95,0.228163359,0.233636,,,,
126.628121,0.010094,-0.026334,-0.114912,-9.655002,-9.655722,0.00213,-0.00426,0.00213,98988.33,25.95,0.168072359,0.173545,,,,
126.638205,0.010084,-0.019152,-0.05985,-9.61191,-9.612115,-0.00213,-0.003195,0.00213,98988.2,25.95,0.211679359,0.217152,,,,
126.648298,0.010094,-0.031122,-0.081396,-9.597546,-9.597942,0.00213,-0.00426,0.00213,98988.2,25.95,0.225852359,0.231325,,,,
126.658414,0.010116,-0.043092,-0.074214,-9.614304,-9.614687,0.00213,-0.005325,0.001065,98988.2,25.95,0.209107359,0.21458,,,,
126.668592,0.010178,0,-0.08379,-9.614304,-9.614669,0,-0.007455,0.00213,98988.2,25.95,0.209125359,0.214598,,,,
126.678684,0.010093,-0.021546,-0.07182,-9.573606,-9.5739,0,-0.005325,0.003195,98988.2,25.95,0.249894359,0.255367,,,,
126.688783,0.010098,-0.026334,-0.07182,-9.602334,-9.602639,0.00213,-0.00639,0.00213,98988.2,25.95,0.221155359,0.226628,,,,
126.699049,0.010266,-0.014364,-0.064638,-9.566424,-9.566653,0.001065,-0.005325,0.003195,98988.18,25.95,0.257141359,0.262614,,,,
126.709152,0.010103,0.007182,-0.043092,-9.56403,-9.56413,0.00213,-0.00426,0.001065,98988.18,25.95,0.259664359,0.265137,,,,
126.719437,0.010285,-0.052668,-0.079002,-9.592758,-9.593228,0.00213,-0.007455,0.003195,98988.18,25.95,0.230566359,0.236039,,,,
126.72952,0.010083,0,-0.079002,-9.583182,-9.583508,0.001065,-0.00426,0.00213,98988.18,25.95,0.240286359,0.245759,,,,
126.739927,0.010407,-0.002394,-0.062244,-9.566424,-9.566627,0.00213,-0.005325,0.00213,98988.18,25.95,0.257167359,0.26264,,,,
126.751386,0.011459,-0.062244,-0.076608,-9.571212,-9.571721,0.00213,-0.00639,0.00426,98988.18,25.95,0.252073359,0.257546,,,,
126.762368,0.010983,0.002394,-0.074214,-9.580788,-9.581076,0.00213,-0.005325,0.00213,98988.1,25.95,0.242718359,0.248191,,,,
126.773494,0.011125,-0.004788,-0.062244,-9.561636,-9.56184,-0.00213,-0.00639,-0.001065,98988.1,25.95,0.261954359,0.267427,,,,
126.784648,0.011154,-0.031122,-0.069426,-9.573606,-9.573908,0.003195,-0.00426,0.001065,98988.1,25.95,0.249886359,0.255359,,,,
126.795889,0.01124,-0.033516,-0.088578,-9.580788,-9.581256,0.001065,-0.005325,0,98988.1,25.95,0.242538359,0.248011,,,,
126.807124,0.011236,-0.014364,-0.114912,-9.561636,-9.562337,-0.001065,-0.005325,0.001065,98988.1,25.95,0.261457359,0.26693,,,,
126.818452,0.011327,0.02394,-0.08379,-9.525726,-9.526125,-0.001065,-0.00213,0.001065,98988.1,25.95,0.297669359,0.303142,,,,
126.829564,0.011112,-0.014364,-0.079002,-9.561636,-9.561973,0.001065,-0.00639,0.001065,98988.1,25.95,0.261821359,0.267294,,,,
126.840598,0.011034,-0.026334,-0.093366,-9.547272,-9.547765,0.001065,-0.005325,0.00213,98988.1,25.95,0.276029359,0.281502,,,,
126.851766,0.011168,-0.019152,-0.088578,-9.549666,-9.550096,0.001065,-0.005325,0.001065,98988.1,25.95,0.273698359,0.279171,,,,
126.863004,0.011238,-0.031122,-0.07182,-9.513756,-9.514078,0.003195,-0.005325,0.00213,98988.1,25.95,0.309716359,0.315189,,,,
126.874198,0.011194,-0.05985,-0.098154,-9.537696,-9.538389,0.003195,-0.005325,0,98988.1,25.95,0.285405359,0.290878,,,,
126.88551,0.011312,-0.033516,-0.074214,-9.532908,-9.533256,0.001065,-0.00426,0.001065,98988.1,25.95,0.290538359,0.296011,,,,
126.896532,0.011021,-0.043092,-0.069426,-9.487422,-9.487774,0,-0.00426,0.00213,98988.18,25.95,0.336020359,0.341493,,,,
126.907726,0.011194,-0.002394,-0.076608,-9.48024,-9.48055,0.00213,-0.007455,0.00426,98988.18,25.95,0.343244359,0.348717,,,,
126.918983,0.011258,-0.043092,-0.074214,-9.518544,-9.518931,0.001065,-0.00426,0.001065,98988.18,25.95,0.304863359,0.310336,,,,
126.930132,0.011148,-0.014364,-0.062244,-9.506574,-9.506789,0.003195,-0.00426,0.001065,98988.18,25.95,0.317005359,0.322478,,,,
126.941295,0.011163,-0.021546,-0.052668,-9.4563,-9.456471,0.00213,-0.00426,0,98988.18,25.95,0.367323359,0.372796,,,,
126.952575,0.011281,-0.007182,-0.076608,-9.46827,-9.468583,0.00213,-0.005325,0.003195,98988.01,25.95,0.355211359,0.360684,,,,
126.963692,0.011117,-0.05985,-0.05985,-9.477846,-9.478224,0.001065,-0.003195,-0.001065,98988.01,25.95,0.345570359,0.351043,,,,
126.974935,0.011243,-0.016758,-0.064638,-9.482634,-9.482869,-0.00213,-0.00426,0.00213,98988.01,25.95,0.340925359,0.346398,,,,
126.986033,0.011098,-0.01197,-0.067032,-9.463482,-9.463727,0.001065,-0.00213,0.00213,98988.01,25.95,0.360067359,0.36554,,,,
126.997207,0.011174,-0.026334,-0.043092,-9.4563,-9.456435,0.005325,-0.003195,0.003195,98988.01,25.95,0.367359359,0.372832,,,,
127.008353,0.011145,-0.043092,-0.045486,-9.425178,-9.425386,0,-0.00639,0.001065,98988.01,25.95,0.398408359,0.403881,,,,
127.019586,0.011233,-0.009576,-0.067032,-9.446724,-9.446967,0.003195,-0.00426,0.00213,98987.91,25.95,0.376827359,0.3823,,,,
127.030793,0.011207,-0.01197,-0.05985,-9.429966,-9.430164,0,-0.005325,0.003195,98987.91,25.95,0.393630359,0.399103,,,,
127.041954,0.011161,-0.019152,-0.074214,-9.46827,-9.46858,0.00213,-0.007455,-0.001065,98987.91,25.95,0.355214359,0.360687,,,,
127.053132,0.011178,-0.033516,-0.074214,-9.463482,-9.463832,0.001065,-0.00426,0.00426,98987.91,25.95,0.359962359,0.365435,,,,
127.064315,0.011182,0.009576,-0.064638,-9.434754,-9.43498,0.001065,-0.007455,0.00213,98987.91,25.95,0.388814359,0.394287,,,,
127.075488,0.011173,-0.002394,-0.064638,-9.382086,-9.382309,0.003195,-0.00213,0.00213,98987.91,25.95,0.441485359,0.446958,,,,
127.086776,0.011288,-0.02394,-0.069426,-9.429966,-9.430252,0.003195,-0.005325,0.00213,98987.86,25.95,0.393542359,0.399015,,,,
127.098002,0.011226,-0.019152,-0.08379,-9.382086,-9.38248,0.001065,-0.00426,0.00426,98987.86,25.95,0.441314359,0.446787,,,,
127.109247,0.011245,-0.016758,-0.088578,-9.379692,-9.380125,0.00213,-0.003195,0.00213,98987.86,25.95,0.443669359,0.449142,,,,
127.120236,0.010989,-0.016758,-0.076608,-9.377298,-9.377626,0.001065,-0.005325,0.001065,98987.86,25.95,0.446168359,0.451641,,,,
127.131451,0.011215,-0.033516,-0.067032,-9.37251,-9.37281,0.00213,-0.00639,0.00213,98987.86,25.95,0.450984359,0.456457,,,,
127.143358,0.011906,-0.01197,-0.090972,-9.382086,-9.382535,0,-0.00639,0.00426,98987.86,25.95,0.441259359,0.446732,,,,
127.153796,0.010438,-0.002394,-0.098154,-9.406026,-9.406538,0.00213,-0.005325,0.003195,98987.86,25.95,0.417256359,0.422729,,,,
127.164992,0.011196,0.002394,-0.05985,-9.346176,-9.346368,0.003195,-0.00426,0.001065,98987.86,25.95,0.477426359,0.482899,,,,
127.176192,0.011199,-0.076608,-0.08379,-9.382086,-9.382773,0.00213,-0.003195,-0.001065,98987.86,25.95,0.441021359,0.446494,,,,
127.187401,0.01121,-0.021546,-0.064638,-9.329418,-9.329667,0.00213,-0.003195,0.00213,98987.86,25.95,0.494127359,0.4996,,,,
127.19885,0.011449,-0.033516,-0.07182,-9.322236,-9.322573,0.001065,-0.00426,0.001065,98987.86,25.95,0.501221359,0.506694,,,,
127.209726,0.010876,-0.019152,-0.069426,-9.329418,-9.329696,0,-0.005325,0.003195,98987.69,25.95,0.494098359,0.499571,,,,
127.22087,0.011144,-0.067032,-0.081396,-9.331812,-9.332408,0.00426,-0.00426,0.001065,98987.69,25.95,0.491386359,0.496859,,,,
127.232096,0.011226,-0.007182,-0.07182,-9.317448,-9.317728,0,-0.00639,0.00213,98987.69,25.95,0.506066359,0.511539,,,,
127.243347,0.011251,-0.01197,-0.069426,-9.32463,-9.324896,0.00213,-0.003195,0.001065,98987.69,25.95,0.498898359,0.504371,,,,
127.25452,0.011173,-0.05985,-0.055062,-9.341388,-9.341742,0.00213,-0.005325,0.003195,98987.69,25.95,0.482052359,0.487525,,,,
127.265622,0.011101,-0.055062,-0.055062,-9.331812,-9.332137,0.003195,-0.005325,0.00213,98987.69,25.95,0.491657359,0.49713,,,,
127.277078,0.011457,0,-0.064638,-9.327024,-9.327248,0.001065,-0.00426,0.00213,98987.62,25.95,0.496546359,0.502019,,,,
127.287979,0.0109,-0.014364,-0.055062,-9.27675,-9.276925,0,-0.005325,0.001065,98987.62,25.95,0.546869359,0.552342,,,,
127.29923,0.011252,-0.033516,-0.08379,-9.31266,-9.313097,0.001065,-0.005325,0.00213,98987.62,25.95,0.510697359,0.51617,,,,
127.310395,0.011165,-0.009576,-0.08379,-9.310266,-9.310648,0.001065,-0.003195,0.001065,98987.62,25.95,0.513146359,0.518619,,,,
127.321639,0.011244,-0.009576,-0.076608,-9.293508,-9.293829,0.003195,-0.005325,0.00213,98987.62,25.95,0.529965359,0.535438,,,,
127.332725,0.011087,0.002394,-0.076608,-9.286326,-9.286642,0.00213,-0.005325,0,98987.62,25.95,0.537152359,0.542625,,,,
127.343932,0.011206,-0.05985,-0.062244,-9.331812,-9.332212,0.001065,-0.003195,0.001065,98987.5,25.95,0.491582359,0.497055,,,,
127.355102,0.01117,0.009576,-0.069426,-9.32463,-9.324893,0.003195,-0.00213,0.001065,98987.5,25.95,0.498901359,0.504374,,,,
127.36634,0.011238,0,-0.040698,-9.343782,-9.343871,0.003195,-0.00426,0.001065,98987.5,25.95,0.479923359,0.485396,,,,
127.377573,0.011233,0.009576,-0.057456,-9.334206,-9.334388,0.001065,-0.005325,0.001065,98987.5,25.95,0.489406359,0.494879,,,,
127.388655,0.011081,-0.028728,-0.090972,-9.37251,-9.372996,0.001065,-0.003195,0,98987.5,25.95,0.450798359,0.456271,,,,
127.400935,0.01228,0.002394,-0.05985,-9.317448,-9.317641,0.00213,-0.00426,0.00426,98987.5,25.95,0.506153359,0.511626,,,,
127.411128,0.010194,-0.016758,-0.090972,-9.303084,-9.303544,0.00213,-0.005325,0.003195,98987.5,25.95,0.520250359,0.525723,,,,
127.422251,0.011123,-0.031122,-0.076608,-9.305478,-9.305845,0,-0.00426,0.001065,98987.5,25.95,0.517949359,0.523422,,,,
127.433477,0.011226,-0.04788,-0.067032,-9.327024,-9.327388,0.003195,-0.00426,0.00426,98987.5,25.95,0.496406359,0.501879,,,,
127.444573,0.011096,0.007182,-0.031122,-9.331812,-9.331867,0.00213,-0.00426,-0.001065,98987.5,25.95,0.491927359,0.4974,,,,
127.45598,0.011407,-0.01197,-0.050274,-9.303084,-9.303228,0.001065,-0.005325,0.001065,98987.5,25.95,0.520566359,0.526039,,,,
127.467007,0.011027,-0.031122,-0.055062,-9.310266,-9.310481,0.001065,-0.005325,0.003195,98987.5,25.95,0.513313359,0.518786,,,,
127.47832,0.011314,-0.043092,-0.064638,-9.32463,-9.324954,0.003195,-0.005325,0.001065,98987.5,25.95,0.498840359,0.504313,,,,
127.489341,0.011021,-0.002394,-0.074214,-9.331812,-9.332107,0.001065,-0.00213,0.003195,98987.5,25.95,0.491687359,0.49716,,,,
127.500517,0.011176,-0.031122,-0.04788,-9.307872,-9.308047,0.001065,-0.001065,0.00213,98987.5,25.95,0.515747359,0.52122,,,,
127.511845,0.011328,-0.02394,-0.062244,-9.329418,-9.329656,0.001065,-0.00426,0.003195,98987.5,25.95,0.494138359,0.499611,,,,
127.522972,0.011127,-0.033516,-0.088578,-9.327024,-9.327505,-0.001065,-0.00426,0.003195,98987.5,25.95,0.496289359,0.501762,,,,
127.534256,0.011284,0,-0.079002,-9.331812,-9.332146,0.003195,-0.001065,0.00213,98987.54,25.95,0.491648359,0.497121,,,,
127.54524,0.010985,-0.007182,-0.074214,-9.307872,-9.308171,-0.001065,-0.005325,0.001065,98987.54,25.95,0.515623359,0.521096,,,,
127.556408,0.011167,-0.026334,-0.057456,-9.370116,-9.370329,0.00213,-0.003195,0.001065,98987.54,25.95,0.453465359,0.458938,,,,
127.567588,0.01118,-0.009576,-0.052668,-9.365328,-9.365481,0.00213,-0.00426,0.00426,98987.54,25.95,0.458313359,0.463786,,,,
127.578901,0.011313,-0.016758,-0.086184,-9.317448,-9.317862,-0.001065,-0.00426,0,98987.54,25.95,0.505932359,0.511405,,,,
127.59003,0.011129,0.002394,-0.076608,-9.331812,-9.332127,0.003195,-0.005325,0.00213,98987.54,25.95,0.491667359,0.49714,,,,
127.601181,0.011151,-0.045486,-0.086184,-9.358146,-9.358653,0,-0.00639,0.00426,98987.48,25.95,0.465141359,0.470614,,,,
127.612355,0.011174,-0.009576,-0.081396,-9.343782,-9.344141,0.00213,-0.005325,0.001065,98987.48,25.95,0.479653359,0.485126,,,,
127.62353,0.011174,0.007182,-0.088578,-9.365328,-9.36575,0.003195,-0.003195,0.001065,98987.48,25.95,0.458044359,0.463517,,,,
127.634727,0.011198,-0.009576,-0.05985,-9.334206,-9.334403,0.001065,-0.003195,0.001065,98987.48,25.95,0.489391359,0.494864,,,,
127.645986,0.011259,-0.045486,-0.067032,-9.353358,-9.353709,0.00213,-0.00426,0.00213,98987.48,25.95,0.470085359,0.475558,,,,
127.657119,0.011133,-0.02394,-0.090972,-9.353358,-9.353831,0.00213,-0.00426,0.001065,98987.43,25.95,0.469963359,0.475436,,,,
127.668258,0.011139,-0.045486,-0.07182,-9.350964,-9.35135,0.001065,-0.00639,0.001065,98987.43,25.95,0.472444359,0.477917,,,,
127.679549,0.011291,-0.02394,-0.079002,-9.331812,-9.332177,0,-0.00426,0.001065,98987.43,25.95,0.491617359,0.49709,,,,
127.69069,0.011141,-0.028728,-0.074214,-9.343782,-9.344121,0.001065,-0.00426,0.001065,98987.43,25.95,0.479673359,0.485146,,,,
127.701936,0.011245,0.004788,-0.067032,-9.319842,-9.320084,0.001065,-0.005325,0.00213,98987.43,25.95,0.503710359,0.509183,,,,
127.71316,0.011224,-0.040698,-0.079002,-9.322236,-9.32266,0,-0.00639,0.00213,98987.43,25.95,0.501134359,0.506607,,,,
127.724188,0.011028,-0.03591,-0.069426,-9.341388,-9.341715,0.001065,-0.00213,0,98987.42,25.95,0.482079359,0.487552,,,,
127.735379,0.011191,-0.014364,-0.05985,-9.338994,-9.339197,0.001065,-0.005325,0.003195,98987.42,25.95,0.484597359,0.49007,,,,
127.746635,0.011256,-0.019152,-0.064638,-9.298296,-9.29854,0.00213,-0.005325,0.003195,98987.42,25.95,0.525254359,0.530727,,,,
127.757861,0.011226,-0.007182,-0.08379,-9.27675,-9.277131,0.00426,-0.00426,0,98987.42,25.95,0.546663359,0.552136,,,,
127.76796,0.010099,-0.040698,-0.062244,-9.329418,-9.329714,0.00213,-0.00426,0,98987.42,25.95,0.494080359,0.499553,,,,
127.778054,0.010094,-0.040698,-0.081396,-9.34857,-9.349013,0,-0.003195,0.001065,98987.42,25.95,0.474781359,0.480254,,,,
127.788176,0.010122,0.007182,-0.067032,-9.307872,-9.308116,0.001065,-0.00426,0.00213,98987.45,25.95,0.515678359,0.521151,,,,
127.798274,0.010098,-0.040698,-0.07182,-9.30069,-9.301056,0.001065,-0.005325,0,98987.45,25.95,0.522738359,0.528211,,,,
127.808412,0.010137,-0.016758,-0.088578,-9.334206,-9.334641,0,-0.005325,0.003195,98987.45,25.95,0.489153359,0.494626,,,,
127.818519,0.010108,0.004788,-0.062244,-9.293508,-9.293718,0.00213,-0.005325,0.003195,98987.45,25.95,0.530076359,0.535549,,,,
127.828671,0.010151,-0.043092,-0.074214,-9.346176,-9.34657,0.001065,-0.003195,0.00213,98987.45,25.95,0.477224359,0.482697,,,,
127.838785,0.010114,-0.021546,-0.076608,-9.331812,-9.332151,0,-0.00213,0.003195,98987.45,25.95,0.491643359,0.497116,,,,
127.848891,0.010107,-0.009576,-0.076608,-9.307872,-9.308192,0.001065,-0.00639,0.003195,98987.45,25.95,0.515602359,0.521075,,,,
127.859325,0.010434,-0.033516,-0.07182,-9.343782,-9.344118,0,-0.00639,0.001065,98987.45,25.95,0.479676359,0.485149,,,,
127.869464,0.010139,0.009576,-0.088578,-9.305478,-9.305905,0.00213,-0.00213,0.001065,98987.45,25.95,0.517889359,0.523362,,,,
127.87956,0.010095,-0.009576,-0.08379,-9.334206,-9.334587,0,-0.007455,0,98987.45,25.95,0.489207359,0.49468,,,,
127.889642,0.010082,-0.052668,-0.08379,-9.367722,-9.368245,0.00213,-0.00426,0.003195,98987.45,25.95,0.455549359,0.461022,,,,
127.899757,0.010115,-0.01197,-0.081396,-9.334206,-9.334569,0.001065,-0.005325,0.003195,98987.45,25.95,0.489225359,0.494698,,,,
127.909855,0.010098,0,-0.02394,-9.327024,-9.327055,0.003195,-0.003195,0.00213,98987.45,25.95,0.496739359,0.502212,,,,
127.919963,0.010108,-0.038304,-0.033516,-9.370116,-9.370254,0.003195,-0.009585,0.003195,98987.51,25.95,0.453540359,0.459013,,,,
127.930051,0.010089,0.01197,-0.08379,-9.310266,-9.310651,0,-0.003195,0.001065,98987.51,25.95,0.513143359,0.518616,,,,
127.940147,0.010096,-0.028728,-0.057456,-9.334206,-9.334427,0.001065,-0.00639,0.00213,98987.51,25.95,0.489367359,0.49484,,,,
127.950243,0.010095,-0.026334,-0.081396,-9.291114,-9.291508,0.00213,-0.007455,0.00213,98987.51,25.95,0.532286359,0.537759,,,,
127.960342,0.010099,0.004788,-0.067032,-9.331812,-9.332054,0.001065,-0.003195,0.003195,98987.51,25.95,0.491740359,0.497213,,,,
127.970434,0.010092,-0.040698,-0.086184,-9.31266,-9.313148,0.00213,-0.005325,0.001065,98987.51,25.95,0.510646359,0.516119,,,,
127.980544,0.01011,-0.021546,-0.028728,-9.338994,-9.339063,0.001065,-0.00639,0.00426,98987.7,25.95,0.484731359,0.490204,,,,
127.992611,0.012067,-0.045486,-0.062244,-9.350964,-9.351282,0.00213,-0.00426,0.00213,98987.7,25.95,0.472512359,0.477985,,,,
128.003778,0.011168,-0.009576,-0.03591,-9.31266,-9.312734,0.00213,-0.00426,0.00213,98987.7,25.95,0.511060359,0.516533,,,,
128.015011,0.011233,-0.009576,-0.055062,-9.291114,-9.291282,0.00213,-0.005325,0.00213,98987.7,25.95,0.532512359,0.537985,,,,
128.026182,0.01117,-0.050274,-0.074214,-9.327024,-9.327455,0.003195,-0.00213,0.00213,98987.7,25.95,0.496339359,0.501812,,,,
128.037516,0.011334,-0.016758,-0.074214,-9.317448,-9.317759,0.001065,-0.00639,0,98987.7,25.95,0.506035359,0.511508,,,,
128.048728,0.011213,-0.01197,-0.105336,-9.305478,-9.306082,0.003195,-0.00426,0.003195,98987.94,25.95,0.517712359,0.523185,,,,
128.059808,0.01108,-0.031122,-0.086184,-9.307872,-9.308323,0.00213,-0.003195,0.001065,98987.94,25.95,0.515471359,0.520944,,,,
128.070939,0.011131,-0.026334,-0.088578,-9.3366,-9.337057,0.00213,-0.005325,0.00213,98987.94,25.95,0.486737359,0.49221,,,,
128.082138,0.011199,-0.014364,-0.057456,-9.303084,-9.303273,0.001065,-0.003195,0.00213,98987.94,25.95,0.520521359,0.525994,,,,
128.093285,0.011147,-0.026334,-0.064638,-9.319842,-9.320103,-0.001065,-0.00213,-0.001065,98987.94,25.95,0.503691359,0.509164,,,,
128.104443,0.011158,-0.062244,-0.050274,-9.329418,-9.329761,0.001065,-0.00426,0.003195,98988.04,25.95,0.494033359,0.499506,,,,
128.115654,0.011211,-0.038304,-0.08379,-9.319842,-9.320297,0.003195,-0.005325,0.001065,98988.04,25.95,0.503497359,0.50897,,,,
128.126822,0.011168,-0.031122,-0.112518,-9.295902,-9.296635,0.001065,-0.00639,0.001065,98988.04,25.95,0.527159359,0.532632,,,,
128.138174,0.011352,-0.002394,-0.090972,-9.298296,-9.298741,0.001065,-0.00639,0.00213,98988.04,25.95,0.525053359,0.530526,,,,
128.149218,0.011044,-0.045486,-0.090972,-9.327024,-9.327579,0.00213,-0.003195,0.001065,98988.04,25.95,0.496215359,0.501688,,,,
128.160411,0.011193,-0.055062,-0.050274,-9.377298,-9.377594,0,-0.005325,0.00426,98988.04,25.95,0.446200359,0.451673,,,,
128.171692,0.011281,-0.007182,-0.03591,-9.322236,-9.322308,0.001065,-0.00639,0.001065,98988.04,25.95,0.501486359,0.506959,,,,
128.182809,0.011117,-0.043092,-0.04788,-9.334206,-9.334428,0.003195,-0.00426,0.001065,98988.04,25.95,0.489366359,0.494839,,,,
128.193975,0.011166,-0.052668,-0.043092,-9.343782,-9.34403,0.001065,-0.005325,0,98988.04,25.95,0.479764359,0.485237,,,,
128.205115,0.01114,-0.069426,-0.079002,-9.329418,-9.330011,-0.001065,-0.001065,0.00213,98988.04,25.95,0.493783359,0.499256,,,,
128.216393,0.011278,0.002394,-0.1197,-9.322236,-9.323005,0.003195,-0.00426,0.001065,98988.04,25.95,0.500789359,0.506262,,,,
128.22754,0.011147,-0.026334,-0.043092,-9.329418,-9.329555,0.003195,-0.00426,0,98988.04,25.95,0.494239359,0.499712,,,,
128.238787,0.011247,-0.019152,-0.081396,-9.331812,-9.332187,0.00213,-0.00639,0,98988.42,25.95,0.491607359,0.49708,,,,
128.249864,0.011077,-0.009576,-0.04788,-9.3366,-9.336728,-0.001065,-0.003195,0,98988.42,25.95,0.487066359,0.492539,,,,
128.261056,0.011192,-0.002394,-0.050274,-9.32463,-9.324766,0,-0.00426,0.001065,98988.42,25.95,0.499028359,0.504501,,,,
128.272295,0.011239,-0.026334,-0.081396,-9.310266,-9.310659,0.001065,-0.00426,0.001065,98988.42,25.95,0.513135359,0.518608,,,,
128.283452,0.011157,-0.02394,-0.043092,-9.305478,-9.305609,0.001065,-0.00426,0.001065,98988.42,25.95,0.518185359,0.523658,,,,
128.294615,0.011163,-0.009576,-0.112518,-9.31266,-9.313345,0.003195,-0.00426,0.00213,98988.77,25.96,0.510449359,0.515922,,,,
128.305841,0.011226,-0.031122,-0.069426,-9.319842,-9.320153,0.00213,-0.003195,0,98988.77,25.96,0.503641359,0.509114,,,,
128.317005,0.011164,-0.026334,-0.098154,-9.28872,-9.289276,0.001065,-0.003195,0.003195,98988.77,25.96,0.534518359,0.539991,,,,
128.328142,0.011136,-0.057456,-0.062244,-9.331812,-9.332196,0.003195,-0.005325,0.003195,98988.77,25.96,0.491598359,0.497071,,,,
128.339475,0.011334,-0.038304,-0.076608,-9.30069,-9.301084,0.003195,-0.005325,0.00213,98988.77,25.96,0.522710359,0.528183,,,,
128.35056,0.011084,0.019152,-0.057456,-9.317448,-9.317645,0.001065,-0.007455,0.00426,98988.77,25.96,0.506149359,0.511622,,,,
128.361803,0.011243,-0.033516,-0.055062,-9.327024,-9.327247,0.001065,-0.005325,0,98989.01,25.95,0.496547359,0.50202,,,,
128.372945,0.011142,-0.033516,-0.112518,-9.329418,-9.330157,0.00426,-0.007455,0.003195,98989.01,25.95,0.493637359,0.49911,,,,
128.384067,0.011122,-0.004788,-0.081396,-9.30069,-9.301047,-0.001065,-0.00639,0.001065,98989.01,25.95,0.522747359,0.52822,,,,
128.395401,0.011334,-0.043092,-0.079002,-9.310266,-9.310701,0.003195,-0.00426,0,98989.01,25.95,0.513093359,0.518566,,,,
128.40659,0.011189,-0.009576,-0.038304,-9.32463,-9.324714,0.001065,-0.00426,0.003195,98989.01,25.95,0.499080359,0.504553,,,,
128.417785,0.011195,-0.033516,-0.045486,-9.358146,-9.358317,0.001065,-0.005325,0.003195,98989.01,25.95,0.465477359,0.47095,,,,
128.428887,0.011102,0.021546,-0.069426,-9.31266,-9.312944,0.001065,-0.005325,0.001065,98989.14,25.95,0.510850359,0.516323,,,,
128.439991,0.011104,-0.033516,-0.038304,-9.317448,-9.317587,0.001065,-0.00639,0.003195,98989.14,25.95,0.506207359,0.51168,,,,
128.451203,0.011213,-0.026334,-0.079002,-9.293508,-9.293881,0,-0.005325,-0.001065,98989.14,25.95,0.529913359,0.535386,,,,
128.462423,0.01122,-0.05985,-0.057456,-9.298296,-9.298666,0.001065,-0.00213,0.00213,98989.14,25.95,0.525128359,0.530601,,,,
128.473603,0.01118,0.004788,-0.088578,-9.305478,-9.305901,0.003195,-0.003195,0.003195,98989.14,25.95,0.517893359,0.523366,,,,
128.48473,0.011127,-0.007182,-0.03591,-9.31266,-9.312732,0.001065,-0.00426,0.001065,98989.14,25.95,0.511062359,0.516535,,,,
128.495925,0.011195,-0.004788,-0.055062,-9.355752,-9.355915,0.003195,-0.00639,0.00213,98989.14,25.95,0.467879359,0.473352,,,,
128.507208,0.011283,-0.009576,-0.076608,-9.346176,-9.346495,0.001065,-0.003195,0.005325,98989.14,25.95,0.477299359,0.482772,,,,
128.518411,0.011203,-0.02394,-0.069426,-9.327024,-9.327313,0.00639,-0.00639,0.001065,98989.14,25.95,0.496481359,0.501954,,,,
128.529505,0.011093,-0.02394,-0.081396,-9.291114,-9.291501,0.001065,-0.00426,0.001065,98989.14,25.95,0.532293359,0.537766,,,,
128.540675,0.01117,-0.031122,-0.086184,-9.32463,-9.32508,0.00213,-0.007455,0.00213,98989.14,25.95,0.498714359,0.504187,,,,
128.551865,0.01119,-0.01197,-0.090972,-9.307872,-9.308324,0,-0.00426,-0.003195,98989.51,25.96,0.515470359,0.520943,,,,
128.563068,0.011203,-0.004788,-0.062244,-9.327024,-9.327233,0.00213,-0.00639,-0.001065,98989.51,25.96,0.496561359,0.502034,,,,
128.574283,0.011215,-0.026334,-0.105336,-9.31266,-9.313293,0.003195,-0.00426,0.001065,98989.51,25.96,0.510501359,0.515974,,,,
128.585473,0.01119,-0.009576,-0.088578,-9.327024,-9.32745,-0.001065,-0.003195,0.00213,98989.51,25.96,0.496344359,0.501817,,,,
128.59678,0.011307,-0.016758,-0.081396,-9.303084,-9.303455,0.001065,-0.00426,0.001065,98989.51,25.96,0.520339359,0.525812,,,,
128.608178,0.011398,-0.033516,-0.086184,-9.286326,-9.286786,0.001065,-0.00213,0.00213,98989.51,25.96,0.537008359,0.542481,,,,
128.619263,0.011085,-0.052668,-0.064638,-9.32463,-9.325003,0.00213,-0.003195,0.001065,98989.79,25.96,0.498791359,0.504264,,,,
128.630156,0.010893,-0.021546,-0.079002,-9.319842,-9.320202,0.003195,-0.005325,0.00213,98989.79,25.96,0.503592359,0.509065,,,,
128.640239,0.010083,0,-0.040698,-9.329418,-9.329507,-0.001065,-0.00426,0.001065,98989.79,25.96,0.494287359,0.49976,,,,
128.650327,0.010088,-0.026334,-0.08379,-9.307872,-9.308286,0.00213,-0.00639,0.00426,98989.79,25.96,0.515508359,0.520981,,,,
128.660415,0.010089,-0.033516,-0.088578,-9.315054,-9.315535,0.00213,-0.00426,0.00213,98989.79,25.96,0.508259359,0.513732,,,,
128.670529,0.010114,-0.021546,-0.026334,-9.303084,-9.303146,0.001065,-0.005325,-0.001065,98990.22,25.96,0.520648359,0.526121,,,,
128.680621,0.010091,-0.04788,-0.098154,-9.334206,-9.334845,0.003195,-0.005325,0.003195,98990.22,25.96,0.488949359,0.494422,,,,
128.690715,0.010094,-0.040698,-0.088578,-9.34857,-9.349078,0.001065,-0.00639,0.00426,98990.22,25.96,0.474716359,0.480189,,,,
128.700801,0.010086,0.057456,-0.02394,-9.307872,-9.30808,0.00213,-0.00426,0.00213,98990.22,25.96,0.515714359,0.521187,,,,
128.710904,0.010103,-0.026334,-0.062244,-9.346176,-9.34642,0,-0.00426,0.001065,98990.22,25.96,0.477374359,0.482847,,,,
128.721005,0.010102,-0.016758,-0.088578,-9.350964,-9.351399,0.001065,-0.001065,0.001065,98990.22,25.96,0.472395359,0.477868,,,,
128.731396,0.01039,0.004788,-0.04788,-9.327024,-9.327148,0.001065,-0.003195,-0.001065,98990.22,25.96,0.496646359,0.502119,,,,
128.742088,0.010693,-0.038304,-0.102942,-9.32463,-9.325277,0.00213,-0.005325,0,98990.51,25.96,0.498517359,0.50399,,,,
128.753172,0.011084,0.002394,-0.069426,-9.319842,-9.320101,0,-0.007455,0.00213,98990.51,25.96,0.503693359,0.509166,,,,
128.764348,0.011176,-0.007182,-0.098154,-9.298296,-9.298817,0.001065,-0.005325,0.003195,98990.51,25.96,0.524977359,0.53045,,,,
128.775538,0.01119,-0.02394,-0.105336,-9.32463,-9.325256,0.00213,-0.005325,0.00213,98990.51,25.96,0.498538359,0.504011,,,,
128.786722,0.011184,-0.01197,-0.074214,-9.305478,-9.305782,0,-0.00426,0.001065,98990.51,25.96,0.518012359,0.523485,,,,
128.798116,0.011394,-0.026334,-0.050274,-9.322236,-9.322409,0.001065,-0.00639,0.001065,98990.51,25.96,0.501385359,0.506858,,,,
128.809228,0.011112,-0.02394,-0.09576,-9.307872,-9.308395,0.00213,-0.005325,0.003195,98990.51,25.96,0.515399359,0.520872,,,,
128.820279,0.011051,-0.002394,-0.07182,-9.286326,-9.286604,0.00213,-0.003195,0.003195,98990.51,25.96,0.537190359,0.542663,,,,
128.831551,0.011273,-0.043092,-0.093366,-9.327024,-9.327591,0.005325,-0.00426,0.003195,98990.51,25.96,0.496203359,0.501676,,,,
128.842735,0.011184,0.004788,-0.062244,-9.305478,-9.305687,0.001065,-0.003195,0.003195,98990.51,25.96,0.518107359,0.52358,,,,
128.853897,0.011162,-0.026334,-0.050274,-9.305478,-9.305651,0.001065,-0.005325,0.00426,98990.51,25.96,0.518143359,0.523616,,,,
128.865055,0.011158,-0.07182,-0.088578,-9.32463,-9.325327,0.003195,-0.005325,0.00426,98990.89,25.96,0.498467359,0.50394,,,,
128.876181,0.011126,-0.026334,-0.04788,-9.319842,-9.320002,0,-0.00213,0,98990.89,25.96,0.503792359,0.509265,,,,
128.887438,0.011258,-0.014364,-0.093366,-9.315054,-9.315533,0.001065,-0.00426,0.00426,98990.89,25.96,0.508261359,0.513734,,,,
128.898774,0.011336,-0.02394,-0.057456,-9.317448,-9.317656,0.001065,-0.005325,0.00426,98990.89,25.96,0.506138359,0.511611,,,,
128.909823,0.011049,-0.019152,-0.016758,-9.293508,-9.293543,0.001065,-0.007455,0.00213,98990.89,25.96,0.530251359,0.535724,,,,
128.921177,0.011354,-0.031122,-0.110124,-9.305478,-9.306182,0.00426,-0.00426,0.00213,98990.89,25.96,0.517612359,0.523085,,,,
128.932114,0.010937,-0.033516,-0.016758,-9.295902,-9.295978,0,-0.00213,0.001065,98991.47,25.96,0.527816359,0.533289,,,,
128.943367,0.011253,-0.016758,-0.081396,-9.305478,-9.305849,0.005325,-0.005325,0.001065,98991.47,25.96,0.517945359,0.523418,,,,
128.95454,0.011173,-0.03591,-0.088578,-9.310266,-9.310757,0.001065,-0.003195,0.003195,98991.47,25.96,0.513037359,0.51851,,,,
128.965714,0.011174,-0.043092,-0.052668,-9.322236,-9.322484,0.00213,-0.00639,0.003195,98991.47,25.96,0.501310359,0.506783,,,,
128.977917,0.012202,-0.02394,-0.10773,-9.310266,-9.31092,0.00426,-0.00213,0.00213,98991.47,25.96,0.512874359,0.518347,,,,
128.98804,0.010123,-0.016758,-0.02394,-9.307872,-9.307918,0.00213,-0.00426,0.00213,98991.47,25.96,0.515876359,0.521349,,,,
128.999303,0.011262,-0.01197,-0.086184,-9.329418,-9.329824,0.00213,-0.003195,0.001065,98991.85,25.96,0.493970359,0.499443,,,,
129.0104,0.011097,-0.045486,-0.074214,-9.334206,-9.334612,0.001065,-0.00426,0.00213,98991.85,25.96,0.489182359,0.494655,,,,
129.021591,0.011192,-0.040698,-0.10773,-9.298296,-9.299009,0.003195,-0.00639,0.00426,98991.85,25.96,0.524785359,0.530258,,,,
129.032781,0.01119,-0.014364,-0.079002,-9.322236,-9.322582,0,-0.00426,0.00213,98991.85,25.96,0.501212359,0.506685,,,,
129.044029,0.011248,-0.01197,-0.055062,-9.307872,-9.308043,0.003195,-0.005325,0.001065,98991.85,25.96,0.515751359,0.521224,,,,
129.055206,0.011178,-0.014364,-0.136458,-9.315054,-9.316065,0,-0.00639,0,98991.85,25.96,0.507729359,0.513202,,,,
129.066389,0.011183,0.016758,-0.03591,-9.317448,-9.317532,-0.00213,-0.003195,-0.00213,98992.36,25.96,0.506262359,0.511735,,,,
129.077667,0.011277,-0.019152,-0.088578,-9.327024,-9.327464,0.001065,-0.01065,0.003195,98992.36,25.96,0.496330359,0.501803,,,,
129.08868,0.011014,-0.04788,-0.105336,-9.305478,-9.306197,0,-0.00213,0.003195,98992.36,25.96,0.517597359,0.52307,,,,
129.099933,0.011253,0.007182,-0.088578,-9.307872,-9.308296,0,-0.005325,0.001065,98992.36,25.96,0.515498359,0.520971,,,,
129.111091,0.011158,-0.009576,-0.069426,-9.30069,-9.300954,0.003195,-0.00213,0.00426,98992.36,25.96,0.522840359,0.528313,,,,
129.122281,0.011191,-0.004788,-0.055062,-9.329418,-9.329582,0,-0.003195,0.003195,98992.36,25.96,0.494212359,0.499685,,,,
129.133498,0.011216,0.002394,-0.129276,-9.327024,-9.32792,0.001065,-0.00426,0.001065,98992.36,25.96,0.495874359,0.501347,,,,
129.144688,0.011191,-0.062244,-0.03591,-9.307872,-9.308149,0.00213,-0.00639,0.003195,98992.36,25.96,0.515645359,0.521118,,,,
129.155819,0.011131,-0.014364,-0.093366,-9.331812,-9.33229,0.001065,-0.003195,0.00213,98992.36,25.96,0.491504359,0.496977,,,,
129.165892,0.010074,0,-0.019152,-9.319842,-9.319862,0,-0.005325,0.001065,98992.36,25.96,0.503932359,0.509405,,,,
129.175987,0.010094,-0.067032,-0.043092,-9.295902,-9.296244,0.00213,-0.007455,0.00213,98992.36,25.96,0.527550359,0.533023,,,,
129.186093,0.010106,-0.031122,-0.14364,-9.28872,-9.289883,0.00213,-0.00426,0.001065,98992.36,25.96,0.533911359,0.539384,,,,
129.19618,0.010087,-0.026334,-0.026334,-9.32463,-9.324704,0.001065,-0.00426,0.001065,98992.92,25.96,0.499090359,0.504563,,,,
129.206289,0.010109,-0.028728,-0.04788,-9.305478,-9.305646,0.00213,-0.007455,0.001065,98992.92,25.96,0.518148359,0.523621,,,,
129.216805,0.010517,-0.031122,-0.076608,-9.317448,-9.317815,0.00426,-0.005325,0.001065,98992.92,25.96,0.505979359,0.511452,,,,
129.226894,0.010089,-0.01197,-0.050274,-9.305478,-9.305622,0,-0.00639,0.00213,98992.92,25.96,0.518172359,0.523645,,,,
129.237003,0.010109,-0.02394,-0.057456,-9.31266,-9.312868,0.00213,-0.00639,0.00213,98992.92,25.96,0.510926359,0.516399,,,,
129.247189,0.010186,-0.033516,-0.07182,-9.30069,-9.301028,0.00213,-0.005325,0.003195,98992.92,25.96,0.522766359,0.528239,,,,
129.258251,0.011062,-0.033516,-0.03591,-9.362934,-9.363063,0.00213,-0.003195,-0.001065,98993.59,25.96,0.460731359,0.466204,,,,
129.268348,0.010097,-0.021546,-0.074214,-9.355752,-9.356071,0.001065,-0.007455,0.003195,98993.59,25.96,0.467723359,0.473196,,,,
129.278437,0.010089,-0.031122,-0.057456,-9.329418,-9.329647,0.00213,-0.005325,0.001065,98993.59,25.96,0.494147359,0.49962,,,,
129.288516,0.01008,-0.028728,-0.079002,-9.338994,-9.339372,0,-0.003195,0,98993.59,25.96,0.484422359,0.489895,,,,
129.298677,0.010161,-0.009576,-0.086184,-9.329418,-9.329821,0.003195,-0.00852,0,98993.59,25.96,0.493973359,0.499446,,,,
129.308769,0.010092,-0.007182,-0.050274,-9.293508,-9.293647,0,-0.003195,0.001065,98993.59,25.96,0.530147359,0.53562,,,,
129.318876,0.010107,-0.01197,-0.086184,-9.322236,-9.322642,0.00213,-0.007455,0.001065,98994.24,25.96,0.501152359,0.506625,,,,
129.328981,0.010105,-0.028728,-0.102942,-9.31266,-9.313273,-0.00213,-0.003195,-0.00213,98994.24,25.96,0.510521359,0.515994,,,,
129.339104,0.010124,-0.019152,-0.057456,-9.310266,-9.310463,0.001065,-0.005325,0.001065,98994.24,25.96,0.513331359,0.518804,,,,
129.349356,0.010252,-0.007182,-0.081396,-9.303084,-9.303443,0.001065,-0.003195,0.003195,98994.24,25.96,0.520351359,0.525824,,,,
129.359955,0.010599,-0.007182,-0.07182,-9.346176,-9.346455,0.001065,-0.00426,0.00426,98994.24,25.96,0.477339359,0.482812,,,,
129.3701,0.010145,0.004788,-0.057456,-9.327024,-9.327202,0.001065,-0.00639,0.003195,98994.24,25.96,0.496592359,0.502065,,,,
129.38029,0.010191,-0.019152,-0.114912,-9.283932,-9.284663,0.003195,-0.00426,0.003195,98994.93,25.96,0.539131359,0.544604,,,,
129.390393,0.010102,-0.02394,-0.055062,-9.317448,-9.317641,-0.001065,-0.005325,0.003195,98994.93,25.96,0.506153359,0.511626,,,,
129.400488,0.010095,0.002394,-0.04788,-9.27675,-9.276874,0,-0.00213,0.00213,98994.93,25.96,0.546920359,0.552393,,,,
129.41062,0.010132,-0.052668,-0.100548,-9.315054,-9.315746,0.003195,-0.007455,0.005325,98994.93,25.96,0.508048359,0.513521,,,,
129.420718,0.010098,-0.019152,-0.08379,-9.295902,-9.296299,0.001065,-0.003195,0,98994.93,25.96,0.527495359,0.532968,,,,
129.430824,0.010107,-0.019152,-0.045486,-9.307872,-9.308003,0,-0.005325,0.001065,98994.93,25.96,0.515791359,0.521264,,,,
129.440926,0.010101,-0.019152,-0.069426,-9.303084,-9.303363,0.001065,-0.00639,0.003195,98994.93,25.96,0.520431359,0.525904,,,,
129.451058,0.010132,-0.02394,-0.057456,-9.338994,-9.339201,0,-0.003195,0.00213,98994.93,25.96,0.484593359,0.490066,,,,
129.461152,0.010094,-0.004788,-0.079002,-9.310266,-9.310602,0.001065,-0.007455,0.005325,98994.93,25.96,0.513192359,0.518665,,,,
129.471252,0.0101,-0.04788,-0.038304,-9.317448,-9.31765,0.00213,-0.00426,0.00426,98994.93,25.96,0.506144359,0.511617,,,,
129.481357,0.010105,-0.062244,-0.033516,-9.315054,-9.315322,0.00213,-0.00852,0.00213,98994.93,25.96,0.508472359,0.513945,,,,
129.491439,0.010082,0.007182,-0.052668,-9.317448,-9.3176,0,-0.003195,0.00426,98994.93,25.96,0.506194359,0.511667,,,,
129.501527,0.010088,-0.076608,0,-9.322236,-9.322551,0.001065,-0.005325,0.001065,98994.93,25.96,0.501243359,0.506716,,,,
129.511622,0.010095,-0.062244,-0.069426,-9.3366,-9.337066,0.00213,-0.003195,0.00213,98995.74,25.96,0.486728359,0.492201,,,,
129.521767,0.010144,-0.016758,-0.07182,-9.350964,-9.351255,0.00213,-0.003195,0.00213,98995.74,25.96,0.472539359,0.478012,,,,
129.531913,0.010146,-0.002394,-0.055062,-9.331812,-9.331975,-0.001065,-0.00213,0.00213,98995.74,25.96,0.491819359,0.497292,,,,
129.54199,0.010077,-0.062244,-0.081396,-9.338994,-9.339556,0.00213,-0.007455,0.001065,98995.74,25.96,0.484238359,0.489711,,,,
129.552077,0.010086,-0.026334,-0.040698,-9.298296,-9.298422,0.00213,-0.005325,0.001065,98995.74,25.96,0.525372359,0.530845,,,,
129.562177,0.0101,-0.031122,-0.057456,-9.341388,-9.341617,0.00213,-0.005325,0,98995.74,25.96,0.482177359,0.48765,,,,
129.572288,0.010111,-0.067032,-0.102942,-9.346176,-9.346983,0,-0.00426,0,98996.51,25.96,0.476811359,0.482284,,,,
129.582396,0.010108,0.002394,-0.05985,-9.310266,-9.310459,0,-0.00426,0.00213,98996.51,25.96,0.513335359,0.518808,,,,
129.592486,0.01009,-0.033516,-0.114912,-9.319842,-9.320611,0.00426,-0.00639,0.001065,98996.51,25.96,0.503183359,0.508656,,,,
129.603218,0.010732,-0.033516,-0.08379,-9.310266,-9.310703,0.001065,-0.00639,0.001065,98996.51,25.96,0.513091359,0.518564,,,,
129.61446,0.011242,0.01197,-0.122094,-9.331812,-9.332618,0.00213,-0.003195,0.001065,98996.51,25.96,0.491176359,0.496649,,,,
129.625695,0.011235,-0.028728,-0.102942,-9.319842,-9.320455,0.001065,-0.00426,0.001065,98996.51,25.96,0.503339359,0.508812,,,,
129.636765,0.01107,-0.01197,-0.13167,-9.353358,-9.354292,0,-0.007455,0,98997.53,25.96,0.469502359,0.474975,,,,
129.647948,0.011183,-0.014364,-0.114912,-9.329418,-9.330137,0.001065,-0.00639,0,98997.53,25.96,0.493657359,0.49913,,,,
129.659154,0.011206,0.019152,-0.100548,-9.291114,-9.291678,0,-0.003195,0.001065,98997.53,25.96,0.532116359,0.537589,,,,
129.670326,0.011172,-0.019152,-0.138852,-9.28872,-9.289777,0.00213,-0.00426,0.00213,98997.53,25.96,0.534017359,0.53949,,,,
129.681557,0.011232,-0.050274,-0.102942,-9.331812,-9.332515,0,-0.00426,0.001065,98997.53,25.96,0.491279359,0.496752,,,,
129.692697,0.01114,0.014364,-0.126882,-9.286326,-9.287204,0,-0.00426,0.003195,98997.53,25.96,0.536590359,0.542063,,,,
129.703847,0.01115,0.002394,-0.079002,-9.327024,-9.327359,0.001065,-0.005325,0.00426,98998.52,25.96,0.496435359,0.501908,,,,
129.715086,0.011239,0.002394,-0.04788,-9.327024,-9.327147,0.00213,-0.00426,0.005325,98998.52,25.96,0.496647359,0.50212,,,,
129.726249,0.011163,-0.043092,-0.026334,-9.355752,-9.355888,0,-0.00213,0.00426,98998.52,25.96,0.467906359,0.473379,,,,
129.73762,0.011371,0.02394,-0.067032,-9.334206,-9.334477,0.00213,-0.003195,0.00213,98998.52,25.96,0.489317359,0.49479,,,,
129.748632,0.011012,-0.043092,-0.014364,-9.307872,-9.307983,-0.001065,-0.003195,0.00426,98998.52,25.96,0.515811359,0.521284,,,,
129.759824,0.011192,-0.021546,-0.040698,-9.28872,-9.288834,0.00213,-0.00213,0.001065,98998.52,25.96,0.534960359,0.540433,,,,
129.770993,0.011169,-0.045486,-0.028728,-9.317448,-9.317603,0.001065,-0.005325,0.003195,98999.48,25.96,0.506191359,0.511664,,,,
129.782159,0.011166,0.014364,-0.009576,-9.281538,-9.281554,0,-0.00426,0.005325,98999.48,25.96,0.542240359,0.547713,,,,
129.793326,0.011167,-0.04788,0.01197,-9.319842,-9.319973,0.003195,-0.00426,0.003195,98999.48,25.96,0.503821359,0.509294,,,,
129.804511,0.011185,-0.033516,0,-9.317448,-9.317508,0.001065,-0.00426,0,98999.48,25.96,0.506286359,0.511759,,,,
129.815726,0.011215,-0.076608,-0.031122,-9.358146,-9.358511,-0.00213,-0.00426,0.003195,98999.48,25.96,0.465283359,0.470756,,,,
129.827109,0.011383,-0.004788,-0.021546,-9.271962,-9.271988,0,-0.00426,0,98999.48,25.96,0.551806359,0.557279,,,,
129.838132,0.011023,-0.028728,-0.052668,-9.341388,-9.341581,0.001065,-0.00639,-0.00213,98999.48,25.96,0.482213359,0.487686,,,,
129.849287,0.011155,0.007182,-0.076608,-9.34857,-9.348887,0.00213,-0.00639,0,98999.48,25.96,0.474907359,0.48038,,,,
129.86046,0.011173,-0.021546,-0.081396,-9.291114,-9.291496,0.00213,-0.00639,0,98999.48,25.96,0.532298359,0.537771,,,,
129.871621,0.011161,-0.004788,-0.112518,-9.322236,-9.322916,0.00213,-0.005325,0,98999.48,25.96,0.500878359,0.506351,,,,
129.882887,0.011267,-0.014364,-0.105336,-9.286326,-9.286935,0,-0.005325,0.001065,98999.48,25.96,0.536859359,0.542332,,,,
129.894047,0.01116,-0.050274,-0.134064,-9.30069,-9.301792,0.00213,-0.00639,0,99000.32,25.96,0.522002359,0.527475,,,,
129.905158,0.011111,-0.01197,-0.160398,-9.310266,-9.311655,0.00213,-0.005325,0.00426,99000.32,25.96,0.512139359,0.517612,,,,
129.91638,0.011222,-0.002394,-0.129276,-9.28872,-9.28962,0.00213,-0.00639,0.00213,99000.32,25.96,0.534174359,0.539647,,,,
129.927543,0.011163,0.01197,-0.134064,-9.295902,-9.296876,0.003195,-0.005325,0.001065,99000.32,25.96,0.526918359,0.532391,,,,
129.938812,0.011269,-0.004788,-0.141246,-9.28872,-9.289795,0,-0.003195,0.00426,99000.32,25.96,0.533999359,0.539472,,,,
129.95004,0.011228,0.028728,-0.100548,-9.353358,-9.353943,0.00213,-0.003195,0.00213,99000.32,25.96,0.469851359,0.475324,,,,
129.96113,0.01109,-0.009576,-0.086184,-9.283932,-9.284337,0.00426,-0.00639,0.00426,99001.25,25.96,0.539457359,0.54493,,,,
129.972364,0.011235,-0.033516,-0.057456,-9.315054,-9.315291,0.00213,-0.005325,0.005325,99001.25,25.96,0.508503359,0.513976,,,,
129.983471,0.011107,-0.050274,-0.093366,-9.322236,-9.322839,0.00426,-0.003195,0.005325,99001.25,25.96,0.500955359,0.506428,,,,
129.994685,0.011213,-0.045486,-0.028728,-9.303084,-9.30324,-0.00213,-0.001065,0.005325,99001.25,25.96,0.520554359,0.526027,,,,
130.005881,0.011196,-0.002394,-0.026334,-9.295902,-9.29594,0.001065,-0.00213,0.00426,99001.25,25.96,0.527854359,0.533327,,,,
130.01705,0.01117,-0.067032,-0.019152,-9.334206,-9.334466,-0.00213,-0.00213,0.001065,99002.08,25.96,0.489328359,0.494801,,,,
130.028243,0.011193,-0.081396,-0.007182,-9.307872,-9.308231,0.003195,-0.005325,0.00426,99002.08,25.96,0.515563359,0.521036,,,,
130.039494,0.011251,-0.04788,-0.009576,-9.329418,-9.329546,0.003195,-0.00426,0.003195,99002.08,25.96,0.494248359,0.499721,,,,
130.050623,0.011129,-0.08379,-0.009576,-9.32463,-9.325011,0.001065,-0.00426,-0.00213,99002.08,25.96,0.498783359,0.504256,,,,
130.061809,0.011185,-0.028728,-0.014364,-9.329418,-9.329473,0.00213,-0.00213,0,99002.08,25.96,0.494321359,0.499794,,,,
130.072968,0.011159,-0.105336,-0.004788,-9.358146,-9.35874,0,-0.003195,0.00213,99002.08,25.96,0.465054359,0.470527,,,,
130.084187,0.011219,-0.043092,-0.052668,-9.346176,-9.346424,0.001065,-0.00213,0.00213,99003.11,25.96,0.477370359,0.482843,,,,
130.095348,0.011161,-0.038304,0.01197,-9.32463,-9.324716,0.001065,-0.003195,0,99003.11,25.96,0.499078359,0.504551,,,,
130.106568,0.01122,-0.028728,-0.122094,-9.327024,-9.327867,0.00639,-0.00852,-0.001065,99003.11,25.96,0.495927359,0.5014,,,,
130.117775,0.011206,0.01197,-0.064638,-9.315054,-9.315286,-0.00426,-0.003195,0,99003.11,25.96,0.508508359,0.513981,,,,
130.128883,0.011108,0.081396,-0.090972,-9.26478,-9.265584,0.00426,-0.00852,0.00213,99003.11,25.96,0.558210359,0.563683,,,,
130.140145,0.011263,-0.019152,-0.186732,-9.281538,-9.283436,0.00213,-0.005325,-0.001065,99003.11,25.96,0.540358359,0.545831,,,,
130.151438,0.011292,0.016758,-0.098154,-9.298296,-9.298829,-0.003195,-0.00213,0.00213,99003.11,25.96,0.524965359,0.530438,,,,
130.16249,0.011053,0.052668,-0.169974,-9.315054,-9.316754,0.003195,-0.00426,0.001065,99003.11,25.96,0.507040359,0.512513,,,,
130.173622,0.011131,0.026334,-0.174762,-9.293508,-9.295188,-0.00213,-0.005325,0.00213,99003.11,25.96,0.528606359,0.534079,,,,
130.184846,0.011224,0.026334,-0.15561,-9.30069,-9.302029,0.00213,-0.003195,0.00213,99003.11,25.96,0.521765359,0.527238,,,,
130.195978,0.011132,-0.031122,-0.09576,-9.34857,-9.349112,0.00213,-0.00426,0.001065,99003.11,25.96,0.474682359,0.480155,,,,
130.207471,0.011494,0.031122,-0.08379,-9.279144,-9.279574,0.001065,-0.00213,0.00426,99004.3,25.96,0.544220359,0.549693,,,,
130.218448,0.010977,-0.004788,-0.057456,-9.30069,-9.300869,0.001065,-0.00426,0.00426,99004.3,25.96,0.522925359,0.528398,,,,
130.229561,0.011113,-0.02394,-0.05985,-9.31266,-9.312883,0.00213,-0.00213,0.003195,99004.3,25.96,0.510911359,0.516384,,,,
130.240745,0.011184,-0.067032,-0.045486,-9.338994,-9.339345,0.00426,-0.005325,0.00213,99004.3,25.96,0.484449359,0.489922,,,,
130.251902,0.011157,-0.031122,0,-9.31266,-9.312712,0,-0.003195,0.003195,99004.3,25.96,0.511082359,0.516555,,,,
130.263123,0.011221,-0.069426,-0.067032,-9.353358,-9.353856,0.00213,-0.00426,0.00213,99004.3,25.96,0.469938359,0.475411,,,,
130.274326,0.011203,-0.09576,0.02394,-9.343782,-9.344303,-0.001065,-0.003195,0.00426,99005.28,25.96,0.479491359,0.484964,,,,
130.285665,0.011339,-0.105336,-0.028728,-9.343782,-9.34442,0.005325,-0.007455,0.003195,99005.28,25.96,0.479374359,0.484847,,,,
130.296623,0.010958,-0.100548,-0.002394,-9.343782,-9.344323,-0.001065,-0.00639,0.00213,99005.28,25.96,0.479471359,0.484944,,,,
130.307851,0.011228,-0.04788,-0.028728,-9.281538,-9.281706,0.003195,-0.007455,0.00213,99005.28,25.96,0.542088359,0.547561,,,,
130.319097,0.011246,-0.07182,-0.043092,-9.327024,-9.3274,0,-0.00426,0.001065,99005.28,25.96,0.496394359,0.501867,,,,
130.330338,0.011241,-0.040698,-0.02394,-9.274356,-9.274476,0.00213,-0.007455,0.00213,99005.28,25.96,0.549318359,0.554791,,,,
130.341423,0.011085,0.021546,-0.117306,-9.271962,-9.272729,0.00213,-0.005325,0.003195,99006.48,25.96,0.551065359,0.556538,,,,
130.352567,0.011144,-0.074214,-0.064638,-9.30069,-9.301211,-0.003195,-0.003195,-0.001065,99006.48,25.96,0.522583359,0.528056,,,,
130.36378,0.011213,0.014364,-0.117306,-9.31266,-9.31341,0.003195,-0.00426,-0.00426,99006.48,25.96,0.510384359,0.515857,,,,
130.375013,0.011232,0.019152,-0.14364,-9.307872,-9.309,0.003195,-0.007455,0.001065,99006.48,25.96,0.514794359,0.520267,,,,
130.386188,0.011176,0.057456,-0.074214,-9.28872,-9.289194,0.001065,-0.00639,0,99006.48,25.96,0.534600359,0.540073,,,,
130.396291,0.010103,0,-0.146034,-9.31266,-9.313805,0.00213,-0.00426,0.001065,99007.63,25.96,0.509989359,0.515462,,,,
130.406396,0.010105,0.028728,-0.122094,-9.31266,-9.313505,0,-0.00213,0.00213,99007.63,25.96,0.510289359,0.515762,,,,
130.416483,0.010087,-0.004788,-0.040698,-9.303084,-9.303174,0.00426,-0.005325,0.00426,99007.63,25.96,0.520620359,0.526093,,,,
130.426587,0.010104,-0.033516,-0.19152,-9.281538,-9.283574,0.007455,-0.007455,0.001065,99007.63,25.96,0.540220359,0.545693,,,,
130.43669,0.010103,-0.02394,-0.045486,-9.346176,-9.346317,-0.001065,0.001065,0.003195,99007.63,25.96,0.477477359,0.48295,,,,
130.446773,0.010083,0.007182,-0.052668,-9.30069,-9.300842,0.003195,-0.00639,0.003195,99007.63,25.96,0.522952359,0.528425,,,,
130.456893,0.01012,-0.10773,-0.114912,-9.32463,-9.32596,0.00426,-0.00426,0.00426,99007.63,25.96,0.497834359,0.503307,,,,
130.466978,0.010084,-0.004788,-0.016758,-9.353358,-9.353374,-0.00213,-0.00426,0.003195,99007.63,25.96,0.470420359,0.475893,,,,
130.477085,0.010108,-0.01197,-0.105336,-9.346176,-9.346777,0.00426,-0.005325,0.00213,99007.63,25.96,0.477017359,0.48249,,,,
130.487458,0.010373,-0.086184,-0.04788,-9.362934,-9.363453,0,-0.00426,0.005325,99007.63,25.96,0.460341359,0.465814,,,,
130.497553,0.010095,-0.014364,-0.03591,-9.346176,-9.346256,0.00213,-0.007455,0.00213,99007.63,25.96,0.477538359,0.483011,,,,
130.507649,0.010096,-0.004788,-0.169974,-9.307872,-9.309425,0.005325,-0.009585,0.005325,99007.63,25.96,0.514369359,0.519842,,,,
130.517749,0.0101,-0.057456,-0.038304,-9.32463,-9.324886,-0.001065,-0.003195,0.003195,99007.63,25.96,0.498908359,0.504381,,,,
130.527864,0.010116,-0.019152,-0.08379,-9.319842,-9.320238,0.003195,-0.00852,0.003195,99008.73,25.96,0.503556359,0.509029,,,,
130.537958,0.010094,0.016758,-0.093366,-9.291114,-9.291598,0.00213,-0.009585,0.005325,99008.73,25.96,0.532196359,0.537669,,,,
130.548292,0.010334,0.02394,0,-9.370116,-9.370147,-0.00213,-0.00213,0,99008.73,25.96,0.453647359,0.45912,,,,
130.558405,0.010112,-0.009576,-0.124488,-9.34857,-9.349404,0.00426,-0.009585,0.003195,99008.73,25.96,0.474390359,0.479863,,,,
130.56852,0.010115,0.02394,-0.04788,-9.307872,-9.308026,-0.00213,-0.00213,0.00426,99008.73,25.96,0.515768359,0.521241,,,,
130.578605,0.010085,0.031122,-0.069426,-9.307872,-9.308183,0.003195,-0.005325,0.003195,99008.73,25.96,0.515611359,0.521084,,,,
130.588707,0.010102,-0.040698,-0.10773,-9.341388,-9.342098,0.00213,-0.00426,0.001065,99009.78,25.96,0.481696359,0.487169,,,,
130.59903,0.010323,0.045486,-0.05985,-9.248022,-9.248328,0,-0.003195,0.00426,99009.78,25.96,0.575466359,0.580939,,,,
130.610747,0.011717,-0.03591,-0.122094,-9.286326,-9.287198,0.00426,-0.00852,0.00213,99009.78,25.96,0.536596359,0.542069,,,,
130.621042,0.010294,-0.043092,-0.040698,-9.341388,-9.341576,0,-0.003195,0.00213,99009.78,25.96,0.482218359,0.487691,,,,
130.632264,0.011222,0.038304,-0.03591,-9.327024,-9.327172,0.00426,-0.00852,0.001065,99009.78,25.96,0.496622359,0.502095,,,,
130.644393,0.012129,-0.03591,-0.079002,-9.3366,-9.337003,0.001065,-0.00213,0.003195,99009.78,25.96,0.486791359,0.492264,,,,
130.654813,0.01042,-0.086184,-0.014364,-9.329418,-9.329827,0.003195,-0.007455,0.001065,99010.98,25.96,0.493967359,0.49944,,,,
130.66623,0.011417,-0.093366,-0.045486,-9.353358,-9.353935,0.003195,-0.005325,0.001065,99010.98,25.96,0.469859359,0.475332,,,,
130.677505,0.011276,-0.002394,-0.088578,-9.283932,-9.284355,0.001065,-0.00426,0.003195,99010.98,25.96,0.539439359,0.544912,,,,
130.688124,0.010619,-0.112518,-0.050274,-9.322236,-9.323051,0.003195,-0.00426,-0.001065,99010.98,25.96,0.500743359,0.506216,,,,
130.699448,0.011324,-0.02394,-0.138852,-9.286326,-9.287395,0,-0.005325,0.001065,99010.98,25.96,0.536399359,0.541872,,,,
130.710567,0.011119,-0.079002,-0.138852,-9.281538,-9.282913,0,-0.005325,0.003195,99010.98,25.96,0.540881359,0.546354,,,,
130.721735,0.011168,-0.007182,-0.04788,-9.315054,-9.31518,0,-0.00639,0.00426,99012.29,25.96,0.508614359,0.514087,,,,
130.732942,0.011207,0.021546,-0.141246,-9.305478,-9.306575,0.00213,-0.00639,0.003195,99012.29,25.96,0.517219359,0.522692,,,,
130.74405,0.011108,-0.074214,-0.016758,-9.315054,-9.315365,-0.00213,-0.00213,0.001065,99012.29,25.96,0.508429359,0.513902,,,,
130.755299,0.011248,-0.004788,-0.150822,-9.310266,-9.311489,0.003195,-0.00426,0.00639,99012.29,25.96,0.512305359,0.517778,,,,
130.765632,0.010334,-0.040698,-0.076608,-9.3366,-9.337003,0,-0.005325,0,99012.29,25.96,0.486791359,0.492264,,,,
130.775727,0.010095,-0.016758,-0.086184,-9.32463,-9.325043,0,-0.00426,0.00426,99012.29,25.96,0.498751359,0.504224,,,,
130.785805,0.010078,-0.033516,-0.117306,-9.303084,-9.303884,0.00213,-0.00639,0.00213,99012.29,25.96,0.519910359,0.525383,,,,
130.79589,0.010085,-0.026334,-0.04788,-9.31266,-9.31282,0,-0.00213,0.003195,99012.29,25.96,0.510974359,0.516447,,,,
130.805969,0.010079,-0.069426,-0.04788,-9.362934,-9.363314,0.003195,-0.007455,0.001065,99012.29,25.96,0.460480359,0.465953,,,,
130.816057,0.010088,-0.02394,-0.105336,-9.365328,-9.365951,0.001065,-0.003195,0.001065,99012.29,25.96,0.457843359,0.463316,,,,
130.826166,0.01011,-0.050274,0.07182,-9.319842,-9.320254,0,-0.00213,-0.001065,99012.29,25.96,0.503540359,0.509013,,,,
130.836319,0.010153,-0.028728,-0.10773,-9.367722,-9.368385,0.00426,-0.005325,0,99012.29,25.96,0.455409359,0.460882,,,,
130.846412,0.010093,-0.026334,0.021546,-9.377298,-9.37736,-0.003195,0,0,99013.58,25.96,0.446434359,0.451907,,,,
130.856546,0.010134,0.009576,-0.076608,-9.315054,-9.315374,0.00426,-0.007455,0,99013.58,25.96,0.508420359,0.513893,,,,
130.866913,0.010367,-0.08379,-0.040698,-9.350964,-9.351428,0,-0.00213,0.001065,99013.58,25.96,0.472366359,0.477839,,,,
130.877044,0.010131,0.021546,-0.098154,-9.31266,-9.313202,0.005325,-0.007455,0,99013.58,25.96,0.510592359,0.516065,,,,
130.887128,0.010083,0.009576,-0.126882,-9.3366,-9.337467,0.005325,-0.00426,0.00213,99013.58,25.96,0.486327359,0.4918,,,,
130.897282,0.010155,-0.009576,-0.07182,-9.293508,-9.29379,0.00213,-0.00426,0.00213,99013.58,25.96,0.530004359,0.535477,,,,
130.907365,0.010083,0.067032,-0.090972,-9.291114,-9.291801,0,-0.00639,0,99014.79,25.96,0.531993359,0.537466,,,,
130.917501,0.010136,-0.004788,-0.081396,-9.319842,-9.320199,-0.001065,-0.00213,0.00426,99014.79,25.96,0.503595359,0.509068,,,,
130.927628,0.010127,0.014364,-0.02394,-9.298296,-9.298338,0.005325,-0.00639,0.00213,99014.79,25.96,0.525456359,0.530929,,,,
130.937725,0.010097,0.057456,-0.117306,-9.317448,-9.318364,0,-0.007455,0.00426,99014.79,25.96,0.505430359,0.510903,,,,
130.947818,0.010093,-0.03591,0.009576,-9.281538,-9.281612,-0.00213,0.00213,0.00213,99014.79,25.96,0.542182359,0.547655,,,,
130.957916,0.010098,0.033516,-0.117306,-9.291114,-9.291915,0.005325,-0.007455,0.003195,99014.79,25.96,0.531879359,0.537352,,,,
130.968059,0.010143,-0.007182,-0.03591,-9.305478,-9.30555,-0.00213,0,0.00213,99016.13,25.96,0.518244359,0.523717,,,,
130.97817,0.010111,0.004788,-0.050274,-9.319842,-9.319979,0.00213,-0.00639,0.003195,99016.13,25.96,0.503815359,0.509288,,,,
130.988252,0.010082,-0.016758,-0.105336,-9.331812,-9.332422,0,-0.005325,0.00426,99016.13,25.96,0.491372359,0.496845,,,,
130.998355,0.010104,-0.050274,0.040698,-9.298296,-9.298521,-0.00213,-0.001065,0.00426,99016.13,25.96,0.525273359,0.530746,,,,
131.00845,0.010095,-0.028728,-0.081396,-9.279144,-9.279545,0.003195,-0.007455,0.00213,99016.13,25.96,0.544249359,0.549722,,,,
131.018588,0.010138,-0.090972,0.03591,-9.358146,-9.358657,-0.003195,-0.001065,0.001065,99016.13,25.96,0.465137359,0.47061,,,,
131.028716,0.010128,0.004788,-0.100548,-9.271962,-9.272508,0.003195,-0.005325,0.00426,99016.13,25.96,0.551286359,0.556759,,,,
131.038808,0.010093,-0.064638,-0.019152,-9.391662,-9.391904,-0.001065,-0.007455,0.00426,99017.42,25.96,0.431890359,0.437363,,,,
131.048909,0.010101,-0.04788,-0.205884,-9.250416,-9.252831,0.00213,-0.00426,0.00426,99017.42,25.96,0.570963359,0.576436,,,,
131.059002,0.010093,0,-0.079002,-9.317448,-9.317783,0,-0.003195,0.00426,99017.42,25.96,0.506011359,0.511484,,,,
131.069123,0.010121,-0.043092,-0.160398,-9.267174,-9.268662,0.00213,-0.00639,0.00426,99017.42,25.96,0.555132359,0.560605,,,,
131.079391,0.010268,-0.050274,-0.189126,-9.40842,-9.410455,-0.001065,0,0.005325,99017.42,25.96,0.413339359,0.418812,,,,
131.089631,0.01024,0.031122,0.067032,-9.286326,-9.28662,-0.00213,-0.00426,0.005325,99017.42,25.96,0.537174359,0.542647,,,,
131.099722,0.010091,-0.08379,-0.014364,-9.341388,-9.341775,0.00852,-0.005325,0.00426,99017.42,25.96,0.482019359,0.487492,,,,
131.109819,0.010097,0.033516,0.01197,-9.406026,-9.406093,-0.003195,0.001065,0.00426,99017.42,25.96,0.417701359,0.423174,,,,
131.119922,0.010103,-0.028728,-0.07182,-9.367722,-9.368041,0.005325,-0.013845,0.00213,99017.42,25.96,0.455753359,0.461226,,,,
131.130009,0.010087,-0.052668,-0.004788,-9.365328,-9.365477,0.00639,0.003195,0.00213,99017.42,25.96,0.458317359,0.46379,,,,
131.140137,0.010128,0.007182,-0.086184,-9.305478,-9.30588,0.007455,-0.009585,0,99017.42,25.96,0.517914359,0.523387,,,,
131.150231,0.010094,-0.08379,-0.069426,-9.343782,-9.344416,-0.001065,-0.003195,0.00213,99017.42,25.96,0.479378359,0.484851,,,,
131.160331,0.0101,0.004788,-0.090972,-9.286326,-9.286773,0.00213,-0.00639,0.001065,99018.69,25.96,0.537021359,0.542494,,,,
131.170454,0.010123,-0.040698,-0.021546,-9.413208,-9.413321,0.00426,-0.00639,0.001065,99018.69,25.96,0.410473359,0.415946,,,,
131.180789,0.010334,-0.050274,0.04788,-9.37251,-9.372767,-0.00213,-0.005325,0.00213,99018.69,25.96,0.451027359,0.4565,,,,
131.190951,0.010162,-0.002394,-0.038304,-9.305478,-9.305557,0,-0.00426,0,99018.69,25.96,0.518237359,0.52371,,,,
131.201062,0.010111,-0.064638,-0.031122,-9.322236,-9.322512,0.005325,-0.011715,-0.001065,99018.69,25.96,0.501282359,0.506755,,,,
131.211144,0.010082,-0.055062,-0.14364,-9.319842,-9.321111,-0.001065,-0.00213,0,99018.69,25.96,0.502683359,0.508156,,,,
131.221307,0.010163,-0.019152,-0.105336,-9.25281,-9.253429,0.00639,-0.00639,0.003195,99019.98,25.96,0.570365359,0.575838,,,,
131.231405,0.010098,-0.007182,-0.222642,-9.286326,-9.288997,0.003195,-0.005325,-0.001065,99019.98,25.96,0.534797359,0.54027,,,,
131.241495,0.01009,-0.01197,-0.074214,-9.274356,-9.274661,-0.003195,-0.00213,0.003195,99019.98,25.96,0.549133359,0.554606,,,,
131.251595,0.0101,0.026334,-0.189126,-9.28872,-9.290683,0.00639,-0.00639,0.00213,99019.98,25.96,0.533111359,0.538584,,,,
131.261689,0.010094,-0.069426,-0.069426,-9.334206,-9.334722,0,-0.00213,0.003195,99019.98,25.96,0.489072359,0.494545,,,,
131.271943,0.010254,0.052668,-0.031122,-9.255204,-9.255406,0.001065,-0.00426,0.00213,99019.98,25.96,0.568388359,0.573861,,,,
131.282037,0.010094,-0.050274,-0.064638,-9.329418,-9.329777,0.00213,-0.00639,0.00213,99021.48,25.96,0.494017359,0.49949,,,,
131.292132,0.010094,-0.02394,-0.081396,-9.291114,-9.291501,0.001065,-0.00426,0.00426,99021.48,25.96,0.532293359,0.537766,,,,
131.302209,0.010077,-0.014364,-0.07182,-9.291114,-9.291403,-0.00213,0,0.001065,99021.48,25.96,0.532391359,0.537864,,,,
131.31231,0.010101,-0.043092,-0.117306,-9.238446,-9.239291,0.00426,-0.003195,0.001065,99021.48,25.96,0.584503359,0.589976,,,,
131.322396,0.010086,-0.07182,-0.057456,-9.295902,-9.296357,-0.005325,-0.001065,0.003195,99021.48,25.96,0.527437359,0.53291,,,,
131.332498,0.010103,0.019152,-0.057456,-9.279144,-9.279342,0.003195,-0.005325,0.00426,99021.48,25.96,0.544452359,0.549925,,,,
131.342833,0.010334,-0.064638,-0.076608,-9.391662,-9.392197,0.003195,-0.007455,0.00426,99021.48,25.96,0.431597359,0.43707,,,,
131.35293,0.010098,-0.026334,0.01197,-9.317448,-9.317493,-0.001065,-0.003195,0.00213,99022.77,25.96,0.506301359,0.511774,,,,
131.363046,0.010116,-0.038304,-0.016758,-9.329418,-9.329512,0.001065,-0.00852,0.00213,99022.77,25.96,0.494282359,0.499755,,,,
131.373154,0.010108,0,-0.100548,-9.322236,-9.322778,-0.00213,0.001065,0.003195,99022.77,25.96,0.501016359,0.506489,,,,
131.38325,0.010096,-0.08379,0.076608,-9.327024,-9.327715,0.00426,-0.007455,0.001065,99022.77,25.96,0.496079359,0.501552,,,,
131.393343,0.010093,0.052668,-0.105336,-9.353358,-9.354099,0.001065,-0.005325,0.00213,99022.77,25.96,0.469695359,0.475168,,,,
131.403439,0.010096,-0.043092,-0.04788,-9.262386,-9.26261,0,-0.00213,0.00213,99022.77,25.96,0.561184359,0.566657,,,,
131.413769,0.010329,-0.02394,-0.028728,-9.403632,-9.403706,0.00426,-0.005325,0,99022.77,25.96,0.420088359,0.425561,,,,
131.423852,0.010084,0.009576,-0.064638,-9.338994,-9.339223,-0.001065,-0.003195,0.00213,99022.77,25.96,0.484571359,0.490044,,,,
131.433935,0.010083,-0.004788,0.026334,-9.367722,-9.36776,0.00426,-0.007455,0,99022.77,25.96,0.456034359,0.461507,,,,
131.444026,0.010091,-0.004788,-0.093366,-9.317448,-9.317917,0.00213,-0.00426,0,99022.77,25.96,0.505877359,0.51135,,,,
131.454122,0.010097,-0.043092,-0.02394,-9.358146,-9.358276,-0.001065,-0.005325,0.001065,99022.77,25.96,0.465518359,0.470991,,,,
131.464214,0.010091,0.004788,-0.033516,-9.310266,-9.310328,0.001065,-0.00213,0.001065,99022.77,25.96,0.513466359,0.518939,,,,
131.474368,0.010154,-0.062244,-0.09576,-9.365328,-9.366024,0.005325,-0.007455,0.001065,99024.28,25.96,0.457770359,0.463243,,,,
131.484508,0.010141,0.014364,-0.067032,-9.30069,-9.300943,-0.00213,-0.003195,0.001065,99024.28,25.96,0.522851359,0.528324,,,,
131.494615,0.010106,-0.002394,-0.10773,-9.27675,-9.277376,0.00426,-0.005325,0.001065,99024.28,25.96,0.546418359,0.551891,,,,
131.504685,0.010071,-0.028728,-0.14364,-9.303084,-9.304237,-0.003195,-0.00426,0,99024.28,25.96,0.519557359,0.52503,,,,
131.514776,0.010091,0.02394,-0.126882,-9.283932,-9.28483,0.00213,-0.00639,0.001065,99024.28,25.96,0.538964359,0.544437,,,,
131.524936,0.01016,0,-0.122094,-9.283932,-9.284735,0.00213,-0.00426,0.00426,99024.28,25.96,0.539059359,0.544532,,,,
131.53503,0.010094,-0.04788,-0.129276,-9.319842,-9.320862,0,-0.00426,0.00213,99025.69,25.96,0.502932359,0.508405,,,,
131.545139,0.010109,0.007182,-0.129276,-9.315054,-9.315954,-0.001065,-0.00213,0.003195,99025.69,25.96,0.507840359,0.513313,,,,
131.555225,0.010086,-0.004788,-0.100548,-9.267174,-9.267721,0.001065,-0.00426,0.00213,99025.69,25.96,0.556073359,0.561546,,,,
131.565484,0.010259,-0.086184,-0.069426,-9.334206,-9.334862,-0.00213,-0.001065,0.005325,99025.69,25.96,0.488932359,0.494405,,,,
131.575564,0.01008,0.007182,-0.141246,-9.305478,-9.306553,0.00213,-0.005325,0.003195,99025.69,25.96,0.517241359,0.522714,,,,
131.585653,0.010089,-0.052668,-0.04788,-9.327024,-9.327296,0.001065,-0.00426,0.00213,99025.69,25.96,0.496498359,0.501971,,,,
131.595757,0.010104,-0.07182,-0.09576,-9.37251,-9.373274,0.00213,-0.00426,0.005325,99025.69,25.96,0.450520359,0.455993,,,,
131.605882,0.010125,-0.033516,-0.069426,-9.307872,-9.308191,0.001065,-0.00426,0.003195,99027.08,25.96,0.515603359,0.521076,,,,
131.616401,0.010519,-0.016758,-0.07182,-9.319842,-9.320134,0,-0.00639,0.003195,99027.08,25.96,0.503660359,0.509133,,,,
131.626532,0.010131,-0.129276,-0.069426,-9.281538,-9.282698,0.00426,-0.00426,0.00213,99027.08,25.96,0.541096359,0.546569,,,,
131.636615,0.010083,0.05985,-0.112518,-9.317448,-9.31832,0.003195,-0.005325,0.00213,99027.08,25.96,0.505474359,0.510947,,,,
131.646755,0.01014,-0.079002,-0.110124,-9.295902,-9.29689,0.003195,-0.00639,0.001065,99027.08,25.96,0.526904359,0.532377,,,,
131.656816,0.010061,-0.064638,-0.069426,-9.322236,-9.322719,-0.001065,-0.00426,0,99027.08,25.96,0.501075359,0.506548,,,,
131.666913,0.010096,0.002394,-0.074214,-9.305478,-9.305774,0.00213,-0.00639,0.003195,99028.58,25.96,0.518020359,0.523493,,,,
131.677023,0.01011,-0.02394,-0.038304,-9.32463,-9.324739,0.003195,-0.00426,0,99028.58,25.96,0.499055359,0.504528,,,,
131.687133,0.01011,0.009576,-0.138852,-9.305478,-9.306519,0.003195,-0.005325,0.00426,99028.58,25.96,0.517275359,0.522748,,,,
131.697244,0.010111,-0.014364,-0.019152,-9.32463,-9.324661,0.00213,-0.007455,0.005325,99028.58,25.96,0.499133359,0.504606,,,,
131.707369,0.010126,-0.019152,-0.009576,-9.3366,-9.336625,0,-0.005325,0.00213,99028.58,25.96,0.487169359,0.492642,,,,
131.717867,0.010498,-0.016758,-0.138852,-9.36054,-9.361585,0.00639,-0.009585,0.003195,99028.58,25.96,0.462209359,0.467682,,,,
131.727981,0.010114,-0.009576,0.009576,-9.315054,-9.315064,-0.003195,0.003195,0.003195,99028.58,25.96,0.508730359,0.514203,,,,
131.738074,0.010093,-0.033516,-0.031122,-9.350964,-9.351076,0.003195,-0.00852,0.00213,99028.58,25.96,0.472718359,0.478191,,,,
131.748158,0.010084,-0.038304,-0.040698,-9.286326,-9.286494,0,-0.005325,0.00213,99028.58,25.96,0.537300359,0.542773,,,,
131.758271,0.010112,0.007182,-0.026334,-9.338994,-9.339034,0,0,0.001065,99028.58,25.96,0.484760359,0.490233,,,,
131.768371,0.0101,-0.014364,-0.076608,-9.331812,-9.332137,0.003195,-0.005325,0.001065,99028.58,25.96,0.491657359,0.49713,,,,
131.778459,0.010088,-0.055062,-0.028728,-9.367722,-9.367928,0.001065,-0.00639,0.001065,99028.58,25.96,0.455866359,0.461339,,,,
131.788594,0.010135,0.028728,-0.08379,-9.291114,-9.291536,0,-0.00639,0.001065,99030.06,25.96,0.532258359,0.537731,,,,
131.798703,0.010109,-0.038304,-0.08379,-9.319842,-9.320297,0.003195,-0.003195,0.00213,99030.06,25.96,0.503497359,0.50897,,,,
131.808826,0.010123,-0.028728,-0.105336,-9.31266,-9.3133,0.003195,-0.007455,0.003195,99030.06,25.96,0.510494359,0.515967,,,,
131.818932,0.010106,-0.007182,-0.074214,-9.370116,-9.370413,0,-0.003195,-0.001065,99030.06,25.96,0.453381359,0.458854,,,,
131.829012,0.010081,-0.02394,-0.122094,-9.231264,-9.232102,0,-0.003195,0,99030.06,25.96,0.591692359,0.597165,,,,
131.839127,0.010114,-0.040698,-0.045486,-9.343782,-9.343981,0.003195,-0.00426,0.003195,99030.06,25.96,0.479813359,0.485286,,,,
131.849218,0.010091,0.03591,-0.08379,-9.262386,-9.262835,0.001065,-0.00426,0,99030.06,25.96,0.560959359,0.566432,,,,
131.859321,0.010103,-0.09576,-0.069426,-9.303084,-9.303836,0.00213,-0.003195,0.001065,99031.67,25.96,0.519958359,0.525431,,,,
131.86946,0.01014,-0.007182,-0.086184,-9.327024,-9.327425,0.003195,-0.00426,0,99031.67,25.96,0.496369359,0.501842,,,,
131.879605,0.010144,-0.002394,-0.09576,-9.269568,-9.270063,0.001065,-0.00639,0.001065,99031.67,25.96,0.553731359,0.559204,,,,
131.889732,0.010127,-0.05985,-0.100548,-9.255204,-9.255944,0.003195,-0.00426,0.001065,99031.67,25.96,0.567850359,0.573323,,,,
131.899828,0.010097,-0.05985,-0.057456,-9.346176,-9.346544,0.001065,-0.003195,0,99031.67,25.96,0.477250359,0.482723,,,,
131.910044,0.010215,-0.031122,-0.10773,-9.319842,-9.320517,0.001065,-0.00426,0,99031.67,25.96,0.503277359,0.50875,,,,
131.920146,0.010102,-0.021546,-0.086184,-9.319842,-9.320265,0.003195,-0.00426,0.001065,99033.39,25.96,0.503529359,0.509002,,,,
131.930427,0.010281,-0.043092,-0.088578,-9.317448,-9.317969,0,-0.005325,0.003195,99033.39,25.96,0.505825359,0.511298,,,,
131.940818,0.010391,-0.040698,-0.100548,-9.327024,-9.327655,0.00213,-0.00426,0.00426,99033.39,25.96,0.496139359,0.501612,,,,
131.952023,0.011205,0.021546,-0.074214,-9.293508,-9.293829,-0.003195,-0.003195,0.00426,99033.39,25.96,0.529965359,0.535438,,,,
131.963188,0.011165,-0.064638,-0.117306,-9.307872,-9.308836,0.007455,-0.007455,0.003195,99033.39,25.96,0.514958359,0.520431,,,,
131.974397,0.011209,-0.062244,-0.062244,-9.367722,-9.368136,-0.00213,-0.003195,0.00213,99033.39,25.96,0.455658359,0.461131,,,,
131.986266,0.011869,0.057456,-0.08379,-9.367722,-9.368273,0.001065,-0.003195,0.001065,99035.02,25.96,0.455521359,0.460994,,,,
131.996801,0.010535,-0.069426,-0.069426,-9.307872,-9.30839,0.003195,-0.00213,0.00213,99035.02,25.96,0.515404359,0.520877,,,,
132.007932,0.01113,-0.040698,-0.05985,-9.365328,-9.365608,0.001065,-0.00213,0.00213,99035.02,25.96,0.458186359,0.463659,,,,
132.019175,0.011243,-0.086184,-0.040698,-9.341388,-9.341874,0.003195,-0.00639,0.003195,99035.02,25.96,0.481920359,0.487393,,,,
132.030286,0.011111,0.007182,-0.08379,-9.334206,-9.334585,-0.001065,-0.00426,0.00213,99035.02,25.96,0.489209359,0.494682,,,,
132.042214,0.011928,-0.067032,0.01197,-9.358146,-9.358394,0.003195,-0.003195,0.001065,99035.02,25.96,0.465400359,0.470873,,,,
132.052753,0.010538,-0.019152,-0.009576,-9.331812,-9.331837,0.00213,-0.00852,0.00426,99035.02,25.96,0.491957359,0.49743,,,,
132.063942,0.01119,0.009576,-0.122094,-9.317448,-9.318253,0.001065,-0.00639,0.00213,99035.02,25.96,0.505541359,0.511014,,,,
132.07504,0.011097,-0.08379,-0.019152,-9.341388,-9.341783,0.003195,-0.00639,0.00213,99035.02,25.96,0.482011359,0.487484,,,,
132.086209,0.011169,0.007182,-0.10773,-9.30069,-9.301317,0.001065,-0.00426,0.00213,99035.02,25.96,0.522477359,0.52795,,,,
132.097647,0.011438,-0.026334,-0.031122,-9.338994,-9.339083,0.00213,-0.005325,0,99035.02,25.96,0.484711359,0.490184,,,,
132.108538,0.010891,0.074214,-0.055062,-9.310266,-9.310725,0.001065,-0.00213,0,99036.66,25.96,0.513069359,0.518542,,,,
132.119739,0.0112,0.01197,-0.009576,-9.303084,-9.303097,0.00213,-0.005325,0,99036.66,25.96,0.520697359,0.52617,,,,
132.130938,0.011199,0.040698,-0.102942,-9.283932,-9.284592,0.003195,-0.005325,0.001065,99036.66,25.96,0.539202359,0.544675,,,,
132.142182,0.011244,-0.009576,-0.02394,-9.293508,-9.293544,0,-0.00639,0.00213,99036.66,25.96,0.530250359,0.535723,,,,
132.153292,0.01111,0.014364,-0.052668,-9.334206,-9.334366,0.001065,-0.007455,0.001065,99036.66,25.96,0.489428359,0.494901,,,,
132.164468,0.011177,0.007182,-0.002394,-9.274356,-9.274359,0,-0.003195,0.001065,99036.66,25.96,0.549435359,0.554908,,,,
132.176336,0.011868,0.019152,-0.043092,-9.317448,-9.317567,0.003195,-0.00426,0.003195,99038.39,25.96,0.506227359,0.5117,,,,
132.186873,0.010537,0.014364,-0.033516,-9.307872,-9.307943,-0.001065,-0.00426,0.001065,99038.39,25.96,0.515851359,0.521324,,,,
132.198117,0.011244,0.014364,-0.045486,-9.30069,-9.300812,0.00213,-0.003195,0.00213,99038.39,25.96,0.522982359,0.528455,,,,
132.209204,0.011087,0.045486,-0.088578,-9.310266,-9.310798,-0.001065,-0.00426,0.00426,99038.39,25.96,0.512996359,0.518469,,,,
132.220435,0.01123,-0.016758,-0.045486,-9.298296,-9.298422,0.00426,-0.00426,0.00426,99038.39,25.96,0.525372359,0.530845,,,,
132.231575,0.011141,0.040698,-0.110124,-9.367722,-9.368458,0,-0.005325,0.00426,99038.39,25.96,0.455336359,0.460809,,,,
132.242903,0.011327,-0.014364,-0.026334,-9.362934,-9.362982,-0.001065,-0.00426,0.00426,99040.03,25.96,0.460812359,0.466285,,,,
132.254007,0.011104,-0.045486,-0.074214,-9.322236,-9.322642,0.005325,-0.011715,0.00426,99040.03,25.96,0.501152359,0.506625,,,,
132.26515,0.011143,-0.033516,0,-9.362934,-9.362994,-0.001065,-0.003195,0.00639,99040.03,25.96,0.460800359,0.466273,,,,
132.276346,0.011197,-0.076608,-0.057456,-9.298296,-9.298789,0.005325,-0.00639,0,99040.03,25.96,0.525005359,0.530478,,,,
132.287552,0.011205,-0.028728,-0.093366,-9.291114,-9.291628,0.00213,-0.003195,0.00426,99040.03,25.96,0.532166359,0.537639,,,,
132.299622,0.01207,-0.069426,-0.033516,-9.279144,-9.279464,0.00426,-0.00426,0.003195,99041.91,25.96,0.544330359,0.549803,,,,
132.309956,0.010334,-0.076608,-0.124488,-9.315054,-9.316201,0.005325,-0.009585,0.003195,99041.91,25.96,0.507593359,0.513066,,,,
132.321055,0.0111,-0.050274,-0.088578,-9.286326,-9.286885,-0.001065,-0.003195,0.00213,99041.91,25.96,0.536909359,0.542382,,,,
132.332367,0.011312,-0.043092,-0.050274,-9.307872,-9.308108,0.003195,-0.005325,0.00213,99041.91,25.96,0.515686359,0.521159,,,,
132.343485,0.011119,-0.062244,-0.1197,-9.362934,-9.363906,0.003195,-0.00426,0.001065,99041.91,25.96,0.459888359,0.465361,,,,
132.354849,0.011363,-0.016758,-0.04788,-9.358146,-9.358283,-0.001065,-0.00426,0.00213,99041.91,25.96,0.465511359,0.470984,,,,
132.365562,0.010713,-0.031122,-0.079002,-9.37251,-9.372895,0.003195,-0.00639,0.00426,99041.91,25.96,0.450899359,0.456372,,,,
132.375658,0.010096,-0.055062,-0.057456,-9.410814,-9.41115,0.003195,-0.00426,-0.001065,99041.91,25.96,0.412644359,0.418117,,,,
132.385762,0.010104,-0.016758,-0.14364,-9.358146,-9.359263,0.00426,-0.00426,0.00213,99041.91,25.96,0.464531359,0.470004,,,,
132.395906,0.010144,-0.090972,-0.05985,-9.413208,-9.413838,-0.001065,-0.00426,0.00213,99041.91,25.96,0.409956359,0.415429,,,,
132.405997,0.01009,-0.028728,-0.09576,-9.346176,-9.346711,0.003195,-0.00426,0.003195,99041.91,25.96,0.477083359,0.482556,,,,
132.416131,0.010134,-0.076608,-0.093366,-9.429966,-9.430739,-0.001065,-0.003195,0.001065,99041.91,25.96,0.393055359,0.398528,,,,
132.426214,0.010083,0.002394,-0.105336,-9.413208,-9.413798,0.00426,-0.00213,0.00213,99041.91,25.96,0.409996359,0.415469,,,,
132.43633,0.010116,-0.067032,-0.10773,-9.446724,-9.447576,0,-0.007455,0.003195,99043.56,25.96,0.376218359,0.381691,,,,
132.446431,0.010101,-0.031122,-0.079002,-9.451512,-9.451893,0,-0.00426,0.00426,99043.56,25.96,0.371901359,0.377374,,,,
132.456533,0.010101,0.016758,-0.129276,-9.429966,-9.430867,0,-0.00426,0.003195,99043.56,25.96,0.392927359,0.3984,,,,
132.467121,0.010588,-0.007182,-0.062244,-9.485028,-9.485235,0.001065,-0.00639,0.003195,99043.56,25.96,0.338559359,0.344032,,,,
132.477308,0.010188,-0.040698,-0.055062,-9.453906,-9.454154,0.003195,-0.005325,0.003195,99043.56,25.96,0.369640359,0.375113,,,,
132.487433,0.010124,0.02394,-0.02394,-9.453906,-9.453967,-0.001065,-0.003195,0.00426,99043.56,25.96,0.369827359,0.3753,,,,
132.497908,0.010476,-0.01197,-0.02394,-9.494604,-9.494642,0.001065,-0.00639,0.00426,99045.42,25.96,0.329152359,0.334625,,,,
132.507999,0.01009,-0.01197,-0.067032,-9.46827,-9.468515,0,-0.00426,0.001065,99045.42,25.96,0.355279359,0.360752,,,,
132.518099,0.0101,0.019152,-0.016758,-9.451512,-9.451546,0,-0.00213,0.003195,99045.42,25.96,0.372248359,0.377721,,,,
132.528211,0.010112,-0.026334,0.02394,-9.403632,-9.403699,0.00426,-0.00639,0,99045.42,25.96,0.420095359,0.425568,,,,
132.538315,0.010104,0.014364,0.02394,-9.46827,-9.468311,0.00213,-0.005325,0.001065,99045.42,25.96,0.355483359,0.360956,,,,
132.548436,0.010121,0.026334,-0.014364,-9.425178,-9.425226,0.003195,-0.007455,0.003195,99045.42,25.96,0.398568359,0.404041,,,,
132.558536,0.0101,-0.004788,-0.10773,-9.470664,-9.471278,0.00213,-0.00639,0,99047.27,25.96,0.352516359,0.357989,,,,
132.568637,0.010101,-0.03591,-0.067032,-9.470664,-9.470969,0.001065,-0.00639,0.00213,99047.27,25.96,0.352825359,0.358298,,,,
132.578779,0.010142,0.007182,-0.02394,-9.422784,-9.422817,0.00213,-0.00426,0.00213,99047.27,25.96,0.400977359,0.40645,,,,
132.588874,0.010095,0.04788,-0.105336,-9.48024,-9.480946,0.00213,-0.00213,0.001065,99047.27,25.96,0.342848359,0.348321,,,,
132.59896,0.010086,-0.04788,-0.040698,-9.54009,-9.540297,0,-0.00426,0.001065,99047.27,25.96,0.283497359,0.28897,,,,
132.609059,0.010099,0.02394,-0.105336,-9.501786,-9.5024,0.001065,-0.00426,-0.001065,99047.27,25.96,0.321394359,0.326867,,,,
132.619197,0.010138,-0.038304,-0.069426,-9.513756,-9.514086,0.001065,-0.007455,0.001065,99047.27,25.96,0.309708359,0.315181,,,,
132.629303,0.010106,-0.028728,-0.090972,-9.54009,-9.540567,-0.001065,-0.00213,0.00213,99049.28,25.96,0.283227359,0.2887,,,,
132.639397,0.010094,-0.026334,-0.117306,-9.607122,-9.607874,0.001065,-0.00426,0.00213,99049.28,25.96,0.215920359,0.221393,,,,
132.649539,0.010142,-0.014364,-0.193914,-9.573606,-9.57558,0.00213,-0.00426,-0.001065,99049.28,25.96,0.248214359,0.253687,,,,
132.659641,0.010101,-0.100548,-0.074214,-9.602334,-9.603147,0.00213,-0.00426,0.001065,99049.28,25.96,0.220647359,0.22612,,,,
132.669699,0.010058,-0.014364,-0.134064,-9.571212,-9.572162,0.001065,-0.005325,0.003195,99049.28,25.96,0.251632359,0.257105,,,,
132.680024,0.010325,-0.100548,-0.153216,-9.62388,-9.625625,0.003195,-0.00213,0.005325,99049.28,25.96,0.198169359,0.203642,,,,
132.690109,0.010086,-0.07182,-0.122094,-9.585576,-9.586623,0.001065,-0.00426,0.003195,99051.29,25.96,0.237171359,0.242644,,,,
132.700232,0.010123,-0.064638,-0.076608,-9.58797,-9.588494,0.00213,-0.00639,0.00639,99051.29,25.96,0.235300359,0.240773,,,,
132.710314,0.010082,-0.102942,-0.1197,-9.63585,-9.637143,0.00213,-0.005325,0.003195,99051.29,25.96,0.186651359,0.192124,,,,
132.720408,0.010094,-0.112518,-0.050274,-9.576,-9.576793,0.00213,-0.00426,0.00213,99051.29,25.96,0.247001359,0.252474,,,,
132.730489,0.010081,0.021546,-0.090972,-9.532908,-9.533366,-0.00213,-0.005325,0.00213,99051.29,25.96,0.290428359,0.295901,,,,
132.740622,0.010134,-0.150822,-0.028728,-9.61191,-9.613136,0.00213,-0.00426,0,99051.29,25.96,0.210658359,0.216131,,,,
132.750734,0.010111,0.03591,-0.100548,-9.576,-9.576595,-0.001065,-0.00213,-0.001065,99051.29,25.96,0.247199359,0.252672,,,,
132.760822,0.010088,0.014364,0.009576,-9.520938,-9.520954,0.00426,-0.00426,0.001065,99051.29,25.96,0.302840359,0.308313,,,,
132.770916,0.010094,-0.033516,-0.043092,-9.549666,-9.549822,0.003195,-0.003195,0,99051.29,25.96,0.273972359,0.279445,,,,
132.781086,0.01017,-0.067032,0.007182,-9.544878,-9.545116,0.00213,-0.00426,0.003195,99051.29,25.96,0.278678359,0.284151,,,,
132.791399,0.010313,0.100548,0,-9.55206,-9.552589,0.003195,-0.005325,0,99051.29,25.96,0.271205359,0.276678,,,,
132.801514,0.010115,0.043092,-0.110124,-9.568818,-9.569549,0.001065,-0.00426,0.00213,99051.29,25.96,0.254245359,0.259718,,,,
132.811606,0.010092,-0.050274,-0.009576,-9.556848,-9.556985,0,-0.005325,0.00213,99051.29,25.96,0.266809359,0.272282,,,,
132.821696,0.01009,0.064638,-0.081396,-9.535302,-9.535868,0.00213,-0.00426,0,99053.19,25.96,0.287926359,0.293399,,,,
132.831833,0.010136,0.021546,-0.062244,-9.633456,-9.633681,0.003195,-0.005325,0.00213,99053.19,25.96,0.190113359,0.195586,,,,
132.841914,0.010081,0.033516,-0.086184,-9.645426,-9.645869,-0.00213,-0.00213,0,99053.19,25.96,0.177925359,0.183398,,,,
132.852065,0.010151,0.043092,-0.040698,-9.62388,-9.624063,0.00213,-0.003195,0.003195,99053.19,25.96,0.199731359,0.205204,,,,
132.862197,0.010132,-0.002394,-0.067032,-9.604728,-9.604962,0.003195,-0.007455,0.00213,99053.19,25.96,0.218832359,0.224305,,,,
132.872293,0.010096,0.026334,-0.100548,-9.690912,-9.691469,0,-0.003195,0.00213,99053.19,25.96,0.132325359,0.137798,,,,
132.882445,0.010152,-0.033516,-0.052668,-9.700488,-9.700689,0.00426,-0.005325,0.00213,99055.25,25.96,0.123105359,0.128578,,,,
132.892553,0.010108,-0.019152,-0.148428,-9.65979,-9.660949,0.00213,-0.00639,0.003195,99055.25,25.96,0.162845359,0.168318,,,,
132.902647,0.010094,-0.007182,-0.031122,-9.702882,-9.702935,0.001065,-0.003195,0.003195,99055.25,25.96,0.120859359,0.126332,,,,
132.912779,0.010133,-0.014364,-0.086184,-9.65979,-9.660185,0.00426,-0.01065,0.00426,99055.25,25.96,0.163609359,0.169082,,,,
132.922864,0.010084,-0.045486,-0.126882,-9.705276,-9.706212,0.001065,-0.00426,0.003195,99055.25,25.96,0.117582359,0.123055,,,,
132.932956,0.010093,-0.02394,-0.074214,-9.633456,-9.633772,0,-0.00639,0.003195,99055.25,25.96,0.190022359,0.195495,,,,
132.943042,0.010086,0.052668,-0.052668,-9.65979,-9.660077,0.001065,-0.003195,0.005325,99055.25,25.96,0.163717359,0.16919,,,,
132.953152,0.01011,-0.043092,-0.088578,-9.714852,-9.715351,0.00426,-0.005325,0.003195,99057.34,25.96,0.108443359,0.113916,,,,
132.963237,0.010085,0.019152,-0.141246,-9.757944,-9.758985,-0.001065,-0.005325,0.005325,99057.34,25.96,0.064809359,0.070282,,,,
132.973347,0.01011,-0.186732,0.246582,-9.681336,-9.686276,0.00426,-0.00426,0.00426,99057.34,25.96,0.137518359,0.142991,,,,
132.983444,0.010097,-0.002394,-0.277704,-9.547272,-9.55131,0.01065,-0.01278,0.005325,99057.34,25.96,0.272484359,0.277957,,,,
132.993532,0.010088,-0.038304,-0.098154,-9.666972,-9.667546,-0.00852,0,0.005325,99057.34,25.96,0.156248359,0.161721,,,,
133.003642,0.01011,-0.033516,0.126882,-9.621486,-9.622381,0.00852,-0.01065,0.00426,99057.34,25.96,0.201413359,0.206886,,,,
133.013881,0.010239,-0.146034,-0.038304,-9.80343,-9.804592,0.007455,-0.00852,0.007455,99059.57,25.96,0.019202359,0.024675,,,,
133.023986,0.010105,0.028728,0.196308,-9.65979,-9.661827,-0.01065,0.003195,0.00213,99059.57,25.96,0.161967359,0.16744,,,,
133.034106,0.01012,0.016758,-0.27531,-9.710064,-9.713981,0.015975,-0.018105,0.00426,99059.57,25.96,0.109813359,0.115286,,,,
133.044197,0.010091,0.026334,-0.026334,-9.63585,-9.635922,-0.00213,-0.00213,0.00426,99059.57,25.96,0.187872359,0.193345,,,,
133.054321,0.010124,-0.040698,0.114912,-9.724428,-9.725192,-0.00426,0.00213,0.003195,99059.57,25.96,0.098602359,0.104075,,,,
133.064431,0.01011,0.01197,-0.325584,-9.650214,-9.655712,0.018105,-0.020235,0.003195,99059.57,25.96,0.168082359,0.173555,,,,
133.074527,0.010096,-0.074214,0.079002,-9.784278,-9.784878,-0.011715,0.007455,0.005325,99059.57,25.96,0.038916359,0.044389,,,,
133.084636,0.010108,0.100548,-0.114912,-9.688518,-9.689721,0.007455,-0.01065,0.003195,99059.57,25.96,0.134073359,0.139546,,,,
133.09477,0.010135,-0.090972,-0.141246,-9.793854,-9.795295,0.001065,-0.005325,0.001065,99059.57,25.96,0.028499359,0.033972,,,,
133.104865,0.010094,0.124488,0.02394,-9.710064,-9.710891,-0.00213,0.001065,0.00213,99059.57,25.96,0.112903359,0.118376,,,,
133.114964,0.0101,-0.062244,0.002394,-9.82737,-9.827567,0.005325,-0.007455,0.001065,99059.57,25.96,-0.003772641,0.0017,,,,
133.125055,0.010091,0.146034,-0.246582,-9.736398,-9.740615,0,-0.00213,0.001065,99059.57,25.96,0.083179359,0.088652,,,,
133.135137,0.010082,-0.07182,-0.067032,-9.777096,-9.77759,0.003195,-0.005325,0.001065,99059.57,25.96,0.046204359,0.051677,,,,
133.145256,0.010118,0.067032,-0.076608,-9.664578,-9.665114,-0.001065,-0.00639,0.001065,99061.73,25.96,0.158680359,0.164153,,,,
133.155344,0.010088,0.038304,-0.201096,-9.753156,-9.755304,0.00426,-0.00639,0,99061.73,25.96,0.068490359,0.073963,,,,
133.165466,0.010122,-0.040698,-0.136458,-9.717246,-9.718289,0.00213,-0.003195,0.001065,99061.73,25.96,0.105505359,0.110978,,,,
133.175561,0.010095,0.009576,0.002394,-9.801036,-9.801041,-0.005325,-0.005325,0.003195,99061.73,25.96,0.022753359,0.028226,,,,
133.185649,0.010088,-0.019152,-0.17955,-9.73161,-9.733285,0,-0.003195,0.00213,99061.73,25.96,0.090509359,0.095982,,,,
133.195754,0.010105,-0.033516,0.040698,-9.82737,-9.827511,-0.001065,-0.003195,0.001065,99061.73,25.96,-0.003716641,0.001756,,,,
133.205854,0.0101,0.031122,0.031122,-9.798642,-9.798741,0.00213,-0.007455,0.003195,99063.87,25.96,0.025053359,0.030526,,,,
133.215945,0.01009,-0.05985,-0.03591,-9.784278,-9.784527,0.001065,-0.003195,0.003195,99063.87,25.96,0.039267359,0.04474,,,,
133.226038,0.010093,0.028728,0.02394,-9.829764,-9.829835,0,-0.00426,0.001065,99063.87,25.96,-0.006040641,-0.000568,,,,
133.23612,0.010083,-0.04788,-0.067032,-9.80343,-9.803776,0.005325,-0.009585,0.00213,99063.87,25.96,0.020018359,0.025491,,,,
133.246203,0.010082,-0.05985,-0.057456,-9.853704,-9.854053,-0.00213,-0.00213,0.003195,99063.87,25.96,-0.030258641,-0.024786,,,,
133.256283,0.01008,-0.088578,-0.014364,-9.777096,-9.777508,0.003195,-0.00639,0.003195,99063.87,25.96,0.046286359,0.051759,,,,
133.266396,0.010113,-0.069426,-0.069426,-9.880038,-9.880526,0.001065,-0.00639,0.00426,99066.11,25.96,-0.056731641,-0.051259,,,,
133.276502,0.010106,-0.014364,-0.09576,-9.80343,-9.803908,0.00426,-0.007455,0.00213,99066.11,25.96,0.019886359,0.025359,,,,
133.286607,0.010105,-0.141246,0.014364,-9.882432,-9.883452,-0.005325,0.003195,0.003195,99066.11,25.96,-0.059657641,-0.054185,,,,
133.296718,0.010111,-0.098154,-0.069426,-9.817794,-9.81853,0.00639,-0.01065,0.001065,99066.11,25.96,0.005264359,0.010737,,,,
133.30682,0.010102,-0.110124,-0.009576,-9.877644,-9.878262,-0.00213,0,0.001065,99066.11,25.96,-0.054467641,-0.048995,,,,
133.317141,0.010321,-0.004788,0.014364,-9.83934,-9.839352,0.003195,-0.00426,0.003195,99066.11,25.96,-0.015557641,-0.010085,,,,
133.328662,0.011521,-0.126882,-0.15561,-9.892008,-9.894045,0.007455,-0.007455,0,99066.11,25.96,-0.070250641,-0.064778,,,,
133.339089,0.010427,0.026334,-0.067032,-9.808218,-9.808482,0,-0.003195,0.00213,99068.43,25.96,0.015312359,0.020785,,,,
133.350059,0.01097,-0.110124,-0.150822,-9.817794,-9.81957,0.005325,-0.00852,-0.00213,99068.43,25.96,0.004224359,0.009697,,,,
133.361248,0.011189,-0.088578,-0.102942,-9.824976,-9.825915,0.001065,-0.007455,0.001065,99068.43,25.96,-0.002120641,0.003352,,,,
133.372474,0.011226,-0.007182,-0.126882,-9.796248,-9.797072,-0.001065,-0.00213,0.001065,99068.43,25.96,0.026722359,0.032195,,,,
133.383791,0.011316,-0.067032,-0.04788,-9.858492,-9.858836,0.005325,-0.001065,-0.001065,99068.43,25.96,-0.035041641,-0.029569,,,,
133.393882,0.010091,0.019152,-0.213066,-9.810612,-9.812944,0.00426,-0.00639,-0.001065,99068.43,25.96,0.010850359,0.016323,,,,
133.403981,0.010098,-0.028728,-0.040698,-9.85131,-9.851436,0,-0.003195,-0.001065,99068.43,25.96,-0.027641641,-0.022169,,,,
133.41409,0.010109,0.019152,-0.217854,-9.714852,-9.717313,0.00213,-0.005325,0.001065,99068.43,25.96,0.106481359,0.111954,,,,
133.424184,0.010094,0.031122,-0.1197,-9.846522,-9.847299,0.00213,-0.00426,0.001065,99068.43,25.96,-0.023504641,-0.018032,,,,
133.43429,0.010106,0.002394,-0.090972,-9.750762,-9.751187,0.005325,-0.00426,0.003195,99068.43,25.96,0.072607359,0.07808,,,,
133.444372,0.010082,0.019152,-0.189126,-9.848916,-9.85075,0.001065,-0.005325,0.001065,99068.43,25.96,-0.026955641,-0.021483,,,,
133.454559,0.010187,0.086184,-0.126882,-9.79146,-9.792661,0,-0.00213,0.003195,99068.43,25.96,0.031133359,0.036606,,,,
133.464686,0.010128,-0.031122,-0.114912,-9.844128,-9.844848,0.005325,-0.007455,0.00213,99070.85,25.96,-0.021053641,-0.015581,,,,
133.474842,0.010155,0.074214,-0.114912,-9.817794,-9.818747,-0.00213,-0.00639,0.00426,99070.85,25.96,0.005047359,0.01052,,,,
133.485312,0.010471,0.07182,-0.074214,-9.834552,-9.835094,0.001065,-0.00213,0.00213,99070.85,25.96,-0.011299641,-0.005827,,,,
133.495397,0.010085,-0.08379,-0.050274,-9.856098,-9.856582,0.00213,-0.00852,0.003195,99070.85,25.96,-0.032787641,-0.027315,,,,
133.505481,0.010083,-0.004788,-0.10773,-9.824976,-9.825568,-0.00213,-0.003195,0.00213,99070.85,25.96,-0.001773641,0.003699,,,,
133.515565,0.010084,-0.02394,-0.026334,-9.894402,-9.894466,0.00213,-0.005325,0.005325,99070.85,25.96,-0.070671641,-0.065199,,,,
133.52574,0.010175,-0.074214,-0.03591,-9.844128,-9.844473,0.00213,-0.001065,0.00426,99073.1,25.96,-0.020678641,-0.015206,,,,
133.535877,0.010137,-0.050274,-0.038304,-9.894402,-9.894604,-0.001065,-0.003195,0.005325,99073.1,25.96,-0.070809641,-0.065337,,,,
133.546063,0.010186,0.007182,-0.038304,-9.82737,-9.827447,0.001065,-0.005325,0.00426,99073.1,25.96,-0.003652641,0.00182,,,,
133.556168,0.010105,-0.09576,-0.009576,-9.88722,-9.887688,0,-0.00213,0.00213,99073.1,25.96,-0.063893641,-0.058421,,,,
133.566273,0.010105,-0.009576,-0.031122,-9.848916,-9.84897,0.003195,-0.00639,0,99073.1,25.96,-0.025175641,-0.019703,,,,
133.57636,0.010086,-0.086184,0.026334,-9.894402,-9.894812,0,-0.00639,0.00213,99073.1,25.96,-0.071017641,-0.065545,,,,
133.586469,0.010109,-0.019152,-0.062244,-9.824976,-9.825192,0.001065,-0.00426,0.001065,99075.53,25.96,-0.001397641,0.004075,,,,
133.596791,0.010322,-0.100548,-0.021546,-9.88722,-9.887755,0,-0.00426,-0.001065,99075.53,25.96,-0.063960641,-0.058488,,,,
133.606882,0.010091,-0.007182,-0.057456,-9.801036,-9.801207,0.00213,-0.00426,0,99075.53,25.96,0.022587359,0.02806,,,,
133.616974,0.010092,-0.081396,-0.114912,-9.834552,-9.83556,0.003195,-0.00639,0.003195,99075.53,25.96,-0.011765641,-0.006293,,,,
133.627077,0.010104,-0.028728,-0.09576,-9.748368,-9.748881,-0.00213,-0.003195,0.00213,99075.53,25.96,0.074913359,0.080386,,,,
133.637175,0.010098,-0.004788,-0.134064,-9.705276,-9.706203,0.00426,-0.00852,0.001065,99075.53,25.96,0.117591359,0.123064,,,,
133.647274,0.010099,-0.009576,-0.112518,-9.781884,-9.782536,-0.001065,-0.00213,0.00213,99075.53,25.96,0.041258359,0.046731,,,,
133.657558,0.010284,0.01197,-0.08379,-9.750762,-9.751129,0.003195,-0.00639,0.001065,99077.76,25.96,0.072665359,0.078138,,,,
133.667666,0.010109,0.028728,-0.138852,-9.80343,-9.804455,0,-0.00426,0,99077.76,25.96,0.019339359,0.024812,,,,
133.677787,0.01012,-0.019152,-0.090972,-9.769914,-9.770356,0.00213,-0.00213,0.003195,99077.76,25.96,0.053438359,0.058911,,,,
133.687883,0.010097,0.067032,-0.129276,-9.774702,-9.775787,0.00213,-0.007455,0.003195,99077.76,25.96,0.048007359,0.05348,,,,
133.697974,0.010091,-0.02394,-0.165186,-9.724428,-9.72586,0.001065,-0.003195,0.003195,99077.76,25.96,0.097934359,0.103407,,,,
133.708521,0.010548,-0.050274,-0.055062,-9.79146,-9.791744,0,-0.005325,0.003195,99077.76,25.96,0.032050359,0.037523,,,,
133.718627,0.010106,0.014364,-0.122094,-9.760338,-9.761112,0.001065,-0.003195,0.00213,99077.76,25.97,0.062682359,0.068155,,,,
133.728734,0.010106,-0.002394,-0.114912,-9.810612,-9.811285,0.003195,-0.003195,0.00639,99077.76,25.97,0.012509359,0.017982,,,,
133.738838,0.010104,-0.1197,-0.050274,-9.824976,-9.825834,0,-0.003195,0.00639,99077.76,25.97,-0.002039641,0.003433,,,,
133.748925,0.010087,-0.014364,-0.05985,-9.836946,-9.837139,0,-0.003195,0.00426,99077.76,25.97,-0.013344641,-0.007872,,,,
133.759049,0.010124,-0.040698,-0.03591,-9.822582,-9.822732,0,-0.00639,0.005325,99077.76,25.97,0.001062359,0.006535,,,,
133.769132,0.010084,-0.07182,0.050274,-9.882432,-9.882821,0,-0.00426,0.003195,99077.76,25.97,-0.059026641,-0.053554,,,,
133.779225,0.010093,0,-0.033516,-9.83934,-9.839397,0.005325,-0.00426,0.00213,99080.25,25.97,-0.015602641,-0.01013,,,,
133.789312,0.010087,-0.07182,-0.019152,-9.894402,-9.894681,-0.001065,-0.00426,0.00426,99080.25,25.97,-0.070886641,-0.065414,,,,
133.7994,0.010088,0.014364,0.009576,-9.836946,-9.836961,0,-0.003195,0.00426,99080.25,25.97,-0.013166641,-0.007694,,,,
133.809634,0.010235,-0.064638,-0.016758,-9.889614,-9.889839,0.005325,-0.00426,0.001065,99080.25,25.97,-0.066044641,-0.060572,,,,
133.819726,0.010092,-0.031122,-0.076608,-9.89919,-9.899535,-0.001065,-0.003195,0.003195,99080.25,25.97,-0.075740641,-0.070268,,,,
133.829807,0.01008,-0.019152,-0.043092,-9.889614,-9.889726,0.00213,-0.00426,0,99080.25,25.97,-0.065931641,-0.060459,,,,
133.839891,0.010084,-0.019152,-0.069426,-9.844128,-9.844391,0.003195,-0.009585,0.001065,99082.75,25.97,-0.020596641,-0.015124,,,,
133.849987,0.010096,-0.038304,-0.04788,-9.846522,-9.846713,-0.003195,-0.001065,-0.001065,99082.75,25.97,-0.022918641,-0.017446,,,,
133.86021,0.010224,-0.002394,-0.09576,-9.810612,-9.81108,0.003195,-0.00639,-0.00213,99082.75,25.97,0.012714359,0.018187,,,,
133.870309,0.010098,0.02394,-0.136458,-9.824976,-9.825953,0.003195,-0.00426,0,99082.75,25.97,-0.002158641,0.003314,,,,
133.880403,0.010095,-0.033516,-0.105336,-9.810612,-9.811235,0.001065,-0.00426,-0.001065,99082.75,25.97,0.012559359,0.018032,,,,
133.890492,0.010088,-0.031122,-0.10773,-9.801036,-9.801677,0.003195,-0.00639,0.001065,99082.75,25.97,0.022117359,0.02759,,,,
133.900587,0.010095,0.02394,-0.17955,-9.834552,-9.83622,0.001065,-0.003195,0,99082.75,25.97,-0.012425641,-0.006953,,,,
133.910687,0.0101,-0.043092,-0.09576,-9.769914,-9.770478,0.00639,-0.007455,-0.001065,99085.24,25.97,0.053316359,0.058789,,,,
133.920813,0.010127,0.004788,-0.1197,-9.798642,-9.799374,0.001065,-0.00639,0.001065,99085.24,25.97,0.024420359,0.029893,,,,
133.930908,0.010095,0.040698,-0.189126,-9.817794,-9.8197,0.00213,-0.005325,0.00213,99085.24,25.97,0.004094359,0.009567,,,,
133.941032,0.010124,-0.088578,-0.055062,-9.82737,-9.827923,0.005325,-0.00639,0.005325,99085.24,25.97,-0.004128641,0.001344,,,,
133.951139,0.010107,-0.014364,-0.148428,-9.798642,-9.799777,0.001065,-0.003195,0.001065,99085.24,25.97,0.024017359,0.02949,,,,
133.961226,0.010087,-0.021546,-0.098154,-9.8154,-9.815914,0.00426,-0.00426,0.00426,99085.24,25.97,0.007880359,0.013353,,,,
133.971307,0.010081,-0.086184,-0.08379,-9.798642,-9.799379,0,-0.005325,0.00426,99087.7,25.97,0.024415359,0.029888,,,,
133.981606,0.0103,-0.069426,-0.086184,-9.860886,-9.861507,0,-0.00426,0.00426,99087.7,25.97,-0.037712641,-0.03224,,,,
133.991705,0.010099,-0.033516,-0.057456,-9.789066,-9.789292,0.00426,-0.005325,0.00639,99087.7,25.97,0.034502359,0.039975,,,,
134.001799,0.010094,-0.081396,0.007182,-9.848916,-9.849255,-0.00426,-0.001065,0.00426,99087.7,25.97,-0.025460641,-0.019988,,,,
134.011888,0.010089,-0.026334,-0.014364,-9.834552,-9.834598,0.00213,-0.005325,0.00426,99087.7,25.97,-0.010803641,-0.005331,,,,
134.022049,0.010161,-0.02394,0.004788,-9.829764,-9.829794,-0.001065,-0.007455,0.005325,99087.7,25.97,-0.005999641,-0.000527,,,,
134.032198,0.010149,-0.04788,-0.007182,-9.85131,-9.851429,-0.001065,-0.005325,0.001065,99087.7,25.97,-0.027634641,-0.022162,,,,
134.042287,0.010089,-0.04788,-0.040698,-9.848916,-9.849116,0.00426,-0.00426,0,99087.7,25.97,-0.025321641,-0.019849,,,,
134.052375,0.010088,-0.043092,-0.031122,-9.824976,-9.82512,-0.001065,-0.00213,0.001065,99087.7,25.97,-0.001325641,0.004147,,,,
134.062468,0.010093,-0.040698,-0.031122,-9.841734,-9.841867,0.00213,-0.00213,-0.00213,99087.7,25.97,-0.018072641,-0.0126,,,,
134.072544,0.010076,-0.038304,-0.05985,-9.832158,-9.832415,-0.001065,-0.005325,0.003195,99087.7,25.97,-0.008620641,-0.003148,,,,
134.082634,0.01009,-0.02394,-0.026334,-9.824976,-9.82504,-0.001065,-0.003195,0.001065,99087.7,25.97,-0.001245641,0.004227,,,,
134.092725,0.010091,-0.045486,-0.031122,-9.79146,-9.791615,0.00426,-0.003195,0.001065,99090.28,25.97,0.032179359,0.037652,,,,
134.102839,0.010113,0.040698,-0.057456,-9.834552,-9.834804,0.003195,-0.00426,0.001065,99090.28,25.97,-0.011009641,-0.005537,,,,
134.112965,0.010126,-0.002394,0.045486,-9.865674,-9.865779,0.001065,-0.001065,0.003195,99090.28,25.97,-0.041984641,-0.036512,,,,
134.123055,0.01009,0.028728,-0.043092,-9.813006,-9.813143,0.00213,-0.00639,0.00213,99090.28,25.97,0.010651359,0.016124,,,,
134.133169,0.010114,-0.007182,-0.052668,-9.858492,-9.858635,-0.00213,-0.00426,0.001065,99090.28,25.97,-0.034840641,-0.029368,,,,
134.14326,0.01009,0.043092,-0.055062,-9.810612,-9.810861,0.00426,-0.00426,0,99090.28,25.97,0.012933359,0.018406,,,,
134.153482,0.010223,-0.021546,-0.088578,-9.853704,-9.854126,0.003195,-0.00639,0.003195,99092.95,25.97,-0.030331641,-0.024859,,,,
134.163609,0.010127,0.028728,-0.146034,-9.841734,-9.842859,0.00426,-0.003195,0,99092.95,25.97,-0.019064641,-0.013592,,,,
134.173691,0.010082,-0.007182,-0.038304,-9.82737,-9.827447,0.001065,-0.00426,0.00213,99092.95,25.97,-0.003652641,0.00182,,,,
134.183787,0.010096,0.026334,-0.100548,-9.8154,-9.81595,0.00426,-0.003195,0.001065,99092.95,25.97,0.007844359,0.013317,,,,
134.193892,0.010105,-0.045486,-0.172368,-9.860886,-9.862497,0,-0.00852,0.00213,99092.95,25.97,-0.038702641,-0.03323,,,,
134.203981,0.010089,-0.031122,-0.1197,-9.726822,-9.727608,0.001065,-0.00213,0.00213,99092.95,25.97,0.096186359,0.101659,,,,
134.214105,0.010124,-0.052668,-0.045486,-9.796248,-9.796495,-0.001065,-0.00213,0.00213,99092.95,25.97,0.027299359,0.032772,,,,
134.224219,0.010114,-0.03591,-0.124488,-9.8154,-9.816255,0.00213,-0.007455,0.00213,99095.41,25.97,0.007539359,0.013012,,,,
134.234405,0.010187,-0.064638,-0.043092,-9.832158,-9.832465,0,-0.00213,0.00426,99095.41,25.97,-0.008670641,-0.003198,,,,
134.244519,0.010113,0.014364,-0.110124,-9.829764,-9.830391,0.00213,-0.00639,0.003195,99095.41,25.97,-0.006596641,-0.001124,,,,
134.254631,0.010112,-0.045486,-0.088578,-9.813006,-9.813511,-0.001065,-0.005325,0.001065,99095.41,25.97,0.010283359,0.015756,,,,
134.264756,0.010124,-0.033516,-0.009576,-9.774702,-9.774764,0.001065,-0.00426,0.003195,99095.41,25.97,0.049030359,0.054503,,,,
134.274869,0.010113,0.01197,-0.07182,-9.793854,-9.794125,0.00426,-0.005325,0.003195,99095.41,25.97,0.029669359,0.035142,,,,
134.284957,0.010089,-0.043092,-0.07182,-9.829764,-9.830121,0.001065,-0.00639,0.003195,99097.97,25.97,-0.006326641,-0.000854,,,,
134.29504,0.010083,-0.062244,-0.016758,-9.769914,-9.770127,0.00213,-0.003195,0.001065,99097.97,25.97,0.053667359,0.05914,,,,
134.305129,0.010089,0.002394,-0.13167,-9.80343,-9.804314,0.003195,-0.00426,0.001065,99097.97,25.97,0.019480359,0.024953,,,,
134.315285,0.010156,-0.019152,-0.069426,-9.793854,-9.794119,0.001065,-0.00426,0.001065,99097.97,25.97,0.029675359,0.035148,,,,
134.325443,0.010158,-0.01197,-0.079002,-9.784278,-9.784604,0.005325,-0.003195,0.003195,99097.97,25.97,0.039190359,0.044663,,,,
134.335548,0.010105,0.007182,-0.086184,-9.801036,-9.801418,0,-0.00213,0.00213,99097.97,25.97,0.022376359,0.027849,,,,
134.345643,0.010095,-0.007182,-0.055062,-9.832158,-9.832315,0,-0.00426,0.001065,99097.97,25.97,-0.008520641,-0.003048,,,,
134.35581,0.010167,-0.002394,-0.067032,-9.817794,-9.818023,0.001065,-0.001065,0,99097.97,25.97,0.005771359,0.011244,,,,
134.365902,0.010092,-0.009576,-0.038304,-9.872856,-9.872935,0.001065,-0.00426,0.00213,99097.97,25.97,-0.049140641,-0.043668,,,,
134.376016,0.010114,-0.01197,-0.02394,-9.856098,-9.856134,0.00426,-0.005325,0.001065,99097.97,25.97,-0.032339641,-0.026867,,,,
134.386109,0.010094,-0.019152,-0.03591,-9.82737,-9.827454,0,-0.00213,0,99097.97,25.97,-0.003659641,0.001813,,,,
134.3962,0.01009,-0.04788,-0.112518,-9.872856,-9.873613,0.001065,-0.005325,0.00213,99097.97,25.97,-0.049818641,-0.044346,,,,
134.40632,0.01012,-0.026334,-0.026334,-9.868068,-9.868138,-0.003195,-0.00426,0.00426,99097.97,25.97,-0.044343641,-0.038871,,,,
134.416405,0.010085,-0.02394,-0.009576,-9.829764,-9.829798,0.001065,-0.003195,0.001065,99100.3,25.97,-0.006003641,-0.000531,,,,
134.426574,0.01017,-0.03591,-0.086184,-9.85131,-9.851752,0.001065,-0.00426,0.00213,99100.3,25.97,-0.027957641,-0.022485,,,,
134.43668,0.010105,-0.086184,-0.09576,-9.83934,-9.840183,0.003195,-0.005325,0.00213,99100.3,25.97,-0.016388641,-0.010916,,,,
134.446788,0.010108,0.019152,-0.057456,-9.820188,-9.820375,0.001065,-0.00426,0.001065,99100.3,25.97,0.003419359,0.008892,,,,
134.456891,0.010103,0.007182,-0.064638,-9.801036,-9.801252,0.003195,-0.00852,0.003195,99100.3,25.97,0.022542359,0.028015,,,,
134.467034,0.010143,-0.045486,-0.076608,-9.784278,-9.784684,0,-0.005325,0.00426,99100.3,25.97,0.039110359,0.044583,,,,
134.47709,0.010056,-0.004788,-0.040698,-9.813006,-9.813092,0.001065,-0.00639,0.00213,99102.6,25.97,0.010702359,0.016175,,,,
134.48715,0.01006,-0.01197,-0.150822,-9.80343,-9.804597,0.003195,-0.005325,0.001065,99102.6,25.97,0.019197359,0.02467,,,,
134.497248,0.010098,-0.045486,-0.052668,-9.82737,-9.827616,-0.003195,-0.003195,0,99102.6,25.97,-0.003821641,0.001651,,,,
134.507376,0.010128,0.016758,-0.045486,-9.781884,-9.782004,0.00426,-0.00426,0.003195,99102.6,25.97,0.041790359,0.047263,,,,
134.517822,0.010446,-0.03591,-0.169974,-9.808218,-9.809756,0.003195,-0.00852,0.003195,99102.6,25.97,0.014038359,0.019511,,,,
134.527907,0.010085,-0.03591,-0.081396,-9.77949,-9.779895,-0.00639,-0.00639,0.00213,99102.6,25.97,0.043899359,0.049372,,,,
134.537999,0.010092,-0.033516,-0.136458,-9.80343,-9.804437,0.00213,-0.005325,0.001065,99105.12,25.97,0.019357359,0.02483,,,,
134.548135,0.010135,-0.110124,-0.117306,-9.80343,-9.80475,0,0,0.00213,99105.12,25.97,0.019044359,0.024517,,,,
134.558458,0.010324,-0.064638,-0.062244,-9.810612,-9.811022,0.00213,-0.005325,0.001065,99105.12,25.97,0.012772359,0.018245,,,,
134.568547,0.010088,0.014364,-0.110124,-9.80343,-9.804059,0.00426,-0.00426,0.005325,99105.12,25.97,0.019735359,0.025208,,,,
134.578641,0.010094,-0.093366,-0.02394,-9.83934,-9.839812,-0.001065,-0.00213,0.001065,99105.12,25.97,-0.016017641,-0.010545,,,,
134.588724,0.010082,-0.016758,-0.04788,-9.858492,-9.858623,0.001065,-0.005325,0,99105.12,25.97,-0.034828641,-0.029356,,,,
134.598814,0.010091,-0.028728,-0.088578,-9.83934,-9.839781,0.001065,-0.00213,0.00213,99107.8,25.97,-0.015986641,-0.010514,,,,
134.608908,0.010094,-0.088578,-0.05985,-9.89919,-9.899767,0.003195,-0.005325,0.003195,99107.8,25.97,-0.075972641,-0.0705,,,,
134.61903,0.010122,-0.055062,-0.136458,-9.829764,-9.830865,0.003195,-0.00426,0.00213,99107.8,25.97,-0.007070641,-0.001598,,,,
134.629131,0.010101,-0.074214,-0.086184,-9.844128,-9.844785,-0.001065,-0.001065,-0.001065,99107.8,25.97,-0.020990641,-0.015518,,,,
134.639305,0.010175,0.01197,-0.10773,-9.781884,-9.782485,0.005325,-0.00426,0.001065,99107.8,25.97,0.041309359,0.046782,,,,
134.649482,0.010176,-0.148428,-0.069426,-9.832158,-9.833523,-0.001065,-0.003195,0.003195,99107.8,25.97,-0.009728641,-0.004256,,,,
134.65966,0.010178,0.031122,-0.153216,-9.77949,-9.78074,0.003195,-0.00426,0.003195,99107.8,25.97,0.043054359,0.048527,,,,
134.669785,0.010124,-0.117306,-0.08379,-9.832158,-9.833215,0,-0.00426,0.003195,99107.8,25.97,-0.009420641,-0.003948,,,,
134.679958,0.010174,0.026334,-0.098154,-9.796248,-9.796775,-0.003195,-0.00213,0.00213,99107.8,25.97,0.027019359,0.032492,,,,
134.690053,0.010095,0.002394,-0.067032,-9.74358,-9.743811,0.00426,-0.003195,0.00213,99107.8,25.97,0.079983359,0.085456,,,,
134.70025,0.010196,0.028728,-0.028728,-9.805824,-9.805908,-0.001065,-0.00426,0.00426,99107.8,25.97,0.017886359,0.023359,,,,
134.710344,0.010094,-0.01197,-0.093366,-9.844128,-9.844578,0.001065,-0.00639,0.00213,99107.8,25.97,-0.020783641,-0.015311,,,,
134.720431,0.010087,0.040698,-0.117306,-9.786672,-9.78746,0.00426,-0.00852,0.003195,99107.8,25.97,0.036334359,0.041807,,,,
134.730547,0.010115,0.045486,0.016758,-9.817794,-9.817914,-0.003195,-0.001065,0.001065,99110.4,25.97,0.005880359,0.011353,,,,
134.740645,0.010098,-0.016758,-0.165186,-9.789066,-9.790474,0.00852,-0.011715,0.001065,99110.4,25.97,0.033320359,0.038793,,,,
134.750736,0.010092,0.040698,-0.050274,-9.75555,-9.755764,-0.00426,0.001065,0.001065,99110.4,25.97,0.068030359,0.073503,,,,
134.760831,0.010094,0.01197,-0.100548,-9.745974,-9.7465,0.00213,-0.007455,0.003195,99110.4,25.97,0.077294359,0.082767,,,,
134.771063,0.010232,-0.026334,-0.088578,-9.789066,-9.789502,0.00213,-0.00213,0.00213,99110.4,25.97,0.034292359,0.039765,,,,
134.781205,0.010142,0.04788,-0.019152,-9.769914,-9.77005,0.005325,-0.007455,0.003195,99110.4,25.97,0.053744359,0.059217,,,,
134.791293,0.010088,-0.002394,-0.100548,-9.824976,-9.825491,0.001065,0,0.003195,99112.95,25.97,-0.001696641,0.003776,,,,
134.801605,0.010312,0.038304,-0.040698,-9.736398,-9.736558,0,-0.005325,0.00426,99112.95,25.97,0.087236359,0.092709,,,,
134.811692,0.010087,0.057456,-0.038304,-9.80343,-9.803673,0,-0.005325,0.001065,99112.95,25.97,0.020121359,0.025594,,,,
134.821928,0.010236,0.043092,-0.10773,-9.844128,-9.844812,0,-0.001065,0.005325,99112.95,25.97,-0.021017641,-0.015545,,,,
134.832175,0.010247,-0.014364,-0.04788,-9.822582,-9.822709,0.00426,-0.00639,0.00426,99112.95,25.97,0.001085359,0.006558,,,,
134.842302,0.010127,0.031122,-0.134064,-9.858492,-9.859453,-0.001065,-0.003195,0,99112.95,25.97,-0.035658641,-0.030186,,,,
134.852442,0.010139,-0.03591,-0.028728,-9.836946,-9.837053,0.00213,-0.005325,0,99115.55,25.97,-0.013258641,-0.007786,,,,
134.862537,0.010095,-0.05985,-0.146034,-9.901584,-9.902842,0.003195,-0.005325,0.001065,99115.55,25.97,-0.079047641,-0.073575,,,,
134.872587,0.010051,-0.031122,-0.079002,-9.844128,-9.844494,0,-0.00426,0.00213,99115.55,25.97,-0.020699641,-0.015227,,,,
134.882966,0.010379,-0.079002,0.021546,-9.882432,-9.882771,0.00213,-0.00426,0.001065,99115.55,25.97,-0.058976641,-0.053504,,,,
134.893059,0.010093,-0.10773,-0.081396,-9.846522,-9.847448,0.00426,-0.00639,0.001065,99115.55,25.97,-0.023653641,-0.018181,,,,
134.903181,0.010122,-0.067032,-0.02394,-9.892008,-9.892264,0.001065,-0.00213,0.00213,99115.55,25.97,-0.068469641,-0.062997,,,,
134.913274,0.010094,-0.079002,-0.067032,-9.85131,-9.851855,0.003195,-0.007455,0.00213,99118.2,25.97,-0.028060641,-0.022588,,,,
134.923389,0.010115,-0.08379,-0.05985,-9.868068,-9.868605,0.001065,-0.005325,0,99118.2,25.97,-0.044810641,-0.039338,,,,
134.933477,0.010088,-0.031122,-0.040698,-9.781884,-9.782018,0.003195,-0.005325,0.003195,99118.2,25.97,0.041776359,0.047249,,,,
134.943586,0.010109,-0.081396,-0.074214,-9.846522,-9.847138,0.003195,-0.00426,0.003195,99118.2,25.97,-0.023343641,-0.017871,,,,
134.953672,0.010086,-0.052668,-0.05985,-9.80343,-9.803754,0.00213,-0.00639,0.00426,99118.2,25.97,0.020040359,0.025513,,,,
134.963767,0.010095,-0.01197,-0.081396,-9.834552,-9.834896,0.00213,-0.00426,0.001065,99118.2,25.97,-0.011101641,-0.005629,,,,
134.973846,0.010079,-0.062244,-0.10773,-9.817794,-9.818582,0.00213,-0.007455,0.00426,99118.2,25.97,0.005212359,0.010685,,,,
134.983945,0.010099,-0.02394,-0.114912,-9.777096,-9.777801,0.00213,-0.005325,0.00426,99120.93,25.97,0.045993359,0.051466,,,,
134.994052,0.010107,-0.009576,-0.074214,-9.717246,-9.717534,0.00213,-0.005325,0,99120.93,25.97,0.106260359,0.111733,,,,
135.004136,0.010084,-0.04788,-0.150822,-9.808218,-9.809494,0.003195,-0.00426,0.00426,99120.93,25.97,0.014300359,0.019773,,,,
135.01427,0.010134,0.002394,-0.076608,-9.74358,-9.743881,0.001065,-0.003195,0.003195,99120.93,25.97,0.079913359,0.085386,,,,
135.024357,0.010087,-0.002394,-0.117306,-9.786672,-9.787375,0.00213,-0.005325,0.00426,99120.93,25.97,0.036419359,0.041892,,,,
135.03445,0.010093,-0.019152,-0.057456,-9.76752,-9.767708,0,-0.00426,0.005325,99120.93,25.97,0.056086359,0.061559,,,,
135.044546,0.010096,0.02394,-0.052668,-9.822582,-9.822752,0.00213,-0.00639,0.005325,99120.93,25.97,0.001042359,0.006515,,,,
135.054638,0.010092,0.028728,-0.033516,-9.836946,-9.837045,0,-0.00426,0.00213,99120.93,25.97,-0.013250641,-0.007778,,,,
135.064816,0.010178,0.043092,-0.031122,-9.822582,-9.822726,0.003195,-0.00639,0.005325,99120.93,25.97,0.001068359,0.006541,,,,
135.074942,0.010126,0.045486,-0.074214,-9.872856,-9.87324,0.001065,-0.005325,0.003195,99120.93,25.97,-0.049445641,-0.043973,,,,
135.085047,0.010105,0.03591,-0.062244,-9.80343,-9.803693,0,-0.00213,0.00426,99120.93,25.97,0.020101359,0.025574,,,,
135.095134,0.010087,0,-0.081396,-9.860886,-9.861222,0.00426,-0.005325,0.00426,99120.93,25.97,-0.037427641,-0.031955,,,,
135.105255,0.010121,-0.01197,-0.126882,-9.805824,-9.806652,0.001065,-0.005325,0.003195,99123.53,25.97,0.017142359,0.022615,,,,
135.115354,0.010099,-0.01197,-0.016758,-9.805824,-9.805846,0,0,0.00213,99123.53,25.97,0.017948359,0.023421,,,,
135.125458,0.010104,-0.016758,-0.129276,-9.822582,-9.823447,0.00213,-0.005325,0.003195,99123.53,25.97,0.000347359,0.00582,,,,
135.135548,0.01009,-0.014364,-0.045486,-9.884826,-9.884941,-0.001065,-0.00213,0.00213,99123.53,25.97,-0.061146641,-0.055674,,,,
135.145638,0.01009,0.031122,-0.112518,-9.822582,-9.823276,0.003195,-0.00639,0.003195,99123.53,25.97,0.000518359,0.005991,,,,
135.155739,0.010102,-0.045486,-0.038304,-9.85131,-9.851489,0.001065,-0.00426,0.00213,99123.53,25.97,-0.027694641,-0.022222,,,,
135.165835,0.010096,0.028728,-0.079002,-9.8154,-9.81576,-0.001065,-0.003195,-0.00213,99123.53,25.97,0.008034359,0.013507,,,,
135.175927,0.010092,-0.057456,-0.028728,-9.83934,-9.83955,0.001065,-0.00639,0.003195,99126.2,25.97,-0.015755641,-0.010283,,,,
135.186065,0.010138,-0.052668,-0.081396,-9.836946,-9.837424,0.00213,-0.00639,0.00426,99126.2,25.97,-0.013629641,-0.008157,,,,
135.196158,0.010093,-0.05985,-0.05985,-9.872856,-9.873219,0.00213,-0.005325,0,99126.2,25.97,-0.049424641,-0.043952,,,,
135.206246,0.010088,-0.02394,-0.09576,-9.798642,-9.799139,0.003195,-0.00639,0.001065,99126.2,25.97,0.024655359,0.030128,,,,
135.216331,0.010085,-0.124488,-0.052668,-9.834552,-9.835481,0.001065,-0.00852,0.001065,99126.2,25.97,-0.011686641,-0.006214,,,,
135.226507,0.010176,-0.007182,-0.100548,-9.801036,-9.801554,0,-0.005325,0.001065,99126.2,25.97,0.022240359,0.027713,,,,
135.2366,0.010093,-0.064638,-0.100548,-9.834552,-9.835278,0.00213,-0.007455,0.003195,99128.72,25.97,-0.011483641,-0.006011,,,,
135.246708,0.010108,-0.102942,-0.165186,-9.784278,-9.786214,0.00426,-0.00426,0,99128.72,25.97,0.037580359,0.043053,,,,
135.256814,0.010106,-0.016758,-0.026334,-9.83934,-9.83939,0,-0.00426,0.003195,99128.72,25.97,-0.015595641,-0.010123,,,,
135.266895,0.01008,-0.055062,-0.141246,-9.789066,-9.79024,0.00426,-0.00639,0.001065,99128.72,25.97,0.033554359,0.039027,,,,
135.277263,0.010369,-0.100548,-0.100548,-9.808218,-9.809249,0.00213,-0.001065,0,99128.72,25.97,0.014545359,0.020018,,,,
135.287389,0.010126,0.009576,-0.043092,-9.87525,-9.875349,0.001065,-0.007455,0.00213,99128.72,25.97,-0.051554641,-0.046082,,,,
135.297995,0.010606,-0.05985,-0.105336,-9.808218,-9.808966,0.00426,-0.005325,0.003195,99131.36,25.97,0.014828359,0.020301,,,,
135.308079,0.010084,-0.076608,-0.004788,-9.892008,-9.892306,-0.003195,-0.00213,0,99131.36,25.97,-0.068511641,-0.063039,,,,
135.318168,0.010089,-0.040698,-0.09576,-9.786672,-9.787225,0.003195,-0.007455,0.00426,99131.36,25.97,0.036569359,0.042042,,,,
135.328268,0.010099,-0.074214,-0.050274,-9.829764,-9.830173,0.001065,-0.005325,0.001065,99131.36,25.97,-0.006378641,-0.000906,,,,
135.338958,0.010691,0,-0.081396,-9.798642,-9.79898,0.001065,-0.00426,0.00426,99131.36,25.97,0.024814359,0.030287,,,,
135.349051,0.010093,-0.05985,-0.1197,-9.798642,-9.799556,0,-0.003195,0.005325,99131.36,25.97,0.024238359,0.029711,,,,
135.35918,0.010129,0.05985,-0.148428,-9.748368,-9.749682,0,-0.003195,0.00426,99131.36,25.97,0.074112359,0.079585,,,,
135.369267,0.010087,-0.043092,0.004788,-9.824976,-9.825072,0,-0.00426,0.00426,99131.36,25.97,-0.001277641,0.004195,,,,
135.379383,0.010116,0.04788,-0.110124,-9.796248,-9.796984,0.00213,-0.005325,0.00426,99131.36,25.97,0.026810359,0.032283,,,,
135.389552,0.010169,0.002394,-0.050274,-9.829764,-9.829893,0,-0.00426,0.00426,99131.36,25.97,-0.006098641,-0.000626,,,,
135.399653,0.010101,0.019152,-0.031122,-9.817794,-9.817862,0,-0.00639,0.00213,99131.36,25.97,0.005932359,0.011405,,,,
135.409842,0.010189,0.014364,-0.038304,-9.872856,-9.872941,0.001065,-0.00639,0.00213,99131.36,25.97,-0.049146641,-0.043674,,,,
135.419945,0.010104,-0.004788,0,-9.83934,-9.839341,0.00426,-0.00426,0.00426,99133.71,25.97,-0.015546641,-0.010074,,,,
135.430058,0.010112,-0.028728,-0.055062,-9.841734,-9.84193,0.00639,-0.005325,0.00426,99133.71,25.97,-0.018135641,-0.012663,,,,
135.440164,0.010106,-0.009576,-0.074214,-9.83934,-9.839625,0.003195,-0.005325,0.00213,99133.71,25.97,-0.015830641,-0.010358,,,,
135.450255,0.010091,-0.02394,-0.01197,-9.798642,-9.798679,0.001065,-0.003195,0.00213,99133.71,25.97,0.025115359,0.030588,,,,
135.460367,0.010112,-0.019152,-0.067032,-9.829764,-9.830011,0.003195,-0.005325,0.00213,99133.71,25.97,-0.006216641,-0.000744,,,,
135.47045,0.010083,-0.055062,-0.076608,-9.834552,-9.835005,0,-0.003195,0.001065,99133.71,25.97,-0.011210641,-0.005738,,,,
135.480555,0.010105,-0.016758,-0.033516,-9.913554,-9.913625,0.003195,-0.005325,-0.001065,99133.71,25.97,-0.089830641,-0.084358,,,,
135.490639,0.010083,-0.038304,-0.014364,-9.829764,-9.829849,-0.001065,-0.001065,-0.001065,99136.39,25.97,-0.006054641,-0.000582,,,,
135.50077,0.010132,-0.038304,-0.031122,-9.85131,-9.851434,0.00426,-0.005325,0.001065,99136.39,25.97,-0.027639641,-0.022167,,,,
135.510925,0.010155,-0.038304,-0.098154,-9.844128,-9.844692,0.003195,-0.00426,0.001065,99136.39,25.97,-0.020897641,-0.015425,,,,
135.521012,0.010087,-0.052668,-0.124488,-9.853704,-9.854631,0.003195,-0.00852,-0.00213,99136.39,25.97,-0.030836641,-0.025364,,,,
135.531122,0.01011,-0.009576,-0.146034,-9.808218,-9.80931,0.00213,-0.001065,0.001065,99136.39,25.97,0.014484359,0.019957,,,,
135.54147,0.010349,0.002394,-0.110124,-9.848916,-9.849532,0.005325,-0.00639,0,99136.39,25.97,-0.025737641,-0.020265,,,,
135.551564,0.010093,-0.040698,-0.169974,-9.817794,-9.81935,0.001065,-0.005325,0.001065,99139.01,25.97,0.004444359,0.009917,,,,
135.561649,0.010085,-0.09576,-0.110124,-9.820188,-9.821272,0.003195,-0.00639,0,99139.01,25.97,0.002522359,0.007995,,,,
135.571798,0.01015,0.004788,-0.110124,-9.777096,-9.777717,-0.00213,-0.00213,0.00213,99139.01,25.97,0.046077359,0.05155,,,,
135.581903,0.010104,-0.076608,-0.146034,-9.765126,-9.766518,0.00426,-0.009585,0.00213,99139.01,25.97,0.057276359,0.062749,,,,
135.592004,0.010101,-0.052668,-0.10773,-9.734004,-9.734743,-0.001065,0.00213,0.00213,99139.01,25.97,0.089051359,0.094524,,,,
135.602198,0.010193,-0.031122,-0.112518,-9.750762,-9.751461,0.00213,-0.007455,0.00426,99139.01,25.97,0.072333359,0.077806,,,,
135.612296,0.010098,-0.090972,-0.124488,-9.824976,-9.826186,-0.001065,-0.005325,0.00426,99139.01,25.97,-0.002391641,0.003081,,,,
135.622388,0.010092,-0.04788,-0.069426,-9.762732,-9.763096,0.001065,-0.003195,0.00426,99139.01,25.97,0.060698359,0.066171,,,,
135.632485,0.010097,0,-0.05985,-9.822582,-9.822764,-0.00213,-0.00639,0.00426,99139.01,25.97,0.001030359,0.006503,,,,
135.642631,0.010147,-0.07182,-0.03591,-9.810612,-9.810941,0.003195,-0.00426,0.00426,99139.01,25.97,0.012853359,0.018326,,,,
135.652809,0.010177,-0.028728,-0.026334,-9.79146,-9.791538,0.00213,-0.007455,0.001065,99139.01,25.97,0.032256359,0.037729,,,,
135.662893,0.010084,-0.009576,-0.009576,-9.82737,-9.827379,0.001065,-0.003195,0.00426,99139.01,25.97,-0.003584641,0.001888,,,,
135.672981,0.010088,-0.093366,-0.016758,-9.801036,-9.801495,0,-0.003195,0.003195,99141.59,25.97,0.022299359,0.027772,,,,
135.683097,0.010116,-0.019152,0,-9.781884,-9.781903,0.001065,-0.00639,0.003195,99141.59,25.97,0.041891359,0.047364,,,,
135.693196,0.0101,0.033516,-0.021546,-9.822582,-9.822663,0.00213,-0.00639,0.001065,99141.59,25.97,0.001131359,0.006604,,,,
135.703287,0.010091,-0.07182,-0.033516,-9.858492,-9.858811,0.00213,-0.00426,0.001065,99141.59,25.97,-0.035016641,-0.029544,,,,
135.713502,0.010215,-0.002394,-0.064638,-9.856098,-9.85631,0,-0.003195,-0.001065,99141.59,25.97,-0.032515641,-0.027043,,,,
135.7236,0.010098,-0.002394,-0.038304,-9.86328,-9.863355,0.00213,-0.003195,0.00426,99141.59,25.97,-0.039560641,-0.034088,,,,
135.733807,0.010207,0.007182,-0.057456,-9.832158,-9.832328,0.00213,-0.00426,0,99141.59,25.97,-0.008533641,-0.003061,,,,
135.743905,0.010097,0.03591,-0.040698,-9.870462,-9.870611,0.001065,-0.00213,0.001065,99144.22,25.97,-0.046816641,-0.041344,,,,
135.753999,0.010094,0.014364,-0.055062,-9.868068,-9.868232,0.001065,-0.005325,-0.001065,99144.22,25.97,-0.044437641,-0.038965,,,,
135.764092,0.010093,0.033516,-0.08379,-9.846522,-9.846936,0.001065,-0.00639,-0.00213,99144.22,25.97,-0.023141641,-0.017669,,,,
135.774184,0.010092,0.007182,-0.138852,-9.868068,-9.869047,0.001065,-0.00426,0.00213,99144.22,25.97,-0.045252641,-0.03978,,,,
135.784296,0.010111,0.004788,-0.098154,-9.841734,-9.842225,0.00426,-0.00426,-0.001065,99144.22,25.97,-0.018430641,-0.012958,,,,
135.79455,0.010254,-0.026334,-0.122094,-9.834552,-9.835345,0.001065,-0.00639,-0.001065,99144.22,25.97,-0.011550641,-0.006078,,,,
135.804669,0.010119,-0.014364,-0.134064,-9.848916,-9.849839,0.001065,-0.00639,0,99146.84,25.97,-0.026044641,-0.020572,,,,
135.814767,0.010099,-0.038304,-0.138852,-9.829764,-9.830819,0.001065,-0.00426,0.001065,99146.84,25.97,-0.007024641,-0.001552,,,,
135.824849,0.010082,-0.057456,-0.169974,-9.8154,-9.81704,0.001065,-0.00639,0.00639,99146.84,25.97,0.006754359,0.012227,,,,
135.834973,0.010124,-0.03591,-0.062244,-9.813006,-9.813269,0,-0.00213,0.003195,99146.84,25.97,0.010525359,0.015998,,,,
135.845058,0.010085,0.009576,-0.093366,-9.810612,-9.811061,0,-0.00639,0.00426,99146.84,25.97,0.012733359,0.018206,,,,
135.855176,0.010118,-0.064638,-0.088578,-9.8154,-9.816012,0.00213,-0.00426,0.00426,99146.84,25.97,0.007782359,0.013255,,,,
135.865285,0.010109,0.007182,-0.004788,-9.820188,-9.820192,0.00213,-0.00426,0.00639,99149.33,25.97,0.003602359,0.009075,,,,
135.875373,0.010088,-0.009576,-0.09576,-9.820188,-9.82066,0.00426,-0.007455,-0.001065,99149.33,25.97,0.003134359,0.008607,,,,
135.885478,0.010106,-0.050274,-0.04788,-9.789066,-9.789312,0.001065,-0.00213,0.00213,99149.33,25.97,0.034482359,0.039955,,,,
135.895559,0.01008,-0.016758,-0.079002,-9.80343,-9.803763,0.003195,-0.007455,0.001065,99149.33,25.97,0.020031359,0.025504,,,,
135.905645,0.010086,-0.028728,-0.098154,-9.805824,-9.806357,0.003195,-0.00213,0.001065,99149.33,25.97,0.017437359,0.02291,,,,
135.915752,0.010107,-0.086184,-0.03591,-9.793854,-9.794299,0.003195,-0.00639,0.00213,99149.33,25.97,0.029495359,0.034968,,,,
135.925836,0.010084,-0.040698,-0.076608,-9.808218,-9.808602,0.001065,-0.00426,-0.001065,99149.33,25.97,0.015192359,0.020665,,,,
135.935919,0.010083,-0.08379,-0.05985,-9.777096,-9.777638,0.00213,-0.003195,0,99149.33,25.97,0.046156359,0.051629,,,,
135.946027,0.010108,-0.057456,-0.052668,-9.798642,-9.798952,0.001065,-0.00426,0.003195,99149.33,25.97,0.024842359,0.030315,,,,
135.956741,0.010714,-0.002394,-0.08379,-9.796248,-9.796607,0.001065,-0.00639,0.001065,99149.33,25.97,0.027187359,0.03266,,,,
135.96694,0.0102,0,-0.05985,-9.832158,-9.83234,-0.001065,-0.005325,-0.001065,99149.33,25.97,-0.008545641,-0.003073,,,,
135.977034,0.010093,-0.031122,-0.019152,-9.889614,-9.889682,0.003195,-0.00426,-0.00213,99149.33,25.97,-0.065887641,-0.060415,,,,
135.987124,0.01009,-0.01197,-0.10773,-9.86328,-9.863876,0.00213,-0.005325,-0.001065,99151.96,25.97,-0.040081641,-0.034609,,,,
135.997215,0.010091,-0.009576,-0.043092,-9.846522,-9.846621,0.00213,-0.005325,-0.001065,99151.96,25.97,-0.022826641,-0.017354,,,,
136.007421,0.010206,0,-0.079002,-9.872856,-9.873172,0.00213,-0.005325,-0.001065,99151.96,25.97,-0.049377641,-0.043905,,,,
136.017588,0.010166,-0.026334,-0.134064,-9.868068,-9.869014,0.00213,-0.009585,-0.001065,99151.96,25.97,-0.045219641,-0.039747,,,,
136.027702,0.010114,-0.009576,-0.038304,-9.808218,-9.808297,0.001065,-0.007455,-0.001065,99151.96,25.97,0.015497359,0.02097,,,,
136.037807,0.010105,-0.040698,-0.09576,-9.86328,-9.863829,0.001065,-0.00426,-0.00213,99151.96,25.97,-0.040034641,-0.034562,,,,
136.047916,0.010109,-0.031122,-0.081396,-9.844128,-9.844514,0.005325,-0.009585,-0.001065,99151.96,25.97,-0.020719641,-0.015247,,,,
136.058124,0.010208,-0.002394,-0.021546,-9.834552,-9.834576,-0.00213,-0.003195,0.003195,99154.51,25.97,-0.010781641,-0.005309,,,,
136.068299,0.010175,0.031122,-0.067032,-9.844128,-9.844405,0.003195,-0.005325,0.001065,99154.51,25.97,-0.020610641,-0.015138,,,,
136.07845,0.010151,-0.07182,-0.031122,-9.884826,-9.885136,-0.001065,-0.005325,0,99154.51,25.97,-0.061341641,-0.055869,,,,
136.088525,0.010075,0.040698,-0.031122,-9.860886,-9.861019,-0.00213,-0.00639,0.001065,99154.51,25.97,-0.037224641,-0.031752,,,,
136.098663,0.010137,-0.055062,0.019152,-9.877644,-9.877816,0.00213,-0.003195,0.001065,99154.51,25.97,-0.054021641,-0.048549,,,,
136.108887,0.010224,0.016758,-0.07182,-9.82737,-9.827647,0.003195,-0.00426,0.00213,99154.51,25.97,-0.003852641,0.00162,,,,
136.118988,0.010101,-0.004788,-0.067032,-9.877644,-9.877873,0.003195,-0.009585,0.001065,99157.05,25.97,-0.054078641,-0.048606,,,,
136.129123,0.010135,-0.069426,-0.105336,-9.822582,-9.823392,0,-0.00639,0.001065,99157.05,25.97,0.000402359,0.005875,,,,
136.139247,0.010124,0.019152,-0.110124,-9.79146,-9.792098,0.00213,-0.005325,0.00213,99157.05,25.97,0.031696359,0.037169,,,,
136.149361,0.010114,-0.040698,-0.124488,-9.769914,-9.770792,0.001065,-0.003195,0.003195,99157.05,25.97,0.053002359,0.058475,,,,
136.15947,0.010109,-0.081396,-0.114912,-9.781884,-9.782898,0.003195,-0.005325,0.00213,99157.05,25.97,0.040896359,0.046369,,,,
136.169889,0.010419,-0.026334,-0.122094,-9.808218,-9.809013,0,-0.00213,0.001065,99157.05,25.97,0.014781359,0.020254,,,,
136.180446,0.010557,-0.026334,-0.079002,-9.765126,-9.765481,0.001065,-0.003195,0.003195,99159.59,25.97,0.058313359,0.063786,,,,
136.190535,0.010089,-0.124488,-0.110124,-9.82737,-9.828775,0.003195,-0.00426,0.00213,99159.59,25.97,-0.004980641,0.000492,,,,
136.20223,0.011695,0.04788,-0.141246,-9.798642,-9.799777,0.00213,-0.00639,0,99159.59,25.97,0.024017359,0.02949,,,,
136.215927,0.013697,-0.016758,-0.141246,-9.76752,-9.768556,0.001065,-0.00426,0.001065,99159.59,25.97,0.055238359,0.060711,,,,
136.227336,0.011409,-0.028728,-0.076608,-9.829764,-9.830104,0.00213,-0.00639,0.00213,99159.59,25.97,-0.006309641,-0.000837,,,,
136.238875,0.011539,-0.019152,-0.162792,-9.760338,-9.761714,0.003195,-0.00639,0.00426,99159.59,25.97,0.062080359,0.067553,,,,
136.248966,0.010091,-0.098154,-0.062244,-9.848916,-9.849602,0.001065,-0.00213,0.00213,99159.59,25.97,-0.025807641,-0.020335,,,,
136.25907,0.010104,0.021546,-0.069426,-9.73161,-9.731881,0,-0.005325,0,99159.59,25.97,0.091913359,0.097386,,,,
136.269243,0.010174,0.009576,-0.086184,-9.834552,-9.834934,-0.001065,-0.005325,0,99159.59,25.97,-0.011139641,-0.005667,,,,
136.28046,0.011217,0.040698,-0.014364,-9.789066,-9.789161,-0.00213,-0.00213,0.00426,99159.59,25.97,0.034633359,0.040106,,,,
136.291715,0.011255,-0.08379,-0.1197,-9.841734,-9.842819,0.003195,-0.00639,0.00213,99159.59,25.97,-0.019024641,-0.013552,,,,
136.302832,0.011117,0.038304,-0.294462,-9.762732,-9.767247,-0.005325,-0.00213,0.003195,99162.08,25.97,0.056547359,0.06202,,,,
136.314043,0.011212,-0.062244,-0.052668,-9.848916,-9.849254,0.001065,-0.00639,0.00426,99162.08,25.97,-0.025459641,-0.019987,,,,
136.325178,0.011134,-0.172368,-0.02394,-9.942282,-9.943805,0.00213,-0.009585,0.00639,99162.08,25.97,-0.120010641,-0.114538,,,,
136.336355,0.011177,0.174762,-0.124488,-9.817794,-9.820138,0.001065,-0.003195,0.003195,99162.08,25.97,0.003656359,0.009129,,,,
136.347629,0.011274,-0.102942,0.033516,-9.89919,-9.899782,0,-0.001065,0.005325,99162.08,25.97,-0.075987641,-0.070515,,,,
136.358866,0.011237,0.019152,-0.248976,-9.750762,-9.753959,0.007455,-0.009585,0.005325,99162.08,25.97,0.069835359,0.075308,,,,
136.36996,0.011094,-0.043092,-0.081396,-9.786672,-9.787105,-0.00639,-0.00639,0.005325,99164.72,25.97,0.036689359,0.042162,,,,
136.381113,0.011153,-0.016758,-0.062244,-9.973404,-9.973612,0.001065,-0.005325,0.00639,99164.72,25.97,-0.149817641,-0.144345,,,,
136.392272,0.011159,-0.052668,-0.100548,-9.884826,-9.885478,0.007455,-0.009585,0.005325,99164.72,25.97,-0.061683641,-0.056211,,,,
136.403485,0.011213,-0.114912,0.031122,-9.870462,-9.87118,-0.00426,0,0.00639,99164.72,25.97,-0.047385641,-0.041913,,,,
136.414737,0.011252,0.014364,-0.126882,-9.820188,-9.821018,0,0.001065,0.007455,99164.72,25.97,0.002776359,0.008249,,,,
136.425834,0.011098,-0.019152,0.062244,-9.889614,-9.889828,0.001065,-0.00213,0.001065,99164.72,25.97,-0.066033641,-0.060561,,,,
136.437064,0.01123,-0.040698,-0.021546,-9.726822,-9.726931,0.00213,-0.007455,0.00213,99167.24,25.97,0.096863359,0.102336,,,,
136.448216,0.011152,0.02394,-0.069426,-9.786672,-9.786948,0.003195,-0.003195,0.003195,99167.24,25.97,0.036846359,0.042319,,,,
136.459513,0.011296,-0.07182,0.01197,-9.822582,-9.822852,0,-0.00426,0.001065,99167.24,25.97,0.000942359,0.006415,,,,
136.470606,0.011093,0.03591,-0.193914,-9.722034,-9.724034,0.00213,-0.005325,0.001065,99167.24,25.97,0.099760359,0.105233,,,,
136.481777,0.011171,-0.088578,-0.064638,-9.88722,-9.887828,0,-0.003195,0.00213,99167.24,25.97,-0.064033641,-0.058561,,,,
136.492959,0.011182,-0.052668,-0.05985,-9.77949,-9.779815,0.00213,-0.00639,0.00426,99169.73,25.97,0.043979359,0.049452,,,,
136.504193,0.011233,-0.040698,-0.086184,-9.860886,-9.861347,0.00426,-0.00852,0.00213,99169.73,25.97,-0.037552641,-0.03208,,,,
136.515388,0.011196,0.031122,-0.067032,-9.86328,-9.863557,-0.00426,0,0.00213,99169.73,25.97,-0.039762641,-0.03429,,,,
136.526534,0.011146,-0.062244,-0.102942,-9.760338,-9.761079,0.009585,-0.011715,0.003195,99169.73,25.97,0.062715359,0.068188,,,,
136.53755,0.011016,-0.055062,-0.05985,-9.870462,-9.870797,-0.00426,0,0.001065,99169.73,25.97,-0.047002641,-0.04153,,,,
136.547644,0.010093,0.086184,-0.136458,-9.73161,-9.732948,0.00426,-0.007455,0.00426,99169.73,25.97,0.090846359,0.096319,,,,
136.557745,0.010101,0.004788,-0.086184,-9.872856,-9.873233,-0.00426,0.001065,0.003195,99169.73,25.97,-0.049438641,-0.043966,,,,
136.567884,0.010139,0.019152,-0.07182,-9.846522,-9.846803,0.00213,-0.00639,0.00426,99169.73,25.97,-0.023008641,-0.017536,,,,
136.577974,0.010091,-0.004788,-0.045486,-9.892008,-9.892114,0,-0.00213,0.00213,99169.73,25.97,-0.068319641,-0.062847,,,,
136.588116,0.010142,0.01197,-0.122094,-9.86328,-9.864043,0.001065,-0.00639,0.00213,99169.73,25.97,-0.040248641,-0.034776,,,,
136.598171,0.010055,-0.004788,-0.03591,-9.88722,-9.887286,-0.001065,-0.00213,0.00213,99169.73,25.97,-0.063491641,-0.058019,,,,
136.608273,0.010102,-0.009576,-0.019152,-9.71964,-9.719664,0.001065,-0.00426,0.003195,99169.73,25.97,0.104130359,0.109603,,,,
136.618379,0.010106,-0.04788,-0.052668,-9.91116,-9.911416,0,-0.00213,0.003195,99169.73,25.97,-0.087621641,-0.082149,,,,
136.62849,0.010111,-0.074214,-0.040698,-9.853704,-9.854068,0.003195,-0.00213,0.003195,99172.37,25.97,-0.030273641,-0.024801,,,,
136.639106,0.010616,-0.040698,-0.081396,-9.87525,-9.875669,0.00426,-0.005325,0.00426,99172.37,25.97,-0.051874641,-0.046402,,,,
136.649216,0.01011,0.021546,-0.05985,-9.906372,-9.906576,-0.00213,-0.003195,0.003195,99172.37,25.97,-0.082781641,-0.077309,,,,
136.659325,0.010109,-0.052668,-0.043092,-9.820188,-9.820424,0.005325,-0.00426,0.003195,99172.37,25.97,0.003370359,0.008843,,,,
136.669488,0.010163,-0.038304,0.069426,-9.88722,-9.887538,0,0.001065,0.00213,99172.37,25.97,-0.063743641,-0.058271,,,,
136.679609,0.010121,0.002394,-0.079002,-9.753156,-9.753476,0.003195,-0.005325,0.00213,99172.37,25.97,0.070318359,0.075791,,,,
136.689792,0.010184,-0.081396,0.057456,-9.83934,-9.839844,-0.00213,-0.005325,0.003195,99175.03,25.97,-0.016049641,-0.010577,,,,
136.699889,0.010097,-0.016758,-0.148428,-9.798642,-9.79978,0,-0.005325,0.001065,99175.03,25.97,0.024014359,0.029487,,,,
136.709973,0.010084,-0.069426,-0.146034,-9.872856,-9.87418,0.00426,-0.01065,0.00213,99175.03,25.97,-0.050385641,-0.044913,,,,
136.720071,0.010098,-0.146034,-0.102942,-9.745974,-9.747612,-0.001065,-0.00639,0.003195,99175.03,25.97,0.076182359,0.081655,,,,
136.73024,0.010169,-0.002394,-0.124488,-9.789066,-9.789858,0.00213,-0.003195,0.00213,99175.03,25.97,0.033936359,0.039409,,,,
136.740368,0.010128,-0.026334,-0.169974,-9.738792,-9.740311,0.005325,-0.00852,0.00426,99175.03,25.97,0.083483359,0.088956,,,,
136.75047,0.010102,-0.114912,-0.057456,-9.836946,-9.837785,-0.003195,-0.003195,0.00213,99177.61,25.97,-0.013990641,-0.008518,,,,
136.760587,0.010117,0.031122,-0.153216,-9.796248,-9.797496,0.005325,-0.005325,0.003195,99177.61,25.97,0.026298359,0.031771,,,,
136.770728,0.010141,-0.069426,-0.114912,-9.858492,-9.859406,0,-0.005325,0.001065,99177.61,25.97,-0.035611641,-0.030139,,,,
136.780833,0.010105,-0.045486,-0.069426,-9.793854,-9.794206,0.001065,-0.00426,-0.001065,99177.61,25.97,0.029588359,0.035061,,,,
136.790944,0.010111,-0.031122,-0.088578,-9.810612,-9.811061,0.003195,-0.007455,0,99177.61,25.97,0.012733359,0.018206,,,,
136.801032,0.010088,0.01197,-0.181944,-9.856098,-9.857784,0.003195,-0.00426,0.001065,99177.61,25.97,-0.033989641,-0.028517,,,,
136.811148,0.010115,-0.004788,-0.02394,-9.848916,-9.848946,0.00426,-0.00213,0.00213,99180.22,25.97,-0.025151641,-0.019679,,,,
136.821263,0.010115,-0.01197,-0.13167,-9.798642,-9.799534,0.00639,-0.009585,0,99180.22,25.97,0.024260359,0.029733,,,,
136.831474,0.010211,-0.014364,-0.04788,-9.865674,-9.865801,-0.005325,-0.003195,0.00213,99180.22,25.97,-0.042006641,-0.036534,,,,
136.84156,0.010086,-0.050274,-0.090972,-9.777096,-9.777648,0.005325,-0.005325,0,99180.22,25.97,0.046146359,0.051619,,,,
136.851652,0.010092,-0.028728,-0.045486,-9.829764,-9.829911,-0.001065,-0.005325,0.00213,99180.22,25.97,-0.006116641,-0.000644,,,,
136.861746,0.010094,0.03591,-0.05985,-9.829764,-9.830012,0.001065,-0.003195,0,99180.22,25.97,-0.006217641,-0.000745,,,,
136.87186,0.010114,-0.086184,-0.031122,-9.832158,-9.832585,0.001065,-0.00639,0.005325,99180.22,25.97,-0.008790641,-0.003318,,,,
136.881962,0.010102,0.014364,-0.009576,-9.824976,-9.824991,-0.00213,-0.00426,0.00213,99180.22,25.97,-0.001196641,0.004276,,,,
136.892053,0.010091,0.033516,-0.081396,-9.829764,-9.830158,0.00213,-0.005325,0.00213,99180.22,25.97,-0.006363641,-0.000891,,,,
136.90214,0.010087,-0.01197,-0.057456,-9.848916,-9.849091,0.00213,-0.00639,0.001065,99180.22,25.97,-0.025296641,-0.019824,,,,
136.912253,0.010113,0.031122,0.014364,-9.83934,-9.8394,0.00213,-0.001065,0.001065,99180.22,25.97,-0.015605641,-0.010133,,,,
136.922346,0.010093,-0.033516,-0.043092,-9.83934,-9.839491,0.005325,-0.005325,0,99180.22,25.97,-0.015696641,-0.010224,,,,
136.93245,0.010104,0.052668,-0.009576,-9.786672,-9.786818,-0.00213,-0.00213,0,99180.22,25.97,0.036976359,0.042449,,,,
136.942553,0.010103,-0.028728,-0.057456,-9.841734,-9.841944,0.00426,-0.005325,0.003195,99182.8,25.97,-0.018149641,-0.012677,,,,
136.952667,0.010115,0.033516,-0.05985,-9.829764,-9.830003,0.005325,-0.009585,0.001065,99182.8,25.97,-0.006208641,-0.000736,,,,
136.962757,0.01009,-0.028728,-0.057456,-9.860886,-9.861095,-0.00426,-0.001065,0.001065,99182.8,25.97,-0.037300641,-0.031828,,,,
136.972889,0.010132,-0.033516,-0.050274,-9.801036,-9.801222,0.00639,-0.007455,0.00213,99182.8,25.97,0.022572359,0.028045,,,,
136.983018,0.010129,0.002394,-0.114912,-9.798642,-9.799316,0.00213,-0.00426,0.003195,99182.8,25.97,0.024478359,0.029951,,,,
136.993111,0.010093,-0.016758,0.007182,-9.820188,-9.820205,-0.00213,-0.00213,0.00426,99182.8,25.97,0.003589359,0.009062,,,,
137.003197,0.010086,-0.007182,-0.110124,-9.774702,-9.775325,0.00852,-0.009585,0.003195,99185.43,25.97,0.048469359,0.053942,,,,
137.013299,0.010102,0.043092,-0.064638,-9.865674,-9.86598,-0.003195,0.00213,0.005325,99185.43,25.97,-0.042185641,-0.036713,,,,
137.023468,0.010169,0,-0.08379,-9.79146,-9.791819,0.005325,-0.009585,0.003195,99185.43,25.97,0.031975359,0.037448,,,,
137.033559,0.010091,0.014364,-0.153216,-9.796248,-9.797457,-0.00213,0.001065,0.00426,99185.43,25.97,0.026337359,0.03181,,,,
137.043653,0.010094,0.014364,-0.074214,-9.784278,-9.78457,0.007455,-0.00852,0.003195,99185.43,25.97,0.039224359,0.044697,,,,
137.053747,0.010094,-0.019152,-0.093366,-9.796248,-9.796712,-0.001065,-0.00426,0.00213,99185.43,25.97,0.027082359,0.032555,,,,
137.064115,0.010368,0.004788,-0.213066,-9.808218,-9.810533,0.003195,-0.005325,0.00426,99188.1,25.97,0.013261359,0.018734,,,,
137.074204,0.010089,-0.076608,-0.031122,-9.829764,-9.830112,-0.001065,-0.005325,0.00213,99188.1,25.97,-0.006317641,-0.000845,,,,
137.084332,0.010129,-0.038304,-0.090972,-9.774702,-9.7752,0.003195,-0.007455,0.003195,99188.1,25.97,0.048594359,0.054067,,,,
137.094439,0.010107,-0.07182,-0.03591,-9.836946,-9.837274,0,0,0.003195,99188.1,25.97,-0.013479641,-0.008007,,,,
137.104538,0.010099,-0.105336,-0.055062,-9.820188,-9.820907,0.001065,-0.005325,0.003195,99188.1,25.97,0.002887359,0.00836,,,,
137.114651,0.010113,-0.057456,-0.112518,-9.884826,-9.885633,0.00426,-0.00426,0.00426,99188.1,25.97,-0.061838641,-0.056366,,,,
137.12475,0.010099,-0.055062,-0.07182,-9.856098,-9.856513,-0.00426,-0.001065,0.001065,99188.1,25.97,-0.032718641,-0.027246,,,,
137.134848,0.010099,-0.110124,-0.08379,-9.872856,-9.873826,0.005325,-0.009585,0.00213,99190.74,25.97,-0.050031641,-0.044559,,,,
137.144951,0.010103,-0.028728,-0.026334,-9.892008,-9.892085,-0.003195,-0.003195,0.001065,99190.74,25.97,-0.068290641,-0.062818,,,,
137.155053,0.010102,-0.052668,-0.136458,-9.86328,-9.864365,0.007455,-0.00639,0.00213,99190.74,25.97,-0.040570641,-0.035098,,,,
137.165147,0.010094,-0.004788,-0.117306,-9.82737,-9.828071,-0.001065,-0.00213,0.001065,99190.74,25.97,-0.004276641,0.001196,,,,
137.175295,0.010147,-0.057456,-0.102942,-9.853704,-9.854409,0.001065,-0.005325,0.001065,99190.74,25.97,-0.030614641,-0.025142,,,,
137.185533,0.010239,-0.050274,-0.074214,-9.829764,-9.830173,-0.001065,-0.00639,0.001065,99190.74,25.97,-0.006378641,-0.000906,,,,
137.195628,0.010094,0.031122,-0.158004,-9.822582,-9.823902,-0.00213,-0.001065,0,99190.74,25.97,-0.000107641,0.005365,,,,
137.205736,0.010108,-0.038304,-0.055062,-9.836946,-9.837175,0.003195,-0.00852,-0.001065,99190.74,25.97,-0.013380641,-0.007908,,,,
137.215836,0.0101,0.033516,-0.148428,-9.80343,-9.804611,0,-0.00213,0,99190.74,25.97,0.019183359,0.024656,,,,
137.225951,0.010115,0.01197,-0.038304,-9.832158,-9.83224,-0.00213,-0.001065,0.00213,99190.74,25.97,-0.008445641,-0.002973,,,,
137.236034,0.010083,0.026334,-0.114912,-9.784278,-9.784988,0.00426,-0.00426,0.003195,99190.74,25.97,0.038806359,0.044279,,,,
137.246118,0.010084,-0.014364,-0.04788,-9.834552,-9.834679,0.001065,-0.005325,0.00213,99190.74,25.97,-0.010884641,-0.005412,,,,
137.256223,0.010105,0.050274,0,-9.83934,-9.839468,0.001065,-0.005325,0.003195,99193.31,25.97,-0.015673641,-0.010201,,,,
137.266391,0.010168,-0.03591,-0.122094,-9.822582,-9.823406,0.00213,-0.00213,-0.001065,99193.31,25.97,0.000388359,0.005861,,,,
137.276973,0.010582,0.050274,-0.098154,-9.784278,-9.784899,-0.00213,-0.00426,0.00426,99193.31,25.97,0.038895359,0.044368,,,,
137.287067,0.010095,-0.050274,-0.05985,-9.813006,-9.813317,0.00426,-0.00639,0.003195,99193.31,25.97,0.010477359,0.01595,,,,
137.297146,0.010078,0.004788,-0.153216,-9.796248,-9.797447,0.00213,-0.003195,0.003195,99193.31,25.97,0.026347359,0.03182,,,,
137.30723,0.010084,-0.07182,0.019152,-9.808218,-9.8085,0.00213,-0.00639,0.00213,99193.31,25.97,0.015294359,0.020767,,,,
137.317478,0.010248,-0.055062,-0.074214,-9.760338,-9.760775,0.003195,-0.00426,0.003195,99195.99,25.97,0.063019359,0.068492,,,,
137.327574,0.010096,-0.019152,-0.05985,-9.829764,-9.829965,-0.003195,-0.00213,0,99195.99,25.97,-0.006170641,-0.000698,,,,
137.337781,0.010207,-0.052668,0.01197,-9.765126,-9.765275,0.003195,-0.005325,0,99195.99,25.97,0.058519359,0.063992,,,,
137.347939,0.010158,-0.08379,0.01197,-9.810612,-9.810977,0.005325,-0.005325,0,99195.99,25.97,0.012817359,0.01829,,,,
137.358029,0.01009,-0.004788,-0.062244,-9.870462,-9.870659,-0.00213,-0.00426,-0.001065,99195.99,25.97,-0.046864641,-0.041392,,,,
137.368183,0.010154,-0.067032,-0.021546,-9.808218,-9.808471,0.003195,-0.007455,0,99195.99,25.97,0.015323359,0.020796,,,,
137.37827,0.010087,-0.014364,-0.100548,-9.856098,-9.856621,0.003195,-0.00639,-0.00213,99198.48,25.97,-0.032826641,-0.027354,,,,
137.388359,0.010089,-0.069426,-0.067032,-9.860886,-9.861358,-0.001065,-0.003195,0.00426,99198.48,25.97,-0.037563641,-0.032091,,,,
137.399521,0.011161,-0.093366,-0.07182,-9.832158,-9.832864,0.005325,-0.00852,0.001065,99198.48,25.97,-0.009069641,-0.003597,,,,
137.410179,0.010658,0,-0.160398,-9.841734,-9.843041,-0.001065,-0.005325,0.001065,99198.48,25.97,-0.019246641,-0.013774,,,,
137.421257,0.011078,-0.069426,-0.064638,-9.858492,-9.858948,0.003195,-0.003195,0.00213,99198.48,25.97,-0.035153641,-0.029681,,,,
137.432511,0.011254,0.004788,-0.146034,-9.80343,-9.804519,0.001065,-0.00639,0,99198.48,25.97,0.019275359,0.024748,,,,
137.442618,0.010108,-0.055062,-0.09576,-9.824976,-9.825597,0.001065,-0.00213,0.001065,99201.08,25.97,-0.001802641,0.00367,,,,
137.452726,0.010108,-0.016758,-0.136458,-9.848916,-9.849876,0.005325,-0.00852,0.00639,99201.08,25.97,-0.026081641,-0.020609,,,,
137.462816,0.01009,-0.038304,-0.126882,-9.829764,-9.830657,-0.001065,-0.007455,0.00426,99201.08,25.97,-0.006862641,-0.00139,,,,
137.472908,0.010092,0.038304,-0.10773,-9.82737,-9.828035,0.001065,-0.003195,0.00213,99201.08,25.97,-0.004240641,0.001232,,,,
137.483024,0.010116,-0.043092,-0.033516,-9.836946,-9.837097,-0.001065,-0.003195,0.001065,99201.08,25.97,-0.013302641,-0.00783,,,,
137.493118,0.010093,-0.03591,-0.069426,-9.829764,-9.830075,0.001065,-0.00639,0.003195,99201.08,25.97,-0.006280641,-0.000808,,,,
137.503219,0.010102,0.009576,-0.105336,-9.856098,-9.856666,0.005325,-0.005325,0.00426,99201.08,25.97,-0.032871641,-0.027399,,,,
137.51331,0.010091,-0.03591,-0.055062,-9.8154,-9.81562,0.001065,-0.003195,0.003195,99201.08,25.97,0.008174359,0.013647,,,,
137.523495,0.010185,-0.014364,-0.08379,-9.810612,-9.81098,0.001065,-0.005325,0.00213,99201.08,25.97,0.012814359,0.018287,,,,
137.53373,0.010235,-0.062244,-0.055062,-9.781884,-9.782237,0.005325,-0.00852,0.00426,99201.08,25.97,0.041557359,0.04703,,,,
137.543815,0.010086,-0.014364,-0.138852,-9.832158,-9.833149,-0.001065,-0.007455,0.00426,99201.08,25.97,-0.009354641,-0.003882,,,,
137.555893,0.012078,-0.026334,-0.040698,-9.820188,-9.820308,0,-0.00213,0,99201.08,25.97,0.003486359,0.008959,,,,
137.567242,0.011349,0.03591,-0.038304,-9.777096,-9.777237,0.001065,-0.00426,0.001065,99201.08,25.97,0.046557359,0.05203,,,,
137.578082,0.01084,-0.028728,0.002394,-9.848916,-9.848958,-0.00213,-0.001065,0,99203.8,25.97,-0.025163641,-0.019691,,,,
137.589056,0.010974,-0.007182,-0.040698,-9.880038,-9.880124,0,-0.00426,0.001065,99203.8,25.97,-0.056329641,-0.050857,,,,
137.600225,0.011168,-0.004788,0.026334,-9.834552,-9.834588,0,-0.00213,-0.00213,99203.8,25.97,-0.010793641,-0.005321,,,,
137.611507,0.011282,0.050274,-0.045486,-9.824976,-9.82521,0.00213,-0.005325,-0.001065,99203.8,25.97,-0.001415641,0.004057,,,,
137.622706,0.0112,0.067032,-0.10773,-9.820188,-9.821008,0.003195,-0.00426,-0.003195,99203.8,25.97,0.002786359,0.008259,,,,
137.633799,0.011093,-0.069426,-0.043092,-9.860886,-9.861225,0.003195,-0.007455,0.001065,99206.36,25.97,-0.037430641,-0.031958,,,,
137.64499,0.01119,0.01197,-0.124488,-9.813006,-9.813803,0.00213,-0.00639,-0.00213,99206.36,25.97,0.009991359,0.015464,,,,
137.656123,0.011133,0.007182,-0.10773,-9.846522,-9.847114,-0.00213,-0.00213,0.001065,99206.36,25.97,-0.023319641,-0.017847,,,,
137.667371,0.011248,-0.033516,-0.062244,-9.896796,-9.897048,0.003195,-0.00639,0.001065,99206.36,25.97,-0.073253641,-0.067781,,,,
137.678682,0.011312,-0.057456,-0.098154,-9.848916,-9.849573,0.00213,-0.009585,0,99206.36,25.97,-0.025778641,-0.020306,,,,
137.689726,0.011044,0.026334,-0.086184,-9.848916,-9.849328,0,-0.00426,0.00426,99206.36,25.97,-0.025533641,-0.020061,,,,
137.701025,0.011298,0.004788,-0.090972,-9.822582,-9.823004,0.003195,-0.00426,0.001065,99209,25.97,0.000790359,0.006263,,,,
137.712159,0.011135,-0.062244,-0.126882,-9.820188,-9.821205,0,-0.005325,0.00213,99209,25.97,0.002589359,0.008062,,,,
137.723296,0.011137,-0.031122,-0.08379,-9.829764,-9.83017,-0.001065,-0.00426,0.00213,99209,25.97,-0.006375641,-0.000903,,,,
137.734481,0.011185,-0.055062,-0.081396,-9.824976,-9.825467,0.00426,-0.007455,0.001065,99209,25.97,-0.001672641,0.0038,,,,
137.745629,0.011148,-0.10773,-0.033516,-9.846522,-9.847168,0.00426,-0.00639,0.003195,99209,25.97,-0.023373641,-0.017901,,,,
137.756834,0.011204,-0.062244,-0.09576,-9.8154,-9.816064,0.00213,-0.00426,0.00213,99209,25.97,0.007730359,0.013203,,,,
137.767991,0.011158,-0.074214,-0.057456,-9.865674,-9.86612,-0.001065,-0.00426,0.001065,99211.56,25.97,-0.042325641,-0.036853,,,,
137.779352,0.011361,-0.05985,-0.021546,-9.817794,-9.818,-0.001065,-0.003195,0.003195,99211.56,25.97,0.005794359,0.011267,,,,
137.790516,0.011164,-0.064638,-0.098154,-9.765126,-9.765833,0.00426,-0.00639,0.00213,99211.56,25.97,0.057961359,0.063434,,,,
137.801573,0.011057,-0.090972,0.009576,-9.777096,-9.777524,0,-0.003195,0,99211.56,25.97,0.046270359,0.051743,,,,
137.812911,0.011338,0.004788,-0.067032,-9.77949,-9.779721,0.003195,-0.007455,0.003195,99211.56,25.97,0.044073359,0.049546,,,,
137.823923,0.011012,-0.02394,-0.052668,-9.820188,-9.820358,0,-0.005325,0,99214.17,25.97,0.003436359,0.008909,,,,
137.835156,0.011233,0.04788,0.016758,-9.82737,-9.827501,-0.001065,-0.005325,0.001065,99214.17,25.97,-0.003706641,0.001766,,,,
137.846355,0.011199,-0.026334,-0.098154,-9.844128,-9.844653,0.00426,-0.007455,-0.001065,99214.17,25.97,-0.020858641,-0.015386,,,,
137.857625,0.01127,0.069426,-0.081396,-9.810612,-9.811195,-0.001065,-0.00213,0.001065,99214.17,25.97,0.012599359,0.018072,,,,
137.868643,0.011017,0.016758,-0.146034,-9.796248,-9.797351,0.003195,-0.007455,0,99214.17,25.97,0.026443359,0.031916,,,,
137.880205,0.011562,-0.03591,-0.074214,-9.846522,-9.846867,-0.001065,-0.003195,0.003195,99214.17,25.97,-0.023072641,-0.0176,,,,
137.891177,0.010972,0.112518,-0.1197,-9.77949,-9.78087,-0.001065,-0.00639,0.00213,99214.17,25.97,0.042924359,0.048397,,,,
137.902244,0.011067,-0.016758,-0.05985,-9.813006,-9.813203,0.001065,-0.00426,0.00213,99214.17,25.97,0.010591359,0.016064,,,,
137.913423,0.011179,0.028728,-0.04788,-9.810612,-9.810771,-0.001065,-0.00426,0,99214.17,25.97,0.013023359,0.018496,,,,
137.924706,0.011283,0.033516,-0.074214,-9.82737,-9.827707,0.001065,-0.003195,0.001065,99214.17,25.97,-0.003912641,0.00156,,,,
137.935803,0.011097,0.052668,-0.031122,-9.853704,-9.853894,0,0,0.001065,99214.17,25.97,-0.030099641,-0.024627,,,,
137.946992,0.011188,-0.045486,-0.196308,-9.87525,-9.877306,0.007455,-0.00852,0.00426,99214.17,25.97,-0.053511641,-0.048039,,,,
137.958455,0.011463,0.114912,-0.169974,-9.777096,-9.779249,-0.00426,0,0.00213,99216.73,25.97,0.044545359,0.050018,,,,
137.969329,0.010874,0.043092,-0.153216,-9.836946,-9.838234,0.003195,-0.00426,0.00213,99216.73,25.97,-0.014439641,-0.008967,,,,
137.980559,0.011231,-0.057456,-0.114912,-9.80343,-9.804272,0.00639,-0.01065,0.005325,99216.73,25.97,0.019522359,0.024995,,,,
137.991673,0.011114,-0.014364,-0.165186,-9.664578,-9.666,0.00639,-0.00852,0.003195,99216.73,25.97,0.157794359,0.163267,,,,
138.002902,0.011229,-0.064638,-0.15561,-9.829764,-9.831208,-0.005325,0.003195,0.00426,99216.73,25.97,-0.007413641,-0.001941,,,,
138.014154,0.011252,-0.165186,0.05985,-9.80343,-9.805004,0.005325,-0.003195,0.005325,99216.73,25.97,0.018790359,0.024263,,,,
138.025253,0.011099,0.004788,-0.16758,-9.777096,-9.778533,-0.00213,-0.01065,0.003195,99219.43,25.97,0.045261359,0.050734,,,,
138.036413,0.011159,-0.10773,0.019152,-9.973404,-9.974004,0,-0.003195,0.00213,99219.43,25.97,-0.150209641,-0.144737,,,,
138.047611,0.011198,-0.009576,-0.045486,-9.829764,-9.829874,0.005325,-0.00639,0.00426,99219.43,25.97,-0.006079641,-0.000607,,,,
138.058916,0.011305,-0.160398,-0.007182,-9.789066,-9.790383,0.003195,-0.007455,0.003195,99219.43,25.97,0.033411359,0.038884,,,,
138.070057,0.011141,-0.040698,0.057456,-9.753156,-9.75341,0.001065,0,0.003195,99219.43,25.97,0.070384359,0.075857,,,,
138.081255,0.011198,-0.045486,-0.08379,-9.717246,-9.717714,0.007455,-0.007455,0.001065,99222.08,25.97,0.106080359,0.111553,,,,
138.092356,0.011101,-0.138852,-0.007182,-9.760338,-9.761328,-0.00213,-0.00639,0.001065,99222.08,25.97,0.062466359,0.067939,,,,
138.103532,0.011176,-0.050274,-0.158004,-9.856098,-9.857493,0.00213,-0.005325,0,99222.08,25.97,-0.033698641,-0.028226,,,,
138.114732,0.0112,-0.007182,-0.088578,-9.813006,-9.813408,-0.001065,-0.001065,0.001065,99222.08,25.97,0.010386359,0.015859,,,,
138.125955,0.011223,-0.081396,-0.114912,-9.765126,-9.766141,0.005325,-0.00852,0.00213,99222.08,25.97,0.057653359,0.063126,,,,
138.137529,0.011574,-0.055062,-0.114912,-9.882432,-9.883253,-0.003195,0.001065,0.005325,99222.08,25.97,-0.059458641,-0.053986,,,,
138.148265,0.010736,-0.026334,-0.093366,-9.796248,-9.796728,0.003195,-0.007455,-0.001065,99224.73,25.97,0.027066359,0.032539,,,,
138.159553,0.011288,-0.01197,-0.138852,-9.793854,-9.794846,-0.001065,-0.005325,-0.001065,99224.73,25.97,0.028948359,0.034421,,,,
138.170748,0.011195,-0.050274,-0.158004,-9.894402,-9.895791,0.001065,-0.00639,-0.001065,99224.73,25.97,-0.071996641,-0.066524,,,,
138.181863,0.011114,0.004788,-0.10773,-9.872856,-9.873445,-0.001065,-0.003195,0.001065,99224.73,25.97,-0.049650641,-0.044178,,,,
138.193138,0.011275,-0.064638,-0.081396,-9.820188,-9.820738,0.00213,-0.00426,0.003195,99224.73,25.97,0.003056359,0.008529,,,,
138.20423,0.011092,0.05985,-0.165186,-9.836946,-9.838515,0.00426,-0.00639,0.00213,99224.73,25.97,-0.014720641,-0.009248,,,,
138.215614,0.011383,-0.050274,-0.079002,-9.793854,-9.794302,0.00213,-0.003195,0.001065,99224.73,25.97,0.029492359,0.034965,,,,
138.226554,0.01094,-0.076608,-0.045486,-9.74358,-9.743987,0.003195,-0.00639,0.001065,99224.73,25.97,0.079807359,0.08528,,,,
138.237894,0.01134,0.124488,-0.081396,-9.80343,-9.804558,-0.001065,-0.00213,0.001065,99224.73,25.97,0.019236359,0.024709,,,,
138.249026,0.011133,-0.050274,-0.057456,-9.846522,-9.846818,0.007455,-0.009585,0.003195,99224.73,25.97,-0.023023641,-0.017551,,,,
138.260126,0.0111,-0.01197,-0.064638,-9.808218,-9.808438,0.003195,-0.003195,0.00213,99224.73,25.97,0.015356359,0.020829,,,,
138.271391,0.011265,-0.007182,0.009576,-9.906372,-9.906379,-0.00213,-0.001065,0.001065,99224.73,25.97,-0.082584641,-0.077112,,,,
138.282625,0.011234,0.03591,0.002394,-9.844128,-9.844194,-0.00213,-0.00213,0.00426,99227.41,25.97,-0.020399641,-0.014927,,,,
138.293749,0.011123,-0.009576,-0.01197,-9.832158,-9.83217,0.005325,-0.01065,-0.001065,99227.41,25.97,-0.008375641,-0.002903,,,,
138.304863,0.011115,0.038304,0.026334,-9.872856,-9.872965,-0.003195,-0.001065,0.001065,99227.41,25.97,-0.049170641,-0.043698,,,,
138.316059,0.011195,0.064638,0.01197,-9.79146,-9.791681,0.00213,-0.00639,0,99227.41,25.97,0.032113359,0.037586,,,,
138.327331,0.011272,-0.016758,-0.13167,-9.781884,-9.782784,0.00426,-0.007455,0.00426,99227.41,25.97,0.041010359,0.046483,,,,
138.338555,0.011224,-0.016758,-0.043092,-9.810612,-9.810721,0.00213,-0.00426,0.003195,99230.06,25.97,0.013073359,0.018546,,,,
138.349721,0.011166,-0.043092,-0.105336,-9.801036,-9.801697,0.001065,-0.00213,0.00213,99230.06,25.97,0.022097359,0.02757,,,,
138.3608,0.011079,-0.064638,-0.004788,-9.789066,-9.789281,-0.001065,-0.00213,0.001065,99230.06,25.97,0.034513359,0.039986,,,,
138.371994,0.011194,0.014364,-0.112518,-9.77949,-9.780148,0.003195,-0.00852,0.001065,99230.06,25.97,0.043646359,0.049119,,,,
138.383225,0.01123,-0.114912,0.007182,-9.856098,-9.85677,-0.00426,0.001065,0.00213,99230.06,25.97,-0.032975641,-0.027503,,,,
138.394663,0.011438,-0.038304,-0.045486,-9.786672,-9.786853,0.00426,-0.00852,0.001065,99230.06,25.97,0.036941359,0.042414,,,,
138.405571,0.010908,-0.081396,-0.117306,-9.82737,-9.828407,0,-0.00213,0.001065,99232.62,25.97,-0.004612641,0.00086,,,,
138.416754,0.011183,-0.050274,-0.03591,-9.848916,-9.84911,0.00213,0,0.001065,99232.62,25.97,-0.025315641,-0.019843,,,,
138.427923,0.01117,-0.07182,-0.153216,-9.793854,-9.795316,0.003195,-0.01065,-0.00213,99232.62,25.97,0.028478359,0.033951,,,,
138.439235,0.011311,-0.122094,-0.09576,-9.872856,-9.874075,-0.001065,-0.003195,0.003195,99232.62,25.97,-0.050280641,-0.044808,,,,
138.45032,0.011085,-0.064638,-0.16758,-9.786672,-9.78832,0.003195,-0.005325,0.001065,99232.62,25.97,0.035474359,0.040947,,,,
138.461487,0.011167,-0.069426,-0.117306,-9.796248,-9.797196,0,-0.00213,0.001065,99232.62,25.97,0.026598359,0.032071,,,,
138.472858,0.01137,-0.079002,-0.064638,-9.793854,-9.794386,0.003195,-0.00639,0.00213,99235.22,25.97,0.029408359,0.034881,,,,
138.483877,0.011019,-0.040698,-0.150822,-9.85131,-9.852549,0,-0.00426,0.003195,99235.22,25.97,-0.028754641,-0.023282,,,,
138.495046,0.011169,0.002394,-0.07182,-9.820188,-9.820451,0.003195,-0.005325,0.00213,99235.22,25.97,0.003343359,0.008816,,,,
138.506225,0.011179,-0.052668,-0.100548,-9.846522,-9.847176,0.007455,-0.00639,0.00213,99235.22,25.97,-0.023381641,-0.017909,,,,
138.517514,0.011289,0.067032,-0.079002,-9.841734,-9.842279,-0.003195,-0.003195,0.005325,99235.22,25.97,-0.018484641,-0.013012,,,,
138.528573,0.011059,-0.002394,0.02394,-9.822582,-9.822611,0.001065,-0.005325,-0.001065,99235.22,25.97,0.001183359,0.006656,,,,
138.539794,0.011221,0.043092,-0.105336,-9.808218,-9.808878,0.003195,-0.005325,0.003195,99235.22,25.97,0.014916359,0.020389,,,,
138.551079,0.011285,0.007182,-0.052668,-9.801036,-9.80118,-0.001065,-0.00426,0,99235.22,25.97,0.022614359,0.028087,,,,
138.562239,0.01116,0.007182,-0.043092,-9.832158,-9.832255,0.00213,-0.00426,0.00213,99235.22,25.97,-0.008460641,-0.002988,,,,
138.573358,0.011119,-0.028728,-0.10773,-9.834552,-9.835184,0.003195,-0.01065,0.00213,99235.22,25.97,-0.011389641,-0.005917,,,,
138.584462,0.011104,0.021546,-0.03591,-9.844128,-9.844217,-0.00426,0,0.003195,99235.22,25.97,-0.020422641,-0.01495,,,,
138.595866,0.011404,-0.043092,-0.117306,-9.836946,-9.83774,0,-0.00639,0.003195,99237.94,25.97,-0.013945641,-0.008473,,,,
138.606954,0.011088,0.007182,-0.114912,-9.872856,-9.873527,-0.001065,-0.003195,0.003195,99237.94,25.97,-0.049732641,-0.04426,,,,
138.618345,0.011391,0.04788,-0.028728,-9.801036,-9.801195,0.00213,-0.005325,0.00213,99237.94,25.97,0.022599359,0.028072,,,,
138.629214,0.010869,0.02394,-0.114912,-9.86328,-9.863978,0.005325,-0.003195,0.00213,99237.94,25.97,-0.040183641,-0.034711,,,,
138.640425,0.011211,-0.026334,-0.13167,-9.817794,-9.818712,0.003195,-0.00639,0.00426,99237.94,25.97,0.005082359,0.010555,,,,
138.651816,0.011392,0.03591,-0.13167,-9.846522,-9.847468,0.001065,-0.005325,0.001065,99237.94,25.97,-0.023673641,-0.018201,,,,
138.662817,0.011001,-0.01197,-0.112518,-9.79146,-9.792114,0.003195,-0.00213,0.005325,99240.6,25.97,0.031680359,0.037153,,,,
138.673984,0.011167,0.01197,-0.093366,-9.798642,-9.799094,0,-0.007455,0.00639,99240.6,25.97,0.024700359,0.030173,,,,
138.685267,0.011283,-0.093366,-0.112518,-9.817794,-9.818883,0.005325,-0.00639,0.00426,99240.6,25.97,0.004911359,0.010384,,,,
138.696422,0.011155,-0.02394,-0.062244,-9.80343,-9.803657,-0.00213,0,0.00213,99240.6,25.97,0.020137359,0.02561,,,,
138.707521,0.011099,-0.055062,-0.050274,-9.784278,-9.784562,0.005325,-0.007455,0.00426,99240.6,25.97,0.039232359,0.044705,,,,
138.718763,0.011242,-0.093366,-0.081396,-9.86328,-9.864058,0,-0.00213,0.003195,99240.6,25.97,-0.040263641,-0.034791,,,,
138.729954,0.011191,-0.021546,-0.01197,-9.8154,-9.815431,0.00213,-0.003195,0.00426,99243.23,25.97,0.008363359,0.013836,,,,
138.741177,0.011223,-0.098154,-0.090972,-9.882432,-9.883338,0.005325,-0.005325,0.00213,99243.23,25.97,-0.059543641,-0.054071,,,,
138.752253,0.011077,-0.019152,0.002394,-9.858492,-9.858511,-0.00213,0.001065,0.005325,99243.23,25.97,-0.034716641,-0.029244,,,,
138.763522,0.011269,-0.02394,-0.016758,-9.86328,-9.863323,0.00426,-0.003195,0.00213,99243.23,25.97,-0.039528641,-0.034056,,,,
138.774662,0.01114,-0.098154,-0.021546,-9.834552,-9.835065,0,-0.005325,0.001065,99243.23,25.97,-0.011270641,-0.005798,,,,
138.785895,0.011233,-0.026334,-0.057456,-9.801036,-9.80124,0.00213,-0.00213,0.003195,99243.23,25.97,0.022554359,0.028027,,,,
138.797044,0.011148,-0.064638,-0.114912,-9.810612,-9.811498,0.001065,-0.00639,0.00213,99246.15,25.97,0.012296359,0.017769,,,,
138.808178,0.011134,-0.138852,-0.062244,-9.820188,-9.821367,0.001065,-0.00213,0.005325,99246.15,25.97,0.002427359,0.0079,,,,
138.819506,0.011328,-0.02394,-0.112518,-9.82737,-9.828043,0.00426,-0.00426,0.00426,99246.15,25.97,-0.004248641,0.001224,,,,
138.830625,0.011119,-0.04788,-0.057456,-9.832158,-9.832442,0,-0.005325,0.001065,99246.15,25.97,-0.008647641,-0.003175,,,,
138.841799,0.011175,-0.026334,0.02394,-9.858492,-9.858556,-0.001065,-0.001065,0.00213,99246.15,25.97,-0.034761641,-0.029289,,,,
138.85357,0.01177,-0.014364,-0.1197,-9.86328,-9.864017,0.00639,-0.005325,0.005325,99248.82,25.97,-0.040222641,-0.03475,,,,
138.864107,0.010537,0.021546,0.002394,-9.882432,-9.882456,-0.005325,0,0.00213,99248.82,25.97,-0.058661641,-0.053189,,,,
138.875319,0.011212,0.043092,-0.062244,-9.796248,-9.796541,0.007455,-0.009585,0.001065,99248.82,25.97,0.027253359,0.032726,,,,
138.88671,0.011391,-0.019152,-0.186732,-9.848916,-9.850705,0,-0.00426,0.001065,99248.82,25.97,-0.026910641,-0.021438,,,,
138.897768,0.011058,0.02394,-0.031122,-9.798642,-9.798721,0,-0.001065,0.003195,99248.82,25.97,0.025073359,0.030546,,,,
138.908874,0.011106,0.016758,-0.220248,-9.8154,-9.817885,0.00426,-0.007455,0,99248.82,25.97,0.005909359,0.011382,,,,
138.920122,0.011248,0.002394,-0.067032,-9.793854,-9.794084,-0.003195,-0.003195,0.00426,99248.82,25.97,0.029710359,0.035183,,,,
138.931247,0.011126,-0.009576,-0.114912,-9.853704,-9.854379,0.00426,-0.005325,0.00426,99248.82,25.97,-0.030584641,-0.025112,,,,
138.94246,0.011213,-0.045486,-0.146034,-9.87525,-9.876434,0.001065,-0.001065,0.00426,99248.82,25.97,-0.052639641,-0.047167,,,,
138.953725,0.011265,0.02394,-0.08379,-9.87525,-9.875634,0.003195,-0.005325,0.001065,99248.82,25.97,-0.051839641,-0.046367,,,,
138.964822,0.011097,-0.004788,-0.148428,-9.85131,-9.852429,0.00213,-0.00213,0.00426,99248.82,25.97,-0.028634641,-0.023162,,,,
138.975928,0.011105,-0.062244,-0.076608,-9.872856,-9.873349,0.003195,-0.00426,0.00426,99248.82,25.97,-0.049554641,-0.044082,,,,
138.987213,0.011286,-0.014364,-0.15561,-9.805824,-9.807069,0.00426,-0.00852,0.00213,99251.5,25.97,0.016725359,0.022198,,,,
138.998909,0.011695,-0.064638,-0.098154,-9.844128,-9.84483,-0.00213,-0.00213,0.003195,99251.5,25.97,-0.021035641,-0.015563,,,,
139.009492,0.010584,-0.028728,-0.076608,-9.789066,-9.789408,0.00426,-0.005325,0.00426,99251.5,25.97,0.034386359,0.039859,,,,
139.020725,0.011232,-0.10773,-0.09576,-9.832158,-9.833214,-0.001065,-0.003195,0.00213,99251.5,25.97,-0.009419641,-0.003947,,,,
139.031851,0.011127,-0.057456,-0.1197,-9.822582,-9.823479,-0.001065,-0.00426,0,99251.5,25.97,0.000315359,0.005788,,,,
139.043154,0.011303,-0.05985,-0.102942,-9.817794,-9.818516,0.001065,-0.00213,0,99254.24,25.97,0.005278359,0.010751,,,,
139.054275,0.01112,-0.117306,-0.08379,-9.824976,-9.826034,0.00426,-0.00639,0.003195,99254.24,25.97,-0.002239641,0.003233,,,,
139.065412,0.011137,-0.01197,-0.069426,-9.786672,-9.786926,-0.001065,0,0,99254.24,25.97,0.036868359,0.042341,,,,
139.076619,0.011207,-0.045486,-0.01197,-9.868068,-9.86818,0,-0.00639,0.00213,99254.24,25.97,-0.044385641,-0.038913,,,,
139.087811,0.011192,-0.057456,0.043092,-9.793854,-9.794117,0.00426,-0.00213,0.003195,99254.24,25.97,0.029677359,0.03515,,,,
139.099119,0.011308,-0.052668,-0.057456,-9.853704,-9.854012,-0.001065,-0.003195,0.001065,99254.24,25.97,-0.030217641,-0.024745,,,,
139.110322,0.011203,0.002394,0.038304,-9.853704,-9.853779,-0.003195,0.001065,0.003195,99256.91,25.97,-0.029984641,-0.024512,,,,
139.121451,0.011129,-0.028728,-0.016758,-9.798642,-9.798698,0.005325,-0.005325,0.001065,99256.91,25.97,0.025096359,0.030569,,,,
139.132558,0.011107,-0.014364,-0.019152,-9.860886,-9.860915,0.00213,-0.00426,0.003195,99256.91,25.97,-0.037120641,-0.031648,,,,
139.14372,0.011162,-0.02394,-0.045486,-9.810612,-9.810747,0,-0.00426,0.001065,99256.91,25.97,0.013047359,0.01852,,,,
139.155318,0.011598,-0.002394,-0.08379,-9.805824,-9.806182,0.001065,-0.00426,0.00426,99256.91,25.97,0.017612359,0.023085,,,,
139.166213,0.010896,0.028728,-0.045486,-9.834552,-9.834699,-0.001065,-0.00426,0.001065,99256.91,25.97,-0.010904641,-0.005432,,,,
139.177443,0.011229,-0.009576,-0.03591,-9.822582,-9.822652,0.003195,-0.00426,0.003195,99259.59,25.97,0.001142359,0.006615,,,,
139.188462,0.01102,0.026334,-0.026334,-9.856098,-9.856168,0,-0.00426,0.00426,99259.59,25.97,-0.032373641,-0.026901,,,,
139.199634,0.011171,0.04788,-0.02394,-9.82737,-9.827516,0.001065,-0.005325,0.003195,99259.59,25.97,-0.003721641,0.001751,,,,
139.210858,0.011225,-0.016758,-0.026334,-9.810612,-9.810662,0.00213,-0.00639,0.00426,99259.59,25.97,0.013132359,0.018605,,,,
139.222182,0.011324,0.062244,-0.05985,-9.793854,-9.794235,0.00213,-0.00426,0.001065,99259.59,25.97,0.029559359,0.035032,,,,
139.233189,0.011006,-0.057456,-0.043092,-9.824976,-9.825238,0,-0.00639,0,99259.59,25.97,-0.001443641,0.004029,,,,
139.244398,0.011209,0.007182,-0.15561,-9.762732,-9.763975,0,-0.007455,0.001065,99259.59,25.97,0.059819359,0.065292,,,,
139.256132,0.011734,-0.026334,-0.117306,-9.750762,-9.751503,0.001065,-0.005325,0.003195,99259.59,25.97,0.072291359,0.077764,,,,
139.266784,0.010653,-0.040698,-0.126882,-9.813006,-9.813911,0.00213,-0.00426,0.00213,99259.59,25.97,0.009883359,0.015356,,,,
139.278057,0.011273,-0.014364,-0.09576,-9.798642,-9.79912,0,-0.00426,0.001065,99259.59,25.97,0.024674359,0.030147,,,,
139.289437,0.01138,-0.033516,-0.110124,-9.856098,-9.85677,0.00213,-0.005325,-0.001065,99259.59,25.97,-0.032975641,-0.027503,,,,
139.300305,0.010868,-0.03591,-0.186732,-9.805824,-9.807668,0.001065,-0.00213,0,99262.25,25.97,0.016126359,0.021599,,,,
139.311998,0.011694,-0.014364,-0.124488,-9.836946,-9.837744,-0.001065,-0.00426,-0.001065,99262.25,25.97,-0.013949641,-0.008477,,,,
139.322686,0.010688,-0.040698,-0.122094,-9.834552,-9.835394,0.00426,-0.00426,0.00213,99262.25,25.97,-0.011599641,-0.006127,,,,
139.333905,0.011218,0,-0.134064,-9.83934,-9.840253,0,-0.00213,-0.001065,99262.25,25.97,-0.016458641,-0.010986,,,,
139.345067,0.011162,-0.031122,-0.098154,-9.822582,-9.823122,0.00213,-0.005325,0.001065,99262.25,25.97,0.000672359,0.006145,,,,
139.356231,0.011164,-0.052668,-0.148428,-9.872856,-9.874112,0.00213,-0.005325,0.003195,99262.25,25.97,-0.050317641,-0.044845,,,,
139.367614,0.011383,-0.014364,-0.114912,-9.86328,-9.86396,0.001065,-0.005325,0.00426,99264.95,25.97,-0.040165641,-0.034693,,,,
139.378675,0.011061,-0.055062,-0.10773,-9.820188,-9.820933,0.00213,-0.00426,0.00426,99264.95,25.97,0.002861359,0.008334,,,,
139.389845,0.011171,-0.098154,-0.126882,-9.801036,-9.802349,0.001065,-0.00426,0.003195,99264.95,25.97,0.021445359,0.026918,,,,
139.40097,0.011124,-0.045486,-0.07182,-9.801036,-9.801405,0,-0.001065,0.005325,99264.95,25.97,0.022389359,0.027862,,,,
139.412131,0.011161,0,-0.069426,-9.796248,-9.796494,0.001065,-0.005325,0.00426,99264.95,25.97,0.027300359,0.032773,,,,
139.423425,0.011294,-0.040698,-0.028728,-9.820188,-9.820314,0.001065,-0.003195,0.00213,99264.95,25.97,0.003480359,0.008953,,,,
139.434681,0.011257,0.016758,-0.002394,-9.844128,-9.844143,0.00213,-0.00639,0.00213,99267.61,25.97,-0.020348641,-0.014876,,,,
139.445714,0.011033,-0.040698,0.01197,-9.832158,-9.83225,0.00213,-0.00426,0.003195,99267.61,25.97,-0.008455641,-0.002983,,,,
139.456936,0.011222,-0.004788,0.052668,-9.822582,-9.822724,0.003195,-0.00213,0.00426,99267.61,25.97,0.001070359,0.006543,,,,
139.468095,0.011159,-0.009576,-0.01197,-9.772308,-9.77232,0.003195,-0.00639,0.001065,99267.61,25.97,0.051474359,0.056947,,,,
139.479651,0.011556,-0.05985,-0.007182,-9.789066,-9.789252,0.001065,-0.00213,0.003195,99267.61,25.97,0.034542359,0.040015,,,,
139.490469,0.010817,-0.019152,-0.007182,-9.757944,-9.757965,0,-0.003195,0,99267.61,25.97,0.065829359,0.071302,,,,
139.501708,0.011239,0.028728,-0.014364,-9.76752,-9.767573,0.003195,-0.00426,0.00213,99270.1,25.97,0.056221359,0.061694,,,,
139.512812,0.011104,-0.062244,-0.009576,-9.79146,-9.791663,0.003195,-0.00639,0.00213,99270.1,25.97,0.032131359,0.037604,,,,
139.524009,0.011197,-0.019152,-0.014364,-9.83934,-9.839369,0,-0.003195,0,99270.1,25.97,-0.015574641,-0.010102,,,,
139.535277,0.011268,-0.028728,-0.019152,-9.841734,-9.841795,0.00213,-0.005325,0,99270.1,25.97,-0.018000641,-0.012528,,,,
139.546618,0.011341,0.016758,-0.079002,-9.817794,-9.818126,0,-0.003195,0,99270.1,25.97,0.005668359,0.011141,,,,
139.557654,0.011036,0.007182,-0.057456,-9.829764,-9.829935,0.001065,-0.00426,0.001065,99270.1,25.97,-0.006140641,-0.000668,,,,
139.568707,0.011053,0.021546,-0.074214,-9.856098,-9.856401,0.001065,-0.00852,-0.001065,99270.1,25.97,-0.032606641,-0.027134,,,,
139.580478,0.011771,-0.002394,-0.102942,-9.870462,-9.870999,0.001065,-0.003195,0.001065,99270.1,25.97,-0.047204641,-0.041732,,,,
139.591166,0.010687,0.043092,-0.146034,-9.834552,-9.835731,0,-0.00213,-0.001065,99270.1,25.97,-0.011936641,-0.006464,,,,
139.602323,0.011157,-0.08379,-0.100548,-9.786672,-9.787547,0.00213,-0.00852,0.001065,99270.1,25.97,0.036247359,0.04172,,,,
139.613535,0.011212,-0.01197,-0.126882,-9.801036,-9.801865,-0.003195,0.001065,0,99270.1,25.97,0.021929359,0.027402,,,,
139.624743,0.011207,-0.002394,-0.148428,-9.769914,-9.771042,0.005325,-0.00426,0.001065,99272.64,25.97,0.052752359,0.058225,,,,
139.635831,0.011088,-0.062244,-0.110124,-9.836946,-9.837759,-0.00213,-0.00213,0.003195,99272.64,25.97,-0.013964641,-0.008492,,,,
139.647146,0.011315,-0.021546,0.004788,-9.801036,-9.801061,0.003195,-0.005325,0.00426,99272.64,25.97,0.022733359,0.028206,,,,
139.658381,0.011235,-0.055062,-0.16758,-9.913554,-9.915123,0.00426,-0.009585,0.00213,99272.64,25.97,-0.091328641,-0.085856,,,,
139.669549,0.011168,0.009576,-0.146034,-9.846522,-9.84761,-0.001065,-0.003195,0.00213,99272.64,25.97,-0.023815641,-0.018343,,,,
139.680655,0.011106,-0.055062,-0.177156,-9.903978,-9.905715,0.005325,-0.005325,0.00213,99272.64,25.97,-0.081920641,-0.076448,,,,
139.692501,0.011846,-0.069426,-0.16758,-9.834552,-9.836225,0.003195,-0.00426,0.001065,99275.22,25.97,-0.012430641,-0.006958,,,,
139.702955,0.010454,-0.07182,-0.117306,-9.813006,-9.81397,0,-0.00426,0.00213,99275.22,25.97,0.009824359,0.015297,,,,
139.714203,0.011248,-0.02394,-0.057456,-9.8154,-9.815597,0.001065,-0.00426,0.00426,99275.22,25.97,0.008197359,0.01367,,,,
139.725324,0.011121,-0.093366,-0.10773,-9.769914,-9.770954,0.00213,-0.003195,0.003195,99275.22,25.97,0.052840359,0.058313,,,,
139.736488,0.011164,-0.055062,-0.067032,-9.82737,-9.827753,0.00213,-0.007455,0.00213,99275.22,25.97,-0.003958641,0.001514,,,,
139.748337,0.011849,-0.038304,-0.03591,-9.834552,-9.834692,0.001065,-0.00426,0.001065,99277.76,25.97,-0.010897641,-0.005425,,,,
139.758914,0.010578,-0.04788,-0.004788,-9.844128,-9.844246,0.005325,-0.005325,0.001065,99277.76,25.97,-0.020451641,-0.014979,,,,
139.770097,0.011183,-0.045486,-0.055062,-9.805824,-9.806084,0,-0.003195,0.001065,99277.76,25.97,0.017710359,0.023183,,,,
139.781341,0.011244,-0.033516,-0.064638,-9.834552,-9.834822,0.00426,-0.005325,0.00213,99277.76,25.97,-0.011027641,-0.005555,,,,
139.792423,0.011082,-0.021546,-0.040698,-9.810612,-9.81072,0.00213,-0.00426,0.00426,99277.76,25.97,0.013074359,0.018547,,,,
139.803817,0.011394,-0.01197,0.004788,-9.8154,-9.815408,0.003195,-0.00639,0,99277.76,25.97,0.008386359,0.013859,,,,
139.815208,0.011391,-0.04788,-0.07182,-9.853704,-9.854082,0.001065,-0.00639,0,99280.47,25.97,-0.030287641,-0.024815,,,,
139.826014,0.010806,-0.040698,-0.016758,-9.846522,-9.84662,0.001065,-0.005325,0,99280.47,25.97,-0.022825641,-0.017353,,,,
139.837246,0.011231,-0.004788,-0.076608,-9.8154,-9.8157,0.001065,-0.005325,0.001065,99280.47,25.97,0.008094359,0.013567,,,,
139.848478,0.011232,0.02394,-0.124488,-9.820188,-9.821006,-0.00213,-0.00426,0.00213,99280.47,25.97,0.002788359,0.008261,,,,
139.859611,0.011133,-0.067032,-0.074214,-9.80343,-9.80394,0.00213,-0.00426,0.00213,99280.47,25.97,0.019854359,0.025327,,,,
139.870777,0.011166,0.021546,-0.14364,-9.846522,-9.847593,0,-0.00426,0,99280.47,25.97,-0.023798641,-0.018326,,,,
139.883007,0.01223,0.01197,-0.081396,-9.8154,-9.815745,0.00213,-0.005325,0,99280.47,25.98,0.008049359,0.013522,,,,
139.893764,0.010757,-0.014364,-0.114912,-9.853704,-9.854384,0.003195,-0.00426,0.001065,99280.47,25.98,-0.030589641,-0.025117,,,,
139.904282,0.010518,0.021546,-0.052668,-9.853704,-9.853868,0,-0.003195,0.003195,99280.47,25.98,-0.030073641,-0.024601,,,,
139.915626,0.011344,-0.02394,-0.122094,-9.8154,-9.816189,0.003195,-0.00852,0.003195,99280.47,25.98,0.007605359,0.013078,,,,
139.926882,0.011256,0.031122,-0.093366,-9.856098,-9.856589,0,-0.00426,0.003195,99280.47,25.98,-0.032794641,-0.027322,,,,
139.937884,0.011002,-0.026334,-0.076608,-9.836946,-9.83728,0.00639,-0.009585,0.00213,99280.47,25.98,-0.013485641,-0.008013,,,,
139.949056,0.011171,0.01197,-0.124488,-9.813006,-9.813803,0.00213,-0.007455,0.00426,99282.99,25.98,0.009991359,0.015464,,,,
139.960174,0.011119,-0.021546,-0.105336,-9.793854,-9.794444,0.001065,-0.001065,0.00213,99282.99,25.98,0.029350359,0.034823,,,,
139.971407,0.011233,-0.033516,-0.055062,-9.820188,-9.8204,0.005325,-0.00639,0.00213,99282.99,25.98,0.003394359,0.008867,,,,
139.982609,0.011201,-0.067032,-0.102942,-9.829764,-9.830532,-0.001065,-0.005325,0.003195,99282.99,25.98,-0.006737641,-0.001265,,,,
139.993831,0.011223,-0.02394,-0.02394,-9.820188,-9.820246,0.00639,-0.005325,0.005325,99282.99,25.98,0.003548359,0.009021,,,,
140.004952,0.011121,0.004788,-0.076608,-9.853704,-9.854003,-0.003195,-0.00213,0,99285.59,25.98,-0.030208641,-0.024736,,,,
140.016094,0.011142,-0.02394,0.021546,-9.808218,-9.808271,0.00213,-0.005325,0.00213,99285.59,25.98,0.015523359,0.020996,,,,
140.027338,0.011244,-0.026334,-0.045486,-9.860886,-9.861026,0.003195,-0.007455,0.00426,99285.59,25.98,-0.037231641,-0.031759,,,,
140.038566,0.011228,0.021546,-0.028728,-9.824976,-9.825042,-0.003195,-0.00639,0.00213,99285.59,25.98,-0.001247641,0.004225,,,,
140.049688,0.011122,0.014364,-0.09576,-9.80343,-9.803908,0.005325,-0.00639,0.00213,99285.59,25.98,0.019886359,0.025359,,,,
140.061167,0.011479,-0.04788,-0.07182,-9.824976,-9.825355,0.001065,-0.003195,-0.001065,99285.59,25.98,-0.001560641,0.003912,,,,
140.072036,0.010869,0.004788,-0.062244,-9.80343,-9.803629,0.00213,-0.00639,0.003195,99288.21,25.98,0.020165359,0.025638,,,,
140.083283,0.011247,-0.02394,-0.090972,-9.832158,-9.832608,0.003195,-0.00639,0.00213,99288.21,25.98,-0.008813641,-0.003341,,,,
140.094549,0.011265,0.026334,-0.093366,-9.80343,-9.80391,0.003195,-0.003195,0.00213,99288.21,25.98,0.019884359,0.025357,,,,
140.105781,0.011232,0.007182,-0.019152,-9.8154,-9.815421,0.00213,-0.00213,0.00213,99288.21,25.98,0.008373359,0.013846,,,,
140.116783,0.011002,-0.016758,-0.038304,-9.829764,-9.829853,0.001065,-0.003195,0.00213,99288.21,25.98,-0.006058641,-0.000586,,,,
140.127948,0.011165,0.055062,-0.086184,-9.813006,-9.813539,0.00213,-0.003195,0.003195,99288.21,25.98,0.010255359,0.015728,,,,
140.140068,0.01212,0.050274,-0.03591,-9.820188,-9.820382,0.00213,-0.00426,0,99290.71,25.98,0.003412359,0.008885,,,,
140.150461,0.010393,-0.002394,-0.045486,-9.805824,-9.80593,0.001065,-0.003195,0.003195,99290.71,25.98,0.017864359,0.023337,,,,
140.161583,0.011122,0.064638,-0.067032,-9.829764,-9.830205,0.003195,-0.00639,0.003195,99290.71,25.98,-0.006410641,-0.000938,,,,
140.172722,0.011139,0.02394,-0.093366,-9.824976,-9.825449,0.001065,-0.00426,0.001065,99290.71,25.98,-0.001654641,0.003818,,,,
140.183922,0.0112,0.007182,-0.079002,-9.772308,-9.77263,0.003195,-0.005325,0.001065,99290.71,25.98,0.051164359,0.056637,,,,
140.195239,0.011317,-0.055062,-0.10773,-9.798642,-9.799389,0.00426,-0.009585,0.00426,99290.71,25.98,0.024405359,0.029878,,,,
140.206496,0.011258,-0.033516,-0.093366,-9.836946,-9.837446,-0.00213,-0.00213,0.003195,99293.44,25.98,-0.013651641,-0.008179,,,,
140.217534,0.011038,-0.04788,-0.069426,-9.824976,-9.825338,0.00213,-0.005325,0.005325,99293.44,25.98,-0.001543641,0.003929,,,,
140.228625,0.01109,-0.050274,-0.093366,-9.844128,-9.844699,0.001065,-0.003195,0.003195,99293.44,25.98,-0.020904641,-0.015432,,,,
140.239799,0.011175,-0.067032,-0.079002,-9.860886,-9.86143,0.001065,-0.007455,0.00213,99293.44,25.98,-0.037635641,-0.032163,,,,
140.249933,0.010133,-0.004788,-0.09576,-9.87525,-9.875715,0,-0.00426,-0.001065,99293.44,25.98,-0.051920641,-0.046448,,,,
140.260034,0.010101,-0.052668,-0.100548,-9.860886,-9.861539,0.00213,-0.003195,0.003195,99293.44,25.98,-0.037744641,-0.032272,,,,
140.270197,0.010163,-0.076608,-0.100548,-9.846522,-9.847333,0,-0.007455,0.00426,99293.44,25.98,-0.023538641,-0.018066,,,,
140.280291,0.010094,-0.040698,-0.110124,-9.822582,-9.823284,0.005325,-0.00639,-0.001065,99293.44,25.98,0.000510359,0.005983,,,,
140.290374,0.010083,-0.09576,-0.138852,-9.860886,-9.862328,0,-0.005325,0.001065,99293.44,25.98,-0.038533641,-0.033061,,,,
140.300502,0.010129,-0.098154,-0.124488,-9.808218,-9.809499,0.001065,-0.005325,-0.001065,99293.44,25.98,0.014295359,0.019768,,,,
140.310599,0.010097,-0.033516,-0.160398,-9.834552,-9.835917,0.003195,-0.00426,0,99293.44,25.98,-0.012122641,-0.00665,,,,
140.320706,0.010106,-0.117306,-0.13167,-9.786672,-9.788261,0,-0.003195,0.001065,99293.44,25.98,0.035533359,0.041006,,,,
140.330798,0.010092,-0.07182,-0.062244,-9.844128,-9.844587,0.003195,-0.007455,0.001065,99296.03,25.98,-0.020792641,-0.01532,,,,
140.341115,0.010317,-0.043092,-0.110124,-9.810612,-9.811325,0.001065,-0.005325,0.003195,99296.03,25.98,0.012469359,0.017942,,,,
140.351211,0.010096,-0.067032,-0.057456,-9.820188,-9.820585,0,-0.00426,0,99296.03,25.98,0.003209359,0.008682,,,,
140.36131,0.010099,-0.033516,-0.112518,-9.793854,-9.794558,0.00213,-0.005325,0.003195,99296.03,25.98,0.029236359,0.034709,,,,
140.37145,0.01014,-0.050274,-0.067032,-9.834552,-9.834909,0.001065,-0.005325,0.001065,99296.03,25.98,-0.011114641,-0.005642,,,,
140.381557,0.010107,0.01197,-0.08379,-9.789066,-9.789432,0.003195,-0.005325,0.00426,99296.03,25.98,0.034362359,0.039835,,,,
140.391656,0.010099,-0.04788,-0.069426,-9.841734,-9.842095,0.00213,-0.00426,0.001065,99298.74,25.98,-0.018300641,-0.012828,,,,
140.40174,0.010084,0.019152,-0.052668,-9.789066,-9.789226,0.00213,-0.005325,0.00213,99298.74,25.98,0.034568359,0.040041,,,,
140.411832,0.010092,-0.007182,-0.057456,-9.781884,-9.782055,-0.001065,-0.00639,0.00426,99298.74,25.98,0.041739359,0.047212,,,,
140.421929,0.010098,-0.028728,-0.014364,-9.798642,-9.798695,0.003195,-0.00426,0.00426,99298.74,25.98,0.025099359,0.030572,,,,
140.432016,0.010086,0.014364,-0.04788,-9.798642,-9.79877,-0.001065,-0.00426,0.00426,99298.74,25.98,0.025024359,0.030497,,,,
140.442128,0.010113,-0.016758,-0.028728,-9.810612,-9.810668,-0.003195,-0.003195,0,99298.74,25.98,0.013126359,0.018599,,,,
140.452354,0.010226,-0.026334,0.028728,-9.846522,-9.846599,0,-0.001065,0.003195,99301.31,25.98,-0.022804641,-0.017332,,,,
140.463505,0.011151,0.04788,0,-9.865674,-9.86579,0.001065,-0.00426,0.00213,99301.31,25.98,-0.041995641,-0.036523,,,,
140.475027,0.011522,0.043092,0.016758,-9.82737,-9.827479,0.001065,-0.00639,0.001065,99301.31,25.98,-0.003684641,0.001788,,,,
140.485951,0.010924,0.093366,-0.02394,-9.822582,-9.823055,0.00213,-0.003195,-0.001065,99301.31,25.98,0.000739359,0.006212,,,,
140.497164,0.011213,0.02394,-0.040698,-9.834552,-9.834665,0.00213,-0.005325,0.00213,99301.31,25.98,-0.010870641,-0.005398,,,,
140.508526,0.011362,0.055062,-0.052668,-9.841734,-9.842029,0.001065,-0.005325,-0.003195,99301.31,25.98,-0.018234641,-0.012762,,,,
140.519671,0.011145,0.055062,-0.079002,-9.8154,-9.815872,0.00213,-0.00426,0,99304,25.98,0.007922359,0.013395,,,,
140.530631,0.01096,0,-0.076608,-9.822582,-9.822881,0.00213,-0.005325,0.003195,99304,25.98,0.000913359,0.006386,,,,
140.541823,0.011192,-0.019152,-0.114912,-9.832158,-9.832848,0.001065,-0.007455,0.00213,99304,25.98,-0.009053641,-0.003581,,,,
140.553008,0.011186,-0.004788,-0.05985,-9.813006,-9.81319,0,-0.00426,0.00213,99304,25.98,0.010604359,0.016077,,,,
140.564143,0.011135,-0.009576,-0.09576,-9.801036,-9.801508,0.00213,-0.00426,0.00213,99304,25.98,0.022286359,0.027759,,,,
140.575364,0.011221,-0.062244,-0.074214,-9.82737,-9.827847,-0.001065,-0.003195,0.00213,99304,25.98,-0.004052641,0.00142,,,,
140.586645,0.011281,-0.033516,-0.10773,-9.80343,-9.804079,0.001065,-0.00426,0.00213,99304,25.98,0.019715359,0.025188,,,,
140.597815,0.01117,0.026334,-0.13167,-9.832158,-9.833075,0.003195,-0.00639,0.00426,99304,25.98,-0.009280641,-0.003808,,,,
140.609431,0.011616,-0.028728,-0.146034,-9.853704,-9.854828,0,-0.00426,0.003195,99304,25.98,-0.031033641,-0.025561,,,,
140.620102,0.01067,-0.038304,-0.081396,-9.82737,-9.827782,0.001065,-0.00426,0.003195,99304,25.98,-0.003987641,0.001485,,,,
140.631334,0.011232,0.004788,-0.134064,-9.810612,-9.811529,0.005325,-0.01065,0.00213,99304,25.98,0.012265359,0.017738,,,,
140.643202,0.011868,-0.016758,-0.117306,-9.798642,-9.799358,0,-0.003195,0.003195,99304,25.98,0.024436359,0.029909,,,,
140.653914,0.010712,-0.07182,-0.112518,-9.784278,-9.785189,0.001065,-0.00426,0.00213,99306.62,25.98,0.038605359,0.044078,,,,
140.664893,0.010979,-0.074214,-0.15561,-9.765126,-9.766648,0.001065,-0.007455,0.00426,99306.62,25.98,0.057146359,0.062619,,,,
140.676006,0.011113,-0.05985,-0.045486,-9.781884,-9.782173,-0.001065,-0.003195,0.005325,99306.62,25.98,0.041621359,0.047094,,,,
140.687191,0.011186,-0.04788,-0.05985,-9.781884,-9.782184,0,-0.005325,0.00426,99306.62,25.98,0.041610359,0.047083,,,,
140.69859,0.011399,-0.031122,-0.062244,-9.798642,-9.798889,0.00213,-0.00426,0.00213,99306.62,25.98,0.024905359,0.030378,,,,
140.710398,0.011808,-0.064638,0.007182,-9.85131,-9.851525,-0.00213,-0.003195,0.001065,99309.25,25.98,-0.027730641,-0.022258,,,,
140.720778,0.010381,-0.014364,-0.033516,-9.80343,-9.803498,0.001065,-0.003195,-0.001065,99309.25,25.98,0.020296359,0.025769,,,,
140.731941,0.011162,-0.009576,-0.050274,-9.8154,-9.815533,0.00213,-0.00639,0.001065,99309.25,25.98,0.008261359,0.013734,,,,
140.743127,0.011186,-0.04788,-0.081396,-9.829764,-9.830218,-0.00213,-0.00426,0,99309.25,25.98,-0.006423641,-0.000951,,,,
140.754389,0.011262,-0.05985,-0.057456,-9.841734,-9.842084,0.005325,-0.00426,0,99309.25,25.98,-0.018289641,-0.012817,,,,
140.765838,0.011449,-0.009576,-0.098154,-9.824976,-9.825471,0,-0.005325,0.00213,99309.25,25.98,-0.001676641,0.003796,,,,
140.776669,0.010831,-0.043092,-0.13167,-9.82737,-9.828347,0.00213,-0.00639,0.001065,99311.9,25.98,-0.004552641,0.00092,,,,
140.787854,0.011185,-0.079002,-0.021546,-9.813006,-9.813348,0,-0.001065,0.003195,99311.9,25.98,0.010446359,0.015919,,,,
140.799138,0.011284,-0.028728,-0.04788,-9.820188,-9.820347,0.003195,-0.00639,0.00213,99311.9,25.98,0.003447359,0.00892,,,,
140.810332,0.011194,-0.02394,-0.050274,-9.810612,-9.81077,-0.001065,-0.00213,0.00213,99311.9,25.98,0.013024359,0.018497,,,,
140.821531,0.011198,-0.057456,-0.045486,-9.853704,-9.853976,0.003195,-0.00639,0.00213,99311.9,25.98,-0.030181641,-0.024709,,,,
140.832691,0.01116,-0.026334,-0.105336,-9.834552,-9.835151,0.001065,-0.005325,0.00213,99311.9,25.98,-0.011356641,-0.005884,,,,
140.843781,0.01109,-0.002394,-0.07182,-9.848916,-9.849178,0.001065,-0.003195,0.001065,99314.58,25.98,-0.025383641,-0.019911,,,,
140.854974,0.011193,0.033516,-0.090972,-9.844128,-9.844605,0,-0.003195,0.00213,99314.58,25.98,-0.020810641,-0.015338,,,,
140.8662,0.011226,0,-0.13167,-9.82737,-9.828252,0.003195,-0.005325,0.00426,99314.58,25.98,-0.004457641,0.001015,,,,
140.877345,0.011144,-0.031122,-0.122094,-9.80343,-9.80424,-0.001065,-0.00426,0.00213,99314.58,25.98,0.019554359,0.025027,,,,
140.888556,0.011211,-0.004788,-0.055062,-9.789066,-9.789222,0.003195,-0.005325,0.00426,99314.58,25.98,0.034572359,0.040045,,,,
140.899828,0.011272,-0.055062,-0.079002,-9.786672,-9.787146,-0.00213,-0.00213,0.003195,99314.58,25.98,0.036648359,0.042121,,,,
140.91094,0.011112,-0.019152,-0.057456,-9.808218,-9.808405,0.001065,-0.00213,0.005325,99314.58,25.98,0.015389359,0.020862,,,,
140.922199,0.011259,-0.067032,-0.067032,-9.86328,-9.863736,0.00426,-0.00426,0.003195,99314.58,25.98,-0.039941641,-0.034469,,,,
140.933391,0.011192,-0.033516,-0.074214,-9.784278,-9.784617,0.001065,-0.001065,0.003195,99314.58,25.98,0.039177359,0.04465,,,,
140.944474,0.011083,-0.019152,-0.105336,-9.836946,-9.837529,0.001065,-0.00852,0.001065,99314.58,25.98,-0.013734641,-0.008262,,,,
140.955602,0.011128,0.004788,-0.122094,-9.853704,-9.854462,-0.001065,-0.003195,0.00213,99314.58,25.98,-0.030667641,-0.025195,,,,
140.966849,0.011247,0.002394,-0.062244,-9.798642,-9.79884,-0.00213,-0.003195,0,99317.28,25.98,0.024954359,0.030427,,,,
140.978132,0.011283,0.009576,-0.160398,-9.793854,-9.795172,0.00213,-0.007455,0.00213,99317.28,25.98,0.028622359,0.034095,,,,
140.989208,0.011076,-0.038304,-0.138852,-9.781884,-9.782944,0.001065,-0.00639,0.001065,99317.28,25.98,0.040850359,0.046323,,,,
141.00096,0.011752,-0.050274,-0.105336,-9.789066,-9.789762,0.001065,-0.00639,0.00213,99317.28,25.98,0.034032359,0.039505,,,,
141.012871,0.01191,-0.052668,-0.14364,-9.817794,-9.818986,0.001065,-0.003195,0.001065,99317.28,25.98,0.004808359,0.010281,,,,
141.023502,0.010631,0.007182,-0.079002,-9.820188,-9.820508,0,-0.00426,0.00213,99317.28,25.98,0.003286359,0.008759,,,,
141.034038,0.010537,-0.038304,-0.117306,-9.829764,-9.830539,0.00213,-0.00639,0.005325,99320.07,25.98,-0.006744641,-0.001272,,,,
141.045083,0.011045,-0.03591,-0.093366,-9.841734,-9.842242,0,-0.001065,0.001065,99320.07,25.98,-0.018447641,-0.012975,,,,
141.05628,0.011197,0.050274,0.002394,-9.820188,-9.820317,-0.001065,-0.005325,0,99320.07,25.98,0.003477359,0.00895,,,,
141.067554,0.011274,-0.028728,-0.009576,-9.808218,-9.808265,0.003195,-0.005325,0.00213,99320.07,25.98,0.015529359,0.021002,,,,
141.078748,0.011194,-0.02394,-0.016758,-9.844128,-9.844171,0.005325,-0.00639,0.00213,99320.07,25.98,-0.020376641,-0.014904,,,,
141.089894,0.011145,-0.02394,-0.069426,-9.85131,-9.851584,0.00426,-0.007455,0.00213,99320.07,25.98,-0.027789641,-0.022317,,,,
141.101056,0.011163,-0.007182,-0.067032,-9.834552,-9.834783,0.001065,-0.003195,0.00426,99322.72,25.98,-0.010988641,-0.005516,,,,
141.112219,0.011163,0.016758,-0.08379,-9.762732,-9.763106,0.00426,-0.007455,0.00426,99322.72,25.98,0.060688359,0.066161,,,,
141.123445,0.011226,-0.074214,-0.117306,-9.801036,-9.802019,0.003195,-0.00639,0.00426,99322.72,25.98,0.021775359,0.027248,,,,
141.134603,0.011158,-0.067032,-0.019152,-9.817794,-9.818042,0,-0.001065,0.001065,99322.72,25.98,0.005752359,0.011225,,,,
141.14584,0.011237,-0.040698,0.014364,-9.79146,-9.791555,0.003195,-0.00213,0.00213,99322.72,25.98,0.032239359,0.037712,,,,
141.156996,0.011157,-0.031122,-0.016758,-9.824976,-9.82504,0.003195,-0.007455,0.003195,99325.38,25.98,-0.001245641,0.004227,,,,
141.168161,0.011164,-0.040698,0.014364,-9.834552,-9.834647,0.001065,-0.00426,0.001065,99325.38,25.98,-0.010852641,-0.00538,,,,
141.179427,0.011267,-0.028728,-0.112518,-9.848916,-9.849601,0.003195,-0.005325,0.001065,99325.38,25.98,-0.025806641,-0.020334,,,,
141.190527,0.011099,-0.026334,-0.102942,-9.844128,-9.844701,0.00213,-0.00426,0.001065,99325.38,25.98,-0.020906641,-0.015434,,,,
141.201738,0.011211,-0.026334,-0.090972,-9.85131,-9.851765,0.003195,-0.00426,-0.001065,99325.38,25.98,-0.027970641,-0.022498,,,,
141.213101,0.011363,-0.040698,-0.13167,-9.836946,-9.837911,0.001065,-0.00426,-0.001065,99325.38,25.98,-0.014116641,-0.008644,,,,
141.224066,0.010965,-0.01197,-0.105336,-9.801036,-9.801609,0,-0.005325,-0.001065,99328.19,25.98,0.022185359,0.027658,,,,
141.235293,0.011227,-0.069426,-0.138852,-9.813006,-9.814234,0.00426,-0.003195,0,99328.19,25.98,0.009560359,0.015033,,,,
141.245608,0.010315,-0.04788,-0.090972,-9.80343,-9.803969,0.001065,-0.003195,-0.00213,99328.19,25.98,0.019825359,0.025298,,,,
141.255688,0.01008,-0.052668,-0.081396,-9.841734,-9.842212,0.00213,-0.00426,0.00213,99328.19,25.98,-0.018417641,-0.012945,,,,
141.265821,0.010133,-0.026334,-0.138852,-9.82737,-9.828386,0.001065,-0.005325,0.00213,99328.19,25.98,-0.004591641,0.000881,,,,
141.275906,0.010085,-0.090972,-0.138852,-9.896796,-9.898188,0.00639,-0.00639,0.00213,99328.19,25.98,-0.074393641,-0.068921,,,,
141.286001,0.010096,-0.019152,-0.031122,-9.865674,-9.865742,-0.00426,-0.00213,0.001065,99328.19,25.98,-0.041947641,-0.036475,,,,
141.296105,0.010103,-0.004788,-0.217854,-9.853704,-9.856113,0.007455,-0.01278,0.00426,99328.19,25.98,-0.032318641,-0.026846,,,,
141.306218,0.010114,0.01197,-0.177156,-9.798642,-9.800251,0,-0.003195,0.00213,99328.19,25.98,0.023543359,0.029016,,,,
141.316326,0.010107,-0.002394,-0.05985,-9.822582,-9.822765,0,-0.00426,0.00213,99328.19,25.98,0.001029359,0.006502,,,,
141.326576,0.01025,-0.08379,-0.136458,-9.774702,-9.776014,0.00639,-0.009585,0.003195,99328.19,25.98,0.047780359,0.053253,,,,
141.336665,0.010089,0.045486,-0.114912,-9.824976,-9.825753,-0.00426,0,0,99328.19,25.98,-0.001958641,0.003514,,,,
141.346751,0.010086,-0.043092,-0.138852,-9.76752,-9.768602,0.00852,-0.01278,0.003195,99328.19,25.98,0.055192359,0.060665,,,,
141.356852,0.0101,-0.02394,-0.102942,-9.772308,-9.77288,-0.00213,-0.00213,0.00213,99330.92,25.98,0.050914359,0.056387,,,,
141.366967,0.010115,0.02394,-0.08379,-9.801036,-9.801423,0.003195,-0.00639,0.001065,99330.92,25.98,0.022371359,0.027844,,,,
141.377054,0.010087,-0.105336,-0.088578,-9.80343,-9.804396,0.00426,-0.00852,0.003195,99330.92,25.98,0.019398359,0.024871,,,,
141.387162,0.010108,0.074214,-0.016758,-9.772308,-9.772604,-0.003195,0.001065,0.00426,99330.92,25.98,0.051190359,0.056663,,,,
141.397265,0.010103,-0.069426,-0.057456,-9.85131,-9.851722,0.007455,-0.011715,0.003195,99330.92,25.98,-0.027927641,-0.022455,,,,
141.407352,0.010087,-0.004788,-0.062244,-9.808218,-9.808417,0.001065,-0.001065,0.005325,99330.92,25.98,0.015377359,0.02085,,,,
141.417502,0.010151,0.076608,-0.002394,-9.834552,-9.834851,0.001065,-0.005325,0.001065,99333.68,25.98,-0.011056641,-0.005584,,,,
141.427618,0.010116,-0.016758,-0.03591,-9.80343,-9.80351,0.00639,-0.00852,0.003195,99333.68,25.98,0.020284359,0.025757,,,,
141.437823,0.010205,-0.067032,0.086184,-9.860886,-9.86149,-0.003195,-0.00426,0.00213,99333.68,25.98,-0.037695641,-0.032223,,,,
141.448367,0.010544,0.122094,-0.057456,-9.824976,-9.825903,0.007455,-0.005325,0.003195,99333.68,25.98,-0.002108641,0.003364,,,,
141.458459,0.010093,-0.05985,-0.07182,-9.781884,-9.782331,0.00639,-0.00852,0.00639,99333.68,25.98,0.041463359,0.046936,,,,
141.468578,0.010119,-0.02394,-0.031122,-9.76752,-9.767599,0.001065,-0.005325,0.00213,99333.68,25.98,0.056195359,0.061668,,,,
141.47867,0.010092,-0.040698,0.002394,-9.82737,-9.827455,0.001065,-0.00213,0.00213,99336.49,25.98,-0.003660641,0.001812,,,,
141.488775,0.010105,-0.01197,-0.004788,-9.810612,-9.81062,0,-0.005325,0.00426,99336.49,25.98,0.013174359,0.018647,,,,
141.498885,0.010109,-0.03591,-0.057456,-9.846522,-9.846755,0.00426,-0.005325,0.001065,99336.49,25.98,-0.022960641,-0.017488,,,,
141.508987,0.010103,0.052668,-0.069426,-9.841734,-9.84212,-0.001065,-0.00426,0.00213,99336.49,25.98,-0.018325641,-0.012853,,,,
141.519101,0.010114,-0.064638,0.033516,-9.896796,-9.897064,0.003195,-0.00426,0,99336.49,25.98,-0.073269641,-0.067797,,,,
141.529276,0.010174,0.026334,-0.074214,-9.868068,-9.868382,0.001065,-0.00426,0.00213,99336.49,25.98,-0.044587641,-0.039115,,,,
141.539379,0.010103,0.05985,-0.205884,-9.810612,-9.812955,0.003195,-0.00639,0.00426,99336.49,25.98,0.010839359,0.016312,,,,
141.549511,0.010132,-0.02394,-0.150822,-9.86328,-9.864462,0.003195,-0.005325,0.00213,99339.23,25.98,-0.040667641,-0.035195,,,,
141.559602,0.010091,-0.021546,-0.19152,-9.786672,-9.78857,0.001065,-0.001065,0.00213,99339.23,25.98,0.035224359,0.040697,,,,
141.570829,0.011227,-0.026334,-0.150822,-9.798642,-9.799838,-0.001065,-0.005325,0.001065,99339.23,25.98,0.023956359,0.029429,,,,
141.581987,0.011158,-0.021546,-0.112518,-9.781884,-9.782555,0.001065,-0.00213,0.00426,99339.23,25.98,0.041239359,0.046712,,,,
141.593185,0.011198,-0.100548,-0.134064,-9.801036,-9.802469,0.003195,-0.00426,0.00213,99339.23,25.98,0.021325359,0.026798,,,,
141.60438,0.011195,0.019152,-0.009576,-9.798642,-9.798665,-0.00213,-0.001065,0.001065,99339.23,25.98,0.025129359,0.030602,,,,
141.615532,0.011152,-0.01197,-0.08379,-9.793854,-9.79422,0.00213,-0.00426,0.00426,99339.23,25.98,0.029574359,0.035047,,,,
141.626734,0.011202,-0.067032,-0.13167,-9.769914,-9.771031,0.003195,-0.00639,0.00213,99339.23,25.98,0.052763359,0.058236,,,,
141.638027,0.011294,-0.02394,0.019152,-9.801036,-9.801084,-0.001065,-0.003195,0.001065,99339.23,25.98,0.022710359,0.028183,,,,
141.64912,0.011092,-0.019152,-0.088578,-9.789066,-9.789485,0.00213,-0.00639,0.001065,99339.23,25.98,0.034309359,0.039782,,,,
141.660561,0.011442,0.007182,-0.045486,-9.813006,-9.813114,0.001065,-0.003195,0.00213,99339.23,25.98,0.010680359,0.016153,,,,
141.671769,0.011208,-0.074214,-0.01197,-9.86328,-9.863566,0.00426,-0.00852,0.001065,99342.02,25.98,-0.039771641,-0.034299,,,,
141.682684,0.010914,-0.038304,-0.112518,-9.786672,-9.787394,0.001065,-0.005325,-0.001065,99342.02,25.98,0.036400359,0.041873,,,,
141.694097,0.011414,0.016758,-0.021546,-9.8154,-9.815438,0.001065,-0.005325,0.001065,99342.02,25.98,0.008356359,0.013829,,,,
141.705017,0.01092,-0.043092,-0.093366,-9.877644,-9.878179,0.00213,-0.005325,0.005325,99342.02,25.98,-0.054384641,-0.048912,,,,
141.716209,0.011192,-0.040698,-0.09576,-9.832158,-9.832709,0.001065,-0.003195,0.001065,99342.02,25.98,-0.008914641,-0.003442,,,,
141.727359,0.01115,-0.007182,-0.069426,-9.865674,-9.865921,0.001065,-0.005325,0.001065,99342.02,25.98,-0.042126641,-0.036654,,,,
141.739409,0.01205,-0.004788,-0.069426,-9.80343,-9.803677,0.001065,-0.003195,0.001065,99344.78,25.98,0.020117359,0.02559,,,,
141.750367,0.010957,-0.016758,0,-9.836946,-9.83696,0.001065,-0.003195,0.001065,99344.78,25.98,-0.013165641,-0.007693,,,,
141.760978,0.010611,0.038304,-0.055062,-9.822582,-9.822811,0.003195,-0.00426,0.00213,99344.78,25.98,0.000983359,0.006456,,,,
141.77208,0.011102,-0.004788,-0.081396,-9.83934,-9.839678,0.00426,-0.00639,0,99344.78,25.98,-0.015883641,-0.010411,,,,
141.783859,0.011779,0.019152,-0.064638,-9.856098,-9.856329,0.003195,-0.003195,-0.00213,99344.78,25.98,-0.032534641,-0.027062,,,,
141.794576,0.010717,-0.045486,-0.146034,-9.757944,-9.759143,0.00426,-0.00852,0.00213,99344.78,25.98,0.064651359,0.070124,,,,
141.805888,0.011312,0.009576,-0.062244,-9.801036,-9.801238,-0.00213,-0.00426,0,99347.59,25.98,0.022556359,0.028029,,,,
141.817034,0.011146,-0.04788,-0.162792,-9.76752,-9.768994,0.00213,-0.005325,0.00213,99347.59,25.98,0.054800359,0.060273,,,,
141.82838,0.011346,-0.086184,-0.098154,-9.750762,-9.751637,0.001065,-0.00426,0.003195,99347.59,25.98,0.072157359,0.07763,,,,
141.839821,0.011441,-0.045486,-0.05985,-9.85131,-9.851597,0.001065,-0.00426,0.001065,99347.59,25.98,-0.027802641,-0.02233,,,,
141.850424,0.010604,-0.04788,-0.07182,-9.813006,-9.813386,0,-0.00639,0,99347.59,25.98,0.010408359,0.015881,,,,
141.861646,0.011222,-0.031122,0,-9.82737,-9.827419,0,-0.00426,0.00213,99347.59,25.98,-0.003624641,0.001848,,,,
141.872787,0.011141,-0.055062,-0.069426,-9.824976,-9.825376,0.00426,-0.007455,0.001065,99350.19,25.98,-0.001581641,0.003891,,,,
141.883982,0.011195,-0.016758,-0.117306,-9.834552,-9.835266,0.003195,-0.00639,0.001065,99350.19,25.98,-0.011471641,-0.005999,,,,
141.895804,0.011822,-0.007182,-0.100548,-9.832158,-9.832675,0.001065,-0.00426,0,99350.19,25.98,-0.008880641,-0.003408,,,,
141.906521,0.010716,-0.033516,-0.100548,-9.789066,-9.78964,0.00426,-0.007455,0.001065,99350.19,25.98,0.034154359,0.039627,,,,
141.917694,0.011173,-0.04788,-0.124488,-9.853704,-9.854607,0,-0.003195,0.001065,99350.19,25.98,-0.030812641,-0.02534,,,,
141.928691,0.010997,-0.062244,-0.052668,-9.817794,-9.818133,0.00213,-0.003195,0.001065,99350.19,25.98,0.005661359,0.011134,,,,
141.939857,0.011166,-0.021546,-0.055062,-9.834552,-9.83473,0.003195,-0.00639,0.00213,99350.19,25.98,-0.010935641,-0.005463,,,,
141.95111,0.011253,-0.028728,-0.014364,-9.83934,-9.839392,0.001065,-0.005325,0.00213,99350.19,25.98,-0.015597641,-0.010125,,,,
141.962346,0.011236,-0.02394,-0.026334,-9.856098,-9.856162,0.00213,-0.00639,0.003195,99350.19,25.98,-0.032367641,-0.026895,,,,
141.973512,0.011166,0.014364,-0.08379,-9.822582,-9.82295,0.00426,-0.00213,0.00213,99350.19,25.98,0.000844359,0.006317,,,,
141.984634,0.011122,0.021546,-0.1197,-9.822582,-9.823335,0.00426,-0.00639,0.00426,99350.19,25.98,0.000459359,0.005932,,,,
141.99583,0.011196,0.009576,-0.040698,-9.822582,-9.822671,0,-0.00426,0.003195,99353.06,25.98,0.001123359,0.006596,,,,
142.007016,0.011187,0.014364,-0.031122,-9.824976,-9.825036,0.00213,-0.00639,0.00426,99353.06,25.98,-0.001241641,0.004231,,,,
142.018394,0.011378,0,-0.067032,-9.786672,-9.786902,0.00426,-0.005325,0,99353.06,25.98,0.036892359,0.042365,,,,
142.029445,0.011051,0,-0.038304,-9.781884,-9.781959,0.001065,-0.00213,0.005325,99353.06,25.98,0.041835359,0.047308,,,,
142.040535,0.01109,-0.052668,-0.08379,-9.836946,-9.837444,0.003195,-0.005325,0.005325,99353.06,25.98,-0.013649641,-0.008177,,,,
142.051722,0.011187,-0.102942,-0.086184,-9.817794,-9.818712,0.003195,-0.00426,0.003195,99353.06,25.98,0.005082359,0.010555,,,,
142.063114,0.011392,-0.043092,-0.038304,-9.86328,-9.863449,0,-0.001065,0.001065,99355.69,25.98,-0.039654641,-0.034182,,,,
142.074165,0.011051,-0.088578,-0.093366,-9.772308,-9.773155,0.00213,-0.00426,0.001065,99355.69,25.98,0.050639359,0.056112,,,,
142.085523,0.011358,-0.076608,-0.114912,-9.817794,-9.818765,0,-0.003195,0.003195,99355.69,25.98,0.005029359,0.010502,,,,
142.096525,0.011002,-0.05985,0.01197,-9.865674,-9.865863,-0.001065,-0.005325,0.003195,99355.69,25.98,-0.042068641,-0.036596,,,,
142.10764,0.011115,-0.016758,-0.100548,-9.844128,-9.844656,0.00213,-0.00639,0.00213,99355.69,25.98,-0.020861641,-0.015389,,,,
142.120306,0.012665,-0.02394,-0.102942,-9.848916,-9.849483,0.003195,-0.007455,0,99355.69,25.98,-0.025688641,-0.020216,,,,
142.131167,0.010862,-0.009576,-0.124488,-9.856098,-9.856889,0.001065,-0.003195,0.003195,99358.22,25.98,-0.033094641,-0.027622,,,,
142.141774,0.010607,0.031122,-0.16758,-9.801036,-9.802518,0.00426,-0.009585,0.001065,99358.22,25.98,0.021276359,0.026749,,,,
142.152534,0.01076,0.002394,-0.174762,-9.85131,-9.85286,0,-0.005325,0.003195,99358.22,25.98,-0.029065641,-0.023593,,,,
142.163572,0.011037,-0.004788,-0.129276,-9.829764,-9.830615,0.00213,-0.003195,0.003195,99358.22,25.98,-0.006820641,-0.001348,,,,
142.17479,0.011218,-0.002394,-0.112518,-9.79146,-9.792107,0.003195,-0.00426,0.00213,99358.22,25.98,0.031687359,0.03716,,,,
142.186116,0.011326,-0.002394,-0.08379,-9.870462,-9.870818,0,-0.003195,0.001065,99360.77,25.98,-0.047023641,-0.041551,,,,
142.197329,0.011213,0.062244,-0.100548,-9.789066,-9.78978,-0.001065,-0.003195,0.00213,99360.77,25.98,0.034014359,0.039487,,,,
142.208342,0.011013,0,-0.031122,-9.868068,-9.868117,0.00213,-0.00426,0.00426,99360.77,25.98,-0.044322641,-0.03885,,,,
142.219501,0.011159,0.062244,-0.146034,-9.846522,-9.847802,0.00213,-0.00639,0.00213,99360.77,25.98,-0.024007641,-0.018535,,,,
142.23072,0.011219,-0.004788,-0.10773,-9.844128,-9.844719,0.001065,-0.003195,0.001065,99360.77,25.98,-0.020924641,-0.015452,,,,
142.242177,0.011457,-0.002394,-0.062244,-9.829764,-9.829961,0.001065,-0.001065,0.003195,99360.77,25.98,-0.006166641,-0.000694,,,,
142.253087,0.01091,0,-0.102942,-9.80343,-9.80397,0.00426,-0.005325,0.00213,99363.51,25.98,0.019824359,0.025297,,,,
142.264289,0.011203,-0.079002,-0.052668,-9.83934,-9.839798,0.00213,0,0.003195,99363.51,25.98,-0.016003641,-0.010531,,,,
142.275515,0.011226,-0.014364,-0.019152,-9.760338,-9.760367,0.001065,-0.00426,0,99363.51,25.98,0.063427359,0.0689,,,,
142.286649,0.011134,-0.02394,-0.07182,-9.813006,-9.813298,0.003195,-0.00639,0.003195,99363.51,25.98,0.010496359,0.015969,,,,
142.297863,0.011214,-0.086184,0.038304,-9.832158,-9.83261,0.001065,-0.001065,0.001065,99363.51,25.98,-0.008815641,-0.003343,,,,
142.309009,0.011146,-0.088578,0.033516,-9.865674,-9.866129,-0.001065,-0.003195,0.001065,99363.51,25.98,-0.042334641,-0.036862,,,,
142.320258,0.011249,-0.014364,-0.038304,-9.810612,-9.810697,0.00213,-0.005325,0.00213,99363.51,25.98,0.013097359,0.01857,,,,
142.331361,0.011103,-0.076608,-0.016758,-9.832158,-9.832471,0.00213,-0.007455,0.003195,99363.51,25.98,-0.008676641,-0.003204,,,,
142.342547,0.011186,-0.045486,-0.007182,-9.860886,-9.860994,0.001065,-0.00639,0,99363.51,25.98,-0.037199641,-0.031727,,,,
142.353747,0.0112,-0.031122,-0.014364,-9.789066,-9.789126,0.003195,-0.005325,0.001065,99363.51,25.98,0.034668359,0.040141,,,,
142.364896,0.011149,-0.01197,-0.069426,-9.810612,-9.810865,0.001065,-0.005325,0,99363.51,25.98,0.012929359,0.018402,,,,
142.376098,0.011202,-0.07182,-0.043092,-9.817794,-9.818151,0.00213,-0.00639,0.00213,99363.51,25.98,0.005643359,0.011116,,,,
142.387419,0.01132,-0.02394,-0.076608,-9.817794,-9.818122,0.00213,-0.00852,0,99366.34,25.98,0.005672359,0.011145,,,,
142.398672,0.011254,-0.03591,-0.126882,-9.83934,-9.840224,0.003195,-0.005325,0.003195,99366.34,25.98,-0.016429641,-0.010957,,,,
142.409693,0.01102,0.007182,-0.110124,-9.820188,-9.820808,-0.001065,-0.001065,0.001065,99366.34,25.98,0.002986359,0.008459,,,,
142.420815,0.011122,-0.03591,-0.110124,-9.808218,-9.808902,0.00426,-0.00639,0.00213,99366.34,25.98,0.014892359,0.020365,,,,
142.432004,0.011189,-0.033516,-0.141246,-9.817794,-9.818867,0.001065,-0.00426,0.00213,99366.34,25.98,0.004927359,0.0104,,,,
142.443307,0.011303,0.002394,-0.076608,-9.80343,-9.80373,0.001065,-0.005325,-0.00213,99369,25.98,0.020064359,0.025537,,,,
142.454438,0.011131,-0.009576,-0.160398,-9.836946,-9.838258,0.00426,-0.005325,0.00213,99369,25.98,-0.014463641,-0.008991,,,,
142.465543,0.011106,-0.069426,-0.129276,-9.8154,-9.816497,0.00426,-0.007455,0.001065,99369,25.98,0.007297359,0.01277,,,,
142.476777,0.011234,-0.086184,-0.090972,-9.865674,-9.86647,0.00213,-0.005325,0,99369,25.98,-0.042675641,-0.037203,,,,
142.487987,0.01121,-0.045486,-0.14364,-9.805824,-9.806981,0.00426,-0.00852,-0.001065,99369,25.98,0.016813359,0.022286,,,,
142.499462,0.011475,-0.074214,-0.158004,-9.865674,-9.867218,0.003195,-0.00426,0,99369,25.98,-0.043423641,-0.037951,,,,
142.510398,0.010936,-0.112518,-0.14364,-9.844128,-9.845819,0.003195,-0.00426,0.005325,99371.65,25.98,-0.022024641,-0.016552,,,,
142.52153,0.011132,-0.129276,-0.045486,-9.82737,-9.828326,0.00213,-0.00213,0,99371.65,25.98,-0.004531641,0.000941,,,,
142.532676,0.011146,0,-0.100548,-9.829764,-9.830278,0.003195,-0.005325,0.003195,99371.65,25.98,-0.006483641,-0.001011,,,,
142.543862,0.011186,-0.050274,0.016758,-9.860886,-9.861028,0.00213,-0.00426,0.00213,99371.65,25.98,-0.037233641,-0.031761,,,,
142.555047,0.011185,-0.019152,-0.038304,-9.884826,-9.884919,0.003195,-0.00852,0.003195,99371.65,25.98,-0.061124641,-0.055652,,,,
142.566235,0.011188,0.026334,-0.088578,-9.8154,-9.815835,0.001065,-0.005325,0.001065,99371.65,25.98,0.007959359,0.013432,,,,
142.578761,0.012526,0.033516,-0.1197,-9.83934,-9.840125,0.001065,-0.005325,0.00213,99374.33,25.98,-0.016330641,-0.010858,,,,
142.589081,0.01032,-0.002394,-0.09576,-9.793854,-9.794322,0.001065,-0.005325,0,99374.33,25.98,0.029472359,0.034945,,,,
142.599185,0.010104,0.031122,-0.10773,-9.793854,-9.794496,0.00213,-0.00426,0.003195,99374.33,25.98,0.029298359,0.034771,,,,
142.609277,0.010091,0.040698,-0.13167,-9.781884,-9.782855,0.003195,-0.00639,0.003195,99374.33,25.98,0.040939359,0.046412,,,,
142.619378,0.010102,0.02394,-0.112518,-9.74358,-9.744259,0.001065,-0.005325,0.005325,99374.33,25.98,0.079535359,0.085008,,,,
142.629487,0.010109,0.028728,-0.086184,-9.82737,-9.82779,0.00213,-0.003195,0.003195,99374.33,25.98,-0.003995641,0.001477,,,,
142.639595,0.010108,0.028728,-0.019152,-9.798642,-9.798703,0,-0.003195,0.001065,99374.33,25.98,0.025091359,0.030564,,,,
142.649678,0.010083,-0.019152,0.007182,-9.801036,-9.801057,0.00213,-0.005325,0.003195,99374.33,25.98,0.022737359,0.02821,,,,
142.659894,0.010216,-0.014364,-0.028728,-9.848916,-9.848968,0,-0.003195,0.00213,99374.33,25.98,-0.025173641,-0.019701,,,,
142.669985,0.010091,-0.004788,0.002394,-9.82737,-9.827371,0,-0.005325,0.00426,99374.33,25.98,-0.003576641,0.001896,,,,
142.680097,0.010111,0.004788,-0.09576,-9.784278,-9.784748,0.003195,-0.00426,0.00213,99374.33,25.98,0.039046359,0.044519,,,,
142.690375,0.010278,-0.076608,-0.019152,-9.820188,-9.820505,-0.001065,-0.001065,0,99374.33,25.98,0.003289359,0.008762,,,,
142.700946,0.010571,0.004788,-0.016758,-9.798642,-9.798657,0.00426,-0.00639,0.00426,99377.01,25.98,0.025137359,0.03061,,,,
142.711046,0.0101,-0.081396,-0.038304,-9.87525,-9.87566,0.00213,-0.00639,0,99377.01,25.98,-0.051865641,-0.046393,,,,
142.72117,0.010124,-0.069426,-0.126882,-9.8154,-9.816466,0.003195,-0.00426,0.00213,99377.01,25.98,0.007328359,0.012801,,,,
142.731253,0.010083,-0.062244,-0.050274,-9.86328,-9.863605,0,0.001065,0.001065,99377.01,25.98,-0.039810641,-0.034338,,,,
142.741417,0.010164,-0.093366,-0.069426,-9.844128,-9.844816,0.003195,-0.005325,0.003195,99377.01,25.98,-0.021021641,-0.015549,,,,
142.751502,0.010086,-0.110124,-0.081396,-9.877644,-9.878593,0.00426,-0.00426,0,99377.01,25.98,-0.054798641,-0.049326,,,,
142.761712,0.010209,-0.004788,-0.100548,-9.82737,-9.827886,0.00213,-0.005325,0,99377.01,25.98,-0.004091641,0.001381,,,,
142.771801,0.010089,-0.069426,-0.100548,-9.877644,-9.8784,0.003195,-0.005325,0.00213,99379.56,25.98,-0.054605641,-0.049133,,,,
142.781891,0.01009,-0.038304,-0.1197,-9.836946,-9.837749,-0.00213,-0.00639,0.003195,99379.56,25.98,-0.013954641,-0.008482,,,,
142.791979,0.010087,-0.016758,-0.045486,-9.868068,-9.868187,-0.001065,-0.00426,0,99379.56,25.98,-0.044392641,-0.03892,,,,
142.802073,0.010094,-0.021546,-0.093366,-9.853704,-9.85417,0.001065,-0.00639,0.001065,99379.56,25.98,-0.030375641,-0.024903,,,,
142.812159,0.010086,-0.016758,-0.158004,-9.829764,-9.831048,0.001065,-0.007455,-0.001065,99379.56,25.98,-0.007253641,-0.001781,,,,
142.822265,0.010106,0.026334,-0.07182,-9.820188,-9.820486,-0.00213,-0.003195,0.00213,99379.56,25.98,0.003308359,0.008781,,,,
142.832352,0.010086,-0.02394,-0.136458,-9.8154,-9.816378,0.009585,-0.009585,0.003195,99382.1,25.98,0.007416359,0.012889,,,,
142.842688,0.010336,0.016758,-0.093366,-9.80343,-9.803889,-0.001065,-0.00213,0.001065,99382.1,25.98,0.019905359,0.025378,,,,
142.852792,0.010105,0.016758,-0.07182,-9.724428,-9.724708,0.00213,-0.007455,0.003195,99382.1,25.98,0.099086359,0.104559,,,,
142.862898,0.010106,-0.01197,-0.186732,-9.786672,-9.788461,0.00213,-0.007455,0.003195,99382.1,25.98,0.035333359,0.040806,,,,
142.873009,0.010111,-0.009576,-0.04788,-9.784278,-9.7844,-0.003195,-0.003195,0.00426,99382.1,25.98,0.039394359,0.044867,,,,
142.883103,0.010094,0.009576,-0.019152,-9.817794,-9.817817,-0.001065,-0.00213,0.001065,99382.1,25.98,0.005977359,0.01145,,,,
142.89323,0.010127,0.002394,-0.146034,-9.784278,-9.785368,0.00213,-0.005325,0.00426,99382.1,25.98,0.038426359,0.043899,,,,
142.903347,0.010117,-0.069426,0.040698,-9.822582,-9.822912,-0.00213,-0.00213,0.00426,99384.75,25.98,0.000882359,0.006355,,,,
142.913589,0.010242,0.043092,-0.08379,-9.774702,-9.775156,0.00426,-0.007455,0.00426,99384.75,25.98,0.048638359,0.054111,,,,
142.923677,0.010088,-0.069426,-0.112518,-9.813006,-9.813897,0.00213,-0.005325,0.00213,99384.75,25.98,0.009897359,0.01537,,,,
142.933763,0.010086,-0.043092,-0.07182,-9.793854,-9.794212,0,-0.001065,0.001065,99384.75,25.98,0.029582359,0.035055,,,,
142.944067,0.010304,-0.031122,-0.079002,-9.786672,-9.78704,-0.001065,-0.00213,-0.001065,99384.75,25.98,0.036754359,0.042227,,,,
142.954159,0.010092,-0.098154,-0.043092,-9.817794,-9.818379,0.00426,-0.00639,0.003195,99384.75,25.98,0.005415359,0.010888,,,,
142.964254,0.010095,-0.038304,-0.019152,-9.82737,-9.827463,-0.00213,-0.007455,-0.00213,99384.75,25.98,-0.003668641,0.001804,,,,
142.975353,0.0111,-0.079002,-0.02394,-9.894402,-9.894746,0.005325,-0.00639,0.001065,99384.75,25.98,-0.070951641,-0.065479,,,,
142.985517,0.010164,-0.09576,0.03591,-9.860886,-9.861416,-0.00426,0,0.00213,99384.75,25.98,-0.037621641,-0.032149,,,,
142.995607,0.01009,0.004788,0.014364,-9.901584,-9.901596,0.00426,-0.00639,0,99384.75,25.98,-0.077801641,-0.072329,,,,
143.005801,0.010194,-0.076608,-0.028728,-9.841734,-9.842074,0,-0.00426,0,99384.75,25.98,-0.018279641,-0.012807,,,,
143.01592,0.01012,-0.004788,-0.026334,-9.880038,-9.880074,0.003195,-0.00639,0.001065,99384.75,25.98,-0.056279641,-0.050807,,,,
143.026004,0.010084,-0.004788,-0.114912,-9.844128,-9.8448,0.003195,-0.005325,0.001065,99387.36,25.98,-0.021005641,-0.015533,,,,
143.036482,0.010478,-0.057456,-0.067032,-9.86328,-9.863675,0.003195,-0.00426,0.00213,99387.36,25.98,-0.039880641,-0.034408,,,,
143.047228,0.010745,0.043092,-0.114912,-9.829764,-9.83053,0,-0.005325,0.001065,99387.36,25.98,-0.006735641,-0.001263,,,,
143.05845,0.011222,-0.038304,-0.100548,-9.85131,-9.851898,0.00213,-0.00426,0.001065,99387.36,25.98,-0.028103641,-0.022631,,,,
143.069641,0.011191,0.028728,-0.162792,-9.796248,-9.797643,0.003195,-0.00852,0.001065,99387.36,25.98,0.026151359,0.031624,,,,
143.081614,0.011973,0.004788,-0.177156,-9.813006,-9.814606,0.00213,-0.005325,0.00213,99387.36,25.98,0.009188359,0.014661,,,,
143.09194,0.010326,-0.09576,-0.158004,-9.822582,-9.824319,0.00213,-0.005325,0.003195,99390,25.98,-0.000524641,0.004948,,,,
143.103158,0.011218,-0.038304,-0.129276,-9.736398,-9.737332,0,0,0.00213,99390,25.98,0.086462359,0.091935,,,,
143.114315,0.011158,0,-0.117306,-9.801036,-9.801738,0.001065,-0.00639,0.00213,99390,25.98,0.022056359,0.027529,,,,
143.12552,0.011205,0.007182,-0.122094,-9.786672,-9.787436,-0.00213,-0.001065,0.00213,99390,25.98,0.036358359,0.041831,,,,
143.135616,0.010096,-0.09576,-0.03591,-9.858492,-9.859022,0.00213,-0.007455,0.003195,99390,25.98,-0.035227641,-0.029755,,,,
143.145703,0.010088,-0.04788,-0.076608,-9.786672,-9.787089,-0.001065,-0.003195,0.003195,99390,25.98,0.036705359,0.042178,,,,
143.155889,0.010186,-0.031122,-0.16758,-9.853704,-9.855178,0.001065,-0.005325,0.003195,99392.63,25.98,-0.031383641,-0.025911,,,,
143.165989,0.0101,-0.062244,-0.067032,-9.836946,-9.837371,0.00426,-0.00426,0,99392.63,25.98,-0.013576641,-0.008104,,,,
143.17865,0.012661,-0.050274,-0.150822,-9.738792,-9.74009,0.00426,-0.007455,0.00213,99392.63,25.98,0.083704359,0.089177,,,,
143.193208,0.014558,0,-0.052668,-9.805824,-9.805965,-0.001065,-0.001065,-0.001065,99392.63,25.98,0.017829359,0.023302,,,,
143.204308,0.011099,-0.052668,-0.088578,-9.798642,-9.799184,0.003195,-0.00639,0.00213,99392.63,25.98,0.024610359,0.030083,,,,
143.215225,0.010917,-0.014364,-0.021546,-9.79146,-9.791494,-0.001065,-0.00213,0.00213,99395.25,25.98,0.032300359,0.037773,,,,
143.226171,0.010947,-0.009576,0.062244,-9.841734,-9.841935,0.00213,-0.00426,0.001065,99395.25,25.98,-0.018140641,-0.012668,,,,
143.237393,0.011222,0.04788,-0.07182,-9.858492,-9.85887,0.001065,-0.007455,0.001065,99395.25,25.98,-0.035075641,-0.029603,,,,
143.248601,0.011208,0.028728,-0.004788,-9.841734,-9.841777,0.00213,-0.005325,0,99395.25,25.98,-0.017982641,-0.01251,,,,
143.259693,0.011092,0.03591,-0.124488,-9.82737,-9.828224,0.00426,-0.005325,0.001065,99395.25,25.98,-0.004429641,0.001043,,,,
143.270882,0.011189,0.019152,-0.069426,-9.85131,-9.851573,0.003195,-0.00639,0.00213,99395.25,25.98,-0.027778641,-0.022306,,,,
143.282236,0.011355,0.093366,-0.05985,-9.774702,-9.775331,0.003195,-0.00639,-0.001065,99397.75,25.98,0.048463359,0.053936,,,,
143.293199,0.010963,0.016758,-0.098154,-9.786672,-9.787179,0.00213,-0.00426,0.003195,99397.75,25.98,0.036615359,0.042088,,,,
143.304456,0.011257,-0.045486,-0.016758,-9.841734,-9.841853,0,-0.00426,0.00213,99397.75,25.98,-0.018058641,-0.012586,,,,
143.315773,0.011317,0.021546,-0.069426,-9.772308,-9.772578,0,-0.00426,0.00426,99397.75,25.98,0.051216359,0.056689,,,,
143.326847,0.011074,-0.002394,-0.016758,-9.793854,-9.793869,0.001065,-0.003195,0.003195,99397.75,25.98,0.029925359,0.035398,,,,
143.338194,0.011346,-0.021546,-0.004788,-9.813006,-9.813031,0.003195,-0.00426,0.005325,99397.75,25.98,0.010763359,0.016236,,,,
143.349328,0.011134,-0.090972,0.01197,-9.817794,-9.818223,0.00426,-0.00426,0.005325,99397.75,25.98,0.005571359,0.011044,,,,
143.360411,0.011083,-0.03591,-0.026334,-9.808218,-9.808319,0.001065,-0.005325,0.00213,99397.75,25.98,0.015475359,0.020948,,,,
143.37149,0.011079,-0.045486,-0.033516,-9.829764,-9.829926,0.001065,-0.00639,0.00213,99397.75,25.98,-0.006131641,-0.000659,,,,
143.382786,0.011296,-0.081396,-0.062244,-9.774702,-9.775239,0.00213,-0.00426,0,99397.75,25.98,0.048555359,0.054028,,,,
143.394029,0.011243,-0.052668,-0.055062,-9.841734,-9.842029,0.001065,-0.001065,0,99397.75,25.98,-0.018234641,-0.012762,,,,
143.405087,0.011058,0.002394,-0.019152,-9.856098,-9.856117,-0.001065,-0.003195,0.001065,99400.38,25.98,-0.032322641,-0.02685,,,,
143.416466,0.01138,-0.055062,-0.102942,-9.822582,-9.823276,0.005325,-0.009585,0.003195,99400.38,25.98,0.000518359,0.005991,,,,
143.427458,0.010992,-0.040698,-0.186732,-9.834552,-9.836409,-0.00213,-0.00426,0.00213,99400.38,25.98,-0.012614641,-0.007142,,,,
143.438639,0.01118,-0.055062,-0.102942,-9.822582,-9.823276,0.001065,-0.005325,0.001065,99400.38,25.98,0.000518359,0.005991,,,,
143.449825,0.011186,-0.031122,-0.124488,-9.784278,-9.785119,0.00426,-0.005325,0.00426,99400.38,25.98,0.038675359,0.044148,,,,
143.461008,0.011184,0.019152,-0.14364,-9.784278,-9.785351,0.001065,-0.005325,0,99400.38,25.98,0.038443359,0.043916,,,,
143.472284,0.011276,0.007182,-0.165186,-9.824976,-9.826367,-0.001065,-0.005325,0,99402.98,25.98,-0.002572641,0.0029,,,,
143.483581,0.011297,0.009576,-0.09576,-9.777096,-9.77757,0,-0.00426,0,99402.98,25.98,0.046224359,0.051697,,,,
143.494638,0.011056,0.05985,-0.129276,-9.808218,-9.809253,0.005325,-0.00426,0.001065,99402.98,25.98,0.014541359,0.020014,,,,
143.505835,0.011197,-0.016758,-0.14364,-9.817794,-9.818859,0.00213,-0.00213,0.00213,99402.98,25.98,0.004935359,0.010408,,,,
143.517114,0.011279,-0.019152,-0.062244,-9.836946,-9.837162,0.00426,-0.00639,0.00213,99402.98,25.98,-0.013367641,-0.007895,,,,
143.528109,0.010995,-0.031122,-0.189126,-9.810612,-9.812484,0.001065,-0.00426,0.00426,99402.98,25.98,0.011310359,0.016783,,,,
143.539542,0.011433,-0.043092,-0.100548,-9.858492,-9.859099,-0.003195,-0.001065,0.003195,99405.46,25.98,-0.035304641,-0.029832,,,,
143.550485,0.010942,-0.043092,-0.062244,-9.832158,-9.832449,0.003195,-0.005325,0.00426,99405.46,25.98,-0.008654641,-0.003182,,,,
143.561817,0.011332,-0.105336,-0.040698,-9.836946,-9.837594,0.001065,-0.00213,0.003195,99405.46,25.98,-0.013799641,-0.008327,,,,
143.572842,0.011025,-0.004788,0.040698,-9.841734,-9.841819,-0.001065,-0.00213,0.005325,99405.46,25.98,-0.018024641,-0.012552,,,,
143.58413,0.011288,-0.050274,0.007182,-9.841734,-9.841865,0.003195,-0.00426,0.00213,99405.46,25.98,-0.018070641,-0.012598,,,,
143.596484,0.012354,-0.05985,0.014364,-9.860886,-9.861078,0.00213,-0.005325,0.005325,99405.46,25.98,-0.037283641,-0.031811,,,,
143.607349,0.010864,-0.002394,0.019152,-9.848916,-9.848935,0.00213,-0.003195,0.00426,99408.09,25.98,-0.025140641,-0.019668,,,,
143.617708,0.010359,-0.038304,-0.086184,-9.853704,-9.854155,0.00426,-0.00639,0.005325,99408.09,25.98,-0.030360641,-0.024888,,,,
143.628752,0.011045,0.014364,-0.069426,-9.836946,-9.837201,0,-0.003195,0,99408.09,25.98,-0.013406641,-0.007934,,,,
143.63996,0.011207,-0.057456,-0.079002,-9.844128,-9.844613,0.003195,-0.009585,0.00426,99408.09,25.98,-0.020818641,-0.015346,,,,
143.651148,0.011189,0.01197,-0.076608,-9.846522,-9.846827,0.001065,-0.00426,0.001065,99408.09,25.98,-0.023032641,-0.01756,,,,
143.663648,0.0125,-0.033516,-0.067032,-9.832158,-9.832444,0.00426,-0.005325,0.00213,99408.09,25.98,-0.008649641,-0.003177,,,,
143.674067,0.010418,-0.01197,-0.150822,-9.810612,-9.811779,0.001065,-0.00639,0.003195,99408.09,25.98,0.012015359,0.017488,,,,
143.684739,0.010672,-0.014364,-0.052668,-9.868068,-9.868219,-0.001065,-0.003195,0.003195,99408.09,25.98,-0.044424641,-0.038952,,,,
143.695865,0.011126,-0.033516,-0.026334,-9.860886,-9.860978,0.00213,-0.00426,0.003195,99408.09,25.98,-0.037183641,-0.031711,,,,
143.707112,0.011247,0.038304,-0.10773,-9.844128,-9.844792,0.00426,-0.003195,0.001065,99408.09,25.98,-0.020997641,-0.015525,,,,
143.718412,0.0113,-0.007182,-0.076608,-9.906372,-9.906671,0.003195,-0.00426,0.00213,99408.09,25.98,-0.082876641,-0.077404,,,,
143.729644,0.011232,-0.026334,-0.14364,-9.868068,-9.869148,0.003195,-0.00426,-0.001065,99410.63,25.98,-0.045353641,-0.039881,,,,
143.74081,0.011166,0.004788,-0.090972,-9.877644,-9.878064,-0.001065,0.001065,0,99410.63,25.98,-0.054269641,-0.048797,,,,
143.751851,0.011041,0.009576,-0.088578,-9.860886,-9.861288,0.005325,-0.00426,0.001065,99410.63,25.98,-0.037493641,-0.032021,,,,
143.763036,0.011185,-0.045486,-0.105336,-9.86328,-9.863947,0.003195,-0.00639,0.00213,99410.63,25.98,-0.040152641,-0.03468,,,,
143.774177,0.01114,-0.03591,-0.117306,-9.937494,-9.938251,0.001065,-0.003195,0.003195,99410.63,25.98,-0.114456641,-0.108984,,,,
143.785491,0.011314,-0.043092,-0.09576,-9.901584,-9.902141,0.00213,-0.003195,0.003195,99410.63,25.98,-0.078346641,-0.072874,,,,
143.796672,0.011181,-0.08379,-0.064638,-9.939888,-9.940451,0,-0.005325,0.00213,99413.35,25.98,-0.116656641,-0.111184,,,,
143.807736,0.011065,-0.04788,-0.04788,-9.978192,-9.978422,0.001065,-0.00213,0.00213,99413.35,25.98,-0.154627641,-0.149155,,,,
143.81902,0.011283,-0.009576,-0.08379,-9.975798,-9.976154,0,0,0.001065,99413.35,25.98,-0.152359641,-0.146887,,,,
143.83013,0.011111,-0.098154,0,-10.011708,-10.012189,0.003195,-0.00426,-0.001065,99413.35,25.98,-0.188394641,-0.182922,,,,
143.84127,0.01114,-0.062244,-0.076608,-10.009314,-10.009801,0.003195,-0.00639,0.00213,99413.35,25.98,-0.186006641,-0.180534,,,,
143.852482,0.011212,-0.045486,-0.074214,-10.045224,-10.045601,0,-0.00213,0,99416.1,25.98,-0.221806641,-0.216334,,,,
143.863697,0.011215,-0.004788,-0.062244,-10.040436,-10.04063,0.00213,-0.00639,0,99416.1,25.98,-0.216835641,-0.211363,,,,
143.874858,0.011161,-0.03591,-0.098154,-10.011708,-10.012254,-0.001065,-0.003195,0,99416.1,25.98,-0.188459641,-0.182987,,,,
143.886124,0.011266,0.007182,-0.10773,-10.009314,-10.009896,0,-0.00213,-0.001065,99416.1,25.98,-0.186101641,-0.180629,,,,
143.897198,0.011075,-0.026334,-0.04788,-9.99495,-9.995099,0.003195,-0.007455,0,99416.1,25.98,-0.171304641,-0.165832,,,,
143.908435,0.011236,-0.016758,-0.081396,-10.021284,-10.021629,0.001065,-0.007455,0,99416.1,25.98,-0.197834641,-0.192362,,,,
143.919647,0.011212,0.050274,-0.038304,-9.97101,-9.97121,0.001065,0,-0.001065,99418.75,25.98,-0.147415641,-0.141943,,,,
143.930854,0.011207,-0.045486,-0.038304,-10.009314,-10.009491,0.00426,-0.00852,0.003195,99418.75,25.98,-0.185696641,-0.180224,,,,
143.942025,0.011172,0.038304,-0.07182,-10.033254,-10.033584,0.00213,-0.005325,0.001065,99418.75,25.98,-0.209789641,-0.204317,,,,
143.953127,0.011101,0.093366,-0.043092,-10.00692,-10.007448,0,-0.00426,0.003195,99418.75,25.98,-0.183653641,-0.178181,,,,
143.964425,0.011298,-0.007182,-0.100548,-9.99495,-9.995458,0.001065,-0.005325,0.003195,99418.75,25.98,-0.171663641,-0.166191,,,,
143.976323,0.011898,0.009576,-0.062244,-9.98298,-9.983179,0.001065,-0.005325,0.001065,99418.75,25.98,-0.159384641,-0.153912,,,,
143.9878,0.011477,-0.040698,-0.074214,-9.987768,-9.988127,0,-0.003195,0.003195,99418.75,25.98,-0.164332641,-0.15886,,,,
143.998501,0.010701,-0.01197,-0.08379,-9.951858,-9.952218,0.001065,-0.005325,0,99418.75,25.98,-0.128423641,-0.122951,,,,
144.009162,0.010661,-0.064638,-0.07182,-10.023678,-10.024144,0,-0.00852,0.001065,99418.75,25.98,-0.200349641,-0.194877,,,,
144.020251,0.011089,-0.057456,-0.088578,-10.064376,-10.06493,0.003195,-0.00426,0.00213,99418.75,25.98,-0.241135641,-0.235663,,,,
144.031468,0.011216,-0.093366,-0.069426,-10.057194,-10.057867,-0.003195,-0.00426,0.001065,99418.75,25.98,-0.234072641,-0.2286,,,,
144.042631,0.011163,-0.052668,0.004788,-10.069164,-10.069303,0.003195,-0.005325,0.001065,99418.75,25.98,-0.245508641,-0.240036,,,,
144.053852,0.011221,-0.086184,-0.093366,-10.088316,-10.089116,-0.001065,-0.005325,0.001065,99421.54,25.98,-0.265321641,-0.259849,,,,
144.065056,0.011205,-0.040698,-0.07182,-10.095498,-10.095835,-0.001065,-0.00639,0.00213,99421.54,25.98,-0.272040641,-0.266568,,,,
144.076178,0.011121,-0.05985,-0.14364,-10.085922,-10.087122,0,-0.00426,-0.001065,99421.54,25.98,-0.263327641,-0.257855,,,,
144.087354,0.011177,-0.019152,-0.074214,-10.09071,-10.091001,0.00213,-0.00426,0.001065,99421.54,25.98,-0.267206641,-0.261734,,,,
144.098595,0.011241,-0.002394,-0.114912,-10.133802,-10.134454,0.001065,-0.00852,0,99421.54,25.98,-0.310659641,-0.305187,,,,
144.109748,0.011153,-0.03591,-0.138852,-10.081134,-10.082154,0.001065,-0.007455,0.00426,99424.19,25.98,-0.258359641,-0.252887,,,,
144.120958,0.01121,0.02394,-0.14364,-10.129014,-10.130061,0,-0.00213,0.001065,99424.19,25.98,-0.306266641,-0.300794,,,,
144.132069,0.011111,-0.045486,-0.069426,-10.064376,-10.064718,0.00213,-0.005325,0,99424.19,25.98,-0.240923641,-0.235451,,,,
144.143314,0.011245,0.026334,-0.146034,-10.117044,-10.118132,0.001065,-0.005325,0.001065,99424.19,25.98,-0.294337641,-0.288865,,,,
144.154443,0.011129,0.028728,-0.09576,-10.12662,-10.127114,0.00213,-0.003195,0.001065,99424.19,25.98,-0.303319641,-0.297847,,,,
144.165686,0.011243,-0.009576,-0.057456,-10.148166,-10.148333,0.00213,-0.00426,0.001065,99424.19,25.98,-0.324538641,-0.319066,,,,
144.176944,0.011257,-0.009576,-0.08379,-10.157742,-10.158092,0.003195,-0.003195,0.00426,99426.66,25.98,-0.334297641,-0.328825,,,,
144.18802,0.011077,0.014364,-0.057456,-10.136196,-10.136369,0,-0.00426,0.003195,99426.66,25.98,-0.312574641,-0.307102,,,,
144.199325,0.011305,-0.045486,-0.093366,-10.145772,-10.146304,0.00213,-0.00426,0.003195,99426.66,25.98,-0.322509641,-0.317037,,,,
144.210419,0.011094,-0.009576,-0.038304,-10.119438,-10.119515,-0.001065,-0.003195,0.00639,99426.66,25.98,-0.295720641,-0.290248,,,,
144.221544,0.011125,-0.055062,-0.038304,-10.164924,-10.165145,0.00426,-0.00426,0.00639,99426.66,25.98,-0.341350641,-0.335878,,,,
144.232732,0.011188,-0.08379,-0.079002,-10.176894,-10.177546,0.001065,-0.005325,0.005325,99426.66,25.98,-0.353751641,-0.348279,,,,
144.243923,0.011191,-0.021546,-0.052668,-10.152954,-10.153113,0.00213,-0.005325,0.00426,99429.45,25.98,-0.329318641,-0.323846,,,,
144.254004,0.010081,-0.093366,-0.055062,-10.155348,-10.155926,0,-0.003195,0.00213,99429.45,25.98,-0.332131641,-0.326659,,,,
144.264109,0.010105,-0.057456,-0.033516,-10.191258,-10.191475,0.001065,-0.00213,0.001065,99429.45,25.98,-0.367680641,-0.362208,,,,
144.274282,0.010173,-0.062244,-0.038304,-10.184076,-10.184338,0.00213,-0.00426,0.00426,99429.45,25.98,-0.360543641,-0.355071,,,,
144.28437,0.010089,-0.057456,-0.004788,-10.212804,-10.212967,0.001065,-0.00639,0.00213,99429.45,25.98,-0.389172641,-0.3837,,,,
144.294488,0.010118,-0.045486,0.014364,-10.231956,-10.232067,0.001065,-0.003195,0.003195,99429.45,25.98,-0.408272641,-0.4028,,,,
144.304664,0.010175,-0.031122,-0.043092,-10.208016,-10.208154,0.001065,-0.007455,0.00426,99429.45,25.98,-0.384359641,-0.378887,,,,
144.31475,0.010087,0.007182,-0.064638,-10.19844,-10.198647,0.003195,-0.00639,0.00213,99429.45,25.98,-0.374852641,-0.36938,,,,
144.324864,0.010114,-0.021546,-0.076608,-10.208016,-10.208326,0.00426,-0.00639,0.001065,99429.45,25.98,-0.384531641,-0.379059,,,,
144.334958,0.010094,-0.016758,-0.112518,-10.188864,-10.189499,0.001065,-0.00639,0.001065,99429.45,25.98,-0.365704641,-0.360232,,,,
144.34675,0.011792,0.026334,-0.138852,-10.19844,-10.199419,0.003195,-0.00639,0.00213,99429.45,25.98,-0.375624641,-0.370152,,,,
144.356866,0.010117,-0.03591,-0.117306,-10.217592,-10.218328,0.003195,-0.00426,0.00639,99429.45,25.98,-0.394533641,-0.389061,,,,
144.367068,0.010201,0.004788,-0.112518,-10.219986,-10.220606,0.00213,-0.003195,-0.001065,99432.2,25.98,-0.396811641,-0.391339,,,,
144.378266,0.011198,-0.021546,-0.129276,-10.208016,-10.208857,0.001065,-0.003195,0.00213,99432.2,25.98,-0.385062641,-0.37959,,,,
144.389341,0.011075,0.045486,-0.081396,-10.265472,-10.265895,0.003195,-0.00426,0.001065,99432.2,25.98,-0.442100641,-0.436628,,,,
144.400549,0.011208,-0.079002,-0.158004,-10.265472,-10.266992,0.005325,-0.005325,0.003195,99432.2,25.98,-0.443197641,-0.437725,,,,
144.411756,0.011208,-0.004788,-0.064638,-10.279836,-10.28004,-0.00426,-0.001065,0.001065,99432.2,25.98,-0.456245641,-0.450773,,,,
144.423733,0.011977,-0.031122,-0.1197,-10.287018,-10.287761,0.007455,-0.007455,0.001065,99432.2,25.98,-0.463966641,-0.458494,,,,
144.43487,0.011137,-0.079002,-0.050274,-10.267866,-10.268293,-0.005325,0,0.00213,99434.99,25.98,-0.444498641,-0.439026,,,,
144.445318,0.010448,-0.045486,-0.09576,-10.24632,-10.246868,0.00213,-0.00639,0.00213,99434.99,25.98,-0.423073641,-0.417601,,,,
144.45652,0.011202,-0.043092,-0.08379,-10.289412,-10.289843,0.003195,-0.00426,0,99434.99,25.98,-0.466048641,-0.460576,,,,
144.467693,0.011173,-0.069426,-0.10773,-10.24632,-10.247122,0.00426,-0.005325,0.001065,99434.99,25.98,-0.423327641,-0.417855,,,,
144.478974,0.011282,-0.055062,-0.105336,-10.30617,-10.306855,0.001065,-0.005325,0.00213,99434.99,25.98,-0.483060641,-0.477588,,,,
144.489987,0.011012,-0.079002,-0.122094,-10.301382,-10.302408,0.00213,-0.00426,0.00213,99434.99,25.98,-0.478613641,-0.473141,,,,
144.501339,0.011352,-0.014364,-0.064638,-10.251108,-10.251322,-0.00213,-0.005325,0,99437.61,25.98,-0.427527641,-0.422055,,,,
144.512317,0.010978,-0.055062,-0.028728,-10.34208,-10.342266,0.003195,-0.00426,0,99437.61,25.98,-0.518471641,-0.512999,,,,
144.523576,0.011259,-0.076608,-0.028728,-10.301382,-10.301707,0.003195,-0.003195,0.001065,99437.61,25.98,-0.477912641,-0.47244,,,,
144.534775,0.011198,-0.021546,0.014364,-10.310958,-10.310991,0.00213,-0.005325,0.003195,99437.61,25.98,-0.487196641,-0.481724,,,,
144.545896,0.011122,0.007182,0.004788,-10.313352,-10.313356,0.001065,-0.005325,0,99437.61,25.98,-0.489561641,-0.484089,,,,
144.5571,0.011203,-0.009576,-0.05985,-10.30617,-10.306348,0.001065,-0.00639,-0.001065,99440.25,25.98,-0.482553641,-0.477081,,,,
144.568294,0.011194,-0.033516,-0.110124,-10.25829,-10.258936,0,-0.003195,0.001065,99440.25,25.98,-0.435141641,-0.429669,,,,
144.579575,0.011281,0.045486,-0.045486,-10.368414,-10.368614,0.00213,-0.005325,0.001065,99440.25,25.98,-0.544819641,-0.539347,,,,
144.590743,0.011168,-0.002394,-0.100548,-10.322928,-10.323418,0,-0.00213,-0.001065,99440.25,25.98,-0.499623641,-0.494151,,,,
144.601877,0.011133,-0.014364,-0.033516,-10.33011,-10.330174,-0.00213,-0.003195,0,99440.25,25.98,-0.506379641,-0.500907,,,,
144.613325,0.011449,-0.021546,-0.090972,-10.332504,-10.332927,0.001065,-0.003195,0,99440.25,25.98,-0.509132641,-0.50366,,,,
144.624276,0.010951,0.021546,-0.043092,-10.315746,-10.315859,0.001065,-0.00426,0.001065,99442.98,25.98,-0.492064641,-0.486592,,,,
144.635429,0.011153,-0.09576,-0.064638,-10.313352,-10.313999,0.001065,-0.005325,0.003195,99442.98,25.98,-0.490204641,-0.484732,,,,
144.646609,0.01118,-0.062244,-0.033516,-10.387566,-10.387807,0.001065,-0.005325,0.00213,99442.98,25.98,-0.564012641,-0.55854,,,,
144.657927,0.011318,-0.10773,-0.088578,-10.385172,-10.386108,0.00213,-0.005325,0.00213,99442.98,25.98,-0.562313641,-0.556841,,,,
144.668949,0.011022,-0.040698,-0.057456,-10.382778,-10.383017,-0.00213,-0.00213,0.00213,99442.98,25.98,-0.559222641,-0.55375,,,,
144.680122,0.011174,-0.136458,-0.112518,-10.351656,-10.353167,0.003195,-0.00639,0,99442.98,25.98,-0.529372641,-0.5239,,,,
144.691395,0.011272,-0.079002,-0.098154,-10.349262,-10.350029,0,-0.00426,0,99442.98,25.98,-0.526234641,-0.520762,,,,
144.702545,0.01115,-0.038304,-0.05985,-10.2942,-10.294445,0.001065,-0.00426,0,99442.98,25.98,-0.470650641,-0.465178,,,,
144.713733,0.011188,0.021546,-0.165186,-10.373202,-10.37454,0.001065,-0.00639,0.001065,99442.98,25.98,-0.550745641,-0.545273,,,,
144.724889,0.011156,-0.100548,-0.076608,-10.382778,-10.383547,0.00213,-0.005325,0,99442.98,25.98,-0.559752641,-0.55428,,,,
144.736054,0.011165,0.031122,-0.201096,-10.373202,-10.375198,0,-0.005325,-0.001065,99442.98,25.98,-0.551403641,-0.545931,,,,
144.747325,0.011271,-0.086184,-0.158004,-10.349262,-10.350827,0.00426,-0.005325,0.00213,99442.98,25.98,-0.527032641,-0.52156,,,,
144.758727,0.011402,-0.002394,-0.1197,-10.370808,-10.371499,0.00426,-0.00426,0.00213,99445.71,25.98,-0.547704641,-0.542232,,,,
144.769576,0.01085,-0.045486,-0.174762,-10.2942,-10.295784,0.003195,-0.00852,0,99445.71,25.98,-0.471989641,-0.466517,,,,
144.780787,0.011211,-0.045486,-0.079002,-10.346868,-10.34727,0,-0.003195,0.001065,99445.71,25.98,-0.523475641,-0.518003,,,,
144.791973,0.011186,0.043092,-0.1197,-10.279836,-10.280623,0.00213,-0.003195,0.003195,99445.71,25.98,-0.456828641,-0.451356,,,,
144.803182,0.011209,-0.033516,-0.172368,-10.310958,-10.312453,0.00426,-0.00639,-0.00213,99445.71,25.98,-0.488658641,-0.483186,,,,
144.814394,0.011212,-0.026334,-0.114912,-10.337292,-10.337964,0.003195,-0.005325,0.00426,99448.5,25.98,-0.514169641,-0.508697,,,,
144.824526,0.010132,-0.004788,-0.1197,-10.28223,-10.282928,0,-0.005325,0.001065,99448.5,25.98,-0.459133641,-0.453661,,,,
144.834607,0.010081,-0.002394,-0.067032,-10.30617,-10.306388,0.00213,-0.00426,0.00213,99448.5,25.98,-0.482593641,-0.477121,,,,
144.844691,0.010084,-0.038304,-0.088578,-10.296594,-10.297046,0.00213,-0.00426,0.003195,99448.5,25.98,-0.473251641,-0.467779,,,,
144.85491,0.010219,0.019152,0,-10.320534,-10.320552,0.001065,-0.003195,0.00426,99448.5,25.98,-0.496757641,-0.491285,,,,
144.865012,0.010102,-0.007182,-0.016758,-10.277442,-10.277458,0,-0.00426,0.003195,99448.5,25.98,-0.453663641,-0.448191,,,,
144.875107,0.010095,-0.07182,-0.04788,-10.251108,-10.251471,0.001065,-0.00639,0.00426,99448.5,25.98,-0.427676641,-0.422204,,,,
144.885189,0.010083,-0.026334,0.021546,-10.28223,-10.282286,0.003195,0,0,99451.23,25.98,-0.458491641,-0.453019,,,,
144.895379,0.01019,0,0.016758,-10.291806,-10.29182,-0.001065,-0.005325,0.003195,99451.23,25.98,-0.468025641,-0.462553,,,,
144.905516,0.010137,-0.07182,-0.016758,-10.298988,-10.299252,0.00213,-0.007455,0.00213,99451.23,25.98,-0.475457641,-0.469985,,,,
144.91563,0.010113,-0.050274,0,-10.277442,-10.277565,0,-0.005325,0.001065,99451.23,25.98,-0.453770641,-0.448298,,,,
144.925723,0.010093,0.014364,-0.004788,-10.296594,-10.296605,-0.001065,-0.005325,0.001065,99451.23,25.98,-0.472810641,-0.467338,,,,
144.935827,0.010104,-0.040698,-0.09576,-10.30617,-10.306695,0.001065,-0.005325,0,99451.23,25.98,-0.482900641,-0.477428,,,,
144.94592,0.010093,0.004788,0.016758,-10.34208,-10.342095,-0.001065,-0.00213,0.001065,99453.85,25.98,-0.518300641,-0.512828,,,,
144.956003,0.010083,0.02394,-0.079002,-10.28223,-10.282561,0.00426,-0.00426,0.00213,99453.85,25.98,-0.458766641,-0.453294,,,,
144.966085,0.010082,0.033516,-0.136458,-10.34208,-10.343035,-0.003195,-0.003195,0.003195,99453.85,25.98,-0.519240641,-0.513768,,,,
144.976176,0.010091,0.026334,-0.076608,-10.351656,-10.351973,0.001065,-0.00213,0.00213,99453.85,25.98,-0.528178641,-0.522706,,,,
144.986278,0.010102,-0.004788,-0.136458,-10.322928,-10.323831,-0.003195,-0.009585,0.001065,99453.85,25.98,-0.500036641,-0.494564,,,,
144.996373,0.010095,0.016758,-0.141246,-10.327716,-10.328695,-0.001065,-0.003195,0.00213,99453.85,25.98,-0.504900641,-0.499428,,,,
145.006482,0.010109,-0.02394,-0.162792,-10.35405,-10.355357,0.003195,-0.00639,0.00213,99453.85,25.98,-0.531562641,-0.52609,,,,
145.01664,0.010157,0,-0.079002,-10.344474,-10.344776,-0.00213,-0.00426,0.00426,99453.85,25.98,-0.520981641,-0.515509,,,,
145.026739,0.010099,-0.007182,-0.105336,-10.37799,-10.378527,0.00213,-0.00426,0.003195,99453.85,25.98,-0.554732641,-0.54926,,,,
145.036849,0.01011,-0.040698,-0.062244,-10.363626,-10.363893,-0.00213,-0.003195,0.003195,99453.85,25.98,-0.540098641,-0.534626,,,,
145.046987,0.010138,-0.040698,-0.105336,-10.34208,-10.342696,0.003195,-0.005325,0.001065,99453.85,25.98,-0.518901641,-0.513429,,,,
145.057096,0.010108,-0.074214,-0.040698,-10.344474,-10.34482,-0.00213,-0.005325,0.00213,99453.85,25.98,-0.521025641,-0.515553,,,,
145.067186,0.01009,-0.064638,-0.102942,-10.315746,-10.316462,0.003195,-0.005325,0.00426,99453.85,25.98,-0.492667641,-0.487195,,,,
145.077292,0.010106,-0.10773,-0.033516,-10.339686,-10.340302,0.001065,-0.00639,0.001065,99456.66,25.98,-0.516507641,-0.511035,,,,
145.087375,0.010083,-0.050274,-0.1197,-10.325322,-10.326138,0.001065,-0.003195,0.00213,99456.66,25.98,-0.502343641,-0.496871,,,,
145.097492,0.010118,-0.050274,-0.074214,-10.322928,-10.323317,0,-0.00426,0.005325,99456.66,25.98,-0.499522641,-0.49405,,,,
145.1076,0.010108,-0.043092,-0.074214,-10.301382,-10.301739,0.001065,-0.00426,0.00213,99456.66,25.98,-0.477944641,-0.472472,,,,
145.117692,0.010092,-0.052668,-0.076608,-10.332504,-10.332922,0.001065,-0.007455,0.001065,99456.66,25.98,-0.509127641,-0.503655,,,,
145.128054,0.010362,-0.01197,-0.102942,-10.289412,-10.289934,0.00213,-0.00426,0.00213,99456.66,25.98,-0.466139641,-0.460667,,,,
145.138164,0.01011,-0.02394,-0.09576,-10.31814,-10.318612,0,-0.00426,0.003195,99459.34,25.98,-0.494817641,-0.489345,,,,
145.148263,0.010098,-0.02394,-0.124488,-10.291806,-10.292587,0,-0.00426,0.00213,99459.34,25.98,-0.468792641,-0.46332,,,,
145.158356,0.010093,-0.019152,-0.074214,-10.275048,-10.275334,0.00426,-0.00426,0.00213,99459.34,25.98,-0.451539641,-0.446067,,,,
145.168498,0.010142,-0.026334,-0.102942,-10.289412,-10.289961,0,-0.00213,0,99459.34,25.98,-0.466166641,-0.460694,,,,
145.178588,0.01009,-0.052668,-0.064638,-10.315746,-10.316083,0.001065,-0.005325,0.00213,99459.34,25.98,-0.492288641,-0.486816,,,,
145.188723,0.010136,0.002394,-0.052668,-10.301382,-10.301517,0.003195,-0.00213,0.00213,99459.34,25.98,-0.477722641,-0.47225,,,,
145.198812,0.010088,-0.026334,-0.019152,-10.337292,-10.337343,0.001065,-0.00639,0.00213,99459.34,25.98,-0.513548641,-0.508076,,,,
145.208908,0.010096,-0.052668,-0.09576,-10.320534,-10.321113,0.00213,-0.005325,0.001065,99462.14,25.98,-0.497318641,-0.491846,,,,
145.219015,0.010107,-0.002394,-0.028728,-10.308564,-10.308604,0.001065,-0.00213,0.001065,99462.14,25.98,-0.484809641,-0.479337,,,,
145.229118,0.010103,-0.01197,-0.074214,-10.320534,-10.320808,0.00213,-0.003195,0,99462.14,25.98,-0.497013641,-0.491541,,,,
145.239247,0.010129,0.014364,-0.093366,-10.325322,-10.325754,-0.00213,-0.00213,0.001065,99462.14,25.98,-0.501959641,-0.496487,,,,
145.249338,0.010091,-0.007182,-0.074214,-10.344474,-10.344743,0.003195,-0.00852,0.003195,99462.14,25.98,-0.520948641,-0.515476,,,,
145.259441,0.010103,0,-0.055062,-10.363626,-10.363772,0.001065,-0.005325,0.003195,99462.14,25.98,-0.539977641,-0.534505,,,,
145.269737,0.010296,-0.028728,-0.057456,-10.361232,-10.361431,0.00213,-0.00639,0.003195,99464.73,25.99,-0.537636641,-0.532164,,,,
145.279846,0.01011,0.031122,-0.090972,-10.308564,-10.309012,-0.001065,-0.00426,0.00213,99464.73,25.99,-0.485217641,-0.479745,,,,
145.289936,0.010089,-0.043092,-0.090972,-10.373202,-10.37369,0.005325,-0.00639,0.005325,99464.73,25.99,-0.549895641,-0.544423,,,,
145.300022,0.010086,0.01197,-0.09576,-10.289412,-10.289865,0,-0.005325,0.00426,99464.73,25.99,-0.466070641,-0.460598,,,,
145.31012,0.010098,-0.069426,-0.057456,-10.334898,-10.335291,0.003195,-0.00639,0.00639,99464.73,25.99,-0.511496641,-0.506024,,,,
145.320243,0.010124,0.033516,-0.076608,-10.303776,-10.304115,0.001065,-0.00213,0.00213,99464.73,25.99,-0.480320641,-0.474848,,,,
145.330351,0.010108,-0.062244,-0.050274,-10.349262,-10.349571,0,-0.00639,0.001065,99464.73,25.99,-0.525776641,-0.520304,,,,
145.340611,0.010259,0,-0.050274,-10.298988,-10.299111,0.00213,-0.00426,0.00426,99464.73,25.99,-0.475316641,-0.469844,,,,
145.350705,0.010094,-0.086184,-0.04788,-10.37799,-10.378458,0.00213,-0.003195,0,99464.73,25.99,-0.554663641,-0.549191,,,,
145.3608,0.010095,-0.009576,-0.062244,-10.30617,-10.306362,0.00213,-0.00639,0.001065,99464.73,25.99,-0.482567641,-0.477095,,,,
145.3709,0.010101,-0.055062,-0.057456,-10.322928,-10.323235,0.00213,-0.00426,0.001065,99464.73,25.99,-0.499440641,-0.493968,,,,
145.381031,0.010131,0.007182,-0.114912,-10.315746,-10.316389,0.001065,-0.007455,0.003195,99464.73,25.99,-0.492594641,-0.487122,,,,
145.391149,0.010118,-0.088578,-0.088578,-10.346868,-10.347626,0.001065,-0.005325,0,99464.73,25.99,-0.523831641,-0.518359,,,,
145.40127,0.01012,0.057456,-0.09576,-10.325322,-10.325926,0.00213,-0.005325,0.001065,99467.39,25.99,-0.502131641,-0.496659,,,,
145.411366,0.010096,-0.129276,-0.100548,-10.334898,-10.336196,0.003195,-0.00852,0.003195,99467.39,25.99,-0.512401641,-0.506929,,,,
145.421513,0.010147,-0.019152,-0.093366,-10.315746,-10.316186,-0.00213,-0.00426,0.001065,99467.39,25.99,-0.492391641,-0.486919,,,,
145.431693,0.01018,-0.004788,-0.114912,-10.30617,-10.306812,0.003195,-0.005325,0,99467.39,25.99,-0.483017641,-0.477545,,,,
145.441784,0.010092,-0.057456,-0.129276,-10.334898,-10.335866,0.001065,-0.001065,0.00426,99467.39,25.99,-0.512071641,-0.506599,,,,
145.452328,0.010544,-0.052668,-0.141246,-10.322928,-10.324029,0.00426,-0.00852,0.003195,99467.39,25.99,-0.500234641,-0.494762,,,,
145.462643,0.010315,-0.019152,-0.110124,-10.368414,-10.369016,-0.001065,-0.00426,0.00426,99470.06,25.99,-0.545221641,-0.539749,,,,
145.472747,0.010104,-0.038304,-0.08379,-10.34208,-10.34249,0.005325,-0.007455,0.00426,99470.06,25.99,-0.518695641,-0.513223,,,,
145.482855,0.010108,-0.028728,-0.069426,-10.351656,-10.351929,0,-0.00213,0,99470.06,25.99,-0.528134641,-0.522662,,,,
145.492982,0.010127,0.021546,-0.03591,-10.346868,-10.346953,0.003195,-0.00639,0.003195,99470.06,25.99,-0.523158641,-0.517686,,,,
145.503118,0.010136,-0.098154,-0.10773,-10.339686,-10.340713,0.00426,-0.005325,0.001065,99470.06,25.99,-0.516918641,-0.511446,,,,
145.513254,0.010136,-0.038304,-0.021546,-10.298988,-10.299082,-0.001065,-0.003195,0.00426,99470.06,25.99,-0.475287641,-0.469815,,,,
145.523346,0.010092,0.002394,-0.114912,-10.279836,-10.280479,0.007455,-0.00852,0.003195,99472.69,25.99,-0.456684641,-0.451212,,,,
145.533481,0.010136,0,-0.086184,-10.339686,-10.340045,-0.00639,0,0.00213,99472.69,25.99,-0.516250641,-0.510778,,,,
145.543659,0.010178,-0.031122,-0.098154,-10.35405,-10.354562,0.00639,-0.01065,0.00213,99472.69,25.99,-0.530767641,-0.525295,,,,
145.553875,0.010216,0.009576,-0.08379,-10.33011,-10.330454,-0.00426,0.001065,0.003195,99472.69,25.99,-0.506659641,-0.501187,,,,
145.564167,0.010292,-0.021546,-0.114912,-10.301382,-10.302045,0.005325,-0.01065,0.00213,99472.69,25.99,-0.478250641,-0.472778,,,,
145.574472,0.010305,0.019152,-0.07182,-10.28223,-10.282499,0,-0.00213,0.00213,99472.69,25.99,-0.458704641,-0.453232,,,,
145.584563,0.010091,-0.014364,-0.067032,-10.325322,-10.32555,0.00426,-0.009585,0.003195,99475.19,25.99,-0.501755641,-0.496283,,,,
145.594644,0.010082,-0.009576,-0.117306,-10.339686,-10.340356,0.00213,-0.00639,0.00213,99475.19,25.99,-0.516561641,-0.511089,,,,
145.604878,0.010234,-0.016758,-0.067032,-10.33011,-10.330341,-0.001065,-0.001065,0.00213,99475.19,25.99,-0.506546641,-0.501074,,,,
145.614974,0.010096,-0.016758,-0.04788,-10.351656,-10.35178,0.003195,0,0.00213,99475.19,25.99,-0.527985641,-0.522513,,,,
145.625103,0.010129,-0.055062,0.014364,-10.301382,-10.301539,0.005325,-0.007455,0.001065,99475.19,25.99,-0.477744641,-0.472272,,,,
145.635262,0.010158,-0.04788,-0.090972,-10.337292,-10.337803,0,-0.003195,0.003195,99475.19,25.99,-0.514008641,-0.508536,,,,
145.645355,0.010093,-0.019152,0.01197,-10.277442,-10.277467,0.001065,-0.003195,0,99475.19,25.99,-0.453672641,-0.4482,,,,
145.655488,0.010133,-0.07182,-0.13167,-10.289412,-10.290505,0.005325,-0.005325,0.00213,99477.86,25.99,-0.466710641,-0.461238,,,,
145.665576,0.010089,-0.004788,-0.03591,-10.284624,-10.284688,-0.003195,0,0.003195,99477.86,25.99,-0.460893641,-0.455421,,,,
145.676105,0.010528,-0.043092,-0.13167,-10.277442,-10.278376,0.007455,-0.009585,0.00426,99477.86,25.99,-0.454581641,-0.449109,,,,
145.68683,0.010726,0.026334,-0.055062,-10.332504,-10.332684,-0.001065,-0.00213,0.00213,99477.86,25.99,-0.508889641,-0.503417,,,,
145.698033,0.011203,-0.045486,-0.064638,-10.308564,-10.308867,0.00213,-0.005325,0,99477.86,25.99,-0.485072641,-0.4796,,,,
145.709136,0.011103,0.007182,-0.074214,-10.31814,-10.318409,0.001065,-0.001065,0.001065,99477.86,25.99,-0.494614641,-0.489142,,,,
145.720312,0.011175,-0.014364,-0.067032,-10.310958,-10.311186,0.00213,-0.00639,0.00426,99477.86,25.99,-0.487391641,-0.481919,,,,
145.731633,0.011321,-0.016758,-0.05985,-10.30617,-10.306357,0,-0.005325,0.003195,99477.86,25.99,-0.482562641,-0.47709,,,,
145.741735,0.010103,-0.062244,-0.126882,-10.298988,-10.299958,0.00426,-0.00852,0.00426,99477.86,25.99,-0.476163641,-0.470691,,,,
145.753932,0.012197,-0.043092,-0.028728,-10.327716,-10.327846,-0.001065,-0.001065,0.003195,99477.86,25.99,-0.504051641,-0.498579,,,,
145.765084,0.011151,-0.057456,-0.081396,-10.346868,-10.347348,0.003195,-0.00852,0.00213,99477.86,25.99,-0.523553641,-0.518081,,,,
145.776258,0.011175,-0.033516,0.002394,-10.363626,-10.36368,-0.001065,-0.001065,0.00426,99480.62,25.99,-0.539885641,-0.534413,,,,
145.787468,0.011209,-0.07182,-0.050274,-10.37799,-10.37836,0.003195,-0.007455,0.00426,99480.62,25.99,-0.554565641,-0.549093,,,,
145.79867,0.011202,-0.064638,-0.038304,-10.358838,-10.35911,0,-0.005325,0.001065,99480.62,25.99,-0.535315641,-0.529843,,,,
145.809902,0.011232,-0.045486,-0.098154,-10.356444,-10.357009,0.00213,-0.009585,0.003195,99480.62,25.99,-0.533214641,-0.527742,,,,
145.821021,0.011119,0.004788,-0.110124,-10.327716,-10.328304,0.001065,-0.003195,0,99480.62,25.99,-0.504509641,-0.499037,,,,
145.832988,0.011967,-0.076608,-0.124488,-10.361232,-10.362263,0.005325,-0.00639,0.001065,99480.62,25.99,-0.538468641,-0.532996,,,,
145.844067,0.011079,0.02394,-0.153216,-10.358838,-10.359999,-0.003195,-0.00213,0.00426,99483.01,25.99,-0.536204641,-0.530732,,,,
145.855168,0.011101,-0.052668,-0.09576,-10.334898,-10.335476,0.003195,-0.009585,0,99483.01,25.99,-0.511681641,-0.506209,,,,
145.865681,0.010513,0.028728,-0.150822,-10.33011,-10.331251,-0.001065,-0.001065,0.00213,99483.01,25.99,-0.507456641,-0.501984,,,,
145.87706,0.011379,-0.03591,-0.088578,-10.313352,-10.313795,0.005325,-0.00426,0.003195,99483.01,25.99,-0.490000641,-0.484528,,,,
145.888064,0.011005,0.026334,-0.122094,-10.2942,-10.294958,0,-0.007455,0.00213,99483.01,25.99,-0.471163641,-0.465691,,,,
145.899403,0.011339,-0.026334,-0.138852,-10.35405,-10.355014,0.00213,-0.00639,0.00213,99483.01,25.99,-0.531219641,-0.525747,,,,
145.910515,0.011112,-0.002394,-0.10773,-10.30617,-10.306733,-0.001065,-0.005325,0.00213,99485.61,25.99,-0.482938641,-0.477466,,,,
145.921727,0.011211,-0.05985,-0.08379,-10.322928,-10.323442,0.003195,-0.00426,0.001065,99485.61,25.99,-0.499647641,-0.494175,,,,
145.93277,0.011044,-0.026334,-0.08379,-10.332504,-10.332877,-0.00213,-0.00213,0.00426,99485.61,25.99,-0.509082641,-0.50361,,,,
145.943959,0.011189,-0.052668,-0.045486,-10.349262,-10.349496,0.00426,-0.00639,0.003195,99485.61,25.99,-0.525701641,-0.520229,,,,
145.955321,0.011362,-0.014364,-0.028728,-10.344474,-10.344524,-0.001065,-0.00426,0.003195,99485.61,25.99,-0.520729641,-0.515257,,,,
145.966429,0.011109,-0.105336,-0.014364,-10.332504,-10.333051,0.001065,-0.00639,0.00213,99485.61,25.99,-0.509256641,-0.503784,,,,
145.977763,0.011334,-0.019152,-0.074214,-10.322928,-10.323213,0.00213,-0.003195,0,99488.31,25.99,-0.499418641,-0.493946,,,,
145.989575,0.011812,-0.086184,-0.002394,-10.332504,-10.332864,0.001065,-0.00639,0.001065,99488.31,25.99,-0.509069641,-0.503597,,,,
145.999954,0.010378,-0.038304,-0.102942,-10.349262,-10.349845,0,-0.00426,0,99488.31,25.99,-0.526050641,-0.520578,,,,
146.011176,0.011223,0.004788,-0.064638,-10.334898,-10.335101,-0.001065,-0.001065,0.003195,99488.31,25.99,-0.511306641,-0.505834,,,,
146.022335,0.011158,-0.014364,-0.086184,-10.344474,-10.344843,0.005325,-0.007455,0.001065,99488.31,25.99,-0.521048641,-0.515576,,,,
146.0336,0.011265,-0.009576,-0.088578,-10.351656,-10.352039,-0.003195,-0.001065,0.00213,99488.31,25.99,-0.528244641,-0.522772,,,,
146.044614,0.011015,0.009576,-0.093366,-10.322928,-10.323355,0.00213,-0.007455,0.00213,99488.31,25.99,-0.499560641,-0.494088,,,,
146.055828,0.011214,0.01197,-0.10773,-10.315746,-10.316315,0.001065,-0.00426,0.00213,99488.31,25.99,-0.492520641,-0.487048,,,,
146.067085,0.011257,0.009576,-0.124488,-10.320534,-10.321289,0.005325,-0.00852,0.00213,99488.31,25.99,-0.497494641,-0.492022,,,,
146.079118,0.012033,-0.028728,-0.124488,-10.325322,-10.326112,-0.00213,-0.00426,0.003195,99488.31,25.99,-0.502317641,-0.496845,,,,
146.090001,0.010883,-0.038304,-0.102942,-10.334898,-10.335482,0.00426,-0.007455,0.00213,99488.31,25.99,-0.511687641,-0.506215,,,,
146.100589,0.010589,-0.004788,-0.088578,-10.34208,-10.34246,0.001065,-0.00213,0.005325,99491.01,25.99,-0.518665641,-0.513193,,,,
146.111752,0.011162,-0.062244,-0.050274,-10.36602,-10.366329,0.00426,-0.00639,0.00639,99491.01,25.99,-0.542534641,-0.537062,,,,
146.122974,0.011222,-0.064638,-0.021546,-10.337292,-10.337517,-0.00213,-0.00426,0.003195,99491.01,25.99,-0.513722641,-0.50825,,,,
146.134211,0.011237,-0.081396,0.009576,-10.332504,-10.332829,0.001065,-0.003195,0.001065,99491.01,25.99,-0.509034641,-0.503562,,,,
146.145345,0.011134,-0.05985,-0.021546,-10.382778,-10.382973,0.003195,-0.005325,0.003195,99491.01,25.99,-0.559178641,-0.553706,,,,
146.1565,0.011155,-0.069426,-0.033516,-10.327716,-10.328004,0.001065,-0.00426,0.003195,99491.01,25.99,-0.504209641,-0.498737,,,,
146.167693,0.011193,-0.138852,-0.086184,-10.368414,-10.369702,0.001065,-0.009585,0,99493.5,25.99,-0.545907641,-0.540435,,,,
146.179081,0.011388,0.02394,-0.076608,-10.327716,-10.328028,-0.001065,-0.00213,-0.001065,99493.5,25.99,-0.504233641,-0.498761,,,,
146.189564,0.010483,-0.002394,-0.100548,-10.272654,-10.273146,0.00426,-0.009585,0.001065,99493.5,25.99,-0.449351641,-0.443879,,,,
146.199646,0.010083,-0.002394,-0.088578,-10.332504,-10.332884,0.001065,-0.003195,0.005325,99493.5,25.99,-0.509089641,-0.503617,,,,
146.209747,0.010101,0.031122,-0.088578,-10.334898,-10.335324,0.00426,-0.00639,0.003195,99493.5,25.99,-0.511529641,-0.506057,,,,
146.219984,0.010237,0.021546,-0.112518,-10.380384,-10.381016,0,-0.003195,0.001065,99493.5,25.99,-0.557221641,-0.551749,,,,
146.23008,0.010096,-0.021546,-0.14364,-10.308564,-10.309587,0.00639,-0.00639,0.001065,99495.95,25.99,-0.485792641,-0.48032,,,,
146.24018,0.0101,-0.009576,-0.136458,-10.313352,-10.314259,0.001065,-0.001065,0.00213,99495.95,25.99,-0.490464641,-0.484992,,,,
146.250266,0.010085,-0.019152,-0.124488,-10.301382,-10.302152,0.00426,-0.005325,0.00426,99495.95,25.99,-0.478357641,-0.472885,,,,
146.260363,0.010097,-0.04788,-0.086184,-10.332504,-10.332974,-0.00213,-0.003195,0.00426,99495.95,25.99,-0.509179641,-0.503707,,,,
146.270474,0.010111,-0.050274,-0.088578,-10.351656,-10.352157,0.00426,-0.00213,0.00213,99495.95,25.99,-0.528362641,-0.52289,,,,
146.280571,0.010098,-0.05985,-0.055062,-10.334898,-10.335218,0.00213,-0.00639,0.003195,99495.95,25.99,-0.511423641,-0.505951,,,,
146.290671,0.0101,-0.04788,-0.009576,-10.332504,-10.332619,0.001065,-0.005325,0.00213,99498.49,25.99,-0.508824641,-0.503352,,,,
146.300784,0.010112,-0.031122,-0.04788,-10.30617,-10.306328,0.00213,-0.00639,0.00213,99498.49,25.99,-0.482533641,-0.477061,,,,
146.310876,0.010092,-0.081396,0.016758,-10.370808,-10.371141,0.001065,-0.003195,0.003195,99498.49,25.99,-0.547346641,-0.541874,,,,
146.320971,0.010095,-0.076608,-0.074214,-10.337292,-10.337842,0.001065,-0.00639,0.001065,99498.49,25.99,-0.514047641,-0.508575,,,,
146.331083,0.010112,-0.043092,-0.098154,-10.313352,-10.313909,-0.001065,-0.00426,0.00213,99498.49,25.99,-0.490114641,-0.484642,,,,
146.341174,0.010091,-0.033516,-0.004788,-10.30617,-10.306226,0,-0.005325,0,99498.49,25.99,-0.482431641,-0.476959,,,,
146.351258,0.010084,-0.086184,-0.098154,-10.36602,-10.366843,0.00426,-0.005325,0.001065,99498.49,25.99,-0.543048641,-0.537576,,,,
146.361463,0.010205,0.002394,-0.100548,-10.33011,-10.3306,0.00213,-0.00426,0.001065,99498.49,25.99,-0.506805641,-0.501333,,,,
146.371559,0.010097,-0.055062,-0.05985,-10.356444,-10.356763,0.00213,-0.003195,0.001065,99498.49,25.99,-0.532968641,-0.527496,,,,
146.381655,0.010095,0.026334,-0.1197,-10.320534,-10.321262,0.003195,-0.00852,-0.001065,99498.49,25.99,-0.497467641,-0.491995,,,,
146.391946,0.010291,-0.009576,-0.105336,-10.346868,-10.347409,0.00213,-0.005325,-0.001065,99498.49,25.99,-0.523614641,-0.518142,,,,
146.40205,0.010105,0.01197,-0.100548,-10.344474,-10.34497,0.001065,-0.00426,-0.001065,99498.49,25.99,-0.521175641,-0.515703,,,,
146.412187,0.010137,-0.040698,-0.177156,-10.30617,-10.307773,0.00426,-0.00639,0.003195,99498.49,25.99,-0.483978641,-0.478506,,,,
146.422282,0.010095,0.009576,-0.105336,-10.284624,-10.285168,-0.001065,-0.00426,0.003195,99500.99,25.99,-0.461373641,-0.455901,,,,
146.432466,0.010184,0.009576,-0.122094,-10.308564,-10.309291,0.00213,-0.005325,0.001065,99500.99,25.99,-0.485496641,-0.480024,,,,
146.442563,0.010096,-0.031122,-0.112518,-10.315746,-10.316407,0.001065,-0.003195,0.00213,99500.99,25.99,-0.492612641,-0.48714,,,,
146.452735,0.010172,-0.007182,-0.043092,-10.327716,-10.327808,0.001065,-0.00639,0.001065,99500.99,25.99,-0.504013641,-0.498541,,,,
146.462861,0.010126,-0.031122,-0.100548,-10.344474,-10.345009,0,-0.00426,0.001065,99500.99,25.99,-0.521214641,-0.515742,,,,
146.472967,0.010106,-0.069426,-0.02394,-10.337292,-10.337553,0.00426,-0.00426,0.00213,99500.99,25.99,-0.513758641,-0.508286,,,,
146.483072,0.010105,-0.033516,-0.043092,-10.332504,-10.332648,0.001065,-0.00639,0.001065,99500.99,25.99,-0.508853641,-0.503381,,,,
146.493306,0.010235,-0.016758,-0.050274,-10.344474,-10.34461,0.003195,-0.005325,-0.001065,99503.47,25.99,-0.520815641,-0.515343,,,,
146.50383,0.010524,-0.07182,-0.045486,-10.332504,-10.332854,0,-0.00213,0.00213,99503.47,25.99,-0.509059641,-0.503587,,,,
146.513918,0.010088,-0.045486,-0.086184,-10.301382,-10.301843,0,-0.005325,0.001065,99503.47,25.99,-0.478048641,-0.472576,,,,
146.524024,0.010106,-0.045486,-0.028728,-10.327716,-10.327856,0.00213,-0.00426,0.00213,99503.47,25.99,-0.504061641,-0.498589,,,,
146.534121,0.010097,-0.05985,-0.01197,-10.385172,-10.385351,-0.001065,-0.001065,0.001065,99503.47,25.99,-0.561556641,-0.556084,,,,
146.544225,0.010104,-0.052668,-0.10773,-10.31814,-10.318837,0.005325,-0.00852,0,99503.47,25.99,-0.495042641,-0.48957,,,,
146.554323,0.010097,-0.01197,-0.009576,-10.308564,-10.308575,-0.00426,-0.001065,0.003195,99505.73,25.99,-0.484780641,-0.479308,,,,
146.564431,0.010108,-0.014364,-0.102942,-10.315746,-10.31627,0.00426,-0.007455,0.001065,99505.73,25.99,-0.492475641,-0.487003,,,,
146.574525,0.010094,-0.007182,-0.100548,-10.322928,-10.32342,0,-0.00426,0,99505.73,25.99,-0.499625641,-0.494153,,,,
146.584626,0.010101,0.031122,-0.100548,-10.277442,-10.277981,0.003195,-0.00426,0.001065,99505.73,25.99,-0.454186641,-0.448714,,,,
146.594722,0.010097,-0.007182,-0.129276,-10.332504,-10.333315,0,-0.005325,0.001065,99505.73,25.99,-0.509520641,-0.504048,,,,
146.604833,0.010111,0.031122,-0.148428,-10.310958,-10.312073,0.003195,-0.003195,0.003195,99505.73,25.99,-0.488278641,-0.482806,,,,
146.614919,0.010086,0.004788,-0.057456,-10.320534,-10.320695,0,-0.005325,0.001065,99507.92,25.99,-0.496900641,-0.491428,,,,
146.625009,0.01009,0.040698,-0.138852,-10.279836,-10.280854,0.003195,-0.00426,0.00426,99507.92,25.99,-0.457059641,-0.451587,,,,
146.635104,0.010096,-0.045486,-0.04788,-10.334898,-10.335109,0.00213,0,0,99507.92,25.99,-0.511314641,-0.505842,,,,
146.645213,0.010109,-0.02394,-0.04788,-10.337292,-10.337431,0.001065,-0.003195,0.00213,99507.92,25.99,-0.513636641,-0.508164,,,,
146.655302,0.010089,-0.03591,-0.110124,-10.344474,-10.345122,0.00426,-0.00426,-0.001065,99507.92,25.99,-0.521327641,-0.515855,,,,
146.665454,0.010152,-0.055062,0.007182,-10.337292,-10.337441,0,-0.003195,0.00426,99507.92,25.99,-0.513646641,-0.508174,,,,
146.675548,0.010093,-0.09576,-0.028728,-10.31814,-10.318624,0.005325,-0.00852,0.003195,99510.14,25.99,-0.494829641,-0.489357,,,,
146.685637,0.010089,-0.05985,-0.09576,-10.363626,-10.364241,-0.00426,-0.00213,0,99510.14,25.99,-0.540446641,-0.534974,,,,
146.695737,0.0101,-0.079002,0.019152,-10.315746,-10.316066,0.003195,-0.00639,-0.001065,99510.14,25.99,-0.492271641,-0.486799,,,,
146.705832,0.010095,-0.088578,-0.069426,-10.36602,-10.366631,0.00213,-0.00852,0.001065,99510.14,25.99,-0.542836641,-0.537364,,,,
146.716178,0.010346,-0.045486,-0.098154,-10.346868,-10.347434,0.001065,-0.00213,0.00213,99510.14,25.99,-0.523639641,-0.518167,,,,
146.726274,0.010096,-0.055062,-0.014364,-10.35405,-10.354206,0.003195,-0.00639,0.00213,99510.14,25.99,-0.530411641,-0.524939,,,,
146.736383,0.010109,-0.055062,-0.069426,-10.332504,-10.332884,0.00213,-0.005325,0,99510.14,25.99,-0.509089641,-0.503617,,,,
146.746463,0.01008,-0.02394,-0.114912,-10.346868,-10.347534,0.00213,-0.00426,-0.001065,99510.14,25.99,-0.523739641,-0.518267,,,,
146.756687,0.010224,0.026334,-0.076608,-10.334898,-10.335215,0.00213,-0.00639,0.00213,99510.14,25.99,-0.511420641,-0.505948,,,,
146.766776,0.010089,-0.038304,-0.186732,-10.368414,-10.370166,0.00213,-0.00639,0,99510.14,25.99,-0.546371641,-0.540899,,,,
146.777055,0.010279,0.026334,-0.148428,-10.34208,-10.343179,-0.00213,-0.00213,0,99510.14,25.99,-0.519384641,-0.513912,,,,
146.787208,0.010153,0.02394,-0.081396,-10.320534,-10.320883,0.003195,-0.007455,0.001065,99510.14,25.99,-0.497088641,-0.491616,,,,
146.797317,0.010109,0,-0.205884,-10.332504,-10.334555,0.001065,-0.00426,0.00213,99510.14,25.99,-0.510760641,-0.505288,,,,
146.807443,0.010127,0.026334,-0.153216,-10.301382,-10.302555,-0.001065,-0.001065,-0.001065,99512.29,25.99,-0.478760641,-0.473288,,,,
146.817778,0.010334,0,-0.10773,-10.327716,-10.328278,0.00213,-0.00426,0.003195,99512.29,25.99,-0.504483641,-0.499011,,,,
146.828102,0.010324,-0.033516,-0.184338,-10.346868,-10.348564,0.003195,-0.00639,0.00426,99512.29,25.99,-0.524769641,-0.519297,,,,
146.838195,0.010093,0.002394,-0.05985,-10.296594,-10.296768,0.001065,0,0.005325,99512.29,25.99,-0.472973641,-0.467501,,,,
146.848299,0.010104,-0.033516,-0.069426,-10.320534,-10.320822,0.00426,-0.00639,0.00426,99512.29,25.99,-0.497027641,-0.491555,,,,
146.85839,0.010091,-0.079002,-0.1197,-10.334898,-10.335893,0.00213,-0.003195,0.00426,99512.29,25.99,-0.512098641,-0.506626,,,,
146.86847,0.01008,-0.021546,-0.050274,-10.322928,-10.323073,0,-0.00426,0.001065,99514.36,25.99,-0.499278641,-0.493806,,,,
146.878583,0.010113,-0.093366,0.009576,-10.34208,-10.342506,0.00213,-0.00639,0.00213,99514.36,25.99,-0.518711641,-0.513239,,,,
146.888716,0.010133,-0.086184,-0.086184,-10.351656,-10.352374,0,-0.00426,0.003195,99514.36,25.99,-0.528579641,-0.523107,,,,
146.898847,0.010131,-0.052668,-0.002394,-10.34208,-10.342214,-0.00213,-0.003195,0.00213,99514.36,25.99,-0.518419641,-0.512947,,,,
146.908955,0.010108,-0.117306,-0.007182,-10.34208,-10.342748,0.00213,-0.003195,-0.001065,99514.36,25.99,-0.518953641,-0.513481,,,,
146.919087,0.010132,-0.07182,-0.026334,-10.361232,-10.361514,0,-0.00426,0.003195,99514.36,25.99,-0.537719641,-0.532247,,,,
146.929191,0.010104,-0.031122,-0.031122,-10.35405,-10.354144,0,-0.00213,0,99516.58,25.99,-0.530349641,-0.524877,,,,
146.939308,0.010117,-0.07182,-0.045486,-10.325322,-10.325672,0,-0.005325,0.001065,99516.58,25.99,-0.501877641,-0.496405,,,,
146.949447,0.010138,-0.021546,-0.1197,-10.375596,-10.376309,0.003195,-0.007455,0,99516.58,25.99,-0.552514641,-0.547042,,,,
146.959554,0.010107,-0.038304,-0.098154,-10.2942,-10.294739,0.001065,-0.003195,-0.001065,99516.58,25.99,-0.470944641,-0.465472,,,,
146.969634,0.01008,-0.014364,-0.055062,-10.325322,-10.325479,-0.001065,-0.003195,-0.003195,99516.58,25.99,-0.501684641,-0.496212,,,,
146.979746,0.010112,-0.009576,-0.172368,-10.308564,-10.310009,0.005325,-0.007455,0,99516.58,25.99,-0.486214641,-0.480742,,,,
146.989842,0.010096,0.026334,-0.134064,-10.303776,-10.304682,-0.003195,-0.001065,0.001065,99516.58,25.99,-0.480887641,-0.475415,,,,
146.999943,0.010101,0.002394,-0.098154,-10.313352,-10.313819,0.005325,-0.00639,0.00213,99518.75,25.99,-0.490024641,-0.484552,,,,
147.010054,0.010111,0.009576,-0.162792,-10.332504,-10.333791,0,-0.00639,0,99518.75,25.99,-0.509996641,-0.504524,,,,
147.020158,0.010104,0.004788,-0.129276,-10.356444,-10.357252,0.001065,-0.003195,0,99518.75,25.99,-0.533457641,-0.527985,,,,
147.03029,0.010131,-0.088578,0.081396,-10.394748,-10.395444,0,-0.00426,0.003195,99518.75,25.99,-0.571649641,-0.566177,,,,
147.040729,0.01044,0.007182,-0.146034,-10.356444,-10.357476,0.005325,-0.009585,0.00213,99518.75,25.99,-0.533681641,-0.528209,,,,
147.051374,0.010645,0.062244,-0.124488,-10.34208,-10.343016,0.001065,-0.00213,0.003195,99518.75,25.99,-0.519221641,-0.513749,,,,
147.062603,0.011229,-0.074214,-0.079002,-10.260684,-10.261257,0.00426,-0.00426,0.001065,99518.75,25.99,-0.437462641,-0.43199,,,,
147.07374,0.011138,-0.050274,-0.102942,-10.275048,-10.275687,-0.00426,0.003195,0.003195,99518.75,25.99,-0.451892641,-0.44642,,,,
147.085071,0.011331,-0.057456,-0.038304,-10.287018,-10.28725,0.00213,-0.003195,0.003195,99518.75,25.99,-0.463455641,-0.457983,,,,
147.096081,0.01101,-0.086184,0.01197,-10.291806,-10.292174,0.001065,-0.00639,0.005325,99518.75,25.99,-0.468379641,-0.462907,,,,
147.107242,0.011161,-0.052668,-0.062244,-10.375596,-10.375916,0.00639,-0.00639,0.003195,99518.75,25.99,-0.552121641,-0.546649,,,,
147.118675,0.011433,-0.052668,0.019152,-10.385172,-10.385323,-0.003195,0.001065,0.003195,99518.75,25.99,-0.561528641,-0.556056,,,,
147.128801,0.010126,-0.05985,-0.122094,-10.313352,-10.314248,0.00639,-0.00852,0.001065,99520.67,25.99,-0.490453641,-0.484981,,,,
147.1408,0.011999,-0.014364,-0.055062,-10.31814,-10.318297,-0.001065,-0.00426,0.00213,99520.67,25.99,-0.494502641,-0.48903,,,,
147.150893,0.010093,-0.102942,-0.102942,-10.30617,-10.307198,0.00426,-0.00852,0.00213,99520.67,25.99,-0.483403641,-0.477931,,,,
147.160974,0.010081,-0.050274,-0.153216,-10.301382,-10.302644,0,-0.001065,0.003195,99520.67,25.99,-0.478849641,-0.473377,,,,
147.171082,0.010108,0.019152,-0.067032,-10.334898,-10.335133,0.003195,-0.00639,0.003195,99520.67,25.99,-0.511338641,-0.505866,,,,
147.181176,0.010094,-0.064638,-0.09576,-10.344474,-10.345119,0,-0.003195,0.00213,99520.67,25.99,-0.521324641,-0.515852,,,,
147.191406,0.010231,0.016758,-0.093366,-10.315746,-10.316182,-0.00213,-0.003195,0.00213,99522.63,25.99,-0.492387641,-0.486915,,,,
147.201526,0.01012,0.028728,-0.079002,-10.349262,-10.349603,0.003195,-0.00852,0.001065,99522.63,25.99,-0.525808641,-0.520336,,,,
147.211684,0.010157,-0.021546,-0.100548,-10.322928,-10.32344,0.001065,-0.00426,0.005325,99522.63,25.99,-0.499645641,-0.494173,,,,
147.22184,0.010156,0.028728,-0.141246,-10.303776,-10.304784,0.003195,-0.00426,0.00213,99522.63,25.99,-0.480989641,-0.475517,,,,
147.23195,0.01011,0.021546,-0.16758,-10.308564,-10.309949,-0.003195,-0.001065,0.00426,99522.63,25.99,-0.486154641,-0.480682,,,,
147.242038,0.010088,-0.03591,-0.13167,-10.291806,-10.292711,0.00426,-0.00639,0.003195,99522.63,25.99,-0.468916641,-0.463444,,,,
147.252657,0.010619,0,-0.158004,-10.325322,-10.326531,-0.00426,-0.001065,0.00426,99524.59,25.99,-0.502736641,-0.497264,,,,
147.263761,0.011104,0.007182,-0.098154,-10.315746,-10.316215,0.005325,-0.007455,0.005325,99524.59,25.99,-0.492420641,-0.486948,,,,
147.275064,0.011302,-0.033516,-0.076608,-10.33011,-10.330448,0.00426,-0.005325,0.00639,99524.59,25.99,-0.506653641,-0.501181,,,,
147.286132,0.011068,-0.07182,-0.062244,-10.346868,-10.347304,0.00213,-0.005325,0.00426,99524.59,25.99,-0.523509641,-0.518037,,,,
147.297519,0.011387,-0.019152,-0.03591,-10.363626,-10.363706,0,-0.00213,0.003195,99524.59,25.99,-0.539911641,-0.534439,,,,
147.308526,0.011007,-0.09576,-0.055062,-10.337292,-10.337882,0.005325,-0.007455,0.001065,99524.59,25.99,-0.514087641,-0.508615,,,,
147.31983,0.011304,-0.079002,-0.026334,-10.313352,-10.313688,0,0.001065,0.001065,99526.49,25.99,-0.489893641,-0.484421,,,,
147.330998,0.011168,-0.079002,-0.07182,-10.344474,-10.345025,0.003195,-0.007455,0,99526.49,25.99,-0.521230641,-0.515758,,,,
147.341557,0.01056,-0.033516,-0.026334,-10.334898,-10.334986,0.001065,-0.00426,0.00426,99526.49,25.99,-0.511191641,-0.505719,,,,
147.351676,0.010118,-0.07182,-0.040698,-10.351656,-10.351985,0.00213,-0.00639,0.003195,99526.49,25.99,-0.528190641,-0.522718,,,,
147.361761,0.010085,-0.07182,-0.038304,-10.34208,-10.3424,-0.001065,-0.003195,-0.001065,99526.49,25.99,-0.518605641,-0.513133,,,,
147.371873,0.010112,-0.055062,-0.033516,-10.363626,-10.363826,0.003195,-0.009585,0.001065,99526.49,25.99,-0.540031641,-0.534559,,,,
147.381967,0.010094,-0.05985,-0.045486,-10.33011,-10.330384,0.001065,-0.005325,0.00213,99526.49,25.99,-0.506589641,-0.501117,,,,
147.392052,0.010085,-0.062244,-0.093366,-10.308564,-10.309175,0,-0.003195,-0.00213,99526.49,25.99,-0.485380641,-0.479908,,,,
147.402312,0.01026,-0.009576,-0.100548,-10.339686,-10.340179,0.003195,-0.00639,0,99526.49,25.99,-0.516384641,-0.510912,,,,
147.412439,0.010127,-0.02394,-0.105336,-10.327716,-10.328281,0.001065,-0.00639,0.00213,99526.49,25.99,-0.504486641,-0.499014,,,,
147.422546,0.010107,-0.016758,-0.153216,-10.332504,-10.333654,0.00213,-0.007455,0.003195,99526.49,25.99,-0.509859641,-0.504387,,,,
147.432642,0.010096,0.002394,-0.138852,-10.346868,-10.3478,0.001065,-0.00213,0.001065,99526.49,25.99,-0.524005641,-0.518533,,,,
147.44275,0.010108,0.002394,-0.13167,-10.322928,-10.323768,0.003195,-0.00426,-0.001065,99528.44,25.99,-0.499973641,-0.494501,,,,
147.452842,0.010092,-0.004788,-0.146034,-10.313352,-10.314387,0.001065,-0.00426,0.001065,99528.44,25.99,-0.490592641,-0.48512,,,,
147.462952,0.010111,0.045486,-0.14364,-10.31814,-10.31924,0,-0.00426,0.003195,99528.44,25.99,-0.495445641,-0.489973,,,,
147.473044,0.010092,0.019152,-0.134064,-10.334898,-10.335785,0.00213,-0.007455,0.00213,99528.44,25.99,-0.511990641,-0.506518,,,,
147.483141,0.010097,0.004788,-0.172368,-10.332504,-10.333943,0.003195,-0.00426,0.00639,99528.44,25.99,-0.510148641,-0.504676,,,,
147.493235,0.010094,-0.004788,-0.07182,-10.298988,-10.29924,0.003195,-0.005325,0.00426,99528.44,25.99,-0.475445641,-0.469973,,,,
147.503346,0.01011,-0.01197,-0.10773,-10.339686,-10.340254,0.001065,-0.00426,0.003195,99528.44,25.99,-0.516459641,-0.510987,,,,
147.513606,0.01026,-0.040698,-0.105336,-10.325322,-10.325939,0.001065,-0.00426,0.00426,99530.11,25.99,-0.502144641,-0.496672,,,,
147.523703,0.010097,-0.019152,-0.043092,-10.337292,-10.3374,0.001065,-0.005325,0.00213,99530.11,25.99,-0.513605641,-0.508133,,,,
147.533841,0.010138,-0.079002,-0.033516,-10.34208,-10.342436,0.001065,-0.00213,0.00639,99530.11,25.99,-0.518641641,-0.513169,,,,
147.544115,0.010274,-0.04788,-0.016758,-10.339686,-10.33981,0.001065,-0.003195,0.00426,99530.11,25.99,-0.516015641,-0.510543,,,,
147.554172,0.010058,-0.050274,-0.019152,-10.334898,-10.335038,0.00213,-0.005325,0.001065,99530.11,25.99,-0.511243641,-0.505771,,,,
147.564264,0.010091,-0.062244,-0.03591,-10.370808,-10.371057,-0.001065,-0.003195,0.001065,99530.11,25.99,-0.547262641,-0.54179,,,,
147.574357,0.010093,-0.08379,-0.038304,-10.325322,-10.325733,0,-0.003195,0.00426,99531.95,25.99,-0.501938641,-0.496466,,,,
147.584442,0.010085,-0.08379,-0.009576,-10.337292,-10.337636,0.003195,-0.005325,0.003195,99531.95,25.99,-0.513841641,-0.508369,,,,
147.594539,0.010097,-0.050274,-0.007182,-10.37799,-10.378114,0,-0.00426,0,99531.95,25.99,-0.554319641,-0.548847,,,,
147.604645,0.010106,-0.105336,-0.02394,-10.337292,-10.337856,0.003195,-0.005325,0.001065,99531.95,25.99,-0.514061641,-0.508589,,,,
147.61479,0.010145,-0.055062,-0.081396,-10.356444,-10.35691,0.001065,-0.00426,0.001065,99531.95,25.99,-0.533115641,-0.527643,,,,
147.624991,0.010201,-0.033516,-0.057456,-10.34208,-10.342294,0,-0.005325,-0.001065,99531.95,25.99,-0.518499641,-0.513027,,,,
147.635099,0.010108,-0.050274,-0.102942,-10.301382,-10.302019,0.00213,-0.00639,-0.001065,99531.95,25.99,-0.478224641,-0.472752,,,,
147.645195,0.010096,-0.04788,-0.114912,-10.31814,-10.318891,0,-0.003195,0,99533.51,25.99,-0.495096641,-0.489624,,,,
147.655871,0.010676,-0.014364,-0.122094,-10.344474,-10.345204,0.001065,-0.005325,0.001065,99533.51,25.99,-0.521409641,-0.515937,,,,
147.665972,0.0101,0.009576,-0.114912,-10.310958,-10.311603,0.001065,-0.005325,0.00213,99533.51,25.99,-0.487808641,-0.482336,,,,
147.676079,0.010108,0.002394,-0.110124,-10.298988,-10.299577,0.001065,-0.003195,0.00213,99533.51,25.99,-0.475782641,-0.47031,,,,
147.686169,0.01009,0.007182,-0.146034,-10.370808,-10.371839,0,-0.00426,0.001065,99533.51,25.99,-0.548044641,-0.542572,,,,
147.696267,0.010098,0.033516,-0.129276,-10.356444,-10.357305,0.00213,-0.00639,0.001065,99533.51,25.99,-0.533510641,-0.528038,,,,
147.706492,0.010225,0.002394,-0.1197,-10.313352,-10.314047,0,-0.003195,0.00426,99533.51,25.99,-0.490252641,-0.48478,,,,
147.716587,0.010096,0.009576,-0.117306,-10.30617,-10.306842,-0.001065,-0.00426,0.001065,99533.51,25.99,-0.483047641,-0.477575,,,,
147.726665,0.010077,0.014364,-0.102942,-10.356444,-10.356966,0,-0.00426,0.005325,99533.51,25.99,-0.533171641,-0.527699,,,,
147.73678,0.010116,0.004788,-0.086184,-10.334898,-10.335258,0.001065,-0.005325,0.005325,99533.51,25.99,-0.511463641,-0.505991,,,,
147.746871,0.010091,-0.019152,-0.088578,-10.322928,-10.323326,0.001065,-0.003195,0.00426,99533.51,25.99,-0.499531641,-0.494059,,,,
147.756965,0.010094,0,-0.043092,-10.334898,-10.334988,0.00213,-0.00426,0.005325,99533.51,25.99,-0.511193641,-0.505721,,,,
147.767094,0.010129,-0.040698,-0.050274,-10.325322,-10.325525,0.00213,-0.00639,0.005325,99535.14,25.99,-0.501730641,-0.496258,,,,
147.777182,0.010088,-0.026334,-0.05985,-10.322928,-10.323135,0.001065,-0.003195,0.005325,99535.14,25.99,-0.499340641,-0.493868,,,,
147.787301,0.01012,-0.055062,-0.067032,-10.339686,-10.34005,0.001065,-0.00639,0.00639,99535.14,25.99,-0.516255641,-0.510783,,,,
147.797664,0.010363,-0.05985,-0.028728,-10.334898,-10.335111,0,-0.00426,0.003195,99535.14,25.99,-0.511316641,-0.505844,,,,
147.807747,0.010083,-0.040698,0,-10.349262,-10.349342,0.00213,-0.003195,0.003195,99535.14,25.99,-0.525547641,-0.520075,,,,
147.817839,0.010092,-0.069426,-0.028728,-10.334898,-10.335171,0.00213,-0.00639,0.00426,99535.14,25.99,-0.511376641,-0.505904,,,,
147.827941,0.010102,-0.074214,0.009576,-10.296594,-10.296866,0.00213,-0.00426,0,99536.81,25.99,-0.473071641,-0.467599,,,,
147.838048,0.010107,-0.074214,-0.016758,-10.358838,-10.359117,-0.001065,-0.003195,0.00213,99536.81,25.99,-0.535322641,-0.52985,,,,
147.848145,0.010097,-0.03591,-0.07182,-10.332504,-10.332816,0.003195,-0.005325,0.001065,99536.81,25.99,-0.509021641,-0.503549,,,,
147.858245,0.0101,-0.045486,-0.021546,-10.2942,-10.294323,0.001065,-0.00426,0.001065,99536.81,25.99,-0.470528641,-0.465056,,,,
147.868625,0.01038,-0.040698,-0.079002,-10.339686,-10.340068,0.00213,-0.00639,0.001065,99536.81,25.99,-0.516273641,-0.510801,,,,
147.878714,0.010089,-0.055062,-0.086184,-10.30617,-10.306677,0,-0.003195,0,99536.81,25.99,-0.482882641,-0.47741,,,,
147.888885,0.010171,-0.02394,-0.122094,-10.327716,-10.328465,0.003195,-0.005325,0.001065,99538.54,25.99,-0.504670641,-0.499198,,,,
147.898969,0.010084,-0.033516,-0.07182,-10.315746,-10.31605,0.003195,-0.00426,0.00213,99538.54,25.99,-0.492255641,-0.486783,,,,
147.90905,0.010082,-0.016758,-0.117306,-10.308564,-10.309245,0.001065,-0.00426,0,99538.54,25.99,-0.485450641,-0.479978,,,,
147.919142,0.010091,-0.026334,-0.076608,-10.332504,-10.332822,0.001065,-0.00213,0,99538.54,25.99,-0.509027641,-0.503555,,,,
147.929265,0.010124,-0.033516,-0.117306,-10.320534,-10.321255,0.00426,-0.00426,0.00213,99538.54,25.99,-0.497460641,-0.491988,,,,
147.939352,0.010086,-0.033516,-0.10773,-10.325322,-10.325938,0.00213,-0.00639,0.003195,99538.54,25.99,-0.502143641,-0.496671,,,,
147.949452,0.0101,-0.016758,-0.098154,-10.327716,-10.328196,0.00213,-0.005325,-0.00213,99538.54,25.99,-0.504401641,-0.498929,,,,
147.959577,0.010125,-0.045486,-0.09576,-10.30617,-10.306715,0.005325,-0.005325,0.003195,99540.24,25.99,-0.482920641,-0.477448,,,,
147.969664,0.010087,-0.026334,-0.079002,-10.339686,-10.340021,-0.001065,-0.001065,0.00426,99540.24,25.99,-0.516226641,-0.510754,,,,
147.98009,0.010426,0.019152,-0.110124,-10.322928,-10.323533,0.001065,-0.007455,0,99540.24,25.99,-0.499738641,-0.494266,,,,
147.990213,0.010123,-0.019152,-0.098154,-10.334898,-10.335382,0.00213,-0.003195,0.003195,99540.24,25.99,-0.511587641,-0.506115,,,,
148.000362,0.010148,-0.03591,-0.076608,-10.339686,-10.340032,0.00213,-0.00639,0.00426,99540.24,25.99,-0.516237641,-0.510765,,,,
148.010485,0.010123,0.016758,-0.074214,-10.344474,-10.344754,0.001065,-0.00426,0.001065,99540.24,25.99,-0.520959641,-0.515487,,,,
148.020582,0.010097,-0.014364,-0.08379,-10.325322,-10.325672,-0.001065,-0.005325,0.00426,99541.66,25.99,-0.501877641,-0.496405,,,,
148.030674,0.010092,-0.021546,-0.08379,-10.322928,-10.323291,0.001065,-0.00426,0.003195,99541.66,25.99,-0.499496641,-0.494024,,,,
148.040775,0.010101,-0.028728,-0.057456,-10.2942,-10.2944,0,-0.007455,0.001065,99541.66,25.99,-0.470605641,-0.465133,,,,
148.050907,0.010131,0.007182,-0.08379,-10.370808,-10.371149,0.00213,-0.00426,0.00426,99541.66,25.99,-0.547354641,-0.541882,,,,
148.060999,0.010093,-0.009576,-0.08379,-10.303776,-10.304121,0.001065,-0.005325,0.00426,99541.66,25.99,-0.480326641,-0.474854,,,,
148.071161,0.010162,-0.026334,-0.052668,-10.296594,-10.296762,0.001065,-0.005325,0.00213,99541.66,25.99,-0.472967641,-0.467495,,,,
148.081267,0.010106,-0.026334,-0.067032,-10.339686,-10.339937,0,-0.003195,0.003195,99541.66,25.99,-0.516142641,-0.51067,,,,
148.091357,0.01009,-0.050274,-0.050274,-10.303776,-10.304021,0,-0.005325,0.003195,99541.66,25.99,-0.480226641,-0.474754,,,,
148.101478,0.010121,-0.04788,-0.033516,-10.33011,-10.330275,0.001065,-0.003195,0.003195,99541.66,25.99,-0.506480641,-0.501008,,,,
148.111556,0.010078,-0.026334,-0.052668,-10.313352,-10.31352,0.001065,-0.005325,0.003195,99541.66,25.99,-0.489725641,-0.484253,,,,
148.12162,0.010065,-0.03591,-0.079002,-10.337292,-10.337656,0.00213,-0.00426,0.00213,99541.66,25.99,-0.513861641,-0.508389,,,,
148.131728,0.010107,-0.055062,-0.064638,-10.2942,-10.29455,0,-0.00426,0.00213,99541.66,25.99,-0.470755641,-0.465283,,,,
148.141786,0.010058,-0.074214,-0.038304,-10.356444,-10.356781,0.001065,-0.003195,0.00426,99541.66,25.99,-0.532986641,-0.527514,,,,
148.15188,0.010095,-0.055062,-0.079002,-10.313352,-10.313802,0.001065,-0.00639,0.001065,99543.13,25.99,-0.490007641,-0.484535,,,,
148.161965,0.010085,-0.043092,-0.074214,-10.332504,-10.33286,0,-0.00213,0.001065,99543.13,25.99,-0.509065641,-0.503593,,,,
148.172061,0.010096,-0.064638,-0.07182,-10.368414,-10.368864,0.00213,-0.005325,0,99543.13,25.99,-0.545069641,-0.539597,,,,
148.18215,0.010088,-0.088578,-0.076608,-10.339686,-10.340349,0.00213,-0.00426,0.003195,99543.13,25.99,-0.516554641,-0.511082,,,,
148.192564,0.010414,-0.040698,-0.04788,-10.325322,-10.325513,0.00213,-0.00639,0,99543.13,25.99,-0.501718641,-0.496246,,,,
148.202744,0.01018,-0.076608,-0.100548,-10.332504,-10.333277,0.00213,-0.00639,-0.001065,99543.13,25.99,-0.509482641,-0.50401,,,,
148.212888,0.010144,-0.026334,-0.081396,-10.34208,-10.342434,0.001065,-0.00213,0.001065,99544.55,25.99,-0.518639641,-0.513167,,,,
148.222988,0.0101,-0.002394,-0.090972,-10.332504,-10.332905,0.00213,-0.001065,0.001065,99544.55,25.99,-0.509110641,-0.503638,,,,
148.233133,0.010145,-0.01197,-0.098154,-10.361232,-10.361704,-0.001065,-0.005325,0.001065,99544.55,25.99,-0.537909641,-0.532437,,,,
148.24325,0.010117,-0.062244,-0.05985,-10.34208,-10.34244,0.00213,-0.005325,0.001065,99544.55,25.99,-0.518645641,-0.513173,,,,
148.253341,0.010091,-0.007182,-0.117306,-10.327716,-10.328385,0.003195,-0.00426,0.001065,99544.55,25.99,-0.504590641,-0.499118,,,,
148.263488,0.010146,-0.004788,-0.134064,-10.325322,-10.326193,0.001065,-0.00426,-0.00213,99544.55,25.99,-0.502398641,-0.496926,,,,
148.27364,0.010152,-0.028728,-0.08379,-10.344474,-10.344853,0.00213,-0.003195,0.003195,99544.55,25.99,-0.521058641,-0.515586,,,,
148.283735,0.010095,0.004788,-0.134064,-10.327716,-10.328587,0.001065,-0.007455,0.00213,99545.97,25.99,-0.504792641,-0.49932,,,,
148.293825,0.01009,-0.026334,-0.126882,-10.339686,-10.340498,0,-0.00426,0.00426,99545.97,25.99,-0.516703641,-0.511231,,,,
148.303924,0.010099,-0.007182,-0.067032,-10.322928,-10.323148,0.001065,-0.005325,0.003195,99545.97,25.99,-0.499353641,-0.493881,,,,
148.314045,0.010121,-0.038304,-0.074214,-10.33011,-10.330448,0.001065,-0.005325,0.00213,99545.97,25.99,-0.506653641,-0.501181,,,,
148.324315,0.01027,0.004788,-0.117306,-10.349262,-10.349928,0.00213,-0.00426,0.00213,99545.97,25.99,-0.526133641,-0.520661,,,,
148.334453,0.010138,-0.019152,-0.07182,-10.325322,-10.32559,0.00213,-0.005325,0.003195,99545.97,25.99,-0.501795641,-0.496323,,,,
148.344557,0.010104,-0.009576,-0.114912,-10.322928,-10.323572,0,-0.003195,0.00213,99547.53,25.99,-0.499777641,-0.494305,,,,
148.354666,0.010108,-0.026334,-0.081396,-10.351656,-10.35201,0.00213,-0.00639,0,99547.53,25.99,-0.528215641,-0.522743,,,,
148.364767,0.010101,0.01197,-0.05985,-10.346868,-10.347048,0.003195,-0.00639,0.005325,99547.53,25.99,-0.523253641,-0.517781,,,,
148.374878,0.010111,-0.069426,-0.016758,-10.346868,-10.347114,0.001065,-0.005325,0.00426,99547.53,25.99,-0.523319641,-0.517847,,,,
148.385057,0.010179,-0.062244,-0.03591,-10.339686,-10.339936,0.00213,-0.00426,0.003195,99547.53,25.99,-0.516141641,-0.510669,,,,
148.395154,0.010097,0.079002,-0.22743,-10.35405,-10.356849,0.001065,-0.005325,0.00213,99547.53,25.99,-0.533054641,-0.527582,,,,
148.40535,0.010196,-0.062244,-0.02394,-10.298988,-10.299204,0.00213,-0.001065,0.003195,99547.53,25.99,-0.475409641,-0.469937,,,,
148.415914,0.010565,-0.079002,-0.153216,-10.36602,-10.367453,0.005325,-0.007455,0.003195,99547.53,25.99,-0.543658641,-0.538186,,,,
148.427145,0.011231,-0.040698,-0.05985,-10.337292,-10.337545,-0.001065,-0.00426,0.00213,99547.53,25.99,-0.513750641,-0.508278,,,,
148.43831,0.011165,-0.045486,0.021546,-10.346868,-10.34699,0,-0.00426,0.001065,99547.53,25.99,-0.523195641,-0.517723,,,,
148.449351,0.01104,-0.021546,-0.079002,-10.33011,-10.330435,0.00213,-0.00426,0.00426,99547.53,25.99,-0.506640641,-0.501168,,,,
148.460589,0.011238,-0.004788,-0.04788,-10.322928,-10.32304,0.00213,-0.005325,0.00213,99547.53,25.99,-0.499245641,-0.493773,,,,
148.470678,0.01009,-0.062244,-0.102942,-10.332504,-10.333204,0.00213,-0.003195,0.001065,99548.95,25.99,-0.509409641,-0.503937,,,,
148.480762,0.010083,0.009576,-0.08379,-10.310958,-10.311303,0.00213,-0.00426,0.00213,99548.95,25.99,-0.487508641,-0.482036,,,,
148.490852,0.01009,-0.086184,-0.040698,-10.346868,-10.347307,0,-0.003195,0.00213,99548.95,25.99,-0.523512641,-0.51804,,,,
148.500965,0.010112,-0.057456,-0.09576,-10.310958,-10.311563,0.005325,-0.00639,0.003195,99548.95,25.99,-0.487768641,-0.482296,,,,
148.511062,0.010097,-0.028728,-0.112518,-10.31814,-10.318793,-0.001065,-0.001065,0.00213,99548.95,25.99,-0.494998641,-0.489526,,,,
148.521175,0.010114,-0.045486,-0.014364,-10.34208,-10.34219,-0.00213,-0.00426,0.001065,99548.95,25.99,-0.518395641,-0.512923,,,,
148.5313,0.010124,-0.076608,-0.08379,-10.322928,-10.323552,0.00639,-0.00852,0.00213,99550.26,25.99,-0.499757641,-0.494285,,,,
148.541504,0.010204,-0.01197,-0.090972,-10.322928,-10.323336,0,-0.003195,0.00213,99550.26,25.99,-0.499541641,-0.494069,,,,
148.551672,0.010168,-0.07182,-0.062244,-10.325322,-10.325759,0.001065,-0.00426,0.00213,99550.26,25.99,-0.501964641,-0.496492,,,,
148.561862,0.01019,-0.038304,-0.105336,-10.320534,-10.321143,0.00213,-0.00852,0.00213,99550.26,25.99,-0.497348641,-0.491876,,,,
148.571956,0.010094,-0.038304,-0.081396,-10.332504,-10.332896,-0.001065,-0.00213,0,99550.26,25.99,-0.509101641,-0.503629,,,,
148.582036,0.01008,-0.038304,-0.067032,-10.315746,-10.316035,0.00426,-0.005325,0.00426,99550.26,25.99,-0.492240641,-0.486768,,,,
148.592127,0.01009,-0.045486,-0.09576,-10.315746,-10.316291,0.00213,-0.003195,0.003195,99550.26,25.99,-0.492496641,-0.487024,,,,
148.602213,0.010086,-0.002394,-0.045486,-10.349262,-10.349362,0,-0.005325,0.00213,99551.6,25.99,-0.525567641,-0.520095,,,,
148.612297,0.010085,-0.07182,-0.08379,-10.337292,-10.337881,0.003195,-0.00852,0.005325,99551.6,25.99,-0.514086641,-0.508614,,,,
148.622452,0.010155,0.004788,-0.062244,-10.308564,-10.308753,0.003195,-0.003195,0.003195,99551.6,25.99,-0.484958641,-0.479486,,,,
148.63255,0.010097,-0.009576,-0.086184,-10.322928,-10.323292,0.00426,-0.00852,0.003195,99551.6,25.99,-0.499497641,-0.494025,,,,
148.642648,0.010098,-0.03591,-0.093366,-10.346868,-10.347352,0.00213,-0.005325,0.001065,99551.6,25.99,-0.523557641,-0.518085,,,,
148.652747,0.010098,0,-0.069426,-10.363626,-10.363859,0.001065,-0.00426,-0.001065,99551.6,25.99,-0.540064641,-0.534592,,,,
148.662859,0.010112,-0.01197,-0.110124,-10.322928,-10.323522,0.001065,-0.00426,0.00213,99552.9,25.99,-0.499727641,-0.494255,,,,
148.673028,0.010169,-0.007182,-0.08379,-10.35405,-10.354392,-0.001065,-0.00426,0.00426,99552.9,25.99,-0.530597641,-0.525125,,,,
148.684223,0.011196,-0.026334,-0.079002,-10.35405,-10.354385,0.00213,-0.00639,0.00213,99552.9,25.99,-0.530590641,-0.525118,,,,
148.695413,0.01119,0.004788,-0.076608,-10.332504,-10.332789,-0.001065,-0.00426,0.00426,99552.9,25.99,-0.508994641,-0.503522,,,,
148.706609,0.011196,-0.055062,-0.09576,-10.33011,-10.330701,0.001065,-0.00426,0.003195,99552.9,25.99,-0.506906641,-0.501434,,,,
148.717903,0.011294,-0.014364,-0.07182,-10.356444,-10.356703,0,-0.003195,0.00213,99552.9,25.99,-0.532908641,-0.527436,,,,
148.729034,0.011131,-0.03591,-0.122094,-10.346868,-10.347651,0.00426,-0.007455,0.00213,99552.9,25.99,-0.523856641,-0.518384,,,,
148.740161,0.011127,-0.045486,-0.067032,-10.36602,-10.366337,0,-0.00213,0.00426,99552.9,25.99,-0.542542641,-0.53707,,,,
148.75131,0.011149,-0.031122,-0.081396,-10.30617,-10.306538,0,-0.005325,0.00213,99552.9,25.99,-0.482743641,-0.477271,,,,
148.762583,0.011274,-0.004788,-0.069426,-10.349262,-10.349496,0.001065,-0.00426,0.00213,99552.9,25.99,-0.525701641,-0.520229,,,,
148.773685,0.011101,-0.021546,-0.05985,-10.315746,-10.315942,0.003195,-0.00639,0.001065,99552.9,25.99,-0.492147641,-0.486675,,,,
148.78491,0.011225,-0.021546,-0.057456,-10.363626,-10.363808,0,-0.005325,0.00213,99552.9,25.99,-0.540013641,-0.534541,,,,
148.796123,0.011213,-0.007182,-0.09576,-10.337292,-10.337738,0.001065,-0.005325,0.00213,99554.08,25.99,-0.513943641,-0.508471,,,,
148.807268,0.011145,-0.050274,-0.093366,-10.33011,-10.330654,0.001065,-0.00639,0.003195,99554.08,25.99,-0.506859641,-0.501387,,,,
148.818527,0.011259,-0.004788,-0.136458,-10.322928,-10.323831,0.00213,-0.00639,0.00213,99554.08,25.99,-0.500036641,-0.494564,,,,
148.829661,0.011134,-0.040698,-0.079002,-10.308564,-10.308947,0.003195,-0.00426,0.00213,99554.08,25.99,-0.485152641,-0.47968,,,,
148.840781,0.01112,-0.026334,-0.079002,-10.351656,-10.351991,0.001065,-0.005325,0.00426,99554.08,25.99,-0.528196641,-0.522724,,,,
148.852005,0.011224,-0.007182,-0.074214,-10.315746,-10.316015,0.00213,-0.00426,0.003195,99555.24,25.99,-0.492220641,-0.486748,,,,
148.863268,0.011263,-0.050274,-0.04788,-10.298988,-10.299222,-0.001065,-0.005325,0.001065,99555.24,25.99,-0.475427641,-0.469955,,,,
148.874413,0.011145,-0.02394,-0.102942,-10.349262,-10.349802,0.00213,-0.00639,0,99555.24,25.99,-0.526007641,-0.520535,,,,
148.885607,0.011194,-0.028728,-0.02394,-10.327716,-10.327784,0.00213,-0.00426,0.00213,99555.24,25.99,-0.503989641,-0.498517,,,,
148.896744,0.011137,-0.014364,-0.110124,-10.334898,-10.335495,0.001065,-0.003195,0.003195,99555.24,25.99,-0.511700641,-0.506228,,,,
148.907914,0.011171,-0.026334,-0.057456,-10.327716,-10.327909,0.001065,-0.003195,0.003195,99555.24,25.99,-0.504114641,-0.498642,,,,
148.919178,0.011264,-0.040698,-0.081396,-10.332504,-10.332905,0.00213,-0.00426,0.00213,99556.34,25.99,-0.509110641,-0.503638,,,,
148.930353,0.011175,-0.04788,-0.031122,-10.351656,-10.351814,0,-0.003195,0.005325,99556.34,25.99,-0.528019641,-0.522547,,,,
148.941471,0.011118,0.002394,-0.09576,-10.334898,-10.335342,0.00213,-0.005325,0.00213,99556.34,25.99,-0.511547641,-0.506075,,,,
148.952644,0.011172,-0.057456,-0.043092,-10.35405,-10.354299,0.001065,-0.005325,0.00213,99556.34,25.99,-0.530504641,-0.525032,,,,
148.963823,0.011179,-0.019152,-0.105336,-10.308564,-10.30912,0.00426,-0.005325,0.00213,99556.34,25.99,-0.485325641,-0.479853,,,,
148.975049,0.011226,-0.045486,-0.081396,-10.337292,-10.337713,0.001065,-0.003195,0.00213,99556.34,25.99,-0.513918641,-0.508446,,,,
148.986326,0.011276,-0.031122,-0.052668,-10.349262,-10.349443,0.003195,-0.005325,0.001065,99557.46,25.99,-0.525648641,-0.520176,,,,
148.997504,0.011179,-0.040698,-0.062244,-10.339686,-10.339953,0.00213,-0.00426,0.001065,99557.46,25.99,-0.516158641,-0.510686,,,,
149.008546,0.011041,-0.03591,-0.08379,-10.36602,-10.366421,0.00426,-0.007455,0.00213,99557.46,25.99,-0.542626641,-0.537154,,,,
149.01976,0.011214,-0.031122,-0.064638,-10.337292,-10.337541,0.003195,-0.00426,0.001065,99557.46,25.99,-0.513746641,-0.508274,,,,
149.030963,0.011203,-0.031122,-0.076608,-10.31814,-10.318471,0,-0.00639,0,99557.46,25.99,-0.494676641,-0.489204,,,,
149.04221,0.011247,-0.033516,-0.07182,-10.334898,-10.335202,0,-0.00639,0,99557.46,25.99,-0.511407641,-0.505935,,,,
149.053322,0.011111,-0.040698,-0.086184,-10.325322,-10.325762,0.00213,-0.00426,0.001065,99557.46,25.99,-0.501967641,-0.496495,,,,
149.064535,0.011213,-0.019152,-0.069426,-10.346868,-10.347119,0.00213,-0.005325,0.00213,99557.46,25.99,-0.523324641,-0.517852,,,,
149.075671,0.011135,-0.031122,-0.079002,-10.34208,-10.342429,0.003195,-0.00639,0.003195,99557.46,25.99,-0.518634641,-0.513162,,,,
149.086963,0.011293,-0.040698,-0.079002,-10.308564,-10.308947,0.001065,-0.00213,0.003195,99557.46,25.99,-0.485152641,-0.47968,,,,
149.098207,0.011244,-0.016758,-0.07182,-10.310958,-10.311222,-0.001065,-0.00426,-0.001065,99557.46,25.99,-0.487427641,-0.481955,,,,
149.109297,0.011089,-0.016758,-0.093366,-10.322928,-10.323364,0.00213,-0.00639,0.00213,99558.46,25.99,-0.499569641,-0.494097,,,,
149.120419,0.011122,-0.02394,-0.057456,-10.31814,-10.318328,0.003195,-0.005325,0.003195,99558.46,25.99,-0.494533641,-0.489061,,,,
149.131617,0.011198,-0.043092,-0.07182,-10.33011,-10.33045,0.00213,-0.003195,0.00426,99558.46,25.99,-0.506655641,-0.501183,,,,
149.142917,0.0113,-0.021546,-0.076608,-10.334898,-10.335204,0,-0.00426,0.001065,99558.46,25.99,-0.511409641,-0.505937,,,,
149.153997,0.01108,-0.052668,-0.102942,-10.346868,-10.347514,0.00213,-0.00426,0.003195,99558.46,25.99,-0.523719641,-0.518247,,,,
149.165154,0.011157,-0.038304,-0.055062,-10.320534,-10.320752,0.001065,-0.00639,0.00213,99558.46,25.99,-0.496957641,-0.491485,,,,
149.176465,0.011311,-0.062244,-0.079002,-10.346868,-10.347357,0.00213,-0.00639,0.001065,99559.55,25.99,-0.523562641,-0.51809,,,,
149.187567,0.011103,-0.045486,-0.07182,-10.325322,-10.325672,0,-0.005325,0.00213,99559.55,25.99,-0.501877641,-0.496405,,,,
149.198829,0.011261,-0.016758,-0.081396,-10.30617,-10.306505,0,-0.00426,0.00213,99559.55,25.99,-0.482710641,-0.477238,,,,
149.209934,0.011105,-0.052668,-0.069426,-10.35405,-10.354417,0.00213,-0.00639,0.001065,99559.55,25.99,-0.530622641,-0.52515,,,,
149.221075,0.011141,-0.019152,-0.102942,-10.337292,-10.337822,0.00213,-0.00426,0.003195,99559.55,25.99,-0.514027641,-0.508555,,,,
149.232295,0.011221,-0.002394,-0.086184,-10.34208,-10.342439,0.001065,-0.003195,0.00213,99559.55,25.99,-0.518644641,-0.513172,,,,
149.243492,0.011197,-0.040698,-0.088578,-10.349262,-10.349721,0.001065,-0.003195,0.00426,99560.43,25.99,-0.525926641,-0.520454,,,,
149.254658,0.011166,-0.038304,-0.079002,-10.332504,-10.332877,0.00213,-0.003195,0,99560.43,25.99,-0.509082641,-0.50361,,,,
149.265933,0.011274,-0.02394,-0.086184,-10.337292,-10.337679,0,-0.005325,0.00213,99560.43,25.99,-0.513884641,-0.508412,,,,
149.277101,0.011168,-0.028728,-0.08379,-10.31814,-10.31852,0.00213,-0.005325,0.00213,99560.43,25.99,-0.494725641,-0.489253,,,,
149.288597,0.011496,-0.026334,-0.062244,-10.322928,-10.323149,0.001065,-0.00639,0,99560.43,25.99,-0.499354641,-0.493882,,,,
149.299452,0.010855,-0.043092,-0.122094,-10.34208,-10.34289,0.001065,-0.00213,-0.001065,99561.51,25.99,-0.519095641,-0.513623,,,,
149.310589,0.011137,-0.031122,-0.076608,-10.334898,-10.335229,0.001065,-0.00426,0.001065,99561.51,25.99,-0.511434641,-0.505962,,,,
149.32177,0.011181,-0.019152,-0.09576,-10.334898,-10.335359,0.001065,-0.00426,0.00213,99561.51,25.99,-0.511564641,-0.506092,,,,
149.332938,0.011168,-0.028728,-0.076608,-10.368414,-10.368737,0.00213,-0.005325,0.00213,99561.51,25.99,-0.544942641,-0.53947,,,,
149.344129,0.011191,-0.038304,-0.093366,-10.334898,-10.335391,0.00213,-0.005325,0.001065,99561.51,25.99,-0.511596641,-0.506124,,,,
149.355339,0.01121,-0.028728,-0.076608,-10.310958,-10.311283,0.00213,-0.003195,0.001065,99561.51,25.99,-0.487488641,-0.482016,,,,
149.366527,0.011188,-0.033516,-0.074214,-10.31814,-10.318461,0,-0.003195,0.001065,99561.51,25.99,-0.494666641,-0.489194,,,,
149.377801,0.011274,-0.050274,-0.076608,-10.30617,-10.306577,0.003195,-0.005325,0.003195,99561.51,25.99,-0.482782641,-0.47731,,,,
149.389004,0.011203,-0.033516,-0.076608,-10.31814,-10.318479,0,-0.00426,0.001065,99561.51,25.99,-0.494684641,-0.489212,,,,
149.400075,0.011071,-0.016758,-0.067032,-10.344474,-10.344705,0.00213,-0.003195,0.00213,99561.51,25.99,-0.520910641,-0.515438,,,,
149.411292,0.011217,-0.028728,-0.067032,-10.327716,-10.327973,0.001065,-0.00426,0.001065,99561.51,25.99,-0.504178641,-0.498706,,,,
149.422455,0.011163,-0.067032,-0.08379,-10.344474,-10.345031,0.003195,-0.005325,0.003195,99561.51,25.99,-0.521236641,-0.515764,,,,
149.433613,0.011158,-0.019152,-0.105336,-10.303776,-10.304332,0,-0.00426,0.00213,99562.36,25.99,-0.480537641,-0.475065,,,,
149.444892,0.01128,-0.045486,-0.031122,-10.320534,-10.320681,0.003195,-0.005325,0.003195,99562.36,25.99,-0.496886641,-0.491414,,,,
149.455971,0.011078,-0.038304,-0.050274,-10.327716,-10.327909,0.001065,-0.00426,0.003195,99562.36,25.99,-0.504114641,-0.498642,,,,
149.46718,0.011209,-0.033516,-0.098154,-10.33011,-10.330631,0.001065,-0.00426,0.00213,99562.36,25.99,-0.506836641,-0.501364,,,,
149.477581,0.010401,-0.038304,-0.086184,-10.33011,-10.330541,0.00426,-0.003195,0.001065,99562.36,25.99,-0.506746641,-0.501274,,,,
149.487757,0.010176,-0.007182,-0.10773,-10.313352,-10.313917,0.001065,-0.007455,0.003195,99563.39,25.99,-0.490122641,-0.48465,,,,
149.49786,0.010103,-0.050274,-0.064638,-10.351656,-10.35198,-0.001065,-0.005325,0.00426,99563.39,25.99,-0.528185641,-0.522713,,,,
149.507966,0.010106,-0.019152,-0.112518,-10.322928,-10.323559,0,-0.00639,0.003195,99563.39,25.99,-0.499764641,-0.494292,,,,
149.518044,0.010079,-0.043092,-0.076608,-10.33011,-10.330484,0.003195,-0.005325,0.00213,99563.39,25.99,-0.506689641,-0.501217,,,,
149.528181,0.010137,-0.031122,-0.09576,-10.31814,-10.318631,0.001065,-0.00426,0.001065,99563.39,25.99,-0.494836641,-0.489364,,,,
149.538285,0.010104,-0.028728,-0.069426,-10.33011,-10.330383,0.001065,-0.005325,0.003195,99563.39,25.99,-0.506588641,-0.501116,,,,
149.548382,0.010097,-0.019152,-0.074214,-10.315746,-10.316031,0.00213,-0.007455,0.00213,99563.39,25.99,-0.492236641,-0.486764,,,,
149.55848,0.010099,-0.04788,-0.09576,-10.35405,-10.354604,0.00426,-0.007455,0.00213,99564.24,25.99,-0.530809641,-0.525337,,,,
149.568587,0.010107,0.002394,-0.086184,-10.310958,-10.311318,0,-0.003195,0.00213,99564.24,25.99,-0.487523641,-0.482051,,,,
149.578683,0.010096,-0.040698,-0.067032,-10.346868,-10.347165,0.001065,-0.005325,0.001065,99564.24,25.99,-0.523370641,-0.517898,,,,
149.58886,0.010177,-0.055062,-0.100548,-10.327716,-10.328352,0.003195,-0.007455,0.003195,99564.24,25.99,-0.504557641,-0.499085,,,,
149.599012,0.010152,-0.009576,-0.074214,-10.344474,-10.344745,-0.001065,-0.00213,0.001065,99564.24,25.99,-0.520950641,-0.515478,,,,
149.609278,0.010266,-0.016758,-0.079002,-10.315746,-10.316062,0.00213,-0.00426,0.001065,99564.24,25.99,-0.492267641,-0.486795,,,,
149.619401,0.010123,-0.01197,-0.064638,-10.346868,-10.347077,0.001065,-0.005325,0.00213,99565.04,25.99,-0.523282641,-0.51781,,,,
149.629734,0.010334,-0.007182,-0.093366,-10.315746,-10.316171,0.001065,-0.003195,0.005325,99565.04,25.99,-0.492376641,-0.486904,,,,
149.639851,0.010117,-0.031122,-0.04788,-10.31814,-10.318298,0.003195,-0.00639,0.001065,99565.04,25.99,-0.494503641,-0.489031,,,,
149.649946,0.010095,-0.016758,-0.088578,-10.33011,-10.330503,0.001065,-0.005325,0.001065,99565.04,25.99,-0.506708641,-0.501236,,,,
149.660039,0.010093,-0.038304,-0.08379,-10.31814,-10.318551,0.001065,-0.005325,0.001065,99565.04,25.99,-0.494756641,-0.489284,,,,
149.670206,0.010167,-0.014364,-0.088578,-10.272654,-10.273046,0.001065,-0.00426,0,99565.04,25.99,-0.449251641,-0.443779,,,,
149.680404,0.010198,-0.069426,-0.081396,-10.31814,-10.318695,0.001065,-0.005325,0.001065,99565.04,25.99,-0.494900641,-0.489428,,,,
149.690509,0.010105,0,-0.110124,-10.25829,-10.258881,0.001065,-0.00639,0.003195,99565.82,25.99,-0.435086641,-0.429614,,,,
149.700682,0.010173,0.014364,-0.076608,-10.279836,-10.280131,0.00213,-0.00426,0,99565.82,25.99,-0.456336641,-0.450864,,,,
149.710778,0.010097,-0.038304,-0.067032,-10.284624,-10.284914,0.00213,-0.005325,0.003195,99565.82,25.99,-0.461119641,-0.455647,,,,
149.720886,0.010107,-0.02394,-0.093366,-10.275048,-10.2755,0.001065,-0.005325,-0.003195,99565.82,25.99,-0.451705641,-0.446233,,,,
149.731023,0.010137,-0.01197,-0.08379,-10.275048,-10.275397,0.00213,-0.005325,0.00213,99565.82,25.99,-0.451602641,-0.44613,,,,
149.741115,0.010092,-0.040698,-0.098154,-10.267866,-10.268416,0,-0.00426,0,99565.82,25.99,-0.444621641,-0.439149,,,,
149.751216,0.010101,-0.02394,-0.067032,-10.251108,-10.251355,0.00213,-0.003195,0.00426,99565.82,25.99,-0.427560641,-0.422088,,,,
149.761321,0.010105,-0.050274,-0.110124,-10.236744,-10.23746,0.001065,-0.00426,0.00213,99565.82,25.99,-0.413665641,-0.408193,,,,
149.771429,0.010108,-0.03591,-0.07182,-10.205622,-10.205938,0.00213,-0.003195,0.001065,99565.82,25.99,-0.382143641,-0.376671,,,,
149.781519,0.01009,-0.019152,-0.067032,-10.239138,-10.239375,0.00213,-0.005325,0.00213,99565.82,25.99,-0.415580641,-0.410108,,,,
149.79163,0.010112,-0.052668,-0.076608,-10.224774,-10.225197,0.00213,-0.00213,0.003195,99565.82,25.99,-0.401402641,-0.39593,,,,
149.802732,0.011101,-0.026334,-0.074214,-10.217592,-10.217895,0.00213,-0.003195,0.003195,99565.82,25.99,-0.394100641,-0.388628,,,,
149.814081,0.011349,-0.02394,-0.064638,-10.188864,-10.189097,0,-0.003195,0.00213,99566.52,25.99,-0.365302641,-0.35983,,,,
149.825098,0.011017,-0.031122,-0.081396,-10.18647,-10.186843,0.001065,-0.003195,0.00213,99566.52,25.99,-0.363048641,-0.357576,,,,
149.836238,0.01114,-0.052668,-0.052668,-10.155348,-10.155621,0.003195,-0.00426,0.00213,99566.52,25.99,-0.331826641,-0.326354,,,,
149.847559,0.011321,-0.033516,-0.081396,-10.181682,-10.182063,0.001065,-0.00426,0.003195,99566.52,25.99,-0.358268641,-0.352796,,,,
149.85886,0.011302,-0.043092,-0.05985,-10.145772,-10.14604,0,-0.00213,0.00426,99566.52,25.99,-0.322245641,-0.316773,,,,
149.869884,0.011023,-0.019152,-0.086184,-10.15056,-10.150944,0.001065,-0.005325,0.003195,99566.52,25.99,-0.327149641,-0.321677,,,,
149.881035,0.011151,-0.03591,-0.074214,-10.140984,-10.141319,0.00213,-0.003195,0.00213,99567.03,25.99,-0.317524641,-0.312052,,,,
149.892185,0.01115,-0.007182,-0.057456,-10.140984,-10.141149,0,-0.003195,0.00213,99567.03,25.99,-0.317354641,-0.311882,,,,
149.90339,0.011205,-0.028728,-0.079002,-10.136196,-10.136545,0,-0.001065,0,99567.03,25.99,-0.312750641,-0.307278,,,,
149.914608,0.011218,-0.014364,-0.076608,-10.176894,-10.177192,0.003195,-0.00639,0.00213,99567.03,25.99,-0.353397641,-0.347925,,,,
149.925797,0.011189,-0.021546,-0.07182,-10.131408,-10.131685,0.001065,-0.003195,0.00213,99567.03,25.99,-0.307890641,-0.302418,,,,
149.936901,0.011104,-0.009576,-0.064638,-10.124226,-10.124437,0,-0.005325,0.003195,99567.57,25.99,-0.300642641,-0.29517,,,,
149.948072,0.011171,-0.026334,-0.081396,-10.12662,-10.126981,0.001065,-0.00426,0.003195,99567.57,25.99,-0.303186641,-0.297714,,,,
149.959403,0.011331,-0.02394,-0.088578,-10.119438,-10.119854,0.00426,-0.00639,0.00213,99567.57,25.99,-0.296059641,-0.290587,,,,
149.970489,0.011086,-0.033516,-0.110124,-10.100286,-10.100942,0,-0.005325,0.001065,99567.57,25.99,-0.277147641,-0.271675,,,,
149.981513,0.011024,0.014364,-0.045486,-10.117044,-10.117156,0,-0.00426,0.00213,99567.57,25.99,-0.293361641,-0.287889,,,,
149.991589,0.010076,0.01197,-0.093366,-10.12662,-10.127057,0.003195,-0.003195,0.001065,99567.57,25.99,-0.303262641,-0.29779,,,,
150.001674,0.010085,-0.079002,-0.076608,-10.124226,-10.124824,0.005325,-0.00426,0.003195,99567.57,25.99,-0.301029641,-0.295557,,,,
150.011799,0.010125,0.014364,-0.088578,-10.07874,-10.079139,0,-0.00426,0.003195,99568.02,25.99,-0.255344641,-0.249872,,,,
150.021895,0.010096,-0.028728,-0.064638,-10.12662,-10.126867,0.003195,-0.007455,0.001065,99568.02,25.99,-0.303072641,-0.2976,,,,
150.03201,0.010115,-0.045486,-0.093366,-10.097892,-10.098426,-0.00213,-0.005325,0.001065,99568.02,25.99,-0.274631641,-0.269159,,,,
150.042096,0.010086,-0.014364,-0.098154,-10.09071,-10.091198,0.00213,-0.003195,0.00213,99568.02,25.99,-0.267403641,-0.261931,,,,
150.052213,0.010117,0,-0.045486,-10.09071,-10.090813,0.001065,-0.00426,0.001065,99568.02,25.99,-0.267018641,-0.261546,,,,
150.062302,0.010089,-0.057456,-0.07182,-10.107468,-10.107886,0.00213,-0.005325,0.001065,99568.02,25.99,-0.284091641,-0.278619,,,,
150.072475,0.010173,-0.014364,-0.088578,-10.093104,-10.093503,0.00213,-0.00426,0.001065,99568.02,25.99,-0.269708641,-0.264236,,,,
150.082581,0.010106,-0.02394,-0.050274,-10.081134,-10.081288,0,-0.005325,0.001065,99568.02,25.99,-0.257493641,-0.252021,,,,
150.092677,0.010096,-0.076608,-0.090972,-10.04283,-10.043534,0.001065,-0.00426,0.00426,99568.02,25.99,-0.219739641,-0.214267,,,,
150.102765,0.010088,0.002394,-0.090972,-10.033254,-10.033667,0.001065,-0.003195,0.001065,99568.02,25.99,-0.209872641,-0.2044,,,,
150.112937,0.010172,-0.02394,-0.057456,-10.047618,-10.047811,0.001065,-0.00426,0.00213,99568.02,25.99,-0.224016641,-0.218544,,,,
150.123052,0.010115,-0.07182,-0.09576,-10.047618,-10.048331,0.003195,-0.00426,0.001065,99568.02,25.99,-0.224536641,-0.219064,,,,
150.133147,0.010095,-0.007182,-0.019152,-10.038042,-10.038063,-0.00213,-0.005325,0,99568.64,25.99,-0.214268641,-0.208796,,,,
150.143238,0.010091,-0.026334,-0.098154,-10.057194,-10.057707,0.003195,-0.00639,0.00213,99568.64,25.99,-0.233912641,-0.22844,,,,
150.153346,0.010109,-0.09576,-0.069426,-9.990162,-9.990862,0,-0.00426,0.001065,99568.64,25.99,-0.167067641,-0.161595,,,,
150.163439,0.010093,0.002394,-0.07182,-10.028466,-10.028723,-0.001065,-0.00213,0.001065,99568.64,25.99,-0.204928641,-0.199456,,,,
150.173575,0.010136,-0.009576,-0.069426,-10.023678,-10.023923,0.003195,-0.005325,0.003195,99568.64,25.99,-0.200128641,-0.194656,,,,
150.183672,0.010097,-0.045486,-0.067032,-10.004526,-10.004854,0.00426,-0.007455,0.003195,99568.64,25.99,-0.181059641,-0.175587,,,,
150.193772,0.0101,0,-0.062244,-10.002132,-10.002326,-0.00213,-0.00426,0.003195,99568.64,25.99,-0.178531641,-0.173059,,,,
150.203906,0.010134,-0.038304,-0.045486,-10.014102,-10.014279,0,-0.005325,0.001065,99569.11,25.99,-0.190484641,-0.185012,,,,
150.214,0.010094,-0.007182,-0.110124,-10.047618,-10.048224,0.00213,-0.005325,0.00213,99569.11,25.99,-0.224429641,-0.218957,,,,
150.224113,0.010113,-0.026334,-0.098154,-9.966222,-9.96674,0.001065,-0.005325,0.003195,99569.11,25.99,-0.142945641,-0.137473,,,,
150.234212,0.0101,-0.045486,-0.14364,-9.980586,-9.981723,0.00213,-0.007455,0.00213,99569.11,25.99,-0.157928641,-0.152456,,,,
150.24435,0.010138,-0.050274,-0.129276,-9.98298,-9.983944,0.001065,-0.005325,0.005325,99569.11,25.99,-0.160149641,-0.154677,,,,
150.254454,0.010104,-0.016758,-0.076608,-9.968616,-9.968924,0.001065,-0.00213,0.001065,99569.11,25.99,-0.145129641,-0.139657,,,,
150.264552,0.010098,-0.074214,-0.129276,-10.026072,-10.02718,0.00213,-0.007455,0.003195,99569.42,25.99,-0.203385641,-0.197913,,,,
150.274641,0.010089,-0.05985,-0.08379,-10.021284,-10.021813,0.001065,-0.001065,0.003195,99569.42,25.99,-0.198018641,-0.192546,,,,
150.284726,0.010085,0.016758,-0.021546,-9.975798,-9.975835,-0.00213,-0.00426,0.00213,99569.42,25.99,-0.152040641,-0.146568,,,,
150.294815,0.01009,-0.088578,-0.050274,-10.016496,-10.017014,0.005325,-0.00426,0.003195,99569.42,25.99,-0.193219641,-0.187747,,,,
150.305009,0.010194,-0.014364,-0.026334,-9.999738,-9.999783,0.001065,-0.00426,0.003195,99569.42,25.99,-0.175988641,-0.170516,,,,
150.3151,0.010091,-0.01197,-0.040698,-9.949464,-9.949554,0.001065,-0.00639,0.003195,99569.42,25.99,-0.125759641,-0.120287,,,,
150.325184,0.010084,-0.064638,-0.114912,-9.978192,-9.979063,0.00426,-0.007455,0.003195,99569.42,25.99,-0.155268641,-0.149796,,,,
150.335487,0.010304,0.004788,-0.074214,-9.930312,-9.93059,0,-0.00426,0.00426,99569.76,25.99,-0.106795641,-0.101323,,,,
150.34559,0.010103,0.02394,-0.105336,-9.906372,-9.906961,0.003195,-0.00426,0.001065,99569.76,25.99,-0.083166641,-0.077694,,,,
150.355766,0.010176,-0.079002,-0.100548,-9.956646,-9.957467,0.001065,-0.003195,0.00213,99569.76,25.99,-0.133672641,-0.1282,,,,
150.365873,0.010107,-0.007182,-0.038304,-9.932706,-9.932782,0.001065,-0.00426,0.005325,99569.76,25.99,-0.108987641,-0.103515,,,,
150.375989,0.010116,0.043092,-0.040698,-9.944676,-9.944853,0.001065,-0.00426,0.003195,99569.76,25.99,-0.121058641,-0.115586,,,,
150.386106,0.010117,-0.079002,-0.026334,-9.963828,-9.964176,0.00426,-0.003195,0.00213,99569.76,25.99,-0.140381641,-0.134909,,,,
150.396219,0.010113,-0.019152,-0.033516,-9.920736,-9.920811,0.001065,-0.007455,0.001065,99569.76,25.99,-0.097016641,-0.091544,,,,
150.406322,0.010103,-0.002394,-0.069426,-9.88722,-9.887464,-0.001065,-0.005325,0.003195,99569.76,25.99,-0.063669641,-0.058197,,,,
150.416424,0.010102,-0.067032,-0.13167,-9.880038,-9.881143,0.00213,-0.003195,0,99569.76,25.99,-0.057348641,-0.051876,,,,
150.426509,0.010085,-0.03591,-0.14364,-9.894402,-9.89551,-0.001065,-0.00426,-0.001065,99569.76,25.99,-0.071715641,-0.066243,,,,
150.43661,0.010101,0.002394,-0.19152,-9.865674,-9.867533,0.00213,-0.007455,0.003195,99569.76,25.99,-0.043738641,-0.038266,,,,
150.446703,0.010093,-0.093366,-0.146034,-9.906372,-9.907888,0.001065,-0.00426,0.001065,99569.76,25.99,-0.084093641,-0.078621,,,,
150.456927,0.010224,-0.04788,-0.1197,-9.88722,-9.88806,0.001065,-0.00426,0.00213,99570.16,25.99,-0.064265641,-0.058793,,,,
150.467013,0.010086,-0.03591,-0.1197,-9.884826,-9.885616,-0.001065,-0.003195,0.00426,99570.16,25.99,-0.061821641,-0.056349,,,,
150.47714,0.010126,-0.05985,-0.09576,-9.896796,-9.89744,0.00213,-0.00426,0.003195,99570.16,25.99,-0.073645641,-0.068173,,,,
150.487245,0.010105,-0.069426,-0.09576,-9.892008,-9.892715,0.00213,-0.00213,0.00426,99570.16,25.99,-0.068920641,-0.063448,,,,
150.497903,0.010658,-0.033516,-0.076608,-9.820188,-9.820544,-0.001065,-0.003195,0.003195,99570.16,25.99,0.003250359,0.008723,,,,
150.508169,0.010266,-0.076608,-0.064638,-9.89919,-9.899697,0.00426,-0.005325,0.001065,99570.16,25.99,-0.075902641,-0.07043,,,,
150.518254,0.010085,-0.03591,-0.004788,-9.834552,-9.834619,0,-0.00426,0.001065,99570.57,25.99,-0.010824641,-0.005352,,,,
150.528372,0.010118,-0.028728,-0.009576,-9.834552,-9.834599,0,-0.00213,0.00213,99570.57,25.99,-0.010804641,-0.005332,,,,
150.538459,0.010087,-0.043092,0.002394,-9.860886,-9.86098,0.001065,-0.00213,0,99570.57,25.99,-0.037185641,-0.031713,,,,
150.548541,0.010082,0,0.050274,-9.858492,-9.85862,0,-0.005325,0,99570.57,25.99,-0.034825641,-0.029353,,,,
150.558652,0.010111,0.01197,0.031122,-9.841734,-9.84179,0.003195,-0.005325,0.00213,99570.57,25.99,-0.017995641,-0.012523,,,,
150.568774,0.010122,-0.016758,0.019152,-9.848916,-9.848949,0.00213,-0.00639,0,99570.57,25.99,-0.025154641,-0.019682,,,,
150.578861,0.010087,0,0.009576,-9.784278,-9.784283,0.001065,-0.005325,0.003195,99570.57,25.99,0.039511359,0.044984,,,,
150.588982,0.010121,0.009576,-0.055062,-9.760338,-9.760498,0.00426,-0.00213,-0.003195,99570.92,25.99,0.063296359,0.068769,,,,
150.59907,0.010088,-0.016758,-0.03591,-9.8154,-9.81548,0,-0.005325,0.001065,99570.92,25.99,0.008314359,0.013787,,,,
150.609163,0.010093,-0.004788,-0.057456,-9.80343,-9.8036,0.00213,-0.00426,0,99570.92,25.99,0.020194359,0.025667,,,,
150.619913,0.010751,0.002394,-0.114912,-9.80343,-9.804104,0.00426,-0.00639,0.001065,99570.92,25.99,0.019690359,0.025163,,,,
150.630004,0.010091,0.007182,-0.102942,-9.817794,-9.818336,0,-0.00213,0,99570.92,25.99,0.005458359,0.010931,,,,
150.640106,0.010101,0.01197,-0.129276,-9.772308,-9.77317,0.00213,-0.005325,0.00213,99570.92,25.99,0.050624359,0.056097,,,,
150.650193,0.010088,0.004788,-0.141246,-9.786672,-9.787692,0.001065,-0.005325,0.00213,99571.39,25.99,0.036102359,0.041575,,,,
150.660297,0.010104,-0.016758,-0.158004,-9.810612,-9.811899,0,-0.00639,0.001065,99571.39,25.99,0.011895359,0.017368,,,,
150.670346,0.010049,-0.05985,-0.172368,-9.79146,-9.79316,0.001065,-0.00213,0.003195,99571.39,25.99,0.030634359,0.036107,,,,
150.680443,0.010096,-0.016758,-0.150822,-9.810612,-9.811786,0.003195,-0.005325,0.005325,99571.39,25.99,0.012008359,0.017481,,,,
150.690522,0.010079,-0.076608,-0.150822,-9.822582,-9.824039,0.001065,-0.00426,0.00213,99571.39,25.99,-0.000244641,0.005228,,,,
150.700622,0.0101,-0.038304,-0.153216,-9.820188,-9.821458,-0.001065,-0.005325,0.00426,99571.39,25.99,0.002336359,0.007809,,,,
150.710734,0.010112,-0.057456,-0.146034,-9.817794,-9.819048,0.00213,-0.005325,0.00426,99571.72,25.99,0.004746359,0.010219,,,,
150.720838,0.010105,-0.05985,-0.10773,-9.85131,-9.852081,0.00213,-0.00426,0.003195,99571.72,25.99,-0.028286641,-0.022814,,,,
150.730977,0.010138,-0.04788,-0.102942,-9.892008,-9.892659,0.00213,-0.00213,0.003195,99571.72,25.99,-0.068864641,-0.063392,,,,
150.741127,0.01015,-0.07182,-0.086184,-9.832158,-9.832798,0.00213,-0.003195,0.00426,99571.72,25.99,-0.009003641,-0.003531,,,,
150.751234,0.010107,-0.069426,-0.08379,-9.844128,-9.844729,0.001065,-0.00426,0.00213,99571.72,25.99,-0.020934641,-0.015462,,,,
150.761324,0.01009,-0.069426,-0.031122,-9.865674,-9.865967,0.001065,-0.003195,0.00213,99571.72,25.99,-0.042172641,-0.0367,,,,
150.771405,0.010081,-0.01197,-0.004788,-9.882432,-9.88244,0.00213,-0.005325,0.00426,99571.72,25.99,-0.058645641,-0.053173,,,,
150.781494,0.010089,-0.05985,-0.016758,-9.894402,-9.894597,0,-0.005325,0.003195,99571.72,25.99,-0.070802641,-0.06533,,,,
150.7916,0.010106,0.004788,-0.007182,-9.860886,-9.86089,0.001065,-0.00213,0.00213,99571.72,25.99,-0.037095641,-0.031623,,,,
150.801683,0.010083,-0.01197,0.038304,-9.892008,-9.892089,-0.001065,-0.003195,0.003195,99571.72,25.99,-0.068294641,-0.062822,,,,
150.811784,0.010101,-0.045486,-0.004788,-9.903978,-9.904084,0.003195,-0.005325,0.00213,99571.72,25.99,-0.080289641,-0.074817,,,,
150.821922,0.010138,-0.009576,0.016758,-9.872856,-9.872875,0.001065,-0.00213,0.001065,99571.72,25.99,-0.049080641,-0.043608,,,,
150.832249,0.010327,-0.014364,-0.031122,-9.872856,-9.872916,0,-0.005325,0.001065,99571.72,25.99,-0.049121641,-0.043649,,,,
150.842354,0.010105,-0.02394,-0.052668,-9.908766,-9.908935,0,-0.003195,0,99572.14,25.99,-0.085140641,-0.079668,,,,
150.852498,0.010144,0.040698,-0.038304,-9.91116,-9.911318,-0.00213,-0.005325,-0.001065,99572.14,25.99,-0.087523641,-0.082051,,,,
150.862592,0.010094,-0.002394,-0.050274,-9.872856,-9.872984,0.00213,-0.00213,-0.001065,99572.14,25.99,-0.049189641,-0.043717,,,,
150.872689,0.010096,0.002394,-0.062244,-9.906372,-9.906568,0,-0.00426,0,99572.14,25.99,-0.082773641,-0.077301,,,,
150.882785,0.010097,0.038304,-0.093366,-9.894402,-9.894917,0,-0.00213,0.003195,99572.14,25.99,-0.071122641,-0.06565,,,,
150.892934,0.010149,0.002394,-0.13167,-9.88722,-9.888097,0.001065,-0.003195,0,99572.14,25.99,-0.064302641,-0.05883,,,,
150.903026,0.010092,0.01197,-0.136458,-9.83934,-9.840293,0.00213,-0.00426,0.00213,99572.54,25.99,-0.016498641,-0.011026,,,,
150.913136,0.010109,-0.026334,-0.124488,-9.820188,-9.821012,0.00213,-0.00639,0.00426,99572.54,25.99,0.002782359,0.008255,,,,
150.923239,0.010103,-0.009576,-0.148428,-9.829764,-9.830889,0.00426,-0.00639,0,99572.54,25.99,-0.007094641,-0.001622,,,,
150.933337,0.010098,-0.038304,-0.124488,-9.834552,-9.835414,-0.003195,-0.003195,0.001065,99572.54,25.99,-0.011619641,-0.006147,,,,
150.943426,0.010089,-0.033516,-0.136458,-9.781884,-9.782893,0.001065,-0.00213,0.003195,99572.54,25.99,0.040901359,0.046374,,,,
150.953609,0.010183,-0.01197,-0.134064,-9.80343,-9.804354,0.00213,-0.00426,0.003195,99572.54,25.99,0.019440359,0.024913,,,,
150.963699,0.010089,-0.031122,-0.110124,-9.789066,-9.789735,0.001065,-0.005325,0.00426,99572.54,25.99,0.034059359,0.039532,,,,
150.973782,0.010084,-0.033516,-0.08379,-9.805824,-9.806239,0.001065,-0.00426,0.00213,99572.95,25.99,0.017555359,0.023028,,,,
150.983867,0.010085,-0.016758,-0.090972,-9.760338,-9.760776,0.003195,-0.003195,0.003195,99572.95,25.99,0.063018359,0.068491,,,,
150.993958,0.010091,-0.045486,-0.086184,-9.772308,-9.772794,0.001065,-0.00426,0.00426,99572.95,25.99,0.051000359,0.056473,,,,
151.004107,0.01015,-0.08379,-0.081396,-9.729216,-9.729917,0,-0.005325,0.00426,99572.95,25.99,0.093877359,0.09935,,,,
151.014199,0.010091,-0.067032,-0.062244,-9.74358,-9.744009,0.00213,-0.007455,0.00213,99572.95,25.99,0.079785359,0.085258,,,,
151.024292,0.010093,-0.074214,-0.04788,-9.762732,-9.763131,0,-0.00426,0.001065,99572.95,25.99,0.060663359,0.066136,,,,
151.0344,0.010108,-0.050274,-0.045486,-9.765126,-9.765361,0.00213,-0.005325,0.00426,99573.33,25.99,0.058433359,0.063906,,,,
151.044704,0.010304,-0.033516,-0.016758,-9.76752,-9.767592,0.003195,-0.00426,0.001065,99573.33,25.99,0.056202359,0.061675,,,,
151.054873,0.01017,-0.050274,-0.033516,-9.77949,-9.779677,0.003195,-0.00639,0.00213,99573.33,25.99,0.044117359,0.04959,,,,
151.064981,0.010108,-0.021546,-0.021546,-9.769914,-9.769962,0.001065,-0.00426,0.00213,99573.33,25.99,0.053832359,0.059305,,,,
151.075119,0.010138,-0.031122,-0.05985,-9.793854,-9.794086,0.001065,-0.00426,0.00213,99573.33,25.99,0.029708359,0.035181,,,,
151.085219,0.0101,-0.014364,-0.028728,-9.80343,-9.803483,0.001065,-0.00426,0,99573.33,25.99,0.020311359,0.025784,,,,
151.095316,0.010097,0.004788,-0.05985,-9.841734,-9.841917,0.00213,-0.003195,0,99573.33,25.99,-0.018122641,-0.01265,,,,
151.105458,0.010142,-0.03591,-0.050274,-9.834552,-9.834746,0.003195,-0.00213,0.003195,99573.33,25.99,-0.010951641,-0.005479,,,,
151.115573,0.010115,0.026334,-0.07182,-9.860886,-9.861183,0,-0.005325,-0.001065,99573.33,25.99,-0.037388641,-0.031916,,,,
151.125664,0.010091,0.02394,-0.081396,-9.868068,-9.868433,0.001065,-0.005325,0.003195,99573.33,25.99,-0.044638641,-0.039166,,,,
151.13578,0.010116,-0.03591,-0.086184,-9.836946,-9.837389,0.003195,-0.005325,0.001065,99573.33,25.99,-0.013594641,-0.008122,,,,
151.145869,0.01009,-0.007182,-0.086184,-9.868068,-9.868447,0.00426,-0.007455,0.00213,99573.33,25.99,-0.044652641,-0.03918,,,,
151.155959,0.01009,-0.014364,-0.064638,-9.85131,-9.851533,0.001065,-0.00639,0.00426,99573.46,25.99,-0.027738641,-0.022266,,,,
151.166069,0.01011,-0.002394,-0.08379,-9.848916,-9.849273,0.00426,-0.00426,-0.001065,99573.46,25.99,-0.025478641,-0.020006,,,,
151.176151,0.010083,-0.014364,-0.100548,-9.870462,-9.870985,0,-0.00426,0.00213,99573.46,25.99,-0.047190641,-0.041718,,,,
151.186261,0.010109,-0.014364,-0.08379,-9.884826,-9.885192,0.001065,-0.003195,0.00213,99573.46,25.99,-0.061397641,-0.055925,,,,
151.196361,0.0101,0.002394,-0.081396,-9.892008,-9.892343,0.00213,-0.003195,0.005325,99573.46,25.99,-0.068548641,-0.063076,,,,
151.206457,0.010096,-0.019152,-0.067032,-9.889614,-9.88986,0,-0.003195,0.003195,99573.46,25.99,-0.066065641,-0.060593,,,,
151.216653,0.010196,-0.01197,-0.079002,-9.853704,-9.854028,0.003195,-0.00639,0.00426,99573.46,25.99,-0.030233641,-0.024761,,,,
151.226864,0.010211,-0.033516,-0.112518,-9.856098,-9.856797,0.001065,-0.005325,0.00213,99573.67,25.99,-0.033002641,-0.02753,,,,
151.237145,0.010281,-0.04788,-0.088578,-9.894402,-9.894914,0.003195,-0.005325,0.003195,99573.67,25.99,-0.071119641,-0.065647,,,,
151.247252,0.010107,-0.033516,-0.074214,-9.853704,-9.85404,0.001065,-0.00639,0.00426,99573.67,25.99,-0.030245641,-0.024773,,,,
151.258057,0.010805,-0.050274,-0.079002,-9.860886,-9.861331,0,-0.00426,0.00213,99573.67,25.99,-0.037536641,-0.032064,,,,
151.268631,0.010574,-0.057456,-0.09576,-9.858492,-9.859124,0.001065,-0.00639,0.00213,99573.67,25.99,-0.035329641,-0.029857,,,,
151.278752,0.010121,-0.04788,-0.098154,-9.817794,-9.818401,0.00213,-0.00426,0.00213,99573.67,25.99,0.005393359,0.010866,,,,
151.28886,0.010108,-0.050274,-0.07182,-9.822582,-9.822973,0,-0.00426,0.00213,99573.78,25.99,0.000821359,0.006294,,,,
151.298978,0.010118,-0.021546,-0.090972,-9.829764,-9.830209,0,-0.003195,0,99573.78,25.99,-0.006414641,-0.000942,,,,
151.30915,0.010172,-0.038304,-0.069426,-9.813006,-9.813326,-0.001065,-0.00639,0,99573.78,25.99,0.010468359,0.015941,,,,
151.319272,0.010122,-0.03591,-0.074214,-9.810612,-9.810958,0.003195,-0.00639,0.001065,99573.78,25.99,0.012836359,0.018309,,,,
151.329518,0.010246,-0.04788,-0.069426,-9.789066,-9.789429,0,-0.005325,0,99573.78,25.99,0.034365359,0.039838,,,,
151.339611,0.010092,-0.019152,-0.055062,-9.75555,-9.755724,0.003195,-0.005325,0,99573.78,25.99,0.068070359,0.073543,,,,
151.349827,0.010216,-0.028728,-0.076608,-9.77949,-9.779832,0.00213,-0.005325,0.00213,99573.78,25.99,0.043962359,0.049435,,,,
151.359919,0.010092,-0.045486,-0.057456,-9.777096,-9.777371,-0.001065,-0.00639,0.00213,99573.78,25.99,0.046423359,0.051896,,,,
151.37002,0.010102,-0.007182,-0.067032,-9.786672,-9.786904,0.003195,-0.00426,0.001065,99573.78,25.99,0.036890359,0.042363,,,,
151.380226,0.010205,-0.009576,-0.064638,-9.76752,-9.767739,0.00213,-0.005325,0.003195,99573.78,25.99,0.056055359,0.061528,,,,
151.390918,0.010692,-0.01197,-0.081396,-9.789066,-9.789412,0.00213,-0.005325,0.00213,99573.78,25.99,0.034382359,0.039855,,,,
151.402202,0.011284,0.026334,-0.038304,-9.784278,-9.784388,-0.001065,-0.00213,0.00213,99573.78,25.99,0.039406359,0.044879,,,,
151.41334,0.011139,0.007182,-0.074214,-9.784278,-9.784562,0.001065,-0.00426,0,99573.78,25.99,0.039232359,0.044705,,,,
151.42457,0.01123,-0.014364,-0.08379,-9.822582,-9.82295,0.003195,-0.00426,0.00213,99573.78,25.99,0.000844359,0.006317,,,,
151.435845,0.011274,-0.02394,-0.098154,-9.805824,-9.806344,0.00213,-0.00426,0.00426,99573.78,25.99,0.017450359,0.022923,,,,
151.446935,0.01109,0.02394,-0.067032,-9.786672,-9.786931,0.001065,-0.00639,0.00213,99573.78,25.99,0.036863359,0.042336,,,,
151.458381,0.011447,-0.009576,-0.086184,-9.8154,-9.815783,0.00213,-0.00426,0.00639,99573.78,25.99,0.008011359,0.013484,,,,
151.469294,0.010913,-0.050274,-0.09576,-9.832158,-9.832753,0.003195,-0.00426,0.003195,99573.78,25.99,-0.008958641,-0.003486,,,,
151.48039,0.011096,-0.009576,-0.081396,-9.846522,-9.846863,0.00213,-0.00426,0.00213,99573.89,25.99,-0.023068641,-0.017596,,,,
151.491582,0.011192,-0.026334,-0.069426,-9.858492,-9.858772,0.00213,-0.00426,0.00213,99573.89,25.99,-0.034977641,-0.029505,,,,
151.502835,0.011253,-0.014364,-0.093366,-9.882432,-9.882883,0.001065,-0.003195,0.00213,99573.89,25.99,-0.059088641,-0.053616,,,,
151.514038,0.011203,-0.069426,-0.110124,-9.868068,-9.868927,0.003195,-0.00639,0.00426,99573.89,25.99,-0.045132641,-0.03966,,,,
151.52511,0.011072,-0.031122,-0.098154,-9.856098,-9.856636,0.001065,-0.003195,0.001065,99573.89,25.99,-0.032841641,-0.027369,,,,
151.53649,0.01138,-0.045486,-0.102942,-9.856098,-9.856741,-0.001065,-0.00213,0.00213,99574.04,25.99,-0.032946641,-0.027474,,,,
151.547552,0.011062,-0.064638,-0.086184,-9.882432,-9.883019,-0.001065,-0.003195,0.00426,99574.04,25.99,-0.059224641,-0.053752,,,,
151.559008,0.011456,-0.052668,-0.069426,-9.870462,-9.870847,0.001065,-0.001065,-0.001065,99574.04,25.99,-0.047052641,-0.04158,,,,
151.569922,0.010914,-0.021546,-0.069426,-9.856098,-9.856366,0.00213,-0.005325,0.00213,99574.04,25.99,-0.032571641,-0.027099,,,,
151.581062,0.011141,-0.043092,-0.076608,-9.856098,-9.85649,0.001065,-0.003195,0.00213,99574.04,25.99,-0.032695641,-0.027223,,,,
151.592302,0.011239,-0.043092,-0.081396,-9.858492,-9.858922,0.003195,-0.005325,0.001065,99574.04,25.99,-0.035127641,-0.029655,,,,
151.603585,0.011283,-0.045486,-0.074214,-9.846522,-9.846907,0.003195,-0.005325,0.001065,99574.23,25.99,-0.023112641,-0.01764,,,,
151.614625,0.011039,0,-0.086184,-9.853704,-9.854081,0.001065,-0.003195,0.001065,99574.23,25.99,-0.030286641,-0.024814,,,,
151.625908,0.011283,-0.016758,-0.067032,-9.79146,-9.791704,0.003195,-0.00426,0.00213,99574.23,25.99,0.032090359,0.037563,,,,
151.636999,0.011091,-0.033516,-0.04788,-9.846522,-9.846695,0,-0.005325,0.005325,99574.23,25.99,-0.022900641,-0.017428,,,,
151.648228,0.011229,0,-0.055062,-9.856098,-9.856252,0.00213,-0.003195,0.00213,99574.23,25.99,-0.032457641,-0.026985,,,,
151.65939,0.011162,-0.009576,-0.067032,-9.789066,-9.7893,0,-0.00213,0,99574.23,25.99,0.034494359,0.039967,,,,
151.670618,0.011228,-0.021546,-0.076608,-9.777096,-9.77742,0.00213,-0.00426,0.001065,99574.37,25.99,0.046374359,0.051847,,,,
151.681755,0.011136,-0.055062,-0.079002,-9.8154,-9.815872,0,-0.005325,0.00213,99574.37,25.99,0.007922359,0.013395,,,,
151.692934,0.011179,0.014364,-0.07182,-9.781884,-9.782158,0,-0.005325,0.00213,99574.37,25.99,0.041636359,0.047109,,,,
151.704084,0.01115,-0.026334,-0.110124,-9.762732,-9.763389,0,-0.00426,0.00213,99574.37,25.99,0.060405359,0.065878,,,,
151.715387,0.011303,-0.050274,-0.081396,-9.774702,-9.77517,0.001065,-0.003195,0.001065,99574.37,25.99,0.048624359,0.054097,,,,
151.72658,0.011194,-0.02394,-0.05985,-9.810612,-9.810824,0,-0.003195,0.00426,99574.37,25.99,0.012970359,0.018443,,,,
151.737742,0.011162,-0.002394,-0.08379,-9.789066,-9.789425,0,-0.00639,0.003195,99574.37,25.99,0.034369359,0.039842,,,,
151.748822,0.011079,-0.040698,-0.050274,-9.769914,-9.770128,0.00213,-0.003195,0.005325,99574.37,25.99,0.053666359,0.059139,,,,
151.760121,0.0113,-0.028728,-0.081396,-9.829764,-9.830143,0.003195,-0.007455,0.00213,99574.37,25.99,-0.006348641,-0.000876,,,,
151.771238,0.011116,-0.033516,-0.052668,-9.798642,-9.798841,-0.001065,-0.003195,0.00213,99574.37,25.99,0.024953359,0.030426,,,,
151.782582,0.011344,-0.050274,-0.069426,-9.798642,-9.799017,0.003195,-0.005325,0.00213,99574.37,25.99,0.024777359,0.03025,,,,
151.793575,0.010993,-0.033516,-0.074214,-9.793854,-9.794193,0.00213,-0.00426,0.00213,99574.37,25.99,0.029601359,0.035074,,,,
151.804767,0.011192,-0.031122,-0.079002,-9.808218,-9.808586,0.001065,-0.00639,0.00213,99574.37,25.99,0.015208359,0.020681,,,,
151.815952,0.011185,-0.038304,-0.086184,-9.808218,-9.808671,0.00213,-0.00426,0.003195,99574.37,25.99,0.015123359,0.020596,,,,
151.827198,0.011246,-0.01197,-0.079002,-9.824976,-9.825301,0,-0.00639,0.00213,99574.37,25.99,-0.001506641,0.003966,,,,
151.838446,0.011249,-0.031122,-0.076608,-9.82737,-9.827718,0.001065,-0.005325,0.001065,99574.37,25.99,-0.003923641,0.001549,,,,
151.849516,0.011069,-0.055062,-0.08379,-9.880038,-9.880547,0.001065,-0.00426,0.00213,99574.37,25.99,-0.056752641,-0.05128,,,,
151.860866,0.01135,-0.01197,-0.079002,-9.844128,-9.844452,0.001065,-0.003195,0.003195,99574.5,25.99,-0.020657641,-0.015185,,,,
151.871853,0.010987,-0.009576,-0.090972,-9.85131,-9.851735,0.001065,-0.005325,0,99574.5,25.99,-0.027940641,-0.022468,,,,
151.883115,0.011262,-0.081396,-0.110124,-9.865674,-9.866624,0.001065,-0.00426,0.00213,99574.5,25.99,-0.042829641,-0.037357,,,,
151.894328,0.011213,-0.009576,-0.098154,-9.844128,-9.844622,0,-0.00426,0.00213,99574.5,25.99,-0.020827641,-0.015355,,,,
151.905469,0.011141,-0.050274,-0.100548,-9.83934,-9.839982,0.001065,-0.00639,0,99574.5,25.99,-0.016187641,-0.010715,,,,
151.916599,0.01113,0.002394,-0.110124,-9.829764,-9.830381,-0.001065,-0.005325,0.003195,99574.5,25.99,-0.006586641,-0.001114,,,,
151.927783,0.011184,-0.009576,-0.074214,-9.86328,-9.863564,0.00426,-0.00426,0.00213,99574.51,26,-0.039769641,-0.034297,,,,
151.939027,0.011244,-0.076608,-0.069426,-9.841734,-9.842277,0.001065,-0.005325,0.00213,99574.51,26,-0.018482641,-0.01301,,,,
151.950214,0.011187,0.028728,-0.04788,-9.829764,-9.829923,0.001065,-0.003195,0.001065,99574.51,26,-0.006128641,-0.000656,,,,
151.961333,0.011119,-0.033516,-0.086184,-9.820188,-9.820623,0.003195,-0.005325,0.00213,99574.51,26,0.003171359,0.008644,,,,
151.972521,0.011187,-0.05985,-0.03591,-9.824976,-9.825224,0,-0.00426,0.003195,99574.51,26,-0.001429641,0.004043,,,,
151.983726,0.011205,-0.016758,-0.05985,-9.805824,-9.806021,0.003195,-0.005325,0.00213,99798.08,26,0.017773359,0.023246,,,,
151.994917,0.011191,-0.02394,-0.055062,-9.817794,-9.817978,-0.001065,-0.007455,0.00426,99798.08,26,0.005816359,0.011289,,,,
152.006195,0.011278,-0.033516,-0.057456,-9.789066,-9.789292,0.001065,-0.005325,0,99798.08,26,0.034502359,0.039975,,,,
152.017428,0.011233,-0.02394,-0.081396,-9.810612,-9.810979,0.00213,-0.005325,0.00213,99798.08,26,0.012815359,0.018288,,,,
152.028426,0.010998,-0.043092,-0.050274,-9.79146,-9.791684,0.00213,-0.003195,0.00213,99798.08,26,0.032110359,0.037583,,,,
152.040469,0.012043,-0.04788,-0.064638,-9.79146,-9.79179,0.00213,-0.003195,0.003195,99798.08,26,0.032004359,0.037477,,,,
152.050916,0.010446,-0.033516,-0.076608,-9.79146,-9.791817,0.001065,-0.00639,-0.001065,99798.08,26,0.031977359,0.03745,,,,
152.06202,0.011104,-0.031122,-0.05985,-9.784278,-9.784511,0.001065,-0.00213,0.003195,99798.08,26,0.039283359,0.044756,,,,
152.073192,0.011171,-0.01197,-0.122094,-9.76752,-9.76829,0,-0.00426,0.001065,99798.08,26,0.055504359,0.060977,,,,
152.084367,0.011176,-0.052668,-0.076608,-9.77949,-9.779932,0.00213,-0.003195,0,99798.08,26,0.043862359,0.049335,,,,
152.095534,0.011166,-0.043092,-0.088578,-9.781884,-9.78238,0.001065,-0.00426,0.001065,99798.08,26,0.041414359,0.046887,,,,
152.106814,0.01128,-0.03591,-0.122094,-9.829764,-9.830588,0.001065,-0.005325,0.00213,99798.08,26,-0.006793641,-0.001321,,,,
152.118559,0.011745,-0.004788,-0.093366,-9.820188,-9.820633,0.001065,-0.00213,0.003195,99798.29,26,0.003161359,0.008634,,,,
152.129154,0.010595,-0.02394,-0.093366,-9.793854,-9.794328,0.001065,-0.00426,0.00213,99798.29,26,0.029466359,0.034939,,,,
152.140307,0.011153,-0.02394,-0.038304,-9.801036,-9.80114,0.001065,-0.00426,0.003195,99798.29,26,0.022654359,0.028127,,,,
152.151564,0.011257,-0.031122,-0.100548,-9.844128,-9.844691,0.001065,-0.00639,0.003195,99798.29,26,-0.020896641,-0.015424,,,,
152.16278,0.011215,-0.014364,-0.102942,-9.801036,-9.801587,0.00213,-0.00426,0.00213,99798.29,26,0.022207359,0.02768,,,,
152.173903,0.011123,-0.021546,-0.086184,-9.810612,-9.811014,0.003195,-0.003195,0.003195,99798.29,26,0.012780359,0.018253,,,,
152.185059,0.011156,0.007182,-0.090972,-9.858492,-9.858914,0.00213,-0.005325,-0.001065,99798.45,26,-0.035119641,-0.029647,,,,
152.196264,0.011205,-0.040698,-0.081396,-9.846522,-9.846943,0.00426,-0.005325,0.003195,99798.45,26,-0.023148641,-0.017676,,,,
152.207417,0.011153,-0.009576,-0.05985,-9.82737,-9.827557,0.001065,-0.005325,-0.001065,99798.45,26,-0.003762641,0.00171,,,,
152.218717,0.0113,-0.052668,-0.07182,-9.872856,-9.873258,0.00213,-0.005325,0.00213,99798.45,26,-0.049463641,-0.043991,,,,
152.2298,0.011082,-0.031122,-0.050274,-9.872856,-9.873033,0,-0.003195,0.001065,99798.45,26,-0.049238641,-0.043766,,,,
152.241109,0.011309,-0.01197,-0.081396,-9.841734,-9.842078,0.00213,-0.005325,0.00213,99798.61,26,-0.018283641,-0.012811,,,,
152.252119,0.01101,-0.002394,-0.057456,-9.841734,-9.841902,0.00213,-0.003195,0,99798.61,26,-0.018107641,-0.012635,,,,
152.26335,0.011231,-0.031122,-0.055062,-9.841734,-9.841937,0.00213,-0.00426,0.003195,99798.61,26,-0.018142641,-0.01267,,,,
152.274568,0.011218,0.007182,-0.057456,-9.83934,-9.83951,0.003195,-0.005325,0.003195,99798.61,26,-0.015715641,-0.010243,,,,
152.285714,0.011146,-0.033516,-0.076608,-9.846522,-9.846877,0.003195,-0.005325,0.003195,99798.61,26,-0.023082641,-0.01761,,,,
152.297161,0.011447,-0.01197,-0.05985,-9.829764,-9.829953,0.001065,-0.00426,0.00426,99798.61,26,-0.006158641,-0.000686,,,,
152.30814,0.010979,-0.03591,-0.079002,-9.83934,-9.839723,0.005325,-0.00639,0.00426,99798.61,26,-0.015928641,-0.010456,,,,
152.319246,0.011106,-0.014364,-0.08379,-9.83934,-9.839707,0.003195,-0.005325,0.001065,99798.61,26,-0.015912641,-0.01044,,,,
152.33041,0.011164,-0.01197,-0.088578,-9.79146,-9.791868,-0.001065,-0.003195,0.001065,99798.61,26,0.031926359,0.037399,,,,
152.341635,0.011226,-0.019152,-0.10773,-9.796248,-9.796859,0.003195,-0.00639,0.001065,99798.61,26,0.026935359,0.032408,,,,
152.352812,0.011177,-0.052668,-0.074214,-9.810612,-9.811034,0.001065,-0.005325,0.001065,99798.61,26,0.012760359,0.018233,,,,
152.363955,0.011143,-0.007182,-0.079002,-9.805824,-9.806145,0.00213,-0.00639,0.003195,99798.61,26,0.017649359,0.023122,,,,
152.37605,0.012095,-0.031122,-0.112518,-9.817794,-9.818488,0.003195,-0.00639,0.003195,99798.56,26,0.005306359,0.010779,,,,
152.386419,0.010368,-0.007182,-0.093366,-9.801036,-9.801483,0.001065,-0.00639,0.00213,99798.56,26,0.022311359,0.027784,,,,
152.396546,0.010127,-0.031122,-0.088578,-9.824976,-9.825425,0.001065,-0.00426,0.003195,99798.56,26,-0.001630641,0.003842,,,,
152.406659,0.010113,-0.016758,-0.098154,-9.796248,-9.796754,0.00426,-0.003195,0.00213,99798.56,26,0.027040359,0.032513,,,,
152.416755,0.010096,-0.033516,-0.043092,-9.774702,-9.774854,0.00213,-0.00426,0.003195,99798.56,26,0.048940359,0.054413,,,,
152.426858,0.010104,-0.04788,-0.086184,-9.80343,-9.803926,0.003195,-0.00426,0.001065,99798.56,26,0.019868359,0.025341,,,,
152.437084,0.010226,-0.014364,-0.055062,-9.848916,-9.84908,0.00213,-0.00426,0.001065,99798.56,26,-0.025285641,-0.019813,,,,
152.447184,0.0101,-0.021546,-0.081396,-9.798642,-9.799004,0.001065,-0.005325,0.003195,99798.56,26,0.024790359,0.030263,,,,
152.457283,0.010099,-0.028728,-0.067032,-9.860886,-9.861156,-0.001065,-0.00426,0.00213,99798.56,26,-0.037361641,-0.031889,,,,
152.467452,0.010169,0.01197,-0.043092,-9.789066,-9.789168,-0.001065,-0.00213,0.00213,99798.56,26,0.034626359,0.040099,,,,
152.477599,0.010147,-0.004788,-0.07182,-9.848916,-9.849179,0.003195,-0.00639,0.00213,99798.56,26,-0.025384641,-0.019912,,,,
152.487758,0.010159,-0.031122,-0.040698,-9.820188,-9.820322,0.001065,-0.00426,0.00213,99798.56,26,0.003472359,0.008945,,,,
152.498298,0.010539,0.01197,-0.045486,-9.860886,-9.860998,0.003195,-0.005325,0.00213,99798.61,26,-0.037203641,-0.031731,,,,
152.509569,0.011271,-0.028728,-0.079002,-9.844128,-9.844487,0.001065,-0.00639,0.001065,99798.61,26,-0.020692641,-0.01522,,,,
152.520585,0.011016,-0.031122,-0.038304,-9.836946,-9.83707,0.003195,-0.00426,0.001065,99798.61,26,-0.013275641,-0.007803,,,,
152.531779,0.011194,-0.007182,-0.100548,-9.822582,-9.823099,0.001065,-0.005325,0.001065,99798.61,26,0.000695359,0.006168,,,,
152.543123,0.011344,0,-0.03591,-9.820188,-9.820254,0,-0.00426,-0.001065,99798.61,26,0.003540359,0.009013,,,,
152.554242,0.011119,0.007182,-0.102942,-9.844128,-9.844669,0.00213,-0.00426,0.003195,99798.61,26,-0.020874641,-0.015402,,,,
152.565356,0.011114,-0.026334,-0.112518,-9.824976,-9.825656,0.001065,-0.00213,0.00213,99798.63,26,-0.001861641,0.003611,,,,
152.576472,0.011116,-0.019152,-0.102942,-9.860886,-9.861442,0.00213,-0.005325,0.00213,99798.63,26,-0.037647641,-0.032175,,,,
152.58767,0.011198,-0.002394,-0.10773,-9.820188,-9.820779,0.00213,-0.003195,0.00426,99798.63,26,0.003015359,0.008488,,,,
152.599029,0.011359,-0.05985,-0.057456,-9.85131,-9.851659,0,-0.003195,0.00213,99798.63,26,-0.027864641,-0.022392,,,,
152.610123,0.011094,-0.04788,-0.124488,-9.832158,-9.833063,0.00213,-0.00426,0.001065,99798.63,26,-0.009268641,-0.003796,,,,
152.62126,0.011137,-0.026334,-0.069426,-9.801036,-9.801317,-0.001065,-0.003195,0,99798.63,26,0.022477359,0.02795,,,,
152.632499,0.011239,-0.016758,-0.064638,-9.844128,-9.844354,0.003195,-0.005325,0.005325,99798.64,26,-0.020559641,-0.015087,,,,
152.643651,0.011152,-0.067032,-0.069426,-9.848916,-9.849389,0.001065,-0.00639,0,99798.64,26,-0.025594641,-0.020122,,,,
152.654861,0.01121,-0.02394,-0.055062,-9.834552,-9.834735,0.001065,-0.00426,0.003195,99798.64,26,-0.010940641,-0.005468,,,,
152.666002,0.011141,-0.014364,-0.08379,-9.832158,-9.832526,0.003195,-0.00426,0.003195,99798.64,26,-0.008731641,-0.003259,,,,
152.677236,0.011234,-0.033516,-0.052668,-9.813006,-9.813205,0.003195,-0.00426,0.001065,99798.64,26,0.010589359,0.016062,,,,
152.688321,0.011085,-0.043092,-0.074214,-9.8154,-9.815775,0.00213,-0.00426,0.00213,99798.64,26,0.008019359,0.013492,,,,
152.699547,0.011225,-0.019152,-0.043092,-9.822582,-9.822695,0.00213,-0.00426,-0.001065,99798.61,26,0.001099359,0.006572,,,,
152.710805,0.011258,-0.019152,-0.031122,-9.810612,-9.81068,0.001065,-0.005325,0.001065,99798.61,26,0.013114359,0.018587,,,,
152.721929,0.011124,-0.02394,-0.045486,-9.82737,-9.827504,0.00213,-0.003195,0,99798.61,26,-0.003709641,0.001763,,,,
152.733057,0.011128,-0.045486,-0.062244,-9.8154,-9.815703,0.003195,-0.005325,0.001065,99798.61,26,0.008091359,0.013564,,,,
152.744324,0.011267,0.021546,-0.088578,-9.82737,-9.827793,0.001065,-0.005325,0.001065,99798.61,26,-0.003998641,0.001474,,,,
152.755661,0.011337,-0.007182,-0.074214,-9.781884,-9.782168,0.00426,-0.00426,0,99798.61,26,0.041626359,0.047099,,,,
152.76674,0.011079,0.007182,-0.110124,-9.822582,-9.823202,0.00213,-0.003195,0.00426,99798.61,26,0.000592359,0.006065,,,,
152.777907,0.011166,-0.026334,-0.08379,-9.80343,-9.803823,0.001065,-0.00639,0.003195,99798.61,26,0.019971359,0.025444,,,,
152.789013,0.011106,0.004788,-0.086184,-9.824976,-9.825355,0.001065,-0.003195,0.001065,99798.61,26,-0.001560641,0.003912,,,,
152.80025,0.011238,-0.045486,-0.074214,-9.784278,-9.784665,0.00213,-0.003195,0.001065,99798.61,26,0.039129359,0.044602,,,,
152.811381,0.011131,-0.043092,-0.086184,-9.856098,-9.856569,0.001065,-0.00213,0.00213,99798.61,26,-0.032774641,-0.027302,,,,
152.822625,0.011244,0,-0.07182,-9.80343,-9.803693,0.003195,-0.005325,0.001065,99798.66,26,0.020101359,0.025574,,,,
152.833778,0.011153,-0.03591,-0.088578,-9.858492,-9.858955,0.00213,-0.00639,0.00213,99798.66,26,-0.035160641,-0.029688,,,,
152.844906,0.011128,-0.03591,-0.067032,-9.817794,-9.818089,0,-0.00639,0.00426,99798.66,26,0.005705359,0.011178,,,,
152.856109,0.011204,-0.03591,-0.081396,-9.834552,-9.834954,0.001065,-0.005325,0.001065,99798.66,26,-0.011159641,-0.005687,,,,
152.867315,0.011205,-0.04788,-0.088578,-9.836946,-9.837461,0,-0.00639,0.003195,99798.66,26,-0.013666641,-0.008194,,,,
152.878567,0.011253,-0.031122,-0.08379,-9.83934,-9.839746,0.001065,-0.005325,0.00213,99798.66,26,-0.015951641,-0.010479,,,,
152.889847,0.01128,-0.045486,-0.093366,-9.822582,-9.823131,0.00213,-0.00426,0.00213,99798.69,26,0.000663359,0.006136,,,,
152.900836,0.010989,-0.050274,-0.045486,-9.810612,-9.810846,0.003195,-0.005325,0.001065,99798.69,26,0.012948359,0.018421,,,,
152.912043,0.011208,0,-0.086184,-9.817794,-9.818172,0.00213,-0.005325,0,99798.69,26,0.005622359,0.011095,,,,
152.92324,0.011196,-0.028728,-0.040698,-9.8154,-9.815526,-0.001065,-0.005325,0,99798.69,26,0.008268359,0.013741,,,,
152.93443,0.01119,-0.026334,-0.074214,-9.834552,-9.834867,0.003195,-0.00426,0.00213,99798.69,26,-0.011072641,-0.0056,,,,
152.945606,0.011176,-0.028728,-0.07182,-9.820188,-9.820493,0.005325,-0.005325,0.00426,99798.69,26,0.003301359,0.008774,,,,
152.95676,0.011154,-0.009576,-0.05985,-9.820188,-9.820375,0.00213,-0.00639,0.001065,99798.74,26,0.003419359,0.008892,,,,
152.967943,0.011182,-0.007182,-0.07182,-9.829764,-9.830029,0.00213,-0.003195,0.00213,99798.74,26,-0.006234641,-0.000762,,,,
152.97916,0.011217,-0.038304,-0.086184,-9.801036,-9.80149,0.003195,-0.007455,0.003195,99798.74,26,0.022304359,0.027777,,,,
152.990382,0.011222,-0.007182,-0.07182,-9.822582,-9.822847,-0.001065,-0.005325,0,99798.74,26,0.000947359,0.00642,,,,
153.001541,0.011159,-0.028728,-0.081396,-9.834552,-9.834931,0.001065,-0.003195,0.001065,99798.74,26,-0.011136641,-0.005664,,,,
153.012696,0.011155,-0.04788,-0.093366,-9.824976,-9.825536,0,-0.00639,0.00213,99798.77,26,-0.001741641,0.003731,,,,
153.02388,0.011184,-0.028728,-0.098154,-9.824976,-9.825508,-0.001065,-0.00426,0.00213,99798.77,26,-0.001713641,0.003759,,,,
153.035137,0.011257,-0.038304,-0.122094,-9.832158,-9.832991,0.00213,-0.00426,0.00426,99798.77,26,-0.009196641,-0.003724,,,,
153.046304,0.011167,-0.026334,-0.067032,-9.822582,-9.822846,0,-0.00426,0.00426,99798.77,26,0.000948359,0.006421,,,,
153.057571,0.011267,-0.01197,-0.067032,-9.848916,-9.849151,0.005325,-0.007455,0.003195,99798.77,26,-0.025356641,-0.019884,,,,
153.068807,0.011237,-0.038304,-0.07182,-9.834552,-9.834889,0,-0.00213,0.001065,99798.77,26,-0.011094641,-0.005622,,,,
153.079826,0.011019,0.002394,-0.074214,-9.810612,-9.810893,-0.00213,-0.003195,0.005325,99798.77,26,0.012901359,0.018374,,,,
153.091024,0.011198,-0.062244,-0.07182,-9.808218,-9.808678,0.003195,-0.005325,0.00213,99798.77,26,0.015116359,0.020589,,,,
153.102183,0.011159,-0.033516,-0.069426,-9.796248,-9.796551,0.001065,-0.003195,0.003195,99798.77,26,0.027243359,0.032716,,,,
153.113334,0.011151,-0.043092,-0.088578,-9.805824,-9.806319,0.001065,-0.005325,0.003195,99798.77,26,0.017475359,0.022948,,,,
153.12453,0.011196,-0.004788,-0.064638,-9.80343,-9.803644,0.00213,-0.003195,0.00213,99798.77,26,0.020150359,0.025623,,,,
153.135704,0.011174,-0.050274,-0.093366,-9.810612,-9.811185,0.00213,-0.00639,0.00213,99798.77,26,0.012609359,0.018082,,,,
153.147086,0.011381,-0.014364,-0.031122,-9.82737,-9.82743,0,-0.00213,0.003195,99798.77,26,-0.003635641,0.001837,,,,
153.158204,0.011118,-0.01197,-0.062244,-9.796248,-9.796453,0.001065,-0.00213,0,99798.77,26,0.027341359,0.032814,,,,
153.169261,0.011057,-0.002394,-0.079002,-9.829764,-9.830082,0.00213,-0.00426,0.003195,99798.77,26,-0.006287641,-0.000815,,,,
153.180493,0.011232,-0.043092,-0.033516,-9.834552,-9.834704,0,-0.00213,0.001065,99798.77,26,-0.010909641,-0.005437,,,,
153.191617,0.011123,-0.043092,-0.074214,-9.856098,-9.856472,0.00426,-0.007455,0.001065,99798.77,26,-0.032677641,-0.027205,,,,
153.202873,0.011256,-0.002394,-0.067032,-9.856098,-9.856326,0,-0.00213,0,99798.77,26,-0.032531641,-0.027059,,,,
153.21404,0.011167,-0.01197,-0.074214,-9.808218,-9.808506,0.003195,-0.00426,0.00213,99798.76,26,0.015288359,0.020761,,,,
153.225191,0.011151,-0.05985,-0.13167,-9.793854,-9.794922,0.003195,-0.007455,0.003195,99798.76,26,0.028872359,0.034345,,,,
153.236385,0.011194,-0.067032,-0.086184,-9.8154,-9.816007,0.001065,-0.00426,0.001065,99798.76,26,0.007787359,0.01326,,,,
153.247582,0.011196,-0.02394,-0.129276,-9.824976,-9.825856,-0.001065,-0.00639,0.003195,99798.76,26,-0.002061641,0.003411,,,,
153.258846,0.011264,-0.019152,-0.114912,-9.83934,-9.84003,-0.001065,-0.00213,0.001065,99798.76,26,-0.016235641,-0.010763,,,,
153.26997,0.011124,-0.050274,-0.062244,-9.829764,-9.83009,0.00213,-0.00426,0.003195,99798.76,26,-0.006295641,-0.000823,,,,
153.281217,0.011248,-0.028728,-0.08379,-9.836946,-9.837345,0.001065,-0.00852,0.003195,99798.76,26,-0.013550641,-0.008078,,,,
153.292296,0.011078,-0.014364,-0.07182,-9.813006,-9.813279,0.001065,-0.003195,0.00426,99798.76,26,0.010515359,0.015988,,,,
153.303493,0.011197,-0.03591,-0.045486,-9.817794,-9.817965,0.001065,-0.005325,0.003195,99798.76,26,0.005829359,0.011302,,,,
153.314721,0.011228,-0.007182,-0.10773,-9.83934,-9.839932,0.003195,-0.005325,0.003195,99798.76,26,-0.016137641,-0.010665,,,,
153.326208,0.011487,-0.03591,-0.069426,-9.846522,-9.846832,-0.001065,-0.00426,0.00213,99798.76,26,-0.023037641,-0.017565,,,,
153.3371,0.010892,-0.009576,-0.086184,-9.817794,-9.818177,0.003195,-0.00852,0.003195,99798.69,26,0.005617359,0.01109,,,,
153.348217,0.011117,-0.052668,-0.055062,-9.80343,-9.803726,0.00213,-0.00639,0.001065,99798.69,26,0.020068359,0.025541,,,,
153.359506,0.011289,-0.045486,-0.03591,-9.829764,-9.829935,0.001065,-0.003195,0.00213,99798.69,26,-0.006140641,-0.000668,,,,
153.370632,0.011126,-0.016758,-0.062244,-9.836946,-9.837157,0.00213,-0.00213,0,99798.69,26,-0.013362641,-0.00789,,,,
153.381795,0.011163,-0.033516,-0.050274,-9.832158,-9.832344,0.003195,-0.005325,0.00213,99798.69,26,-0.008549641,-0.003077,,,,
153.393018,0.011222,-0.052668,-0.055062,-9.836946,-9.837241,0.001065,-0.00426,0.00213,99798.69,26,-0.013446641,-0.007974,,,,
153.404201,0.011183,0.009576,-0.079002,-9.808218,-9.808541,0,-0.00639,0.00213,99798.8,26,0.015253359,0.020726,,,,
153.415369,0.011168,-0.009576,-0.098154,-9.813006,-9.813502,0.001065,-0.005325,0.00426,99798.8,26,0.010292359,0.015765,,,,
153.426692,0.011323,0.002394,-0.079002,-9.813006,-9.813324,0,-0.005325,0.00213,99798.8,26,0.010470359,0.015943,,,,
153.437838,0.011146,-0.021546,-0.090972,-9.817794,-9.818239,0.003195,-0.005325,0.003195,99798.8,26,0.005555359,0.011028,,,,
153.448951,0.011113,0.009576,-0.067032,-9.832158,-9.832391,-0.00213,-0.005325,0.003195,99798.8,26,-0.008596641,-0.003124,,,,
153.460073,0.011122,-0.002394,-0.081396,-9.813006,-9.813344,0,-0.00639,0.001065,99798.8,26,0.010450359,0.015923,,,,
153.472047,0.011974,-0.019152,-0.114912,-9.82737,-9.82806,0,-0.005325,0.001065,99798.8,26,-0.004265641,0.001207,,,,
153.482587,0.01054,-0.052668,-0.08379,-9.836946,-9.837444,0.003195,-0.00426,0.00213,99798.8,26,-0.013649641,-0.008177,,,,
153.49373,0.011143,0.019152,-0.114912,-9.824976,-9.825667,0.001065,-0.003195,0.00213,99798.8,26,-0.001872641,0.0036,,,,
153.504802,0.011072,-0.014364,-0.10773,-9.834552,-9.835153,0.00213,-0.00426,0,99798.8,26,-0.011358641,-0.005886,,,,
153.515986,0.011185,-0.031122,-0.067032,-9.846522,-9.846799,0.001065,-0.00639,0.00213,99798.8,26,-0.023004641,-0.017532,,,,
153.527255,0.011269,-0.026334,-0.076608,-9.824976,-9.82531,0.00213,-0.00426,0.00426,99798.88,26,-0.001515641,0.003957,,,,
153.538459,0.011204,-0.026334,-0.07182,-9.85131,-9.851607,0.00213,-0.00639,0.00426,99798.88,26,-0.027812641,-0.02234,,,,
153.549656,0.011198,-0.009576,-0.07182,-9.801036,-9.801304,0.00213,-0.00213,0.00213,99798.88,26,0.022490359,0.027963,,,,
153.560735,0.011078,-0.040698,-0.074214,-9.860886,-9.861249,0.00213,-0.005325,0.005325,99798.88,26,-0.037454641,-0.031982,,,,
153.57194,0.011206,-0.043092,-0.062244,-9.83934,-9.839631,0,-0.005325,0.00213,99798.88,26,-0.015836641,-0.010364,,,,
153.583198,0.011258,0,-0.05985,-9.817794,-9.817976,0.003195,-0.005325,0,99798.88,26,0.005818359,0.011291,,,,
153.594338,0.01114,-0.016758,-0.055062,-9.810612,-9.810781,0.00426,-0.00213,0.003195,99798.72,26,0.013013359,0.018486,,,,
153.605489,0.011152,-0.04788,-0.074214,-9.834552,-9.834949,0.003195,-0.00639,-0.001065,99798.72,26,-0.011154641,-0.005682,,,,
153.616687,0.011197,-0.028728,-0.090972,-9.844128,-9.84459,0.00213,-0.005325,0.001065,99798.72,26,-0.020795641,-0.015323,,,,
153.627827,0.01114,-0.021546,-0.064638,-9.813006,-9.813243,0.001065,-0.00639,0.00213,99798.72,26,0.010551359,0.016024,,,,
153.639071,0.011244,-0.01197,-0.040698,-9.834552,-9.834643,0.001065,-0.001065,0.00213,99798.72,26,-0.010848641,-0.005376,,,,
153.650253,0.011182,-0.03591,-0.074214,-9.832158,-9.832504,0.001065,-0.00426,0.00213,99798.72,26,-0.008709641,-0.003237,,,,
153.661482,0.011229,-0.016758,-0.088578,-9.79146,-9.791875,0,-0.00426,0.00213,99798.8,26,0.031919359,0.037392,,,,
153.672666,0.011184,-0.014364,-0.081396,-9.805824,-9.806172,0.00213,-0.00426,0.00213,99798.8,26,0.017622359,0.023095,,,,
153.682784,0.010118,-0.028728,-0.110124,-9.810612,-9.811272,0.00213,-0.00213,0.003195,99798.8,26,0.012522359,0.017995,,,,
153.69287,0.010086,-0.031122,-0.086184,-9.824976,-9.825403,0,-0.00426,0.00213,99798.8,26,-0.001608641,0.003864,,,,
153.702996,0.010126,-0.007182,-0.069426,-9.836946,-9.837194,0.00213,-0.00426,0.00213,99798.8,26,-0.013399641,-0.007927,,,,
153.713089,0.010092,-0.009576,-0.093366,-9.832158,-9.832606,0.001065,-0.005325,0.003195,99798.8,26,-0.008811641,-0.003339,,,,
153.72318,0.010092,-0.002394,-0.098154,-9.793854,-9.794346,0.00213,-0.00426,0.001065,99798.69,26,0.029448359,0.034921,,,,
153.733274,0.010094,-0.007182,-0.093366,-9.83934,-9.839786,0.001065,-0.005325,0,99798.69,26,-0.015991641,-0.010519,,,,
153.743381,0.010107,-0.02394,-0.102942,-9.8154,-9.815969,0.003195,-0.005325,0.00213,99798.69,26,0.007825359,0.013298,,,,
153.753619,0.010238,-0.02394,-0.074214,-9.817794,-9.818104,0,-0.005325,0.001065,99798.69,26,0.005690359,0.011163,,,,
153.763771,0.010152,-0.004788,-0.076608,-9.8154,-9.8157,0.00213,-0.00426,0.001065,99798.69,26,0.008094359,0.013567,,,,
153.77401,0.010239,-0.062244,-0.07182,-9.822582,-9.823042,0.00213,-0.005325,0,99798.69,26,0.000752359,0.006225,,,,
153.784113,0.010103,-0.026334,-0.08379,-9.817794,-9.818187,0.00213,-0.00426,0.00213,99798.69,26,0.005607359,0.01108,,,,
153.795616,0.011503,-0.038304,-0.076608,-9.82737,-9.827743,0.003195,-0.00426,0.001065,99798.69,26,-0.003948641,0.001524,,,,
153.806879,0.011264,-0.038304,-0.07182,-9.82737,-9.827707,0.001065,-0.00639,0.001065,99798.69,26,-0.003912641,0.00156,,,,
153.818269,0.01139,-0.031122,-0.062244,-9.836946,-9.837192,0.00213,-0.005325,0.00213,99798.69,26,-0.013397641,-0.007925,,,,
153.82924,0.010971,-0.019152,-0.09576,-9.841734,-9.842218,0.00213,-0.00213,0,99798.69,26,-0.018423641,-0.012951,,,,
153.840411,0.011171,0.004788,-0.057456,-9.810612,-9.810781,0.001065,-0.003195,0,99798.69,26,0.013013359,0.018486,,,,
153.851608,0.011197,-0.028728,-0.07182,-9.83934,-9.839644,0.001065,-0.00639,0,99798.74,26,-0.015849641,-0.010377,,,,
153.863318,0.01171,-0.045486,-0.090972,-9.796248,-9.796776,0.001065,-0.00426,0.001065,99798.74,26,0.027018359,0.032491,,,,
153.87391,0.010592,-0.009576,-0.079002,-9.834552,-9.834874,0,-0.00426,0.00213,99798.74,26,-0.011079641,-0.005607,,,,
153.885127,0.011217,-0.031122,-0.076608,-9.813006,-9.813354,0.001065,-0.00639,0.001065,99798.74,26,0.010440359,0.015913,,,,
153.896238,0.011111,-0.076608,-0.067032,-9.82737,-9.827897,0.00213,-0.00639,0.00426,99798.74,26,-0.004102641,0.00137,,,,
153.907814,0.011577,-0.02394,-0.088578,-9.834552,-9.83498,0.00213,-0.005325,0,99798.74,26,-0.011185641,-0.005713,,,,
153.918731,0.010917,-0.021546,-0.07182,-9.822582,-9.822868,0.00213,-0.003195,0.00213,99798.74,26,0.000926359,0.006399,,,,
153.929833,0.011102,-0.021546,-0.086184,-9.798642,-9.799045,0.00213,-0.005325,0.001065,99798.74,26,0.024749359,0.030222,,,,
153.941067,0.011234,-0.007182,-0.086184,-9.834552,-9.834932,0.001065,-0.00639,0.003195,99798.74,26,-0.011137641,-0.005665,,,,
153.952307,0.01124,-0.043092,-0.067032,-9.8154,-9.815723,0.00213,-0.005325,0.003195,99798.74,26,0.008071359,0.013544,,,,
153.963459,0.011151,-0.01197,-0.074214,-9.822582,-9.82287,0.00213,-0.005325,0.00426,99798.74,26,0.000924359,0.006397,,,,
153.974586,0.011127,-0.007182,-0.081396,-9.80343,-9.803771,0.003195,-0.007455,0.00213,99798.63,26,0.020023359,0.025496,,,,
153.985791,0.011205,-0.033516,-0.064638,-9.836946,-9.837215,0.003195,-0.00213,0,99798.63,26,-0.013420641,-0.007948,,,,
153.996949,0.011158,-0.014364,-0.069426,-9.834552,-9.834808,0.00213,-0.003195,0.003195,99798.63,26,-0.011013641,-0.005541,,,,
154.008161,0.011212,-0.02394,-0.067032,-9.836946,-9.837204,0,-0.005325,0.00213,99798.63,26,-0.013409641,-0.007937,,,,
154.019446,0.011285,-0.016758,-0.081396,-9.832158,-9.832509,0.003195,-0.00639,0.00213,99798.63,26,-0.008714641,-0.003242,,,,
154.030526,0.01108,-0.04788,-0.088578,-9.824976,-9.825492,0.001065,-0.00426,0,99798.63,26,-0.001697641,0.003775,,,,
154.041749,0.011223,-0.02394,-0.064638,-9.832158,-9.8324,0.001065,-0.00426,0.003195,99798.58,26,-0.008605641,-0.003133,,,,
154.052848,0.011099,-0.033516,-0.086184,-9.836946,-9.837381,0.00213,-0.005325,0.00426,99798.58,26,-0.013586641,-0.008114,,,,
154.064062,0.011214,-0.03591,-0.076608,-9.82737,-9.827734,0.001065,-0.005325,0,99798.58,26,-0.003939641,0.001533,,,,
154.075304,0.011242,-0.03591,-0.086184,-9.808218,-9.808662,0,-0.00426,0.00213,99798.58,26,0.015132359,0.020605,,,,
154.08647,0.011166,-0.021546,-0.07182,-9.813006,-9.813292,0.001065,-0.005325,0,99798.58,26,0.010502359,0.015975,,,,
154.09767,0.011201,-0.026334,-0.07182,-9.829764,-9.830062,0.00426,-0.003195,0.00213,99798.58,26,-0.006267641,-0.000795,,,,
154.108849,0.011179,-0.038304,-0.08379,-9.83934,-9.839771,-0.001065,-0.00213,0.001065,99798.58,26,-0.015976641,-0.010504,,,,
154.120521,0.011672,-0.021546,-0.079002,-9.80343,-9.803772,-0.001065,-0.00426,0,99798.58,26,0.020022359,0.025495,,,,
154.131144,0.010623,0.016758,-0.067032,-9.832158,-9.832401,0.00213,-0.005325,0,99798.58,26,-0.008606641,-0.003134,,,,
154.142351,0.011208,-0.03591,-0.081396,-9.822582,-9.822985,0.00426,-0.00426,0.003195,99798.58,26,0.000809359,0.006282,,,,
154.153652,0.011301,-0.03591,-0.064638,-9.83934,-9.839618,0.001065,-0.003195,0,99798.58,26,-0.015823641,-0.010351,,,,
154.16383,0.010178,-0.038304,-0.05985,-9.810612,-9.810869,0.001065,-0.00639,0.003195,99798.74,26,0.012925359,0.018398,,,,
154.17391,0.01008,-0.043092,-0.074214,-9.844128,-9.844502,0.003195,-0.00639,0.003195,99798.74,26,-0.020707641,-0.015235,,,,
154.184004,0.010093,-0.064638,-0.055062,-9.832158,-9.832525,-0.001065,-0.00426,0.001065,99798.74,26,-0.008730641,-0.003258,,,,
154.194102,0.010099,-0.043092,-0.067032,-9.844128,-9.844451,0.00213,-0.005325,0.001065,99798.74,26,-0.020656641,-0.015184,,,,
154.204236,0.010134,-0.016758,-0.069426,-9.8154,-9.81566,0,-0.00639,0.005325,99798.74,26,0.008134359,0.013607,,,,
154.214335,0.010099,-0.050274,-0.07182,-9.832158,-9.832549,0.00213,-0.00426,0.00213,99798.74,26,-0.008754641,-0.003282,,,,
154.224768,0.010433,-0.028728,-0.074214,-9.832158,-9.83248,0.00213,-0.00426,0.003195,99798.74,26,-0.008685641,-0.003213,,,,
154.234873,0.010105,-0.019152,-0.069426,-9.832158,-9.832422,0.00639,-0.005325,0.001065,99798.68,26,-0.008627641,-0.003155,,,,
154.244975,0.010103,-0.038304,-0.069426,-9.834552,-9.834872,0.001065,-0.00639,0.00213,99798.68,26,-0.011077641,-0.005605,,,,
154.255081,0.010106,0.002394,-0.069426,-9.824976,-9.825222,0,-0.005325,0.003195,99798.68,26,-0.001427641,0.004045,,,,
154.265222,0.010141,-0.031122,-0.079002,-9.841734,-9.8421,0.003195,-0.00639,0.00213,99798.68,26,-0.018305641,-0.012833,,,,
154.275304,0.010082,-0.026334,-0.03591,-9.820188,-9.820289,0.00213,-0.003195,0.00213,99798.68,26,0.003505359,0.008978,,,,
154.285464,0.01016,-0.019152,-0.07182,-9.824976,-9.825257,0,-0.005325,0,99798.68,26,-0.001462641,0.00401,,,,
154.295555,0.010091,-0.052668,-0.067032,-9.822582,-9.822952,0.00213,-0.00426,0.001065,99798.71,26,0.000842359,0.006315,,,,
154.305641,0.010086,-0.043092,-0.069426,-9.82737,-9.82771,-0.001065,-0.00426,0.001065,99798.71,26,-0.003915641,0.001557,,,,
154.315747,0.010105,-0.03591,-0.079002,-9.841734,-9.842117,0.003195,-0.00426,0.003195,99798.71,26,-0.018322641,-0.01285,,,,
154.325849,0.010103,-0.033516,-0.08379,-9.820188,-9.820603,0.00213,-0.005325,0.00213,99798.71,26,0.003191359,0.008664,,,,
154.335998,0.010148,-0.02394,-0.086184,-9.83934,-9.839747,0,-0.005325,0.00213,99798.71,26,-0.015952641,-0.01048,,,,
154.346072,0.010074,-0.016758,-0.090972,-9.813006,-9.813442,0.003195,-0.007455,0.003195,99798.71,26,0.010352359,0.015825,,,,
154.356193,0.010121,-0.050274,-0.08379,-9.824976,-9.825462,0.00426,-0.00639,0.001065,99798.79,26,-0.001667641,0.003805,,,,
154.366281,0.010089,-0.045486,-0.067032,-9.829764,-9.830098,0.001065,-0.00426,0.005325,99798.79,26,-0.006303641,-0.000831,,,,
154.376403,0.010121,-0.021546,-0.090972,-9.817794,-9.818239,-0.001065,-0.003195,0.00426,99798.79,26,0.005555359,0.011028,,,,
154.386504,0.010101,0.019152,-0.086184,-9.82737,-9.827767,0.001065,-0.005325,0,99798.79,26,-0.003972641,0.0015,,,,
154.39659,0.010087,-0.028728,-0.088578,-9.82737,-9.827811,0.00213,-0.00426,0.00213,99798.79,26,-0.004016641,0.001456,,,,
154.406722,0.010131,-0.004788,-0.086184,-9.817794,-9.818173,0.001065,-0.005325,0.00213,99798.79,26,0.005621359,0.011094,,,,
154.416823,0.010101,-0.021546,-0.07182,-9.820188,-9.820474,0.003195,-0.00426,0.001065,99798.79,26,0.003320359,0.008793,,,,
154.426968,0.010145,-0.026334,-0.050274,-9.82737,-9.827534,0.001065,-0.003195,0.00213,99798.79,26,-0.003739641,0.001733,,,,
154.437056,0.010088,0.007182,-0.07182,-9.822582,-9.822847,0.003195,-0.007455,0.003195,99798.79,26,0.000947359,0.00642,,,,
154.447152,0.010096,-0.033516,-0.069426,-9.824976,-9.825278,0.001065,-0.003195,0,99798.79,26,-0.001483641,0.003989,,,,
154.457358,0.010206,-0.040698,-0.04788,-9.824976,-9.825177,0.001065,-0.005325,0.00213,99798.79,26,-0.001382641,0.00409,,,,
154.467453,0.010095,0.016758,-0.074214,-9.808218,-9.808513,0.001065,-0.005325,0.001065,99798.79,26,0.015281359,0.020754,,,,
154.477884,0.010431,-0.031122,-0.086184,-9.820188,-9.820615,0.001065,-0.005325,0.00213,99798.79,26,0.003179359,0.008652,,,,
154.487989,0.010105,-0.014364,-0.057456,-9.829764,-9.829942,0.00213,-0.005325,0.00426,99798.99,26,-0.006147641,-0.000675,,,,
154.498094,0.010105,-0.016758,-0.07182,-9.808218,-9.808495,0.00213,-0.005325,0.001065,99798.99,26,0.015299359,0.020772,,,,
154.508214,0.01012,-0.040698,-0.088578,-9.836946,-9.837429,0.00426,-0.00426,0.00426,99798.99,26,-0.013634641,-0.008162,,,,
154.51831,0.010096,-0.004788,-0.076608,-9.817794,-9.818094,-0.001065,-0.003195,0.001065,99798.99,26,0.005700359,0.011173,,,,
154.528399,0.010089,-0.04788,-0.086184,-9.824976,-9.825471,0.00213,-0.00213,0.001065,99798.99,26,-0.001676641,0.003796,,,,
154.538524,0.010125,-0.050274,-0.086184,-9.820188,-9.820695,0.001065,-0.005325,0.00426,99798.99,26,0.003099359,0.008572,,,,
154.548638,0.010114,-0.007182,-0.076608,-9.82737,-9.827671,0.001065,-0.00639,0.001065,99798.95,26,-0.003876641,0.001596,,,,
154.558757,0.01012,-0.016758,-0.081396,-9.822582,-9.822934,0.001065,-0.00426,0.005325,99798.95,26,0.000860359,0.006333,,,,
154.568868,0.010111,-0.031122,-0.10773,-9.8154,-9.816041,-0.001065,-0.005325,0.00213,99798.95,26,0.007753359,0.013226,,,,
154.579301,0.010432,-0.028728,-0.074214,-9.822582,-9.822904,-0.00213,-0.005325,0.003195,99798.95,26,0.000890359,0.006363,,,,
154.589514,0.010213,-0.004788,-0.067032,-9.824976,-9.825206,0.003195,-0.00426,0.001065,99798.95,26,-0.001411641,0.004061,,,,
154.599634,0.01012,-0.033516,-0.067032,-9.836946,-9.837231,0.00213,-0.00639,0.00426,99798.95,26,-0.013436641,-0.007964,,,,
154.609772,0.010138,-0.052668,-0.090972,-9.834552,-9.835114,0.001065,-0.00639,0.00213,99798.96,26,-0.011319641,-0.005847,,,,
154.619874,0.010102,0.002394,-0.043092,-9.810612,-9.810707,0.001065,-0.005325,0.001065,99798.96,26,0.013087359,0.01856,,,,
154.630021,0.010147,-0.052668,-0.098154,-9.829764,-9.830395,0.00213,-0.00639,0.003195,99798.96,26,-0.006600641,-0.001128,,,,
154.640124,0.010103,-0.033516,-0.086184,-9.841734,-9.842168,0.00213,-0.00426,0.001065,99798.96,26,-0.018373641,-0.012901,,,,
154.650221,0.010097,-0.019152,-0.045486,-9.829764,-9.829888,0.001065,-0.00426,0.00426,99798.96,26,-0.006093641,-0.000621,,,,
154.660413,0.010192,-0.019152,-0.062244,-9.810612,-9.810828,0.00213,-0.00426,0.00213,99798.96,26,0.012966359,0.018439,,,,
154.670545,0.010133,-0.040698,-0.045486,-9.822582,-9.822772,0.00213,-0.00426,0.001065,99798.93,26,0.001022359,0.006495,,,,
154.680681,0.010135,-0.016758,-0.076608,-9.82737,-9.827683,0,-0.003195,0.00213,99798.93,26,-0.003888641,0.001584,,,,
154.690804,0.010123,-0.031122,-0.079002,-9.82737,-9.827737,0.00213,-0.00426,0.001065,99798.93,26,-0.003942641,0.00153,,,,
154.700905,0.010101,-0.052668,-0.057456,-9.844128,-9.844437,0.001065,-0.005325,0.00213,99798.93,26,-0.020642641,-0.01517,,,,
154.711038,0.010133,-0.007182,-0.055062,-9.80343,-9.803587,0.00213,-0.00426,0.00213,99798.93,26,0.020207359,0.02568,,,,
154.721137,0.0101,-0.019152,-0.074214,-9.834552,-9.834851,0.001065,-0.00426,-0.001065,99798.93,26,-0.011056641,-0.005584,,,,
154.731239,0.010102,-0.009576,-0.100548,-9.813006,-9.813526,0.00213,-0.00426,0.00213,99798.93,26,0.010268359,0.015741,,,,
154.741298,0.010059,0.009576,-0.07182,-9.82737,-9.827637,0,-0.005325,0.00213,99798.93,26,-0.003842641,0.00163,,,,
154.751384,0.010086,-0.014364,-0.086184,-9.829764,-9.830152,0.001065,-0.00639,0.00213,99798.93,26,-0.006357641,-0.000885,,,,
154.761519,0.010135,-0.038304,-0.074214,-9.848916,-9.84927,0.001065,-0.00426,0.003195,99798.93,26,-0.025475641,-0.020003,,,,
154.771654,0.010135,0.009576,-0.076608,-9.801036,-9.80134,0.00213,-0.00426,0.001065,99798.93,26,0.022454359,0.027927,,,,
154.781745,0.010091,-0.03591,-0.064638,-9.822582,-9.82286,0.003195,-0.005325,0.00426,99798.93,26,0.000934359,0.006407,,,,
154.791898,0.010152,-0.04788,-0.088578,-9.805824,-9.806341,0.001065,-0.005325,0.001065,99798.93,26,0.017453359,0.022926,,,,
154.802006,0.010108,-0.028728,-0.098154,-9.824976,-9.825508,0.00213,-0.00213,0.00213,99798.87,26,-0.001713641,0.003759,,,,
154.812144,0.010138,-0.043092,-0.093366,-9.8154,-9.815939,0.00213,-0.00426,0.00213,99798.87,26,0.007855359,0.013328,,,,
154.822231,0.010087,-0.02394,-0.055062,-9.832158,-9.832341,0,-0.003195,0.003195,99798.87,26,-0.008546641,-0.003074,,,,
154.832396,0.010165,-0.021546,-0.074214,-9.817794,-9.818098,0.001065,-0.001065,0,99798.87,26,0.005696359,0.011169,,,,
154.842487,0.010091,-0.038304,-0.088578,-9.8154,-9.815874,0.00213,-0.005325,0.00213,99798.87,26,0.007920359,0.013393,,,,
154.852593,0.010105,-0.040698,-0.090972,-9.820188,-9.820694,0,-0.005325,0.001065,99798.87,26,0.003100359,0.008573,,,,
154.862669,0.010076,0,-0.062244,-9.79146,-9.791658,0.001065,-0.00426,0.003195,99798.93,26,0.032136359,0.037609,,,,
154.872765,0.010096,-0.04788,-0.090972,-9.832158,-9.832695,0.00213,-0.00639,0.001065,99798.93,26,-0.008900641,-0.003428,,,,
154.882871,0.010106,-0.007182,-0.074214,-9.820188,-9.820471,0,-0.00426,0.001065,99798.93,26,0.003323359,0.008796,,,,
154.892958,0.010087,-0.016758,-0.086184,-9.813006,-9.813399,0.00213,-0.00639,0.003195,99798.93,26,0.010395359,0.015868,,,,
154.903081,0.010122,-0.045486,-0.081396,-9.832158,-9.8326,0.00213,-0.005325,0,99798.93,26,-0.008805641,-0.003333,,,,
154.913191,0.01011,-0.019152,-0.064638,-9.798642,-9.798874,0.00213,-0.007455,0.00213,99798.93,26,0.024920359,0.030393,,,,
154.92329,0.0101,-0.03591,-0.064638,-9.805824,-9.806103,0.00213,-0.00426,0.001065,99798.85,26,0.017691359,0.023164,,,,
154.933423,0.010133,-0.038304,-0.081396,-9.85131,-9.851721,0.001065,-0.00213,0.00213,99798.85,26,-0.027926641,-0.022454,,,,
154.943522,0.010099,-0.02394,-0.05985,-9.829764,-9.829975,0.00426,-0.00426,0.003195,99798.85,26,-0.006180641,-0.000708,,,,
154.953678,0.010155,-0.002394,-0.07182,-9.805824,-9.806087,0.00213,-0.00426,-0.001065,99798.85,26,0.017707359,0.02318,,,,
154.963775,0.010097,-0.019152,-0.062244,-9.832158,-9.832374,0.00213,-0.00426,0.003195,99798.85,26,-0.008579641,-0.003107,,,,
154.973823,0.010048,-0.02394,-0.055062,-9.817794,-9.817978,0.001065,-0.00426,0.00213,99798.85,26,0.005816359,0.011289,,,,
154.983916,0.010093,-0.031122,-0.079002,-9.832158,-9.832525,0.00213,-0.00426,0.00213,99798.85,26,-0.008730641,-0.003258,,,,
154.994014,0.010098,-0.019152,-0.088578,-9.824976,-9.825394,0,-0.003195,0.00213,99798.98,26,-0.001599641,0.003873,,,,
155.004118,0.010104,-0.01197,-0.079002,-9.801036,-9.801362,0.001065,-0.00426,0.001065,99798.98,26,0.022432359,0.027905,,,,
155.014259,0.010142,-0.01197,-0.067032,-9.824976,-9.825212,0.00213,-0.00639,0.00213,99798.98,26,-0.001417641,0.004055,,,,
155.024384,0.010125,-0.057456,-0.081396,-9.829764,-9.830269,0.001065,-0.00639,0.001065,99798.98,26,-0.006474641,-0.001002,,,,
155.034539,0.010155,-0.016758,-0.081396,-9.82737,-9.827721,0.003195,-0.003195,0.001065,99798.98,26,-0.003926641,0.001546,,,,
155.044625,0.010086,-0.002394,-0.057456,-9.834552,-9.83472,0.00213,-0.005325,0.001065,99798.98,26,-0.010925641,-0.005453,,,,
155.054758,0.010133,-0.026334,-0.067032,-9.834552,-9.834816,0.003195,-0.00213,0.00426,99798.98,26,-0.011021641,-0.005549,,,,
155.06489,0.010132,-0.02394,-0.062244,-9.80343,-9.803657,0,-0.00639,0.001065,99798.98,26,0.020137359,0.02561,,,,
155.075,0.01011,-0.02394,-0.079002,-9.813006,-9.813353,0.00426,-0.00213,0.00426,99798.98,26,0.010441359,0.015914,,,,
155.085111,0.010112,-0.043092,-0.08379,-9.822582,-9.823034,0.00213,-0.003195,0,99798.98,26,0.000760359,0.006233,,,,
155.095224,0.010112,-0.033516,-0.067032,-9.846522,-9.846807,0.00213,-0.003195,0.00213,99798.98,26,-0.023012641,-0.01754,,,,
155.105322,0.010098,-0.033516,-0.079002,-9.8154,-9.815775,0.001065,-0.00426,0.00213,99798.98,26,0.008019359,0.013492,,,,
155.115453,0.010131,-0.062244,-0.074214,-9.846522,-9.846998,0.00213,-0.001065,0.00213,99798.93,26,-0.023203641,-0.017731,,,,
155.126626,0.011173,-0.009576,-0.067032,-9.832158,-9.832391,0.001065,-0.00426,0.00213,99798.93,26,-0.008596641,-0.003124,,,,
155.1379,0.011273,-0.021546,-0.067032,-9.817794,-9.818046,0.001065,-0.00426,0.00213,99798.93,26,0.005748359,0.011221,,,,
155.148975,0.011075,-0.028728,-0.088578,-9.848916,-9.849356,0.00213,-0.00426,0.001065,99798.93,26,-0.025561641,-0.020089,,,,
155.160259,0.011284,-0.040698,-0.074214,-9.832158,-9.832522,0.001065,-0.00639,0.00213,99798.93,26,-0.008727641,-0.003255,,,,
155.171405,0.011146,0,-0.081396,-9.85131,-9.851646,0,-0.007455,0,99798.93,26,-0.027851641,-0.022379,,,,
155.182626,0.01122,-0.007182,-0.081396,-9.822582,-9.822922,0.003195,-0.005325,0.00213,99798.77,26,0.000872359,0.006345,,,,
155.19433,0.011705,-0.028728,-0.100548,-9.872856,-9.87341,0.003195,-0.00639,0.001065,99798.77,26,-0.049615641,-0.044143,,,,
155.204953,0.010622,-0.031122,-0.067032,-9.836946,-9.837224,0.001065,-0.003195,0.00213,99798.77,26,-0.013429641,-0.007957,,,,
155.216159,0.011206,-0.033516,-0.05985,-9.777096,-9.777337,0.001065,-0.003195,0.001065,99798.77,26,0.046457359,0.05193,,,,
155.227381,0.011222,-0.028728,-0.057456,-9.786672,-9.786883,0.001065,-0.005325,0.00213,99798.77,26,0.036911359,0.042384,,,,
155.23941,0.012029,-0.038304,-0.076608,-9.808218,-9.808592,0.003195,-0.00426,0.00213,99798.71,26,0.015202359,0.020675,,,,
155.249744,0.010333,-0.007182,-0.086184,-9.79146,-9.791842,0.00213,-0.007455,0.00213,99798.71,26,0.031952359,0.037425,,,,
155.260798,0.011054,0.002394,-0.040698,-9.796248,-9.796333,0,-0.00639,0,99798.71,26,0.027461359,0.032934,,,,
155.272033,0.011234,-0.045486,-0.062244,-9.796248,-9.796551,0.00426,-0.00639,0.003195,99798.71,26,0.027243359,0.032716,,,,
155.283296,0.011263,-0.03591,-0.050274,-9.813006,-9.8132,0.00213,-0.00426,0.001065,99798.71,26,0.010594359,0.016067,,,,
155.295028,0.011732,-0.009576,-0.055062,-9.793854,-9.794013,0.00213,-0.00426,0.003195,99798.71,26,0.029781359,0.035254,,,,
155.306367,0.011339,-0.038304,-0.09576,-9.817794,-9.818336,0.001065,-0.00426,0,99798.77,26,0.005458359,0.010931,,,,
155.316706,0.010339,-0.040698,-0.057456,-9.817794,-9.818046,0.001065,-0.00639,0.003195,99798.77,26,0.005748359,0.011221,,,,
155.327958,0.011252,-0.062244,-0.090972,-9.836946,-9.837564,0.003195,-0.005325,0.00213,99798.77,26,-0.013769641,-0.008297,,,,
155.339121,0.011163,-0.028728,-0.090972,-9.836946,-9.837409,0,-0.005325,0.00213,99798.77,26,-0.013614641,-0.008142,,,,
155.350378,0.011258,-0.043092,-0.081396,-9.82737,-9.827802,0.001065,-0.00426,0.001065,99798.77,26,-0.004007641,0.001465,,,,
155.361574,0.011195,-0.05985,-0.088578,-9.820188,-9.82077,0.00213,-0.00426,0.00213,99798.77,26,0.003024359,0.008497,,,,
155.372827,0.011253,-0.04788,-0.081396,-9.872856,-9.873308,-0.001065,-0.005325,0.00426,99798.77,26,-0.049513641,-0.044041,,,,
155.383855,0.011028,-0.02394,-0.093366,-9.848916,-9.849388,0.003195,-0.00426,0.00426,99798.77,26,-0.025593641,-0.020121,,,,
155.395432,0.011577,-0.069426,-0.079002,-9.853704,-9.854265,0.00213,-0.003195,0.00213,99798.77,26,-0.030470641,-0.024998,,,,
155.406215,0.010783,-0.03591,-0.09576,-9.844128,-9.844659,-0.00213,-0.003195,0.00213,99798.77,26,-0.020864641,-0.015392,,,,
155.417477,0.011262,-0.055062,-0.07182,-9.853704,-9.85412,0.001065,-0.005325,0.00213,99798.77,26,-0.030325641,-0.024853,,,,
155.428831,0.011354,-0.007182,-0.081396,-9.834552,-9.834891,0,-0.007455,0.003195,99798.77,26,-0.011096641,-0.005624,,,,
155.439851,0.011021,-0.040698,-0.079002,-9.829764,-9.830166,0.001065,-0.007455,0.005325,99798.8,26,-0.006371641,-0.000899,,,,
155.451021,0.01117,-0.028728,-0.052668,-9.856098,-9.856281,0.001065,-0.00639,0.001065,99798.8,26,-0.032486641,-0.027014,,,,
155.462219,0.011198,0.002394,-0.057456,-9.832158,-9.832326,0,-0.003195,0,99798.8,26,-0.008531641,-0.003059,,,,
155.473315,0.011096,0.014364,-0.052668,-9.836946,-9.837097,0.001065,-0.00426,0.00426,99798.8,26,-0.013302641,-0.00783,,,,
155.484513,0.011198,-0.03591,-0.043092,-9.832158,-9.832318,0.00213,-0.00639,-0.001065,99798.8,26,-0.008523641,-0.003051,,,,
155.495737,0.011224,-0.021546,-0.050274,-9.82737,-9.827522,0.00213,-0.00426,0.00213,99798.84,26,-0.003727641,0.001745,,,,
155.506925,0.011188,-0.002394,-0.052668,-9.805824,-9.805966,0.003195,-0.00426,0.003195,99798.84,26,0.017828359,0.023301,,,,
155.518137,0.011212,0.002394,-0.086184,-9.808218,-9.808597,0.003195,-0.00213,0.00426,99798.84,26,0.015197359,0.02067,,,,
155.529758,0.011621,-0.019152,-0.064638,-9.798642,-9.798874,-0.001065,-0.003195,0,99798.84,26,0.024920359,0.030393,,,,
155.540444,0.010686,-0.040698,-0.09576,-9.829764,-9.830315,0.001065,-0.003195,0.003195,99798.84,26,-0.006520641,-0.001048,,,,
155.551711,0.011267,-0.007182,-0.064638,-9.813006,-9.813222,0.001065,-0.00426,0.00213,99798.84,26,0.010572359,0.016045,,,,
155.562844,0.011133,-0.002394,-0.074214,-9.810612,-9.810893,0,-0.005325,0.001065,99798.9,26,0.012901359,0.018374,,,,
155.573999,0.011155,-0.040698,-0.114912,-9.820188,-9.820945,0.005325,-0.00639,0.00426,99798.9,26,0.002849359,0.008322,,,,
155.585187,0.011188,-0.028728,-0.098154,-9.808218,-9.808751,0.003195,-0.005325,0.00426,99798.9,26,0.015043359,0.020516,,,,
155.596412,0.011225,-0.033516,-0.09576,-9.796248,-9.796773,0.00213,-0.005325,0.003195,99798.9,26,0.027021359,0.032494,,,,
155.607494,0.011082,-0.043092,-0.100548,-9.808218,-9.808828,0.001065,-0.005325,0.00213,99798.9,26,0.014966359,0.020439,,,,
155.618828,0.011334,-0.057456,-0.088578,-9.834552,-9.835119,0.003195,-0.00426,0.00426,99798.9,26,-0.011324641,-0.005852,,,,
155.630001,0.011173,-0.050274,-0.090972,-9.8154,-9.81595,0.001065,-0.00426,0.001065,99798.82,26,0.007844359,0.013317,,,,
155.641072,0.011072,-0.03591,-0.081396,-9.786672,-9.787076,0.00213,-0.003195,0.003195,99798.82,26,0.036718359,0.042191,,,,
155.65225,0.011178,-0.031122,-0.064638,-9.810612,-9.810874,0.003195,-0.00426,0.003195,99798.82,26,0.012920359,0.018393,,,,
155.66347,0.01122,-0.031122,-0.050274,-9.820188,-9.820366,0.003195,-0.005325,0,99798.82,26,0.003428359,0.008901,,,,
155.674671,0.011201,-0.033516,-0.07182,-9.813006,-9.813326,0.001065,-0.00426,0.003195,99798.82,26,0.010468359,0.015941,,,,
155.685926,0.011255,-0.014364,-0.07182,-9.817794,-9.818067,0.00213,-0.00213,0.00213,99798.82,26,0.005727359,0.0112,,,,
155.697082,0.011156,-0.050274,-0.062244,-9.820188,-9.820514,0.001065,-0.007455,0.001065,99798.82,26,0.003280359,0.008753,,,,
155.708179,0.011097,-0.016758,-0.069426,-9.877644,-9.877902,0.001065,-0.00426,0.00213,99798.82,26,-0.054107641,-0.048635,,,,
155.719463,0.011284,0.01197,-0.052668,-9.82737,-9.827518,0.001065,-0.00426,0.001065,99798.82,26,-0.003723641,0.001749,,,,
155.730608,0.011145,-0.02394,-0.045486,-9.856098,-9.856232,0.00639,-0.00639,0.001065,99798.82,26,-0.032437641,-0.026965,,,,
155.741758,0.01115,-0.04788,-0.062244,-9.870462,-9.870774,0.001065,-0.005325,0.00213,99798.82,26,-0.046979641,-0.041507,,,,
155.752983,0.011225,-0.040698,-0.081396,-9.858492,-9.858912,0,-0.00639,0,99798.8,26,-0.035117641,-0.029645,,,,
155.764137,0.011154,-0.02394,-0.03591,-9.841734,-9.841829,0.00213,-0.00426,0.00213,99798.8,26,-0.018034641,-0.012562,,,,
155.775338,0.011201,-0.033516,-0.074214,-9.860886,-9.861222,-0.001065,-0.003195,0.003195,99798.8,26,-0.037427641,-0.031955,,,,
155.786594,0.011256,-0.038304,-0.086184,-9.853704,-9.854155,0,-0.00426,0.001065,99798.8,26,-0.030360641,-0.024888,,,,
155.7978,0.011207,-0.02394,-0.081396,-9.865674,-9.866039,0.00213,-0.00426,0.005325,99798.8,26,-0.042244641,-0.036772,,,,
155.808856,0.011056,-0.007182,-0.110124,-9.822582,-9.823202,0.001065,-0.00426,0.00213,99798.8,26,0.000592359,0.006065,,,,
155.82007,0.011213,-0.02394,-0.100548,-9.870462,-9.871003,-0.001065,-0.005325,0.003195,99798.82,26,-0.047208641,-0.041736,,,,
155.831274,0.011204,-0.019152,-0.100548,-9.829764,-9.830297,-0.001065,-0.005325,0.003195,99798.82,26,-0.006502641,-0.00103,,,,
155.842451,0.011177,0.019152,-0.105336,-9.822582,-9.823165,0,-0.005325,0.00213,99798.82,26,0.000629359,0.006102,,,,
155.853604,0.011153,-0.004788,-0.08379,-9.834552,-9.83491,0.003195,-0.003195,0.001065,99798.82,26,-0.011115641,-0.005643,,,,
155.864782,0.011178,-0.04788,-0.098154,-9.820188,-9.820795,0.00213,-0.005325,0.001065,99798.82,26,0.002999359,0.008472,,,,
155.875973,0.011191,-0.002394,-0.100548,-9.808218,-9.808734,0,-0.00426,0.00213,99798.92,26,0.015060359,0.020533,,,,
155.887298,0.011324,0.02394,-0.074214,-9.77949,-9.779801,0.00213,-0.005325,0.003195,99798.92,26,0.043993359,0.049466,,,,
155.898585,0.011287,-0.019152,-0.098154,-9.805824,-9.806334,0.00213,-0.00639,0.001065,99798.92,26,0.017460359,0.022933,,,,
155.909528,0.010943,-0.028728,-0.088578,-9.793854,-9.794297,0,-0.00213,0,99798.92,26,0.029497359,0.03497,,,,
155.920753,0.011225,0.019152,-0.102942,-9.798642,-9.799201,0.001065,-0.00639,0.003195,99798.92,26,0.024593359,0.030066,,,,
155.931884,0.011132,0.004788,-0.08379,-9.786672,-9.787032,-0.001065,-0.001065,0.003195,99798.92,26,0.036762359,0.042235,,,,
155.943135,0.011251,-0.02394,-0.079002,-9.793854,-9.794202,0.001065,-0.00426,0.001065,99798.88,26,0.029592359,0.035065,,,,
155.954261,0.011126,-0.033516,-0.090972,-9.784278,-9.784758,0.00213,-0.005325,0.001065,99798.88,26,0.039036359,0.044509,,,,
155.965523,0.011262,-0.028728,-0.079002,-9.810612,-9.810972,0.003195,-0.00426,0.00213,99798.88,26,0.012822359,0.018295,,,,
155.976718,0.011195,-0.014364,-0.076608,-9.789066,-9.789376,0.00213,-0.00426,0.003195,99798.88,26,0.034418359,0.039891,,,,
155.987885,0.011167,-0.026334,-0.090972,-9.82737,-9.827826,0.00213,-0.00426,0.003195,99798.88,26,-0.004031641,0.001441,,,,
155.999061,0.011176,-0.009576,-0.074214,-9.817794,-9.818079,0,-0.005325,0.00213,99798.88,26,0.005715359,0.011188,,,,
156.009575,0.010514,0,-0.088578,-9.829764,-9.830163,0.00426,-0.00639,0.00213,99798.88,26,-0.006368641,-0.000896,,,,
156.019679,0.010104,-0.033516,-0.067032,-9.810612,-9.810898,0.001065,-0.005325,0.003195,99798.88,26,0.012896359,0.018369,,,,
156.029767,0.010088,0.007182,-0.067032,-9.85131,-9.851541,0,-0.00426,-0.001065,99798.88,26,-0.027746641,-0.022274,,,,
156.03988,0.010113,0.004788,-0.064638,-9.844128,-9.844341,0.00213,-0.007455,0.003195,99798.88,26,-0.020546641,-0.015074,,,,
156.049969,0.010089,-0.038304,-0.064638,-9.846522,-9.846809,0.00213,-0.00426,0.003195,99798.88,26,-0.023014641,-0.017542,,,,
156.060079,0.01011,-0.021546,-0.086184,-9.86328,-9.86368,0,-0.005325,0.00426,99798.88,26,-0.039885641,-0.034413,,,,
156.070172,0.010093,-0.050274,-0.062244,-9.87525,-9.875574,0.00426,-0.00426,0.00213,99798.85,26,-0.051779641,-0.046307,,,,
156.080255,0.010084,-0.031122,-0.045486,-9.86328,-9.863434,0.001065,-0.00426,0.001065,99798.85,26,-0.039639641,-0.034167,,,,
156.090384,0.010129,-0.038304,-0.076608,-9.884826,-9.885197,0,-0.00639,0.003195,99798.85,26,-0.061402641,-0.05593,,,,
156.100489,0.010105,-0.031122,-0.055062,-9.882432,-9.882634,0.00213,-0.00639,0.003195,99798.85,26,-0.058839641,-0.053367,,,,
156.110646,0.010157,-0.052668,-0.04788,-9.87525,-9.875507,0.00213,-0.005325,0.00213,99798.85,26,-0.051712641,-0.04624,,,,
156.120775,0.010129,-0.052668,-0.062244,-9.88722,-9.887556,0.00213,-0.005325,0.00213,99798.85,26,-0.063761641,-0.058289,,,,
156.130857,0.010082,-0.038304,-0.067032,-9.872856,-9.873158,0.001065,-0.005325,0.00213,99798.72,26,-0.049363641,-0.043891,,,,
156.140973,0.010116,-0.067032,-0.052668,-9.872856,-9.873224,0.003195,-0.005325,0.001065,99798.72,26,-0.049429641,-0.043957,,,,
156.151068,0.010096,-0.086184,-0.055062,-9.848916,-9.849447,0.001065,-0.007455,0.003195,99798.72,26,-0.025652641,-0.02018,,,,
156.16119,0.010122,-0.019152,-0.069426,-9.853704,-9.853967,0.00213,-0.00639,0.00426,99798.72,26,-0.030172641,-0.0247,,,,
156.171281,0.010091,-0.028728,-0.062244,-9.820188,-9.820427,0,-0.005325,0,99798.72,26,0.003367359,0.00884,,,,
156.181433,0.010152,-0.05985,-0.028728,-9.85131,-9.851534,0.00213,-0.00213,0.001065,99798.72,26,-0.027739641,-0.022267,,,,
156.191554,0.010121,-0.045486,-0.076608,-9.796248,-9.796653,0.001065,-0.003195,0.00213,99798.58,26,0.027141359,0.032614,,,,
156.201635,0.010081,-0.045486,-0.064638,-9.836946,-9.837264,0.001065,-0.003195,0.00213,99798.58,26,-0.013469641,-0.007997,,,,
156.211951,0.010316,-0.016758,-0.08379,-9.781884,-9.782257,0,-0.00639,-0.001065,99798.58,26,0.041537359,0.04701,,,,
156.22204,0.010089,-0.01197,-0.08379,-9.793854,-9.79422,0.001065,-0.00426,0.001065,99798.58,26,0.029574359,0.035047,,,,
156.232131,0.010091,-0.031122,-0.088578,-9.798642,-9.799092,0.00213,-0.00426,0.001065,99798.58,26,0.024702359,0.030175,,,,
156.242221,0.010089,0,-0.098154,-9.781884,-9.782376,0,-0.007455,0.001065,99798.58,26,0.041418359,0.046891,,,,
156.252404,0.010183,0.004788,-0.09576,-9.796248,-9.796717,0.00213,-0.003195,0,99798.58,26,0.027077359,0.03255,,,,
156.262521,0.010117,-0.033516,-0.102942,-9.786672,-9.787271,0.00213,-0.00426,0.003195,99798.55,26,0.036523359,0.041996,,,,
156.272634,0.010112,0.004788,-0.086184,-9.781884,-9.782265,0.001065,-0.003195,0.00213,99798.55,26,0.041529359,0.047002,,,,
156.282713,0.010079,-0.009576,-0.086184,-9.762732,-9.763117,0.001065,-0.005325,0.003195,99798.55,26,0.060677359,0.06615,,,,
156.29281,0.010097,-0.019152,-0.086184,-9.793854,-9.794252,0.001065,-0.003195,0.001065,99798.55,26,0.029542359,0.035015,,,,
156.302932,0.010122,-0.03591,-0.079002,-9.786672,-9.787057,0.003195,-0.00213,0.003195,99798.55,26,0.036737359,0.04221,,,,
156.313031,0.010099,0.002394,-0.090972,-9.80343,-9.803852,0.001065,-0.00426,0.001065,99798.55,26,0.019942359,0.025415,,,,
156.323124,0.010093,-0.033516,-0.081396,-9.793854,-9.79425,0.00213,-0.005325,0.003195,99798.55,26,0.029544359,0.035017,,,,
156.33325,0.010127,-0.043092,-0.088578,-9.781884,-9.78238,0,-0.00426,0.001065,99798.55,26,0.041414359,0.046887,,,,
156.343403,0.010153,-0.021546,-0.079002,-9.786672,-9.787015,0.003195,-0.007455,0.00426,99798.55,26,0.036779359,0.042252,,,,
156.353505,0.010102,-0.038304,-0.069426,-9.781884,-9.782205,0.001065,-0.00426,0.00213,99798.55,26,0.041589359,0.047062,,,,
156.363643,0.010138,0,-0.050274,-9.76752,-9.767649,0.00213,-0.00213,0.00213,99798.55,26,0.056145359,0.061618,,,,
156.373725,0.010082,0.009576,-0.057456,-9.769914,-9.770088,0,-0.003195,0.001065,99798.55,26,0.053706359,0.059179,,,,
156.383813,0.010088,-0.002394,-0.040698,-9.829764,-9.829849,-0.001065,-0.00213,0,99798.52,26,-0.006054641,-0.000582,,,,
156.393931,0.010118,0.028728,-0.038304,-9.817794,-9.817911,0,-0.003195,0.001065,99798.52,26,0.005883359,0.011356,,,,
156.40403,0.010099,0.002394,-0.069426,-9.796248,-9.796494,0.003195,-0.00639,0.003195,99798.52,26,0.027300359,0.032773,,,,
156.414133,0.010104,-0.050274,-0.081396,-9.836946,-9.837411,0.00213,-0.00426,0.00213,99798.52,26,-0.013616641,-0.008144,,,,
156.424641,0.010508,-0.043092,-0.07182,-9.848916,-9.849272,0.001065,-0.005325,0.00213,99798.52,26,-0.025477641,-0.020005,,,,
156.434736,0.010094,-0.045486,-0.093366,-9.87525,-9.875796,0.00213,-0.00213,0.001065,99798.52,26,-0.052001641,-0.046529,,,,
156.444875,0.010139,-0.088578,-0.102942,-9.880038,-9.880971,0.001065,-0.005325,0.001065,99798.31,26,-0.057176641,-0.051704,,,,
156.454985,0.01011,-0.074214,-0.076608,-9.89919,-9.899765,0.00213,-0.005325,0.003195,99798.31,26,-0.075970641,-0.070498,,,,
156.465066,0.010081,-0.050274,-0.086184,-9.913554,-9.914056,0.003195,-0.007455,0.00426,99798.31,26,-0.090261641,-0.084789,,,,
156.475152,0.010086,-0.102942,-0.098154,-9.927918,-9.928937,0,-0.00213,-0.003195,99798.31,26,-0.105142641,-0.09967,,,,
156.485241,0.01009,-0.045486,-0.086184,-9.908766,-9.909245,0.001065,-0.00639,0.003195,99798.31,26,-0.085450641,-0.079978,,,,
156.495354,0.010112,-0.038304,-0.112518,-9.882432,-9.883147,0.00213,-0.00639,0.00213,99798.31,26,-0.059352641,-0.05388,,,,
156.50556,0.010207,-0.045486,-0.100548,-9.901584,-9.902199,0.00213,-0.005325,0.00213,99798.24,26,-0.078404641,-0.072932,,,,
156.515654,0.010094,-0.014364,-0.105336,-9.877644,-9.878216,-0.001065,-0.00426,0.00426,99798.24,26,-0.054421641,-0.048949,,,,
156.525901,0.010247,-0.031122,-0.074214,-9.865674,-9.866002,0.003195,-0.00639,0.001065,99798.24,26,-0.042207641,-0.036735,,,,
156.536418,0.010517,-0.026334,-0.081396,-9.856098,-9.856469,0.00213,-0.00213,0.00213,99798.24,26,-0.032674641,-0.027202,,,,
156.547088,0.01067,-0.014364,-0.057456,-9.832158,-9.832336,0,-0.005325,0.003195,99798.24,26,-0.008541641,-0.003069,,,,
156.558341,0.011254,0.007182,-0.055062,-9.856098,-9.856254,0.001065,-0.00426,0.00213,99798.24,26,-0.032459641,-0.026987,,,,
156.569694,0.011353,-0.03591,-0.050274,-9.810612,-9.810807,0.00213,-0.005325,0,99798.23,26,0.012987359,0.01846,,,,
156.580729,0.011035,-0.028728,-0.067032,-9.813006,-9.813277,0,-0.00426,0.001065,99798.23,26,0.010517359,0.01599,,,,
156.591818,0.011089,-0.007182,-0.074214,-9.813006,-9.813289,0.001065,-0.00426,0.001065,99798.23,26,0.010505359,0.015978,,,,
156.601909,0.010091,0.026334,-0.052668,-9.786672,-9.786849,0.00213,-0.003195,0.001065,99798.23,26,0.036945359,0.042418,,,,
156.612062,0.010153,-0.031122,-0.052668,-9.817794,-9.817985,0,-0.00639,0.00213,99798.23,26,0.005809359,0.011282,,,,
156.622168,0.010106,0,-0.038304,-9.781884,-9.781959,0.00213,-0.005325,0.003195,99798.23,26,0.041835359,0.047308,,,,
156.632252,0.010084,0.01197,-0.055062,-9.784278,-9.78444,0.00213,-0.007455,0.003195,99798.23,26,0.039354359,0.044827,,,,
156.642349,0.010098,-0.019152,-0.069426,-9.769914,-9.770179,0.003195,-0.003195,0.003195,99798.08,26,0.053615359,0.059088,,,,
156.65246,0.01011,-0.021546,-0.064638,-9.77949,-9.779727,0.001065,-0.00639,0.003195,99798.08,26,0.044067359,0.04954,,,,
156.662552,0.010092,0,-0.09576,-9.76752,-9.767989,0.003195,-0.005325,0,99798.08,26,0.055805359,0.061278,,,,
156.672663,0.010111,-0.028728,-0.08379,-9.781884,-9.782285,0.00213,-0.005325,0.001065,99798.08,26,0.041509359,0.046982,,,,
156.682779,0.010116,-0.019152,-0.088578,-9.765126,-9.765547,0,-0.003195,0.001065,99798.08,26,0.058247359,0.06372,,,,
156.693247,0.010467,-0.055062,-0.110124,-9.786672,-9.787446,0.001065,-0.005325,0.003195,99798.08,26,0.036348359,0.041821,,,,
156.70373,0.010484,-0.03591,-0.10773,-9.79146,-9.792118,0.00213,-0.00426,0.00213,99798.08,26,0.031676359,0.037149,,,,
156.714838,0.011108,-0.050274,-0.081396,-9.808218,-9.808685,0.001065,-0.003195,0.00426,99798.08,26,0.015109359,0.020582,,,,
156.725996,0.011158,-0.02394,-0.079002,-9.79146,-9.791808,0.001065,-0.00639,0.00426,99798.08,26,0.031986359,0.037459,,,,
156.737211,0.011215,-0.057456,-0.090972,-9.808218,-9.808808,0.00426,-0.007455,0.00213,99798.08,26,0.014986359,0.020459,,,,
156.748411,0.0112,-0.04788,-0.074214,-9.808218,-9.808616,0.003195,-0.00426,0.003195,99798.08,26,0.015178359,0.020651,,,,
156.759576,0.011165,-0.033516,-0.067032,-9.834552,-9.834838,0.001065,-0.00426,0.00213,99798.08,26,-0.011043641,-0.005571,,,,
156.77083,0.011254,-0.043092,-0.09576,-9.8154,-9.815962,0,-0.003195,0.003195,99798.08,26,0.007832359,0.013305,,,,
156.78196,0.011131,-0.081396,-0.069426,-9.856098,-9.856679,0.00213,-0.00426,0.001065,99798.08,26,-0.032884641,-0.027412,,,,
156.793088,0.011128,-0.057456,-0.07182,-9.87525,-9.875678,0.001065,-0.00426,0.005325,99798.08,26,-0.051883641,-0.046411,,,,
156.804304,0.011215,-0.055062,-0.03591,-9.860886,-9.861105,0,-0.00426,0.003195,99798.08,26,-0.037310641,-0.031838,,,,
156.81558,0.011277,-0.038304,-0.050274,-9.872856,-9.873058,-0.00213,-0.00426,0.001065,99798.08,26,-0.049263641,-0.043791,,,,
156.826779,0.011199,-0.04788,-0.019152,-9.858492,-9.858627,0.00213,-0.00426,0.00213,99798.12,26,-0.034832641,-0.02936,,,,
156.837973,0.011193,-0.043092,-0.04788,-9.865674,-9.865884,0.001065,-0.00426,0.003195,99798.12,26,-0.042089641,-0.036617,,,,
156.849012,0.011039,-0.014364,-0.057456,-9.86328,-9.863458,0,-0.00213,-0.001065,99798.12,26,-0.039663641,-0.034191,,,,
156.860242,0.011231,-0.014364,-0.062244,-9.820188,-9.820396,0,-0.00426,0.001065,99798.12,26,0.003398359,0.008871,,,,
156.871437,0.011194,-0.014364,-0.07182,-9.829764,-9.830037,0.003195,-0.003195,0.00213,99798.12,26,-0.006242641,-0.00077,,,,
156.882614,0.011178,-0.028728,-0.081396,-9.82737,-9.827749,0,-0.00426,0.00213,99798.12,26,-0.003954641,0.001518,,,,
156.89384,0.011225,0.026334,-0.07182,-9.8154,-9.815698,0.00213,-0.00426,0.00213,99798.1,26,0.008096359,0.013569,,,,
156.904935,0.011095,0.009576,-0.064638,-9.832158,-9.832375,0.00213,-0.00426,0,99798.1,26,-0.008580641,-0.003108,,,,
156.916223,0.011288,0.021546,-0.081396,-9.820188,-9.820549,0.001065,-0.005325,0.003195,99798.1,26,0.003245359,0.008718,,,,
156.927387,0.011164,-0.021546,-0.09576,-9.808218,-9.808709,0.001065,-0.007455,0.003195,99798.1,26,0.015085359,0.020558,,,,
156.938599,0.011212,0.038304,-0.09576,-9.762732,-9.763277,0.001065,-0.00426,0.00213,99798.1,26,0.060517359,0.06599,,,,
156.949807,0.011208,-0.004788,-0.098154,-9.796248,-9.796741,0.00213,-0.00639,0.00213,99798.1,26,0.027053359,0.032526,,,,
156.960893,0.011086,-0.009576,-0.102942,-9.781884,-9.78243,0.001065,-0.00639,0,99798.05,26,0.041364359,0.046837,,,,
156.972064,0.01117,-0.02394,-0.079002,-9.781884,-9.782232,0.00213,-0.003195,0.003195,99798.05,26,0.041562359,0.047035,,,,
156.983384,0.01132,-0.031122,-0.102942,-9.781884,-9.782475,0.001065,-0.003195,0.003195,99798.05,26,0.041319359,0.046792,,,,
156.994504,0.01112,-0.02394,-0.074214,-9.822582,-9.822892,0,-0.005325,0.003195,99798.05,26,0.000902359,0.006375,,,,
157.005649,0.011145,-0.062244,-0.08379,-9.8154,-9.815955,0.00213,-0.005325,0.00213,99798.05,26,0.007839359,0.013312,,,,
157.016806,0.011157,-0.033516,-0.052668,-9.760338,-9.760538,0.001065,-0.003195,0.00426,99798.05,26,0.063256359,0.068729,,,,
157.028004,0.011198,-0.08379,-0.088578,-9.824976,-9.825733,0.00213,-0.00426,0.00213,99798.05,26,-0.001938641,0.003534,,,,
157.039231,0.011227,-0.064638,-0.08379,-9.82737,-9.82794,0.001065,-0.005325,0.00213,99798.05,26,-0.004145641,0.001327,,,,
157.050359,0.011128,-0.03591,-0.057456,-9.832158,-9.832391,0,-0.00426,0.001065,99798.05,26,-0.008596641,-0.003124,,,,
157.061559,0.0112,-0.028728,-0.062244,-9.834552,-9.834791,0.001065,-0.00426,0.003195,99798.05,26,-0.010996641,-0.005524,,,,
157.072716,0.011157,-0.033516,-0.069426,-9.834552,-9.834854,0.00213,-0.00426,0.00213,99798.05,26,-0.011059641,-0.005587,,,,
157.083922,0.011205,-0.057456,-0.062244,-9.856098,-9.856462,0.001065,-0.00426,0.00213,99798.08,26,-0.032667641,-0.027195,,,,
157.095115,0.011193,-0.031122,-0.08379,-9.85131,-9.851715,0.001065,-0.00426,0.00213,99798.08,26,-0.027920641,-0.022448,,,,
157.10629,0.011175,-0.026334,-0.069426,-9.832158,-9.832438,0.00213,-0.007455,0.003195,99798.08,26,-0.008643641,-0.003171,,,,
157.117686,0.011396,-0.031122,-0.074214,-9.882432,-9.88276,0,-0.005325,0.001065,99798.08,26,-0.058965641,-0.053493,,,,
157.128727,0.011041,-0.026334,-0.069426,-9.880038,-9.880317,0.003195,-0.005325,0.00213,99798.08,26,-0.056522641,-0.05105,,,,
157.13986,0.011133,0.009576,-0.074214,-9.832158,-9.832443,-0.001065,-0.00426,0.001065,99798.08,26,-0.008648641,-0.003176,,,,
157.151065,0.011205,-0.002394,-0.076608,-9.868068,-9.868366,0.003195,-0.00426,0,99797.94,26,-0.044571641,-0.039099,,,,
157.162222,0.011157,-0.016758,-0.062244,-9.87525,-9.87546,0.005325,-0.00426,0,99797.94,26,-0.051665641,-0.046193,,,,
157.173531,0.011309,-0.002394,-0.088578,-9.872856,-9.873254,0.001065,-0.00639,0.001065,99797.94,26,-0.049459641,-0.043987,,,,
157.184613,0.011082,0.019152,-0.064638,-9.832158,-9.832389,0.001065,-0.003195,0.00426,99797.94,26,-0.008594641,-0.003122,,,,
157.195907,0.011294,-0.019152,-0.076608,-9.853704,-9.85402,0.001065,-0.00426,0.00213,99797.94,26,-0.030225641,-0.024753,,,,
157.207083,0.011176,-0.038304,-0.062244,-9.834552,-9.834824,0.00213,-0.00426,0.00426,99797.88,26,-0.011029641,-0.005557,,,,
157.218182,0.011098,0.002394,-0.08379,-9.820188,-9.820546,0,-0.005325,0.00213,99797.88,26,0.003248359,0.008721,,,,
157.229296,0.011115,-0.019152,-0.074214,-9.82737,-9.827669,0.001065,-0.003195,0.00426,99797.88,26,-0.003874641,0.001598,,,,
157.240467,0.011171,-0.016758,-0.098154,-9.789066,-9.789572,0,-0.005325,0.00426,99797.88,26,0.034222359,0.039695,,,,
157.251671,0.011204,-0.028728,-0.08379,-9.832158,-9.832557,0.003195,-0.00639,0.00426,99797.88,26,-0.008762641,-0.00329,,,,
157.262864,0.011193,-0.050274,-0.081396,-9.762732,-9.763201,0.00213,-0.003195,0.001065,99797.88,26,0.060593359,0.066066,,,,
157.274075,0.011211,-0.007182,-0.076608,-9.801036,-9.801338,0,-0.005325,0.003195,99797.84,26,0.022456359,0.027929,,,,
157.285226,0.01115,-0.052668,-0.057456,-9.789066,-9.789376,0.005325,-0.00639,0.001065,99797.84,26,0.034418359,0.039891,,,,
157.296495,0.011269,-0.04788,-0.093366,-9.760338,-9.760902,0.001065,-0.00213,0.00213,99797.84,26,0.062892359,0.068365,,,,
157.307688,0.011193,-0.01197,-0.079002,-9.76752,-9.767847,0,-0.005325,0,99797.84,26,0.055947359,0.06142,,,,
157.318892,0.011205,-0.009576,-0.045486,-9.77949,-9.7796,0.00213,-0.003195,0.003195,99797.84,26,0.044194359,0.049667,,,,
157.329954,0.011061,-0.045486,-0.081396,-9.781884,-9.782328,0.003195,-0.005325,0.001065,99797.84,26,0.041466359,0.046939,,,,
157.341246,0.011292,-0.052668,-0.067032,-9.793854,-9.794225,0.00213,-0.005325,0.00213,99797.84,26,0.029569359,0.035042,,,,
157.35232,0.011074,-0.007182,-0.079002,-9.777096,-9.777418,0.001065,-0.003195,0.00213,99797.84,26,0.046376359,0.051849,,,,
157.36353,0.011209,-0.019152,-0.088578,-9.817794,-9.818212,0.00426,-0.00426,0.001065,99797.84,26,0.005582359,0.011055,,,,
157.374727,0.011197,-0.033516,-0.079002,-9.813006,-9.813381,0.00213,-0.005325,0.001065,99797.84,26,0.010413359,0.015886,,,,
157.385915,0.011189,-0.038304,-0.076608,-9.846522,-9.846895,0.001065,-0.00426,0.001065,99797.84,26,-0.023100641,-0.017628,,,,
157.397197,0.011281,-0.033516,-0.090972,-9.832158,-9.832636,0.003195,-0.007455,0.00213,99797.84,26,-0.008841641,-0.003369,,,,
157.408262,0.011066,-0.009576,-0.079002,-9.82737,-9.827692,0.00426,-0.003195,0.00426,99797.81,26,-0.003897641,0.001575,,,,
157.419543,0.011281,-0.04788,-0.093366,-9.848916,-9.849475,0,-0.003195,0.003195,99797.81,26,-0.025680641,-0.020208,,,,
157.430683,0.011139,-0.019152,-0.07182,-9.858492,-9.858772,0.001065,-0.00426,0.00213,99797.81,26,-0.034977641,-0.029505,,,,
157.441858,0.011175,0.007182,-0.074214,-9.882432,-9.882713,0,-0.00213,0.003195,99797.81,26,-0.058918641,-0.053446,,,,
157.45296,0.011103,-0.007182,-0.074214,-9.870462,-9.870744,0.001065,-0.00639,0.005325,99797.81,26,-0.046949641,-0.041477,,,,
157.464181,0.01122,-0.057456,-0.076608,-9.880038,-9.880502,0.001065,-0.003195,0.00213,99797.72,26,-0.056707641,-0.051235,,,,
157.47562,0.011439,0.014364,-0.086184,-9.880038,-9.880424,0.00213,-0.005325,0.00213,99797.72,26,-0.056629641,-0.051157,,,,
157.487117,0.011497,0,-0.102942,-9.853704,-9.854242,0.001065,-0.00426,0.00213,99797.72,26,-0.030447641,-0.024975,,,,
157.497919,0.010803,-0.055062,-0.086184,-9.85131,-9.851841,0.00213,-0.001065,0.003195,99797.72,26,-0.028046641,-0.022574,,,,
157.508954,0.011035,-0.021546,-0.074214,-9.856098,-9.856401,0,-0.003195,0.003195,99797.72,26,-0.032606641,-0.027134,,,,
157.520207,0.011253,-0.002394,-0.057456,-9.844128,-9.844296,0.00213,-0.005325,0.001065,99797.72,26,-0.020501641,-0.015029,,,,
157.531429,0.011222,-0.016758,-0.074214,-9.810612,-9.810907,0.001065,-0.00426,0.003195,99797.64,26,0.012887359,0.01836,,,,
157.541662,0.010232,-0.038304,-0.079002,-9.846522,-9.846913,0.00213,-0.007455,0.003195,99797.64,26,-0.023118641,-0.017646,,,,
157.554331,0.012669,-0.01197,-0.069426,-9.805824,-9.806077,0.003195,-0.00426,0.001065,99797.64,26,0.017717359,0.02319,,,,
157.564838,0.010507,-0.02394,-0.074214,-9.810612,-9.810922,0,-0.00426,-0.001065,99797.64,26,0.012872359,0.018345,,,,
157.57606,0.011222,-0.002394,-0.100548,-9.80343,-9.803946,0.003195,-0.00426,0.00213,99797.64,26,0.019848359,0.025321,,,,
157.587257,0.011197,-0.043092,-0.074214,-9.781884,-9.78226,-0.001065,-0.003195,0,99797.6,26,0.041534359,0.047007,,,,
157.598676,0.011419,-0.019152,-0.074214,-9.80343,-9.80373,-0.001065,-0.003195,0.001065,99797.6,26,0.020064359,0.025537,,,,
157.609668,0.010993,0,-0.062244,-9.777096,-9.777294,0.001065,-0.00426,0.001065,99797.6,26,0.046500359,0.051973,,,,
157.620836,0.011168,-0.028728,-0.100548,-9.798642,-9.7992,0.00213,-0.00852,0.00213,99797.6,26,0.024594359,0.030067,,,,
157.631972,0.011135,-0.04788,-0.07182,-9.808218,-9.808598,0.00213,-0.005325,0,99797.6,26,0.015196359,0.020669,,,,
157.643176,0.011205,-0.002394,-0.081396,-9.774702,-9.775041,0,-0.00426,0.00426,99797.6,26,0.048753359,0.054226,,,,
157.65437,0.011193,-0.01197,-0.088578,-9.789066,-9.789474,0.003195,-0.00639,0,99797.6,26,0.034320359,0.039793,,,,
157.665662,0.011292,-0.05985,-0.069426,-9.82737,-9.827797,0.00213,-0.007455,0.00213,99797.6,26,-0.004002641,0.00147,,,,
157.676691,0.011029,-0.03591,-0.07182,-9.832158,-9.832486,0.001065,-0.005325,0.001065,99797.6,26,-0.008691641,-0.003219,,,,
157.687968,0.011277,0.009576,-0.055062,-9.834552,-9.834711,0,-0.00426,0.00213,99797.6,26,-0.010916641,-0.005444,,,,
157.699191,0.011223,-0.052668,-0.064638,-9.805824,-9.806178,0.00213,-0.00639,0.00426,99797.6,26,0.017616359,0.023089,,,,
157.710262,0.01107,-0.028728,-0.076608,-9.834552,-9.834892,0.001065,-0.00213,0.001065,99797.6,26,-0.011097641,-0.005625,,,,
157.7215,0.011239,-0.045486,-0.050274,-9.822582,-9.822816,0.00213,-0.003195,0.003195,99797.57,26.01,0.000978359,0.006451,,,,
157.732621,0.011121,-0.028728,-0.05985,-9.822582,-9.822806,0.00213,-0.003195,0.00213,99797.57,26.01,0.000988359,0.006461,,,,
157.743794,0.011173,-0.050274,-0.064638,-9.844128,-9.844469,0.003195,-0.005325,0.001065,99797.57,26.01,-0.020674641,-0.015202,,,,
157.754997,0.011202,-0.040698,-0.079002,-9.844128,-9.844529,0.001065,-0.005325,0.003195,99797.57,26.01,-0.020734641,-0.015262,,,,
157.766231,0.011234,-0.02394,-0.08379,-9.87525,-9.875634,0,-0.007455,0.003195,99797.57,26.01,-0.051839641,-0.046367,,,,
157.777469,0.011238,-0.002394,-0.081396,-9.846522,-9.846859,0.003195,-0.005325,0.003195,99797.57,26.01,-0.023064641,-0.017592,,,,
157.788531,0.011061,-0.043092,-0.079002,-9.856098,-9.856509,0.00213,-0.003195,0,99797.51,26.01,-0.032714641,-0.027242,,,,
157.799712,0.011181,-0.069426,-0.088578,-9.868068,-9.86871,0.003195,-0.005325,0.00213,99797.51,26.01,-0.044915641,-0.039443,,,,
157.810923,0.011211,-0.004788,-0.10773,-9.8154,-9.815992,0.003195,-0.003195,0.00213,99797.51,26.01,0.007802359,0.013275,,,,
157.822244,0.011321,-0.019152,-0.09576,-9.853704,-9.854188,0.001065,-0.00426,0,99797.51,26.01,-0.030393641,-0.024921,,,,
157.833258,0.011014,-0.038304,-0.088578,-9.858492,-9.858964,0.00213,-0.00213,0.003195,99797.51,26.01,-0.035169641,-0.029697,,,,
157.844446,0.011187,-0.043092,-0.10773,-9.844128,-9.844812,0.00213,-0.00852,0.001065,99797.51,26.01,-0.021017641,-0.015545,,,,
157.855634,0.011188,-0.002394,-0.081396,-9.808218,-9.808556,0.001065,-0.00426,0.001065,99797.51,26.01,0.015238359,0.020711,,,,
157.866961,0.011327,-0.02394,-0.064638,-9.796248,-9.79649,0.00213,-0.003195,0.001065,99797.51,26.01,0.027304359,0.032777,,,,
157.878262,0.011301,-0.028728,-0.098154,-9.805824,-9.806357,0.003195,-0.003195,0.003195,99797.51,26.01,0.017437359,0.02291,,,,
157.889283,0.011021,-0.026334,-0.057456,-9.796248,-9.796452,-0.001065,-0.003195,0.001065,99797.51,26.01,0.027342359,0.032815,,,,
157.900398,0.011115,-0.002394,-0.08379,-9.810612,-9.81097,0.00213,-0.00639,0.00426,99797.51,26.01,0.012824359,0.018297,,,,
157.910506,0.010108,-0.028728,-0.090972,-9.784278,-9.784743,0.003195,-0.00426,0.001065,99797.56,26.01,0.039051359,0.044524,,,,
157.920662,0.010157,-0.026334,-0.050274,-9.80343,-9.803594,0,-0.00213,0.001065,99797.56,26.01,0.020200359,0.025673,,,,
157.930745,0.010082,-0.002394,-0.04788,-9.789066,-9.789183,0.001065,-0.005325,0.001065,99797.56,26.01,0.034611359,0.040084,,,,
157.940846,0.010102,-0.031122,-0.08379,-9.798642,-9.79905,0.003195,-0.00426,0.00426,99797.56,26.01,0.024744359,0.030217,,,,
157.950965,0.010119,-0.004788,-0.064638,-9.786672,-9.786887,0.00213,-0.00639,0.00213,99797.56,26.01,0.036907359,0.04238,,,,
157.961056,0.010091,-0.02394,-0.057456,-9.808218,-9.808416,-0.001065,-0.00426,0.00426,99797.56,26.01,0.015378359,0.020851,,,,
157.971278,0.010222,-0.043092,-0.062244,-9.810612,-9.810904,0.003195,-0.005325,0.005325,99797.56,26.01,0.012890359,0.018363,,,,
157.981479,0.010201,-0.043092,-0.064638,-9.829764,-9.830071,0.003195,-0.005325,0.00213,99797.56,26.01,-0.006276641,-0.000804,,,,
157.99157,0.010092,-0.040698,-0.04788,-9.801036,-9.801237,0,-0.00426,0.001065,99797.56,26.01,0.022557359,0.02803,,,,
158.001826,0.010255,-0.050274,-0.074214,-9.801036,-9.801446,0.00213,-0.005325,0.00426,99797.56,26.01,0.022348359,0.027821,,,,
158.012039,0.010213,-0.031122,-0.076608,-9.832158,-9.832506,0.001065,-0.00426,0.00426,99797.56,26.01,-0.008711641,-0.003239,,,,
158.022122,0.010083,-0.021546,-0.062244,-9.798642,-9.798863,0.003195,-0.005325,0.00213,99797.56,26.01,0.024931359,0.030404,,,,
158.032235,0.010113,-0.02394,-0.079002,-9.85131,-9.851656,0.005325,-0.005325,-0.001065,99797.48,26.01,-0.027861641,-0.022389,,,,
158.042336,0.010101,-0.033516,-0.081396,-9.824976,-9.82537,0.001065,-0.003195,0.00213,99797.48,26.01,-0.001575641,0.003897,,,,
158.052435,0.0101,-0.040698,-0.074214,-9.834552,-9.834916,0.00213,-0.00426,0.001065,99797.48,26.01,-0.011121641,-0.005649,,,,
158.062535,0.0101,-0.040698,-0.079002,-9.832158,-9.83256,0.001065,-0.00426,0.001065,99797.48,26.01,-0.008765641,-0.003293,,,,
158.072683,0.010148,-0.04788,-0.076608,-9.820188,-9.820604,0.001065,-0.00426,0.00213,99797.48,26.01,0.003190359,0.008663,,,,
158.082776,0.010093,-0.016758,-0.076608,-9.824976,-9.825289,0.00213,-0.007455,0.003195,99797.48,26.01,-0.001494641,0.003978,,,,
158.092871,0.010095,-0.055062,-0.05985,-9.848916,-9.849252,0.001065,-0.00639,0.001065,99797.48,26.01,-0.025457641,-0.019985,,,,
158.102984,0.010113,-0.028728,-0.090972,-9.868068,-9.868529,0.00426,-0.005325,0.001065,99797.46,26.01,-0.044734641,-0.039262,,,,
158.113567,0.010583,0.002394,-0.081396,-9.83934,-9.839677,0.00426,-0.007455,0.005325,99797.46,26.01,-0.015882641,-0.01041,,,,
158.124139,0.010572,-0.02394,-0.098154,-9.836946,-9.837465,0.001065,-0.005325,-0.001065,99797.46,26.01,-0.013670641,-0.008198,,,,
158.135276,0.011137,-0.026334,-0.074214,-9.844128,-9.844443,0.00213,-0.00426,0.00426,99797.46,26.01,-0.020648641,-0.015176,,,,
158.146441,0.011165,0,-0.074214,-9.817794,-9.818074,-0.00213,-0.00426,0.001065,99797.46,26.01,0.005720359,0.011193,,,,
158.157689,0.011248,0,-0.07182,-9.83934,-9.839602,0.003195,-0.00426,0.00426,99797.3,26.01,-0.015807641,-0.010335,,,,
158.16883,0.011141,-0.033516,-0.062244,-9.83934,-9.839594,0.001065,-0.007455,0.003195,99797.3,26.01,-0.015799641,-0.010327,,,,
158.180052,0.011222,-0.007182,-0.07182,-9.848916,-9.84918,0.003195,-0.003195,0.001065,99797.3,26.01,-0.025385641,-0.019913,,,,
158.191199,0.011147,-0.01197,-0.04788,-9.805824,-9.805948,0.00426,-0.005325,0.00213,99797.3,26.01,0.017846359,0.023319,,,,
158.202387,0.011188,-0.007182,-0.093366,-9.820188,-9.820634,0.00213,-0.003195,0.00426,99797.3,26.01,0.003160359,0.008633,,,,
158.213584,0.011197,-0.019152,-0.067032,-9.813006,-9.813254,0.001065,-0.00639,0.001065,99797.3,26.01,0.010540359,0.016013,,,,
158.224734,0.01115,-0.01197,-0.074214,-9.822582,-9.82287,0.00213,-0.005325,0.00213,99797.33,26.01,0.000924359,0.006397,,,,
158.235908,0.011175,0.019152,-0.064638,-9.77949,-9.779722,0.00426,-0.007455,0.001065,99797.33,26.01,0.044072359,0.049545,,,,
158.247184,0.011276,-0.055062,-0.04788,-9.817794,-9.818065,0.00213,-0.00426,0.001065,99797.33,26.01,0.005729359,0.011202,,,,
158.25841,0.011226,0,-0.09576,-9.796248,-9.796716,0.00213,-0.00426,0.003195,99797.33,26.01,0.027078359,0.032551,,,,
158.269549,0.011139,-0.026334,-0.067032,-9.786672,-9.786937,0.003195,-0.00639,0.003195,99797.33,26.01,0.036857359,0.04233,,,,
158.280664,0.011115,-0.007182,-0.081396,-9.781884,-9.782225,0.001065,-0.005325,0.00213,99797.33,26.01,0.041569359,0.047042,,,,
158.291865,0.011201,-0.074214,-0.102942,-9.813006,-9.813827,0.003195,-0.005325,0.001065,99797.33,26.01,0.009967359,0.01544,,,,
158.303056,0.011191,-0.014364,-0.093366,-9.836946,-9.8374,0.001065,-0.003195,0.001065,99797.33,26.01,-0.013605641,-0.008133,,,,
158.314244,0.011188,-0.02394,-0.067032,-9.805824,-9.806082,0,-0.003195,0.001065,99797.33,26.01,0.017712359,0.023185,,,,
158.325452,0.011208,-0.021546,-0.08379,-9.820188,-9.820569,0,-0.00426,0,99797.33,26.01,0.003225359,0.008698,,,,
158.336583,0.011131,-0.064638,-0.079002,-9.836946,-9.837476,-0.001065,-0.005325,0.001065,99797.33,26.01,-0.013681641,-0.008209,,,,
158.347758,0.011175,-0.028728,-0.090972,-9.83934,-9.839802,0.00213,-0.005325,0.003195,99797.35,26.01,-0.016007641,-0.010535,,,,
158.359023,0.011265,-0.038304,-0.081396,-9.841734,-9.842145,0.001065,-0.003195,-0.001065,99797.35,26.01,-0.018350641,-0.012878,,,,
158.370143,0.01112,-0.02394,-0.086184,-9.853704,-9.85411,0,-0.00639,0.001065,99797.35,26.01,-0.030315641,-0.024843,,,,
158.381488,0.011345,-0.057456,-0.079002,-9.853704,-9.854188,0.001065,-0.00639,0.001065,99797.35,26.01,-0.030393641,-0.024921,,,,
158.392552,0.011064,-0.009576,-0.086184,-9.846522,-9.846904,0.001065,-0.005325,-0.001065,99797.35,26.01,-0.023109641,-0.017637,,,,
158.403685,0.011132,-0.016758,-0.074214,-9.832158,-9.832452,0.003195,-0.003195,0.00213,99797.35,26.01,-0.008657641,-0.003185,,,,
158.414969,0.011284,-0.040698,-0.076608,-9.85131,-9.851692,0,-0.00213,0.00213,99797.32,26.01,-0.027897641,-0.022425,,,,
158.426075,0.011107,0,-0.081396,-9.844128,-9.844465,0,-0.00426,0,99797.32,26.01,-0.020670641,-0.015198,,,,
158.437286,0.011211,0,-0.067032,-9.820188,-9.820417,-0.001065,-0.00426,0.001065,99797.32,26.01,0.003377359,0.00885,,,,
158.448429,0.011143,-0.004788,-0.055062,-9.8154,-9.815556,0.00213,-0.007455,0.00213,99797.32,26.01,0.008238359,0.013711,,,,
158.459619,0.01119,-0.028728,-0.086184,-9.844128,-9.844547,0.001065,-0.00426,0.00213,99797.32,26.01,-0.020752641,-0.01528,,,,
158.470835,0.011216,0.002394,-0.062244,-9.841734,-9.841931,0.003195,-0.005325,0.001065,99797.32,26.01,-0.018136641,-0.012664,,,,
158.48209,0.011255,0.021546,-0.052668,-9.824976,-9.825141,0.00213,-0.005325,0.001065,99797.28,26.01,-0.001346641,0.004126,,,,
158.493199,0.011109,0.014364,-0.062244,-9.829764,-9.829972,0.00213,-0.00639,0,99797.28,26.01,-0.006177641,-0.000705,,,,
158.504387,0.011189,-0.050274,-0.067032,-9.82737,-9.827727,0,-0.00426,0,99797.28,26.01,-0.003932641,0.00154,,,,
158.515575,0.011187,-0.007182,-0.069426,-9.829764,-9.830012,0.001065,-0.005325,0.003195,99797.28,26.01,-0.006217641,-0.000745,,,,
