time,dt,accel_x,accel_y,accel_z,union_g,gyro_x,gyro_y,gyro_z,pressure,temp,ag
1680.34496,0.011137,-0.079002,0.004788,-9.834552,-9.83487,0.001065,-0.005325,0.003195,99665.01,25.6,-0.005603
1680.356349,0.011389,-0.08379,0.007182,-9.820188,-9.820548,0,-0.003195,0.001065,99665.01,25.6,0.008719
1680.368262,0.011912,-0.079002,0.026334,-9.848916,-9.849268,-0.001065,-0.005325,0.003195,99665.01,25.6,-0.020001
1680.37864,0.010379,-0.09576,0.007182,-9.808218,-9.808688,0,-0.00426,0,99665,25.6,0.020579
1680.389779,0.011139,-0.079002,-0.007182,-9.822582,-9.822902,0.001065,-0.005325,0.001065,99665,25.6,0.006365
1680.400909,0.011129,-0.064638,0.028728,-9.853704,-9.853958,0.001065,-0.007455,0.00213,99665,25.6,-0.024691
1680.412142,0.011234,-0.100548,0,-9.83934,-9.839854,0.00213,-0.005325,0.003195,99665,25.6,-0.010587
1680.423428,0.011285,-0.07182,0.007182,-9.83934,-9.839605,0.003195,-0.005325,0.00213,99665,25.6,-0.010338
1680.435331,0.011903,-0.079002,0.014364,-9.820188,-9.820516,0.00213,-0.00426,0.001065,99665,25.6,0.008751
1680.445678,0.010347,-0.04788,0.002394,-9.82737,-9.827487,0.00213,-0.005325,0.00426,99665.04,25.6,0.00178
1680.456892,0.011214,-0.100548,0.016758,-9.8154,-9.815929,0.001065,-0.00213,0,99665.04,25.6,0.013338
1680.468081,0.011189,-0.07182,0.002394,-9.810612,-9.810875,-0.001065,-0.003195,-0.001065,99665.04,25.6,0.018392
1680.479284,0.011203,-0.076608,0.002394,-9.841734,-9.842032,0.001065,-0.00426,0.00426,99665.04,25.6,-0.012765
1680.490419,0.011135,-0.052668,0.014364,-9.801036,-9.801188,0.003195,-0.00426,0.00426,99665.04,25.6,0.028079
1680.501639,0.01122,-0.074214,-0.007182,-9.824976,-9.825259,-0.001065,-0.005325,0,99665.01,25.6,0.004008
1680.512733,0.011095,-0.076608,-0.016758,-9.801036,-9.80135,0.00213,-0.005325,0.003195,99665.01,25.6,0.027917
1680.524038,0.011305,-0.105336,0.004788,-9.844128,-9.844693,0,-0.003195,0.001065,99665.01,25.6,-0.015426
1680.535221,0.011183,-0.08379,0.028728,-9.801036,-9.801436,0.001065,0,0.001065,99665.01,25.6,0.027831
1680.546323,0.011101,-0.069426,0.028728,-9.781884,-9.782173,0.001065,-0.00639,0.00426,99665.01,25.6,0.047094
1680.557516,0.011193,-0.069426,0.026334,-9.832158,-9.832438,0.003195,-0.003195,0.003195,99665.01,25.6,-0.003171
1680.568812,0.011296,-0.08379,0.04788,-9.781884,-9.78236,0.001065,-0.00639,0.001065,99664.98,25.6,0.046907
1680.579917,0.011104,-0.057456,0.002394,-9.82737,-9.827538,0.001065,-0.00426,0.00213,99664.98,25.6,0.001729
1680.591065,0.011148,-0.088578,0.002394,-9.86328,-9.863678,0.003195,-0.00213,0.001065,99664.98,25.6,-0.034411
1680.60227,0.011205,-0.064638,0.02394,-9.820188,-9.82043,0.001065,-0.007455,0.005325,99664.98,25.6,0.008837
1680.613551,0.011281,-0.07182,0.031122,-9.824976,-9.825288,0,-0.00426,0.001065,99664.98,25.6,0.003979
1680.624614,0.011063,-0.079002,0.007182,-9.829764,-9.830084,0.001065,-0.003195,0.003195,99664.98,25.6,-0.000817
1680.636787,0.012173,-0.052668,0.028728,-9.832158,-9.832341,-0.001065,-0.005325,0.001065,99664.98,25.6,-0.003074
1680.647043,0.010256,-0.102942,0.002394,-9.829764,-9.830303,0.00213,-0.00426,0.003195,99664.98,25.6,-0.001036
1680.658201,0.011158,-0.08379,0.04788,-9.824976,-9.82545,0,-0.00426,0.003195,99664.98,25.6,0.003817
1680.66942,0.011219,-0.081396,-0.004788,-9.822582,-9.82292,0.00213,-0.005325,0.00426,99664.98,25.6,0.006347
1680.680571,0.011151,-0.079002,0.004788,-9.82737,-9.827689,0.00213,-0.00639,0.003195,99664.98,25.6,0.001578
1680.691815,0.011244,-0.055062,0.009576,-9.810612,-9.810771,0.00213,-0.003195,0.00213,99664.98,25.6,0.018496
1680.702924,0.011109,-0.074214,0.007182,-9.817794,-9.818077,0,-0.005325,0.00426,99664.93,25.6,0.01119
1680.714227,0.011303,-0.081396,-0.009576,-9.834552,-9.834893,0.001065,-0.003195,0,99664.93,25.6,-0.005626
1680.725284,0.011057,-0.07182,0.014364,-9.846522,-9.846794,0.003195,-0.005325,0.00426,99664.93,25.6,-0.017527
1680.736575,0.011291,-0.088578,0.01197,-9.834552,-9.834958,0.00213,-0.005325,0.001065,99664.93,25.6,-0.005691
1680.747731,0.011156,-0.057456,-0.02394,-9.856098,-9.856295,0.00213,-0.005325,0.00213,99664.93,25.6,-0.027028
1680.75891,0.011179,-0.05985,0.02394,-9.808218,-9.80843,0,-0.003195,0.00213,99664.93,25.6,0.020837
1680.770005,0.011095,-0.057456,-0.014364,-9.798642,-9.798821,0.001065,-0.005325,0.00213,99664.93,25.6,0.030446
1680.781183,0.011177,-0.05985,-0.002394,-9.829764,-9.829946,0.001065,-0.00426,0,99664.93,25.6,-0.000679
1680.792394,0.011212,-0.114912,-0.007182,-9.79146,-9.792137,0.001065,-0.00426,0.003195,99664.93,25.6,0.03713
1680.803588,0.011194,-0.090972,0.002394,-9.813006,-9.813428,0.001065,-0.003195,0.001065,99664.93,25.6,0.015839
1680.814839,0.011251,-0.079002,0.009576,-9.8154,-9.815723,0,-0.003195,0.005325,99664.93,25.6,0.013544
1680.826071,0.011232,-0.062244,0.004788,-9.796248,-9.796447,0.00213,-0.00426,0.005325,99664.85,25.6,0.03282
1680.83721,0.011139,-0.074214,0.007182,-9.834552,-9.834835,0.00213,-0.003195,0.003195,99664.85,25.6,-0.005568
1680.848308,0.011098,-0.086184,0.02394,-9.805824,-9.806232,0.001065,-0.00426,0,99664.85,25.6,0.023035
1680.859568,0.011261,-0.081396,0.021546,-9.836946,-9.837306,0.003195,-0.00426,0,99664.85,25.6,-0.008039
1680.870724,0.011155,-0.074214,0.007182,-9.820188,-9.820471,0.001065,-0.00213,0.00213,99664.85,25.6,0.008796
1680.881855,0.011131,-0.09576,-0.004788,-9.817794,-9.818262,0.00213,-0.00639,0.00213,99664.85,25.6,0.011005
1680.893056,0.011201,-0.067032,0.014364,-9.836946,-9.837185,0.00213,-0.00426,0.00213,99664.89,25.6,-0.007918
1680.904284,0.011228,-0.093366,0.021546,-9.832158,-9.832625,0.00213,-0.00426,0.003195,99664.89,25.6,-0.003358
1680.91557,0.011286,-0.08379,0.019152,-9.8154,-9.815776,0.005325,-0.003195,0.001065,99664.89,25.6,0.013491
1680.926573,0.011003,-0.07182,0.021546,-9.841734,-9.84202,0.001065,-0.00213,0.00213,99664.89,25.6,-0.012753
1680.937843,0.01127,-0.112518,0.004788,-9.822582,-9.823228,0.00213,-0.005325,0,99664.89,25.6,0.006039
1680.950039,0.012196,-0.08379,0.050274,-9.82737,-9.827856,0.001065,-0.003195,0.001065,99664.89,25.6,0.001411
1680.960201,0.010162,-0.086184,-0.01197,-9.805824,-9.80621,0,-0.00426,0.001065,99664.89,25.6,0.023057
1680.971365,0.011163,-0.055062,0.002394,-9.796248,-9.796403,0.00213,-0.00639,0.001065,99664.89,25.6,0.032864
1680.982538,0.011174,-0.074214,0,-9.8154,-9.815681,-0.001065,-0.00213,-0.001065,99664.89,25.6,0.013586
1680.993717,0.011179,-0.043092,0.009576,-9.817794,-9.817893,0.003195,-0.00426,0.003195,99664.89,25.6,0.011374
1681.004977,0.01126,-0.081396,0.021546,-9.836946,-9.837306,0.00213,-0.00639,0.003195,99664.89,25.6,-0.008039
1681.016172,0.011195,-0.074214,0.019152,-9.813006,-9.813305,0.003195,-0.005325,0.001065,99664.89,25.6,0.015962
1681.027285,0.011113,-0.04788,0.043092,-9.829764,-9.829975,0.001065,-0.00639,0.003195,99664.89,25.6,-0.000708
1681.038468,0.011183,-0.064638,0.007182,-9.844128,-9.844343,0.00213,-0.00213,0.003195,99664.89,25.6,-0.015076
1681.049612,0.011144,-0.08379,0.01197,-9.829764,-9.830128,0,-0.00426,0.001065,99664.89,25.6,-0.000861
1681.060839,0.011227,-0.090972,0.014364,-9.829764,-9.830195,0.00426,-0.005325,0.003195,99664.89,25.6,-0.000928
1681.072009,0.011171,-0.074214,0.007182,-9.824976,-9.825259,0.001065,-0.00639,0.00213,99664.89,25.6,0.004008
1681.083295,0.011286,-0.079002,0.004788,-9.824976,-9.825295,0.001065,-0.003195,0.001065,99664.81,25.6,0.003972
1681.094424,0.011129,-0.112518,-0.004788,-9.820188,-9.820834,0,-0.005325,0.003195,99664.81,25.6,0.008433
1681.105537,0.011113,-0.086184,0.040698,-9.846522,-9.846983,0,-0.00213,-0.00213,99664.81,25.6,-0.017716
1681.116742,0.011205,-0.08379,0.040698,-9.832158,-9.832599,0.00213,-0.005325,0,99664.81,25.6,-0.003332
1681.127932,0.01119,-0.052668,0.014364,-9.829764,-9.829916,0.005325,-0.005325,0.00213,99664.81,25.6,-0.000649
1681.139156,0.011224,-0.067032,0.01197,-9.80343,-9.803666,0,-0.00426,0.003195,99664.81,25.6,0.025601
1681.150343,0.011186,-0.07182,0.021546,-9.820188,-9.820474,0.00213,-0.00426,0.001065,99664.79,25.6,0.008793
1681.161528,0.011186,-0.057456,-0.007182,-9.817794,-9.817965,0.00213,-0.00213,0.00213,99664.79,25.6,0.011302
1681.172711,0.011183,-0.074214,0.016758,-9.832158,-9.832452,-0.001065,-0.00426,0.00213,99664.79,25.6,-0.003185
1681.18406,0.011349,-0.076608,0.016758,-9.813006,-9.813319,0.001065,-0.003195,0.005325,99664.79,25.6,0.015948
1681.195356,0.011296,-0.079002,0.004788,-9.846522,-9.84684,0.001065,-0.003195,-0.00213,99664.79,25.6,-0.017573
1681.206245,0.010889,-0.117306,-0.009576,-9.79146,-9.792167,0.001065,-0.00426,0.003195,99664.87,25.6,0.0371
1681.217643,0.011398,-0.088578,0.007182,-9.817794,-9.818196,0.001065,-0.00639,0.003195,99664.87,25.6,0.011071
1681.22867,0.011027,-0.08379,0.021546,-9.834552,-9.834933,0,-0.00213,0.00213,99664.87,25.6,-0.005666
1681.239794,0.011124,-0.064638,0.007182,-9.846522,-9.846737,0.001065,-0.00426,0.00213,99664.87,25.6,-0.01747
1681.251033,0.011238,-0.079002,0.007182,-9.820188,-9.820508,0.00213,-0.003195,0.00213,99664.87,25.6,0.008759
1681.262336,0.011304,-0.081396,0.016758,-9.83934,-9.839691,0,-0.007455,0.00213,99664.87,25.6,-0.010424
1681.273339,0.011003,-0.086184,-0.014364,-9.832158,-9.832546,0.00213,-0.005325,0,99664.79,25.6,-0.003279
1681.283422,0.010082,-0.081396,0.01197,-9.77949,-9.779836,0.001065,-0.003195,0.00213,99664.79,25.6,0.049431
1681.293558,0.010136,-0.07182,0.031122,-9.836946,-9.837257,0.001065,-0.005325,0.003195,99664.79,25.6,-0.00799
1681.303664,0.010106,-0.086184,-0.002394,-9.83934,-9.839718,0,-0.00426,0.00213,99664.79,25.6,-0.010451
1681.313767,0.010103,-0.067032,0.009576,-9.820188,-9.820421,-0.001065,-0.00639,0.001065,99664.79,25.6,0.008846
1681.323865,0.010098,-0.098154,-0.004788,-9.83934,-9.839831,0.00426,-0.00426,0.005325,99664.79,25.6,-0.010564
1681.334087,0.010222,-0.067032,0.009576,-9.829764,-9.829997,0.003195,-0.00426,0.00213,99664.79,25.6,-0.00073
1681.344178,0.010091,-0.064638,-0.019152,-9.810612,-9.810844,0.001065,-0.00426,-0.003195,99664.79,25.6,0.018423
1681.354313,0.010135,-0.088578,-0.002394,-9.820188,-9.820588,0.001065,-0.00426,0.00213,99664.79,25.6,0.008679
1681.364407,0.010094,-0.033516,0.002394,-9.810612,-9.81067,0.003195,-0.00639,0.00213,99664.79,25.6,0.018597
1681.374647,0.01024,-0.079002,0.009576,-9.820188,-9.82051,0.005325,-0.00426,0.00213,99664.79,25.6,0.008757
1681.38473,0.010083,-0.064638,0.019152,-9.813006,-9.813238,0.001065,-0.00426,0.001065,99664.79,25.6,0.016029
1681.394867,0.010137,-0.074214,-0.019152,-9.793854,-9.794154,0.001065,-0.00213,-0.001065,99664.79,25.6,0.035113
1681.405008,0.010141,-0.076608,0.009576,-9.80343,-9.803734,0.003195,-0.00639,0.00213,99664.76,25.6,0.025533
1681.415117,0.010109,-0.08379,0.002394,-9.844128,-9.844485,0.00213,-0.00426,0.003195,99664.76,25.6,-0.015218
1681.425196,0.010079,-0.088578,0.014364,-9.836946,-9.837355,0,-0.003195,0.001065,99664.76,25.6,-0.008088
1681.435317,0.010121,-0.067032,0.007182,-9.829764,-9.829995,0.003195,-0.00426,0.001065,99664.76,25.6,-0.000728
1681.445413,0.010096,-0.069426,0.031122,-9.834552,-9.834846,0.001065,-0.007455,0.00213,99664.76,25.6,-0.005579
1681.455513,0.0101,-0.052668,-0.007182,-9.841734,-9.841878,0.00213,-0.003195,0.00213,99664.76,25.6,-0.012611
1681.465595,0.010082,-0.05985,0.019152,-9.83934,-9.839541,0.001065,-0.005325,0.001065,99664.84,25.6,-0.010274
1681.475707,0.010112,-0.102942,0.002394,-9.8154,-9.81594,-0.001065,-0.00426,0.001065,99664.84,25.6,0.013327
1681.485792,0.010085,-0.088578,0.019152,-9.829764,-9.830182,0.003195,-0.00426,0.00213,99664.84,25.6,-0.000915
1681.495902,0.01011,-0.088578,0.009576,-9.8154,-9.815804,0.001065,-0.005325,0.00639,99664.84,25.6,0.013463
1681.505994,0.010092,-0.093366,0.007182,-9.82737,-9.827816,0.001065,-0.00639,0.001065,99664.84,25.6,0.001451
1681.516073,0.010079,-0.062244,0.014364,-9.796248,-9.796456,0.00213,-0.005325,0.001065,99664.84,25.6,0.032811
1681.5262,0.010128,-0.069426,0.016758,-9.85131,-9.851569,0.003195,-0.005325,0.003195,99664.97,25.6,-0.022302
1681.536321,0.01012,-0.079002,0.014364,-9.85131,-9.851637,-0.001065,-0.00426,0.00213,99664.97,25.6,-0.02237
1681.546493,0.010173,-0.04788,0.016758,-9.844128,-9.844259,-0.001065,-0.005325,0.00213,99664.97,25.6,-0.014992
1681.556586,0.010092,-0.090972,0.026334,-9.858492,-9.858947,0.00213,-0.00426,0.00426,99664.97,25.6,-0.02968
1681.566665,0.010079,-0.08379,0.009576,-9.844128,-9.844489,0.005325,-0.00426,0.003195,99664.97,25.6,-0.015222
1681.576779,0.010114,-0.069426,0.01197,-9.793854,-9.794107,0.00213,-0.00213,0,99664.97,25.6,0.03516
1681.586875,0.010096,-0.064638,0.01197,-9.822582,-9.822802,0,-0.00426,0.00213,99664.97,25.6,0.006465
1681.596989,0.010114,-0.09576,0.014364,-9.8154,-9.815878,0.001065,-0.00426,0.001065,99665,25.6,0.013389
1681.607069,0.01008,-0.055062,0.033516,-9.8154,-9.815612,0.001065,-0.00213,0.003195,99665,25.6,0.013655
1681.617167,0.010098,-0.08379,-0.014364,-9.820188,-9.820556,0.001065,-0.005325,0.00213,99665,25.6,0.008711
1681.627249,0.010082,-0.064638,0.021546,-9.858492,-9.858727,0.00213,-0.005325,-0.001065,99665,25.6,-0.02946
1681.637352,0.010103,-0.067032,0.021546,-9.796248,-9.796501,0,-0.00639,0.001065,99665,25.6,0.032766
1681.647487,0.010136,-0.08379,0.009576,-9.824976,-9.825338,0.00213,-0.003195,0.001065,99665,25.6,0.003929
1681.657583,0.010095,-0.074214,0.02394,-9.810612,-9.810922,0,-0.007455,0.001065,99665,25.6,0.018345
1681.667679,0.010097,-0.062244,-0.009576,-9.834552,-9.834754,0,-0.00426,0.00213,99665,25.6,-0.005487
1681.677796,0.010117,-0.045486,0.007182,-9.82737,-9.827478,0.00213,-0.005325,0.001065,99665,25.6,0.001789
1681.687886,0.01009,-0.067032,0.009576,-9.83934,-9.839573,0.005325,-0.005325,0.00213,99665,25.6,-0.010306
1681.698388,0.010502,-0.052668,-0.016758,-9.813006,-9.813162,0.003195,-0.003195,0.00426,99665,25.6,0.016105
1681.709518,0.011129,-0.064638,-0.031122,-9.834552,-9.834814,0.001065,-0.00426,0.001065,99665,25.6,-0.005547
1681.720753,0.011235,-0.067032,-0.007182,-9.836946,-9.837177,0.00213,-0.005325,0.00213,99664.98,25.6,-0.00791
1681.732131,0.011378,-0.08379,0.014364,-9.80343,-9.803799,0,-0.003195,0.001065,99664.98,25.6,0.025468
1681.743097,0.010965,-0.098154,-0.01197,-9.82737,-9.827867,0,-0.005325,0.001065,99664.98,25.6,0.0014
1681.754405,0.011308,-0.08379,0.038304,-9.817794,-9.818226,0.00213,-0.003195,-0.001065,99664.98,25.6,0.011041
1681.765442,0.011037,-0.088578,0.028728,-9.810612,-9.811054,0.00213,-0.00426,0.001065,99664.98,25.6,0.018213
1681.776702,0.01126,-0.098154,0.03591,-9.810612,-9.811169,0,-0.00426,0.003195,99664.98,25.6,0.018098
1681.787841,0.011139,-0.086184,-0.016758,-9.808218,-9.808611,0.00213,-0.00426,0.001065,99665.12,25.6,0.020656
1681.79902,0.011179,-0.074214,0.009576,-9.810612,-9.810897,0.00213,-0.00426,0.00213,99665.12,25.6,0.01837
1681.810193,0.011174,-0.07182,0.026334,-9.829764,-9.830062,0.00426,-0.005325,0.001065,99665.12,25.6,-0.000795
1681.82137,0.011177,-0.08379,-0.002394,-9.808218,-9.808576,0,-0.00426,0.003195,99665.12,25.6,0.020691
1681.832592,0.011222,-0.090972,0.016758,-9.836946,-9.837381,0.00213,-0.00426,0,99665.12,25.6,-0.008114
1681.843858,0.011266,-0.093366,0.009576,-9.820188,-9.820636,0.001065,-0.007455,0.003195,99665.14,25.6,0.008631
1681.855004,0.011146,-0.067032,-0.004788,-9.822582,-9.822812,0.003195,-0.003195,0.00213,99665.14,25.6,0.006455
1681.866144,0.01114,-0.074214,-0.004788,-9.817794,-9.818076,0.00213,-0.00426,0.001065,99665.14,25.6,0.011191
1681.877315,0.011171,-0.062244,0.007182,-9.846522,-9.846721,0,-0.003195,0.001065,99665.14,25.6,-0.017454
1681.888579,0.011264,-0.08379,0.02394,-9.820188,-9.820575,0.00213,-0.00639,0.001065,99665.14,25.6,0.008692
1681.899859,0.01128,-0.057456,-0.002394,-9.846522,-9.84669,0.001065,-0.003195,0.00213,99665.14,25.6,-0.017423
1681.910878,0.011019,-0.05985,-0.007182,-9.79146,-9.791646,0.001065,-0.00426,0.00213,99665.11,25.6,0.037621
1681.922028,0.01115,-0.074214,-0.019152,-9.820188,-9.820487,0.00213,-0.005325,0.00213,99665.11,25.6,0.00878
1681.933194,0.011166,-0.09576,-0.007182,-9.841734,-9.842202,0.00213,-0.005325,0.001065,99665.11,25.6,-0.012935
1681.94454,0.011346,-0.045486,0.016758,-9.813006,-9.813126,0.001065,-0.003195,0.00213,99665.11,25.6,0.016141
1681.955754,0.011214,-0.069426,-0.004788,-9.784278,-9.784525,0.00213,-0.00639,0.003195,99665.11,25.6,0.044742
1681.966848,0.011093,-0.055062,0.026334,-9.829764,-9.829953,0.00213,-0.003195,0.001065,99665.11,25.6,-0.000686
1681.977925,0.011078,-0.052668,0.01197,-9.810612,-9.810761,0.00213,-0.003195,0.00213,99665.11,25.6,0.018506
1681.989122,0.011196,-0.081396,0,-9.824976,-9.825313,0.00213,-0.003195,0.001065,99665.11,25.6,0.003954
1682.000327,0.011205,-0.079002,0.019152,-9.822582,-9.822918,0.00213,-0.007455,0.003195,99665.11,25.6,0.006349
1682.01171,0.011383,-0.067032,0.016758,-9.82737,-9.827613,0.00213,-0.00639,0.001065,99665.11,25.6,0.001654
1682.022704,0.010994,-0.074214,0.050274,-9.820188,-9.820597,0,-0.00213,0.001065,99665.11,25.6,0.00867
1682.033987,0.011283,-0.090972,0.028728,-9.805824,-9.806288,0.00213,-0.00426,0.001065,99664.97,25.6,0.022979
1682.045058,0.011071,-0.105336,0.004788,-9.82737,-9.827936,0.003195,-0.00426,0.00213,99664.97,25.6,0.001331
1682.056279,0.011221,-0.088578,0.033516,-9.80343,-9.803887,0.001065,-0.007455,0.00426,99664.97,25.6,0.02538
1682.067623,0.011345,-0.04788,-0.004788,-9.83934,-9.839458,0.003195,-0.003195,0.003195,99664.97,25.6,-0.010191
1682.078638,0.011015,-0.086184,-0.007182,-9.817794,-9.818175,0.001065,-0.007455,0.00213,99664.97,25.6,0.011092
1682.089853,0.011215,-0.05985,0.01197,-9.865674,-9.865863,0.00426,-0.00426,0.00426,99664.97,25.6,-0.036596
1682.100988,0.011135,-0.086184,0.014364,-9.810612,-9.811001,-0.001065,-0.003195,0,99664.89,25.6,0.018266
1682.112152,0.011163,-0.069426,0.009576,-9.824976,-9.825226,0.00213,-0.00213,0.001065,99664.89,25.6,0.004041
1682.123407,0.011255,-0.069426,0.019152,-9.798642,-9.798907,0,-0.00426,0.00213,99664.89,25.6,0.03036
1682.134768,0.011361,-0.079002,0.021546,-9.820188,-9.820529,0.00213,-0.007455,0.003195,99664.89,25.6,0.008738
1682.14571,0.010942,-0.057456,0.004788,-9.829764,-9.829933,0.00213,-0.003195,0,99664.89,25.6,-0.000666
1682.156959,0.011249,-0.04788,0.002394,-9.834552,-9.834669,0,-0.00426,0.00213,99664.89,25.6,-0.005402
1682.168149,0.01119,-0.079002,0.016758,-9.844128,-9.844459,0.00213,-0.00426,0,99664.87,25.6,-0.015192
1682.179331,0.011182,-0.07182,0.009576,-9.848916,-9.849183,-0.001065,-0.00426,0.001065,99664.87,25.6,-0.019916
1682.190533,0.011202,-0.079002,0.007182,-9.8154,-9.815721,0.001065,-0.00426,0.003195,99664.87,25.6,0.013546
1682.201651,0.011117,-0.08379,-0.002394,-9.832158,-9.832515,0.003195,-0.00426,0.00213,99664.87,25.6,-0.003248
1682.212845,0.011194,-0.079002,0.043092,-9.83934,-9.839752,0.003195,-0.003195,0.001065,99664.87,25.6,-0.010485
1682.224047,0.011203,-0.081396,0.019152,-9.805824,-9.806181,0.003195,-0.005325,0.003195,99664.74,25.6,0.023086
1682.23533,0.011283,-0.093366,0.019152,-9.822582,-9.823044,-0.001065,-0.00639,0.00213,99664.74,25.6,0.006223
1682.246613,0.011283,-0.08379,0.028728,-9.820188,-9.820587,0.00213,-0.005325,0,99664.74,25.6,0.00868
1682.25759,0.010977,-0.088578,0.043092,-9.813006,-9.8135,0.00213,-0.00426,0.00213,99664.74,25.6,0.015767
1682.268774,0.011184,-0.067032,0.004788,-9.808218,-9.808448,0.001065,-0.003195,-0.001065,99664.74,25.6,0.020819
1682.279959,0.011185,-0.074214,0.002394,-9.8154,-9.815681,0,-0.005325,0.003195,99664.74,25.6,0.013586
1682.291218,0.011259,-0.081396,0.021546,-9.813006,-9.813367,0.00213,-0.005325,0.003195,99664.74,25.6,0.0159
1682.302357,0.011138,-0.064638,0.009576,-9.805824,-9.806042,-0.001065,-0.003195,0.003195,99664.74,25.6,0.023225
1682.313604,0.011247,-0.086184,0.026334,-9.801036,-9.80145,0.001065,-0.00426,0,99664.74,25.6,0.027817
1682.324778,0.011174,-0.09576,0.016758,-9.836946,-9.837426,0.00213,-0.00426,0.001065,99664.74,25.6,-0.008159
1682.335898,0.01112,-0.076608,-0.016758,-9.829764,-9.830077,0.001065,-0.00639,0.00213,99664.74,25.6,-0.00081
1682.347448,0.01155,-0.043092,0.007182,-9.841734,-9.841831,0.001065,-0.00426,0.005325,99664.74,25.6,-0.012564
1682.358331,0.010882,-0.043092,-0.019152,-9.79146,-9.791574,0.001065,-0.003195,0.00213,99664.71,25.6,0.037693
1682.369433,0.011102,-0.062244,0.01197,-9.82737,-9.827574,0.001065,-0.005325,0,99664.71,25.6,0.001693
1682.380606,0.011173,-0.069426,0.021546,-9.85131,-9.851578,0.001065,-0.005325,0.003195,99664.71,25.6,-0.022311
1682.391828,0.011222,-0.093366,0.03591,-9.832158,-9.832667,-0.00213,-0.00426,0.003195,99664.71,25.6,-0.0034
1682.403045,0.011217,-0.081396,0.007182,-9.8154,-9.81574,0,-0.00426,0,99664.71,25.6,0.013527
1682.413141,0.010096,-0.076608,0.016758,-9.813006,-9.813319,0.00213,-0.00213,0.003195,99664.65,25.6,0.015948
1682.423251,0.01011,-0.079002,0.016758,-9.808218,-9.80855,0.00213,-0.00213,0.00213,99664.65,25.6,0.020717
1682.433333,0.010082,-0.09576,0.007182,-9.841734,-9.842202,0.001065,-0.00639,0.00426,99664.65,25.6,-0.012935
1682.44344,0.010107,-0.067032,0,-9.848916,-9.849144,0.001065,-0.005325,0.001065,99664.65,25.6,-0.019877
1682.453656,0.010216,-0.076608,0.016758,-9.856098,-9.85641,0,-0.00426,0.00213,99664.65,25.6,-0.027143
1682.463788,0.010132,-0.081396,0.031122,-9.798642,-9.799029,0.003195,-0.007455,0.00213,99664.65,25.6,0.030238
1682.47388,0.010093,-0.114912,0.01197,-9.801036,-9.801717,0.00213,-0.005325,0.001065,99664.65,25.6,0.02755
1682.484011,0.010131,-0.114912,0.043092,-9.808218,-9.808986,0.001065,-0.00426,0.00213,99664.61,25.6,0.020281
1682.494117,0.010105,-0.105336,0.007182,-9.82737,-9.827937,-0.001065,-0.00426,0,99664.61,25.6,0.00133
1682.504207,0.01009,-0.090972,0.01197,-9.822582,-9.823011,0.001065,-0.003195,0.00213,99664.61,25.6,0.006256
1682.515009,0.010802,-0.05985,0.004788,-9.85131,-9.851493,0.001065,-0.007455,0.001065,99664.61,25.6,-0.022226
1682.525996,0.010988,-0.031122,0.007182,-9.817794,-9.817846,0.001065,-0.003195,0.001065,99664.61,25.6,0.011421
1682.537237,0.011241,-0.074214,0.019152,-9.82737,-9.827669,0.001065,-0.00426,0.001065,99664.61,25.6,0.001598
1682.548542,0.011305,-0.067032,0.016758,-9.834552,-9.834795,0.001065,-0.007455,0.00426,99664.63,25.6,-0.005528
1682.559639,0.011097,-0.069426,0.014364,-9.824976,-9.825232,-0.003195,-0.00426,0,99664.63,25.6,0.004035
1682.570831,0.011191,-0.04788,-0.021546,-9.808218,-9.808359,0.001065,-0.007455,0.001065,99664.63,25.6,0.020908
1682.582045,0.011214,-0.074214,0.009576,-9.786672,-9.786958,0.00213,-0.00213,0.003195,99664.63,25.6,0.042309
1682.593169,0.011124,-0.074214,0.004788,-9.844128,-9.844409,0.001065,-0.00426,0.00426,99664.63,25.6,-0.015142
1682.604516,0.011347,-0.081396,0.009576,-9.808218,-9.80856,0.001065,-0.00426,0.001065,99664.63,25.6,0.020707
1682.615607,0.011092,-0.057456,-0.01197,-9.796248,-9.796424,-0.001065,-0.00426,0,99664.63,25.6,0.032843
1682.626689,0.011082,-0.055062,-0.021546,-9.829764,-9.829942,0.00426,-0.00639,0.001065,99664.63,25.6,-0.000675
1682.638059,0.01137,-0.088578,0.004788,-9.810612,-9.811013,-0.001065,-0.00852,0.001065,99664.63,25.6,0.018254
1682.649261,0.011202,-0.088578,0.021546,-9.789066,-9.78949,0.001065,-0.00426,0.003195,99664.63,25.6,0.039777
1682.66053,0.011269,-0.093366,0.014364,-9.810612,-9.811067,0,-0.00639,0.00426,99664.63,25.6,0.0182
1682.671733,0.011203,-0.076608,0.038304,-9.834552,-9.834925,0.003195,-0.00639,0.003195,99664.57,25.6,-0.005658
1682.682647,0.010914,-0.07182,0.038304,-9.832158,-9.832495,0,-0.005325,0.001065,99664.57,25.6,-0.003228
1682.693939,0.011292,-0.043092,0.004788,-9.820188,-9.820284,0.003195,-0.003195,0.00213,99664.57,25.6,0.008983
1682.705271,0.011332,-0.090972,-0.002394,-9.824976,-9.825397,0.001065,-0.005325,0.001065,99664.57,25.6,0.00387
1682.716191,0.01092,-0.050274,-0.004788,-9.813006,-9.813136,0.001065,-0.005325,0,99664.57,25.6,0.016131
1682.728433,0.012242,-0.10773,0.01197,-9.8154,-9.815998,0.00213,-0.00639,0.003195,99664.57,25.6,0.013269
1682.738591,0.010158,-0.098154,0.004788,-9.820188,-9.82068,0.001065,-0.005325,0.001065,99664.52,25.6,0.008587
1682.749781,0.01119,-0.09576,0.016758,-9.8154,-9.815881,0.003195,-0.005325,0.00213,99664.52,25.6,0.013386
1682.760926,0.011145,-0.081396,0.01197,-9.880038,-9.880381,-0.001065,-0.003195,0.003195,99664.52,25.6,-0.051114
1682.772133,0.011207,-0.076608,0.007182,-9.805824,-9.806126,0.001065,-0.00639,0.003195,99664.52,25.6,0.023141
1682.783234,0.011101,-0.069426,-0.014364,-9.865674,-9.865929,0.003195,-0.00426,0.00213,99664.52,25.6,-0.036662
1682.794605,0.011371,-0.100548,-0.01197,-9.820188,-9.82071,0.001065,-0.00426,-0.001065,99664.52,25.6,0.008557
1682.805649,0.011044,-0.043092,0.014364,-9.834552,-9.834657,0.001065,-0.00426,0.003195,99664.49,25.6,-0.00539
1682.817089,0.01144,-0.079002,0.02394,-9.810612,-9.810959,0.00213,-0.00426,0.001065,99664.49,25.6,0.018308
1682.827991,0.010902,-0.081396,0.016758,-9.813006,-9.813358,-0.001065,-0.003195,0.003195,99664.49,25.6,0.015909
1682.839195,0.011203,-0.07182,0.014364,-9.824976,-9.825249,0,-0.00426,0.00213,99664.49,25.6,0.004018
1682.850406,0.011211,-0.098154,0.028728,-9.829764,-9.830296,0.00213,-0.005325,0.00213,99664.49,25.6,-0.001029
1682.861523,0.011117,-0.057456,0.009576,-9.829764,-9.829937,0.001065,-0.00426,0.00426,99664.31,25.6,-0.00067
1682.872706,0.011183,-0.093366,-0.009576,-9.83934,-9.839788,0.00213,-0.00426,0.005325,99664.31,25.6,-0.010521
1682.883919,0.011213,-0.045486,0.007182,-9.8154,-9.815508,0,-0.00426,0.00213,99664.31,25.6,0.013759
1682.895279,0.011359,-0.086184,0.01197,-9.820188,-9.820573,0.00213,-0.00213,0.001065,99664.31,25.6,0.008694
1682.906355,0.011076,-0.064638,0.004788,-9.8154,-9.815614,0.001065,-0.00852,0.003195,99664.31,25.6,0.013653
1682.917682,0.011328,-0.088578,0.021546,-9.820188,-9.820611,0.00213,-0.00426,0.00213,99664.31,25.6,0.008656
1682.928821,0.011139,-0.055062,0.014364,-9.817794,-9.817959,0.003195,-0.00639,0.00213,99664.31,25.6,0.011308
1682.939847,0.011026,-0.114912,0,-9.808218,-9.808891,0.001065,-0.00426,0.001065,99664.31,25.6,0.020376
1682.951027,0.01118,-0.076608,0.002394,-9.82737,-9.827669,0.003195,-0.005325,0.00213,99664.31,25.6,0.001598
1682.96233,0.011303,-0.07182,0.038304,-9.805824,-9.806162,0.001065,-0.003195,0.003195,99664.31,25.6,0.023105
1682.973396,0.011066,-0.069426,-0.007182,-9.853704,-9.853951,0.00213,-0.00213,0.00213,99664.31,25.6,-0.024684
1682.984774,0.011378,-0.057456,0.007182,-9.786672,-9.786843,0.001065,-0.005325,0.003195,99664.31,25.6,0.042424
1682.996811,0.012037,-0.093366,-0.016758,-9.829764,-9.830222,0.00213,-0.00639,0.001065,99664.34,25.6,-0.000955
1683.006923,0.010111,-0.038304,0.004788,-9.817794,-9.81787,-0.001065,-0.00426,0.00213,99664.34,25.6,0.011397
1683.018392,0.011469,-0.074214,-0.007182,-9.834552,-9.834835,0.003195,-0.005325,0.001065,99664.34,25.6,-0.005568
1683.029394,0.011002,-0.043092,0.004788,-9.824976,-9.825072,0.00213,-0.003195,0.003195,99664.34,25.6,0.004195
1683.040474,0.01108,-0.07182,-0.002394,-9.841734,-9.841996,0.003195,-0.007455,0.001065,99664.34,25.6,-0.012729
1683.05173,0.011256,-0.07182,0.033516,-9.820188,-9.820508,0.003195,-0.003195,0.00213,99664.34,25.6,0.008759
1683.06311,0.01138,-0.081396,-0.002394,-9.82737,-9.827707,0.00213,-0.00639,0.00213,99664.31,25.6,0.00156
1683.074265,0.011154,-0.07182,0.009576,-9.832158,-9.832425,0,-0.00426,0.00213,99664.31,25.6,-0.003158
1683.085369,0.011105,-0.086184,0.014364,-9.786672,-9.787062,0,-0.00426,0.001065,99664.31,25.6,0.042205
1683.096435,0.011065,-0.086184,0.004788,-9.80343,-9.80381,0,-0.003195,0.00213,99664.31,25.6,0.025457
1683.107706,0.011271,-0.098154,-0.016758,-9.822582,-9.823087,0.00213,-0.00426,0.00213,99664.31,25.6,0.00618
1683.118959,0.011253,-0.093366,0.01197,-9.832158,-9.832609,0.001065,-0.00426,0.001065,99664.17,25.6,-0.003342
1683.130026,0.011067,-0.08379,0.028728,-9.841734,-9.842133,0,-0.003195,0.003195,99664.17,25.6,-0.012866
1683.141162,0.011136,-0.05985,0.009576,-9.824976,-9.825163,0.003195,-0.007455,0.001065,99664.17,25.6,0.004104
1683.152512,0.01135,-0.093366,-0.004788,-9.829764,-9.830209,0.00213,-0.00426,0.003195,99664.17,25.6,-0.000942
1683.163647,0.011135,-0.081396,0.031122,-9.832158,-9.832544,0,-0.00639,0.00213,99664.17,25.6,-0.003277
1683.174863,0.011216,-0.069426,0.004788,-9.817794,-9.818041,0.003195,-0.005325,0.003195,99664.17,25.6,0.011226
1683.185918,0.011054,-0.057456,0.031122,-9.836946,-9.837163,0.00213,-0.005325,0.005325,99664.33,25.6,-0.007896
1683.19724,0.011323,-0.08379,0.002394,-9.80343,-9.803788,0.003195,-0.00426,0,99664.33,25.6,0.025479
1683.208327,0.011087,-0.086184,0.009576,-9.8154,-9.815783,0.001065,-0.001065,0.001065,99664.33,25.6,0.013484
1683.219664,0.011337,-0.07182,-0.004788,-9.822582,-9.822846,0.001065,-0.005325,0.001065,99664.33,25.6,0.006421
1683.230669,0.011005,-0.088578,0.007182,-9.844128,-9.844529,0.00426,-0.00426,0.00426,99664.33,25.6,-0.015262
1683.241862,0.011193,-0.079002,0.002394,-9.832158,-9.832476,0.003195,-0.00852,0.001065,99664.33,25.6,-0.003209
1683.25339,0.011528,-0.093366,0.021546,-9.822582,-9.823049,0.003195,-0.00426,0.003195,99664.33,25.6,0.006218
1683.264274,0.010884,-0.067032,0.016758,-9.80343,-9.803673,0.001065,-0.005325,0.003195,99664.33,25.6,0.025594
1683.275483,0.01121,-0.09576,0.031122,-9.813006,-9.813523,0.001065,-0.005325,0.001065,99664.33,25.6,0.015744
1683.286628,0.011144,-0.069426,0.028728,-9.832158,-9.832445,0.00426,-0.00426,0,99664.33,25.6,-0.003178
1683.297827,0.011199,-0.112518,0,-9.817794,-9.818439,0.001065,-0.005325,0.001065,99664.33,25.6,0.010828
1683.308924,0.011097,-0.04788,0,-9.796248,-9.796365,0.001065,-0.001065,-0.001065,99664.28,25.6,0.032902
1683.320117,0.011193,-0.08379,-0.014364,-9.82737,-9.827738,0.001065,-0.005325,0.003195,99664.28,25.6,0.001529
1683.331303,0.011186,-0.03591,0.01197,-9.83934,-9.839413,0.00213,-0.003195,0,99664.28,25.6,-0.010146
1683.342516,0.011213,-0.090972,0.02394,-9.820188,-9.820639,0.001065,-0.005325,0.001065,99664.28,25.6,0.008628
1683.353679,0.011163,-0.100548,0.002394,-9.83934,-9.839854,0.001065,-0.003195,0.00213,99664.28,25.6,-0.010587
1683.364833,0.011154,-0.07182,0.021546,-9.822582,-9.822868,0.00213,-0.005325,0,99664.28,25.6,0.006399
1683.376258,0.011425,-0.110124,0.033516,-9.832158,-9.832832,0.00213,-0.005325,0.00426,99664.04,25.6,-0.003565
1683.387329,0.011071,-0.110124,0.033516,-9.79146,-9.792137,0.001065,-0.00426,0.00213,99664.04,25.6,0.03713
1683.398425,0.011096,-0.093366,-0.002394,-9.8154,-9.815844,0.003195,-0.00426,0.003195,99664.04,25.6,0.013423
1683.409572,0.011147,-0.088578,0.002394,-9.829764,-9.830163,0.003195,-0.00426,0,99664.04,25.6,-0.000896
1683.42089,0.011317,-0.062244,-0.002394,-9.834552,-9.834749,-0.00213,-0.005325,0.001065,99664.04,25.6,-0.005482
1683.432106,0.011216,-0.064638,-0.02394,-9.853704,-9.853945,0.001065,-0.00426,0.001065,99664.04,25.6,-0.024678
1683.44341,0.011304,-0.093366,0.01197,-9.848916,-9.849366,0.00213,-0.007455,0.00213,99664.1,25.6,-0.020099
1683.454451,0.011041,-0.076608,0.021546,-9.836946,-9.837268,0.003195,-0.00426,0.001065,99664.1,25.6,-0.008001
1683.465612,0.011162,-0.08379,0.04788,-9.832158,-9.832632,0.00213,-0.00426,0.005325,99664.1,25.6,-0.003365
1683.476788,0.011176,-0.100548,0.01197,-9.83934,-9.839861,0.00213,-0.00426,0.00639,99664.1,25.6,-0.010594
1683.488052,0.011264,-0.090972,0.026334,-9.808218,-9.808675,0.00426,-0.00426,0.00213,99664.1,25.6,0.020592
1683.499097,0.011045,-0.07182,0.01197,-9.834552,-9.834822,0.00213,-0.00639,0.00213,99664.01,25.6,-0.005555
1683.510269,0.011172,-0.067032,0.014364,-9.853704,-9.853942,0.001065,-0.00426,0.00213,99664.01,25.6,-0.024675
1683.521418,0.011149,-0.064638,-0.031122,-9.784278,-9.784541,0.003195,-0.00426,0.001065,99664.01,25.6,0.044726
1683.532725,0.011307,-0.043092,-0.004788,-9.844128,-9.844223,0.003195,-0.007455,0.001065,99664.01,25.6,-0.014956
1683.543947,0.011222,-0.064638,0.02394,-9.834552,-9.834794,0.00213,-0.00639,0.003195,99664.01,25.6,-0.005527
1683.555159,0.011212,-0.052668,0.007182,-9.80343,-9.803574,0.003195,-0.005325,0,99664.01,25.6,0.025693
1683.566432,0.011273,-0.079002,-0.004788,-9.79146,-9.79178,0.001065,-0.00639,0.00213,99664.01,25.6,0.037487
1683.577456,0.011024,-0.08379,0.028728,-9.832158,-9.832557,-0.001065,-0.003195,0.00213,99664.01,25.6,-0.00329
1683.588821,0.011366,-0.052668,0.03591,-9.83934,-9.839546,0.003195,-0.00639,0.003195,99664.01,25.6,-0.010279
1683.599807,0.010985,-0.079002,0.002394,-9.810612,-9.81093,0.001065,-0.00639,0.00213,99664.01,25.6,0.018337
1683.611011,0.011205,-0.064638,-0.028728,-9.834552,-9.834806,0.001065,-0.00213,0.00213,99664.01,25.6,-0.005539
1683.622108,0.011097,-0.067032,0.021546,-9.846522,-9.846774,-0.001065,-0.009585,0.00213,99664.01,25.6,-0.017507
1683.633352,0.011243,-0.067032,0.026334,-9.83934,-9.839604,0.00213,-0.00213,0.00213,99664.06,25.6,-0.010337
1683.644468,0.011116,-0.090972,-0.002394,-9.8154,-9.815822,0.00213,-0.00639,0.003195,99664.06,25.6,0.013445
1683.655793,0.011325,-0.124488,0.016758,-9.832158,-9.83296,0.00213,-0.005325,0.001065,99664.06,25.6,-0.003693
1683.666856,0.011063,-0.09576,0.016758,-9.834552,-9.835032,0.003195,-0.005325,0.001065,99664.06,25.6,-0.005765
1683.678224,0.011368,-0.069426,0.009576,-9.820188,-9.820438,0.00213,-0.00426,0.003195,99664.06,25.6,0.008829
1683.689238,0.011014,-0.07182,-0.014364,-9.836946,-9.837219,0,-0.00426,0.001065,99664.02,25.6,-0.007952
1683.700435,0.011197,-0.069426,0.01197,-9.844128,-9.84438,0.00213,-0.005325,0.001065,99664.02,25.6,-0.015113
1683.711675,0.01124,-0.081396,-0.007182,-9.820188,-9.820528,0.001065,-0.00639,0,99664.02,25.6,0.008739
1683.722792,0.011117,-0.090972,-0.01197,-9.784278,-9.784708,0.00213,-0.003195,0.001065,99664.02,25.6,0.044559
1683.734045,0.011254,-0.098154,0.026334,-9.844128,-9.844653,0.001065,-0.00426,0.001065,99664.02,25.6,-0.015386
1683.745352,0.011307,-0.088578,0.03591,-9.79146,-9.791926,0.001065,-0.005325,0.003195,99664.02,25.6,0.037341
1683.756428,0.011076,-0.069426,0.019152,-9.832158,-9.832422,0.001065,-0.00426,0.001065,99664.01,25.6,-0.003155
1683.767749,0.011321,-0.064638,0.002394,-9.829764,-9.829977,-0.001065,-0.00426,0.001065,99664.01,25.6,-0.00071
1683.778746,0.010997,-0.05985,-0.028728,-9.832158,-9.832382,0.001065,-0.00213,0.00213,99664.01,25.6,-0.003115
1683.789866,0.01112,-0.016758,-0.009576,-9.834552,-9.834571,0.00426,-0.00426,0.00213,99664.01,25.6,-0.005304
1683.801162,0.011296,-0.055062,0.002394,-9.822582,-9.822737,0.001065,-0.00213,-0.001065,99664.01,25.6,0.00653
1683.813073,0.011912,-0.045486,0.007182,-9.8154,-9.815508,0.001065,-0.00639,0.005325,99664.01,25.6,0.013759
1683.824129,0.011055,-0.09576,-0.014364,-9.824976,-9.825453,-0.001065,-0.00639,0.001065,99663.86,25.6,0.003814
1683.834817,0.010689,-0.076608,0.057456,-9.82737,-9.827837,0,-0.005325,0.00213,99663.86,25.6,0.00143
1683.845808,0.01099,-0.07182,0.009576,-9.832158,-9.832425,0.001065,-0.00213,0,99663.86,25.6,-0.003158
1683.856981,0.011174,-0.08379,0.004788,-9.817794,-9.818153,0.00213,-0.00639,0.001065,99663.86,25.6,0.011114
1683.868186,0.011205,-0.07182,0.009576,-9.841734,-9.842001,0.00213,-0.003195,0.003195,99663.86,25.6,-0.012734
1683.880858,0.012672,-0.069426,0.021546,-9.822582,-9.822851,0.00213,-0.007455,0.00213,99663.86,25.6,0.006416
1683.891406,0.010549,-0.08379,0.021546,-9.829764,-9.830145,0.003195,-0.00639,0.003195,99663.91,25.6,-0.000878
1683.901726,0.01032,-0.090972,-0.004788,-9.810612,-9.811035,0.00426,-0.00426,0.00213,99663.91,25.6,0.018232
1683.912913,0.011187,-0.09576,0.043092,-9.813006,-9.813568,0.001065,-0.005325,0.00213,99663.91,25.6,0.015699
1683.924138,0.011224,-0.081396,0.026334,-9.820188,-9.820561,0.001065,-0.003195,0,99663.91,25.6,0.008706
1683.935364,0.011226,-0.098154,0.019152,-9.820188,-9.820697,0.00213,-0.00639,0.003195,99663.91,25.6,0.00857
1683.946497,0.011134,-0.093366,0,-9.810612,-9.811056,0.001065,-0.003195,0.00213,99663.91,25.6,0.018211
1683.957654,0.011157,-0.090972,0.004788,-9.846522,-9.846943,0.003195,-0.00426,-0.001065,99663.91,25.6,-0.017676
1683.96945,0.011796,-0.086184,-0.004788,-9.829764,-9.830143,0,-0.00213,0.003195,99663.91,25.6,-0.000876
1683.980083,0.010633,-0.062244,-0.026334,-9.822582,-9.822815,0.005325,-0.00639,0.00213,99663.91,25.6,0.006452
1683.991157,0.011074,-0.064638,-0.016758,-9.817794,-9.818021,0,-0.003195,0.00213,99663.91,25.6,0.011246
1684.00243,0.011273,-0.076608,0.014364,-9.781884,-9.782195,0.00213,-0.003195,0,99663.91,25.6,0.047072
1684.013573,0.011143,-0.062244,-0.002394,-9.798642,-9.79884,0.00213,-0.007455,0.005325,99663.74,25.61,0.030427
1684.024725,0.011151,-0.098154,0.016758,-9.813006,-9.813511,0.001065,-0.005325,0.00213,99663.74,25.61,0.015756
1684.036036,0.011311,-0.067032,-0.007182,-9.829764,-9.829995,0.001065,-0.00426,0.00426,99663.74,25.61,-0.000728
1684.047098,0.011061,-0.052668,-0.026334,-9.822582,-9.822758,0.005325,-0.007455,0.00213,99663.74,25.61,0.006509
1684.058372,0.011275,-0.055062,-0.019152,-9.813006,-9.813179,0.003195,-0.005325,0.003195,99663.74,25.61,0.016088
1684.069511,0.011139,-0.045486,0,-9.860886,-9.860991,0.001065,-0.005325,0,99663.74,25.61,-0.031724
1684.081228,0.011717,-0.090972,0.021546,-9.810612,-9.811057,0.00213,-0.00639,0.005325,99663.67,25.61,0.01821
1684.092179,0.010951,-0.114912,0.050274,-9.769914,-9.770719,0.00213,-0.005325,0.00213,99663.67,25.61,0.058548
1684.10453,0.012351,-0.102942,0.055062,-9.8154,-9.816094,0.00213,-0.00639,0.003195,99663.67,25.61,0.013173
1684.115258,0.010728,-0.122094,0.040698,-9.805824,-9.806669,0,-0.00426,0.00213,99663.67,25.61,0.022598
1684.125656,0.010399,-0.112518,0.055062,-9.822582,-9.823381,-0.001065,-0.001065,-0.001065,99663.67,25.61,0.005886
1684.13659,0.010933,-0.076608,0.019152,-9.86328,-9.863596,0.00426,-0.00213,0.001065,99663.67,25.61,-0.034329
1684.147954,0.011364,-0.055062,0.009576,-9.868068,-9.868226,0.00213,-0.00426,0,99663.54,25.61,-0.038959
1684.159005,0.011051,-0.090972,0.031122,-9.856098,-9.856567,0,-0.005325,-0.001065,99663.54,25.61,-0.0273
1684.170169,0.011164,-0.07182,0.007182,-9.83934,-9.839605,-0.001065,-0.00426,0.00213,99663.54,25.61,-0.010338
1684.181381,0.011212,-0.067032,-0.014364,-9.80343,-9.80367,0.003195,-0.00426,0.003195,99663.54,25.61,0.025597
1684.192482,0.011101,-0.112518,0.038304,-9.8154,-9.81612,-0.001065,-0.007455,0.00213,99663.54,25.61,0.013147
1684.204249,0.011767,-0.088578,-0.004788,-9.834552,-9.834952,0.003195,-0.00213,0.001065,99663.54,25.61,-0.005685
1684.215213,0.010964,-0.03591,0.004788,-9.832158,-9.832225,0,-0.00639,0.001065,99663.56,25.61,-0.002958
1684.226233,0.01102,-0.08379,-0.007182,-9.834552,-9.834912,0.001065,-0.00426,0.00213,99663.56,25.61,-0.005645
1684.237257,0.011024,-0.021546,-0.016758,-9.832158,-9.832196,0.00213,-0.005325,0.00426,99663.56,25.61,-0.002929
1684.248431,0.011174,-0.05985,-0.02394,-9.82737,-9.827581,0.00213,-0.00852,0.003195,99663.56,25.61,0.001686
1684.259675,0.011244,-0.033516,-0.028728,-9.808218,-9.808317,0.00213,-0.00426,0.00426,99663.56,25.61,0.02095
1684.270915,0.01124,-0.026334,0.002394,-9.798642,-9.798678,0.001065,-0.00426,0.001065,99663.56,25.61,0.030589
1684.282032,0.011117,-0.09576,0.014364,-9.808218,-9.808696,0,-0.00639,0.00426,99663.56,25.61,0.020571
1684.293166,0.011135,-0.069426,-0.002394,-9.808218,-9.808464,0.00213,0,0.00213,99663.56,25.61,0.020803
1684.304342,0.011176,-0.045486,0.002394,-9.817794,-9.8179,0.00213,-0.00426,0.003195,99663.56,25.61,0.011367
1684.315833,0.011491,-0.067032,0.019152,-9.844128,-9.844375,0.00213,-0.005325,0.001065,99663.56,25.61,-0.015108
1684.326823,0.01099,-0.064638,0,-9.829764,-9.829977,0.001065,-0.003195,0,99663.56,25.61,-0.00071
1684.338085,0.011261,-0.062244,0.026334,-9.813006,-9.813239,0.00213,-0.003195,0.003195,99663.5,25.61,0.016028
1684.349172,0.011088,-0.07182,0.021546,-9.817794,-9.81808,0.001065,-0.005325,0.00213,99663.5,25.61,0.011187
1684.36027,0.011098,-0.150822,0.050274,-9.829764,-9.83105,0.00213,-0.00426,0.003195,99663.5,25.61,-0.001783
1684.371492,0.011222,-0.10773,0.03591,-9.82737,-9.828026,0.00213,-0.00639,0.00426,99663.5,25.61,0.001241
1684.382749,0.011257,-0.102942,0.031122,-9.822582,-9.823171,0.00213,-0.005325,0,99663.5,25.61,0.006096
1684.39393,0.011181,-0.08379,0.026334,-9.829764,-9.830156,0.00213,0,0.00213,99663.5,25.61,-0.000889
1684.405006,0.011077,-0.098154,0.016758,-9.824976,-9.825481,0.001065,-0.005325,0,99663.43,25.61,0.003786
1684.41637,0.011363,-0.069426,0.033516,-9.853704,-9.854006,0.00213,-0.005325,0,99663.43,25.61,-0.024739
1684.427496,0.011126,-0.093366,-0.004788,-9.841734,-9.842178,0,-0.00426,0.001065,99663.43,25.61,-0.012911
1684.43832,0.010824,-0.098154,0.03591,-9.829764,-9.83032,0.001065,-0.00639,0.00213,99663.43,25.61,-0.001053
1684.448414,0.010093,-0.098154,-0.002394,-9.832158,-9.832648,0.001065,-0.00639,0.001065,99663.43,25.61,-0.003381
1684.458501,0.010087,-0.067032,0.016758,-9.824976,-9.825219,0.003195,-0.005325,0,99663.43,25.61,0.004048
1684.468615,0.010114,-0.064638,0.014364,-9.8154,-9.815623,0.001065,-0.005325,0,99663.42,25.61,0.013644
1684.478715,0.0101,-0.050274,-0.007182,-9.817794,-9.817925,0.003195,-0.00213,0.00213,99663.42,25.61,0.011342
1684.488811,0.010096,-0.08379,0.01197,-9.870462,-9.870825,0.003195,-0.005325,0.00426,99663.42,25.61,-0.041558
1684.498894,0.010083,-0.052668,0.019152,-9.820188,-9.820348,0.001065,-0.005325,0.00213,99663.42,25.61,0.008919
1684.509025,0.010131,-0.031122,-0.016758,-9.798642,-9.798706,0.001065,-0.00426,0.00213,99663.42,25.61,0.030561
1684.519111,0.010085,-0.057456,-0.02394,-9.829764,-9.829961,0,-0.00426,0.001065,99663.42,25.61,-0.000694
1684.529233,0.010122,-0.038304,-0.016758,-9.846522,-9.846611,0.001065,-0.003195,0.00426,99663.47,25.61,-0.017344
1684.539924,0.010691,-0.033516,0.002394,-9.829764,-9.829821,0,-0.00639,0,99663.47,25.61,-0.000554
1684.550109,0.010185,-0.088578,0.002394,-9.853704,-9.854102,0.001065,-0.005325,0.003195,99663.47,25.61,-0.024835
1684.560227,0.010118,-0.052668,0.02394,-9.860886,-9.861056,0.001065,-0.003195,0.00426,99663.47,25.61,-0.031789
1684.570312,0.010085,-0.069426,0.045486,-9.765126,-9.765479,0.00213,-0.007455,0.00213,99663.47,25.61,0.063788
1684.580406,0.010094,-0.13167,0.045486,-9.789066,-9.790057,0.00426,-0.007455,0.003195,99663.47,25.61,0.03921
1684.590506,0.0101,-0.074214,0.028728,-9.79146,-9.791783,0.00213,-0.00213,-0.001065,99663.47,25.61,0.037484
1684.600597,0.010092,-0.079002,0.016758,-9.820188,-9.82052,0.00213,-0.00639,0.003195,99663.47,25.61,0.008747
1684.61068,0.010083,-0.112518,0.004788,-9.79146,-9.792108,0.003195,-0.007455,0.001065,99663.47,25.61,0.037159
1684.620797,0.010116,-0.038304,-0.014364,-9.83934,-9.839425,0.00213,-0.00213,0.00426,99663.47,25.61,-0.010158
1684.63092,0.010124,-0.074214,-0.002394,-9.83934,-9.83962,0.001065,-0.007455,0.001065,99663.47,25.61,-0.010353
1684.641013,0.010092,-0.146034,0.021546,-9.820188,-9.821297,0.001065,-0.00426,-0.001065,99663.47,25.61,0.00797
1684.651549,0.010536,-0.021546,-0.014364,-9.829764,-9.829798,0.003195,-0.00852,0.00426,99663.47,25.61,-0.000531
1684.661645,0.010096,-0.098154,0.031122,-9.786672,-9.787214,0.001065,-0.007455,0.00213,99663.42,25.61,0.042053
1684.671783,0.010138,-0.174762,0.031122,-9.817794,-9.819399,0.003195,-0.00426,0.001065,99663.42,25.61,0.009868
1684.681887,0.010104,-0.050274,-0.007182,-9.808218,-9.808349,0.00213,-0.00639,0.003195,99663.42,25.61,0.020918
1684.692037,0.010149,-0.090972,0.002394,-9.808218,-9.80864,0.00213,-0.00426,0.001065,99663.42,25.61,0.020627
1684.702202,0.010165,-0.122094,-0.014364,-9.834552,-9.83532,0.00213,-0.001065,0.00213,99663.42,25.61,-0.006053
1684.712287,0.010086,-0.057456,-0.007182,-9.83934,-9.83951,0.00213,-0.007455,0.00213,99663.42,25.61,-0.010243
1684.722444,0.010157,-0.074214,0.004788,-9.829764,-9.830045,0.001065,-0.00426,0.003195,99663.39,25.61,-0.000778
1684.732565,0.010121,-0.088578,0.01197,-9.820188,-9.820595,0,-0.003195,0.00213,99663.39,25.61,0.008672
1684.74266,0.010095,-0.03591,-0.021546,-9.810612,-9.810701,0.001065,-0.007455,0.003195,99663.39,25.61,0.018566
1684.752766,0.010106,-0.100548,0.03591,-9.834552,-9.835132,0.001065,-0.005325,0.001065,99663.39,25.61,-0.005865
1684.762941,0.010175,-0.114912,-0.002394,-9.798642,-9.799316,0.003195,-0.003195,0.001065,99663.39,25.61,0.029951
1684.773041,0.0101,-0.02394,0.009576,-9.813006,-9.81304,0.003195,-0.00426,0.00426,99663.39,25.61,0.016227
1684.783137,0.010097,-0.052668,0.019152,-9.846522,-9.846681,0.001065,-0.005325,0,99663.39,25.61,-0.017414
1684.793239,0.010102,-0.07182,-0.019152,-9.813006,-9.813288,0.001065,-0.00639,0.001065,99663.18,25.61,0.015979
1684.803323,0.010084,-0.07182,0.021546,-9.85131,-9.851595,0.00213,-0.005325,0.001065,99663.18,25.61,-0.022328
1684.813414,0.010091,-0.050274,0,-9.8154,-9.815529,0.001065,-0.005325,0.003195,99663.18,25.61,0.013738
1684.823524,0.010109,-0.08379,0.038304,-9.817794,-9.818226,0.001065,-0.00639,0.00213,99663.18,25.61,0.011041
1684.833616,0.010092,-0.086184,0.033516,-9.8154,-9.815836,0.003195,-0.00426,0.00213,99663.18,25.61,0.013431
1684.843746,0.01013,-0.069426,0.009576,-9.796248,-9.796499,-0.001065,-0.005325,0,99663.18,25.61,0.032768
1684.853862,0.010116,-0.076608,0.026334,-9.82737,-9.827704,0.001065,-0.005325,0.005325,99663.16,25.61,0.001563
1684.864238,0.010376,-0.074214,0.01197,-9.817794,-9.818082,0.003195,-0.003195,0.003195,99663.16,25.61,0.011185
1684.874332,0.010094,-0.07182,0.033516,-9.82737,-9.82769,0.00213,-0.007455,0.003195,99663.16,25.61,0.001577
1684.884419,0.010087,-0.110124,-0.007182,-9.808218,-9.808839,0.003195,-0.00213,0,99663.16,25.61,0.020428
1684.894513,0.010094,-0.05985,0.014364,-9.810612,-9.810805,0.00213,-0.005325,0.00213,99663.16,25.61,0.018462
1684.904617,0.010104,-0.05985,-0.026334,-9.805824,-9.806042,0,-0.003195,0.001065,99663.16,25.61,0.023225
1684.914716,0.010099,-0.122094,0.03591,-9.808218,-9.809044,0.001065,-0.00639,0.00213,99663.34,25.61,0.020223
1684.924828,0.010112,-0.064638,-0.002394,-9.734004,-9.734219,0.00213,-0.00213,0.003195,99663.34,25.61,0.095048
1684.934929,0.010101,-0.09576,0.014364,-9.760338,-9.760818,0,-0.00639,0.001065,99663.34,25.61,0.068449
1684.945031,0.010102,-0.09576,-0.007182,-9.813006,-9.813476,-0.001065,-0.00426,0.00213,99663.34,25.61,0.015791
1684.95512,0.010089,-0.067032,-0.002394,-9.796248,-9.796478,0.001065,-0.005325,0,99663.34,25.61,0.032789
1684.965219,0.010099,-0.086184,-0.031122,-9.765126,-9.765556,0.00426,-0.00426,0.001065,99663.34,25.61,0.063711
1684.97534,0.010121,-0.052668,-0.004788,-9.774702,-9.774845,0.001065,-0.005325,0.001065,99663.34,25.61,0.054422
1684.985465,0.010125,-0.064638,0.026334,-9.817794,-9.818042,0.001065,-0.00639,0.001065,99663.34,25.61,0.011225
1684.995574,0.010109,-0.112518,0.009576,-9.777096,-9.777748,0,-0.00426,0.003195,99663.34,25.61,0.051519
1685.005671,0.010097,-0.074214,0.014364,-9.765126,-9.765419,0.003195,-0.007455,0.00213,99663.34,25.61,0.063848
1685.015761,0.010091,-0.064638,0.002394,-9.829764,-9.829977,0.001065,-0.00639,0.00426,99663.34,25.61,-0.00071
1685.025883,0.010121,-0.079002,-0.007182,-9.810612,-9.810933,0.00213,-0.00639,0.00213,99663.34,25.61,0.018334
1685.035966,0.010084,-0.062244,0.057456,-9.834552,-9.834917,0.003195,-0.00426,0.003195,99663.34,25.61,-0.00565
1685.046183,0.010217,-0.081396,0.004788,-9.848916,-9.849254,0.00213,-0.003195,0.00426,99663.48,25.61,-0.019987
1685.056275,0.010092,-0.07182,-0.002394,-9.86328,-9.863542,0.001065,-0.00213,0.001065,99663.48,25.61,-0.034275
1685.066364,0.010089,-0.055062,0.02394,-9.870462,-9.870645,0.001065,-0.003195,0.003195,99663.48,25.61,-0.041378
1685.076831,0.010467,-0.081396,0.007182,-9.889614,-9.889952,0,-0.00213,0,99663.48,25.61,-0.060685
1685.086921,0.01009,-0.069426,0.016758,-9.892008,-9.892266,0.001065,-0.00426,0.00426,99663.48,25.61,-0.062999
1685.097063,0.010143,-0.081396,0,-9.901584,-9.901919,0.001065,-0.00639,0.001065,99663.48,25.61,-0.072652
1685.107147,0.010083,-0.05985,0.038304,-9.88722,-9.887475,0.001065,-0.007455,0,99663.48,25.61,-0.058208
1685.117229,0.010083,-0.088578,0.004788,-9.89919,-9.899587,0.003195,-0.00852,0.00213,99663.48,25.61,-0.07032
1685.127325,0.010096,-0.090972,-0.009576,-9.89919,-9.899613,0.00213,-0.00426,0.00426,99663.48,25.61,-0.070346
1685.137431,0.010106,-0.031122,0.028728,-9.892008,-9.892099,0.001065,-0.00639,0.005325,99663.48,25.61,-0.062832
1685.147651,0.01022,-0.07182,0.009576,-9.892008,-9.892273,0.00426,-0.00426,0.001065,99663.48,25.61,-0.063006
1685.157773,0.010121,-0.081396,0.043092,-9.870462,-9.870892,0.00213,-0.00639,0.001065,99663.48,25.61,-0.041625
1685.167986,0.010214,-0.055062,0,-9.856098,-9.856252,0.001065,-0.00639,0,99663.48,25.61,-0.026985
1685.178073,0.010086,-0.079002,0.002394,-9.860886,-9.861203,0,-0.007455,0.00213,99663.64,25.61,-0.031936
1685.188511,0.010438,-0.08379,0,-9.82737,-9.827727,0,-0.00426,0.00213,99663.64,25.61,0.00154
1685.199355,0.010844,-0.076608,-0.004788,-9.848916,-9.849215,0.001065,-0.007455,0.00426,99663.64,25.61,-0.019948
1685.209452,0.010097,-0.09576,0.016758,-9.834552,-9.835032,0.00213,-0.00426,0.001065,99663.64,25.61,-0.005765
1685.219537,0.010085,-0.062244,0.007182,-9.798642,-9.798842,0.00213,-0.005325,0.00213,99663.64,25.61,0.030425
1685.229657,0.01012,-0.08379,0,-9.844128,-9.844485,0.001065,-0.005325,0.001065,99663.64,25.61,-0.015218
1685.23978,0.010123,-0.079002,0.009576,-9.786672,-9.786996,0,-0.00639,0.00213,99663.62,25.61,0.042271
1685.249845,0.010065,-0.07182,-0.007182,-9.813006,-9.813271,0.00426,-0.00213,0.003195,99663.62,25.61,0.015996
1685.259932,0.010087,-0.067032,-0.009576,-9.822582,-9.822815,-0.00213,-0.00426,0.003195,99663.62,25.61,0.006452
1685.270049,0.010117,-0.069426,0.014364,-9.846522,-9.846777,0.00213,-0.00639,0,99663.62,25.61,-0.01751
1685.280168,0.010119,-0.090972,0.019152,-9.836946,-9.837385,0.003195,-0.00426,0.00213,99663.62,25.61,-0.008118
1685.290267,0.010099,-0.069426,0,-9.856098,-9.856343,0.00213,-0.00639,0.00213,99663.62,25.61,-0.027076
1685.300359,0.010092,-0.088578,0.014364,-9.844128,-9.844537,0.001065,-0.00426,0.003195,99663.62,25.61,-0.01527
1685.310492,0.010132,-0.074214,0.009576,-9.870462,-9.870746,0.003195,-0.00426,0.00213,99663.62,25.61,-0.041479
1685.320593,0.010101,-0.102942,0.004788,-9.918342,-9.918877,0.003195,-0.00639,0.00213,99663.62,25.61,-0.08961
1685.330685,0.010092,-0.08379,0,-9.87525,-9.875605,0.00426,-0.005325,0.001065,99663.62,25.61,-0.046338
1685.340795,0.010111,-0.05985,0.009576,-9.908766,-9.908951,0.001065,-0.003195,0.003195,99663.62,25.61,-0.079684
1685.350894,0.010099,-0.074214,0.016758,-9.932706,-9.932997,0.00213,-0.00213,0.00213,99663.62,25.61,-0.10373
1685.361008,0.010114,-0.098154,0.031122,-9.961434,-9.961966,0.001065,-0.003195,0,99663.62,25.61,-0.132699
1685.37111,0.010103,-0.067032,0.016758,-9.954252,-9.954492,0.003195,-0.00426,0.001065,99663.62,25.61,-0.125225
1685.38124,0.010129,-0.052668,0.009576,-9.968616,-9.96876,0.00213,-0.00426,0.003195,99663.62,25.61,-0.139493
1685.391322,0.010082,-0.08379,-0.004788,-9.997344,-9.997696,0.00213,-0.007455,0.003195,99663.62,25.61,-0.168429
1685.401421,0.010098,-0.086184,0.026334,-10.014102,-10.014507,0.003195,-0.003195,0.00213,99663.62,25.61,-0.18524
1685.411507,0.010087,-0.074214,0.02394,-10.011708,-10.012012,0.001065,-0.00213,0.003195,99663.62,25.61,-0.182745
1685.421604,0.010096,-0.088578,-0.021546,-10.009314,-10.009729,0.00213,-0.00639,0,99663.62,25.61,-0.180462
1685.431688,0.010085,-0.057456,0.021546,-10.033254,-10.033442,0.001065,-0.00639,0.001065,99663.72,25.61,-0.204175
1685.441771,0.010082,-0.064638,0.014364,-10.045224,-10.045442,0.003195,-0.00639,0.00426,99663.72,25.61,-0.216175
1685.45186,0.010089,-0.079002,-0.007182,-10.021284,-10.021598,0.003195,-0.00426,0.001065,99663.72,25.61,-0.192331
1685.461958,0.010098,-0.081396,0.026334,-10.076346,-10.076709,0.001065,-0.003195,0.00426,99663.72,25.61,-0.247442
1685.472051,0.010093,-0.050274,-0.002394,-10.059588,-10.059714,0.00213,-0.003195,0.005325,99663.72,25.61,-0.230447
1685.482188,0.010137,-0.105336,-0.002394,-10.047618,-10.04817,0.001065,-0.003195,0,99663.72,25.61,-0.218903
1685.492298,0.010109,-0.093366,0.002394,-10.057194,-10.057628,0.001065,-0.003195,0.00213,99663.59,25.61,-0.228361
1685.502393,0.010095,-0.04788,-0.040698,-10.088316,-10.088512,-0.001065,-0.00213,0.001065,99663.59,25.61,-0.259245
1685.512925,0.010532,-0.114912,0.019152,-10.09071,-10.091382,0.001065,-0.00426,0.00426,99663.59,25.61,-0.262115
1685.523591,0.010666,-0.064638,0.002394,-10.064376,-10.064584,0.00213,-0.00639,0.003195,99663.59,25.61,-0.235317
1685.534837,0.011246,-0.086184,0.007182,-10.085922,-10.086293,0.001065,-0.00426,0.00213,99663.59,25.61,-0.257026
1685.545861,0.011024,-0.090972,-0.004788,-10.081134,-10.081546,0.001065,-0.001065,0,99663.59,25.61,-0.252279
1685.557103,0.011242,-0.086184,0.026334,-10.09071,-10.091112,0,-0.003195,0.00213,99663.51,25.61,-0.261845
1685.568191,0.011088,-0.090972,-0.026334,-10.081134,-10.081579,0.00213,-0.003195,0.003195,99663.51,25.61,-0.252312
1685.579517,0.011327,-0.05985,0.01197,-10.10268,-10.102864,0.003195,-0.005325,0.00213,99663.51,25.61,-0.273597
1685.590647,0.011129,-0.057456,0.009576,-10.119438,-10.119606,0.00213,-0.003195,0.003195,99663.51,25.61,-0.290339
1685.601797,0.01115,-0.076608,0.009576,-10.133802,-10.134096,0.001065,-0.00426,0.00213,99663.51,25.61,-0.304829
1685.613068,0.011271,-0.064638,0,-10.121832,-10.122038,0.00213,-0.00213,0.00213,99663.51,25.61,-0.292771
1685.624346,0.011277,-0.07182,-0.007182,-10.11465,-10.114908,0.00213,-0.003195,0.003195,99663.51,25.61,-0.285641
1685.635425,0.011079,-0.086184,0.002394,-10.145772,-10.146138,0.00213,-0.003195,0.00426,99663.51,25.61,-0.316871
1685.64653,0.011105,-0.08379,0.028728,-10.16253,-10.162916,0.001065,-0.005325,0,99663.51,25.61,-0.333649
1685.657868,0.011338,-0.050274,-0.014364,-10.12662,-10.126755,0.00213,-0.005325,0.001065,99663.51,25.61,-0.297488
1685.669093,0.011225,-0.064638,-0.002394,-10.16253,-10.162736,0,-0.007455,0.003195,99663.51,25.61,-0.333469
1685.680182,0.011089,-0.090972,-0.009576,-10.167318,-10.167729,0.003195,-0.00426,0.00426,99663.5,25.61,-0.338462
1685.691259,0.011077,-0.055062,0.009576,-10.13859,-10.138744,0.00213,-0.00426,0.001065,99663.5,25.61,-0.309477
1685.702443,0.011184,-0.069426,0,-10.133802,-10.13404,0.003195,-0.007455,0.003195,99663.5,25.61,-0.304773
1685.713683,0.01124,-0.086184,-0.009576,-10.16253,-10.1629,0.00213,-0.00426,0.00213,99663.5,25.61,-0.333633
1685.724915,0.011232,-0.093366,0.007182,-10.131408,-10.131841,0.001065,-0.00426,0.001065,99663.5,25.61,-0.302574
1685.736307,0.011392,-0.100548,-0.002394,-10.12662,-10.127119,0.001065,-0.00426,0.001065,99663.5,25.61,-0.297852
1685.747397,0.01109,-0.08379,-0.014364,-10.143378,-10.143734,0.001065,-0.005325,0,99663.48,25.61,-0.314467
1685.758458,0.011061,-0.09576,0.021546,-10.15056,-10.151035,0.003195,-0.00639,0.003195,99663.48,25.61,-0.321768
1685.769539,0.011081,-0.102942,0.004788,-10.143378,-10.143901,0,-0.00426,0,99663.48,25.61,-0.314634
1685.780718,0.01118,-0.105336,0,-10.140984,-10.141531,0.00213,-0.005325,0.003195,99663.48,25.61,-0.312264
1685.791953,0.011234,-0.079002,0.007182,-10.143378,-10.143688,0.00213,-0.00639,0.001065,99663.48,25.61,-0.314421
1685.803164,0.011211,-0.088578,0.016758,-10.176894,-10.177293,0.003195,-0.007455,0.003195,99663.48,25.61,-0.348026
1685.815084,0.01192,-0.093366,0.014364,-10.157742,-10.158181,0.001065,-0.005325,0.001065,99663.42,25.61,-0.328914
1685.825459,0.010375,-0.090972,0.031122,-10.157742,-10.158197,0.00213,-0.00426,0.003195,99663.42,25.61,-0.32893
1685.836667,0.011208,-0.088578,0.026334,-10.188864,-10.189283,0.00213,-0.005325,0,99663.42,25.61,-0.360016
1685.847913,0.011246,-0.098154,0.004788,-10.212804,-10.213277,-0.001065,-0.00426,0.00213,99663.42,25.61,-0.38401
1685.859111,0.011198,-0.076608,0.016758,-10.176894,-10.177196,0.00213,-0.005325,0.001065,99663.42,25.61,-0.347929
1685.870261,0.01115,-0.050274,0.014364,-10.219986,-10.22012,0.00213,-0.005325,0.001065,99663.42,25.61,-0.390853
1685.881388,0.011126,-0.088578,0,-10.231956,-10.232339,0.00213,-0.00426,0.003195,99663.24,25.61,-0.403072
1685.892785,0.011397,-0.079002,-0.002394,-10.243926,-10.244231,0.00213,-0.003195,0,99663.24,25.61,-0.414964
1685.903925,0.01114,-0.067032,0.009576,-10.243926,-10.24415,0.003195,-0.00852,0.00213,99663.24,25.61,-0.414883
1685.915102,0.011177,-0.074214,0.007182,-10.212804,-10.213076,0.003195,-0.00213,-0.003195,99663.24,25.61,-0.383809
1685.926112,0.01101,-0.076608,0.02394,-10.253502,-10.253816,0.00213,-0.00639,0.003195,99663.24,25.61,-0.424549
1685.937417,0.011305,-0.086184,0.01197,-10.248714,-10.249083,0.001065,-0.005325,0.001065,99663.16,25.61,-0.419816
1685.948529,0.011112,-0.07182,0.004788,-10.267866,-10.268118,0.003195,-0.00426,0.003195,99663.16,25.61,-0.438851
1685.959771,0.011242,-0.07182,0.019152,-10.265472,-10.265741,0.003195,-0.00639,0.003195,99663.16,25.61,-0.436474
1685.970959,0.011188,-0.093366,0.014364,-10.284624,-10.285058,0.00213,-0.005325,0.00213,99663.16,25.61,-0.455791
1685.982075,0.011116,-0.090972,0.004788,-10.303776,-10.304179,0.001065,-0.00639,0.00213,99663.16,25.61,-0.474912
1685.993212,0.011137,-0.074214,0.02394,-10.303776,-10.304071,-0.001065,-0.00639,0.001065,99663.16,25.61,-0.474804
1686.004475,0.011263,-0.088578,0.014364,-10.267866,-10.268258,0.003195,-0.00639,0,99663.16,25.61,-0.438991
1686.015707,0.011233,-0.067032,0.004788,-10.30617,-10.306389,0.003195,-0.00426,0.001065,99663.16,25.61,-0.477122
1686.026969,0.011261,-0.079002,0.01197,-10.279836,-10.280147,0.003195,-0.007455,0.001065,99663.16,25.61,-0.45088
1686.037986,0.011017,-0.076608,0.026334,-10.31814,-10.318458,0.00213,-0.00426,0.001065,99663.16,25.61,-0.489191
1686.049179,0.011194,-0.105336,-0.016758,-10.289412,-10.289965,0,-0.003195,0.00213,99663.16,25.61,-0.460698
1686.060377,0.011197,-0.08379,-0.002394,-10.310958,-10.311299,0.003195,-0.003195,0.00213,99663.16,25.61,-0.482032
1686.071855,0.011478,-0.05985,0.01197,-10.308564,-10.308745,0.001065,-0.00639,0.00213,99663.24,25.61,-0.479478
1686.082746,0.010891,-0.100548,0.014364,-10.30617,-10.30667,0.00213,-0.007455,0,99663.24,25.61,-0.477403
1686.09395,0.011204,-0.079002,0.019152,-10.320534,-10.320854,-0.00213,-0.00426,0.003195,99663.24,25.61,-0.491587
1686.105144,0.011194,-0.08379,0.002394,-10.339686,-10.340026,0.001065,-0.00426,0.003195,99663.24,25.61,-0.510759
1686.11635,0.011206,-0.093366,0.009576,-10.313352,-10.313779,0.00213,-0.00426,0,99663.24,25.61,-0.484512
1686.127535,0.011185,-0.088578,-0.004788,-10.325322,-10.325703,0,-0.00639,0.003195,99663.24,25.61,-0.496436
1686.138668,0.011133,-0.08379,0.026334,-10.349262,-10.349635,0.003195,-0.00639,0.003195,99663.24,25.61,-0.520368
1686.149828,0.011159,-0.079002,0.009576,-10.346868,-10.347174,0.001065,-0.003195,0.00213,99663.24,25.61,-0.517907
1686.16102,0.011192,-0.055062,-0.009576,-10.344474,-10.344625,0.001065,-0.003195,0.003195,99663.24,25.61,-0.515358
1686.172348,0.011328,-0.090972,0.021546,-10.361232,-10.361654,0.001065,-0.00426,0,99663.24,25.61,-0.532387
1686.183685,0.011337,-0.069426,-0.014364,-10.392354,-10.392596,0.001065,-0.00639,0.00213,99663.24,25.61,-0.563329
1686.194642,0.010958,-0.064638,0.007182,-10.344474,-10.344678,0.001065,-0.005325,0.003195,99663.19,25.61,-0.515411
1686.205789,0.011147,-0.081396,0.009576,-10.36602,-10.366344,0.00213,-0.005325,0.00213,99663.19,25.61,-0.537077
1686.216966,0.011177,-0.057456,-0.002394,-10.358838,-10.358998,0.00213,-0.00426,0,99663.19,25.61,-0.529731
1686.228174,0.011208,-0.098154,-0.002394,-10.373202,-10.373667,0.001065,-0.005325,0.00213,99663.19,25.61,-0.5444
1686.239377,0.011203,-0.076608,0.01197,-10.339686,-10.339977,0.00213,-0.00426,0.00213,99663.19,25.61,-0.51071
1686.250503,0.011126,-0.069426,0.01197,-10.356444,-10.356684,0.003195,-0.005325,0.00213,99663.19,25.61,-0.527417
1686.261729,0.011226,-0.079002,0.021546,-10.351656,-10.35198,0.001065,-0.007455,0,99663.1,25.61,-0.522713
1686.272892,0.011163,-0.098154,0.021546,-10.298988,-10.299478,0,-0.00426,0.00213,99663.1,25.61,-0.470211
1686.284142,0.01125,-0.09576,-0.004788,-10.339686,-10.340131,0.00426,-0.005325,0.003195,99663.1,25.61,-0.510864
1686.295357,0.011215,-0.098154,0.021546,-10.349262,-10.34975,0.001065,-0.005325,0.00213,99663.1,25.61,-0.520483
1686.306468,0.011111,-0.076608,0.009576,-10.298988,-10.299277,0.00213,-0.00213,0.003195,99663.1,25.61,-0.47001
1686.317615,0.011147,-0.07182,0.019152,-10.2942,-10.294468,0.00426,-0.005325,0.001065,99663.1,25.61,-0.465201
1686.328956,0.01134,-0.100548,0.009576,-10.291806,-10.292302,0.00213,-0.005325,0.001065,99663.1,25.61,-0.463035
1686.340079,0.011123,-0.098154,0.028728,-10.263078,-10.263588,0.001065,-0.00213,0.003195,99663.1,25.61,-0.434321
1686.351227,0.011148,-0.090972,0.004788,-10.289412,-10.289815,0,-0.003195,0,99663.1,25.61,-0.460548
1686.36257,0.011343,-0.050274,0.026334,-10.27026,-10.270417,0,-0.003195,0.00426,99663.1,25.61,-0.44115
1686.373572,0.011002,-0.090972,-0.004788,-10.277442,-10.277846,0.003195,-0.007455,0.005325,99663.1,25.61,-0.448579
1686.385671,0.012099,-0.093366,0,-10.291806,-10.292229,0.003195,-0.007455,0.00213,99663.02,25.61,-0.462962
1686.395942,0.010271,-0.062244,0.004788,-10.267866,-10.268056,0.00213,-0.005325,0.001065,99663.02,25.61,-0.438789
1686.407089,0.011148,-0.098154,-0.002394,-10.296594,-10.297062,0,-0.00426,0.003195,99663.02,25.61,-0.467795
1686.418353,0.011263,-0.08379,0.033516,-10.313352,-10.313747,-0.001065,-0.00213,0.001065,99663.02,25.61,-0.48448
1686.429431,0.011078,-0.07182,-0.002394,-10.315746,-10.315996,0.00426,-0.00426,0.003195,99663.02,25.61,-0.486729
1686.439539,0.010108,-0.064638,0,-10.301382,-10.301585,0.00426,-0.00426,0.00213,99663.02,25.61,-0.472318
1686.449655,0.010115,-0.098154,0.007182,-10.332504,-10.332973,0.00213,-0.00213,0.003195,99663.02,25.61,-0.503706
1686.45983,0.010175,-0.098154,0.016758,-10.334898,-10.335378,0,-0.00426,0.00213,99662.94,25.61,-0.506111
1686.469951,0.010122,-0.081396,-0.002394,-10.332504,-10.332825,0,-0.00426,0.003195,99662.94,25.61,-0.503558
1686.480048,0.010097,-0.098154,-0.002394,-10.33011,-10.330577,0.001065,-0.00426,0.00213,99662.94,25.61,-0.50131
1686.490249,0.0102,-0.076608,0.01197,-10.313352,-10.313643,0,-0.00213,0,99662.94,25.61,-0.484376
1686.500342,0.010094,-0.04788,-0.014364,-10.296594,-10.296715,0,-0.003195,0.003195,99662.94,25.61,-0.467448
1686.510462,0.010119,-0.081396,0.02394,-10.34208,-10.342428,0.001065,-0.007455,-0.001065,99662.94,25.61,-0.513161
1686.520561,0.010099,-0.093366,0.021546,-10.303776,-10.304222,0.003195,-0.00426,0.00213,99662.67,25.61,-0.474955
1686.530797,0.010236,-0.057456,0.033516,-10.310958,-10.311173,0.001065,-0.00213,0.001065,99662.67,25.61,-0.481906
1686.541267,0.01047,-0.09576,0.014364,-10.322928,-10.323382,0.00213,-0.005325,0.00213,99662.67,25.61,-0.494115
1686.551361,0.010094,-0.033516,0.028728,-10.356444,-10.356538,0.00213,-0.003195,-0.001065,99662.67,25.61,-0.527271
1686.561468,0.010107,-0.069426,-0.009576,-10.298988,-10.299226,0.003195,-0.005325,0.00426,99662.67,25.61,-0.469959
1686.571604,0.010136,-0.07182,0.021546,-10.33011,-10.330382,0.00213,-0.00426,0.001065,99662.67,25.61,-0.501115
1686.581737,0.010132,-0.069426,0.033516,-10.315746,-10.316034,0.001065,-0.005325,0.003195,99662.4,25.61,-0.486767
1686.591829,0.010093,-0.086184,-0.007182,-10.310958,-10.311321,0.00213,-0.00639,0.00426,99662.4,25.61,-0.482054
1686.602045,0.010216,-0.093366,-0.004788,-10.308564,-10.308988,0.00213,-0.00426,0.003195,99662.4,25.61,-0.479721
1686.612408,0.010363,-0.093366,0.02394,-10.320534,-10.320984,0.001065,-0.00213,-0.00213,99662.4,25.61,-0.491717
1686.622493,0.010085,-0.074214,-0.01197,-10.344474,-10.344747,0,-0.00639,-0.001065,99662.4,25.61,-0.51548
1686.632625,0.010132,-0.08379,0.021546,-10.322928,-10.323291,0.00213,-0.001065,0.00426,99662.4,25.61,-0.494024
1686.642742,0.010117,-0.079002,0.004788,-10.31814,-10.318444,0,-0.003195,0.003195,99662.4,25.61,-0.489177
1686.652839,0.010097,-0.079002,-0.031122,-10.332504,-10.332853,0.00213,-0.00426,0.00213,99662.4,25.61,-0.503586
1686.662944,0.010105,-0.093366,0.038304,-10.337292,-10.337785,0.00213,-0.005325,0.003195,99662.4,25.61,-0.508518
1686.67302,0.010076,-0.079002,0.014364,-10.303776,-10.304089,0.00213,-0.00639,0.00213,99662.4,25.61,-0.474822
1686.683108,0.010088,-0.09576,-0.03591,-10.325322,-10.325828,0.00213,-0.007455,0.00213,99662.4,25.61,-0.496561
1686.69319,0.010082,-0.081396,0.016758,-10.351656,-10.35199,0.003195,-0.00639,0.003195,99662.4,25.61,-0.522723
1686.703364,0.010174,-0.090972,0.004788,-10.301382,-10.301785,0.00213,-0.00426,-0.001065,99662.4,25.61,-0.472518
1686.713478,0.010114,-0.098154,0.009576,-10.346868,-10.347338,0,-0.00426,0.003195,99662.19,25.61,-0.518071
1686.7236,0.010122,-0.090972,0.021546,-10.313352,-10.313776,0.00213,-0.00639,0.001065,99662.19,25.61,-0.484509
1686.733711,0.010111,-0.100548,0.016758,-10.315746,-10.31625,0.003195,-0.00426,0,99662.19,25.61,-0.486983
1686.743794,0.010083,-0.067032,0.016758,-10.327716,-10.327947,0.00213,-0.00639,0.001065,99662.19,25.61,-0.49868
1686.754328,0.010534,-0.079002,0.004788,-10.36602,-10.366322,0.005325,-0.003195,0.00213,99662.19,25.61,-0.537055
1686.764414,0.010086,-0.057456,0.01197,-10.322928,-10.323095,0,-0.005325,0.00213,99662.19,25.61,-0.493828
1686.774501,0.010087,-0.093366,0.004788,-10.31814,-10.318564,0.00213,-0.00639,0,99661.92,25.61,-0.489297
1686.784592,0.010091,-0.088578,0.02394,-10.33011,-10.330517,0.003195,-0.00639,0.003195,99661.92,25.61,-0.50125
1686.79469,0.010098,-0.028728,0.02394,-10.313352,-10.31342,0,-0.00426,0.001065,99661.92,25.61,-0.484153
1686.804816,0.010126,-0.102942,-0.002394,-10.344474,-10.344986,0.001065,-0.005325,0.00213,99661.92,25.61,-0.515719
1686.814922,0.010106,-0.08379,0.009576,-10.332504,-10.332848,0.003195,-0.00426,0,99661.92,25.61,-0.503581
1686.825053,0.010131,-0.098154,0.028728,-10.320534,-10.321041,0.003195,-0.00426,0.001065,99661.92,25.61,-0.491774
1686.83521,0.010157,-0.074214,0.004788,-10.31814,-10.318408,-0.001065,-0.005325,0,99661.57,25.61,-0.489141
1686.845296,0.010086,-0.081396,0.045486,-10.35405,-10.35447,0.003195,-0.005325,0.001065,99661.57,25.61,-0.525203
1686.855526,0.01023,-0.076608,-0.026334,-10.337292,-10.337609,0.003195,-0.00639,0.00213,99661.57,25.61,-0.508342
1686.865672,0.010146,-0.067032,-0.01197,-10.33011,-10.330334,0,-0.007455,0.00213,99661.57,25.61,-0.501067
1686.875793,0.010121,-0.105336,0.009576,-10.298988,-10.299531,0.001065,-0.003195,0.00213,99661.57,25.61,-0.470264
1686.885877,0.010084,-0.07182,-0.004788,-10.320534,-10.320785,0.00426,-0.005325,0,99661.57,25.61,-0.491518
1686.895959,0.010083,-0.090972,0.016758,-10.2942,-10.294616,0.00213,-0.005325,0,99661.3,25.61,-0.465349
1686.906042,0.010083,-0.086184,0.004788,-10.337292,-10.337652,0.001065,-0.00426,0.00213,99661.3,25.61,-0.508385
1686.916166,0.010124,-0.055062,0.014364,-10.327716,-10.327873,0.003195,-0.00213,0,99661.3,25.61,-0.498606
1686.926282,0.010116,-0.088578,0.004788,-10.334898,-10.335279,0.001065,-0.00639,0.00426,99661.3,25.61,-0.506012
1686.936387,0.010105,-0.086184,-0.004788,-10.346868,-10.347228,0,-0.003195,-0.001065,99661.3,25.61,-0.517961
1686.946498,0.01011,-0.07182,0,-10.344474,-10.344723,0.00213,-0.00639,0.00213,99661.3,25.61,-0.515456
1686.956805,0.010308,-0.105336,0.021546,-10.272654,-10.273217,0.00213,-0.00426,0,99661.3,25.61,-0.44395
1686.967101,0.010296,-0.081396,0.016758,-10.298988,-10.299323,0.00426,-0.007455,0.00426,99661.3,25.61,-0.470056
1686.977195,0.010094,-0.069426,0.004788,-10.301382,-10.301617,0.001065,-0.005325,0.003195,99661.3,25.61,-0.47235
1686.987276,0.010081,-0.088578,-0.004788,-10.310958,-10.31134,0.00213,-0.005325,0.001065,99661.3,25.61,-0.482073
1686.997371,0.010095,-0.08379,0.019152,-10.334898,-10.335255,0.003195,-0.00639,0.001065,99661.3,25.61,-0.505988
1687.007464,0.010093,-0.069426,0.021546,-10.31814,-10.318396,-0.001065,-0.00426,0.005325,99661.3,25.61,-0.489129
1687.017565,0.010101,-0.076608,-0.004788,-10.325322,-10.325607,0.001065,-0.00639,0,99661.3,25.61,-0.49634
1687.02765,0.010085,-0.086184,0.01197,-10.334898,-10.335264,0.00213,-0.003195,0.001065,99661.01,25.61,-0.505997
1687.037756,0.010106,-0.09576,0.004788,-10.334898,-10.335343,0.001065,-0.00639,0.00213,99661.01,25.61,-0.506076
1687.04787,0.010114,-0.08379,0.01197,-10.308564,-10.308911,0.00426,-0.00426,0.00426,99661.01,25.61,-0.479644
1687.058007,0.010138,-0.102942,0.007182,-10.303776,-10.304293,0.001065,-0.005325,0.001065,99661.01,25.61,-0.475026
1687.068137,0.010129,-0.086184,0.007182,-10.320534,-10.320896,0.00426,-0.007455,0.00213,99661.01,25.61,-0.491629
1687.078826,0.010689,-0.079002,-0.014364,-10.370808,-10.371119,0.00426,-0.005325,0,99661.01,25.61,-0.541852
1687.089019,0.010193,-0.069426,0.021546,-10.327716,-10.327972,0.00213,-0.00426,0.00213,99660.69,25.61,-0.498705
1687.099123,0.010104,-0.081396,0.033516,-10.356444,-10.356818,0.001065,-0.00426,0.001065,99660.69,25.61,-0.527551
1687.109205,0.010082,-0.067032,-0.01197,-10.34208,-10.342304,0.003195,-0.00639,0.001065,99660.69,25.61,-0.513037
1687.119342,0.010137,-0.079002,0.014364,-10.332504,-10.332816,0,-0.005325,0.001065,99660.69,25.61,-0.503549
1687.129456,0.010115,-0.076608,0.016758,-10.332504,-10.332802,0,-0.003195,0.00639,99660.69,25.61,-0.503535
1687.139707,0.01025,-0.105336,0.01197,-10.320534,-10.321078,0.00213,-0.003195,0.00213,99660.69,25.61,-0.491811
1687.149866,0.010159,-0.067032,-0.002394,-10.346868,-10.347085,0,-0.00639,0.001065,99660.34,25.61,-0.517818
1687.15996,0.010094,-0.069426,0.01197,-10.327716,-10.327956,0,-0.003195,0.00213,99660.34,25.61,-0.498689
1687.17005,0.01009,-0.122094,0.014364,-10.298988,-10.299722,0.00213,-0.00852,0.003195,99660.34,25.61,-0.470455
1687.180151,0.010101,-0.074214,0.01197,-10.358838,-10.359111,0.00213,-0.005325,0.003195,99660.34,25.61,-0.529844
1687.190602,0.010451,-0.086184,0.03591,-10.308564,-10.308987,0.001065,-0.005325,0.003195,99660.34,25.61,-0.47972
1687.200751,0.010149,-0.093366,-0.004788,-10.337292,-10.337715,0.003195,-0.005325,0.003195,99660.34,25.61,-0.508448
1687.210855,0.010104,-0.090972,0,-10.2942,-10.294602,0.003195,-0.00639,0.005325,99660.1,25.61,-0.465335
1687.220949,0.010094,-0.105336,0.014364,-10.337292,-10.337839,0.001065,-0.00213,0.001065,99660.1,25.61,-0.508572
1687.231031,0.010082,-0.098154,0.026334,-10.303776,-10.304277,0.00213,-0.00426,0.00213,99660.1,25.61,-0.47501
1687.24114,0.010109,-0.064638,0.007182,-10.31814,-10.318345,0.00213,-0.00213,0,99660.1,25.61,-0.489078
1687.251237,0.010097,-0.093366,0.028728,-10.320534,-10.320996,0.00213,-0.00426,0.00213,99660.1,25.61,-0.491729
1687.261337,0.010101,-0.09576,0.016758,-10.301382,-10.301841,0,-0.003195,0,99660.1,25.61,-0.472574
1687.271534,0.010197,-0.088578,0.026334,-10.325322,-10.325736,0.003195,-0.00639,-0.00213,99660.1,25.61,-0.496469
1687.281631,0.010097,-0.076608,0,-10.296594,-10.296879,-0.001065,-0.003195,0,99660.1,25.61,-0.467612
1687.291725,0.010094,-0.090972,0.03591,-10.31814,-10.318604,0.001065,-0.003195,0.001065,99660.1,25.61,-0.489337
1687.301846,0.010121,-0.088578,0.009576,-10.267866,-10.268253,0.003195,-0.007455,0.00213,99660.1,25.61,-0.438986
1687.311978,0.010133,-0.079002,0.009576,-10.308564,-10.308871,0.001065,0,0,99660.1,25.61,-0.479604
1687.322079,0.010101,-0.148428,-0.026334,-10.34208,-10.343179,0,-0.007455,0.001065,99660.1,25.61,-0.513912
1687.332145,0.010065,-0.026334,-0.028728,-10.2942,-10.294274,0.00639,0,0.001065,99660.1,25.61,-0.465007
1687.342519,0.010374,-0.088578,0.026334,-10.344474,-10.344887,0.00426,-0.011715,0.003195,99659.68,25.61,-0.51562
1687.352581,0.010062,-0.1197,-0.038304,-10.301382,-10.302149,0.001065,0.001065,0,99659.68,25.61,-0.472882
1687.362665,0.010085,-0.019152,-0.014364,-10.334898,-10.334926,0.001065,-0.005325,0.001065,99659.68,25.61,-0.505659
1687.372767,0.010102,-0.110124,0.050274,-10.322928,-10.323638,0.001065,-0.00852,0.00213,99659.68,25.61,-0.494371
1687.382862,0.010095,-0.074214,-0.019152,-10.313352,-10.313637,-0.00213,-0.00426,0.001065,99659.68,25.61,-0.48437
1687.392999,0.010137,-0.03591,-0.026334,-10.356444,-10.35654,0.00213,-0.005325,0.00213,99659.68,25.61,-0.527273
1687.403196,0.010196,-0.102942,-0.004788,-10.291806,-10.292322,0.001065,-0.007455,0.001065,99659.36,25.61,-0.463055
1687.413306,0.010111,-0.093366,-0.069426,-10.344474,-10.345128,0.003195,-0.00213,0.00213,99659.36,25.61,-0.515861
1687.423391,0.010085,-0.002394,0.045486,-10.315746,-10.315847,0.001065,-0.007455,0.00426,99659.36,25.61,-0.48658
1687.433474,0.010083,-0.138852,0.01197,-10.2942,-10.295143,0.003195,-0.00426,0.001065,99659.36,25.61,-0.465876
1687.443574,0.0101,-0.050274,-0.03591,-10.337292,-10.337477,0.001065,-0.003195,0.005325,99659.36,25.61,-0.50821
1687.453995,0.010421,-0.088578,0.043092,-10.33011,-10.33058,0.00426,-0.00852,0.001065,99659.36,25.61,-0.501313
1687.464106,0.010112,-0.129276,0.019152,-10.31814,-10.318968,0,-0.007455,0.001065,99659.36,25.61,-0.489701
1687.474239,0.010133,-0.069426,0.004788,-10.310958,-10.311193,0,-0.003195,0.00213,99658.84,25.61,-0.481926
1687.484336,0.010097,-0.069426,0.028728,-10.325322,-10.325595,0.003195,-0.005325,0.00213,99658.84,25.61,-0.496328
1687.494423,0.010088,-0.102942,-0.01197,-10.337292,-10.337811,0.00213,-0.00639,0.00213,99658.84,25.61,-0.508544
1687.50453,0.010107,-0.052668,0.002394,-10.320534,-10.320669,0.00213,-0.005325,0.003195,99658.84,25.61,-0.491402
1687.514779,0.010249,-0.090972,0.028728,-10.33011,-10.330551,0,-0.00639,0.003195,99658.84,25.61,-0.501284
1687.525281,0.010501,-0.102942,0.021546,-10.327716,-10.328252,0.00213,-0.00426,0.00426,99658.84,25.61,-0.498985
1687.535389,0.010108,-0.057456,0.004788,-10.301382,-10.301543,0.00213,-0.005325,0.00213,99658.33,25.61,-0.472276
1687.545522,0.010133,-0.098154,0.031122,-10.267866,-10.268382,-0.001065,-0.003195,0.001065,99658.33,25.61,-0.439115
1687.555618,0.010095,-0.086184,0.021546,-10.322928,-10.32331,0.003195,-0.003195,0,99658.33,25.61,-0.494043
1687.56572,0.010102,-0.07182,0.026334,-10.272654,-10.272939,0,-0.007455,0.001065,99658.33,25.61,-0.443672
1687.575832,0.010113,-0.05985,0.014364,-10.287018,-10.287202,-0.00213,-0.00639,0.001065,99658.33,25.61,-0.457935
1687.585928,0.010096,-0.08379,-0.002394,-10.255896,-10.256239,0.00213,-0.003195,0.00426,99658.33,25.61,-0.426972
1687.596032,0.010104,-0.093366,0.021546,-10.251108,-10.251556,0.001065,-0.00639,0,99658.33,25.61,-0.422289
1687.606225,0.010193,-0.067032,-0.007182,-10.25829,-10.258512,0.00213,-0.005325,0.00426,99658.33,25.61,-0.429245
1687.616326,0.010101,-0.057456,0.038304,-10.219986,-10.220219,0.001065,-0.005325,0.001065,99658.33,25.61,-0.390952
1687.626717,0.010391,-0.09576,0.016758,-10.229562,-10.230024,0.001065,-0.005325,0.001065,99658.33,25.61,-0.400757
1687.637269,0.010552,-0.100548,0.014364,-10.236744,-10.237248,0.003195,-0.005325,0.001065,99658.33,25.61,-0.407981
1687.647372,0.010103,-0.074214,0.002394,-10.215198,-10.215468,0.00213,-0.005325,0,99658.33,25.61,-0.386201
1687.657503,0.010131,-0.117306,0.050274,-10.229562,-10.230358,0.001065,-0.003195,0.001065,99657.85,25.61,-0.401091
1687.667586,0.010083,-0.052668,0.033516,-10.148166,-10.148358,0,-0.005325,0.00213,99657.85,25.61,-0.319091
1687.677726,0.01014,-0.069426,-0.01197,-10.208016,-10.208259,0.00213,-0.00639,0.00213,99657.85,25.61,-0.378992
1687.687814,0.010088,-0.069426,0.02394,-10.176894,-10.177159,0.00213,-0.00426,0.00213,99657.85,25.61,-0.347892
1687.697915,0.010101,-0.076608,0.007182,-10.164924,-10.165215,0.001065,-0.007455,0.00213,99657.85,25.61,-0.335948
1687.708011,0.010097,-0.093366,-0.014364,-10.167318,-10.167757,0.00213,-0.00426,0.003195,99657.85,25.61,-0.33849
1687.718122,0.010111,-0.090972,0.019152,-10.1745,-10.174925,0.00213,-0.00426,0,99657.42,25.61,-0.345658
1687.728233,0.010111,-0.079002,0.002394,-10.145772,-10.14608,0.00213,0,0.001065,99657.42,25.61,-0.316813
1687.738678,0.010445,-0.076608,0.004788,-10.191258,-10.191547,0.00213,-0.00852,0.00213,99657.42,25.61,-0.36228
1687.74878,0.010103,-0.079002,-0.019152,-10.1745,-10.174825,0.00426,-0.00426,0.003195,99657.42,25.61,-0.345558
1687.759,0.01022,-0.086184,-0.009576,-10.140984,-10.141355,0.00213,-0.00639,0.003195,99657.42,25.61,-0.312088
1687.769152,0.010151,-0.090972,-0.02394,-10.160136,-10.160571,0.00426,-0.003195,0.00213,99657.42,25.61,-0.331304
1687.779244,0.010092,-0.117306,0.04788,-10.13859,-10.139382,-0.001065,-0.00852,0.001065,99657.42,25.61,-0.310115
1687.789401,0.010158,-0.069426,-0.02394,-10.13859,-10.138856,0.00213,-0.001065,0.003195,99656.91,25.61,-0.309589
1687.799506,0.010105,-0.088578,-0.007182,-10.117044,-10.117434,0.001065,-0.00852,0.00426,99656.91,25.61,-0.288167
1687.809612,0.010106,-0.08379,-0.009576,-10.133802,-10.134153,0.001065,-0.00426,0,99656.91,25.61,-0.304886
1687.819712,0.0101,-0.062244,0.004788,-10.140984,-10.141176,0.00213,-0.00852,0.00213,99656.91,25.61,-0.311909
1687.829819,0.010107,-0.069426,0.009576,-10.157742,-10.157984,0.001065,-0.00213,0.001065,99656.91,25.61,-0.328717
1687.839934,0.010114,-0.079002,-0.007182,-10.112256,-10.112567,0.001065,-0.005325,0.001065,99656.91,25.61,-0.2833
1687.850534,0.0106,-0.07182,0.026334,-10.11465,-10.114939,-0.001065,-0.00852,0.001065,99656.44,25.61,-0.285672
1687.861167,0.010633,-0.100548,-0.004788,-10.11465,-10.115151,0,-0.005325,0.003195,99656.44,25.61,-0.285884
1687.872281,0.011114,-0.081396,0.055062,-10.097892,-10.09837,0.00213,-0.007455,0,99656.44,25.61,-0.269103
1687.883559,0.011278,-0.03591,0.038304,-10.069164,-10.069301,0.001065,-0.00426,0.00213,99656.44,25.61,-0.240034
1687.894758,0.011199,-0.062244,-0.004788,-10.097892,-10.098085,0.001065,-0.005325,0.00426,99656.44,25.61,-0.268818
1687.906902,0.012144,-0.062244,0.01197,-10.085922,-10.086121,0.00213,-0.00426,0.001065,99656.44,25.61,-0.256854
1687.917205,0.010303,-0.079002,0.021546,-10.071558,-10.071891,0.001065,-0.007455,0.003195,99655.76,25.61,-0.242624
1687.928338,0.011133,-0.081396,-0.004788,-10.095498,-10.095827,0.001065,-0.003195,-0.001065,99655.76,25.61,-0.26656
1687.939436,0.011098,-0.105336,0.028728,-10.073952,-10.074544,0.001065,-0.007455,0.001065,99655.76,25.61,-0.245277
1687.950652,0.011215,-0.098154,0.033516,-10.09071,-10.091243,0.00213,-0.00639,0.003195,99655.76,25.61,-0.261976
1687.962401,0.011749,-0.086184,0.038304,-10.0548,-10.055242,0.001065,-0.003195,0.001065,99655.76,25.61,-0.225975
1687.973717,0.011315,-0.057456,0.01197,-10.052406,-10.052577,0.003195,-0.003195,0,99655.76,25.61,-0.22331
1687.984784,0.011067,-0.057456,-0.009576,-10.059588,-10.059757,0.001065,-0.005325,0.003195,99655.76,25.61,-0.23049
1687.996315,0.011531,-0.129276,0.076608,-10.040436,-10.04156,-0.001065,-0.00426,0.001065,99655.76,25.61,-0.212293
1688.006539,0.010223,-0.074214,0.02394,-10.040436,-10.040739,0.001065,-0.003195,0.00213,99655.76,25.61,-0.211472
1688.0177,0.011161,-0.076608,-0.01197,-10.033254,-10.033554,0.00213,-0.00639,0.001065,99655.76,25.61,-0.204287
1688.029139,0.011439,-0.074214,-0.02394,-10.038042,-10.038345,0.001065,-0.00639,0.001065,99655.76,25.61,-0.209078
1688.041229,0.01209,-0.081396,0.014364,-10.028466,-10.028807,0.001065,0,0.003195,99655.1,25.61,-0.19954
1688.051335,0.010106,-0.064638,-0.04788,-10.035648,-10.03597,0.001065,-0.009585,0.001065,99655.1,25.61,-0.206703
1688.062431,0.011096,-0.079002,0.004788,-9.997344,-9.997657,0.003195,-0.00213,0.005325,99655.1,25.61,-0.16839
1688.073715,0.011283,-0.050274,-0.02394,-10.040436,-10.04059,0,-0.00639,0.003195,99655.1,25.61,-0.211323
1688.084772,0.011058,-0.064638,-0.040698,-9.987768,-9.98806,0.00213,-0.005325,0.003195,99655.1,25.61,-0.158793
1688.096204,0.011431,-0.09576,-0.021546,-9.98298,-9.983463,0.00213,-0.003195,0.00426,99655.1,25.61,-0.154196
1688.107247,0.011043,-0.09576,0.009576,-10.004526,-10.004989,0.001065,-0.007455,0.00213,99654.4,25.61,-0.175722
1688.118403,0.011156,-0.08379,-0.028728,-9.997344,-9.997736,0.003195,-0.003195,0.001065,99654.4,25.61,-0.168469
1688.129533,0.01113,-0.086184,0.014364,-9.99495,-9.995332,0,-0.003195,0.001065,99654.4,25.61,-0.166065
1688.140671,0.011138,-0.088578,0.002394,-9.975798,-9.976192,0.001065,-0.003195,0.001065,99654.4,25.61,-0.146925
1688.152459,0.011787,-0.093366,-0.02394,-9.980586,-9.981051,0.003195,-0.005325,0.003195,99654.4,25.61,-0.151784
1688.163123,0.010664,-0.069426,0.05985,-9.973404,-9.973825,0.00213,-0.00639,0.001065,99654.4,25.61,-0.144558
1688.174392,0.011269,-0.088578,0.019152,-9.985374,-9.985785,0.001065,-0.00426,0.003195,99653.62,25.61,-0.156518
1688.185478,0.011086,-0.08379,0.014364,-9.92313,-9.923494,0.001065,-0.00639,0.001065,99653.62,25.61,-0.094227
1688.196637,0.011159,-0.07182,0.02394,-9.944676,-9.944964,0.003195,-0.005325,0.003195,99653.62,25.61,-0.115697
1688.208256,0.011619,-0.090972,0.062244,-9.94707,-9.947681,0.001065,-0.00213,0.00213,99653.62,25.61,-0.118414
1688.219054,0.010798,-0.07182,0.02394,-9.951858,-9.952146,-0.001065,0,-0.001065,99653.62,25.61,-0.122879
1688.231261,0.012207,-0.076608,0.03591,-9.89919,-9.899552,0,-0.00639,0.00213,99653.62,25.61,-0.070285
1688.241875,0.010613,-0.079002,0.052668,-9.927918,-9.928372,0.003195,-0.003195,0.00213,99652.87,25.61,-0.099105
1688.251969,0.010094,-0.07182,0.007182,-9.89919,-9.899453,0.00213,-0.00426,0,99652.87,25.61,-0.070186
1688.262061,0.010092,-0.090972,0.014364,-9.877644,-9.878073,0.00213,-0.00426,0.00213,99652.87,25.61,-0.048806
1688.272154,0.010094,-0.057456,0.038304,-9.918342,-9.918582,0,-0.001065,-0.00213,99652.87,25.61,-0.089315
1688.282235,0.010081,-0.045486,0.01197,-9.901584,-9.901696,0.00213,-0.00426,-0.00213,99652.87,25.61,-0.072429
1688.292338,0.010103,-0.05985,0.01197,-9.932706,-9.932894,0.00213,-0.005325,0,99652.87,25.61,-0.103627
1688.302628,0.010289,-0.031122,0.007182,-9.884826,-9.884878,0.001065,-0.00213,0.00213,99652.87,25.61,-0.055611
1688.312726,0.010098,-0.04788,-0.002394,-9.884826,-9.884942,0.00213,-0.00213,0.001065,99652.87,25.61,-0.055675
1688.322816,0.01009,-0.069426,-0.021546,-9.877644,-9.877911,0.00213,-0.003195,0,99652.87,25.61,-0.048644
1688.332953,0.010137,-0.086184,-0.052668,-9.872856,-9.873373,0.00213,-0.003195,0,99652.87,25.61,-0.044106
1688.343052,0.010099,-0.07182,-0.002394,-9.856098,-9.85636,0.003195,-0.00213,0,99652.87,25.61,-0.027093
1688.353154,0.010102,-0.045486,-0.04788,-9.882432,-9.882653,0.00213,-0.00426,-0.001065,99652.87,25.61,-0.053386
1688.363258,0.010103,-0.074214,-0.021546,-9.868068,-9.868371,0.00213,-0.005325,0,99652.18,25.61,-0.039104
1688.37368,0.010422,-0.05985,-0.04788,-9.87525,-9.875547,0.003195,-0.003195,0,99652.18,25.61,-0.04628
1688.383778,0.010098,-0.079002,-0.026334,-9.817794,-9.818147,0.001065,-0.00852,0.003195,99652.18,25.61,0.01112
1688.393877,0.0101,-0.079002,-0.045486,-9.882432,-9.882852,0.001065,-0.00426,0.00213,99652.18,25.61,-0.053585
1688.403937,0.010059,-0.081396,-0.009576,-9.86328,-9.86362,0.00426,-0.00426,0.003195,99652.18,25.61,-0.034353
1688.414037,0.0101,-0.100548,-0.045486,-9.856098,-9.856716,0.001065,-0.00639,0.00213,99652.18,25.61,-0.027449
1688.424134,0.010097,-0.081396,0.043092,-9.892008,-9.892437,0,-0.005325,0.003195,99652.18,25.61,-0.06317
1688.434582,0.010448,-0.062244,-0.014364,-9.85131,-9.851517,0.00213,-0.00426,0.003195,99651.47,25.61,-0.02225
1688.444675,0.010093,-0.100548,0,-9.836946,-9.83746,0.00213,-0.00639,0.00426,99651.47,25.61,-0.008193
1688.454877,0.010203,-0.09576,0.004788,-9.801036,-9.801505,0,-0.003195,0.003195,99651.47,25.61,0.027762
1688.464966,0.010089,-0.07182,0.021546,-9.836946,-9.837232,0.001065,-0.005325,0.001065,99651.47,25.61,-0.007965
1688.475085,0.010118,-0.098154,0.002394,-9.813006,-9.813497,-0.001065,-0.00426,0.00213,99651.47,25.61,0.01577
1688.485169,0.010084,-0.090972,0.064638,-9.777096,-9.777733,0.001065,-0.005325,0,99651.47,25.61,0.051534
1688.495276,0.010106,-0.069426,0.045486,-9.789066,-9.789418,0.00213,-0.001065,0.001065,99650.75,25.61,0.039849
1688.505472,0.010196,-0.055062,0.040698,-9.798642,-9.798881,0,-0.003195,0,99650.75,25.61,0.030386
1688.515584,0.010112,-0.05985,0.043092,-9.789066,-9.789344,0,-0.00426,0,99650.75,25.61,0.039923
1688.525673,0.010088,-0.074214,0.031122,-9.77949,-9.779821,0.00213,-0.00213,0.001065,99650.75,25.61,0.049446
1688.535793,0.010121,-0.110124,0.069426,-9.765126,-9.765994,0.003195,-0.00639,0,99650.75,25.61,0.063273
1688.545917,0.010124,-0.050274,0.064638,-9.784278,-9.784621,0.001065,-0.007455,0.001065,99650.75,25.61,0.044646
1688.556021,0.010104,-0.086184,0.062244,-9.772308,-9.772886,0,-0.00426,0.001065,99649.95,25.61,0.056381
1688.56636,0.010339,-0.069426,0.031122,-9.76752,-9.767816,0.00213,-0.00426,0,99649.95,25.61,0.061451
1688.576458,0.010098,-0.057456,0.055062,-9.74358,-9.743905,0.001065,-0.007455,0.001065,99649.95,25.61,0.085362
1688.586544,0.010086,-0.050274,0.026334,-9.77949,-9.779655,0.00213,-0.003195,-0.001065,99649.95,25.61,0.049612
1688.596743,0.010199,-0.081396,0.031122,-9.710064,-9.710455,0.00213,-0.00426,0,99649.95,25.61,0.118812
1688.606867,0.010123,-0.07182,-0.019152,-9.736398,-9.736682,0.003195,-0.00426,0.001065,99649.95,25.61,0.092585
1688.616958,0.010091,-0.081396,-0.007182,-9.710064,-9.710408,0,-0.005325,-0.00213,99649.95,25.61,0.118859
1688.62705,0.010092,-0.086184,-0.038304,-9.741186,-9.741643,0.00213,-0.00426,0.001065,99649.07,25.61,0.087624
1688.637147,0.010097,-0.031122,0.019152,-9.738792,-9.738861,0.00213,-0.003195,-0.001065,99649.07,25.61,0.090406
1688.647256,0.010109,-0.074214,-0.069426,-9.700488,-9.70102,0.00426,-0.005325,0.001065,99649.07,25.61,0.128247
1688.657356,0.0101,-0.064638,-0.016758,-9.714852,-9.715081,0.00213,-0.00426,0.003195,99649.07,25.61,0.114186
1688.667451,0.010095,-0.074214,-0.062244,-9.717246,-9.717729,-0.00213,-0.001065,0.001065,99649.07,25.61,0.111538
1688.678059,0.010607,-0.067032,-0.062244,-9.729216,-9.729646,0.00426,-0.005325,0.003195,99649.07,25.61,0.099621
1688.688154,0.010095,-0.112518,-0.033516,-9.674154,-9.674866,0,-0.005325,0.001065,99649.07,25.61,0.154401
1688.698237,0.010083,-0.07182,-0.040698,-9.686124,-9.686476,0.00213,-0.00852,0.003195,99649.07,25.61,0.142791
1688.708343,0.010106,-0.093366,-0.038304,-9.710064,-9.710588,0.001065,-0.005325,0.00213,99649.07,25.61,0.118679
1688.718431,0.010088,-0.088578,-0.004788,-9.70767,-9.708075,0.00213,-0.005325,0.00213,99649.07,25.61,0.121192
1688.728533,0.010102,-0.093366,0.002394,-9.702882,-9.703331,0,-0.005325,0.00213,99649.07,25.61,0.125936
1688.73863,0.010097,-0.076608,0,-9.67176,-9.672063,0.001065,-0.00426,0.005325,99649.07,25.61,0.157204
1688.748714,0.010084,-0.088578,0,-9.702882,-9.703286,0.003195,-0.005325,0.001065,99649.07,25.61,0.125981
1688.758841,0.010128,-0.03591,0.009576,-9.676548,-9.676619,0.001065,-0.005325,0.00426,99648.23,25.61,0.152648
1688.768938,0.010097,-0.074214,0.057456,-9.666972,-9.667428,0.003195,-0.005325,0.00213,99648.23,25.61,0.161839
1688.779103,0.010165,-0.079002,0.028728,-9.657396,-9.657762,0.003195,-0.005325,0.001065,99648.23,25.61,0.171505
1688.789231,0.010128,-0.043092,0.064638,-9.64782,-9.648133,0.00213,-0.00213,0.003195,99648.23,25.61,0.181134
1688.799317,0.010086,-0.057456,-0.10773,-9.628668,-9.629442,0.00213,-0.003195,0.005325,99648.23,25.61,0.199825
1688.809486,0.010169,-0.076608,0.100548,-9.681336,-9.682161,0.00426,-0.00852,0.00213,99648.23,25.61,0.147106
1688.819534,0.010049,-0.050274,-0.03591,-9.666972,-9.667169,0.00213,-0.001065,0.00426,99647.45,25.61,0.162098
1688.829629,0.010095,-0.079002,0.088578,-9.638244,-9.638975,-0.001065,-0.009585,0.001065,99647.45,25.61,0.190292
1688.839777,0.010148,-0.110124,-0.057456,-9.676548,-9.677345,0.003195,-0.00213,0.003195,99647.45,25.61,0.151922
1688.849864,0.010088,-0.07182,0.081396,-9.63585,-9.636461,0.001065,-0.00852,0.001065,99647.45,25.61,0.192806
1688.859979,0.010114,-0.122094,-0.021546,-9.578394,-9.579196,0.003195,-0.003195,0.001065,99647.45,25.61,0.250071
1688.870283,0.010304,-0.028728,-0.021546,-9.662184,-9.662251,0,-0.005325,0.001065,99647.45,25.61,0.167016
1688.880379,0.010096,-0.045486,-0.009576,-9.638244,-9.638356,0.001065,-0.005325,0.00213,99646.58,25.61,0.190911
1688.890703,0.010323,-0.02394,-0.019152,-9.652608,-9.652657,0.001065,-0.003195,0.001065,99646.58,25.61,0.17661
1688.90082,0.010117,-0.148428,0.026334,-9.595152,-9.596336,0.00213,-0.01065,0.003195,99646.58,25.61,0.232931
1688.910959,0.010139,-0.01197,-0.045486,-9.559242,-9.559358,0.003195,-0.00639,0.001065,99646.58,25.61,0.269909
1688.921091,0.010132,-0.165186,0.038304,-9.619092,-9.620586,0.001065,-0.01065,0.00213,99646.58,25.61,0.208681
1688.931251,0.01016,-0.09576,-0.03591,-9.580788,-9.581334,0.003195,0.001065,0.003195,99646.58,25.61,0.247933
1688.941362,0.010111,-0.086184,0.033516,-9.55206,-9.552508,0.001065,-0.007455,0,99646.58,25.61,0.276759
1688.95147,0.010108,-0.074214,-0.019152,-9.542484,-9.542792,0.003195,-0.001065,0.003195,99645.63,25.61,0.286475
1688.961616,0.010146,-0.038304,-0.040698,-9.61191,-9.612072,0.00213,-0.00213,0.003195,99645.63,25.61,0.217195
1688.971773,0.010157,-0.052668,-0.019152,-9.568818,-9.568982,0.00213,-0.001065,0.001065,99645.63,25.61,0.260285
1688.98188,0.010107,-0.045486,-0.057456,-9.559242,-9.559523,0.00213,-0.00852,0.001065,99645.63,25.61,0.269744
1688.991982,0.010101,-0.10773,0.057456,-9.547272,-9.548053,0.00213,-0.00426,0.00213,99645.63,25.61,0.281214
1689.002441,0.010459,-0.043092,-0.033516,-9.513756,-9.513913,0.003195,-0.003195,0.003195,99645.63,25.61,0.315354
1689.012547,0.010106,-0.110124,0.021546,-9.525726,-9.526387,0.001065,-0.00639,0.001065,99645.63,25.61,0.30288
1689.022644,0.010097,-0.052668,-0.007182,-9.537696,-9.537844,0.00213,0,0,99645.63,25.61,0.291423
1689.032802,0.010158,-0.016758,0.028728,-9.494604,-9.494662,-0.001065,-0.005325,0.00213,99645.63,25.61,0.334605
1689.042923,0.010121,-0.08379,-0.033516,-9.52812,-9.528547,0.003195,0,0.001065,99645.63,25.61,0.30072
1689.053037,0.010115,-0.009576,-0.043092,-9.52812,-9.528222,-0.001065,-0.00426,0.001065,99645.63,25.61,0.301045
1689.063126,0.010089,-0.069426,0.004788,-9.48024,-9.480495,0.001065,-0.005325,0.003195,99645.63,25.61,0.348772
1689.073222,0.010096,-0.069426,-0.004788,-9.523332,-9.523586,0.00213,-0.00639,0.005325,99644.85,25.61,0.305681
1689.083306,0.010084,-0.069426,0.055062,-9.463482,-9.463897,0.00426,-0.00426,0.00213,99644.85,25.61,0.36537
1689.093448,0.010142,-0.110124,0.028728,-9.499392,-9.500074,0.00213,-0.003195,0.003195,99644.85,25.61,0.329193
1689.103562,0.010115,-0.067032,0.019152,-9.489816,-9.490072,-0.001065,-0.001065,0.00426,99644.85,25.61,0.339195
1689.113705,0.010143,-0.055062,0.009576,-9.530514,-9.530678,0.00213,-0.003195,0.00213,99644.85,25.61,0.298589
1689.123794,0.010089,-0.019152,0.009576,-9.518544,-9.518568,0.00213,-0.005325,0.003195,99644.85,25.61,0.310699
1689.133903,0.010109,-0.114912,0.01197,-9.532908,-9.533608,0.001065,-0.00639,0.001065,99643.86,25.61,0.295659
1689.14399,0.010086,-0.086184,0.064638,-9.46827,-9.468883,0.00213,-0.00426,0.001065,99643.86,25.61,0.360384
1689.154097,0.010108,-0.10773,0.007182,-9.429966,-9.430584,0,-0.005325,0.001065,99643.86,25.61,0.398683
1689.164191,0.010093,-0.093366,0.050274,-9.451512,-9.452107,0.00213,-0.003195,0.00213,99643.86,25.61,0.37716
1689.174392,0.010201,-0.09576,0.081396,-9.449118,-9.449954,0.001065,-0.005325,0.00213,99643.86,25.61,0.379313
1689.184486,0.010094,-0.069426,0,-9.4563,-9.456555,0.005325,-0.00426,0.001065,99643.86,25.61,0.372712
1689.194577,0.010091,-0.081396,0.055062,-9.4563,-9.456811,0,-0.007455,0.003195,99643.86,25.61,0.372456
1689.204695,0.010117,-0.067032,0.014364,-9.427572,-9.427821,0.00213,-0.00426,0.001065,99642.91,25.61,0.401446
1689.214789,0.010094,-0.031122,-0.01197,-9.429966,-9.430025,0.001065,-0.005325,0,99642.91,25.61,0.399242
1689.225671,0.010882,-0.079002,0.021546,-9.425178,-9.425534,0.003195,-0.003195,0.001065,99642.91,25.61,0.403733
1689.236809,0.011138,-0.090972,0.031122,-9.398844,-9.399336,0.001065,-0.00639,0,99642.91,25.61,0.429931
1689.248087,0.011278,-0.088578,-0.01197,-9.350964,-9.351391,0.001065,-0.003195,0.001065,99642.91,25.61,0.477876
1689.259234,0.011147,-0.076608,-0.031122,-9.39645,-9.396814,0,-0.007455,0.003195,99642.91,25.61,0.432453
1689.270435,0.011201,-0.057456,-0.02394,-9.42039,-9.420596,0.00426,-0.00426,0.00213,99642.12,25.61,0.408671
1689.281657,0.011222,-0.05985,-0.040698,-9.44433,-9.444607,-0.001065,-0.00213,0.00213,99642.12,25.61,0.38466
1689.292749,0.011092,-0.026334,-0.040698,-9.403632,-9.403757,0.001065,-0.00426,0.001065,99642.12,25.61,0.42551
1689.304001,0.011252,-0.067032,-0.055062,-9.38448,-9.384881,0.003195,-0.00639,0.00213,99642.12,25.61,0.444386
1689.315186,0.011185,-0.064638,-0.019152,-9.382086,-9.382328,0.003195,-0.00426,0.00426,99642.12,25.61,0.446939
1689.326567,0.011381,-0.069426,-0.019152,-9.37251,-9.372787,-0.00213,-0.007455,0.00426,99642.12,25.61,0.45648
1689.337577,0.01101,-0.069426,-0.01197,-9.377298,-9.377563,0,-0.005325,0.001065,99642.12,25.61,0.451704
1689.348617,0.01104,-0.08379,-0.016758,-9.382086,-9.382475,0.005325,-0.005325,0.00426,99642.12,25.61,0.446792
1689.359871,0.011255,-0.052668,-0.021546,-9.338994,-9.339167,0.003195,-0.00426,0.005325,99642.12,25.61,0.4901
1689.371042,0.011171,-0.04788,0.02394,-9.34857,-9.348723,0,-0.00213,0.00426,99642.12,25.61,0.480544
1689.382333,0.011291,-0.069426,0.045486,-9.37251,-9.372878,0.001065,-0.007455,0.00213,99642.12,25.61,0.456389
1689.393364,0.011031,-0.052668,0.033516,-9.350964,-9.351172,0.001065,-0.005325,0.00426,99641.19,25.61,0.478095
1689.40467,0.011307,-0.079002,0.07182,-9.3366,-9.33721,-0.001065,-0.00426,0.00213,99641.19,25.61,0.492057
1689.415989,0.011319,-0.050274,0.074214,-9.367722,-9.368151,0.00213,-0.007455,0.00426,99641.19,25.61,0.461116
1689.427024,0.011034,-0.086184,0.076608,-9.32463,-9.325343,0,-0.007455,0.00426,99641.19,25.61,0.503924
1689.438379,0.011355,-0.033516,0.04788,-9.343782,-9.343965,0.001065,-0.00639,0.003195,99641.19,25.61,0.485302
1689.449444,0.011065,-0.064638,0.021546,-9.341388,-9.341636,0.001065,-0.005325,0.00426,99641.19,25.61,0.487631
1689.460621,0.011177,-0.057456,0.026334,-9.37251,-9.372723,0.001065,-0.00426,0.00426,99640.39,25.61,0.456544
1689.471856,0.011235,-0.093366,0.074214,-9.355752,-9.356512,0.001065,-0.00213,0.001065,99640.39,25.61,0.472755
1689.482901,0.011046,-0.07182,0.007182,-9.319842,-9.320121,0.00213,-0.005325,0,99640.39,25.61,0.509146
1689.494196,0.011294,-0.090972,0.026334,-9.30069,-9.301172,0.00213,-0.007455,0.00213,99640.39,25.61,0.528095
1689.505232,0.011036,-0.10773,0.009576,-9.28872,-9.28935,0.00213,-0.003195,0.001065,99640.39,25.61,0.539917
1689.516466,0.011234,-0.074214,-0.002394,-9.317448,-9.317744,0,-0.00426,0.001065,99640.39,25.61,0.511523
1689.527745,0.011278,-0.090972,0.002394,-9.341388,-9.341831,0,-0.005325,0.00213,99639.39,25.61,0.487436
1689.538802,0.011057,-0.055062,-0.026334,-9.281538,-9.281739,0.00426,-0.003195,0,99639.39,25.61,0.547528
1689.55007,0.011268,-0.062244,-0.045486,-9.28872,-9.28904,0.001065,-0.005325,0.00213,99639.39,25.61,0.540227
1689.561231,0.011161,-0.100548,0.016758,-9.32463,-9.325187,0.003195,-0.005325,0.00213,99639.39,25.61,0.50408
1689.57235,0.011119,-0.05985,-0.050274,-9.303084,-9.303412,0.003195,-0.003195,0.001065,99639.39,25.61,0.525855
1689.583539,0.011189,-0.098154,-0.019152,-9.28872,-9.289258,-0.001065,-0.00852,0.00213,99639.39,25.61,0.540009
1689.594794,0.011255,-0.064638,-0.009576,-9.31266,-9.312889,0.00426,-0.003195,0.001065,99638.46,25.61,0.516378
1689.605909,0.011115,-0.07182,-0.019152,-9.317448,-9.317744,0.00213,-0.005325,0.003195,99638.46,25.61,0.511523
1689.617088,0.011179,-0.07182,-0.01197,-9.331812,-9.332096,-0.001065,-0.00213,0.00213,99638.46,25.61,0.497171
1689.628266,0.011178,-0.07182,-0.028728,-9.338994,-9.339314,0.00213,-0.005325,0.00639,99638.46,25.61,0.489953
1689.639513,0.011248,-0.086184,0.019152,-9.315054,-9.315472,0.003195,-0.00639,0.001065,99638.46,25.61,0.513795
1689.650694,0.011181,-0.093366,-0.014364,-9.31266,-9.313139,0.00213,-0.003195,0.001065,99637.6,25.61,0.516128
1689.661855,0.011161,-0.098154,0.02394,-9.34857,-9.349116,0.001065,-0.00426,0.00213,99637.6,25.61,0.480151
1689.672995,0.011139,-0.07182,0.002394,-9.355752,-9.356028,0.001065,-0.00213,0.001065,99637.6,25.61,0.473239
1689.684234,0.01124,-0.05985,0.007182,-9.379692,-9.379886,0.001065,-0.007455,0.003195,99637.6,25.61,0.449381
1689.695525,0.011291,-0.076608,0.004788,-9.362934,-9.363249,0,-0.00426,0.001065,99637.6,25.61,0.466018
1689.706902,0.011376,-0.055062,0.002394,-9.34857,-9.348732,-0.001065,-0.00426,0.001065,99637.6,25.61,0.480535
1689.717814,0.010912,-0.062244,0.02394,-9.334206,-9.334444,0.00213,-0.005325,0.00213,99637.6,25.61,0.494823
1689.728952,0.011138,-0.079002,0.019152,-9.338994,-9.339348,0,-0.005325,0.00426,99637.6,25.61,0.489919
1689.740202,0.01125,-0.052668,0.052668,-9.3366,-9.336897,0.001065,-0.007455,0.003195,99637.6,25.61,0.49237
1689.751407,0.011205,-0.067032,0.019152,-9.358146,-9.358406,0.00213,-0.00213,0.001065,99637.6,25.61,0.470861
1689.762613,0.011207,-0.07182,0.014364,-9.34857,-9.348857,0.001065,-0.005325,0.001065,99637.6,25.61,0.48041
1689.773735,0.011122,-0.038304,0.050274,-9.327024,-9.327238,0.00213,-0.00639,0.003195,99637.6,25.61,0.502029
1689.784996,0.01126,-0.05985,-0.019152,-9.315054,-9.315266,0.00213,-0.001065,0.003195,99636.71,25.61,0.514001
1689.796191,0.011195,-0.086184,0.038304,-9.31266,-9.313138,0,-0.00639,0.00213,99636.71,25.61,0.516129
1689.80733,0.011139,-0.076608,0.016758,-9.3366,-9.336929,0.00213,-0.00426,0.003195,99636.71,25.61,0.492338
1689.81847,0.01114,-0.05985,0.01197,-9.303084,-9.303284,0.003195,-0.003195,0.00213,99636.71,25.61,0.525983
1689.829586,0.011116,-0.081396,0.028728,-9.303084,-9.303484,0.00213,-0.00852,0.003195,99636.71,25.61,0.525783
1689.840802,0.011216,-0.100548,0.004788,-9.329418,-9.329961,0.001065,-0.005325,0.00213,99636.71,25.61,0.499306
1689.852121,0.011319,-0.038304,-0.019152,-9.327024,-9.327122,0,-0.001065,0.001065,99635.78,25.61,0.502145
1689.863196,0.011075,-0.064638,0.004788,-9.343782,-9.344007,0,-0.005325,0.001065,99635.78,25.61,0.48526
1689.874488,0.011292,-0.055062,-0.009576,-9.3366,-9.336767,0.00213,-0.005325,0.00426,99635.78,25.61,0.4925
1689.885653,0.011165,-0.076608,0.002394,-9.322236,-9.322551,0.00213,-0.00852,0.00213,99635.78,25.61,0.506716
1689.896678,0.011025,-0.090972,0.007182,-9.358146,-9.358591,0.00213,-0.005325,0.003195,99635.78,25.61,0.470676
1689.907974,0.011296,-0.10773,-0.009576,-9.293508,-9.294137,0.00213,-0.005325,0.003195,99634.83,25.61,0.53513
1689.919085,0.011111,-0.08379,0.009576,-9.315054,-9.315436,0,-0.007455,0.001065,99634.83,25.61,0.513831
1689.930277,0.011192,-0.074214,-0.007182,-9.362934,-9.363231,0.00426,-0.00426,0.00426,99634.83,25.61,0.466036
1689.941558,0.011281,-0.079002,0.026334,-9.319842,-9.320214,0.00213,-0.00639,0.00213,99634.83,25.61,0.509053
1689.952638,0.01108,-0.074214,-0.014364,-9.338994,-9.3393,0.00213,-0.00639,0.00213,99634.83,25.61,0.489967
1689.963867,0.011229,-0.074214,-0.009576,-9.295902,-9.296203,0.001065,-0.005325,0.00213,99634.83,25.61,0.533064
1689.975203,0.011335,-0.074214,0.019152,-9.319842,-9.320157,0,-0.00213,0.001065,99634.19,25.61,0.50911
1689.986177,0.010975,-0.069426,0.004788,-9.305478,-9.305738,0.00426,-0.00426,0.001065,99634.19,25.61,0.523529
1689.997355,0.011178,-0.08379,-0.02394,-9.27675,-9.277159,0.001065,-0.00639,0.00213,99634.19,25.61,0.552108
1690.008549,0.011193,-0.040698,0.01197,-9.353358,-9.353454,0.00213,-0.00639,0,99634.19,25.61,0.475813
1690.019754,0.011205,-0.040698,-0.014364,-9.331812,-9.331912,0.00213,-0.00426,0.00213,99634.19,25.61,0.497355
1690.030917,0.011163,-0.067032,0.043092,-9.341388,-9.341728,0.003195,-0.00426,0.00426,99634.19,25.61,0.487539
1690.042169,0.011252,-0.05985,0.002394,-9.346176,-9.346368,0.003195,-0.00426,0.00213,99634.19,25.61,0.482899
1690.053238,0.011069,-0.086184,-0.004788,-9.307872,-9.308272,-0.001065,-0.005325,-0.001065,99634.19,25.61,0.520995
1690.064463,0.011226,-0.062244,0.040698,-9.293508,-9.293806,0.001065,-0.003195,0.003195,99634.19,25.61,0.535461
1690.075666,0.011203,-0.081396,-0.01197,-9.31266,-9.313023,0.00213,-0.00639,0.00213,99634.19,25.61,0.516244
1690.086876,0.01121,-0.074214,0.02394,-9.331812,-9.332138,0.00213,-0.00639,-0.001065,99634.19,25.61,0.497129
1690.098027,0.01115,-0.050274,0.014364,-9.317448,-9.317595,0.001065,-0.00426,0.00213,99633.44,25.61,0.511672
1690.109199,0.011173,-0.112518,-0.040698,-9.329418,-9.330185,0.003195,-0.00639,0.00426,99633.44,25.61,0.499082
1690.120436,0.011237,-0.050274,-0.02394,-9.293508,-9.293675,0.001065,-0.003195,0.001065,99633.44,25.61,0.535592
1690.131669,0.011232,-0.074214,0.026334,-9.305478,-9.305811,0.003195,-0.00639,0.00213,99633.44,25.61,0.523456
1690.142724,0.011056,-0.093366,0.02394,-9.32463,-9.325128,0.001065,-0.003195,0.003195,99633.44,25.61,0.504139
1690.154518,0.011794,-0.04788,0.014364,-9.27675,-9.276885,0.00213,-0.00426,0.003195,99633.44,25.61,0.552382
1690.165104,0.010586,-0.057456,-0.002394,-9.322236,-9.322413,0.001065,-0.00639,0.001065,99632.72,25.61,0.506854
1690.176338,0.011234,-0.07182,0.016758,-9.346176,-9.346467,0.00426,-0.005325,0.003195,99632.72,25.61,0.4828
1690.187748,0.01141,-0.079002,0,-9.310266,-9.310601,0.003195,-0.00639,0.001065,99632.72,25.61,0.518666
1690.198775,0.011027,-0.052668,0.007182,-9.331812,-9.331963,0.001065,-0.00639,0.00213,99632.72,25.61,0.497304
1690.209864,0.011089,-0.062244,-0.009576,-9.327024,-9.327237,0,-0.00639,0.001065,99632.72,25.61,0.50203
1690.221058,0.011194,-0.079002,0.01197,-9.315054,-9.315397,-0.001065,-0.003195,-0.00213,99632.72,25.61,0.51387
1690.232762,0.011704,-0.081396,0.016758,-9.30069,-9.301061,0.001065,-0.003195,0.00213,99631.95,25.61,0.528206
1690.243429,0.010668,-0.05985,-0.004788,-9.350964,-9.351157,0.00213,-0.00426,0.00213,99631.95,25.61,0.47811
1690.254731,0.011302,-0.086184,0.01197,-9.331812,-9.332218,0.00213,-0.00426,0.00213,99631.95,25.61,0.497049
1690.265785,0.011053,-0.067032,0.014364,-9.310266,-9.310518,0,-0.003195,0,99631.95,25.61,0.518749
1690.277038,0.011253,-0.026334,0.01197,-9.322236,-9.322281,0.003195,-0.005325,0.00213,99631.95,25.61,0.506986
1690.288214,0.011176,-0.079002,-0.002394,-9.334206,-9.334541,0,-0.00639,0.00213,99631.95,25.61,0.494726
1690.299418,0.011204,-0.100548,0.02394,-9.315054,-9.315627,0.001065,-0.005325,0.005325,99631.27,25.61,0.51364
1690.310555,0.011137,-0.074214,0.019152,-9.310266,-9.310581,0.001065,-0.00639,0.00426,99631.27,25.61,0.518686
1690.321705,0.011151,-0.081396,-0.007182,-9.329418,-9.329776,0.00213,-0.00639,0.00426,99631.27,25.61,0.499491
1690.33291,0.011204,-0.07182,0.02394,-9.303084,-9.303392,0.00213,-0.00426,0.00426,99631.27,25.61,0.525875
1690.344197,0.011287,-0.081396,0.026334,-9.329418,-9.32981,0.001065,-0.00426,0.001065,99631.27,25.61,0.499457
1690.355774,0.011577,-0.052668,-0.002394,-9.365328,-9.365476,0.003195,-0.005325,0.001065,99631.27,25.61,0.463791
1690.366475,0.010701,-0.050274,0.02394,-9.327024,-9.32719,0,-0.00852,0.00426,99631.27,25.61,0.502077
1690.377611,0.011136,-0.064638,-0.002394,-9.291114,-9.291339,0,-0.00426,0.00213,99631.27,25.61,0.537928
1690.388868,0.011257,-0.07182,0.014364,-9.327024,-9.327312,0.003195,-0.007455,0.00213,99631.27,25.61,0.501955
1690.400007,0.011139,-0.074214,0.016758,-9.322236,-9.322546,0.00213,-0.003195,0.001065,99631.27,25.61,0.506721
1690.411434,0.011427,-0.05985,-0.002394,-9.267174,-9.267368,0.003195,-0.005325,0.001065,99631.27,25.61,0.561899
1690.422457,0.011023,-0.088578,0.043092,-9.322236,-9.322756,0.001065,-0.007455,0.003195,99630.57,25.61,0.506511
1690.433582,0.011125,-0.076608,0.021546,-9.322236,-9.322576,0.003195,-0.00426,0.001065,99630.57,25.61,0.506691
1690.444797,0.011215,-0.05985,0.026334,-9.305478,-9.305708,0.00213,-0.00639,0.001065,99630.57,25.61,0.523559
1690.456001,0.011204,-0.07182,0.007182,-9.305478,-9.305758,0.00213,-0.003195,0.00213,99630.57,25.61,0.523509
1690.467104,0.011103,-0.067032,0,-9.331812,-9.332053,-0.001065,-0.003195,-0.001065,99630.57,25.61,0.497214
1690.478481,0.011377,-0.076608,-0.002394,-9.346176,-9.34649,0.001065,-0.003195,0,99630.57,25.61,0.482777
1690.489755,0.011274,-0.062244,-0.016758,-9.305478,-9.305701,0,-0.00426,0.001065,99629.9,25.61,0.523566
1690.500912,0.011158,-0.064638,-0.009576,-9.331812,-9.332041,0.00213,-0.00639,0.00213,99629.9,25.61,0.497226
1690.512139,0.011227,-0.088578,0.028728,-9.32463,-9.325095,0.00213,-0.003195,0.001065,99629.9,25.61,0.504172
1690.523161,0.011022,-0.050274,0,-9.293508,-9.293644,0.001065,-0.001065,0.003195,99629.9,25.61,0.535623
1690.534294,0.011133,-0.102942,-0.007182,-9.343782,-9.344352,0.00213,-0.00639,0.001065,99629.9,25.61,0.484915
1690.545374,0.01108,-0.07182,0.016758,-9.338994,-9.339285,-0.001065,-0.005325,0.003195,99629.9,25.61,0.489982
1690.556616,0.011242,-0.052668,-0.026334,-9.322236,-9.322422,0.003195,-0.003195,0.001065,99629.03,25.61,0.506845
1690.567811,0.011195,-0.062244,0.009576,-9.322236,-9.322449,0,-0.005325,0.001065,99629.03,25.61,0.506818
1690.579055,0.011244,-0.081396,0.007182,-9.331812,-9.33217,0.00426,-0.005325,0.00426,99629.03,25.61,0.497097
1690.590277,0.011222,-0.069426,-0.007182,-9.346176,-9.346437,0.001065,-0.00426,-0.001065,99629.03,25.61,0.48283
1690.601312,0.011036,-0.067032,0.016758,-9.338994,-9.33925,0,-0.00852,0,99629.03,25.61,0.490017
1690.613039,0.011727,-0.07182,0.014364,-9.327024,-9.327312,0,-0.00426,0,99628.35,25.61,0.501955
1690.623715,0.010676,-0.050274,0.019152,-9.305478,-9.305634,0,-0.001065,0,99628.35,25.61,0.523633
1690.635011,0.011296,-0.112518,0.016758,-9.293508,-9.294204,0.00213,-0.00426,0,99628.35,25.61,0.535063
1690.646101,0.01109,-0.057456,0.026334,-9.307872,-9.308087,0.00213,-0.005325,0,99628.35,25.61,0.52118
1690.657241,0.011141,-0.098154,0.01197,-9.32463,-9.325154,0.00213,-0.003195,0.00213,99628.35,25.61,0.504113
1690.668665,0.011424,-0.079002,0.016758,-9.317448,-9.317798,0.001065,-0.005325,0,99628.35,25.61,0.511469
1690.679679,0.011014,-0.074214,0.021546,-9.305478,-9.305799,0.003195,-0.007455,0.00426,99627.47,25.61,0.523468
1690.690863,0.011184,-0.07182,0.028728,-9.310266,-9.310587,0.00213,-0.005325,0.00213,99627.47,25.61,0.51868
1690.70197,0.011107,-0.064638,0.026334,-9.32463,-9.324891,0.00213,-0.00426,0,99627.47,25.61,0.504376
1690.713182,0.011212,-0.076608,0.014364,-9.322236,-9.322562,0.00213,-0.005325,0,99627.47,25.61,0.506705
1690.724338,0.011156,-0.064638,0.02394,-9.317448,-9.317703,0,-0.007455,0,99627.47,25.61,0.511564
1690.736112,0.011774,-0.050274,-0.021546,-9.30069,-9.300851,0.003195,-0.00426,0.001065,99627.47,25.61,0.528416
1690.747265,0.011154,-0.086184,-0.002394,-9.291114,-9.291514,0,-0.00426,-0.001065,99627.47,25.61,0.537753
1690.757965,0.0107,-0.079002,0,-9.32463,-9.324965,0.001065,-0.005325,0.001065,99627.47,25.61,0.504302
1690.769075,0.01111,-0.079002,-0.009576,-9.322236,-9.322576,0.001065,-0.00426,0.00426,99627.47,25.61,0.506691
1690.780275,0.0112,-0.069426,-0.02394,-9.32463,-9.324919,-0.001065,-0.005325,0.003195,99627.47,25.61,0.504348
1690.791629,0.011354,-0.079002,0.004788,-9.317448,-9.317784,0.00213,-0.00426,0.001065,99627.47,25.61,0.511483
1690.80273,0.011101,-0.079002,0.004788,-9.343782,-9.344117,0.003195,-0.005325,0.00213,99627.47,25.61,0.48515
1690.813888,0.011159,-0.052668,-0.007182,-9.322236,-9.322388,0.00213,-0.007455,0.003195,99626.85,25.61,0.506879
1690.825045,0.011156,-0.081396,0.002394,-9.317448,-9.317804,0.00213,-0.007455,0.003195,99626.85,25.61,0.511463
1690.836328,0.011283,-0.07182,0.014364,-9.32463,-9.324918,0.001065,-0.003195,0.00213,99626.85,25.61,0.504349
1690.847505,0.011178,-0.074214,0.004788,-9.307872,-9.308169,0.001065,-0.003195,0.001065,99626.85,25.61,0.521098
1690.858715,0.01121,-0.045486,-0.009576,-9.327024,-9.32714,0.00426,-0.003195,0.00213,99626.85,25.61,0.502127
1690.869763,0.011048,-0.098154,0.009576,-9.327024,-9.327545,0.00426,-0.005325,0.00213,99626.24,25.61,0.501722
1690.880915,0.011153,-0.03591,0.02394,-9.362934,-9.363033,0.00213,-0.00213,0.00213,99626.24,25.61,0.466234
1690.892246,0.011331,-0.07182,-0.004788,-9.315054,-9.315332,0.00213,-0.00426,0.00213,99626.24,25.61,0.513935
1690.90335,0.011104,-0.04788,-0.009576,-9.389268,-9.389395,0.00213,-0.005325,0.003195,99626.24,25.61,0.439872
1690.914725,0.011375,-0.088578,0.019152,-9.367722,-9.36816,0.00213,-0.005325,0.005325,99626.24,25.61,0.461107
1690.925755,0.011029,-0.05985,0.002394,-9.39645,-9.396641,0.00213,-0.005325,0.00213,99626.24,25.61,0.432626
1690.936904,0.01115,-0.028728,0.009576,-9.398844,-9.398893,-0.001065,-0.003195,0.001065,99625.54,25.61,0.430374
1690.948061,0.011157,-0.074214,0.043092,-9.40842,-9.408811,0.00426,-0.003195,0.00213,99625.54,25.61,0.420456
1690.959263,0.011202,-0.069426,0.004788,-9.42039,-9.420647,0.00213,-0.00426,-0.001065,99625.54,25.61,0.40862
1690.970428,0.011165,-0.055062,0.014364,-9.439542,-9.439714,0.00213,-0.007455,0.00213,99625.54,25.61,0.389553
1690.981636,0.011208,-0.069426,-0.007182,-9.4563,-9.456558,0,-0.00639,0.001065,99625.54,25.61,0.372709
1690.992828,0.011192,-0.055062,0.004788,-9.437148,-9.43731,0.00639,-0.005325,0,99625.54,25.61,0.391957
1691.004057,0.011229,-0.069426,0,-9.485028,-9.485282,-0.001065,-0.00426,0.003195,99624.96,25.61,0.343985
1691.015218,0.011161,-0.076608,-0.021546,-9.446724,-9.447059,0.003195,-0.00639,0.003195,99624.96,25.61,0.382208
1691.026344,0.011127,-0.074214,0.002394,-9.4563,-9.456592,0.00213,-0.005325,0.00213,99624.96,25.61,0.372675
1691.037604,0.01126,-0.09576,0.02394,-9.475452,-9.475966,0,-0.00639,0.005325,99624.96,25.61,0.353301
1691.048679,0.011075,-0.08379,0.01197,-9.463482,-9.463861,0.00213,-0.005325,0.00213,99624.96,25.61,0.365406
1691.059947,0.011268,-0.05985,0.016758,-9.477846,-9.47805,0.00426,-0.003195,0.001065,99624.96,25.61,0.351217
1691.071297,0.01135,-0.079002,-0.009576,-9.463482,-9.463817,0.00213,-0.001065,-0.001065,99624.96,25.61,0.36545
1691.082304,0.011007,-0.076608,0.045486,-9.482634,-9.483053,0.00426,-0.00639,0.001065,99624.96,25.61,0.346214
1691.093426,0.011122,-0.069426,0.026334,-9.489816,-9.490106,0.001065,-0.003195,-0.001065,99624.96,25.61,0.339161
1691.104617,0.011192,-0.076608,-0.002394,-9.487422,-9.487732,0.00213,-0.005325,0.001065,99624.96,25.61,0.341535
1691.116398,0.01178,-0.100548,0.004788,-9.485028,-9.485562,0.003195,-0.00426,0.00213,99624.96,25.61,0.343705
1691.127088,0.01069,-0.055062,-0.002394,-9.51615,-9.51631,0.003195,-0.007455,0.00426,99624.52,25.61,0.312957
1691.138198,0.01111,-0.064638,0.026334,-9.499392,-9.499648,0.001065,-0.001065,0.001065,99624.52,25.61,0.329619
1691.149352,0.011154,-0.04788,-0.004788,-9.506574,-9.506696,0,-0.005325,0,99624.52,25.61,0.322571
1691.160554,0.011202,-0.050274,0.002394,-9.501786,-9.501919,0.001065,-0.003195,0.001065,99624.52,25.61,0.327348
1691.171799,0.011245,-0.102942,-0.014364,-9.523332,-9.523899,0.00213,-0.005325,0.003195,99624.52,25.61,0.305368
1691.182919,0.01112,-0.05985,0.009576,-9.508968,-9.509161,0.00213,-0.005325,0.005325,99624.52,25.61,0.320106
1691.193003,0.010084,-0.07182,0,-9.511362,-9.511633,0.003195,-0.00852,0.003195,99624.04,25.61,0.317634
1691.203083,0.01008,-0.064638,-0.002394,-9.55206,-9.552279,0.001065,-0.003195,0.001065,99624.04,25.61,0.276988
1691.213313,0.01023,-0.086184,0.026334,-9.559242,-9.559667,0.003195,-0.00639,0.001065,99624.04,25.61,0.2696
1691.223413,0.010099,-0.079002,-0.014364,-9.547272,-9.54761,0.001065,-0.00426,0.001065,99624.04,25.61,0.281657
1691.2335,0.010087,-0.069426,0.004788,-9.578394,-9.578647,0,-0.007455,0.003195,99624.04,25.61,0.25062
1691.243593,0.010093,-0.07182,0,-9.576,-9.576269,0.001065,-0.00426,0.001065,99624.04,25.61,0.252998
1691.253684,0.010091,-0.07182,0.01197,-9.580788,-9.581065,0.00213,-0.005325,0.001065,99624.04,25.61,0.248202
1691.263798,0.010113,-0.062244,0.019152,-9.561636,-9.561858,-0.00213,-0.003195,0.00213,99623.58,25.61,0.267409
1691.27391,0.010112,-0.057456,0.033516,-9.559242,-9.559473,0.00213,-0.00639,0.001065,99623.58,25.61,0.269794
1691.284209,0.010298,-0.090972,0.033516,-9.580788,-9.581279,0.00213,-0.00213,0,99623.58,25.61,0.247988
1691.294306,0.010098,-0.076608,-0.01197,-9.585576,-9.58589,0,-0.005325,0.001065,99623.58,25.61,0.243377
1691.304444,0.010137,-0.081396,0.014364,-9.55206,-9.552418,0.00213,-0.00852,0.003195,99623.58,25.61,0.276849
1691.314544,0.010101,-0.13167,0.016758,-9.568818,-9.569739,0,-0.00852,0.003195,99623.58,25.61,0.259528
1691.324651,0.010107,-0.064638,0.038304,-9.602334,-9.602628,0.00213,-0.00426,0.001065,99623.02,25.61,0.226639
1691.334744,0.010093,-0.074214,0.019152,-9.58797,-9.588276,0.00426,-0.005325,0.00213,99623.02,25.61,0.240991
1691.344834,0.01009,-0.088578,0.016758,-9.58797,-9.588394,0.001065,-0.00426,0.00213,99623.02,25.61,0.240873
1691.354926,0.010093,-0.076608,-0.007182,-9.56403,-9.56434,0.00426,-0.005325,0.003195,99623.02,25.61,0.264927
1691.365041,0.010115,-0.050274,-0.007182,-9.595152,-9.595286,0.001065,-0.00213,0.00213,99623.02,25.61,0.233981
1691.375137,0.010096,-0.057456,0.004788,-9.628668,-9.628841,0.001065,-0.00852,0.001065,99623.02,25.61,0.200426
1691.385252,0.010115,-0.057456,-0.014364,-9.609516,-9.609699,0,-0.005325,0.001065,99623.02,25.61,0.219568
1691.395368,0.010116,-0.067032,-0.028728,-9.640638,-9.640914,0,-0.003195,0.00426,99623.02,25.61,0.188353
1691.40548,0.010112,-0.07182,-0.016758,-9.619092,-9.619375,0.003195,-0.005325,0.001065,99623.02,25.61,0.209892
1691.415582,0.010102,-0.045486,0.004788,-9.628668,-9.628777,0.003195,-0.00426,0.00213,99623.02,25.61,0.20049
1691.425724,0.010142,-0.076608,-0.02394,-9.607122,-9.607457,0.001065,-0.003195,0.00213,99623.02,25.61,0.22181
1691.435832,0.010109,-0.052668,0,-9.676548,-9.676691,0.00213,-0.00639,0.00213,99623.02,25.61,0.152576
1691.445955,0.010123,-0.062244,0.002394,-9.65979,-9.659991,0.001065,-0.00639,0.003195,99622.6,25.61,0.169276
1691.456042,0.010087,-0.079002,-0.014364,-9.657396,-9.65773,0.00213,-0.00639,0,99622.6,25.61,0.171537
1691.466219,0.010176,-0.093366,0.019152,-9.690912,-9.691381,0.00213,-0.00426,0.003195,99622.6,25.61,0.137886
1691.47632,0.010101,-0.090972,0.040698,-9.666972,-9.667486,0.003195,-0.003195,0.00213,99622.6,25.61,0.161781
1691.486737,0.010418,-0.086184,0.033516,-9.650214,-9.650657,0.001065,-0.007455,0.001065,99622.6,25.61,0.17861
1691.497271,0.010533,-0.112518,0.067032,-9.73161,-9.732491,0.00426,-0.00426,0.003195,99622.6,25.61,0.096776
1691.507873,0.010602,-0.098154,0.026334,-9.68373,-9.684263,0.001065,-0.003195,0.00426,99622.6,25.61,0.145004
1691.518044,0.010171,-0.117306,0.052668,-9.67176,-9.672615,0.003195,-0.00426,-0.001065,99622.22,25.61,0.156652
1691.528145,0.010101,-0.134064,0.019152,-9.712458,-9.713402,0,-0.00213,0.001065,99622.22,25.61,0.115865
1691.538274,0.01013,-0.081396,0.007182,-9.736398,-9.736741,0.001065,-0.00639,0.001065,99622.22,25.61,0.092526
1691.548361,0.010087,-0.105336,0.009576,-9.710064,-9.71064,0.003195,-0.003195,0.003195,99622.22,25.61,0.118627
1691.558455,0.010093,-0.081396,-0.019152,-9.73161,-9.731969,0.00213,-0.00426,0.001065,99622.22,25.61,0.097298
1691.568548,0.010094,-0.076608,0.016758,-9.702882,-9.703199,0.001065,-0.00426,0.001065,99622.22,25.61,0.126068
1691.578647,0.010098,-0.129276,-0.002394,-9.681336,-9.682199,0.00426,-0.00639,0.00213,99621.71,25.61,0.147068
1691.588778,0.010131,-0.055062,0.004788,-9.710064,-9.710221,0.003195,-0.00426,0.001065,99621.71,25.61,0.119046
1691.598868,0.010089,-0.067032,0.026334,-9.71964,-9.719907,0.001065,-0.003195,0.00213,99621.71,25.61,0.10936
1691.608969,0.010101,-0.088578,-0.009576,-9.717246,-9.717654,0.00213,-0.005325,0.003195,99621.71,25.61,0.111613
1691.619092,0.010124,-0.01197,-0.064638,-9.741186,-9.741408,0.00213,-0.00639,0.00213,99621.71,25.61,0.087859
1691.629176,0.010084,0.043092,-0.067032,-9.75555,-9.755875,0.001065,-0.003195,0.00213,99621.71,25.61,0.073392
1691.639266,0.01009,0,-0.088578,-9.813006,-9.813406,0.001065,-0.00426,0.003195,99621.36,25.61,0.015861
1691.649374,0.010108,0.057456,-0.067032,-9.805824,-9.806221,0.00213,-0.00426,0.00213,99621.36,25.61,0.023046
1691.659472,0.010098,0.026334,-0.064638,-9.77949,-9.779739,0.00213,-0.003195,0.003195,99621.36,25.61,0.049528
1691.669557,0.010085,-0.040698,-0.009576,-9.796248,-9.796337,0.00213,-0.00852,0.003195,99621.36,25.61,0.03293
1691.679669,0.010112,-0.050274,0.02394,-9.75555,-9.755709,0.00213,-0.00852,0.003195,99621.36,25.61,0.073558
1691.689759,0.01009,-0.093366,0.05985,-9.741186,-9.741817,0.001065,-0.00639,0.005325,99621.36,25.61,0.08745
1691.699852,0.010093,-0.074214,0.050274,-9.777096,-9.777507,0.001065,-0.00639,0.00426,99621.36,25.61,0.05176
1691.709941,0.010089,-0.105336,0.064638,-9.789066,-9.789846,0,-0.00426,0.003195,99621.36,25.61,0.039421
1691.720329,0.010389,-0.138852,0.08379,-9.765126,-9.766473,0.001065,-0.005325,0.003195,99621.36,25.61,0.062794
1691.730421,0.010091,-0.117306,0.076608,-9.789066,-9.790069,0.00213,-0.00426,0.003195,99621.36,25.61,0.039198
1691.740522,0.010101,-0.129276,0.079002,-9.810612,-9.811782,0,-0.00213,0.003195,99621.36,25.61,0.017485
1691.750623,0.010101,-0.136458,0.10773,-9.810612,-9.812152,0.00213,-0.007455,0.001065,99621.36,25.61,0.017115
1691.760748,0.010124,-0.201096,0.076608,-9.798642,-9.801005,-0.001065,-0.00639,0.001065,99621.36,25.61,0.028262
1691.770862,0.010114,-0.19152,0.062244,-9.817794,-9.819859,0.00213,-0.00213,-0.00213,99620.99,25.61,0.009408
1691.780995,0.010133,-0.15561,0.067032,-9.832158,-9.833618,0.00213,-0.00213,-0.00213,99620.99,25.61,-0.004351
1691.791094,0.010099,-0.141246,-0.01197,-9.848916,-9.849936,0.001065,-0.00213,-0.00213,99620.99,25.61,-0.020669
1691.801181,0.010088,-0.098154,0.03591,-9.85131,-9.851864,0.001065,-0.005325,0,99620.99,25.61,-0.022597
1691.811273,0.010092,-0.098154,-0.040698,-9.865674,-9.866246,0.00213,-0.00426,-0.00213,99620.99,25.61,-0.036979
1691.821385,0.010112,-0.033516,-0.050274,-9.848916,-9.849101,0.00213,-0.005325,-0.001065,99620.99,25.61,-0.019834
1691.831478,0.010092,-0.019152,-0.062244,-9.86328,-9.863495,0,-0.005325,-0.001065,99620.58,25.61,-0.034228
1691.841586,0.010108,-0.040698,-0.07182,-9.836946,-9.837292,0.003195,-0.007455,0.001065,99620.58,25.61,-0.008025
1691.851667,0.010082,-0.045486,-0.062244,-9.841734,-9.842036,-0.001065,-0.00852,0.001065,99620.58,25.61,-0.012769
1691.86179,0.010123,-0.02394,-0.05985,-9.824976,-9.825187,0,-0.003195,0.003195,99620.58,25.61,0.00408
1691.871877,0.010087,-0.021546,-0.04788,-9.83934,-9.83948,0.00213,-0.00639,0.003195,99620.58,25.61,-0.010213
1691.881965,0.010088,0.004788,-0.055062,-9.834552,-9.834707,0,-0.003195,0,99620.58,25.61,-0.00544
1691.892061,0.010096,-0.004788,-0.007182,-9.832158,-9.832162,0.00213,-0.003195,0.00426,99620.58,25.61,-0.002895
1691.902252,0.010191,0.031122,-0.026334,-9.817794,-9.817879,0,-0.003195,0.00213,99620.35,25.61,0.011388
1691.912352,0.010101,0.01197,-0.021546,-9.836946,-9.836977,0.00213,-0.005325,0.00426,99620.35,25.61,-0.00771
1691.922446,0.010093,-0.014364,0.019152,-9.82737,-9.827399,0.00213,-0.005325,0.003195,99620.35,25.61,0.001868
1691.932564,0.010119,-0.043092,0.045486,-9.772308,-9.772509,0.001065,-0.005325,0.00213,99620.35,25.61,0.056758
1691.943571,0.011007,-0.093366,0.076608,-9.774702,-9.775448,0.00426,-0.005325,0.005325,99620.35,25.61,0.053819
1691.954833,0.011261,-0.076608,0.08379,-9.789066,-9.789724,0.00426,-0.005325,0.00213,99620.35,25.61,0.039543
1691.965884,0.011051,-0.074214,0.100548,-9.781884,-9.782682,0.003195,-0.005325,0.00426,99620.02,25.61,0.046585
1691.976092,0.010208,-0.122094,0.074214,-9.762732,-9.763777,0.00213,-0.00426,0.00213,99620.02,25.61,0.06549
1691.98829,0.012198,-0.129276,0.074214,-9.765126,-9.766264,0.003195,-0.00639,0,99620.02,25.61,0.063003
1691.999532,0.011241,-0.110124,0.043092,-9.793854,-9.794568,0,-0.005325,0.001065,99620.02,25.61,0.034699
1692.010683,0.011151,-0.1197,0.043092,-9.757944,-9.758773,-0.00213,-0.00639,-0.001065,99620.02,25.61,0.070494
1692.020767,0.010084,-0.134064,0.016758,-9.760338,-9.761273,0.00213,-0.00639,-0.001065,99620.02,25.61,0.067994
1692.030861,0.010094,-0.136458,0.031122,-9.769914,-9.770916,0.001065,-0.005325,0.001065,99619.76,25.61,0.058351
1692.040967,0.010107,-0.122094,0.002394,-9.769914,-9.770677,0.00213,-0.003195,0.001065,99619.76,25.61,0.05859
1692.05105,0.010083,-0.150822,-0.02394,-9.810612,-9.8118,0.001065,-0.00639,-0.001065,99619.76,25.61,0.017467
1692.061158,0.010107,-0.13167,-0.01197,-9.813006,-9.813897,0.00426,-0.00213,-0.001065,99619.76,25.61,0.01537
1692.071239,0.010081,-0.112518,-0.028728,-9.79146,-9.792149,0.003195,-0.00639,0.001065,99619.76,25.61,0.037118
1692.08136,0.010121,-0.093366,-0.043092,-9.808218,-9.808757,0,-0.00213,0,99619.76,25.61,0.02051
1692.091463,0.010104,-0.117306,-0.05985,-9.813006,-9.81389,0.001065,-0.00426,0.00213,99619.76,25.61,0.015377
1692.10161,0.010147,-0.074214,-0.040698,-9.829764,-9.830128,0.003195,-0.00426,0.003195,99619.76,25.61,-0.000861
1692.111967,0.010357,-0.064638,-0.050274,-9.85131,-9.85165,0.00213,-0.00426,0.001065,99619.76,25.61,-0.022383
1692.122054,0.010087,-0.081396,-0.057456,-9.848916,-9.84942,-0.00213,-0.00426,0.00213,99619.76,25.61,-0.020153
1692.132164,0.010109,-0.033516,-0.064638,-9.83934,-9.839609,0.001065,-0.00426,0.001065,99619.76,25.61,-0.010342
1692.142284,0.010121,-0.07182,0.002394,-9.853704,-9.853966,0.001065,-0.007455,0.003195,99619.76,25.61,-0.024699
1692.152419,0.010134,-0.050274,-0.01197,-9.853704,-9.85384,0.00213,-0.00426,0.003195,99619.43,25.61,-0.024573
1692.162551,0.010132,-0.033516,0.019152,-9.892008,-9.892083,-0.001065,-0.00426,0.001065,99619.43,25.61,-0.062816
1692.172673,0.010121,-0.03591,0.050274,-9.87525,-9.875443,0.003195,-0.005325,0.00213,99619.43,25.61,-0.046176
1692.182764,0.010091,-0.069426,0.038304,-9.884826,-9.885144,0.001065,-0.00426,0.00213,99619.43,25.61,-0.055877
1692.19285,0.010086,-0.007182,0,-9.86328,-9.863283,0.00213,-0.00426,0.001065,99619.43,25.61,-0.034016
1692.202935,0.010085,-0.050274,0.055062,-9.868068,-9.86835,0.00213,-0.005325,0.00213,99619.43,25.61,-0.039083
1692.213032,0.010097,-0.03591,0.07182,-9.87525,-9.875576,0,-0.00426,0,99619.24,25.61,-0.046309
1692.223176,0.010144,-0.031122,0.050274,-9.846522,-9.8467,0.001065,-0.003195,0.003195,99619.24,25.61,-0.017433
1692.234463,0.011287,-0.090972,0.062244,-9.872856,-9.873471,0.001065,-0.005325,0.00213,99619.24,25.61,-0.044204
1692.24546,0.010997,-0.043092,0.069426,-9.841734,-9.842073,0.003195,-0.005325,-0.00213,99619.24,25.61,-0.012806
1692.256634,0.011173,-0.093366,0.05985,-9.813006,-9.813633,0.001065,-0.005325,0.001065,99619.24,25.61,0.015634
1692.267983,0.011349,-0.098154,0.03591,-9.832158,-9.832713,0,-0.005325,0,99619.24,25.61,-0.003446
1692.279092,0.01111,-0.09576,-0.009576,-9.856098,-9.856568,0.00213,-0.003195,0,99619.03,25.61,-0.027301
1692.290191,0.011099,-0.069426,-0.007182,-9.817794,-9.818042,0.00213,-0.003195,0.001065,99619.03,25.61,0.011225
1692.301388,0.011197,-0.10773,-0.014364,-9.77949,-9.780094,0.001065,-0.005325,0,99619.03,25.61,0.049173
1692.312554,0.011165,-0.102942,-0.033516,-9.808218,-9.808815,-0.001065,-0.003195,0,99619.03,25.61,0.020452
1692.323833,0.01128,-0.100548,-0.014364,-9.813006,-9.813532,-0.001065,-0.00426,0,99619.03,25.61,0.015735
1692.335076,0.011243,-0.117306,-0.045486,-9.777096,-9.777905,-0.001065,-0.003195,0.00213,99619.03,25.61,0.051362
1692.346196,0.01112,-0.13167,-0.043092,-9.748368,-9.749352,0.003195,-0.005325,0.001065,99618.79,25.61,0.079915
1692.357421,0.011225,-0.122094,-0.04788,-9.79146,-9.792338,0.00213,-0.005325,0.003195,99618.79,25.61,0.036929
1692.368502,0.011081,-0.110124,-0.019152,-9.777096,-9.777735,0.00213,-0.00426,0.00213,99618.79,25.61,0.051532
1692.379693,0.011191,-0.102942,-0.02394,-9.786672,-9.787243,0.001065,-0.00426,0.001065,99618.79,25.61,0.042024
1692.390898,0.011205,-0.10773,0.007182,-9.793854,-9.794449,0.00426,-0.005325,0.00426,99618.79,25.61,0.034818
1692.402057,0.011159,-0.114912,0.01197,-9.798642,-9.799323,0.003195,-0.005325,0.003195,99618.79,25.61,0.029944
1692.413306,0.011249,-0.098154,0.007182,-9.77949,-9.779985,0.001065,-0.003195,0.00213,99618.79,25.61,0.049282
1692.424395,0.011089,-0.052668,0.031122,-9.798642,-9.798833,0.00213,0,0.00213,99618.79,25.61,0.030434
1692.435726,0.011331,-0.074214,0.009576,-9.810612,-9.810897,0.00213,-0.005325,0.00213,99618.79,25.61,0.01837
1692.446808,0.011083,-0.057456,0.033516,-9.82737,-9.827595,0.001065,-0.00213,0.001065,99618.79,25.61,0.001672
1692.457954,0.011146,-0.033516,0.052668,-9.817794,-9.817992,0.003195,-0.00213,0.00213,99618.79,25.61,0.011275
1692.469152,0.011198,-0.014364,0.009576,-9.844128,-9.844143,0.00213,-0.00426,0.003195,99618.5,25.61,-0.014876
1692.480366,0.011214,-0.057456,0.019152,-9.848916,-9.849102,0.00213,-0.00426,0.003195,99618.5,25.61,-0.019835
1692.491572,0.011206,-0.088578,0.040698,-9.846522,-9.847005,0.001065,-0.005325,0.001065,99618.5,25.61,-0.017738
1692.502755,0.011183,-0.033516,0.019152,-9.832158,-9.832234,0.003195,-0.005325,0.001065,99618.5,25.61,-0.002967
1692.513998,0.011243,-0.04788,0.052668,-9.856098,-9.856355,0,-0.005325,0.001065,99618.5,25.61,-0.027088
1692.525175,0.011176,-0.040698,0,-9.853704,-9.853788,0.001065,-0.003195,-0.00213,99618.5,25.61,-0.024521
1692.536533,0.011359,-0.028728,0.016758,-9.834552,-9.834608,0.00213,-0.00426,-0.001065,99618.36,25.61,-0.005341
1692.547547,0.011013,-0.055062,0,-9.841734,-9.841888,0.00213,-0.00639,0,99618.36,25.61,-0.012621
1692.558683,0.011137,-0.079002,-0.014364,-9.853704,-9.854031,0.001065,-0.005325,0.001065,99618.36,25.61,-0.024764
1692.569812,0.011129,-0.069426,-0.007182,-9.85131,-9.851557,0.00213,-0.007455,0.00426,99618.36,25.61,-0.02229
1692.581047,0.011235,-0.13167,-0.004788,-9.85131,-9.852191,0.003195,-0.00426,0.003195,99618.36,25.61,-0.022924
1692.592493,0.011445,-0.126882,0.007182,-9.79146,-9.792285,0.001065,-0.00426,0.00213,99618.22,25.61,0.036982
1692.603378,0.010885,-0.110124,0.01197,-9.80343,-9.804056,0.001065,-0.005325,0.005325,99618.22,25.61,0.025211
1692.614628,0.01125,-0.102942,0.01197,-9.832158,-9.832704,0.001065,-0.00426,0.00213,99618.22,25.61,-0.003437
1692.625712,0.011084,-0.100548,-0.021546,-9.808218,-9.808757,0.001065,-0.00426,0.00213,99618.22,25.61,0.02051
1692.636911,0.011198,-0.114912,-0.02394,-9.844128,-9.844828,0.003195,-0.005325,0.003195,99618.22,25.61,-0.015561
1692.648202,0.011292,-0.1197,0.002394,-9.810612,-9.811342,0.003195,-0.005325,0.001065,99618.22,25.61,0.017925
1692.659331,0.011129,-0.079002,0.009576,-9.810612,-9.810935,0.00213,-0.005325,0.00426,99618.06,25.61,0.018332
1692.670488,0.011158,-0.100548,0.009576,-9.817794,-9.818314,0.00213,-0.005325,0.00213,99618.06,25.61,0.010953
1692.681706,0.011217,-0.088578,0.01197,-9.796248,-9.796656,0.001065,-0.00639,0.003195,99618.06,25.61,0.032611
1692.69283,0.011124,-0.079002,-0.016758,-9.834552,-9.834884,0.00213,-0.00639,0.001065,99618.06,25.61,-0.005617
1692.704058,0.011228,-0.062244,0.021546,-9.805824,-9.806045,0.003195,-0.005325,0.00213,99618.06,25.61,0.023222
1692.715272,0.011213,-0.038304,-0.009576,-9.820188,-9.820267,0.00213,-0.00426,0.001065,99618.06,25.61,0.009
1692.726454,0.011182,-0.076608,0.026334,-9.810612,-9.810946,0,-0.00639,0.00426,99618.06,25.61,0.018321
1692.73772,0.011266,-0.02394,0.01197,-9.822582,-9.822618,0.001065,-0.003195,-0.001065,99618.06,25.61,0.006649
1692.74883,0.01111,-0.043092,0.016758,-9.820188,-9.820297,0,-0.007455,0.003195,99618.06,25.61,0.00897
1692.759991,0.011161,-0.04788,0.038304,-9.793854,-9.794046,0,-0.005325,0,99618.06,25.61,0.035221
1692.771173,0.011182,-0.055062,0.031122,-9.80343,-9.803634,-0.001065,-0.001065,0,99618.06,25.61,0.025633
1692.783349,0.012176,-0.076608,0.026334,-9.82737,-9.827704,0.00213,-0.007455,0.00213,99618.01,25.61,0.001563
1692.79376,0.010411,-0.043092,0.016758,-9.808218,-9.808327,0,-0.00426,0.001065,99618.01,25.61,0.02094
1692.804691,0.010931,-0.055062,-0.014364,-9.844128,-9.844292,0.00213,-0.00426,0.00213,99618.01,25.61,-0.015025
1692.815965,0.011274,-0.076608,0.004788,-9.817794,-9.818094,0.001065,-0.005325,0.00213,99618.01,25.61,0.011173
1692.827192,0.011227,-0.079002,-0.026334,-9.834552,-9.834905,0.00426,-0.00639,0.003195,99618.01,25.61,-0.005638
1692.838496,0.011304,-0.100548,0.002394,-9.798642,-9.799158,0.001065,-0.00639,0.001065,99618.01,25.61,0.030109
1692.849518,0.011022,-0.1197,0,-9.856098,-9.856825,0.00213,-0.003195,0.00213,99617.85,25.61,-0.027558
1692.860605,0.011088,-0.100548,-0.014364,-9.841734,-9.842258,0.001065,-0.007455,0.001065,99617.85,25.61,-0.012991
1692.87182,0.011214,-0.117306,-0.014364,-9.853704,-9.854413,0.001065,-0.00213,0.003195,99617.85,25.61,-0.025146
1692.883044,0.011225,-0.067032,-0.033516,-9.846522,-9.846807,0.00213,-0.00426,0.001065,99617.85,25.61,-0.01754
1692.894261,0.011217,-0.112518,-0.01197,-9.85131,-9.85196,0.001065,-0.00852,0.00213,99617.85,25.61,-0.022693
1692.905382,0.011121,-0.088578,-0.004788,-9.85131,-9.851709,0,-0.00426,0.003195,99617.85,25.61,-0.022442
1692.916654,0.011272,-0.074214,-0.004788,-9.80343,-9.803712,0.00213,-0.007455,0.003195,99617.66,25.61,0.025555
1692.927833,0.011179,-0.098154,0.009576,-9.813006,-9.813502,0.003195,-0.005325,0.001065,99617.66,25.61,0.015765
1692.938925,0.011092,-0.088578,0.016758,-9.844128,-9.844541,0,-0.00426,0.003195,99617.66,25.61,-0.015274
1692.950077,0.011151,-0.043092,0.02394,-9.820188,-9.820312,0.00213,-0.00213,0.00213,99617.66,25.61,0.008955
1692.961315,0.011238,-0.052668,0,-9.829764,-9.829905,0.00213,-0.003195,0.00213,99617.66,25.61,-0.000638
1692.972577,0.011261,-0.069426,0.043092,-9.834552,-9.834891,0.00426,-0.00639,0.00426,99617.66,25.61,-0.005624
1692.983981,0.011404,-0.081396,0.043092,-9.824976,-9.825408,0.003195,-0.00639,0.001065,99617.59,25.61,0.003859
1692.99497,0.010989,-0.050274,0,-9.836946,-9.837074,0,-0.003195,0,99617.59,25.61,-0.007807
1693.005991,0.011021,-0.064638,0.026334,-9.80343,-9.803678,0.00213,-0.00639,0.001065,99617.59,25.61,0.025589
1693.017219,0.011228,-0.064638,0.007182,-9.844128,-9.844343,0.001065,-0.005325,0.001065,99617.59,25.61,-0.015076
1693.028382,0.011163,-0.067032,0,-9.829764,-9.829993,0.00426,-0.00426,0.003195,99617.59,25.61,-0.000726
1693.039908,0.011526,-0.093366,0.038304,-9.796248,-9.796768,0.003195,-0.005325,0.00213,99617.59,25.61,0.032499
1693.050849,0.01094,-0.076608,-0.004788,-9.836946,-9.837245,0.001065,-0.003195,0.001065,99617.59,25.61,-0.007978
1693.061934,0.011085,-0.086184,0.009576,-9.798642,-9.799026,0.001065,-0.00852,0.00213,99617.59,25.61,0.030241
1693.073123,0.011189,-0.057456,-0.021546,-9.836946,-9.837137,0.00213,-0.00213,0,99617.59,25.61,-0.00787
1693.0843,0.011177,-0.079002,-0.031122,-9.805824,-9.806192,0.003195,-0.00426,0.00213,99617.59,25.61,0.023075
1693.096556,0.012256,-0.076608,-0.026334,-9.832158,-9.832492,-0.003195,-0.005325,-0.001065,99617.59,25.61,-0.003225
1693.107226,0.010669,-0.062244,-0.050274,-9.836946,-9.837271,0.001065,-0.005325,0.00213,99617.43,25.61,-0.008004
1693.117867,0.010641,-0.067032,-0.014364,-9.810612,-9.810852,0.00213,-0.003195,0.00213,99617.43,25.61,0.018415
1693.12914,0.011273,-0.067032,-0.057456,-9.817794,-9.818191,0.001065,-0.00426,0.00213,99617.43,25.61,0.011076
1693.14028,0.01114,-0.093366,-0.014364,-9.817794,-9.818248,-0.001065,-0.00639,0.003195,99617.43,25.61,0.011019
1693.151552,0.011272,-0.062244,-0.009576,-9.786672,-9.786875,0.001065,-0.005325,0.003195,99617.43,25.61,0.042392
1693.161642,0.01009,-0.086184,-0.007182,-9.841734,-9.842114,0.001065,-0.00213,0.00213,99617.43,25.61,-0.012847
1693.171765,0.010123,-0.086184,0.05985,-9.796248,-9.79681,-0.001065,-0.00639,0.00213,99617.21,25.61,0.032457
1693.181875,0.01011,-0.088578,0.002394,-9.813006,-9.813406,0.003195,-0.00426,0,99617.21,25.61,0.015861
1693.192066,0.01019,-0.102942,0.014364,-9.83934,-9.839889,0.00426,-0.003195,0.00213,99617.21,25.61,-0.010622
1693.202296,0.010231,-0.105336,0.057456,-9.822582,-9.823315,0.00213,-0.005325,0.001065,99617.21,25.61,0.005952
1693.21238,0.010083,-0.074214,0.02394,-9.822582,-9.822892,0.003195,-0.00426,0.003195,99617.21,25.61,0.006375
1693.222485,0.010105,-0.10773,0.05985,-9.832158,-9.83293,0,-0.00639,0.001065,99617.21,25.61,-0.003663
1693.232592,0.010107,-0.074214,0.040698,-9.8154,-9.815765,0.003195,-0.00426,0.001065,99617.05,25.61,0.013502
1693.242679,0.010087,-0.03591,0.014364,-9.822582,-9.822658,-0.001065,-0.00426,0,99617.05,25.61,0.006609
1693.252869,0.01019,-0.110124,0.038304,-9.817794,-9.818486,0.001065,-0.00426,0,99617.05,25.61,0.010781
1693.262962,0.010093,-0.074214,0.014364,-9.848916,-9.849206,0.00213,-0.005325,0.005325,99617.05,25.61,-0.019939
1693.273048,0.010086,-0.062244,0.01197,-9.85131,-9.851514,0.00213,-0.003195,0.00213,99617.05,25.61,-0.022247
1693.28314,0.010091,-0.081396,0.007182,-9.820188,-9.820528,0.00213,-0.00213,0.001065,99617.05,25.61,0.008739
1693.293252,0.010112,-0.050274,-0.009576,-9.832158,-9.832291,0.001065,-0.003195,0.001065,99617.05,25.61,-0.003024
1693.303345,0.010093,-0.050274,-0.014364,-9.836946,-9.837085,0.001065,-0.005325,0,99616.86,25.61,-0.007818
1693.313438,0.010093,-0.081396,-0.009576,-9.829764,-9.830106,0.00213,-0.00639,0.005325,99616.86,25.61,-0.000839
1693.32352,0.010081,-0.079002,-0.019152,-9.83934,-9.839676,0.001065,-0.005325,-0.001065,99616.86,25.61,-0.010409
1693.333636,0.010116,-0.069426,0.002394,-9.836946,-9.837191,0.00426,-0.005325,0,99616.86,25.61,-0.007924
1693.343731,0.010096,-0.062244,-0.04788,-9.820188,-9.820502,0.00213,-0.00852,0.00213,99616.86,25.61,0.008765
1693.353877,0.010145,-0.043092,0.002394,-9.870462,-9.870556,0.00213,-0.00639,0.001065,99616.86,25.61,-0.041289
1693.364272,0.010395,-0.076608,0.004788,-9.805824,-9.806124,0,-0.005325,0.003195,99616.86,25.61,0.023143
1693.375307,0.011035,-0.045486,-0.02394,-9.832158,-9.832292,0.00426,-0.00213,-0.001065,99616.86,25.61,-0.003025
1693.386309,0.011002,-0.088578,-0.002394,-9.786672,-9.787073,0.00213,-0.007455,0.005325,99616.86,25.61,0.042194
1693.396428,0.010119,-0.076608,0.014364,-9.836946,-9.837255,0.00213,-0.00426,0.00213,99616.86,25.61,-0.007988
1693.406523,0.010094,-0.079002,0.007182,-9.83934,-9.83966,0.003195,-0.003195,0.003195,99616.86,25.61,-0.010393
1693.416618,0.010095,-0.069426,0.038304,-9.798642,-9.798963,0.00213,-0.003195,0.001065,99616.86,25.61,0.030304
1693.42675,0.010132,-0.086184,0.007182,-9.824976,-9.825357,0.00213,-0.005325,0.001065,99616.76,25.61,0.00391
1693.436843,0.010093,-0.07182,0.01197,-9.796248,-9.796519,0.001065,-0.00426,0.00426,99616.76,25.61,0.032748
1693.446951,0.010108,-0.100548,0.04788,-9.808218,-9.80885,0.00426,-0.00639,0,99616.76,25.61,0.020417
1693.457065,0.010114,-0.069426,0.031122,-9.829764,-9.830058,0.001065,-0.00213,0.00213,99616.76,25.61,-0.000791
1693.4672,0.010135,-0.088578,0.01197,-9.822582,-9.822989,0.00213,-0.007455,0,99616.76,25.61,0.006278
1693.477411,0.010211,-0.102942,0.028728,-9.820188,-9.82077,0.001065,-0.003195,0.00213,99616.76,25.61,0.008497
1693.487598,0.010187,-0.064638,0.002394,-9.798642,-9.798855,0.00213,-0.003195,0.001065,99616.67,25.61,0.030412
1693.497684,0.010086,-0.064638,0.02394,-9.79146,-9.791703,0.00213,-0.00639,0.003195,99616.67,25.61,0.037564
