time,dt,accel_x,accel_y,accel_z,union_g,gyro_x,gyro_y,gyro_z,pressure,temp,ag
1943.911394,0.011131,-0.050274,-0.019152,-9.83934,-9.839487,0,-0.00213,0.00426,99080.55,25.76,-0.01022
1943.922608,0.011214,-0.074214,0.026334,-9.83934,-9.839655,0.003195,-0.005325,0.001065,99080.55,25.76,-0.010388
1943.933929,0.011321,-0.074214,0.004788,-9.82737,-9.827651,0.001065,-0.003195,0.001065,99080.55,25.76,0.001616
1943.944937,0.011008,-0.05985,0.004788,-9.836946,-9.837129,0.003195,-0.00852,0.003195,99080.55,25.76,-0.007862
1943.95648,0.011543,-0.09576,0.009576,-9.805824,-9.806296,0.001065,-0.00639,-0.001065,99080.55,25.76,0.022971
1943.967451,0.010971,-0.055062,-0.009576,-9.808218,-9.808377,0.00213,-0.005325,0.005325,99080.55,25.76,0.02089
1943.978684,0.011233,-0.081396,-0.002394,-9.844128,-9.844465,0.00213,-0.005325,0.00213,99080.55,25.76,-0.015198
1943.989682,0.010998,-0.093366,-0.007182,-9.832158,-9.832604,0.00213,-0.005325,0.001065,99080.55,25.76,-0.003337
1944.000949,0.011268,-0.079002,0.009576,-9.829764,-9.830086,0.00213,-0.00639,0.00213,99080.55,25.76,-0.000819
1944.012252,0.011302,-0.098154,0.021546,-9.832158,-9.832672,0,-0.005325,0.00213,99080.47,25.76,-0.003405
1944.023427,0.011176,-0.064638,0.007182,-9.8154,-9.815615,0.003195,-0.00426,0.00213,99080.47,25.76,0.013652
1944.034541,0.011114,-0.100548,0.007182,-9.820188,-9.820705,0.001065,-0.005325,0.00213,99080.47,25.76,0.008562
1944.0456,0.011059,-0.102942,0.02394,-9.820188,-9.820757,0.001065,-0.007455,0.00213,99080.47,25.76,0.00851
1944.056811,0.01121,-0.07182,0.01197,-9.822582,-9.822852,0.001065,-0.003195,0,99080.47,25.76,0.006415
1944.068143,0.011333,-0.086184,0,-9.810612,-9.810991,0.00213,-0.00639,0.003195,99080.47,25.76,0.018276
1944.079241,0.011098,-0.08379,0.016758,-9.841734,-9.842105,0.001065,-0.005325,0.003195,99080.46,25.76,-0.012838
1944.090353,0.011112,-0.081396,0.007182,-9.834552,-9.834891,0.001065,-0.007455,0.00213,99080.46,25.76,-0.005624
1944.101532,0.01118,-0.09576,0.002394,-9.824976,-9.825443,0.00213,-0.007455,0,99080.46,25.76,0.003824
1944.112711,0.011179,-0.07182,0.007182,-9.834552,-9.834817,-0.001065,-0.005325,-0.001065,99080.46,25.76,-0.00555
1944.123924,0.011212,-0.100548,0.002394,-9.801036,-9.801552,0.001065,-0.00426,0.00213,99080.46,25.76,0.027715
1944.135214,0.01129,-0.086184,0.002394,-9.8154,-9.815779,-0.001065,-0.003195,0,99080.46,25.76,0.013488
1944.14631,0.011096,-0.086184,0.007182,-9.813006,-9.813387,0.003195,-0.00639,0.003195,99080.54,25.76,0.01588
1944.157442,0.011133,-0.074214,0.02394,-9.822582,-9.822892,0.001065,-0.00426,0,99080.54,25.76,0.006375
1944.168659,0.011216,-0.08379,0.016758,-9.808218,-9.80859,0.003195,-0.00213,0,99080.54,25.76,0.020677
1944.179922,0.011263,-0.079002,0.004788,-9.824976,-9.825295,0,-0.00639,0,99080.54,25.76,0.003972
1944.1911,0.011178,-0.081396,0.007182,-9.820188,-9.820528,0.001065,-0.005325,0.001065,99080.54,25.76,0.008739
1944.202317,0.011217,-0.04788,0.021546,-9.822582,-9.822722,0.005325,-0.00639,0.00426,99080.54,25.76,0.006545
1944.213369,0.011051,-0.076608,-0.007182,-9.832158,-9.832459,0.001065,-0.00639,-0.001065,99080.55,25.76,-0.003192
1944.224552,0.011183,-0.093366,0.004788,-9.8154,-9.815845,0,-0.003195,0.00213,99080.55,25.76,0.013422
1944.235835,0.011283,-0.08379,0.01197,-9.801036,-9.801401,-0.001065,-0.00639,0,99080.55,25.76,0.027866
1944.246957,0.011122,-0.102942,0.028728,-9.82737,-9.827951,0,-0.00426,0.00213,99080.55,25.76,0.001316
1944.258175,0.011218,-0.102942,0.021546,-9.786672,-9.787237,0.005325,-0.00639,0.00213,99080.55,25.76,0.04203
1944.269293,0.011118,-0.114912,0.007182,-9.801036,-9.801712,0.003195,-0.007455,0.00213,99080.55,25.76,0.027555
1944.280513,0.01122,-0.088578,0.009576,-9.80343,-9.803835,0.001065,-0.007455,0,99080.55,25.76,0.025432
1944.291715,0.011203,-0.08379,0.01197,-9.832158,-9.832522,0.00213,-0.005325,0.001065,99080.55,25.76,-0.003255
1944.302906,0.011191,-0.062244,-0.014364,-9.820188,-9.820396,0,-0.00639,0.003195,99080.55,25.76,0.008871
1944.314071,0.011165,-0.05985,-0.016758,-9.817794,-9.817991,0,-0.00426,0,99080.55,25.76,0.011276
1944.325321,0.01125,-0.062244,0.009576,-9.844128,-9.844329,0.001065,-0.005325,-0.001065,99080.55,25.76,-0.015062
1944.336683,0.011362,-0.093366,0.014364,-9.805824,-9.806279,0,-0.007455,0.003195,99080.66,25.76,0.022988
1944.347688,0.011005,-0.074214,-0.02394,-9.798642,-9.798952,0.001065,-0.005325,0.00426,99080.66,25.76,0.030315
1944.35879,0.011101,-0.100548,0.004788,-9.813006,-9.813522,-0.001065,-0.00426,0.001065,99080.66,25.76,0.015745
1944.369942,0.011152,-0.05985,0.031122,-9.805824,-9.806056,0.00426,-0.003195,0.00213,99080.66,25.76,0.023211
1944.381189,0.011247,-0.031122,-0.031122,-9.817794,-9.817893,0.00213,-0.007455,0.00426,99080.66,25.76,0.011374
1944.392366,0.011177,-0.076608,-0.01197,-9.798642,-9.798949,0.001065,-0.003195,0.00213,99080.65,25.76,0.030318
1944.403648,0.011282,-0.043092,0,-9.8154,-9.815495,0.003195,-0.007455,0.00426,99080.65,25.76,0.013772
1944.4148,0.011151,-0.09576,0.019152,-9.820188,-9.820674,0,-0.005325,0,99080.65,25.76,0.008593
1944.425862,0.011063,-0.067032,-0.014364,-9.798642,-9.798882,0.001065,-0.005325,0.001065,99080.65,25.76,0.030385
1944.43709,0.011228,-0.093366,0.038304,-9.79146,-9.79198,0.00213,-0.00426,0.003195,99080.65,25.76,0.037287
1944.448395,0.011305,-0.079002,0.055062,-9.85131,-9.851781,0,-0.005325,0.003195,99080.65,25.76,-0.022514
1944.45951,0.011116,-0.076608,0.004788,-9.846522,-9.846821,0.00213,-0.00426,0.001065,99080.6,25.76,-0.017554
1944.470785,0.011274,-0.100548,0.019152,-9.810612,-9.811146,0.003195,-0.005325,0.001065,99080.6,25.76,0.018121
1944.481808,0.011023,-0.110124,-0.016758,-9.82737,-9.828001,0.005325,-0.005325,0.001065,99080.6,25.76,0.001266
1944.492983,0.011176,-0.07182,0.004788,-9.829764,-9.830028,0.00426,-0.00426,0.001065,99080.6,25.76,-0.000761
1944.504188,0.011205,-0.088578,0.028728,-9.829764,-9.830205,0,-0.00639,0,99080.6,25.76,-0.000938
1944.515433,0.011245,-0.110124,-0.019152,-9.834552,-9.835187,0.003195,-0.00639,0.003195,99080.6,25.76,-0.00592
1944.526605,0.011172,-0.093366,0.031122,-9.834552,-9.835044,0.00213,-0.005325,0.001065,99080.62,25.76,-0.005777
1944.537737,0.011132,-0.090972,0.009576,-9.824976,-9.825402,0.00213,-0.003195,0,99080.62,25.76,0.003865
1944.548935,0.011197,-0.045486,-0.002394,-9.832158,-9.832264,0.001065,-0.003195,0,99080.62,25.76,-0.002997
1944.560144,0.01121,-0.088578,-0.004788,-9.832158,-9.832558,0.001065,-0.00639,0.001065,99080.62,25.76,-0.003291
1944.571337,0.011193,-0.07182,-0.016758,-9.832158,-9.832435,0.00213,-0.00426,0.00426,99080.62,25.76,-0.003168
1944.582651,0.011314,-0.050274,0,-9.8154,-9.815529,0.001065,-0.00426,0.00213,99080.62,25.76,0.013738
1944.593734,0.011083,-0.074214,-0.009576,-9.810612,-9.810897,0.00213,-0.00639,0.001065,99080.62,25.76,0.01837
1944.604844,0.01111,-0.074214,0.02394,-9.832158,-9.832467,0.003195,-0.00639,0,99080.62,25.76,-0.0032
1944.616223,0.011379,-0.07182,0.016758,-9.836946,-9.837222,0.003195,-0.005325,0.003195,99080.62,25.76,-0.007955
1944.627243,0.01102,-0.055062,-0.002394,-9.822582,-9.822737,0.003195,-0.007455,0.001065,99080.62,25.76,0.00653
1944.63844,0.011197,-0.062244,0.01197,-9.817794,-9.817999,-0.001065,-0.00639,0.00213,99080.62,25.76,0.011268
1944.649675,0.011234,-0.062244,0.002394,-9.832158,-9.832355,0.00426,-0.005325,0.001065,99080.62,25.76,-0.003088
1944.660754,0.01108,-0.05985,0.007182,-9.844128,-9.844313,0.001065,-0.005325,0.00426,99080.62,25.76,-0.015046
1944.672006,0.011252,-0.07182,0.01197,-9.822582,-9.822852,0.003195,-0.003195,0.003195,99080.62,25.76,0.006415
1944.683166,0.01116,-0.079002,0.002394,-9.836946,-9.837264,0,-0.00639,0.003195,99080.62,25.76,-0.007997
1944.694528,0.011363,-0.062244,0.021546,-9.834552,-9.834773,0.001065,-0.003195,0.00213,99080.62,25.76,-0.005506
1944.705661,0.011133,-0.09576,0.02394,-9.841734,-9.842229,0.00213,-0.005325,0.003195,99080.62,25.76,-0.012962
1944.716688,0.011027,-0.09576,0.016758,-9.83934,-9.83982,0.001065,-0.005325,0.003195,99080.62,25.76,-0.010553
1944.727886,0.011198,-0.10773,0.02394,-9.801036,-9.801657,0.00213,-0.00426,0.001065,99080.62,25.76,0.02761
1944.737974,0.010088,-0.064638,-0.009576,-9.820188,-9.820405,0.00213,-0.005325,0.001065,99080.62,25.76,0.008862
1944.748058,0.010084,-0.110124,0.009576,-9.846522,-9.847142,-0.001065,-0.00639,0,99080.62,25.76,-0.017875
1944.758464,0.010406,-0.040698,0.021546,-9.83934,-9.839448,0.003195,-0.003195,0,99080.62,25.76,-0.010181
1944.76857,0.010106,-0.074214,-0.016758,-9.832158,-9.832452,-0.00213,-0.003195,-0.001065,99080.62,25.76,-0.003185
1944.77872,0.01015,-0.102942,0.028728,-9.82737,-9.827951,0.001065,-0.00426,0,99080.65,25.76,0.001316
1944.788827,0.010107,-0.09576,0.033516,-9.824976,-9.8255,0.00213,-0.005325,0.001065,99080.65,25.76,0.003767
1944.79892,0.010092,-0.093366,0.002394,-9.853704,-9.854147,0,-0.00426,-0.001065,99080.65,25.76,-0.02488
1944.809059,0.010139,-0.067032,0.004788,-9.808218,-9.808448,0.001065,-0.003195,0.00213,99080.65,25.76,0.020819
1944.819185,0.010126,-0.057456,0.016758,-9.836946,-9.837128,0.001065,-0.003195,0.001065,99080.65,25.76,-0.007861
1944.829289,0.010104,-0.05985,-0.028728,-9.796248,-9.796473,0.001065,-0.003195,0.00213,99080.65,25.76,0.032794
1944.839388,0.010099,-0.040698,-0.019152,-9.8154,-9.815503,0.003195,-0.005325,0.00426,99080.57,25.76,0.013764
1944.849499,0.010111,-0.021546,-0.002394,-9.83934,-9.839364,0.001065,-0.00426,0.003195,99080.57,25.76,-0.010097
1944.859592,0.010093,-0.050274,-0.01197,-9.810612,-9.810748,0.00213,-0.00639,0.001065,99080.57,25.76,0.018519
1944.869692,0.0101,-0.08379,-0.026334,-9.82737,-9.827762,0.001065,-0.003195,0.001065,99080.57,25.76,0.001505
1944.879778,0.010086,-0.069426,0.021546,-9.85131,-9.851578,-0.001065,-0.00639,0.00213,99080.57,25.76,-0.022311
1944.889865,0.010087,-0.088578,0.007182,-9.798642,-9.799045,0.001065,-0.00213,0.003195,99080.57,25.76,0.030222
1944.899947,0.010082,-0.05985,0.02394,-9.810612,-9.810824,0.00213,-0.00639,0.00213,99080.57,25.76,0.018443
1944.910074,0.010127,-0.08379,0.026334,-9.82737,-9.827762,0.001065,-0.00426,0.00213,99080.57,25.76,0.001505
1944.920186,0.010113,-0.10773,0.009576,-9.817794,-9.81839,0.003195,-0.00639,0.00213,99080.57,25.76,0.010877
1944.93037,0.010183,-0.105336,0.007182,-9.817794,-9.818362,0.001065,-0.00639,0.001065,99080.57,25.76,0.010905
1944.940938,0.010568,-0.074214,0.026334,-9.829764,-9.830079,0.001065,-0.00852,0.001065,99080.57,25.76,-0.000812
1944.951107,0.010169,-0.079002,0.040698,-9.82737,-9.827772,0.00213,-0.00639,-0.00213,99080.57,25.76,0.001495
1944.961197,0.010089,-0.088578,0.02394,-9.829764,-9.830192,0.001065,-0.00426,-0.001065,99080.57,25.76,-0.000925
1944.971293,0.010097,-0.09576,0.019152,-9.808218,-9.808704,0.00213,-0.00426,0.003195,99080.54,25.76,0.020563
1944.981387,0.010093,-0.079002,0.01197,-9.820188,-9.820513,0.00213,-0.00639,0.003195,99080.54,25.76,0.008754
1944.99147,0.010084,-0.081396,0.014364,-9.810612,-9.81096,0.001065,-0.003195,0.003195,99080.54,25.76,0.018307
1945.001554,0.010084,-0.10773,0.004788,-9.858492,-9.859082,0.001065,-0.00426,0.00213,99080.54,25.76,-0.029815
1945.011644,0.01009,-0.07182,0.009576,-9.817794,-9.818061,0.00426,-0.005325,0.00213,99080.54,25.76,0.011206
1945.021739,0.010094,-0.086184,0.004788,-9.82737,-9.827749,0.001065,-0.00639,0,99080.54,25.76,0.001518
1945.031838,0.010099,-0.08379,0.007182,-9.79146,-9.791821,0.00213,-0.005325,0,99080.54,25.76,0.037446
1945.041963,0.010125,-0.08379,-0.03591,-9.8154,-9.815823,0,-0.003195,0.001065,99080.54,25.76,0.013444
1945.052313,0.01035,-0.098154,-0.033516,-9.820188,-9.820736,0.00213,-0.005325,0.001065,99080.54,25.76,0.008531
1945.063428,0.011116,-0.086184,0.01197,-9.8154,-9.815786,0.00213,-0.007455,0,99080.54,25.76,0.013481
1945.074875,0.011447,-0.067032,0.004788,-9.810612,-9.810842,0,-0.00639,0.003195,99080.54,25.76,0.018425
1945.085862,0.010987,-0.05985,0.01197,-9.834552,-9.834741,0.001065,-0.00639,0.001065,99080.54,25.76,-0.005474
1945.096986,0.011124,-0.045486,-0.016758,-9.846522,-9.846641,0,-0.00426,0,99080.49,25.76,-0.017374
1945.108178,0.011192,-0.074214,0.043092,-9.824976,-9.825351,0.00213,-0.00639,0.00213,99080.49,25.76,0.003916
1945.119327,0.011148,-0.038304,-0.01197,-9.841734,-9.841816,0.001065,-0.00426,0.005325,99080.49,25.76,-0.012549
1945.130532,0.011205,-0.076608,-0.004788,-9.832158,-9.832458,0.00213,-0.00426,0.003195,99080.49,25.76,-0.003191
1945.14171,0.011178,-0.064638,0.019152,-9.82737,-9.827601,0.001065,-0.005325,0.003195,99080.49,25.76,0.001666
1945.152954,0.011244,-0.055062,0.019152,-9.789066,-9.78924,0.001065,-0.00639,0.00426,99080.54,25.76,0.040027
1945.164062,0.011109,-0.074214,0.019152,-9.798642,-9.798942,0,-0.005325,0.001065,99080.54,25.76,0.030325
1945.175345,0.011283,-0.079002,0.03591,-9.82737,-9.827753,-0.001065,-0.00426,0.00213,99080.54,25.76,0.001514
1945.186479,0.011135,-0.069426,0.038304,-9.808218,-9.808538,0.001065,-0.00639,0.001065,99080.54,25.76,0.020729
1945.197675,0.011196,-0.093366,-0.014364,-9.85131,-9.851763,-0.001065,-0.003195,0.001065,99080.54,25.76,-0.022496
1945.208783,0.011108,-0.08379,0.019152,-9.8154,-9.815776,0.00213,-0.003195,0.001065,99080.54,25.76,0.013491
1945.220031,0.011247,-0.069426,-0.004788,-9.805824,-9.806071,0,-0.00639,0.003195,99080.54,25.76,0.023196
1945.231216,0.011186,-0.057456,-0.007182,-9.8154,-9.815571,0.00213,-0.00426,0.00213,99080.54,25.76,0.013696
1945.242372,0.011155,-0.067032,0,-9.801036,-9.801265,0.00213,-0.007455,0.00426,99080.54,25.76,0.028002
1945.253588,0.011216,-0.074214,-0.014364,-9.836946,-9.837236,0.00213,-0.00426,0,99080.54,25.76,-0.007969
1945.264719,0.011132,-0.055062,0.019152,-9.822582,-9.822755,0.00213,-0.007455,0.00213,99080.54,25.76,0.006512
1945.276014,0.011295,-0.057456,-0.019152,-9.817794,-9.817981,0.00213,-0.00426,0.001065,99080.54,25.76,0.011286
1945.287171,0.011157,-0.05985,0.014364,-9.822582,-9.822775,0.00213,-0.00639,0.00426,99080.71,25.76,0.006492
1945.298323,0.011152,-0.105336,0.007182,-9.834552,-9.835119,0.003195,-0.00639,0.00213,99080.71,25.76,-0.005852
1945.309454,0.011131,-0.05985,0.007182,-9.829764,-9.829949,-0.001065,-0.00426,0.001065,99080.71,25.76,-0.000682
1945.320642,0.011189,-0.098154,0.026334,-9.79146,-9.791987,0.003195,-0.005325,0.00213,99080.71,25.76,0.03728
1945.331969,0.011326,-0.081396,0.019152,-9.83934,-9.839695,-0.001065,-0.003195,0.00213,99080.71,25.76,-0.010428
1945.3432,0.011232,-0.081396,0.01197,-9.8154,-9.815745,0.003195,-0.00639,0.00213,99080.71,25.76,0.013522
1945.354223,0.011022,-0.100548,0.038304,-9.824976,-9.825565,0.00213,-0.00213,0.001065,99080.68,25.76,0.003702
1945.365424,0.011201,-0.050274,0.009576,-9.822582,-9.822715,-0.001065,-0.00639,0.003195,99080.68,25.76,0.006552
1945.376574,0.01115,-0.117306,0.02394,-9.817794,-9.818524,0.001065,-0.00852,0.001065,99080.68,25.76,0.010743
1945.387885,0.011311,-0.05985,0.055062,-9.796248,-9.796586,0,-0.007455,0.003195,99080.68,25.76,0.032681
1945.398963,0.011078,-0.10773,0.014364,-9.796248,-9.796851,0.00213,-0.00426,0.00213,99080.68,25.76,0.032416
1945.410245,0.011283,-0.081396,0.01197,-9.822582,-9.822927,0.001065,-0.007455,0.001065,99080.55,25.76,0.00634
1945.421311,0.011066,-0.067032,0.021546,-9.844128,-9.84438,0.001065,-0.005325,-0.001065,99080.55,25.76,-0.015113
1945.432507,0.011196,-0.067032,0.002394,-9.832158,-9.832387,0,-0.00639,-0.001065,99080.55,25.76,-0.00312
1945.443731,0.011224,-0.074214,-0.014364,-9.808218,-9.808509,0.001065,-0.003195,0.001065,99080.55,25.76,0.020758
1945.454999,0.011268,-0.050274,-0.009576,-9.808218,-9.808352,0.00213,-0.005325,0.003195,99080.55,25.76,0.020915
1945.466072,0.011073,-0.112518,0.014364,-9.822582,-9.823237,0.003195,-0.005325,0.003195,99080.55,25.76,0.00603
1945.477275,0.011202,-0.062244,-0.016758,-9.80343,-9.803642,-0.001065,-0.003195,0,99080.6,25.76,0.025625
1945.487677,0.010402,-0.093366,-0.002394,-9.824976,-9.82542,0.00213,-0.005325,0.00213,99080.6,25.76,0.003847
1945.499613,0.011936,-0.07182,-0.002394,-9.834552,-9.834815,0,-0.00426,0.003195,99080.6,25.76,-0.005548
1945.510965,0.011352,-0.102942,0.009576,-9.829764,-9.830308,0.00213,-0.00426,0,99080.6,25.76,-0.001041
1945.521976,0.011011,-0.057456,-0.019152,-9.836946,-9.837132,0.001065,-0.005325,0.00213,99080.6,25.76,-0.007865
1945.533217,0.011241,-0.05985,0.009576,-9.805824,-9.806011,0.00213,-0.00639,0.00213,99080.6,25.76,0.023256
1945.544338,0.011121,-0.08379,-0.01197,-9.824976,-9.825341,0.00213,-0.005325,0.003195,99080.6,25.76,0.003926
1945.555576,0.011237,-0.067032,0.01197,-9.832158,-9.832394,0.001065,-0.003195,-0.001065,99080.6,25.76,-0.003127
1945.566765,0.011189,-0.069426,0.004788,-9.801036,-9.801283,0.001065,-0.00639,0.001065,99080.6,25.76,0.027984
1945.577892,0.011127,-0.088578,0,-9.829764,-9.830163,0,-0.005325,0.00426,99080.6,25.76,-0.000896
1945.589066,0.011174,-0.114912,0.028728,-9.829764,-9.830478,0.001065,-0.00639,0.00426,99080.6,25.76,-0.001211
1945.600303,0.011236,-0.086184,0.016758,-9.79146,-9.791854,0.001065,-0.005325,0.003195,99080.6,25.76,0.037413
1945.611566,0.011263,-0.088578,0.009576,-9.824976,-9.82538,0.001065,-0.00639,0.001065,99080.6,25.76,0.003887
1945.622676,0.01111,-0.114912,0.014364,-9.77949,-9.780176,0.001065,-0.00639,-0.001065,99080.6,25.76,0.049091
1945.633879,0.011202,-0.08379,0.033516,-9.836946,-9.83736,0,-0.00426,0.001065,99080.6,25.76,-0.008093
1945.645004,0.011125,-0.07182,0.009576,-9.79146,-9.791728,0.005325,-0.005325,0.001065,99080.6,25.76,0.037539
1945.656233,0.01123,-0.08379,0.026334,-9.80343,-9.803823,0.00213,-0.00426,0.001065,99080.6,25.76,0.025444
1945.667464,0.01123,-0.08379,0.026334,-9.841734,-9.842126,0.001065,-0.00639,0,99080.71,25.76,-0.012859
1945.678585,0.011121,-0.055062,0.009576,-9.82737,-9.827529,0.001065,-0.005325,0.00213,99080.71,25.76,0.001738
1945.689727,0.011143,-0.076608,-0.007182,-9.848916,-9.849217,0.003195,-0.00426,0,99080.71,25.76,-0.01995
1945.700947,0.01122,-0.05985,-0.016758,-9.810612,-9.810809,0,-0.00639,0.00213,99080.71,25.76,0.018458
1945.712161,0.011214,-0.074214,-0.014364,-9.82737,-9.827661,0.00426,-0.005325,0.001065,99080.71,25.76,0.001606
1945.723337,0.011176,-0.04788,-0.004788,-9.85131,-9.851428,0.001065,-0.005325,0.001065,99080.71,25.76,-0.022161
1945.734619,0.011281,-0.05985,-0.026334,-9.832158,-9.832375,0.001065,-0.007455,0.00213,99080.76,25.76,-0.003108
1945.745677,0.011059,-0.052668,-0.009576,-9.820188,-9.820334,0.00213,-0.00426,0.001065,99080.76,25.76,0.008933
1945.755922,0.010245,-0.067032,0,-9.824976,-9.825205,0.001065,-0.005325,0.001065,99080.76,25.76,0.004062
1945.768064,0.012142,-0.045486,0.02394,-9.836946,-9.83708,0,-0.005325,0.003195,99080.76,25.76,-0.007813
1945.779239,0.011175,-0.076608,-0.007182,-9.824976,-9.825277,0.00213,-0.005325,0.003195,99080.76,25.76,0.00399
1945.791577,0.012338,-0.09576,0.009576,-9.80343,-9.803902,0.00213,-0.007455,0,99080.82,25.76,0.025365
1945.802094,0.010517,-0.088578,0.026334,-9.82737,-9.827804,0.00213,-0.005325,0.00426,99080.82,25.76,0.001463
1945.812781,0.010686,-0.062244,0.021546,-9.817794,-9.818015,-0.001065,-0.005325,0.00426,99080.82,25.76,0.011252
1945.824021,0.011241,-0.069426,0.009576,-9.844128,-9.844377,-0.001065,-0.00426,0.00213,99080.82,25.76,-0.01511
1945.835246,0.011225,-0.069426,0.03591,-9.841734,-9.842044,0.00213,-0.00639,0.00213,99080.82,25.76,-0.012777
1945.846603,0.011357,-0.098154,0.028728,-9.772308,-9.772843,0.001065,-0.007455,0.003195,99080.82,25.76,0.056424
1945.857518,0.010915,-0.067032,0.004788,-9.83934,-9.839569,-0.003195,-0.00426,0.00213,99080.82,25.76,-0.010302
1945.86873,0.011212,-0.105336,0.02394,-9.8154,-9.815994,0.00213,-0.007455,0.00213,99080.82,25.76,0.013273
1945.879953,0.011224,-0.09576,0.028728,-9.844128,-9.844636,0.00213,-0.00639,0.00426,99080.82,25.76,-0.015369
1945.891105,0.011151,-0.093366,0.01197,-9.810612,-9.811064,0.00213,-0.00426,0.00213,99080.82,25.76,0.018203
1945.902271,0.011166,-0.088578,0.004788,-9.824976,-9.825376,0,-0.00426,0.001065,99080.82,25.76,0.003891
1945.913431,0.011161,-0.067032,0,-9.832158,-9.832386,0.003195,-0.00639,-0.001065,99080.82,25.76,-0.003119
1945.925577,0.012146,-0.08379,-0.007182,-9.810612,-9.810972,0.001065,-0.00639,0.00213,99080.81,25.76,0.018295
1945.935886,0.010309,-0.050274,-0.019152,-9.82737,-9.827517,0.00213,-0.00639,0,99080.81,25.76,0.00175
1945.947049,0.011162,-0.055062,-0.033516,-9.824976,-9.825187,0.001065,-0.005325,0.003195,99080.81,25.76,0.00408
1945.958223,0.011174,-0.055062,0,-9.810612,-9.810767,0.003195,-0.005325,0.001065,99080.81,25.76,0.0185
1945.969455,0.011232,-0.05985,0.028728,-9.810612,-9.810837,0.003195,-0.00639,0.001065,99080.81,25.76,0.01843
1945.980676,0.011221,-0.074214,-0.007182,-9.805824,-9.806107,0.00213,-0.007455,0.001065,99080.81,25.76,0.02316
1945.991781,0.011105,-0.067032,-0.009576,-9.829764,-9.829997,0.00213,-0.003195,-0.00213,99080.82,25.76,-0.00073
1946.002951,0.01117,-0.04788,0.002394,-9.822582,-9.822699,0,-0.005325,0.003195,99080.82,25.76,0.006568
1946.014098,0.011147,-0.090972,-0.014364,-9.781884,-9.782318,0.003195,-0.005325,0.003195,99080.82,25.76,0.046949
1946.025301,0.011203,-0.07182,0,-9.841734,-9.841996,0.00213,-0.00852,0.00213,99080.82,25.76,-0.012729
1946.03734,0.012039,-0.09576,0.02394,-9.822582,-9.823078,0,-0.003195,0.001065,99080.82,25.76,0.006189
1946.047734,0.010394,-0.08379,0.04788,-9.805824,-9.806299,0.001065,-0.00426,0.00213,99080.89,25.76,0.022968
1946.058953,0.01122,-0.124488,0,-9.856098,-9.856884,0.001065,-0.007455,0,99080.89,25.76,-0.027617
1946.069504,0.01055,-0.086184,0.026334,-9.813006,-9.81342,0.001065,-0.005325,0.00426,99080.89,25.76,0.015847
1946.079596,0.010093,-0.129276,0.02394,-9.858492,-9.859369,0,-0.003195,0.00213,99080.89,25.76,-0.030102
1946.089761,0.010164,-0.086184,0.014364,-9.829764,-9.830152,0.003195,-0.007455,0,99080.89,25.76,-0.000885
1946.099863,0.010102,-0.074214,0,-9.834552,-9.834832,0.00213,-0.005325,0,99080.89,25.76,-0.005565
1946.109963,0.0101,-0.062244,0.002394,-9.836946,-9.837143,0.00213,-0.005325,0,99080.89,25.76,-0.007876
1946.120055,0.010092,-0.07182,-0.031122,-9.808218,-9.80853,0.00213,-0.00639,0.00213,99080.9,25.76,0.020737
1946.130205,0.010149,-0.093366,0.002394,-9.820188,-9.820632,0,-0.00426,0.00213,99080.9,25.76,0.008635
1946.140296,0.010092,-0.081396,-0.004788,-9.820188,-9.820526,0.001065,-0.00639,0.001065,99080.9,25.76,0.008741
1946.150396,0.0101,-0.088578,-0.016758,-9.832158,-9.832571,0.001065,-0.003195,0.00213,99080.9,25.76,-0.003304
1946.160546,0.01015,-0.069426,0.014364,-9.817794,-9.81805,0.001065,-0.00639,0.00213,99080.9,25.76,0.011217
1946.170764,0.010218,-0.055062,0,-9.822582,-9.822736,0.00213,-0.00639,0.001065,99080.9,25.76,0.006531
1946.180863,0.010098,-0.055062,-0.004788,-9.817794,-9.81795,0.00213,-0.005325,0.005325,99080.97,25.76,0.011317
1946.191473,0.01061,-0.07182,-0.038304,-9.810612,-9.81095,0.001065,-0.005325,0.001065,99080.97,25.76,0.018317
1946.201566,0.010093,-0.031122,-0.007182,-9.824976,-9.825028,0.003195,-0.00639,0.001065,99080.97,25.76,0.004239
1946.211655,0.010089,-0.069426,0.019152,-9.822582,-9.822846,0.003195,-0.005325,0.003195,99080.97,25.76,0.006421
1946.22176,0.010105,-0.074214,0.007182,-9.83934,-9.839622,0.00213,-0.00639,0.003195,99080.97,25.76,-0.010355
1946.231841,0.010081,-0.055062,0.033516,-9.82737,-9.827581,0.001065,-0.00639,0.003195,99080.97,25.76,0.001686
1946.241934,0.010093,-0.08379,0.033516,-9.82737,-9.827784,0.00426,-0.00426,0.00213,99080.97,25.76,0.001483
1946.252035,0.010101,-0.074214,0.026334,-9.793854,-9.794171,0.00213,-0.005325,0.001065,99080.97,25.76,0.035096
1946.262195,0.01016,-0.074214,0.01197,-9.82737,-9.827658,0.00213,-0.00426,0.00213,99080.97,25.76,0.001609
1946.272286,0.010091,-0.064638,0.01197,-9.846522,-9.846741,0,-0.009585,0.005325,99080.97,25.76,-0.017474
1946.28237,0.010084,-0.064638,0.026334,-9.834552,-9.8348,0.00213,-0.005325,0.00213,99080.97,25.76,-0.005533
1946.292443,0.010073,-0.08379,-0.007182,-9.829764,-9.830124,0.00426,-0.00426,0.00213,99080.97,25.76,-0.000857
1946.302567,0.010125,-0.086184,-0.004788,-9.808218,-9.808598,0.001065,-0.00639,0.001065,99081,25.76,0.020669
1946.312655,0.010087,-0.112518,0.021546,-9.810612,-9.811281,0,-0.00852,0.001065,99081,25.76,0.017986
1946.32273,0.010075,-0.090972,0.016758,-9.793854,-9.794291,0.00213,-0.005325,0.00213,99081,25.76,0.034976
1946.332815,0.010085,-0.088578,0.002394,-9.796248,-9.796649,0,-0.005325,-0.00213,99081,25.76,0.032618
1946.342904,0.01009,-0.081396,0.014364,-9.817794,-9.818142,0.00213,-0.00426,0.001065,99081,25.76,0.011125
1946.352989,0.010085,-0.043092,-0.038304,-9.810612,-9.810781,0.001065,-0.005325,0.00213,99081,25.76,0.018486
1946.363217,0.010228,-0.076608,0.004788,-9.86328,-9.863579,0.00213,-0.00639,0.00213,99081,25.76,-0.034312
1946.373312,0.010095,-0.045486,0.019152,-9.810612,-9.810736,0.001065,-0.005325,-0.00213,99081.05,25.76,0.018531
1946.38339,0.010078,-0.076608,-0.019152,-9.834552,-9.834869,0.00213,-0.005325,0.00213,99081.05,25.76,-0.005602
1946.393481,0.01009,-0.081396,-0.019152,-9.85131,-9.851665,0.003195,-0.00639,0.001065,99081.05,25.76,-0.022398
1946.403562,0.010081,-0.064638,-0.002394,-9.82737,-9.827583,0.001065,-0.00639,0.00213,99081.05,25.76,0.001684
1946.413802,0.01024,-0.074214,0,-9.817794,-9.818074,0.001065,-0.00639,0.003195,99081.05,25.76,0.011193
1946.42389,0.010088,-0.081396,0.009576,-9.805824,-9.806166,0.001065,-0.00426,0,99081.05,25.76,0.023101
1946.433995,0.010106,-0.08379,0.016758,-9.820188,-9.82056,0,-0.00639,0.003195,99081,25.76,0.008707
1946.444085,0.01009,-0.074214,0.007182,-9.836946,-9.837229,0,-0.005325,0.003195,99081,25.76,-0.007962
1946.454768,0.010683,-0.105336,0.021546,-9.817794,-9.818383,0,-0.005325,0.00213,99081,25.76,0.010884
1946.464869,0.010101,-0.086184,0.033516,-9.813006,-9.813442,0.003195,-0.00639,0.00213,99081,25.76,0.015825
1946.476193,0.011324,-0.105336,0.01197,-9.80343,-9.804003,0.001065,-0.005325,0.00426,99081,25.76,0.025264
1946.486276,0.010084,-0.086184,-0.007182,-9.813006,-9.813387,0.00213,-0.00639,0.00213,99081,25.76,0.01588
1946.49641,0.010134,-0.076608,0.021546,-9.846522,-9.846844,0.001065,-0.005325,0.001065,99080.92,25.76,-0.017577
1946.506488,0.010078,-0.055062,0.014364,-9.8154,-9.815565,0.001065,-0.007455,0.001065,99080.92,25.76,0.013702
1946.516581,0.010093,-0.076608,0.02394,-9.820188,-9.820516,0,-0.003195,0.001065,99080.92,25.76,0.008751
1946.526659,0.010078,-0.069426,0.004788,-9.82737,-9.827616,0.003195,-0.00426,0.00213,99080.92,25.76,0.001651
1946.536764,0.010105,-0.062244,0.002394,-9.801036,-9.801234,0.00213,-0.005325,0.001065,99080.92,25.76,0.028033
1946.54704,0.010276,-0.079002,0.031122,-9.834552,-9.834919,0.001065,-0.007455,0.001065,99080.92,25.76,-0.005652
1946.557145,0.010105,-0.050274,-0.02394,-9.829764,-9.829922,0.00426,-0.005325,0,99080.92,25.76,-0.000655
1946.567226,0.01008,-0.076608,0.002394,-9.820188,-9.820487,0.00213,-0.00426,0.001065,99080.92,25.76,0.00878
1946.577317,0.010092,-0.069426,0.004788,-9.829764,-9.83001,0.001065,-0.003195,0.00213,99080.92,25.76,-0.000743
1946.587399,0.010082,-0.093366,0.014364,-9.79146,-9.791916,0.00213,-0.003195,0.00213,99080.92,25.76,0.037351
1946.597507,0.010107,-0.088578,0.009576,-9.810612,-9.811017,0.003195,-0.00639,0.001065,99080.92,25.76,0.01825
1946.60766,0.010153,-0.081396,0.002394,-9.829764,-9.830101,0.00213,-0.00426,0.003195,99080.92,25.76,-0.000834
1946.617761,0.010102,-0.08379,-0.014364,-9.834552,-9.834919,0.001065,-0.005325,0.003195,99080.92,25.76,-0.005652
1946.627851,0.010089,-0.090972,0.009576,-9.8154,-9.815826,0.001065,-0.00639,0.00213,99080.9,25.76,0.013441
1946.637932,0.010081,-0.076608,0.004788,-9.841734,-9.842033,-0.001065,-0.005325,0.00426,99080.9,25.76,-0.012766
1946.648104,0.010172,-0.076608,-0.002394,-9.829764,-9.830063,0.003195,-0.005325,0.001065,99080.9,25.76,-0.000796
1946.658214,0.01011,-0.074214,0.002394,-9.846522,-9.846802,-0.001065,-0.005325,0.00213,99080.9,25.76,-0.017535
1946.668327,0.010113,-0.086184,0.01197,-9.82737,-9.827755,0.001065,-0.005325,0.00639,99080.9,25.76,0.001512
1946.678413,0.010086,-0.09576,0.007182,-9.813006,-9.813476,0.001065,-0.009585,0.00213,99080.9,25.76,0.015791
1946.688537,0.010124,-0.07182,-0.014364,-9.813006,-9.813279,0.001065,-0.003195,0.003195,99080.81,25.76,0.015988
1946.69863,0.010093,-0.100548,0.040698,-9.817794,-9.818393,0.001065,-0.005325,0,99080.81,25.76,0.010874
1946.708724,0.010094,-0.067032,-0.021546,-9.808218,-9.808471,0.00213,-0.00213,0.001065,99080.81,25.76,0.020796
1946.718807,0.010084,-0.05985,0.002394,-9.829764,-9.829946,0.00213,-0.00852,0.001065,99080.81,25.76,-0.000679
1946.728896,0.010088,-0.057456,0.01197,-9.841734,-9.841909,-0.001065,-0.003195,0.00213,99080.81,25.76,-0.012642
1946.739012,0.010116,-0.07182,-0.009576,-9.832158,-9.832425,0.00213,-0.005325,0.003195,99080.81,25.76,-0.003158
1946.749258,0.010246,-0.090972,0.002394,-9.817794,-9.818216,0.001065,-0.00426,0.003195,99080.74,25.76,0.011051
1946.759379,0.010121,-0.045486,0.002394,-9.8154,-9.815506,0.003195,-0.00639,0.00213,99080.74,25.76,0.013761
1946.769488,0.010109,-0.052668,-0.014364,-9.808218,-9.80837,0.00426,-0.005325,0.003195,99080.74,25.76,0.020897
1946.779609,0.010121,-0.069426,0.01197,-9.836946,-9.837198,0.00213,-0.007455,0.003195,99080.74,25.76,-0.007931
1946.789723,0.010113,-0.07182,0.009576,-9.829764,-9.830031,0.001065,-0.005325,0.001065,99080.74,25.76,-0.000764
1946.799886,0.010163,-0.07182,-0.014364,-9.79146,-9.791734,0.00213,-0.01065,0.00213,99080.74,25.76,0.037533
1946.809997,0.010111,-0.07182,-0.007182,-9.846522,-9.846787,0.001065,-0.003195,0.001065,99080.84,25.76,-0.01752
1946.820253,0.010257,-0.05985,0.009576,-9.822582,-9.822769,-0.001065,-0.005325,0.003195,99080.84,25.76,0.006498
1946.830626,0.010372,-0.102942,0.014364,-9.820188,-9.820738,0.00213,-0.003195,0.001065,99080.84,25.76,0.008529
1946.841734,0.011108,-0.074214,0.019152,-9.829764,-9.830063,0.003195,-0.005325,0,99080.84,25.76,-0.000796
1946.852971,0.011237,-0.090972,0.028728,-9.846522,-9.846984,0.00213,-0.00426,0.00213,99080.84,25.76,-0.017717
1946.864466,0.011495,-0.081396,0.004788,-9.82737,-9.827708,0.003195,-0.007455,0.00426,99080.84,25.76,0.001559
1946.875459,0.010993,-0.088578,-0.004788,-9.83934,-9.83974,0.00213,-0.005325,0.003195,99080.84,25.76,-0.010473
1946.886537,0.011078,-0.08379,-0.004788,-9.810612,-9.810971,0.00426,-0.00852,0.00426,99080.84,25.76,0.018296
1946.897779,0.011242,-0.098154,0.002394,-9.836946,-9.837436,0,-0.00426,0.00213,99080.84,25.76,-0.008169
1946.908887,0.011108,-0.038304,-0.026334,-9.822582,-9.822692,0.001065,-0.00639,0.001065,99080.84,25.76,0.006575
1946.920121,0.011233,-0.069426,0.01197,-9.832158,-9.83241,0.001065,-0.005325,0.00213,99080.84,25.76,-0.003143
1946.931247,0.011126,-0.076608,0.031122,-9.801036,-9.801385,0.001065,-0.00639,0.00213,99080.84,25.76,0.027882
1946.94252,0.011274,-0.067032,0.014364,-9.856098,-9.856336,0.003195,-0.005325,0.00213,99080.78,25.76,-0.027069
1946.953678,0.011157,-0.064638,0.002394,-9.793854,-9.794068,0.001065,-0.00639,0.00213,99080.78,25.76,0.035199
1946.964813,0.011136,-0.102942,0.007182,-9.810612,-9.811155,0.00213,-0.005325,0.00213,99080.78,25.76,0.018112
1946.976252,0.011439,-0.057456,-0.01197,-9.83934,-9.839515,0.001065,-0.005325,0,99080.78,25.76,-0.010248
1946.987258,0.011006,-0.088578,0.009576,-9.822582,-9.822986,0,-0.003195,0.001065,99080.78,25.76,0.006281
1946.998366,0.011107,-0.045486,0.004788,-9.822582,-9.822688,0.00213,-0.00426,0.001065,99080.73,25.76,0.006579
1947.009608,0.011243,-0.067032,-0.007182,-9.801036,-9.801268,0,-0.00639,0.00426,99080.73,25.76,0.027999
1947.020697,0.011089,-0.105336,0.031122,-9.789066,-9.789682,0.00213,-0.005325,0.001065,99080.73,25.76,0.039585
1947.031938,0.011241,-0.050274,-0.004788,-9.74358,-9.743711,0.001065,-0.00639,0.003195,99080.73,25.76,0.085556
1947.043569,0.011631,-0.086184,0.004788,-9.834552,-9.834931,0.00213,-0.005325,0.00213,99080.73,25.76,-0.005664
1947.054415,0.010846,-0.007182,0.002394,-9.877644,-9.877647,0.001065,-0.003195,0.003195,99080.73,25.76,-0.04838
1947.065512,0.011097,-0.028728,-0.043092,-9.83934,-9.839476,0.00213,-0.007455,0.00213,99080.66,25.76,-0.010209
1947.076691,0.011178,-0.081396,-0.007182,-9.844128,-9.844467,0.00426,-0.005325,0.003195,99080.66,25.76,-0.0152
1947.088058,0.011367,-0.067032,0.038304,-9.836946,-9.837249,0.00213,-0.007455,0.003195,99080.66,25.76,-0.007982
1947.099058,0.011,-0.114912,0.074214,-9.8154,-9.816353,0.003195,-0.005325,0.001065,99080.66,25.76,0.012914
1947.110226,0.011168,-0.13167,0.081396,-9.77949,-9.780715,0.001065,-0.005325,0.003195,99080.66,25.76,0.048552
1947.121374,0.011148,-0.17955,0.069426,-9.772308,-9.774204,0,-0.003195,0.00213,99080.66,25.76,0.055063
1947.132572,0.011199,-0.181944,0.114912,-9.8154,-9.817759,0.00213,-0.00426,0,99080.73,25.76,0.011508
1947.143748,0.011175,-0.064638,0.033516,-9.834552,-9.834822,0,-0.00426,0,99080.73,25.76,-0.005555
1947.155138,0.011391,-0.064638,-0.019152,-9.824976,-9.825207,0.00213,-0.00213,0.00213,99080.73,25.76,0.00406
1947.16619,0.011052,-0.03591,-0.038304,-9.870462,-9.870602,0.00213,-0.003195,0,99080.73,25.76,-0.041335
1947.17729,0.0111,-0.016758,-0.019152,-9.848916,-9.848949,0.003195,-0.005325,0,99080.73,25.76,-0.019682
1947.188516,0.011226,-0.021546,-0.038304,-9.808218,-9.808316,0.00213,-0.00639,0.001065,99080.73,25.76,0.020951
1947.199819,0.011303,-0.069426,-0.021546,-9.822582,-9.822851,0,-0.00852,0.001065,99080.73,25.76,0.006416
1947.210909,0.011091,-0.086184,-0.028728,-9.824976,-9.825396,0,-0.001065,0.00213,99080.73,25.76,0.003871
1947.222052,0.011143,-0.026334,-0.02394,-9.820188,-9.820252,0.003195,-0.00426,0.003195,99080.73,25.76,0.009015
1947.233242,0.01119,-0.028728,-0.021546,-9.836946,-9.837012,0.005325,-0.005325,0.001065,99080.73,25.76,-0.007745
1947.244434,0.011193,-0.02394,-0.009576,-9.85131,-9.851344,0.001065,-0.00852,0.00213,99080.73,25.76,-0.022077
1947.255791,0.011356,-0.045486,0.002394,-9.805824,-9.80593,0.00426,-0.007455,0.00213,99080.71,25.76,0.023337
1947.267023,0.011232,-0.064638,0.016758,-9.832158,-9.832385,0.001065,-0.005325,0.00213,99080.71,25.76,-0.003118
1947.277989,0.010966,-0.090972,0.031122,-9.798642,-9.799114,0.00213,-0.005325,0.00426,99080.71,25.76,0.030153
1947.289166,0.011177,-0.126882,0.040698,-9.789066,-9.789973,0.00213,-0.00426,0.003195,99080.71,25.76,0.039294
1947.300349,0.011184,-0.086184,0.031122,-9.817794,-9.818222,0.00213,-0.00639,0.00213,99080.71,25.76,0.011045
1947.311716,0.011366,-0.079002,0.043092,-9.822582,-9.822994,0.00213,-0.00213,0.003195,99080.71,25.76,0.006273
1947.322753,0.011037,-0.100548,0.040698,-9.844128,-9.844726,0.003195,-0.01065,0.001065,99080.62,25.76,-0.015459
1947.333946,0.011193,-0.05985,0.03591,-9.860886,-9.861133,0.001065,-0.001065,0,99080.62,25.76,-0.031866
1947.345103,0.011156,-0.067032,0.007182,-9.820188,-9.820419,0.00213,-0.00426,0.001065,99080.62,25.76,0.008848
1947.356518,0.011415,-0.093366,0.004788,-9.824976,-9.825421,0.00213,-0.00639,0.001065,99080.62,25.76,0.003846
1947.36755,0.011032,-0.138852,0.033516,-9.8154,-9.816439,0.00426,-0.00639,0,99080.62,25.76,0.012828
1947.378667,0.011117,-0.098154,0.007182,-9.822582,-9.823075,0.003195,-0.005325,0,99080.54,25.76,0.006192
1947.3898,0.011132,-0.100548,0.002394,-9.844128,-9.844642,0.00213,-0.00639,-0.001065,99080.54,25.76,-0.015375
1947.401003,0.011204,-0.093366,-0.014364,-9.829764,-9.830218,0.00213,-0.00639,0.001065,99080.54,25.76,-0.000951
1947.412387,0.011384,-0.09576,-0.021546,-9.834552,-9.835042,0.001065,-0.00426,-0.001065,99080.54,25.76,-0.005775
1947.423465,0.011078,-0.090972,-0.028728,-9.822582,-9.823045,0.00426,-0.003195,0.00426,99080.54,25.76,0.006222
1947.434822,0.011357,-0.019152,-0.031122,-9.83934,-9.839408,0.001065,-0.005325,0.001065,99080.54,25.76,-0.010141
1947.445755,0.010933,-0.081396,-0.002394,-9.798642,-9.79898,0,-0.00852,0,99080.44,25.76,0.030287
1947.456898,0.011143,-0.055062,0.004788,-9.796248,-9.796404,0.003195,-0.00639,0.003195,99080.44,25.76,0.032863
1947.468242,0.011345,-0.07182,-0.004788,-9.810612,-9.810876,0.001065,-0.00639,0.001065,99080.44,25.76,0.018391
1947.479328,0.011086,-0.079002,0.033516,-9.798642,-9.799018,0.001065,-0.00426,0.003195,99080.44,25.76,0.030249
1947.49054,0.011212,-0.045486,0.028728,-9.793854,-9.794002,0.003195,-0.00639,0.00213,99080.44,25.76,0.035265
1947.501815,0.011276,-0.112518,0.01197,-9.801036,-9.801689,0.001065,-0.005325,0.003195,99080.44,25.76,0.027578
1947.512931,0.011116,-0.045486,0.009576,-9.813006,-9.813116,0.00213,-0.00639,0.003195,99080.44,25.76,0.016151
1947.524043,0.011112,-0.07182,0.019152,-9.789066,-9.789348,0.001065,-0.00639,0,99080.44,25.76,0.039919
1947.535357,0.011314,-0.090972,0.009576,-9.810612,-9.811038,0.00213,-0.00426,0.003195,99080.44,25.76,0.018229
1947.546311,0.010954,-0.105336,0.019152,-9.810612,-9.811196,0.001065,-0.00426,-0.001065,99080.44,25.76,0.018071
1947.556437,0.010126,-0.076608,0.01197,-9.822582,-9.822888,0.00213,-0.005325,0.001065,99080.44,25.76,0.006379
1947.566513,0.010076,-0.100548,0.033516,-9.856098,-9.856668,0.003195,-0.007455,0.001065,99080.44,25.76,-0.027401
1947.576605,0.010092,-0.086184,0.01197,-9.824976,-9.825361,0.00213,-0.00426,0.001065,99080.46,25.76,0.003906
1947.586697,0.010092,-0.05985,0,-9.824976,-9.825158,0.001065,-0.007455,-0.001065,99080.46,25.76,0.004109
1947.596813,0.010116,-0.079002,0.007182,-9.85131,-9.851629,0.001065,-0.005325,0.001065,99080.46,25.76,-0.022362
1947.606915,0.010102,-0.074214,-0.007182,-9.841734,-9.842016,0.003195,-0.005325,0.001065,99080.46,25.76,-0.012749
1947.617007,0.010092,-0.076608,-0.016758,-9.808218,-9.808531,0.001065,-0.00426,0.001065,99080.46,25.76,0.020736
1947.627092,0.010085,-0.088578,-0.01197,-9.868068,-9.868473,0,-0.00426,0.00213,99080.46,25.76,-0.039206
1947.637274,0.010182,-0.07182,-0.002394,-9.82737,-9.827633,0.001065,-0.005325,0.001065,99080.5,25.76,0.001634
1947.647376,0.010102,-0.098154,-0.021546,-9.820188,-9.820702,0.00426,-0.00639,0.003195,99080.5,25.76,0.008565
1947.657476,0.0101,-0.093366,0.014364,-9.808218,-9.808673,0.00213,-0.00852,0.001065,99080.5,25.76,0.020594
1947.667552,0.010076,-0.057456,-0.002394,-9.789066,-9.789235,0.003195,-0.005325,0,99080.5,25.76,0.040032
1947.677639,0.010087,-0.112518,-0.009576,-9.810612,-9.811262,0.003195,-0.00426,0.003195,99080.5,25.76,0.018005
1947.687717,0.010078,-0.067032,-0.01197,-9.80343,-9.803666,0,-0.005325,0.00213,99080.5,25.76,0.025601
1947.697835,0.010118,-0.067032,0.004788,-9.832158,-9.832388,0.003195,-0.00639,0.00426,99080.5,25.76,-0.003121
1947.707932,0.010097,-0.074214,-0.009576,-9.820188,-9.820473,0.001065,-0.007455,0.00426,99080.49,25.76,0.008794
1947.718025,0.010093,-0.03591,-0.004788,-9.83934,-9.839407,0.001065,-0.003195,0.00213,99080.49,25.76,-0.01014
1947.728135,0.010109,0.002394,-0.009576,-9.83934,-9.839345,0.001065,-0.00426,0.001065,99080.49,25.76,-0.010078
1947.738307,0.010173,-0.100548,0.04788,-9.813006,-9.813638,0.00213,-0.007455,0.003195,99080.49,25.76,0.015629
1947.748394,0.010086,-0.062244,0.002394,-9.829764,-9.829961,0.001065,-0.005325,0.00213,99080.49,25.76,-0.000694
1947.758493,0.010099,-0.057456,0.052668,-9.79146,-9.79177,0.001065,-0.007455,0.003195,99080.49,25.76,0.037497
1947.768586,0.010093,-0.138852,0.026334,-9.8154,-9.816417,0.00213,-0.005325,0.00213,99080.49,25.76,0.01285
1947.778669,0.010083,-0.081396,0.03591,-9.824976,-9.825379,0.001065,-0.005325,0.003195,99080.49,25.76,0.003888
1947.788752,0.010083,-0.09576,0.03591,-9.80343,-9.803963,0.001065,-0.00852,0.00213,99080.49,25.76,0.025304
1947.7989,0.010148,-0.110124,0.02394,-9.858492,-9.859136,0.003195,-0.005325,0,99080.49,25.76,-0.029869
1947.809004,0.010104,-0.079002,0.007182,-9.844128,-9.844448,0.003195,-0.005325,0.00426,99080.49,25.76,-0.015181
1947.819086,0.010082,-0.064638,0.016758,-9.829764,-9.829991,0.00213,-0.00639,0.001065,99080.49,25.76,-0.000724
1947.829174,0.010089,-0.110124,-0.007182,-9.8154,-9.81602,0.001065,-0.007455,0.001065,99080.49,25.76,0.013247
1947.839303,0.010129,-0.064638,-0.002394,-9.844128,-9.844341,0.003195,-0.00426,0.003195,99080.49,25.76,-0.015074
1947.849611,0.010308,-0.100548,0.002394,-9.801036,-9.801552,0.00213,-0.005325,0.001065,99080.49,25.76,0.027715
1947.859706,0.010095,-0.136458,-0.009576,-9.801036,-9.801991,0,-0.00426,0.00213,99080.49,25.76,0.027276
1947.869795,0.010089,-0.076608,0.016758,-9.805824,-9.806138,0,-0.005325,0.003195,99080.49,25.76,0.023129
1947.879884,0.01009,-0.062244,0.002394,-9.810612,-9.81081,0.001065,-0.001065,0.001065,99080.49,25.76,0.018457
1947.889966,0.010081,-0.09576,-0.021546,-9.834552,-9.835042,0.001065,-0.007455,0.001065,99080.49,25.76,-0.005775
1947.900072,0.010106,-0.064638,-0.038304,-9.844128,-9.844415,0.001065,-0.005325,0.003195,99080.41,25.76,-0.015148
1947.910178,0.010106,-0.057456,-0.021546,-9.834552,-9.834743,0.00213,-0.007455,0.001065,99080.41,25.76,-0.005476
1947.920313,0.010135,-0.062244,0.016758,-9.798642,-9.798854,0.00213,-0.00639,0.001065,99080.41,25.76,0.030413
1947.930403,0.010091,-0.088578,-0.016758,-9.82737,-9.827783,0.00213,-0.005325,0,99080.41,25.76,0.001484
1947.940497,0.010093,-0.090972,-0.004788,-9.810612,-9.811035,0,-0.00639,0.003195,99080.41,25.76,0.018232
1947.950576,0.01008,-0.117306,-0.02394,-9.822582,-9.823312,0.001065,-0.005325,0.00213,99080.41,25.76,0.005955
1947.960665,0.010089,-0.081396,0.009576,-9.824976,-9.825318,0.00213,-0.00426,0.00213,99080.43,25.76,0.003949
1947.970756,0.010091,-0.067032,0.004788,-9.813006,-9.813236,0.00213,-0.005325,0.00426,99080.43,25.76,0.016031
1947.98084,0.010084,-0.074214,0.016758,-9.844128,-9.844422,0.001065,-0.007455,0.00213,99080.43,25.76,-0.015155
1947.990925,0.010086,-0.05985,0.02394,-9.817794,-9.818006,0.001065,-0.007455,0.003195,99080.43,25.76,0.011261
1948.001017,0.010091,-0.081396,0.014364,-9.810612,-9.81096,0.00213,-0.00852,0.003195,99080.43,25.76,0.018307
1948.011103,0.010086,-0.088578,0.040698,-9.810612,-9.811096,0,-0.00426,0.003195,99080.43,25.76,0.018171
1948.021229,0.010126,-0.086184,0.076608,-9.793854,-9.794533,0.003195,-0.005325,0.00213,99080.39,25.76,0.034734
1948.031334,0.010105,-0.08379,0.026334,-9.813006,-9.813399,0,-0.003195,0.00213,99080.39,25.76,0.015868
1948.041413,0.010078,-0.08379,0.043092,-9.817794,-9.818246,0.003195,-0.00639,0.001065,99080.39,25.76,0.011021
1948.051522,0.010109,-0.064638,0.007182,-9.8154,-9.815615,0.003195,-0.005325,0,99080.39,25.76,0.013652
1948.061609,0.010087,-0.055062,-0.009576,-9.824976,-9.825135,0.001065,-0.00426,0.003195,99080.39,25.76,0.004132
1948.071714,0.010105,-0.076608,-0.007182,-9.817794,-9.818096,0.001065,-0.007455,0,99080.39,25.76,0.011171
1948.081808,0.010094,-0.055062,-0.002394,-9.824976,-9.825131,0.001065,-0.00639,0.001065,99080.39,25.76,0.004136
1948.091912,0.010104,-0.086184,-0.014364,-9.841734,-9.842122,0.001065,-0.005325,0.003195,99080.28,25.76,-0.012855
1948.102,0.010088,-0.074214,0.002394,-9.817794,-9.818075,-0.001065,-0.005325,0.001065,99080.28,25.76,0.011192
1948.112097,0.010097,-0.090972,-0.01197,-9.858492,-9.858919,0.003195,-0.005325,0.00213,99080.28,25.76,-0.029652
1948.122282,0.010185,-0.102942,0.004788,-9.870462,-9.871,0.00213,-0.007455,0.001065,99080.28,25.76,-0.041733
1948.132368,0.010086,-0.064638,0.004788,-9.805824,-9.806038,0.001065,-0.00426,0.003195,99080.28,25.76,0.023229
1948.142531,0.010163,-0.093366,-0.002394,-9.824976,-9.82542,0.001065,-0.00426,0.00213,99080.28,25.76,0.003847
1948.152646,0.010115,-0.081396,-0.03591,-9.832158,-9.83256,0,-0.00639,0.003195,99080.19,25.76,-0.003293
1948.162749,0.010103,-0.055062,0.002394,-9.82737,-9.827525,0.00213,-0.007455,0,99080.19,25.76,0.001742
1948.172833,0.010084,-0.117306,0.004788,-9.8154,-9.816102,0,-0.005325,0.003195,99080.19,25.76,0.013165
1948.182915,0.010082,-0.117306,0.021546,-9.805824,-9.806549,0.001065,-0.00426,-0.001065,99080.19,25.76,0.022718
1948.192989,0.010074,-0.08379,-0.007182,-9.836946,-9.837305,0.003195,-0.005325,0.001065,99080.19,25.76,-0.008038
1948.203068,0.010079,-0.148428,0.03591,-9.817794,-9.818982,0.00213,-0.005325,0.00213,99080.19,25.76,0.010285
1948.213235,0.010166,-0.079002,-0.014364,-9.822582,-9.82291,0.001065,-0.003195,0,99080.19,25.76,0.006357
1948.223325,0.01009,-0.040698,0.04788,-9.836946,-9.837147,0.003195,-0.007455,0.00426,99080.19,25.76,-0.00788
1948.233425,0.010101,-0.090972,0.016758,-9.820188,-9.820624,0,-0.005325,0,99080.19,25.76,0.008643
1948.243506,0.010081,-0.01197,-0.026334,-9.822582,-9.822625,0.00213,-0.003195,0.003195,99080.19,25.76,0.006642
1948.25367,0.010164,-0.040698,0.043092,-9.824976,-9.825155,0,-0.00852,-0.001065,99080.19,25.76,0.004112
1948.263762,0.010092,-0.13167,0.033516,-9.805824,-9.806765,0,-0.007455,0.00426,99080.19,25.76,0.022502
1948.275122,0.01136,-0.026334,-0.002394,-9.820188,-9.820224,0.003195,-0.00426,0.00213,99080.19,25.76,0.009043
1948.28521,0.010089,-0.057456,-0.002394,-9.80343,-9.803599,0.001065,-0.007455,0.00213,99080.17,25.76,0.025668
1948.295294,0.010083,-0.13167,0.02394,-9.836946,-9.837856,0.00213,-0.003195,0,99080.17,25.76,-0.008589
1948.305385,0.010092,-0.040698,-0.009576,-9.858492,-9.858581,0,-0.00426,0.00426,99080.17,25.76,-0.029314
1948.31548,0.010095,-0.098154,0,-9.822582,-9.823072,0.00213,-0.007455,0.003195,99080.17,25.76,0.006195
1948.325636,0.010155,-0.10773,0.007182,-9.808218,-9.808812,0.003195,-0.005325,0.00213,99080.17,25.76,0.020455
1948.335745,0.010109,-0.052668,0,-9.829764,-9.829905,0.003195,-0.00426,0.00213,99080.17,25.76,-0.000638
1948.345857,0.010112,-0.069426,-0.007182,-9.801036,-9.801285,-0.001065,-0.00639,0.00213,99080.15,25.76,0.027982
1948.355947,0.010089,-0.100548,0.021546,-9.824976,-9.825514,0.003195,-0.007455,0.001065,99080.15,25.76,0.003753
1948.366035,0.010088,-0.040698,0,-9.834552,-9.834636,0.001065,-0.005325,0.00426,99080.15,25.76,-0.005369
1948.376136,0.010101,-0.062244,0.002394,-9.820188,-9.820386,0,-0.00426,0,99080.15,25.76,0.008881
1948.386217,0.010081,-0.126882,0.004788,-9.82737,-9.82819,0.00213,-0.003195,0.00426,99080.15,25.76,0.001077
1948.396322,0.010104,-0.076608,-0.016758,-9.829764,-9.830077,0,-0.005325,0,99080.15,25.76,-0.00081
1948.406397,0.010075,-0.07182,-0.021546,-9.834552,-9.834838,0.003195,-0.003195,0.001065,99080.15,25.76,-0.005571
1948.4165,0.010103,-0.08379,0.02394,-9.798642,-9.799029,0.003195,-0.007455,0.00426,99080.35,25.76,0.030238
1948.426589,0.010089,-0.102942,0.016758,-9.784278,-9.784834,0.001065,-0.00426,0.00213,99080.35,25.76,0.044433
1948.436844,0.010255,-0.055062,0.01197,-9.748368,-9.748531,0.003195,-0.00426,0.00213,99080.35,25.76,0.080736
1948.447008,0.010164,-0.102942,-0.002394,-9.748368,-9.748912,0.003195,-0.005325,0.00213,99080.35,25.76,0.080355
1948.457127,0.01012,-0.090972,0.016758,-9.772308,-9.772746,0.001065,-0.00426,0.00213,99080.35,25.76,0.056521
1948.467259,0.010132,-0.086184,0.009576,-9.786672,-9.787056,0.00213,-0.007455,0.001065,99080.35,25.76,0.042211
1948.477363,0.010103,-0.07182,-0.02394,-9.822582,-9.822874,0.003195,-0.00426,0.001065,99080.36,25.76,0.006393
1948.487556,0.010193,-0.098154,0.028728,-9.832158,-9.83269,0.001065,-0.005325,0.00213,99080.36,25.76,-0.003423
1948.497917,0.010361,-0.086184,-0.007182,-9.846522,-9.846902,0.003195,-0.003195,0.00213,99080.36,25.76,-0.017635
1948.508299,0.010383,-0.112518,0.01197,-9.860886,-9.861535,0,-0.00426,0.001065,99080.36,25.76,-0.032268
1948.519588,0.011288,-0.074214,0.009576,-9.868068,-9.868352,0.00213,-0.00426,0,99080.36,25.76,-0.039085
1948.530724,0.011136,-0.04788,0.021546,-9.844128,-9.844268,0,-0.005325,0.003195,99080.36,25.76,-0.015001
1948.541909,0.011186,-0.064638,0.01197,-9.834552,-9.834772,0.003195,-0.01065,0.00213,99080.36,25.76,-0.005505
1948.553069,0.01116,-0.050274,0.021546,-9.860886,-9.861038,0.001065,-0.00639,0.00213,99080.36,25.76,-0.031771
1948.564467,0.011398,-0.057456,0.002394,-9.834552,-9.83472,0.00213,-0.003195,0.00426,99080.36,25.76,-0.005453
1948.575514,0.011047,-0.064638,0.019152,-9.841734,-9.841965,0.001065,-0.00426,0.001065,99080.36,25.76,-0.012698
1948.586647,0.011133,-0.076608,0,-9.817794,-9.818093,0,-0.00639,0.003195,99080.36,25.76,0.011174
1948.596771,0.010124,-0.067032,0.007182,-9.82737,-9.827601,0,-0.00426,0.001065,99080.36,25.76,0.001666
1948.606856,0.010086,-0.064638,0.014364,-9.796248,-9.796472,0.001065,-0.007455,-0.001065,99080.43,25.76,0.032795
1948.617,0.010144,-0.069426,0.002394,-9.801036,-9.801282,0.001065,-0.005325,0.003195,99080.43,25.76,0.027985
1948.627091,0.010091,-0.05985,0.021546,-9.801036,-9.801242,0.003195,-0.00426,0.00213,99080.43,25.76,0.028025
1948.637207,0.010116,-0.050274,0.01197,-9.796248,-9.796384,0,-0.005325,-0.001065,99080.43,25.76,0.032883
1948.647309,0.010102,-0.069426,0.021546,-9.817794,-9.818063,0.00426,-0.007455,0.001065,99080.43,25.76,0.011204
1948.657497,0.010188,-0.045486,0.016758,-9.810612,-9.810732,0.00213,-0.00639,0.001065,99080.43,25.76,0.018535
1948.667775,0.010278,-0.064638,0.016758,-9.832158,-9.832385,0.00213,-0.00426,0.001065,99080.46,25.76,-0.003118
1948.677869,0.010094,-0.126882,0.009576,-9.82737,-9.828194,0.003195,-0.00639,0.00213,99080.46,25.76,0.001073
1948.687985,0.010116,-0.062244,0.009576,-9.82737,-9.827572,0.00426,-0.003195,0.00213,99080.46,25.76,0.001695
1948.698484,0.0105,-0.110124,0.002394,-9.836946,-9.837563,0,-0.005325,0.00213,99080.46,25.76,-0.008296
1948.709583,0.011099,-0.08379,0.009576,-9.853704,-9.854065,0.003195,-0.00639,0.00213,99080.46,25.76,-0.024798
1948.720971,0.011388,-0.090972,-0.002394,-9.880038,-9.880457,0.001065,-0.005325,0,99080.46,25.76,-0.05119
1948.732063,0.011092,-0.062244,0.01197,-9.925524,-9.925726,0.00213,-0.00426,0.003195,99080.54,25.76,-0.096459
1948.743167,0.011104,-0.10773,-0.002394,-9.89919,-9.899776,0.00213,-0.00426,0.00213,99080.54,25.76,-0.070509
1948.754378,0.011211,-0.04788,-0.004788,-9.880038,-9.880155,0.001065,-0.00426,0.001065,99080.54,25.76,-0.050888
1948.765496,0.011117,-0.081396,0.02394,-9.903978,-9.904341,0.001065,-0.00639,0.00213,99080.54,25.76,-0.075074
1948.77675,0.011254,-0.064638,0.016758,-9.889614,-9.889839,0.00426,-0.005325,0.00213,99080.54,25.76,-0.060572
1948.788358,0.011608,-0.05985,0.021546,-9.901584,-9.901788,0.001065,-0.007455,0.001065,99080.54,25.76,-0.072521
1948.799421,0.011063,-0.081396,0.014364,-9.937494,-9.937838,0.003195,-0.005325,0.001065,99080.44,25.76,-0.108571
1948.81034,0.010919,-0.081396,0.009576,-9.913554,-9.913893,0.001065,-0.003195,0,99080.44,25.76,-0.084626
1948.821439,0.011098,-0.043092,0,-9.9351,-9.935193,0.001065,-0.00426,0.001065,99080.44,25.76,-0.105926
1948.832594,0.011156,-0.08379,0.01197,-9.951858,-9.952218,0.001065,-0.005325,0.003195,99080.44,25.76,-0.122951
1948.843846,0.011251,-0.062244,-0.01197,-9.9351,-9.935302,0.00426,-0.00639,0,99080.44,25.76,-0.106035
1948.855438,0.011592,-0.064638,0.002394,-9.944676,-9.944886,0,-0.005325,0.003195,99080.44,25.76,-0.115619
1948.866384,0.010946,-0.098154,0.009576,-9.949464,-9.949953,0.00213,-0.00426,0.00426,99080.44,25.76,-0.120686
1948.877429,0.011045,-0.064638,0.009576,-9.956646,-9.95686,0.001065,-0.00639,0.001065,99080.44,25.76,-0.127593
1948.888542,0.011113,-0.067032,0.004788,-9.975798,-9.976024,0.00213,-0.005325,0.00213,99080.44,25.76,-0.146757
1948.899761,0.01122,-0.079002,0.009576,-9.944676,-9.944994,0.001065,-0.00426,0,99080.44,25.76,-0.115727
1948.911319,0.011558,-0.069426,0.007182,-9.980586,-9.98083,0,-0.00426,0.00213,99080.44,25.76,-0.151563
1948.922108,0.010789,-0.086184,0.01197,-10.00692,-10.007298,0.00213,-0.007455,0.003195,99080.43,25.76,-0.178031
1948.933288,0.01118,-0.074214,0.021546,-10.016496,-10.016794,0.00213,-0.00426,0.001065,99080.43,25.76,-0.187527
1948.944476,0.011188,-0.090972,0,-10.01889,-10.019303,0,-0.00426,0.001065,99080.43,25.76,-0.190036
1948.955774,0.011297,-0.081396,-0.009576,-10.028466,-10.028801,0.001065,-0.005325,0.00213,99080.43,25.76,-0.199534
1948.966948,0.011174,-0.07182,0.004788,-10.050012,-10.05027,0.00426,-0.005325,0.00213,99080.43,25.76,-0.221003
1948.978042,0.011094,-0.052668,0.016758,-10.033254,-10.033406,0,-0.005325,-0.001065,99080.43,25.76,-0.204139
1948.989256,0.011215,-0.076608,0,-10.047618,-10.04791,0.00213,-0.005325,0.001065,99080.57,25.76,-0.218643
1949.000422,0.011166,-0.110124,0.014364,-10.038042,-10.038656,0,-0.005325,0.00213,99080.57,25.76,-0.209389
1949.011583,0.011161,-0.074214,0.002394,-10.06677,-10.067044,0.003195,-0.005325,0,99080.57,25.76,-0.237777
1949.022877,0.011293,-0.07182,0.019152,-10.045224,-10.045499,0.003195,-0.005325,0.001065,99080.57,25.76,-0.216232
1949.034002,0.011125,-0.117306,0,-10.09071,-10.091392,0.00213,-0.007455,0.00213,99080.57,25.76,-0.262125
1949.045252,0.01125,-0.076608,-0.004788,-10.0548,-10.055093,0.003195,-0.005325,0.00213,99080.57,25.76,-0.225826
1949.056524,0.011272,-0.088578,-0.002394,-10.081134,-10.081523,0.001065,-0.005325,0.00426,99080.58,25.76,-0.252256
1949.067745,0.011221,-0.076608,-0.004788,-10.04283,-10.043123,0.00426,-0.00426,0.00213,99080.58,25.76,-0.213856
1949.079212,0.011467,-0.110124,0.019152,-10.064376,-10.064997,0,-0.005325,0.001065,99080.58,25.76,-0.23573
1949.089969,0.010758,-0.076608,0.02394,-10.09071,-10.091029,0.003195,-0.00426,0.00213,99080.58,25.76,-0.261762
1949.101083,0.011114,-0.09576,-0.007182,-10.071558,-10.072016,0,-0.00426,0.003195,99080.58,25.76,-0.242749
1949.112485,0.011402,-0.088578,0.009576,-10.09071,-10.091103,0.00213,-0.005325,0.003195,99080.5,25.76,-0.261836
1949.123472,0.010987,-0.102942,0.016758,-10.112256,-10.112794,0.001065,-0.005325,0.001065,99080.5,25.76,-0.283527
1949.134739,0.011266,-0.088578,-0.004788,-10.121832,-10.122221,0,-0.00639,0.00213,99080.5,25.76,-0.292954
1949.145779,0.01104,-0.057456,-0.002394,-10.093104,-10.093268,0.005325,-0.00426,0.003195,99080.5,25.76,-0.264001
1949.157078,0.011299,-0.069426,0.019152,-10.083528,-10.083785,0.003195,-0.005325,0.001065,99080.5,25.76,-0.254518
1949.168479,0.011402,-0.074214,0.01197,-10.09071,-10.09099,0.003195,-0.00639,0.003195,99080.5,25.76,-0.261723
1949.17955,0.011071,-0.038304,0.014364,-10.06677,-10.066853,0,-0.00426,0.00213,99080.52,25.76,-0.237586
1949.190562,0.011012,-0.069426,-0.002394,-10.09071,-10.090949,0.001065,-0.003195,0.00426,99080.52,25.76,-0.261682
1949.201771,0.011209,-0.088578,0,-10.093104,-10.093493,0.00213,-0.00639,0.001065,99080.52,25.76,-0.264226
1949.212947,0.011176,-0.081396,0,-10.117044,-10.117371,0.001065,-0.00639,0,99080.52,25.76,-0.288104
1949.224129,0.011182,-0.055062,0.004788,-10.10268,-10.102831,0.00213,-0.007455,0.00213,99080.52,25.76,-0.273564
1949.235328,0.011199,-0.067032,0.007182,-10.112256,-10.112481,0.001065,-0.005325,0,99080.52,25.76,-0.283214
1949.246496,0.011168,-0.098154,0.026334,-10.121832,-10.122342,0.00213,-0.00852,0.00213,99080.52,25.76,-0.293075
1949.257718,0.011222,-0.081396,0.019152,-10.145772,-10.146117,-0.001065,-0.00639,0.001065,99080.52,25.76,-0.31685
1949.268851,0.011133,-0.09576,0.007182,-10.131408,-10.131863,0.003195,-0.005325,0.003195,99080.52,25.76,-0.302596
1949.280026,0.011175,-0.086184,0.007182,-10.129014,-10.129383,0.00213,-0.00426,0.003195,99080.52,25.76,-0.300116
1949.291189,0.011163,-0.081396,0.007182,-10.15056,-10.150889,0.001065,-0.00639,0.001065,99080.52,25.76,-0.321622
1949.302736,0.011547,-0.081396,0.026334,-10.167318,-10.167678,0,-0.003195,0.001065,99080.52,25.76,-0.338411
1949.313791,0.011055,-0.076608,0.02394,-10.172106,-10.172423,0,-0.00213,0.001065,99080.33,25.76,-0.343156
1949.324759,0.010968,-0.09576,0.007182,-10.188864,-10.189317,0.003195,-0.00639,0.00213,99080.33,25.76,-0.36005
1949.336089,0.01133,-0.112518,0.004788,-10.224774,-10.225394,0.003195,-0.00639,-0.001065,99080.33,25.76,-0.396127
1949.347155,0.011066,-0.09576,0.019152,-10.19844,-10.198908,0,-0.00639,0.00426,99080.33,25.76,-0.369641
1949.358351,0.011197,-0.090972,0.033516,-10.196046,-10.196507,0.001065,-0.00426,0.005325,99080.33,25.76,-0.36724
1949.369626,0.011275,-0.088578,0.016758,-10.208016,-10.208414,0.003195,-0.00639,0.001065,99080.47,25.76,-0.379147
1949.380731,0.011105,-0.100548,-0.01197,-10.203228,-10.20373,0.001065,-0.003195,0.001065,99080.47,25.76,-0.374463
1949.391914,0.011182,-0.09576,-0.004788,-10.203228,-10.203678,0.001065,-0.007455,0.003195,99080.47,25.76,-0.374411
1949.403067,0.011154,-0.067032,-0.016758,-10.224774,-10.225007,0.003195,-0.007455,0.003195,99080.47,25.76,-0.39574
1949.414342,0.011275,-0.090972,0.03591,-10.231956,-10.232423,0,-0.00426,0.00426,99080.47,25.76,-0.403156
1949.425497,0.011155,-0.079002,0.007182,-10.284624,-10.28493,0.00213,-0.005325,0.00213,99080.47,25.76,-0.455663
1949.436671,0.011173,-0.079002,-0.014364,-10.255896,-10.25621,0,-0.00213,0,99080.47,25.76,-0.426943
1949.447792,0.011122,-0.100548,0.028728,-10.260684,-10.261217,-0.001065,-0.005325,0.003195,99080.47,25.76,-0.43195
1949.458995,0.011203,-0.076608,0.009576,-10.27026,-10.27055,0.00213,-0.007455,0.003195,99080.47,25.76,-0.441283
1949.470293,0.011297,-0.05985,0.002394,-10.275048,-10.275223,0.003195,-0.007455,0.003195,99080.47,25.76,-0.445956
1949.481515,0.011223,-0.055062,0.014364,-10.275048,-10.275206,0.001065,-0.005325,0.00213,99080.47,25.76,-0.445939
1949.492518,0.011003,-0.098154,0.019152,-10.289412,-10.289898,0.001065,-0.003195,0.00213,99080.47,25.76,-0.460631
1949.503904,0.011386,-0.081396,0.01197,-10.279836,-10.280165,0,-0.005325,-0.001065,99080.5,25.76,-0.450898
1949.514967,0.011063,-0.100548,0.004788,-10.277442,-10.277935,0.00213,-0.00639,0,99080.5,25.76,-0.448668
1949.526239,0.011272,-0.090972,0.009576,-10.296594,-10.297,0.00213,-0.00213,0.00213,99080.5,25.76,-0.467733
1949.537243,0.011004,-0.090972,0.040698,-10.303776,-10.304258,0.00426,-0.007455,0.00213,99080.5,25.76,-0.474991
1949.54854,0.011297,-0.074214,0.01197,-10.2942,-10.294474,0.003195,-0.00639,0.003195,99080.5,25.76,-0.465207
1949.559825,0.011285,-0.079002,-0.004788,-10.296594,-10.296898,0.001065,-0.007455,0.003195,99080.5,25.76,-0.467631
1949.570858,0.011033,-0.07182,0.028728,-10.310958,-10.311248,0.001065,-0.00426,0.001065,99080.5,25.76,-0.481981
1949.582581,0.011723,-0.093366,0.002394,-10.320534,-10.320957,0.00213,-0.00426,0,99080.5,25.76,-0.49169
1949.593177,0.010597,-0.069426,0,-10.31814,-10.318374,0.001065,-0.005325,0.00213,99080.5,25.76,-0.489107
1949.604394,0.011216,-0.086184,-0.004788,-10.310958,-10.311319,0.00213,-0.00639,0.001065,99080.5,25.76,-0.482052
1949.615667,0.011273,-0.114912,0.009576,-10.363626,-10.364267,0.001065,-0.005325,0.003195,99080.5,25.76,-0.535
1949.626835,0.011168,-0.07182,0.009576,-10.351656,-10.35191,0.001065,-0.00426,0.001065,99080.54,25.76,-0.522643
1949.637928,0.011094,-0.100548,0.026334,-10.339686,-10.340208,0.001065,-0.00426,0.00213,99080.54,25.76,-0.510941
1949.649139,0.011211,-0.090972,0.002394,-10.358838,-10.359238,0.00213,-0.005325,0.001065,99080.54,25.76,-0.529971
1949.660299,0.01116,-0.08379,0.007182,-10.34208,-10.342422,0.00426,-0.00639,0.003195,99080.54,25.76,-0.513155
1949.671546,0.011247,-0.098154,-0.014364,-10.334898,-10.335374,-0.001065,-0.007455,0,99080.54,25.76,-0.506107
1949.682803,0.011257,-0.09576,0.016758,-10.327716,-10.328174,0.001065,-0.00639,0.003195,99080.54,25.76,-0.498907
1949.693878,0.011074,-0.086184,-0.016758,-10.315746,-10.31612,0.00213,-0.00426,0.003195,99080.47,25.76,-0.486853
1949.705056,0.011179,-0.105336,0.03591,-10.36602,-10.366617,0,-0.00852,0.003195,99080.47,25.76,-0.53735
1949.716338,0.011282,-0.081396,-0.002394,-10.315746,-10.316067,0.001065,-0.005325,0.003195,99080.47,25.76,-0.4868
1949.727482,0.011144,-0.057456,0.004788,-10.315746,-10.315907,0.005325,-0.005325,0.00426,99080.47,25.76,-0.48664
1949.738679,0.011198,-0.102942,0.004788,-10.303776,-10.304291,0,-0.005325,0,99080.47,25.76,-0.475024
1949.74976,0.011081,-0.067032,0.033516,-10.315746,-10.316018,0.001065,-0.00426,0.00213,99080.54,25.76,-0.486751
1949.760976,0.011216,-0.067032,-0.009576,-10.31814,-10.318362,0,-0.00213,0.001065,99080.54,25.76,-0.489095
1949.772183,0.011207,-0.079002,0.04788,-10.313352,-10.313766,0.00213,-0.007455,0.001065,99080.54,25.76,-0.484499
1949.783412,0.011228,-0.07182,0.031122,-10.296594,-10.296892,0.001065,-0.00639,0.001065,99080.54,25.76,-0.467625
1949.793526,0.010115,-0.081396,0,-10.303776,-10.304097,0.001065,-0.003195,0.001065,99080.54,25.76,-0.47483
1949.806027,0.012501,-0.062244,0.002394,-10.313352,-10.31354,0.003195,-0.00426,0.003195,99080.54,25.76,-0.484273
1949.817498,0.011471,-0.08379,-0.019152,-10.31814,-10.318498,0.003195,-0.00639,0.00426,99080.49,25.76,-0.489231
1949.828205,0.010707,-0.090972,0.004788,-10.356444,-10.356845,0.001065,-0.00639,0.00426,99080.49,25.76,-0.527578
1949.83934,0.011135,-0.057456,-0.002394,-10.322928,-10.323088,0.00213,-0.005325,0.003195,99080.49,25.76,-0.493821
1949.850499,0.011159,-0.086184,0.01197,-10.325322,-10.325689,0.001065,-0.005325,0.00213,99080.49,25.76,-0.496422
1949.86164,0.011141,-0.093366,0.014364,-10.315746,-10.316179,0.003195,-0.00639,0.003195,99080.49,25.76,-0.486912
1949.872834,0.011195,-0.079002,0.028728,-10.31814,-10.318482,0,-0.005325,0.00213,99080.49,25.76,-0.489215
1949.885223,0.012389,-0.079002,-0.031122,-10.310958,-10.311308,0.003195,-0.00426,0.00213,99080.49,25.76,-0.482041
1949.895832,0.010609,-0.081396,0.019152,-10.346868,-10.347206,0.001065,-0.00639,0.001065,99080.49,25.76,-0.517939
1949.906445,0.010613,-0.079002,0.009576,-10.332504,-10.33281,0.003195,-0.00639,0.00213,99080.49,25.76,-0.503543
1949.917592,0.011147,-0.076608,0.002394,-10.310958,-10.311243,0,-0.00426,0.001065,99080.49,25.76,-0.481976
1949.928795,0.011203,-0.088578,0.009576,-10.308564,-10.308949,0.003195,-0.003195,0.00213,99080.49,25.76,-0.479682
1949.939998,0.011203,-0.088578,0.004788,-10.334898,-10.335279,0.003195,-0.005325,0.00213,99080.49,25.76,-0.506012
1949.951189,0.011191,-0.088578,0.016758,-10.308564,-10.308958,0,-0.00426,0.001065,99080.52,25.76,-0.479691
1949.961268,0.01008,-0.079002,0.026334,-10.30617,-10.306506,0.003195,-0.003195,0.003195,99080.52,25.76,-0.477239
1949.971349,0.010081,-0.081396,0.031122,-10.301382,-10.301751,0.003195,-0.005325,0.00213,99080.52,25.76,-0.472484
1949.981494,0.010145,-0.076608,0.002394,-10.2942,-10.294485,0.00213,-0.005325,0.001065,99080.52,25.76,-0.465218
1949.991592,0.010098,-0.102942,0.007182,-10.298988,-10.299505,0.001065,-0.005325,0.003195,99080.52,25.76,-0.470238
1950.001709,0.010116,-0.07182,0.01197,-10.310958,-10.311215,0,-0.003195,0.003195,99080.52,25.76,-0.481948
1950.011813,0.010104,-0.076608,0.031122,-10.291806,-10.292138,0.003195,-0.005325,0.001065,99080.43,25.76,-0.462871
1950.021907,0.010094,-0.067032,-0.016758,-10.313352,-10.313583,0.001065,-0.00426,0.001065,99080.43,25.76,-0.484316
1950.031992,0.010085,-0.076608,0.03591,-10.320534,-10.320881,0,-0.005325,0.001065,99080.43,25.76,-0.491614
1950.042099,0.010107,-0.069426,-0.009576,-10.301382,-10.30162,0,-0.007455,0.00213,99080.43,25.76,-0.472353
1950.052401,0.010302,-0.064638,0,-10.310958,-10.311161,0.001065,-0.005325,0.00213,99080.43,25.76,-0.481894
1950.062487,0.010086,-0.07182,-0.004788,-10.327716,-10.327967,0.00213,-0.003195,0.001065,99080.43,25.76,-0.4987
1950.072567,0.01008,-0.067032,-0.019152,-10.327716,-10.327951,0.001065,-0.00639,0.00213,99080.2,25.76,-0.498684
1950.082657,0.01009,-0.079002,0.007182,-10.33011,-10.330415,0.00426,-0.005325,0.00426,99080.2,25.76,-0.501148
1950.092762,0.010105,-0.086184,0.02394,-10.303776,-10.304164,0.00213,-0.005325,0.00213,99080.2,25.76,-0.474897
1950.102839,0.010077,-0.076608,0.004788,-10.310958,-10.311244,0.003195,-0.005325,0.00426,99080.2,25.76,-0.481977
1950.112929,0.01009,-0.098154,0.014364,-10.325322,-10.325799,0.001065,-0.00852,0.00426,99080.2,25.76,-0.496532
1950.123013,0.010083,-0.07182,0.009576,-10.339686,-10.33994,0.003195,-0.003195,0.00426,99080.2,25.76,-0.510673
1950.133123,0.01011,-0.100548,0.014364,-10.33011,-10.330609,0.00213,-0.00639,0.005325,99080.2,25.76,-0.501342
1950.143215,0.010092,-0.086184,0.007182,-10.332504,-10.332866,0.001065,-0.00426,0.001065,99080.11,25.76,-0.503599
1950.15336,0.010145,-0.086184,-0.014364,-10.349262,-10.349631,0.001065,-0.00426,0.00213,99080.11,25.76,-0.520364
1950.163455,0.010095,-0.074214,-0.002394,-10.337292,-10.337559,0.001065,-0.00639,0.003195,99080.11,25.76,-0.508292
1950.173526,0.010071,-0.10773,0.052668,-10.344474,-10.345169,0.003195,-0.005325,0,99080.11,25.76,-0.515902
1950.183618,0.010092,-0.074214,0.01197,-10.33011,-10.330384,0.003195,-0.005325,0.00213,99080.11,25.76,-0.501117
1950.193705,0.010087,-0.105336,0.007182,-10.339686,-10.340225,0,-0.00426,0.005325,99080.11,25.76,-0.510958
1950.203822,0.010117,-0.09576,0.026334,-10.303776,-10.304255,0.001065,-0.005325,0,99080.11,25.76,-0.474988
1950.21394,0.010118,-0.100548,0.02394,-10.322928,-10.323445,0.003195,-0.003195,0.00426,99080.03,25.76,-0.494178
1950.224019,0.010078,-0.090972,0.007182,-10.33011,-10.330513,-0.001065,-0.00639,0.001065,99080.03,25.76,-0.501246
1950.234178,0.010159,-0.1197,0.01197,-10.320534,-10.321235,0.001065,-0.00426,0.00213,99080.03,25.76,-0.491968
1950.244268,0.01009,-0.090972,-0.002394,-10.322928,-10.323329,0.00213,-0.005325,0.00213,99080.03,25.76,-0.494062
1950.254392,0.010125,-0.100548,-0.016758,-10.301382,-10.301886,0.00213,-0.00639,0.00213,99080.03,25.76,-0.472619
1950.264721,0.010328,-0.093366,-0.019152,-10.298988,-10.299429,0.001065,-0.007455,0.00213,99080.03,25.76,-0.470162
1950.274825,0.010104,-0.100548,-0.028728,-10.310958,-10.311488,0,-0.003195,0.005325,99080.03,25.76,-0.482221
1950.284909,0.010085,-0.064638,-0.004788,-10.322928,-10.323131,0.001065,-0.00639,0.001065,99080.03,25.76,-0.493864
1950.294995,0.010085,-0.079002,-0.002394,-10.322928,-10.323231,0.003195,-0.00639,0.00639,99080.03,25.76,-0.493964
1950.305115,0.010121,-0.069426,-0.002394,-10.344474,-10.344707,0,-0.00639,0.001065,99080.03,25.76,-0.51544
1950.315229,0.010114,-0.079002,-0.01197,-10.315746,-10.316055,0.003195,-0.007455,0.003195,99080.03,25.76,-0.486788
1950.325318,0.010089,-0.079002,0.02394,-10.296594,-10.296925,0.001065,-0.007455,0.003195,99080.03,25.76,-0.467658
1950.33543,0.010112,-0.074214,-0.009576,-10.298988,-10.29926,0.001065,-0.005325,0.00639,99079.9,25.76,-0.469993
1950.345552,0.010122,-0.088578,0.033516,-10.303776,-10.304211,0.001065,-0.005325,0.00213,99079.9,25.76,-0.474944
1950.355672,0.01012,-0.081396,-0.002394,-10.322928,-10.323249,0.003195,-0.003195,0.001065,99079.9,25.76,-0.493982
1950.365777,0.010105,-0.093366,0.02394,-10.332504,-10.332954,0.003195,-0.00639,0.003195,99079.9,25.76,-0.503687
1950.375959,0.010182,-0.093366,-0.002394,-10.337292,-10.337714,0.00426,-0.00426,0.003195,99079.9,25.76,-0.508447
1950.386074,0.010116,-0.067032,0.019152,-10.310958,-10.311194,0,-0.00852,0.00213,99079.9,25.76,-0.481927
1950.396173,0.010098,-0.052668,0.004788,-10.346868,-10.347003,0.00213,-0.005325,0.00426,99079.71,25.76,-0.517736
1950.40626,0.010088,-0.074214,0.026334,-10.31814,-10.31844,0.001065,-0.007455,0.00213,99079.71,25.76,-0.489173
1950.416347,0.010087,-0.088578,0.028728,-10.325322,-10.325742,0.001065,-0.003195,0.001065,99079.71,25.76,-0.496475
1950.42652,0.010173,-0.05985,0.02394,-10.325322,-10.325523,0.00213,-0.003195,0.00213,99079.71,25.76,-0.496256
1950.436658,0.010138,-0.081396,0.019152,-10.310958,-10.311297,0.00213,-0.005325,0.00213,99079.71,25.76,-0.48203
1950.446747,0.01009,-0.100548,0.014364,-10.349262,-10.34976,0,-0.00639,0.003195,99079.71,25.76,-0.520493
1950.456852,0.010105,-0.050274,-0.01197,-10.308564,-10.308694,0.001065,-0.007455,0.001065,99079.71,25.76,-0.479427
1950.466906,0.010054,-0.081396,0.014364,-10.327716,-10.328047,0,-0.005325,0.003195,99079.55,25.76,-0.49878
1950.477275,0.010369,-0.038304,0.009576,-10.332504,-10.332579,0.003195,-0.005325,0.003195,99079.55,25.76,-0.503312
1950.4874,0.010125,-0.079002,0.009576,-10.30617,-10.306477,0.001065,-0.007455,0.001065,99079.55,25.76,-0.47721
1950.497491,0.010091,-0.093366,-0.004788,-10.332504,-10.332927,0.001065,-0.005325,0.00213,99079.55,25.76,-0.50366
1950.507597,0.010106,-0.08379,0.033516,-10.346868,-10.347262,0.00213,-0.005325,0.00213,99079.55,25.76,-0.517995
1950.517711,0.010115,-0.076608,0.01197,-10.31814,-10.318431,0.001065,-0.00426,0.00213,99079.55,25.76,-0.489164
1950.527808,0.010096,-0.079002,-0.01197,-10.30617,-10.30648,0.00213,-0.00639,0.003195,99079.31,25.76,-0.477213
1950.537916,0.010108,-0.088578,0.007182,-10.339686,-10.340068,-0.001065,-0.007455,0.00213,99079.31,25.76,-0.510801
1950.548102,0.010186,-0.062244,-0.007182,-10.30617,-10.30636,0,-0.00213,0.005325,99079.31,25.76,-0.477093
1950.558258,0.010156,-0.081396,-0.014364,-10.308564,-10.308895,0,-0.003195,0,99079.31,25.76,-0.479628
1950.568352,0.010094,-0.112518,0,-10.334898,-10.33551,0.003195,-0.007455,0.003195,99079.31,25.76,-0.506243
1950.578454,0.010102,-0.076608,-0.002394,-10.320534,-10.320819,0.003195,-0.005325,0.003195,99079.31,25.76,-0.491552
1950.588554,0.0101,-0.079002,0,-10.322928,-10.32323,0.00213,-0.00426,0.00213,99079.31,25.76,-0.493963
1950.598641,0.010087,-0.10773,0.03591,-10.310958,-10.311583,0.001065,-0.007455,0.00213,99079.31,25.76,-0.482316
1950.60873,0.010089,-0.09576,0.021546,-10.31814,-10.318607,0.00426,-0.001065,0.001065,99079.31,25.76,-0.48934
1950.618817,0.010087,-0.102942,0.016758,-10.339686,-10.340212,0.003195,-0.005325,-0.001065,99079.31,25.76,-0.510945
1950.628923,0.010106,-0.088578,0.02394,-10.320534,-10.320942,0.001065,-0.00426,0.00213,99079.31,25.76,-0.491675
1950.639032,0.010109,-0.076608,-0.01197,-10.34208,-10.342371,0.003195,-0.007455,0.00213,99079.31,25.76,-0.513104
1950.649122,0.010091,-0.09576,0.050274,-10.33011,-10.330676,0.003195,-0.00639,0.001065,99079.01,25.76,-0.501409
1950.659249,0.010126,-0.100548,-0.004788,-10.361232,-10.361721,0.00213,-0.00639,0,99079.01,25.76,-0.532454
1950.669354,0.010105,-0.090972,-0.002394,-10.322928,-10.323329,0.003195,-0.00639,0.001065,99079.01,25.76,-0.494062
1950.679452,0.010098,-0.086184,0.014364,-10.327716,-10.328086,0.00213,-0.005325,0.00213,99079.01,25.76,-0.498819
1950.690037,0.010586,-0.055062,0.016758,-10.35405,-10.35421,0.003195,-0.005325,0.001065,99079.01,25.76,-0.524943
1950.700527,0.01049,-0.102942,0.055062,-10.310958,-10.311619,0.001065,-0.00426,0.001065,99079.01,25.76,-0.482352
1950.710619,0.010092,-0.05985,-0.002394,-10.361232,-10.361405,0,-0.005325,0,99079.01,25.76,-0.532138
1950.720711,0.010092,-0.052668,0.038304,-10.349262,-10.349467,0.001065,-0.00426,0,99078.8,25.76,-0.5202
1950.730806,0.010095,-0.01197,-0.016758,-10.332504,-10.332525,0.00213,-0.003195,0.00213,99078.8,25.76,-0.503258
1950.740902,0.010095,-0.093366,-0.004788,-10.308564,-10.308988,0.001065,-0.00639,0.001065,99078.8,25.76,-0.479721
1950.751188,0.010286,-0.086184,-0.002394,-10.332504,-10.332864,0.00213,-0.005325,0.00213,99078.8,25.76,-0.503597
1950.761302,0.010115,-0.090972,0.01197,-10.301382,-10.301791,0.001065,-0.00852,0.00213,99078.8,25.76,-0.472524
1950.771463,0.010161,-0.090972,0.004788,-10.325322,-10.325724,0.001065,-0.00213,0.003195,99078.8,25.76,-0.496457
1950.781582,0.010119,-0.110124,-0.002394,-10.308564,-10.309152,-0.001065,-0.003195,-0.001065,99078.45,25.76,-0.479885
1950.791693,0.010112,-0.03591,-0.033516,-10.322928,-10.323045,0.00213,-0.003195,0.001065,99078.45,25.76,-0.493778
1950.801939,0.010246,-0.129276,0.016758,-10.322928,-10.323751,0.001065,-0.007455,0.003195,99078.45,25.76,-0.494484
1950.812061,0.010122,-0.050274,-0.026334,-10.322928,-10.323084,0,-0.003195,0.003195,99078.45,25.76,-0.493817
1950.822247,0.010186,-0.114912,-0.040698,-10.31814,-10.31886,0.00213,-0.00639,0.00426,99078.45,25.76,-0.489593
1950.832335,0.010088,-0.04788,0.021546,-10.320534,-10.320668,0.003195,-0.00639,0.003195,99078.45,25.76,-0.491401
1950.84242,0.010086,-0.114912,-0.021546,-10.31814,-10.318802,0.001065,-0.007455,0.00213,99078.45,25.76,-0.489535
1950.852514,0.010094,-0.064638,0.031122,-10.303776,-10.304026,0.001065,-0.00426,0.001065,99078.1,25.76,-0.474759
1950.86261,0.010096,-0.08379,-0.014364,-10.327716,-10.328066,0,-0.00426,0,99078.1,25.76,-0.498799
1950.872699,0.010089,-0.057456,0.043092,-10.35405,-10.354299,0.003195,-0.00852,0.003195,99078.1,25.76,-0.525032
1950.882797,0.010098,-0.1197,-0.004788,-10.361232,-10.361925,0.001065,-0.005325,0.001065,99078.1,25.76,-0.532658
1950.892899,0.010102,-0.076608,0.007182,-10.373202,-10.373487,0,-0.00213,0,99078.1,25.76,-0.54422
1950.902995,0.010096,-0.112518,0.02394,-10.334898,-10.335538,0,-0.005325,0.00213,99078.1,25.76,-0.506271
1950.913551,0.010556,-0.067032,-0.055062,-10.35405,-10.354413,0.00213,-0.00426,0.001065,99078.1,25.76,-0.525146
1950.923697,0.010145,-0.093366,0.069426,-10.325322,-10.325978,0.001065,-0.003195,0.00213,99078.1,25.76,-0.496711
1950.933834,0.010137,-0.117306,-0.016758,-10.373202,-10.373879,0.00213,-0.00852,0.001065,99078.1,25.76,-0.544612
1950.943943,0.01011,-0.114912,0.026334,-10.284624,-10.2853,0.00213,-0.005325,0,99078.1,25.76,-0.456033
1950.954047,0.010103,-0.067032,0,-10.334898,-10.335115,-0.003195,-0.00426,0.003195,99078.1,25.76,-0.505848
1950.964108,0.010061,-0.07182,0,-10.313352,-10.313602,0.00426,-0.00639,0,99078.1,25.76,-0.484335
1950.974712,0.010604,-0.076608,-0.009576,-10.34208,-10.342368,0.001065,-0.003195,0.00639,99077.67,25.76,-0.513101
1950.984819,0.010107,-0.064638,0.009576,-10.325322,-10.325529,0.003195,-0.009585,0,99077.67,25.76,-0.496262
1950.994912,0.010092,-0.050274,-0.009576,-10.31814,-10.318267,0.001065,-0.005325,0.00213,99077.67,25.76,-0.489
1951.005113,0.010201,-0.086184,0.002394,-10.337292,-10.337652,0.00213,-0.005325,0.00426,99077.67,25.76,-0.508385
1951.015207,0.010094,-0.08379,0.004788,-10.315746,-10.316087,0.003195,-0.005325,0.003195,99077.67,25.76,-0.48682
1951.025667,0.01046,-0.086184,-0.019152,-10.320534,-10.320912,0.003195,-0.00639,0.00213,99077.67,25.76,-0.491645
1951.035779,0.010112,-0.050274,0.050274,-10.332504,-10.332749,0,-0.005325,0.003195,99077.23,25.76,-0.503482
1951.045887,0.010108,-0.110124,-0.026334,-10.356444,-10.357063,0.003195,-0.005325,0.003195,99077.23,25.76,-0.527796
1951.056001,0.010114,-0.055062,0.02394,-10.322928,-10.323103,0.00213,-0.005325,0.001065,99077.23,25.76,-0.493836
1951.066102,0.010101,-0.081396,0.038304,-10.298988,-10.299381,0,-0.003195,0.001065,99077.23,25.76,-0.470114
1951.076217,0.010115,-0.074214,0.014364,-10.36602,-10.366296,0.003195,-0.005325,0.00213,99077.23,25.76,-0.537029
1951.086374,0.010157,-0.098154,0.067032,-10.327716,-10.3284,0.001065,-0.005325,0.00213,99077.23,25.76,-0.499133
1951.096464,0.01009,-0.088578,0.01197,-10.327716,-10.328103,0.00213,-0.005325,0.00213,99076.8,25.76,-0.498836
1951.106554,0.010091,-0.09576,0.028728,-10.301382,-10.301867,0.005325,-0.00852,0.001065,99076.8,25.76,-0.4726
1951.116652,0.010098,-0.102942,0.052668,-10.313352,-10.314,0.003195,-0.007455,0.003195,99076.8,25.76,-0.484733
1951.126793,0.010141,-0.055062,0.031122,-10.322928,-10.323122,0.00213,-0.001065,0,99076.8,25.76,-0.493855
1951.137199,0.010406,-0.064638,-0.040698,-10.298988,-10.299271,0.00213,-0.00426,0.003195,99076.8,25.76,-0.470004
1951.14789,0.010691,-0.067032,0.021546,-10.248714,-10.248956,0.001065,-0.005325,0.003195,99076.8,25.76,-0.419689
1951.159088,0.011198,-0.126882,-0.004788,-10.255896,-10.256682,0.001065,-0.007455,0,99076.26,25.76,-0.427415
1951.170295,0.011207,-0.081396,0.014364,-10.301382,-10.301714,0.00213,-0.00213,0,99076.26,25.76,-0.472447
1951.181475,0.011181,-0.076608,-0.002394,-10.248714,-10.249001,0,-0.009585,0.00213,99076.26,25.76,-0.419734
1951.192643,0.011168,-0.081396,-0.086184,-10.27026,-10.270944,0.005325,-0.00852,0.00213,99076.26,25.76,-0.441677
1951.203786,0.011143,-0.110124,0.028728,-10.229562,-10.230195,0,-0.003195,0.00213,99076.26,25.76,-0.400928
1951.213897,0.010112,-0.031122,-0.057456,-10.267866,-10.268074,0,-0.003195,-0.001065,99076.26,25.76,-0.438807
1951.224022,0.010124,-0.105336,0.009576,-10.251108,-10.251654,0.00213,-0.00639,0.005325,99076.26,25.76,-0.422387
1951.234507,0.010485,-0.074214,-0.043092,-10.260684,-10.261043,0.00213,-0.00426,0.001065,99076.26,25.76,-0.431776
1951.244598,0.010092,-0.055062,0.016758,-10.241532,-10.241694,-0.001065,-0.007455,0,99076.26,25.76,-0.412427
1951.25469,0.010091,-0.088578,0,-10.236744,-10.237127,0.00213,-0.00852,0.00426,99076.26,25.76,-0.40786
1951.264772,0.010083,-0.102942,-0.038304,-10.251108,-10.251696,0.00213,-0.007455,0.003195,99076.26,25.76,-0.422429
1951.274858,0.010086,-0.057456,0.04788,-10.188864,-10.189138,0.003195,-0.00639,0.00213,99076.26,25.76,-0.359871
1951.28498,0.010122,-0.09576,-0.019152,-10.215198,-10.215665,0.001065,-0.005325,0.001065,99076.26,25.76,-0.386398
1951.295088,0.010108,-0.074214,0.007182,-10.200834,-10.201106,0.00213,-0.005325,0.001065,99075.8,25.76,-0.371839
1951.305183,0.010095,-0.067032,-0.016758,-10.217592,-10.217826,0.003195,-0.00426,0.003195,99075.8,25.76,-0.388559
1951.315278,0.010096,-0.069426,0.007182,-10.172106,-10.172345,0.001065,-0.005325,0.00213,99075.8,25.76,-0.343078
1951.325387,0.010108,-0.100548,0,-10.172106,-10.172603,0.003195,-0.00639,0.00426,99075.8,25.76,-0.343336
1951.33553,0.010143,-0.114912,0.031122,-10.203228,-10.203923,0.001065,-0.00426,0.00213,99075.8,25.76,-0.374656
1951.345632,0.010102,-0.074214,-0.01197,-10.13859,-10.138869,0.003195,-0.005325,0,99075.8,25.76,-0.309602
1951.355727,0.010094,-0.105336,0.040698,-10.121832,-10.122462,0.00213,-0.005325,0.001065,99075.3,25.76,-0.293195
1951.365824,0.010097,-0.03591,0.009576,-10.148166,-10.148234,0.00213,-0.00426,0.00213,99075.3,25.76,-0.318967
1951.375934,0.01011,-0.09576,0.016758,-10.160136,-10.160601,0,-0.005325,0.001065,99075.3,25.76,-0.331334
1951.386034,0.0101,-0.057456,0.028728,-10.136196,-10.1364,0.001065,-0.00639,0,99075.3,25.76,-0.307133
1951.396213,0.010179,-0.052668,0.007182,-10.157742,-10.157881,0.003195,-0.005325,0.00213,99075.3,25.76,-0.328614
1951.406403,0.01019,-0.076608,0.002394,-10.136196,-10.136486,0.00213,-0.00426,0.00213,99075.3,25.76,-0.307219
1951.416872,0.010469,-0.112518,-0.002394,-10.13859,-10.139215,0.003195,-0.01065,0.003195,99074.75,25.76,-0.309948
1951.427496,0.010624,-0.069426,0.02394,-10.11465,-10.114917,-0.001065,-0.00213,0,99074.75,25.76,-0.28565
1951.43868,0.011183,-0.045486,0.04788,-10.105074,-10.10529,0.00213,-0.003195,0,99074.75,25.76,-0.276023
1951.449894,0.011215,-0.090972,0.026334,-10.095498,-10.095942,0.00213,-0.00639,0,99074.75,25.76,-0.266675
1951.461001,0.011106,-0.052668,-0.01197,-10.11465,-10.114794,0.001065,-0.003195,0,99074.75,25.76,-0.285527
1951.472231,0.01123,-0.076608,0.019152,-10.124226,-10.124534,0.001065,-0.00639,0.00213,99074.75,25.76,-0.295267
1951.483949,0.011718,-0.062244,-0.028728,-10.097892,-10.098125,0.001065,-0.00852,0.001065,99074.17,25.76,-0.268858
1951.495242,0.011293,-0.067032,0.02394,-10.093104,-10.093355,0.00213,-0.00426,0.00213,99074.17,25.76,-0.264088
1951.505795,0.010553,-0.045486,-0.007182,-10.083528,-10.083633,0.003195,-0.003195,0.003195,99074.17,25.76,-0.254366
1951.516959,0.011164,-0.098154,-0.002394,-10.06677,-10.067249,0.00213,-0.007455,0.00213,99074.17,25.76,-0.237982
1951.527318,0.010359,-0.064638,-0.007182,-10.117044,-10.117253,0.001065,-0.00426,0.001065,99074.17,25.76,-0.287986
1951.53936,0.012042,-0.076608,-0.004788,-10.073952,-10.074244,0.001065,0,0,99074.17,25.76,-0.244977
1951.550547,0.011187,-0.086184,-0.033516,-10.083528,-10.083952,0,-0.00639,0.00213,99074.17,25.76,-0.254685
1951.561798,0.011251,-0.079002,0.002394,-10.093104,-10.093413,0.001065,-0.005325,0.00639,99074.17,25.76,-0.264146
1951.572874,0.011076,-0.093366,-0.007182,-10.06677,-10.067206,-0.001065,-0.005325,0.00213,99074.17,25.76,-0.237939
1951.584166,0.011292,-0.062244,0.004788,-10.069164,-10.069358,0.001065,-0.005325,0.001065,99074.17,25.76,-0.240091
1951.595408,0.011242,-0.09576,-0.004788,-10.059588,-10.060045,0.003195,-0.005325,0.00213,99074.17,25.76,-0.230778
1951.606671,0.011263,-0.090972,-0.009576,-10.047618,-10.048034,0.003195,-0.00852,0.003195,99073.61,25.76,-0.218767
1951.617643,0.010972,-0.064638,-0.002394,-10.0548,-10.055008,0.00426,-0.003195,0,99073.61,25.76,-0.225741
1951.628783,0.01114,-0.038304,0.014364,-10.064376,-10.064459,0.001065,-0.00852,0.005325,99073.61,25.76,-0.235192
1951.640064,0.011281,-0.102942,0.009576,-10.009314,-10.009848,0.003195,-0.00426,0.003195,99073.61,25.76,-0.180581
1951.651154,0.01109,-0.062244,-0.016758,-10.038042,-10.038249,0,-0.005325,0.00213,99073.61,25.76,-0.208982
1951.662729,0.011576,-0.07182,0.019152,-9.999738,-10.000014,0.00213,-0.007455,0.003195,99073.61,25.76,-0.170747
1951.673678,0.010948,-0.098154,0.01197,-9.997344,-9.997833,0.001065,-0.00639,0.00213,99072.86,25.76,-0.168566
1951.684746,0.011069,-0.043092,0.040698,-9.973404,-9.97358,0.001065,-0.007455,0.003195,99072.86,25.76,-0.144313
1951.696113,0.011367,-0.079002,0.028728,-9.963828,-9.964183,0,-0.00426,0.003195,99072.86,25.76,-0.134916
1951.706338,0.010225,-0.05985,0.026334,-10.023678,-10.023891,0.00213,-0.007455,0.001065,99072.86,25.76,-0.194624
1951.716431,0.010092,-0.069426,0.002394,-9.973404,-9.973646,0.001065,-0.005325,-0.001065,99072.86,25.76,-0.144379
1951.726526,0.010095,-0.08379,0.093366,-10.002132,-10.002919,0.00213,-0.00639,0.00213,99072.86,25.76,-0.173652
1951.736635,0.010109,-0.067032,0.031122,-9.954252,-9.954526,0.00639,-0.00639,0.001065,99072.86,25.76,-0.125259
1951.746728,0.010093,-0.088578,0.014364,-9.968616,-9.96902,0.001065,-0.007455,0.003195,99072.27,25.76,-0.139753
1951.756841,0.010113,-0.088578,0.04788,-9.990162,-9.990669,0.003195,-0.005325,0.001065,99072.27,25.76,-0.161402
1951.766974,0.010133,-0.074214,0.028728,-9.937494,-9.937813,0,-0.005325,0,99072.27,25.76,-0.108546
1951.777077,0.010103,-0.09576,0.038304,-9.978192,-9.978725,0.003195,-0.00426,0.001065,99072.27,25.76,-0.149458
1951.787162,0.010085,-0.08379,0.002394,-9.973404,-9.973756,0.001065,-0.007455,0,99072.27,25.76,-0.144489
1951.797462,0.010299,-0.040698,0.02394,-9.932706,-9.932818,0.001065,-0.00426,0.001065,99072.27,25.76,-0.103551
1951.807639,0.010177,-0.098154,0.033516,-9.992556,-9.993094,0.001065,-0.00639,0,99071.6,25.76,-0.163827
1951.817747,0.010108,-0.064638,-0.004788,-9.966222,-9.966433,0,-0.00213,0.001065,99071.6,25.76,-0.137166
1951.82801,0.010263,-0.102942,-0.021546,-9.951858,-9.952414,0,-0.00852,0,99071.6,25.76,-0.123147
1951.838114,0.010104,-0.067032,0.004788,-9.942282,-9.942509,0.00213,-0.003195,0.001065,99071.6,25.76,-0.113242
1951.848195,0.010081,-0.102942,-0.033516,-9.968616,-9.969204,0.001065,-0.01065,0.00213,99071.6,25.76,-0.139937
1951.858484,0.010289,-0.079002,-0.02394,-9.88722,-9.887565,0.003195,-0.003195,0.00426,99071.6,25.76,-0.058298
1951.868626,0.010141,-0.074214,-0.038304,-9.89919,-9.899542,-0.00213,-0.00639,0.001065,99070.96,25.76,-0.070275
1951.878715,0.010089,-0.07182,-0.040698,-9.915948,-9.916292,0.003195,-0.005325,0.00426,99070.96,25.76,-0.087025
1951.888815,0.0101,-0.105336,0.002394,-9.901584,-9.902145,0.00213,-0.005325,0.001065,99070.96,25.76,-0.072878
1951.898953,0.010138,-0.055062,-0.026334,-9.913554,-9.913742,0.00426,-0.00852,0.00426,99070.96,25.76,-0.084475
1951.909243,0.010291,-0.102942,0.004788,-9.9351,-9.935634,0.001065,-0.00852,0,99070.96,25.76,-0.106367
1951.919412,0.010168,-0.033516,-0.016758,-9.89919,-9.899261,0.001065,-0.003195,0.003195,99070.96,25.76,-0.069994
1951.929497,0.010085,-0.110124,-0.01197,-9.872856,-9.873477,0.001065,-0.00852,0.00213,99070.96,25.76,-0.04421
1951.939577,0.01008,-0.05985,0.01197,-9.868068,-9.868257,0.001065,-0.005325,0.00213,99070.96,25.76,-0.03899
1951.94984,0.010263,-0.098154,-0.02394,-9.903978,-9.904493,0.00213,-0.007455,0.00426,99070.96,25.76,-0.075226
1951.959982,0.010142,-0.074214,0.057456,-9.858492,-9.858939,0.00213,-0.00639,0.00213,99070.96,25.76,-0.029672
1951.970083,0.0101,-0.100548,0.043092,-9.894402,-9.895007,0.003195,-0.003195,0.001065,99070.96,25.76,-0.06574
1951.980171,0.010089,-0.052668,0.019152,-9.860886,-9.861045,0.00213,-0.00426,-0.001065,99070.96,25.76,-0.031778
1951.990314,0.010143,-0.100548,0.052668,-9.880038,-9.88069,0.00426,-0.007455,0.003195,99070.96,25.76,-0.051423
1952.00042,0.010106,-0.07182,0.067032,-9.868068,-9.868557,0.001065,-0.005325,0.003195,99070.21,25.76,-0.03929
1952.01062,0.010201,-0.069426,0.067032,-9.844128,-9.844601,0.00213,-0.00639,-0.001065,99070.21,25.76,-0.015334
1952.021033,0.010413,-0.069426,0.03591,-9.860886,-9.861196,0.001065,-0.00639,0,99070.21,25.76,-0.031929
1952.031187,0.010154,-0.100548,0.102942,-9.817794,-9.818849,0.003195,-0.00639,0.001065,99070.21,25.76,0.010418
1952.041277,0.01009,-0.050274,0.033516,-9.832158,-9.832344,0.003195,-0.00639,0.00213,99070.21,25.76,-0.003077
1952.051378,0.0101,-0.093366,0.055062,-9.810612,-9.811211,0.001065,-0.00639,0.00213,99070.21,25.76,0.018056
1952.061488,0.010111,-0.055062,0.014364,-9.805824,-9.805989,0.003195,-0.005325,0.003195,99069.42,25.76,0.023278
1952.071543,0.010055,-0.067032,0.019152,-9.824976,-9.825223,0,-0.00426,-0.001065,99069.42,25.76,0.004044
1952.08169,0.010147,-0.050274,0.014364,-9.798642,-9.798781,0.00213,-0.005325,0.00213,99069.42,25.76,0.030486
1952.091777,0.010087,-0.074214,0,-9.781884,-9.782166,-0.001065,-0.005325,0.001065,99069.42,25.76,0.047101
1952.101882,0.010106,-0.090972,-0.050274,-9.810612,-9.811163,0.003195,-0.005325,0.00213,99069.42,25.76,0.018104
1952.112001,0.010118,-0.069426,0.004788,-9.781884,-9.782132,0,-0.00426,0.001065,99069.42,25.76,0.047135
1952.122106,0.010105,-0.067032,-0.026334,-9.798642,-9.798907,0,-0.005325,0.00213,99068.67,25.76,0.03036
1952.132599,0.010494,-0.088578,-0.069426,-9.808218,-9.808864,0,-0.005325,0.001065,99068.67,25.76,0.020403
1952.142712,0.010113,-0.081396,-0.028728,-9.79146,-9.79184,0.003195,-0.005325,0.00213,99068.67,25.76,0.037427
1952.152877,0.010165,-0.064638,-0.08379,-9.777096,-9.777669,0.00213,-0.005325,0.003195,99068.67,25.76,0.051598
1952.162972,0.010095,-0.090972,-0.045486,-9.8154,-9.815927,-0.001065,-0.005325,0.003195,99068.67,25.76,0.01334
1952.173064,0.010092,-0.090972,-0.019152,-9.753156,-9.753599,0.003195,-0.00639,0,99068.67,25.76,0.075668
1952.183171,0.010107,-0.067032,-0.03591,-9.798642,-9.798937,0.00426,-0.007455,0.003195,99068.67,25.76,0.03033
1952.193264,0.010093,-0.100548,-0.02394,-9.75555,-9.756098,0.001065,-0.007455,0.003195,99067.85,25.76,0.073169
1952.203375,0.010111,-0.088578,-0.021546,-9.774702,-9.775127,0.00213,-0.003195,0.00213,99067.85,25.76,0.05414
1952.213603,0.010228,-0.086184,-0.016758,-9.741186,-9.741582,0,-0.007455,0.005325,99067.85,25.76,0.087685
1952.223699,0.010096,-0.098154,0.02394,-9.745974,-9.746498,0.003195,-0.00639,0.003195,99067.85,25.76,0.082769
1952.234099,0.0104,-0.112518,0.033516,-9.748368,-9.749075,0.00213,-0.00639,0.003195,99067.85,25.76,0.080192
1952.244491,0.010392,-0.086184,0.033516,-9.71964,-9.72008,0.00213,-0.005325,0.00426,99067.85,25.76,0.109187
1952.254588,0.010097,-0.086184,0.062244,-9.734004,-9.734585,0.00213,-0.00639,0.00426,99067.85,25.76,0.094682
1952.264713,0.010125,-0.052668,0.07182,-9.688518,-9.688927,0.001065,-0.00852,0.00213,99067.85,25.76,0.14034
1952.274835,0.010121,-0.074214,0.062244,-9.70767,-9.708153,0.001065,-0.00426,0.001065,99067.85,25.76,0.121114
1952.284944,0.010109,-0.040698,0.04788,-9.700488,-9.700692,0.001065,-0.00639,0,99067.85,25.76,0.128575
1952.295042,0.010098,-0.067032,0.086184,-9.70767,-9.708284,0.001065,-0.00426,-0.00213,99067.85,25.76,0.120983
1952.305132,0.01009,-0.07182,0.05985,-9.657396,-9.657848,0,-0.003195,0,99067.85,25.76,0.171419
1952.315246,0.010114,-0.05985,0.038304,-9.705276,-9.705536,0.00213,-0.003195,0,99067.01,25.76,0.123731
1952.325357,0.01011,-0.064638,0.064638,-9.700488,-9.700919,0.00213,-0.007455,-0.001065,99067.01,25.76,0.128348
1952.335539,0.010183,-0.05985,0.038304,-9.657396,-9.657657,0.00213,-0.003195,-0.00213,99067.01,25.76,0.17161
1952.345642,0.010102,-0.03591,-0.009576,-9.657396,-9.657468,0.00213,-0.00639,0,99067.01,25.76,0.171799
1952.355742,0.0101,-0.050274,0.009576,-9.67176,-9.671895,0.001065,-0.00213,-0.001065,99067.01,25.76,0.157372
1952.365829,0.010088,-0.05985,-0.031122,-9.702882,-9.703116,0.001065,-0.00639,0.001065,99067.01,25.76,0.126151
1952.375919,0.01009,-0.081396,0.019152,-9.662184,-9.662546,0.00213,-0.003195,0.001065,99067.01,25.76,0.166721
1952.386039,0.01012,-0.05985,-0.002394,-9.655002,-9.655188,0.003195,-0.00639,0.003195,99066.13,25.76,0.174079
1952.396151,0.010112,-0.050274,-0.02394,-9.669366,-9.669526,0.00213,-0.003195,0.00426,99066.13,25.76,0.159741
1952.406269,0.010118,-0.08379,-0.019152,-9.686124,-9.686505,0,-0.00639,0.00213,99066.13,25.76,0.142762
1952.416384,0.010115,-0.069426,-0.069426,-9.666972,-9.667471,0.00213,-0.00426,0.003195,99066.13,25.76,0.161796
1952.426474,0.01009,-0.09576,-0.062244,-9.645426,-9.646102,0.001065,-0.00639,0.005325,99066.13,25.76,0.183165
1952.436575,0.010101,-0.067032,-0.050274,-9.652608,-9.652972,-0.001065,-0.00426,0.001065,99066.13,25.76,0.176295
1952.446678,0.010102,-0.090972,-0.050274,-9.674154,-9.674712,0.00426,-0.00426,0.003195,99065.24,25.76,0.154555
1952.456946,0.010268,-0.1197,-0.050274,-9.631062,-9.631937,0.00426,-0.005325,0.007455,99065.24,25.76,0.19733
1952.467061,0.010115,-0.09576,0.021546,-9.628668,-9.629168,0.00426,-0.007455,0.00426,99065.24,25.76,0.200099
1952.477176,0.010115,-0.07182,-0.045486,-9.619092,-9.619468,0.003195,-0.001065,0,99065.24,25.76,0.209799
1952.487282,0.010106,-0.117306,0.038304,-9.61191,-9.612702,0.00213,-0.00639,0.003195,99065.24,25.76,0.216565
1952.497374,0.010092,-0.090972,-0.014364,-9.62388,-9.624321,0.00213,-0.00639,0.00213,99065.24,25.76,0.204946
1952.507469,0.010095,-0.08379,0.033516,-9.604728,-9.605152,0,-0.00639,0.001065,99064.5,25.76,0.224115
1952.517553,0.010084,-0.08379,0.052668,-9.573606,-9.574118,0.001065,-0.00426,0,99064.5,25.76,0.255149
1952.527655,0.010102,-0.102942,0.052668,-9.583182,-9.58388,0,-0.00639,0.00213,99064.5,25.76,0.245387
1952.537752,0.010097,-0.069426,0.057456,-9.571212,-9.571636,0.003195,-0.005325,0.00213,99064.5,25.76,0.257631
1952.547843,0.010091,-0.050274,0.033516,-9.566424,-9.566615,0.00213,-0.007455,0.00213,99064.5,25.76,0.262652
1952.55794,0.010098,-0.110124,0.062244,-9.556848,-9.557685,0.00213,-0.003195,0.001065,99064.5,25.76,0.271582
1952.568149,0.010208,-0.076608,0.02394,-9.561636,-9.561973,0.001065,-0.005325,-0.001065,99064.5,25.76,0.267294
1952.578264,0.010116,-0.045486,0.016758,-9.580788,-9.580911,0.00426,-0.007455,0.001065,99064.5,25.76,0.248356
1952.588357,0.010093,-0.057456,0.07182,-9.556848,-9.557291,-0.00213,-0.00426,-0.001065,99064.5,25.76,0.271976
1952.598488,0.010131,-0.043092,0.019152,-9.55206,-9.552176,0,-0.00426,0,99064.5,25.76,0.277091
1952.608586,0.010098,-0.052668,0.02394,-9.568818,-9.568993,0.00213,-0.005325,0,99064.5,25.76,0.260274
1952.618669,0.010083,-0.07182,0.040698,-9.559242,-9.559598,0.00213,-0.005325,0.003195,99064.5,25.76,0.269669
1952.628806,0.010137,-0.050274,-0.026334,-9.51615,-9.516319,0.003195,-0.009585,0.003195,99064.5,25.76,0.312948
1952.638911,0.010105,-0.050274,0.019152,-9.56403,-9.564181,0.001065,-0.005325,0.00213,99063.59,25.76,0.265086
1952.649004,0.010094,-0.064638,0.007182,-9.518544,-9.518766,0.003195,-0.00639,0,99063.59,25.76,0.310501
1952.659104,0.0101,-0.033516,-0.033516,-9.542484,-9.542602,0.001065,-0.00426,0.00213,99063.59,25.76,0.286665
1952.669201,0.010097,-0.090972,-0.033516,-9.518544,-9.519038,0.001065,-0.005325,0.001065,99063.59,25.76,0.310229
1952.680213,0.011012,-0.04788,0.009576,-9.496998,-9.497124,0.003195,-0.005325,0.00426,99063.59,25.76,0.332143
1952.691601,0.011388,-0.088578,-0.040698,-9.508968,-9.509468,0.00213,-0.003195,0.003195,99063.59,25.76,0.319799
1952.702827,0.011226,-0.05985,0.002394,-9.51615,-9.516339,0.003195,-0.007455,0.005325,99062.76,25.76,0.312928
1952.713779,0.010952,-0.067032,-0.03591,-9.511362,-9.511666,-0.00213,-0.005325,0,99062.76,25.76,0.317601
1952.724875,0.011096,-0.081396,0.004788,-9.48024,-9.480591,0.00213,-0.005325,0.00426,99062.76,25.76,0.348676
1952.736135,0.01126,-0.052668,-0.069426,-9.449118,-9.44952,0.003195,-0.00426,0.00426,99062.76,25.76,0.379747
1952.747425,0.01129,-0.110124,-0.031122,-9.477846,-9.478537,0.00213,-0.007455,0,99062.76,25.76,0.35073
1952.758539,0.011114,-0.064638,0.002394,-9.44433,-9.444551,0.00213,-0.00639,0.003195,99062.76,25.76,0.384716
1952.769697,0.011158,-0.08379,0.028728,-9.44433,-9.444745,0,-0.00426,0.00426,99061.74,25.76,0.384522
1952.780805,0.011108,-0.088578,0.026334,-9.441936,-9.442388,0.00213,-0.003195,0.00213,99061.74,25.76,0.386879
1952.792064,0.011259,-0.086184,-0.004788,-9.451512,-9.451906,0,-0.00639,0.001065,99061.74,25.76,0.377361
1952.80334,0.011276,-0.098154,0.016758,-9.449118,-9.449643,0.00213,-0.007455,0.003195,99061.74,25.76,0.379624
1952.81447,0.01113,-0.098154,0.045486,-9.42039,-9.421011,0,-0.00639,0.003195,99061.74,25.76,0.408256
1952.82555,0.011081,-0.090972,0.002394,-9.417996,-9.418436,0.003195,-0.00426,0.00426,99060.83,25.76,0.410831
1952.83677,0.01122,-0.09576,0.07182,-9.434754,-9.435513,0.001065,-0.00639,0.00213,99060.83,25.76,0.393754
1952.847904,0.011134,-0.052668,0.03591,-9.434754,-9.434969,0,-0.00426,0.001065,99060.83,25.76,0.394298
1952.858299,0.010395,-0.079002,0.014364,-9.40842,-9.408763,0.001065,-0.00639,0.003195,99060.83,25.76,0.420504
1952.868385,0.010086,-0.076608,0.04788,-9.415602,-9.416035,0.00213,-0.007455,0.00213,99060.83,25.76,0.413232
1952.878474,0.010089,-0.076608,0.007182,-9.425178,-9.425492,0.003195,-0.00426,0.00426,99060.83,25.76,0.403775
1952.888585,0.010111,-0.067032,0.040698,-9.413208,-9.413535,0.001065,-0.007455,0.001065,99060.83,25.76,0.415732
1952.89867,0.010085,-0.100548,0.014364,-9.386874,-9.387423,0.00213,-0.00639,0.003195,99060.83,25.76,0.441844
1952.90875,0.01008,-0.05985,0.052668,-9.374904,-9.375243,0.00213,-0.00426,0.001065,99060.83,25.76,0.454024
1952.918849,0.010099,-0.090972,0.01197,-9.39645,-9.396898,0,-0.00639,0.00213,99060.83,25.76,0.432369
1952.928974,0.010125,-0.062244,0.007182,-9.374904,-9.375113,0,-0.005325,0.001065,99060.83,25.76,0.454154
1952.939075,0.010101,-0.028728,0.016758,-9.362934,-9.362993,-0.001065,-0.007455,0.001065,99060.83,25.76,0.466274
1952.949186,0.01011,-0.074214,-0.038304,-9.37251,-9.372882,0.003195,-0.003195,0.003195,99060.83,25.76,0.456385
1952.95928,0.010095,-0.064638,0.033516,-9.353358,-9.353641,0.00213,-0.007455,0.00426,99059.89,25.76,0.475626
1952.969353,0.010072,-0.050274,-0.01197,-9.382086,-9.382228,0.001065,-0.003195,0.003195,99059.89,25.76,0.447039
1952.979439,0.010087,-0.055062,-0.016758,-9.350964,-9.351141,0,-0.007455,0.001065,99059.89,25.76,0.478126
1952.989537,0.010098,-0.069426,0.01197,-9.365328,-9.365593,0.00426,-0.00426,0.003195,99059.89,25.76,0.463674
1952.999627,0.01009,-0.088578,0.002394,-9.322236,-9.322657,0.003195,-0.003195,0.001065,99059.89,25.76,0.50661
1953.009717,0.01009,-0.064638,-0.021546,-9.346176,-9.346424,0,-0.00639,0.001065,99059.89,25.76,0.482843
1953.019859,0.010142,-0.062244,-0.014364,-9.334206,-9.334425,0.00426,-0.003195,0.001065,99058.97,25.76,0.494842
1953.029992,0.010132,-0.064638,-0.028728,-9.315054,-9.315323,-0.001065,-0.005325,0.001065,99058.97,25.76,0.513944
1953.040088,0.010096,-0.090972,0.01197,-9.343782,-9.344233,0.001065,-0.007455,0.00213,99058.97,25.76,0.485034
1953.050269,0.010181,-0.090972,0.004788,-9.293508,-9.293954,0.00213,-0.00639,0.003195,99058.97,25.76,0.535313
1953.060382,0.010113,-0.086184,0.002394,-9.305478,-9.305877,0.001065,-0.003195,0.00213,99058.97,25.76,0.52339
1953.070476,0.010094,-0.088578,0.016758,-9.331812,-9.332247,0.001065,-0.00639,0.00213,99058.97,25.76,0.49702
1953.080571,0.010095,-0.05985,0.014364,-9.30069,-9.300894,0.001065,-0.00426,0.001065,99058.97,25.76,0.528373
1953.090661,0.01009,-0.090972,-0.014364,-9.343782,-9.344236,0.00213,-0.00639,0.001065,99058.09,25.76,0.485031
1953.100756,0.010095,-0.067032,0.002394,-9.315054,-9.315295,0.001065,-0.00639,0.00213,99058.09,25.76,0.513972
1953.110852,0.010096,-0.08379,0.026334,-9.322236,-9.32265,0.001065,-0.007455,0.003195,99058.09,25.76,0.506617
1953.12094,0.010088,-0.062244,0.033516,-9.310266,-9.310534,0.003195,-0.00426,0.001065,99058.09,25.76,0.518733
1953.131191,0.01025,-0.067032,0.02394,-9.365328,-9.365598,0.00213,-0.00639,0.00213,99058.09,25.76,0.463669
1953.141282,0.010091,-0.050274,0.016758,-9.327024,-9.327175,0.00213,-0.00426,0.001065,99058.09,25.76,0.502092
1953.151527,0.010245,-0.076608,0.021546,-9.315054,-9.315394,0.00213,-0.005325,0.001065,99057.18,25.76,0.513873
1953.161974,0.010447,-0.079002,0.03591,-9.305478,-9.305883,0.00213,-0.003195,0.00213,99057.18,25.76,0.523384
1953.172063,0.01009,-0.064638,0.02394,-9.341388,-9.341642,0.00213,-0.005325,0.001065,99057.18,25.76,0.487625
1953.182188,0.010125,-0.076608,0.016758,-9.334206,-9.334535,0.003195,-0.00639,0.005325,99057.18,25.76,0.494732
1953.192278,0.01009,-0.055062,0.026334,-9.362934,-9.363133,0.00426,-0.00426,0,99057.18,25.76,0.466134
1953.202383,0.010105,-0.07182,-0.009576,-9.31266,-9.312942,0,-0.00639,0.001065,99057.18,25.76,0.516325
1953.212488,0.010105,-0.057456,0,-9.31266,-9.312837,0.005325,-0.005325,0.003195,99056.18,25.76,0.51643
1953.222576,0.010087,-0.08379,0.02394,-9.298296,-9.298704,0.00213,-0.007455,0.003195,99056.18,25.76,0.530563
1953.232665,0.010089,-0.067032,0.01197,-9.293508,-9.293757,0.003195,-0.005325,0.003195,99056.18,25.76,0.53551
1953.24275,0.010085,-0.05985,-0.007182,-9.27675,-9.276946,0.003195,-0.005325,0.001065,99056.18,25.76,0.552321
1953.252902,0.010152,-0.076608,0.057456,-9.303084,-9.303577,0.001065,-0.00639,0.003195,99056.18,25.76,0.52569
1953.262982,0.01008,-0.062244,0.014364,-9.303084,-9.303303,0.00426,-0.003195,0.001065,99056.18,25.76,0.525964
1953.273438,0.010456,-0.088578,0.007182,-9.305478,-9.305902,0.001065,-0.00639,-0.001065,99056.18,25.76,0.523365
1953.283558,0.01012,-0.079002,0.014364,-9.293508,-9.293855,0.00213,-0.00639,0.00213,99056.18,25.76,0.535412
1953.293651,0.010094,-0.057456,-0.009576,-9.343782,-9.343964,-0.001065,-0.003195,-0.00213,99056.18,25.76,0.485303
1953.303761,0.010109,-0.067032,0.007182,-9.310266,-9.31051,0.001065,-0.00852,0.00213,99056.18,25.76,0.518757
1953.313964,0.010203,-0.045486,0.007182,-9.303084,-9.303198,0.001065,-0.003195,0,99056.18,25.76,0.526069
1953.324068,0.010105,-0.074214,0.002394,-9.307872,-9.308168,0.003195,-0.005325,0.00213,99056.18,25.76,0.521099
1953.334674,0.010605,-0.076608,0.045486,-9.32463,-9.325056,0.001065,-0.00639,0.001065,99056.18,25.76,0.504211
1953.344802,0.010128,-0.055062,-0.031122,-9.343782,-9.343996,0.001065,-0.00426,0.001065,99055.36,25.76,0.485271
1953.354901,0.010099,-0.069426,0.007182,-9.310266,-9.310528,0,-0.005325,0.001065,99055.36,25.76,0.518739
1953.365003,0.010101,-0.076608,-0.02394,-9.343782,-9.344127,0.003195,-0.00639,0.00213,99055.36,25.76,0.48514
1953.37511,0.010107,-0.055062,0.002394,-9.386874,-9.387036,-0.001065,-0.00426,0.003195,99055.36,25.76,0.442231
1953.385463,0.010353,-0.081396,-0.014364,-9.34857,-9.348935,0.001065,-0.007455,0,99055.36,25.76,0.480332
1953.395586,0.010123,-0.069426,-0.026334,-9.334206,-9.334501,0,-0.00639,0.003195,99055.36,25.76,0.494766
1953.405686,0.010099,-0.07182,0.002394,-9.36054,-9.360816,0.00213,-0.00426,0.001065,99054.45,25.76,0.468451
1953.415782,0.010097,-0.074214,0.016758,-9.358146,-9.358455,0.003195,-0.00852,0.00426,99054.45,25.76,0.470812
1953.425891,0.010108,-0.098154,-0.021546,-9.331812,-9.332353,0.003195,-0.007455,0.00213,99054.45,25.76,0.496914
1953.436038,0.010147,-0.08379,0.033516,-9.343782,-9.344218,0.00213,-0.00639,0.00213,99054.45,25.76,0.485049
1953.446248,0.010211,-0.067032,0.026334,-9.37251,-9.372787,0.00426,-0.00639,0.00426,99054.45,25.76,0.45648
1953.456372,0.010124,-0.124488,0.004788,-9.350964,-9.351794,0.001065,-0.005325,0.001065,99054.45,25.76,0.477473
1953.466608,0.010236,-0.05985,0,-9.370116,-9.370307,0.001065,-0.003195,0.00213,99054.45,25.76,0.45896
1953.4767,0.010092,-0.064638,0.026334,-9.334206,-9.334467,0.00213,-0.00852,0.001065,99053.51,25.76,0.4948
1953.486797,0.010097,-0.102942,-0.019152,-9.353358,-9.353944,0.00213,-0.00639,0,99053.51,25.76,0.475323
1953.497162,0.010365,-0.055062,0.057456,-9.310266,-9.310606,0.001065,-0.003195,0.005325,99053.51,25.76,0.518661
1953.507256,0.010093,-0.088578,-0.021546,-9.329418,-9.329863,0.001065,-0.00852,0.003195,99053.51,25.76,0.499404
1953.517373,0.010117,-0.08379,0.045486,-9.303084,-9.303573,0.003195,-0.003195,0.003195,99053.51,25.76,0.525694
1953.527468,0.010095,-0.079002,0.019152,-9.32463,-9.324984,0.003195,-0.00426,0.001065,99053.51,25.76,0.504283
1953.53758,0.010112,-0.08379,0.05985,-9.322236,-9.322805,0.003195,-0.00426,0.001065,99052.63,25.76,0.506462
1953.54768,0.010101,-0.052668,-0.004788,-9.3366,-9.33675,0,-0.00639,0.00213,99052.63,25.76,0.492517
1953.557821,0.010141,-0.055062,0.031122,-9.305478,-9.305693,0.00213,-0.003195,0,99052.63,25.76,0.523574
1953.56791,0.010089,-0.067032,0.016758,-9.303084,-9.303341,0.001065,-0.005325,0.00213,99052.63,25.76,0.525926
1953.578011,0.010101,-0.093366,-0.01197,-9.293508,-9.293985,0.00213,-0.00639,0.00213,99052.63,25.76,0.535282
1953.588099,0.010088,-0.07182,0.055062,-9.327024,-9.327463,0.00213,-0.003195,0.00213,99052.63,25.76,0.501804
1953.598241,0.010142,-0.074214,-0.007182,-9.327024,-9.327322,0.003195,-0.005325,0.001065,99052.63,25.76,0.501945
1953.608332,0.010091,-0.076608,0.016758,-9.32463,-9.32496,0.003195,-0.005325,0.00213,99052.63,25.76,0.504307
1953.618418,0.010086,-0.062244,0.002394,-9.315054,-9.315262,0.00213,-0.00426,0.00213,99052.63,25.76,0.514005
1953.628501,0.010083,-0.038304,-0.019152,-9.310266,-9.310364,0.003195,-0.00639,0.00213,99052.63,25.76,0.518903
1953.638592,0.010091,-0.079002,-0.019152,-9.341388,-9.341742,0.003195,-0.007455,0.001065,99052.63,25.76,0.487525
1953.648722,0.01013,-0.038304,-0.004788,-9.28872,-9.2888,0.003195,-0.005325,0.00426,99052.63,25.76,0.540467
1953.658819,0.010097,-0.050274,0.009576,-9.34857,-9.34871,-0.001065,-0.00639,0.00213,99052.63,25.76,0.480557
1953.668969,0.010149,-0.067032,-0.02394,-9.31266,-9.312932,0.003195,-0.00426,-0.001065,99051.77,25.76,0.516335
1953.679061,0.010093,-0.062244,0.045486,-9.295902,-9.296222,0.00213,-0.005325,0.00213,99051.77,25.76,0.533045
1953.689173,0.010112,-0.08379,0,-9.327024,-9.3274,0.00213,-0.00426,0.00213,99051.77,25.76,0.501867
1953.69927,0.010096,-0.079002,0.028728,-9.30069,-9.30107,0.003195,-0.005325,0.001065,99051.77,25.76,0.528197
1953.709649,0.01038,-0.057456,-0.014364,-9.310266,-9.310454,0,-0.005325,-0.001065,99051.77,25.76,0.518813
1953.719763,0.010114,-0.079002,0.040698,-9.350964,-9.351386,0.001065,-0.007455,0.001065,99051.77,25.76,0.477881
1953.729884,0.010121,-0.07182,0,-9.355752,-9.356028,0,-0.00213,0.00213,99050.93,25.76,0.473239
1953.739994,0.01011,-0.064638,0.031122,-9.291114,-9.291391,0.001065,-0.00426,0.00213,99050.93,25.76,0.537876
1953.750078,0.010084,-0.04788,0.021546,-9.367722,-9.367869,0.001065,-0.005325,0.001065,99050.93,25.76,0.461398
1953.760233,0.010155,-0.079002,0.050274,-9.322236,-9.322706,0.00426,-0.00426,0.00213,99050.93,25.76,0.506561
1953.770319,0.010086,-0.086184,-0.009576,-9.295902,-9.296306,0.00213,-0.00426,0.003195,99050.93,25.76,0.532961
1953.780408,0.01009,-0.093366,0.098154,-9.32463,-9.325614,0.003195,-0.00639,0.001065,99050.93,25.76,0.503653
1953.790502,0.010094,-0.079002,0.02394,-9.3366,-9.336965,0.00213,-0.00639,0.003195,99050.93,25.76,0.492302
1953.800585,0.010083,-0.052668,-0.009576,-9.291114,-9.291268,0,-0.00639,0.001065,99050.26,25.76,0.537999
1953.810811,0.010226,-0.081396,0.028728,-9.305478,-9.305878,0.00213,-0.005325,0.00213,99050.26,25.76,0.523389
1953.820903,0.010091,-0.090972,0.009576,-9.31266,-9.313109,0.00213,-0.00426,0.00213,99050.26,25.76,0.516158
1953.830987,0.010085,-0.050274,0.004788,-9.327024,-9.327161,0,-0.00426,0.001065,99050.26,25.76,0.502106
1953.841074,0.010087,-0.069426,-0.009576,-9.30069,-9.300954,0.001065,-0.00426,0.001065,99050.26,25.76,0.528313
1953.851199,0.010125,-0.090972,-0.019152,-9.322236,-9.3227,0.00213,-0.007455,0.005325,99050.26,25.76,0.506567
1953.861318,0.010118,-0.07182,-0.007182,-9.305478,-9.305758,0.00213,-0.00639,0.00213,99049.44,25.76,0.523509
1953.871408,0.010091,-0.079002,0.014364,-9.30069,-9.301037,0.003195,-0.007455,0.00426,99049.44,25.76,0.52823
1953.881506,0.010098,-0.057456,-0.007182,-9.310266,-9.310446,0.001065,-0.00639,0.00213,99049.44,25.76,0.518821
1953.891595,0.010089,-0.093366,0.002394,-9.31266,-9.313128,0.003195,-0.005325,0.00213,99049.44,25.76,0.516139
1953.901689,0.010094,-0.064638,-0.007182,-9.32463,-9.324857,0.00213,-0.00426,0.003195,99049.44,25.76,0.50441
1953.911778,0.01009,-0.076608,0.007182,-9.334206,-9.334523,0.003195,-0.007455,0.00426,99049.44,25.76,0.494744
1953.922292,0.010513,-0.055062,0.004788,-9.28872,-9.288884,0.00213,-0.00426,0.003195,99048.74,25.76,0.540383
1953.932393,0.010101,-0.033516,0.019152,-9.317448,-9.317528,0.00213,-0.00639,0.003195,99048.74,25.76,0.511739
1953.942481,0.010088,-0.045486,-0.002394,-9.317448,-9.317559,0.003195,-0.003195,0,99048.74,25.76,0.511708
1953.952594,0.010113,-0.088578,0.021546,-9.307872,-9.308318,0.001065,-0.005325,0.001065,99048.74,25.76,0.520949
1953.962721,0.010127,-0.069426,0.016758,-9.283932,-9.284207,0.003195,-0.003195,0.003195,99048.74,25.76,0.54506
1953.972811,0.010091,-0.102942,0.026334,-9.315054,-9.31566,0.001065,-0.003195,0.00213,99048.74,25.76,0.513607
1953.982935,0.010124,-0.086184,0.02394,-9.317448,-9.317877,0.00213,-0.003195,0.001065,99048.74,25.76,0.51139
1953.993079,0.010144,-0.088578,0.01197,-9.331812,-9.33224,0.00213,-0.00852,0.005325,99048.74,25.76,0.497027
1954.003197,0.010118,-0.055062,-0.01197,-9.303084,-9.303255,0.00213,-0.005325,0.001065,99048.74,25.76,0.526012
1954.013341,0.010145,-0.076608,-0.016758,-9.331812,-9.332141,0.001065,-0.00639,0.003195,99048.74,25.76,0.497126
1954.023427,0.010086,-0.08379,-0.02394,-9.31266,-9.313068,0.001065,-0.00426,0.001065,99048.74,25.76,0.516199
1954.033526,0.010099,-0.052668,0.021546,-9.317448,-9.317622,0.001065,-0.005325,0.001065,99048.74,25.76,0.511645
1954.044697,0.011171,-0.069426,-0.014364,-9.30069,-9.30096,0.003195,-0.003195,0.001065,99048.74,25.76,0.528307
1954.056084,0.011387,-0.086184,0.040698,-9.327024,-9.327511,0.00213,-0.00852,-0.001065,99048.07,25.76,0.501756
1954.067071,0.010987,-0.055062,-0.031122,-9.274356,-9.274572,0.001065,-0.003195,0.001065,99048.07,25.76,0.554695
1954.078263,0.011192,-0.07182,0.014364,-9.303084,-9.303372,0.00213,-0.007455,0.003195,99048.07,25.76,0.525895
1954.089582,0.011319,-0.055062,-0.021546,-9.307872,-9.30806,0.001065,-0.00426,0.001065,99048.07,25.76,0.521207
1954.100644,0.011062,-0.064638,-0.007182,-9.310266,-9.310493,-0.00213,-0.007455,0.001065,99048.07,25.76,0.518774
1954.112061,0.011417,-0.04788,0.014364,-9.338994,-9.339128,0.003195,-0.007455,0.00213,99047.13,25.76,0.490139
1954.123002,0.010942,-0.086184,-0.019152,-9.293508,-9.293927,0.00213,-0.007455,0.007455,99047.13,25.76,0.53534
1954.134344,0.011342,-0.079002,0.026334,-9.27675,-9.277124,0.00213,-0.00639,0.00213,99047.13,25.76,0.552143
1954.14545,0.011105,-0.05985,0.004788,-9.281538,-9.281732,0.003195,-0.005325,0.00213,99047.13,25.76,0.547535
1954.156572,0.011122,-0.062244,0.002394,-9.305478,-9.305686,-0.001065,-0.007455,0.00213,99047.13,25.76,0.523581
1954.167981,0.011409,-0.102942,0.031122,-9.327024,-9.327644,0.003195,-0.005325,0.001065,99047.13,25.76,0.501623
1954.179035,0.011053,-0.069426,-0.002394,-9.319842,-9.320101,0,-0.007455,0.00213,99046.33,25.76,0.509166
1954.189132,0.010098,-0.052668,0.055062,-9.307872,-9.308184,0.001065,-0.005325,0.003195,99046.33,25.76,0.521083
1954.199494,0.010362,-0.07182,-0.028728,-9.329418,-9.329739,-0.001065,-0.003195,0,99046.33,25.76,0.499528
1954.209744,0.01025,-0.076608,0.074214,-9.322236,-9.322846,0.003195,-0.00639,0.00426,99046.33,25.76,0.506421
1954.219838,0.010094,-0.050274,-0.007182,-9.322236,-9.322374,0.001065,-0.007455,0.003195,99046.33,25.76,0.506893
1954.229953,0.010115,-0.052668,0.028728,-9.30069,-9.300883,0.00213,-0.007455,0.003195,99046.33,25.76,0.528384
1954.240051,0.010098,-0.117306,0.009576,-9.315054,-9.315798,0.001065,-0.00426,0,99046.33,25.76,0.513469
1954.250272,0.010221,-0.055062,0.021546,-9.317448,-9.317636,0,-0.005325,0.005325,99045.68,25.76,0.511631
1954.260394,0.010122,-0.052668,-0.014364,-9.358146,-9.358305,-0.001065,-0.00426,0.001065,99045.68,25.76,0.470962
1954.270484,0.01009,-0.08379,0.028728,-9.315054,-9.315475,0.00213,-0.00426,0.001065,99045.68,25.76,0.513792
1954.28059,0.010106,-0.050274,0.016758,-9.298296,-9.298447,0,-0.00426,0.001065,99045.68,25.76,0.53082
1954.290708,0.010118,-0.076608,-0.028728,-9.307872,-9.308232,0.003195,-0.007455,0.003195,99045.68,25.76,0.521035
1954.300818,0.01011,-0.076608,0.026334,-9.3366,-9.336951,0.001065,-0.005325,0,99045.68,25.76,0.492316
1954.310921,0.010103,-0.064638,-0.019152,-9.331812,-9.332056,0.001065,-0.005325,0.00426,99045.68,25.76,0.497211
1954.321019,0.010097,-0.086184,0.019152,-9.331812,-9.33223,0.001065,-0.003195,0.00213,99045.68,25.76,0.497037
1954.331176,0.010157,-0.076608,-0.016758,-9.32463,-9.32496,0,-0.00639,0.001065,99045.68,25.76,0.504307
1954.341267,0.010091,-0.055062,0.009576,-9.315054,-9.315222,0.001065,-0.005325,0.005325,99045.68,25.76,0.514045
1954.351367,0.0101,-0.069426,0.014364,-9.307872,-9.308142,0.001065,-0.00639,0.001065,99045.68,25.76,0.521125
1954.361502,0.010135,-0.043092,-0.004788,-9.31266,-9.312761,0.00213,-0.00639,0.00213,99045.68,25.76,0.516506
1954.37161,0.010108,-0.086184,0.019152,-9.317448,-9.317866,0.00213,-0.005325,0,99044.94,25.76,0.511401
1954.38171,0.0101,-0.050274,-0.007182,-9.303084,-9.303223,0.005325,-0.00213,0.001065,99044.94,25.76,0.526044
1954.391799,0.01009,-0.093366,0.033516,-9.307872,-9.308401,0,-0.007455,0.003195,99044.94,25.76,0.520866
1954.401924,0.010125,-0.043092,-0.019152,-9.317448,-9.317567,0.00426,-0.005325,0.00213,99044.94,25.76,0.5117
1954.412035,0.010111,-0.114912,0.062244,-9.295902,-9.296821,0.00213,-0.00852,0.00426,99044.94,25.76,0.532446
1954.422185,0.01015,-0.07182,-0.01197,-9.331812,-9.332096,0.003195,-0.00213,0.00213,99044.94,25.76,0.497171
1954.432289,0.010104,-0.062244,0.062244,-9.31266,-9.313076,0.001065,-0.009585,0.00213,99044.94,25.76,0.516191
1954.44238,0.010091,-0.07182,-0.007182,-9.355752,-9.35603,0.003195,-0.003195,0.00213,99044.19,25.76,0.473237
1954.452485,0.010105,-0.045486,0.038304,-9.307872,-9.308062,0,-0.00852,0.00426,99044.19,25.76,0.521205
1954.4626,0.010115,-0.062244,0.004788,-9.305478,-9.305687,0,-0.00426,0.003195,99044.19,25.76,0.52358
1954.472705,0.010105,-0.08379,0.050274,-9.31266,-9.313173,0.00213,-0.00639,0.00426,99044.19,25.76,0.516094
1954.482808,0.010103,-0.052668,-0.01197,-9.30069,-9.300847,0.003195,-0.001065,0.001065,99044.19,25.76,0.52842
1954.492918,0.01011,-0.076608,0.014364,-9.327024,-9.32735,0.00426,-0.005325,0.003195,99044.19,25.76,0.501917
1954.503027,0.010109,-0.067032,0.021546,-9.327024,-9.32729,0.003195,-0.00426,0.00213,99043.6,25.76,0.501977
1954.513199,0.010172,-0.07182,0.028728,-9.346176,-9.346496,0.00213,-0.00639,0,99043.6,25.76,0.482771
1954.523259,0.01006,-0.045486,-0.01197,-9.338994,-9.339112,0.00213,-0.00639,0.00426,99043.6,25.76,0.490155
1954.533342,0.010083,-0.100548,0.021546,-9.334206,-9.334772,0.003195,-0.00639,0,99043.6,25.76,0.494495
1954.54348,0.010137,-0.026334,0.004788,-9.355752,-9.35579,0.00213,-0.00426,0.001065,99043.6,25.76,0.473477
1954.553827,0.010347,-0.093366,0,-9.317448,-9.317916,0,-0.007455,0.00213,99043.6,25.76,0.511351
1954.563914,0.010087,-0.062244,0.043092,-9.374904,-9.37521,0.00213,-0.005325,0.001065,99043.11,25.76,0.454057
1954.574006,0.010092,-0.07182,-0.03591,-9.329418,-9.329764,0.00213,-0.005325,0.00213,99043.11,25.76,0.499503
1954.584122,0.010116,-0.04788,0.021546,-9.358146,-9.358293,0.00213,-0.005325,0.003195,99043.11,25.76,0.470974
1954.594202,0.01008,-0.090972,0.021546,-9.377298,-9.377764,0.001065,-0.00426,-0.00213,99043.11,25.76,0.451503
1954.604294,0.010093,-0.031122,0.004788,-9.398844,-9.398897,0,-0.00213,0.00213,99043.11,25.76,0.43037
1954.614394,0.0101,-0.088578,-0.002394,-9.382086,-9.382504,0.001065,-0.005325,0.00213,99043.11,25.76,0.446763
1954.624499,0.010105,-0.07182,0.014364,-9.40842,-9.408705,0.00213,-0.00639,0.003195,99043.11,25.76,0.420562
1954.634594,0.010095,-0.043092,-0.016758,-9.391662,-9.391776,0.00213,-0.00426,-0.001065,99043.11,25.76,0.437491
1954.644708,0.010114,-0.088578,0,-9.391662,-9.39208,0.003195,-0.00639,0,99043.11,25.76,0.437187
1954.654804,0.010097,-0.057456,0.028728,-9.386874,-9.387094,-0.001065,-0.003195,0.003195,99043.11,25.76,0.442173
1954.664915,0.010111,-0.067032,0.009576,-9.391662,-9.391906,0.001065,-0.00639,0.00213,99043.11,25.76,0.437361
1954.675035,0.010119,-0.102942,-0.002394,-9.39645,-9.397014,0.00213,-0.00426,0.00213,99043.11,25.76,0.432253
1954.685217,0.010182,-0.045486,0.007182,-9.429966,-9.430078,0.001065,-0.005325,0.001065,99043.11,25.76,0.399189
1954.695316,0.010099,-0.090972,0.004788,-9.427572,-9.428012,0.00213,-0.005325,0.00426,99042.54,25.76,0.401255
1954.705405,0.010089,-0.076608,-0.009576,-9.403632,-9.403949,0.00213,-0.00426,0.003195,99042.54,25.76,0.425318
1954.715514,0.010109,-0.081396,0.009576,-9.4563,-9.456655,0.00213,-0.00426,0.001065,99042.54,25.76,0.372612
1954.725656,0.010142,-0.090972,0.004788,-9.437148,-9.437588,0.003195,-0.005325,0.00213,99042.54,25.76,0.391679
1954.735747,0.010091,-0.05985,0.055062,-9.441936,-9.442286,0.00213,-0.005325,0.003195,99042.54,25.76,0.386981
1954.745835,0.010087,-0.08379,-0.016758,-9.437148,-9.437535,0.003195,-0.00639,0.003195,99042.54,25.76,0.391732
1954.755936,0.010102,-0.064638,0.016758,-9.463482,-9.463718,0.00213,-0.007455,0.00213,99042.02,25.76,0.365549
1954.766026,0.010089,-0.081396,0.02394,-9.439542,-9.439923,0,-0.007455,0.001065,99042.02,25.76,0.389344
1954.776138,0.010112,-0.052668,0.01197,-9.482634,-9.482788,0,-0.00639,0.00213,99042.02,25.76,0.346479
1954.78629,0.010152,-0.086184,0.028728,-9.458694,-9.45913,0.003195,-0.007455,0.003195,99042.02,25.76,0.370137
1954.796386,0.010095,-0.086184,0.002394,-9.473058,-9.47345,0.00426,-0.00639,0.00213,99042.02,25.76,0.355817
1954.806498,0.010112,-0.064638,-0.009576,-9.499392,-9.499617,0.001065,-0.00639,0.001065,99042.02,25.76,0.32965
1954.81699,0.010492,-0.074214,-0.007182,-9.513756,-9.514048,0.001065,-0.003195,0,99042.02,25.76,0.315219
1954.8271,0.01011,-0.07182,0.007182,-9.544878,-9.545151,0,-0.005325,0.001065,99041.51,25.76,0.284116
1954.837199,0.010099,-0.10773,-0.002394,-9.501786,-9.502397,0.003195,-0.005325,0.00426,99041.51,25.76,0.32687
1954.847307,0.010108,-0.088578,-0.014364,-9.52812,-9.528543,0,-0.003195,0,99041.51,25.76,0.300724
1954.857397,0.010091,-0.088578,0.03591,-9.544878,-9.545357,0.001065,-0.00639,0.003195,99041.51,25.76,0.28391
1954.867486,0.010088,-0.067032,-0.01197,-9.520938,-9.521181,0.001065,-0.00426,0.001065,99041.51,25.76,0.308086
1954.877591,0.010105,-0.067032,-0.007182,-9.549666,-9.549904,0.001065,-0.005325,0.001065,99041.51,25.76,0.279363
1954.887686,0.010096,-0.081396,-0.014364,-9.54009,-9.540448,0.003195,-0.00426,0.001065,99041.07,25.76,0.288819
1954.897791,0.010104,-0.064638,0.009576,-9.54009,-9.540314,0.00213,-0.005325,0.001065,99041.07,25.76,0.288953
1954.907881,0.010091,-0.052668,0,-9.52812,-9.528266,0.001065,-0.009585,0.001065,99041.07,25.76,0.301001
1954.917982,0.010101,-0.08379,0.014364,-9.571212,-9.57159,0.001065,-0.007455,0.00426,99041.07,25.76,0.257677
1954.928079,0.010097,-0.069426,-0.009576,-9.525726,-9.525984,0.00213,-0.005325,0.001065,99041.07,25.76,0.303283
1954.93822,0.010141,-0.10773,0.031122,-9.561636,-9.562294,0.003195,-0.00639,0.001065,99041.07,25.76,0.266973
1954.948303,0.010082,-0.057456,0,-9.535302,-9.535475,0.003195,-0.003195,0.003195,99040.64,25.76,0.293792
1954.958431,0.010128,-0.074214,0.021546,-9.530514,-9.530827,0.001065,-0.00426,0,99040.64,25.76,0.29844
1954.968555,0.010124,-0.079002,0.007182,-9.556848,-9.557177,0,-0.00426,0.00426,99040.64,25.76,0.27209
1954.978643,0.010088,-0.090972,0.019152,-9.542484,-9.542937,0.001065,-0.00639,0.00426,99040.64,25.76,0.28633
1954.988772,0.010129,-0.05985,0.002394,-9.556848,-9.557036,0.00213,-0.005325,0.001065,99040.64,25.76,0.272231
1954.998867,0.010096,-0.100548,0.021546,-9.54009,-9.540644,-0.00213,-0.005325,0.001065,99040.64,25.76,0.288623
1955.009079,0.010212,-0.093366,-0.002394,-9.595152,-9.595607,0.00213,-0.00426,0.00426,99040.64,25.76,0.23366
1955.019186,0.010107,-0.086184,0.026334,-9.61191,-9.612332,0.00213,-0.00639,0,99040.64,25.76,0.216935
1955.02952,0.010334,-0.076608,0.016758,-9.61191,-9.61223,0.00213,-0.003195,0.00213,99040.64,25.76,0.217037
1955.039702,0.010182,-0.055062,0.019152,-9.609516,-9.609693,0.001065,-0.005325,0.001065,99040.64,25.76,0.219574
1955.04982,0.010118,-0.074214,0,-9.657396,-9.657681,0.00213,-0.00426,0,99040.64,25.76,0.171586
1955.059941,0.01012,-0.079002,-0.009576,-9.640638,-9.640966,0.001065,-0.00426,0.001065,99040.64,25.76,0.188301
1955.07007,0.010129,-0.079002,0.014364,-9.583182,-9.583518,-0.00213,-0.005325,0.001065,99040.64,25.76,0.245749
1955.080158,0.010088,-0.062244,-0.028728,-9.602334,-9.602579,0.001065,-0.005325,0.001065,99040.19,25.76,0.226688
1955.090275,0.010118,-0.055062,-0.009576,-9.626274,-9.626436,0.001065,-0.005325,0.001065,99040.19,25.76,0.202831
1955.100452,0.010176,-0.076608,0.007182,-9.59994,-9.600248,0.00213,-0.001065,0.003195,99040.19,25.76,0.229019
1955.110543,0.010092,-0.040698,-0.021546,-9.643032,-9.643142,0.00213,-0.00639,0.003195,99040.19,25.76,0.186125
1955.120633,0.01009,-0.04788,-0.02394,-9.688518,-9.688666,0,-0.00639,0.003195,99040.19,25.76,0.140601
1955.130691,0.010058,-0.076608,0.002394,-9.681336,-9.681639,0,-0.007455,0.00426,99040.19,25.76,0.147628
1955.141244,0.010552,-0.079002,0.014364,-9.633456,-9.633791,0.00213,-0.007455,0.003195,99039.73,25.76,0.195476
1955.151376,0.010132,-0.074214,0.014364,-9.655002,-9.655298,-0.00213,-0.00639,0.00213,99039.73,25.76,0.173969
1955.161466,0.010091,-0.07182,0.031122,-9.633456,-9.633774,0.003195,-0.005325,0.001065,99039.73,25.76,0.195493
1955.17155,0.010083,-0.1197,0.028728,-9.64782,-9.648605,0.00213,-0.00426,0.00213,99039.73,25.76,0.180662
1955.18167,0.010121,-0.074214,0.033516,-9.638244,-9.638588,0.00213,-0.00426,0.001065,99039.73,25.76,0.190679
1955.191783,0.010112,-0.090972,0.033516,-9.65979,-9.660277,0.00213,-0.005325,0.001065,99039.73,25.76,0.16899
1955.201886,0.010103,-0.098154,0.043092,-9.666972,-9.667566,0,-0.003195,0.003195,99039.73,25.76,0.161701
1955.211982,0.010096,-0.112518,0.045486,-9.688518,-9.689278,0.00213,-0.009585,0.00426,99039.46,25.76,0.139989
1955.22205,0.010068,-0.112518,0.038304,-9.681336,-9.682066,0.005325,-0.00213,0,99039.46,25.76,0.147201
1955.232146,0.010097,-0.124488,0.043092,-9.688518,-9.689414,0.00213,-0.01065,0,99039.46,25.76,0.139853
1955.242311,0.010164,-0.153216,0.040698,-9.688518,-9.689815,0.003195,-0.00426,0.00213,99039.46,25.76,0.139452
1955.252397,0.010086,-0.098154,0.07182,-9.68373,-9.684494,0,-0.003195,-0.001065,99039.46,25.76,0.144773
1955.262487,0.01009,-0.15561,-0.028728,-9.690912,-9.692204,0,-0.005325,-0.00213,99039.46,25.76,0.137063
1955.272574,0.010088,-0.052668,-0.028728,-9.71964,-9.719825,0,-0.003195,0.00213,99039.09,25.76,0.109442
1955.282656,0.010081,-0.01197,-0.05985,-9.68373,-9.683922,0.00213,-0.00426,0.001065,99039.09,25.76,0.145345
1955.2928,0.010144,-0.057456,-0.069426,-9.760338,-9.760754,0,-0.00852,0.001065,99039.09,25.76,0.068513
1955.302881,0.010081,0.040698,-0.100548,-9.741186,-9.74179,0.00213,-0.001065,0,99039.09,25.76,0.087477
1955.312967,0.010086,-0.031122,-0.09576,-9.753156,-9.753676,0.00213,-0.009585,0.003195,99039.09,25.76,0.075591
1955.323061,0.010095,0.009576,-0.05985,-9.753156,-9.753344,0.00213,-0.003195,0.00426,99039.09,25.76,0.075923
1955.333167,0.010106,-0.021546,-0.067032,-9.745974,-9.746228,0,-0.00639,0.003195,99039.09,25.76,0.083039
1955.343264,0.010097,-0.002394,-0.031122,-9.75555,-9.7556,0.00213,-0.007455,0.005325,99039.09,25.76,0.073667
1955.353875,0.010611,-0.01197,-0.038304,-9.762732,-9.762814,0.003195,-0.007455,0.005325,99039.09,25.76,0.066453
1955.363987,0.010112,0.014364,0.002394,-9.762732,-9.762743,0.00426,-0.00639,0.005325,99039.09,25.76,0.066524
1955.374121,0.010134,-0.026334,0.016758,-9.753156,-9.753206,0.00213,-0.007455,0.00426,99039.09,25.76,0.076061
1955.384236,0.010115,-0.045486,0.043092,-9.75555,-9.755751,0.001065,-0.00852,0.007455,99039.09,25.76,0.073516
1955.39432,0.010084,-0.050274,0.062244,-9.762732,-9.76306,0.003195,-0.007455,0.00426,99039.09,25.76,0.066207
1955.404466,0.010146,-0.105336,0.062244,-9.772308,-9.773074,0,-0.00852,0.003195,99038.85,25.76,0.056193
1955.414569,0.010102,-0.17955,0.1197,-9.772308,-9.77469,0.003195,-0.00852,0.003195,99038.85,25.76,0.054577
1955.424666,0.010097,-0.20349,0.136458,-9.772308,-9.775379,0.00213,-0.005325,0.001065,99038.85,25.76,0.053888
1955.434758,0.010092,-0.150822,0.122094,-9.793854,-9.795776,0.001065,-0.00639,0,99038.85,25.76,0.033491
1955.444859,0.0101,-0.21546,0.129276,-9.765126,-9.768358,0.001065,-0.005325,0.001065,99038.85,25.76,0.060909
1955.455539,0.010681,-0.186732,0.074214,-9.786672,-9.788735,0.001065,-0.00213,-0.001065,99038.85,25.76,0.040532
1955.466048,0.010509,-0.15561,0.050274,-9.786672,-9.788038,0.003195,-0.003195,-0.001065,99038.63,25.76,0.041229
1955.476147,0.010099,-0.15561,0.031122,-9.836946,-9.838226,0.00213,-0.00426,-0.00213,99038.63,25.76,-0.008959
1955.486274,0.010127,-0.14364,-0.009576,-9.810612,-9.811668,0.00213,-0.00426,-0.00213,99038.63,25.76,0.017599
1955.496366,0.010091,-0.098154,-0.026334,-9.844128,-9.844653,0.001065,-0.005325,-0.001065,99038.63,25.76,-0.015386
1955.506457,0.010091,-0.102942,-0.031122,-9.82737,-9.827958,0.001065,-0.00639,0,99038.63,25.76,0.001309
1955.516545,0.010088,-0.057456,-0.08379,-9.8154,-9.815926,0.001065,-0.003195,-0.001065,99038.63,25.76,0.013341
1955.526662,0.010117,-0.038304,-0.08379,-9.836946,-9.837377,0.00213,-0.00426,-0.001065,99038.36,25.76,-0.00811
1955.536747,0.010085,-0.079002,-0.114912,-9.88722,-9.888203,0.00213,-0.00426,0.001065,99038.36,25.76,-0.058936
1955.547277,0.01053,0.007182,-0.13167,-9.829764,-9.830648,0.00426,-0.00639,0.00426,99038.36,25.76,-0.001381
1955.557409,0.010133,-0.040698,-0.138852,-9.834552,-9.835616,0.001065,-0.005325,0.00426,99038.36,25.76,-0.006349
1955.567528,0.010119,0.016758,-0.102942,-9.834552,-9.835105,0.005325,-0.00639,0.00426,99038.36,25.76,-0.005838
1955.577905,0.010377,-0.016758,-0.081396,-9.808218,-9.80857,0.003195,-0.007455,0.003195,99038.36,25.76,0.020697
1955.588011,0.010106,0.004788,-0.064638,-9.80343,-9.803644,0.00213,-0.00426,0.005325,99038.07,25.76,0.025623
1955.598103,0.010091,0.004788,-0.019152,-9.846522,-9.846542,-0.001065,-0.00639,0.005325,99038.07,25.76,-0.017275
1955.608183,0.01008,-0.038304,0.033516,-9.796248,-9.79638,0.005325,-0.00852,0.00639,99038.07,25.76,0.032887
1955.618254,0.010071,-0.067032,0.050274,-9.784278,-9.784637,0,-0.00639,0.00213,99038.07,25.76,0.04463
1955.628412,0.010158,-0.033516,0.079002,-9.80343,-9.803806,0.001065,-0.005325,0.005325,99038.07,25.76,0.025461
1955.638491,0.010079,-0.045486,0.074214,-9.762732,-9.76312,0.00213,-0.005325,0.00639,99038.07,25.76,0.066147
1955.648576,0.010085,-0.040698,0.09576,-9.817794,-9.818345,0.003195,-0.005325,0.00213,99038.07,25.76,0.010922
1955.65868,0.010104,-0.086184,0.105336,-9.801036,-9.801981,0.001065,-0.007455,0.005325,99038.07,25.76,0.027286
1955.668774,0.010094,-0.093366,0.081396,-9.786672,-9.787456,0,-0.005325,0.00426,99038.07,25.76,0.041811
1955.678902,0.010129,-0.122094,0.09576,-9.781884,-9.783115,0.003195,-0.00426,0.003195,99038.07,25.76,0.046152
1955.689362,0.010459,-0.136458,0.090972,-9.8154,-9.81677,-0.001065,-0.005325,0,99038.07,25.76,0.012497
1955.700016,0.010654,-0.10773,0.064638,-9.810612,-9.811416,0.00213,-0.003195,0,99038.07,25.76,0.017851
1955.711199,0.011182,-0.112518,0.043092,-9.83934,-9.840078,0.00213,-0.007455,-0.00213,99038.07,25.76,-0.010811
1955.722399,0.011201,-0.148428,0.057456,-9.85131,-9.852596,0.00213,-0.005325,-0.00213,99037.85,25.76,-0.023329
1955.733571,0.011172,-0.105336,-0.007182,-9.832158,-9.832725,0.00213,-0.005325,-0.001065,99037.85,25.76,-0.003458
1955.744783,0.011212,-0.064638,-0.009576,-9.801036,-9.801254,0.00213,-0.005325,0.001065,99037.85,25.76,0.028013
1955.755966,0.011184,-0.10773,-0.031122,-9.789066,-9.789708,0,-0.00639,0.001065,99037.85,25.76,0.039559
1955.767149,0.011182,-0.1197,-0.021546,-9.769914,-9.770671,0.001065,-0.00639,-0.001065,99037.85,25.76,0.058596
1955.778681,0.011532,-0.102942,-0.062244,-9.76752,-9.768261,0.001065,-0.003195,0.00213,99037.85,25.76,0.061006
1955.789499,0.010818,-0.079002,-0.08379,-9.796248,-9.796925,0.001065,-0.00426,0.001065,99037.51,25.76,0.032342
1955.800742,0.011243,-0.086184,-0.038304,-9.76752,-9.767975,0.001065,-0.007455,0.00426,99037.51,25.76,0.061292
1955.811846,0.011104,-0.110124,-0.050274,-9.822582,-9.823328,0.001065,-0.00639,0.00213,99037.51,25.76,0.005939
1955.823043,0.011196,-0.081396,-0.031122,-9.834552,-9.834938,0.00213,-0.00639,0.003195,99037.51,25.76,-0.005671
1955.834357,0.011314,-0.062244,-0.045486,-9.844128,-9.84443,0.001065,-0.00213,0.00213,99037.51,25.76,-0.015163
1955.84541,0.011054,-0.069426,0,-9.83934,-9.839585,0.001065,-0.003195,0.00426,99037.38,25.76,-0.010318
1955.85663,0.011219,-0.043092,0.016758,-9.85131,-9.851419,0.00213,-0.00426,0.00426,99037.38,25.76,-0.022152
1955.867801,0.011172,-0.057456,0.019152,-9.853704,-9.85389,0.00213,-0.005325,0.003195,99037.38,25.76,-0.024623
1955.878983,0.011181,-0.05985,0.019152,-9.86328,-9.86348,-0.001065,-0.005325,0.00426,99037.38,25.76,-0.034213
1955.890185,0.011203,-0.074214,0.03591,-9.820188,-9.820534,0.001065,-0.00639,0.001065,99037.38,25.76,0.008733
1955.90132,0.011135,-0.040698,0.021546,-9.808218,-9.808326,0.003195,-0.005325,0.003195,99037.38,25.76,0.020941
1955.912587,0.011267,-0.03591,0.033516,-9.796248,-9.796371,0.003195,-0.00639,0.00213,99037.4,25.76,0.032896
1955.923745,0.011158,-0.050274,0.067032,-9.834552,-9.834909,0.00213,-0.00639,0.005325,99037.4,25.76,-0.005642
1955.934953,0.011207,-0.038304,0.040698,-9.820188,-9.820347,0.003195,-0.005325,0.001065,99037.4,25.76,0.00892
1955.946058,0.011106,-0.086184,0.045486,-9.796248,-9.796733,0.00213,-0.007455,0.00213,99037.4,25.76,0.032534
1955.957285,0.011227,-0.050274,-0.014364,-9.824976,-9.825115,0.00426,-0.007455,0.001065,99037.4,25.76,0.004152
1955.96847,0.011186,-0.074214,0.026334,-9.868068,-9.868382,0.001065,-0.00426,0.001065,99037.4,25.76,-0.039115
1955.979845,0.011374,-0.05985,0.021546,-9.844128,-9.844334,0,-0.00639,0.00213,99037.24,25.76,-0.015067
1955.990941,0.011096,-0.079002,0,-9.853704,-9.854021,0.003195,-0.00639,0,99037.24,25.76,-0.024754
1956.001963,0.011023,-0.102942,0.016758,-9.834552,-9.835105,0.003195,-0.007455,0.00213,99037.24,25.76,-0.005838
1956.013253,0.01129,-0.10773,0.016758,-9.834552,-9.835156,-0.001065,-0.005325,0,99037.24,25.76,-0.005889
1956.024356,0.011103,-0.09576,-0.01197,-9.829764,-9.830238,0.00213,-0.00639,0.003195,99037.24,25.76,-0.000971
1956.036264,0.011908,-0.10773,-0.019152,-9.813006,-9.813616,0.00213,-0.007455,0.003195,99037.24,25.76,0.015651
1956.046774,0.01051,-0.09576,-0.01197,-9.817794,-9.818268,0.001065,-0.00426,0.001065,99037.24,25.76,0.010999
1956.057936,0.011162,-0.117306,-0.04788,-9.796248,-9.797067,0.001065,-0.00426,0.001065,99037.24,25.76,0.0322
1956.069159,0.011223,-0.112518,-0.02394,-9.784278,-9.784954,0.003195,-0.00426,-0.001065,99037.24,25.76,0.044313
1956.080282,0.011122,-0.117306,-0.021546,-9.79146,-9.792186,0.00213,-0.00426,0.003195,99037.24,25.76,0.037081
1956.091765,0.011483,-0.100548,-0.01197,-9.817794,-9.818316,0.001065,-0.00213,0.00213,99037.24,25.76,0.010951
1956.10294,0.011175,-0.112518,-0.01197,-9.853704,-9.854354,0.001065,-0.003195,0.001065,99037.06,25.76,-0.025087
1956.113966,0.011027,-0.098154,-0.031122,-9.820188,-9.820728,0.00213,-0.005325,0.00213,99037.06,25.76,0.008539
1956.125044,0.011078,-0.09576,-0.01197,-9.829764,-9.830238,0.00213,-0.00213,0.001065,99037.06,25.76,-0.000971
1956.136331,0.011288,-0.093366,0,-9.829764,-9.830207,0.00213,-0.00426,-0.001065,99037.06,25.76,-0.00094
1956.146414,0.010083,-0.05985,0.016758,-9.83934,-9.839536,0.001065,-0.003195,0.00426,99037.06,25.76,-0.010269
1956.156561,0.010147,-0.079002,0.014364,-9.832158,-9.832486,0.00213,-0.007455,0.003195,99037.06,25.76,-0.003219
1956.166663,0.010102,-0.076608,0.021546,-9.853704,-9.854025,0.001065,-0.00213,0.003195,99037.06,25.76,-0.024758
1956.176759,0.010096,-0.07182,0.031122,-9.844128,-9.844439,0.00213,-0.00639,0.003195,99036.94,25.76,-0.015172
1956.186912,0.010153,-0.062244,-0.004788,-9.841734,-9.841932,0.001065,-0.007455,0.003195,99036.94,25.76,-0.012665
1956.197001,0.010089,-0.069426,0.033516,-9.805824,-9.806127,0.001065,-0.00426,0.003195,99036.94,25.76,0.02314
1956.207093,0.010093,-0.045486,0.045486,-9.789066,-9.789277,0,-0.007455,0,99036.94,25.76,0.03999
1956.217198,0.010105,-0.07182,0.021546,-9.836946,-9.837232,0.00213,-0.007455,0.001065,99036.94,25.76,-0.007965
1956.227303,0.010105,-0.052668,0.045486,-9.784278,-9.784525,0.00213,-0.005325,0.001065,99036.94,25.76,0.044742
1956.237409,0.010106,-0.043092,0.052668,-9.796248,-9.796484,0,-0.003195,-0.001065,99036.7,25.76,0.032783
1956.247498,0.010089,-0.02394,0.031122,-9.798642,-9.798721,0.00213,-0.003195,0.001065,99036.7,25.76,0.030546
1956.25761,0.010112,-0.043092,0.014364,-9.793854,-9.793959,0.00213,-0.005325,0.00213,99036.7,25.76,0.035308
1956.26774,0.01013,-0.043092,0.026334,-9.82737,-9.8275,0,-0.005325,0,99036.7,25.76,0.001767
1956.277831,0.010092,-0.040698,-0.014364,-9.822582,-9.822677,0.001065,-0.005325,0.003195,99036.7,25.76,0.00659
1956.28793,0.010098,-0.057456,-0.043092,-9.85131,-9.851572,0.00213,-0.005325,0.001065,99036.7,25.76,-0.022305
1956.298013,0.010083,-0.04788,-0.028728,-9.820188,-9.820347,0.001065,-0.00426,0,99036.6,25.76,0.00892
1956.308106,0.010093,-0.057456,-0.04788,-9.85131,-9.851594,0.00213,-0.00639,0.001065,99036.6,25.76,-0.022327
1956.318302,0.010196,-0.09576,-0.026334,-9.832158,-9.83266,0.003195,-0.00426,0.001065,99036.6,25.76,-0.003393
1956.328366,0.010064,-0.086184,-0.04788,-9.85131,-9.851803,0,-0.00639,0.001065,99036.6,25.76,-0.022536
1956.338453,0.010087,-0.08379,-0.02394,-9.817794,-9.818181,0.00426,-0.003195,0.003195,99036.6,25.76,0.011086
1956.348552,0.010099,-0.122094,-0.031122,-9.808218,-9.809027,0.001065,-0.00639,0.00213,99036.6,25.76,0.02024
1956.358652,0.0101,-0.079002,-0.026334,-9.784278,-9.784632,0.00426,-0.00852,0.003195,99036.6,25.76,0.044635
1956.36877,0.010118,-0.1197,0.004788,-9.808218,-9.80895,0,-0.003195,0.00213,99036.6,25.76,0.020317
1956.378869,0.010099,-0.100548,-0.007182,-9.80343,-9.803948,0.001065,-0.007455,0.00426,99036.6,25.76,0.025319
1956.388958,0.01009,-0.105336,0.009576,-9.796248,-9.796819,0.00426,-0.00426,0.003195,99036.6,25.76,0.032448
1956.399067,0.010109,-0.126882,0.03591,-9.810612,-9.811498,0.00213,-0.00639,0.00213,99036.6,25.76,0.017769
1956.409189,0.010122,-0.10773,0.014364,-9.772308,-9.772912,0.00213,-0.005325,0.003195,99036.6,25.76,0.056355
1956.419291,0.010101,-0.114912,0.031122,-9.8154,-9.816122,0.001065,-0.003195,0.003195,99036.6,25.76,0.013145
1956.429374,0.010083,-0.090972,0.031122,-9.808218,-9.808689,0,-0.00639,0.00213,99036.68,25.76,0.020578
1956.439474,0.0101,-0.088578,0.03591,-9.813006,-9.813471,0.001065,-0.005325,0.00213,99036.68,25.76,0.015796
1956.449568,0.010094,-0.100548,0.016758,-9.846522,-9.84705,0,-0.00639,0,99036.68,25.76,-0.017783
1956.459759,0.010191,-0.074214,0.045486,-9.846522,-9.846907,0.00213,-0.007455,0,99036.68,25.76,-0.01764
1956.469861,0.010102,-0.074214,0.04788,-9.836946,-9.837342,0.003195,-0.00639,0.001065,99036.68,25.76,-0.008075
1956.479963,0.010102,-0.057456,0.021546,-9.848916,-9.849107,0.001065,-0.005325,0.003195,99036.68,25.76,-0.01984
1956.490071,0.010108,-0.043092,0.033516,-9.846522,-9.846673,-0.001065,-0.00426,-0.001065,99036.68,25.76,-0.017406
1956.500165,0.010094,-0.043092,0.033516,-9.808218,-9.80837,0.00213,-0.00426,0.001065,99036.55,25.76,0.020897
1956.510285,0.01012,-0.050274,-0.002394,-9.841734,-9.841863,0.00213,-0.005325,0,99036.55,25.76,-0.012596
1956.520518,0.010234,-0.040698,-0.009576,-9.822582,-9.822671,0.00213,-0.001065,0,99036.55,25.76,0.006596
1956.530613,0.010095,-0.02394,0.007182,-9.801036,-9.801068,0.003195,-0.003195,0.003195,99036.55,25.76,0.028199
1956.540703,0.01009,-0.043092,-0.040698,-9.801036,-9.801215,0.00213,-0.00426,0,99036.55,25.76,0.028052
1956.550802,0.010099,-0.038304,0.007182,-9.801036,-9.801113,0.003195,-0.00639,0.001065,99036.55,25.76,0.028154
1956.560974,0.010172,-0.050274,-0.021546,-9.781884,-9.782037,0.003195,-0.003195,0.001065,99036.47,25.76,0.04723
1956.57107,0.010097,-0.069426,0.004788,-9.813006,-9.813253,0,-0.00639,-0.001065,99036.47,25.76,0.016014
1956.581168,0.010098,-0.079002,-0.021546,-9.781884,-9.782227,0.00213,-0.005325,0.003195,99036.47,25.76,0.04704
1956.591221,0.010053,-0.08379,-0.007182,-9.813006,-9.813366,-0.00213,-0.00426,0.001065,99036.47,25.76,0.015901
1956.60132,0.010099,-0.088578,-0.026334,-9.822582,-9.823017,0.001065,-0.005325,0.00213,99036.47,25.76,0.00625
1956.611627,0.010307,-0.064638,-0.002394,-9.848916,-9.849128,0.003195,-0.007455,0.003195,99036.47,25.76,-0.019861
1956.621716,0.010088,-0.064638,-0.019152,-9.846522,-9.846753,0.00213,-0.007455,0.00213,99036.49,25.76,-0.017486
1956.631814,0.010098,-0.098154,-0.021546,-9.834552,-9.835065,0.001065,-0.00426,0.003195,99036.49,25.76,-0.005798
1956.641934,0.01012,-0.093366,0,-9.880038,-9.880479,0.001065,-0.005325,0,99036.49,25.76,-0.051212
1956.652025,0.010092,-0.076608,-0.009576,-9.810612,-9.810916,0.00213,-0.00426,0.00426,99036.49,25.76,0.018351
1956.662114,0.010089,-0.102942,0.009576,-9.865674,-9.866216,0.00213,-0.00852,0.003195,99036.49,25.76,-0.036949
1956.672231,0.010117,-0.110124,0.01197,-9.834552,-9.835176,0.001065,-0.005325,0.00213,99036.49,25.76,-0.005909
1956.682445,0.010213,-0.122094,0.009576,-9.796248,-9.797014,-0.001065,-0.00639,0,99036.49,25.76,0.032253
1956.692538,0.010093,-0.112518,0.050274,-9.796248,-9.797023,0.00213,-0.005325,0.00426,99036.36,25.76,0.032244
1956.702626,0.010088,-0.086184,0.026334,-9.820188,-9.820601,0.00213,-0.007455,0.003195,99036.36,25.76,0.008666
1956.712784,0.010158,-0.1197,0.043092,-9.777096,-9.777924,0.003195,-0.00426,0.001065,99036.36,25.76,0.051343
1956.722871,0.010087,-0.064638,0.02394,-9.789066,-9.789309,0.001065,-0.00639,0,99036.36,25.76,0.039958
1956.732972,0.010101,-0.090972,0.026334,-9.810612,-9.811069,0.003195,-0.00639,0.00213,99036.36,25.76,0.018198
1956.743465,0.010494,-0.07182,0.03591,-9.810612,-9.810941,0.00213,-0.00639,0,99036.36,25.76,0.018326
1956.753575,0.010109,-0.057456,0.007182,-9.813006,-9.813177,0.001065,-0.00426,0.001065,99036.36,25.76,0.01609
1956.763688,0.010114,-0.098154,0.019152,-9.824976,-9.825485,-0.001065,-0.00639,0.00213,99036.36,25.76,0.003782
1956.774545,0.010857,-0.090972,0.014364,-9.8154,-9.815832,0.001065,-0.005325,0.003195,99036.36,25.76,0.013435
1956.785524,0.010979,-0.062244,0.03591,-9.872856,-9.873118,0.00213,-0.00426,0.00213,99036.36,25.76,-0.043851
1956.796331,0.010808,-0.057456,-0.002394,-9.834552,-9.83472,0.001065,-0.00426,0.001065,99036.36,25.76,-0.005453
1956.807555,0.011224,-0.064638,-0.014364,-9.824976,-9.825199,0.00213,-0.005325,-0.001065,99036.36,25.76,0.004068
1956.818622,0.011067,-0.093366,-0.009576,-9.834552,-9.835,0.00213,-0.00639,0.003195,99036.19,25.76,-0.005733
1956.829651,0.011029,-0.055062,-0.019152,-9.8154,-9.815573,0.001065,-0.005325,-0.001065,99036.19,25.76,0.013694
1956.841071,0.01142,-0.045486,-0.01197,-9.85131,-9.851422,0.00213,-0.005325,0.00213,99036.19,25.76,-0.022155
1956.852238,0.011167,-0.076608,0.007182,-9.80343,-9.803732,0.003195,-0.00426,0.00213,99036.19,25.76,0.025535
1956.863284,0.011046,-0.098154,-0.040698,-9.80343,-9.804006,0.001065,-0.00426,0.00213,99036.19,25.76,0.025261
1956.875143,0.011859,-0.076608,-0.007182,-9.82737,-9.827671,0.00426,-0.005325,0.00213,99036.28,25.76,0.001596
1956.885729,0.010587,-0.043092,-0.002394,-9.793854,-9.793949,0.003195,-0.005325,0,99036.28,25.76,0.035318
1956.896767,0.011037,-0.067032,-0.026334,-9.813006,-9.81327,0.003195,-0.00639,0.005325,99036.28,25.76,0.015997
1956.908584,0.011818,-0.055062,0.043092,-9.83934,-9.839588,0.00213,-0.00639,0.00213,99036.28,25.76,-0.010321
1956.920875,0.012291,-0.050274,0.009576,-9.777096,-9.77723,0,-0.00426,0.003195,99036.28,25.76,0.052037
1956.931187,0.010312,-0.055062,-0.009576,-9.832158,-9.832317,0.001065,-0.00426,0,99036.28,25.76,-0.00305
1956.9415,0.010313,-0.090972,0.031122,-9.848916,-9.849385,0.00213,-0.00639,0.003195,99036.17,25.76,-0.020118
1956.952686,0.011186,-0.076608,0.02394,-9.810612,-9.81094,-0.001065,-0.003195,0.001065,99036.17,25.76,0.018327
1956.963934,0.011249,-0.076608,-0.01197,-9.796248,-9.796555,0.00213,-0.00852,0.003195,99036.17,25.76,0.032712
1956.975361,0.011427,-0.090972,0.028728,-9.813006,-9.81347,0,-0.00639,0.00213,99036.17,25.76,0.015797
1956.98635,0.010988,-0.105336,0.019152,-9.841734,-9.842316,0.001065,-0.00426,0.00213,99036.17,25.76,-0.013049
1956.997468,0.011118,-0.067032,0.028728,-9.83934,-9.83961,0.001065,-0.00426,0.001065,99036.17,25.76,-0.010343
1957.009954,0.012486,-0.069426,0.028728,-9.793854,-9.794142,0.00213,-0.00426,0.00213,99036.15,25.76,0.035125
1957.020494,0.01054,-0.102942,0.016758,-9.820188,-9.820742,0.00213,-0.007455,0.00213,99036.15,25.76,0.008525
1957.031017,0.010523,-0.100548,0.057456,-9.786672,-9.787357,0.00213,-0.00639,0.00213,99036.15,25.76,0.04191
1957.042208,0.011191,-0.08379,0.004788,-9.805824,-9.806183,0.001065,-0.00426,0.00213,99036.15,25.76,0.023084
1957.053369,0.011161,-0.098154,-0.002394,-9.846522,-9.847011,0,-0.003195,0.001065,99036.15,25.76,-0.017744
1957.064537,0.011168,-0.098154,0.045486,-9.793854,-9.794451,0.001065,-0.00426,0.001065,99036.15,25.76,0.034816
1957.075818,0.01128,-0.102942,0.019152,-9.846522,-9.847079,0.00213,-0.00426,-0.001065,99036.15,25.76,-0.017812
1957.086963,0.011145,-0.086184,0.026334,-9.841734,-9.842147,0.001065,-0.005325,0.003195,99036.15,25.76,-0.01288
1957.098203,0.01124,-0.086184,0.009576,-9.820188,-9.820571,-0.001065,-0.003195,0,99036.15,25.76,0.008696
1957.109281,0.011078,-0.09576,-0.03591,-9.829764,-9.830296,0.00426,-0.00852,0.00213,99036.15,25.76,-0.001029
1957.120461,0.01118,-0.074214,-0.014364,-9.8154,-9.815691,0,-0.00426,0,99036.15,25.76,0.013576
1957.131744,0.011282,-0.043092,0,-9.810612,-9.810707,0.003195,-0.005325,0.001065,99036.15,25.76,0.01856
1957.142892,0.011148,-0.086184,-0.002394,-9.834552,-9.83493,0.00213,-0.005325,0.001065,99036.03,25.76,-0.005663
1957.154189,0.011297,-0.086184,-0.014364,-9.810612,-9.811001,0.00213,-0.003195,0,99036.03,25.76,0.018266
1957.16523,0.011041,-0.052668,-0.04788,-9.8154,-9.815658,0.001065,-0.007455,0.001065,99036.03,25.76,0.013609
1957.176511,0.011281,-0.062244,-0.002394,-9.793854,-9.794052,0,-0.007455,0.00213,99036.03,25.76,0.035215
1957.187744,0.011233,-0.04788,-0.01197,-9.820188,-9.820312,0.00213,-0.00426,0.00213,99036.03,25.76,0.008955
1957.198847,0.011103,-0.02394,0,-9.808218,-9.808247,0.001065,-0.00639,0.005325,99035.84,25.76,0.02102
1957.209941,0.011094,-0.057456,0.014364,-9.784278,-9.784457,0,-0.00639,0.00213,99035.84,25.76,0.04481
1957.221162,0.011221,-0.050274,-0.009576,-9.836946,-9.837079,0.00213,-0.00639,0.00213,99035.84,25.76,-0.007812
1957.232281,0.011119,-0.064638,0.040698,-9.846522,-9.846818,0,-0.005325,0.003195,99035.84,25.76,-0.017551
1957.243632,0.011351,-0.04788,-0.007182,-9.85131,-9.851429,0.001065,-0.00426,0.00213,99035.84,25.76,-0.022162
1957.254764,0.011132,-0.064638,-0.007182,-9.870462,-9.870676,0,-0.00852,0.00426,99035.84,25.76,-0.041409
1957.26598,0.011217,-0.100548,0.074214,-9.820188,-9.820983,0.001065,-0.005325,0.003195,99035.9,25.76,0.008284
1957.277071,0.011091,-0.064638,-0.014364,-9.832158,-9.832381,0.001065,-0.005325,0.001065,99035.9,25.76,-0.003114
1957.28821,0.011139,-0.081396,0.076608,-9.824976,-9.825612,0.003195,-0.005325,0.001065,99035.9,25.76,0.003655
1957.300089,0.011879,-0.086184,0.038304,-9.781884,-9.782339,0,-0.00852,-0.001065,99035.9,25.76,0.046928
1957.310669,0.01058,-0.079002,0.01197,-9.829764,-9.830089,0.00213,-0.005325,-0.001065,99035.9,25.76,-0.000822
1957.32179,0.011122,-0.098154,0.019152,-9.789066,-9.789577,0.001065,-0.00426,0.001065,99035.9,25.76,0.03969
1957.332988,0.011198,-0.079002,0.004788,-9.796248,-9.796568,0.00213,-0.005325,0.00213,99035.74,25.76,0.032699
1957.344251,0.011263,-0.110124,0.007182,-9.822582,-9.823202,0.00213,-0.00852,-0.001065,99035.74,25.76,0.006065
1957.355461,0.01121,-0.105336,0.031122,-9.781884,-9.782501,0.00213,-0.003195,0,99035.74,25.76,0.046766
1957.366519,0.011058,-0.067032,0.004788,-9.798642,-9.798872,0.003195,-0.00426,-0.001065,99035.74,25.76,0.030395
1957.377711,0.011192,-0.114912,0.007182,-9.801036,-9.801712,-0.001065,-0.005325,0.00213,99035.74,25.76,0.027555
1957.388938,0.011227,-0.064638,-0.01197,-9.805824,-9.806044,0.001065,-0.005325,0.00213,99035.74,25.76,0.023223
1957.400105,0.011167,-0.067032,-0.026334,-9.832158,-9.832422,0,-0.00639,0.00213,99035.74,25.76,-0.003155
1957.41137,0.011265,-0.09576,-0.01197,-9.882432,-9.882903,0.00213,-0.005325,0.00213,99035.74,25.76,-0.053636
1957.422565,0.011196,-0.093366,-0.007182,-9.817794,-9.818241,0.001065,-0.005325,0.001065,99035.74,25.76,0.011026
1957.43361,0.011044,-0.081396,0,-9.829764,-9.830101,0,-0.007455,0.00213,99035.74,25.76,-0.000834
1957.445016,0.011406,-0.100548,-0.016758,-9.820188,-9.820717,0.001065,-0.00639,0.003195,99035.74,25.76,0.00855
1957.456114,0.011097,-0.08379,0.009576,-9.8154,-9.815762,0.003195,-0.00639,0.00426,99035.72,25.76,0.013505
1957.467226,0.011112,-0.086184,0.014364,-9.841734,-9.842122,0,-0.007455,0.00213,99035.72,25.76,-0.012855
1957.478476,0.01125,-0.074214,0.009576,-9.832158,-9.832443,0.003195,-0.00639,0.001065,99035.72,25.76,-0.003176
1957.489649,0.011173,-0.05985,-0.004788,-9.834552,-9.834735,0,-0.003195,0.001065,99035.72,25.76,-0.005468
1957.500729,0.01108,-0.062244,0.028728,-9.813006,-9.813245,0.001065,-0.00639,0.00213,99035.72,25.76,0.016022
1957.511918,0.011189,-0.093366,0.02394,-9.781884,-9.782359,0.00426,-0.00426,0.001065,99035.72,25.76,0.046908
1957.523323,0.011405,-0.064638,0.028728,-9.8154,-9.815655,0,-0.007455,0.00213,99035.56,25.76,0.013612
1957.534296,0.010973,-0.055062,0,-9.8154,-9.815554,0.001065,-0.00426,0,99035.56,25.76,0.013713
1957.544387,0.010091,-0.074214,0.021546,-9.79146,-9.791765,-0.001065,-0.003195,0.001065,99035.56,25.76,0.037502
1957.554472,0.010085,-0.045486,-0.002394,-9.832158,-9.832264,0.001065,-0.00639,0.00213,99035.56,25.76,-0.002997
1957.564603,0.010131,-0.093366,0.062244,-9.810612,-9.811254,0.001065,-0.005325,0.003195,99035.56,25.76,0.018013
1957.574699,0.010097,-0.090972,0.016758,-9.85131,-9.851744,0,-0.00426,0.001065,99035.56,25.76,-0.022477
1957.584811,0.010111,-0.079002,-0.014364,-9.832158,-9.832486,0.001065,-0.007455,0.001065,99035.48,25.76,-0.003219
1957.594915,0.010104,-0.10773,0.026334,-9.82737,-9.827996,0.00213,-0.00852,0.00213,99035.48,25.76,0.001271
1957.605025,0.01011,-0.069426,-0.009576,-9.865674,-9.865923,0.001065,-0.005325,0.00213,99035.48,25.76,-0.036656
1957.615111,0.010086,-0.067032,-0.007182,-9.858492,-9.858723,0.00213,-0.005325,0.00213,99035.48,25.76,-0.029456
1957.625211,0.010101,-0.086184,0.004788,-9.856098,-9.856476,0.001065,-0.005325,0.001065,99035.48,25.76,-0.027209
1957.635379,0.010168,-0.055062,-0.021546,-9.82737,-9.827548,0,-0.00639,0.00426,99035.48,25.76,0.001719
1957.645513,0.010133,-0.081396,0.026334,-9.810612,-9.810985,0.001065,-0.00639,0.003195,99035.48,25.76,0.018282
1957.655619,0.010107,-0.090972,0.016758,-9.82737,-9.827805,0.001065,-0.00426,0.00213,99035.45,25.76,0.001462
1957.665714,0.010095,-0.067032,0.002394,-9.808218,-9.808447,0,-0.00426,0,99035.45,25.76,0.02082
1957.675823,0.010109,-0.110124,-0.007182,-9.82737,-9.82799,0.001065,-0.005325,0.00213,99035.45,25.76,0.001277
1957.685947,0.010124,-0.114912,0.045486,-9.822582,-9.823359,0.003195,-0.007455,0.003195,99035.45,25.76,0.005908
1957.696064,0.010117,-0.076608,-0.026334,-9.8154,-9.815734,0.00213,-0.005325,0.001065,99035.45,25.76,0.013533
1957.706208,0.010144,-0.1197,0.014364,-9.848916,-9.849654,0.001065,-0.005325,0.001065,99035.45,25.76,-0.020387
1957.716303,0.010095,-0.090972,0.002394,-9.793854,-9.794277,0.001065,-0.005325,0.00426,99035.5,25.76,0.03499
1957.726386,0.010083,-0.079002,0,-9.813006,-9.813324,0.00213,-0.00213,0.003195,99035.5,25.76,0.015943
1957.736487,0.010101,-0.08379,0.021546,-9.841734,-9.842114,0.001065,-0.005325,0.001065,99035.5,25.76,-0.012847
1957.746579,0.010092,-0.062244,-0.002394,-9.820188,-9.820386,0.003195,-0.00639,0,99035.5,25.76,0.008881
1957.756693,0.010115,-0.062244,0.016758,-9.834552,-9.834763,0.003195,-0.005325,0.003195,99035.5,25.76,-0.005496
1957.766793,0.0101,-0.079002,0.016758,-9.80343,-9.803763,0.00213,-0.00426,0.00213,99035.5,25.76,0.025504
1957.776923,0.010129,-0.07182,0.004788,-9.824976,-9.82524,0.001065,-0.003195,0.00426,99035.5,25.76,0.004027
1957.787062,0.010139,-0.074214,0.028728,-9.832158,-9.83248,0.00213,-0.00639,0.001065,99035.5,25.76,-0.003213
1957.797182,0.01012,-0.055062,0.016758,-9.796248,-9.796417,0.003195,-0.00639,0,99035.5,25.76,0.03285
1957.8073,0.010118,-0.08379,0,-9.836946,-9.837303,0.001065,-0.007455,0.003195,99035.5,25.76,-0.008036
1957.817397,0.010097,-0.057456,0.007182,-9.8154,-9.815571,0.00213,-0.00639,0,99035.5,25.76,0.013696
1957.827501,0.010103,-0.08379,0.021546,-9.824976,-9.825357,0.00213,-0.007455,0.00213,99035.5,25.76,0.00391
1957.8376,0.010099,-0.052668,-0.009576,-9.820188,-9.820334,0,-0.005325,0,99035.5,25.76,0.008933
1957.848082,0.010482,-0.076608,0.004788,-9.834552,-9.834852,0.00213,-0.00852,0.00213,99035.47,25.76,-0.005585
1957.858258,0.010176,-0.052668,0.019152,-9.832158,-9.832318,0.001065,-0.00213,0,99035.47,25.76,-0.003051
1957.868371,0.010113,-0.074214,-0.009576,-9.841734,-9.842018,0.001065,-0.007455,0.00213,99035.47,25.76,-0.012751
1957.878459,0.010089,-0.052668,0.009576,-9.820188,-9.820334,0.003195,-0.003195,0.00213,99035.47,25.76,0.008933
1957.888561,0.010102,-0.05985,0.019152,-9.829764,-9.829965,0,-0.00639,0.001065,99035.47,25.76,-0.000698
1957.898651,0.01009,-0.088578,0.004788,-9.841734,-9.842134,0.00213,-0.00639,0.00213,99035.47,25.76,-0.012867
1957.908761,0.01011,-0.090972,0.002394,-9.834552,-9.834973,0.00213,-0.00639,0.001065,99035.47,25.76,-0.005706
1957.918851,0.01009,-0.052668,-0.009576,-9.822582,-9.822728,-0.001065,-0.00426,0.001065,99035.47,25.76,0.006539
1957.928946,0.010095,-0.081396,-0.004788,-9.80343,-9.803769,0.001065,-0.005325,0.00426,99035.47,25.76,0.025498
1957.939074,0.010129,-0.088578,0,-9.808218,-9.808618,0.00213,-0.00426,0.00213,99035.47,25.76,0.020649
1957.949175,0.010101,-0.062244,-0.01197,-9.80343,-9.803635,0,-0.00639,0.00213,99035.47,25.76,0.025632
1957.959279,0.010103,-0.081396,0.019152,-9.846522,-9.846877,0.003195,-0.005325,0.003195,99035.47,25.76,-0.01761
1957.969446,0.010168,-0.07182,-0.01197,-9.79146,-9.791731,0.001065,-0.003195,0.00426,99035.39,25.76,0.037536
1957.979551,0.010105,-0.090972,0.01197,-9.813006,-9.813435,0.00213,-0.00426,0.00213,99035.39,25.76,0.015832
1957.989698,0.010146,-0.117306,0.026334,-9.820188,-9.820924,0.00213,-0.00639,0.00213,99035.39,25.76,0.008343
1957.999903,0.010205,-0.081396,0.002394,-9.796248,-9.796586,0.00213,-0.00639,0.00426,99035.39,25.76,0.032681
1958.010001,0.010098,-0.08379,0.019152,-9.817794,-9.81817,0.001065,-0.005325,0.003195,99035.39,25.76,0.011097
1958.020231,0.01023,-0.074214,0.007182,-9.846522,-9.846804,0.001065,-0.005325,0.00426,99035.39,25.76,-0.017537
1958.030364,0.010134,-0.067032,-0.002394,-9.824976,-9.825205,0.00213,-0.00426,0.001065,99035.39,25.76,0.004062
1958.040467,0.010102,-0.067032,0.019152,-9.868068,-9.868314,0.001065,-0.00639,0.00213,99035.45,25.76,-0.039047
1958.050552,0.010085,-0.062244,0.019152,-9.810612,-9.810828,0.00213,-0.005325,0.001065,99035.45,25.76,0.018439
1958.060649,0.010097,-0.079002,-0.004788,-9.846522,-9.84684,0.00213,-0.003195,0.00426,99035.45,25.76,-0.017573
1958.070762,0.010113,-0.112518,0.019152,-9.8154,-9.816064,0.00213,-0.00639,0.001065,99035.45,25.76,0.013203
1958.080906,0.010144,-0.08379,0.031122,-9.817794,-9.818201,0.00213,-0.005325,0.00213,99035.45,25.76,0.011066
1958.090997,0.010091,-0.093366,0.033516,-9.817794,-9.818295,0,-0.003195,0.001065,99035.45,25.76,0.010972
1958.101114,0.010117,-0.100548,0.03591,-9.79146,-9.792042,0.00213,-0.007455,0.00213,99035.45,25.76,0.037225
1958.111465,0.010351,-0.081396,0,-9.805824,-9.806162,0.00213,-0.00213,-0.001065,99035.45,25.76,0.023105
1958.121611,0.010146,-0.064638,-0.004788,-9.793854,-9.794068,0.003195,-0.003195,0.001065,99035.45,25.76,0.035199
1958.131716,0.010104,-0.05985,-0.026334,-9.817794,-9.818012,-0.001065,-0.005325,0,99035.45,25.76,0.011255
1958.141823,0.010108,-0.019152,-0.002394,-9.83934,-9.839359,0.00213,-0.00213,0.003195,99035.45,25.76,-0.010092
1958.15193,0.010107,-0.038304,-0.050274,-9.834552,-9.834755,-0.00213,-0.00426,0.001065,99035.45,25.76,-0.005488
1958.162026,0.010097,-0.05985,-0.033516,-9.834552,-9.834791,0.00213,-0.005325,0.00213,99035.45,25.76,-0.005524
1958.172936,0.010909,-0.057456,0.007182,-9.83934,-9.83951,0.003195,-0.005325,0.001065,99035.37,25.76,-0.010243
1958.183126,0.010191,-0.064638,-0.033516,-9.822582,-9.822852,0.001065,-0.00213,0.00213,99035.37,25.76,0.006415
1958.194291,0.011165,-0.064638,0.004788,-9.798642,-9.798856,0.00213,-0.005325,0.00213,99035.37,25.76,0.030411
1958.205422,0.011131,-0.064638,-0.01197,-9.810612,-9.810832,0.003195,-0.007455,0.00213,99035.37,25.76,0.018435
1958.216732,0.01131,-0.04788,0.031122,-9.822582,-9.822748,0.001065,-0.00426,0.00213,99035.37,25.76,0.006519
1958.227977,0.011245,-0.086184,0.014364,-9.86328,-9.863667,0.001065,-0.00213,0.00426,99035.44,25.76,-0.0344
1958.238362,0.010384,-0.076608,0.031122,-9.832158,-9.832506,0,-0.003195,0.001065,99035.44,25.76,-0.003239
1958.250241,0.011879,-0.10773,0.016758,-9.805824,-9.80643,0.00213,-0.005325,0.003195,99035.44,25.76,0.022837
1958.261291,0.01105,-0.09576,0.031122,-9.801036,-9.801553,0.00426,-0.00639,0.00426,99035.44,25.76,0.027714
1958.2725,0.01121,-0.1197,0.050274,-9.786672,-9.787533,0.00213,-0.00639,0.001065,99035.44,25.76,0.041734
1958.284353,0.011853,-0.086184,0.028728,-9.813006,-9.813427,0,-0.00639,0,99035.44,25.76,0.01584
1958.295025,0.010672,-0.100548,0.031122,-9.805824,-9.806389,0.00213,-0.005325,0.00213,99035.52,25.76,0.022878
1958.306043,0.011018,-0.07182,0.01197,-9.844128,-9.844397,0.00213,-0.005325,0.001065,99035.52,25.76,-0.01513
1958.317347,0.011304,-0.09576,-0.004788,-9.832158,-9.832625,0,-0.003195,0.001065,99035.52,25.76,-0.003358
1958.32845,0.011103,-0.081396,0,-9.817794,-9.818131,0.00213,-0.007455,0.005325,99035.52,25.76,0.011136
1958.340111,0.01166,-0.079002,0.021546,-9.836946,-9.837287,0,-0.007455,0.001065,99035.52,25.76,-0.00802
1958.350802,0.010692,-0.05985,-0.021546,-9.810612,-9.810818,0,-0.003195,-0.001065,99035.52,25.76,0.018449
1958.361954,0.011151,-0.086184,-0.009576,-9.846522,-9.846904,0.00213,-0.00426,0,99035.42,25.76,-0.017637
1958.373111,0.011158,-0.062244,-0.009576,-9.846522,-9.846723,0.00213,-0.00426,0.003195,99035.42,25.76,-0.017456
1958.384348,0.011237,-0.050274,-0.026334,-9.805824,-9.805988,0.00426,-0.00426,0.003195,99035.42,25.76,0.023279
1958.395582,0.011235,-0.050274,-0.031122,-9.846522,-9.8467,0.003195,-0.00639,0.00213,99035.42,25.76,-0.017433
1958.406763,0.011181,-0.062244,-0.028728,-9.829764,-9.830003,0.00426,-0.00639,0.00426,99035.42,25.76,-0.000736
1958.417909,0.011146,-0.055062,-0.019152,-9.810612,-9.810785,0,-0.00426,-0.00213,99035.42,25.76,0.018482
1958.429074,0.011164,-0.069426,0.002394,-9.824976,-9.825222,0.003195,-0.00426,0.005325,99035.42,25.76,0.004045
1958.440327,0.011254,-0.069426,-0.01197,-9.824976,-9.825229,0.003195,-0.005325,0.00213,99035.42,25.76,0.004038
1958.451462,0.011135,-0.076608,0.014364,-9.822582,-9.822891,0.00213,-0.007455,0.00213,99035.42,25.76,0.006376
1958.462648,0.011186,-0.081396,0.007182,-9.820188,-9.820528,0.001065,-0.005325,0.00426,99035.42,25.76,0.008739
1958.474082,0.011434,-0.088578,0.021546,-9.798642,-9.799066,0,-0.00426,0.00213,99035.42,25.76,0.030201
1958.48501,0.010928,-0.105336,0.019152,-9.829764,-9.830347,0.00213,-0.003195,0.001065,99035.39,25.76,-0.00108
1958.496299,0.011289,-0.079002,0.016758,-9.810612,-9.810944,0.00213,-0.00639,0.00213,99035.39,25.76,0.018323
1958.507385,0.011086,-0.05985,0.02394,-9.832158,-9.832369,-0.001065,-0.005325,0.001065,99035.39,25.76,-0.003102
1958.518583,0.011198,-0.093366,0.021546,-9.808218,-9.808686,0.001065,-0.00426,0.001065,99035.39,25.76,0.020581
1958.529758,0.011175,-0.07182,0.038304,-9.813006,-9.813344,0.001065,-0.00639,0,99035.39,25.76,0.015923
1958.540933,0.011174,-0.081396,0.014364,-9.85131,-9.851657,0.00213,-0.00639,0.001065,99035.39,25.76,-0.02239
1958.552143,0.01121,-0.074214,0.002394,-9.8154,-9.815681,0.001065,-0.009585,0.003195,99035.4,25.76,0.013586
1958.563305,0.011163,-0.074214,0.007182,-9.801036,-9.80132,0.001065,-0.00426,0.00213,99035.4,25.76,0.027947
1958.574542,0.011237,-0.079002,-0.004788,-9.82737,-9.827689,-0.00213,-0.00426,0.001065,99035.4,25.76,0.001578
1958.585696,0.011154,-0.09576,-0.028728,-9.824976,-9.825485,0.00213,-0.005325,0.001065,99035.4,25.76,0.003782
1958.596866,0.01117,-0.100548,-0.01197,-9.820188,-9.82071,0.001065,-0.00639,0.003195,99035.4,25.76,0.008557
1958.608072,0.011207,-0.102942,0,-9.817794,-9.818334,0.001065,-0.005325,0.003195,99035.4,25.76,0.010933
1958.620073,0.012,-0.08379,-0.002394,-9.817794,-9.818152,0.001065,-0.00639,0,99035.29,25.76,0.011115
1958.630386,0.010313,-0.08379,-0.026334,-9.80343,-9.803823,0.001065,-0.007455,0.001065,99035.29,25.76,0.025444
1958.64164,0.011254,-0.08379,-0.002394,-9.844128,-9.844485,0.001065,-0.003195,0.001065,99035.29,25.76,-0.015218
1958.65279,0.01115,-0.088578,-0.002394,-9.810612,-9.811012,0.003195,-0.005325,0.003195,99035.29,25.76,0.018255
1958.66397,0.01118,-0.08379,0.007182,-9.808218,-9.808579,0,-0.005325,0,99035.29,25.76,0.020688
1958.675266,0.011296,-0.074214,0.009576,-9.834552,-9.834837,0.00213,-0.00639,0.001065,99035.21,25.76,-0.00557
1958.686338,0.011071,-0.105336,-0.002394,-9.829764,-9.830329,0.00213,-0.00639,0.001065,99035.21,25.76,-0.001062
1958.697505,0.011167,-0.04788,-0.002394,-9.824976,-9.825093,0.003195,-0.00426,0,99035.21,25.76,0.004174
1958.708671,0.011166,-0.079002,0.009576,-9.820188,-9.82051,0.001065,-0.005325,-0.001065,99035.21,25.76,0.008757
1958.719945,0.011274,-0.052668,0.009576,-9.8154,-9.815546,0.003195,-0.00639,0.003195,99035.21,25.76,0.013721
1958.731076,0.011131,-0.090972,0.02394,-9.822582,-9.823032,0.001065,-0.005325,0.00426,99035.21,25.76,0.006235
1958.742368,0.011292,-0.067032,-0.007182,-9.822582,-9.822813,0.003195,-0.005325,0.00213,99035.21,25.76,0.006454
1958.75357,0.011202,-0.081396,0.016758,-9.801036,-9.801388,0,-0.00213,0.00213,99035.21,25.76,0.027879
1958.764586,0.011017,-0.069426,0.01197,-9.805824,-9.806077,0.00213,-0.005325,0.001065,99035.21,25.76,0.02319
1958.775851,0.011265,-0.090972,0.026334,-9.796248,-9.796706,0.00213,-0.00639,0.003195,99035.21,25.76,0.032561
1958.786992,0.011141,-0.038304,0.031122,-9.834552,-9.834676,0.00213,-0.007455,0.001065,99035.21,25.76,-0.005409
1958.79829,0.011298,-0.057456,-0.004788,-9.808218,-9.808387,0,-0.003195,0,99035.21,25.76,0.02088
1958.809387,0.011098,-0.08379,0,-9.832158,-9.832515,0.001065,-0.007455,0.001065,99035.21,25.76,-0.003248
1958.820538,0.011151,-0.064638,0.033516,-9.808218,-9.808488,0.003195,-0.009585,0.001065,99035.21,25.76,0.020779
1958.831781,0.011243,-0.04788,0.007182,-9.834552,-9.834671,0.00213,-0.00852,0.00213,99035.21,25.76,-0.005404
1958.842964,0.011183,-0.067032,-0.016758,-9.817794,-9.818037,0.003195,-0.005325,0,99035.21,25.76,0.01123
1958.854253,0.011289,-0.074214,0.019152,-9.817794,-9.818093,0.00213,-0.00852,0.003195,99035.21,25.76,0.011174
1958.865262,0.01101,-0.062244,0.002394,-9.8154,-9.815598,0.00213,-0.001065,0,99035.07,25.76,0.013669
1958.876605,0.011343,-0.079002,-0.004788,-9.789066,-9.789386,0.00213,-0.005325,0.00213,99035.07,25.76,0.039881
1958.88769,0.011084,-0.105336,0.004788,-9.798642,-9.799209,0.003195,-0.00639,0.00213,99035.07,25.76,0.030058
1958.898904,0.011214,-0.074214,0.014364,-9.820188,-9.820479,0,-0.009585,0.001065,99035.07,25.76,0.008788
1958.910053,0.011149,-0.09576,-0.016758,-9.817794,-9.818275,0.003195,-0.007455,0.001065,99035.07,25.76,0.010992
1958.921511,0.011458,-0.08379,-0.02394,-9.82737,-9.827756,0.001065,-0.00426,0.00213,99035.07,25.76,0.001511
1958.93258,0.011068,-0.090972,0.009576,-9.82737,-9.827796,0.001065,-0.005325,0.00213,99034.96,25.76,0.001471
1958.943695,0.011115,-0.093366,0,-9.836946,-9.837389,0.00213,-0.005325,0.001065,99034.96,25.76,-0.008122
1958.954899,0.011205,-0.090972,0.009576,-9.858492,-9.858916,0,-0.00639,0.001065,99034.96,25.76,-0.029649
1958.965918,0.011018,-0.098154,0.002394,-9.810612,-9.811103,0,-0.00426,0.001065,99034.96,25.76,0.018164
1958.977112,0.011194,-0.052668,0,-9.844128,-9.844269,0.00426,-0.005325,0.00426,99034.96,25.76,-0.015002
1958.988305,0.011193,-0.081396,0.019152,-9.8154,-9.815756,0.003195,-0.007455,0,99034.96,25.76,0.013511
1958.999616,0.011311,-0.04788,0.02394,-9.8154,-9.815546,0.001065,-0.003195,0.00213,99035.05,25.76,0.013721
1959.010777,0.011161,-0.069426,-0.009576,-9.846522,-9.846771,0.003195,-0.00639,0.00213,99035.05,25.76,-0.017504
1959.021893,0.011116,-0.076608,0.026334,-9.813006,-9.81334,0.00213,-0.00426,0,99035.05,25.76,0.015927
1959.033028,0.011134,-0.079002,-0.007182,-9.798642,-9.798963,0.001065,-0.00639,-0.001065,99035.05,25.76,0.030304
1959.044256,0.011229,-0.088578,-0.009576,-9.813006,-9.81341,0.00426,-0.00639,0.003195,99035.05,25.76,0.015857
1959.05558,0.011324,-0.069426,0.01197,-9.820188,-9.820441,0.001065,-0.005325,0.003195,99035.05,25.76,0.008826
1959.066608,0.011028,-0.069426,0.01197,-9.817794,-9.818047,0.00426,-0.00426,0,99035.1,25.76,0.01122
1959.077797,0.011189,-0.067032,0.007182,-9.798642,-9.798874,0.001065,-0.00426,0.00213,99035.1,25.76,0.030393
1959.08898,0.011183,-0.074214,-0.004788,-9.820188,-9.82047,0.00213,-0.00852,0.00213,99035.1,25.76,0.008797
1959.100177,0.011197,-0.079002,0.002394,-9.820188,-9.820506,0.001065,-0.005325,0.001065,99035.1,25.76,0.008761
1959.111376,0.011199,-0.057456,-0.021546,-9.82737,-9.827562,0.00213,-0.00213,0.001065,99035.1,25.76,0.001705
1959.122759,0.011383,-0.079002,0.007182,-9.824976,-9.825296,0.001065,-0.00639,0.003195,99035.1,25.76,0.003971
1959.133707,0.010948,-0.057456,0.014364,-9.834552,-9.83473,0.003195,-0.00426,0.003195,99035.1,25.76,-0.005463
1959.144903,0.011196,-0.074214,0.004788,-9.822582,-9.822864,0.003195,-0.00639,0.003195,99035.1,25.76,0.006403
1959.156117,0.011214,-0.081396,-0.002394,-9.82737,-9.827707,0.00426,-0.00639,0.003195,99035.1,25.76,0.00156
1959.167309,0.011192,-0.05985,-0.004788,-9.820188,-9.820372,0.001065,-0.005325,0.00213,99035.1,25.76,0.008895
1959.178534,0.011224,-0.088578,0.028728,-9.829764,-9.830205,0.003195,-0.007455,0.00426,99035.1,25.76,-0.000938
1959.189641,0.011107,-0.081396,0.026334,-9.824976,-9.825348,0.00426,-0.005325,0.00213,99034.94,25.76,0.003919
1959.200786,0.011146,-0.09576,0.031122,-9.832158,-9.832674,0.003195,-0.005325,0.003195,99034.94,25.76,-0.003407
1959.212036,0.01125,-0.067032,0,-9.817794,-9.818023,0.00213,-0.00426,0.003195,99034.94,25.76,0.011244
1959.223275,0.011239,-0.093366,0.009576,-9.824976,-9.825424,0.00213,-0.005325,0.005325,99034.94,25.76,0.003843
1959.234586,0.011311,-0.033516,0.009576,-9.8154,-9.815462,0.001065,-0.00639,0.001065,99034.94,25.76,0.013805
1959.245565,0.010979,-0.081396,0.02394,-9.796248,-9.796615,0,-0.00639,0.00213,99034.94,25.76,0.032652
1959.256768,0.011203,-0.093366,0.021546,-9.824976,-9.825443,0,-0.007455,0.00426,99035.01,25.76,0.003824
1959.267952,0.011184,-0.079002,0.019152,-9.8154,-9.815737,0.001065,-0.007455,0.00213,99035.01,25.76,0.01353
1959.279267,0.011315,-0.07182,-0.009576,-9.808218,-9.808486,0.00213,-0.00426,0.001065,99035.01,25.76,0.020781
1959.290359,0.011093,-0.069426,0.002394,-9.832158,-9.832403,0.003195,-0.00426,-0.001065,99035.01,25.76,-0.003136
1959.301471,0.011112,-0.093366,0.004788,-9.844128,-9.844572,0.00426,-0.00426,0.00426,99035.01,25.76,-0.015305
1959.312648,0.011177,-0.081396,0.002394,-9.801036,-9.801374,0.003195,-0.007455,0.003195,99035.01,25.76,0.027893
1959.324131,0.011483,-0.074214,0,-9.832158,-9.832438,0.001065,-0.00426,0.001065,99035.12,25.76,-0.003171
1959.335137,0.011006,-0.064638,0,-9.822582,-9.822795,0.003195,-0.007455,0.00213,99035.12,25.76,0.006472
1959.346432,0.011295,-0.124488,0.002394,-9.829764,-9.830553,0.001065,-0.005325,0.003195,99035.12,25.76,-0.001286
1959.357423,0.010991,-0.05985,0.016758,-9.796248,-9.796445,0.00213,-0.00426,0.001065,99035.12,25.76,0.032822
1959.368574,0.011151,-0.081396,0.014364,-9.822582,-9.82293,0.00213,-0.005325,0.00213,99035.12,25.76,0.006337
1959.380019,0.011445,-0.081396,-0.007182,-9.824976,-9.825316,0.00213,-0.00426,0.003195,99035.2,25.76,0.003951
1959.39118,0.01116,-0.093366,-0.002394,-9.813006,-9.81345,0.00213,-0.00426,0.00213,99035.2,25.76,0.015817
1959.402213,0.011033,-0.057456,-0.004788,-9.810612,-9.810781,0.00213,-0.005325,0.001065,99035.2,25.76,0.018486
1959.413315,0.011102,-0.069426,0.009576,-9.813006,-9.813256,0,-0.001065,0.001065,99035.2,25.76,0.016011
1959.42461,0.011296,-0.064638,0.004788,-9.829764,-9.829978,0.003195,-0.007455,0.00213,99035.2,25.76,-0.000711
1959.435804,0.011194,-0.069426,-0.002394,-9.805824,-9.80607,0.003195,-0.00639,0.001065,99035.2,25.76,0.023197
1959.446946,0.011142,-0.07182,-0.009576,-9.82737,-9.827637,0.00213,-0.00852,0.003195,99035.2,25.76,0.00163
1959.458039,0.011093,-0.08379,0.038304,-9.817794,-9.818226,0.003195,-0.005325,0.00426,99035.2,25.76,0.011041
1959.468912,0.010873,-0.088578,0.016758,-9.820188,-9.820602,0.001065,-0.00639,-0.001065,99035.2,25.76,0.008665
1959.478994,0.010082,-0.090972,0.007182,-9.841734,-9.842157,0.00213,-0.00639,0.00213,99035.2,25.76,-0.01289
1959.489112,0.010117,-0.076608,-0.002394,-9.832158,-9.832457,-0.001065,-0.00426,-0.00213,99035.2,25.76,-0.00319
1959.499215,0.010104,-0.067032,0.021546,-9.829764,-9.830016,0.001065,-0.003195,-0.001065,99035.2,25.76,-0.000749
1959.509358,0.010143,-0.088578,0.002394,-9.813006,-9.813406,0.003195,-0.00639,0.003195,99035.28,25.76,0.015861
1959.519466,0.010108,-0.081396,0,-9.846522,-9.846858,0.00426,-0.00426,0.003195,99035.28,25.76,-0.017591
1959.529568,0.010102,-0.069426,0.019152,-9.829764,-9.830028,-0.001065,-0.003195,-0.00213,99035.28,25.76,-0.000761
1959.539678,0.01011,-0.093366,0.016758,-9.817794,-9.818252,0.00213,-0.005325,0.003195,99035.28,25.76,0.011015
1959.54978,0.010102,-0.079002,0.009576,-9.834552,-9.834874,0.003195,-0.00426,-0.001065,99035.28,25.76,-0.005607
1959.559892,0.010112,-0.081396,0.014364,-9.822582,-9.82293,0,-0.00639,0.00213,99035.28,25.76,0.006337
1959.570728,0.010836,-0.064638,0.021546,-9.832158,-9.832394,0.001065,-0.007455,0.001065,99035.28,25.76,-0.003127
1959.581105,0.010377,-0.07182,0.007182,-9.841734,-9.841999,0.00213,-0.00852,0,99035.21,25.76,-0.012732
1959.592342,0.011237,-0.064638,0,-9.801036,-9.801249,0.001065,-0.00852,0.00213,99035.21,25.76,0.028018
1959.603573,0.011231,-0.074214,0.019152,-9.824976,-9.825275,0.001065,-0.00426,0,99035.21,25.76,0.003992
1959.614768,0.011195,-0.064638,0,-9.822582,-9.822795,0.003195,-0.005325,0.003195,99035.21,25.76,0.006472
1959.62593,0.011162,-0.08379,0.014364,-9.83934,-9.839707,0.001065,-0.007455,0.001065,99035.21,25.76,-0.01044
1959.636022,0.010092,-0.069426,-0.004788,-9.820188,-9.820435,0.001065,-0.005325,0.00213,99035.21,25.76,0.008832
1959.646106,0.010084,-0.067032,0.009576,-9.820188,-9.820421,0.003195,-0.00852,0.00213,99035.21,25.76,0.008846
1959.656199,0.010093,-0.067032,0.014364,-9.832158,-9.832397,0.001065,-0.005325,0.00213,99035.21,25.76,-0.00313
1959.666294,0.010095,-0.040698,-0.016758,-9.841734,-9.841832,0,-0.005325,0.003195,99035.21,25.76,-0.012565
1959.676385,0.010092,-0.076608,0.016758,-9.789066,-9.78938,0.001065,-0.00639,0,99035.21,25.76,0.039887
1959.686471,0.010086,-0.081396,-0.01197,-9.844128,-9.844472,0.001065,-0.00426,0.001065,99035.21,25.76,-0.015205
1959.696581,0.01011,-0.081396,0.01197,-9.796248,-9.796593,0.001065,-0.005325,0.00213,99035.21,25.76,0.032674
1959.706673,0.010092,-0.07182,0,-9.808218,-9.808481,0.001065,-0.003195,0.00213,99035.29,25.76,0.020786
1959.716831,0.010157,-0.069426,0.016758,-9.82737,-9.82763,0.003195,-0.00639,0.001065,99035.29,25.76,0.001637
1959.72712,0.01029,-0.079002,0,-9.817794,-9.818112,0.00213,-0.005325,0.00213,99035.29,25.76,0.011155
1959.737215,0.010095,-0.090972,-0.02394,-9.793854,-9.794306,0.003195,-0.00639,0.001065,99035.29,25.76,0.034961
1959.748849,0.011634,-0.093366,-0.007182,-9.844128,-9.844573,0.001065,-0.00426,0.00213,99035.29,25.76,-0.015306
1959.760085,0.011236,-0.064638,0.019152,-9.829764,-9.829995,0.00213,-0.005325,0.003195,99035.29,25.76,-0.000728
1959.771333,0.011248,-0.088578,0.009576,-9.810612,-9.811017,0.00213,-0.00639,0.00213,99035.37,25.76,0.01825
1959.782466,0.011133,-0.081396,-0.002394,-9.79146,-9.791799,0.001065,-0.00639,0.00213,99035.37,25.76,0.037468
1959.793856,0.01139,-0.086184,0.01197,-9.832158,-9.832543,0.001065,-0.007455,0.00639,99035.37,25.76,-0.003276
1959.804768,0.010912,-0.076608,0.002394,-9.822582,-9.822881,0.001065,-0.007455,0.00213,99035.37,25.76,0.006386
1959.816089,0.011321,-0.05985,0.009576,-9.822582,-9.822769,0.001065,-0.005325,0.00213,99035.37,25.76,0.006498
1959.827214,0.011124,-0.064638,0.01197,-9.824976,-9.825196,0.001065,-0.005325,0.00213,99035.37,25.76,0.004071
1959.838497,0.011283,-0.067032,-0.007182,-9.848916,-9.849147,-0.001065,-0.003195,0.001065,99035.37,25.76,-0.01988
1959.849521,0.011024,-0.086184,0.026334,-9.813006,-9.81342,0.00213,-0.003195,0,99035.37,25.76,0.015847
1959.860759,0.011238,-0.057456,0.009576,-9.805824,-9.805997,0.00213,-0.005325,-0.001065,99035.37,25.76,0.02327
1959.871951,0.011191,-0.067032,0.02394,-9.836946,-9.837204,0.001065,-0.00639,0.001065,99035.37,25.76,-0.007937
1959.883321,0.011371,-0.064638,0.019152,-9.817794,-9.818025,0.00426,-0.00426,0.001065,99035.37,25.76,0.011242
1959.89437,0.011048,-0.069426,-0.007182,-9.80343,-9.803678,0.00213,-0.00639,0.001065,99035.26,25.76,0.025589
1959.905481,0.011112,-0.081396,-0.014364,-9.846522,-9.846869,0.001065,-0.005325,0.001065,99035.26,25.76,-0.017602
1959.916658,0.011176,-0.079002,0.014364,-9.829764,-9.830092,0.001065,-0.00639,0.00213,99035.26,25.76,-0.000825
1959.928504,0.011846,-0.057456,0.01197,-9.824976,-9.825151,0.00426,-0.007455,0.005325,99035.26,25.76,0.004116
1959.939299,0.010795,-0.081396,0.019152,-9.848916,-9.849271,0.00213,-0.00426,0.00426,99035.26,25.76,-0.020004
1959.950204,0.010905,-0.093366,0,-9.813006,-9.81345,0.00213,-0.00639,0,99035.26,25.76,0.015817
1959.961445,0.011241,-0.088578,0.01197,-9.841734,-9.84214,0.00213,-0.003195,0.00213,99035.23,25.76,-0.012873
1959.972747,0.011302,-0.07182,-0.026334,-9.829764,-9.830062,0.001065,-0.005325,0.00213,99035.23,25.76,-0.000795
1959.983767,0.01102,-0.09576,-0.007182,-9.817794,-9.818264,0.00213,-0.00852,0,99035.23,25.76,0.011003
1959.995017,0.01125,-0.081396,0.021546,-9.836946,-9.837306,0.001065,-0.005325,0.001065,99035.23,25.76,-0.008039
1960.006197,0.01118,-0.069426,0.004788,-9.829764,-9.83001,0.001065,-0.00639,0,99035.23,25.76,-0.000743
1960.017389,0.011192,-0.09576,0.002394,-9.786672,-9.787141,0.001065,-0.00426,0.00213,99035.23,25.76,0.042126
1960.028505,0.011116,-0.08379,0.007182,-9.80343,-9.803791,0.00213,-0.005325,0.00426,99035.28,25.76,0.025476
1960.039727,0.011222,-0.062244,0.004788,-9.80343,-9.803629,0.003195,-0.005325,0.003195,99035.28,25.76,0.025638
1960.050878,0.011151,-0.052668,0.004788,-9.789066,-9.789209,-0.001065,-0.00426,0.00213,99035.28,25.76,0.040058
1960.06205,0.011172,-0.076608,-0.01197,-9.822582,-9.822888,0.001065,-0.003195,0.001065,99035.28,25.76,0.006379
1960.073223,0.011173,-0.057456,0.02394,-9.801036,-9.801234,0.001065,-0.003195,0.00213,99035.28,25.76,0.028033
1960.084383,0.01116,-0.08379,0.002394,-9.793854,-9.794213,0.001065,-0.00639,0.001065,99035.34,25.76,0.035054
1960.095701,0.011318,-0.086184,0.01197,-9.820188,-9.820573,-0.001065,-0.005325,0.003195,99035.34,25.76,0.008694
1960.106793,0.011092,-0.050274,0.021546,-9.824976,-9.825128,0.00213,-0.00639,0.001065,99035.34,25.76,0.004139
