time,dt,accel_x,accel_y,accel_z,union_g,gyro_x,gyro_y,gyro_z,pressure,temp,ag,ag.old,,
1966.295268,0.010113,-0.102942,0.019152,-9.829764,-9.830322,0.003195,-0.005325,0.003195,99034.22,25.76,-0.007322,-0.001055,,-9.823
1966.305389,0.01012,-0.069426,-0.004788,-9.781884,-9.782132,-0.00213,-0.00213,0.00213,99034.22,25.76,0.040868,0.047135,,
1966.3155,0.010111,-0.045486,0.019152,-9.85131,-9.851434,0.00213,-0.00426,0.003195,99034.22,25.76,-0.028434,-0.022167,,
1966.325969,0.010469,-0.05985,-0.004788,-9.79146,-9.791644,0,-0.005325,0.001065,99034.22,25.76,0.031356,0.037623,,
1966.336078,0.010108,-0.057456,0.007182,-9.832158,-9.832328,0.00213,-0.005325,0.001065,99034.22,25.76,-0.009328,-0.003061,,
1966.346464,0.010386,-0.07182,0.016758,-9.808218,-9.808495,0.001065,-0.003195,0.003195,99034.11,25.76,0.014505,0.020772,,
1966.356562,0.010099,-0.055062,0.014364,-9.801036,-9.801201,-0.00213,-0.00639,0.003195,99034.11,25.76,0.021799,0.028066,,
1966.366665,0.010102,-0.08379,0.009576,-9.798642,-9.799005,0.001065,-0.003195,0.001065,99034.11,25.76,0.023995,0.030262,,
1966.376753,0.010088,-0.057456,0.002394,-9.822582,-9.82275,0.00213,-0.00852,0.003195,99034.11,25.76,0.00025,0.006517,,
1966.390264,0.013511,-0.079002,0.038304,-9.824976,-9.825368,0.001065,-0.00213,0.001065,99034.11,25.76,-0.002368,0.003899,,
1966.400359,0.010095,-0.064638,0,-9.848916,-9.849128,0.003195,-0.00639,0.001065,99034.11,25.76,-0.026128,-0.019861,,
1966.410575,0.010216,-0.088578,0,-9.8154,-9.8158,0.00213,-0.005325,0,99034,25.76,0.0072,0.013467,,
1966.420682,0.010107,-0.074214,-0.009576,-9.817794,-9.818079,0.00213,-0.007455,0.00426,99034,25.76,0.004921,0.011188,,
1966.430768,0.010086,-0.098154,-0.002394,-9.82737,-9.82786,0.001065,-0.00213,0.001065,99034,25.76,-0.00486,0.001407,,
1966.440866,0.010098,-0.114912,0.040698,-9.813006,-9.813763,0,-0.00639,0.001065,99034,25.76,0.009237,0.015504,,
1966.450992,0.010125,-0.076608,0.033516,-9.801036,-9.801393,0.00426,-0.005325,0.00213,99034,25.76,0.021607,0.027874,,
1966.461077,0.010085,-0.10773,0.01197,-9.848916,-9.849512,0.001065,-0.005325,0.001065,99034,25.76,-0.026512,-0.020245,,
1966.471615,0.010537,-0.10773,0.028728,-9.832158,-9.83279,0.001065,-0.00639,0,99034,25.76,-0.00979,-0.003523,,
1966.48208,0.010466,-0.052668,-0.002394,-9.80343,-9.803572,0,-0.00426,0.003195,99034,25.76,0.019428,0.025695,,
1966.493215,0.011135,-0.093366,0.004788,-9.805824,-9.80627,0.00213,-0.00639,0.003195,99034,25.76,0.01673,0.022997,,
1966.504376,0.01116,-0.067032,0,-9.846522,-9.84675,0.00213,-0.005325,0.00213,99034,25.76,-0.02375,-0.017483,,
1966.515776,0.0114,-0.07182,0.016758,-9.813006,-9.813283,0.001065,-0.005325,0.00213,99034,25.76,0.009717,0.015984,,
1966.526802,0.011026,-0.055062,-0.026334,-9.786672,-9.786862,0.001065,-0.005325,0.003195,99034,25.76,0.036138,0.042405,,
1966.538001,0.011199,-0.07182,-0.009576,-9.822582,-9.822849,0.001065,-0.007455,0.003195,99033.94,25.76,0.000151,0.006418,,
1966.549119,0.011118,-0.074214,0.01197,-9.777096,-9.777385,0,-0.00639,0,99033.94,25.76,0.045615,0.051882,,
1966.560437,0.011317,-0.09576,0.007182,-9.836946,-9.837415,0.001065,-0.00639,0.00213,99033.94,25.76,-0.014415,-0.008148,,
1966.571533,0.011096,-0.040698,-0.004788,-9.801036,-9.801122,0.001065,-0.00426,0.003195,99033.94,25.76,0.021878,0.028145,,
1966.582731,0.011198,-0.105336,-0.007182,-9.8154,-9.815968,0,-0.00639,0,99033.94,25.76,0.007032,0.013299,,
1966.593919,0.011188,-0.074214,-0.004788,-9.82737,-9.827651,0.001065,-0.003195,0,99033.94,25.76,-0.004651,0.001616,,
1966.605046,0.011127,-0.069426,0.026334,-9.808218,-9.808499,0.001065,-0.00639,0.001065,99033.79,25.76,0.014501,0.020768,,
1966.616249,0.011203,-0.05985,0,-9.824976,-9.825158,0.00213,-0.005325,0.003195,99033.79,25.76,-0.002158,0.004109,,
1966.627509,0.01126,-0.067032,0.019152,-9.817794,-9.818042,0.00213,-0.00639,0.003195,99033.79,25.76,0.004958,0.011225,,
1966.638724,0.011215,-0.069426,0.028728,-9.824976,-9.825263,0.003195,-0.005325,0.003195,99033.79,25.76,-0.002263,0.004004,,
1966.649832,0.011108,-0.102942,0.002394,-9.82737,-9.827909,0.003195,-0.005325,0.003195,99033.79,25.76,-0.004909,0.001358,,
1966.661064,0.011232,-0.090972,0.021546,-9.820188,-9.820633,0.003195,-0.00852,0.00213,99033.79,25.76,0.002367,0.008634,,
1966.67238,0.011316,-0.093366,0.014364,-9.829764,-9.830218,0.00213,-0.005325,0.001065,99033.94,25.76,-0.007218,-0.000951,,
1966.683453,0.011072,-0.102942,0.02394,-9.817794,-9.818363,0.00213,-0.003195,0.001065,99033.94,25.76,0.004637,0.010904,,
1966.694621,0.011168,-0.062244,0.009576,-9.836946,-9.837148,0,-0.005325,0.001065,99033.94,25.76,-0.014148,-0.007881,,
1966.705741,0.01112,-0.088578,0.016758,-9.870462,-9.870874,0.001065,-0.005325,0.003195,99033.94,25.76,-0.047874,-0.041607,,
1966.716909,0.011168,-0.093366,0.021546,-9.813006,-9.813474,0.001065,-0.003195,0.001065,99033.94,25.76,0.009526,0.015793,,
1966.728096,0.011187,-0.038304,0.009576,-9.836946,-9.837025,0.00213,-0.003195,0.003195,99033.95,25.76,-0.014025,-0.007758,,
1966.739372,0.011275,-0.076608,-0.009576,-9.824976,-9.825279,0.00213,-0.00213,0.003195,99033.95,25.76,-0.002279,0.003988,,
1966.750474,0.011103,-0.098154,0.002394,-9.820188,-9.820679,0,-0.00426,0.00213,99033.95,25.76,0.002321,0.008588,,
1966.761684,0.01121,-0.102942,-0.002394,-9.810612,-9.811152,0.00213,-0.00426,0,99033.95,25.76,0.011848,0.018115,,
1966.772815,0.011131,-0.04788,0.019152,-9.817794,-9.817929,0.003195,-0.00426,0.00213,99033.95,25.76,0.005071,0.011338,,
1966.784021,0.011206,-0.074214,0.01197,-9.808218,-9.808506,0.001065,-0.003195,0.00213,99033.95,25.76,0.014494,0.020761,,
1966.796094,0.012073,-0.050274,-0.031122,-9.80343,-9.803608,0.00213,-0.00639,0.001065,99033.95,25.76,0.019392,0.025659,,
1966.806422,0.010328,-0.088578,-0.019152,-9.82737,-9.827788,0.001065,-0.007455,0.00426,99033.95,25.76,-0.004788,0.001479,,
1966.817569,0.011147,-0.076608,-0.002394,-9.796248,-9.796548,0.00213,-0.007455,0.001065,99033.95,25.76,0.026452,0.032719,,
1966.828918,0.011349,-0.102942,-0.031122,-9.820188,-9.820777,0.00213,-0.00852,0.00213,99033.95,25.76,0.002223,0.00849,,
1966.840087,0.01117,-0.08379,0.031122,-9.846522,-9.846928,0.001065,-0.005325,0.00426,99033.95,25.76,-0.023928,-0.017661,,
1966.851297,0.01121,-0.086184,0.028728,-9.79146,-9.791881,0.003195,-0.00639,0.003195,99033.95,25.76,0.031119,0.037386,,
1966.862327,0.01103,-0.07182,-0.004788,-9.853704,-9.853967,0.001065,-0.007455,0.00213,99033.9,25.76,-0.030967,-0.0247,,
1966.873663,0.011336,-0.076608,0.052668,-9.841734,-9.842173,0,-0.00426,0.00213,99033.9,25.76,-0.019173,-0.012906,,
1966.884656,0.010993,-0.10773,0.026334,-9.824976,-9.825602,0.001065,-0.00426,0.00213,99033.9,25.76,-0.002602,0.003665,,
1966.896033,0.011377,-0.090972,0.028728,-9.834552,-9.835015,0.001065,-0.007455,0.003195,99033.9,25.76,-0.012015,-0.005748,,
1966.907152,0.01112,-0.093366,0.038304,-9.822582,-9.8231,0.003195,-0.00426,0.00213,99033.9,25.76,-1E-04,0.006167,,
1966.918287,0.011135,-0.05985,0.04788,-9.810612,-9.810911,0.001065,-0.00213,-0.001065,99034.02,25.76,0.012089,0.018356,,
1966.929379,0.011092,-0.062244,0.004788,-9.841734,-9.841932,0.001065,-0.007455,0.005325,99034.02,25.76,-0.018932,-0.012665,,
1966.940576,0.011197,-0.08379,0.007182,-9.80343,-9.803791,0.00213,-0.005325,0.001065,99034.02,25.76,0.019209,0.025476,,
1966.951823,0.011247,-0.062244,0.009576,-9.832158,-9.83236,0.00213,-0.00852,0.005325,99034.02,25.76,-0.00936,-0.003093,,
1966.962995,0.011172,-0.076608,0.009576,-9.820188,-9.820491,0.001065,-0.007455,0,99034.02,25.76,0.002509,0.008776,,
1966.974119,0.011124,-0.057456,0.004788,-9.829764,-9.829933,0.00213,-0.003195,0.00213,99034.02,25.76,-0.006933,-0.000666,,
1966.985367,0.011248,-0.081396,-0.014364,-9.834552,-9.834899,0.00426,-0.00426,0.001065,99034.13,25.76,-0.011899,-0.005632,,
1966.996542,0.011175,-0.07182,0.02394,-9.841734,-9.842025,-0.001065,-0.00852,-0.001065,99034.13,25.76,-0.019025,-0.012758,,
1967.007715,0.011173,-0.067032,-0.002394,-9.836946,-9.837175,0.003195,-0.00426,0.005325,99034.13,25.76,-0.014175,-0.007908,,
1967.018943,0.011228,-0.081396,-0.009576,-9.834552,-9.834893,0.00213,-0.003195,0.001065,99034.13,25.76,-0.011893,-0.005626,,
1967.030104,0.011161,-0.05985,-0.009576,-9.813006,-9.813193,0.001065,-0.005325,0.003195,99034.13,25.76,0.009807,0.016074,,
1967.041255,0.011151,-0.07182,-0.004788,-9.817794,-9.818058,0.001065,-0.005325,0.003195,99034.13,25.76,0.004942,0.011209,,
1967.05243,0.011175,-0.069426,0.004788,-9.832158,-9.832404,0.001065,-0.005325,0.00426,99034.1,25.76,-0.009404,-0.003137,,
1967.063613,0.011183,-0.069426,-0.007182,-9.853704,-9.853951,0.001065,-0.00639,0.001065,99034.1,25.76,-0.030951,-0.024684,,
1967.074901,0.011288,-0.08379,0.01197,-9.836946,-9.83731,0.00426,-0.00639,0.003195,99034.1,25.76,-0.01431,-0.008043,,
1967.086048,0.011148,-0.112518,0.02394,-9.820188,-9.820862,0.003195,-0.003195,0.001065,99034.1,25.76,0.002138,0.008405,,
1967.097248,0.0112,-0.07182,0.021546,-9.813006,-9.813292,-0.001065,-0.005325,0.001065,99034.1,25.76,0.009708,0.015975,,
1967.108493,0.011245,-0.129276,0.014364,-9.8154,-9.816262,0.00213,-0.00639,0.00213,99034.1,25.76,0.006738,0.013005,,
1967.119573,0.01108,-0.090972,0.021546,-9.836946,-9.83739,0,-0.005325,0.00213,99034.1,25.76,-0.01439,-0.008123,,
1967.13075,0.011178,-0.062244,0.021546,-9.822582,-9.822803,0.001065,-0.00639,0.001065,99034.1,25.76,0.000197,0.006464,,
1967.141939,0.011189,-0.074214,0.043092,-9.813006,-9.813381,0.00213,-0.005325,0.00426,99034.1,25.76,0.009619,0.015886,,
1967.153151,0.011211,-0.07182,0.014364,-9.8154,-9.815673,0,-0.00639,0.003195,99034.1,25.76,0.007327,0.013594,,
1967.164324,0.011173,-0.098154,0.019152,-9.817794,-9.818303,0.00213,-0.005325,0.00213,99034.1,25.76,0.004697,0.010964,,
1967.175824,0.011501,-0.081396,0.004788,-9.846522,-9.84686,0.00213,-0.00426,0,99034.03,25.76,-0.02386,-0.017593,,
1967.186639,0.010815,-0.067032,0.019152,-9.824976,-9.825223,0.001065,-0.00639,0.00213,99034.03,25.76,-0.002223,0.004044,,
1967.197924,0.011285,-0.055062,-0.004788,-9.860886,-9.861041,0.003195,-0.005325,0.00213,99034.03,25.76,-0.038041,-0.031774,,
1967.209011,0.011088,-0.04788,0.009576,-9.817794,-9.817915,0.001065,-0.005325,0,99034.03,25.76,0.005085,0.011352,,
1967.22024,0.011228,-0.050274,0.014364,-9.805824,-9.805963,0.00213,-0.005325,0.00639,99034.03,25.76,0.017037,0.023304,,
1967.231391,0.011151,-0.043092,0.002394,-9.834552,-9.834647,0.00213,-0.003195,0.001065,99034.03,25.76,-0.011647,-0.00538,,
1967.242617,0.011226,-0.110124,0.009576,-9.8154,-9.816022,0.00213,-0.007455,0.005325,99034.08,25.77,0.006978,0.013245,,
1967.253802,0.011185,-0.05985,0,-9.824976,-9.825158,0.001065,-0.005325,0.001065,99034.08,25.77,-0.002158,0.004109,,
1967.264924,0.011122,-0.076608,0.002394,-9.822582,-9.822881,0.001065,-0.00426,0,99034.08,25.77,0.000119,0.006386,,
1967.276162,0.011238,-0.088578,0.01197,-9.813006,-9.813413,0.001065,-0.007455,0.001065,99034.08,25.77,0.009587,0.015854,,
1967.287399,0.011237,-0.09576,0.009576,-9.820188,-9.82066,-0.001065,-0.005325,0.00426,99034.08,25.77,0.00234,0.008607,,
1967.298603,0.011204,-0.09576,0.026334,-9.8154,-9.815902,0,-0.00426,0.001065,99034.08,25.77,0.007098,0.013365,,
1967.309702,0.011099,-0.079002,0.007182,-9.841734,-9.842054,0.001065,-0.00639,0.003195,99034.05,25.77,-0.019054,-0.012787,,
1967.320857,0.011155,-0.076608,-0.019152,-9.848916,-9.849233,0.003195,-0.007455,0.001065,99034.05,25.77,-0.026233,-0.019966,,
1967.332075,0.011218,-0.09576,0.045486,-9.810612,-9.811185,0,-0.00639,0,99034.05,25.77,0.011815,0.018082,,
1967.343248,0.011173,-0.076608,-0.021546,-9.8154,-9.815723,0.001065,-0.005325,0.00213,99034.05,25.77,0.007277,0.013544,,
1967.35449,0.011242,-0.088578,0,-9.798642,-9.799042,0.001065,-0.00426,-0.001065,99034.05,25.77,0.023958,0.030225,,
1967.365645,0.011154,-0.086184,0.033516,-9.810612,-9.811048,0.00213,-0.00639,0,99034.05,25.77,0.011952,0.018219,,
1967.376833,0.011188,-0.081396,-0.028728,-9.810612,-9.810992,0.001065,-0.00639,0.00213,99033.98,25.77,0.012008,0.018275,,
1967.3886,0.011767,-0.062244,-0.009576,-9.82737,-9.827572,0.00213,-0.00639,0.001065,99033.98,25.77,-0.004572,0.001695,,
1967.399297,0.010697,-0.067032,-0.01197,-9.80343,-9.803666,0.001065,-0.00639,0.001065,99033.98,25.77,0.019334,0.025601,,
1967.410386,0.011089,-0.08379,-0.026334,-9.822582,-9.822975,0,-0.005325,0.00213,99033.98,25.77,2.5E-05,0.006292,,
1967.421509,0.011123,-0.064638,0.002394,-9.808218,-9.808431,0.001065,-0.005325,0.001065,99033.98,25.77,0.014569,0.020836,,
1967.432731,0.011222,-0.067032,0.002394,-9.80343,-9.803659,0.003195,-0.003195,0.00213,99034.03,25.77,0.019341,0.025608,,
1967.443928,0.011196,-0.09576,-0.002394,-9.822582,-9.823049,0,-0.007455,0.00213,99034.03,25.77,-4.9E-05,0.006218,,
1967.455198,0.01127,-0.09576,0.014364,-9.80343,-9.803908,0.003195,-0.005325,0.00426,99034.03,25.77,0.019092,0.025359,,
1967.466305,0.011107,-0.062244,0.007182,-9.801036,-9.801236,0.00213,-0.005325,0,99034.03,25.77,0.021764,0.028031,,
1967.477453,0.011148,-0.093366,0.016758,-9.829764,-9.830222,0,-0.00426,0.001065,99034.03,25.77,-0.007222,-0.000955,,
1967.488624,0.011172,-0.126882,0.033516,-9.834552,-9.835428,0.001065,-0.00639,0.003195,99034.03,25.77,-0.012428,-0.006161,,
1967.499908,0.011284,-0.067032,0.007182,-9.83934,-9.839571,0.001065,-0.003195,0.001065,99034.03,25.77,-0.016571,-0.010304,,
1967.510014,0.010106,-0.074214,-0.014364,-9.844128,-9.844418,0,-0.007455,0.00213,99034.03,25.77,-0.021418,-0.015151,,
1967.520117,0.010103,-0.074214,0.038304,-9.817794,-9.818149,0.00426,-0.00639,0.003195,99034.03,25.77,0.004851,0.011118,,
1967.530236,0.010119,-0.062244,0.007182,-9.836946,-9.837146,0.00213,-0.005325,0.00426,99034.03,25.77,-0.014146,-0.007879,,
1967.540448,0.010212,-0.100548,0,-9.813006,-9.813521,0.001065,-0.00852,0.00213,99034.03,25.77,0.009479,0.015746,,
1967.550537,0.010089,-0.117306,0.021546,-9.820188,-9.820912,0.003195,-0.005325,0.00213,99034.03,25.77,0.002088,0.008355,,
1967.560723,0.010186,-0.07182,0.009576,-9.829764,-9.830031,0.00213,-0.00639,0.00213,99034.02,25.77,-0.007031,-0.000764,,
1967.570834,0.01011,-0.090972,-0.014364,-9.796248,-9.796681,0.00213,-0.00852,0,99034.02,25.77,0.026319,0.032586,,
1967.580954,0.010121,-0.069426,0.019152,-9.848916,-9.849179,0,-0.00639,0.003195,99034.02,25.77,-0.026179,-0.019912,,
1967.591054,0.0101,-0.062244,0,-9.836946,-9.837143,0.001065,-0.00426,0.001065,99034.02,25.77,-0.014143,-0.007876,,
1967.601325,0.010271,-0.062244,-0.014364,-9.824976,-9.825184,0.001065,-0.005325,0.00213,99034.02,25.77,-0.002184,0.004083,,
1967.611413,0.010087,-0.07182,-0.004788,-9.824976,-9.82524,0,-0.00639,0.00213,99034.02,25.77,-0.00224,0.004027,,
1967.621524,0.010111,-0.074214,0.014364,-9.798642,-9.798934,0.00213,-0.005325,0.001065,99034.1,25.77,0.024066,0.030333,,
1967.631608,0.010084,-0.110124,0.028728,-9.829764,-9.830423,0.00426,-0.005325,0.005325,99034.1,25.77,-0.007423,-0.001156,,
1967.641689,0.010081,-0.079002,-0.009576,-9.832158,-9.83248,0.001065,-0.00639,0.003195,99034.1,25.77,-0.00948,-0.003213,,
1967.651777,0.010088,-0.098154,0.002394,-9.793854,-9.794346,0,-0.00426,0.003195,99034.1,25.77,0.028654,0.034921,,
1967.661885,0.010108,-0.081396,-0.014364,-9.82737,-9.827718,0.00213,-0.005325,0.00213,99034.1,25.77,-0.004718,0.001549,,
1967.671987,0.010102,-0.067032,-0.004788,-9.8154,-9.81563,0,-0.00639,0.00426,99034.1,25.77,0.00737,0.013637,,
1967.682106,0.01012,-0.064638,0.019152,-9.846522,-9.846753,0.00213,-0.003195,0.00213,99034.1,25.77,-0.023753,-0.017486,,
1967.692202,0.010095,-0.076608,-0.007182,-9.832158,-9.832459,0.003195,-0.00852,0.00213,99034,25.77,-0.009459,-0.003192,,
1967.702335,0.010133,-0.105336,0.009576,-9.834552,-9.835121,0,-0.00426,0.003195,99034,25.77,-0.012121,-0.005854,,
1967.71348,0.011145,-0.067032,-0.004788,-9.80343,-9.80366,0.00213,-0.005325,0.00213,99034,25.77,0.01934,0.025607,,
1967.723574,0.010095,-0.090972,0,-9.832158,-9.832579,0.00213,-0.007455,0.00213,99034,25.77,-0.009579,-0.003312,,
1967.733654,0.010079,-0.088578,0.028728,-9.836946,-9.837387,0.001065,-0.00426,0.00213,99034,25.77,-0.014387,-0.00812,,
1967.743742,0.010088,-0.105336,0.028728,-9.813006,-9.813613,0.003195,-0.00639,0.003195,99034,25.77,0.009387,0.015654,,
1967.753855,0.010114,-0.090972,0.019152,-9.805824,-9.806265,0.003195,-0.005325,-0.00213,99034.11,25.77,0.016735,0.023002,,
1967.763962,0.010107,-0.069426,0,-9.853704,-9.853949,0.00213,-0.003195,0,99034.11,25.77,-0.030949,-0.024682,,
1967.774288,0.010326,-0.079002,-0.014364,-9.813006,-9.813335,0.00213,-0.00852,0.00213,99034.11,25.77,0.009665,0.015932,,
1967.784396,0.010108,-0.074214,0.004788,-9.829764,-9.830045,0,-0.005325,0.00213,99034.11,25.77,-0.007045,-0.000778,,
1967.794501,0.010105,-0.079002,0.016758,-9.8154,-9.815732,0.00213,-0.00639,0.001065,99034.11,25.77,0.007268,0.013535,,
1967.804606,0.010105,-0.076608,0,-9.82737,-9.827669,0.001065,-0.003195,0.003195,99034.11,25.77,-0.004669,0.001598,,
1967.814705,0.010099,-0.093366,0.026334,-9.820188,-9.820667,0.00426,-0.005325,0.003195,99034.11,25.77,0.002333,0.0086,,
1967.824975,0.01027,-0.08379,0.021546,-9.8154,-9.815781,0,-0.00639,0,99034.11,25.77,0.007219,0.013486,,
1967.835153,0.010178,-0.093366,-0.007182,-9.813006,-9.813453,0.001065,-0.00852,0.00426,99034.11,25.77,0.009547,0.015814,,
1967.845268,0.010115,-0.076608,0.016758,-9.810612,-9.810925,0,-0.00639,0.001065,99034.11,25.77,0.012075,0.018342,,
1967.855522,0.010254,-0.069426,0.007182,-9.822582,-9.82283,0.00213,-0.00426,0.00213,99034.11,25.77,0.00017,0.006437,,
1967.865606,0.010084,-0.069426,-0.016758,-9.810612,-9.810872,0.00213,-0.00639,0.001065,99034.11,25.77,0.012128,0.018395,,
1967.875755,0.010149,-0.062244,0.014364,-9.844128,-9.844335,0.001065,-0.00639,0.00426,99034.11,25.77,-0.021335,-0.015068,,
1967.885866,0.010111,-0.062244,0.007182,-9.808218,-9.808418,0.00213,-0.005325,0.001065,99034.13,25.77,0.014582,0.020849,,
1967.895994,0.010128,-0.07182,0.033516,-9.801036,-9.801356,0.00426,-0.00639,0.003195,99034.13,25.77,0.021644,0.027911,,
1967.906093,0.010099,-0.08379,0.019152,-9.829764,-9.83014,0,-0.003195,0.003195,99034.13,25.77,-0.00714,-0.000873,,
1967.916186,0.010093,-0.090972,0.038304,-9.805824,-9.806321,0.003195,-0.005325,0.003195,99034.13,25.77,0.016679,0.022946,,
1967.926276,0.01009,-0.079002,0.009576,-9.817794,-9.818117,0.001065,-0.005325,0,99034.13,25.77,0.004883,0.01115,,
1967.936962,0.010686,-0.069426,0.038304,-9.846522,-9.846841,0.001065,-0.00426,-0.001065,99034.13,25.77,-0.023841,-0.017574,,
1967.947073,0.010111,-0.079002,0.019152,-9.813006,-9.813343,0.00213,-0.00639,0.003195,99034.1,25.77,0.009657,0.015924,,
1967.957191,0.010118,-0.067032,0.014364,-9.822582,-9.822821,0.00213,-0.00639,0.00213,99034.1,25.77,0.000179,0.006446,,
1967.967323,0.010132,-0.076608,0.019152,-9.853704,-9.85402,0.00213,-0.00426,0.003195,99034.1,25.77,-0.03102,-0.024753,,
1967.977462,0.010139,-0.09576,0.01197,-9.808218,-9.808693,0.00213,-0.007455,0.00213,99034.1,25.77,0.014307,0.020574,,
1967.987695,0.010233,-0.093366,0.009576,-9.829764,-9.830212,0.001065,-0.003195,0.00426,99034.1,25.77,-0.007212,-0.000945,,
1967.997795,0.010099,-0.093366,0.014364,-9.834552,-9.835006,0.00213,-0.00639,0,99034.1,25.77,-0.012006,-0.005739,,
1968.007884,0.010089,-0.09576,0.03591,-9.8154,-9.815933,-0.001065,-0.00639,0.001065,99034.11,25.77,0.007067,0.013334,,
1968.018057,0.010173,-0.093366,-0.007182,-9.832158,-9.832604,0.00426,-0.00639,0.00213,99034.11,25.77,-0.009604,-0.003337,,
1968.028192,0.010134,-0.088578,0.007182,-9.829764,-9.830166,0.00213,-0.00426,0.00213,99034.11,25.77,-0.007166,-0.000899,,
1968.038344,0.010152,-0.076608,0.019152,-9.832158,-9.832475,0,-0.005325,0.00213,99034.11,25.77,-0.009475,-0.003208,,
1968.048749,0.010405,-0.088578,0.002394,-9.834552,-9.834951,0.00213,-0.005325,0.00213,99034.11,25.77,-0.011951,-0.005684,,
1968.058857,0.010109,-0.100548,0.033516,-9.832158,-9.832729,0.003195,-0.00639,0.00213,99034.11,25.77,-0.009729,-0.003462,,
1968.068986,0.010129,-0.064638,-0.02394,-9.796248,-9.79649,0,0,0,99034.18,25.77,0.02651,0.032777,,
1968.079094,0.010108,-0.079002,-0.007182,-9.805824,-9.806145,0.00213,-0.007455,0.001065,99034.18,25.77,0.016855,0.023122,,
1968.089188,0.010094,-0.074214,0.014364,-9.860886,-9.861176,0.00426,-0.005325,0.001065,99034.18,25.77,-0.038176,-0.031909,,
1968.0993,0.010112,-0.055062,-0.002394,-9.801036,-9.801191,0.001065,-0.003195,0.00213,99034.18,25.77,0.021809,0.028076,,
1968.109412,0.010111,-0.064638,0.009576,-9.829764,-9.829981,0.001065,-0.00426,0.00213,99034.18,25.77,-0.006981,-0.000714,,
1968.119511,0.010099,-0.069426,-0.009576,-9.820188,-9.820438,0.00213,-0.00639,0.001065,99034.18,25.77,0.002562,0.008829,,
1968.129724,0.010213,-0.045486,-0.019152,-9.813006,-9.81313,0.00213,0,0,99034.18,25.77,0.00987,0.016137,,
1968.139846,0.010122,-0.086184,0.004788,-9.829764,-9.830143,0,-0.00213,0.00213,99034.18,25.77,-0.007143,-0.000876,,
1968.149943,0.010097,-0.064638,0.02394,-9.801036,-9.801278,0.001065,-0.003195,0.001065,99034.18,25.77,0.021722,0.027989,,
1968.160364,0.010421,-0.064638,-0.004788,-9.817794,-9.818008,0.00426,-0.005325,0.00213,99034.18,25.77,0.004992,0.011259,,
1968.170452,0.010087,-0.088578,0.031122,-9.8154,-9.815849,0.00213,-0.007455,0.001065,99034.18,25.77,0.007151,0.013418,,
1968.180582,0.01013,-0.08379,0.03591,-9.832158,-9.832581,0.00213,-0.00639,0.00426,99034.18,25.77,-0.009581,-0.003314,,
1968.190785,0.010203,-0.10773,0.02394,-9.82737,-9.82799,0.00213,-0.005325,0.001065,99034.18,25.77,-0.00499,0.001277,,
1968.200906,0.010121,-0.088578,0.031122,-9.834552,-9.835,0,-0.005325,0.00213,99034.03,25.77,-0.012,-0.005733,,
1968.211016,0.010109,-0.057456,0.026334,-9.822582,-9.822785,0.001065,-0.005325,0,99034.03,25.77,0.000215,0.006482,,
1968.221128,0.010112,-0.05985,-0.01197,-9.829764,-9.829953,0.001065,-0.005325,0.00213,99034.03,25.77,-0.006953,-0.000686,,
1968.231214,0.010086,-0.074214,0.01197,-9.83934,-9.839627,0.00213,-0.00639,0.00213,99034.03,25.77,-0.016627,-0.01036,,
1968.241329,0.010115,-0.050274,-0.007182,-9.817794,-9.817925,0.003195,-0.005325,0.00213,99034.03,25.77,0.005075,0.011342,,
1968.251425,0.010097,-0.07182,-0.007182,-9.822582,-9.822847,0.001065,-0.00426,0.001065,99034.03,25.77,0.000153,0.00642,,
1968.261683,0.010257,-0.07182,0.007182,-9.846522,-9.846787,0.003195,-0.007455,0.003195,99034.02,25.77,-0.023787,-0.01752,,
1968.272115,0.010432,-0.069426,0.007182,-9.810612,-9.81086,0.00426,-0.00639,0.001065,99034.02,25.77,0.01214,0.018407,,
1968.282244,0.010129,-0.08379,0.009576,-9.820188,-9.82055,0.00213,-0.00426,0.00213,99034.02,25.77,0.00245,0.008717,,
1968.292374,0.010129,-0.076608,0.019152,-9.834552,-9.834869,0.001065,-0.005325,0.00213,99034.02,25.77,-0.011869,-0.005602,,
1968.30247,0.010096,-0.081396,-0.002394,-9.853704,-9.85404,0.003195,-0.00639,0.00426,99034.02,25.77,-0.03104,-0.024773,,
1968.312554,0.010084,-0.064638,0.002394,-9.80343,-9.803643,0.001065,-0.005325,0.00213,99034.02,25.77,0.019357,0.025624,,
1968.322685,0.01013,-0.08379,-0.007182,-9.836946,-9.837305,0.00213,-0.00639,0.001065,99034.02,25.77,-0.014305,-0.008038,,
1968.332795,0.010111,-0.086184,-0.002394,-9.813006,-9.813385,0.001065,-0.007455,0.003195,99034.02,25.77,0.009615,0.015882,,
1968.342885,0.01009,-0.062244,0.007182,-9.798642,-9.798842,0.00213,-0.007455,0.001065,99034.02,25.77,0.024158,0.030425,,
1968.352987,0.010102,-0.098154,0.02394,-9.8154,-9.81592,0.003195,-0.005325,0.00213,99034.02,25.77,0.00708,0.013347,,
1968.363077,0.010089,-0.090972,0.002394,-9.793854,-9.794277,0.003195,-0.00639,0.003195,99034.02,25.77,0.028723,0.03499,,
1968.373176,0.010099,-0.088578,0.01197,-9.824976,-9.825383,0.00213,-0.005325,0,99034.02,25.77,-0.002383,0.003884,,
1968.383298,0.010122,-0.086184,0.009576,-9.83934,-9.839722,0.00213,-0.00639,0.001065,99034.02,25.77,-0.016722,-0.010455,,
1968.393428,0.01013,-0.062244,0.01197,-9.824976,-9.82518,0.001065,-0.005325,0.00213,99034.06,25.77,-0.00218,0.004087,,
1968.403517,0.010089,-0.052668,-0.002394,-9.829764,-9.829905,0.003195,-0.005325,0.003195,99034.06,25.77,-0.006905,-0.000638,,
1968.413607,0.01009,-0.069426,0.026334,-9.83934,-9.83962,-0.001065,-0.005325,0.001065,99034.06,25.77,-0.01662,-0.010353,,
1968.423696,0.010089,-0.079002,0.009576,-9.836946,-9.837268,0.00213,-0.005325,0.00213,99034.06,25.77,-0.014268,-0.008001,,
1968.433812,0.010116,-0.069426,-0.004788,-9.829764,-9.83001,0.001065,-0.00426,0.00213,99034.06,25.77,-0.00701,-0.000743,,
1968.443877,0.010064,-0.057456,0.004788,-9.83934,-9.839509,0.001065,-0.00426,0.00426,99034.06,25.77,-0.016509,-0.010242,,
1968.454001,0.010124,-0.05985,0.019152,-9.810612,-9.810813,0.003195,-0.00639,0.005325,99034.06,25.77,0.012187,0.018454,,
1968.464106,0.010105,-0.088578,0.026334,-9.834552,-9.834986,0,-0.00639,0.00213,99034.06,25.77,-0.011986,-0.005719,,
1968.474247,0.010141,-0.064638,0.026334,-9.824976,-9.825224,0.003195,-0.00426,0.001065,99034.06,25.77,-0.002224,0.004043,,
1968.484335,0.010089,-0.045486,0.014364,-9.8154,-9.815516,-0.00213,-0.005325,0.00213,99034.06,25.77,0.007484,0.013751,,
1968.495851,0.011516,-0.08379,0.007182,-9.820188,-9.820548,0.001065,-0.005325,0.003195,99034.06,25.77,0.002452,0.008719,,
1968.505968,0.010117,-0.069426,0.01197,-9.829764,-9.830016,0.00213,-0.00639,0.00213,99034.06,25.77,-0.007016,-0.000749,,
1968.516065,0.010097,-0.067032,-0.002394,-9.813006,-9.813235,0.001065,-0.003195,0.00213,99034.13,25.77,0.009765,0.016032,,
1968.526278,0.010213,-0.067032,0.019152,-9.832158,-9.832405,0.001065,-0.007455,0.001065,99034.13,25.77,-0.009405,-0.003138,,
1968.536377,0.010099,-0.090972,0.019152,-9.824976,-9.825416,0.00213,-0.00639,0.00426,99034.13,25.77,-0.002416,0.003851,,
1968.546468,0.010091,-0.067032,0.009576,-9.817794,-9.818028,0.00426,-0.007455,0.00213,99034.13,25.77,0.004972,0.011239,,
1968.556587,0.010119,-0.112518,0.038304,-9.808218,-9.808938,0.00213,-0.007455,0.00213,99034.13,25.77,0.014062,0.020329,,
1968.566678,0.010091,-0.07182,0.01197,-9.846522,-9.846791,0.001065,-0.00426,0,99034.13,25.77,-0.023791,-0.017524,,
1968.576797,0.010119,-0.038304,-0.02394,-9.822582,-9.822686,0,-0.005325,0.00213,99034.11,25.77,0.000314,0.006581,,
1968.586917,0.01012,-0.1197,0.03591,-9.83934,-9.840134,0.003195,-0.00426,0.003195,99034.11,25.77,-0.017134,-0.010867,,
1968.597023,0.010106,-0.074214,-0.002394,-9.82737,-9.827651,0.00213,0,0,99034.11,25.77,-0.004651,0.001616,,
1968.607108,0.010084,-0.069426,0.004788,-9.82737,-9.827616,0.00213,-0.005325,-0.001065,99034.11,25.77,-0.004616,0.001651,,
1968.617212,0.010104,-0.102942,0.028728,-9.80343,-9.804013,0.001065,-0.00426,0.001065,99034.11,25.77,0.018987,0.025254,,
1968.627318,0.010106,-0.076608,0.033516,-9.810612,-9.810968,0.001065,-0.00639,0.00213,99034.11,25.77,0.012032,0.018299,,
1968.63742,0.010103,-0.086184,-0.002394,-9.8154,-9.815779,0.00213,-0.003195,0.003195,99034,25.77,0.007221,0.013488,,
1968.647523,0.010103,-0.10773,0.014364,-9.810612,-9.811214,0.00213,-0.005325,0.00213,99034,25.77,0.011786,0.018053,,
1968.657623,0.0101,-0.090972,0.019152,-9.846522,-9.846961,0,-0.00639,0.00213,99034,25.77,-0.023961,-0.017694,,
1968.66771,0.010086,-0.062244,-0.009576,-9.808218,-9.80842,0.001065,-0.00639,0.00213,99034,25.77,0.01458,0.020847,,
1968.677854,0.010144,-0.090972,0.028728,-9.836946,-9.837409,0.00213,-0.007455,0.001065,99034,25.77,-0.014409,-0.008142,,
1968.687956,0.010102,-0.090972,0.014364,-9.80343,-9.803863,0,-0.00213,0.00213,99034,25.77,0.019137,0.025404,,
1968.698061,0.010106,-0.033516,0.002394,-9.832158,-9.832215,0,-0.005325,0,99034,25.77,-0.009215,-0.002948,,
1968.708176,0.010115,-0.067032,-0.007182,-9.772308,-9.772541,0.001065,-0.00639,0.001065,99033.86,25.77,0.050459,0.056726,,
1968.71828,0.010104,-0.040698,-0.002394,-9.868068,-9.868152,0.00213,-0.005325,0.00213,99033.86,25.77,-0.045152,-0.038885,,
1968.728379,0.010098,0.033516,-0.050274,-9.844128,-9.844313,0.001065,-0.005325,0.001065,99033.86,25.77,-0.021313,-0.015046,,
1968.738471,0.010093,-0.062244,-0.009576,-9.856098,-9.856299,0.00213,-0.009585,0.003195,99033.86,25.77,-0.033299,-0.027032,,
1968.748559,0.010088,-0.040698,-0.028728,-9.846522,-9.846648,0.00213,-0.001065,0.00426,99033.86,25.77,-0.023648,-0.017381,,
1968.75868,0.010121,-0.076608,0.019152,-9.824976,-9.825293,0.003195,-0.007455,0.00213,99033.86,25.77,-0.002293,0.003974,,
1968.768811,0.010132,-0.09576,0.045486,-9.822582,-9.823154,0,-0.005325,0.003195,99033.86,25.77,-0.000154,0.006113,,
1968.778911,0.0101,-0.10773,0.079002,-9.774702,-9.775615,0.00426,-0.00426,0.00213,99033.86,25.77,0.047385,0.053652,,
1968.789034,0.010124,-0.158004,0.067032,-9.789066,-9.790571,0.003195,-0.00426,0.00426,99033.86,25.77,0.032429,0.038696,,
1968.799138,0.010103,-0.15561,0.062244,-9.769914,-9.771351,0.00213,-0.005325,0.00426,99033.86,25.77,0.051649,0.057916,,
1968.809241,0.010103,-0.112518,0.04788,-9.80343,-9.804193,0.00213,-0.00426,0.00213,99033.86,25.77,0.018807,0.025074,,
1968.819336,0.010095,-0.088578,0.02394,-9.808218,-9.808647,0.001065,-0.00426,-0.00213,99033.86,25.77,0.014353,0.02062,,
1968.829459,0.010123,-0.079002,-0.007182,-9.844128,-9.844448,0.00213,-0.005325,0,99033.81,25.77,-0.021448,-0.015181,,
1968.83959,0.010131,-0.08379,-0.004788,-9.85131,-9.851667,0.00213,-0.00639,0,99033.81,25.77,-0.028667,-0.0224,,
1968.849671,0.010081,-0.079002,-0.016758,-9.801036,-9.801369,0.00213,-0.005325,0.00213,99033.81,25.77,0.021631,0.027898,,
1968.859814,0.010143,-0.038304,-0.031122,-9.853704,-9.853828,0.001065,-0.00639,0.001065,99033.81,25.77,-0.030828,-0.024561,,
1968.869917,0.010103,-0.076608,-0.019152,-9.817794,-9.818112,0.001065,-0.00639,0.001065,99033.81,25.77,0.004888,0.011155,,
1968.880025,0.010108,-0.09576,0.004788,-9.83934,-9.839807,-0.001065,-0.00639,0.00213,99033.81,25.77,-0.016807,-0.01054,,
1968.890224,0.010199,-0.050274,-0.028728,-9.83934,-9.83951,0.00213,-0.005325,0.00213,99033.81,25.77,-0.01651,-0.010243,,
1968.900355,0.010131,-0.033516,-0.043092,-9.848916,-9.849067,0.00213,-0.005325,0.003195,99033.94,25.77,-0.026067,-0.0198,,
1968.910446,0.010092,-0.028728,-0.038304,-9.848916,-9.849032,0.00213,-0.01065,0.00213,99033.94,25.77,-0.026032,-0.019765,,
1968.92081,0.010363,-0.057456,0.007182,-9.83934,-9.83951,0.001065,-0.003195,0.00213,99033.94,25.77,-0.01651,-0.010243,,
1968.930897,0.010088,-0.05985,-0.03591,-9.781884,-9.782133,0.001065,-0.005325,0.003195,99033.94,25.77,0.040867,0.047134,,
1968.942699,0.011802,-0.081396,-0.021546,-9.817794,-9.818155,0.00426,-0.005325,0.003195,99033.94,25.77,0.004845,0.011112,,
1968.954024,0.011325,-0.081396,0.021546,-9.798642,-9.799004,0.001065,-0.00639,0.00213,99033.89,25.77,0.023996,0.030263,,
1968.965033,0.011009,-0.07182,0.028728,-9.786672,-9.786978,0.00213,-0.00426,0.005325,99033.89,25.77,0.036022,0.042289,,
1968.976301,0.011268,-0.055062,0.026334,-9.860886,-9.861075,0.00213,-0.00639,0.003195,99033.89,25.77,-0.038075,-0.031808,,
1968.987472,0.01117,-0.081396,0.040698,-9.820188,-9.82061,0.00213,-0.005325,0.003195,99033.89,25.77,0.00239,0.008657,,
1968.997566,0.010095,-0.088578,0.040698,-9.832158,-9.832641,0,-0.00639,0.001065,99033.89,25.77,-0.009641,-0.003374,,
1969.007678,0.010111,-0.098154,0.043092,-9.817794,-9.818379,0.001065,-0.003195,0.00213,99033.89,25.77,0.004621,0.010888,,
1969.017788,0.01011,-0.098154,0.045486,-9.820188,-9.820784,0.00213,-0.007455,0.00426,99033.89,25.77,0.002216,0.008483,,
1969.027881,0.010093,-0.126882,0.055062,-9.801036,-9.802012,0.001065,-0.003195,0.00213,99033.71,25.77,0.020988,0.027255,,
1969.038007,0.010126,-0.165186,0.05985,-9.786672,-9.788249,0.00213,-0.00426,0.00213,99033.71,25.77,0.034751,0.041018,,
1969.048262,0.010255,-0.102942,0.052668,-9.813006,-9.813687,0.00426,-0.00639,0.001065,99033.71,25.77,0.009313,0.01558,,
1969.058354,0.010092,-0.09576,0.016758,-9.820188,-9.820669,0.00213,-0.00639,0.001065,99033.71,25.77,0.002331,0.008598,,
1969.068448,0.010094,-0.102942,0.014364,-9.832158,-9.832707,0.001065,-0.00852,0,99033.71,25.77,-0.009707,-0.00344,,
1969.078535,0.010087,-0.081396,-0.016758,-9.860886,-9.861236,0.00213,-0.00639,0.00213,99033.71,25.77,-0.038236,-0.031969,,
1969.088813,0.010278,-0.074214,0.016758,-9.829764,-9.830058,0.001065,-0.00639,0.001065,99033.71,25.77,-0.007058,-0.000791,,
1969.098914,0.010101,-0.045486,-0.038304,-9.822582,-9.822762,0.00426,-0.00639,0.00426,99033.71,25.77,0.000238,0.006505,,
1969.109002,0.010088,-0.088578,-0.028728,-9.79146,-9.791903,0.003195,-0.005325,0,99033.71,25.77,0.031097,0.037364,,
1969.1191,0.010098,-0.076608,0.01197,-9.820188,-9.820494,0.00213,-0.007455,0.00426,99033.71,25.77,0.002506,0.008773,,
1969.12918,0.01008,-0.102942,0.014364,-9.805824,-9.806375,0.00213,-0.00426,-0.00213,99033.71,25.77,0.016625,0.022892,,
1969.139376,0.010197,-0.074214,-0.009576,-9.77949,-9.779776,0,-0.007455,0.00213,99033.71,25.77,0.043224,0.049491,,
1969.14959,0.010214,-0.057456,-0.021546,-9.796248,-9.79644,0.001065,-0.005325,0.00213,99033.76,25.77,0.02656,0.032827,,
1969.159688,0.010098,-0.057456,-0.002394,-9.796248,-9.796417,0.00426,-0.003195,0.00213,99033.76,25.77,0.026583,0.03285,,
1969.169847,0.010159,-0.08379,-0.009576,-9.817794,-9.818156,0.001065,-0.007455,0.00426,99033.76,25.77,0.004844,0.011111,,
1969.179959,0.010112,-0.03591,-0.016758,-9.820188,-9.820268,0.00213,-0.003195,0.001065,99033.76,25.77,0.002732,0.008999,,
1969.190088,0.010128,-0.038304,-0.031122,-9.82737,-9.827494,0.003195,-0.00639,0.00426,99033.76,25.77,-0.004494,0.001773,,
1969.200661,0.010573,-0.076608,0.045486,-9.824976,-9.82538,0,-0.00426,0.00426,99033.76,25.77,-0.00238,0.003887,,
1969.21115,0.01049,-0.064638,0.016758,-9.808218,-9.808445,0.003195,-0.00639,0.00213,99033.67,25.77,0.014555,0.020822,,
1969.222288,0.011138,-0.079002,0.031122,-9.8154,-9.815767,0.001065,-0.00639,0.003195,99033.67,25.77,0.007233,0.0135,,
1969.233667,0.011379,-0.079002,0.019152,-9.822582,-9.822918,0.00213,-0.005325,0.00213,99033.67,25.77,8.2E-05,0.006349,,
1969.245171,0.011504,-0.088578,0.038304,-9.834552,-9.835025,0.003195,-0.005325,0.001065,99033.67,25.77,-0.012025,-0.005758,,
1969.255976,0.010805,-0.076608,0.021546,-9.824976,-9.825298,0.00213,-0.00426,0,99033.67,25.77,-0.002298,0.003969,,
1969.267024,0.011048,-0.074214,0.043092,-9.82737,-9.827745,0.003195,-0.003195,0.001065,99033.67,25.77,-0.004745,0.001522,,
1969.27825,0.011225,-0.093366,0.050274,-9.841734,-9.842305,0.001065,-0.00639,0.00213,99033.59,25.77,-0.019305,-0.013038,,
1969.289342,0.011092,-0.093366,0.026334,-9.817794,-9.818273,0.001065,-0.005325,0.001065,99033.59,25.77,0.004727,0.010994,,
1969.300533,0.011191,-0.076608,0.026334,-9.822582,-9.822916,0,-0.00639,0.00213,99033.59,25.77,8.4E-05,0.006351,,
1969.311813,0.011281,-0.117306,0.021546,-9.80343,-9.804155,0.00213,-0.00639,0,99033.59,25.77,0.018845,0.025112,,
1969.323029,0.011216,-0.10773,0.026334,-9.820188,-9.820814,-0.001065,-0.00426,0.001065,99033.59,25.77,0.002186,0.008453,,
1969.33421,0.011181,-0.102942,0.031122,-9.829764,-9.830352,0.001065,-0.005325,0,99033.59,25.77,-0.007352,-0.001085,,
1969.345302,0.011092,-0.074214,0.019152,-9.798642,-9.798942,0,-0.00426,0,99033.67,25.77,0.024058,0.030325,,
1969.356478,0.011176,-0.112518,0.019152,-9.820188,-9.820851,0,-0.00213,0.00213,99033.67,25.77,0.002149,0.008416,,
1969.368279,0.011801,-0.08379,0.004788,-9.817794,-9.818153,0,-0.00213,-0.001065,99033.67,25.77,0.004847,0.011114,,
1969.378912,0.010633,-0.033516,-0.067032,-9.822582,-9.822868,0,-0.003195,0.001065,99033.67,25.77,0.000132,0.006399,,
1969.390013,0.011102,-0.040698,-0.038304,-9.8154,-9.815559,0.001065,-0.00426,0.00213,99033.67,25.77,0.007441,0.013708,,
1969.401244,0.011231,-0.052668,-0.03591,-9.86328,-9.863486,0.003195,-0.005325,0.00213,99033.67,25.77,-0.040486,-0.034219,,
1969.412388,0.011144,-0.028728,-0.031122,-9.824976,-9.825067,0.003195,-0.00426,0.003195,99033.67,25.77,-0.002067,0.0042,,
1969.423769,0.011381,-0.10773,0.016758,-9.834552,-9.835156,0.001065,-0.00426,0.001065,99033.67,25.77,-0.012156,-0.005889,,
1969.434914,0.011145,-0.079002,-0.009576,-9.834552,-9.834874,0.003195,-0.005325,0.003195,99033.67,25.77,-0.011874,-0.005607,,
1969.44593,0.011016,-0.052668,-0.016758,-9.808218,-9.808374,0.001065,-0.003195,0.00426,99033.67,25.77,0.014626,0.020893,,
1969.457192,0.011261,-0.064638,0.004788,-9.810612,-9.810826,0.003195,-0.005325,0.00213,99033.67,25.77,0.012174,0.018441,,
1969.468296,0.011105,-0.052668,-0.009576,-9.836946,-9.837092,0,-0.00639,0.001065,99033.73,25.77,-0.014092,-0.007825,,
1969.479545,0.011248,-0.07182,-0.002394,-9.82737,-9.827633,0.00426,-0.005325,0.003195,99033.73,25.77,-0.004633,0.001634,,
1969.490723,0.011178,-0.086184,0.02394,-9.844128,-9.844534,0.00213,-0.005325,0.005325,99033.73,25.77,-0.021534,-0.015267,,
1969.501864,0.011141,-0.069426,0.031122,-9.813006,-9.813301,0.00213,-0.007455,0.00213,99033.73,25.77,0.009699,0.015966,,
1969.513107,0.011243,-0.088578,0.03591,-9.805824,-9.80629,0.00213,-0.00639,0.00426,99033.73,25.77,0.01671,0.022977,,
1969.524549,0.011442,-0.086184,0.040698,-9.79146,-9.791924,0.003195,-0.005325,0.00213,99033.7,25.77,0.031076,0.037343,,
1969.535568,0.011019,-0.055062,0.026334,-9.796248,-9.796438,-0.001065,-0.003195,0.001065,99033.7,25.77,0.026562,0.032829,,
1969.546663,0.011095,-0.079002,0.028728,-9.820188,-9.820548,0.003195,-0.007455,0.00213,99033.7,25.77,0.002452,0.008719,,
1969.557792,0.011129,-0.074214,0.028728,-9.810612,-9.810935,0,-0.00426,0,99033.7,25.77,0.012065,0.018332,,
1969.568974,0.011182,-0.069426,0.03591,-9.836946,-9.837257,0.001065,-0.00639,0.001065,99033.7,25.77,-0.014257,-0.00799,,
1969.580236,0.011262,-0.079002,0.019152,-9.832158,-9.832494,0.00426,-0.00213,0.001065,99033.7,25.77,-0.009494,-0.003227,,
1969.591407,0.011171,-0.098154,0.026334,-9.824976,-9.825502,0.001065,-0.003195,0,99033.73,25.77,-0.002502,0.003765,,
1969.602598,0.011191,-0.105336,0.038304,-9.796248,-9.796889,0.00213,-0.00639,0.003195,99033.73,25.77,0.026111,0.032378,,
1969.613745,0.011147,-0.098154,0.009576,-9.829764,-9.830259,0.00213,-0.00639,0.003195,99033.73,25.77,-0.007259,-0.000992,,
1969.624965,0.01122,-0.076608,-0.021546,-9.813006,-9.813329,0,-0.00426,0.00213,99033.73,25.77,0.009671,0.015938,,
1969.636813,0.011849,-0.069426,-0.028728,-9.810612,-9.8109,0.00213,-0.005325,0.001065,99033.73,25.77,0.0121,0.018367,,
1969.647323,0.010509,-0.076608,-0.031122,-9.841734,-9.842081,0.00213,-0.00213,0.001065,99033.73,25.77,-0.019081,-0.012814,,
1969.658497,0.011175,-0.05985,-0.02394,-9.824976,-9.825187,0.00213,-0.005325,0.001065,99033.62,25.77,-0.002187,0.00408,,
1969.669693,0.011196,-0.074214,-0.043092,-9.829764,-9.830139,0.001065,-0.005325,0.003195,99033.62,25.77,-0.007139,-0.000872,,
1969.680819,0.011126,-0.050274,0.007182,-9.824976,-9.825107,0.00426,-0.007455,0.003195,99033.62,25.77,-0.002107,0.00416,,
1969.692044,0.011224,-0.05985,0.021546,-9.846522,-9.846727,0.00213,-0.00639,0.001065,99033.62,25.77,-0.023727,-0.01746,,
1969.703237,0.011194,-0.076608,0.028728,-9.789066,-9.789408,0.001065,-0.00213,0.00213,99033.62,25.77,0.033592,0.039859,,
1969.714494,0.011257,-0.074214,0.01197,-9.824976,-9.825264,0.00213,-0.005325,0.00213,99033.62,25.77,-0.002264,0.004003,,
1969.725617,0.011123,-0.074214,0.007182,-9.848916,-9.849198,0.001065,-0.003195,0,99033.62,25.77,-0.026198,-0.019931,,
1969.736738,0.011121,-0.07182,-0.009576,-9.832158,-9.832425,0,-0.003195,0.003195,99033.62,25.77,-0.009425,-0.003158,,
1969.747969,0.011231,-0.076608,0.016758,-9.820188,-9.820501,0,-0.00639,0.00426,99033.62,25.77,0.002499,0.008766,,
1969.75915,0.011181,-0.074214,0.021546,-9.796248,-9.796553,0.00213,-0.003195,0.00213,99033.62,25.77,0.026447,0.032714,,
1969.770344,0.011195,-0.055062,0.03591,-9.836946,-9.837166,0.001065,-0.005325,0.00213,99033.62,25.77,-0.014166,-0.007899,,
1969.781494,0.011149,-0.05985,0.021546,-9.810612,-9.810818,0,-0.00426,0.001065,99033.52,25.77,0.012182,0.018449,,
1969.792663,0.011169,-0.08379,0.01197,-9.80343,-9.803795,0.001065,-0.00852,0.003195,99033.52,25.77,0.019205,0.025472,,
1969.803919,0.011256,-0.081396,0.062244,-9.844128,-9.844661,0.001065,-0.00426,0.001065,99033.52,25.77,-0.021661,-0.015394,,
1969.815138,0.011219,-0.03591,0.03591,-9.813006,-9.813137,0.00213,-0.005325,0.00213,99033.52,25.77,0.009863,0.01613,,
1969.826241,0.011103,-0.064638,0.028728,-9.813006,-9.813261,0.00213,-0.00639,0.001065,99033.52,25.77,0.009739,0.016006,,
1969.837424,0.011183,-0.100548,0.01197,-9.817794,-9.818316,0.003195,-0.007455,0.003195,99033.52,25.77,0.004684,0.010951,,
1969.84859,0.011166,-0.067032,0,-9.82737,-9.827599,-0.001065,-0.00213,0,99033.41,25.77,-0.004599,0.001668,,
1969.859847,0.011256,-0.112518,0.021546,-9.8154,-9.816069,0.00426,-0.003195,0.003195,99033.41,25.77,0.006931,0.013198,,
1969.870991,0.011145,-0.081396,-0.05985,-9.829764,-9.830283,0.003195,-0.003195,0.001065,99033.41,25.77,-0.007283,-0.001016,,
1969.882267,0.011276,-0.141246,-0.004788,-9.85131,-9.852324,0.00213,-0.00852,0,99033.41,25.77,-0.029324,-0.023057,,
1969.893438,0.011171,-0.08379,-0.007182,-9.853704,-9.854063,0.001065,-0.00213,0,99033.41,25.77,-0.031063,-0.024796,,
1969.904499,0.011061,-0.004788,-0.043092,-9.8154,-9.815496,0.00213,-0.005325,0.00213,99033.36,25.77,0.007504,0.013771,,
1969.915898,0.011399,-0.129276,-0.002394,-9.813006,-9.813858,0.00426,-0.00639,0.001065,99033.36,25.77,0.009142,0.015409,,
1969.926937,0.011039,-0.07182,-0.01197,-9.85131,-9.851579,0,-0.001065,0.001065,99033.36,25.77,-0.028579,-0.022312,,
1969.938093,0.011156,-0.038304,-0.014364,-9.80343,-9.803515,0.001065,-0.007455,0.00213,99033.36,25.77,0.019485,0.025752,,
1969.949289,0.011196,-0.110124,0.007182,-9.810612,-9.811233,0.001065,-0.005325,0.00213,99033.36,25.77,0.011767,0.018034,,
1969.960453,0.011164,-0.079002,-0.03591,-9.801036,-9.80142,0.001065,-0.003195,0.00213,99033.36,25.77,0.02158,0.027847,,
1969.971658,0.011204,-0.086184,0.009576,-9.810612,-9.810995,0.001065,-0.00426,0.003195,99033.3,25.77,0.012005,0.018272,,
1969.982845,0.011187,-0.069426,0.002394,-9.83934,-9.839585,0.00213,-0.005325,0.005325,99033.3,25.77,-0.016585,-0.010318,,
1969.994017,0.011172,-0.069426,0.016758,-9.817794,-9.818054,-0.001065,-0.005325,0.00213,99033.3,25.77,0.004946,0.011213,,
1970.005196,0.011179,-0.09576,0.021546,-9.832158,-9.832648,0,-0.00426,0.003195,99033.3,25.77,-0.009648,-0.003381,,
1970.016361,0.011166,-0.074214,0.057456,-9.8154,-9.815849,0.003195,-0.003195,0.003195,99033.3,25.77,0.007151,0.013418,,
1970.027582,0.011221,-0.052668,0.014364,-9.801036,-9.801188,0,-0.003195,0.001065,99033.3,25.77,0.021812,0.028079,,
1970.038803,0.011221,-0.098154,0.026334,-9.829764,-9.830289,0.001065,-0.00426,0,99033.3,25.77,-0.007289,-0.001022,,
1970.049929,0.011125,-0.08379,0.045486,-9.832158,-9.83262,0.00213,-0.00213,0.00213,99033.3,25.77,-0.00962,-0.003353,,
1970.06111,0.011181,-0.019152,0.007182,-9.824976,-9.824997,0.00213,-0.005325,0.00426,99033.3,25.77,-0.001997,0.00427,,
1970.072293,0.011183,-0.079002,0.028728,-9.82737,-9.82773,0.00213,-0.00639,0.001065,99033.3,25.77,-0.00473,0.001537,,
1970.08363,0.011338,-0.07182,0.007182,-9.781884,-9.78215,0.00213,-0.00426,0,99033.3,25.77,0.04085,0.047117,,
1970.094837,0.011207,-0.050274,0.021546,-9.793854,-9.794007,0.00213,-0.00426,0.003195,99033.3,25.77,0.028993,0.03526,,
1970.105845,0.011008,-0.090972,0.01197,-9.810612,-9.811041,0.00213,-0.007455,0.003195,99033.15,25.77,0.011959,0.018226,,
1970.117042,0.011197,-0.04788,0.004788,-9.817794,-9.817912,0.003195,-0.00639,0.00426,99033.15,25.77,0.005088,0.011355,,
1970.128193,0.011151,-0.086184,-0.01197,-9.832158,-9.832543,0.00213,-0.005325,-0.001065,99033.15,25.77,-0.009543,-0.003276,,
1970.139609,0.011416,-0.069426,-0.009576,-9.841734,-9.841984,0.00426,-0.005325,0.00213,99033.15,25.77,-0.018984,-0.012717,,
1970.150633,0.011024,-0.076608,-0.009576,-9.856098,-9.8564,0.00213,-0.00426,0.003195,99033.15,25.77,-0.0334,-0.027133,,
1970.161768,0.011134,-0.100548,0.01197,-9.83934,-9.839861,0,-0.005325,0.003195,99033.09,25.77,-0.016861,-0.010594,,
1970.171901,0.010133,-0.069426,-0.01197,-9.856098,-9.85635,0.001065,-0.00426,0.001065,99033.09,25.77,-0.03335,-0.027083,,
1970.182006,0.010105,-0.050274,-0.009576,-9.848916,-9.849049,0.003195,-0.00426,0.003195,99033.09,25.77,-0.026049,-0.019782,,
1970.192081,0.010075,-0.086184,0.009576,-9.829764,-9.830146,0.00213,-0.007455,0.00213,99033.09,25.77,-0.007146,-0.000879,,
1970.202241,0.01016,-0.076608,-0.009576,-9.8154,-9.815704,0.00213,-0.00852,0.00426,99033.09,25.77,0.007296,0.013563,,
1970.212336,0.010095,-0.098154,-0.016758,-9.801036,-9.801542,0,-0.00639,0.005325,99033.09,25.77,0.021458,0.027725,,
1970.222447,0.010111,-0.076608,0.009576,-9.822582,-9.822885,0.001065,-0.00426,0,99032.95,25.77,0.000115,0.006382,,
1970.232563,0.010117,-0.076608,-0.019152,-9.832158,-9.832475,0.003195,-0.00639,0.00213,99032.95,25.77,-0.009475,-0.003208,,
1970.242658,0.010095,-0.093366,0.002394,-9.8154,-9.815844,0.001065,-0.00426,0.00213,99032.95,25.77,0.007156,0.013423,,
1970.252785,0.010126,-0.100548,0.021546,-9.8154,-9.815939,0.00213,-0.00426,0.00213,99032.95,25.77,0.007061,0.013328,,
1970.262881,0.010097,-0.093366,0.009576,-9.796248,-9.796698,0.001065,-0.005325,0.00213,99032.95,25.77,0.026302,0.032569,,
1970.273661,0.010779,-0.090972,0.03591,-9.813006,-9.813493,0.00213,-0.005325,0.001065,99032.95,25.77,0.009507,0.015774,,
1970.285094,0.011433,-0.074214,0.02394,-9.8154,-9.81571,0,-0.005325,0,99032.95,25.77,0.00729,0.013557,,
1970.296102,0.011008,-0.086184,0.026334,-9.858492,-9.858904,0.003195,-0.005325,0.00213,99032.93,25.77,-0.035904,-0.029637,,
1970.307218,0.011116,-0.08379,0.040698,-9.813006,-9.813448,0.00213,-0.00426,0.00213,99032.93,25.77,0.009552,0.015819,,
1970.318374,0.011156,-0.03591,0.007182,-9.860886,-9.860954,0.001065,-0.001065,0.001065,99032.93,25.77,-0.037954,-0.031687,,
1970.329575,0.011201,-0.105336,0.028728,-9.834552,-9.835158,0.001065,-0.003195,0.001065,99032.93,25.77,-0.012158,-0.005891,,
1970.340706,0.011131,-0.04788,0.009576,-9.856098,-9.856219,0.003195,-0.007455,0.001065,99032.93,25.77,-0.033219,-0.026952,,
1970.350787,0.010082,-0.05985,0.01197,-9.868068,-9.868257,0.003195,-0.00639,0,99032.93,25.77,-0.045257,-0.03899,,
1970.360922,0.010135,-0.057456,0,-9.858492,-9.858659,0.00213,-0.005325,0.001065,99032.93,25.77,-0.035659,-0.029392,,
1970.371022,0.0101,-0.08379,0.01197,-9.896796,-9.897158,0.00213,-0.00639,0.00213,99032.93,25.77,-0.074158,-0.067891,,
1970.381107,0.010085,-0.079002,-0.014364,-9.872856,-9.873183,0,-0.003195,-0.001065,99032.93,25.77,-0.050183,-0.043916,,
1970.391197,0.010089,-0.055062,-0.002394,-9.889614,-9.889768,0.00426,-0.00639,0.001065,99032.93,25.77,-0.066768,-0.060501,,
1970.40131,0.010113,-0.043092,-0.01197,-9.906372,-9.906473,0.001065,-0.005325,0.003195,99032.93,25.77,-0.083473,-0.077206,,
1970.411408,0.010098,-0.08379,-0.02394,-9.868068,-9.868453,0.00213,-0.00426,0.003195,99032.93,25.77,-0.045453,-0.039186,,
1970.421502,0.010094,-0.043092,-0.014364,-9.908766,-9.90887,0.00213,-0.00426,0.00213,99033,25.77,-0.08587,-0.079603,,
1970.431603,0.010101,-0.050274,-0.004788,-9.892008,-9.892137,0.003195,-0.005325,0.003195,99033,25.77,-0.069137,-0.06287,,
1970.442423,0.01082,-0.04788,-0.007182,-9.906372,-9.90649,0.001065,-0.00639,0.00213,99033,25.77,-0.08349,-0.077223,,
1970.452667,0.010244,-0.086184,0.002394,-9.906372,-9.906747,0.003195,-0.005325,0.00213,99033,25.77,-0.083747,-0.07748,,
1970.463821,0.011154,-0.093366,0.01197,-9.944676,-9.945121,0,-0.003195,0.00213,99033,25.77,-0.122121,-0.115854,,
1970.47508,0.011259,-0.074214,0.026334,-9.949464,-9.949776,0,-0.00639,0.00426,99033,25.77,-0.126776,-0.120509,,
1970.486105,0.011026,-0.098154,0.016758,-9.942282,-9.942781,0,-0.00426,-0.001065,99033.04,25.77,-0.119781,-0.113514,,
1970.497448,0.011343,-0.129276,0.009576,-9.951858,-9.952702,0.00213,-0.00426,0.001065,99033.04,25.77,-0.129702,-0.123435,,
1970.508502,0.011054,-0.07182,0.009576,-9.951858,-9.952122,0,-0.005325,0.003195,99033.04,25.77,-0.129122,-0.122855,,
1970.519694,0.011191,-0.117306,0.028728,-9.937494,-9.938228,0.003195,-0.00639,0.001065,99033.04,25.77,-0.115228,-0.108961,,
1970.530937,0.011244,-0.090972,0,-9.961434,-9.961849,0.00213,-0.007455,0.00213,99033.04,25.77,-0.138849,-0.132582,,
1970.54209,0.011153,-0.08379,0.03591,-9.973404,-9.973821,-0.001065,-0.003195,0,99033.09,25.77,-0.150821,-0.144554,,
1970.55325,0.011159,-0.086184,0.004788,-9.997344,-9.997717,0.00213,-0.005325,0.003195,99033.09,25.77,-0.174717,-0.16845,,
1970.564413,0.011164,-0.105336,0.019152,-9.999738,-10.000311,0.00426,-0.005325,0.00213,99033.09,25.77,-0.177311,-0.171044,,
1970.575742,0.011329,-0.08379,0.016758,-10.004526,-10.004891,0.001065,-0.003195,0.00213,99033.09,25.77,-0.181891,-0.175624,,
1970.586814,0.011072,-0.052668,0.009576,-10.009314,-10.009457,0.00213,-0.007455,-0.001065,99033.09,25.77,-0.186457,-0.18019,,
1970.597961,0.011147,-0.07182,0.007182,-9.990162,-9.990423,0,-0.00426,-0.001065,99033.09,25.77,-0.167423,-0.161156,,
1970.609179,0.011218,-0.081396,-0.01197,-10.035648,-10.035985,0.003195,-0.00639,0.003195,99033.09,25.77,-0.212985,-0.206718,,
1970.620328,0.011148,-0.074214,0.004788,-10.009314,-10.00959,0.00213,-0.00426,0.003195,99033.09,25.77,-0.18659,-0.180323,,
1970.631573,0.011246,-0.076608,-0.002394,-10.016496,-10.016789,0.00213,-0.00426,0.001065,99033.09,25.77,-0.193789,-0.187522,,
1970.642849,0.011276,-0.062244,-0.01197,-10.059588,-10.059788,0.003195,-0.00639,0.00426,99033.09,25.77,-0.236788,-0.230521,,
1970.653902,0.011053,-0.08379,0.009576,-10.061982,-10.062335,0.001065,-0.00852,0.00213,99033.09,25.77,-0.239335,-0.233068,,
1970.665076,0.011174,-0.079002,0.016758,-10.059588,-10.059912,0.003195,-0.007455,0.00213,99033.09,25.77,-0.236912,-0.230645,,
1970.676451,0.011376,-0.050274,-0.016758,-10.085922,-10.086061,0.003195,-0.005325,0.001065,99033.09,25.77,-0.263061,-0.256794,,
1970.687537,0.011085,-0.081396,-0.004788,-10.083528,-10.083858,0.003195,-0.005325,0.00213,99033.09,25.77,-0.260858,-0.254591,,
1970.698654,0.011118,-0.076608,0.014364,-10.095498,-10.095799,0.001065,-0.005325,0.00213,99033.09,25.77,-0.272799,-0.266532,,
1970.709828,0.011174,-0.08379,0.004788,-10.093104,-10.093453,0.001065,-0.00213,0.001065,99033.09,25.77,-0.270453,-0.264186,,
1970.721038,0.011209,-0.102942,0.009576,-10.09071,-10.09124,0.001065,-0.00426,0.00426,99033.09,25.77,-0.26824,-0.261973,,
1970.732336,0.011298,-0.093366,0.016758,-10.109862,-10.110307,0.00213,-0.005325,0.003195,99033.22,25.77,-0.287307,-0.28104,,
1970.743396,0.01106,-0.105336,0.01197,-10.112256,-10.112812,-0.001065,-0.00639,0,99033.22,25.77,-0.289812,-0.283545,,
1970.75476,0.011364,-0.08379,0.004788,-10.07874,-10.079089,0.00213,-0.005325,0.00213,99033.22,25.77,-0.256089,-0.249822,,
1970.765885,0.011126,-0.090972,-0.002394,-10.071558,-10.071969,-0.001065,-0.003195,0.001065,99033.22,25.77,-0.248969,-0.242702,,
1970.776942,0.011056,-0.07182,0.009576,-10.076346,-10.076606,0.00213,-0.00639,0.001065,99033.22,25.77,-0.253606,-0.247339,,
1970.788285,0.011344,-0.08379,0.014364,-10.109862,-10.110219,0,-0.005325,0.003195,99033.22,25.77,-0.287219,-0.280952,,
1970.799333,0.011048,-0.093366,0.02394,-10.088316,-10.088776,0.00213,-0.003195,0.00213,99033.22,25.77,-0.265776,-0.259509,,
1970.810556,0.011223,-0.074214,0.019152,-10.109862,-10.110153,0.001065,-0.00426,0.00213,99033.22,25.77,-0.287153,-0.280886,,
1970.82176,0.011204,-0.117306,0.009576,-10.109862,-10.110547,0.003195,-0.005325,0.00213,99033.22,25.77,-0.287547,-0.28128,,
1970.832826,0.011065,-0.093366,0.03591,-10.112256,-10.112751,0.003195,-0.005325,0.003195,99033.22,25.77,-0.289751,-0.283484,,
1970.84411,0.011285,-0.102942,-0.009576,-10.109862,-10.110391,0,-0.00639,0,99033.22,25.77,-0.287391,-0.281124,,
1970.855334,0.011224,-0.090972,0.007182,-10.10268,-10.103092,0.00213,-0.00426,0.001065,99033.22,25.77,-0.280092,-0.273825,,
1970.866435,0.0111,-0.057456,-0.007182,-10.109862,-10.110028,0,-0.003195,0,99033.11,25.77,-0.287028,-0.280761,,
1970.877668,0.011233,-0.07182,0.007182,-10.109862,-10.11012,0.00213,-0.00639,0.003195,99033.11,25.77,-0.28712,-0.280853,,
1970.888786,0.011118,-0.100548,-0.002394,-10.131408,-10.131907,0.00213,-0.005325,0.001065,99033.11,25.77,-0.308907,-0.30264,,
1970.899955,0.011169,-0.057456,0.004788,-10.136196,-10.13636,0.00426,-0.00639,0.00213,99033.11,25.77,-0.31336,-0.307093,,
1970.911193,0.011238,-0.07182,0.002394,-10.143378,-10.143633,0.00213,-0.005325,0.003195,99033.11,25.77,-0.320633,-0.314366,,
1970.922403,0.01121,-0.050274,-0.002394,-10.140984,-10.141109,0.003195,-0.005325,0,99033.11,25.77,-0.318109,-0.311842,,
1970.93361,0.011207,-0.067032,-0.002394,-10.140984,-10.141206,0.005325,-0.007455,0.00213,99033.08,25.77,-0.318206,-0.311939,,
1970.944721,0.011111,-0.067032,0.007182,-10.18647,-10.186693,0.00213,-0.00639,0.00213,99033.08,25.77,-0.363693,-0.357426,,
1970.955938,0.011217,-0.052668,0.004788,-10.1745,-10.174637,0.003195,-0.00639,0.00213,99033.08,25.77,-0.351637,-0.34537,,
1970.967043,0.011104,-0.055062,-0.004788,-10.188864,-10.189014,0.001065,-0.007455,0.001065,99033.08,25.77,-0.366014,-0.359747,,
1970.978288,0.011245,-0.055062,0.01197,-10.18647,-10.186626,0.001065,-0.00426,0.00426,99033.08,25.77,-0.363626,-0.357359,,
1970.989563,0.011275,-0.086184,-0.004788,-10.188864,-10.18923,0,-0.005325,-0.00213,99033.01,25.77,-0.36623,-0.359963,,
1971.000632,0.011069,-0.067032,0.016758,-10.196046,-10.19628,0.00213,-0.007455,0.00426,99033.01,25.77,-0.37328,-0.367013,,
1971.011915,0.011283,-0.05985,0.002394,-10.21041,-10.210586,0.001065,-0.00426,0,99033.01,25.77,-0.387586,-0.381319,,
1971.023017,0.011101,-0.105336,0.014364,-10.227168,-10.227721,0,-0.007455,0.00213,99033.01,25.77,-0.404721,-0.398454,,
1971.034329,0.011312,-0.08379,0.014364,-10.212804,-10.213158,0.003195,-0.00213,0.00213,99033.01,25.77,-0.390158,-0.383891,,
1971.045433,0.011104,-0.08379,0.028728,-10.229562,-10.229945,0.00213,-0.00639,0.003195,99033.01,25.77,-0.406945,-0.400678,,
1971.056607,0.011174,-0.086184,0.014364,-10.227168,-10.227541,-0.001065,-0.005325,0.00213,99033.01,25.77,-0.404541,-0.398274,,
1971.068321,0.011714,-0.09576,0.021546,-10.251108,-10.251578,0.00426,-0.003195,0,99033.01,25.77,-0.428578,-0.422311,,
1971.078953,0.010631,-0.100548,0.01197,-10.229562,-10.230063,0.005325,-0.007455,0.00213,99033.01,25.77,-0.407063,-0.400796,,
1971.090227,0.011275,-0.086184,0.02394,-10.23435,-10.234741,0.003195,-0.00639,0.001065,99033.01,25.77,-0.411741,-0.405474,,
1971.101414,0.011187,-0.10773,0.02394,-10.255896,-10.25649,0.005325,-0.005325,0.003195,99033.01,25.77,-0.43349,-0.427223,,
1971.113009,0.011595,-0.069426,-0.004788,-10.272654,-10.27289,0,-0.00426,0.001065,99033.01,25.77,-0.44989,-0.443623,,
1971.123738,0.010729,-0.064638,-0.016758,-10.28223,-10.282447,0,-0.003195,0.001065,99032.93,25.77,-0.459447,-0.45318,,
1971.135038,0.011301,-0.081396,-0.004788,-10.291806,-10.292129,0.001065,-0.007455,0.003195,99032.93,25.77,-0.469129,-0.462862,,
1971.146192,0.011154,-0.1197,0.004788,-10.2942,-10.294897,0.001065,-0.007455,0.001065,99032.93,25.77,-0.471897,-0.46563,,
1971.157213,0.011021,-0.09576,-0.01197,-10.28223,-10.282683,0.001065,-0.007455,0.00213,99032.93,25.77,-0.459683,-0.453416,,
1971.168378,0.011165,-0.098154,-0.004788,-10.279836,-10.280306,0.00213,-0.00852,0,99032.93,25.77,-0.457306,-0.451039,,
1971.179681,0.011303,-0.08379,-0.016758,-10.320534,-10.320888,0,-0.003195,-0.001065,99033.03,25.77,-0.497888,-0.491621,,
1971.190884,0.011204,-0.110124,0,-10.315746,-10.316334,0.001065,-0.003195,0.003195,99033.03,25.77,-0.493334,-0.487067,,
1971.20212,0.011235,-0.045486,0.002394,-10.322928,-10.323028,0.00213,-0.005325,0.00213,99033.03,25.77,-0.500028,-0.493761,,
1971.213114,0.010995,-0.098154,0.004788,-10.303776,-10.304245,0.001065,-0.005325,0.001065,99033.03,25.77,-0.481245,-0.474978,,
1971.224377,0.011263,-0.07182,0,-10.315746,-10.315996,0,-0.003195,0.00426,99033.03,25.77,-0.492996,-0.486729,,
1971.235822,0.011445,-0.064638,0.004788,-10.327716,-10.327919,0.003195,-0.00426,0.003195,99033.03,25.77,-0.504919,-0.498652,,
1971.246796,0.010974,-0.055062,0.01197,-10.296594,-10.296748,-0.001065,-0.00426,0.00213,99033.03,25.77,-0.473748,-0.467481,,
1971.257914,0.011119,-0.08379,-0.007182,-10.349262,-10.349604,0.001065,-0.005325,0.003195,99033.03,25.77,-0.526604,-0.520337,,
1971.269048,0.011134,-0.079002,-0.004788,-10.344474,-10.344777,0,-0.00426,0.001065,99033.03,25.77,-0.521777,-0.51551,,
1971.280284,0.011236,-0.064638,0.01197,-10.346868,-10.347077,0.003195,-0.007455,0.00213,99033.03,25.77,-0.524077,-0.51781,,
1971.291469,0.011185,-0.07182,0.004788,-10.370808,-10.371058,0.00213,-0.00639,0.00213,99033.03,25.77,-0.548058,-0.541791,,
1971.302647,0.011178,-0.081396,-0.004788,-10.308564,-10.308886,0.001065,-0.00639,0.00213,99033.03,25.77,-0.485886,-0.479619,,
1971.314006,0.011358,-0.09576,0.009576,-10.35405,-10.354497,0,-0.00426,0.001065,99033.09,25.76,-0.531497,-0.52523,,
1971.325117,0.011111,-0.09576,0.016758,-10.322928,-10.323386,0.00213,-0.005325,0.00213,99033.09,25.76,-0.500386,-0.494119,,
1971.336305,0.011188,-0.09576,0.002394,-10.320534,-10.320979,0.003195,-0.00426,0.003195,99033.09,25.76,-0.497979,-0.491712,,
1971.347415,0.01111,-0.08379,0.02394,-10.301382,-10.301751,0.003195,-0.005325,0.00426,99033.09,25.76,-0.478751,-0.472484,,
1971.358576,0.011161,-0.079002,0.03591,-10.327716,-10.328081,0.001065,-0.00426,0.003195,99033.09,25.76,-0.505081,-0.498814,,
1971.369807,0.01123,-0.045486,-0.004788,-10.337292,-10.337393,0.001065,-0.00426,0.003195,99033.09,25.76,-0.514393,-0.508126,,
1971.380944,0.011137,-0.086184,0.007182,-10.33011,-10.330472,0.001065,-0.005325,0.005325,99033.09,25.76,-0.507472,-0.501205,,
1971.392191,0.011247,-0.112518,0.016758,-10.315746,-10.316373,0.001065,-0.005325,0.003195,99033.09,25.76,-0.493373,-0.487106,,
1971.402388,0.010197,-0.100548,-0.002394,-10.332504,-10.332993,0.001065,-0.003195,0.00213,99033.09,25.76,-0.509993,-0.503726,,
1971.412499,0.010111,-0.093366,0.01197,-10.301382,-10.301812,0,-0.00426,0,99033.09,25.76,-0.478812,-0.472545,,
1971.422589,0.010089,-0.100548,0.004788,-10.325322,-10.325813,0.00213,-0.005325,0.00213,99033.09,25.76,-0.502813,-0.496546,,
1971.432689,0.0101,-0.076608,0.009576,-10.301382,-10.301671,0.00213,-0.00639,0.001065,99033.09,25.76,-0.478671,-0.472404,,
1971.442799,0.01011,-0.062244,0.002394,-10.31814,-10.318328,0.00426,-0.00426,0.001065,99033.15,25.76,-0.495328,-0.489061,,
1971.452883,0.010083,-0.100548,-0.019152,-10.310958,-10.311466,0.003195,-0.007455,0.003195,99033.15,25.76,-0.488466,-0.482199,,
1971.462964,0.010081,-0.093366,-0.019152,-10.33011,-10.33055,-0.001065,-0.00639,0.001065,99033.15,25.76,-0.50755,-0.501283,,
1971.473123,0.01016,-0.076608,-0.002394,-10.313352,-10.313637,0.001065,-0.007455,0.00213,99033.15,25.76,-0.490637,-0.48437,,
1971.48322,0.010097,-0.114912,0.004788,-10.31814,-10.318781,0.001065,-0.00639,-0.001065,99033.15,25.76,-0.495781,-0.489514,,
1971.493354,0.010134,-0.081396,0.004788,-10.33011,-10.330432,0.001065,-0.00426,0.00426,99033.15,25.76,-0.507432,-0.501165,,
1971.504056,0.010702,-0.105336,-0.007182,-10.313352,-10.313892,0.00213,-0.00639,0.003195,99033.04,25.76,-0.490892,-0.484625,,
1971.515256,0.011201,-0.055062,0.019152,-10.287018,-10.287183,0.00213,-0.005325,0.00213,99033.04,25.76,-0.464183,-0.457916,,
1971.526343,0.011087,-0.090972,0.009576,-10.320534,-10.320939,0,-0.00639,0.00213,99033.04,25.76,-0.497939,-0.491672,,
1971.537487,0.011143,-0.088578,0.01197,-10.313352,-10.313739,0.00426,-0.00639,0.00213,99033.04,25.76,-0.490739,-0.484472,,
1971.548893,0.011406,-0.081396,0.01197,-10.320534,-10.320862,0,-0.00426,0.00426,99033.04,25.76,-0.497862,-0.491595,,
1971.559918,0.011025,-0.067032,0.007182,-10.337292,-10.337512,0.001065,-0.00639,0.001065,99033.04,25.76,-0.514512,-0.508245,,
1971.571073,0.011155,-0.090972,0.007182,-10.308564,-10.308968,0,-0.005325,0.003195,99032.9,25.76,-0.485968,-0.479701,,
1971.582313,0.01124,-0.09576,0.014364,-10.289412,-10.289868,0,-0.005325,0.00213,99032.9,25.76,-0.466868,-0.460601,,
1971.593518,0.011205,-0.076608,0.007182,-10.322928,-10.323215,0.003195,-0.005325,0.001065,99032.9,25.76,-0.500215,-0.493948,,
1971.604594,0.011076,-0.086184,0.031122,-10.303776,-10.304183,0.003195,-0.005325,0.003195,99032.9,25.76,-0.481183,-0.474916,,
1971.615945,0.011351,-0.074214,0.026334,-10.284624,-10.284925,0,-0.00639,0.003195,99032.9,25.76,-0.461925,-0.455658,,
1971.627028,0.011083,-0.076608,-0.01197,-10.296594,-10.296886,0.00213,-0.00639,0.003195,99032.9,25.76,-0.473886,-0.467619,,
1971.63818,0.011152,-0.081396,0.033516,-10.303776,-10.304152,0.001065,-0.00426,0.00213,99032.96,25.76,-0.481152,-0.474885,,
1971.649325,0.011145,-0.081396,0.026334,-10.310958,-10.311313,-0.001065,-0.005325,0.003195,99032.96,25.76,-0.488313,-0.482046,,
1971.660521,0.011196,-0.062244,0.007182,-10.303776,-10.303967,0.00213,-0.00426,0.00426,99032.96,25.76,-0.480967,-0.4747,,
1971.671694,0.011173,-0.074214,0.045486,-10.310958,-10.311325,0.00213,-0.00426,0.003195,99032.96,25.76,-0.488325,-0.482058,,
1971.682905,0.01121,-0.098154,0.021546,-10.310958,-10.311448,0.001065,-0.007455,0,99032.96,25.76,-0.488448,-0.482181,,
1971.694107,0.011202,-0.05985,0.028728,-10.313352,-10.313566,0.00213,-0.005325,0.001065,99032.96,25.77,-0.490566,-0.484299,,
1971.705262,0.011155,-0.081396,0.026334,-10.298988,-10.299343,0.00213,-0.007455,-0.00213,99032.96,25.77,-0.476343,-0.470076,,
1971.71645,0.011188,-0.090972,0.007182,-10.301382,-10.301786,0.003195,-0.00426,0,99032.96,25.77,-0.478786,-0.472519,,
1971.727607,0.011158,-0.086184,0.004788,-10.332504,-10.332865,0.003195,-0.00426,0.00213,99032.96,25.77,-0.509865,-0.503598,,
1971.738809,0.011202,-0.098154,0.014364,-10.325322,-10.325799,0.001065,-0.00639,0.003195,99032.96,25.77,-0.502799,-0.496532,,
1971.74999,0.011182,-0.081396,0.014364,-10.298988,-10.29932,0.00213,-0.00426,0.003195,99032.96,25.77,-0.47632,-0.470053,,
1971.761215,0.011225,-0.09576,0.004788,-10.325322,-10.325767,0.003195,-0.005325,0.00426,99032.8,25.77,-0.502767,-0.4965,,
1971.772466,0.011251,-0.069426,0.019152,-10.334898,-10.335149,0.001065,-0.005325,0.00213,99032.8,25.77,-0.512149,-0.505882,,
1971.783604,0.011138,-0.090972,0.007182,-10.315746,-10.31615,0.00426,-0.00639,0.00213,99032.8,25.77,-0.49315,-0.486883,,
1971.794837,0.011233,-0.112518,0.033516,-10.337292,-10.337959,0.001065,-0.005325,0.00426,99032.8,25.77,-0.514959,-0.508692,,
1971.805911,0.011074,-0.105336,-0.002394,-10.315746,-10.316284,0.00426,-0.00639,0.001065,99032.8,25.77,-0.493284,-0.487017,,
1971.817134,0.011223,-0.102942,-0.002394,-10.322928,-10.323442,0.003195,-0.00639,0.00213,99032.8,25.77,-0.500442,-0.494175,,
1971.828438,0.011304,-0.100548,-0.016758,-10.339686,-10.340188,0.001065,-0.007455,0.001065,99032.71,25.76,-0.517188,-0.510921,,
1971.839464,0.011026,-0.102942,-0.002394,-10.356444,-10.356956,0.001065,-0.00639,0.003195,99032.71,25.76,-0.533956,-0.527689,,
1971.850732,0.011268,-0.074214,-0.007182,-10.310958,-10.311228,0.00426,-0.00426,0.001065,99032.71,25.76,-0.488228,-0.481961,,
1971.861912,0.01118,-0.090972,0.002394,-10.301382,-10.301784,0.001065,-0.005325,0.00426,99032.71,25.76,-0.478784,-0.472517,,
1971.87307,0.011158,-0.074214,-0.007182,-10.322928,-10.323197,0.00213,-0.005325,0.001065,99032.71,25.76,-0.500197,-0.49393,,
1971.884906,0.011836,-0.098154,0.016758,-10.303776,-10.304257,0.003195,-0.005325,0.00213,99032.71,25.76,-0.481257,-0.47499,,
1971.895935,0.011029,-0.07182,0.009576,-10.308564,-10.308819,0,-0.007455,0.00213,99032.6,25.77,-0.485819,-0.479552,,
1971.906606,0.010671,-0.105336,0.004788,-10.301382,-10.301922,0.001065,-0.00426,0.001065,99032.6,25.77,-0.478922,-0.472655,,
1971.917751,0.011144,-0.138852,0.126882,-10.303776,-10.305493,0.00213,-0.00426,-0.001065,99032.6,25.77,-0.482493,-0.476226,,
1971.928955,0.011205,-0.057456,0.040698,-10.308564,-10.308804,0.003195,0,0,99032.6,25.77,-0.485804,-0.479537,,
1971.940181,0.011226,-0.076608,-0.002394,-10.358838,-10.359122,0,-0.00639,-0.00213,99032.6,25.77,-0.536122,-0.529855,,
1971.95142,0.011239,-0.040698,0.038304,-10.346868,-10.347019,0.00213,-0.00639,0.00426,99032.55,25.77,-0.524019,-0.517752,,
1971.962501,0.011081,-0.088578,-0.031122,-10.339686,-10.340112,0,-0.007455,0.00213,99032.55,25.77,-0.517112,-0.510845,,
1971.972625,0.010124,-0.138852,0.07182,-10.313352,-10.314537,0.001065,-0.009585,0.003195,99032.55,25.77,-0.491537,-0.48527,,
1971.982712,0.010088,-0.08379,-0.004788,-10.289412,-10.289754,0.003195,-0.005325,0.001065,99032.55,25.77,-0.466754,-0.460487,,
1971.992805,0.010093,-0.069426,0.021546,-10.411506,-10.41176,0.00213,-0.005325,0.001065,99032.55,25.77,-0.58876,-0.582493,,
1972.002904,0.010099,-0.105336,0.038304,-10.38996,-10.390565,0.00213,-0.007455,0.001065,99032.55,25.77,-0.567565,-0.561298,,
1972.013041,0.010137,-0.074214,0.055062,-10.349262,-10.349675,0.00639,-0.005325,0,99032.55,25.77,-0.526675,-0.520408,,
1972.023156,0.010115,-0.088578,-0.043092,-10.267866,-10.268338,0.00213,-0.00639,0.001065,99032.55,25.77,-0.445338,-0.439071,,
1972.033259,0.010103,-0.136458,0.04788,-10.370808,-10.371816,0.00213,-0.01065,-0.001065,99032.55,25.77,-0.548816,-0.542549,,
1972.04339,0.010131,-0.062244,-0.028728,-10.28223,-10.282459,0.00426,-0.003195,-0.00213,99032.55,25.77,-0.459459,-0.453192,,
1972.053492,0.010102,-0.086184,-0.100548,-10.37799,-10.378835,0.001065,-0.00639,-0.001065,99032.55,25.77,-0.555835,-0.549568,,
1972.063785,0.010293,-0.074214,0.04788,-10.265472,-10.265852,0.00213,-0.001065,0.001065,99032.55,25.77,-0.442852,-0.436585,,
1972.073874,0.010089,-0.033516,-0.112518,-10.33011,-10.330777,0.00213,-0.007455,0,99032.55,25.77,-0.507777,-0.50151,,
1972.083962,0.010088,-0.057456,-0.08379,-10.346868,-10.347367,0.00213,-0.00852,0.00426,99032.41,25.77,-0.524367,-0.5181,,
1972.094107,0.010145,-0.069426,-0.007182,-10.339686,-10.339922,0,-0.00426,0.00213,99032.41,25.77,-0.516922,-0.510655,,
1972.104262,0.010155,-0.019152,-0.026334,-10.315746,-10.315797,0.001065,-0.00639,0.00213,99032.41,25.77,-0.492797,-0.48653,,
1972.114349,0.010087,-0.093366,-0.064638,-10.291806,-10.292432,0,-0.00852,0.005325,99032.41,25.77,-0.469432,-0.463165,,
1972.124463,0.010114,-0.014364,-0.01197,-10.267866,-10.267883,0.00213,-0.001065,0.00426,99032.41,25.77,-0.444883,-0.438616,,
1972.134551,0.010088,-0.064638,-0.014364,-10.332504,-10.332716,0.001065,-0.007455,0.003195,99032.41,25.77,-0.509716,-0.503449,,
1972.144646,0.010096,-0.074214,-0.004788,-10.36602,-10.366287,0.003195,-0.001065,0.005325,99032.41,25.77,-0.543287,-0.53702,,
1972.154745,0.010098,-0.093366,-0.045486,-10.327716,-10.328238,0.003195,-0.005325,0.005325,99032.15,25.77,-0.505238,-0.498971,,
1972.164882,0.010137,-0.033516,0.007182,-10.36602,-10.366077,0,-0.00426,0.003195,99032.15,25.77,-0.543077,-0.53681,,
1972.174963,0.010081,-0.138852,0.004788,-10.320534,-10.321469,0.00213,-0.007455,0.003195,99032.15,25.77,-0.498469,-0.492202,,
1972.185048,0.010085,-0.098154,-0.01197,-10.315746,-10.31622,0.003195,-0.003195,0.003195,99032.15,25.77,-0.49322,-0.486953,,
1972.195204,0.010156,-0.181944,0.114912,-10.375596,-10.377827,-0.001065,-0.009585,0,99032.15,25.77,-0.554827,-0.54856,,
1972.205311,0.010107,-0.093366,0.033516,-10.351656,-10.352131,0.003195,-0.00213,0,99032.15,25.77,-0.529131,-0.522864,,
1972.215403,0.010092,-0.105336,0.086184,-10.356444,-10.357338,0.001065,-0.00852,0,99031.83,25.77,-0.534338,-0.528071,,
1972.225487,0.010084,-0.134064,0.090972,-10.368414,-10.36968,0.001065,-0.00639,0.00213,99031.83,25.77,-0.54668,-0.540413,,
1972.235605,0.010118,-0.093366,0.07182,-10.346868,-10.347538,0.001065,-0.007455,0,99031.83,25.77,-0.524538,-0.518271,,
1972.245773,0.010167,-0.086184,0.08379,-10.310958,-10.311659,0.003195,-0.00426,0.001065,99031.83,25.77,-0.488659,-0.482392,,
1972.25588,0.010108,-0.055062,0.076608,-10.346868,-10.347298,0.00213,-0.005325,-0.003195,99031.83,25.77,-0.524298,-0.518031,,
1972.265983,0.010103,-0.088578,0.05985,-10.33011,-10.330663,0.00213,-0.003195,0.001065,99031.83,25.77,-0.507663,-0.501396,,
1972.276309,0.010326,-0.074214,0.043092,-10.2942,-10.294558,0.003195,-0.005325,0,99031.46,25.77,-0.471558,-0.465291,,
1972.286409,0.0101,-0.090972,0.019152,-10.332504,-10.332922,0.00213,-0.00426,-0.001065,99031.46,25.77,-0.509922,-0.503655,,
1972.296504,0.010095,-0.100548,-0.009576,-10.260684,-10.261181,0,-0.00639,0.003195,99031.46,25.77,-0.438181,-0.431914,,
1972.306592,0.010088,-0.03591,0.002394,-10.334898,-10.334961,0.003195,-0.005325,0.003195,99031.46,25.77,-0.511961,-0.505694,,
1972.316701,0.010109,-0.05985,-0.081396,-10.34208,-10.342573,-0.00213,-0.005325,0.00426,99031.46,25.77,-0.519573,-0.513306,,
1972.3268,0.010099,-0.081396,-0.04788,-10.298988,-10.299421,0.003195,-0.00639,0.00639,99031.46,25.77,-0.476421,-0.470154,,
1972.336947,0.010147,-0.04788,-0.064638,-10.368414,-10.368726,0.00213,-0.005325,0.001065,99031.46,25.77,-0.545726,-0.539459,,
1972.347051,0.010104,-0.117306,-0.074214,-10.334898,-10.33583,0,-0.003195,0.00639,99031.14,25.77,-0.51283,-0.506563,,
1972.357176,0.010125,-0.105336,-0.093366,-10.325322,-10.326281,0.005325,-0.00639,0.00426,99031.14,25.77,-0.503281,-0.497014,,
1972.367276,0.0101,-0.110124,-0.026334,-10.344474,-10.345094,0.003195,-0.005325,0.00426,99031.14,25.77,-0.522094,-0.515827,,
1972.377371,0.010095,-0.079002,-0.069426,-10.334898,-10.335433,0.001065,-0.00639,0.005325,99031.14,25.77,-0.512433,-0.506166,,
1972.387542,0.010171,-0.100548,-0.033516,-10.298988,-10.299533,0.001065,-0.003195,0.00213,99031.14,25.77,-0.476533,-0.470266,,
1972.397688,0.010146,-0.1197,-0.02394,-10.34208,-10.3428,0.00213,-0.00639,0.003195,99031.14,25.77,-0.5198,-0.513533,,
1972.407734,0.010046,-0.088578,0.043092,-10.344474,-10.344943,0.003195,-0.00426,0.00426,99031.14,25.77,-0.521943,-0.515676,,
1972.41782,0.010086,-0.100548,0.01197,-10.351656,-10.352151,0.00213,-0.00426,0.00213,99031.14,25.77,-0.529151,-0.522884,,
1972.427941,0.01012,-0.079002,0.069426,-10.327716,-10.328252,0.001065,-0.005325,0.001065,99031.14,25.77,-0.505252,-0.498985,,
1972.438028,0.010087,-0.098154,0.04788,-10.33011,-10.330687,0.00213,-0.00639,0.001065,99031.14,25.77,-0.507687,-0.50142,,
1972.44814,0.010112,-0.07182,0.043092,-10.277442,-10.277783,0.00426,-0.005325,0,99031.14,25.77,-0.454783,-0.448516,,
1972.458246,0.010106,-0.088578,0.033516,-10.320534,-10.320969,0.001065,-0.00852,0,99031.14,25.77,-0.497969,-0.491702,,
1972.468339,0.010093,-0.050274,0.050274,-10.308564,-10.308809,0.001065,-0.005325,0.001065,99030.97,25.77,-0.485809,-0.479542,,
1972.478433,0.010094,-0.04788,0.043092,-10.310958,-10.311159,0.00213,-0.007455,0.00213,99030.97,25.77,-0.488159,-0.481892,,
1972.488717,0.010284,-0.088578,0.02394,-10.315746,-10.316154,0,-0.005325,0.001065,99030.97,25.77,-0.493154,-0.486887,,
1972.498817,0.0101,-0.045486,0.009576,-10.308564,-10.308669,0.00213,-0.005325,0.001065,99030.97,25.77,-0.485669,-0.479402,,
1972.508981,0.010164,-0.045486,-0.007182,-10.325322,-10.325425,0.001065,-0.00426,0,99030.97,25.77,-0.502425,-0.496158,,
1972.519085,0.010104,-0.07182,0.004788,-10.346868,-10.347118,0.001065,-0.00426,0.003195,99030.97,25.77,-0.524118,-0.517851,,
1972.529169,0.010084,-0.040698,-0.007182,-10.291806,-10.291889,-0.001065,-0.00426,0.001065,99030.97,25.77,-0.468889,-0.462622,,
1972.539274,0.010106,-0.090972,-0.026334,-10.301382,-10.301817,0.001065,-0.00852,0.00426,99030.67,25.77,-0.478817,-0.47255,,
1972.549382,0.010108,-0.064638,-0.028728,-10.356444,-10.356686,0.00213,-0.005325,0.00426,99030.67,25.77,-0.533686,-0.527419,,
1972.559479,0.010096,-0.074214,-0.045486,-10.35405,-10.354416,0,-0.005325,0.005325,99030.67,25.77,-0.531416,-0.525149,,
1972.569597,0.010118,-0.086184,-0.038304,-10.34208,-10.34251,0.00213,-0.007455,0.00213,99030.67,25.77,-0.51951,-0.513243,,
1972.579753,0.010156,-0.055062,-0.028728,-10.346868,-10.347054,0.003195,-0.005325,0.00213,99030.67,25.77,-0.524054,-0.517787,,
1972.589841,0.010088,-0.124488,0,-10.363626,-10.364374,0.00213,-0.007455,0.003195,99030.67,25.77,-0.541374,-0.535107,,
1972.599924,0.010084,-0.102942,0.021546,-10.35405,-10.354584,-0.001065,-0.005325,0.003195,99030.47,25.77,-0.531584,-0.525317,,
1972.610089,0.010165,-0.1197,0.02394,-10.339686,-10.340407,0.003195,-0.00639,0.00213,99030.47,25.77,-0.517407,-0.51114,,
1972.620177,0.010088,-0.114912,0.043092,-10.33011,-10.330839,0.00213,-0.00426,0.005325,99030.47,25.77,-0.507839,-0.501572,,
1972.630258,0.010081,-0.114912,0.009576,-10.337292,-10.337935,0.003195,-0.00852,0.001065,99030.47,25.77,-0.514935,-0.508668,,
1972.640371,0.010113,-0.08379,0.062244,-10.351656,-10.352182,0.001065,-0.007455,0.00213,99030.47,25.77,-0.529182,-0.522915,,
1972.650465,0.010094,-0.117306,0.064638,-10.337292,-10.33816,0.003195,-0.003195,0.003195,99030.47,25.77,-0.51516,-0.508893,,
1972.660546,0.01008,-0.093366,0.052668,-10.349262,-10.349817,0.003195,-0.007455,0,99030.08,25.77,-0.526817,-0.52055,,
1972.670638,0.010093,-0.076608,0.02394,-10.332504,-10.332816,0.001065,-0.003195,0,99030.08,25.77,-0.509816,-0.503549,,
1972.680736,0.010098,-0.090972,0.019152,-10.320534,-10.320953,0.003195,-0.005325,0.001065,99030.08,25.77,-0.497953,-0.491686,,
1972.690827,0.01009,-0.098154,0.055062,-10.31814,-10.318754,0,-0.005325,0.003195,99030.08,25.77,-0.495754,-0.489487,,
1972.701267,0.01044,-0.074214,0.016758,-10.337292,-10.337572,-0.001065,-0.00639,-0.001065,99030.08,25.77,-0.514572,-0.508305,,
1972.711428,0.010161,-0.050274,-0.009576,-10.310958,-10.311085,0.00213,-0.00426,0.001065,99030.08,25.77,-0.488085,-0.481818,,
1972.721526,0.010098,-0.074214,-0.01197,-10.322928,-10.323202,0.003195,-0.007455,0.001065,99030.08,25.77,-0.500202,-0.493935,,
1972.731606,0.01008,-0.05985,-0.014364,-10.315746,-10.31593,0.003195,-0.005325,0.00213,99030.08,25.77,-0.49293,-0.486663,,
1972.741741,0.010135,-0.076608,-0.057456,-10.301382,-10.301827,0.001065,-0.00639,0.00213,99030.08,25.77,-0.478827,-0.47256,,
1972.75184,0.010099,-0.05985,-0.021546,-10.308564,-10.30876,0,-0.005325,0.003195,99030.08,25.77,-0.48576,-0.479493,,
1972.761956,0.010115,-0.088578,-0.050274,-10.33011,-10.330612,0.001065,-0.00426,0.00426,99030.08,25.77,-0.507612,-0.501345,,
1972.772057,0.010102,-0.069426,-0.007182,-10.272654,-10.272891,0.003195,-0.003195,0,99030.08,25.77,-0.449891,-0.443624,,
1972.78223,0.010172,-0.07182,-0.026334,-10.30617,-10.306454,0.00213,-0.005325,0.00213,99030.08,25.77,-0.483454,-0.477187,,
1972.792336,0.010106,-0.093366,-0.016758,-10.27026,-10.270698,0.001065,-0.007455,0.003195,99029.66,25.77,-0.447698,-0.441431,,
1972.80243,0.010094,-0.086184,0.002394,-10.27026,-10.270622,0.00213,-0.005325,0.00426,99029.66,25.77,-0.447622,-0.441355,,
1972.813035,0.010604,-0.052668,0.026334,-10.255896,-10.256065,0.00213,-0.01065,0.001065,99029.66,25.77,-0.433065,-0.426798,,
1972.823812,0.010777,-0.081396,0.014364,-10.272654,-10.272987,0.00213,-0.00426,0.00213,99029.66,25.77,-0.449987,-0.44372,,
1972.835311,0.011499,-0.05985,0.04788,-10.23435,-10.234637,0.001065,-0.005325,0.00213,99029.66,25.77,-0.411637,-0.40537,,
1972.846101,0.01079,-0.088578,0.038304,-10.241532,-10.241987,0.001065,-0.00639,0.001065,99029.66,25.77,-0.418987,-0.41272,,
1972.857288,0.011187,-0.114912,-0.009576,-10.251108,-10.251757,0.003195,-0.00639,0.005325,99029.07,25.77,-0.428757,-0.42249,,
1972.868478,0.01119,-0.07182,0.02394,-10.205622,-10.205903,0.00426,-0.005325,0.001065,99029.07,25.77,-0.382903,-0.376636,,
1972.879809,0.011331,-0.076608,0.038304,-10.260684,-10.261041,0,-0.00426,0.00426,99029.07,25.77,-0.438041,-0.431774,,
1972.890965,0.011156,-0.098154,0.002394,-10.236744,-10.237215,0.00213,-0.00426,0,99029.07,25.77,-0.414215,-0.407948,,
1972.902042,0.011077,-0.086184,0.076608,-10.227168,-10.227818,0.001065,-0.00426,0.00213,99029.07,25.77,-0.404818,-0.398551,,
1972.91321,0.011168,-0.126882,-0.002394,-10.193652,-10.194442,0.00213,-0.00639,0.001065,99028.58,25.77,-0.371442,-0.365175,,
1972.924397,0.011187,-0.076608,-0.02394,-10.231956,-10.232271,0.001065,-0.00639,0.001065,99028.58,25.77,-0.409271,-0.403004,,
1972.935716,0.011319,-0.090972,0.014364,-10.224774,-10.225189,0.001065,-0.00639,0.00213,99028.58,25.77,-0.402189,-0.395922,,
1972.946808,0.011092,-0.052668,-0.004788,-10.217592,-10.217729,0.001065,-0.00426,-0.001065,99028.58,25.77,-0.394729,-0.388462,,
1972.95693,0.010122,-0.102942,-0.007182,-10.193652,-10.194174,0.001065,-0.005325,0.00426,99028.58,25.77,-0.371174,-0.364907,,
1972.96708,0.01015,-0.079002,-0.021546,-10.205622,-10.205951,0.003195,-0.007455,0.001065,99028.58,25.77,-0.382951,-0.376684,,
1972.977187,0.010107,-0.076608,-0.021546,-10.1745,-10.174811,0.003195,-0.00213,0.003195,99028.58,25.77,-0.351811,-0.345544,,
1972.987287,0.010099,-0.093366,-0.038304,-10.16253,-10.163031,0.001065,-0.00639,0.001065,99027.94,25.77,-0.340031,-0.333764,,
1972.997374,0.010087,-0.057456,0.002394,-10.208016,-10.208178,0.00426,-0.00213,0.00213,99027.94,25.77,-0.385178,-0.378911,,
1973.007491,0.010117,-0.086184,0.031122,-10.167318,-10.167731,0.001065,-0.007455,0.00426,99027.94,25.77,-0.344731,-0.338464,,
1973.017579,0.010088,-0.079002,0.021546,-10.112256,-10.112588,0.003195,-0.003195,0.00213,99027.94,25.77,-0.289588,-0.283321,,
1973.027803,0.010224,-0.081396,0.057456,-10.100286,-10.100777,0,-0.007455,0.003195,99027.94,25.77,-0.277777,-0.27151,,
1973.037886,0.010084,-0.069426,0.009576,-10.148166,-10.148408,0,-0.003195,0.00213,99027.94,25.77,-0.325408,-0.319141,,
1973.048106,0.010219,-0.093366,0.090972,-10.121832,-10.122671,0.001065,-0.00852,0.00213,99027.94,25.77,-0.299671,-0.293404,,
1973.058244,0.010139,-0.04788,0.043092,-10.124226,-10.124431,0.003195,-0.003195,0.003195,99027.94,25.77,-0.301431,-0.295164,,
1973.068321,0.010077,-0.05985,0.03591,-10.06677,-10.067012,-0.00213,-0.00426,-0.001065,99027.94,25.77,-0.244012,-0.237745,,
1973.078406,0.010086,-0.086184,0.004788,-10.105074,-10.105443,0.001065,-0.00426,0.00213,99027.94,25.77,-0.282443,-0.276176,,
1973.088487,0.01008,-0.086184,0.02394,-10.088316,-10.088713,0.003195,-0.00639,0.003195,99027.94,25.77,-0.265713,-0.259446,,
1973.098577,0.01009,-0.057456,0,-10.095498,-10.095661,0.001065,-0.00639,0.001065,99027.94,25.77,-0.272661,-0.266394,,
1973.108692,0.010115,-0.102942,0.03591,-10.097892,-10.098481,-0.001065,-0.007455,0,99027.32,25.77,-0.275481,-0.269214,,
1973.118782,0.01009,-0.098154,0.031122,-10.088316,-10.088841,0.001065,-0.009585,0.00213,99027.32,25.77,-0.265841,-0.259574,,
1973.128915,0.010133,-0.064638,-0.055062,-10.117044,-10.1174,0.001065,-0.00426,0.001065,99027.32,25.77,-0.2944,-0.288133,,
1973.139043,0.010128,-0.08379,-0.007182,-10.085922,-10.086273,-0.00213,-0.005325,0.003195,99027.32,25.77,-0.263273,-0.257006,,
1973.14913,0.010087,-0.081396,-0.004788,-10.117044,-10.117373,0.00213,-0.005325,0.003195,99027.32,25.77,-0.294373,-0.288106,,
1973.159356,0.010225,-0.08379,-0.076608,-10.112256,-10.112893,0.00213,-0.00639,0.001065,99027.32,25.77,-0.289893,-0.283626,,
1973.170636,0.01128,-0.069426,-0.02394,-10.129014,-10.12928,0.00213,-0.00426,0,99027.32,25.77,-0.30628,-0.300013,,
1973.181705,0.011069,-0.088578,0.01197,-10.085922,-10.086318,0.00213,-0.00639,0.001065,99026.58,25.77,-0.263318,-0.257051,,
1973.192812,0.011107,-0.08379,-0.088578,-10.071558,-10.072296,0.005325,-0.005325,0.00213,99026.58,25.77,-0.249296,-0.243029,,
1973.204012,0.0112,-0.122094,0.016758,-10.057194,-10.057949,0,-0.005325,0.001065,99026.58,25.77,-0.234949,-0.228682,,
1973.215428,0.011417,-0.090972,-0.021546,-10.100286,-10.100719,0.001065,-0.00426,0.001065,99026.58,25.77,-0.277719,-0.271452,,
1973.22644,0.011012,-0.074214,-0.019152,-10.071558,-10.07185,0.003195,-0.00639,0.001065,99026.58,25.77,-0.24885,-0.242583,,
1973.23757,0.01113,-0.090972,0.031122,-10.073952,-10.074411,0.001065,-0.007455,0.001065,99025.96,25.77,-0.251411,-0.245144,,
1973.248774,0.011204,-0.079002,0.033516,-10.059588,-10.059954,0.001065,-0.00426,0,99025.96,25.77,-0.236954,-0.230687,,
1973.260064,0.01129,-0.086184,0.021546,-10.028466,-10.028859,0,-0.007455,0.003195,99025.96,25.77,-0.205859,-0.199592,,
1973.271275,0.011211,-0.069426,0.045486,-10.045224,-10.045567,0.003195,-0.00426,0.003195,99025.96,25.77,-0.222567,-0.2163,,
1973.282413,0.011138,-0.110124,0.033516,-10.009314,-10.009976,-0.001065,-0.005325,0,99025.96,25.77,-0.186976,-0.180709,,
1973.293474,0.01106,-0.050274,0.055062,-10.045224,-10.045501,0.00213,-0.00639,0,99025.96,25.77,-0.222501,-0.216234,,
1973.304735,0.011261,-0.079002,0.055062,-10.033254,-10.033716,0.001065,-0.007455,0.001065,99025.39,25.77,-0.210716,-0.204449,,
1973.315896,0.011161,-0.093366,0.040698,-10.021284,-10.021802,0.00213,-0.00639,0.003195,99025.39,25.77,-0.198802,-0.192535,,
1973.327111,0.011215,-0.055062,0.043092,-10.016496,-10.01674,0.00213,-0.00426,0.00213,99025.39,25.77,-0.19374,-0.187473,,
1973.338477,0.011365,-0.081396,0.028728,-9.997344,-9.997717,-0.001065,-0.007455,0.00213,99025.39,25.77,-0.174717,-0.16845,,
1973.349411,0.010934,-0.064638,0.040698,-10.01889,-10.019181,0.003195,-0.00213,-0.00213,99025.39,25.77,-0.196181,-0.189914,,
1973.360572,0.011161,-0.05985,0.007182,-9.990162,-9.990344,0.00213,-0.007455,-0.001065,99025.39,25.77,-0.167344,-0.161077,,
1973.371907,0.011335,-0.076608,0.007182,-9.985374,-9.98567,0.003195,-0.005325,0.001065,99024.65,25.77,-0.16267,-0.156403,,
1973.383005,0.011098,-0.081396,0,-9.985374,-9.985706,0.00213,-0.007455,0,99024.65,25.77,-0.162706,-0.156439,,
1973.394256,0.011251,-0.064638,-0.033516,-9.97101,-9.971276,0.00213,-0.007455,0.00213,99024.65,25.77,-0.148276,-0.142009,,
1973.40532,0.011064,-0.067032,-0.040698,-9.990162,-9.99047,0.00213,-0.00852,0.001065,99024.65,25.77,-0.16747,-0.161203,,
1973.416703,0.011383,-0.08379,-0.009576,-9.95904,-9.959397,0,-0.00639,0,99024.65,25.77,-0.136397,-0.13013,,
1973.427922,0.011219,-0.07182,0.021546,-9.944676,-9.944959,0.001065,-0.00852,0.001065,99024.65,25.77,-0.121959,-0.115692,,
1973.43893,0.011009,-0.038304,-0.069426,-9.908766,-9.909083,0.001065,-0.001065,0.00213,99024.65,25.77,-0.086083,-0.079816,,
1973.450086,0.011155,-0.09576,0.002394,-9.925524,-9.925986,0.001065,-0.009585,0.00213,99024.65,25.77,-0.102986,-0.096719,,
1973.461358,0.011272,-0.093366,-0.03591,-9.951858,-9.952361,0.003195,-0.003195,0,99024.65,25.77,-0.129361,-0.123094,,
1973.472412,0.011054,-0.07182,0.01197,-9.903978,-9.904246,-0.001065,-0.00852,0,99024.65,25.77,-0.081246,-0.074979,,
1973.483629,0.011218,-0.050274,-0.074214,-9.94707,-9.947474,0.00213,-0.00213,0.00213,99024.65,25.77,-0.124474,-0.118207,,
1973.494918,0.011289,-0.117306,0.014364,-9.91116,-9.911865,0.001065,-0.005325,0.00213,99023.98,25.77,-0.088865,-0.082598,,
1973.50598,0.011062,-0.09576,-0.014364,-9.896796,-9.89727,0.00426,-0.005325,0.00426,99023.98,25.77,-0.07427,-0.068003,,
1973.517175,0.011195,-0.079002,0.016758,-9.937494,-9.937822,0.003195,-0.007455,0.001065,99023.98,25.77,-0.114822,-0.108555,,
1973.528339,0.011164,-0.067032,0.002394,-9.892008,-9.892235,0.00426,-0.00426,0.00426,99023.98,25.77,-0.069235,-0.062968,,
1973.539649,0.01131,-0.090972,0.02394,-9.932706,-9.933151,0.00213,-0.00213,0,99023.98,25.77,-0.110151,-0.103884,,
1973.550801,0.011152,-0.067032,0.01197,-9.880038,-9.880273,0.00213,-0.00426,0.003195,99023.98,25.77,-0.057273,-0.051006,,
1973.561984,0.011183,-0.076608,-0.004788,-9.889614,-9.889912,0.00213,-0.00639,0.001065,99023.18,25.77,-0.066912,-0.060645,,
1973.573088,0.011104,-0.086184,0.050274,-9.918342,-9.918844,0.001065,-0.007455,0.003195,99023.18,25.77,-0.095844,-0.089577,,
1973.584304,0.011216,-0.074214,0.03591,-9.901584,-9.901927,0.00213,-0.00639,0,99023.18,25.77,-0.078927,-0.07266,,
1973.595625,0.011321,-0.098154,0.052668,-9.892008,-9.892635,0.00213,-0.005325,0.00426,99023.18,25.77,-0.069635,-0.063368,,
1973.60667,0.011045,-0.079002,0.038304,-9.85131,-9.851701,0,-0.005325,0,99023.18,25.77,-0.028701,-0.022434,,
1973.617829,0.011159,-0.08379,0.055062,-9.86328,-9.86379,0.00213,-0.005325,0.001065,99023.18,25.77,-0.04079,-0.034523,,
1973.629001,0.011172,-0.07182,0.031122,-9.872856,-9.873166,0.00213,-0.007455,-0.001065,99022.34,25.77,-0.050166,-0.043899,,
1973.640328,0.011327,-0.08379,0.043092,-9.829764,-9.830216,0.001065,-0.003195,-0.00213,99022.34,25.77,-0.007216,-0.000949,,
1973.651487,0.01116,-0.09576,-0.007182,-9.832158,-9.832627,0.00426,-0.00852,0.001065,99022.34,25.77,-0.009627,-0.00336,,
1973.662624,0.011136,-0.052668,0.033516,-9.805824,-9.806023,0,-0.001065,-0.001065,99022.34,25.77,0.016977,0.023244,,
1973.673751,0.011127,-0.074214,-0.004788,-9.824976,-9.825257,0.001065,-0.00639,0,99022.34,25.77,-0.002257,0.00401,,
1973.684935,0.011184,-0.04788,-0.019152,-9.798642,-9.798778,-0.003195,-0.005325,0,99021.57,25.77,0.024222,0.030489,,
1973.696294,0.01136,-0.021546,-0.02394,-9.796248,-9.796301,0.003195,-0.00426,0.001065,99021.57,25.77,0.026699,0.032966,,
1973.707521,0.011226,-0.110124,-0.007182,-9.824976,-9.825596,0.001065,-0.00639,0.001065,99021.57,25.77,-0.002596,0.003671,,
1973.718522,0.011002,-0.050274,-0.043092,-9.817794,-9.818017,0,-0.005325,0.003195,99021.57,25.77,0.004983,0.01125,,
1973.729671,0.011148,-0.064638,-0.043092,-9.813006,-9.813313,0.003195,-0.005325,0.003195,99021.57,25.77,0.009687,0.015954,,
1973.741103,0.011432,-0.062244,-0.031122,-9.813006,-9.813253,0,-0.005325,0.001065,99021.57,25.77,0.009747,0.016014,,
1973.752686,0.011583,-0.081396,-0.033516,-9.774702,-9.775098,0.00213,-0.005325,0.00213,99021.57,25.77,0.047902,0.054169,,
1973.763241,0.010555,-0.069426,-0.04788,-9.789066,-9.789429,0.00426,-0.00639,0,99021.57,25.77,0.033571,0.039838,,
1973.774502,0.011261,-0.112518,-0.014364,-9.774702,-9.77536,0.001065,0.00213,0.00213,99021.57,25.77,0.04764,0.053907,,
1973.785669,0.011167,-0.134064,-0.033516,-9.793854,-9.794829,0.001065,-0.009585,0.003195,99021.57,25.77,0.028171,0.034438,,
1973.796825,0.011155,-0.09576,-0.004788,-9.774702,-9.775172,0.003195,0,0.003195,99021.57,25.77,0.047828,0.054095,,
1973.808142,0.011317,-0.100548,-0.01197,-9.777096,-9.77762,0.00426,-0.007455,0.001065,99021.57,25.77,0.04538,0.051647,,
1973.820275,0.012133,-0.13167,0.004788,-9.784278,-9.785165,-0.001065,-0.005325,0.00213,99020.57,25.77,0.037835,0.044102,,
1973.830884,0.01061,-0.105336,0.055062,-9.748368,-9.749093,0.00213,-0.003195,0.003195,99020.57,25.77,0.073907,0.080174,,
1973.841562,0.010677,-0.062244,0.026334,-9.753156,-9.75339,0.001065,-0.003195,0.001065,99020.57,25.77,0.06961,0.075877,,
1973.852728,0.011166,-0.110124,0.031122,-9.73161,-9.732283,0,-0.003195,0.00213,99020.57,25.77,0.090717,0.096984,,
1973.863917,0.01119,-0.079002,0.033516,-9.73161,-9.731988,0.00213,-0.00639,0.00213,99020.57,25.77,0.091012,0.097279,,
1973.875162,0.011244,-0.086184,0.055062,-9.781884,-9.782419,0,-0.00426,0,99020.57,25.77,0.040581,0.046848,,
1973.886322,0.011161,-0.081396,0.05985,-9.726822,-9.727347,0.001065,-0.007455,0.00213,99019.66,25.77,0.095653,0.10192,,
1973.89749,0.011168,-0.052668,0.064638,-9.70767,-9.708028,-0.001065,-0.00639,0,99019.66,25.77,0.114972,0.121239,,
1973.908648,0.011158,-0.074214,0.052668,-9.712458,-9.712884,0.001065,-0.00426,0,99019.66,25.77,0.110116,0.116383,,
1973.919818,0.01117,-0.076608,0.086184,-9.724428,-9.725112,0,-0.007455,0,99019.66,25.77,0.097888,0.104155,,
1973.931023,0.011205,-0.019152,-0.014364,-9.67176,-9.67179,0.00213,-0.00426,0.00213,99019.66,25.77,0.15121,0.157477,,
1973.943561,0.012538,-0.079002,0.007182,-9.652608,-9.652934,0,-0.003195,0.001065,99019.66,25.77,0.170066,0.176333,,
1973.953811,0.01025,-0.052668,-0.040698,-9.70767,-9.707898,-0.001065,-0.00426,0,99018.75,25.77,0.115102,0.121369,,
1973.964559,0.010748,-0.028728,0.026334,-9.664578,-9.664657,0.001065,-0.007455,0.001065,99018.75,25.77,0.158343,0.16461,,
1973.975869,0.01131,-0.019152,-0.04788,-9.657396,-9.657534,0.00213,-0.007455,0.00213,99018.75,25.77,0.165466,0.171733,,
1973.987132,0.011263,-0.081396,-0.026334,-9.650214,-9.650593,0.001065,-0.00426,0.00426,99018.75,25.77,0.172407,0.178674,,
1973.99819,0.011058,-0.043092,-0.02394,-9.681336,-9.681462,0,-0.005325,0.00213,99018.75,25.77,0.141538,0.147805,,
1974.009351,0.01116,-0.055062,-0.069426,-9.652608,-9.653015,0,-0.003195,0,99017.55,25.77,0.169985,0.176252,,
1974.020501,0.01115,-0.062244,-0.026334,-9.688518,-9.688754,0.001065,-0.00639,0.00213,99017.55,25.77,0.134246,0.140513,,
1974.031707,0.011207,-0.088578,-0.079002,-9.678942,-9.67967,0.003195,-0.003195,0.003195,99017.55,25.77,0.14333,0.149597,,
1974.042931,0.011224,-0.08379,-0.03591,-9.662184,-9.662614,0.001065,-0.00639,0.003195,99017.55,25.77,0.160386,0.166653,,
1974.054342,0.011411,-0.090972,-0.02394,-9.655002,-9.65546,0.001065,-0.003195,0.00426,99017.55,25.77,0.16754,0.173807,,
1974.065445,0.011103,-0.08379,0.009576,-9.67176,-9.672128,0.00426,-0.007455,0.005325,99017.55,25.77,0.150872,0.157139,,
1974.075565,0.01012,-0.1197,0.009576,-9.619092,-9.619842,0.00213,-0.003195,0,99016.39,25.77,0.203158,0.209425,,
1974.085696,0.010132,-0.112518,0.016758,-9.638244,-9.638915,0.00213,-0.00426,0.001065,99016.39,25.77,0.184085,0.190352,,
1974.095935,0.010238,-0.122094,0.052668,-9.614304,-9.615223,0.001065,-0.005325,0.00426,99016.39,25.77,0.207777,0.214044,,
1974.106049,0.010115,-0.09576,0.026334,-9.652608,-9.653119,0.001065,-0.005325,0.001065,99016.39,25.77,0.169881,0.176148,,
1974.116146,0.010096,-0.086184,0.038304,-9.592758,-9.593222,0,-0.00426,0.00213,99016.39,25.77,0.229778,0.236045,,
1974.126316,0.010171,-0.110124,0.028728,-9.62388,-9.624553,0.001065,-0.007455,0,99016.39,25.77,0.198447,0.204714,,
1974.136472,0.010156,-0.055062,0.043092,-9.592758,-9.593013,0.00213,-0.003195,0.00213,99016.39,25.77,0.229987,0.236254,,
1974.146573,0.010101,-0.076608,0.028728,-9.561636,-9.561986,0.003195,-0.00426,0.00213,99016.39,25.77,0.261014,0.267281,,
1974.156675,0.010101,-0.086184,0.050274,-9.571212,-9.571732,0.00213,-0.00426,-0.00213,99016.39,25.77,0.251268,0.257535,,
1974.166772,0.010097,-0.076608,0.03591,-9.597546,-9.597919,0.00213,-0.00639,0.001065,99016.39,25.77,0.225081,0.231348,,
1974.177096,0.010325,-0.079002,0.014364,-9.568818,-9.569155,0.00213,-0.00426,0,99016.39,25.77,0.253845,0.260112,,
1974.188428,0.011332,-0.069426,0.05985,-9.561636,-9.562075,0.003195,-0.00426,0.00213,99016.39,25.77,0.260925,0.267192,,
1974.199604,0.011176,-0.069426,0.062244,-9.559242,-9.559697,0.001065,-0.001065,-0.001065,99016.39,25.77,0.263303,0.26957,,
1974.21134,0.011735,-0.043092,0.02394,-9.56403,-9.564157,-0.001065,-0.00639,-0.001065,99015.48,25.77,0.258843,0.26511,,
1974.221908,0.010568,-0.03591,0.021546,-9.566424,-9.566516,0.001065,-0.001065,0,99015.48,25.77,0.256484,0.262751,,
1974.233079,0.011171,-0.069426,-0.014364,-9.58797,-9.588232,0.001065,-0.005325,0.00213,99015.48,25.77,0.234768,0.241035,,
1974.244254,0.011175,-0.033516,-0.009576,-9.51615,-9.516214,0,-0.007455,-0.001065,99015.48,25.77,0.306786,0.313053,,
1974.255423,0.01117,-0.052668,0.016758,-9.52812,-9.52828,0.001065,-0.00426,0.00213,99015.48,25.77,0.29472,0.300987,,
1974.266705,0.011282,-0.04788,-0.043092,-9.530514,-9.530732,0.003195,-0.007455,0.003195,99014.39,25.77,0.292268,0.298535,,
1974.27771,0.011005,-0.076608,-0.019152,-9.535302,-9.535629,0.001065,-0.00426,0.00426,99014.39,25.77,0.287371,0.293638,,
1974.289009,0.011299,-0.05985,0.019152,-9.535302,-9.535509,0.00213,-0.005325,0.001065,99014.39,25.77,0.287491,0.293758,,
1974.30018,0.011171,-0.067032,-0.02394,-9.501786,-9.502053,0,-0.007455,0.00426,99014.39,25.77,0.320947,0.327214,,
1974.311293,0.011113,-0.081396,0.01197,-9.520938,-9.521293,0.001065,-0.00852,0.003195,99014.39,25.77,0.301707,0.307974,,
1974.322462,0.011169,-0.057456,0,-9.52812,-9.528293,0.005325,-0.00639,0.003195,99014.39,25.77,0.294707,0.300974,,
1974.333713,0.011251,-0.09576,0.02394,-9.482634,-9.483148,0,-0.00639,0.00213,99013.42,25.77,0.339852,0.346119,,
1974.34484,0.011127,-0.067032,0.009576,-9.54009,-9.54033,0.003195,-0.003195,0.003195,99013.42,25.77,0.28267,0.288937,,
1974.356281,0.011442,-0.098154,0.019152,-9.487422,-9.487949,-0.00213,-0.00639,0.00213,99013.42,25.77,0.335051,0.341318,,
1974.36722,0.010939,-0.088578,0.03591,-9.487422,-9.487903,0.001065,-0.00426,0.00213,99013.42,25.77,0.335097,0.341364,,
1974.378405,0.011185,-0.05985,0.026334,-9.49221,-9.492435,0.003195,-0.005325,0.00213,99013.42,25.77,0.330565,0.336832,,
1974.388631,0.010227,-0.062244,0.004788,-9.487422,-9.487627,0.00213,-0.00426,0.00426,99013.42,25.77,0.335373,0.34164,,
1974.400789,0.012158,-0.064638,0.002394,-9.477846,-9.478067,-0.001065,-0.00639,0.001065,99012.24,25.77,0.344933,0.3512,,
1974.411998,0.011209,-0.09576,0.009576,-9.453906,-9.454396,0.00213,-0.007455,0.00213,99012.24,25.77,0.368604,0.374871,,
1974.423152,0.011154,-0.076608,0.019152,-9.463482,-9.463811,0.003195,-0.00639,0.003195,99012.24,25.77,0.359189,0.365456,,
1974.434567,0.011414,-0.076608,0.019152,-9.439542,-9.439872,-0.001065,-0.00639,-0.001065,99012.24,25.77,0.383128,0.389395,,
1974.44604,0.011473,-0.098154,0.009576,-9.43236,-9.432876,0.001065,-0.005325,0.00213,99012.24,25.77,0.390124,0.396391,,
1974.456768,0.010728,-0.043092,-0.009576,-9.4563,-9.456403,0.001065,-0.007455,0.001065,99012.24,25.77,0.366597,0.372864,,
1974.468185,0.011417,-0.04788,0,-9.410814,-9.410936,0.00213,-0.00639,0.00213,99012.24,25.77,0.412064,0.418331,,
1974.479134,0.01095,-0.062244,0.043092,-9.439542,-9.439846,0.00213,-0.005325,0.001065,99012.24,25.77,0.383154,0.389421,,
1974.490264,0.01113,-0.05985,0.007182,-9.427572,-9.427765,0.00639,-0.005325,0.001065,99012.24,25.77,0.395235,0.401502,,
1974.501424,0.011159,-0.098154,0.02394,-9.40842,-9.408962,0,-0.00426,0.00213,99012.24,25.77,0.414038,0.420305,,
1974.512605,0.011181,-0.062244,0.021546,-9.40842,-9.408651,0.001065,-0.00639,0.003195,99012.24,25.77,0.414349,0.420616,,
1974.524032,0.011427,-0.069426,0.040698,-9.386874,-9.387219,0.00213,-0.00639,0,99011.14,25.77,0.435781,0.442048,,
1974.535182,0.011151,-0.086184,0,-9.391662,-9.392057,0.00213,-0.005325,0.003195,99011.14,25.77,0.430943,0.43721,,
1974.546363,0.011181,-0.064638,0.014364,-9.374904,-9.375138,0,-0.005325,0.003195,99011.14,25.77,0.447862,0.454129,,
1974.557332,0.010969,-0.08379,0.052668,-9.374904,-9.375426,0.00213,-0.007455,0.00213,99011.14,25.77,0.447574,0.453841,,
1974.568563,0.011231,-0.093366,0.016758,-9.394056,-9.394535,0,-0.001065,0.001065,99011.14,25.77,0.428465,0.434732,,
1974.579819,0.011256,-0.062244,-0.009576,-9.377298,-9.377509,0.001065,-0.00426,0.00213,99011.14,25.77,0.445491,0.451758,,
1974.591374,0.011556,-0.10773,-0.002394,-9.370116,-9.370736,0.00213,-0.005325,-0.001065,99010.02,25.77,0.452264,0.458531,,
1974.602099,0.010725,-0.074214,0.031122,-9.389268,-9.389613,0,-0.00426,-0.001065,99010.02,25.77,0.433387,0.439654,,
1974.613313,0.011214,-0.114912,-0.004788,-9.355752,-9.356459,0,-0.003195,-0.003195,99010.02,25.77,0.466541,0.472808,,
1974.625112,0.011798,-0.074214,-0.004788,-9.3366,-9.336896,0.00213,-0.005325,0.001065,99010.02,25.77,0.486104,0.492371,,
1974.635781,0.010669,-0.067032,-0.02394,-9.362934,-9.363205,0.001065,-0.005325,0.001065,99010.02,25.77,0.459795,0.466062,,
1974.646956,0.011175,-0.079002,0.03591,-9.319842,-9.320246,0.003195,-0.005325,0.001065,99010.02,25.77,0.502754,0.509021,,
1974.658075,0.011119,-0.031122,-0.031122,-9.303084,-9.303188,0.001065,-0.00426,0.00213,99008.95,25.77,0.519812,0.526079,,
1974.669177,0.011102,-0.09576,-0.021546,-9.36054,-9.361055,0.001065,-0.00426,0.003195,99008.95,25.77,0.461945,0.468212,,
1974.680459,0.011282,-0.076608,-0.014364,-9.322236,-9.322562,0.00213,0,0.003195,99008.95,25.77,0.500438,0.506705,,
1974.69167,0.011211,-0.069426,0,-9.295902,-9.296161,0.00213,-0.009585,0.001065,99008.95,25.77,0.526839,0.533106,,
1974.702733,0.011064,-0.062244,-0.009576,-9.322236,-9.322449,0.001065,-0.003195,0,99008.95,25.77,0.500551,0.506818,,
1974.713971,0.011238,-0.07182,0.01197,-9.286326,-9.286611,0.001065,-0.00426,0.00213,99007.93,25.77,0.536389,0.542656,,
1974.72513,0.011159,-0.086184,0,-9.305478,-9.305877,0,-0.00639,0.00426,99007.93,25.77,0.517123,0.52339,,
1974.736562,0.011432,-0.067032,0.007182,-9.338994,-9.339237,0.00213,-0.005325,0.00213,99007.93,25.77,0.483763,0.49003,,
1974.747539,0.010978,-0.090972,0.002394,-9.28872,-9.289166,0.003195,-0.007455,0.003195,99007.93,25.77,0.533834,0.540101,,
1974.758774,0.011234,-0.10773,0.040698,-9.305478,-9.306191,0.00213,-0.005325,0.00213,99007.93,25.77,0.516809,0.523076,,
1974.769859,0.011085,-0.074214,0.002394,-9.338994,-9.339289,0.00213,-0.00639,0.005325,99007.93,25.77,0.483711,0.489978,,
1974.781081,0.011222,-0.079002,0.01197,-9.317448,-9.317791,0.00213,-0.00639,0.00426,99007.93,25.77,0.505209,0.511476,,
1974.792263,0.011182,-0.040698,0.014364,-9.346176,-9.346276,0.00213,-0.00213,0.001065,99007.93,25.77,0.476724,0.482991,,
1974.803552,0.011289,-0.086184,0.002394,-9.34857,-9.348968,0.001065,-0.00639,0,99007.93,25.77,0.474032,0.480299,,
1974.814737,0.011185,-0.057456,0.04788,-9.334206,-9.334506,0.003195,-0.007455,0,99007.93,25.77,0.488494,0.494761,,
1974.82576,0.011023,-0.038304,0.016758,-9.307872,-9.307966,0.001065,-0.00213,0.003195,99007.93,25.77,0.515034,0.521301,,
1974.836982,0.011222,-0.07182,-0.016758,-9.30069,-9.300982,0.00426,-0.007455,0.003195,99007.93,25.77,0.522018,0.528285,,
1974.848343,0.011361,-0.069426,0.019152,-9.30069,-9.300969,0.00213,-0.005325,0.00213,99006.74,25.77,0.522031,0.528298,,
1974.859464,0.011121,-0.04788,0.033516,-9.315054,-9.315237,0.003195,-0.00639,0.001065,99006.74,25.77,0.507763,0.51403,,
1974.870525,0.011061,-0.040698,0.028728,-9.3366,-9.336733,0.00213,-0.007455,0,99006.74,25.77,0.486267,0.492534,,
1974.881703,0.011179,-0.081396,0.014364,-9.310266,-9.310633,0.001065,-0.00639,0,99006.74,25.77,0.512367,0.518634,,
1974.892878,0.011174,-0.043092,0.014364,-9.310266,-9.310377,0.003195,-0.007455,0.003195,99006.74,25.77,0.512623,0.51889,,
1974.904276,0.011398,-0.055062,-0.014364,-9.310266,-9.31044,0.00213,-0.00639,0.00213,99005.64,25.77,0.51256,0.518827,,
1974.915502,0.011226,-0.093366,-0.01197,-9.307872,-9.308348,0.001065,-0.00426,0.00213,99005.64,25.77,0.514652,0.520919,,
1974.926508,0.011006,-0.102942,0.009576,-9.331812,-9.332385,0.00213,-0.00426,0.00213,99005.64,25.77,0.490615,0.496882,,
1974.937649,0.011141,-0.090972,-0.028728,-9.329418,-9.329906,0.00213,-0.007455,0.001065,99005.64,25.77,0.493094,0.499361,,
1974.948822,0.011173,-0.09576,0.004788,-9.307872,-9.308366,0.00213,-0.003195,0.003195,99005.64,25.77,0.514634,0.520901,,
1974.960328,0.011506,-0.064638,-0.026334,-9.334206,-9.334467,0,-0.005325,0.00213,99005.64,25.77,0.488533,0.4948,,
1974.971495,0.011167,-0.10773,0.014364,-9.334206,-9.334839,0.001065,-0.007455,0.003195,99004.6,25.77,0.488161,0.494428,,
1974.982556,0.011061,-0.088578,-0.009576,-9.353358,-9.353782,0.00213,-0.005325,0.003195,99004.6,25.77,0.469218,0.475485,,
1974.993569,0.011013,-0.033516,0.007182,-9.331812,-9.331875,0.003195,-0.00852,0.00213,99004.6,25.77,0.491125,0.497392,,
1975.004704,0.011134,-0.088578,0.01197,-9.334206,-9.334634,0.001065,-0.005325,0.00426,99004.6,25.77,0.488366,0.494633,,
1975.016026,0.011322,-0.069426,0.004788,-9.319842,-9.320102,0.001065,-0.00213,0.00213,99004.6,25.77,0.502898,0.509165,,
1975.027105,0.011079,-0.045486,0.031122,-9.327024,-9.327187,0,-0.005325,0.003195,99004.6,25.77,0.495813,0.50208,,
1975.038379,0.011275,-0.093366,0.009576,-9.334206,-9.334678,0.001065,-0.00426,0.003195,99003.61,25.77,0.488322,0.494589,,
1975.049445,0.011065,-0.067032,0.050274,-9.334206,-9.334582,0.003195,-0.007455,0.003195,99003.61,25.77,0.488418,0.494685,,
1975.060692,0.011247,-0.067032,0.01197,-9.334206,-9.334454,0.001065,-0.00426,0.001065,99003.61,25.77,0.488546,0.494813,,
1975.071889,0.011197,-0.055062,0.019152,-9.34857,-9.348752,0.001065,-0.005325,0.001065,99003.61,25.77,0.474248,0.480515,,
1975.083113,0.011224,-0.079002,0.007182,-9.338994,-9.339331,0.00213,-0.007455,0.001065,99003.61,25.77,0.483669,0.489936,,
1975.094372,0.011259,-0.081396,0.016758,-9.34857,-9.348939,0.00213,-0.007455,0.00213,99003.61,25.77,0.474061,0.480328,,
1975.105379,0.011008,-0.03591,0.03591,-9.3366,-9.336738,0.001065,-0.00639,0.003195,99003.61,25.77,0.486262,0.492529,,
1975.116703,0.011324,-0.076608,0.019152,-9.327024,-9.327358,0.001065,-0.003195,0.00213,99003.61,25.77,0.495642,0.501909,,
1975.127825,0.011122,-0.04788,0.01197,-9.338994,-9.339124,0.001065,-0.005325,0.001065,99003.61,25.77,0.483876,0.490143,,
1975.138967,0.011141,-0.074214,0,-9.355752,-9.356046,0.00213,-0.00426,0.003195,99003.61,25.77,0.466954,0.473221,,
1975.150105,0.011138,-0.050274,-0.03591,-9.334206,-9.33441,0.00213,-0.003195,0.005325,99003.61,25.77,0.48859,0.494857,,
1975.161347,0.011243,-0.074214,-0.007182,-9.358146,-9.358443,0.001065,-0.00639,0.00213,99002.44,25.77,0.464557,0.470824,,
1975.172511,0.011164,-0.08379,-0.016758,-9.334206,-9.334597,0.00213,-0.00639,0.00426,99002.44,25.77,0.488403,0.49467,,
1975.183759,0.011248,-0.07182,-0.033516,-9.310266,-9.310603,0.00213,-0.005325,0.00426,99002.44,25.77,0.512397,0.518664,,
1975.19508,0.011321,-0.09576,0,-9.322236,-9.322728,0.00213,-0.00639,0.003195,99002.44,25.77,0.500272,0.506539,,
1975.206352,0.011272,-0.090972,-0.014364,-9.293508,-9.293964,0.00213,-0.005325,0.00213,99002.44,25.77,0.529036,0.535303,,
1975.217215,0.010864,-0.09576,0.002394,-9.331812,-9.332304,0.00213,-0.00639,0.001065,99002.44,25.77,0.490696,0.496963,,
1975.228457,0.011241,-0.062244,0.019152,-9.319842,-9.32007,0.003195,-0.00426,0,99001.6,25.77,0.50293,0.509197,,
1975.239718,0.011261,-0.050274,0.016758,-9.317448,-9.317599,0.00213,-0.00426,0.001065,99001.6,25.77,0.505401,0.511668,,
1975.250932,0.011214,-0.064638,0.021546,-9.307872,-9.308121,0,-0.00426,0.00213,99001.6,25.77,0.514879,0.521146,,
1975.261978,0.011046,-0.076608,0.055062,-9.293508,-9.293987,0.00213,-0.003195,0.003195,99001.6,25.77,0.529013,0.53528,,
1975.273235,0.011257,-0.057456,0.01197,-9.329418,-9.329603,0.00213,-0.007455,0.00213,99001.6,25.77,0.493397,0.499664,,
1975.284339,0.011105,-0.09576,0.026334,-9.310266,-9.310796,0.005325,-0.00852,0.003195,99001.6,25.77,0.512204,0.518471,,
1975.296095,0.011756,-0.081396,0.019152,-9.305478,-9.305854,0.00213,-0.00639,-0.00213,99000.64,25.77,0.517146,0.523413,,
1975.306821,0.010726,-0.090972,0.016758,-9.315054,-9.315513,-0.00213,-0.00426,0.00213,99000.64,25.77,0.507487,0.513754,,
1975.317893,0.011071,-0.04788,0.026334,-9.305478,-9.305638,0.00426,-0.00426,0,99000.64,25.77,0.517362,0.523629,,
1975.329079,0.011186,-0.074214,0.004788,-9.329418,-9.329714,0.001065,-0.00639,0.00213,99000.64,25.77,0.493286,0.499553,,
1975.340295,0.011217,-0.067032,0.031122,-9.338994,-9.339286,0.001065,-0.00426,0.001065,99000.64,25.77,0.483714,0.489981,,
1975.351901,0.011606,-0.052668,-0.033516,-9.317448,-9.317657,0.00213,-0.00639,0.00213,98999.7,25.77,0.505343,0.51161,,
1975.362762,0.010861,-0.062244,0.033516,-9.34857,-9.348837,0.001065,-0.00426,0.003195,98999.7,25.77,0.474163,0.48043,,
1975.373794,0.011032,-0.081396,-0.007182,-9.34857,-9.348927,0.001065,-0.00639,0.00426,98999.7,25.77,0.474073,0.48034,,
1975.385027,0.011233,-0.062244,-0.007182,-9.329418,-9.329628,0,-0.00639,0.00213,98999.7,25.77,0.493372,0.499639,,
1975.396269,0.011242,-0.05985,0.009576,-9.346176,-9.346373,0.001065,-0.00426,0.001065,98999.7,25.77,0.476627,0.482894,,
1975.408169,0.0119,-0.090972,-0.009576,-9.310266,-9.310715,0.001065,-0.00426,0.00213,98999.7,25.77,0.512285,0.518552,,
1975.418643,0.010474,-0.07182,-0.009576,-9.307872,-9.308154,0.003195,-0.00852,0,98998.86,25.77,0.514846,0.521113,,
1975.429897,0.011254,-0.052668,-0.021546,-9.327024,-9.327198,0,-0.003195,0.00213,98998.86,25.77,0.495802,0.502069,,
1975.440926,0.011029,-0.064638,-0.002394,-9.291114,-9.291339,0.001065,-0.005325,0.001065,98998.86,25.77,0.531661,0.537928,,
1975.452195,0.011269,-0.086184,0.009576,-9.307872,-9.308276,0.001065,-0.005325,0.003195,98998.86,25.77,0.514724,0.520991,,
1975.463353,0.011158,-0.074214,0.01197,-9.30069,-9.300994,0.001065,-0.005325,0.003195,98998.86,25.77,0.522006,0.528273,,
1975.47458,0.011227,-0.093366,0.026334,-9.307872,-9.308378,0.00213,-0.005325,0.00213,98998.86,25.77,0.514622,0.520889,,
1975.485676,0.011096,-0.069426,-0.004788,-9.327024,-9.327284,0.00213,-0.00639,0.003195,98998.86,25.77,0.495716,0.501983,,
1975.496847,0.011171,-0.076608,0.019152,-9.327024,-9.327358,0.003195,-0.005325,0.00213,98998.86,25.77,0.495642,0.501909,,
1975.508182,0.011335,-0.093366,0.04788,-9.338994,-9.339583,0,-0.007455,0.00213,98998.86,25.77,0.483417,0.489684,,
1975.519281,0.011099,-0.05985,0.01197,-9.331812,-9.332012,0.00213,-0.005325,0.003195,98998.86,25.77,0.490988,0.497255,,
1975.530656,0.011375,-0.100548,0.040698,-9.322236,-9.322867,0,-0.005325,0.005325,98998.86,25.77,0.500133,0.5064,,
1975.541947,0.011291,-0.03591,0.01197,-9.281538,-9.281615,-0.001065,-0.00639,0.001065,98998.86,25.77,0.541385,0.547652,,
1975.55279,0.010843,-0.112518,0.021546,-9.32463,-9.325334,0,-0.00639,0.00213,98997.93,25.77,0.497666,0.503933,,
1975.564135,0.011345,-0.03591,0.002394,-9.353358,-9.353427,0.00213,-0.00852,0.003195,98997.93,25.77,0.469573,0.47584,,
1975.576576,0.012441,-0.090972,-0.009576,-9.305478,-9.305928,0.001065,-0.003195,0.001065,98997.93,25.77,0.517072,0.523339,,
1975.587086,0.01051,-0.052668,0.021546,-9.322236,-9.32241,0.001065,-0.009585,0.001065,98997.93,25.77,0.50059,0.506857,,
1975.598296,0.01121,-0.045486,-0.031122,-9.322236,-9.322399,0.001065,-0.003195,0.00213,98997.93,25.77,0.500601,0.506868,,
1975.608696,0.0104,-0.093366,0.007182,-9.31266,-9.313131,0.00213,-0.005325,0.00213,98996.94,25.77,0.509869,0.516136,,
1975.62042,0.011723,-0.067032,-0.002394,-9.338994,-9.339235,0.001065,-0.001065,0.003195,98996.94,25.77,0.483765,0.490032,,
1975.631085,0.010665,-0.064638,-0.004788,-9.27675,-9.276976,0.00213,-0.007455,0.00213,98996.94,25.77,0.546024,0.552291,,
1975.642391,0.011306,-0.04788,-0.002394,-9.31266,-9.312783,0.003195,-0.00426,0.00426,98996.94,25.77,0.510217,0.516484,,
1975.653505,0.011114,-0.052668,-0.009576,-9.30069,-9.300844,0.001065,-0.00426,0.00426,98996.94,25.77,0.522156,0.528423,,
1975.664606,0.011101,-0.07182,0.016758,-9.32463,-9.324922,0.00213,-0.00426,0.00213,98996.94,25.77,0.498078,0.504345,,
1975.675915,0.011309,-0.067032,0.009576,-9.3366,-9.336846,0.00213,-0.003195,0.00426,98996.06,25.77,0.486154,0.492421,,
1975.687078,0.011164,-0.08379,0.016758,-9.30069,-9.301083,-0.001065,-0.00639,0,98996.06,25.77,0.521917,0.528184,,
1975.698223,0.011145,-0.10773,-0.007182,-9.315054,-9.31568,0.00213,-0.005325,0.00213,98996.06,25.77,0.50732,0.513587,,
1975.70937,0.011146,-0.062244,0.016758,-9.315054,-9.315277,0.001065,-0.00639,0.00213,98996.06,25.77,0.507723,0.51399,,
1975.720536,0.011166,-0.088578,0.007182,-9.327024,-9.327447,0.001065,-0.00426,0.001065,98996.06,25.77,0.495553,0.50182,,
1975.731862,0.011327,-0.086184,0.016758,-9.31266,-9.313074,0.00213,-0.005325,0.003195,98996.06,25.77,0.509926,0.516193,,
1975.742926,0.011064,-0.105336,0.038304,-9.293508,-9.294184,0,-0.00426,0.00213,98995.23,25.77,0.528816,0.535083,,
1975.754233,0.011307,-0.04788,0.01197,-9.279144,-9.279275,-0.001065,-0.00426,0.005325,98995.23,25.77,0.543725,0.549992,,
1975.765284,0.011051,-0.062244,0.03591,-9.346176,-9.346452,0.00213,-0.00852,0.00213,98995.23,25.77,0.476548,0.482815,,
1975.776514,0.011229,-0.064638,0.009576,-9.298296,-9.298526,0.001065,-0.00213,0.00213,98995.23,25.77,0.524474,0.530741,,
1975.787655,0.011142,-0.090972,0,-9.286326,-9.286772,0,-0.00639,0.00213,98995.23,25.77,0.536228,0.542495,,
1975.798862,0.011206,-0.014364,-0.019152,-9.322236,-9.322267,0.00213,-0.00426,0.003195,98995.23,25.77,0.500733,0.507,,
1975.810034,0.011172,-0.102942,0.002394,-9.305478,-9.306048,-0.001065,-0.00639,0.00426,98995.23,25.77,0.516952,0.523219,,
1975.821219,0.011184,-0.069426,0.004788,-9.341388,-9.341647,0.00213,-0.003195,0,98995.23,25.77,0.481353,0.48762,,
1975.832405,0.011186,-0.040698,0.021546,-9.319842,-9.319956,-0.001065,-0.005325,0.00213,98995.23,25.77,0.503044,0.509311,,
1975.843643,0.011239,-0.050274,-0.01197,-9.317448,-9.317591,0.001065,-0.00852,0.00213,98995.23,25.77,0.505409,0.511676,,
1975.855752,0.012109,-0.069426,-0.033516,-9.307872,-9.308191,0.003195,-0.00639,0.00213,98995.23,25.77,0.514809,0.521076,,
1975.866041,0.010289,-0.090972,0.03591,-9.343782,-9.344294,-0.001065,-0.007455,0.00213,98994.55,25.77,0.478706,0.484973,,
1975.877315,0.011273,-0.03591,-0.009576,-9.315054,-9.315128,0.003195,-0.001065,0.00213,98994.55,25.77,0.507872,0.514139,,
1975.888306,0.010992,-0.069426,0.038304,-9.319842,-9.320179,0,-0.00639,0.00426,98994.55,25.77,0.502821,0.509088,,
1975.899605,0.011299,-0.055062,0.016758,-9.32463,-9.324808,0.003195,-0.005325,0.00213,98994.55,25.77,0.498192,0.504459,,
1975.910707,0.011102,-0.07182,0.02394,-9.317448,-9.317756,0,-0.00639,0.00426,98994.55,25.77,0.505244,0.511511,,
1975.921855,0.011148,-0.064638,0.02394,-9.338994,-9.339248,0.003195,-0.003195,0.00213,98994.55,25.77,0.483752,0.490019,,
1975.933758,0.011903,-0.09576,0.019152,-9.283932,-9.284446,0.001065,-0.005325,0.003195,98993.67,25.77,0.538554,0.544821,,
1975.944252,0.010494,-0.105336,0.031122,-9.293508,-9.294157,0.00213,-0.00639,0.001065,98993.67,25.77,0.528843,0.53511,,
1975.955598,0.011346,-0.04788,0.014364,-9.274356,-9.274491,-0.001065,-0.00213,0.003195,98993.67,25.77,0.548509,0.554776,,
1975.966624,0.011026,-0.088578,0.007182,-9.315054,-9.315478,0,-0.009585,0.00213,98993.67,25.77,0.507522,0.513789,,
1975.97795,0.011326,-0.07182,0.004788,-9.32463,-9.324908,0.001065,-0.005325,0.001065,98993.67,25.77,0.498092,0.504359,,
1975.98897,0.01102,-0.088578,0.026334,-9.303084,-9.303543,0.003195,-0.00426,0,98993.67,25.77,0.519457,0.525724,,
1976.00043,0.011461,-0.064638,-0.021546,-9.262386,-9.262637,0,-0.00426,0.003195,98992.86,25.77,0.560363,0.56663,,
1976.01143,0.011,-0.076608,-0.009576,-9.31266,-9.31298,0.001065,-0.005325,0.00426,98992.86,25.77,0.51002,0.516287,,
1976.022553,0.011123,-0.088578,0.009576,-9.317448,-9.317874,0.003195,-0.007455,0.001065,98992.86,25.77,0.505126,0.511393,,
1976.033735,0.011182,-0.062244,-0.009576,-9.32463,-9.324843,0.00213,-0.00426,0.001065,98992.86,25.77,0.498157,0.504424,,
1976.044893,0.011157,-0.088578,-0.026334,-9.34857,-9.349027,0.001065,-0.007455,0.00213,98992.86,25.77,0.473973,0.48024,,
1976.057084,0.012191,-0.079002,0.01197,-9.322236,-9.322578,0,-0.00213,0.00213,98992.06,25.77,0.500422,0.506689,,
1976.067352,0.010268,-0.064638,-0.009576,-9.307872,-9.308101,0.00213,-0.005325,0,98992.06,25.77,0.514899,0.521166,,
1976.078542,0.011191,-0.069426,0.033516,-9.31266,-9.312979,0.003195,-0.00852,0.003195,98992.06,25.77,0.510021,0.516288,,
1976.089715,0.011173,-0.062244,-0.009576,-9.3366,-9.336812,0,-0.003195,0.001065,98992.06,25.77,0.486188,0.492455,,
1976.100821,0.011106,-0.081396,-0.007182,-9.327024,-9.327382,0,-0.00639,0,98992.06,25.77,0.495618,0.501885,,
1976.112344,0.011523,-0.057456,0.007182,-9.315054,-9.315234,0.001065,-0.005325,0.001065,98992.06,25.77,0.507766,0.514033,,
1976.123392,0.011049,-0.057456,-0.007182,-9.279144,-9.279325,0,-0.00213,0.00213,98992.06,25.77,0.543675,0.549942,,
1976.134581,0.011188,-0.08379,0.016758,-9.293508,-9.293901,0,-0.00639,0.001065,98992.06,25.77,0.529099,0.535366,,
1976.145594,0.011013,-0.069426,-0.007182,-9.310266,-9.310528,0.003195,-0.003195,0.003195,98992.06,25.77,0.512472,0.518739,,
1976.156761,0.011168,-0.09576,0.031122,-9.362934,-9.363475,0.001065,-0.00852,0.003195,98992.06,25.77,0.459525,0.465792,,
1976.168036,0.011274,-0.040698,0.019152,-9.310266,-9.310375,0.003195,-0.00426,0.001065,98992.06,25.77,0.512625,0.518892,,
1976.179163,0.011128,-0.064638,-0.021546,-9.31266,-9.312909,0.001065,-0.005325,0,98992.06,25.77,0.510091,0.516358,,
1976.1904,0.011236,-0.04788,0.031122,-9.365328,-9.365502,0,-0.003195,0.001065,98991.47,25.77,0.457498,0.463765,,
1976.201511,0.011111,-0.08379,0.016758,-9.353358,-9.353748,0.00213,-0.005325,0.00213,98991.47,25.77,0.469252,0.475519,,
1976.212659,0.011148,-0.05985,-0.021546,-9.327024,-9.327241,0,-0.003195,0.00213,98991.47,25.77,0.495759,0.502026,,
1976.223885,0.011226,-0.100548,0.016758,-9.37251,-9.373064,0.00213,-0.007455,0.003195,98991.47,25.77,0.449936,0.456203,,
1976.235174,0.011289,-0.110124,0.007182,-9.367722,-9.368372,0.00213,-0.00852,0.003195,98991.47,25.77,0.454628,0.460895,,
1976.246261,0.011088,-0.081396,0.007182,-9.365328,-9.365684,0,-0.005325,0.00213,98991.47,25.77,0.457316,0.463583,,
1976.257411,0.011149,-0.076608,0.009576,-9.391662,-9.391979,0.005325,-0.007455,0.00426,98990.69,25.77,0.431021,0.437288,,
1976.268581,0.01117,-0.064638,-0.014364,-9.37251,-9.372744,0.001065,-0.005325,0.00213,98990.69,25.77,0.450256,0.456523,,
1976.279852,0.01127,-0.074214,-0.01197,-9.44433,-9.444629,0.00213,-0.005325,0.00213,98990.69,25.77,0.378371,0.384638,,
1976.29102,0.011168,-0.067032,0.002394,-9.406026,-9.406265,-0.001065,-0.00213,0,98990.69,25.77,0.416735,0.423002,,
1976.302343,0.011323,-0.086184,0.002394,-9.374904,-9.3753,0.003195,-0.007455,0.00426,98990.69,25.77,0.4477,0.453967,,
1976.313339,0.010996,-0.081396,0.009576,-9.427572,-9.427928,0.00213,-0.00639,0.00213,98990.05,25.77,0.395072,0.401339,,
1976.324492,0.011153,-0.074214,0.01197,-9.37251,-9.372811,0.001065,-0.005325,0,98990.05,25.77,0.450189,0.456456,,
1976.335828,0.011337,-0.074214,-0.01197,-9.389268,-9.389569,0.003195,-0.003195,0.003195,98990.05,25.77,0.433431,0.439698,,
1976.346961,0.011132,-0.064638,-0.002394,-9.441936,-9.442158,-0.00213,-0.00639,0.00213,98990.05,25.77,0.380842,0.387109,,
1976.358104,0.011144,-0.067032,-0.002394,-9.461088,-9.461326,0.001065,-0.00639,0.00426,98990.05,25.77,0.361674,0.367941,,
1976.369544,0.01144,-0.105336,0.019152,-9.465876,-9.466481,0.00426,-0.00639,0.003195,98990.05,25.77,0.356519,0.362786,,
1976.381028,0.011484,-0.08379,-0.01197,-9.465876,-9.466254,0.001065,-0.00426,-0.001065,98989.36,25.77,0.356746,0.363013,,
1976.3917,0.010672,-0.090972,0.021546,-9.465876,-9.466338,0,-0.007455,0.00213,98989.36,25.77,0.356662,0.362929,,
1976.402848,0.011149,-0.079002,0.009576,-9.46827,-9.468604,0.001065,-0.00426,0.003195,98989.36,25.77,0.354396,0.360663,,
1976.414061,0.011212,-0.074214,0.028728,-9.473058,-9.473392,-0.001065,-0.005325,0,98989.36,25.77,0.349608,0.355875,,
1976.425171,0.011111,-0.079002,0.033516,-9.46827,-9.468659,0.00213,-0.003195,0.005325,98989.36,25.77,0.354341,0.360608,,
1976.436517,0.011345,-0.062244,-0.009576,-9.496998,-9.497207,0.00213,-0.005325,0,98989.36,25.77,0.325793,0.33206,,
1976.447815,0.011298,-0.064638,0.009576,-9.475452,-9.475677,0.003195,-0.00852,0.00213,98989.36,25.77,0.347323,0.35359,,
1976.458737,0.010922,-0.074214,0.004788,-9.463482,-9.463774,0.001065,-0.005325,0.001065,98989.36,25.77,0.359226,0.365493,,
1976.469923,0.011187,-0.062244,-0.016758,-9.506574,-9.506793,0.001065,-0.005325,0.001065,98989.36,25.77,0.316207,0.322474,,
1976.481284,0.011361,-0.090972,0.007182,-9.487422,-9.487861,-0.001065,-0.00639,0,98989.36,25.77,0.335139,0.341406,,
1976.492329,0.011045,-0.07182,0.019152,-9.511362,-9.511652,0.003195,-0.005325,0.00213,98989.36,25.77,0.311348,0.317615,,
1976.503957,0.011628,-0.079002,0.016758,-9.506574,-9.506917,0.003195,-0.001065,0,98989.36,25.77,0.316083,0.32235,,
1976.514778,0.010821,-0.076608,0.019152,-9.568818,-9.569144,0.00213,-0.00426,0.003195,98988.71,25.77,0.253856,0.260123,,
1976.525811,0.011034,-0.069426,-0.007182,-9.595152,-9.595406,0.001065,-0.00426,0.001065,98988.71,25.77,0.227594,0.233861,,
1976.537109,0.011297,-0.062244,-0.021546,-9.573606,-9.573833,0.00426,-0.00639,0.00213,98988.71,25.77,0.249167,0.255434,,
1976.548284,0.011175,-0.057456,-0.021546,-9.554454,-9.554651,0.001065,-0.00426,0.00213,98988.71,25.77,0.268349,0.274616,,
1976.5594,0.011116,-0.07182,0.007182,-9.571212,-9.571484,0.00213,-0.00426,0.003195,98988.71,25.77,0.251516,0.257783,,
1976.570604,0.011204,-0.090972,0.028728,-9.537696,-9.538173,0.001065,-0.005325,0.00213,98988.01,25.77,0.284827,0.291094,,
1976.581777,0.011172,-0.081396,-0.019152,-9.549666,-9.550032,0.001065,-0.003195,0.00426,98988.01,25.77,0.272968,0.279235,,
1976.592937,0.01116,-0.086184,-0.009576,-9.50418,-9.504576,0.00213,-0.00426,0,98988.01,25.77,0.318424,0.324691,,
1976.60418,0.011243,-0.088578,0.019152,-9.56403,-9.564459,0.00213,-0.00426,0.003195,98988.01,25.77,0.258541,0.264808,,
1976.615391,0.01121,-0.07182,0.026334,-9.547272,-9.547578,0.001065,-0.00426,0.00213,98988.01,25.77,0.275422,0.281689,,
1976.626535,0.011144,-0.07182,-0.01197,-9.576,-9.576277,0.003195,-0.00852,0.00213,98988.01,25.77,0.246723,0.25299,,
1976.637727,0.011192,-0.112518,0.002394,-9.54009,-9.540754,0.001065,-0.00426,0.005325,98987.51,25.77,0.282246,0.288513,,
1976.648963,0.011236,-0.081396,0.01197,-9.576,-9.576353,0.001065,-0.005325,0.001065,98987.51,25.77,0.246647,0.252914,,
1976.660152,0.011189,-0.069426,0.031122,-9.571212,-9.571514,0,-0.005325,0.003195,98987.51,25.77,0.251486,0.257753,,
1976.671236,0.011084,-0.088578,0.045486,-9.549666,-9.550185,0,-0.003195,0.001065,98987.51,25.77,0.272815,0.279082,,
1976.682468,0.011232,-0.045486,0.019152,-9.626274,-9.626401,0,-0.00426,0.00213,98987.51,25.77,0.196599,0.202866,,
1976.693632,0.011164,-0.079002,-0.01197,-9.62388,-9.624212,0,-0.00852,0.003195,98987.51,25.77,0.198788,0.205055,,
1976.70541,0.011778,-0.045486,-0.014364,-9.590364,-9.590483,0.001065,-0.00426,0.00213,98987.03,25.77,0.232517,0.238784,,
1976.716137,0.010727,-0.043092,-0.004788,-9.633456,-9.633554,0.001065,-0.003195,0,98987.03,25.77,0.189446,0.195713,,
1976.72731,0.011173,-0.055062,0.019152,-9.62388,-9.624057,0,-0.00639,0.003195,98987.03,25.77,0.198943,0.20521,,
1976.738403,0.011094,-0.01197,-0.026334,-9.607122,-9.607166,0.00213,-0.00426,0.003195,98987.03,25.77,0.215834,0.222101,,
1976.749541,0.011138,-0.050274,-0.002394,-9.681336,-9.681467,0.00213,-0.005325,0.00213,98987.03,25.77,0.141533,0.1478,,
1976.760832,0.011292,-0.038304,-0.01197,-9.645426,-9.645509,0.00213,-0.007455,0.00426,98987.03,25.77,0.177491,0.183758,,
1976.772302,0.011469,-0.074214,0.019152,-9.666972,-9.667276,0.00213,-0.00852,0.00213,98986.57,25.77,0.155724,0.161991,,
1976.783109,0.010808,-0.08379,0.004788,-9.643032,-9.643397,0.001065,-0.00426,0.00426,98986.57,25.77,0.179603,0.18587,,
1976.794343,0.011233,-0.126882,0.016758,-9.678942,-9.679788,0.003195,-0.005325,0.00213,98986.57,25.77,0.143212,0.149479,,
1976.805567,0.011224,-0.110124,0.07182,-9.669366,-9.67026,-0.001065,-0.00639,0.003195,98986.57,25.77,0.15274,0.159007,,
1976.816686,0.011119,-0.114912,0.038304,-9.657396,-9.658156,0.003195,-0.003195,0.00213,98986.57,25.77,0.164844,0.171111,,
1976.829026,0.01234,-0.14364,0.028728,-9.669366,-9.670476,0.00213,-0.007455,0,98986.57,25.77,0.152524,0.158791,,
1976.839735,0.010709,-0.126882,0.102942,-9.724428,-9.725801,0,-0.00426,0,98986.57,25.77,0.097199,0.103466,,
1976.85021,0.010475,-0.138852,0.03591,-9.674154,-9.675217,0.00213,-0.00639,0.00426,98986.57,25.77,0.147783,0.15405,,
1976.861422,0.011212,-0.146034,0.02394,-9.686124,-9.687254,0.001065,-0.00426,0.001065,98986.57,25.77,0.135746,0.142013,,
1976.872637,0.011215,-0.112518,0.021546,-9.681336,-9.682014,0.00426,-0.005325,-0.001065,98986.57,25.77,0.140986,0.147253,,
1976.884537,0.0119,-0.100548,0.019152,-9.726822,-9.727361,0,-0.005325,-0.001065,98986.57,25.77,0.095639,0.101906,,
1976.895147,0.010609,-0.033516,-0.007182,-9.73161,-9.73167,0.003195,-0.00213,-0.001065,98986.11,25.77,0.09133,0.097597,,
1976.90608,0.010934,-0.028728,-0.02394,-9.73161,-9.731682,0.001065,-0.00639,0.003195,98986.11,25.77,0.091318,0.097585,,
1976.917339,0.011259,-0.031122,-0.069426,-9.741186,-9.741483,0.003195,-0.00426,0.003195,98986.11,25.77,0.081517,0.087784,,
1976.928463,0.011124,-0.02394,-0.045486,-9.717246,-9.717382,0.003195,-0.005325,0.001065,98986.11,25.77,0.105618,0.111885,,
1976.93978,0.011317,-0.026334,-0.031122,-9.722034,-9.722119,0.001065,-0.00639,0.00213,98986.11,25.77,0.100881,0.107148,,
1976.950906,0.011126,0.040698,-0.081396,-9.74358,-9.744005,0.001065,-0.003195,0.00213,98986.11,25.77,0.078995,0.085262,,
1976.962115,0.01121,0.040698,-0.031122,-9.745974,-9.746109,0.00213,-0.00426,0.00213,98985.65,25.77,0.076891,0.083158,,
1976.973223,0.011108,0.067032,-0.079002,-9.734004,-9.734555,0.00213,-0.005325,0.003195,98985.65,25.77,0.088445,0.094712,,
1976.98439,0.011167,0.050274,-0.069426,-9.772308,-9.772684,0.001065,-0.007455,0.00639,98985.65,25.77,0.050316,0.056583,,
1976.99592,0.01153,-0.014364,-0.002394,-9.76752,-9.767531,0.00426,-0.00426,0.00426,98985.65,25.77,0.055469,0.061736,,
1977.00682,0.0109,-0.086184,0.074214,-9.777096,-9.777757,0.001065,-0.01065,0.005325,98985.65,25.77,0.045243,0.05151,,
1977.017972,0.011152,-0.110124,0.093366,-9.736398,-9.737468,0.00213,-0.00426,0.003195,98985.34,25.77,0.085532,0.091799,,
1977.029187,0.011215,-0.138852,0.129276,-9.722034,-9.723885,0.00213,-0.00426,0.00426,98985.34,25.77,0.099115,0.105382,,
1977.040381,0.011194,-0.22743,0.124488,-9.748368,-9.751815,0.00213,-0.00426,0.001065,98985.34,25.77,0.071185,0.077452,,
1977.051841,0.01146,-0.184338,0.141246,-9.777096,-9.779854,0.001065,-0.00426,0.00213,98985.34,25.77,0.043146,0.049413,,
1977.062781,0.010939,-0.172368,0.088578,-9.798642,-9.800558,-0.00213,0,-0.00213,98985.34,25.77,0.022442,0.028709,,
1977.074444,0.011663,-0.181944,0.074214,-9.789066,-9.791038,0.00213,-0.005325,-0.001065,98985.34,25.77,0.031962,0.038229,,
1977.085059,0.010616,-0.189126,0.067032,-9.817794,-9.819844,0.00213,-0.005325,0,98985.09,25.77,0.003156,0.009423,,
1977.096308,0.011248,-0.16758,0.04788,-9.820188,-9.821734,0,-0.00426,0,98985.09,25.77,0.001266,0.007533,,
1977.107457,0.011149,-0.186732,0.01197,-9.808218,-9.810003,0.00213,-0.007455,0,98985.09,25.77,0.012997,0.019264,,
1977.118647,0.01119,-0.134064,-0.04788,-9.82737,-9.828401,0.00213,-0.00213,-0.001065,98985.09,25.77,-0.005401,0.000866,,
1977.13043,0.011783,-0.08379,-0.031122,-9.820188,-9.820595,0.001065,-0.00426,0,98985.09,25.77,0.002405,0.008672,,
1977.140964,0.010534,-0.019152,-0.069426,-9.817794,-9.818058,0.00213,-0.003195,0.001065,98985.09,25.77,0.004942,0.011209,,
1977.152335,0.011371,0,-0.114912,-9.83934,-9.840011,0,-0.00213,0,98985.09,25.77,-0.017011,-0.010744,,
1977.163455,0.01112,0.016758,-0.110124,-9.872856,-9.873484,-0.00213,-0.00852,0.00213,98985.09,25.77,-0.050484,-0.044217,,
1977.174612,0.011157,0.016758,-0.093366,-9.798642,-9.799101,0.001065,-0.005325,0.00426,98985.09,25.77,0.023899,0.030166,,
1977.185792,0.01118,-0.014364,-0.093366,-9.813006,-9.813461,0.001065,-0.00639,0.00639,98985.09,25.77,0.009539,0.015806,,
1977.196937,0.011145,-0.038304,-0.04788,-9.80343,-9.803622,0,-0.00639,0.003195,98985.09,25.77,0.019378,0.025645,,
1977.208304,0.011367,-0.009576,0.002394,-9.772308,-9.772313,-0.001065,-0.003195,0.005325,98985.09,25.77,0.050687,0.056954,,
1977.220187,0.011883,-0.043092,0.021546,-9.786672,-9.786791,0.001065,-0.00426,0.005325,98984.9,25.77,0.036209,0.042476,,
1977.231028,0.010841,-0.009576,0.002394,-9.798642,-9.798647,0.003195,-0.00426,0.003195,98984.9,25.77,0.024353,0.03062,,
1977.241685,0.010657,-0.045486,0.01197,-9.789066,-9.789179,0.00213,-0.005325,0.00213,98984.9,25.77,0.033821,0.040088,,
1977.252856,0.011171,-0.019152,0.045486,-9.80343,-9.803554,0.003195,-0.00426,0.005325,98984.9,25.77,0.019446,0.025713,,
1977.264162,0.011306,-0.04788,0.064638,-9.808218,-9.808548,0.00213,-0.00639,0.003195,98984.9,25.77,0.014452,0.020719,,
1977.275826,0.011665,-0.055062,0.062244,-9.760338,-9.760692,0,-0.00213,0.00213,98984.64,25.77,0.062308,0.068575,,
1977.286446,0.01062,-0.081396,0.102942,-9.786672,-9.787552,0.00213,-0.005325,0.001065,98984.64,25.77,0.035448,0.041715,,
1977.29767,0.011224,-0.126882,0.10773,-9.786672,-9.788087,0.00426,-0.00426,0.00213,98984.64,25.77,0.034913,0.04118,,
1977.308776,0.011106,-0.098154,0.05985,-9.810612,-9.811286,0.003195,-0.005325,0.001065,98984.64,25.77,0.011714,0.017981,,
1977.320005,0.011229,-0.110124,0.033516,-9.824976,-9.82565,0.003195,-0.00426,0.00213,98984.64,25.77,-0.00265,0.003617,,
1977.331388,0.011383,-0.117306,0.01197,-9.85131,-9.852016,0.001065,-0.005325,-0.003195,98984.64,25.77,-0.029016,-0.022749,,
1977.342394,0.011006,-0.090972,-0.009576,-9.834552,-9.834977,0.00426,-0.00426,-0.001065,98984.48,25.77,-0.011977,-0.00571,,
1977.353511,0.011118,-0.07182,-0.026334,-9.856098,-9.856395,0.00213,-0.007455,-0.001065,98984.48,25.77,-0.033395,-0.027128,,
1977.364715,0.011203,-0.093366,-0.016758,-9.865674,-9.86613,0,-0.005325,0.003195,98984.48,25.77,-0.04313,-0.036863,,
1977.375999,0.011285,-0.112518,0.016758,-9.820188,-9.820847,0.00213,-0.00639,0,98984.48,25.77,0.002153,0.00842,,
1977.387083,0.011084,-0.114912,-0.031122,-9.772308,-9.773033,0.001065,-0.005325,0.001065,98984.48,25.77,0.049967,0.056234,,
1977.398282,0.011199,-0.1197,-0.02394,-9.774702,-9.775464,0,-0.00639,0.001065,98984.48,25.77,0.047536,0.053803,,
1977.409817,0.011535,-0.117306,0.01197,-9.789066,-9.789776,0.001065,-0.00426,0.00213,98984.35,25.77,0.033224,0.039491,,
1977.420586,0.010769,-0.069426,-0.064638,-9.793854,-9.794313,0.00213,-0.00426,0.003195,98984.35,25.77,0.028687,0.034954,,
1977.431876,0.011291,-0.076608,-0.043092,-9.8154,-9.815794,0.00213,-0.005325,0.00426,98984.35,25.77,0.007206,0.013473,,
1977.443112,0.011236,-0.081396,-0.050274,-9.82737,-9.827836,0.00213,-0.007455,0.005325,98984.35,25.77,-0.004836,0.001431,,
1977.455204,0.012092,-0.093366,-0.033516,-9.841734,-9.842234,0.001065,-0.00639,0.003195,98984.35,25.77,-0.019234,-0.012967,,
1977.465296,0.010092,-0.088578,0.033516,-9.877644,-9.878098,0,-0.00426,0.003195,98984.35,25.77,-0.055098,-0.048831,,
1977.475485,0.010188,-0.067032,-0.009576,-9.853704,-9.853937,0.003195,-0.005325,0.00213,98984.35,25.77,-0.030937,-0.02467,,
1977.485595,0.01011,-0.076608,0.03591,-9.82737,-9.827734,0.00213,-0.00426,0.00426,98984.35,25.77,-0.004734,0.001533,,
1977.495701,0.010106,-0.038304,0.014364,-9.841734,-9.841819,0,-0.00426,0.001065,98984.35,25.77,-0.018819,-0.012552,,
1977.505802,0.010101,-0.02394,0.031122,-9.844128,-9.844206,0.00213,-0.00639,0.00213,98984.35,25.77,-0.021206,-0.014939,,
1977.515976,0.010173,-0.03591,-0.002394,-9.853704,-9.85377,0.00213,-0.00213,0.00213,98984.35,25.77,-0.03077,-0.024503,,
1977.52606,0.010085,-0.043092,0.033516,-9.83934,-9.839491,0.001065,-0.00426,0.00213,98984.35,25.77,-0.016491,-0.010224,,
1977.536161,0.010101,0.002394,0.016758,-9.808218,-9.808233,0.00213,-0.007455,0.003195,98984.35,25.77,0.014767,0.021034,,
1977.54634,0.010178,-0.007182,0.057456,-9.784278,-9.784449,0.003195,-0.00639,0.00426,98984.13,25.77,0.038551,0.044818,,
1977.556444,0.010105,-0.02394,0.002394,-9.772308,-9.772338,0.00213,-0.00639,0.00213,98984.13,25.77,0.050662,0.056929,,
1977.566801,0.010356,-0.03591,0.055062,-9.786672,-9.786893,-0.003195,-0.00426,-0.001065,98984.13,25.77,0.036107,0.042374,,
1977.576959,0.010159,-0.09576,0.03591,-9.798642,-9.799176,0.003195,-0.009585,0,98984.13,25.77,0.023824,0.030091,,
1977.587041,0.010081,-0.026334,0.05985,-9.8154,-9.815618,0.00213,-0.00426,0.00213,98984.13,25.77,0.007382,0.013649,,
1977.597137,0.010097,-0.088578,0.016758,-9.832158,-9.832571,0.00213,-0.007455,0,98984.13,25.77,-0.009571,-0.003304,,
1977.607227,0.010089,-0.088578,0.01197,-9.832158,-9.832564,0.001065,-0.00426,-0.001065,98984.07,25.77,-0.009564,-0.003297,,
1977.617329,0.010103,-0.086184,0.009576,-9.846522,-9.846904,0.001065,-0.007455,-0.001065,98984.07,25.77,-0.023904,-0.017637,,
1977.627443,0.010113,-0.112518,0.004788,-9.848916,-9.84956,0.001065,-0.00426,-0.001065,98984.07,25.77,-0.02656,-0.020293,,
1977.637546,0.010103,-0.07182,-0.014364,-9.856098,-9.85637,0.003195,-0.00426,0.001065,98984.07,25.77,-0.03337,-0.027103,,
1977.647644,0.010098,-0.110124,0.002394,-9.820188,-9.820806,0.001065,-0.00639,0.003195,98984.07,25.77,0.002194,0.008461,,
1977.657862,0.010218,-0.14364,-0.02394,-9.820188,-9.821268,0.00426,-0.00426,-0.001065,98984.07,25.77,0.001732,0.007999,,
1977.667955,0.010094,-0.129276,-0.016758,-9.832158,-9.833022,0,-0.00426,0.00213,98984,25.77,-0.010022,-0.003755,,
1977.678484,0.010528,-0.138852,-0.019152,-9.810612,-9.811613,0.001065,-0.00639,0,98984,25.77,0.011387,0.017654,,
1977.688572,0.010088,-0.124488,-0.009576,-9.822582,-9.823375,0.00213,-0.00639,0.003195,98984,25.77,-0.000375,0.005892,,
1977.698657,0.010085,-0.105336,0.002394,-9.829764,-9.830329,0,-0.00639,0.003195,98984,25.77,-0.007329,-0.001062,,
1977.708865,0.010208,-0.093366,-0.007182,-9.789066,-9.789514,0.003195,-0.00639,0.00426,98984,25.77,0.033486,0.039753,,
1977.718948,0.010084,-0.105336,0.01197,-9.817794,-9.818366,0.00213,-0.00639,0.00426,98984,25.77,0.004634,0.010901,,
1977.729029,0.010081,-0.09576,0.031122,-9.846522,-9.847037,0.001065,-0.00426,0.00213,98984,25.77,-0.024037,-0.01777,,
1977.739123,0.010093,-0.079002,0.002394,-9.83934,-9.839657,0,-0.00639,0.005325,98983.89,25.77,-0.016657,-0.01039,,
1977.74923,0.010107,-0.100548,0.002394,-9.870462,-9.870974,0.00213,-0.00639,0,98983.89,25.77,-0.047974,-0.041707,,
1977.759336,0.010106,-0.074214,0.038304,-9.834552,-9.834907,0.00426,-0.005325,0.00213,98983.89,25.77,-0.011907,-0.00564,,
1977.769459,0.010123,-0.090972,0.019152,-9.836946,-9.837385,0.00213,-0.007455,0.00426,98983.89,25.77,-0.014385,-0.008118,,
1977.779567,0.010109,-0.088578,0.021546,-9.848916,-9.849338,0.00213,-0.005325,0.001065,98983.89,25.77,-0.026338,-0.020071,,
1977.789732,0.010165,-0.045486,0.043092,-9.813006,-9.813206,0.001065,-0.00426,0.003195,98983.89,25.77,0.009794,0.016061,,
1977.799834,0.010102,-0.043092,0.016758,-9.813006,-9.813115,-0.001065,-0.00426,0.00213,98983.62,25.77,0.009885,0.016152,,
1977.809939,0.010104,-0.038304,0.031122,-9.8154,-9.815524,0.00213,-0.00639,0.00213,98983.62,25.77,0.007476,0.013743,,
1977.820026,0.010088,-0.009576,0.014364,-9.801036,-9.801051,0.001065,-0.00639,0,98983.62,25.77,0.021949,0.028216,,
1977.830207,0.010181,-0.019152,0.033516,-9.774702,-9.774778,0.00213,-0.00639,0.00213,98983.62,25.77,0.048222,0.054489,,
1977.840314,0.010107,-0.016758,0.021546,-9.808218,-9.808256,0.00426,-0.00213,0,98983.62,25.77,0.014744,0.021011,,
1977.850406,0.010092,-0.045486,0.01197,-9.75555,-9.755663,0.00213,-0.00639,0.001065,98983.62,25.77,0.067337,0.073604,,
1977.860506,0.0101,-0.057456,-0.002394,-9.79146,-9.791629,0.003195,-0.00426,0.00213,98983.62,25.77,0.031371,0.037638,,
1977.870591,0.010085,-0.081396,0.033516,-9.80343,-9.803825,0.00213,-0.005325,0.00213,98983.62,25.77,0.019175,0.025442,,
1977.880701,0.01011,-0.057456,-0.016758,-9.820188,-9.82037,0.001065,-0.007455,0,98983.62,25.77,0.00263,0.008897,,
1977.891042,0.010341,-0.064638,0.002394,-9.834552,-9.834765,-0.001065,-0.005325,0.001065,98983.62,25.77,-0.011765,-0.005498,,
1977.901132,0.01009,-0.062244,-0.007182,-9.877644,-9.877843,0,-0.00426,0.00213,98983.62,25.77,-0.054843,-0.048576,,
1977.911214,0.010082,-0.076608,-0.009576,-9.85131,-9.851613,0.00426,-0.005325,0.00213,98983.62,25.77,-0.028613,-0.022346,,
1977.921329,0.010115,-0.079002,-0.040698,-9.80343,-9.803833,0,-0.007455,0.00213,98983.62,25.77,0.019167,0.025434,,
1977.93144,0.010111,-0.098154,-0.002394,-9.85131,-9.851799,0.00213,-0.005325,0.003195,98983.59,25.77,-0.028799,-0.022532,,
1977.941546,0.010106,-0.117306,-0.007182,-9.841734,-9.842436,0.001065,-0.00213,0.001065,98983.59,25.77,-0.019436,-0.013169,,
1977.951645,0.010099,-0.138852,-0.019152,-9.846522,-9.84752,0.00213,-0.003195,0.001065,98983.59,25.77,-0.02452,-0.018253,,
1977.961729,0.010084,-0.122094,0.038304,-9.798642,-9.799477,-0.001065,-0.005325,0.00213,98983.59,25.77,0.023523,0.02979,,
1977.971873,0.010144,-0.088578,-0.033516,-9.829764,-9.83022,0.00213,-0.00639,0.00213,98983.59,25.77,-0.00722,-0.000953,,
1977.981979,0.010106,-0.102942,0,-9.832158,-9.832697,0.00213,-0.00426,0.00426,98983.59,25.77,-0.009697,-0.00343,,
1977.992083,0.010104,-0.081396,0.016758,-9.769914,-9.770267,0.003195,-0.005325,0.005325,98983.56,25.77,0.052733,0.059,,
1978.002217,0.010134,-0.100548,-0.007182,-9.796248,-9.796767,0.00213,-0.00426,0.001065,98983.56,25.77,0.026233,0.0325,,
1978.012462,0.010245,-0.088578,0.004788,-9.793854,-9.794256,-0.001065,-0.003195,0.005325,98983.56,25.77,0.028744,0.035011,,
1978.02255,0.010087,-0.086184,0.02394,-9.808218,-9.808626,0.00213,-0.00426,0.00213,98983.56,25.77,0.014374,0.020641,,
1978.032652,0.010103,-0.088578,0.01197,-9.80343,-9.803837,-0.001065,-0.00426,0.001065,98983.56,25.77,0.019163,0.02543,,
1978.042748,0.010096,-0.08379,0.021546,-9.853704,-9.854084,0.001065,-0.00426,-0.00213,98983.56,25.77,-0.031084,-0.024817,,
1978.052842,0.010094,-0.050274,0.028728,-9.805824,-9.805995,0.00213,-0.00426,0.00213,98983.56,25.77,0.017005,0.023272,,
1978.062942,0.0101,-0.100548,-0.002394,-9.829764,-9.830279,0.001065,-0.005325,0.001065,98983.36,25.77,-0.007279,-0.001012,,
1978.073033,0.010091,-0.045486,0.014364,-9.836946,-9.837062,0.001065,-0.005325,-0.003195,98983.36,25.77,-0.014062,-0.007795,,
1978.083119,0.010086,-0.038304,0.019152,-9.822582,-9.822675,0.003195,-0.005325,0.001065,98983.36,25.77,0.000325,0.006592,,
1978.093206,0.010087,-0.052668,0.02394,-9.8154,-9.81557,0.00213,-0.005325,-0.001065,98983.36,25.77,0.00743,0.013697,,
1978.103563,0.010357,-0.055062,0.02394,-9.820188,-9.820372,0.005325,-0.005325,0.003195,98983.36,25.77,0.002628,0.008895,,
1978.114256,0.010693,-0.074214,0.02394,-9.810612,-9.810922,-0.001065,-0.005325,-0.001065,98983.36,25.77,0.012078,0.018345,,
1978.125765,0.011509,-0.067032,0.02394,-9.801036,-9.801294,0.001065,-0.00639,0.00426,98983.21,25.77,0.021706,0.027973,,
1978.136498,0.010733,-0.090972,0.028728,-9.822582,-9.823045,0.00213,-0.00426,0.001065,98983.21,25.77,-4.5E-05,0.006222,,
1978.147711,0.011213,-0.074214,-0.009576,-9.810612,-9.810897,0.00426,-0.005325,0,98983.21,25.77,0.012103,0.01837,,
1978.158861,0.01115,-0.081396,0.014364,-9.841734,-9.842081,0.003195,-0.00639,0.003195,98983.21,25.77,-0.019081,-0.012814,,
1978.170079,0.011218,-0.038304,-0.033516,-9.808218,-9.80835,0.001065,-0.00639,0.001065,98983.21,25.77,0.01465,0.020917,,
1978.181708,0.011629,-0.076608,-0.014364,-9.889614,-9.889921,0.001065,-0.007455,0,98982.89,25.77,-0.066921,-0.060654,,
1978.192329,0.010621,-0.09576,-0.016758,-9.832158,-9.832639,-0.001065,-0.007455,0.00213,98982.89,25.77,-0.009639,-0.003372,,
1978.203772,0.011442,-0.069426,-0.031122,-9.85131,-9.851604,0.001065,-0.005325,0.00426,98982.89,25.77,-0.028604,-0.022337,,
1978.214935,0.011163,-0.093366,0.019152,-9.8154,-9.815863,0.003195,-0.005325,0.001065,98982.89,25.77,0.007137,0.013404,,
1978.225913,0.010978,-0.117306,0.028728,-9.822582,-9.823324,0.003195,-0.007455,0.003195,98982.89,25.77,-0.000324,0.005943,,
1978.237353,0.01144,-0.098154,-0.019152,-9.810612,-9.811122,0.00213,-0.00426,0.005325,98982.89,25.77,0.011878,0.018145,,
1978.248478,0.011126,-0.076608,-0.007182,-9.8154,-9.815702,0.003195,-0.00639,0.00213,98982.89,25.77,0.007298,0.013565,,
1978.25952,0.011042,-0.04788,0,-9.813006,-9.813123,0.003195,-0.00639,0.00426,98982.89,25.77,0.009877,0.016144,,
1978.27072,0.011199,-0.081396,0.004788,-9.796248,-9.796587,0.00213,-0.007455,0.003195,98982.89,25.77,0.026413,0.03268,,
1978.281862,0.011142,-0.090972,0.01197,-9.781884,-9.782314,0.001065,-0.005325,0.00213,98982.89,25.77,0.040686,0.046953,,
1978.29302,0.011158,-0.08379,0.004788,-9.834552,-9.83491,0.003195,-0.007455,0.003195,98982.89,25.77,-0.01191,-0.005643,,
1978.304302,0.011282,-0.093366,0.014364,-9.813006,-9.813461,0.00213,-0.005325,0.00213,98982.89,25.77,0.009539,0.015806,,
1978.316069,0.011766,-0.08379,0.04788,-9.844128,-9.844601,0,-0.005325,0,98982.76,25.77,-0.021601,-0.015334,,
1978.326572,0.010503,-0.093366,0.038304,-9.820188,-9.820707,0.00213,-0.00426,0.001065,98982.76,25.77,0.002293,0.00856,,
1978.337815,0.011243,-0.093366,0.026334,-9.817794,-9.818273,0.001065,-0.00639,0,98982.76,25.77,0.004727,0.010994,,
1978.348903,0.011088,-0.08379,0.038304,-9.836946,-9.837377,0.003195,-0.005325,0,98982.76,25.77,-0.014377,-0.00811,,
1978.36018,0.011278,-0.050274,0.050274,-9.846522,-9.846779,0.001065,-0.007455,0.00213,98982.76,25.77,-0.023779,-0.017512,,
1978.371356,0.011176,-0.062244,-0.009576,-9.82737,-9.827572,0.001065,-0.003195,0.00426,98982.76,25.77,-0.004572,0.001695,,
1978.38256,0.011204,-0.07182,0.01197,-9.834552,-9.834822,-0.001065,-0.00426,0,98982.55,25.77,-0.011822,-0.005555,,
1978.393637,0.011077,-0.076608,0.019152,-9.844128,-9.844445,0,-0.00426,0.001065,98982.55,25.77,-0.021445,-0.015178,,
1978.405121,0.011484,-0.064638,0.01197,-9.82737,-9.82759,0.001065,-0.00426,0.001065,98982.55,25.77,-0.00459,0.001677,,
1978.416166,0.011044,-0.093366,0.014364,-9.77949,-9.779946,0.001065,-0.007455,0,98982.55,25.77,0.043054,0.049321,,
1978.427754,0.011588,-0.07182,-0.026334,-9.822582,-9.82288,0.00426,-0.005325,0.003195,98982.55,25.77,0.00012,0.006387,,
1978.438651,0.010896,-0.040698,-0.03591,-9.80343,-9.80358,0.001065,-0.00639,0.001065,98982.55,25.77,0.01942,0.025687,,
1978.451157,0.012507,-0.043092,-0.021546,-9.801036,-9.801154,0.003195,-0.003195,0.001065,98982.42,25.77,0.021846,0.028113,,
1978.461298,0.010141,-0.055062,-0.045486,-9.820188,-9.820448,0,-0.005325,0.00426,98982.42,25.77,0.002552,0.008819,,
1978.471976,0.010677,-0.067032,-0.026334,-9.858492,-9.858755,0.003195,-0.00639,0.003195,98982.42,25.77,-0.035755,-0.029488,,
1978.483241,0.011266,-0.067032,0.016758,-9.820188,-9.820431,0,-0.00426,0.003195,98982.42,25.77,0.002569,0.008836,,
1978.494414,0.011173,-0.09576,-0.016758,-9.810612,-9.811094,0.001065,-0.005325,0.00213,98982.42,25.77,0.011906,0.018173,,
1978.50567,0.011255,-0.086184,0.002394,-9.853704,-9.854081,0.001065,-0.007455,0.00213,98982.39,25.77,-0.031081,-0.024814,,
1978.516697,0.011027,-0.069426,0.03591,-9.817794,-9.818105,0.00213,-0.00426,0.001065,98982.39,25.77,0.004895,0.011162,,
1978.528025,0.011328,-0.081396,0.033516,-9.813006,-9.813401,0.00213,-0.00426,-0.001065,98982.39,25.77,0.009599,0.015866,,
1978.539095,0.01107,-0.102942,0.016758,-9.829764,-9.830317,0,-0.003195,0.001065,98982.39,25.77,-0.007317,-0.00105,,
1978.550302,0.011207,-0.09576,0.043092,-9.805824,-9.806386,0.001065,-0.00426,0.00426,98982.39,25.77,0.016614,0.022881,,
1978.56153,0.011228,-0.08379,0.052668,-9.822582,-9.823081,0,-0.005325,0.001065,98982.39,25.77,-8.1E-05,0.006186,,
1978.572795,0.011265,-0.105336,0.021546,-9.824976,-9.825564,0.00213,-0.003195,0.001065,98982.39,25.77,-0.002564,0.003703,,
1978.583865,0.01107,-0.100548,0.043092,-9.836946,-9.837554,0,-0.00426,0.001065,98982.39,25.77,-0.014554,-0.008287,,
1978.59516,0.011295,-0.09576,0.033516,-9.834552,-9.835075,0,-0.007455,0,98982.39,25.77,-0.012075,-0.005808,,
1978.606282,0.011122,-0.076608,0.028728,-9.846522,-9.846862,0.00213,-0.005325,0.001065,98982.39,25.77,-0.023862,-0.017595,,
1978.617398,0.011115,-0.08379,0.03591,-9.824976,-9.825399,0.001065,-0.00639,0.00213,98982.39,25.77,-0.002399,0.003868,,
1978.628572,0.011175,-0.064638,-0.014364,-9.834552,-9.834775,0.001065,-0.007455,0,98982.39,25.77,-0.011775,-0.005508,,
1978.640327,0.011754,-0.050274,-0.004788,-9.846522,-9.846652,0.001065,-0.00639,0.00213,98982.28,25.77,-0.023652,-0.017385,,
1978.65101,0.010683,-0.031122,-0.019152,-9.805824,-9.805892,0.001065,-0.001065,0.001065,98982.28,25.77,0.017108,0.023375,,
1978.662205,0.011195,-0.055062,-0.031122,-9.844128,-9.844331,0.001065,-0.00639,0.00213,98982.28,25.77,-0.021331,-0.015064,,
1978.673333,0.011128,-0.043092,-0.009576,-9.810612,-9.810711,0.00213,-0.00426,0.001065,98982.28,25.77,0.012289,0.018556,,
1978.68446,0.011127,-0.067032,-0.014364,-9.848916,-9.849155,0.001065,-0.00426,0.00213,98982.28,25.77,-0.026155,-0.019888,,
1978.695887,0.011428,-0.07182,-0.016758,-9.805824,-9.806101,0.001065,-0.005325,0.00213,98982.26,25.77,0.016899,0.023166,,
1978.706859,0.010971,-0.040698,-0.016758,-9.793854,-9.793953,0.00426,-0.005325,0.001065,98982.26,25.77,0.029047,0.035314,,
1978.718097,0.011238,-0.062244,-0.002394,-9.834552,-9.834749,0.001065,-0.007455,0.003195,98982.26,25.77,-0.011749,-0.005482,,
1978.729218,0.011121,-0.064638,-0.007182,-9.841734,-9.841949,0.001065,-0.00639,0.00426,98982.26,25.77,-0.018949,-0.012682,,
1978.740393,0.011175,-0.07182,-0.01197,-9.793854,-9.794125,0.00426,-0.007455,0.001065,98982.26,25.77,0.028875,0.035142,,
1978.751851,0.011458,-0.069426,-0.007182,-9.841734,-9.841981,0.00213,-0.00852,0.00426,98982.26,25.77,-0.018981,-0.012714,,
1978.762844,0.010993,-0.09576,0.016758,-9.834552,-9.835032,0.003195,-0.00426,0.003195,98982.17,25.77,-0.012032,-0.005765,,
1978.774094,0.01125,-0.086184,0.033516,-9.832158,-9.832593,0.003195,-0.005325,0,98982.17,25.77,-0.009593,-0.003326,,
1978.785115,0.011021,-0.100548,0.062244,-9.817794,-9.818506,0.00213,-0.00852,0.00213,98982.17,25.77,0.004494,0.010761,,
1978.79634,0.011225,-0.1197,0.033516,-9.829764,-9.83055,0.003195,-0.003195,0.00426,98982.17,25.77,-0.00755,-0.001283,,
1978.80753,0.011189,-0.090972,0.021546,-9.82737,-9.827815,0.00213,-0.005325,0.001065,98982.17,25.77,-0.004815,0.001452,,
1978.818799,0.01127,-0.079002,0.007182,-9.820188,-9.820508,0.003195,-0.00426,-0.001065,98982.17,25.77,0.002492,0.008759,,
1978.830235,0.011436,-0.093366,0.01197,-9.824976,-9.825427,0.001065,-0.00213,0.00213,98982.14,25.77,-0.002427,0.00384,,
1978.841041,0.010806,-0.093366,0.014364,-9.80343,-9.803885,0.00213,-0.00639,0,98982.14,25.77,0.019115,0.025382,,
1978.852231,0.01119,-0.07182,0.016758,-9.810612,-9.810889,0.001065,-0.00213,0.001065,98982.14,25.77,0.012111,0.018378,,
1978.862609,0.010378,-0.098154,-0.026334,-9.810612,-9.811138,0.001065,-0.005325,0.001065,98982.14,25.77,0.011862,0.018129,,
1978.872812,0.010204,-0.076608,0.014364,-9.832158,-9.832467,0.00213,-0.005325,0,98982.14,25.77,-0.009467,-0.0032,,
1978.882916,0.010103,-0.057456,-0.01197,-9.817794,-9.817969,0.00213,-0.003195,0.003195,98982.14,25.77,0.005031,0.011298,,
1978.893003,0.010088,-0.064638,0.002394,-9.824976,-9.825189,0,-0.005325,0.00213,98982.14,25.77,-0.002189,0.004078,,
1978.903098,0.010095,-0.093366,-0.009576,-9.822582,-9.82303,0.001065,-0.00426,0,98982.14,25.77,-3E-05,0.006237,,
1978.913191,0.010092,-0.043092,-0.004788,-9.822582,-9.822678,0,-0.005325,0.001065,98982.14,25.77,0.000322,0.006589,,
1978.923284,0.010093,-0.069426,0,-9.846522,-9.846767,0.005325,-0.003195,0.00213,98982.14,25.77,-0.023767,-0.0175,,
1978.933396,0.010112,-0.07182,0.031122,-9.8154,-9.815712,-0.001065,-0.005325,0,98982.14,25.77,0.007288,0.013555,,
1978.943487,0.010091,-0.076608,0.01197,-9.810612,-9.810918,0.003195,-0.00852,0.003195,98982.14,25.77,0.012082,0.018349,,
1978.95373,0.010243,-0.09576,0.007182,-9.832158,-9.832627,0.001065,-0.00639,0.003195,98982.02,25.77,-0.009627,-0.00336,,
1978.963908,0.010178,-0.079002,0.019152,-9.832158,-9.832494,0.001065,-0.005325,0.001065,98982.02,25.77,-0.009494,-0.003227,,
1978.974259,0.010351,-0.057456,0.007182,-9.805824,-9.805995,0,-0.00639,0.003195,98982.02,25.77,0.017005,0.023272,,
1978.98436,0.010102,-0.090972,-0.002394,-9.836946,-9.837367,0.00213,-0.00426,0.00213,98982.02,25.77,-0.014367,-0.0081,,
1978.994443,0.010083,-0.079002,0.019152,-9.85131,-9.851645,0,-0.00426,-0.001065,98982.02,25.77,-0.028645,-0.022378,,
1979.004529,0.010086,-0.064638,-0.004788,-9.817794,-9.818008,0.001065,-0.00639,0.003195,98982.02,25.77,0.004992,0.011259,,
1979.014707,0.010177,-0.093366,0.04788,-9.801036,-9.801598,0.005325,-0.003195,0.001065,98982.02,25.77,0.021402,0.027669,,
1979.024811,0.010104,-0.088578,0.01197,-9.798642,-9.79905,0.00213,-0.005325,0.00213,98981.98,25.77,0.02395,0.030217,,
1979.03491,0.010099,-0.045486,-0.004788,-9.824976,-9.825082,0.00213,-0.007455,0.001065,98981.98,25.77,-0.002082,0.004185,,
1979.044999,0.010089,-0.088578,-0.002394,-9.805824,-9.806224,0.00213,-0.009585,0.00213,98981.98,25.77,0.016776,0.023043,,
1979.055083,0.010084,-0.050274,0.014364,-9.8154,-9.815539,0.001065,-0.003195,0.001065,98981.98,25.77,0.007461,0.013728,,
1979.065277,0.010194,-0.062244,0.021546,-9.83934,-9.83956,0.003195,-0.005325,0.00426,98981.98,25.77,-0.01656,-0.010293,,
1979.075391,0.010114,-0.093366,0.007182,-9.82737,-9.827816,0.001065,-0.00639,0,98981.98,25.77,-0.004816,0.001451,,
1979.085508,0.010116,-0.050274,0.038304,-9.836946,-9.837149,0.00213,-0.003195,0.00213,98981.93,25.77,-0.014149,-0.007882,,
1979.095622,0.010115,-0.067032,-0.002394,-9.801036,-9.801266,0.001065,-0.005325,0.001065,98981.93,25.77,0.021734,0.028001,,
1979.10573,0.010108,-0.05985,-0.01197,-9.824976,-9.825166,0.001065,-0.007455,0.00213,98981.93,25.77,-0.002166,0.004101,,
1979.115916,0.010186,-0.062244,0.02394,-9.824976,-9.825202,0.001065,-0.005325,0.001065,98981.93,25.77,-0.002202,0.004065,,
1979.126042,0.010126,-0.081396,0.01197,-9.786672,-9.787018,-0.001065,-0.00639,0.001065,98981.93,25.77,0.035982,0.042249,,
1979.136138,0.010096,-0.074214,0.009576,-9.853704,-9.853988,0.001065,-0.005325,0.00213,98981.93,25.77,-0.030988,-0.024721,,
1979.146257,0.010119,-0.064638,0.01197,-9.796248,-9.796469,0.00213,-0.00639,0.001065,98981.88,25.77,0.026531,0.032798,,
1979.156368,0.010111,-0.088578,-0.002394,-9.856098,-9.856496,0.001065,-0.00426,0.001065,98981.88,25.77,-0.033496,-0.027229,,
1979.166472,0.010104,-0.081396,0.021546,-9.836946,-9.837306,0.00213,-0.00639,0.003195,98981.88,25.77,-0.014306,-0.008039,,
1979.176579,0.010108,-0.074214,0.007182,-9.786672,-9.786956,0.001065,-0.00639,0.001065,98981.88,25.77,0.036044,0.042311,,
1979.18666,0.010081,-0.110124,0.004788,-9.832158,-9.832776,0.001065,-0.003195,0.003195,98981.88,25.77,-0.009776,-0.003509,,
1979.196759,0.010099,-0.1197,0.026334,-9.834552,-9.835316,0.003195,-0.005325,0.00213,98981.88,25.77,-0.012316,-0.006049,,
1979.206887,0.010128,-0.110124,0.01197,-9.793854,-9.79448,0.001065,-0.005325,0.003195,98981.88,25.77,0.02852,0.034787,,
1979.216975,0.010088,-0.069426,0.016758,-9.841734,-9.841993,0.00213,-0.007455,0.003195,98981.88,25.77,-0.018993,-0.012726,,
1979.227218,0.010243,-0.102942,0.055062,-9.844128,-9.84482,0,-0.005325,0.00426,98981.88,25.77,-0.02182,-0.015553,,
1979.23737,0.010152,-0.04788,0.007182,-9.805824,-9.805944,0.00213,-0.003195,0.003195,98981.88,25.77,0.017056,0.023323,,
1979.24745,0.010079,-0.105336,0.002394,-9.856098,-9.856661,-0.001065,-0.00639,0.00213,98981.88,25.77,-0.033661,-0.027394,,
1979.257574,0.010124,-0.050274,0.019152,-9.820188,-9.820335,0.00213,-0.00639,0.003195,98981.88,25.77,0.002665,0.008932,,
1979.267683,0.010109,-0.076608,-0.031122,-9.810612,-9.81096,0.00213,-0.00426,0.001065,98981.88,25.77,0.01204,0.018307,,
1979.278048,0.010365,-0.081396,0.007182,-9.820188,-9.820528,0.001065,-0.00426,0.001065,98981.87,25.77,0.002472,0.008739,,
1979.288145,0.010097,-0.086184,0.009576,-9.817794,-9.818177,0.00213,-0.00426,0.00213,98981.87,25.77,0.004823,0.01109,,
1979.298236,0.010091,-0.081396,-0.02394,-9.80343,-9.803797,0.00213,-0.007455,0.003195,98981.87,25.77,0.019203,0.02547,,
1979.308326,0.01009,-0.088578,0.007182,-9.80343,-9.803833,0.00213,-0.00213,0,98981.87,25.77,0.019167,0.025434,,
1979.318412,0.010086,-0.045486,0.045486,-9.810612,-9.810823,0.001065,-0.00639,0,98981.87,25.77,0.012177,0.018444,,
1979.328519,0.010107,-0.067032,-0.014364,-9.813006,-9.813245,0.00213,-0.003195,0.001065,98981.87,25.77,0.009755,0.016022,,
1979.338639,0.010121,-0.062244,-0.052668,-9.820188,-9.820526,0.003195,-0.00639,0.001065,98981.83,25.77,0.002474,0.008741,,
1979.348752,0.010113,-0.09576,0.028728,-9.786672,-9.787183,0.00213,-0.01065,0.003195,98981.83,25.77,0.035817,0.042084,,
1979.358857,0.010105,-0.062244,-0.016758,-9.834552,-9.834763,0.003195,-0.00426,0.001065,98981.83,25.77,-0.011763,-0.005496,,
1979.368948,0.010091,-0.129276,0.009576,-9.789066,-9.789924,0.00213,-0.00852,0.00213,98981.83,25.77,0.033076,0.039343,,
1979.379057,0.010109,-0.09576,0.033516,-9.813006,-9.81353,0.003195,-0.00639,0.003195,98981.83,25.77,0.00947,0.015737,,
1979.38966,0.010603,-0.067032,-0.002394,-9.820188,-9.820417,0,-0.005325,0.00213,98981.83,25.77,0.002583,0.00885,,
1979.399922,0.010263,-0.093366,0.01197,-9.824976,-9.825427,0,-0.005325,0.00426,98981.82,25.77,-0.002427,0.00384,,
1979.410299,0.010376,-0.090972,0.064638,-9.844128,-9.844761,0.00213,-0.005325,0.00213,98981.82,25.77,-0.021761,-0.015494,,
1979.42039,0.010092,-0.067032,-0.004788,-9.834552,-9.834782,0.001065,-0.00426,0.001065,98981.82,25.77,-0.011782,-0.005515,,
1979.430483,0.010092,-0.09576,0.021546,-9.813006,-9.813497,0.00213,-0.007455,0.00426,98981.82,25.77,0.009503,0.01577,,
1979.440569,0.010087,-0.093366,0.007182,-9.82737,-9.827816,0.001065,-0.00639,0.00213,98981.82,25.77,-0.004816,0.001451,,
1979.450672,0.010102,-0.064638,0.014364,-9.808218,-9.808442,0.001065,-0.005325,0,98981.82,25.77,0.014558,0.020825,,
1979.460754,0.010082,-0.110124,0.009576,-9.834552,-9.835173,0.001065,-0.007455,0.00213,98981.82,25.77,-0.012173,-0.005906,,
1979.470842,0.010088,-0.062244,0.019152,-9.834552,-9.834768,0.003195,-0.00426,0,98981.72,25.77,-0.011768,-0.005501,,
1979.480959,0.010117,-0.076608,0.01197,-9.80343,-9.803737,0.00213,-0.003195,0.001065,98981.72,25.77,0.019263,0.02553,,
1979.491054,0.010096,-0.088578,0.014364,-9.805824,-9.806235,0.001065,-0.007455,0.00426,98981.72,25.77,0.016765,0.023032,,
1979.501487,0.010433,-0.100548,0.007182,-9.83934,-9.839856,0.001065,-0.00426,0.00213,98981.72,25.77,-0.016856,-0.010589,,
1979.511587,0.0101,-0.09576,0,-9.813006,-9.813473,-0.001065,-0.00639,0.00426,98981.72,25.77,0.009527,0.015794,,
1979.524339,0.012751,-0.07182,0.007182,-9.846522,-9.846787,0.00213,-0.00426,0,98981.72,25.77,-0.023787,-0.01752,,
1979.53467,0.010332,-0.055062,-0.014364,-9.829764,-9.829929,0.001065,-0.005325,0.00213,98981.8,25.77,-0.006929,-0.000662,,
1979.546332,0.011662,-0.081396,0.002394,-9.844128,-9.844465,0.003195,-0.00426,0.00213,98981.8,25.77,-0.021465,-0.015198,,
1979.556737,0.010406,-0.093366,0.002394,-9.810612,-9.811057,0.00213,-0.005325,0.003195,98981.8,25.77,0.011943,0.01821,,
1979.56682,0.010083,-0.062244,-0.019152,-9.846522,-9.846737,0.003195,-0.00639,0.00213,98981.8,25.77,-0.023737,-0.01747,,
1979.576906,0.010085,-0.045486,0.02394,-9.808218,-9.808353,0.00213,-0.005325,0.00213,98981.8,25.77,0.014647,0.020914,,
1979.587056,0.010151,-0.079002,-0.028728,-9.848916,-9.849275,0,-0.005325,0.005325,98981.8,25.77,-0.026275,-0.020008,,
1979.597199,0.010142,-0.079002,0.01197,-9.829764,-9.830089,0.00213,-0.003195,0.00213,98981.8,25.77,-0.007089,-0.000822,,
1979.607369,0.01017,-0.079002,0.021546,-9.841734,-9.842075,0.00213,-0.00426,0.00213,98981.8,25.77,-0.019075,-0.012808,,
1979.617495,0.010126,-0.086184,-0.014364,-9.829764,-9.830152,0,-0.00426,0.003195,98981.8,25.77,-0.007152,-0.000885,,
1979.627589,0.010093,-0.098154,0.016758,-9.784278,-9.784785,0.001065,-0.005325,0.001065,98981.8,25.77,0.038215,0.044482,,
1979.637855,0.010266,-0.100548,0.016758,-9.82737,-9.827899,0.00426,-0.007455,0,98981.8,25.77,-0.004899,0.001368,,
1979.647943,0.010088,-0.074214,-0.004788,-9.820188,-9.82047,0.001065,-0.00639,-0.00213,98981.8,25.77,0.00253,0.008797,,
1979.658116,0.010173,-0.074214,0.016758,-9.841734,-9.842028,0.00426,-0.007455,0.003195,98981.88,25.77,-0.019028,-0.012761,,
1979.668778,0.010662,-0.07182,0.016758,-9.820188,-9.820465,0.001065,-0.005325,0.003195,98981.88,25.77,0.002535,0.008802,,
1979.679929,0.011151,-0.045486,-0.01197,-9.829764,-9.829877,0.00213,-0.005325,0.003195,98981.88,25.77,-0.006877,-0.00061,,
1979.691166,0.011237,-0.069426,0.02394,-9.813006,-9.813281,0,-0.007455,0.001065,98981.88,25.77,0.009719,0.015986,,
1979.702308,0.011142,-0.086184,0.01197,-9.8154,-9.815786,0.00213,-0.00852,-0.001065,98981.88,25.77,0.007214,0.013481,,
1979.713589,0.011281,-0.05985,0,-9.829764,-9.829946,0.00426,-0.003195,0.00426,98981.88,25.77,-0.006946,-0.000679,,
1979.725828,0.012239,-0.102942,0.009576,-9.784278,-9.784824,0,-0.003195,0.003195,98981.72,25.77,0.038176,0.044443,,
1979.738579,0.012751,-0.110124,0.045486,-9.834552,-9.835274,0.003195,-0.005325,0.003195,98981.72,25.77,-0.012274,-0.006007,,
1979.753506,0.014927,-0.126882,0.038304,-9.77949,-9.780388,-0.001065,-0.00213,0,98981.72,25.77,0.042612,0.048879,,
1979.763591,0.010085,-0.09576,0.004788,-9.836946,-9.837413,0.00213,-0.007455,0.001065,98981.72,25.77,-0.014413,-0.008146,,
1979.773696,0.010105,-0.088578,-0.021546,-9.813006,-9.813429,0.00213,-0.00426,0.001065,98981.72,25.77,0.009571,0.015838,,
1979.783823,0.010127,-0.04788,0.014364,-9.820188,-9.820315,0.00213,-0.00639,0.003195,98981.72,25.77,0.002685,0.008952,,
1979.793927,0.010104,-0.069426,0.014364,-9.858492,-9.858747,0.003195,-0.00426,0.003195,98981.71,25.77,-0.035747,-0.02948,,
1979.804051,0.010124,-0.050274,-0.019152,-9.83934,-9.839487,0,-0.007455,0.003195,98981.71,25.77,-0.016487,-0.01022,,
1979.81447,0.010419,-0.062244,0.004788,-9.846522,-9.84672,0.001065,-0.007455,0.00426,98981.71,25.77,-0.02372,-0.017453,,
1979.825304,0.010835,-0.076608,0.021546,-9.848916,-9.849238,0.00213,-0.00639,0.003195,98981.71,25.77,-0.026238,-0.019971,,
1979.836559,0.011254,-0.05985,0.01197,-9.798642,-9.798832,0.00213,-0.00639,0.001065,98981.71,25.77,0.024168,0.030435,,
1979.847855,0.011297,-0.086184,0.016758,-9.829764,-9.830156,-0.00213,-0.00639,0,98981.71,25.77,-0.007156,-0.000889,,
1979.859204,0.011348,-0.064638,0.021546,-9.8154,-9.815636,0.00426,-0.003195,0.00213,98981.64,25.77,0.007364,0.013631,,
1979.870107,0.010904,-0.067032,-0.019152,-9.810612,-9.81086,0.001065,-0.00639,0.001065,98981.64,25.77,0.01214,0.018407,,
1979.881211,0.011103,-0.069426,0.033516,-9.836946,-9.837248,0.00213,-0.00426,0.00426,98981.64,25.77,-0.014248,-0.007981,,
1979.89252,0.01131,-0.076608,0,-9.829764,-9.830063,0.00213,-0.003195,0.003195,98981.64,25.77,-0.007063,-0.000796,,
1979.903684,0.011164,-0.105336,0.016758,-9.820188,-9.820767,0.00213,-0.005325,0.001065,98981.64,25.77,0.002233,0.0085,,
1979.915871,0.012187,-0.100548,0.02394,-9.801036,-9.801581,0.001065,-0.007455,0.003195,98981.64,25.77,0.021419,0.027686,,
1979.92599,0.010119,-0.079002,0.01197,-9.796248,-9.796574,0.00426,-0.005325,0.005325,98981.64,25.77,0.026426,0.032693,,
1979.937359,0.011369,-0.081396,-0.009576,-9.808218,-9.80856,0.001065,-0.005325,0,98981.64,25.77,0.01444,0.020707,,
1979.948386,0.011027,-0.069426,0.045486,-9.8154,-9.815751,0.001065,-0.00426,0.00426,98981.64,25.77,0.007249,0.013516,,
1979.959576,0.01119,-0.086184,-0.01197,-9.817794,-9.81818,0.00213,-0.003195,0,98981.64,25.77,0.00482,0.011087,,
1979.970784,0.011208,-0.093366,-0.007182,-9.848916,-9.849361,0.00213,-0.005325,0,98981.64,25.77,-0.026361,-0.020094,,
1979.981974,0.011191,-0.08379,0,-9.844128,-9.844485,0.001065,-0.00426,0.001065,98981.63,25.77,-0.021485,-0.015218,,
1979.993105,0.011131,-0.074214,0.004788,-9.8154,-9.815682,0.001065,-0.00426,0,98981.63,25.77,0.007318,0.013585,,
1980.00467,0.011565,-0.09576,0.009576,-9.820188,-9.82066,0.003195,-0.009585,0.003195,98981.63,25.77,0.00234,0.008607,,
1980.015595,0.010925,-0.07182,-0.014364,-9.82737,-9.827643,-0.001065,-0.007455,0.003195,98981.63,25.77,-0.004643,0.001624,,
1980.026777,0.011182,-0.074214,0.019152,-9.829764,-9.830063,0.001065,-0.00639,0.003195,98981.63,25.77,-0.007063,-0.000796,,
1980.037876,0.011099,-0.057456,0.004788,-9.810612,-9.810781,0.003195,-0.00426,0.001065,98981.63,25.77,0.012219,0.018486,,
1980.049059,0.011183,-0.062244,0,-9.82737,-9.827567,0,-0.005325,0,98981.59,25.77,-0.004567,0.0017,,
1980.060266,0.011207,-0.064638,0.014364,-9.836946,-9.837169,0,-0.005325,0.00213,98981.59,25.77,-0.014169,-0.007902,,
1980.071522,0.011255,-0.057456,0.028728,-9.805824,-9.806034,0.00213,-0.00639,0.003195,98981.59,25.77,0.016966,0.023233,,
1980.08263,0.011108,-0.064638,0.009576,-9.820188,-9.820405,0.003195,-0.00639,0,98981.59,25.77,0.002595,0.008862,,
1980.093826,0.011196,-0.081396,0.016758,-9.810612,-9.810964,0.001065,-0.00426,0.00213,98981.59,25.77,0.012036,0.018303,,
1980.104958,0.011132,-0.081396,0.03591,-9.813006,-9.813409,0.005325,-0.009585,0.003195,98981.59,25.77,0.009591,0.015858,,
1980.116454,0.011497,-0.050274,0.007182,-9.822582,-9.822713,0.00213,-0.00213,0,98981.51,25.77,0.000287,0.006554,,
1980.127333,0.010879,-0.069426,0.02394,-9.80343,-9.803705,0.00426,-0.005325,0.00213,98981.51,25.77,0.019295,0.025562,,
1980.138536,0.011203,-0.090972,0.026334,-9.813006,-9.813463,0.001065,-0.005325,0.00213,98981.51,25.77,0.009537,0.015804,,
1980.149639,0.011104,-0.05985,0,-9.813006,-9.813189,0,-0.003195,0.003195,98981.51,25.77,0.009811,0.016078,,
1980.160856,0.011217,-0.067032,-0.016758,-9.789066,-9.78931,0.003195,-0.00639,0.00426,98981.51,25.77,0.03369,0.039957,,
1980.172354,0.011498,-0.067032,-0.002394,-9.832158,-9.832387,0.003195,-0.003195,0.00213,98981.51,25.77,-0.009387,-0.00312,,
1980.183264,0.01091,-0.055062,0.014364,-9.82737,-9.827535,0.001065,-0.00426,-0.001065,98981.51,25.77,-0.004535,0.001732,,
1980.19449,0.011226,-0.079002,-0.014364,-9.836946,-9.837274,0.001065,-0.00639,0,98981.51,25.77,-0.014274,-0.008007,,
1980.205589,0.011099,-0.086184,0,-9.793854,-9.794233,0,-0.005325,0.00213,98981.51,25.77,0.028767,0.035034,,
1980.21691,0.011321,-0.07182,0.007182,-9.820188,-9.820453,0.003195,-0.003195,0.00213,98981.51,25.77,0.002547,0.008814,,
1980.22867,0.01176,-0.093366,-0.01197,-9.829764,-9.830215,0.003195,-0.007455,0.001065,98981.51,25.77,-0.007215,-0.000948,,
1980.239239,0.010569,-0.074214,0.002394,-9.822582,-9.822863,0,-0.005325,0,98981.51,25.77,0.000137,0.006404,,
1980.250454,0.011215,-0.079002,0.019152,-9.817794,-9.818131,0.00213,-0.00639,0.00213,98981.51,25.77,0.004869,0.011136,,
1980.261525,0.011072,-0.117306,0.01197,-9.810612,-9.811321,0.001065,-0.00852,0.001065,98981.51,25.77,0.011679,0.017946,,
1980.272793,0.011267,-0.064638,0.028728,-9.805824,-9.806079,0,-0.00426,0.00213,98981.51,25.77,0.016921,0.023188,,
1980.284047,0.011254,-0.079002,-0.002394,-9.805824,-9.806143,0.001065,-0.00639,0.00213,98981.51,25.77,0.016857,0.023124,,
1980.295158,0.011112,-0.064638,0.031122,-9.817794,-9.818056,0.001065,-0.003195,0.001065,98981.51,25.77,0.004944,0.011211,,
1980.306393,0.011235,-0.102942,-0.009576,-9.829764,-9.830308,0.003195,-0.005325,0.003195,98981.63,25.77,-0.007308,-0.001041,,
1980.317429,0.011036,-0.076608,0.03591,-9.810612,-9.810977,0.001065,-0.003195,0.00426,98981.63,25.77,0.012023,0.01829,,
1980.32862,0.011191,-0.069426,0.014364,-9.817794,-9.81805,0.001065,-0.005325,0.00213,98981.63,25.77,0.00495,0.011217,,
1980.339892,0.011272,-0.076608,-0.004788,-9.810612,-9.810912,-0.001065,-0.005325,0,98981.63,25.77,0.012088,0.018355,,
1980.351086,0.011194,-0.069426,0.028728,-9.836946,-9.837233,0.00213,-0.00426,-0.001065,98981.63,25.77,-0.014233,-0.007966,,
1980.362224,0.011138,-0.057456,0,-9.832158,-9.832326,0.001065,-0.005325,0.00213,98981.61,25.77,-0.009326,-0.003059,,
1980.373387,0.011163,-0.067032,-0.01197,-9.796248,-9.796485,0.00213,-0.003195,0.00426,98981.61,25.77,0.026515,0.032782,,
1980.384544,0.011158,-0.07182,0.01197,-9.822582,-9.822852,0.001065,-0.00639,0.00213,98981.61,25.77,0.000148,0.006415,,
1980.395784,0.01124,-0.074214,0.021546,-9.824976,-9.82528,0.00426,-0.00639,0.001065,98981.61,25.77,-0.00228,0.003987,,
1980.406943,0.011159,-0.098154,0.019152,-9.822582,-9.823091,0.001065,-0.00639,-0.001065,98981.61,25.77,-9.1E-05,0.006176,,
1980.418172,0.011229,-0.074214,-0.004788,-9.817794,-9.818076,0.001065,-0.00426,0.003195,98981.61,25.77,0.004924,0.011191,,
1980.429272,0.0111,-0.086184,0.014364,-9.822582,-9.822971,0.001065,-0.00639,0.00426,98981.51,25.77,2.9E-05,0.006296,,
1980.440453,0.01118,-0.07182,-0.033516,-9.817794,-9.818114,0.001065,-0.005325,0,98981.51,25.77,0.004886,0.011153,,
