time,dt,accel_x,accel_y,accel_z,union_g,gyro_x,gyro_y,gyro_z,pressure,temp,ag,ag.old,,前 200 测试平均值
1985.697319,0.011253,-0.09576,0.043092,-9.841734,-9.842294,-0.001065,-0.007455,0.001065,98981.79,25.77,-0.019177963,-0.013027,,-9.823116037
1985.708448,0.011129,-0.090972,0.009576,-9.80343,-9.803857,0.00213,-0.003195,0.00213,98981.79,25.77,0.019259037,0.02541,,
1985.71975,0.011303,-0.09576,0.004788,-9.82737,-9.827838,0,-0.005325,0.001065,98981.79,25.77,-0.004721963,0.001429,,
1985.731024,0.011273,-0.086184,0.014364,-9.822582,-9.822971,0,-0.00639,0.001065,98981.79,25.77,0.000145037,0.006296,,
1985.742013,0.01099,-0.052668,-0.007182,-9.844128,-9.844272,0.001065,-0.005325,0.00213,98981.85,25.77,-0.021155963,-0.015005,,
1985.753158,0.011145,-0.033516,-0.007182,-9.8154,-9.81546,0,-0.005325,0.00213,98981.85,25.77,0.007656037,0.013807,,
1985.764332,0.011175,-0.069426,-0.01197,-9.829764,-9.830016,0.001065,-0.003195,0,98981.85,25.77,-0.006899963,-0.000749,,
1985.775678,0.011345,-0.081396,-0.007182,-9.820188,-9.820528,0.003195,-0.00426,0.00213,98981.85,25.77,0.002588037,0.008739,,
1985.786739,0.011061,-0.067032,0.028728,-9.805824,-9.806095,0.003195,-0.005325,0.001065,98981.85,25.77,0.017021037,0.023172,,
1985.797906,0.011167,-0.067032,-0.004788,-9.808218,-9.808448,0,-0.00426,0.003195,98981.85,25.77,0.014668037,0.020819,,
1985.809124,0.011218,-0.081396,-0.01197,-9.82737,-9.827714,0.003195,-0.007455,0.00213,98981.83,25.77,-0.004597963,0.001553,,
1985.820286,0.011163,-0.093366,0.009576,-9.848916,-9.849363,0.00213,-0.005325,0.001065,98981.83,25.77,-0.026246963,-0.020096,,
1985.831483,0.011197,-0.033516,-0.014364,-9.8154,-9.815468,0.001065,-0.003195,0,98981.83,25.77,0.007648037,0.013799,,
1985.842685,0.011201,-0.064638,0.009576,-9.805824,-9.806042,0.005325,-0.00639,0.00426,98981.83,25.77,0.017074037,0.023225,,
1985.853912,0.011227,-0.088578,0.019152,-9.793854,-9.794273,0.003195,-0.00426,0.003195,98981.83,25.77,0.028843037,0.034994,,
1985.865081,0.011169,-0.079002,-0.007182,-9.836946,-9.837266,-0.00213,-0.009585,0.00213,98981.8,25.77,-0.014149963,-0.007999,,
1985.876356,0.011275,-0.098154,0.028728,-9.810612,-9.811145,0.00213,-0.005325,0.00426,98981.8,25.77,0.011971037,0.018122,,
1985.887463,0.011107,-0.105336,0.02394,-9.834552,-9.835145,-0.001065,-0.003195,-0.001065,98981.8,25.77,-0.012028963,-0.005878,,
1985.898672,0.011209,-0.102942,0.016758,-9.822582,-9.823136,0.00213,-0.00426,0.003195,98981.8,25.77,-1.99632E-05,0.006131,,
1985.909789,0.011118,-0.069426,0.014364,-9.844128,-9.844383,0.00426,-0.005325,0.001065,98981.8,25.77,-0.021266963,-0.015116,,
1985.921016,0.011227,-0.07182,0.026334,-9.848916,-9.849213,0.00213,-0.005325,0.00213,98981.8,25.77,-0.026096963,-0.019946,,
1985.932402,0.011386,-0.069426,0.019152,-9.853704,-9.853967,0.00213,-0.005325,0.001065,98981.69,25.77,-0.030850963,-0.0247,,
1985.943453,0.011051,-0.090972,0.002394,-9.808218,-9.80864,0,-0.00639,0,98981.69,25.77,0.014476037,0.020627,,
1985.954603,0.01115,-0.076608,0.021546,-9.801036,-9.801359,0.00213,-0.007455,0.001065,98981.69,25.77,0.021757037,0.027908,,
1985.965678,0.011075,-0.100548,0.016758,-9.8154,-9.815929,0.001065,-0.00426,0.001065,98981.69,25.77,0.007187037,0.013338,,
1985.976916,0.011238,-0.102942,0,-9.822582,-9.823121,0,-0.00426,0.00213,98981.69,25.77,-4.96316E-06,0.006146,,
1985.988171,0.011254,-0.090972,-0.009576,-9.848916,-9.849341,0.00213,-0.00426,-0.001065,98981.69,25.77,-0.026224963,-0.020074,,
1985.999314,0.011143,-0.07182,-0.004788,-9.832158,-9.832421,0.003195,-0.00426,0.001065,98981.69,25.77,-0.009304963,-0.003154,,
1986.010474,0.011161,-0.05985,-0.004788,-9.801036,-9.80122,0.00426,-0.00852,0.001065,98981.69,25.77,0.021896037,0.028047,,
1986.021709,0.011234,-0.052668,-0.019152,-9.8154,-9.81556,0.00213,-0.00639,-0.001065,98981.69,25.77,0.007556037,0.013707,,
1986.032805,0.011097,-0.05985,-0.009576,-9.813006,-9.813193,-0.00213,-0.00426,0.001065,98981.69,25.77,0.009923037,0.016074,,
1986.044144,0.011338,-0.064638,0.007182,-9.846522,-9.846737,0.00213,-0.00426,0.001065,98981.69,25.77,-0.023620963,-0.01747,,
1986.055388,0.011245,-0.086184,-0.002394,-9.772308,-9.772688,0.00213,-0.007455,0.00213,98981.67,25.77,0.050428037,0.056579,,
1986.066309,0.010921,-0.112518,0.016758,-9.822582,-9.823241,0.001065,-0.005325,0.00213,98981.67,25.77,-0.000124963,0.006026,,
1986.076404,0.010095,-0.079002,-0.002394,-9.822582,-9.8229,0.00213,-0.00426,0.00213,98981.67,25.77,0.000216037,0.006367,,
1986.086491,0.010087,-0.09576,0.007182,-9.83934,-9.839809,0.003195,-0.00639,0.003195,98981.67,25.77,-0.016692963,-0.010542,,
1986.096588,0.010097,-0.086184,0.043092,-9.834552,-9.835024,0,-0.005325,0.003195,98981.67,25.77,-0.011907963,-0.005757,,
1986.1067,0.010112,-0.05985,0,-9.836946,-9.837128,0.00213,-0.00639,0.00213,98981.67,25.77,-0.014011963,-0.007861,,
1986.116796,0.010096,-0.088578,0.01197,-9.813006,-9.813413,0.003195,-0.00639,0.00426,98981.67,25.77,0.009703037,0.015854,,
1986.12689,0.010094,-0.07182,0.019152,-9.868068,-9.868348,0.00213,-0.00639,0.001065,98981.72,25.77,-0.045231963,-0.039081,,
1986.137017,0.010127,-0.09576,0.021546,-9.805824,-9.806315,0.00213,-0.005325,0.00213,98981.72,25.77,0.016801037,0.022952,,
1986.147169,0.010152,-0.067032,0.004788,-9.824976,-9.825206,0.001065,-0.00639,0.00213,98981.72,25.77,-0.002089963,0.004061,,
1986.15727,0.010101,-0.10773,0.052668,-9.817794,-9.818526,0.00426,-0.005325,0.00213,98981.72,25.77,0.004590037,0.010741,,
1986.167497,0.010227,-0.110124,0.019152,-9.810612,-9.811249,-0.001065,-0.00639,0.00213,98981.72,25.77,0.011867037,0.018018,,
1986.177764,0.010267,-0.069426,0.014364,-9.844128,-9.844383,0.001065,-0.005325,0.00213,98981.72,25.77,-0.021266963,-0.015116,,
1986.187866,0.010102,-0.081396,0.033516,-9.848916,-9.849309,0,-0.00639,0,98981.77,25.77,-0.026192963,-0.020042,,
1986.197974,0.010108,-0.069426,-0.019152,-9.801036,-9.801301,0.003195,-0.00213,0.001065,98981.77,25.77,0.021815037,0.027966,,
1986.20807,0.010096,-0.076608,0,-9.834552,-9.83485,0,-0.007455,0.001065,98981.77,25.77,-0.011733963,-0.005583,,
1986.21826,0.010189,-0.10773,-0.004788,-9.822582,-9.823174,0.003195,-0.00639,0.003195,98981.77,25.77,-5.79632E-05,0.006093,,
1986.228454,0.010195,-0.064638,-0.02394,-9.836946,-9.837187,-0.001065,-0.001065,0.005325,98981.77,25.77,-0.014070963,-0.00792,,
1986.238548,0.010094,-0.086184,0.004788,-9.820188,-9.820567,0.003195,-0.007455,0.001065,98981.77,25.77,0.002549037,0.0087,,
1986.248657,0.010109,-0.076608,0.014364,-9.822582,-9.822891,0.00426,-0.007455,0,98981.74,25.77,0.000225037,0.006376,,
1986.258751,0.010094,-0.098154,0.007182,-9.808218,-9.808712,-0.001065,-0.00426,0.003195,98981.74,25.77,0.014404037,0.020555,,
1986.268854,0.010104,-0.064638,-0.014364,-9.810612,-9.810835,0,-0.00639,-0.001065,98981.74,25.77,0.012281037,0.018432,,
1986.279445,0.010591,-0.088578,0.007182,-9.832158,-9.83256,0.001065,-0.00426,0.003195,98981.74,25.77,-0.009443963,-0.003293,,
1986.28955,0.010105,-0.081396,-0.004788,-9.813006,-9.813345,0.003195,-0.00639,0.003195,98981.74,25.77,0.009771037,0.015922,,
1986.299618,0.010068,-0.086184,-0.019152,-9.822582,-9.822979,0.001065,-0.00426,0.001065,98981.74,25.77,0.000137037,0.006288,,
1986.309726,0.010108,-0.081396,0.016758,-9.824976,-9.825327,0.001065,-0.00426,0.001065,98981.74,25.77,-0.002210963,0.00394,,
1986.319823,0.010097,-0.043092,-0.019152,-9.801036,-9.801149,0.001065,-0.00639,0.00213,98981.74,25.77,0.021967037,0.028118,,
1986.329934,0.010111,-0.081396,0.016758,-9.8154,-9.815752,0.001065,-0.003195,0.00213,98981.74,25.77,0.007364037,0.013515,,
1986.34007,0.010136,-0.067032,0.004788,-9.817794,-9.818024,0.001065,-0.005325,0.00213,98981.74,25.77,0.005092037,0.011243,,
1986.350227,0.010157,-0.079002,0.004788,-9.805824,-9.806143,0.001065,-0.00426,0.001065,98981.74,25.77,0.016973037,0.023124,,
1986.360314,0.010087,-0.07182,0.007182,-9.848916,-9.84918,0,-0.00426,0.00213,98981.74,25.77,-0.026063963,-0.019913,,
1986.370642,0.010327,-0.069426,0.03591,-9.798642,-9.798954,0,-0.00426,0.00213,98981.74,25.77,0.024162037,0.030313,,
1986.380745,0.010103,-0.069426,0.014364,-9.82737,-9.827626,0,-0.005325,0.003195,98981.74,25.77,-0.004509963,0.001641,,
1986.391281,0.010537,-0.086184,0.01197,-9.834552,-9.834937,0.00426,-0.00426,0.001065,98981.74,25.77,-0.011820963,-0.00567,,
1986.401391,0.01011,-0.057456,0.009576,-9.829764,-9.829937,-0.003195,-0.00213,0.001065,98981.74,25.77,-0.006820963,-0.00067,,
1986.411494,0.010103,-0.088578,0,-9.836946,-9.837345,0.001065,-0.00639,0.00213,98981.74,25.77,-0.014228963,-0.008078,,
1986.421621,0.010127,-0.086184,0.045486,-9.817794,-9.818278,0.00213,-0.005325,0.001065,98981.74,25.77,0.004838037,0.010989,,
1986.431706,0.010085,-0.093366,0.031122,-9.820188,-9.820681,0.001065,-0.003195,0.00213,98981.74,25.77,0.002435037,0.008586,,
1986.441818,0.010112,-0.08379,0.014364,-9.82737,-9.827738,0.00213,-0.00639,0.001065,98981.66,25.77,-0.004621963,0.001529,,
1986.451944,0.010126,-0.079002,0.021546,-9.822582,-9.822923,0.00213,-0.007455,0.001065,98981.66,25.77,0.000193037,0.006344,,
1986.462027,0.010083,-0.074214,0,-9.813006,-9.813287,0.001065,-0.00426,0.00213,98981.66,25.77,0.009829037,0.01598,,
1986.472184,0.010158,-0.086184,0.002394,-9.805824,-9.806203,0.001065,-0.00639,0.001065,98981.66,25.77,0.016913037,0.023064,,
1986.482274,0.01009,-0.069426,0,-9.824976,-9.825221,0.001065,-0.005325,0.001065,98981.66,25.77,-0.002104963,0.004046,,
1986.492394,0.010121,-0.043092,-0.007182,-9.810612,-9.810709,0.001065,-0.00426,0.00213,98981.66,25.77,0.012407037,0.018558,,
1986.50248,0.010086,-0.076608,-0.016758,-9.836946,-9.837259,0.001065,-0.005325,0.001065,98981.55,25.77,-0.014142963,-0.007992,,
1986.512624,0.010144,-0.045486,-0.021546,-9.834552,-9.834681,0.001065,-0.00213,0.00213,98981.55,25.77,-0.011564963,-0.005414,,
1986.522704,0.01008,-0.045486,-0.004788,-9.868068,-9.868174,0.001065,-0.005325,0.00213,98981.55,25.77,-0.045057963,-0.038907,,
1986.532791,0.010087,-0.007182,-0.052668,-9.880038,-9.880181,0.001065,-0.003195,0.001065,98981.55,25.77,-0.057064963,-0.050914,,
1986.542876,0.010084,-0.040698,-0.007182,-9.86328,-9.863367,0.001065,-0.00639,0,98981.55,25.77,-0.040250963,-0.0341,,
1986.552965,0.010089,-0.03591,-0.01197,-9.8154,-9.815473,0.003195,-0.00639,0.003195,98981.55,25.77,0.007643037,0.013794,,
1986.563058,0.010094,-0.088578,0.038304,-9.813006,-9.813481,0.001065,-0.01065,0.00639,98981.55,25.77,0.009635037,0.015786,,
1986.573156,0.010097,-0.098154,0.052668,-9.8154,-9.816032,0.003195,-0.005325,0.00213,98981.4,25.77,0.007084037,0.013235,,
1986.583242,0.010086,-0.126882,0.067032,-9.77949,-9.780543,0,-0.00639,0.00426,98981.4,25.77,0.042573037,0.048724,,
1986.593338,0.010096,-0.181944,0.08379,-9.76752,-9.769574,0.001065,-0.007455,0.001065,98981.4,25.77,0.053542037,0.059693,,
1986.603855,0.010517,-0.201096,0.086184,-9.813006,-9.815445,0.003195,-0.00426,0.003195,98981.4,25.77,0.007671037,0.013822,,
1986.613972,0.010117,-0.090972,0.03591,-9.829764,-9.830251,0.001065,-0.003195,0.001065,98981.4,25.77,-0.007134963,-0.000984,,
1986.62409,0.010118,-0.081396,0.045486,-9.824976,-9.825418,0.001065,-0.003195,0,98981.4,25.77,-0.002301963,0.003849,,
1986.634267,0.010177,-0.08379,0.016758,-9.813006,-9.813378,0.001065,-0.007455,0,98981.4,25.77,0.009738037,0.015889,,
1986.644413,0.010147,-0.088578,-0.004788,-9.848916,-9.849315,0.00213,-0.007455,0.001065,98981.4,25.77,-0.026198963,-0.020048,,
1986.654507,0.010094,-0.088578,-0.002394,-9.853704,-9.854102,0.003195,-0.003195,0.00426,98981.4,25.77,-0.030985963,-0.024835,,
1986.664588,0.01008,-0.02394,-0.033516,-9.834552,-9.834638,0.00213,-0.00639,0.001065,98981.4,25.77,-0.011521963,-0.005371,,
1986.674689,0.010101,-0.064638,-0.016758,-9.820188,-9.820415,0,-0.005325,0.00213,98981.4,25.77,0.002701037,0.008852,,
1986.684789,0.0101,-0.05985,-0.038304,-9.80343,-9.803688,0.00213,-0.007455,0.00213,98981.4,25.77,0.019428037,0.025579,,
1986.694912,0.010123,-0.045486,-0.038304,-9.834552,-9.834732,0.001065,-0.00426,0.003195,98981.27,25.77,-0.011615963,-0.005465,,
1986.705002,0.01009,0.019152,-0.038304,-9.810612,-9.810705,0.00213,-0.003195,0.001065,98981.27,25.77,0.012411037,0.018562,,
1986.715099,0.010097,-0.028728,-0.052668,-9.820188,-9.820371,0.001065,-0.00852,0.005325,98981.27,25.77,0.002745037,0.008896,,
1986.725268,0.010169,-0.050274,0.009576,-9.85131,-9.851443,0.003195,-0.00639,0.003195,98981.27,25.77,-0.028326963,-0.022176,,
1986.73538,0.010112,-0.040698,-0.019152,-9.784278,-9.784381,0,-0.00639,0.003195,98981.27,25.77,0.038735037,0.044886,,
1986.745535,0.010155,-0.040698,-0.002394,-9.822582,-9.822667,0.00213,-0.005325,0.00213,98981.27,25.77,0.000449037,0.0066,,
1986.755624,0.010089,-0.090972,0.040698,-9.784278,-9.784786,0.001065,-0.003195,0.003195,98981.34,25.77,0.038330037,0.044481,,
1986.765726,0.010103,-0.09576,0.04788,-9.870462,-9.871043,0.00213,-0.003195,0.00426,98981.34,25.77,-0.047926963,-0.041776,,
1986.775813,0.010086,-0.102942,0.043092,-9.79146,-9.792096,0.003195,-0.005325,0.003195,98981.34,25.77,0.031020037,0.037171,,
1986.785906,0.010093,-0.100548,0.021546,-9.805824,-9.806363,0.003195,-0.00426,0,98981.34,25.77,0.016753037,0.022904,,
1986.796004,0.010098,-0.10773,0.045486,-9.813006,-9.813703,0.003195,-0.003195,0,98981.34,25.77,0.009413037,0.015564,,
1986.806091,0.010088,-0.117306,0.026334,-9.798642,-9.79938,0.001065,-0.00639,0.00213,98981.34,25.77,0.023736037,0.029887,,
1986.816748,0.010657,-0.138852,0.03591,-9.846522,-9.847566,0.00213,-0.005325,0,98981.15,25.77,-0.024449963,-0.018299,,
1986.826842,0.010094,-0.090972,0.043092,-9.817794,-9.81831,0.00213,-0.00426,0.001065,98981.15,25.77,0.004806037,0.010957,,
1986.836933,0.010091,-0.177156,0.05985,-9.824976,-9.826755,0.001065,-0.00639,0,98981.15,25.77,-0.003638963,0.002512,,
1986.847015,0.010082,-0.172368,0.043092,-9.798642,-9.800253,0.001065,-0.003195,0.00213,98981.15,25.77,0.022863037,0.029014,,
1986.857122,0.010108,-0.148428,0.03591,-9.820188,-9.821375,0.00213,-0.00426,0.001065,98981.15,25.77,0.001741037,0.007892,,
1986.867221,0.010099,-0.112518,0.055062,-9.834552,-9.83535,0,-0.003195,0.001065,98981.15,25.77,-0.012233963,-0.006083,,
1986.877322,0.0101,-0.112518,0.007182,-9.832158,-9.832804,-0.001065,-0.005325,-0.00213,98981.05,25.77,-0.009687963,-0.003537,,
1986.887438,0.010117,-0.086184,-0.007182,-9.841734,-9.842114,0.001065,-0.005325,-0.001065,98981.05,25.77,-0.018997963,-0.012847,,
1986.897525,0.010087,-0.064638,-0.04788,-9.834552,-9.834881,0,-0.00639,0.00213,98981.05,25.77,-0.011764963,-0.005614,,
1986.907638,0.010113,-0.031122,-0.043092,-9.817794,-9.817938,0,-0.005325,0.001065,98981.05,25.77,0.005178037,0.011329,,
1986.917748,0.01011,-0.067032,-0.019152,-9.786672,-9.78692,0.001065,-0.00852,0.003195,98981.05,25.77,0.036196037,0.042347,,
1986.928104,0.010356,-0.069426,-0.021546,-9.805824,-9.806093,0.00213,-0.00852,0.003195,98981.05,25.77,0.017023037,0.023174,,
1986.938336,0.010232,-0.04788,0.002394,-9.829764,-9.829881,0.00213,-0.005325,0.003195,98981.05,25.77,-0.006764963,-0.000614,,
1986.948432,0.010095,-0.026334,-0.02394,-9.848916,-9.84898,0.00213,-0.00426,0.001065,98981.05,25.77,-0.025863963,-0.019713,,
1986.958521,0.010089,-0.064638,-0.009576,-9.808218,-9.808436,0.00213,-0.00426,-0.001065,98981.05,25.77,0.014680037,0.020831,,
1986.968634,0.010114,-0.045486,0.01197,-9.80343,-9.803543,0.00213,-0.003195,0.001065,98981.05,25.77,0.019573037,0.025724,,
1986.978766,0.010132,-0.02394,-0.007182,-9.801036,-9.801068,0,-0.005325,0.00213,98981.05,25.77,0.022048037,0.028199,,
1986.98886,0.010094,-0.04788,0.007182,-9.829764,-9.829883,0.003195,-0.00639,0.001065,98981.05,25.77,-0.006766963,-0.000616,,
1986.99896,0.0101,-0.04788,-0.016758,-9.817794,-9.817925,0.001065,-0.00639,0.003195,98981.05,25.77,0.005191037,0.011342,,
1987.009045,0.010084,-0.07182,0.021546,-9.80343,-9.803717,0.00213,-0.00426,0.001065,98980.94,25.77,0.019399037,0.02555,,
1987.019151,0.010106,-0.100548,0.014364,-9.832158,-9.832683,0.00213,-0.007455,0.003195,98980.94,25.77,-0.009566963,-0.003416,,
1987.029259,0.010108,-0.07182,0.021546,-9.834552,-9.834838,0.003195,-0.005325,0.00213,98980.94,25.77,-0.011721963,-0.005571,,
1987.039374,0.010115,-0.100548,0.026334,-9.848916,-9.849464,0.001065,-0.003195,0.00213,98980.94,25.77,-0.026347963,-0.020197,,
1987.049507,0.010133,-0.09576,0.014364,-9.820188,-9.820665,0.001065,-0.007455,0.001065,98980.94,25.77,0.002451037,0.008602,,
1987.059603,0.010096,-0.1197,0.01197,-9.860886,-9.86162,0.003195,-0.005325,0.001065,98980.94,25.77,-0.038503963,-0.032353,,
1987.069688,0.010085,-0.088578,0.016758,-9.808218,-9.808632,0.001065,-0.005325,0.001065,98980.83,25.77,0.014484037,0.020635,,
1987.079785,0.010096,-0.10773,0.01197,-9.817794,-9.818392,0.003195,-0.00426,0,98980.83,25.77,0.004724037,0.010875,,
1987.089908,0.010123,-0.088578,-0.007182,-9.810612,-9.811014,0,-0.005325,0.001065,98980.83,25.77,0.012102037,0.018253,,
1987.100051,0.010143,-0.074214,-0.031122,-9.841734,-9.842063,0.001065,-0.005325,-0.001065,98980.83,25.77,-0.018946963,-0.012796,,
1987.110219,0.010168,-0.064638,0,-9.832158,-9.83237,0.00213,-0.00852,0.001065,98980.83,25.77,-0.009253963,-0.003103,,
1987.120351,0.010132,-0.086184,0,-9.801036,-9.801415,0.00426,-0.00426,0.00213,98980.83,25.77,0.021701037,0.027852,,
1987.130637,0.010286,-0.074214,-0.009576,-9.829764,-9.830049,0.001065,-0.005325,0.00213,98980.83,25.77,-0.006932963,-0.000782,,
1987.140788,0.010151,-0.086184,0.014364,-9.810612,-9.811001,0.003195,-0.00639,0.001065,98980.84,25.77,0.012115037,0.018266,,
1987.150895,0.010107,-0.09576,-0.004788,-9.793854,-9.794323,0.00213,-0.00426,0.001065,98980.84,25.77,0.028793037,0.034944,,
1987.161203,0.010308,-0.088578,-0.009576,-9.813006,-9.81341,0.003195,-0.007455,0.005325,98980.84,25.77,0.009706037,0.015857,,
1987.171293,0.010091,-0.086184,0.01197,-9.824976,-9.825361,0.00213,-0.00426,0.003195,98980.84,25.77,-0.002244963,0.003906,,
1987.181383,0.01009,-0.043092,-0.019152,-9.817794,-9.817907,0.001065,-0.00639,0.00213,98980.84,25.77,0.005209037,0.01136,,
1987.191516,0.010133,-0.05985,-0.002394,-9.832158,-9.83234,0.003195,-0.00639,0,98980.67,25.77,-0.009223963,-0.003073,,
1987.201634,0.010117,-0.067032,0.02394,-9.85131,-9.851567,0.001065,-0.00852,0.00213,98980.67,25.77,-0.028450963,-0.0223,,
1987.211743,0.010109,-0.040698,0,-9.834552,-9.834636,0.001065,-0.003195,0.003195,98980.67,25.77,-0.011519963,-0.005369,,
1987.221846,0.010103,-0.086184,0.026334,-9.834552,-9.834965,0.001065,-0.007455,0.003195,98980.67,25.77,-0.011848963,-0.005698,,
1987.231952,0.010106,-0.069426,0.04788,-9.820188,-9.82055,0.00213,-0.00639,0.001065,98980.67,25.77,0.002566037,0.008717,,
1987.242043,0.010091,-0.079002,0.002394,-9.832158,-9.832476,0.001065,-0.00426,0.003195,98980.67,25.77,-0.009359963,-0.003209,,
1987.252462,0.010419,-0.10773,0.057456,-9.817794,-9.818553,0.00213,-0.00639,0.001065,98980.67,25.77,0.004563037,0.010714,,
1987.262769,0.010307,-0.07182,0.01197,-9.820188,-9.820458,0,-0.00639,0.001065,98980.67,25.77,0.002658037,0.008809,,
1987.272897,0.010128,-0.050274,0.02394,-9.810612,-9.81077,0.00213,-0.00639,0.00213,98980.67,25.77,0.012346037,0.018497,,
1987.282984,0.010087,-0.076608,0.031122,-9.829764,-9.830112,0.001065,-0.005325,0,98980.67,25.77,-0.006995963,-0.000845,,
1987.293075,0.010091,-0.081396,0.028728,-9.813006,-9.813386,0.003195,-0.00639,0.00213,98980.67,25.77,0.009730037,0.015881,,
1987.303168,0.010094,-0.069426,0.016758,-9.82737,-9.82763,0.001065,-0.00213,0.00213,98980.67,25.77,-0.004513963,0.001637,,
1987.313264,0.010095,-0.088578,0.026334,-9.793854,-9.79429,0.00213,-0.00639,0.00213,98980.67,25.77,0.028826037,0.034977,,
1987.323387,0.010123,-0.07182,0.019152,-9.8154,-9.815681,0.00426,-0.00639,0,98980.68,25.77,0.007435037,0.013586,,
1987.333812,0.010425,-0.057456,0.004788,-9.79146,-9.79163,0.00213,-0.005325,0.00213,98980.68,25.77,0.031486037,0.037637,,
1987.343971,0.010159,-0.064638,-0.021546,-9.810612,-9.810849,0.001065,-0.00426,0.00213,98980.68,25.77,0.012267037,0.018418,,
1987.354063,0.010093,-0.090972,-0.01197,-9.846522,-9.84695,0.00213,-0.005325,0,98980.68,25.77,-0.023833963,-0.017683,,
1987.364407,0.010344,-0.033516,-0.007182,-9.824976,-9.825036,0.00426,-0.003195,0.003195,98980.68,25.77,-0.001919963,0.004231,,
1987.374553,0.010146,-0.055062,-0.009576,-9.846522,-9.846681,0.00213,-0.00639,0.001065,98980.68,25.77,-0.023564963,-0.017414,,
1987.384689,0.010136,-0.10773,0.007182,-9.808218,-9.808812,0.00213,-0.007455,0.001065,98980.6,25.77,0.014304037,0.020455,,
1987.394786,0.010097,-0.064638,-0.007182,-9.810612,-9.810828,0.001065,-0.003195,0.003195,98980.6,25.77,0.012288037,0.018439,,
1987.404886,0.0101,-0.105336,0.004788,-9.80343,-9.803997,0.00213,-0.007455,0.003195,98980.6,25.77,0.019119037,0.02527,,
1987.414978,0.010092,-0.081396,-0.002394,-9.824976,-9.825313,0.003195,-0.003195,0.00213,98980.6,25.77,-0.002196963,0.003954,,
1987.425065,0.010087,-0.062244,-0.007182,-9.813006,-9.813206,0.00213,-0.005325,0.003195,98980.6,25.77,0.009910037,0.016061,,
1987.435161,0.010096,-0.093366,-0.002394,-9.848916,-9.849359,0.00213,-0.007455,0.00213,98980.6,25.77,-0.026242963,-0.020092,,
1987.445312,0.010152,-0.081396,-0.007182,-9.82737,-9.82771,0.001065,-0.005325,0.003195,98980.6,25.77,-0.004593963,0.001557,,
1987.455422,0.01011,-0.064638,0.002394,-9.83934,-9.839553,0.00426,-0.00426,0.00213,98980.54,25.77,-0.016436963,-0.010286,,
1987.465506,0.010084,-0.08379,0.026334,-9.836946,-9.837338,0.001065,-0.005325,0.001065,98980.54,25.77,-0.014221963,-0.008071,,
1987.475596,0.01009,-0.074214,0.014364,-9.8154,-9.815691,0.00213,-0.005325,0.00213,98980.54,25.77,0.007425037,0.013576,,
1987.485685,0.010089,-0.07182,0.026334,-9.813006,-9.813304,0,-0.00639,0.001065,98980.54,25.77,0.009812037,0.015963,,
1987.495821,0.010136,-0.081396,0.045486,-9.80343,-9.803873,0.001065,-0.00213,0.001065,98980.54,25.77,0.019243037,0.025394,,
1987.505939,0.010119,-0.081396,0.040698,-9.820188,-9.82061,0,-0.005325,0.003195,98980.54,25.77,0.002506037,0.008657,,
1987.516049,0.01011,-0.07182,0.038304,-9.820188,-9.820525,0.001065,-0.007455,0.001065,98980.56,25.77,0.002591037,0.008742,,
1987.526249,0.010199,-0.076608,0.028728,-9.8154,-9.815741,0.00213,-0.00426,0.00426,98980.56,25.77,0.007375037,0.013526,,
1987.536419,0.010171,-0.05985,0.014364,-9.832158,-9.832351,0.00213,-0.00426,0.001065,98980.56,25.77,-0.009234963,-0.003084,,
1987.546512,0.010092,-0.062244,-0.002394,-9.817794,-9.817992,0.00213,-0.005325,0.003195,98980.56,25.77,0.005124037,0.011275,,
1987.556668,0.010157,-0.086184,-0.007182,-9.817794,-9.818175,0.00213,-0.00213,-0.001065,98980.56,25.77,0.004941037,0.011092,,
1987.566755,0.010087,-0.088578,-0.007182,-9.793854,-9.794257,0.001065,-0.00639,0.003195,98980.56,25.77,0.028859037,0.03501,,
1987.577114,0.010359,-0.062244,0.01197,-9.822582,-9.822787,0,-0.00426,0,98980.56,25.77,0.000329037,0.00648,,
1987.58721,0.010096,-0.064638,0,-9.856098,-9.85631,0,-0.003195,0.001065,98980.56,25.77,-0.033193963,-0.027043,,
1987.597321,0.010111,-0.086184,-0.02394,-9.80343,-9.803838,0.00213,-0.01065,0.003195,98980.56,25.77,0.019278037,0.025429,,
1987.607415,0.010094,-0.076608,-0.03591,-9.853704,-9.854067,0.001065,-0.00213,0.001065,98980.56,25.77,-0.030950963,-0.0248,,
1987.617512,0.010097,-0.057456,-0.014364,-9.853704,-9.853882,0.001065,-0.00426,0.00213,98980.56,25.77,-0.030765963,-0.024615,,
1987.627596,0.010084,-0.055062,-0.007182,-9.820188,-9.820345,0.001065,-0.00426,0.00213,98980.56,25.77,0.002771037,0.008922,,
1987.637721,0.010125,-0.088578,0.014364,-9.829764,-9.830174,0.001065,-0.005325,0.005325,98980.37,25.77,-0.007057963,-0.000907,,
1987.647806,0.010085,-0.10773,0.02394,-9.824976,-9.825596,0.00426,-0.00639,0.00213,98980.37,25.77,-0.002479963,0.003671,,
1987.657897,0.010091,-0.105336,0.01197,-9.793854,-9.794428,0.00213,-0.00426,0.003195,98980.37,25.77,0.028688037,0.034839,,
1987.668104,0.010207,-0.153216,0.009576,-9.82737,-9.828569,0.00213,-0.007455,0.00213,98980.37,25.77,-0.005452963,0.000698,,
1987.678209,0.010105,-0.07182,-0.019152,-9.822582,-9.822863,0.00213,-0.00639,0.00213,98980.37,25.77,0.000253037,0.006404,,
1987.688299,0.01009,-0.088578,0.004788,-9.848916,-9.849315,0.001065,-0.005325,0.001065,98980.37,25.77,-0.026198963,-0.020048,,
1987.699429,0.01113,-0.134064,0.014364,-9.82737,-9.828295,0.00213,-0.00639,0.00213,98980.37,25.77,-0.005178963,0.000972,,
1987.711096,0.011666,-0.038304,-0.002394,-9.810612,-9.810687,0.00213,-0.009585,0.001065,98980.32,25.77,0.012429037,0.01858,,
1987.722022,0.010926,-0.100548,0.03591,-9.822582,-9.823162,0.001065,-0.00852,0,98980.32,25.77,-4.59632E-05,0.006105,,
1987.732863,0.010842,-0.10773,0.028728,-9.80343,-9.804064,0.001065,-0.005325,0.00213,98980.32,25.77,0.019052037,0.025203,,
1987.744682,0.011819,-0.074214,0.038304,-9.801036,-9.801392,0.001065,-0.003195,0.003195,98980.32,25.77,0.021724037,0.027875,,
1987.755701,0.011019,-0.112518,0.050274,-9.810612,-9.811386,0.00213,-0.005325,0.00213,98980.32,25.77,0.011730037,0.017881,,
1987.766428,0.010727,-0.076608,-0.009576,-9.8154,-9.815704,0.00426,-0.003195,0.00213,98980.17,25.77,0.007412037,0.013563,,
1987.777696,0.011267,-0.067032,0.031122,-9.813006,-9.813284,0.00213,-0.00639,0.00213,98980.17,25.77,0.009832037,0.015983,,
1987.78875,0.011054,-0.081396,0.01197,-9.832158,-9.832502,0.00213,-0.00426,-0.001065,98980.17,25.77,-0.009385963,-0.003235,,
1987.800044,0.011294,-0.064638,0.007182,-9.8154,-9.815615,0.00213,-0.003195,0.001065,98980.17,25.77,0.007501037,0.013652,,
1987.811139,0.011095,-0.088578,0.009576,-9.805824,-9.806229,0.00213,-0.005325,0.003195,98980.17,25.77,0.016887037,0.023038,,
1987.822477,0.011339,-0.1197,0.019152,-9.813006,-9.813755,0.001065,-0.00426,0.001065,98980.17,25.77,0.009361037,0.015512,,
1987.833599,0.011122,-0.074214,0.01197,-9.82737,-9.827658,0.001065,-0.003195,0,98980.19,25.77,-0.004541963,0.001609,,
1987.844738,0.011138,-0.088578,-0.009576,-9.817794,-9.818198,0.00213,-0.007455,0.00213,98980.19,25.77,0.004918037,0.011069,,
1987.856031,0.011293,-0.102942,0.007182,-9.810612,-9.811155,0.00213,-0.005325,0.003195,98980.19,25.77,0.011961037,0.018112,,
1987.867104,0.011073,-0.076608,0,-9.789066,-9.789366,0.00213,-0.005325,0.001065,98980.19,25.77,0.033750037,0.039901,,
1987.878353,0.011249,-0.04788,0,-9.813006,-9.813123,0.00426,-0.005325,0.001065,98980.19,25.77,0.009993037,0.016144,,
1987.889446,0.011093,-0.074214,0.01197,-9.801036,-9.801324,0.001065,-0.005325,0.005325,98980.19,25.77,0.021792037,0.027943,,
1987.900661,0.011215,-0.081396,-0.01197,-9.813006,-9.813351,0.001065,-0.005325,0.001065,98980.19,25.77,0.009765037,0.015916,,
1987.911846,0.011185,-0.067032,0.014364,-9.83934,-9.839579,0.00213,-0.00426,0.00426,98980.19,25.77,-0.016462963,-0.010312,,
1987.923021,0.011176,-0.064638,0.016758,-9.820188,-9.820415,0,-0.007455,0.003195,98980.19,25.77,0.002701037,0.008852,,
1987.934249,0.011227,-0.064638,-0.007182,-9.868068,-9.868282,0.005325,-0.003195,0.001065,98980.19,25.77,-0.045165963,-0.039015,,
1987.945429,0.011181,-0.105336,0.002394,-9.844128,-9.844692,0.001065,-0.007455,0,98980.19,25.77,-0.021575963,-0.015425,,
1987.956564,0.011134,-0.086184,0.004788,-9.820188,-9.820567,0,-0.00639,0.005325,98980.25,25.77,0.002549037,0.0087,,
1987.967835,0.011271,-0.074214,0.021546,-9.836946,-9.83725,0,-0.005325,0,98980.25,25.77,-0.014133963,-0.007983,,
1987.978955,0.01112,-0.081396,0.004788,-9.844128,-9.844466,0,-0.00639,0.003195,98980.25,25.77,-0.021349963,-0.015199,,
1987.990189,0.011234,-0.088578,0.01197,-9.82737,-9.827776,0.001065,-0.003195,0.00426,98980.25,25.77,-0.004659963,0.001491,,
1988.001369,0.01118,-0.067032,-0.002394,-9.85131,-9.851538,0,-0.007455,0,98980.25,25.77,-0.028421963,-0.022271,,
1988.012744,0.011375,-0.102942,0.021546,-9.82737,-9.827933,0.001065,-0.00639,0.001065,98980.25,25.77,-0.004816963,0.001334,,
1988.023738,0.010994,-0.102942,0.021546,-9.832158,-9.83272,0.00213,-0.00639,0.001065,98980.22,25.77,-0.009603963,-0.003453,,
1988.035138,0.0114,-0.069426,0.007182,-9.80343,-9.803678,0.00213,-0.009585,0.00213,98980.22,25.77,0.019438037,0.025589,,
1988.046031,0.010894,-0.081396,0.007182,-9.832158,-9.832498,0.00213,-0.00639,0.003195,98980.22,25.77,-0.009381963,-0.003231,,
1988.057225,0.011194,-0.079002,0.014364,-9.798642,-9.798971,0.00213,-0.005325,0.001065,98980.22,25.77,0.024145037,0.030296,,
1988.068395,0.01117,-0.067032,0,-9.824976,-9.825205,0,-0.00426,0.003195,98980.22,25.77,-0.002088963,0.004062,,
1988.079615,0.01122,-0.093366,0,-9.834552,-9.834995,0.001065,-0.00639,0.00213,98980.22,25.77,-0.011878963,-0.005728,,
1988.090878,0.011263,-0.052668,-0.007182,-9.822582,-9.822726,0.00213,-0.00639,0.00213,98980.14,25.77,0.000390037,0.006541,,
1988.101941,0.011063,-0.074214,0.002394,-9.834552,-9.834832,0.001065,-0.005325,0.00213,98980.14,25.77,-0.011715963,-0.005565,,
1988.11311,0.01117,-0.05985,0.014364,-9.858492,-9.858684,0.001065,-0.00639,0.003195,98980.14,25.77,-0.035567963,-0.029417,,
1988.124443,0.011332,-0.074214,-0.002394,-9.880038,-9.880317,0,-0.00426,0.00213,98980.14,25.77,-0.057200963,-0.05105,,
1988.135619,0.011176,-0.069426,0,-9.868068,-9.868312,0,-0.005325,0.00213,98980.14,25.77,-0.045195963,-0.039045,,
1988.146734,0.011115,-0.067032,-0.002394,-9.860886,-9.861114,0.00213,-0.003195,0.00426,98980.14,25.77,-0.037997963,-0.031847,,
1988.157897,0.011164,-0.07182,0.014364,-9.880038,-9.880309,0.003195,-0.00639,0.00426,98980.09,25.77,-0.057192963,-0.051042,,
1988.169081,0.011184,-0.093366,0.009576,-9.87525,-9.875696,0.00213,-0.00426,0.001065,98980.09,25.77,-0.052579963,-0.046429,,
1988.18024,0.011158,-0.088578,-0.007182,-9.865674,-9.866074,0.00213,-0.00639,-0.001065,98980.09,25.77,-0.042957963,-0.036807,,
1988.191499,0.011259,-0.098154,-0.009576,-9.884826,-9.885318,0.00213,-0.00639,0.00213,98980.09,25.77,-0.062201963,-0.056051,,
1988.202631,0.011131,-0.076608,0.028728,-9.894402,-9.89474,0.003195,-0.009585,0.003195,98980.09,25.77,-0.071623963,-0.065473,,
1988.213829,0.011199,-0.088578,0.009576,-9.89919,-9.899591,0.001065,-0.005325,0.001065,98980.09,25.77,-0.076474963,-0.070324,,
1988.224973,0.011143,-0.110124,0.019152,-9.915948,-9.916578,0.003195,-0.00426,0.001065,98980.09,25.77,-0.093461963,-0.087311,,
1988.2363,0.011327,-0.069426,-0.007182,-9.920736,-9.920982,0.001065,-0.00852,0.003195,98980.09,25.77,-0.097865963,-0.091715,,
1988.247404,0.011104,-0.110124,-0.004788,-9.944676,-9.945287,-0.001065,-0.005325,0.001065,98980.09,25.77,-0.122170963,-0.11602,,
1988.25862,0.011216,-0.086184,0.021546,-9.949464,-9.949861,0.00213,-0.00639,-0.001065,98980.09,25.77,-0.126744963,-0.120594,,
1988.269751,0.011132,-0.110124,-0.004788,-9.97101,-9.971619,0.001065,-0.005325,0.00213,98980.09,25.77,-0.148502963,-0.142352,,
1988.281002,0.011251,-0.098154,0.02394,-9.94707,-9.947583,0.00426,-0.00639,0.00213,98979.95,25.77,-0.124466963,-0.118316,,
1988.2921,0.011098,-0.088578,0.01197,-9.9351,-9.935502,0,-0.005325,0,98979.95,25.77,-0.112385963,-0.106235,,
1988.303375,0.011275,-0.067032,0.004788,-9.9351,-9.935327,0,-0.005325,0.005325,98979.95,25.77,-0.112210963,-0.10606,,
1988.314729,0.011354,-0.079002,-0.016758,-9.942282,-9.94261,0.001065,-0.005325,0.00213,98979.95,25.77,-0.119493963,-0.113343,,
1988.325692,0.010963,-0.076608,0.004788,-9.992556,-9.992851,0.00213,-0.00426,0.00213,98979.95,25.77,-0.169734963,-0.163584,,
1988.336842,0.01115,-0.045486,-0.004788,-9.985374,-9.985479,0.00213,-0.003195,0.00213,98979.95,25.77,-0.162362963,-0.156212,,
1988.348188,0.011346,-0.079002,-0.004788,-10.014102,-10.014415,0.00213,-0.00426,0.001065,98980.06,25.77,-0.191298963,-0.185148,,
1988.35924,0.011052,-0.04788,-0.01197,-10.004526,-10.004648,0,-0.003195,0.001065,98980.06,25.77,-0.181531963,-0.175381,,
1988.37041,0.01117,-0.057456,0.01197,-9.985374,-9.985546,0.00213,-0.007455,0.00213,98980.06,25.77,-0.162429963,-0.156279,,
1988.38167,0.01126,-0.062244,0.002394,-10.023678,-10.023872,0.00426,-0.005325,0.00426,98980.06,25.77,-0.200755963,-0.194605,,
1988.392739,0.011069,-0.074214,0.007182,-10.021284,-10.021561,0.00213,-0.00639,0,98980.06,25.77,-0.198444963,-0.192294,,
1988.403989,0.01125,-0.038304,-0.002394,-10.033254,-10.033327,0.003195,-0.00426,0.003195,98980.05,25.77,-0.210210963,-0.20406,,
1988.414382,0.010394,-0.07182,0.01197,-10.033254,-10.033518,0.00213,-0.005325,0.00426,98980.05,25.77,-0.210401963,-0.204251,,
1988.424479,0.010096,-0.062244,-0.007182,-10.03086,-10.031056,-0.001065,-0.00852,0.00213,98980.05,25.77,-0.207939963,-0.201789,,
1988.434614,0.010135,-0.05985,0.009576,-10.057194,-10.057377,0,-0.005325,0.00213,98980.05,25.77,-0.234260963,-0.22811,,
1988.444731,0.010117,-0.069426,-0.004788,-10.0548,-10.055041,0.00213,-0.005325,0.00213,98980.05,25.77,-0.231924963,-0.225774,,
1988.454838,0.010108,-0.100548,0.014364,-10.050012,-10.050525,0.001065,-0.007455,0.00213,98980.05,25.77,-0.227408963,-0.221258,,
1988.464961,0.010123,-0.090972,0.028728,-10.088316,-10.088767,0.00426,-0.00426,0.00213,98980.05,25.77,-0.265650963,-0.2595,,
1988.475058,0.010097,-0.074214,0.021546,-10.083528,-10.083824,0.00213,-0.00213,0.003195,98980.11,25.77,-0.260707963,-0.254557,,
1988.485211,0.010153,-0.079002,0.021546,-10.064376,-10.064709,-0.001065,-0.003195,0.001065,98980.11,25.77,-0.241592963,-0.235442,,
1988.49531,0.010099,-0.08379,0.021546,-10.076346,-10.076717,0.001065,-0.005325,0.00213,98980.11,25.77,-0.253600963,-0.24745,,
1988.505404,0.010094,-0.09576,0.007182,-10.081134,-10.081591,0.00213,-0.005325,0,98980.11,25.77,-0.258474963,-0.252324,,
1988.515509,0.010105,-0.09576,0.031122,-10.09071,-10.091212,0.001065,-0.00639,0.001065,98980.11,25.77,-0.268095963,-0.261945,,
1988.525605,0.010096,-0.105336,0.01197,-10.093104,-10.093661,0.00213,-0.00639,0.001065,98980.11,25.77,-0.270544963,-0.264394,,
1988.535717,0.010112,-0.07182,0.01197,-10.088316,-10.088579,-0.001065,-0.00426,-0.00213,98980.11,25.77,-0.265462963,-0.259312,,
1988.545819,0.010102,-0.122094,0.007182,-10.095498,-10.096239,0.001065,-0.00639,0.00213,98980.11,25.77,-0.273122963,-0.266972,,
1988.555922,0.010103,-0.079002,-0.01197,-10.06677,-10.067087,-0.001065,-0.00426,0.00213,98980.11,25.77,-0.243970963,-0.23782,,
1988.566036,0.010114,-0.069426,-0.016758,-10.095498,-10.095751,0.001065,-0.007455,0.001065,98980.11,25.77,-0.272634963,-0.266484,,
1988.576157,0.01012,-0.10773,0.014364,-10.097892,-10.098477,-0.001065,-0.005325,0.001065,98980.11,25.77,-0.275360963,-0.26921,,
1988.586337,0.01018,-0.062244,-0.019152,-10.097892,-10.098102,0.00213,-0.00639,0.001065,98980.11,25.77,-0.274985963,-0.268835,,
1988.596476,0.010139,-0.074214,-0.014364,-10.112256,-10.112539,0.001065,-0.007455,0.001065,98980.11,25.77,-0.289422963,-0.283272,,
1988.606574,0.010098,-0.076608,0.019152,-10.117044,-10.117352,0,-0.005325,0.00213,98979.97,25.77,-0.294235963,-0.288085,,
1988.617,0.010426,-0.076608,0.002394,-10.12662,-10.12691,-0.003195,-0.005325,0.003195,98979.97,25.77,-0.303793963,-0.297643,,
1988.627092,0.010092,-0.062244,0.014364,-10.129014,-10.129215,0.00213,-0.005325,0.003195,98979.97,25.77,-0.306098963,-0.299948,,
1988.637238,0.010146,-0.093366,0.009576,-10.13859,-10.139024,0.00213,-0.003195,0.001065,98979.97,25.77,-0.315907963,-0.309757,,
1988.647429,0.010191,-0.05985,-0.009576,-10.119438,-10.11962,0.00213,-0.00639,0,98979.97,25.77,-0.296503963,-0.290353,,
1988.657517,0.010088,-0.052668,-0.014364,-10.117044,-10.117191,0.003195,-0.00639,0.00213,98979.97,25.77,-0.294074963,-0.287924,,
1988.667613,0.010096,-0.064638,0.014364,-10.129014,-10.12923,0,-0.00426,0.00213,98980,25.77,-0.306113963,-0.299963,,
1988.677721,0.010108,-0.05985,0.007182,-10.124226,-10.124405,0.001065,-0.00639,0.001065,98980,25.77,-0.301288963,-0.295138,,
1988.687811,0.01009,-0.088578,0.004788,-10.13859,-10.138978,0.00213,-0.005325,0.00213,98980,25.77,-0.315861963,-0.309711,,
1988.697915,0.010105,-0.076608,0.021546,-10.112256,-10.112569,0.001065,-0.00639,0.003195,98980,25.77,-0.289452963,-0.283302,,
1988.708021,0.010105,-0.07182,0.028728,-10.12662,-10.126915,0.003195,-0.00639,0.003195,98980,25.77,-0.303798963,-0.297648,,
1988.718113,0.010092,-0.090972,0.014364,-10.143378,-10.143796,0,-0.00426,0.001065,98980,25.77,-0.320679963,-0.314529,,
1988.728188,0.010075,-0.09576,0.026334,-10.16253,-10.163015,0.003195,-0.00639,0.001065,98980.14,25.77,-0.339898963,-0.333748,,
1988.738345,0.010158,-0.074214,0.02394,-10.143378,-10.143678,0.00213,-0.005325,0.00213,98980.14,25.77,-0.320561963,-0.314411,,
1988.74845,0.010105,-0.079002,0.002394,-10.172106,-10.172413,0.001065,-0.00639,0.00213,98980.14,25.77,-0.349296963,-0.343146,,
1988.75863,0.01018,-0.09576,0.03591,-10.191258,-10.191771,0.003195,-0.007455,0.00426,98980.14,25.77,-0.368654963,-0.362504,,
1988.768721,0.010091,-0.088578,-0.007182,-10.196046,-10.196433,0.003195,-0.001065,-0.001065,98980.14,25.77,-0.373316963,-0.367166,,
1988.778809,0.010088,-0.086184,0.01197,-10.18647,-10.186842,0.00213,-0.007455,0.001065,98980.14,25.77,-0.363725963,-0.357575,,
1988.788895,0.010086,-0.088578,0.014364,-10.19844,-10.198835,0.001065,-0.00426,0.001065,98980.24,25.77,-0.375718963,-0.369568,,
1988.799001,0.010105,-0.100548,0.019152,-10.224774,-10.225286,0.001065,-0.005325,0.001065,98980.24,25.77,-0.402169963,-0.396019,,
1988.809122,0.010122,-0.08379,-0.019152,-10.208016,-10.208378,0.003195,-0.005325,0.001065,98980.24,25.77,-0.385261963,-0.379111,,
1988.819218,0.010096,-0.102942,0.040698,-10.243926,-10.244524,0.001065,-0.005325,0.00213,98980.24,25.77,-0.421407963,-0.415257,,
1988.829562,0.010344,-0.10773,-0.002394,-10.22238,-10.222948,0,-0.005325,-0.001065,98980.24,25.77,-0.399831963,-0.393681,,
1988.839714,0.010152,-0.093366,-0.01197,-10.227168,-10.227601,0.005325,-0.005325,0.003195,98980.24,25.77,-0.404484963,-0.398334,,
1988.849824,0.010111,-0.050274,-0.01197,-10.279836,-10.279966,0.00213,-0.003195,0.003195,98980.24,25.77,-0.456849963,-0.450699,,
1988.860125,0.010301,-0.079002,0.01197,-10.27026,-10.270571,0.00213,-0.007455,0.001065,98980.24,25.77,-0.447454963,-0.441304,,
1988.870243,0.010118,-0.086184,-0.019152,-10.272654,-10.273033,0.001065,-0.00426,0.001065,98980.24,25.77,-0.449916963,-0.443766,,
1988.880335,0.010092,-0.081396,0.007182,-10.255896,-10.256222,0.00213,-0.005325,0,98980.24,25.77,-0.433105963,-0.426955,,
1988.890418,0.010083,-0.055062,0.004788,-10.25829,-10.258439,0,-0.005325,0.003195,98980.24,25.77,-0.435322963,-0.429172,,
1988.900524,0.010105,-0.090972,-0.014364,-10.24632,-10.246734,0.00213,-0.005325,0.005325,98980.24,25.77,-0.423617963,-0.417467,,
1988.910606,0.010082,-0.062244,0.03591,-10.239138,-10.23939,0.001065,-0.00639,0.00213,98980.24,25.77,-0.416273963,-0.410123,,
1988.920766,0.01016,-0.09576,0.016758,-10.253502,-10.253963,0.003195,-0.00639,0.003195,98980.35,25.77,-0.430846963,-0.424696,,
1988.930873,0.010106,-0.069426,-0.007182,-10.275048,-10.275285,0.003195,-0.003195,0.001065,98980.35,25.77,-0.452168963,-0.446018,,
1988.941081,0.010208,-0.062244,0.014364,-10.27026,-10.270459,0.001065,-0.00639,0.005325,98980.35,25.77,-0.447342963,-0.441192,,
1988.952326,0.011245,-0.064638,0.028728,-10.272654,-10.272898,0.00213,-0.005325,0.001065,98980.35,25.77,-0.449781963,-0.443631,,
1988.963268,0.010942,-0.100548,0.004788,-10.320534,-10.321025,0.003195,-0.007455,0.003195,98980.35,25.77,-0.497908963,-0.491758,,
1988.97451,0.011242,-0.10773,0.031122,-10.303776,-10.304386,0.00213,-0.005325,0.00213,98980.35,25.77,-0.481269963,-0.475119,,
1988.98561,0.0111,-0.07182,0.040698,-10.296594,-10.296925,0.00426,-0.00213,0.00213,98980.3,25.77,-0.473808963,-0.467658,,
1988.996853,0.011243,-0.090972,0.02394,-10.308564,-10.308993,-0.001065,-0.00213,0,98980.3,25.77,-0.485876963,-0.479726,,
1989.007982,0.011129,-0.112518,-0.01197,-10.30617,-10.306791,-0.001065,-0.007455,0.00213,98980.3,25.77,-0.483674963,-0.477524,,
1989.019122,0.01114,-0.112518,0.009576,-10.327716,-10.328333,0.00213,-0.00426,0.003195,98980.3,25.77,-0.505216963,-0.499066,,
1989.030302,0.01118,-0.067032,0.043092,-10.322928,-10.323236,0.001065,-0.005325,0.00213,98980.3,25.77,-0.500119963,-0.493969,,
1989.041585,0.011283,-0.100548,0.007182,-10.322928,-10.32342,0.001065,-0.00426,0.001065,98980.29,25.77,-0.500303963,-0.494153,,
1989.052783,0.011198,-0.07182,0.002394,-10.349262,-10.349511,0,-0.00639,-0.001065,98980.29,25.77,-0.526394963,-0.520244,,
1989.064066,0.011283,-0.081396,0.014364,-10.35405,-10.35438,0.001065,-0.00426,0.003195,98980.29,25.77,-0.531263963,-0.525113,,
1989.07516,0.011095,-0.074214,-0.002394,-10.337292,-10.337559,0.00426,-0.007455,0,98980.29,25.77,-0.514442963,-0.508292,,
1989.086313,0.011153,-0.122094,-0.009576,-10.344474,-10.345199,0.00213,-0.00426,0.003195,98980.29,25.77,-0.522082963,-0.515932,,
1989.097978,0.011665,-0.093366,-0.002394,-10.33011,-10.330532,0.001065,-0.007455,0.00213,98980.29,25.77,-0.507415963,-0.501265,,
1989.108682,0.010704,-0.105336,-0.014364,-10.349262,-10.349808,0.001065,-0.007455,0.003195,98980.24,25.77,-0.526691963,-0.520541,,
1989.119877,0.011195,-0.074214,-0.004788,-10.322928,-10.323196,0.001065,-0.00426,0.00426,98980.24,25.77,-0.500079963,-0.493929,,
1989.130952,0.011075,-0.07182,-0.009576,-10.337292,-10.337546,0.001065,-0.003195,-0.001065,98980.24,25.77,-0.514429963,-0.508279,,
1989.142112,0.01116,-0.076608,0.002394,-10.322928,-10.323213,0.003195,-0.00852,0.00426,98980.24,25.77,-0.500096963,-0.493946,,
1989.153324,0.011212,-0.05985,-0.014364,-10.2942,-10.294384,0.001065,-0.00426,0,98980.24,25.77,-0.471267963,-0.465117,,
1989.164472,0.011149,-0.098154,0.028728,-10.296594,-10.297102,0.00213,-0.003195,0.00426,98980.24,25.77,-0.473985963,-0.467835,,
1989.175893,0.011421,-0.090972,0.009576,-10.310958,-10.311364,0.001065,-0.005325,0,98980.24,25.77,-0.488247963,-0.482097,,
1989.186983,0.01109,-0.08379,0.040698,-10.310958,-10.311379,0.001065,-0.00426,0.001065,98980.24,25.77,-0.488262963,-0.482112,,
1989.198229,0.011246,-0.076608,0.021546,-10.325322,-10.325629,0.00213,-0.007455,0.003195,98980.24,25.77,-0.502512963,-0.496362,,
1989.209238,0.011009,-0.062244,-0.01197,-10.30617,-10.306365,-0.001065,-0.003195,0.001065,98980.24,25.77,-0.483248963,-0.477098,,
1989.220433,0.011196,-0.076608,0.033516,-10.325322,-10.325661,0.00213,-0.00852,0.00213,98980.24,25.77,-0.502544963,-0.496394,,
1989.231647,0.011214,-0.088578,0.014364,-10.332504,-10.332894,0.001065,-0.00639,0.001065,98980.24,25.77,-0.509777963,-0.503627,,
1989.242852,0.011204,-0.090972,0.004788,-10.344474,-10.344875,0.00213,-0.001065,0,98980.17,25.77,-0.521758963,-0.515608,,
1989.254026,0.011175,-0.09576,0.009576,-10.349262,-10.349709,0,-0.00639,0.001065,98980.17,25.77,-0.526592963,-0.520442,,
1989.265183,0.011157,-0.079002,0.033516,-10.339686,-10.340042,0.001065,-0.00639,0.00213,98980.17,25.77,-0.516925963,-0.510775,,
1989.276384,0.011201,-0.08379,-0.016758,-10.310958,-10.311312,0.001065,-0.00639,0.001065,98980.17,25.77,-0.488195963,-0.482045,,
1989.287577,0.011193,-0.098154,-0.002394,-10.308564,-10.309032,0.003195,-0.00639,0.00426,98980.17,25.77,-0.485915963,-0.479765,,
1989.29895,0.011374,-0.07182,0.01197,-10.349262,-10.349518,0.00426,-0.007455,0.00213,98980.17,25.77,-0.526401963,-0.520251,,
1989.309896,0.010946,-0.067032,0.009576,-10.334898,-10.33512,0.00213,-0.00852,0.00426,98980.17,25.77,-0.512003963,-0.505853,,
1989.321093,0.011197,-0.07182,-0.004788,-10.308564,-10.308815,0.003195,-0.005325,0,98980.17,25.77,-0.485698963,-0.479548,,
1989.332343,0.01125,-0.079002,0,-10.31814,-10.318442,0.003195,-0.007455,0.001065,98980.17,25.77,-0.495325963,-0.489175,,
1989.343455,0.011112,-0.079002,0.021546,-10.351656,-10.35198,0.00213,-0.00639,0.003195,98980.17,25.77,-0.528863963,-0.522713,,
1989.355034,0.011579,-0.090972,0.014364,-10.31814,-10.318551,0.00213,-0.00639,0.00426,98980.17,25.77,-0.495434963,-0.489284,,
1989.36583,0.010797,-0.09576,0.016758,-10.33011,-10.330567,0,-0.005325,0.00213,98980.13,25.77,-0.507450963,-0.5013,,
1989.377014,0.011184,-0.07182,0.031122,-10.308564,-10.308861,0.00213,-0.007455,0.003195,98980.13,25.77,-0.485744963,-0.479594,,
1989.388366,0.011352,-0.098154,-0.004788,-10.296594,-10.297063,0.00213,-0.009585,0.00426,98980.13,25.77,-0.473946963,-0.467796,,
1989.399405,0.011039,-0.069426,0.009576,-10.284624,-10.284863,0.003195,-0.003195,0.001065,98980.13,25.77,-0.461746963,-0.455596,,
1989.410568,0.011163,-0.100548,0.002394,-10.30617,-10.306661,0.00213,-0.007455,0.005325,98980.13,25.77,-0.483544963,-0.477394,,
1989.421762,0.011195,-0.08379,0.021546,-10.289412,-10.289776,0.00213,-0.005325,0.003195,98980.13,25.77,-0.466659963,-0.460509,,
1989.432958,0.011195,-0.067032,0.043092,-10.287018,-10.287327,0,-0.00639,0.001065,98980.11,25.77,-0.464210963,-0.45806,,
1989.444192,0.011235,-0.067032,-0.002394,-10.322928,-10.323146,0.00213,-0.001065,0.001065,98980.11,25.77,-0.500029963,-0.493879,,
1989.455397,0.011204,-0.057456,0.007182,-10.298988,-10.299151,0.001065,-0.00639,0.001065,98980.11,25.77,-0.476034963,-0.469884,,
1989.466491,0.011094,-0.098154,0.01197,-10.308564,-10.309038,-0.001065,-0.007455,0,98980.11,25.77,-0.485921963,-0.479771,,
1989.477655,0.011164,-0.062244,0.007182,-10.301382,-10.301573,0.00213,-0.00426,0.001065,98980.11,25.77,-0.478456963,-0.472306,,
1989.488876,0.01122,-0.100548,0.007182,-10.301382,-10.301875,0.003195,-0.00852,0.00213,98980.11,25.77,-0.478758963,-0.472608,,
1989.500119,0.011244,-0.093366,-0.016758,-10.334898,-10.335333,0.001065,-0.003195,0.001065,98979.89,25.77,-0.512216963,-0.506066,,
1989.511268,0.011149,-0.100548,0.021546,-10.325322,-10.325834,0,-0.01065,0,98979.89,25.77,-0.502717963,-0.496567,,
1989.522398,0.01113,-0.09576,0.004788,-10.327716,-10.328161,0,-0.00213,0,98979.89,25.77,-0.505044963,-0.498894,,
1989.533673,0.011274,-0.076608,0.004788,-10.337292,-10.337577,0,-0.00639,0.00213,98979.89,25.77,-0.514460963,-0.50831,,
1989.54477,0.011097,-0.102942,0.007182,-10.35405,-10.354564,0.003195,-0.007455,0.003195,98979.89,25.77,-0.531447963,-0.525297,,
1989.556017,0.011247,-0.07182,-0.021546,-10.332504,-10.332776,0.003195,-0.007455,0.00213,98979.89,25.77,-0.509659963,-0.503509,,
1989.567216,0.0112,-0.052668,0.004788,-10.361232,-10.361367,0.00213,-0.00639,0.00213,98979.89,25.77,-0.538250963,-0.5321,,
1989.578346,0.01113,-0.064638,-0.033516,-10.2942,-10.294457,0.00213,-0.003195,0,98979.89,25.77,-0.471340963,-0.46519,,
1989.590101,0.011755,-0.08379,0.021546,-10.351656,-10.352018,0.00213,-0.00426,0.001065,98979.89,25.77,-0.528901963,-0.522751,,
1989.600698,0.010597,-0.079002,0.004788,-10.346868,-10.347171,0.00213,-0.00426,0.001065,98979.89,25.77,-0.524054963,-0.517904,,
1989.611924,0.011225,-0.086184,-0.019152,-10.346868,-10.347245,0.001065,-0.00426,0.00213,98979.89,25.77,-0.524128963,-0.517978,,
1989.623226,0.011302,-0.098154,0.019152,-10.339686,-10.34017,0.001065,-0.00639,0.003195,98979.78,25.77,-0.517053963,-0.510903,,
1989.634369,0.011143,-0.086184,-0.016758,-10.308564,-10.308938,0.001065,-0.003195,0.001065,98979.78,25.77,-0.485821963,-0.479671,,
1989.645402,0.011033,-0.057456,0.007182,-10.334898,-10.33506,0.001065,-0.00426,0.001065,98979.78,25.77,-0.511943963,-0.505793,,
1989.656617,0.011215,-0.102942,0.004788,-10.315746,-10.316261,0.001065,-0.005325,0,98979.78,25.77,-0.493144963,-0.486994,,
1989.667855,0.011238,-0.100548,0.02394,-10.31814,-10.318658,0,-0.00639,0.001065,98979.78,25.77,-0.495541963,-0.489391,,
1989.679029,0.011174,-0.102942,0.045486,-10.322928,-10.323541,0.001065,-0.007455,0.003195,98979.78,25.77,-0.500424963,-0.494274,,
1989.690236,0.011207,-0.076608,0.03591,-10.30617,-10.306517,0.00213,-0.003195,-0.001065,98979.63,25.77,-0.483400963,-0.47725,,
1989.701357,0.011121,-0.088578,0.021546,-10.337292,-10.337694,0.001065,-0.005325,0.00426,98979.63,25.77,-0.514577963,-0.508427,,
1989.712509,0.011151,-0.093366,0.02394,-10.325322,-10.325772,0.00213,-0.005325,0,98979.63,25.77,-0.502655963,-0.496505,,
1989.723742,0.011233,-0.07182,0.014364,-10.34208,-10.342339,0.001065,-0.007455,0.003195,98979.63,25.77,-0.519222963,-0.513072,,
1989.735075,0.011334,-0.09576,0.007182,-10.298988,-10.299436,0.001065,-0.00639,0.00426,98979.63,25.77,-0.476319963,-0.470169,,
1989.746207,0.011132,-0.088578,0.009576,-10.315746,-10.316131,0,-0.007455,0.00213,98979.63,25.77,-0.493014963,-0.486864,,
1989.757301,0.011093,-0.086184,0.009576,-10.35405,-10.354413,0.001065,-0.003195,0.001065,98979.44,25.77,-0.531296963,-0.525146,,
1989.768452,0.011151,-0.098154,0,-10.334898,-10.335364,0.00213,-0.00639,0,98979.44,25.77,-0.512247963,-0.506097,,
1989.779783,0.011331,-0.088578,-0.02394,-10.349262,-10.349669,0.001065,-0.00426,0.001065,98979.44,25.77,-0.526552963,-0.520402,,
1989.790401,0.010618,-0.088578,0.019152,-10.358838,-10.359234,0.00213,-0.00639,-0.001065,98979.44,25.77,-0.536117963,-0.529967,,
1989.800495,0.010094,-0.064638,0.002394,-10.346868,-10.34707,0.001065,-0.00426,0.001065,98979.44,25.77,-0.523953963,-0.517803,,
1989.810597,0.010102,-0.076608,-0.004788,-10.337292,-10.337577,0.00213,-0.007455,0.003195,98979.44,25.77,-0.514460963,-0.50831,,
1989.820693,0.010096,-0.09576,0.016758,-10.356444,-10.3569,0.003195,-0.00426,0.00213,98979.14,25.77,-0.533783963,-0.527633,,
1989.830793,0.0101,-0.067032,-0.021546,-10.33011,-10.33035,0.00213,-0.007455,0.00426,98979.14,25.77,-0.507233963,-0.501083,,
1989.840891,0.010098,-0.088578,-0.01197,-10.349262,-10.349648,0.00213,-0.00639,0.003195,98979.14,25.77,-0.526531963,-0.520381,,
1989.850982,0.010091,-0.081396,0.021546,-10.332504,-10.332847,0.00213,-0.00639,0.00213,98979.14,25.77,-0.509730963,-0.50358,,
1989.861085,0.010103,-0.074214,0,-10.320534,-10.320801,-0.001065,-0.007455,0.001065,98979.14,25.77,-0.497684963,-0.491534,,
1989.871198,0.010114,-0.08379,-0.002394,-10.31814,-10.31848,0.003195,-0.005325,0.001065,98979.14,25.77,-0.495363963,-0.489213,,
1989.881294,0.010096,-0.090972,0.03591,-10.322928,-10.323391,0.001065,-0.00639,0.005325,98979.14,25.77,-0.500274963,-0.494124,,
1989.891531,0.010236,-0.090972,-0.007182,-10.327716,-10.328119,0.001065,-0.00426,0,98979.14,25.77,-0.505002963,-0.498852,,
1989.901619,0.010088,-0.102942,0.043092,-10.315746,-10.31635,0.001065,-0.00639,0.00426,98979.14,25.77,-0.493233963,-0.487083,,
1989.911747,0.010128,-0.088578,0.009576,-10.320534,-10.320919,0.00213,-0.00639,0.001065,98979.14,25.77,-0.497802963,-0.491652,,
1989.92189,0.010143,-0.100548,0.014364,-10.325322,-10.325822,0,-0.00426,0,98979.14,25.77,-0.502705963,-0.496555,,
1989.931975,0.010085,-0.081396,-0.033516,-10.34208,-10.342455,0.00426,-0.005325,0,98979.14,25.77,-0.519338963,-0.513188,,
1989.942077,0.010102,-0.064638,0.021546,-10.339686,-10.33991,0.003195,-0.003195,0.00213,98978.71,25.77,-0.516793963,-0.510643,,
1989.95218,0.010103,-0.08379,-0.019152,-10.303776,-10.304134,0.00213,-0.00639,0.001065,98978.71,25.77,-0.481017963,-0.474867,,
1989.962318,0.010138,-0.100548,0.052668,-10.337292,-10.337915,0.00213,-0.00852,0.00213,98978.71,25.77,-0.514798963,-0.508648,,
1989.972415,0.010097,-0.064638,0.007182,-10.303776,-10.303981,0.00426,-0.00852,0.00426,98978.71,25.77,-0.480864963,-0.474714,,
1989.9825,0.010086,-0.09576,-0.007182,-10.303776,-10.304223,0.001065,-0.00639,0,98978.71,25.77,-0.481106963,-0.474956,,
1989.992779,0.010279,-0.067032,0.02394,-10.315746,-10.315992,0.00213,-0.00426,0,98978.71,25.77,-0.492875963,-0.486725,,
1990.003142,0.010363,-0.100548,-0.004788,-10.327716,-10.328207,0.00213,-0.00639,0.00213,98978.58,25.77,-0.505090963,-0.49894,,
1990.013263,0.010121,-0.069426,-0.009576,-10.332504,-10.332742,0.00213,-0.005325,0.00426,98978.58,25.77,-0.509625963,-0.503475,,
1990.023355,0.010092,-0.122094,0.04788,-10.327716,-10.328549,-0.001065,-0.00639,0,98978.58,25.77,-0.505432963,-0.499282,,
1990.033438,0.010084,-0.057456,0.002394,-10.35405,-10.35421,0.00213,-0.003195,0.003195,98978.58,25.77,-0.531093963,-0.524943,,
1990.043531,0.010093,-0.105336,-0.004788,-10.31814,-10.318679,0.001065,-0.00852,0.003195,98978.58,25.77,-0.495562963,-0.489412,,
1990.053655,0.010124,-0.069426,0.02394,-10.351656,-10.351916,0.00213,-0.00426,0.003195,98978.58,25.77,-0.528799963,-0.522649,,
1990.06375,0.010095,-0.081396,0.016758,-10.291806,-10.292142,-0.00213,-0.00639,0.001065,98978.58,25.77,-0.469025963,-0.462875,,
1990.073882,0.010132,-0.057456,0.007182,-10.296594,-10.296757,0.001065,-0.003195,0.003195,98978.24,25.77,-0.473640963,-0.46749,,
1990.08398,0.010097,-0.088578,0,-10.308564,-10.308945,0.00213,-0.00639,0.00213,98978.24,25.77,-0.485828963,-0.479678,,
1990.094226,0.010246,-0.08379,-0.009576,-10.36602,-10.366363,0,-0.003195,0,98978.24,25.77,-0.543246963,-0.537096,,
1990.104622,0.010396,-0.110124,0.016758,-10.315746,-10.316347,0.00213,-0.005325,0.00213,98978.24,25.77,-0.493230963,-0.48708,,
1990.114743,0.010121,-0.026334,-0.009576,-10.35405,-10.354088,0.001065,-0.00213,0.003195,98978.24,25.77,-0.530971963,-0.524821,,
1990.124835,0.010092,-0.138852,0.009576,-10.325322,-10.32626,0,-0.005325,0.00213,98978.24,25.77,-0.503143963,-0.496993,,
1990.134938,0.010103,-0.03591,-0.04788,-10.332504,-10.332677,0.00426,-0.003195,-0.00213,98977.84,25.77,-0.509560963,-0.50341,,
1990.145055,0.010117,-0.122094,0.021546,-10.363626,-10.364368,-0.001065,-0.009585,0.003195,98977.84,25.77,-0.541251963,-0.535101,,
1990.155166,0.01011,-0.045486,0,-10.334898,-10.334998,0.00213,0.001065,0.00213,98977.84,25.77,-0.511881963,-0.505731,,
1990.165272,0.010106,-0.124488,0.028728,-10.346868,-10.347657,0.00213,-0.00639,-0.001065,98977.84,25.77,-0.524540963,-0.51839,,
1990.175378,0.010106,-0.045486,-0.026334,-10.303776,-10.30391,0,-0.003195,0.001065,98977.84,25.77,-0.480793963,-0.474643,,
1990.18556,0.010182,-0.074214,0.043092,-10.337292,-10.337648,0.003195,-0.00639,0.00213,98977.84,25.77,-0.514531963,-0.508381,,
1990.195673,0.010113,-0.057456,-0.03591,-10.334898,-10.33512,0.00213,-0.00213,0.003195,98977.84,25.77,-0.512003963,-0.505853,,
1990.205777,0.010104,-0.090972,0.064638,-10.315746,-10.31635,-0.001065,-0.01065,0.001065,98977.84,25.77,-0.493233963,-0.487083,,
1990.215865,0.010088,-0.076608,0.02394,-10.349262,-10.349573,0.00213,0,0,98977.84,25.77,-0.526456963,-0.520306,,
1990.226043,0.010178,-0.112518,0.019152,-10.291806,-10.292439,0.001065,-0.00852,0.001065,98977.84,25.77,-0.469322963,-0.463172,,
1990.236133,0.01009,-0.052668,0.002394,-10.361232,-10.361366,0.003195,-0.00213,0.00426,98977.84,25.77,-0.538249963,-0.532099,,
1990.246243,0.01011,-0.069426,0.007182,-10.31814,-10.318376,0.00213,-0.00852,0.00213,98977.84,25.77,-0.495259963,-0.489109,,
1990.256367,0.010123,-0.093366,0.016758,-10.28223,-10.282668,0,-0.00213,0.00426,98977.84,25.77,-0.459551963,-0.453401,,
1990.266455,0.010088,-0.088578,0.002394,-10.31814,-10.31852,0.00213,-0.00639,0.00213,98977.48,25.77,-0.495403963,-0.489253,,
1990.27656,0.010105,-0.064638,0.007182,-10.332504,-10.332709,0.00426,-0.003195,0.001065,98977.48,25.77,-0.509592963,-0.503442,,
1990.286658,0.010098,-0.086184,0.021546,-10.34208,-10.342462,0.00213,-0.00639,0.003195,98977.48,25.77,-0.519345963,-0.513195,,
1990.296762,0.010105,-0.08379,0.02394,-10.346868,-10.347235,0.00213,-0.003195,0.00213,98977.48,25.77,-0.524118963,-0.517968,,
1990.306851,0.010089,-0.052668,0.016758,-10.313352,-10.3135,0,-0.003195,0.001065,98977.48,25.77,-0.490383963,-0.484233,,
1990.31704,0.010188,-0.102942,0.01197,-10.339686,-10.340205,0,-0.005325,0.00213,98977.48,25.77,-0.517088963,-0.510938,,
1990.328035,0.010996,-0.069426,0.038304,-10.344474,-10.344778,0.001065,-0.003195,0.00213,98976.94,25.77,-0.521661963,-0.515511,,
1990.339093,0.011058,-0.09576,0.03591,-10.325322,-10.325828,0.001065,-0.005325,0.00213,98976.94,25.77,-0.502711963,-0.496561,,
1990.350178,0.011085,-0.05985,0.009576,-10.356444,-10.356621,0.00426,-0.00426,0.003195,98976.94,25.77,-0.533504963,-0.527354,,
1990.361277,0.011099,-0.086184,0.009576,-10.30617,-10.306535,0.003195,-0.00852,0.003195,98976.94,25.77,-0.483418963,-0.477268,,
1990.372559,0.011282,-0.057456,0.01197,-10.327716,-10.327883,0.00426,-0.00852,0.00426,98976.94,25.77,-0.504766963,-0.498616,,
1990.383704,0.011145,-0.122094,0.016758,-10.279836,-10.280575,0.00213,-0.003195,0.00213,98976.49,25.77,-0.457458963,-0.451308,,
1990.394954,0.01125,-0.074214,0.03591,-10.37799,-10.378317,0.001065,-0.00852,0.003195,98976.49,25.77,-0.555200963,-0.54905,,
1990.405087,0.010134,-0.13167,0.014364,-10.31814,-10.31899,0.003195,-0.001065,0.003195,98976.49,25.77,-0.495873963,-0.489723,,
1990.415193,0.010105,-0.064638,0.019152,-10.36602,-10.366239,0,-0.00852,0.001065,98976.49,25.77,-0.543122963,-0.536972,,
1990.425274,0.010081,-0.110124,0.007182,-10.30617,-10.306761,0.00213,-0.003195,0.00213,98976.49,25.77,-0.483644963,-0.477494,,
1990.43536,0.010086,-0.100548,0.009576,-10.332504,-10.332998,0,-0.00426,0.00213,98976.49,25.77,-0.509881963,-0.503731,,
1990.44546,0.010101,-0.07182,0.014364,-10.313352,-10.313612,0,-0.005325,0.001065,98976.49,25.77,-0.490495963,-0.484345,,
1990.455547,0.010087,-0.079002,0.002394,-10.36602,-10.366321,0.00213,-0.003195,0,98975.95,25.77,-0.543204963,-0.537054,,
1990.465643,0.010096,-0.074214,-0.01197,-10.313352,-10.313626,0.00213,-0.003195,0.001065,98975.95,25.77,-0.490509963,-0.484359,,
1990.47575,0.010107,-0.081396,0.021546,-10.313352,-10.313696,0,-0.003195,0.00213,98975.95,25.77,-0.490579963,-0.484429,,
1990.485856,0.010106,-0.08379,-0.02394,-10.313352,-10.31372,0.003195,-0.00426,0,98975.95,25.77,-0.490603963,-0.484453,,
1990.496319,0.010463,-0.086184,0.019152,-10.358838,-10.359214,0.00426,-0.00426,0.001065,98975.95,25.77,-0.536097963,-0.529947,,
1990.506641,0.010321,-0.055062,-0.028728,-10.298988,-10.299175,0.003195,-0.00213,0.001065,98975.95,25.77,-0.476058963,-0.469908,,
1990.517831,0.01119,-0.079002,0.016758,-10.325322,-10.325638,0.001065,-0.009585,0,98975.95,25.77,-0.502521963,-0.496371,,
1990.529033,0.011202,-0.090972,-0.043092,-10.339686,-10.340176,0.00213,-0.00213,0.00213,98975.95,25.77,-0.517059963,-0.510909,,
1990.540301,0.011267,-0.105336,0.026334,-10.303776,-10.304348,0,-0.009585,-0.00213,98975.95,25.77,-0.481231963,-0.475081,,
1990.551502,0.011202,-0.064638,-0.026334,-10.265472,-10.265709,0.00213,-0.005325,0.00213,98975.95,25.77,-0.442592963,-0.436442,,
1990.562696,0.011193,-0.100548,-0.004788,-10.25829,-10.258784,0.00213,-0.005325,0.001065,98975.95,25.77,-0.435667963,-0.429517,,
1990.573829,0.011134,-0.07182,0.009576,-10.2942,-10.294455,-0.001065,-0.005325,0.00213,98975.64,25.77,-0.471338963,-0.465188,,
1990.584944,0.011115,-0.064638,0.026334,-10.23435,-10.234588,0.001065,-0.00426,0.003195,98975.64,25.77,-0.411471963,-0.405321,,
1990.596175,0.011231,-0.086184,-0.021546,-10.296594,-10.296977,0.003195,-0.00426,0.00213,98975.64,25.77,-0.473860963,-0.46771,,
1990.607372,0.011197,-0.090972,-0.026334,-10.27026,-10.270697,0.003195,-0.001065,0.003195,98975.64,25.77,-0.447580963,-0.44143,,
1990.618564,0.011192,-0.076608,0.004788,-10.231956,-10.232244,0,-0.009585,0.00213,98975.64,25.77,-0.409127963,-0.402977,,
1990.629902,0.011338,-0.045486,0.033516,-10.275048,-10.275203,0,-0.00426,0.00426,98975.64,25.77,-0.452086963,-0.445936,,
1990.640851,0.010949,-0.076608,-0.014364,-10.272654,-10.27295,0.001065,-0.001065,0.00213,98975.1,25.77,-0.449833963,-0.443683,,
1990.652769,0.011918,-0.090972,0.057456,-10.248714,-10.249279,0.001065,-0.00852,0.001065,98975.1,25.77,-0.426162963,-0.420012,,
1990.663376,0.010607,-0.057456,0.033516,-10.284624,-10.284839,0.001065,-0.003195,0.00426,98975.1,25.77,-0.461722963,-0.455572,,
1990.674512,0.011136,-0.081396,0.002394,-10.241532,-10.241856,0.001065,-0.007455,0.00213,98975.1,25.77,-0.418739963,-0.412589,,
1990.685575,0.011063,-0.10773,0.234612,-10.208016,-10.21128,-0.001065,-0.00852,0.003195,98975.1,25.77,-0.388163963,-0.382013,,
1990.696875,0.0113,-0.165186,0.05985,-10.167318,-10.168836,0.003195,0.00213,-0.003195,98975.1,25.77,-0.345719963,-0.339569,,
1990.708018,0.011143,-0.055062,-0.052668,-10.215198,-10.215482,0,-0.00426,0,98974.41,25.77,-0.392365963,-0.386215,,
1990.719253,0.011235,-0.088578,0.090972,-10.164924,-10.165717,0,0.001065,-0.001065,98974.41,25.77,-0.342600963,-0.33645,,
1990.730404,0.011151,-0.004788,-0.07182,-10.287018,-10.28727,0.001065,-0.01065,0,98974.41,25.77,-0.464153963,-0.458003,,
1990.741588,0.011183,-0.074214,0.105336,-10.208016,-10.208829,-0.00213,-0.009585,0.00213,98974.41,25.77,-0.385712963,-0.379562,,
1990.752728,0.01114,-0.093366,0,-10.21041,-10.210837,0.00213,-0.00639,-0.001065,98974.41,25.77,-0.387720963,-0.38157,,
1990.76398,0.011252,-0.090972,-0.141246,-10.167318,-10.168706,0.001065,-0.007455,-0.001065,98974.41,25.77,-0.345589963,-0.339439,,
1990.775213,0.011232,-0.244188,-0.019152,-10.203228,-10.206168,0.001065,-0.005325,0,98973.63,25.77,-0.383051963,-0.376901,,
1990.786292,0.011079,-0.069426,-0.100548,-10.145772,-10.146508,0.00426,-0.00213,-0.001065,98973.63,25.77,-0.323391963,-0.317241,,
1990.797435,0.011143,-0.093366,-0.134064,-10.18647,-10.18778,0.001065,-0.007455,0.00213,98973.63,25.77,-0.364663963,-0.358513,,
1990.808615,0.01118,-0.007182,-0.04788,-10.136196,-10.136312,0.00213,-0.003195,0.00213,98973.63,25.77,-0.313195963,-0.307045,,
1990.819876,0.011261,0.055062,-0.160398,-10.167318,-10.168732,0.001065,-0.00852,0.00213,98973.63,25.77,-0.345615963,-0.339465,,
1990.831259,0.011383,-0.105336,-0.062244,-10.133802,-10.134541,0.001065,-0.009585,0.00213,98973.63,25.77,-0.311424963,-0.305274,,
1990.842226,0.010967,-0.019152,-0.098154,-10.119438,-10.119932,0.003195,-0.00213,0.003195,98973.63,25.77,-0.296815963,-0.290665,,
1990.853453,0.011227,-0.162792,0.002394,-10.073952,-10.075268,0.003195,-0.00639,0.00426,98973.63,25.77,-0.252151963,-0.246001,,
1990.864564,0.011111,-0.112518,-0.07182,-10.140984,-10.141862,-0.001065,-0.00213,0.001065,98973.63,25.77,-0.318745963,-0.312595,,
1990.875827,0.011263,-0.09576,0.050274,-10.097892,-10.098471,0.003195,-0.00426,0.005325,98973.63,25.77,-0.275354963,-0.269204,,
1990.887024,0.011196,-0.05985,-0.069426,-10.131408,-10.131823,0.001065,-0.003195,0.00213,98973.63,25.77,-0.308706963,-0.302556,,
1990.89835,0.011327,-0.064638,0.062244,-10.119438,-10.119836,0,-0.005325,0.007455,98973.09,25.77,-0.296719963,-0.290569,,
1990.909305,0.010955,-0.07182,0.04788,-10.109862,-10.11023,0.005325,-0.009585,0.00639,98973.09,25.77,-0.287113963,-0.280963,,
1990.92048,0.011175,-0.07182,0.100548,-10.09071,-10.091467,0,-0.00213,0.003195,98973.09,25.77,-0.268350963,-0.2622,,
1990.931703,0.011223,-0.129276,0.129276,-10.064376,-10.066036,0.00213,-0.009585,0.005325,98973.09,25.77,-0.242919963,-0.236769,,
1990.942266,0.010563,-0.08379,0.04788,-10.117044,-10.117504,0.001065,-0.003195,0.003195,98973.09,25.77,-0.294387963,-0.288237,,
1990.952393,0.010127,-0.124488,0.090972,-10.033254,-10.034439,0.00213,-0.00426,0.001065,98973.09,25.77,-0.211322963,-0.205172,,
1990.962489,0.010096,-0.074214,0.09576,-10.093104,-10.093831,0.001065,-0.003195,0,98972.33,25.77,-0.270714963,-0.264564,,
1990.972571,0.010082,-0.090972,0.02394,-10.140984,-10.14142,0.00213,-0.005325,0.001065,98972.33,25.77,-0.318303963,-0.312153,,
1990.982662,0.010091,-0.019152,0.040698,-10.081134,-10.081234,0.001065,-0.003195,0,98972.33,25.77,-0.258117963,-0.251967,,
1990.992762,0.0101,-0.090972,0.045486,-10.097892,-10.098404,0.001065,-0.00852,0,98972.33,25.77,-0.275287963,-0.269137,,
1991.002855,0.010093,-0.028728,-0.038304,-10.038042,-10.038156,0.005325,-0.00426,0.001065,98972.33,25.77,-0.215039963,-0.208889,,
1991.01295,0.010095,-0.114912,0.055062,-10.04283,-10.043638,0.001065,-0.00639,0,98972.33,25.77,-0.220521963,-0.214371,,
1991.023053,0.010103,-0.076608,0.019152,-10.081134,-10.081443,0.001065,-0.00426,0.00213,98971.78,25.77,-0.258326963,-0.252176,,
1991.03322,0.010168,-0.064638,0.045486,-10.06677,-10.06708,0.003195,-0.007455,0.001065,98971.78,25.77,-0.243963963,-0.237813,,
1991.043348,0.010127,-0.09576,-0.052668,-10.0548,-10.055394,0.003195,-0.00213,0.00213,98971.78,25.77,-0.232277963,-0.226127,,
1991.053437,0.010089,-0.067032,0.002394,-10.01889,-10.019115,0.003195,-0.00639,0.001065,98971.78,25.77,-0.195998963,-0.189848,,
1991.063523,0.010086,-0.045486,-0.016758,-10.06677,-10.066887,0.00213,-0.00426,0.003195,98971.78,25.77,-0.243770963,-0.23762,,
1991.073616,0.010093,-0.050274,-0.040698,-10.040436,-10.040644,0.00213,-0.005325,0.005325,98971.78,25.77,-0.217527963,-0.211377,,
1991.083709,0.010093,-0.045486,0.01197,-10.028466,-10.028576,0.003195,-0.007455,0.003195,98971.78,25.77,-0.205459963,-0.199309,,
1991.093814,0.010106,-0.122094,-0.014364,-9.997344,-9.9981,0.00213,-0.00426,0.003195,98971.05,25.77,-0.174983963,-0.168833,,
1991.103901,0.010087,-0.093366,-0.04788,-9.966222,-9.966774,0.00213,-0.007455,0.005325,98971.05,25.77,-0.143657963,-0.137507,,
1991.113997,0.010096,-0.13167,0.040698,-9.968616,-9.969569,0.00213,-0.00639,0.00213,98971.05,25.77,-0.146452963,-0.140302,,
1991.124094,0.010097,-0.10773,0.031122,-9.992556,-9.993185,0.001065,-0.003195,0.005325,98971.05,25.77,-0.170068963,-0.163918,,
1991.134238,0.010144,-0.076608,-0.01197,-9.980586,-9.980887,0.001065,-0.007455,0.003195,98971.05,25.77,-0.157770963,-0.15162,,
1991.144376,0.010138,-0.110124,0.009576,-10.021284,-10.021894,0.00213,-0.007455,0.001065,98971.05,25.77,-0.198777963,-0.192627,,
1991.154463,0.010087,-0.08379,0.007182,-9.97101,-9.971365,0.001065,-0.00639,0.003195,98970.19,25.77,-0.148248963,-0.142098,,
1991.164588,0.010125,-0.098154,0,-9.980586,-9.981069,0.001065,-0.005325,0.00213,98970.19,25.77,-0.157952963,-0.151802,,
1991.174685,0.010097,-0.1197,0.007182,-9.987768,-9.988488,0,-0.005325,-0.001065,98970.19,25.77,-0.165371963,-0.159221,,
1991.184769,0.010083,-0.090972,0.050274,-9.915948,-9.916493,0.001065,-0.00639,0.00213,98970.19,25.77,-0.093376963,-0.087226,,
1991.194864,0.010095,-0.076608,-0.019152,-9.95904,-9.959353,0.001065,-0.001065,0.00213,98970.19,25.77,-0.136236963,-0.130086,,
1991.204976,0.010113,-0.10773,0.01197,-10.026072,-10.026658,0.001065,-0.009585,0.001065,98970.19,25.77,-0.203541963,-0.197391,,
1991.215088,0.010112,-0.067032,0.031122,-9.966222,-9.966496,0.003195,-0.005325,0,98970.19,25.77,-0.143379963,-0.137229,,
1991.225198,0.01011,-0.064638,-0.052668,-9.9351,-9.93545,0.00213,-0.007455,0.003195,98970.19,25.77,-0.112333963,-0.106183,,
1991.235308,0.01011,-0.067032,0.026334,-9.949464,-9.949725,0.00213,-0.003195,0.003195,98970.19,25.77,-0.126608963,-0.120458,,
1991.245489,0.01018,-0.07182,-0.002394,-9.92313,-9.92339,-0.001065,-0.00639,0,98970.19,25.77,-0.100273963,-0.094123,,
1991.255608,0.010119,-0.076608,-0.01197,-9.927918,-9.928221,0,-0.007455,-0.001065,98970.19,25.77,-0.105104963,-0.098954,,
1991.265739,0.010131,-0.069426,-0.009576,-9.915948,-9.916196,0.003195,-0.00426,0.00213,98970.19,25.77,-0.093079963,-0.086929,,
1991.275838,0.010099,-0.08379,-0.016758,-9.949464,-9.949831,0.00213,-0.005325,0.003195,98970.19,25.77,-0.126714963,-0.120564,,
1991.285949,0.01011,-0.038304,0.002394,-9.932706,-9.93278,0.001065,-0.00639,0.00213,98969.39,25.77,-0.109663963,-0.103513,,
1991.296057,0.010109,-0.03591,0.016758,-9.925524,-9.925603,0.00213,-0.007455,0.001065,98969.39,25.77,-0.102486963,-0.096336,,
1991.306225,0.010168,-0.081396,-0.033516,-9.949464,-9.949853,0.001065,-0.007455,0.003195,98969.39,25.77,-0.126736963,-0.120586,,
1991.316333,0.010108,-0.081396,0.050274,-9.870462,-9.870926,0.001065,-0.007455,0.00213,98969.39,25.77,-0.047809963,-0.041659,,
1991.326421,0.010088,-0.021546,0.062244,-9.908766,-9.908985,0.003195,-0.00426,0.005325,98969.39,25.77,-0.085868963,-0.079718,,
1991.336538,0.010117,-0.079002,0.045486,-9.894402,-9.894822,0.00213,-0.00639,0.003195,98969.39,25.77,-0.071705963,-0.065555,,
1991.346654,0.010116,-0.076608,0.088578,-9.865674,-9.866369,0.003195,-0.003195,0.00213,98968.43,25.77,-0.043252963,-0.037102,,
1991.35682,0.010166,-0.093366,0.052668,-9.896796,-9.897377,0.00213,-0.005325,0.00213,98968.43,25.77,-0.074260963,-0.06811,,
1991.366932,0.010112,-0.086184,0.031122,-9.87525,-9.875675,0.003195,-0.005325,0.00213,98968.43,25.77,-0.052558963,-0.046408,,
1991.377185,0.010253,-0.102942,0.090972,-9.870462,-9.871418,0,-0.005325,0.003195,98968.43,25.77,-0.048301963,-0.042151,,
1991.387282,0.010097,-0.093366,0.045486,-9.894402,-9.894947,0.00213,-0.00213,0.00213,98968.43,25.77,-0.071830963,-0.06568,,
1991.397369,0.010087,-0.112518,-0.004788,-9.91116,-9.9118,0.00213,-0.00639,0.003195,98968.43,25.77,-0.088683963,-0.082533,,
1991.407472,0.010104,-0.088578,0.052668,-9.877644,-9.878182,0,-0.00213,0.00213,98968.43,25.77,-0.055065963,-0.048915,,
1991.417592,0.010119,-0.105336,0.002394,-9.865674,-9.866237,0.00213,-0.007455,0.00213,98967.52,25.77,-0.043120963,-0.03697,,
1991.427697,0.010106,-0.10773,-0.002394,-9.856098,-9.856687,0.001065,-0.00639,0.00213,98967.52,25.77,-0.033570963,-0.02742,,
1991.437806,0.010109,-0.10773,-0.040698,-9.848916,-9.849589,0.001065,-0.00213,0.001065,98967.52,25.77,-0.026472963,-0.020322,,
1991.447901,0.010095,-0.07182,0.021546,-9.822582,-9.822868,0.001065,-0.00213,0.001065,98967.52,25.77,0.000248037,0.006399,,
1991.458021,0.010119,-0.079002,-0.052668,-9.858492,-9.858949,0.003195,-0.00639,0,98967.52,25.77,-0.035832963,-0.029682,,
1991.468126,0.010106,-0.08379,0.002394,-9.824976,-9.825334,0.00213,-0.00639,0,98967.52,25.77,-0.002217963,0.003933,,
1991.478369,0.010243,-0.052668,-0.038304,-9.82737,-9.827586,0.00213,-0.00426,0.003195,98966.66,25.77,-0.004469963,0.001681,,
1991.488455,0.010085,-0.08379,-0.040698,-9.813006,-9.813448,0.00213,-0.009585,0,98966.66,25.77,0.009668037,0.015819,,
1991.498548,0.010093,-0.055062,-0.074214,-9.810612,-9.811047,0,-0.003195,0.00213,98966.66,25.77,0.012069037,0.01822,,
1991.508738,0.01019,-0.057456,-0.043092,-9.80343,-9.803693,0.001065,-0.00639,0.001065,98966.66,25.77,0.019423037,0.025574,,
1991.518845,0.010107,-0.04788,-0.069426,-9.793854,-9.794217,0.001065,-0.00426,0.00213,98966.66,25.77,0.028899037,0.03505,,
1991.528936,0.010091,-0.050274,-0.021546,-9.805824,-9.805977,0.00213,-0.007455,0.00213,98966.66,25.77,0.017139037,0.02329,,
1991.539045,0.010109,-0.02394,-0.040698,-9.813006,-9.81312,0.001065,-0.00639,0.005325,98966.66,25.77,0.009996037,0.016147,,
1991.54914,0.010095,-0.067032,-0.016758,-9.774702,-9.774946,0.001065,-0.00852,0.00213,98966.66,25.77,0.048170037,0.054321,,
1991.559256,0.010116,-0.08379,0.040698,-9.762732,-9.763176,0,-0.00426,0.003195,98966.66,25.77,0.059940037,0.066091,,
1991.569343,0.010087,-0.043092,0.05985,-9.753156,-9.753435,0.001065,-0.007455,0.00213,98966.66,25.77,0.069681037,0.075832,,
1991.579444,0.010101,-0.074214,0.026334,-9.729216,-9.729535,0,0,0.003195,98966.66,25.77,0.093581037,0.099732,,
1991.589534,0.01009,-0.09576,0.10773,-9.769914,-9.770977,0.00426,-0.01065,0.001065,98966.66,25.77,0.052139037,0.05829,,
1991.599633,0.010099,-0.062244,0.03591,-9.777096,-9.77736,0.00213,-0.001065,0.00213,98966.66,25.77,0.045756037,0.051907,,
1991.609718,0.010085,-0.098154,0.050274,-9.772308,-9.77293,0.001065,-0.005325,0.00213,98965.72,25.77,0.050186037,0.056337,,
1991.61982,0.010102,-0.105336,0.019152,-9.75555,-9.756137,0.001065,-0.00426,0,98965.72,25.77,0.066979037,0.07313,,
1991.629908,0.010088,-0.08379,0.098154,-9.705276,-9.706134,0,-0.00426,0,98965.72,25.77,0.116982037,0.123133,,
1991.640034,0.010126,-0.114912,0.02394,-9.757944,-9.75865,0.00426,-0.001065,0.00426,98965.72,25.77,0.064466037,0.070617,,
1991.650214,0.01018,-0.093366,0.069426,-9.71964,-9.720336,0,-0.00639,0,98965.72,25.77,0.102780037,0.108931,,
1991.660307,0.010093,-0.09576,0.052668,-9.702882,-9.703497,0.001065,-0.005325,0.003195,98965.72,25.77,0.119619037,0.12577,,
1991.67039,0.010083,-0.110124,0.069426,-9.753156,-9.754025,0.003195,-0.003195,0.001065,98964.73,25.77,0.069091037,0.075242,,
1991.680575,0.010185,-0.117306,0.043092,-9.741186,-9.741988,0.003195,-0.005325,-0.001065,98964.73,25.77,0.081128037,0.087279,,
1991.690641,0.010066,-0.067032,-0.007182,-9.71964,-9.719874,0.001065,-0.00852,0,98964.73,25.77,0.103242037,0.109393,,
1991.700738,0.010097,-0.04788,-0.007182,-9.712458,-9.712579,0,-0.005325,0.00213,98964.73,25.77,0.110537037,0.116688,,
1991.710839,0.010101,-0.074214,-0.021546,-9.729216,-9.729523,0.001065,-0.007455,-0.001065,98964.73,25.77,0.093593037,0.099744,,
1991.72094,0.010101,-0.067032,-0.057456,-9.712458,-9.712859,0,-0.005325,0.00213,98964.73,25.77,0.110257037,0.116408,,
1991.73105,0.010111,-0.074214,-0.01197,-9.686124,-9.686416,0,-0.003195,0.00213,98964.73,25.77,0.136700037,0.142851,,
1991.741133,0.010082,-0.08379,-0.009576,-9.64782,-9.648189,0.001065,-0.005325,0.003195,98963.76,25.77,0.174927037,0.181078,,
1991.75122,0.010087,-0.043092,-0.086184,-9.690912,-9.691391,0,-0.00639,0.001065,98963.76,25.77,0.131725037,0.137876,,
1991.761344,0.010124,-0.098154,-0.03591,-9.6957,-9.696263,0.00213,-0.005325,0.003195,98963.76,25.77,0.126853037,0.133004,,
1991.771439,0.010095,-0.086184,-0.062244,-9.724428,-9.725009,-0.001065,-0.00213,0.00213,98963.76,25.77,0.098107037,0.104258,,
1991.781542,0.010103,-0.088578,-0.067032,-9.68373,-9.684367,-0.001065,-0.003195,0.003195,98963.76,25.77,0.138749037,0.1449,,
1991.791646,0.010104,-0.074214,-0.040698,-9.67176,-9.67213,0.00213,-0.00639,0.00213,98963.76,25.77,0.150986037,0.157137,,
1991.801737,0.010091,-0.08379,-0.009576,-9.67176,-9.672128,0.001065,-0.005325,0.00426,98962.77,25.77,0.150988037,0.157139,,
1991.811817,0.010081,-0.040698,-0.026334,-9.681336,-9.681457,0.003195,-0.005325,0.003195,98962.77,25.77,0.141659037,0.14781,,
1991.82195,0.010132,-0.079002,-0.009576,-9.678942,-9.679269,0.001065,-0.005325,0.003195,98962.77,25.77,0.143847037,0.149998,,
1991.832043,0.010093,-0.088578,0.052668,-9.64782,-9.64837,0.001065,-0.00426,0.00213,98962.77,25.77,0.174746037,0.180897,,
1991.842285,0.010242,-0.07182,0.033516,-9.664578,-9.664903,0.00213,-0.001065,0.00213,98962.77,25.77,0.158213037,0.164364,,
1991.852379,0.010094,-0.069426,0.031122,-9.65979,-9.66009,0.003195,-0.00639,0.00426,98962.77,25.77,0.163026037,0.169177,,
1991.862644,0.010265,-0.055062,0.07182,-9.63585,-9.636275,0.001065,-0.005325,0.00213,98961.73,25.77,0.186841037,0.192992,,
1991.872789,0.010145,-0.043092,0.093366,-9.633456,-9.634005,0.00213,-0.003195,0.00213,98961.73,25.77,0.189111037,0.195262,,
1991.882989,0.010199,-0.1197,0.045486,-9.631062,-9.631913,0.00213,-0.003195,0.00213,98961.73,25.77,0.191203037,0.197354,,
1991.893094,0.010105,-0.052668,0.07182,-9.61191,-9.612323,0.001065,-0.001065,0.001065,98961.73,25.77,0.210793037,0.216944,,
1991.903203,0.010109,-0.102942,0.10773,-9.609516,-9.610671,0,-0.00852,0.00213,98961.73,25.77,0.212445037,0.218596,,
1991.913284,0.010081,-0.093366,0.02394,-9.619092,-9.619575,0.003195,-0.00639,0.001065,98961.73,25.77,0.203541037,0.209692,,
1991.92338,0.010096,-0.062244,0.074214,-9.602334,-9.602823,0.001065,-0.005325,0,98961.73,25.77,0.220293037,0.226444,,
1991.93346,0.01008,-0.067032,0.02394,-9.573606,-9.573871,0,-0.00639,0.00213,98961.73,25.77,0.249245037,0.255396,,
1991.943544,0.010084,-0.064638,0.026334,-9.59994,-9.600194,0.00426,-0.00639,0.00213,98961.73,25.77,0.222922037,0.229073,,
1991.95363,0.010085,-0.057456,0.03591,-9.590364,-9.590603,0,-0.001065,-0.001065,98961.73,25.77,0.232513037,0.238664,,
1991.963728,0.010099,-0.057456,0.016758,-9.619092,-9.619278,0.003195,-0.005325,-0.001065,98961.73,25.77,0.203838037,0.209989,,
1991.97386,0.010131,-0.062244,-0.004788,-9.578394,-9.578597,0.001065,-0.005325,0.003195,98961.73,25.77,0.244519037,0.25067,,
1991.983953,0.010094,-0.09576,0.026334,-9.576,-9.576515,0.00213,-0.00639,0,98961.73,25.77,0.246601037,0.252752,,
1991.994043,0.01009,-0.04788,-0.01197,-9.583182,-9.583309,0.00213,-0.00213,0,98960.74,25.77,0.239807037,0.245958,,
1992.004128,0.010084,-0.100548,-0.02394,-9.559242,-9.559801,0.001065,-0.007455,0.001065,98960.74,25.77,0.263315037,0.269466,,
1992.014249,0.010121,-0.102942,-0.045486,-9.556848,-9.557511,0.00213,-0.003195,0.00213,98960.74,25.77,0.265605037,0.271756,,
1992.024352,0.010103,-0.074214,-0.01197,-9.580788,-9.581083,0.00213,-0.007455,0.003195,98960.74,25.77,0.242033037,0.248184,,
1992.034448,0.010095,-0.114912,-0.055062,-9.535302,-9.536153,0.001065,-0.001065,0.00213,98960.74,25.77,0.286963037,0.293114,,
1992.044527,0.010079,-0.081396,-0.040698,-9.52812,-9.528555,0.00426,-0.00426,0.001065,98960.74,25.77,0.294561037,0.300712,,
1992.054676,0.010149,-0.055062,-0.074214,-9.537696,-9.538144,0.003195,-0.005325,0.00213,98959.82,25.77,0.284972037,0.291123,,
1992.064892,0.010216,-0.086184,-0.004788,-9.530514,-9.530905,0,-0.005325,0,98959.82,25.77,0.292211037,0.298362,,
1992.074994,0.010102,-0.062244,-0.016758,-9.530514,-9.530732,0.00213,-0.003195,0,98959.82,25.77,0.292384037,0.298535,,
1992.085084,0.010091,-0.079002,-0.014364,-9.50418,-9.504519,0.003195,-0.005325,0,98959.82,25.77,0.318597037,0.324748,,
1992.095358,0.010273,-0.09576,0.002394,-9.485028,-9.485512,0.00213,-0.00426,0.00213,98959.82,25.77,0.337604037,0.343755,,
1992.105464,0.010106,-0.062244,0.040698,-9.49221,-9.492501,0.003195,-0.00852,0.00426,98959.82,25.77,0.330615037,0.336766,,
1992.115555,0.010091,-0.062244,-0.009576,-9.51615,-9.516358,0.003195,-0.005325,0.00426,98958.83,25.77,0.306758037,0.312909,,
1992.125738,0.010183,-0.081396,0.062244,-9.508968,-9.50952,0,-0.009585,0.00213,98958.83,25.77,0.313596037,0.319747,,
1992.135848,0.01011,-0.038304,0.038304,-9.475452,-9.475607,0,-0.003195,0.001065,98958.83,25.77,0.347509037,0.35366,,
1992.145998,0.010149,-0.069426,0.067032,-9.477846,-9.478337,0.001065,-0.005325,0.00213,98958.83,25.77,0.344779037,0.35093,,
1992.156097,0.010099,-0.105336,0.016758,-9.482634,-9.483234,0.00213,-0.003195,0,98958.83,25.77,0.339882037,0.346033,,
1992.166223,0.010126,-0.045486,0.076608,-9.461088,-9.461507,0.00426,-0.00852,0.001065,98958.83,25.77,0.361609037,0.36776,,
1992.176375,0.010152,-0.045486,-0.016758,-9.50418,-9.504304,0.003195,-0.00426,0.00213,98958.83,25.77,0.318812037,0.324963,,
1992.186517,0.010142,-0.098154,0.074214,-9.465876,-9.466676,-0.001065,-0.009585,0,98957.71,25.77,0.356440037,0.362591,,
1992.196614,0.010097,-0.062244,0.02394,-9.473058,-9.473293,0.00426,-0.00213,0,98957.71,25.77,0.349823037,0.355974,,
1992.206706,0.010092,-0.081396,0.038304,-9.458694,-9.459122,0.00213,-0.00852,0,98957.71,25.77,0.363994037,0.370145,,
1992.216812,0.010106,-0.076608,0.026334,-9.429966,-9.430314,0.001065,-0.00639,0,98957.71,25.77,0.392802037,0.398953,,
1992.226921,0.010109,-0.086184,0.064638,-9.44433,-9.444944,0.003195,-0.005325,0,98957.71,25.77,0.378172037,0.384323,,
1992.23707,0.010148,-0.04788,0.016758,-9.453906,-9.454042,0,-0.00639,0.00213,98957.71,25.77,0.369074037,0.375225,,
1992.247156,0.010086,-0.088578,0.038304,-9.425178,-9.425672,-0.001065,-0.005325,0,98957.71,25.77,0.397444037,0.403595,,
1992.257254,0.010099,-0.07182,-0.021546,-9.434754,-9.435052,0.00426,-0.005325,0.003195,98957.71,25.77,0.388064037,0.394215,,
1992.267352,0.010097,-0.079002,0.043092,-9.377298,-9.37773,0.00426,-0.005325,0.00213,98957.71,25.77,0.445386037,0.451537,,
1992.277473,0.010121,-0.069426,-0.007182,-9.446724,-9.446982,0.00426,-0.00426,0.001065,98957.71,25.77,0.376134037,0.382285,,
1992.287572,0.010099,-0.062244,-0.01197,-9.415602,-9.415815,0.001065,-0.00426,-0.001065,98957.71,25.77,0.407301037,0.413452,,
1992.297669,0.010097,-0.100548,-0.014364,-9.461088,-9.461633,-0.00213,-0.00426,0.00213,98957.71,25.77,0.361483037,0.367634,,
1992.308081,0.010412,-0.079002,-0.033516,-9.386874,-9.387266,0.003195,-0.00639,0.001065,98956.77,25.77,0.435850037,0.442001,,
1992.318275,0.010195,-0.069426,-0.002394,-9.401238,-9.401495,0.001065,-0.005325,0.00213,98956.77,25.77,0.421621037,0.427772,,
1992.32836,0.010085,-0.079002,-0.009576,-9.425178,-9.425514,0.001065,-0.005325,0.003195,98956.77,25.77,0.397602037,0.403753,,
1992.338441,0.010081,-0.086184,-0.009576,-9.391662,-9.392062,0.001065,-0.007455,0.003195,98956.77,25.77,0.431054037,0.437205,,
1992.348555,0.010114,-0.067032,-0.019152,-9.391662,-9.391921,0,-0.009585,0.001065,98956.77,25.77,0.431195037,0.437346,,
1992.358639,0.010084,-0.076608,-0.01197,-9.389268,-9.389588,0,-0.005325,0.00213,98956.77,25.77,0.433528037,0.439679,,
1992.368872,0.010233,-0.1197,0.028728,-9.36054,-9.361349,0.001065,-0.005325,0.00213,98955.78,25.77,0.461767037,0.467918,,
1992.378973,0.0101,-0.079002,-0.03591,-9.362934,-9.363336,0.00213,-0.00213,0.00426,98955.78,25.77,0.459780037,0.465931,,
1992.389079,0.010106,-0.052668,0.009576,-9.370116,-9.370269,0,-0.005325,0.001065,98955.78,25.77,0.452847037,0.458998,,
1992.399167,0.010088,-0.08379,-0.031122,-9.36054,-9.360967,0.001065,-0.007455,0.00213,98955.78,25.77,0.462149037,0.4683,,
1992.409262,0.010095,-0.081396,-0.014364,-9.401238,-9.401601,0.001065,-0.00426,0.001065,98955.78,25.77,0.421515037,0.427666,,
1992.41982,0.010558,-0.102942,0.021546,-9.341388,-9.34198,0.00213,-0.005325,0,98955.78,25.77,0.481136037,0.487287,,
1992.429954,0.010134,-0.052668,0.004788,-9.374904,-9.375053,0.001065,-0.005325,0.00213,98954.81,25.77,0.448063037,0.454214,,
1992.440075,0.010121,-0.124488,0,-9.34857,-9.349399,0,-0.005325,0.001065,98954.81,25.77,0.473717037,0.479868,,
1992.450222,0.010146,-0.055062,0.016758,-9.389268,-9.389444,0.001065,-0.005325,0,98954.81,25.77,0.433672037,0.439823,,
1992.460312,0.01009,-0.062244,0.043092,-9.327024,-9.327331,0.001065,-0.005325,0.00426,98954.81,25.77,0.495785037,0.501936,,
1992.470393,0.010081,-0.045486,0.031122,-9.343782,-9.343945,0.00213,-0.005325,0.00213,98954.81,25.77,0.479171037,0.485322,,
1992.480516,0.010123,-0.04788,0.043092,-9.327024,-9.327246,0.00213,-0.007455,0.00213,98954.81,25.77,0.495870037,0.502021,,
1992.490661,0.010145,-0.028728,0.002394,-9.293508,-9.293553,0.00213,-0.00426,0.00213,98954.81,25.77,0.529563037,0.535714,,
1992.500758,0.010097,-0.045486,0.052668,-9.283932,-9.284193,-0.001065,-0.007455,0.003195,98953.87,25.77,0.538923037,0.545074,,
1992.510845,0.010087,-0.038304,0.040698,-9.315054,-9.315222,0.00213,-0.003195,0.001065,98953.87,25.77,0.507894037,0.514045,,
1992.520943,0.010098,-0.055062,0.014364,-9.27675,-9.276925,0.001065,-0.009585,0.003195,98953.87,25.77,0.546191037,0.552342,,
1992.531054,0.01011,-0.076608,0.026334,-9.305478,-9.305831,0.00213,-0.00639,0.00213,98953.87,25.77,0.517285037,0.523436,,
1992.541202,0.010149,-0.05985,0.040698,-9.32463,-9.324911,0.00213,-0.003195,0.00213,98953.87,25.77,0.498205037,0.504356,,
1992.551278,0.010076,-0.03591,0.007182,-9.353358,-9.35343,0.001065,-0.00426,0.00213,98953.87,25.77,0.469686037,0.475837,,
1992.561378,0.010099,-0.08379,0.02394,-9.305478,-9.305886,0.001065,-0.00639,0.00213,98953.87,25.77,0.517230037,0.523381,,
1992.571484,0.010106,-0.057456,0.043092,-9.334206,-9.334482,0,-0.003195,0.00426,98953.87,25.77,0.488634037,0.494785,,
1992.581609,0.010125,-0.093366,-0.002394,-9.307872,-9.308341,0.00213,-0.005325,0,98953.87,25.77,0.514775037,0.520926,,
1992.59177,0.010161,-0.050274,-0.004788,-9.319842,-9.319979,0.001065,-0.003195,0.00426,98953.87,25.77,0.503137037,0.509288,,
1992.601854,0.010084,-0.09576,0.016758,-9.291114,-9.291623,0,-0.00639,0.003195,98953.87,25.77,0.531493037,0.537644,,
1992.611955,0.010101,-0.088578,0.040698,-9.303084,-9.303595,0.001065,-0.005325,0.001065,98953.87,25.77,0.519521037,0.525672,,
1992.622057,0.010102,-0.069426,0.038304,-9.322236,-9.322573,0.00426,-0.00852,0.003195,98952.91,25.77,0.500543037,0.506694,,
1992.632309,0.010252,-0.067032,-0.033516,-9.319842,-9.320143,0.00426,-0.00639,0.00213,98952.91,25.77,0.502973037,0.509124,,
1992.642409,0.0101,-0.09576,-0.02394,-9.315054,-9.315577,0.00213,-0.003195,0.001065,98952.91,25.77,0.507539037,0.51369,,
1992.652501,0.010092,-0.04788,-0.028728,-9.307872,-9.308039,0.001065,-0.005325,0.00213,98952.91,25.77,0.515077037,0.521228,,
1992.662596,0.010094,-0.086184,-0.014364,-9.27675,-9.277161,0.001065,-0.00639,0.00213,98952.91,25.77,0.545955037,0.552106,,
1992.672693,0.010097,-0.098154,0.007182,-9.298296,-9.298817,0.001065,-0.00426,0.00213,98952.91,25.77,0.524299037,0.53045,,
1992.682795,0.010102,-0.093366,-0.02394,-9.317448,-9.317947,0,-0.00426,0,98952.91,25.77,0.505169037,0.51132,,
1992.692941,0.010146,-0.08379,-0.009576,-9.30069,-9.301072,0.001065,-0.00639,0.003195,98951.86,25.77,0.522044037,0.528195,,
1992.703026,0.010085,-0.09576,-0.007182,-9.28872,-9.289216,0.00213,-0.005325,0.001065,98951.86,25.77,0.533900037,0.540051,,
1992.713206,0.01018,-0.088578,-0.016758,-9.36054,-9.360974,0.00213,-0.00426,0.005325,98951.86,25.77,0.462142037,0.468293,,
1992.723305,0.0101,-0.062244,-0.028728,-9.317448,-9.3177,0,-0.007455,0.00213,98951.86,25.77,0.505416037,0.511567,,
1992.733408,0.010103,-0.09576,0.007182,-9.322236,-9.322731,0,-0.003195,0.003195,98951.86,25.77,0.500385037,0.506536,,
1992.743512,0.010104,-0.055062,0.014364,-9.36054,-9.360713,0.00213,-0.005325,0.00213,98951.86,25.77,0.462403037,0.468554,,
1992.753639,0.010127,-0.079002,0.021546,-9.319842,-9.320202,0.001065,-0.005325,0.00213,98950.79,25.77,0.502914037,0.509065,,
1992.763759,0.01012,-0.062244,0.028728,-9.317448,-9.3177,0.001065,-0.00426,0.00213,98950.79,25.77,0.505416037,0.511567,,
1992.773844,0.010085,-0.074214,0.05985,-9.32463,-9.325117,0,-0.003195,0.001065,98950.79,25.77,0.497999037,0.50415,,
1992.783982,0.010138,-0.07182,0.019152,-9.355752,-9.356047,-0.001065,-0.003195,0.00213,98950.79,25.77,0.467069037,0.47322,,
1992.794092,0.01011,-0.052668,0.031122,-9.327024,-9.327225,0.003195,-0.007455,0.003195,98950.79,25.77,0.495891037,0.502042,,
1992.804176,0.010084,-0.043092,0.028728,-9.331812,-9.331956,0.003195,-0.003195,0.00426,98950.79,25.77,0.491160037,0.497311,,
1992.814733,0.010557,-0.040698,-0.019152,-9.343782,-9.34389,0.001065,-0.00639,0,98949.8,25.77,0.479226037,0.485377,,
1992.824827,0.010094,-0.033516,0.019152,-9.331812,-9.331892,0.001065,-0.00426,0.001065,98949.8,25.77,0.491224037,0.497375,,
1992.834962,0.010135,-0.055062,0.01197,-9.365328,-9.365498,0.001065,-0.005325,0.00213,98949.8,25.77,0.457618037,0.463769,,
1992.84507,0.010108,-0.07182,0.031122,-9.30069,-9.301019,0.00426,-0.00639,0.00426,98949.8,25.77,0.522097037,0.528248,,
1992.855184,0.010114,-0.079002,0.01197,-9.350964,-9.351305,0.00213,-0.003195,0.00426,98949.8,25.77,0.471811037,0.477962,,
1992.865283,0.010099,-0.067032,0.069426,-9.291114,-9.291615,0.003195,-0.00852,0.00213,98949.8,25.77,0.531501037,0.537652,,
1992.875364,0.010081,-0.08379,0.031122,-9.305478,-9.305907,0,-0.00213,0.001065,98949.8,25.77,0.517209037,0.52336,,
1992.88546,0.010096,-0.07182,0.019152,-9.36054,-9.360835,0.003195,-0.007455,0.003195,98949.8,25.77,0.462281037,0.468432,,
1992.895553,0.010093,-0.08379,-0.02394,-9.331812,-9.332219,0.003195,-0.005325,0.00213,98949.8,25.77,0.490897037,0.497048,,
1992.905665,0.010112,-0.102942,0.01197,-9.346176,-9.346751,0.00213,-0.00852,0.001065,98949.8,25.77,0.476365037,0.482516,,
1992.915759,0.010093,-0.086184,0,-9.353358,-9.353755,0.00213,-0.005325,0.00426,98949.8,25.77,0.469361037,0.475512,,
1992.925872,0.010114,-0.090972,0.002394,-9.305478,-9.305923,0.001065,-0.00852,0.00213,98949.8,25.77,0.517193037,0.523344,,
1992.93597,0.010097,-0.079002,-0.021546,-9.334206,-9.334565,0.003195,-0.00426,0.001065,98949.8,25.77,0.488551037,0.494702,,
1992.946059,0.010089,-0.09576,0.007182,-9.3366,-9.337094,0.00213,-0.007455,0.00213,98948.92,25.77,0.486022037,0.492173,,
1992.956826,0.010767,-0.074214,0.009576,-9.307872,-9.308173,0.003195,-0.005325,0.00213,98948.92,25.77,0.514943037,0.521094,,
1992.966915,0.01009,-0.057456,-0.002394,-9.317448,-9.317625,0,-0.005325,0.001065,98948.92,25.77,0.505491037,0.511642,,
1992.977043,0.010128,-0.067032,-0.016758,-9.322236,-9.322492,0.003195,-0.00426,0.001065,98948.92,25.77,0.500624037,0.506775,,
1992.987137,0.010094,-0.090972,0.057456,-9.334206,-9.334826,0.001065,-0.00426,0.00213,98948.92,25.77,0.488290037,0.494441,,
1992.997487,0.01035,-0.079002,-0.028728,-9.374904,-9.375281,0.001065,-0.005325,0.00213,98948.92,25.77,0.447835037,0.453986,,
1993.007576,0.01009,-0.098154,0.093366,-9.315054,-9.316039,0.00213,-0.007455,0.001065,98947.9,25.77,0.507077037,0.513228,,
1993.017727,0.010151,-0.062244,0,-9.327024,-9.327232,0.001065,-0.00426,0,98947.9,25.77,0.495884037,0.502035,,
1993.027818,0.010091,-0.098154,0.04788,-9.305478,-9.306119,0.00213,-0.00426,0.00213,98947.9,25.77,0.516997037,0.523148,,
1993.037926,0.010108,-0.08379,0.002394,-9.32463,-9.325007,0.001065,-0.00426,0.001065,98947.9,25.77,0.498109037,0.50426,,
1993.048028,0.010101,-0.074214,0.031122,-9.334206,-9.334553,0.00426,-0.00426,0,98947.9,25.77,0.488563037,0.494714,,
1993.058116,0.010089,-0.064638,0.002394,-9.365328,-9.365551,0.001065,-0.00639,0.00426,98947.9,25.77,0.457565037,0.463716,,
1993.068571,0.010455,-0.07182,0.07182,-9.27675,-9.277306,0.00213,-0.003195,-0.00213,98947.04,25.77,0.545810037,0.551961,,
1993.078659,0.010088,-0.043092,-0.026334,-9.329418,-9.329555,0.00213,-0.005325,0.001065,98947.04,25.77,0.493561037,0.499712,,
1993.09037,0.011711,-0.102942,-0.009576,-9.307872,-9.308446,0.00213,-0.005325,0.001065,98947.04,25.77,0.514670037,0.520821,,
1993.101543,0.011173,-0.057456,0.01197,-9.303084,-9.303269,0.001065,-0.003195,0,98947.04,25.77,0.519847037,0.525998,,
1993.112701,0.011158,-0.09576,-0.002394,-9.327024,-9.327516,0,-0.005325,-0.001065,98947.04,25.77,0.495600037,0.501751,,
1993.123983,0.011282,-0.08379,-0.009576,-9.310266,-9.310648,0.00213,-0.00639,0.003195,98947.04,25.77,0.512468037,0.518619,,
1993.13582,0.011837,-0.031122,0.028728,-9.3366,-9.336696,0,-0.003195,0.001065,98946.18,25.77,0.486420037,0.492571,,
1993.146248,0.010428,-0.086184,-0.002394,-9.322236,-9.322635,0.001065,-0.00852,0,98946.18,25.77,0.500481037,0.506632,,
1993.157646,0.011398,-0.03591,-0.019152,-9.355752,-9.355841,0.001065,-0.00426,0.00213,98946.18,25.77,0.467275037,0.473426,,
1993.168654,0.011008,-0.062244,0.002394,-9.350964,-9.351171,0.00213,-0.005325,0,98946.18,25.77,0.471945037,0.478096,,
1993.179834,0.01118,-0.07182,-0.007182,-9.286326,-9.286606,-0.001065,-0.005325,0.003195,98946.18,25.77,0.536510037,0.542661,,
1993.18993,0.010097,-0.062244,0.007182,-9.341388,-9.341598,0.00213,-0.005325,0.00426,98946.18,25.77,0.481518037,0.487669,,
1993.20003,0.0101,-0.086184,-0.016758,-9.379692,-9.380103,0.001065,-0.00213,0.003195,98946.18,25.77,0.443013037,0.449164,,
1993.210194,0.010164,-0.08379,0.009576,-9.281538,-9.281921,0,-0.00852,0.005325,98946.18,25.77,0.541195037,0.547346,,
1993.220285,0.010091,-0.05985,-0.031122,-9.303084,-9.303329,0,-0.00426,0.00213,98946.18,25.77,0.519787037,0.525938,,
1993.23048,0.010195,-0.086184,0.050274,-9.305478,-9.306013,0.001065,-0.007455,0,98946.18,25.77,0.517103037,0.523254,,
1993.240572,0.010092,-0.074214,-0.004788,-9.310266,-9.310563,0.003195,-0.00426,0.003195,98946.18,25.77,0.512553037,0.518704,,
1993.250664,0.010092,-0.057456,0.002394,-9.30069,-9.300868,0.00426,-0.00426,0.003195,98946.18,25.77,0.522248037,0.528399,,
1993.260755,0.01009,-0.057456,0.02394,-9.315054,-9.315262,0.00213,-0.00426,0.001065,98945.28,25.77,0.507854037,0.514005,,
1993.270842,0.010087,-0.098154,0.009576,-9.315054,-9.315576,0,-0.00639,0.003195,98945.28,25.77,0.507540037,0.513691,,
1993.280935,0.010094,-0.093366,-0.016758,-9.329418,-9.3299,0.001065,-0.007455,0.00426,98945.28,25.77,0.493216037,0.499367,,
1993.29162,0.010685,-0.088578,0.050274,-9.322236,-9.322792,0.00213,-0.00213,-0.001065,98945.28,25.77,0.500324037,0.506475,,
1993.302832,0.011212,-0.088578,0.021546,-9.353358,-9.353802,0.003195,-0.00639,0.00213,98945.28,25.77,0.469314037,0.475465,,
1993.314064,0.011232,-0.050274,0.004788,-9.293508,-9.293645,0,-0.00213,0.003195,98945.28,25.77,0.529471037,0.535622,,
1993.325174,0.01111,-0.086184,0.03591,-9.350964,-9.35143,0.001065,-0.00852,0.001065,98944.55,25.77,0.471686037,0.477837,,
1993.336991,0.011817,-0.076608,-0.026334,-9.310266,-9.310618,0.001065,-0.00639,0.001065,98944.55,25.77,0.512498037,0.518649,,
1993.348224,0.011233,-0.081396,-0.019152,-9.298296,-9.298672,0.001065,-0.005325,0.001065,98944.55,25.77,0.524444037,0.530595,,
1993.35875,0.010527,-0.067032,0.009576,-9.32463,-9.324876,0.00213,-0.00426,0.003195,98944.55,25.77,0.498240037,0.504391,,
1993.370043,0.011293,-0.062244,0.021546,-9.334206,-9.334438,0.001065,-0.00639,0.00213,98944.55,25.77,0.488678037,0.494829,,
1993.381117,0.011074,-0.067032,-0.02394,-9.281538,-9.281811,0.001065,-0.00426,0.00213,98943.66,25.77,0.541305037,0.547456,,
1993.392295,0.011178,-0.081396,0.033516,-9.31266,-9.313076,0,-0.007455,0.001065,98943.66,25.77,0.510040037,0.516191,,
1993.404184,0.011889,-0.062244,-0.004788,-9.317448,-9.317657,0.001065,-0.00426,0.00426,98943.66,25.77,0.505459037,0.51161,,
1993.415137,0.010953,-0.05985,0.021546,-9.293508,-9.293726,0.00426,-0.007455,0,98943.66,25.77,0.529390037,0.535541,,
1993.426771,0.011634,-0.050274,0.002394,-9.331812,-9.331948,0,-0.00426,0.00213,98943.66,25.77,0.491168037,0.497319,,
1993.437041,0.01027,-0.081396,0.014364,-9.315054,-9.315421,0.00213,-0.00852,0.00213,98943.66,25.77,0.507695037,0.513846,,
1993.448225,0.011184,-0.069426,-0.021546,-9.315054,-9.315338,0.00213,-0.00426,0.003195,98942.81,25.77,0.507778037,0.513929,,
1993.459422,0.011197,-0.05985,0.031122,-9.293508,-9.293753,0.001065,0,0.00213,98942.81,25.77,0.529363037,0.535514,,
1993.470593,0.011171,-0.081396,0.019152,-9.322236,-9.322611,0.001065,-0.007455,0.001065,98942.81,25.77,0.500505037,0.506656,,
1993.481815,0.011223,-0.069426,-0.009576,-9.30069,-9.300954,0.00213,-0.00426,0.001065,98942.81,25.77,0.522162037,0.528313,,
1993.492996,0.011181,-0.064638,0.02394,-9.334206,-9.334461,0.003195,-0.00639,0.00426,98942.81,25.77,0.488655037,0.494806,,
1993.504135,0.011139,-0.040698,-0.021546,-9.281538,-9.281652,0.00213,-0.00213,0.001065,98942.81,25.77,0.541464037,0.547615,,
1993.516233,0.012099,-0.081396,0.002394,-9.334206,-9.334561,0.001065,-0.007455,0.003195,98942.81,25.77,0.488555037,0.494706,,
1993.526521,0.010287,-0.10773,-0.002394,-9.32463,-9.325253,0.003195,-0.00426,0.003195,98942.81,25.77,0.497863037,0.504014,,
1993.537685,0.011165,-0.074214,0.033516,-9.305478,-9.305834,-0.001065,-0.005325,0,98942.81,25.77,0.517282037,0.523433,,
1993.548872,0.011186,-0.050274,0,-9.346176,-9.346311,0.00213,-0.00639,0.00213,98942.81,25.77,0.476805037,0.482956,,
1993.560104,0.011232,-0.098154,0.043092,-9.259992,-9.260612,0.001065,-0.00639,0.001065,98942.81,25.77,0.562504037,0.568655,,
1993.571293,0.011189,-0.086184,0.002394,-9.353358,-9.353755,0.00426,-0.003195,0.003195,98941.95,25.77,0.469361037,0.475512,,
1993.582479,0.011186,-0.08379,0.016758,-9.307872,-9.308264,0.001065,-0.003195,0.001065,98941.95,25.77,0.514852037,0.521003,,
1993.593637,0.011158,-0.086184,-0.007182,-9.310266,-9.310668,-0.001065,-0.00639,0.003195,98941.95,25.77,0.512448037,0.518599,,
1993.604783,0.011147,-0.079002,-0.016758,-9.3366,-9.336949,0,-0.00426,0.003195,98941.95,25.77,0.486167037,0.492318,,
1993.616028,0.011244,-0.076608,0.028728,-9.32463,-9.324989,0.00213,-0.007455,0.003195,98941.95,25.77,0.498127037,0.504278,,
1993.627277,0.01125,-0.052668,-0.043092,-9.319842,-9.32009,0.00426,-0.00213,0,98941.95,25.77,0.503026037,0.509177,,
1993.638414,0.011137,-0.069426,0.026334,-9.307872,-9.308168,-0.001065,-0.007455,0.001065,98941.33,25.77,0.514948037,0.521099,,
1993.649505,0.011091,-0.038304,-0.004788,-9.32463,-9.32471,0.003195,-0.00426,0.003195,98941.33,25.77,0.498406037,0.504557,,
1993.660771,0.011266,-0.074214,0.021546,-9.267174,-9.267496,0.001065,-0.00639,0,98941.33,25.77,0.555620037,0.561771,,
1993.671974,0.011203,-0.04788,-0.016758,-9.317448,-9.317586,0.00426,-0.005325,0.00426,98941.33,25.77,0.505530037,0.511681,,
1993.683136,0.011163,-0.141246,-0.004788,-9.303084,-9.304157,0.00426,-0.00213,0.00426,98941.33,25.77,0.518959037,0.52511,,
1993.694391,0.011254,-0.040698,0.057456,-9.31266,-9.312926,0.00213,-0.00639,0.00426,98941.33,25.77,0.510190037,0.516341,,
1993.705469,0.011079,-0.043092,0.002394,-9.305478,-9.305578,0.003195,-0.005325,-0.001065,98940.66,25.77,0.517538037,0.523689,,
1993.716692,0.011222,-0.098154,0.004788,-9.319842,-9.32036,0.003195,-0.007455,0.003195,98940.66,25.77,0.502756037,0.508907,,
1993.728053,0.011362,-0.057456,0.03591,-9.341388,-9.341634,0.00213,-0.005325,0.001065,98940.66,25.77,0.481482037,0.487633,,
1993.739035,0.010982,-0.088578,0.031122,-9.319842,-9.320315,-0.001065,-0.007455,0.00213,98940.66,25.77,0.502801037,0.508952,,
1993.750221,0.011186,-0.079002,0.014364,-9.319842,-9.320188,0.00426,-0.003195,0.001065,98940.66,25.77,0.502928037,0.509079,,
1993.761396,0.011174,-0.074214,0.01197,-9.283932,-9.284236,0,-0.00426,0.003195,98940.05,25.77,0.538880037,0.545031,,
1993.772575,0.011179,-0.07182,0.007182,-9.303084,-9.303364,0.001065,-0.007455,0.00213,98940.05,25.77,0.519752037,0.525903,,
1993.783755,0.01118,-0.079002,0.007182,-9.327024,-9.327361,0.00426,-0.003195,0.001065,98940.05,25.77,0.495755037,0.501906,,
1993.79504,0.011285,-0.090972,0.028728,-9.327024,-9.327512,0.00213,-0.005325,0,98940.05,25.77,0.495604037,0.501755,,
1993.80612,0.011081,-0.057456,-0.021546,-9.358146,-9.358347,0.001065,-0.003195,0.00213,98940.05,25.77,0.464769037,0.47092,,
1993.817354,0.011233,-0.088578,0.045486,-9.291114,-9.291648,0.001065,-0.00639,0,98940.05,25.77,0.531468037,0.537619,,
1993.828503,0.011149,-0.052668,-0.004788,-9.274356,-9.274507,0.001065,-0.00213,0.00426,98940.05,25.77,0.548609037,0.55476,,
1993.839814,0.011312,-0.102942,0.038304,-9.315054,-9.315702,0.001065,-0.00852,0,98940.05,25.77,0.507414037,0.513565,,
1993.850975,0.011161,-0.074214,0.01197,-9.355752,-9.356054,0.00213,-0.005325,0.001065,98940.05,25.77,0.467062037,0.473213,,
1993.86218,0.011205,-0.067032,-0.01197,-9.327024,-9.327273,0.00426,-0.00426,0.001065,98940.05,25.77,0.495843037,0.501994,,
1993.873494,0.011314,-0.090972,-0.002394,-9.315054,-9.315499,0.001065,-0.00639,0.00213,98940.05,25.77,0.507617037,0.513768,,
1993.88447,0.010975,-0.057456,0,-9.28872,-9.288898,0.003195,-0.007455,0.001065,98940.05,25.77,0.534218037,0.540369,,
1993.895731,0.011261,-0.09576,0.002394,-9.28872,-9.289214,0.003195,-0.005325,0.001065,98939.41,25.77,0.533902037,0.540053,,
1993.906796,0.011065,-0.050274,-0.002394,-9.3366,-9.336736,0,-0.003195,0.003195,98939.41,25.77,0.486380037,0.492531,,
1993.917991,0.011195,-0.093366,-0.026334,-9.329418,-9.329922,0.00426,-0.00639,0.003195,98939.41,25.77,0.493194037,0.499345,,
1993.929198,0.011207,-0.088578,0,-9.310266,-9.310687,0,-0.00426,0.00213,98939.41,25.77,0.512429037,0.51858,,
1993.940404,0.011206,-0.05985,0.019152,-9.319842,-9.320054,0.003195,-0.003195,0.003195,98939.41,25.77,0.503062037,0.509213,,
1993.951582,0.011178,-0.069426,-0.033516,-9.367722,-9.368039,0,-0.00639,0.001065,98938.79,25.77,0.455077037,0.461228,,
1993.962775,0.011193,-0.05985,0.02394,-9.283932,-9.284156,0.003195,-0.00639,0.00426,98938.79,25.77,0.538960037,0.545111,,
1993.974044,0.01127,-0.079002,-0.009576,-9.353358,-9.353697,0,-0.00639,0.00213,98938.79,25.77,0.469419037,0.47557,,
1993.985073,0.011029,-0.064638,0.03591,-9.3366,-9.336893,0.00213,-0.00426,0.003195,98938.79,25.77,0.486223037,0.492374,,
1993.996352,0.011279,-0.05985,0.019152,-9.343782,-9.343993,0.001065,-0.00426,-0.003195,98938.79,25.77,0.479123037,0.485274,,
1994.007515,0.011163,-0.05985,0.002394,-9.370116,-9.370307,0.001065,-0.00426,0.005325,98938.79,25.77,0.452809037,0.45896,,
1994.018657,0.011142,-0.093366,0.04788,-9.365328,-9.365916,-0.001065,-0.00852,0.00213,98938.15,25.77,0.457200037,0.463351,,
1994.029978,0.011321,-0.021546,-0.019152,-9.413208,-9.413252,0.00213,-0.00426,0,98938.15,25.77,0.409864037,0.416015,,
1994.04113,0.011151,-0.08379,0.028728,-9.40842,-9.408837,0.00213,-0.00639,0.001065,98938.15,25.77,0.414279037,0.42043,,
1994.052201,0.011072,-0.04788,0.014364,-9.374904,-9.375037,0.00213,-0.005325,0.00213,98938.15,25.77,0.448079037,0.45423,,
1994.063398,0.011196,-0.07182,0,-9.394056,-9.394331,0.00213,-0.00639,0.001065,98938.15,25.77,0.428785037,0.434936,,
1994.074672,0.011274,-0.098154,0.043092,-9.37251,-9.373123,0.001065,-0.00852,0.003195,98938.15,25.77,0.449993037,0.456144,,
1994.085785,0.011113,-0.079002,-0.052668,-9.327024,-9.327507,0,-0.00213,0.001065,98937.37,25.77,0.495609037,0.50176,,
1994.096989,0.011203,-0.110124,0.038304,-9.439542,-9.440262,0.001065,-0.00852,0.00426,98937.37,25.77,0.382854037,0.389005,,
1994.10815,0.011161,-0.069426,-0.009576,-9.451512,-9.451772,0.00213,-0.003195,0.00426,98937.37,25.77,0.371344037,0.377495,,
1994.119405,0.011255,-0.064638,-0.019152,-9.446724,-9.446965,0.001065,-0.00639,0,98937.37,25.77,0.376151037,0.382302,,
1994.130547,0.011141,-0.07182,0.007182,-9.425178,-9.425454,0.00213,-0.00639,0.003195,98937.37,25.77,0.397662037,0.403813,,
1994.141756,0.011209,-0.069426,-0.004788,-9.449118,-9.449374,0.00213,-0.005325,0.003195,98937.37,25.77,0.373742037,0.379893,,
1994.15286,0.011105,-0.09576,0.004788,-9.434754,-9.435241,0.003195,-0.00639,0.00213,98937.37,25.77,0.387875037,0.394026,,
1994.164069,0.011209,-0.064638,0.033516,-9.401238,-9.40152,0.00213,-0.001065,0.00213,98937.37,25.77,0.421596037,0.427747,,
1994.175303,0.011234,-0.067032,-0.021546,-9.451512,-9.451774,0,-0.005325,0.003195,98937.37,25.77,0.371342037,0.377493,,
1994.186434,0.011132,-0.07182,0.028728,-9.42039,-9.420708,0.00213,-0.00639,0,98937.37,25.77,0.402408037,0.408559,,
1994.197659,0.011225,-0.045486,-0.02394,-9.453906,-9.454046,0.003195,-0.00426,0.00213,98937.37,25.77,0.369070037,0.375221,,
1994.208798,0.011139,-0.076608,0.01197,-9.477846,-9.478163,0.001065,-0.007455,0.001065,98936.86,25.77,0.344953037,0.351104,,
1994.220046,0.011247,-0.100548,0.016758,-9.461088,-9.461637,0.003195,-0.00426,0.00213,98936.86,25.77,0.361479037,0.36763,,
1994.231279,0.011234,-0.062244,-0.002394,-9.51615,-9.516354,0.003195,-0.007455,0.00213,98936.86,25.77,0.306762037,0.312913,,
1994.242385,0.011106,-0.069426,0.014364,-9.496998,-9.497263,0.003195,-0.007455,0.00213,98936.86,25.77,0.325853037,0.332004,,
1994.253522,0.011137,-0.112518,0.009576,-9.51615,-9.51682,0.00213,-0.00426,0.003195,98936.86,25.77,0.306296037,0.312447,,
1994.264694,0.011172,-0.093366,0.002394,-9.523332,-9.52379,0.00213,-0.00639,0.001065,98936.3,25.77,0.299326037,0.305477,,
1994.275905,0.011211,-0.05985,0.043092,-9.511362,-9.511648,0,-0.003195,0.001065,98936.3,25.77,0.311468037,0.317619,,
1994.287094,0.01119,-0.100548,0.004788,-9.54009,-9.540621,0.001065,-0.00426,0.00426,98936.3,25.77,0.282495037,0.288646,,
1994.298356,0.011262,-0.067032,-0.004788,-9.559242,-9.559478,0.00213,-0.003195,-0.001065,98936.3,25.77,0.263638037,0.269789,,
1994.309529,0.011172,-0.069426,-0.007182,-9.559242,-9.559497,0.00213,-0.005325,0.00213,98936.3,25.77,0.263619037,0.26977,,
1994.320611,0.011082,-0.086184,0,-9.573606,-9.573994,0.001065,-0.00426,0.003195,98936.3,25.77,0.249122037,0.255273,,
1994.331947,0.011336,-0.07182,0.033516,-9.530514,-9.530844,0.003195,-0.00639,0.00213,98935.9,25.77,0.292272037,0.298423,,
1994.343059,0.011112,-0.090972,0.009576,-9.556848,-9.557286,0,-0.007455,0.001065,98935.9,25.77,0.265830037,0.271981,,
1994.35429,0.011231,-0.079002,0.01197,-9.556848,-9.557182,0.00213,-0.007455,0.003195,98935.9,25.77,0.265934037,0.272085,,
1994.365366,0.011076,-0.045486,0.002394,-9.525726,-9.525835,0.00213,-0.007455,-0.001065,98935.9,25.77,0.297281037,0.303432,,
1994.376556,0.01119,-0.102942,0.014364,-9.554454,-9.555019,0.00213,-0.007455,0.005325,98935.9,25.77,0.268097037,0.274248,,
1994.387794,0.011238,-0.064638,0.009576,-9.542484,-9.542708,0.001065,-0.00213,0.001065,98935.9,25.77,0.280408037,0.286559,,
1994.398924,0.01113,-0.08379,-0.004788,-9.554454,-9.554823,0,-0.00639,0.003195,98935.44,25.77,0.268293037,0.274444,,
1994.410118,0.011194,-0.064638,-0.009576,-9.554454,-9.554677,0.005325,-0.00639,-0.001065,98935.44,25.77,0.268439037,0.27459,,
1994.421316,0.011198,-0.052668,0.009576,-9.590364,-9.590513,0,-0.00639,0.003195,98935.44,25.77,0.232603037,0.238754,,
1994.432468,0.011153,-0.057456,-0.002394,-9.614304,-9.614476,0.00213,-0.005325,0.001065,98935.44,25.77,0.208640037,0.214791,,
1994.443706,0.011238,-0.055062,0.03591,-9.571212,-9.571438,0.00213,-0.00639,0,98935.44,25.77,0.251678037,0.257829,,
1994.455169,0.011463,-0.07182,0.021546,-9.61191,-9.612202,0.001065,-0.007455,0.00213,98935.44,25.77,0.210914037,0.217065,,
1994.466075,0.010907,-0.090972,0.021546,-9.614304,-9.614759,0,-0.005325,0.00213,98935.44,25.77,0.208357037,0.214508,,
1994.477258,0.011183,-0.064638,0.016758,-9.585576,-9.585809,0.00213,-0.005325,0.001065,98935.44,25.77,0.237307037,0.243458,,
1994.488395,0.011136,-0.07182,-0.009576,-9.614304,-9.614577,0.001065,-0.007455,0.00213,98935.44,25.77,0.208539037,0.21469,,
1994.499649,0.011255,-0.112518,0.021546,-9.59994,-9.600624,0.003195,-0.00213,0.003195,98935.44,25.77,0.222492037,0.228643,,
1994.510892,0.011243,-0.04788,-0.016758,-9.657396,-9.657529,0.003195,-0.00426,0.00213,98935.44,25.77,0.165587037,0.171738,,
1994.522039,0.011147,-0.064638,0,-9.65979,-9.660006,-0.001065,-0.00426,0.003195,98935.07,25.77,0.163110037,0.169261,,
1994.533134,0.011095,-0.07182,0,-9.650214,-9.650481,0.003195,-0.00639,0.001065,98935.07,25.77,0.172635037,0.178786,,
1994.544362,0.011228,-0.088578,0.014364,-9.681336,-9.681752,0.001065,-0.007455,0.003195,98935.07,25.77,0.141364037,0.147515,,
1994.555699,0.011336,-0.08379,0.019152,-9.62388,-9.624264,0.00213,-0.005325,0,98935.07,25.77,0.198852037,0.205003,,
1994.566777,0.011078,-0.093366,0.05985,-9.626274,-9.626913,0,-0.00426,-0.001065,98935.07,25.77,0.196203037,0.202354,,
1994.577994,0.011217,-0.067032,0.004788,-9.652608,-9.652842,0.00213,-0.00639,-0.001065,98935.07,25.77,0.170274037,0.176425,,
1994.589078,0.011084,-0.081396,0.014364,-9.633456,-9.633811,0,-0.005325,0.00213,98934.61,25.77,0.189305037,0.195456,,
1994.600322,0.011243,-0.040698,-0.016758,-9.700488,-9.700588,0.00213,-0.005325,0.001065,98934.61,25.77,0.122528037,0.128679,,
1994.611489,0.011167,-0.033516,0.01197,-9.669366,-9.669431,0,-0.00426,-0.001065,98934.61,25.77,0.153685037,0.159836,,
1994.622714,0.011225,-0.117306,0.026334,-9.70767,-9.708414,0.001065,-0.00852,0.00213,98934.61,25.77,0.114702037,0.120853,,
1994.63384,0.011126,-0.069426,0.016758,-9.640638,-9.640903,0.001065,-0.005325,0.001065,98934.61,25.77,0.182213037,0.188364,,
1994.645009,0.011169,-0.117306,0.045486,-9.645426,-9.646247,0.001065,-0.005325,0,98934.61,25.77,0.176869037,0.18302,,
1994.656265,0.011256,-0.052668,0.007182,-9.686124,-9.68627,0.001065,-0.001065,0.00213,98934.18,25.77,0.136846037,0.142997,,
1994.667388,0.011123,-0.05985,-0.01197,-9.717246,-9.717438,0.00213,-0.005325,-0.001065,98934.18,25.77,0.105678037,0.111829,,
1994.678555,0.011167,-0.019152,-0.04788,-9.736398,-9.736535,0.00213,-0.00426,-0.001065,98934.18,25.77,0.086581037,0.092732,,
1994.689686,0.011132,-0.043092,-0.03591,-9.748368,-9.748529,0.00213,-0.005325,-0.001065,98934.18,25.77,0.074587037,0.080738,,
1994.701144,0.011458,-0.07182,-0.026334,-9.74358,-9.74388,0,-0.00426,0.00213,98934.18,25.77,0.079236037,0.085387,,
1994.712403,0.011259,-0.069426,0,-9.741186,-9.741433,-0.001065,-0.00639,0.001065,98933.78,25.77,0.081683037,0.087834,,
1994.72332,0.010916,-0.069426,0.02394,-9.688518,-9.688796,0.00213,-0.00852,0,98933.78,25.77,0.134320037,0.140471,,
1994.73459,0.011271,-0.105336,-0.002394,-9.734004,-9.734574,0,-0.00426,0.00213,98933.78,25.77,0.088542037,0.094693,,
1994.74564,0.01105,-0.031122,-0.004788,-9.753156,-9.753207,0,-0.00426,0.00213,98933.78,25.77,0.069909037,0.07606,,
1994.756849,0.011208,-0.002394,-0.009576,-9.772308,-9.772313,0.003195,-0.00426,0.003195,98933.78,25.77,0.050803037,0.056954,,
1994.768065,0.011216,-0.028728,-0.062244,-9.757944,-9.758185,0.001065,-0.00426,0.00213,98933.78,25.77,0.064931037,0.071082,,
1994.779486,0.011421,-0.009576,-0.021546,-9.76752,-9.767548,0.001065,-0.00639,0.00426,98933.78,25.77,0.055568037,0.061719,,
1994.790446,0.01096,-0.07182,0.033516,-9.74358,-9.743902,0.00213,-0.007455,0.003195,98933.78,25.77,0.079214037,0.085365,,
1994.801589,0.011143,-0.088578,0.03591,-9.748368,-9.748837,0.00213,-0.007455,0.003195,98933.78,25.77,0.074279037,0.08043,,
1994.812885,0.011295,-0.14364,0.088578,-9.73161,-9.733073,0.003195,-0.00213,0.001065,98933.78,25.77,0.090043037,0.096194,,
1994.824072,0.011188,-0.146034,0.050274,-9.73161,-9.732835,0.00213,-0.007455,0.00426,98933.78,25.77,0.090281037,0.096432,,
1994.83522,0.011147,-0.124488,0.067032,-9.748368,-9.749393,0.003195,-0.003195,0,98933.78,25.77,0.073723037,0.079874,,
1994.846344,0.011124,-0.122094,0.050274,-9.786672,-9.787563,0.001065,-0.00426,0.001065,98933.57,25.77,0.035553037,0.041704,,
1994.857553,0.011209,-0.098154,0.009576,-9.810612,-9.811108,0.00213,-0.005325,0.00213,98933.57,25.77,0.012008037,0.018159,,
1994.86875,0.011197,-0.114912,0.019152,-9.79146,-9.792153,0.00213,-0.00852,0.00213,98933.57,25.77,0.030963037,0.037114,,
1994.879912,0.011161,-0.114912,0.01197,-9.8154,-9.81608,0,-0.00426,0,98933.57,25.77,0.007036037,0.013187,,
1994.891128,0.011217,-0.114912,-0.01197,-9.76752,-9.768203,0.001065,-0.00426,-0.001065,98933.57,25.77,0.054913037,0.061064,,
1994.902255,0.011127,-0.141246,0,-9.801036,-9.802054,0.00213,-0.00639,0.001065,98933.37,25.77,0.021062037,0.027213,,
1994.913404,0.011149,-0.079002,-0.043092,-9.848916,-9.849327,0.00213,-0.00639,0.001065,98933.37,25.77,-0.026210963,-0.02006,,
1994.924722,0.011318,-0.045486,-0.009576,-9.829764,-9.829874,0,-0.005325,0.001065,98933.37,25.77,-0.006757963,-0.000607,,
1994.935803,0.011081,-0.021546,-0.07182,-9.856098,-9.856383,0.001065,-0.00639,0.001065,98933.37,25.77,-0.033266963,-0.027116,,
1994.947014,0.011211,-0.016758,-0.043092,-9.834552,-9.834661,0.00213,-0.00639,0.001065,98933.37,25.77,-0.011544963,-0.005394,,
1994.958195,0.011181,-0.03591,-0.009576,-9.808218,-9.808288,0.003195,-0.007455,0.00426,98933.37,25.77,0.014828037,0.020979,,
1994.969414,0.011219,-0.050274,0.02394,-9.80343,-9.803588,0.001065,-0.00639,0.003195,98933.19,25.77,0.019528037,0.025679,,
1994.980521,0.011107,-0.076608,0.009576,-9.824976,-9.825279,0,-0.007455,0.005325,98933.19,25.77,-0.002162963,0.003988,,
1994.991781,0.01126,-0.064638,0.050274,-9.781884,-9.782227,0.00213,-0.005325,0.003195,98933.19,25.77,0.040889037,0.04704,,
1995.002907,0.011126,-0.09576,0.033516,-9.805824,-9.806349,0,-0.00852,0.00426,98933.19,25.77,0.016767037,0.022918,,
1995.014317,0.01141,-0.057456,0.031122,-9.777096,-9.777314,0.00213,-0.003195,0.00213,98933.19,25.77,0.045802037,0.051953,,
1995.025283,0.010966,-0.062244,0.019152,-9.810612,-9.810828,0,-0.00639,0.001065,98933.19,25.77,0.012288037,0.018439,,
1995.036655,0.011372,-0.050274,0.031122,-9.82737,-9.827548,0.001065,-0.005325,0.00213,98932.94,25.77,-0.004431963,0.001719,,
1995.047773,0.011118,-0.074214,0.03591,-9.750762,-9.751111,0.00213,-0.00426,0.001065,98932.94,25.77,0.072005037,0.078156,,
1995.05885,0.011077,-0.081396,0.002394,-9.798642,-9.79898,0.003195,-0.005325,0.00213,98932.94,25.77,0.024136037,0.030287,,
1995.069989,0.011139,-0.076608,0.026334,-9.769914,-9.77025,0.001065,-0.00639,0.001065,98932.94,25.77,0.052866037,0.059017,,
1995.081216,0.011227,-0.090972,0.009576,-9.817794,-9.81822,0.00213,-0.005325,0.001065,98932.94,25.77,0.004896037,0.011047,,
1995.093016,0.0118,-0.09576,0.014364,-9.868068,-9.868543,0,-0.003195,0,98932.94,25.77,-0.045426963,-0.039276,,
1995.103639,0.010624,-0.05985,0.002394,-9.817794,-9.817977,0.00213,-0.00426,0.001065,98932.94,25.77,0.005139037,0.01129,,
1995.114839,0.0112,-0.090972,0,-9.85131,-9.85173,0.001065,-0.00639,0.001065,98932.94,25.77,-0.028613963,-0.022463,,
1995.125963,0.011123,-0.098154,0.004788,-9.860886,-9.861376,0.003195,-0.005325,0,98932.94,25.77,-0.038259963,-0.032109,,
1995.137259,0.011297,-0.086184,-0.019152,-9.848916,-9.849312,0.00213,-0.005325,0.00426,98932.94,25.77,-0.026195963,-0.020045,,
1995.148527,0.011268,-0.098154,-0.014364,-9.793854,-9.794356,0.00213,-0.00639,0.00213,98932.94,25.77,0.028760037,0.034911,,
1995.159675,0.011148,-0.098154,0.004788,-9.781884,-9.782378,0.005325,-0.005325,0.003195,98932.65,25.77,0.040738037,0.046889,,
1995.170715,0.01104,-0.090972,-0.014364,-9.781884,-9.782318,0.00213,-0.00639,0.003195,98932.65,25.77,0.040798037,0.046949,,
1995.181832,0.011117,-0.079002,0.016758,-9.76752,-9.767854,0.001065,-0.009585,0.00426,98932.65,25.77,0.055262037,0.061413,,
1995.193035,0.011203,-0.03591,0.019152,-9.80343,-9.803514,0.001065,-0.005325,0.00213,98932.65,25.77,0.019602037,0.025753,,
1995.204249,0.011214,-0.057456,0.028728,-9.82737,-9.82758,0,-0.005325,0.003195,98932.65,25.77,-0.004463963,0.001687,,
1995.215524,0.011275,-0.088578,0.03591,-9.868068,-9.868531,0.00213,-0.005325,0.00426,98932.65,25.77,-0.045414963,-0.039264,,
1995.226597,0.011072,-0.07182,0.033516,-9.844128,-9.844447,0.00213,-0.003195,0.001065,98932.43,25.77,-0.021330963,-0.01518,,
1995.237793,0.011196,-0.112518,0.03591,-9.87525,-9.875956,0.00426,-0.007455,0.00213,98932.43,25.77,-0.052839963,-0.046689,,
1995.248951,0.011158,-0.08379,0.03591,-9.87525,-9.875671,0.001065,-0.003195,0.00213,98932.43,25.77,-0.052554963,-0.046404,,
1995.26032,0.011368,-0.088578,0.038304,-9.80343,-9.803905,0.001065,-0.00426,0.00213,98932.43,25.77,0.019211037,0.025362,,
1995.271528,0.011208,-0.055062,0.002394,-9.834552,-9.834706,0,-0.007455,0.001065,98932.43,25.77,-0.011589963,-0.005439,,
1995.282556,0.011029,-0.079002,0.01197,-9.805824,-9.80615,0.001065,-0.007455,0.003195,98932.43,25.77,0.016966037,0.023117,,
1995.293688,0.011131,-0.062244,0.019152,-9.793854,-9.794071,0.003195,-0.00426,0,98932.41,25.77,0.029045037,0.035196,,
1995.304867,0.01118,-0.05985,-0.019152,-9.77949,-9.779692,-0.001065,-0.005325,0.001065,98932.41,25.77,0.043424037,0.049575,,
1995.316199,0.011332,-0.076608,-0.014364,-9.789066,-9.789376,0.00213,-0.003195,0.003195,98932.41,25.77,0.033740037,0.039891,,
1995.327252,0.011052,-0.081396,0.01197,-9.841734,-9.842078,0.001065,-0.00639,-0.001065,98932.41,25.77,-0.018961963,-0.012811,,
1995.338522,0.011271,-0.033516,-0.007182,-9.894402,-9.894461,0.001065,-0.00426,0.003195,98932.41,25.77,-0.071344963,-0.065194,,
1995.349595,0.011073,-0.038304,-0.03591,-9.860886,-9.861026,0.001065,-0.005325,0.001065,98932.31,25.77,-0.037909963,-0.031759,,
1995.36085,0.011255,-0.050274,0.002394,-9.86328,-9.863408,0.00213,-0.00852,0.00426,98932.31,25.77,-0.040291963,-0.034141,,
1995.372055,0.011205,-0.093366,0.026334,-9.829764,-9.830243,0.003195,-0.00639,0.003195,98932.31,25.77,-0.007126963,-0.000976,,
1995.383306,0.011251,-0.074214,0.009576,-9.808218,-9.808503,0.00213,-0.00639,0.003195,98932.31,25.77,0.014613037,0.020764,,
1995.394609,0.011303,-0.079002,0.03591,-9.774702,-9.775087,0,-0.005325,0.001065,98932.31,25.77,0.048029037,0.05418,,
1995.405567,0.010958,-0.067032,0.016758,-9.76752,-9.767764,0.001065,-0.00639,0.003195,98932.31,25.77,0.055352037,0.061503,,
1995.416788,0.011221,-0.09576,0.004788,-9.77949,-9.77996,0.001065,-0.00426,0.001065,98932.31,25.77,0.043156037,0.049307,,
1995.428109,0.011321,-0.090972,0.021546,-9.810612,-9.811057,0.00213,-0.00426,0.003195,98932.31,25.77,0.012059037,0.01821,,
1995.439207,0.011098,-0.081396,-0.004788,-9.813006,-9.813345,0.00426,-0.005325,0.003195,98932.31,25.77,0.009771037,0.015922,,
1995.450391,0.011184,-0.124488,0.021546,-9.836946,-9.837757,0.001065,-0.00639,0,98932.31,25.77,-0.014640963,-0.00849,,
1995.461481,0.01109,-0.105336,-0.007182,-9.829764,-9.830331,0.00213,-0.003195,0.00213,98932.31,25.77,-0.007214963,-0.001064,,
1995.472643,0.011161,-0.093366,0.007182,-9.836946,-9.837392,0.001065,-0.00426,0.00213,98932.31,25.77,-0.014275963,-0.008125,,
1995.484199,0.011557,-0.117306,0.021546,-9.870462,-9.871183,0.001065,-0.005325,0.00213,98932.14,25.77,-0.048066963,-0.041916,,
1995.495252,0.011053,-0.064638,0.007182,-9.846522,-9.846737,0,-0.003195,0.001065,98932.14,25.77,-0.023620963,-0.01747,,
1995.506356,0.011104,-0.074214,0.004788,-9.841734,-9.842015,0.00213,-0.00426,0.003195,98932.14,25.77,-0.018898963,-0.012748,,
1995.517402,0.011045,-0.088578,-0.002394,-9.8154,-9.8158,0.003195,-0.00426,0.003195,98932.14,25.77,0.007316037,0.013467,,
1995.52856,0.011159,-0.043092,-0.009576,-9.80343,-9.803529,0.00213,-0.00639,0.003195,98932.14,25.77,0.019587037,0.025738,,
1995.539936,0.011376,-0.052668,0.009576,-9.79146,-9.791606,0.001065,-0.005325,0.003195,98931.95,25.77,0.031510037,0.037661,,
1995.550989,0.011053,-0.07182,0.028728,-9.810612,-9.810917,0.001065,-0.00426,0,98931.95,25.77,0.012199037,0.01835,,
1995.562177,0.011188,-0.088578,0,-9.813006,-9.813406,0,-0.00852,0,98931.95,25.77,0.009710037,0.015861,,
1995.573295,0.011118,-0.07182,0.014364,-9.834552,-9.834825,0.00426,-0.005325,0.00213,98931.95,25.77,-0.011708963,-0.005558,,
1995.584499,0.011203,-0.057456,-0.007182,-9.83934,-9.83951,-0.001065,-0.00213,0.001065,98931.95,25.77,-0.016393963,-0.010243,,
1995.59574,0.011242,-0.05985,-0.02394,-9.848916,-9.849127,0,-0.00426,0.001065,98931.95,25.77,-0.026010963,-0.01986,,
1995.606948,0.011208,-0.04788,-0.03591,-9.844128,-9.84431,0.003195,-0.007455,0.003195,98931.96,25.77,-0.021193963,-0.015043,,
1995.618259,0.011311,-0.05985,0.02394,-9.832158,-9.832369,0,-0.00639,0.00213,98931.96,25.77,-0.009252963,-0.003102,,
1995.629267,0.011008,-0.057456,0.019152,-9.801036,-9.801223,-0.001065,-0.00639,0.001065,98931.96,25.77,0.021893037,0.028044,,
1995.640405,0.011138,-0.076608,0.007182,-9.79146,-9.791762,0.00213,-0.00639,0.001065,98931.96,25.77,0.031354037,0.037505,,
1995.651642,0.011237,-0.090972,-0.009576,-9.79146,-9.791887,0.00213,-0.00426,0.001065,98931.96,25.77,0.031229037,0.03738,,
1995.662836,0.011194,-0.110124,0.026334,-9.805824,-9.806478,0.00213,-0.00639,0.00213,98931.96,25.77,0.016638037,0.022789,,
1995.674304,0.011468,-0.110124,-0.002394,-9.8154,-9.816018,0.003195,-0.00639,0.001065,98931.85,25.77,0.007098037,0.013249,,
1995.68516,0.010856,-0.062244,-0.007182,-9.836946,-9.837146,0.00213,-0.003195,0.001065,98931.85,25.77,-0.014029963,-0.007879,,
1995.696372,0.011213,-0.090972,-0.007182,-9.83934,-9.839763,0.00213,-0.005325,0.00426,98931.85,25.77,-0.016646963,-0.010496,,
1995.707549,0.011176,-0.100548,0.026334,-9.848916,-9.849464,0.00213,-0.005325,0.00213,98931.85,25.77,-0.026347963,-0.020197,,
1995.718746,0.011197,-0.08379,0.01197,-9.836946,-9.83731,0.003195,-0.005325,0.00213,98931.85,25.77,-0.014193963,-0.008043,,
1995.729906,0.01116,-0.100548,0,-9.824976,-9.82549,0.00213,-0.005325,0.003195,98931.85,25.77,-0.002373963,0.003777,,
1995.741173,0.011267,-0.093366,0.016758,-9.817794,-9.818252,0.003195,-0.00426,0.003195,98931.85,25.77,0.004864037,0.011015,,
1995.752245,0.011072,-0.100548,0.021546,-9.824976,-9.825514,0.003195,-0.00852,0.00213,98931.85,25.77,-0.002397963,0.003753,,
1995.763487,0.011242,-0.062244,0.016758,-9.798642,-9.798854,0.00426,-0.00426,0.003195,98931.85,25.77,0.024262037,0.030413,,
1995.774767,0.01128,-0.081396,0.033516,-9.789066,-9.789462,0.00213,-0.00639,0,98931.85,25.77,0.033654037,0.039805,,
1995.786052,0.011284,-0.088578,0.01197,-9.798642,-9.79905,0.001065,-0.003195,0.001065,98931.85,25.77,0.024066037,0.030217,,
1995.797047,0.010995,-0.088578,-0.007182,-9.817794,-9.818196,0.001065,-0.00426,0.003195,98931.71,25.77,0.004920037,0.011071,,
1995.808244,0.011197,-0.090972,-0.007182,-9.846522,-9.846945,0.001065,-0.005325,0.003195,98931.71,25.77,-0.023828963,-0.017678,,
1995.819415,0.01117,-0.086184,0.038304,-9.820188,-9.820641,0.00213,-0.00426,0.00213,98931.71,25.77,0.002475037,0.008626,,
1995.830681,0.011267,-0.093366,-0.01197,-9.817794,-9.818245,0.001065,-0.007455,0.00213,98931.71,25.77,0.004871037,0.011022,,
1995.841901,0.01122,-0.040698,0.009576,-9.824976,-9.825065,0.00213,-0.003195,0.001065,98931.71,25.77,-0.001948963,0.004202,,
1995.852955,0.011054,-0.064638,0,-9.83934,-9.839552,0.001065,-0.005325,0.003195,98931.71,25.77,-0.016435963,-0.010285,,
1995.864326,0.011371,-0.057456,-0.014364,-9.836946,-9.837124,0.00213,-0.00426,0.001065,98931.66,25.77,-0.014007963,-0.007857,,
1995.875362,0.011036,-0.040698,-0.028728,-9.83934,-9.839466,0.00213,-0.003195,0.003195,98931.66,25.77,-0.016349963,-0.010199,,
1995.886377,0.011015,-0.07182,-0.016758,-9.801036,-9.801313,0.001065,-0.005325,0.001065,98931.66,25.77,0.021803037,0.027954,,
1995.897684,0.011307,-0.062244,0.026334,-9.79146,-9.791693,0.003195,-0.005325,0.003195,98931.66,25.77,0.031423037,0.037574,,
1995.908846,0.011161,-0.081396,-0.007182,-9.808218,-9.808558,0.001065,-0.007455,-0.001065,98931.66,25.77,0.014558037,0.020709,,
1995.920082,0.011236,-0.067032,0.021546,-9.810612,-9.810865,0.00426,-0.003195,0,98931.66,25.77,0.012251037,0.018402,,
1995.931486,0.011404,-0.086184,0.02394,-9.83934,-9.839747,0,-0.005325,0.00426,98931.74,25.77,-0.016630963,-0.01048,,
1995.942472,0.010986,-0.064638,0.016758,-9.82737,-9.827597,0.003195,-0.005325,0.003195,98931.74,25.77,-0.004480963,0.00167,,
1995.953707,0.011235,-0.052668,0.033516,-9.824976,-9.825174,0.003195,-0.00639,0.00213,98931.74,25.77,-0.002057963,0.004093,,
1995.964753,0.011046,-0.079002,0.02394,-9.817794,-9.818141,0.00213,-0.005325,0.003195,98931.74,25.77,0.004975037,0.011126,,
1995.976017,0.011263,-0.14364,-0.004788,-9.822582,-9.823633,0.001065,-0.005325,0.001065,98931.74,25.77,-0.000516963,0.005634,,
1995.987165,0.011149,-0.09576,0.014364,-9.83934,-9.839816,0.00213,-0.00639,0.001065,98931.63,25.77,-0.016699963,-0.010549,,
1995.998343,0.011177,-0.100548,0.016758,-9.796248,-9.796778,0.003195,-0.00426,0.00426,98931.63,25.77,0.026338037,0.032489,,
1996.009537,0.011194,-0.088578,-0.007182,-9.8154,-9.815802,0.001065,-0.005325,-0.001065,98931.63,25.77,0.007314037,0.013465,,
1996.020732,0.011195,-0.074214,0.019152,-9.813006,-9.813305,0.00213,-0.00639,0,98931.63,25.77,0.009811037,0.015962,,
1996.031932,0.0112,-0.100548,-0.002394,-9.813006,-9.813521,0.001065,-0.003195,0.00213,98931.63,25.77,0.009595037,0.015746,,
1996.043145,0.011213,-0.057456,0,-9.820188,-9.820356,0.00426,-0.005325,0.001065,98931.63,25.77,0.002760037,0.008911,,
1996.054383,0.011238,-0.112518,-0.01197,-9.85131,-9.85196,0.00213,-0.00639,0,98931.58,25.77,-0.028843963,-0.022693,,
1996.065437,0.011054,-0.076608,0.014364,-9.832158,-9.832467,0,-0.005325,0.001065,98931.58,25.77,-0.009350963,-0.0032,,
1996.076651,0.011215,-0.117306,0,-9.824976,-9.825676,0.003195,-0.00426,0,98931.58,25.77,-0.002559963,0.003591,,
1996.086728,0.010077,-0.09576,-0.002394,-9.82737,-9.827837,0,-0.00639,0.003195,98931.58,25.77,-0.004720963,0.00143,,
1996.096855,0.010126,-0.105336,0.004788,-9.841734,-9.842299,-0.00213,-0.00639,0.001065,98931.58,25.77,-0.019182963,-0.013032,,
1996.106944,0.010089,-0.09576,0.009576,-9.813006,-9.813478,0.001065,-0.005325,-0.001065,98931.58,25.77,0.009638037,0.015789,,
1996.117042,0.010098,-0.086184,0.016758,-9.810612,-9.811005,0.001065,-0.005325,0.00213,98931.58,25.77,0.012111037,0.018262,,
1996.12713,0.010088,-0.086184,0.014364,-9.810612,-9.811001,0,-0.003195,0.001065,98931.58,25.77,0.012115037,0.018266,,
1996.137244,0.010114,-0.043092,0.016758,-9.798642,-9.798751,0.00213,-0.007455,0.00213,98931.58,25.77,0.024365037,0.030516,,
1996.147358,0.010114,-0.031122,0.02394,-9.793854,-9.793933,0,-0.00852,0,98931.58,25.77,0.029183037,0.035334,,
1996.157468,0.01011,-0.093366,-0.014364,-9.853704,-9.854157,0.001065,-0.00639,0.00213,98931.58,25.77,-0.031040963,-0.02489,,
1996.167559,0.010091,-0.038304,0.014364,-9.834552,-9.834637,0.001065,-0.00639,0.001065,98931.58,25.77,-0.011520963,-0.00537,,
1996.177755,0.010196,-0.043092,0.004788,-9.8154,-9.815496,0.001065,-0.00639,0.00213,98931.58,25.77,0.007620037,0.013771,,
1996.187872,0.010116,-0.069426,0.004788,-9.853704,-9.85395,0.00213,-0.00639,0.001065,98931.45,25.77,-0.030833963,-0.024683,,
1996.197986,0.010115,-0.08379,0.014364,-9.834552,-9.834919,0.00213,-0.003195,0.00213,98931.45,25.77,-0.011802963,-0.005652,,
1996.208078,0.010092,-0.03591,-0.016758,-9.817794,-9.817874,0.001065,-0.00426,0.003195,98931.45,25.77,0.005242037,0.011393,,
1996.218187,0.010109,-0.081396,0.019152,-9.832158,-9.832514,0.00213,-0.00852,0.00213,98931.45,25.77,-0.009397963,-0.003247,,
1996.22827,0.010083,-0.055062,-0.01197,-9.808218,-9.80838,0.001065,-0.005325,0.003195,98931.45,25.77,0.014736037,0.020887,,
1996.238354,0.010084,-0.064638,0.01197,-9.808218,-9.808438,0.001065,-0.003195,0,98931.45,25.77,0.014678037,0.020829,,
1996.248441,0.010087,-0.074214,-0.002394,-9.822582,-9.822863,0.00213,-0.003195,0.00426,98931.61,25.77,0.000253037,0.006404,,
1996.258538,0.010096,-0.07182,-0.002394,-9.810612,-9.810875,0.00213,-0.007455,0.003195,98931.61,25.77,0.012241037,0.018392,,
1996.268621,0.010083,-0.05985,0.021546,-9.820188,-9.820394,0.00213,-0.005325,0.00213,98931.61,25.77,0.002722037,0.008873,,
1996.278704,0.010083,-0.090972,0.021546,-9.817794,-9.818239,0.00213,-0.00426,0.005325,98931.61,25.77,0.004877037,0.011028,,
1996.28881,0.010106,-0.090972,0.01197,-9.856098,-9.856525,0.00213,-0.00639,0.00213,98931.61,25.77,-0.033408963,-0.027258,,
1996.29891,0.0101,-0.086184,0.031122,-9.793854,-9.794283,0.003195,-0.00639,0.001065,98931.61,25.77,0.028833037,0.034984,,
1996.309033,0.010123,-0.079002,0.004788,-9.836946,-9.837264,0.003195,-0.007455,0.003195,98931.63,25.77,-0.014147963,-0.007997,,
1996.31913,0.010098,-0.110124,0.026334,-9.841734,-9.842385,0.00213,-0.005325,0.003195,98931.63,25.77,-0.019268963,-0.013118,,
1996.329234,0.010104,-0.079002,0.026334,-9.822582,-9.822935,0.003195,-0.005325,0,98931.63,25.77,0.000181037,0.006332,,
1996.339336,0.010102,-0.100548,0.014364,-9.820188,-9.820713,0,-0.00639,0.00426,98931.63,25.77,0.002403037,0.008554,,
1996.349424,0.010088,-0.098154,0.014364,-9.834552,-9.835052,0.001065,-0.005325,-0.001065,98931.63,25.77,-0.011935963,-0.005785,,
1996.359557,0.010133,-0.114912,0,-9.810612,-9.811285,0.001065,-0.00639,0.001065,98931.63,25.77,0.011831037,0.017982,,
1996.369651,0.010094,-0.093366,0.02394,-9.832158,-9.83263,0.003195,-0.00639,0.00213,98931.63,25.77,-0.009513963,-0.003363,,
1996.379749,0.010098,-0.100548,0.004788,-9.789066,-9.789584,0.00213,-0.00426,0.001065,98931.52,25.77,0.033532037,0.039683,,
1996.390346,0.010598,-0.074214,0.016758,-9.834552,-9.834846,0.001065,-0.003195,0.003195,98931.52,25.77,-0.011729963,-0.005579,,
1996.40044,0.010094,-0.086184,0.021546,-9.8154,-9.815802,0.001065,-0.005325,0.00213,98931.52,25.77,0.007314037,0.013465,,
1996.410548,0.010108,-0.043092,0.014364,-9.822582,-9.822687,0.00213,-0.005325,0.00426,98931.52,25.77,0.000429037,0.00658,,
1996.420642,0.010094,-0.074214,-0.01197,-9.83934,-9.839627,0.003195,-0.005325,0.003195,98931.52,25.77,-0.016510963,-0.01036,,
1996.430731,0.010089,-0.067032,0.009576,-9.853704,-9.853937,0,-0.00426,0.001065,98931.52,25.77,-0.030820963,-0.02467,,
1996.44082,0.010089,-0.052668,-0.004788,-9.846522,-9.846664,0.003195,-0.00852,0.003195,98931.52,25.77,-0.023547963,-0.017397,,
1996.450916,0.010096,-0.069426,-0.004788,-9.829764,-9.83001,0.001065,-0.00639,0.001065,98931.52,25.77,-0.006893963,-0.000743,,
1996.461031,0.010114,-0.076608,0.01197,-9.817794,-9.8181,0.00213,-0.00852,0.001065,98931.52,25.77,0.005016037,0.011167,,
1996.471147,0.010116,-0.067032,-0.002394,-9.834552,-9.834781,0,-0.005325,-0.001065,98931.52,25.77,-0.011664963,-0.005514,,
1996.481252,0.010105,-0.08379,0,-9.813006,-9.813364,0.001065,-0.007455,0.00426,98931.52,25.77,0.009752037,0.015903,,
1996.491354,0.010102,-0.062244,0.009576,-9.796248,-9.79645,0.003195,-0.00426,0.00213,98931.52,25.77,0.026666037,0.032817,,
1996.501463,0.010109,-0.076608,0.016758,-9.813006,-9.813319,0,-0.005325,0.001065,98931.34,25.77,0.009797037,0.015948,,
1996.511547,0.010084,-0.079002,0.045486,-9.817794,-9.818217,0.00213,-0.007455,0.003195,98931.34,25.77,0.004899037,0.01105,,
1996.521641,0.010094,-0.05985,0.026334,-9.808218,-9.808436,0.00213,-0.005325,0.003195,98931.34,25.77,0.014680037,0.020831,,
1996.53173,0.010089,-0.093366,-0.002394,-9.82737,-9.827814,0.00213,-0.00426,0.003195,98931.34,25.77,-0.004697963,0.001453,,
1996.54186,0.01013,-0.090972,-0.002394,-9.8154,-9.815822,0.001065,-0.005325,0.001065,98931.34,25.77,0.007294037,0.013445,,
1996.551996,0.010137,-0.062244,0.019152,-9.796248,-9.796464,0.00213,-0.005325,0.003195,98931.34,25.77,0.026652037,0.032803,,
1996.56211,0.010113,-0.114912,0.002394,-9.841734,-9.842405,0.00213,-0.00426,0.001065,98931.34,25.77,-0.019288963,-0.013138,,
1996.572331,0.010221,-0.1197,0.002394,-9.834552,-9.835281,0.00213,-0.00426,-0.001065,98931.37,25.77,-0.012164963,-0.006014,,
1996.582431,0.0101,-0.081396,0.016758,-9.82737,-9.827721,0,-0.00213,0,98931.37,25.77,-0.004604963,0.001546,,
1996.592537,0.010106,-0.069426,-0.028728,-9.796248,-9.796536,0.00213,-0.005325,0.001065,98931.37,25.77,0.026580037,0.032731,,
1996.602894,0.010357,-0.09576,0.002394,-9.813006,-9.813474,0.001065,-0.007455,0,98931.37,25.77,0.009642037,0.015793,,
1996.613039,0.010144,-0.067032,0.004788,-9.805824,-9.806054,0,-0.003195,0.001065,98931.37,25.77,0.017062037,0.023213,,
1996.623155,0.010116,-0.105336,-0.014364,-9.801036,-9.801613,0.003195,-0.00852,0,98931.37,25.77,0.021503037,0.027654,,
1996.633258,0.010103,-0.076608,0.014364,-9.820188,-9.820497,0.00213,-0.003195,0.00213,98931.21,25.77,0.002619037,0.00877,,
1996.643357,0.010099,-0.074214,0.007182,-9.820188,-9.820471,0,-0.003195,0.001065,98931.21,25.77,0.002645037,0.008796,,
1996.653467,0.01011,-0.052668,-0.028728,-9.824976,-9.825159,0,-0.00426,0.003195,98931.21,25.77,-0.002042963,0.004108,,
1996.663615,0.010148,-0.08379,0.014364,-9.841734,-9.842101,-0.001065,-0.005325,-0.001065,98931.21,25.77,-0.018984963,-0.012834,,
1996.673953,0.010338,-0.050274,0.026334,-9.841734,-9.841898,0.001065,-0.00426,0.00213,98931.21,25.77,-0.018781963,-0.012631,,
1996.684036,0.010083,-0.055062,-0.002394,-9.820188,-9.820343,0.001065,-0.00852,0.00426,98931.21,25.77,0.002773037,0.008924,,
1996.694826,0.01079,-0.093366,0.01197,-9.853704,-9.854154,0,-0.00852,0.00213,98931.12,25.77,-0.031037963,-0.024887,,
1996.704922,0.010096,-0.064638,-0.002394,-9.79146,-9.791674,0.001065,-0.005325,0,98931.12,25.77,0.031442037,0.037593,,
1996.715261,0.010339,-0.05985,0.026334,-9.796248,-9.796466,0.00213,-0.007455,0.003195,98931.12,25.77,0.026650037,0.032801,,
1996.725888,0.010627,-0.062244,0.028728,-9.856098,-9.856336,0.00213,-0.005325,0.005325,98931.12,25.77,-0.033219963,-0.027069,,
1996.735996,0.010107,-0.090972,0.002394,-9.810612,-9.811034,0.001065,-0.00426,-0.001065,98931.12,25.77,0.012082037,0.018233,,
1996.746112,0.010116,-0.07182,0.019152,-9.824976,-9.825257,0,-0.003195,0.001065,98931.12,25.77,-0.002140963,0.00401,,
1996.756475,0.010363,-0.102942,0.014364,-9.836946,-9.837495,0,-0.007455,0.003195,98931.12,25.77,-0.014378963,-0.008228,,
1996.766583,0.010108,-0.07182,0.016758,-9.810612,-9.810889,0.00213,-0.005325,0.00213,98931.12,25.77,0.012227037,0.018378,,
1996.776679,0.010096,-0.086184,0.004788,-9.786672,-9.787053,0.00213,-0.005325,0.00213,98931.12,25.77,0.036063037,0.042214,,
1996.786782,0.010103,-0.093366,0.033516,-9.82737,-9.827871,0,-0.003195,0.00213,98931.12,25.77,-0.004754963,0.001396,,
1996.796884,0.010102,-0.04788,0.009576,-9.824976,-9.825097,0.001065,-0.005325,-0.001065,98931.12,25.77,-0.001980963,0.00417,,
1996.806974,0.010089,-0.090972,0.021546,-9.82737,-9.827815,0.00213,-0.005325,0.001065,98931.12,25.77,-0.004698963,0.001452,,
1996.817091,0.010118,-0.064638,-0.004788,-9.836946,-9.83716,0.001065,-0.00213,0.00213,98931.12,25.77,-0.014043963,-0.007893,,
1996.827189,0.010098,-0.045486,0,-9.824976,-9.825081,0,-0.00639,0.003195,98931.04,25.77,-0.001964963,0.004186,,
1996.837658,0.010468,-0.081396,-0.028728,-9.813006,-9.813386,0.005325,-0.005325,0.00213,98931.04,25.77,0.009730037,0.015881,,
1996.847787,0.01013,-0.081396,-0.002394,-9.820188,-9.820526,0,-0.00639,0.001065,98931.04,25.77,0.002590037,0.008741,,
1996.857915,0.010128,-0.081396,-0.004788,-9.810612,-9.810951,0.003195,-0.00426,0.003195,98931.04,25.77,0.012165037,0.018316,,
1996.868261,0.010346,-0.067032,0.007182,-9.810612,-9.810844,0.001065,-0.003195,0,98931.04,25.77,0.012272037,0.018423,,
1996.878355,0.010094,-0.09576,-0.019152,-9.829764,-9.830249,0.001065,-0.005325,0.00213,98931.04,25.77,-0.007132963,-0.000982,,
1996.888449,0.010094,-0.098154,0.019152,-9.824976,-9.825485,0.003195,-0.00213,0.001065,98931.01,25.77,-0.002368963,0.003782,,
1996.898537,0.010088,-0.064638,0.019152,-9.832158,-9.832389,0.00426,-0.007455,0.00213,98931.01,25.77,-0.009272963,-0.003122,,
1996.908625,0.010088,-0.088578,-0.002394,-9.801036,-9.801437,0.00213,-0.00426,0.001065,98931.01,25.77,0.021679037,0.02783,,
1996.918736,0.010111,-0.07182,0.019152,-9.82737,-9.827651,0,-0.003195,0.001065,98931.01,25.77,-0.004534963,0.001616,,
1996.928833,0.010097,-0.062244,0.02394,-9.829764,-9.82999,0,-0.005325,0.00213,98931.01,25.77,-0.006873963,-0.000723,,
1996.938931,0.010099,-0.09576,0.016758,-9.841734,-9.842214,0.003195,-0.00639,0.00213,98931.01,25.77,-0.019097963,-0.012947,,
1996.949536,0.010605,-0.052668,0.004788,-9.832158,-9.8323,0,-0.00639,0.001065,98930.85,25.77,-0.009183963,-0.003033,,
1996.959638,0.010102,-0.076608,0.021546,-9.817794,-9.818117,0.00213,-0.007455,0.00426,98930.85,25.77,0.004999037,0.01115,,
1996.969731,0.010094,-0.126882,-0.004788,-9.82737,-9.82819,0.003195,-0.003195,0.001065,98930.85,25.77,-0.005073963,0.001077,,
1996.979835,0.010104,-0.08379,0.033516,-9.786672,-9.787088,0.00213,-0.00426,0.003195,98930.85,25.77,0.036028037,0.042179,,
1996.989922,0.010087,-0.105336,0.007182,-9.817794,-9.818362,0.001065,-0.00639,0.00213,98930.85,25.77,0.004754037,0.010905,,
1997.000029,0.010107,-0.102942,0.01197,-9.82737,-9.827916,0.001065,-0.00426,0,98930.85,25.77,-0.004799963,0.001351,,
1997.010177,0.010148,-0.076608,0.021546,-9.841734,-9.842056,-0.001065,-0.003195,0.001065,98930.85,25.77,-0.018939963,-0.012789,,
1997.020266,0.010089,-0.08379,-0.004788,-9.858492,-9.858849,0.003195,-0.00639,0.003195,98930.86,25.77,-0.035732963,-0.029582,,
1997.030359,0.010093,-0.069426,0.021546,-9.856098,-9.856366,0.001065,-0.00639,0.00213,98930.86,25.77,-0.033249963,-0.027099,,
1997.040455,0.010097,-0.069426,-0.009576,-9.841734,-9.841984,0.001065,-0.003195,0,98930.86,25.77,-0.018867963,-0.012717,,
1997.050541,0.010086,-0.088578,0,-9.822582,-9.822981,0,-0.00639,0,98930.86,25.77,0.000135037,0.006286,,
1997.060639,0.010098,-0.064638,0.01197,-9.80343,-9.80365,0.00213,-0.00426,0.00426,98930.86,25.77,0.019466037,0.025617,,
1997.070741,0.010102,-0.05985,0.004788,-9.82737,-9.827553,0.003195,-0.005325,0.00213,98930.86,25.77,-0.004436963,0.001714,,
1997.080829,0.010088,-0.074214,0.002394,-9.832158,-9.832438,-0.001065,-0.005325,0.00213,98930.86,25.77,-0.009321963,-0.003171,,
1997.090964,0.010136,-0.064638,-0.009576,-9.834552,-9.834769,0.00213,-0.00426,0.001065,98930.86,25.77,-0.011652963,-0.005502,,
1997.101056,0.010091,-0.03591,-0.007182,-9.810612,-9.81068,0,-0.00426,0.003195,98930.86,25.77,0.012436037,0.018587,,
1997.11114,0.010085,-0.055062,0.002394,-9.808218,-9.808373,0.003195,-0.005325,0.003195,98930.86,25.77,0.014743037,0.020894,,
1997.121258,0.010118,-0.069426,-0.009576,-9.817794,-9.818044,0.003195,-0.003195,0,98930.86,25.77,0.005072037,0.011223,,
1997.132796,0.011539,-0.076608,-0.016758,-9.80343,-9.803744,0.00213,-0.007455,0.003195,98930.86,25.77,0.019372037,0.025523,,
1997.143165,0.010368,-0.074214,-0.016758,-9.820188,-9.820483,0,-0.007455,0.00213,98930.86,25.77,0.002633037,0.008784,,
1997.153282,0.010117,-0.102942,0.028728,-9.83934,-9.83992,0.00426,-0.007455,0.003195,98930.86,25.77,-0.016803963,-0.010653,,
1997.163408,0.010127,-0.088578,0.002394,-9.817794,-9.818194,0.00213,-0.00639,0.00426,98930.86,25.77,0.004922037,0.011073,,
1997.173617,0.010209,-0.086184,0.043092,-9.813006,-9.813479,0,-0.00426,0.001065,98930.86,25.77,0.009637037,0.015788,,
1997.183952,0.010335,-0.088578,0.009576,-9.817794,-9.818198,0.001065,-0.00213,0,98930.86,25.77,0.004918037,0.011069,,
1997.195244,0.011292,-0.057456,0.026334,-9.82737,-9.827573,0.00426,-0.003195,0.001065,98930.86,25.77,-0.004456963,0.001694,,
1997.206362,0.011118,-0.112518,0.002394,-9.798642,-9.799288,0,-0.007455,0.001065,98930.88,25.77,0.023828037,0.029979,,
1997.217444,0.011082,-0.09576,0.028728,-9.848916,-9.849423,0.00213,-0.00426,0.001065,98930.88,25.77,-0.026306963,-0.020156,,
1997.228617,0.011173,-0.086184,0.007182,-9.801036,-9.801418,-0.001065,-0.00639,0.001065,98930.88,25.77,0.021698037,0.027849,,
1997.239862,0.011245,-0.074214,0.009576,-9.824976,-9.825261,-0.001065,-0.005325,0,98930.88,25.77,-0.002144963,0.004006,,
1997.25003,0.010168,-0.086184,0.007182,-9.832158,-9.832538,0.003195,-0.007455,0.00213,98930.88,25.77,-0.009421963,-0.003271,,
1997.260129,0.010099,-0.076608,-0.016758,-9.808218,-9.808531,0.001065,-0.005325,0.001065,98930.88,25.77,0.014585037,0.020736,,
1997.270282,0.010153,-0.045486,0.004788,-9.8154,-9.815507,0.001065,-0.003195,0.001065,98930.72,25.77,0.007609037,0.01376,,
1997.280366,0.010084,-0.086184,0.004788,-9.860886,-9.861264,0.00213,-0.007455,0.003195,98930.72,25.77,-0.038147963,-0.031997,,
1997.290462,0.010096,-0.052668,0.002394,-9.85131,-9.851451,0.00213,-0.00639,0.003195,98930.72,25.77,-0.028334963,-0.022184,,
1997.300621,0.010159,-0.074214,-0.01197,-9.820188,-9.820476,0.001065,-0.00852,0,98930.72,25.77,0.002640037,0.008791,,
1997.310707,0.010086,-0.04788,0.009576,-9.832158,-9.832279,0.001065,-0.00639,0.00213,98930.72,25.77,-0.009162963,-0.003012,,
1997.320814,0.010107,-0.069426,-0.009576,-9.8154,-9.81565,0.00213,-0.00426,0.00426,98930.72,25.77,0.007466037,0.013617,,
1997.330929,0.010115,-0.05985,0.019152,-9.793854,-9.794056,0,-0.005325,0.00213,98930.77,25.77,0.029060037,0.035211,,
1997.341405,0.010475,-0.090972,-0.007182,-9.801036,-9.801461,0.00213,-0.00639,0,98930.77,25.77,0.021655037,0.027806,,
1997.351504,0.010099,-0.086184,0,-9.817794,-9.818172,0.003195,-0.00852,0.001065,98930.77,25.77,0.004944037,0.011095,,
1997.361579,0.010075,-0.069426,-0.009576,-9.798642,-9.798893,0,-0.005325,0.00426,98930.77,25.77,0.024223037,0.030374,,
1997.371656,0.010077,-0.079002,0.052668,-9.810612,-9.811071,0.00426,-0.005325,0.00426,98930.77,25.77,0.012045037,0.018196,,
1997.381761,0.010105,-0.07182,0.016758,-9.8154,-9.815677,0.003195,-0.00639,0.00213,98930.77,25.77,0.007439037,0.01359,,
1997.392099,0.010338,-0.081396,-0.019152,-9.848916,-9.849271,0.00213,-0.005325,0.001065,98930.72,25.77,-0.026154963,-0.020004,,
1997.402419,0.01032,-0.08379,0.016758,-9.86328,-9.86365,0,-0.00639,0.001065,98930.72,25.77,-0.040533963,-0.034383,,
1997.412523,0.010104,-0.081396,0.004788,-9.793854,-9.794193,-0.001065,-0.00852,0.001065,98930.72,25.77,0.028923037,0.035074,,
1997.422612,0.010088,-0.079002,0.033516,-9.808218,-9.808593,0.00426,-0.003195,0.00213,98930.72,25.77,0.014523037,0.020674,,
1997.432759,0.010148,-0.10773,0.028728,-9.813006,-9.813639,0.003195,-0.00426,0.00213,98930.72,25.77,0.009477037,0.015628,,
1997.442867,0.010107,-0.067032,0.02394,-9.810612,-9.81087,0.00213,-0.003195,0,98930.72,25.77,0.012246037,0.018397,,
1997.452964,0.010098,-0.093366,0.019152,-9.805824,-9.806287,0.001065,-0.00426,0.001065,98930.72,25.77,0.016829037,0.02298,,
1997.463665,0.0107,-0.067032,0,-9.822582,-9.822811,0,-0.00639,0,98930.72,25.77,0.000305037,0.006456,,
1997.474772,0.011107,-0.086184,-0.052668,-9.829764,-9.830283,0.005325,-0.00639,0.001065,98930.72,25.77,-0.007166963,-0.001016,,
1997.485859,0.011087,-0.081396,0.019152,-9.817794,-9.81815,0.003195,-0.00639,0.00426,98930.72,25.77,0.004966037,0.011117,,
1997.497111,0.011252,-0.079002,-0.009576,-9.829764,-9.830086,0.00213,-0.005325,0,98930.72,25.77,-0.006969963,-0.000819,,
1997.508259,0.011148,-0.076608,-0.009576,-9.824976,-9.825279,0.00213,-0.00852,0.001065,98930.72,25.77,-0.002162963,0.003988,,
1997.519565,0.011306,-0.10773,0.040698,-9.793854,-9.794531,0.001065,-0.005325,0,98930.72,25.77,0.028585037,0.034736,,
1997.530657,0.011092,-0.086184,0.009576,-9.808218,-9.808601,0.00426,-0.005325,0.001065,98930.64,25.77,0.014515037,0.020666,,
1997.541901,0.011243,-0.105336,-0.01197,-9.817794,-9.818366,0.001065,-0.005325,0.00213,98930.64,25.77,0.004750037,0.010901,,
1997.55301,0.01111,-0.07182,0.019152,-9.856098,-9.856378,0.00213,-0.005325,0.003195,98930.64,25.77,-0.033261963,-0.027111,,
1997.564241,0.01123,-0.090972,-0.004788,-9.83934,-9.839762,0.00213,-0.003195,0.00213,98930.64,25.77,-0.016645963,-0.010495,,
1997.575508,0.011267,-0.057456,-0.026334,-9.844128,-9.844331,0.001065,-0.00426,0.001065,98930.64,25.77,-0.021214963,-0.015064,,
1997.587258,0.01175,-0.052668,-0.007182,-9.810612,-9.810756,0.003195,-0.005325,0.003195,98930.7,25.77,0.012360037,0.018511,,
1997.597763,0.010505,-0.07182,0.016758,-9.83934,-9.839616,0.00213,-0.00639,0.001065,98930.7,25.77,-0.016499963,-0.010349,,
1997.608913,0.011151,-0.086184,0.004788,-9.786672,-9.787053,0.001065,-0.005325,0.003195,98930.7,25.77,0.036063037,0.042214,,
1997.620156,0.011242,-0.069426,0,-9.820188,-9.820433,0.001065,-0.005325,0.001065,98930.7,25.77,0.002683037,0.008834,,
1997.63134,0.011185,-0.093366,0.031122,-9.817794,-9.818287,0.00213,-0.00639,0.003195,98930.7,25.77,0.004829037,0.01098,,
1997.642839,0.011498,-0.064638,0.004788,-9.82737,-9.827584,0.001065,-0.00852,0.001065,98930.7,25.77,-0.004467963,0.001683,,
1997.653657,0.010819,-0.026334,0,-9.820188,-9.820223,0,-0.00639,0.003195,98930.7,25.77,0.002893037,0.009044,,
1997.664832,0.011175,-0.08379,0.01197,-9.820188,-9.820553,0.00213,-0.005325,0.003195,98930.7,25.77,0.002563037,0.008714,,
1997.676119,0.011287,-0.043092,0.016758,-9.822582,-9.822691,-0.001065,-0.003195,0.003195,98930.7,25.77,0.000425037,0.006576,,
1997.68731,0.011191,-0.05985,0.014364,-9.80343,-9.803623,0.003195,-0.005325,0.001065,98930.7,25.77,0.019493037,0.025644,,
1997.698396,0.011086,-0.10773,0.045486,-9.79146,-9.792158,0.003195,-0.00639,0.00213,98930.7,25.77,0.030958037,0.037109,,
1997.709614,0.011218,-0.10773,0.038304,-9.796248,-9.796915,0.001065,-0.009585,0.00213,98930.7,25.77,0.026201037,0.032352,,
1997.720778,0.011164,-0.110124,0.028728,-9.832158,-9.832817,0,-0.003195,0.00213,98930.77,25.77,-0.009700963,-0.00355,,
1997.731952,0.011175,-0.090972,0.004788,-9.796248,-9.796672,0.001065,-0.00213,0.00213,98930.77,25.77,0.026444037,0.032595,,
1997.743246,0.011293,-0.100548,-0.016758,-9.82737,-9.827899,0.00213,-0.00639,0.001065,98930.77,25.77,-0.004782963,0.001368,,
1997.754418,0.011172,-0.074214,0.007182,-9.820188,-9.820471,0.001065,-0.00426,0,98930.77,25.77,0.002645037,0.008796,,
1997.765541,0.011123,-0.069426,-0.014364,-9.834552,-9.834808,0.00213,-0.00426,0.001065,98930.77,25.77,-0.011691963,-0.005541,,
1997.776731,0.01119,-0.074214,-0.002394,-9.85131,-9.85159,0.00213,-0.005325,0.003195,98930.77,25.77,-0.028473963,-0.022323,,
1997.78811,0.011378,-0.069426,-0.004788,-9.846522,-9.846768,-0.001065,-0.00852,0,98930.77,25.77,-0.023651963,-0.017501,,
1997.799196,0.011086,-0.112518,-0.009576,-9.829764,-9.830413,0.001065,-0.00426,0.00213,98930.77,25.77,-0.007296963,-0.001146,,
1997.810377,0.011181,-0.055062,-0.009576,-9.83934,-9.839499,0,-0.005325,0.003195,98930.77,25.77,-0.016382963,-0.010232,,
1997.821426,0.011049,-0.055062,-0.004788,-9.801036,-9.801192,0,-0.007455,0.003195,98930.77,25.77,0.021924037,0.028075,,
1997.832601,0.011175,-0.055062,0.01197,-9.832158,-9.832319,0.00213,-0.007455,0.005325,98930.77,25.77,-0.009202963,-0.003052,,
1997.844095,0.011494,-0.064638,0.021546,-9.805824,-9.806061,0.00426,-0.00426,0.00213,98930.77,25.77,0.017055037,0.023206,,
