time,dt,accel_x,accel_y,accel_z,union_g,gyro_x,gyro_y,gyro_z,pressure,temp,ag,
1427.630286,0.011241,-0.019152,-0.079002,-9.822582,-9.822918,0.00213,-0.00426,0.001065,98549.48,27.13,-0.0053749,-9.8175431
1427.641483,0.011197,0.016758,-0.067032,-9.805824,-9.806067,0.005325,-0.00639,0.001065,98549.48,27.13,0.0114761,
1427.652551,0.011068,0.026334,-0.079002,-9.813006,-9.813359,0.005325,-0.00639,0,98549.48,27.13,0.0041841,
1427.663775,0.011224,-0.01197,-0.08379,-9.79146,-9.791826,0.00426,-0.005325,0,98549.58,27.13,0.0257171,
1427.674963,0.011187,-0.019152,-0.079002,-9.80343,-9.803767,0.003195,-0.005325,0.003195,98549.58,27.13,0.0137761,
1427.686212,0.01125,0.002394,-0.07182,-9.8154,-9.815663,0.005325,-0.005325,0.001065,98549.58,27.13,0.0018801,
1427.697272,0.01106,0.031122,-0.079002,-9.808218,-9.808586,0.00213,-0.00426,0.00213,98549.58,27.13,0.0089571,
1427.708594,0.011322,0.014364,-0.069426,-9.820188,-9.820444,0.00213,-0.00426,0.00213,98549.58,27.13,-0.0029009,
1427.719853,0.011258,-0.002394,-0.055062,-9.829764,-9.829919,0.00213,-0.007455,0.003195,98549.58,27.13,-0.0123759,
1427.730911,0.011058,0.019152,-0.074214,-9.817794,-9.818093,0.00426,-0.00639,0,98549.58,27.13,-0.0005499,
1427.742089,0.011178,0,-0.069426,-9.810612,-9.810858,0.003195,-0.005325,0.00213,98549.58,27.13,0.0066851,
1427.753204,0.011115,-0.002394,-0.07182,-9.805824,-9.806087,0.00213,-0.00639,0.00213,98549.58,27.13,0.0114561,
1427.76438,0.011176,-0.033516,-0.086184,-9.824976,-9.825411,0.001065,-0.00639,0.001065,98549.58,27.13,-0.0078679,
1427.775904,0.011524,0.014364,-0.062244,-9.824976,-9.825184,0.005325,-0.00852,0.00213,98549.58,27.13,-0.0076409,
1427.786832,0.010928,0.004788,-0.069426,-9.817794,-9.818041,0.00213,-0.00639,0.001065,98549.71,27.13,-0.0004979,
1427.797961,0.011129,-0.031122,-0.086184,-9.810612,-9.81104,0,-0.00639,0.00213,98549.71,27.13,0.0065031,
1427.809326,0.011365,-0.028728,-0.062244,-9.810612,-9.810852,0.00213,-0.005325,0.003195,98549.71,27.13,0.0066911,
1427.820313,0.010987,-0.009576,-0.08379,-9.813006,-9.813368,0.00213,-0.005325,0,98549.71,27.13,0.0041751,
1427.831544,0.011231,-0.004788,-0.08379,-9.817794,-9.818153,0.003195,-0.009585,0.003195,98549.71,27.13,-0.0006099,
1427.842751,0.011206,0,-0.067032,-9.822582,-9.822811,0.005325,-0.005325,0.001065,98549.71,27.13,-0.0052679,
1427.854004,0.011253,-0.007182,-0.076608,-9.822582,-9.822883,0,-0.005325,0.00213,98549.75,27.13,-0.0053399,
1427.865052,0.011048,0.014364,-0.076608,-9.810612,-9.810922,0.005325,-0.003195,0,98549.75,27.13,0.0066211,
1427.876365,0.011313,0.01197,-0.088578,-9.808218,-9.808625,0.00639,-0.00639,0.003195,98549.75,27.13,0.0089181,
1427.887556,0.011191,-0.03591,-0.090972,-9.805824,-9.806312,0.00213,-0.005325,0.001065,98549.75,27.13,0.0112311,
1427.899086,0.01153,-0.014364,-0.08379,-9.810612,-9.81098,0,-0.005325,0.00213,98549.75,27.13,0.0065631,
1427.910044,0.010958,0.014364,-0.067032,-9.808218,-9.808458,0.00426,-0.005325,0.00213,98549.75,27.13,0.0090851,
1427.920963,0.010919,0.004788,-0.074214,-9.801036,-9.801318,0.003195,-0.00852,0.001065,98549.75,27.13,0.0162251,
1427.932176,0.011213,0.002394,-0.079002,-9.801036,-9.801355,0.003195,-0.005325,0.00213,98549.75,27.13,0.0161881,
1427.943567,0.011391,0.002394,-0.098154,-9.834552,-9.835042,0.003195,-0.003195,0.00213,98549.75,27.13,-0.0174989,
1427.954621,0.011054,-0.002394,-0.07182,-9.824976,-9.825239,0.00426,-0.00852,0.003195,98549.75,27.13,-0.0076959,
1427.96574,0.011119,0.002394,-0.076608,-9.8154,-9.815699,0.00213,-0.00852,0.00213,98549.75,27.13,0.0018441,
1427.977112,0.011372,-0.038304,-0.114912,-9.829764,-9.83051,0,-0.00213,0.00213,98549.56,27.13,-0.0129669,
1427.988184,0.011072,0,-0.069426,-9.832158,-9.832403,0.007455,-0.00852,0.003195,98549.56,27.13,-0.0148599,
1427.999335,0.011151,0.004788,-0.088578,-9.820188,-9.820589,0.00426,-0.00426,0.001065,98549.56,27.13,-0.0030459,
1428.010487,0.011152,-0.016758,-0.057456,-9.808218,-9.808401,0.003195,-0.00639,0.00426,98549.56,27.13,0.0091421,
1428.021697,0.01121,-0.05985,-0.081396,-9.817794,-9.818314,0.00426,-0.00639,0.003195,98549.56,27.13,-0.0007709,
1428.032823,0.011126,-0.04788,-0.090972,-9.810612,-9.811151,0.00426,-0.007455,0.00213,98549.56,27.13,0.0063921,
1428.044074,0.011251,0,-0.064638,-9.820188,-9.820401,0.00213,-0.009585,0.001065,98549.63,27.13,-0.0028579,
1428.055278,0.011204,-0.04788,-0.088578,-9.817794,-9.81831,0.003195,-0.005325,0.00213,98549.63,27.13,-0.0007669,
1428.066418,0.01114,-0.019152,-0.079002,-9.822582,-9.822918,0.003195,-0.005325,0.00213,98549.63,27.13,-0.0053749,
1428.077639,0.011221,0.019152,-0.052668,-9.813006,-9.813166,0.00426,-0.009585,0.00213,98549.63,27.13,0.0043771,
1428.088823,0.011184,-0.069426,-0.081396,-9.805824,-9.806408,0.001065,-0.001065,0.00213,98549.63,27.13,0.0111351,
1428.099931,0.011108,0.009576,-0.055062,-9.789066,-9.789226,0.00639,-0.009585,0.001065,98549.63,27.13,0.0283171,
1428.11118,0.011249,-0.052668,-0.076608,-9.82737,-9.82781,0.00213,-0.003195,0.001065,98549.77,27.13,-0.0102669,
1428.122343,0.011163,0.057456,-0.069426,-9.805824,-9.806238,0.003195,-0.009585,0,98549.77,27.13,0.0113051,
1428.133491,0.011148,0.043092,-0.088578,-9.808218,-9.808713,0.00213,-0.007455,0.00213,98549.77,27.13,0.0088301,
1428.144675,0.011184,-0.004788,-0.055062,-9.822582,-9.822737,0.00426,-0.007455,0.001065,98549.77,27.13,-0.0051939,
1428.155882,0.011207,0.050274,-0.067032,-9.8154,-9.815758,0,-0.005325,0.00213,98549.77,27.13,0.0017851,
1428.167116,0.011233,0.040698,-0.076608,-9.834552,-9.834935,0.001065,-0.005325,0.00213,98549.88,27.13,-0.0173919,
1428.178259,0.011143,0.004788,-0.074214,-9.820188,-9.82047,0.003195,-0.003195,0.003195,98549.88,27.13,-0.0029269,
1428.189518,0.011259,0.01197,-0.081396,-9.817794,-9.818139,0.003195,-0.007455,0.001065,98549.88,27.13,-0.0005959,
1428.200596,0.011078,0.014364,-0.088578,-9.8154,-9.81581,0,-0.003195,0.00213,98549.88,27.13,0.0017331,
1428.211788,0.011192,0.002394,-0.05985,-9.834552,-9.834734,0.003195,-0.005325,0.00426,98549.88,27.13,-0.0171909,
1428.223587,0.0118,0.009576,-0.081396,-9.824976,-9.825318,0.00426,-0.00639,0.00213,98549.88,27.13,-0.0077749,
1428.234273,0.010686,-0.019152,-0.069426,-9.824976,-9.82524,0.003195,-0.007455,0.003195,98549.88,27.13,-0.0076969,
1428.245309,0.011036,-0.016758,-0.069426,-9.817794,-9.818054,0.00213,-0.005325,-0.001065,98549.88,27.13,-0.0005109,
1428.256591,0.011282,-0.002394,-0.076608,-9.798642,-9.798942,0.005325,-0.00852,0.00426,98549.88,27.13,0.0186011,
1428.267767,0.011175,-0.016758,-0.076608,-9.822582,-9.822895,0.00213,-0.005325,0.00213,98549.88,27.13,-0.0053519,
1428.278987,0.01122,-0.021546,-0.064638,-9.805824,-9.806061,0,-0.005325,0.00426,98549.88,27.13,0.0114821,
1428.29011,0.011123,-0.019152,-0.08379,-9.805824,-9.806201,0.00639,-0.005325,0,98549.88,27.13,0.0113421,
1428.30131,0.011199,-0.052668,-0.088578,-9.829764,-9.830304,0.003195,-0.00639,0.00213,98549.96,27.13,-0.0127609,
1428.312503,0.011194,-0.004788,-0.067032,-9.808218,-9.808448,0.00213,-0.003195,0.003195,98549.96,27.13,0.0090951,
1428.323705,0.011202,-0.009576,-0.09576,-9.832158,-9.832629,0.003195,-0.01065,0.005325,98549.96,27.13,-0.0150859,
1428.334828,0.011123,-0.038304,-0.086184,-9.829764,-9.830216,0.00213,-0.005325,0.001065,98549.96,27.13,-0.0126729,
1428.346049,0.01122,-0.019152,-0.08379,-9.801036,-9.801413,0.003195,-0.007455,0.00213,98549.96,27.13,0.0161301,
1428.357295,0.011246,-0.014364,-0.08379,-9.813006,-9.813374,0.001065,-0.00426,0.00213,98549.98,27.13,0.0041691,
1428.368449,0.011154,0.016758,-0.074214,-9.846522,-9.846816,0.005325,-0.00639,0.00213,98549.98,27.13,-0.0292729,
1428.379581,0.011132,0.014364,-0.093366,-9.832158,-9.832612,0.00213,-0.007455,0,98549.98,27.13,-0.0150689,
1428.390803,0.011222,-0.014364,-0.102942,-9.83934,-9.839889,0.00213,-0.005325,0.001065,98549.98,27.13,-0.0223459,
1428.401964,0.011161,-0.014364,-0.086184,-9.824976,-9.825364,0.005325,-0.007455,0.003195,98549.98,27.13,-0.0078209,
1428.413753,0.01179,-0.016758,-0.067032,-9.808218,-9.808461,0.00213,-0.00426,0,98549.98,27.13,0.0090821,
1428.424444,0.010691,-0.004788,-0.079002,-9.796248,-9.796568,0.003195,-0.009585,0.00213,98550.06,27.13,0.0209751,
1428.435534,0.01109,-0.045486,-0.064638,-9.796248,-9.796567,0,-0.001065,0.00213,98550.06,27.13,0.0209761,
1428.446712,0.011178,0.069426,-0.055062,-9.817794,-9.818194,0.005325,-0.009585,0.005325,98550.06,27.13,-0.0006509,
1428.45793,0.011218,-0.045486,-0.081396,-9.856098,-9.856539,0.003195,-0.00639,0.001065,98550.06,27.13,-0.0389959,
1428.469269,0.011339,0.04788,-0.05985,-9.860886,-9.861184,0.00213,-0.003195,0.00213,98550.06,27.13,-0.0436409,
1428.480243,0.010973,0.086184,-0.033516,-9.817794,-9.818229,0.00852,-0.01065,0.00213,98550.06,27.13,-0.0006859,
1428.491472,0.011229,-0.081396,-0.114912,-9.813006,-9.814016,0.00213,-0.00213,0.00213,98549.99,27.13,0.0035271,
1428.502619,0.011147,-0.03591,-0.081396,-9.769914,-9.770319,0.001065,-0.00426,0.003195,98549.99,27.13,0.0472241,
1428.513786,0.011167,-0.074214,-0.076608,-9.757944,-9.758527,-0.001065,-0.001065,-0.001065,98549.99,27.13,0.0590161,
1428.524986,0.011201,-0.088578,-0.021546,-9.817794,-9.818217,0.00426,-0.007455,0.001065,98549.99,27.13,-0.0006739,
1428.535524,0.010537,0.014364,-0.100548,-9.829764,-9.830289,0.00852,-0.005325,-0.001065,98549.99,27.13,-0.0127459,
1428.548152,0.012629,0.007182,-0.08379,-9.8154,-9.81576,-0.00213,-0.003195,0.00426,98549.99,27.13,0.0017831,
1428.558616,0.010464,0.043092,-0.03591,-9.8154,-9.81556,0.005325,-0.01065,0.00426,98549.99,27.13,0.0019831,
1428.569928,0.011312,-0.033516,-0.09576,-9.841734,-9.842257,0.00213,-0.00639,0.00213,98549.99,27.13,-0.0247139,
1428.581391,0.011463,0.014364,-0.079002,-9.805824,-9.806153,-0.001065,-0.00426,0.003195,98549.99,27.13,0.0113901,
1428.59221,0.010819,0.045486,-0.040698,-9.832158,-9.832347,0.009585,-0.00852,0.003195,98549.99,27.13,-0.0148039,
1428.603607,0.011398,-0.026334,-0.110124,-9.805824,-9.806478,0.00426,-0.00213,0.001065,98549.99,27.13,0.0110651,
1428.615077,0.01147,0.014364,-0.038304,-9.793854,-9.793939,0,-0.00852,0.003195,98550.06,27.13,0.0236041,
1428.625645,0.010568,-0.043092,-0.074214,-9.836946,-9.83732,0.007455,-0.01065,0.003195,98550.06,27.13,-0.0197769,
1428.636809,0.011164,-0.067032,-0.102942,-9.817794,-9.818562,-0.001065,-0.00213,0.001065,98550.06,27.13,-0.0010189,
1428.647957,0.011148,0.045486,-0.052668,-9.789066,-9.789313,0.007455,-0.011715,0.00426,98550.06,27.13,0.0282301,
1428.65927,0.011313,-0.08379,-0.102942,-9.846522,-9.847417,0.001065,-0.005325,0.005325,98550.06,27.13,-0.0298739,
1428.670439,0.011169,-0.040698,-0.09576,-9.846522,-9.847072,0.001065,-0.003195,0.00213,98550.06,27.13,-0.0295289,
1428.681664,0.011226,0.081396,-0.074214,-9.824976,-9.825593,0.007455,-0.007455,0.003195,98550.07,27.13,-0.0080499,
1428.692739,0.011074,-0.07182,-0.098154,-9.813006,-9.81376,-0.003195,-0.001065,0.001065,98550.07,27.13,0.0037831,
1428.703928,0.011189,-0.021546,-0.086184,-9.774702,-9.775106,0.00639,-0.009585,0.003195,98550.07,27.13,0.0424371,
1428.715156,0.011228,-0.10773,-0.093366,-9.822582,-9.823616,0.00426,-0.007455,0.00213,98550.07,27.13,-0.0060729,
1428.726309,0.011153,0.016758,-0.055062,-9.796248,-9.796417,0.00639,-0.009585,0.00213,98550.07,27.13,0.0211261,
1428.737454,0.011145,0.019152,-0.074214,-9.801036,-9.801336,0.001065,-0.005325,0.003195,98550.07,27.13,0.0162071,
1428.748719,0.011265,-0.057456,-0.08379,-9.820188,-9.820714,0.005325,-0.003195,0.001065,98550.15,27.13,-0.0031709,
1428.759811,0.011092,0.02394,-0.057456,-9.80343,-9.803628,0.003195,-0.00852,0.003195,98550.15,27.13,0.0139151,
1428.771128,0.011316,-0.026334,-0.086184,-9.817794,-9.818208,0.001065,-0.00426,0,98550.15,27.13,-0.0006649,
1428.782271,0.011143,-0.045486,-0.05985,-9.836946,-9.837233,0.001065,-0.005325,0,98550.15,27.13,-0.0196899,
1428.793388,0.011117,0,-0.098154,-9.813006,-9.813497,0.00852,-0.00639,0.003195,98550.15,27.13,0.0040461,
1428.804717,0.011329,-0.040698,-0.102942,-9.810612,-9.811236,-0.001065,-0.001065,0,98550.15,27.13,0.0063071,
1428.815811,0.011094,0.004788,-0.098154,-9.832158,-9.832649,0.003195,-0.005325,0.001065,98550.15,27.13,-0.0151059,
1428.827,0.01119,-0.05985,-0.10773,-9.817794,-9.818567,0.005325,-0.00852,0,98550.15,27.13,-0.0010239,
1428.838176,0.011176,0.016758,-0.090972,-9.836946,-9.837381,0.00213,-0.00639,0.00213,98550.15,27.13,-0.0198379,
1428.849398,0.011222,0.009576,-0.093366,-9.822582,-9.82303,0.005325,-0.00852,0.00213,98550.15,27.13,-0.0054869,
1428.860511,0.011113,-0.040698,-0.114912,-9.841734,-9.842489,0.00213,-0.003195,0.00213,98550.15,27.13,-0.0249459,
1428.871783,0.011272,0.064638,-0.086184,-9.834552,-9.835142,0.007455,-0.01065,0.00213,98550.15,27.13,-0.0175989,
1428.88292,0.011137,-0.01197,-0.069426,-9.846522,-9.846774,0,-0.001065,0.00213,98550.15,27.13,-0.0292309,
1428.894076,0.011156,0.079002,-0.045486,-9.793854,-9.794278,0.00426,-0.007455,0.001065,98550.15,27.13,0.0232651,
1428.905225,0.011149,-0.004788,-0.098154,-9.801036,-9.801529,0.00426,-0.00426,0.003195,98550.15,27.13,0.0160141,
1428.916461,0.011236,-0.007182,-0.069426,-9.832158,-9.832406,0.00213,-0.005325,0.001065,98550.15,27.13,-0.0148629,
1428.927653,0.011192,0.019152,-0.040698,-9.810612,-9.810715,0.007455,-0.007455,0.00426,98550.15,27.13,0.0068281,
1428.93884,0.011186,0.028728,-0.07182,-9.8154,-9.815705,0.00426,-0.00426,0.003195,98550.24,27.13,0.0018381,
1428.949988,0.011149,0.007182,-0.052668,-9.813006,-9.81315,0.005325,-0.00639,0.005325,98550.24,27.13,0.0043931,
1428.961173,0.011185,0.014364,-0.067032,-9.822582,-9.822821,0.001065,-0.005325,0.00213,98550.24,27.13,-0.0052779,
1428.972316,0.011143,-0.02394,-0.086184,-9.834552,-9.834959,0.00426,-0.00852,0.001065,98550.24,27.13,-0.0174159,
1428.983609,0.011293,-0.004788,-0.07182,-9.85131,-9.851573,0.00426,-0.007455,0.00213,98550.24,27.13,-0.0340299,
1428.995388,0.011779,0.01197,-0.07182,-9.824976,-9.825246,0.003195,-0.005325,0.003195,98550.32,27.13,-0.0077029,
1429.005933,0.010546,-0.007182,-0.09576,-9.820188,-9.820658,0.003195,-0.00639,0.001065,98550.32,27.13,-0.0031149,
1429.017092,0.011159,-0.021546,-0.08379,-9.801036,-9.801418,0.00426,-0.00639,0.003195,98550.32,27.13,0.0161251,
1429.028317,0.011225,-0.01197,-0.07182,-9.786672,-9.786943,0.001065,-0.009585,0.003195,98550.32,27.13,0.0306001,
1429.039511,0.011194,-0.033516,-0.088578,-9.820188,-9.820645,0.00213,-0.00213,0.005325,98550.32,27.13,-0.0031019,
1429.050947,0.011436,-0.016758,-0.07182,-9.820188,-9.820465,0.005325,-0.00639,0.00213,98550.32,27.13,-0.0029219,
1429.061855,0.010908,-0.074214,-0.09576,-9.832158,-9.832904,0.00213,-0.005325,0.00426,98550.33,27.13,-0.0153609,
1429.073009,0.011154,-0.067032,-0.079002,-9.813006,-9.813553,0.001065,-0.007455,0.001065,98550.33,27.13,0.0039901,
1429.084182,0.011173,-0.052668,-0.098154,-9.832158,-9.832789,0.001065,-0.00213,0.00213,98550.33,27.13,-0.0152459,
1429.095551,0.01137,-0.050274,-0.055062,-9.820188,-9.820471,0.005325,-0.007455,0,98550.33,27.13,-0.0029279,
1429.106627,0.011075,-0.052668,-0.08379,-9.80343,-9.80393,-0.00213,-0.00426,0,98550.33,27.13,0.0136131,
1429.117796,0.011169,-0.028728,-0.090972,-9.808218,-9.808682,0.001065,-0.00426,0,98550.33,27.13,0.0088611,
1429.129751,0.011955,-0.050274,-0.081396,-9.822582,-9.823048,0.003195,-0.00426,0,98550.38,27.13,-0.0055049,
1429.14009,0.010339,0,-0.102942,-9.822582,-9.823121,0.005325,-0.009585,0.001065,98550.38,27.13,-0.0055779,
1429.151348,0.011258,-0.033516,-0.10773,-9.841734,-9.842381,0.001065,-0.00639,0.00213,98550.38,27.13,-0.0248379,
1429.162639,0.011291,-0.009576,-0.081396,-9.813006,-9.813348,0.00426,-0.00426,0.003195,98550.38,27.13,0.0041951,
1429.173673,0.011033,0.004788,-0.079002,-9.798642,-9.798962,0.005325,-0.00852,0.001065,98550.38,27.13,0.0185811,
1429.184875,0.011202,-0.01197,-0.090972,-9.832158,-9.832586,0.001065,-0.001065,0,98550.38,27.13,-0.0150429,
1429.196069,0.011194,0.081396,-0.069426,-9.834552,-9.835134,0.00639,-0.007455,0.00213,98550.48,27.13,-0.0175909,
1429.207437,0.011368,0.04788,-0.062244,-9.822582,-9.822896,0.00426,-0.00639,0.00213,98550.48,27.13,-0.0053529,
1429.218554,0.011117,-0.016758,-0.076608,-9.793854,-9.794168,0.00213,-0.005325,0.005325,98550.48,27.13,0.0233751,
1429.229685,0.011131,0.02394,-0.067032,-9.80343,-9.803688,0.00426,-0.007455,0.003195,98550.48,27.13,0.0138551,
1429.240821,0.011136,-0.009576,-0.050274,-9.820188,-9.820321,0.003195,-0.00639,0.003195,98550.48,27.13,-0.0027779,
1429.251964,0.011143,0.08379,-0.04788,-9.80343,-9.803905,0.005325,-0.009585,0.00426,98550.48,27.13,0.0136381,
1429.263195,0.01123,0.026334,-0.062244,-9.810612,-9.810845,0.001065,-0.00426,0.001065,98550.48,27.13,0.0066981,
1429.274345,0.01115,-0.016758,-0.052668,-9.822582,-9.822737,0.00426,-0.00426,0.005325,98550.48,27.13,-0.0051939,
1429.285541,0.011196,0.062244,-0.055062,-9.793854,-9.794207,0.007455,-0.01278,0.00426,98550.48,27.13,0.0233361,
1429.296766,0.011225,-0.033516,-0.08379,-9.8154,-9.815815,0.001065,-0.005325,0.001065,98550.48,27.13,0.0017281,
1429.308252,0.011486,-0.028728,-0.050274,-9.798642,-9.798813,0.00426,-0.009585,0.00426,98550.48,27.13,0.0187301,
1429.319146,0.010895,-0.052668,-0.098154,-9.810612,-9.811244,0.00426,-0.00639,0.00213,98550.46,27.13,0.0062991,
1429.330298,0.011152,-0.016758,-0.05985,-9.820188,-9.820385,0.00213,-0.003195,0.00213,98550.46,27.13,-0.0028419,
1429.341506,0.011207,0.009576,-0.052668,-9.813006,-9.813152,0.00426,-0.00852,0.00426,98550.46,27.13,0.0043911,
1429.352632,0.011126,-0.04788,-0.090972,-9.83934,-9.839877,0.00213,-0.007455,0,98550.46,27.13,-0.0223339,
1429.363803,0.011171,-0.033516,-0.088578,-9.836946,-9.837402,0.00426,-0.00639,0.00213,98550.46,27.13,-0.0198589,
1429.375038,0.011235,-0.014364,-0.074214,-9.822582,-9.822873,0.00426,-0.007455,0.001065,98550.46,27.13,-0.0053299,
1429.38627,0.011232,-0.05985,-0.090972,-9.832158,-9.832761,0.003195,-0.005325,0.00213,98550.41,27.13,-0.0152179,
1429.397357,0.011088,-0.007182,-0.07182,-9.829764,-9.830029,0.007455,-0.00639,0.001065,98550.41,27.13,-0.0124859,
1429.408669,0.011312,-0.019152,-0.098154,-9.808218,-9.808728,0.005325,-0.005325,0.003195,98550.41,27.13,0.0088151,
1429.419825,0.011156,-0.007182,-0.079002,-9.808218,-9.808539,0.00426,-0.007455,0.00213,98550.41,27.13,0.0090041,
1429.431042,0.011217,-0.07182,-0.07182,-9.824976,-9.825501,0.005325,-0.003195,0.00213,98550.41,27.13,-0.0079579,
1429.442167,0.011125,-0.031122,-0.067032,-9.822582,-9.82286,0.005325,-0.007455,0.001065,98550.41,27.13,-0.0053169,
1429.453353,0.011186,-0.02394,-0.102942,-9.80343,-9.804,0.003195,-0.00426,0.00213,98550.46,27.13,0.0135431,
1429.464478,0.011125,-0.026334,-0.093366,-9.822582,-9.823061,0.00426,-0.007455,0.00213,98550.46,27.13,-0.0055179,
1429.475753,0.011274,-0.007182,-0.064638,-9.817794,-9.818009,0.007455,-0.009585,0.00213,98550.46,27.13,-0.0004659,
1429.486862,0.01111,-0.038304,-0.081396,-9.829764,-9.830176,0.00213,-0.00639,0.00213,98550.46,27.13,-0.0126329,
1429.498061,0.011198,-0.004788,-0.069426,-9.822582,-9.822829,0.00639,-0.007455,0.00213,98550.46,27.13,-0.0052859,
1429.509304,0.011243,-0.03591,-0.09576,-9.817794,-9.818327,0.003195,-0.00426,0.003195,98550.44,27.13,-0.0007839,
1429.520492,0.011187,-0.004788,-0.074214,-9.813006,-9.813288,0.00426,-0.007455,0.00213,98550.44,27.13,0.0042551,
1429.531684,0.011192,0.007182,-0.064638,-9.798642,-9.798858,0.001065,-0.00213,0.00213,98550.44,27.13,0.0186851,
1429.542749,0.011066,0.009576,-0.076608,-9.822582,-9.822885,0.003195,-0.00639,0.003195,98550.44,27.13,-0.0053419,
1429.554084,0.011335,0.04788,-0.069426,-9.817794,-9.818156,0.005325,-0.007455,0.003195,98550.44,27.13,-0.0006129,
1429.565171,0.011086,-0.014364,-0.076608,-9.82737,-9.827679,0.00213,-0.00426,0,98550.44,27.13,-0.0101359,
1429.576362,0.011192,0.028728,-0.069426,-9.808218,-9.808506,0.001065,-0.003195,0.00213,98550.44,27.13,0.0090371,
1429.587622,0.01126,-0.007182,-0.064638,-9.829764,-9.829979,0.005325,-0.009585,0.00213,98550.44,27.13,-0.0124359,
1429.598713,0.011091,0.016758,-0.08379,-9.83934,-9.839711,0.003195,-0.005325,0,98550.44,27.13,-0.0221679,
1429.609877,0.011164,0.03591,-0.081396,-9.805824,-9.806228,0,-0.00852,0.001065,98550.44,27.13,0.0113151,
1429.621041,0.011164,0,-0.07182,-9.836946,-9.837208,0.00639,-0.003195,0.00213,98550.44,27.13,-0.0196649,
1429.632289,0.011248,0.01197,-0.076608,-9.82737,-9.827676,0.001065,-0.00426,0.001065,98550.44,27.13,-0.0101329,
1429.64356,0.011271,-0.004788,-0.067032,-9.813006,-9.813236,0.003195,-0.003195,0.003195,98550.49,27.13,0.0043071,
1429.654665,0.011105,-0.062244,-0.069426,-9.817794,-9.818237,0.003195,-0.003195,0,98550.49,27.13,-0.0006939,
1429.665795,0.01113,-0.01197,-0.064638,-9.8154,-9.81562,0.007455,-0.007455,0.00426,98550.49,27.13,0.0019231,
1429.676979,0.011184,-0.038304,-0.08379,-9.813006,-9.813438,0.001065,-0.00426,0.003195,98550.49,27.13,0.0041051,
1429.688221,0.011241,0.026334,-0.057456,-9.808218,-9.808422,0.00213,-0.00639,0.001065,98550.49,27.13,0.0091211,
1429.699437,0.011216,0.004788,-0.067032,-9.824976,-9.825206,0.005325,-0.01065,0.003195,98550.67,27.13,-0.0076629,
1429.710617,0.011181,-0.045486,-0.074214,-9.822582,-9.822968,0,-0.00426,0.001065,98550.67,27.13,-0.0054249,
1429.721751,0.011134,0.007182,-0.057456,-9.805824,-9.805995,0.003195,-0.007455,0.003195,98550.67,27.13,0.0115481,
1429.732929,0.011178,-0.033516,-0.064638,-9.822582,-9.822852,0.00213,-0.00639,0,98550.67,27.13,-0.0053089,
1429.744065,0.011136,-0.045486,-0.079002,-9.813006,-9.813429,0.00426,-0.00852,-0.001065,98550.67,27.13,0.0041141,
1429.755363,0.011298,-0.004788,-0.05985,-9.80343,-9.803614,0.003195,-0.00426,0,98550.67,27.13,0.0139291,
1429.766557,0.011193,-0.021546,-0.10773,-9.813006,-9.813621,0.00213,-0.00213,0.001065,98550.76,27.13,0.0039221,
1429.777684,0.011128,-0.002394,-0.088578,-9.820188,-9.820588,0.00426,-0.00852,0,98550.76,27.13,-0.0030449,
1429.788882,0.011197,-0.026334,-0.076608,-9.8154,-9.815734,0.003195,-0.007455,0.001065,98550.76,27.13,0.0018091,
1429.800006,0.011124,-0.031122,-0.090972,-9.836946,-9.837416,0.001065,-0.005325,0.003195,98550.76,27.13,-0.0198729,
1429.811333,0.011328,0.007182,-0.081396,-9.832158,-9.832498,0.00426,-0.00426,0.00213,98550.76,27.13,-0.0149549,
1429.822581,0.011248,-0.019152,-0.090972,-9.822582,-9.823022,0.005325,-0.00639,0.00426,98550.76,27.13,-0.0054789,
1429.834351,0.01177,-0.007182,-0.088578,-9.813006,-9.813408,0.00213,-0.007455,0,98550.78,27.13,0.0041351,
1429.844758,0.010407,-0.019152,-0.093366,-9.820188,-9.820651,0.00639,-0.00639,0.003195,98550.78,27.13,-0.0031079,
1429.855929,0.011172,0.007182,-0.064638,-9.822582,-9.822797,0.005325,-0.005325,0.00213,98550.78,27.13,-0.0052539,
1429.867172,0.011242,0.004788,-0.069426,-9.8154,-9.815647,0.00213,-0.007455,0.003195,98550.78,27.13,0.0018961,
1429.87832,0.011148,-0.02394,-0.098154,-9.824976,-9.825495,0.003195,-0.00426,0.003195,98550.78,27.13,-0.0079519,
1429.889924,0.011604,-0.002394,-0.08379,-9.813006,-9.813364,0.00426,-0.007455,0.001065,98550.78,27.13,0.0041791,
1429.90066,0.010736,0,-0.081396,-9.810612,-9.81095,0.00213,-0.00852,0.003195,98550.78,27.13,0.0065931,
1429.911822,0.011162,-0.004788,-0.093366,-9.834552,-9.834996,0.003195,-0.00639,0.00213,98550.78,27.13,-0.0174529,
1429.923055,0.011234,-0.016758,-0.064638,-9.8154,-9.815627,0.00426,-0.007455,0.00213,98550.78,27.13,0.0019161,
1429.93424,0.011184,-0.021546,-0.064638,-9.824976,-9.825212,0.003195,-0.003195,0.003195,98550.78,27.13,-0.0076689,
1429.945454,0.011214,0.004788,-0.064638,-9.824976,-9.82519,0.00426,-0.00639,0.00213,98550.78,27.13,-0.0076469,
1429.956589,0.011135,-0.026334,-0.069426,-9.80343,-9.803711,0.001065,-0.005325,0.00213,98550.8,27.13,0.0138321,
1429.967757,0.011168,0.002394,-0.062244,-9.810612,-9.81081,0.00426,-0.00852,-0.001065,98550.8,27.13,0.0067331,
1429.979429,0.011672,0.019152,-0.05985,-9.824976,-9.825177,0.005325,-0.00639,0.00426,98550.8,27.13,-0.0076339,
1429.990233,0.010804,0.004788,-0.079002,-9.813006,-9.813325,0.003195,-0.00426,0.003195,98550.8,27.13,0.0042181,
1430.00134,0.011106,0.007182,-0.05985,-9.83934,-9.839525,0.00639,-0.007455,0.001065,98550.8,27.13,-0.0219819,
1430.012512,0.011173,-0.014364,-0.064638,-9.824976,-9.825199,0.00213,-0.00426,0.001065,98550.8,27.13,-0.0076559,
1430.024,0.011488,-0.002394,-0.062244,-9.8154,-9.815598,0.001065,-0.00639,0.003195,98550.84,27.13,0.0019451,
1430.034951,0.010951,0,-0.08379,-9.813006,-9.813364,0.003195,-0.005325,0,98550.84,27.13,0.0041791,
1430.046081,0.01113,-0.004788,-0.064638,-9.810612,-9.810826,0.005325,-0.005325,0.001065,98550.84,27.13,0.0067171,
1430.057234,0.011153,0.01197,-0.07182,-9.808218,-9.808488,0.003195,-0.005325,0.00213,98550.84,27.13,0.0090551,
1430.068601,0.011367,-0.014364,-0.093366,-9.80343,-9.803885,0.00213,-0.00426,-0.001065,98550.84,27.13,0.0136581,
1430.079772,0.011171,-0.016758,-0.081396,-9.8154,-9.815752,0.00426,-0.003195,0,98550.84,27.13,0.0017911,
1430.090876,0.011105,-0.019152,-0.074214,-9.822582,-9.822881,0.00426,-0.005325,-0.00213,98550.88,27.13,-0.0053379,
1430.102026,0.01115,0,-0.062244,-9.817794,-9.817991,0.001065,-0.00426,0,98550.88,27.13,-0.0004479,
1430.11317,0.011144,-0.01197,-0.079002,-9.832158,-9.832483,0.005325,-0.00426,0.003195,98550.88,27.13,-0.0149399,
1430.124345,0.011175,0,-0.086184,-9.810612,-9.810991,0.00426,-0.005325,-0.001065,98550.88,27.13,0.0065521,
1430.135557,0.011212,0,-0.093366,-9.8154,-9.815844,0.00213,-0.00426,0.00213,98550.88,27.13,0.0016991,
1430.147746,0.012188,-0.007182,-0.090972,-9.824976,-9.8254,0.00426,-0.00639,0.00213,98550.96,27.13,-0.0078569,
1430.157957,0.010211,-0.007182,-0.090972,-9.817794,-9.818218,0.00426,-0.00639,0.001065,98550.96,27.13,-0.0006749,
1430.169174,0.011217,-0.014364,-0.079002,-9.820188,-9.820516,0.003195,-0.00852,0.00213,98550.96,27.13,-0.0029729,
1430.18032,0.011145,-0.02394,-0.081396,-9.805824,-9.806191,0.00213,-0.00426,0,98550.96,27.13,0.0113521,
1430.19151,0.01119,-0.019152,-0.090972,-9.813006,-9.813446,0.00639,-0.00639,0.005325,98550.96,27.13,0.0040971,
1430.202773,0.011263,-0.028728,-0.074214,-9.817794,-9.818117,0.00213,-0.00639,0.001065,98550.96,27.13,-0.0005739,
1430.214018,0.011244,-0.016758,-0.067032,-9.832158,-9.832401,0.005325,-0.003195,0.00213,98550.96,27.13,-0.0148579,
1430.225053,0.011036,-0.021546,-0.08379,-9.844128,-9.844508,0.00639,-0.00639,0.00213,98550.96,27.13,-0.0269649,
1430.236194,0.011141,-0.016758,-0.064638,-9.808218,-9.808445,0.003195,-0.007455,0.00213,98550.96,27.13,0.0090981,
1430.247422,0.011227,-0.014364,-0.069426,-9.810612,-9.810868,0.001065,-0.005325,0,98550.96,27.13,0.0066751,
1430.25862,0.011199,-0.028728,-0.067032,-9.798642,-9.798913,0,-0.00426,0.003195,98550.96,27.13,0.0186301,
1430.269839,0.011218,-0.016758,-0.055062,-9.817794,-9.817963,0.005325,-0.00852,0.003195,98550.96,27.13,-0.0004199,
1430.280983,0.011145,-0.019152,-0.069426,-9.817794,-9.818058,0.001065,-0.00639,0.00213,98550.96,27.13,-0.0005149,
1430.292166,0.011183,-0.021546,-0.076608,-9.817794,-9.818117,0.00213,-0.00639,0.001065,98550.96,27.13,-0.0005739,
1430.303346,0.01118,-0.021546,-0.076608,-9.834552,-9.834874,0.00426,-0.00426,0.00213,98550.96,27.13,-0.0173309,
1430.315067,0.011721,0.019152,-0.069426,-9.834552,-9.834816,0.005325,-0.00639,0.001065,98550.96,27.13,-0.0172729,
1430.325682,0.010615,-0.01197,-0.093366,-9.820188,-9.820639,0.003195,-0.005325,0.001065,98550.96,27.13,-0.0030959,
1430.337172,0.01149,-0.019152,-0.08379,-9.824976,-9.825352,0.003195,-0.005325,0.001065,98550.96,27.13,-0.0078089,
1430.348235,0.011063,0.019152,-0.079002,-9.822582,-9.822918,0.00639,-0.009585,0.001065,98550.97,27.13,-0.0053749,
1430.359286,0.01105,-0.014364,-0.088578,-9.813006,-9.813416,0,-0.00426,0.00213,98550.97,27.13,0.0041271,
1430.370469,0.011183,0.002394,-0.05985,-9.829764,-9.829946,0.00213,-0.00639,0.001065,98550.97,27.13,-0.0124029,
1430.381697,0.011228,0.004788,-0.07182,-9.817794,-9.818058,0.005325,-0.007455,0.00213,98550.97,27.13,-0.0005149,
1430.392898,0.011201,0.019152,-0.079002,-9.805824,-9.806161,0.001065,-0.00852,0.00213,98550.97,27.13,0.0113821,
1430.403978,0.01108,-0.007182,-0.079002,-9.829764,-9.830084,0.005325,-0.00426,0.00213,98550.96,27.13,-0.0125409,
1430.415181,0.011203,-0.019152,-0.090972,-9.822582,-9.823022,0.003195,-0.007455,0.003195,98550.96,27.13,-0.0054789,
1430.42636,0.011179,0,-0.062244,-9.832158,-9.832355,0.003195,-0.00639,0.001065,98550.96,27.13,-0.0148119,
1430.437513,0.011153,0.004788,-0.074214,-9.793854,-9.794136,0.003195,-0.00639,0.00213,98550.96,27.13,0.0234071,
1430.448821,0.011308,-0.009576,-0.088578,-9.796248,-9.796653,0.00426,-0.007455,0.001065,98550.96,27.13,0.0208901,
1430.459899,0.011078,-0.019152,-0.08379,-9.817794,-9.81817,0.00426,-0.00426,0.001065,98550.96,27.13,-0.0006269,
1430.471245,0.011347,-0.007182,-0.076608,-9.80343,-9.803732,0.00213,-0.00852,0.001065,98551.1,27.12,0.0138111,
1430.48234,0.011095,0.004788,-0.081396,-9.817794,-9.818133,0.001065,-0.007455,0.003195,98551.1,27.12,-0.0005899,
1430.493443,0.011102,-0.02394,-0.079002,-9.820188,-9.820535,0.003195,-0.007455,0.003195,98551.1,27.12,-0.0029919,
1430.504644,0.011201,-0.021546,-0.064638,-9.822582,-9.822818,0.00213,-0.005325,0.001065,98551.1,27.12,-0.0052749,
1430.515813,0.011168,-0.014364,-0.086184,-9.824976,-9.825364,0.003195,-0.00639,0.00426,98551.1,27.12,-0.0078209,
1430.527126,0.011314,-0.021546,-0.08379,-9.817794,-9.818175,0.003195,-0.00426,0,98551.1,27.12,-0.0006319,
1430.538215,0.011089,0.009576,-0.081396,-9.810612,-9.810954,0.003195,-0.00639,0.00213,98551.23,27.13,0.0065891,
1430.54964,0.011424,0.002394,-0.09576,-9.822582,-9.823049,0.00213,-0.00639,0.00426,98551.23,27.13,-0.0055059,
1430.560566,0.010927,-0.004788,-0.062244,-9.820188,-9.820386,0.003195,-0.003195,0.00426,98551.23,27.13,-0.0028429,
1430.571734,0.011168,-0.009576,-0.069426,-9.822582,-9.822832,0.005325,-0.00639,-0.00213,98551.23,27.13,-0.0052889,
1430.582961,0.011227,-0.009576,-0.074214,-9.817794,-9.818079,0.001065,-0.00426,0.001065,98551.23,27.13,-0.0005359,
1430.594187,0.011225,0,-0.045486,-9.813006,-9.813111,0.00426,-0.00639,0.00213,98551.23,27.13,0.0044321,
1430.605318,0.011131,-0.038304,-0.067032,-9.822582,-9.822885,0.003195,-0.00213,0.00213,98551.23,27.13,-0.0053419,
1430.616516,0.011198,0.026334,-0.074214,-9.8154,-9.815716,0.00426,-0.00852,0.00213,98551.23,27.13,0.0018271,
1430.627704,0.011188,0.002394,-0.076608,-9.82737,-9.827669,0.003195,-0.00426,0.00213,98551.23,27.13,-0.0101259,
1430.638889,0.011185,-0.014364,-0.057456,-9.817794,-9.817973,0.001065,-0.00213,0.00213,98551.23,27.13,-0.0004299,
1430.65026,0.011371,0.014364,-0.067032,-9.80343,-9.80367,0.005325,-0.00852,0,98551.23,27.13,0.0138731,
1430.66122,0.01096,-0.019152,-0.081396,-9.808218,-9.808574,0.003195,-0.005325,0.00426,98551.15,27.12,0.0089691,
1430.67242,0.0112,-0.026334,-0.074214,-9.808218,-9.808534,0.003195,-0.005325,0.003195,98551.15,27.12,0.0090091,
1430.683658,0.011238,0.01197,-0.062244,-9.810612,-9.810817,0.00426,-0.00639,0.001065,98551.15,27.12,0.0067261,
1430.694838,0.01118,-0.043092,-0.064638,-9.820188,-9.820495,0.003195,-0.005325,0.00426,98551.15,27.12,-0.0029519,
1430.705984,0.011146,-0.01197,-0.076608,-9.817794,-9.8181,0.003195,-0.00639,0.00213,98551.15,27.12,-0.0005569,
1430.717185,0.0112,-0.031122,-0.088578,-9.820188,-9.820637,0.00426,-0.00426,0,98551.15,27.12,-0.0030939,
1430.728409,0.011224,0.016758,-0.069426,-9.805824,-9.806084,0.00639,-0.005325,0.00213,98551.26,27.12,0.0114591,
1430.739675,0.011266,0,-0.076608,-9.8154,-9.815699,0.00426,-0.007455,0.00426,98551.26,27.12,0.0018441,
1430.750719,0.011044,-0.026334,-0.09576,-9.817794,-9.818296,0.001065,-0.001065,0.00426,98551.26,27.12,-0.0007529,
1430.761905,0.011186,0.045486,-0.069426,-9.805824,-9.806175,0.005325,-0.007455,-0.001065,98551.26,27.12,0.0113681,
1430.773068,0.011163,0.016758,-0.098154,-9.834552,-9.835056,0.00426,-0.00426,0.00213,98551.26,27.12,-0.0175129,
1430.784525,0.011457,-0.021546,-0.076608,-9.808218,-9.808541,0.001065,-0.00426,0.001065,98551.26,27.12,0.0090021,
1430.795762,0.011237,-0.028728,-0.09576,-9.784278,-9.784789,0.007455,-0.009585,0.00213,98551.34,27.12,0.0327541,
1430.806771,0.011009,0.014364,-0.08379,-9.860886,-9.861252,-0.00213,-0.00852,0.003195,98551.34,27.12,-0.0437089,
1430.817879,0.011108,0.016758,-0.045486,-9.8154,-9.81552,0.00852,-0.01065,0.001065,98551.34,27.12,0.0020231,
1430.829081,0.011201,-0.021546,-0.124488,-9.848916,-9.849726,0.001065,-0.00213,0.003195,98551.34,27.12,-0.0321829,
1430.840337,0.011256,0.007182,-0.086184,-9.83934,-9.83972,0.00852,-0.011715,-0.001065,98551.34,27.12,-0.0221769,
1430.85174,0.011403,-0.050274,-0.08379,-9.832158,-9.832644,0,-0.005325,0.001065,98551.16,27.12,-0.0151009,
1430.862579,0.010839,-0.014364,-0.076608,-9.8154,-9.815709,0.003195,-0.011715,0,98551.16,27.12,0.0018341,
1430.873747,0.011168,-0.004788,-0.064638,-9.836946,-9.83716,0.003195,-0.00213,0.001065,98551.16,27.12,-0.0196169,
1430.884899,0.011152,0.014364,-0.07182,-9.813006,-9.813279,0.00426,-0.005325,0.00213,98551.16,27.12,0.0042641,
1430.896216,0.011318,-0.033516,-0.07182,-9.801036,-9.801356,0.001065,-0.003195,0.001065,98551.16,27.12,0.0161871,
1430.906311,0.010095,-0.026334,-0.067032,-9.77949,-9.779755,0.00426,-0.005325,0.001065,98551.16,27.12,0.0377881,
1430.916393,0.010082,0.019152,-0.069426,-9.789066,-9.789331,0.005325,-0.009585,0,98551.16,27.12,0.0282121,
1430.926489,0.010096,-0.045486,-0.074214,-9.832158,-9.832543,0.001065,-0.005325,0.00213,98551.16,27.12,-0.0149999,
1430.936603,0.010114,-0.021546,-0.052668,-9.8154,-9.815565,0.003195,-0.005325,0.00213,98551.16,27.12,0.0019781,
1430.94669,0.010087,0.01197,-0.064638,-9.822582,-9.822802,0.001065,-0.00852,0,98551.16,27.12,-0.0052589,
1430.956804,0.010114,-0.033516,-0.076608,-9.836946,-9.837301,0.00426,-0.003195,0,98551.16,27.12,-0.0197579,
1430.96692,0.010116,-0.009576,-0.074214,-9.813006,-9.813291,0.00213,-0.00426,0.001065,98551.16,27.12,0.0042521,
1430.977019,0.010099,0.014364,-0.076608,-9.801036,-9.801346,0.003195,-0.009585,0,98551.16,27.12,0.0161971,
1430.98711,0.010091,-0.050274,-0.090972,-9.829764,-9.830314,0.003195,-0.001065,0.00213,98551.13,27.12,-0.0127709,
1430.997477,0.010367,-0.016758,-0.086184,-9.822582,-9.822974,0.00213,-0.005325,0.001065,98551.13,27.12,-0.0054309,
1431.008184,0.010706,0,-0.093366,-9.817794,-9.818238,0.00213,-0.00639,0,98551.13,27.12,-0.0006949,
1431.019256,0.011072,-0.064638,-0.08379,-9.829764,-9.830334,0.003195,-0.003195,0.003195,98551.13,27.12,-0.0127909,
1431.029353,0.010097,-0.021546,-0.09576,-9.824976,-9.825466,0.003195,-0.009585,0,98551.13,27.12,-0.0079229,
1431.041508,0.012155,0.02394,-0.10773,-9.832158,-9.832777,0.00213,-0.00426,0.003195,98551,27.12,-0.0152339,
1431.052684,0.011176,-0.01197,-0.088578,-9.824976,-9.825383,0.00213,-0.001065,0,98551,27.12,-0.0078399,
1431.063959,0.011275,0.026334,-0.081396,-9.824976,-9.825348,0.00426,-0.007455,0.001065,98551,27.12,-0.0078049,
1431.075119,0.01116,-0.021546,-0.093366,-9.844128,-9.844594,0.005325,-0.00852,0.001065,98551,27.12,-0.0270509,
1431.086289,0.011171,0.01197,-0.079002,-9.801036,-9.801362,0.003195,-0.00852,-0.001065,98551,27.12,0.0161811,
1431.09831,0.012021,0.007182,-0.081396,-9.813006,-9.813346,0.003195,-0.00639,0.00213,98551,27.12,0.0041971,
1431.108735,0.010425,-0.01197,-0.088578,-9.836946,-9.837352,0.003195,-0.007455,0.001065,98551.05,27.12,-0.0198089,
1431.119774,0.011039,0.014364,-0.067032,-9.813006,-9.813245,0.00213,-0.00852,0.00213,98551.05,27.12,0.0042981,
1431.131026,0.011252,0.01197,-0.07182,-9.810612,-9.810882,0.001065,-0.003195,0.00213,98551.05,27.12,0.0066611,
1431.143422,0.012396,-0.002394,-0.07182,-9.813006,-9.813269,0.005325,-0.007455,0.00213,98551.05,27.12,0.0042741,
1431.153936,0.010514,0.031122,-0.07182,-9.789066,-9.789379,0,-0.005325,0.00213,98551.05,27.12,0.0281641,
1431.16528,0.011344,0.01197,-0.062244,-9.832158,-9.832362,0,-0.001065,0.00213,98551.05,27.12,-0.0148189,
1431.175758,0.010478,0.052668,-0.05985,-9.858492,-9.858814,0.00426,-0.007455,0.00213,98551.05,27.12,-0.0412709,
1431.187049,0.011291,0.067032,-0.07182,-9.805824,-9.806316,0.00213,-0.00852,0.00213,98551.05,27.12,0.0112271,
1431.198168,0.011119,0.074214,-0.074214,-9.829764,-9.830324,0.00426,-0.01065,0.003195,98551.05,27.12,-0.0127809,
1431.209315,0.011147,-0.01197,-0.074214,-9.748368,-9.748658,0.001065,-0.00426,0.001065,98551.05,27.12,0.0688851,
1431.220481,0.011166,-0.07182,-0.038304,-9.781884,-9.782223,0.00213,-0.005325,0.003195,98551.05,27.12,0.0353201,
1431.231725,0.011244,-0.01197,-0.031122,-9.870462,-9.870518,0.003195,-0.007455,0.003195,98551.05,27.12,-0.0529749,
1431.24313,0.011405,-0.002394,-0.076608,-9.836946,-9.837245,-0.001065,0,0.00213,98551.05,27.12,-0.0197019,
1431.254036,0.010906,0.105336,-0.062244,-9.820188,-9.82095,0.005325,-0.011715,0.001065,98551.05,27.12,-0.0034069,
1431.26518,0.011144,-0.079002,-0.069426,-9.8154,-9.815963,0.00426,-0.00639,0,98551.05,27.12,0.0015801,
1431.27641,0.01123,-0.074214,-0.09576,-9.860886,-9.86163,-0.00213,0,0.00213,98551.05,27.12,-0.0440869,
1431.287646,0.011236,0.050274,-0.026334,-9.789066,-9.789231,0.005325,-0.00852,0.003195,98551.05,27.12,0.0283121,
1431.298953,0.011307,-0.138852,-0.105336,-9.836946,-9.83849,0.001065,-0.001065,0,98551.04,27.12,-0.0209469,
1431.310016,0.011063,-0.088578,-0.076608,-9.79146,-9.79216,0.003195,-0.009585,0,98551.04,27.12,0.0253831,
1431.321189,0.011173,-0.04788,-0.100548,-9.844128,-9.844758,0.003195,-0.00852,0.003195,98551.04,27.12,-0.0272149,
1431.332382,0.011193,-0.045486,-0.09576,-9.860886,-9.861456,0.00213,-0.00213,0.001065,98551.04,27.12,-0.0439129,
1431.343549,0.011168,0.02394,-0.079002,-9.822582,-9.822929,0.00639,-0.011715,0.00213,98551.04,27.12,-0.0053859,
1431.354759,0.011209,-0.114912,-0.114912,-9.824976,-9.82632,0.003195,-0.00639,0.001065,98551.04,27.12,-0.0087769,
1431.365897,0.011139,-0.14364,-0.114912,-9.824976,-9.826698,0.001065,-0.00213,0.00213,98551.05,27.12,-0.0091549,
1431.377056,0.011158,0.050274,-0.04788,-9.798642,-9.798888,0.00852,-0.011715,0,98551.05,27.12,0.0186551,
1431.388391,0.011336,0.01197,-0.105336,-9.832158,-9.83273,0.00213,-0.00213,0.00213,98551.05,27.12,-0.0151869,
1431.399565,0.011174,0.074214,-0.07182,-9.765126,-9.765672,0.003195,-0.007455,0.00213,98551.05,27.12,0.0518711,
1431.410861,0.011295,-0.03591,-0.090972,-9.786672,-9.787161,0.00426,-0.011715,0.00213,98551.05,27.12,0.0303821,
1431.421796,0.010935,-0.052668,-0.079002,-9.813006,-9.813465,0.00213,-0.003195,0.001065,98551.05,27.12,0.0040781,
1431.433038,0.011243,0.069426,-0.033516,-9.80343,-9.803733,0.00426,-0.007455,0.001065,98551.12,27.12,0.0138101,
1431.444356,0.011318,0.07182,-0.05985,-9.848916,-9.84936,0.00639,-0.00639,0,98551.12,27.12,-0.0318169,
1431.455389,0.011032,-0.002394,-0.076608,-9.844128,-9.844426,0.00426,-0.00426,0.001065,98551.12,27.12,-0.0268829,
1431.466541,0.011152,0.026334,-0.086184,-9.79146,-9.791875,0.00213,-0.00639,0.00426,98551.12,27.12,0.0256681,
1431.47772,0.011179,0.002394,-0.074214,-9.796248,-9.796529,0.00639,-0.003195,0.003195,98551.12,27.12,0.0210141,
1431.489923,0.012203,0.093366,-0.057456,-9.8154,-9.816012,0.003195,-0.003195,0.001065,98551.12,27.12,0.0015311,
1431.500074,0.010151,0.01197,-0.05985,-9.83934,-9.839529,0.00213,-0.005325,0.00213,98551.15,27.12,-0.0219859,
1431.511327,0.011253,-0.043092,-0.098154,-9.817794,-9.818379,-0.001065,-0.001065,0.001065,98551.15,27.12,-0.0008359,
1431.522483,0.011156,0.069426,-0.074214,-9.781884,-9.782412,0.009585,-0.013845,0.00213,98551.15,27.12,0.0351311,
1431.533651,0.011169,-0.076608,-0.074214,-9.817794,-9.818373,0.00213,-0.003195,0.001065,98551.15,27.12,-0.0008299,
1431.544912,0.01126,-0.016758,-0.081396,-9.872856,-9.873206,0.001065,-0.007455,0.001065,98551.15,27.12,-0.0556629,
1431.556206,0.011294,0.079002,-0.105336,-9.832158,-9.83304,0.003195,-0.003195,-0.00213,98551.15,27.12,-0.0154969,
1431.567321,0.011115,-0.067032,-0.05985,-9.832158,-9.832569,0.003195,-0.001065,0.001065,98551.15,27.12,-0.0150259,
1431.578364,0.011043,0,-0.079002,-9.80343,-9.803748,0.00426,-0.00852,0.00213,98551.15,27.12,0.0137951,
1431.589627,0.011263,-0.028728,-0.052668,-9.824976,-9.825159,0.003195,-0.003195,0.003195,98551.15,27.12,-0.0076159,
1431.600792,0.011164,0.007182,-0.045486,-9.810612,-9.81072,0.00639,-0.01278,0.003195,98551.15,27.12,0.0068231,
1431.612186,0.011394,-0.057456,-0.098154,-9.789066,-9.789727,0.001065,-0.00426,0.00213,98551.15,27.12,0.0278161,
1431.623375,0.011188,-0.045486,-0.086184,-9.801036,-9.80152,0.001065,-0.00213,0.001065,98551.23,27.12,0.0160231,
1431.634295,0.01092,0,-0.055062,-9.813006,-9.81316,0.005325,-0.005325,0.00213,98551.23,27.12,0.0043831,
1431.645458,0.011163,-0.033516,-0.088578,-9.834552,-9.835008,0.00426,-0.003195,-0.001065,98551.23,27.12,-0.0174649,
1431.656689,0.011231,0,-0.07182,-9.80343,-9.803693,0.00426,-0.00852,0.001065,98551.23,27.12,0.0138501,
1431.667878,0.011189,-0.090972,-0.126882,-9.820188,-9.821429,0.00213,-0.00213,0.00213,98551.23,27.12,-0.0038859,
1431.67907,0.011193,-0.019152,-0.076608,-9.808218,-9.808536,0.003195,-0.007455,0,98551.23,27.12,0.0090071,
1431.690447,0.011377,-0.03591,-0.076608,-9.808218,-9.808583,0.003195,-0.003195,0.001065,98551.16,27.12,0.0089601,
1431.701418,0.01097,0,-0.090972,-9.841734,-9.842154,0.00213,-0.00426,-0.001065,98551.16,27.12,-0.0246109,
1431.712697,0.01128,0.016758,-0.088578,-9.793854,-9.794269,0.005325,-0.009585,0.00213,98551.16,27.12,0.0232741,
1431.723796,0.011099,-0.055062,-0.088578,-9.798642,-9.799197,0.003195,-0.00426,-0.001065,98551.16,27.12,0.0183461,
1431.735131,0.011335,-0.033516,-0.07182,-9.8154,-9.81572,0.001065,-0.005325,-0.001065,98551.16,27.12,0.0018231,
1431.746285,0.011154,0.01197,-0.076608,-9.829764,-9.83007,0.00639,-0.009585,0.00426,98551.16,27.12,-0.0125269,
1431.757329,0.011044,0.040698,-0.088578,-9.820188,-9.820672,0.00213,-0.005325,0.00213,98551.21,27.12,-0.0031289,
1431.768601,0.011272,0.045486,-0.093366,-9.801036,-9.801586,0.00213,-0.007455,0.001065,98551.21,27.12,0.0159571,
1431.779798,0.011198,-0.014364,-0.086184,-9.82737,-9.827758,0.00213,-0.00213,0.00213,98551.21,27.12,-0.0102149,
1431.790951,0.011152,0.033516,-0.090972,-9.8154,-9.815879,0.005325,-0.00639,0.001065,98551.21,27.12,0.0016641,
1431.802089,0.011138,0.052668,-0.093366,-9.793854,-9.794441,0.003195,-0.00426,-0.001065,98551.21,27.12,0.0231021,
1431.813261,0.011173,-0.033516,-0.081396,-9.798642,-9.799037,0.00426,-0.005325,0.00213,98551.32,27.12,0.0185061,
1431.824456,0.011195,-0.03591,-0.079002,-9.810612,-9.810996,0.00213,-0.007455,0.003195,98551.32,27.12,0.0065471,
1431.835659,0.011202,0.01197,-0.043092,-9.813006,-9.813108,0.00426,-0.00852,0.003195,98551.32,27.12,0.0044351,
1431.846845,0.011186,0.004788,-0.079002,-9.8154,-9.815719,0.001065,-0.00213,0.001065,98551.32,27.12,0.0018241,
1431.85799,0.011145,0.062244,-0.057456,-9.860886,-9.86125,0.007455,-0.011715,0.00426,98551.32,27.12,-0.0437069,
1431.87009,0.0121,-0.09576,-0.062244,-9.82737,-9.828034,0.005325,-0.00426,0.00213,98551.32,27.12,-0.0104909,
1431.880568,0.010478,-0.043092,-0.100548,-9.781884,-9.782496,-0.00213,-0.001065,0.00213,98551.36,27.12,0.0350471,
1431.891592,0.011023,0.050274,-0.033516,-9.75555,-9.755737,0.003195,-0.00213,0.001065,98551.36,27.12,0.0618061,
1431.902774,0.011182,-0.05985,-0.04788,-9.872856,-9.873154,0.001065,-0.003195,0.00213,98551.36,27.12,-0.0556109,
1431.913945,0.011172,0.045486,-0.079002,-9.784278,-9.784703,0.00639,-0.01065,0.003195,98551.36,27.12,0.0328401,
1431.925205,0.01126,-0.045486,-0.08379,-9.832158,-9.83262,0,-0.00639,0.005325,98551.36,27.12,-0.0150769,
1431.936277,0.011072,-0.016758,-0.045486,-9.824976,-9.825096,0.00426,-0.009585,0.003195,98551.36,27.12,-0.0075529,
1431.947637,0.01136,-0.052668,-0.08379,-9.76752,-9.768021,0.005325,-0.00852,-0.00213,98551.36,27.12,0.0495221,
1431.958692,0.011055,-0.038304,-0.079002,-9.817794,-9.818187,-0.001065,-0.00213,0.00426,98551.36,27.12,-0.0006439,
1431.969893,0.0112,0.02394,-0.043092,-9.846522,-9.846645,0.009585,-0.011715,0.00213,98551.36,27.12,-0.0291019,
1431.981016,0.011124,-0.043092,-0.105336,-9.846522,-9.84718,0.00213,-0.00213,0,98551.36,27.12,-0.0296369,
1431.992234,0.011218,-0.026334,-0.09576,-9.798642,-9.799145,0.00426,-0.00852,0.00213,98551.36,27.12,0.0183981,
1432.003428,0.011194,0.019152,-0.052668,-9.817794,-9.817954,0.005325,-0.007455,0.003195,98551.36,27.12,-0.0004109,
1432.014612,0.011184,-0.038304,-0.110124,-9.769914,-9.77061,0.00213,-0.003195,0,98551.4,27.12,0.0469331,
1432.02586,0.011248,0.03591,-0.074214,-9.796248,-9.796595,0.009585,-0.013845,0.00213,98551.4,27.12,0.0209481,
1432.036973,0.011114,-0.102942,-0.088578,-9.858492,-9.859427,0.00213,-0.003195,0.001065,98551.4,27.12,-0.0418839,
1432.048211,0.011238,0.007182,-0.110124,-9.824976,-9.825596,0.003195,-0.005325,0.001065,98551.4,27.12,-0.0080529,
1432.059346,0.011135,0.04788,-0.067032,-9.796248,-9.796594,0.00852,-0.01278,0.00213,98551.4,27.12,0.0209491,
1432.070586,0.011239,-0.10773,-0.08379,-9.836946,-9.837893,0,0.001065,0.001065,98551.4,27.12,-0.0203499,
1432.081694,0.011108,0.02394,-0.081396,-9.793854,-9.794221,0.005325,-0.007455,0.001065,98551.37,27.12,0.0233221,
1432.092916,0.011222,-0.081396,-0.10773,-9.834552,-9.835479,0.00426,-0.005325,-0.001065,98551.37,27.12,-0.0179359,
1432.104046,0.01113,0.038304,-0.08379,-9.810612,-9.811045,-0.001065,0,0.00213,98551.37,27.12,0.0064981,
1432.115248,0.011202,-0.002394,-0.08379,-9.810612,-9.81097,0.005325,-0.00639,0.00213,98551.37,27.12,0.0065731,
1432.126546,0.011298,-0.098154,-0.110124,-9.817794,-9.818902,-0.003195,-0.001065,0.003195,98551.37,27.12,-0.0013589,
1432.136635,0.010089,0.057456,-0.086184,-9.832158,-9.832704,0.00426,-0.009585,0.003195,98551.6,27.12,-0.0151609,
1432.14672,0.010085,-0.002394,-0.074214,-9.817794,-9.818075,0.00213,-0.007455,0.003195,98551.6,27.12,-0.0005319,
1432.15683,0.01011,-0.002394,-0.1197,-9.820188,-9.820918,0.001065,-0.001065,0.00213,98551.6,27.12,-0.0033749,
1432.166916,0.010085,0.122094,-0.045486,-9.868068,-9.868928,0.00852,-0.01278,0.001065,98551.6,27.12,-0.0513849,
1432.177013,0.010097,-0.074214,-0.064638,-9.82737,-9.827863,0,0,0.003195,98551.6,27.12,-0.0103199,
1432.187109,0.010096,0.043092,-0.09576,-9.80343,-9.803992,0.003195,-0.009585,0.003195,98551.6,27.12,0.0135511,
1432.197217,0.010108,0.028728,-0.05985,-9.77949,-9.779715,0.00426,-0.00852,0,98551.6,27.12,0.0378281,
1432.207323,0.010106,-0.1197,-0.040698,-9.85131,-9.852121,0.00213,-0.003195,0.003195,98551.66,27.12,-0.0345779,
1432.217484,0.010161,0.028728,-0.079002,-9.76752,-9.767882,0.005325,-0.011715,0.001065,98551.66,27.12,0.0496611,
1432.227947,0.010462,-0.052668,-0.09576,-9.745974,-9.746587,-0.001065,-0.005325,0.00213,98551.66,27.12,0.0709561,
1432.23836,0.010413,-0.028728,-0.01197,-9.872856,-9.872905,0.00639,-0.007455,0.00213,98551.66,27.12,-0.0553619,
1432.249503,0.011143,0.016758,-0.033516,-9.820188,-9.820259,0.003195,-0.00426,0.00213,98551.66,27.12,-0.0027159,
1432.26072,0.011218,0.009576,-0.02394,-9.846522,-9.846556,0.003195,-0.00213,0.00213,98551.66,27.12,-0.0290129,
1432.271806,0.011086,-0.052668,-0.040698,-9.824976,-9.825201,0.00852,-0.00852,0.001065,98551.66,27.12,-0.0076579,
1432.283115,0.011309,0.016758,-0.10773,-9.813006,-9.813612,0,-0.00639,0,98551.66,27.12,0.0039311,
1432.294244,0.011129,0.028728,-0.045486,-9.808218,-9.808366,0.005325,-0.00852,0.003195,98551.66,27.12,0.0091771,
1432.304406,0.010162,-0.040698,-0.045486,-9.846522,-9.846711,0.001065,-0.003195,0.00213,98551.66,27.12,-0.0291679,
1432.314501,0.010095,0.031122,-0.079002,-9.796248,-9.796616,0.005325,-0.009585,0,98551.66,27.12,0.0209271,
1432.324689,0.010189,-0.014364,-0.10773,-9.798642,-9.799245,0.001065,-0.003195,0.00213,98551.64,27.12,0.0182981,
1432.335006,0.010316,-0.004788,-0.064638,-9.83934,-9.839553,0.003195,-0.005325,0.00426,98551.64,27.12,-0.0220099,
1432.345103,0.010097,0.028728,-0.08379,-9.822582,-9.822981,0.007455,-0.009585,0.00213,98551.64,27.12,-0.0054379,
1432.355199,0.010096,-0.033516,-0.13167,-9.834552,-9.83549,-0.001065,-0.007455,0.001065,98551.64,27.12,-0.0179469,
1432.365293,0.010094,-0.033516,-0.086184,-9.870462,-9.870895,0.005325,-0.005325,0.00426,98551.64,27.12,-0.0533519,
1432.375383,0.01009,-0.016758,-0.079002,-9.844128,-9.844459,0.00426,-0.005325,0.00213,98551.64,27.12,-0.0269159,
1432.385662,0.010279,-0.033516,-0.093366,-9.813006,-9.813507,0.00213,-0.00426,0.00213,98551.64,27.12,0.0040361,
1432.395752,0.01009,-0.026334,-0.079002,-9.808218,-9.808572,0.00426,-0.009585,0.00426,98551.77,27.12,0.0089711,
1432.405862,0.01011,-0.033516,-0.079002,-9.784278,-9.784654,0,-0.00426,0.001065,98551.77,27.12,0.0328891,
1432.417185,0.011323,-0.021546,-0.086184,-9.798642,-9.799045,0.00213,-0.00639,0.001065,98551.77,27.12,0.0184981,
1432.428467,0.011282,-0.004788,-0.074214,-9.8154,-9.815682,0.00426,-0.00639,0.00213,98551.77,27.12,0.0018611,
1432.43969,0.011223,-0.002394,-0.079002,-9.832158,-9.832476,0.00213,-0.00639,0,98551.77,27.12,-0.0149329,
1432.450824,0.011134,-0.014364,-0.086184,-9.817794,-9.818183,0.00213,-0.005325,0.00213,98551.77,27.12,-0.0006399,
1432.461961,0.011137,-0.019152,-0.086184,-9.810612,-9.811009,-0.001065,-0.00213,0.00213,98551.84,27.12,0.0065341,
1432.473257,0.011296,0.043092,-0.088578,-9.813006,-9.8135,0.005325,-0.00639,0.001065,98551.84,27.12,0.0040431,
1432.484332,0.011075,-0.014364,-0.081396,-9.820188,-9.820536,0.00213,-0.00426,0.001065,98551.84,27.12,-0.0029929,
1432.495604,0.011272,-0.02394,-0.079002,-9.813006,-9.813353,0.00426,-0.005325,-0.001065,98551.84,27.12,0.0041901,
1432.506722,0.011118,0.02394,-0.076608,-9.82737,-9.827698,0.00426,-0.00639,-0.001065,98551.84,27.12,-0.0101549,
1432.51795,0.011228,-0.026334,-0.062244,-9.805824,-9.806057,0.00213,-0.005325,0.003195,98551.93,27.12,0.0114861,
1432.529148,0.011198,0.002394,-0.074214,-9.798642,-9.798923,0.00213,-0.005325,0,98551.93,27.12,0.0186201,
1432.540227,0.011079,-0.026334,-0.069426,-9.836946,-9.837226,0.005325,-0.007455,0.001065,98551.93,27.12,-0.0196829,
1432.551488,0.011261,0.021546,-0.074214,-9.820188,-9.820492,0.007455,-0.00852,0.003195,98551.93,27.12,-0.0029489,
1432.562692,0.011204,0.01197,-0.081396,-9.82737,-9.827714,0.00213,-0.005325,0.00213,98551.93,27.12,-0.0101709,
1432.573829,0.011137,0.007182,-0.064638,-9.834552,-9.834767,0.00426,-0.00639,0.003195,98551.93,27.12,-0.0172239,
1432.58506,0.011231,0.007182,-0.067032,-9.801036,-9.801268,0.00639,-0.00639,0.00213,98551.93,27.12,0.0162751,
1432.596239,0.011179,-0.021546,-0.086184,-9.777096,-9.7775,0.00639,-0.007455,0.003195,98551.93,27.12,0.0400431,
1432.60742,0.011181,-0.02394,-0.07182,-9.798642,-9.798934,0.00426,-0.007455,0.00426,98551.93,27.12,0.0186091,
1432.618638,0.011218,-0.040698,-0.08379,-9.798642,-9.799085,0.003195,-0.00852,0,98551.93,27.12,0.0184581,
1432.629739,0.011101,0.002394,-0.067032,-9.801036,-9.801266,0.001065,-0.00639,0.00213,98551.93,27.12,0.0162771,
1432.6409,0.011161,0.026334,-0.062244,-9.82737,-9.827602,0.001065,-0.00639,0,98551.93,27.12,-0.0100589,
1432.652083,0.011183,-0.021546,-0.086184,-9.824976,-9.825378,0.003195,-0.00639,0.001065,98551.88,27.12,-0.0078349,
1432.663385,0.011302,0.002394,-0.064638,-9.8154,-9.815613,0.003195,-0.009585,0,98551.88,27.12,0.0019301,
1432.674484,0.011099,0.009576,-0.07182,-9.786672,-9.78694,0.00213,-0.00426,0.00213,98551.88,27.12,0.0306031,
1432.685666,0.011182,-0.009576,-0.081396,-9.798642,-9.798985,0.00213,-0.00213,0,98551.88,27.12,0.0185581,
1432.69682,0.011154,0.062244,-0.09576,-9.805824,-9.806489,0.005325,-0.005325,0.00426,98551.88,27.12,0.0110541,
1432.708695,0.011875,0.064638,-0.088578,-9.8154,-9.816012,-0.001065,-0.00426,0.003195,98551.9,27.12,0.0015311,
1432.719324,0.01063,0.019152,-0.074214,-9.834552,-9.834851,0.00426,-0.00426,0.00426,98551.9,27.12,-0.0173079,
1432.730623,0.011299,-0.057456,-0.090972,-9.853704,-9.854291,0.001065,-0.00639,0.003195,98551.9,27.12,-0.0367479,
1432.74157,0.010947,-0.014364,-0.093366,-9.798642,-9.799097,0.00426,-0.00639,0.00213,98551.9,27.12,0.0184461,
1432.752833,0.011262,-0.043092,-0.079002,-9.8154,-9.815813,0.00213,-0.00639,0.00426,98551.9,27.12,0.0017301,
1432.764164,0.011331,-0.081396,-0.086184,-9.841734,-9.842448,0.00639,-0.00639,0.001065,98551.9,27.12,-0.0249049,
1432.775194,0.01103,-0.007182,-0.064638,-9.810612,-9.810828,0.00213,-0.00639,0,98551.9,27.12,0.0067151,
1432.78634,0.011146,-0.03591,-0.069426,-9.810612,-9.810923,0.00426,-0.007455,0.00426,98551.9,27.12,0.0066201,
1432.797657,0.011317,-0.076608,-0.114912,-9.805824,-9.806797,0.003195,-0.00426,0.00213,98551.9,27.12,0.0107461,
1432.808788,0.011131,-0.052668,-0.090972,-9.772308,-9.772873,0.00639,-0.00426,0.003195,98551.9,27.12,0.0446701,
1432.819853,0.011065,-0.050274,-0.067032,-9.805824,-9.806182,0.00426,-0.007455,0.001065,98551.9,27.12,0.0113611,
1432.831078,0.011225,-0.055062,-0.08379,-9.846522,-9.847032,0.001065,-0.00426,0,98551.9,27.12,-0.0294889,
1432.842438,0.01136,-0.019152,-0.074214,-9.810612,-9.810911,0.00639,-0.00639,-0.001065,98551.88,27.12,0.0066321,
1432.853456,0.011018,0.002394,-0.100548,-9.829764,-9.830279,0.00426,-0.00639,0,98551.88,27.12,-0.0127359,
1432.864682,0.011226,-0.026334,-0.098154,-9.829764,-9.830289,0,-0.005325,0,98551.88,27.12,-0.0127459,
1432.875799,0.011117,0.014364,-0.093366,-9.8154,-9.815855,0.003195,-0.005325,0.00213,98551.88,27.12,0.0016881,
1432.887059,0.01126,-0.01197,-0.09576,-9.829764,-9.830238,0.005325,-0.01065,0.00213,98551.88,27.12,-0.0126949,
1432.898184,0.011125,0.031122,-0.074214,-9.83934,-9.839669,0.003195,-0.00639,0,98551.88,27.12,-0.0221259,
1432.909517,0.011332,0.05985,-0.069426,-9.8154,-9.815828,0.00213,-0.00852,0.003195,98551.93,27.12,0.0017151,
1432.920669,0.011152,0.033516,-0.079002,-9.820188,-9.820563,0.00426,-0.00426,0.00426,98551.93,27.12,-0.0030199,
1432.93171,0.011042,0.064638,-0.043092,-9.810612,-9.81092,0.00213,-0.00639,0.00213,98551.93,27.12,0.0066231,
1432.942996,0.011286,0.04788,-0.067032,-9.82737,-9.827715,0,-0.00426,0.00426,98551.93,27.12,-0.0101719,
1432.954096,0.011099,0.033516,-0.031122,-9.808218,-9.808325,0.00213,-0.00639,0.003195,98551.93,27.12,0.0092181,
1432.965272,0.011177,0.045486,-0.052668,-9.820188,-9.820435,0.005325,-0.007455,0.003195,98551.93,27.12,-0.0028919,
1432.976427,0.011155,0.050274,-0.062244,-9.820188,-9.820514,0.003195,-0.007455,0.00426,98551.93,27.12,-0.0029709,
1432.987747,0.01132,0.014364,-0.064638,-9.813006,-9.813229,0.00213,-0.00426,0.003195,98551.93,27.12,0.0043141,
1432.998863,0.011116,-0.007182,-0.05985,-9.8154,-9.815585,0.00426,-0.007455,0.00426,98551.93,27.12,0.0019581,
1433.01003,0.011167,-0.021546,-0.088578,-9.798642,-9.799066,0.00213,-0.005325,0.003195,98551.93,27.12,0.0184771,
1433.021441,0.011411,-0.03591,-0.067032,-9.8154,-9.815695,0,-0.00639,0.003195,98551.93,27.12,0.0018481,
1433.032389,0.010948,-0.033516,-0.090972,-9.817794,-9.818273,0.003195,-0.00852,0.001065,98551.95,27.12,-0.0007299,
1433.043628,0.011239,-0.031122,-0.069426,-9.82737,-9.827665,0.00639,-0.00426,0.003195,98551.95,27.12,-0.0101219,
1433.054765,0.011138,-0.04788,-0.076608,-9.820188,-9.820604,0,-0.005325,0.00213,98551.95,27.12,-0.0030609,
1433.065955,0.01119,-0.045486,-0.069426,-9.848916,-9.849266,0.00426,-0.00426,0.001065,98551.95,27.12,-0.0317229,
1433.077119,0.011164,-0.055062,-0.067032,-9.8154,-9.815783,0.003195,-0.00639,0.00213,98551.95,27.12,0.0017601,
1433.088406,0.011287,-0.045486,-0.081396,-9.829764,-9.830206,0.00426,-0.00639,0,98551.95,27.12,-0.0126629,
1433.099524,0.011119,-0.050274,-0.100548,-9.822582,-9.823225,0.003195,-0.00426,0.00213,98551.92,27.12,-0.0056819,
1433.11071,0.011185,-0.031122,-0.081396,-9.817794,-9.818181,0.00426,-0.001065,0,98551.92,27.12,-0.0006379,
1433.121886,0.011177,-0.009576,-0.112518,-9.832158,-9.832806,0.005325,-0.009585,0.001065,98551.92,27.12,-0.0152629,
1433.133034,0.011147,-0.028728,-0.079002,-9.820188,-9.820548,0.001065,-0.00639,0.003195,98551.92,27.12,-0.0030049,
1433.144242,0.011208,-0.009576,-0.098154,-9.80343,-9.803926,0.005325,-0.007455,0.001065,98551.92,27.12,0.0136171,
1433.155442,0.011201,-0.021546,-0.102942,-9.824976,-9.825539,0.00213,-0.00639,0.005325,98551.92,27.12,-0.0079959,
1433.16675,0.011308,0.007182,-0.088578,-9.832158,-9.83256,0.00426,-0.00639,0,98552.03,27.12,-0.0150169,
1433.177799,0.011048,-0.033516,-0.08379,-9.83934,-9.839754,0.003195,-0.00639,0,98552.03,27.12,-0.0222109,
1433.189109,0.01131,0,-0.093366,-9.82737,-9.827814,0.001065,-0.005325,0.00213,98552.03,27.12,-0.0102709,
1433.200153,0.011045,0.043092,-0.086184,-9.793854,-9.794328,0.005325,-0.00852,0,98552.03,27.12,0.0232151,
1433.211394,0.01124,0.004788,-0.100548,-9.829764,-9.830279,0,-0.00213,0.00213,98552.03,27.12,-0.0127359,
1433.222607,0.011214,0.033516,-0.088578,-9.813006,-9.813463,0.00639,-0.00639,0.003195,98552.09,27.12,0.0040801,
1433.233804,0.011196,-0.02394,-0.08379,-9.805824,-9.806211,0.00639,-0.00852,0.00213,98552.09,27.12,0.0113321,
1433.244895,0.011091,-0.009576,-0.07182,-9.824976,-9.825243,0.00213,-0.00639,0.001065,98552.09,27.12,-0.0076999,
1433.256061,0.011166,0.019152,-0.079002,-9.824976,-9.825312,0.001065,-0.00213,0.00213,98552.09,27.12,-0.0077689,
1433.267274,0.011212,-0.007182,-0.074214,-9.82737,-9.827653,0.00426,-0.00639,0.00213,98552.09,27.12,-0.0101099,
1433.27846,0.011186,0.01197,-0.067032,-9.829764,-9.83,0.00213,-0.007455,0.003195,98552.09,27.12,-0.0124569,
1433.289741,0.011281,-0.009576,-0.07182,-9.817794,-9.818061,0.00213,-0.00639,0,98552.09,27.12,-0.0005179,
1433.300817,0.011076,-0.01197,-0.05985,-9.813006,-9.813196,0.005325,-0.00426,0.005325,98552.09,27.12,0.0043471,
1433.311977,0.01116,0.004788,-0.040698,-9.817794,-9.81788,0.003195,-0.007455,0.003195,98552.09,27.12,-0.0003369,
1433.323213,0.011236,-0.02394,-0.055062,-9.820188,-9.820372,0.001065,-0.00426,0.001065,98552.09,27.12,-0.0028289,
1433.334475,0.011263,-0.021546,-0.07182,-9.834552,-9.834838,0.00213,-0.00426,0.00213,98552.09,27.12,-0.0172949,
1433.34555,0.011075,-0.009576,-0.05985,-9.817794,-9.817981,0.00426,-0.007455,0,98552.09,27.12,-0.0004379,
1433.356757,0.011207,-0.031122,-0.076608,-9.808218,-9.808567,0.00213,-0.00639,-0.001065,98552.08,27.12,0.0089761,
1433.368001,0.011245,-0.038304,-0.076608,-9.832158,-9.832531,0.00426,-0.00426,0.00213,98552.08,27.12,-0.0149879,
1433.379136,0.011134,-0.026334,-0.074214,-9.824976,-9.825292,0.005325,-0.00639,-0.001065,98552.08,27.12,-0.0077489,
1433.390573,0.011437,0.002394,-0.074214,-9.834552,-9.834832,0.00639,-0.00852,0.001065,98552.08,27.12,-0.0172889,
1433.401472,0.010899,-0.01197,-0.069426,-9.820188,-9.820441,0,-0.003195,0.003195,98552.08,27.12,-0.0028979,
1433.411551,0.010079,-0.007182,-0.079002,-9.820188,-9.820508,0.005325,-0.00852,0.001065,98552.05,27.12,-0.0029649,
1433.421723,0.010172,-0.03591,-0.07182,-9.82737,-9.827698,0.001065,-0.00639,0.00426,98552.05,27.12,-0.0101549,
1433.431811,0.010088,-0.028728,-0.069426,-9.820188,-9.820475,0.003195,-0.00426,0,98552.05,27.12,-0.0029319,
1433.441903,0.010092,-0.009576,-0.07182,-9.810612,-9.81088,0.00426,-0.00852,0.001065,98552.05,27.12,0.0066631,
1433.452031,0.010128,-0.01197,-0.09576,-9.824976,-9.82545,0.00213,-0.005325,0.001065,98552.05,27.12,-0.0079069,
1433.462163,0.010133,-0.021546,-0.076608,-9.822582,-9.822904,0.003195,-0.007455,0.00213,98552.05,27.12,-0.0053609,
1433.472348,0.010185,-0.009576,-0.086184,-9.808218,-9.808601,0.003195,-0.00639,0.003195,98552.05,27.12,0.0089421,
1433.482453,0.010105,-0.021546,-0.09576,-9.813006,-9.813497,0.003195,-0.00639,-0.001065,98551.97,27.12,0.0040461,
1433.492567,0.010114,-0.014364,-0.08379,-9.813006,-9.813374,0.00426,-0.007455,0.00213,98551.97,27.12,0.0041691,
1433.502663,0.010096,-0.007182,-0.067032,-9.784278,-9.78451,0.003195,-0.007455,0.00213,98551.97,27.12,0.0330331,
1433.513328,0.010665,0.004788,-0.079002,-9.805824,-9.806143,-0.001065,-0.003195,0.003195,98551.97,27.12,0.0114001,
1433.524486,0.011159,-0.002394,-0.086184,-9.834552,-9.83493,0.003195,-0.007455,0.001065,98551.97,27.12,-0.0173869,
1433.535796,0.01131,0.004788,-0.09576,-9.805824,-9.806293,0.003195,-0.00639,0.003195,98551.97,27.12,0.0112501,
1433.547083,0.011286,-0.01197,-0.098154,-9.8154,-9.815898,-0.001065,-0.00426,0.003195,98552.17,27.12,0.0016451,
1433.558089,0.011007,-0.004788,-0.08379,-9.813006,-9.813365,0.00213,-0.00639,0.00213,98552.17,27.12,0.0041781,
1433.569281,0.011192,-0.007182,-0.081396,-9.820188,-9.820528,0.00639,-0.00852,0.00213,98552.17,27.12,-0.0029849,
1433.580436,0.011155,0.007182,-0.081396,-9.810612,-9.810952,0.003195,-0.00639,0.00213,98552.17,27.12,0.0065911,
1433.591712,0.011276,-0.016758,-0.07182,-9.813006,-9.813283,0.00213,-0.00639,0.003195,98552.17,27.12,0.0042601,
1433.602977,0.011265,-0.026334,-0.076608,-9.822582,-9.822916,0.00426,-0.005325,0.003195,98552.17,27.12,-0.0053729,
1433.614084,0.011107,-0.014364,-0.081396,-9.822582,-9.82293,0.00426,-0.005325,0.001065,98552.17,27.12,-0.0053869,
1433.625306,0.011223,-0.016758,-0.093366,-9.8154,-9.815858,0.00426,-0.007455,0.001065,98552.17,27.12,0.0016851,
1433.636349,0.011043,-0.026334,-0.07182,-9.820188,-9.820486,0.00426,-0.005325,0.00213,98552.17,27.12,-0.0029429,
1433.647644,0.011295,0,-0.074214,-9.817794,-9.818074,0.00426,-0.005325,0.003195,98552.17,27.12,-0.0005309,
1433.658941,0.011297,-0.021546,-0.062244,-9.8154,-9.815621,0,-0.00426,0,98552.17,27.12,0.0019221,
1433.669997,0.011056,0.004788,-0.062244,-9.820188,-9.820386,0.003195,-0.007455,0.00426,98552.27,27.12,-0.0028429,
1433.681077,0.011079,-0.02394,-0.076608,-9.829764,-9.830092,0.00426,-0.005325,0,98552.27,27.12,-0.0125489,
1433.692365,0.011288,-0.002394,-0.074214,-9.822582,-9.822863,0.003195,-0.005325,0,98552.27,27.12,-0.0053199,
1433.70349,0.011125,-0.004788,-0.07182,-9.824976,-9.82524,0.00213,-0.00852,0,98552.27,27.12,-0.0076969,
1433.714676,0.011187,-0.009576,-0.090972,-9.822582,-9.823008,0.001065,-0.00639,0.00213,98552.27,27.12,-0.0054649,
1433.725905,0.011228,-0.002394,-0.08379,-9.8154,-9.815758,0.00639,-0.003195,0.00213,98552.27,27.12,0.0017851,
1433.737061,0.011157,-0.014364,-0.08379,-9.805824,-9.806193,0.00213,-0.007455,0.00213,98552.37,27.12,0.0113501,
1433.748379,0.011318,-0.02394,-0.074214,-9.824976,-9.825285,0.003195,-0.00426,-0.001065,98552.37,27.12,-0.0077419,
1433.759465,0.011086,-0.026334,-0.088578,-9.813006,-9.813441,0.005325,-0.007455,0.001065,98552.37,27.12,0.0041021,
1433.770632,0.011167,-0.004788,-0.086184,-9.813006,-9.813386,0.00213,-0.00426,0.003195,98552.37,27.12,0.0041571,
1433.781971,0.011339,-0.004788,-0.067032,-9.829764,-9.829994,0.001065,-0.003195,0.001065,98552.37,27.12,-0.0124509,
1433.792924,0.010953,-0.026334,-0.076608,-9.820188,-9.820522,0.00639,-0.007455,0.003195,98552.37,27.12,-0.0029789,
1433.804148,0.011224,0.002394,-0.09576,-9.817794,-9.818261,0.00213,-0.005325,0.00213,98552.25,27.12,-0.0007179,
1433.815459,0.011311,-0.031122,-0.093366,-9.813006,-9.8135,0.00213,-0.00639,0.001065,98552.25,27.12,0.0040431,
1433.826558,0.011099,0.014364,-0.09576,-9.808218,-9.808696,0.003195,-0.005325,0.001065,98552.25,27.12,0.0088471,
1433.83771,0.011151,-0.019152,-0.090972,-9.8154,-9.81584,0.00639,-0.00852,0.00213,98552.25,27.12,0.0017031,
1433.849127,0.011417,-0.01197,-0.079002,-9.834552,-9.834877,0.005325,-0.007455,0.00213,98552.25,27.12,-0.0173339,
1433.860086,0.01096,-0.019152,-0.090972,-9.822582,-9.823022,0.001065,-0.00426,0.005325,98552.32,27.12,-0.0054789,
1433.871289,0.011202,-0.014364,-0.086184,-9.829764,-9.830152,0.003195,-0.005325,0.00213,98552.32,27.12,-0.0126089,
1433.882427,0.011139,0,-0.064638,-9.813006,-9.813219,0.001065,-0.005325,0.00213,98552.32,27.12,0.0043241,
1433.893631,0.011203,-0.01197,-0.076608,-9.822582,-9.822888,0.003195,-0.00426,0.005325,98552.32,27.12,-0.0053449,
1433.904852,0.011222,0.002394,-0.076608,-9.801036,-9.801336,0.003195,-0.00639,0.003195,98552.32,27.12,0.0162071,
1433.916585,0.011733,-0.002394,-0.07182,-9.844128,-9.84439,0.00426,-0.01065,0.003195,98552.32,27.12,-0.0268469,
1433.927263,0.010678,0.026334,-0.069426,-9.8154,-9.815681,0,-0.003195,0,98552.32,27.12,0.0018621,
1433.93838,0.011117,0,-0.064638,-9.796248,-9.796461,0.00426,-0.005325,0.003195,98552.32,27.12,0.0210821,
1433.949619,0.011238,-0.019152,-0.062244,-9.817794,-9.81801,0.005325,-0.005325,0,98552.32,27.12,-0.0004669,
1433.960728,0.011109,-0.014364,-0.069426,-9.80343,-9.803686,0.003195,-0.007455,0.00213,98552.32,27.12,0.0138571,
1433.972026,0.011298,-0.009576,-0.069426,-9.810612,-9.810862,0,-0.003195,0.00426,98552.32,27.12,0.0066811,
1433.983167,0.011141,-0.026334,-0.07182,-9.8154,-9.815698,0.00213,-0.005325,0.001065,98552.32,27.12,0.0018451,
1433.994327,0.01116,-0.007182,-0.067032,-9.824976,-9.825207,0.003195,-0.00639,0.00213,98552.43,27.12,-0.0076639,
1434.005466,0.011139,-0.007182,-0.074214,-9.824976,-9.825259,0.003195,-0.003195,0.001065,98552.43,27.12,-0.0077159,
1434.01668,0.011215,-0.004788,-0.079002,-9.829764,-9.830083,0.005325,-0.00852,-0.001065,98552.43,27.12,-0.0125399,
1434.027974,0.011293,0.004788,-0.074214,-9.805824,-9.806106,0.005325,-0.009585,0.00426,98552.43,27.12,0.0114371,
1434.039041,0.011067,0.014364,-0.081396,-9.80343,-9.803778,0.003195,-0.00426,-0.001065,98552.43,27.12,0.0137651,
1434.050267,0.011226,-0.002394,-0.07182,-9.813006,-9.813269,0.005325,-0.005325,0.00213,98552.43,27.12,0.0042741,
1434.061348,0.011082,0.007182,-0.093366,-9.824976,-9.825422,0.005325,-0.00852,0.00426,98552.41,27.12,-0.0078789,
1434.072593,0.011245,0.009576,-0.090972,-9.808218,-9.808645,0.00426,-0.005325,0,98552.41,27.12,0.0088981,
1434.083764,0.011171,-0.007182,-0.064638,-9.820188,-9.820403,0.001065,-0.00426,0.001065,98552.41,27.12,-0.0028599,
1434.094919,0.011155,-0.002394,-0.086184,-9.824976,-9.825354,0.005325,-0.00639,-0.001065,98552.41,27.12,-0.0078109,
1434.106136,0.011217,-0.014364,-0.079002,-9.82737,-9.827698,0.001065,-0.007455,0.001065,98552.41,27.12,-0.0101549,
1434.117284,0.011148,-0.019152,-0.081396,-9.824976,-9.825332,0.003195,-0.00639,0.003195,98552.41,27.12,-0.0077889,
1434.128628,0.011344,-0.007182,-0.093366,-9.824976,-9.825422,0.00426,-0.00639,0.00213,98552.41,27.12,-0.0078789,
1434.139792,0.011164,-0.021546,-0.081396,-9.817794,-9.818155,0.00639,-0.007455,0.00213,98552.41,27.12,-0.0006119,
1434.150878,0.011087,0,-0.093366,-9.8154,-9.815844,0.003195,-0.005325,0.00213,98552.41,27.12,0.0016991,
1434.162033,0.011154,-0.026334,-0.086184,-9.808218,-9.808632,0.001065,-0.003195,0.00426,98552.41,27.12,0.0089111,
1434.173515,0.011483,-0.009576,-0.093366,-9.8154,-9.815849,0.00426,-0.005325,0,98552.41,27.12,0.0016941,
1434.184428,0.010912,-0.016758,-0.07182,-9.808218,-9.808495,0.00426,-0.00639,0.00426,98552.4,27.12,0.0090481,
1434.195606,0.011178,0.004788,-0.062244,-9.805824,-9.806023,0.00213,-0.005325,0.00213,98552.4,27.12,0.0115201,
1434.20583,0.010224,-0.002394,-0.081396,-9.817794,-9.818132,0.003195,-0.00426,-0.001065,98552.4,27.12,-0.0005889,
1434.215952,0.010122,-0.014364,-0.08379,-9.79146,-9.791829,0.00213,-0.00639,0.001065,98552.4,27.12,0.0257141,
1434.22604,0.010088,-0.014364,-0.074214,-9.813006,-9.813297,0.001065,-0.005325,0,98552.4,27.12,0.0042461,
1434.23613,0.01009,-0.016758,-0.076608,-9.817794,-9.818107,0.00426,-0.007455,0.003195,98552.4,27.12,-0.0005639,
1434.24623,0.0101,-0.007182,-0.064638,-9.798642,-9.798858,0.005325,-0.00639,0,98552.4,27.12,0.0186851,
1434.256357,0.010126,-0.014364,-0.067032,-9.810612,-9.810852,0.00213,-0.001065,0.003195,98552.4,27.12,0.0066911,
1434.266455,0.010099,-0.016758,-0.08379,-9.824976,-9.825348,0.00639,-0.009585,0.001065,98552.4,27.12,-0.0078049,
1434.276552,0.010096,0.01197,-0.076608,-9.810612,-9.810918,0.00213,-0.00639,0,98552.4,27.12,0.0066251,
1434.286657,0.010105,-0.004788,-0.081396,-9.824976,-9.825314,0.00213,-0.00426,0,98552.4,27.12,-0.0077709,
1434.296843,0.010186,-0.009576,-0.074214,-9.817794,-9.818079,0.003195,-0.00639,0.001065,98552.4,27.12,-0.0005359,
1434.306935,0.010093,-0.01197,-0.093366,-9.805824,-9.806276,0,-0.00852,0.001065,98552.4,27.12,0.0112671,
1434.317105,0.01017,-0.01197,-0.07182,-9.813006,-9.813276,0.005325,-0.00852,0.001065,98552.46,27.12,0.0042671,
1434.327198,0.010094,0.016758,-0.076608,-9.813006,-9.813319,0.00213,-0.00639,0.00213,98552.46,27.12,0.0042241,
1434.337364,0.010166,-0.01197,-0.081396,-9.80343,-9.803775,0.001065,-0.00426,0.00213,98552.46,27.12,0.0137681,
1434.347483,0.010119,0.002394,-0.069426,-9.822582,-9.822828,0.005325,-0.00639,0.001065,98552.46,27.12,-0.0052849,
1434.357552,0.010069,0.01197,-0.067032,-9.822582,-9.822818,0.00213,-0.003195,0.001065,98552.46,27.12,-0.0052749,
1434.367896,0.010344,-0.002394,-0.076608,-9.836946,-9.837245,0.003195,-0.009585,0.001065,98552.46,27.12,-0.0197019,
1434.378119,0.010223,-0.007182,-0.067032,-9.824976,-9.825207,0.00639,-0.007455,0.003195,98552.48,27.12,-0.0076639,
1434.388456,0.010337,-0.004788,-0.074214,-9.8154,-9.815682,0.003195,-0.00426,0.001065,98552.48,27.12,0.0018611,
1434.398557,0.010101,-0.007182,-0.093366,-9.824976,-9.825422,0.003195,-0.00639,0.003195,98552.48,27.12,-0.0078789,
1434.408977,0.01042,0,-0.074214,-9.817794,-9.818074,0.00426,-0.00639,0,98552.48,27.12,-0.0005309,
1434.419071,0.010094,-0.009576,-0.074214,-9.808218,-9.808503,0.00213,-0.007455,0.003195,98552.48,27.12,0.0090401,
1434.429181,0.01011,-0.019152,-0.076608,-9.805824,-9.806142,0.00213,-0.005325,0.00213,98552.48,27.12,0.0114011,
1434.439273,0.010092,0.004788,-0.069426,-9.805824,-9.806071,0.00639,-0.007455,0,98552.54,27.12,0.0114721,
1434.449381,0.010108,-0.019152,-0.098154,-9.820188,-9.820697,0.003195,-0.003195,0.00213,98552.54,27.12,-0.0031539,
1434.459511,0.01013,-0.01197,-0.076608,-9.829764,-9.83007,0.003195,-0.00639,-0.001065,98552.54,27.12,-0.0125269,
1434.469685,0.010173,-0.002394,-0.093366,-9.82737,-9.827814,0.005325,-0.009585,0.00213,98552.54,27.12,-0.0102709,
1434.479787,0.010102,-0.002394,-0.088578,-9.810612,-9.811012,0.00213,-0.00426,0.003195,98552.54,27.12,0.0065311,
1434.489878,0.010092,-0.004788,-0.086184,-9.824976,-9.825355,0.005325,-0.00639,0.00213,98552.54,27.12,-0.0078119,
1434.499974,0.010096,-0.01197,-0.069426,-9.82737,-9.827623,0.00213,-0.00639,0,98552.54,27.12,-0.0100799,
1434.510077,0.010104,-0.019152,-0.08379,-9.79146,-9.791837,0.003195,-0.005325,0,98552.53,27.12,0.0257061,
1434.520433,0.010356,-0.019152,-0.08379,-9.824976,-9.825352,0.005325,-0.007455,0.003195,98552.53,27.12,-0.0078089,
1434.531006,0.010573,-0.002394,-0.079002,-9.810612,-9.81093,0.003195,-0.00426,0.001065,98552.53,27.12,0.0066131,
1434.541126,0.01012,0,-0.069426,-9.808218,-9.808464,0.00426,-0.005325,0.003195,98552.53,27.12,0.0090791,
1434.551256,0.01013,-0.01197,-0.08379,-9.824976,-9.825341,0.00426,-0.00639,0.00213,98552.53,27.12,-0.0077979,
1434.561389,0.010133,-0.004788,-0.069426,-9.820188,-9.820435,0,-0.00426,0.001065,98552.53,27.12,-0.0028919,
1434.571477,0.010088,-0.002394,-0.079002,-9.82737,-9.827688,0.005325,-0.007455,0.00213,98552.73,27.12,-0.0101449,
1434.58165,0.010173,-0.007182,-0.08379,-9.82737,-9.82773,0.003195,-0.00426,0.005325,98552.73,27.12,-0.0101869,
1434.591756,0.010105,-0.002394,-0.081396,-9.805824,-9.806162,0.00213,-0.00639,0.00213,98552.73,27.12,0.0113811,
1434.601854,0.010098,-0.021546,-0.074214,-9.82737,-9.827674,0.00426,-0.00639,0,98552.73,27.12,-0.0101309,
1434.611976,0.010122,-0.004788,-0.064638,-9.798642,-9.798856,0.00213,-0.005325,0.003195,98552.73,27.12,0.0186871,
1434.622067,0.010091,0.026334,-0.08379,-9.808218,-9.808611,0.003195,-0.007455,0.003195,98552.73,27.12,0.0089321,
1434.632383,0.010316,-0.01197,-0.074214,-9.817794,-9.818082,0.005325,-0.00639,0.00426,98552.73,27.12,-0.0005389,
1434.642533,0.01015,-0.01197,-0.079002,-9.820188,-9.820513,0,-0.005325,0,98552.73,27.12,-0.0029699,
1434.65262,0.010087,-0.014364,-0.062244,-9.810612,-9.81082,0.00426,-0.00426,0,98552.73,27.12,0.0067231,
1434.662723,0.010103,-0.007182,-0.067032,-9.822582,-9.822813,0.00639,-0.00852,0.00213,98552.73,27.12,-0.0052699,
1434.672848,0.010125,-0.014364,-0.069426,-9.810612,-9.810868,0.001065,-0.005325,0.00213,98552.73,27.12,0.0066751,
1434.682952,0.010104,-0.01197,-0.079002,-9.822582,-9.822907,0.005325,-0.00426,0.00426,98552.73,27.12,-0.0053639,
1434.693042,0.01009,-0.009576,-0.062244,-9.82737,-9.827572,0.00639,-0.005325,0,98552.73,27.12,-0.0100289,
1434.703223,0.010181,-0.014364,-0.079002,-9.817794,-9.818122,0.001065,-0.00426,0.003195,98552.78,27.12,-0.0005789,
1434.7133,0.010078,0.019152,-0.081396,-9.80343,-9.803787,0.00639,-0.01065,0.00213,98552.78,27.12,0.0137561,
1434.723443,0.010143,0.014364,-0.08379,-9.793854,-9.794223,0.00426,-0.005325,0.00213,98552.78,27.12,0.0233201,
1434.73354,0.010097,-0.019152,-0.086184,-9.808218,-9.808615,0.003195,-0.005325,0.00213,98552.78,27.12,0.0089281,
1434.74366,0.01012,-0.016758,-0.08379,-9.808218,-9.80859,0.00426,-0.00639,0.001065,98552.78,27.12,0.0089531,
1434.753754,0.010093,-0.014364,-0.074214,-9.798642,-9.798934,0.001065,-0.00639,0.001065,98552.78,27.12,0.0186091,
1434.763871,0.010117,-0.026334,-0.081396,-9.8154,-9.815773,0.003195,-0.005325,0.001065,98552.83,27.12,0.0017701,
1434.773973,0.010102,-0.016758,-0.086184,-9.820188,-9.82058,0.003195,-0.009585,0,98552.83,27.12,-0.0030369,
1434.784046,0.010073,-0.014364,-0.05985,-9.824976,-9.825169,0.00213,-0.003195,0.00213,98552.83,27.12,-0.0076259,
1434.794135,0.010089,-0.014364,-0.076608,-9.832158,-9.832467,0.003195,-0.00639,0.003195,98552.83,27.12,-0.0149239,
1434.804265,0.01013,0.014364,-0.093366,-9.813006,-9.813461,0.003195,-0.00639,0,98552.83,27.12,0.0040821,
1434.818648,0.014384,-0.016758,-0.086184,-9.808218,-9.808611,0.00639,-0.009585,0.00213,98552.73,27.12,0.0089321,
1434.828736,0.010087,-0.004788,-0.079002,-9.80343,-9.803749,0.001065,-0.00426,0.001065,98552.73,27.12,0.0137941,
1434.838869,0.010133,-0.031122,-0.076608,-9.820188,-9.820536,0.005325,-0.009585,0.00213,98552.73,27.12,-0.0029929,
1434.848976,0.010107,-0.031122,-0.081396,-9.810612,-9.810999,0.003195,-0.003195,0.001065,98552.73,27.12,0.0065441,
1434.859068,0.010092,-0.014364,-0.062244,-9.822582,-9.82279,0.00213,-0.00639,0.001065,98552.73,27.12,-0.0052469,
1434.869186,0.010118,-0.016758,-0.08379,-9.820188,-9.82056,0.00426,-0.00639,0.00426,98552.73,27.12,-0.0030169,
1434.879285,0.010099,0.004788,-0.081396,-9.805824,-9.806163,0.00426,-0.007455,0.00426,98552.73,27.12,0.0113801,
1434.890056,0.010772,-0.016758,-0.069426,-9.8154,-9.81566,0.00213,-0.005325,0.001065,98552.72,27.12,0.0018831,
1434.900253,0.010196,-0.019152,-0.074214,-9.8154,-9.815699,0.007455,-0.005325,0.00213,98552.72,27.12,0.0018441,
1434.911601,0.011348,-0.002394,-0.067032,-9.824976,-9.825205,0.00213,-0.00639,0.00213,98552.72,27.12,-0.0076619,
1434.922688,0.011087,0.004788,-0.074214,-9.822582,-9.822864,0.00213,-0.009585,0.003195,98552.72,27.12,-0.0053209,
1434.933762,0.011074,0.002394,-0.055062,-9.82737,-9.827525,0.005325,-0.007455,0.003195,98552.72,27.12,-0.0099819,
1434.945057,0.011296,0,-0.069426,-9.8154,-9.815646,0.00426,-0.005325,0.003195,98552.72,27.12,0.0018971,
1434.957086,0.012029,-0.007182,-0.074214,-9.808218,-9.808501,0.001065,-0.00426,0.001065,98552.72,27.12,0.0090421,
1434.967406,0.01032,0.004788,-0.086184,-9.810612,-9.810992,0.005325,-0.00852,0.00213,98552.72,27.12,0.0065511,
1434.978537,0.011131,0.002394,-0.08379,-9.80343,-9.803788,0.00426,-0.003195,0.003195,98552.72,27.12,0.0137551,
1434.989771,0.011235,0,-0.08379,-9.8154,-9.815758,0.00213,-0.00426,0,98552.72,27.12,0.0017851,
1435.000906,0.011135,-0.004788,-0.074214,-9.817794,-9.818076,0.00426,-0.007455,0,98552.72,27.12,-0.0005329,
1435.0123,0.011394,-0.026334,-0.076608,-9.808218,-9.808553,0.00639,-0.00639,0,98552.72,27.12,0.0089901,
1435.023505,0.011204,-0.007182,-0.07182,-9.801036,-9.801302,0.003195,-0.007455,0,98552.85,27.12,0.0162411,
1435.034479,0.010974,-0.004788,-0.08379,-9.810612,-9.810971,0.00213,-0.003195,0.00213,98552.85,27.12,0.0065721,
1435.045695,0.011216,-0.01197,-0.093366,-9.820188,-9.820639,0.005325,-0.00852,0.003195,98552.85,27.12,-0.0030959,
1435.057212,0.011517,-0.004788,-0.062244,-9.813006,-9.813205,0.001065,-0.00426,0.00213,98552.85,27.12,0.0043381,
1435.068112,0.0109,0.002394,-0.07182,-9.820188,-9.820451,0.003195,-0.005325,0.003195,98552.85,27.12,-0.0029079,
1435.079839,0.011728,-0.016758,-0.090972,-9.813006,-9.813442,0.005325,-0.00426,0.00213,98552.88,27.12,0.0041011,
1435.091333,0.011493,0.002394,-0.07182,-9.80343,-9.803693,0.00426,-0.007455,0.00426,98552.88,27.12,0.0138501,
1435.101529,0.010196,-0.019152,-0.067032,-9.805824,-9.806072,0.003195,-0.00639,0,98552.88,27.12,0.0114711,
1435.112697,0.011168,-0.033516,-0.069426,-9.810612,-9.810915,0.00426,-0.005325,0.00213,98552.88,27.12,0.0066281,
1435.123879,0.011183,-0.016758,-0.081396,-9.822582,-9.822934,0.005325,-0.00639,0.003195,98552.88,27.12,-0.0053909,
1435.135311,0.011432,-0.009576,-0.067032,-9.836946,-9.837179,0.003195,-0.005325,0.001065,98552.88,27.12,-0.0196359,
1435.14632,0.011009,-0.016758,-0.07182,-9.808218,-9.808495,0.00426,-0.009585,0.00426,98552.93,27.12,0.0090481,
1435.157448,0.011128,-0.019152,-0.079002,-9.82737,-9.827706,0.00426,-0.00426,0.003195,98552.93,27.12,-0.0101629,
1435.168687,0.011239,-0.014364,-0.079002,-9.820188,-9.820516,0.005325,-0.00639,0.001065,98552.93,27.12,-0.0029729,
1435.179829,0.011142,-0.007182,-0.079002,-9.80343,-9.803751,0.00213,-0.005325,0.00213,98552.93,27.12,0.0137921,
1435.191115,0.011286,-0.009576,-0.081396,-9.820188,-9.82053,0.001065,-0.005325,0.003195,98552.93,27.12,-0.0029869,
1435.202353,0.011239,0.004788,-0.08379,-9.813006,-9.813365,0.00852,-0.007455,0.00213,98552.93,27.12,0.0041781,
1435.213746,0.011393,-0.02394,-0.079002,-9.80343,-9.803778,0.003195,-0.00639,0.001065,98552.88,27.12,0.0137651,
1435.22459,0.010844,-0.016758,-0.076608,-9.817794,-9.818107,0.00426,-0.005325,0.001065,98552.88,27.12,-0.0005639,
1435.235737,0.011146,-0.014364,-0.07182,-9.817794,-9.818067,0.007455,-0.00426,0.001065,98552.88,27.12,-0.0005239,
1435.246964,0.011227,0,-0.088578,-9.817794,-9.818194,0.00213,-0.00639,-0.001065,98552.88,27.12,-0.0006509,
1435.25713,0.010166,-0.004788,-0.08379,-9.8154,-9.815759,0.00213,-0.00852,0.00213,98552.88,27.12,0.0017841,
1435.267238,0.010108,-0.028728,-0.069426,-9.820188,-9.820475,0.00426,-0.007455,0.001065,98552.88,27.12,-0.0029319,
1435.277335,0.010097,-0.014364,-0.074214,-9.820188,-9.820479,0.005325,-0.00639,0.00213,98552.88,27.12,-0.0029359,
1435.287441,0.010106,-0.014364,-0.090972,-9.8154,-9.815832,0.00213,-0.00213,0.001065,98552.88,27.12,0.0017111,
1435.297518,0.010077,-0.01197,-0.090972,-9.82737,-9.827798,0.005325,-0.00852,0,98552.88,27.12,-0.0102549,
1435.307632,0.010114,-0.019152,-0.090972,-9.822582,-9.823022,0.00213,-0.00426,0.003195,98552.88,27.12,-0.0054789,
1435.317741,0.010109,-0.02394,-0.08379,-9.813006,-9.813393,0.00426,-0.005325,0.003195,98552.88,27.12,0.0041501,
1435.327841,0.010101,0.007182,-0.081396,-9.801036,-9.801377,0.003195,-0.00639,0.00213,98552.88,27.12,0.0161661,
1435.338027,0.010186,-0.01197,-0.086184,-9.805824,-9.80621,0.001065,-0.00426,0,98552.81,27.12,0.0113331,
1435.348243,0.010216,-0.01197,-0.076608,-9.824976,-9.825282,0.005325,-0.007455,0.00213,98552.81,27.12,-0.0077389,
1435.358337,0.010094,-0.004788,-0.057456,-9.822582,-9.822751,0.003195,-0.00426,0.00426,98552.81,27.12,-0.0052079,
1435.368487,0.01015,-0.014364,-0.08379,-9.841734,-9.842101,0.00426,-0.005325,0.00426,98552.81,27.12,-0.0245579,
1435.378592,0.010104,-0.014364,-0.069426,-9.824976,-9.825232,0.00426,-0.007455,0.003195,98552.81,27.12,-0.0076889,
1435.388697,0.010105,-0.019152,-0.088578,-9.829764,-9.830182,0.003195,-0.005325,-0.001065,98552.81,27.12,-0.0126389,
1435.39878,0.010083,-0.009576,-0.069426,-9.8154,-9.81565,0.003195,-0.00639,0.001065,98552.81,27.12,0.0018931,
1435.40887,0.01009,-0.007182,-0.069426,-9.810612,-9.81086,0.00426,-0.005325,0.001065,98552.77,27.12,0.0066831,
1435.418959,0.010089,-0.009576,-0.062244,-9.80343,-9.803632,0.001065,-0.005325,0.003195,98552.77,27.12,0.0139111,
1435.429074,0.010115,-0.009576,-0.069426,-9.824976,-9.825226,0.00639,-0.01065,0.00213,98552.77,27.12,-0.0076829,
1435.439367,0.010293,-0.002394,-0.05985,-9.808218,-9.808401,0.007455,-0.007455,0,98552.77,27.12,0.0091421,
1435.449468,0.010102,-0.02394,-0.07182,-9.801036,-9.801328,0.00426,-0.005325,0.001065,98552.77,27.12,0.0162151,
1435.460038,0.01057,-0.021546,-0.093366,-9.8154,-9.815868,0.00426,-0.00426,0.003195,98552.77,27.12,0.0016751,
1435.470136,0.010098,-0.01197,-0.086184,-9.817794,-9.81818,0.005325,-0.005325,0.00213,98552.85,27.12,-0.0006369,
1435.480206,0.01007,0,-0.086184,-9.810612,-9.810991,0.001065,-0.005325,0.001065,98552.85,27.12,0.0065521,
1435.490298,0.010092,0,-0.086184,-9.798642,-9.799021,0.005325,-0.005325,0.003195,98552.85,27.12,0.0185221,
1435.500388,0.01009,-0.007182,-0.05985,-9.822582,-9.822767,0.00426,-0.00852,0.00213,98552.85,27.12,-0.0052239,
1435.510484,0.010097,-0.019152,-0.079002,-9.824976,-9.825312,0.003195,-0.005325,0.00213,98552.85,27.12,-0.0077689,
1435.520578,0.010093,0.002394,-0.079002,-9.822582,-9.8229,0.005325,-0.00639,0.00213,98552.85,27.12,-0.0053569,
1435.530663,0.010086,-0.01197,-0.08379,-9.820188,-9.820553,0.003195,-0.00639,0,98552.89,27.12,-0.0030099,
1435.540786,0.010122,-0.019152,-0.076608,-9.801036,-9.801354,0.00213,-0.00639,0.00426,98552.89,27.12,0.0161891,
1435.550896,0.01011,-0.01197,-0.069426,-9.813006,-9.813259,0.005325,-0.005325,0.001065,98552.89,27.12,0.0042841,
1435.560985,0.010089,0,-0.064638,-9.813006,-9.813219,0.00426,-0.005325,0.001065,98552.89,27.12,0.0043241,
1435.571121,0.010136,-0.002394,-0.088578,-9.8154,-9.8158,0.00639,-0.00639,0.00213,98552.89,27.12,0.0017431,
1435.581224,0.010103,-0.014364,-0.076608,-9.810612,-9.810922,0.00426,-0.007455,0.003195,98552.89,27.12,0.0066211,
1435.591335,0.010112,-0.004788,-0.055062,-9.801036,-9.801192,0.001065,-0.005325,0.00213,98552.89,27.12,0.0163511,
1435.60144,0.010104,-0.01197,-0.086184,-9.822582,-9.822967,0.00639,-0.007455,0.00213,98552.91,27.12,-0.0054239,
1435.611521,0.010082,-0.002394,-0.088578,-9.832158,-9.832557,0.001065,-0.00426,0.001065,98552.91,27.12,-0.0150139,
1435.621708,0.010187,-0.004788,-0.07182,-9.82737,-9.827634,0.00426,-0.00852,0.003195,98552.91,27.12,-0.0100909,
1435.631827,0.010118,-0.014364,-0.062244,-9.813006,-9.813214,0.005325,-0.003195,0.003195,98552.91,27.12,0.0043291,
1435.64191,0.010083,-0.002394,-0.074214,-9.822582,-9.822863,0.00213,-0.007455,0.003195,98552.91,27.12,-0.0053199,
1435.652012,0.010103,-0.01197,-0.074214,-9.829764,-9.830051,0.00639,-0.00639,0,98552.91,27.12,-0.0125079,
1435.662097,0.010085,0.002394,-0.076608,-9.820188,-9.820487,0.001065,-0.005325,0.003195,98552.91,27.12,-0.0029439,
1435.672532,0.010435,-0.007182,-0.064638,-9.80343,-9.803646,0.003195,-0.00639,0.003195,98552.91,27.12,0.0138971,
1435.68265,0.010118,-0.016758,-0.081396,-9.832158,-9.832509,0.005325,-0.007455,0.00213,98552.91,27.12,-0.0149659,
1435.692732,0.010082,-0.009576,-0.081396,-9.817794,-9.818136,0.005325,-0.00639,0.00213,98552.91,27.12,-0.0005929,
1435.702871,0.010139,0.007182,-0.067032,-9.829764,-9.829995,0.003195,-0.005325,0.001065,98552.91,27.12,-0.0124519,
1435.712981,0.01011,-0.007182,-0.074214,-9.824976,-9.825259,0.00213,-0.005325,0.003195,98552.91,27.12,-0.0077159,
1435.723077,0.010096,-0.002394,-0.081396,-9.8154,-9.815738,0.003195,-0.00213,-0.001065,98552.94,27.11,0.0018051,
1435.733191,0.010114,-0.01197,-0.093366,-9.832158,-9.832609,0,-0.00426,0.00426,98552.94,27.11,-0.0150659,
1435.743445,0.010254,-0.016758,-0.07182,-9.813006,-9.813283,0.00426,-0.005325,0.00213,98552.94,27.11,0.0042601,
1435.753548,0.010102,-0.01197,-0.076608,-9.822582,-9.822888,0.001065,-0.00426,0.00426,98552.94,27.11,-0.0053449,
1435.763641,0.010093,-0.009576,-0.076608,-9.813006,-9.81331,0.005325,-0.00426,0.003195,98552.94,27.11,0.0042331,
1435.773751,0.01011,-0.002394,-0.076608,-9.829764,-9.830063,0.00213,-0.007455,0,98552.94,27.11,-0.0125199,
1435.784481,0.01073,-0.002394,-0.067032,-9.805824,-9.806053,0.00213,-0.00213,0.001065,98553.09,27.11,0.0114901,
1435.794581,0.010099,-0.01197,-0.079002,-9.824976,-9.825301,0.00426,-0.007455,0.001065,98553.09,27.11,-0.0077579,
1435.804666,0.010085,-0.01197,-0.08379,-9.808218,-9.808583,0.003195,-0.00639,0.00213,98553.09,27.11,0.0089601,
1435.814751,0.010085,0.002394,-0.08379,-9.817794,-9.818152,0.00213,-0.00213,0,98553.09,27.11,-0.0006089,
1435.824856,0.010105,-0.007182,-0.090972,-9.820188,-9.820612,0.003195,-0.007455,0.00213,98553.09,27.11,-0.0030689,
1435.834957,0.010101,-0.014364,-0.08379,-9.805824,-9.806193,0.003195,-0.007455,0.003195,98553.09,27.11,0.0113501,
1435.845053,0.010096,-0.028728,-0.07182,-9.824976,-9.82528,0.00213,-0.00426,0.001065,98553.13,27.11,-0.0077369,
1435.855159,0.010105,0.004788,-0.074214,-9.820188,-9.82047,0.005325,-0.00639,0.00213,98553.13,27.11,-0.0029269,
1435.865257,0.010098,-0.007182,-0.08379,-9.822582,-9.822942,0.00213,-0.005325,0.00426,98553.13,27.11,-0.0053989,
1435.875341,0.010084,-0.009576,-0.069426,-9.824976,-9.825226,0.007455,-0.00426,0.001065,98553.13,27.11,-0.0076829,
1435.885438,0.010097,0.009576,-0.074214,-9.832158,-9.832443,0.003195,-0.00639,0.00213,98553.13,27.11,-0.0148999,
1435.89622,0.010783,0.007182,-0.064638,-9.820188,-9.820403,0.003195,-0.00639,0.001065,98553.13,27.11,-0.0028599,
1435.906987,0.010766,0.002394,-0.067032,-9.817794,-9.818023,0.003195,-0.005325,0.00426,98553.13,27.11,-0.0004799,
1435.918045,0.011058,-0.009576,-0.07182,-9.82737,-9.827637,0.003195,-0.00852,0.00213,98553.21,27.11,-0.0100939,
1435.929391,0.011347,-0.02394,-0.086184,-9.808218,-9.808626,0.00639,-0.007455,0.00213,98553.21,27.11,0.0089171,
1435.940484,0.011092,-0.016758,-0.064638,-9.808218,-9.808445,0.003195,-0.00426,0.00213,98553.21,27.11,0.0090981,
1435.951591,0.011107,-0.021546,-0.081396,-9.813006,-9.813367,0.005325,-0.00426,0.003195,98553.21,27.11,0.0041761,
1435.962839,0.011248,-0.014364,-0.090972,-9.813006,-9.813438,0.003195,-0.007455,0,98553.21,27.11,0.0041051,
1435.974008,0.011169,-0.014364,-0.088578,-9.841734,-9.842143,0.003195,-0.005325,0.003195,98553.21,27.11,-0.0245999,
1435.985153,0.011145,-0.004788,-0.08379,-9.8154,-9.815759,0.00213,-0.003195,0.00213,98553.21,27.11,0.0017841,
1435.996277,0.011124,-0.004788,-0.090972,-9.82737,-9.827792,0.00426,-0.00852,0.003195,98553.21,27.11,-0.0102489,
1436.007505,0.011227,-0.007182,-0.064638,-9.810612,-9.810828,0.003195,-0.005325,0.001065,98553.21,27.11,0.0067151,
1436.017776,0.010272,-0.009576,-0.062244,-9.822582,-9.822784,0.003195,-0.005325,0.00213,98553.21,27.11,-0.0052409,
1436.027865,0.010089,-0.009576,-0.08379,-9.8154,-9.815762,0.00426,-0.005325,0.003195,98553.21,27.11,0.0017811,
1436.037972,0.010107,-0.016758,-0.074214,-9.801036,-9.801331,0.001065,-0.005325,0,98553.21,27.11,0.0162121,
1436.048452,0.01048,-0.004788,-0.08379,-9.822582,-9.822941,0.00426,-0.005325,0.00426,98553.13,27.11,-0.0053979,
1436.058552,0.0101,-0.009576,-0.064638,-9.817794,-9.818011,0.00426,-0.00639,0.001065,98553.13,27.11,-0.0004679,
1436.068661,0.010109,-0.002394,-0.057456,-9.817794,-9.817962,0.00213,-0.00639,0.00213,98553.13,27.11,-0.0004189,
1436.078747,0.010085,-0.009576,-0.069426,-9.8154,-9.81565,0.005325,-0.005325,0.00213,98553.13,27.11,0.0018931,
1436.08885,0.010103,-0.004788,-0.069426,-9.805824,-9.806071,0.00639,-0.007455,0.003195,98553.13,27.11,0.0114721,
1436.098994,0.010145,-0.014364,-0.09576,-9.817794,-9.818272,0,-0.007455,0.001065,98553.13,27.11,-0.0007289,
1436.109101,0.010107,-0.040698,-0.074214,-9.820188,-9.820553,0.00426,-0.005325,0.00213,98553.25,27.11,-0.0030099,
1436.119193,0.010092,-0.004788,-0.074214,-9.801036,-9.801318,0.00213,-0.005325,0.00213,98553.25,27.11,0.0162251,
1436.129277,0.010084,0,-0.076608,-9.82737,-9.827669,0.00213,-0.00426,0.00213,98553.25,27.11,-0.0101259,
1436.139372,0.010095,-0.021546,-0.062244,-9.813006,-9.813227,0.005325,-0.007455,0.00213,98553.25,27.11,0.0043161,
1436.149507,0.010136,-0.002394,-0.069426,-9.793854,-9.7941,0.00426,-0.003195,0.003195,98553.25,27.11,0.0234431,
1436.159598,0.01009,-0.014364,-0.076608,-9.822582,-9.822891,0.00426,-0.00639,0.001065,98553.25,27.11,-0.0053479,
1436.169753,0.010155,-0.002394,-0.079002,-9.82737,-9.827688,0.003195,-0.00639,0.00213,98553.28,27.11,-0.0101449,
1436.17985,0.010097,-0.002394,-0.090972,-9.824976,-9.825397,0.00426,-0.00426,0,98553.28,27.11,-0.0078539,
1436.189946,0.010095,0,-0.088578,-9.822582,-9.822981,0.00426,-0.00852,0.00213,98553.28,27.11,-0.0054379,
1436.200038,0.010092,-0.021546,-0.079002,-9.820188,-9.820529,0.00426,-0.005325,0.001065,98553.28,27.11,-0.0029859,
1436.210129,0.010091,-0.014364,-0.081396,-9.820188,-9.820536,0.001065,-0.003195,0,98553.28,27.11,-0.0029929,
1436.220401,0.010272,-0.01197,-0.055062,-9.824976,-9.825138,0.007455,-0.007455,0.00213,98553.28,27.11,-0.0075949,
1436.230513,0.010112,0.021546,-0.069426,-9.824976,-9.825245,0.003195,-0.00639,0.00213,98553.28,27.11,-0.0077019,
1436.240606,0.010094,-0.040698,-0.086184,-9.82737,-9.827832,0.005325,-0.00639,0.001065,98553.34,27.11,-0.0102889,
1436.250701,0.010094,0.002394,-0.088578,-9.801036,-9.801437,0.003195,-0.00639,0.00426,98553.34,27.11,0.0161061,
1436.260803,0.010102,-0.009576,-0.081396,-9.808218,-9.80856,0.001065,-0.00426,0.001065,98553.34,27.11,0.0089831,
1436.270949,0.010146,-0.004788,-0.08379,-9.82737,-9.827728,0.00426,-0.009585,0.00213,98553.34,27.11,-0.0101849,
1436.281054,0.010105,0,-0.069426,-9.817794,-9.818039,0.00213,-0.00639,0.001065,98553.34,27.11,-0.0004959,
1436.291166,0.010112,0.002394,-0.079002,-9.820188,-9.820506,0.001065,-0.005325,-0.00213,98553.34,27.11,-0.0029629,
1436.30125,0.010084,-0.004788,-0.074214,-9.817794,-9.818076,0.00639,-0.007455,0.00213,98553.34,27.11,-0.0005329,
1436.31134,0.01009,-0.002394,-0.069426,-9.824976,-9.825222,0.00213,-0.007455,0.00213,98553.34,27.11,-0.0076789,
1436.321434,0.010094,-0.021546,-0.067032,-9.820188,-9.82044,0,-0.005325,0,98553.34,27.11,-0.0028969,
1436.331963,0.010529,0.004788,-0.079002,-9.810612,-9.810931,0.005325,-0.00426,0.001065,98553.34,27.11,0.0066121,
1436.343176,0.011213,-0.009576,-0.067032,-9.817794,-9.818028,0.005325,-0.007455,0.003195,98553.34,27.11,-0.0004849,
1436.35328,0.010104,0.007182,-0.067032,-9.808218,-9.80845,0.00213,-0.005325,0.00213,98553.34,27.11,0.0090931,
1436.365452,0.012172,-0.016758,-0.069426,-9.8154,-9.81566,0.00426,-0.005325,0.00213,98553.37,27.11,0.0018831,
1436.375605,0.010153,-0.016758,-0.076608,-9.817794,-9.818107,0.005325,-0.00639,0,98553.37,27.11,-0.0005639,
1436.385708,0.010103,0.007182,-0.069426,-9.808218,-9.808466,0.003195,-0.00639,0.00213,98553.37,27.11,0.0090771,
1436.395798,0.01009,-0.019152,-0.081396,-9.829764,-9.83012,0.005325,-0.005325,0.00213,98553.37,27.11,-0.0125769,
1436.405899,0.010101,-0.021546,-0.07182,-9.817794,-9.81808,0.005325,-0.005325,0,98553.37,27.11,-0.0005369,
1436.415994,0.010095,-0.01197,-0.086184,-9.8154,-9.815786,0.00426,-0.00639,0.001065,98553.37,27.11,0.0017571,
1436.426083,0.010089,-0.016758,-0.079002,-9.832158,-9.83249,0.003195,-0.003195,0.003195,98553.45,27.11,-0.0149469,
1436.436165,0.010082,-0.002394,-0.067032,-9.822582,-9.822811,0.00426,-0.007455,0.001065,98553.45,27.11,-0.0052679,
1436.446263,0.010098,0.007182,-0.074214,-9.805824,-9.806107,0.00426,-0.005325,0.001065,98553.45,27.11,0.0114361,
1436.456366,0.010102,-0.004788,-0.081396,-9.813006,-9.813345,0.005325,-0.005325,0.003195,98553.45,27.11,0.0041981,
1436.466457,0.010092,0.004788,-0.079002,-9.8154,-9.815719,0.003195,-0.00213,0,98553.45,27.11,0.0018241,
1436.47723,0.010773,-0.014364,-0.08379,-9.8154,-9.815768,0.00213,-0.00639,0.00213,98553.45,27.11,0.0017751,
1436.488501,0.011271,-0.014364,-0.093366,-9.810612,-9.811067,0.00426,-0.005325,-0.001065,98553.33,27.11,0.0064761,
1436.499669,0.011169,-0.014364,-0.069426,-9.820188,-9.820444,0.005325,-0.009585,0.003195,98553.33,27.11,-0.0029009,
1436.510856,0.011187,-0.02394,-0.064638,-9.820188,-9.82043,0,-0.005325,0.001065,98553.33,27.11,-0.0028869,
1436.52205,0.011194,-0.031122,-0.081396,-9.810612,-9.810999,0.00639,-0.00639,0.001065,98553.33,27.11,0.0065441,
1436.533204,0.011154,-0.026334,-0.079002,-9.808218,-9.808572,0.003195,-0.00852,0.00213,98553.33,27.11,0.0089711,
1436.54468,0.011475,-0.021546,-0.086184,-9.80343,-9.803832,0.001065,-0.00426,-0.00213,98553.33,27.11,0.0137111,
1436.555667,0.010987,-0.019152,-0.076608,-9.824976,-9.825293,0.00426,-0.00426,0.001065,98553.34,27.11,-0.0077499,
1436.566722,0.011055,-0.007182,-0.069426,-9.810612,-9.81086,0.00426,-0.00852,0.001065,98553.34,27.11,0.0066831,
1436.577968,0.011246,-0.009576,-0.067032,-9.813006,-9.81324,0.00426,-0.007455,0.001065,98553.34,27.11,0.0043031,
1436.589471,0.011503,-0.016758,-0.08379,-9.813006,-9.813378,0.003195,-0.00426,0.00213,98553.34,27.11,0.0041651,
1436.600344,0.010873,0.004788,-0.086184,-9.817794,-9.818173,0.00426,-0.007455,0.003195,98553.34,27.11,-0.0006299,
1436.611543,0.011199,-0.01197,-0.064638,-9.8154,-9.81562,0.001065,-0.00426,0.00213,98553.34,27.11,0.0019231,
1436.622741,0.011198,-0.004788,-0.05985,-9.822582,-9.822766,0.00213,-0.005325,0.00213,98553.34,27.11,-0.0052229,
1436.633918,0.011176,-0.026334,-0.074214,-9.820188,-9.820504,0.003195,-0.007455,0,98553.34,27.11,-0.0029609,
1436.645073,0.011155,0.007182,-0.076608,-9.805824,-9.806126,0.00426,-0.007455,0.00213,98553.34,27.11,0.0114171,
1436.656202,0.011129,-0.004788,-0.08379,-9.805824,-9.806183,0.00213,-0.003195,0.003195,98553.34,27.11,0.0113601,
1436.667503,0.011301,-0.02394,-0.081396,-9.824976,-9.825342,0.00426,-0.00426,0.001065,98553.34,27.11,-0.0077989,
1436.67869,0.011187,-0.004788,-0.081396,-9.801036,-9.801375,0.005325,-0.00213,0,98553.28,27.11,0.0161681,
1436.689886,0.011195,-0.01197,-0.08379,-9.80343,-9.803795,0.003195,-0.00639,0.003195,98553.28,27.11,0.0137481,
1436.700917,0.011031,0.009576,-0.069426,-9.810612,-9.810862,0.005325,-0.00426,0.001065,98553.28,27.11,0.0066811,
1436.712184,0.011267,-0.01197,-0.081396,-9.805824,-9.806169,0.00213,-0.00426,0.001065,98553.28,27.11,0.0113741,
1436.723405,0.011221,-0.01197,-0.062244,-9.817794,-9.817999,0.003195,-0.007455,0.001065,98553.28,27.11,-0.0004559,
1436.734544,0.01114,-0.014364,-0.067032,-9.82737,-9.827609,0.001065,-0.005325,0.00213,98553.28,27.11,-0.0100659,
1436.745765,0.011221,-0.016758,-0.069426,-9.8154,-9.81566,0.00426,-0.00426,0.001065,98553.31,27.11,0.0018831,
1436.756968,0.011202,-0.014364,-0.079002,-9.817794,-9.818122,0.00426,-0.00639,0.00213,98553.31,27.11,-0.0005789,
1436.768228,0.01126,-0.009576,-0.086184,-9.829764,-9.830146,0.00426,-0.007455,0.003195,98553.31,27.11,-0.0126029,
1436.7793,0.011072,0.002394,-0.081396,-9.8154,-9.815738,0.00213,-0.003195,0.00426,98553.31,27.11,0.0018051,
1436.790527,0.011226,-0.007182,-0.074214,-9.822582,-9.822865,0.00639,-0.00639,0.001065,98553.31,27.11,-0.0053219,
1436.801652,0.011126,-0.002394,-0.069426,-9.808218,-9.808464,0.00426,-0.00639,0.001065,98553.31,27.11,0.0090791,
1436.812844,0.011191,0.007182,-0.074214,-9.8154,-9.815683,0.003195,-0.00426,0.00213,98553.31,27.11,0.0018601,
1436.824104,0.01126,-0.014364,-0.079002,-9.824976,-9.825304,0.00639,-0.00639,0.001065,98553.31,27.11,-0.0077609,
1436.835239,0.011136,0.007182,-0.069426,-9.817794,-9.818042,0.00213,-0.00426,0.00213,98553.31,27.11,-0.0004989,
1436.846395,0.011156,-0.016758,-0.07182,-9.8154,-9.815677,0.003195,-0.003195,0,98553.31,27.11,0.0018661,
1436.857541,0.011145,-0.004788,-0.069426,-9.80343,-9.803677,0.00639,-0.00639,0.003195,98553.31,27.11,0.0138661,
1436.868815,0.011274,-0.021546,-0.05985,-9.832158,-9.832364,0.00852,-0.009585,0.00426,98553.34,27.11,-0.0148209,
1436.880005,0.01119,-0.002394,-0.081396,-9.822582,-9.82292,0.00213,-0.003195,0.00213,98553.34,27.11,-0.0053769,
1436.891204,0.011199,-0.007182,-0.100548,-9.822582,-9.823099,0.00426,-0.00426,0.00213,98553.34,27.11,-0.0055559,
1436.902282,0.011078,-0.014364,-0.076608,-9.824976,-9.825285,0.00426,-0.00639,-0.001065,98553.34,27.11,-0.0077419,
1436.913467,0.011185,-0.002394,-0.069426,-9.8154,-9.815646,0.00426,-0.005325,0,98553.34,27.11,0.0018971,
1436.924632,0.011165,-0.01197,-0.074214,-9.824976,-9.825264,0.005325,-0.00639,0.00213,98553.34,27.11,-0.0077209,
1436.935825,0.011193,0.002394,-0.074214,-9.80343,-9.803711,0.003195,-0.00639,0.001065,98553.34,27.11,0.0138321,
1436.947068,0.011243,0,-0.069426,-9.820188,-9.820433,0.003195,-0.007455,0.003195,98553.34,27.11,-0.0028899,
1436.958421,0.011353,0.007182,-0.076608,-9.810612,-9.810914,0.00213,-0.007455,0,98553.34,27.11,0.0066291,
1436.969461,0.01104,-0.019152,-0.069426,-9.810612,-9.810876,0.00213,-0.007455,0.003195,98553.34,27.11,0.0066671,
1436.980574,0.011113,-0.016758,-0.076608,-9.832158,-9.832471,0.005325,-0.005325,0.00213,98553.34,27.11,-0.0149279,
1436.991829,0.011254,-0.007182,-0.067032,-9.820188,-9.820419,0.003195,-0.007455,0.003195,98553.34,27.11,-0.0028759,
1437.003461,0.011632,-0.031122,-0.081396,-9.8154,-9.815787,0.00213,-0.00639,0.00213,98553.33,27.11,0.0017561,
1437.014217,0.010757,-0.01197,-0.079002,-9.793854,-9.79418,0.00426,-0.005325,0,98553.33,27.11,0.0233631,
1437.025265,0.011047,-0.002394,-0.08379,-9.829764,-9.830121,0.003195,-0.00852,0.003195,98553.33,27.11,-0.0125779,
1437.036485,0.01122,-0.007182,-0.081396,-9.810612,-9.810952,0,-0.00639,0.003195,98553.33,27.11,0.0065911,
1437.04824,0.011755,-0.002394,-0.081396,-9.805824,-9.806162,0.00426,-0.007455,0.003195,98553.33,27.11,0.0113811,
1437.058983,0.010742,-0.016758,-0.074214,-9.817794,-9.818089,0.005325,-0.007455,0.00426,98553.5,27.11,-0.0005459,
1437.070144,0.011162,0.014364,-0.08379,-9.8154,-9.815768,0.00213,-0.00426,0,98553.5,27.11,0.0017751,
1437.081273,0.011129,-0.01197,-0.090972,-9.817794,-9.818223,0.003195,-0.003195,0.003195,98553.5,27.11,-0.0006799,
1437.092412,0.011139,0.002394,-0.07182,-9.82737,-9.827633,0.005325,-0.005325,0,98553.5,27.11,-0.0100899,
1437.103611,0.011199,0,-0.069426,-9.820188,-9.820433,0.005325,-0.007455,0.003195,98553.5,27.11,-0.0028899,
1437.114804,0.011193,-0.01197,-0.079002,-9.810612,-9.810937,0.00213,-0.00426,0.003195,98553.5,27.11,0.0066061,
1437.126008,0.011204,-0.002394,-0.086184,-9.808218,-9.808597,0.00426,-0.005325,0.003195,98553.63,27.11,0.0089461,
1437.137122,0.011113,0.004788,-0.074214,-9.813006,-9.813288,0.003195,-0.007455,0.003195,98553.63,27.11,0.0042551,
1437.148552,0.01143,0,-0.067032,-9.824976,-9.825205,0.001065,-0.005325,0.00426,98553.63,27.11,-0.0076619,
1437.159566,0.011014,-0.016758,-0.05985,-9.8154,-9.815597,0,-0.00213,0.00213,98553.63,27.11,0.0019461,
1437.170742,0.011175,-0.004788,-0.07182,-9.813006,-9.81327,0.009585,-0.00852,0.00213,98553.63,27.11,0.0042731,
1437.181958,0.011216,0.007182,-0.07182,-9.805824,-9.80609,0.00213,-0.00639,0.001065,98553.63,27.11,0.0114531,
1437.193043,0.011085,-0.014364,-0.08379,-9.80343,-9.803799,0.003195,-0.00639,0.001065,98553.76,27.11,0.0137441,
1437.204224,0.011181,-0.004788,-0.086184,-9.829764,-9.830143,0.005325,-0.00639,0,98553.76,27.11,-0.0125999,
1437.215436,0.011213,-0.01197,-0.081396,-9.813006,-9.813351,0.00213,-0.009585,0.001065,98553.76,27.11,0.0041921,
1437.226692,0.011255,0.007182,-0.074214,-9.822582,-9.822865,0.00426,-0.00426,0.003195,98553.76,27.11,-0.0053219,
1437.23788,0.011188,-0.02394,-0.08379,-9.808218,-9.808605,0.001065,-0.00426,0.00213,98553.76,27.11,0.0089381,
1437.247993,0.010113,-0.014364,-0.093366,-9.820188,-9.820642,0.005325,-0.007455,0,98553.76,27.11,-0.0030989,
1437.258074,0.01008,-0.007182,-0.088578,-9.820188,-9.82059,0.00213,-0.005325,0.00213,98553.76,27.11,-0.0030469,
1437.268173,0.010099,-0.009576,-0.086184,-9.820188,-9.820571,0.00639,-0.00639,0.003195,98553.76,27.11,-0.0030279,
1437.278283,0.01011,-0.01197,-0.074214,-9.813006,-9.813294,0.005325,-0.00426,0.00213,98553.76,27.11,0.0042491,
1437.288382,0.0101,-0.016758,-0.086184,-9.82737,-9.827762,0.001065,-0.005325,0.00426,98553.76,27.11,-0.0102189,
1437.298467,0.010085,0.002394,-0.102942,-9.820188,-9.820728,0.00426,-0.00852,0.003195,98553.76,27.11,-0.0031849,
1437.308564,0.010096,0.002394,-0.076608,-9.798642,-9.798942,0.001065,-0.003195,-0.001065,98553.76,27.11,0.0186011,
1437.318653,0.01009,-0.02394,-0.057456,-9.817794,-9.817991,0.005325,-0.00639,0.00213,98553.63,27.11,-0.0004479,
1437.328772,0.010119,-0.007182,-0.08379,-9.822582,-9.822942,0.005325,-0.007455,0.00213,98553.63,27.11,-0.0053989,
1437.339061,0.010289,-0.007182,-0.062244,-9.822582,-9.822782,0.00213,-0.003195,0.003195,98553.63,27.11,-0.0052389,
1437.34917,0.010108,-0.004788,-0.05985,-9.8154,-9.815584,0.00426,-0.00852,0.00213,98553.63,27.11,0.0019591,
1437.359274,0.010105,-0.007182,-0.074214,-9.810612,-9.810895,0.005325,-0.005325,0.00213,98553.63,27.11,0.0066481,
1437.369473,0.010199,-0.014364,-0.057456,-9.820188,-9.820367,0,-0.00426,0.00426,98553.63,27.11,-0.0028239,
1437.379583,0.01011,-0.021546,-0.064638,-9.822582,-9.822818,0.00639,-0.00639,0.001065,98553.65,27.11,-0.0052749,
1437.389683,0.0101,0.002394,-0.074214,-9.817794,-9.818075,0.003195,-0.00639,0.001065,98553.65,27.11,-0.0005319,
1437.399806,0.010124,-0.004788,-0.064638,-9.810612,-9.810826,0.00213,-0.00426,0.003195,98553.65,27.11,0.0067171,
1437.409892,0.010086,-0.01197,-0.062244,-9.810612,-9.810817,0.003195,-0.01065,0.001065,98553.65,27.11,0.0067261,
1437.419985,0.010093,0.007182,-0.074214,-9.817794,-9.818077,0.00426,-0.005325,0.00213,98553.65,27.11,-0.0005339,
1437.430073,0.010087,-0.004788,-0.057456,-9.829764,-9.829933,0.00426,-0.00639,0.00213,98553.65,27.11,-0.0123899,
1437.440178,0.010105,-0.002394,-0.067032,-9.8154,-9.815629,0.003195,-0.007455,0,98553.68,27.11,0.0019141,
1437.45028,0.010102,-0.014364,-0.067032,-9.824976,-9.825215,-0.001065,-0.005325,0.003195,98553.68,27.11,-0.0076719,
1437.460397,0.010117,-0.009576,-0.067032,-9.8154,-9.815634,0.001065,-0.00426,0,98553.68,27.11,0.0019091,
1437.470486,0.010089,-0.002394,-0.064638,-9.813006,-9.813219,0.003195,-0.01065,0.00213,98553.68,27.11,0.0043241,
1437.480571,0.010085,-0.01197,-0.069426,-9.813006,-9.813259,0.003195,-0.00426,0.00426,98553.68,27.11,0.0042841,
1437.490664,0.010093,-0.01197,-0.067032,-9.810612,-9.810848,0.005325,-0.00639,0.003195,98553.68,27.11,0.0066951,
1437.500752,0.010088,-0.009576,-0.07182,-9.822582,-9.822849,0.00426,-0.007455,0.001065,98553.68,27.11,-0.0053059,
1437.510838,0.010087,-0.028728,-0.090972,-9.82737,-9.827833,0,-0.003195,0.00213,98553.82,27.11,-0.0102899,
1437.520958,0.01012,-0.016758,-0.08379,-9.822582,-9.822954,0.00426,-0.00852,0.001065,98553.82,27.11,-0.0054109,
1437.531048,0.010089,-0.021546,-0.062244,-9.820188,-9.820409,0.005325,-0.007455,0.001065,98553.82,27.11,-0.0028659,
1437.541152,0.010104,-0.009576,-0.093366,-9.824976,-9.825424,0,-0.003195,0.001065,98553.82,27.11,-0.0078809,
1437.551556,0.010404,0.004788,-0.100548,-9.8154,-9.815916,0.005325,-0.007455,0.001065,98553.82,27.11,0.0016271,
1437.562168,0.010612,-0.026334,-0.090972,-9.808218,-9.808675,0.001065,-0.00426,0.001065,98553.82,27.11,0.0088681,
1437.572256,0.010088,-0.019152,-0.088578,-9.834552,-9.83497,0.003195,-0.00426,0.001065,98553.82,27.11,-0.0174269,
1437.582344,0.010088,-0.004788,-0.079002,-9.817794,-9.818113,0.003195,-0.009585,-0.001065,98553.82,27.11,-0.0005699,
1437.592436,0.010092,-0.007182,-0.081396,-9.820188,-9.820528,0.00213,-0.00213,0.005325,98553.82,27.11,-0.0029849,
1437.602536,0.0101,-0.01197,-0.08379,-9.832158,-9.832522,0.00639,-0.005325,0.001065,98553.82,27.11,-0.0149789,
1437.612621,0.010085,-0.019152,-0.088578,-9.822582,-9.823,0.00213,-0.005325,0.00213,98553.82,27.11,-0.0054569,
1437.622706,0.010085,-0.019152,-0.076608,-9.820188,-9.820505,0.001065,-0.00426,-0.001065,98553.82,27.11,-0.0029619,
1437.632824,0.010118,-0.016758,-0.090972,-9.817794,-9.81823,0.00639,-0.00852,0.00213,98553.9,27.11,-0.0006869,
1437.642928,0.010104,-0.004788,-0.067032,-9.817794,-9.818024,0.001065,-0.00426,0,98553.9,27.11,-0.0004809,
1437.653082,0.010154,0.021546,-0.079002,-9.82737,-9.827711,0.00426,-0.005325,0.001065,98553.9,27.11,-0.0101679,
1437.663673,0.010591,0.009576,-0.081396,-9.820188,-9.82053,0.00426,-0.00426,0.00213,98553.9,27.11,-0.0029869,
1437.673817,0.010144,0.004788,-0.081396,-9.817794,-9.818133,0.003195,-0.00852,0.00426,98553.9,27.11,-0.0005899,
1437.683909,0.010092,-0.009576,-0.074214,-9.824976,-9.825261,0.00213,-0.00426,0.003195,98553.9,27.11,-0.0077179,
1437.693993,0.010084,0.002394,-0.074214,-9.836946,-9.837226,0.007455,-0.00639,0.003195,98553.94,27.11,-0.0196829,
1437.704094,0.010102,0.007182,-0.079002,-9.834552,-9.834872,0.001065,-0.00426,0.00213,98553.94,27.11,-0.0173289,
1437.714192,0.010098,0.007182,-0.086184,-9.834552,-9.834932,0.003195,-0.005325,0.001065,98553.94,27.11,-0.0173889,
1437.724282,0.01009,0.009576,-0.074214,-9.820188,-9.820473,0.003195,-0.009585,0.00213,98553.94,27.11,-0.0029299,
1437.734373,0.010091,-0.002394,-0.057456,-9.810612,-9.810781,0.00213,-0.003195,0,98553.94,27.11,0.0067621,
1437.744458,0.010085,0.002394,-0.074214,-9.784278,-9.78456,0.00639,-0.00852,0.001065,98553.94,27.11,0.0329831,
1437.754602,0.010144,0.009576,-0.074214,-9.79146,-9.791746,0.003195,-0.005325,0.001065,98553.84,27.11,0.0257971,
1437.765105,0.010503,0.007182,-0.062244,-9.805824,-9.806024,0.001065,-0.00639,0.003195,98553.84,27.11,0.0115191,
1437.775351,0.010247,-0.002394,-0.055062,-9.8154,-9.815555,0.003195,-0.005325,0.00213,98553.84,27.11,0.0019881,
1437.785888,0.010537,-0.004788,-0.067032,-9.844128,-9.844357,0.00426,-0.007455,0,98553.84,27.11,-0.0268139,
1437.797517,0.011629,-0.016758,-0.076608,-9.83934,-9.839652,0.00426,-0.00426,0.001065,98553.84,27.11,-0.0221089,
1437.808328,0.010811,-0.016758,-0.074214,-9.844128,-9.844422,0.00213,-0.003195,0.00213,98553.84,27.11,-0.0268789,
1437.819529,0.0112,-0.026334,-0.079002,-9.813006,-9.813359,0.003195,-0.007455,-0.001065,98553.86,27.11,0.0041841,
1437.830644,0.011116,-0.016758,-0.081396,-9.801036,-9.801388,0.001065,-0.003195,0,98553.86,27.11,0.0161551,
1437.841835,0.01119,-0.031122,-0.076608,-9.810612,-9.81096,0,-0.00426,0.001065,98553.86,27.11,0.0065831,
1437.853013,0.011179,-0.009576,-0.074214,-9.781884,-9.78217,0.00639,-0.00852,-0.001065,98553.86,27.11,0.0353731,
1437.864173,0.01116,-0.019152,-0.086184,-9.79146,-9.791858,0.00426,-0.005325,-0.001065,98553.86,27.11,0.0256851,
1437.875531,0.011358,-0.016758,-0.081396,-9.80343,-9.803782,0.00639,-0.00639,0.003195,98553.86,27.11,0.0137611,
1437.886534,0.011003,0,-0.081396,-9.824976,-9.825313,0.003195,-0.00639,0.001065,98553.86,27.11,-0.0077699,
1437.897695,0.011162,-0.028728,-0.064638,-9.841734,-9.841988,0.00213,-0.00426,-0.00213,98553.86,27.11,-0.0244449,
1437.908998,0.011303,0,-0.05985,-9.841734,-9.841916,0.001065,-0.007455,0,98553.86,27.11,-0.0243729,
1437.920048,0.01105,-0.019152,-0.062244,-9.83934,-9.839556,0.00426,-0.005325,0.00213,98553.86,27.11,-0.0220129,
1437.931259,0.011211,0.014364,-0.081396,-9.817794,-9.818142,0.00639,-0.00852,-0.001065,98553.86,27.11,-0.0005989,
1437.942507,0.011248,0.019152,-0.08379,-9.805824,-9.806201,0.00213,-0.003195,0,98553.94,27.11,0.0113421,
1437.953709,0.011202,-0.026334,-0.074214,-9.798642,-9.798958,0.001065,-0.00426,0.00213,98553.94,27.11,0.0185851,
1437.964778,0.011069,-0.009576,-0.069426,-9.786672,-9.786923,0.00426,-0.005325,0.00213,98553.94,27.11,0.0306201,
1437.976473,0.011695,-0.002394,-0.086184,-9.813006,-9.813385,0.003195,-0.00852,0.00426,98553.94,27.11,0.0041581,
1437.987167,0.010694,-0.026334,-0.076608,-9.798642,-9.798977,0,-0.001065,0.001065,98553.94,27.11,0.0185661,
1437.998393,0.011226,0,-0.055062,-9.844128,-9.844282,0.00426,-0.005325,0,98553.94,27.11,-0.0267389,
1438.009539,0.011146,-0.021546,-0.07182,-9.83934,-9.839626,0.003195,-0.00639,0.001065,98553.98,27.11,-0.0220829,
1438.020707,0.011168,-0.021546,-0.076608,-9.844128,-9.84445,0.00213,-0.005325,0.00213,98553.98,27.11,-0.0269069,
1438.031968,0.011262,0.004788,-0.074214,-9.846522,-9.846803,0.005325,-0.00426,0.001065,98553.98,27.11,-0.0292599,
1438.043165,0.011197,-0.004788,-0.074214,-9.82737,-9.827651,0.005325,-0.00639,0.001065,98553.98,27.11,-0.0101079,
1438.054402,0.011238,-0.009576,-0.074214,-9.820188,-9.820473,0.00426,-0.007455,0.001065,98553.98,27.11,-0.0029299,
1438.065473,0.011071,-0.019152,-0.07182,-9.789066,-9.789348,0.003195,-0.00426,0.00213,98553.98,27.11,0.0281951,
1438.076663,0.011189,-0.019152,-0.064638,-9.813006,-9.813238,0.00213,-0.00426,0.00213,98554.02,27.11,0.0043051,
1438.088399,0.011737,-0.019152,-0.064638,-9.801036,-9.801268,0.00213,-0.00852,0,98554.02,27.11,0.0162751,
1438.099012,0.010612,-0.045486,-0.067032,-9.810612,-9.810946,0.00213,-0.005325,0.00213,98554.02,27.11,0.0065971,
1438.110614,0.011603,-0.031122,-0.05985,-9.848916,-9.849147,0.00426,-0.005325,0.001065,98554.02,27.11,-0.0316039,
1438.12143,0.010816,0.007182,-0.05985,-9.836946,-9.837131,0.00639,-0.01065,0.003195,98554.02,27.11,-0.0195879,
1438.132587,0.011157,-0.016758,-0.064638,-9.841734,-9.841961,0,-0.003195,0.001065,98553.95,27.11,-0.0244179,
1438.143785,0.011198,-0.019152,-0.062244,-9.834552,-9.834768,0,-0.005325,0,98553.95,27.11,-0.0172249,
1438.155013,0.011228,0.019152,-0.05985,-9.798642,-9.798843,0.005325,-0.007455,0.00213,98553.95,27.11,0.0187001,
1438.166149,0.011136,-0.007182,-0.067032,-9.781884,-9.782116,0.00213,-0.005325,0,98553.95,27.11,0.0354271,
1438.177348,0.011199,0.004788,-0.069426,-9.79146,-9.791707,0.00213,-0.00639,0.001065,98553.95,27.11,0.0258361,
1438.188587,0.011238,0.007182,-0.086184,-9.808218,-9.808599,0.00213,-0.005325,0.001065,98553.95,27.11,0.0089441,
1438.199748,0.011161,0.007182,-0.064638,-9.805824,-9.80604,0.003195,-0.007455,0.00213,98553.95,27.11,0.0115031,
1438.210953,0.011205,0.007182,-0.05985,-9.83934,-9.839525,0,-0.005325,-0.001065,98553.95,27.11,-0.0219819,
1438.222092,0.011139,0.016758,-0.069426,-9.836946,-9.837205,0,-0.005325,0,98553.95,27.11,-0.0196619,
1438.233253,0.011162,0.033516,-0.081396,-9.853704,-9.854097,0.001065,-0.007455,0.00426,98553.95,27.11,-0.0365539,
1438.24457,0.011317,0.033516,-0.05985,-9.846522,-9.846761,0.00213,-0.00426,0.00213,98553.95,27.11,-0.0292179,
1438.256102,0.011532,0.007182,-0.067032,-9.82737,-9.827601,0.00426,-0.00852,0,98553.95,27.11,-0.0100579,
1438.26681,0.010708,0.009576,-0.081396,-9.77949,-9.779833,0.003195,-0.00852,0.003195,98553.9,27.11,0.0377101,
1438.278102,0.011292,0.031122,-0.09576,-9.76752,-9.768039,0.00426,-0.00852,0.003195,98553.9,27.11,0.0495041,
1438.289818,0.011716,0.007182,-0.102942,-9.805824,-9.806367,0.003195,-0.003195,0.003195,98553.9,27.11,0.0111761,
1438.300434,0.010616,0.004788,-0.074214,-9.813006,-9.813288,0.00426,-0.00639,0,98553.9,27.11,0.0042551,
1438.311561,0.011127,0.021546,-0.062244,-9.817794,-9.818015,0.003195,-0.005325,0.003195,98553.9,27.11,-0.0004719,
1438.322758,0.011197,0.016758,-0.074214,-9.860886,-9.86118,0.00426,-0.00639,0.00213,98554,27.11,-0.0436369,
1438.333945,0.011187,-0.004788,-0.04788,-9.858492,-9.858609,0.005325,-0.00852,0.001065,98554,27.11,-0.0410659,
1438.345126,0.011181,-0.026334,-0.062244,-9.860886,-9.861118,0.007455,-0.009585,0.001065,98554,27.11,-0.0435749,
1438.356313,0.011187,0,-0.076608,-9.808218,-9.808517,0.003195,-0.003195,0.001065,98554,27.11,0.0090261,
1438.367563,0.01125,-0.002394,-0.064638,-9.77949,-9.779704,0.00426,-0.005325,0.003195,98554,27.11,0.0378391,
1438.378676,0.011113,-0.028728,-0.064638,-9.753156,-9.753412,0.005325,-0.007455,0.001065,98554,27.11,0.0641311,
1438.389951,0.011275,-0.01197,-0.064638,-9.741186,-9.741408,0.003195,-0.007455,0.001065,98554.1,27.11,0.0761351,
1438.401034,0.011083,-0.055062,-0.064638,-9.753156,-9.753526,0.00639,-0.00639,0.00426,98554.1,27.11,0.0640171,
1438.412193,0.011159,-0.064638,-0.093366,-9.822582,-9.823238,0.00213,-0.00426,0.001065,98554.1,27.11,-0.0056949,
1438.423378,0.011185,-0.016758,-0.055062,-9.858492,-9.85866,0.00426,-0.00852,0.00426,98554.1,27.11,-0.0411169,
1438.434738,0.01136,-0.04788,-0.057456,-9.894402,-9.894685,0.003195,-0.005325,0.001065,98554.1,27.11,-0.0771419,
1438.445894,0.011156,-0.033516,-0.086184,-9.872856,-9.873289,0.003195,-0.00426,0.00213,98554.1,27.11,-0.0557459,
1438.456918,0.011025,-0.057456,-0.07182,-9.846522,-9.846952,0.00639,-0.00426,0.00213,98554.19,27.11,-0.0294089,
1438.468191,0.011272,-0.040698,-0.052668,-9.822582,-9.822808,0.00213,-0.00639,0.001065,98554.19,27.11,-0.0052649,
1438.479352,0.011161,-0.062244,-0.062244,-9.781884,-9.78228,0.003195,-0.005325,0,98554.19,27.11,0.0352631,
1438.489834,0.010482,-0.057456,-0.090972,-9.760338,-9.760931,0.00213,-0.003195,0.00213,98554.19,27.11,0.0566121,
1438.49993,0.010096,-0.031122,-0.07182,-9.762732,-9.763046,0.00213,-0.005325,0.001065,98554.19,27.11,0.0544971,
1438.510006,0.010077,-0.043092,-0.086184,-9.798642,-9.799116,0.00213,-0.005325,0.003195,98554.19,27.11,0.0184271,
1438.520086,0.01008,-0.045486,-0.100548,-9.82737,-9.82799,0.00426,-0.007455,0.003195,98554.19,27.11,-0.0104469,
1438.530189,0.010103,-0.02394,-0.081396,-9.832158,-9.832524,0.001065,-0.00426,0.00213,98554.19,27.11,-0.0149809,
1438.540286,0.010097,-0.021546,-0.081396,-9.868068,-9.868427,0.00426,-0.00639,0.001065,98554.19,27.11,-0.0508839,
1438.550381,0.010096,-0.002394,-0.086184,-9.868068,-9.868445,0.003195,-0.005325,0.00213,98554.19,27.11,-0.0509019,
1438.560574,0.010193,-0.009576,-0.112518,-9.85131,-9.851957,0.001065,-0.007455,0.003195,98554.19,27.11,-0.0344139,
1438.570687,0.010112,0.004788,-0.09576,-9.82737,-9.827838,0.00213,-0.00426,0.00213,98554.19,27.11,-0.0102949,
1438.580955,0.010269,0,-0.086184,-9.76752,-9.7679,0.00426,-0.005325,0.00213,98554.34,27.11,0.0496431,
1438.59105,0.010094,0.004788,-0.086184,-9.76752,-9.767901,0.003195,-0.005325,0.00213,98554.34,27.11,0.0496421,
1438.601136,0.010087,0.01197,-0.088578,-9.798642,-9.79905,0.003195,-0.005325,0.001065,98554.34,27.11,0.0184931,
1438.611233,0.010096,0.01197,-0.088578,-9.8154,-9.815807,0.00213,-0.00426,0.003195,98554.34,27.11,0.0017361,
1438.621328,0.010096,0.016758,-0.07182,-9.83934,-9.839616,0.00426,-0.005325,0,98554.34,27.11,-0.0220729,
1438.63141,0.010082,0.02394,-0.079002,-9.853704,-9.85405,0.005325,-0.005325,0.001065,98554.34,27.11,-0.0365069,
1438.641541,0.010131,0.016758,-0.079002,-9.86328,-9.863611,0.003195,-0.00426,-0.001065,98554.35,27.11,-0.0460679,
1438.651633,0.010092,0.028728,-0.100548,-9.87525,-9.875804,0.00426,-0.00852,0.00426,98554.35,27.11,-0.0582609,
1438.661791,0.010159,-0.004788,-0.067032,-9.820188,-9.820418,0.003195,-0.00639,0,98554.35,27.11,-0.0028749,
1438.671896,0.010104,0.040698,-0.09576,-9.829764,-9.830315,-0.001065,-0.00426,0.00213,98554.35,27.11,-0.0127719,
1438.682002,0.010106,-0.014364,-0.052668,-9.822582,-9.822734,0.005325,-0.001065,0.001065,98554.35,27.11,-0.0051909,
1438.692367,0.010365,0.05985,-0.05985,-9.784278,-9.784644,-0.001065,-0.00213,0.00426,98554.35,27.11,0.0328991,
1438.702485,0.010118,0.016758,-0.038304,-9.781884,-9.781973,0.001065,-0.005325,0.003195,98554.32,27.11,0.0355701,
1438.71258,0.010095,-0.004788,-0.04788,-9.77949,-9.779608,0.003195,-0.003195,0.00213,98554.32,27.11,0.0379351,
1438.722663,0.010083,0.043092,-0.086184,-9.810612,-9.811085,0.001065,-0.007455,0.00213,98554.32,27.11,0.0064581,
1438.732755,0.010092,-0.014364,-0.079002,-9.860886,-9.861213,0.00213,-0.00426,0.00213,98554.32,27.11,-0.0436699,
1438.742906,0.010151,-0.057456,-0.05985,-9.884826,-9.885174,0,-0.003195,0.003195,98554.32,27.11,-0.0676309,
1438.753061,0.010156,-0.031122,-0.062244,-9.844128,-9.844374,-0.00426,-0.00213,0.001065,98554.32,27.11,-0.0268309,
1438.763461,0.0104,-0.045486,-0.021546,-9.724428,-9.724558,0.007455,-0.005325,0.00213,98554.32,27.11,0.0929851,
1438.773554,0.010093,0.057456,-0.122094,-9.784278,-9.785208,-0.001065,-0.01065,0.001065,98554.34,27.11,0.0323351,
1438.783665,0.010111,-0.13167,0.004788,-9.801036,-9.801922,0.01065,-0.007455,0.001065,98554.34,27.11,0.0156211,
1438.793764,0.010098,-0.093366,-0.148428,-9.824976,-9.826541,-0.001065,-0.00213,0.00213,98554.34,27.11,-0.0089979,
1438.804228,0.010464,-0.05985,-0.067032,-9.82737,-9.827781,0.009585,-0.009585,0,98554.34,27.11,-0.0102379,
1438.814341,0.010113,-0.102942,-0.093366,-9.865674,-9.866653,-0.00213,-0.001065,0.001065,98554.34,27.11,-0.0491099,
1438.824426,0.010085,-0.090972,-0.07182,-9.83934,-9.840023,0.003195,-0.005325,0,98554.34,27.11,-0.0224799,
1438.834518,0.010093,-0.050274,-0.050274,-9.824976,-9.825233,0.005325,-0.00852,0.00213,98554.34,27.11,-0.0076899,
1438.844606,0.010087,-0.08379,-0.05985,-9.841734,-9.842273,0,-0.00213,0.001065,98554.34,27.11,-0.0247299,
1438.854706,0.0101,-0.088578,-0.055062,-9.832158,-9.832711,0.005325,-0.00852,-0.00213,98554.34,27.11,-0.0151679,
1438.864807,0.0101,-0.055062,-0.05985,-9.793854,-9.794192,0.003195,-0.005325,0,98554.34,27.11,0.0233511,
1438.874887,0.010081,-0.052668,-0.062244,-9.777096,-9.777436,0.003195,-0.005325,0.001065,98554.34,27.11,0.0401071,
1438.884992,0.010105,-0.031122,-0.062244,-9.757944,-9.758192,0.005325,-0.007455,0.001065,98554.34,27.11,0.0593511,
1438.895098,0.010106,-0.02394,-0.062244,-9.762732,-9.76296,0.00213,-0.005325,0.003195,98554.32,27.11,0.0545831,
1438.905194,0.010096,-0.016758,-0.04788,-9.798642,-9.798773,0.005325,-0.00639,0.003195,98554.32,27.11,0.0187701,
1438.915287,0.010093,0.016758,-0.067032,-9.789066,-9.78931,0.00213,-0.00852,0.003195,98554.32,27.11,0.0282331,
1438.925366,0.010079,0.016758,-0.050274,-9.832158,-9.832301,0.00426,-0.00639,0.00426,98554.32,27.11,-0.0147579,
1438.935496,0.010129,0.02394,-0.057456,-9.841734,-9.841931,0.00426,-0.005325,-0.003195,98554.32,27.11,-0.0243879,
1438.94566,0.010164,0.074214,-0.074214,-9.856098,-9.856657,0.003195,-0.00852,0,98554.32,27.11,-0.0391139,
1438.955764,0.010103,0.031122,-0.100548,-9.870462,-9.871023,0.005325,-0.00426,0.00213,98554.32,27.11,-0.0534799,
1438.966023,0.010259,0.040698,-0.124488,-9.86328,-9.86415,0.003195,-0.00639,0.00426,98554.38,27.11,-0.0466069,
1438.976123,0.0101,0.074214,-0.110124,-9.810612,-9.811511,0.003195,-0.00639,0.005325,98554.38,27.11,0.0060321,
1438.986214,0.010092,0.062244,-0.10773,-9.793854,-9.794644,0.00426,-0.003195,0.00213,98554.38,27.11,0.0228991,
1438.996325,0.010111,0.055062,-0.1197,-9.789066,-9.789953,0.00426,-0.005325,0.00426,98554.38,27.11,0.0275901,
1439.006427,0.010101,0.05985,-0.114912,-9.786672,-9.78753,0.003195,-0.00639,0.005325,98554.38,27.11,0.0300131,
1439.018002,0.011576,0.069426,-0.117306,-9.820188,-9.821134,0.00426,-0.00639,0.005325,98554.38,27.11,-0.0035909,
1439.028099,0.010096,0.069426,-0.088578,-9.824976,-9.825621,0.003195,-0.007455,0.003195,98554.45,27.11,-0.0080779,
1439.038699,0.010601,0.057456,-0.086184,-9.834552,-9.835097,0.007455,-0.00852,0.00426,98554.45,27.11,-0.0175539,
1439.049762,0.011063,0.052668,-0.102942,-9.856098,-9.856776,0.001065,-0.00426,0.00426,98554.45,27.11,-0.0392329,
1439.060937,0.011175,0.052668,-0.069426,-9.844128,-9.844514,0.005325,-0.00639,0.00213,98554.45,27.11,-0.0269709,
1439.072082,0.011146,0.052668,-0.081396,-9.822582,-9.82306,0.001065,-0.005325,0.00426,98554.45,27.11,-0.0055169,
1439.083613,0.011531,0.028728,-0.067032,-9.822582,-9.822853,0.00213,-0.003195,0.003195,98554.45,27.11,-0.0053099,
1439.094606,0.010993,0.031122,-0.064638,-9.79146,-9.791723,0.003195,-0.009585,0.00213,98554.45,27.11,0.0258201,
1439.105681,0.011075,0.002394,-0.052668,-9.762732,-9.762874,0.00213,-0.00639,0,98554.45,27.11,0.0546691,
1439.116839,0.011158,0.002394,-0.050274,-9.786672,-9.786801,0.00426,-0.00639,0.00213,98554.45,27.11,0.0307421,
1439.12806,0.01122,-0.007182,-0.057456,-9.834552,-9.834722,0.00213,-0.00426,-0.001065,98554.45,27.11,-0.0171789,
1439.139399,0.01134,-0.016758,-0.055062,-9.82737,-9.827539,0.00426,-0.00639,0,98554.45,27.11,-0.0099959,
1439.150643,0.011244,-0.033516,-0.088578,-9.836946,-9.837402,0.003195,-0.005325,-0.00213,98554.48,27.11,-0.0198589,
1439.161672,0.011029,-0.062244,-0.076608,-9.856098,-9.856592,0,-0.003195,0,98554.48,27.11,-0.0390489,
1439.172838,0.011166,-0.07182,-0.064638,-9.836946,-9.837421,0.00426,-0.00426,-0.001065,98554.48,27.11,-0.0198779,
1439.183933,0.011096,-0.064638,-0.079002,-9.836946,-9.837476,0.00213,-0.007455,0,98554.48,27.11,-0.0199329,
1439.195177,0.011244,-0.055062,-0.069426,-9.817794,-9.818194,0.003195,-0.00426,-0.00213,98554.48,27.11,-0.0006509,
1439.206389,0.011211,-0.045486,-0.079002,-9.824976,-9.825399,0.00426,-0.00426,0,98554.48,27.11,-0.0078559,
1439.216554,0.010166,-0.064638,-0.07182,-9.829764,-9.830239,0.00639,-0.00852,0,98554.48,27.11,-0.0126959,
1439.228739,0.012185,-0.050274,-0.088578,-9.822582,-9.82311,0.003195,-0.00426,0.00213,98554.48,27.11,-0.0055669,
1439.239848,0.011109,-0.052668,-0.08379,-9.817794,-9.818293,0.003195,-0.00639,0.001065,98554.48,27.11,-0.0007499,
1439.251158,0.01131,0.002394,-0.086184,-9.817794,-9.818173,0.005325,-0.005325,0.00213,98554.48,27.11,-0.0006299,
1439.262213,0.011055,0.014364,-0.074214,-9.832158,-9.832449,0.00213,-0.005325,0.003195,98554.48,27.11,-0.0149059,
1439.273716,0.011503,0.016758,-0.08379,-9.817794,-9.818166,0,-0.00639,0.00213,98554.48,27.11,-0.0006229,
1439.28458,0.010864,0.040698,-0.081396,-9.8154,-9.815822,0.00426,-0.00426,0.00213,98554.66,27.11,0.0017211,
1439.295774,0.011194,0.031122,-0.052668,-9.820188,-9.820379,0.003195,-0.00639,0.005325,98554.66,27.11,-0.0028359,
1439.30704,0.011266,0.04788,-0.069426,-9.8154,-9.815762,0.00213,-0.005325,0.00426,98554.66,27.11,0.0017811,
1439.320466,0.013426,0.028728,-0.057456,-9.798642,-9.798853,0.00639,-0.00426,0.00213,98554.66,27.11,0.0186901,
1439.330665,0.010199,-0.043092,-0.076608,-9.813006,-9.8134,0.00426,-0.003195,0.005325,98554.66,27.11,0.0041431,
1439.341233,0.010568,0.004788,-0.052668,-9.786672,-9.786815,0.00426,-0.007455,0.001065,98554.45,27.11,0.0307281,
1439.351761,0.010528,-0.057456,-0.074214,-9.772308,-9.772759,0,-0.003195,0.00426,98554.45,27.11,0.0447841,
1439.362904,0.011143,-0.03591,-0.064638,-9.820188,-9.820466,0.003195,-0.00426,0.001065,98554.45,27.11,-0.0029229,
1439.374199,0.011295,0.04788,-0.081396,-9.824976,-9.82543,0.005325,-0.005325,0,98554.45,27.11,-0.0078869,
1439.385244,0.011046,-0.016758,-0.090972,-9.824976,-9.825411,0,-0.003195,0.00213,98554.45,27.11,-0.0078679,
1439.396434,0.01119,0.004788,-0.100548,-9.80343,-9.803947,0.00426,-0.005325,0.003195,98554.45,27.11,0.0135961,
1439.407767,0.011333,-0.007182,-0.081396,-9.834552,-9.834891,0.005325,-0.00426,-0.001065,98554.45,27.11,-0.0173479,
1439.41885,0.011083,0.009576,-0.100548,-9.836946,-9.837465,0,-0.00639,0.001065,98554.45,27.11,-0.0199219,
1439.43013,0.01128,0.021546,-0.08379,-9.832158,-9.832539,0.001065,-0.003195,0.00213,98554.45,27.11,-0.0149959,
1439.441193,0.011064,0.02394,-0.055062,-9.813006,-9.81319,0.00213,-0.005325,0.00213,98554.45,27.11,0.0043531,
1439.452387,0.011194,-0.02394,-0.076608,-9.846522,-9.846849,0.00213,-0.00213,0.001065,98554.45,27.11,-0.0293059,
1439.463613,0.011226,-0.01197,-0.081396,-9.801036,-9.801381,0.00213,-0.00852,0.00213,98554.45,27.11,0.0161621,
1439.47478,0.011167,-0.04788,-0.114912,-9.820188,-9.820977,0.005325,-0.00639,0.001065,98554.53,27.11,-0.0034339,
1439.486203,0.011423,0.01197,-0.064638,-9.846522,-9.846741,0.00426,-0.007455,0.001065,98554.53,27.11,-0.0291979,
1439.497102,0.0109,0.03591,-0.055062,-9.817794,-9.818014,0.003195,-0.009585,0.00213,98554.53,27.11,-0.0004709,
1439.508298,0.011196,-0.043092,-0.074214,-9.844128,-9.844502,0.00639,-0.003195,0.00213,98554.53,27.11,-0.0269589,
1439.519481,0.011182,-0.028728,-0.074214,-9.824976,-9.825298,0.00213,-0.01065,0,98554.53,27.11,-0.0077549,
1439.530814,0.011333,-0.026334,-0.081396,-9.801036,-9.801409,0.003195,-0.00213,-0.003195,98554.53,27.11,0.0161341,
1439.541947,0.011133,-0.004788,-0.052668,-9.786672,-9.786815,0.003195,-0.00639,0.00213,98554.53,27.11,0.0307281,
1439.553044,0.011097,0.007182,-0.07182,-9.820188,-9.820453,0.00426,-0.00852,0.00426,98554.53,27.11,-0.0029099,
1439.564426,0.011382,0.014364,-0.045486,-9.832158,-9.832274,0.003195,-0.003195,0.00213,98554.53,27.11,-0.0147309,
1439.575451,0.011025,0.009576,-0.064638,-9.793854,-9.794072,0.003195,-0.00639,0.00213,98554.53,27.11,0.0234711,
1439.586672,0.01122,-0.016758,-0.076608,-9.817794,-9.818107,0.003195,-0.00426,0,98554.53,27.11,-0.0005639,
1439.597845,0.011173,-0.014364,-0.057456,-9.798642,-9.798821,0.007455,-0.007455,-0.001065,98554.56,27.1,0.0187221,
1439.609029,0.011184,-0.016758,-0.076608,-9.801036,-9.80135,-0.001065,-0.00213,0.003195,98554.56,27.1,0.0161931,
1439.620119,0.01109,0.028728,-0.076608,-9.808218,-9.808559,0.003195,-0.00639,0.00213,98554.56,27.1,0.0089841,
1439.631484,0.011365,0.004788,-0.07182,-9.8154,-9.815664,0.00426,-0.005325,0.003195,98554.56,27.1,0.0018791,
1439.642661,0.011177,0.019152,-0.098154,-9.798642,-9.799152,0.003195,-0.005325,0.003195,98554.56,27.1,0.0183911,
1439.653696,0.011035,0.016758,-0.088578,-9.810612,-9.811026,0.003195,-0.005325,0.001065,98554.56,27.1,0.0065171,
1439.664947,0.011251,0.002394,-0.076608,-9.860886,-9.861184,0.00426,-0.00426,0.001065,98554.61,27.11,-0.0436409,
1439.676111,0.011163,0.002394,-0.081396,-9.858492,-9.858828,0.00426,-0.009585,0.003195,98554.61,27.11,-0.0412849,
1439.687243,0.011132,-0.016758,-0.098154,-9.853704,-9.854207,0,-0.00213,0,98554.61,27.11,-0.0366639,
1439.698581,0.011338,0.007182,-0.105336,-9.841734,-9.8423,0.003195,-0.007455,0.00213,98554.61,27.11,-0.0247569,
1439.709737,0.011156,-0.009576,-0.079002,-9.841734,-9.842056,0.00852,-0.007455,0.00426,98554.61,27.11,-0.0245129,
1439.720829,0.011092,-0.002394,-0.050274,-9.844128,-9.844257,0.00213,-0.00852,0.00213,98554.62,27.11,-0.0267139,
1439.731978,0.011149,-0.019152,-0.05985,-9.80343,-9.803631,0.00213,-0.003195,0.001065,98554.62,27.11,0.0139121,
1439.743202,0.011225,0.01197,-0.028728,-9.774702,-9.774752,0.005325,-0.00639,0.001065,98554.62,27.11,0.0427911,
1439.754546,0.011344,0.01197,-0.045486,-9.82737,-9.827483,0.005325,-0.007455,0.003195,98554.62,27.11,-0.0099399,
1439.765543,0.010997,-0.031122,-0.057456,-9.82737,-9.827587,0.005325,-0.00639,0.00426,98554.62,27.11,-0.0100439,
1439.776853,0.01131,-0.004788,-0.045486,-9.820188,-9.820295,0.00639,-0.00852,0.003195,98554.62,27.11,-0.0027519,
1439.788056,0.011203,-0.016758,-0.031122,-9.810612,-9.810676,0.00426,-0.005325,-0.001065,98554.74,27.11,0.0068671,
1439.79913,0.011073,-0.031122,-0.057456,-9.846522,-9.846739,0.003195,-0.007455,0.00213,98554.74,27.11,-0.0291959,
1439.810399,0.011269,0.014364,-0.043092,-9.808218,-9.808323,0.00426,-0.00852,0.001065,98554.74,27.11,0.0092201,
1439.82147,0.011071,-0.019152,-0.064638,-9.80343,-9.803662,0.00213,-0.005325,0.00213,98554.74,27.11,0.0138811,
1439.832624,0.011155,-0.028728,-0.076608,-9.808218,-9.808559,0.003195,-0.00639,0.003195,98554.74,27.11,0.0089841,
1439.843845,0.011221,-0.019152,-0.069426,-9.8154,-9.815664,0.00213,-0.00213,-0.001065,98554.74,27.11,0.0018791,
1439.8551,0.011254,0.004788,-0.069426,-9.8154,-9.815647,0.003195,-0.00852,0.001065,98554.74,27.11,0.0018961,
1439.866255,0.011155,-0.016758,-0.081396,-9.805824,-9.806176,0.00426,-0.007455,0,98554.74,27.11,0.0113671,
1439.877358,0.011104,-0.019152,-0.081396,-9.834552,-9.834907,0.00639,-0.00426,-0.00213,98554.74,27.11,-0.0173639,
1439.888621,0.011263,0.02394,-0.088578,-9.834552,-9.83498,0.00426,-0.007455,-0.001065,98554.74,27.11,-0.0174369,
1439.899801,0.01118,0.002394,-0.090972,-9.820188,-9.82061,0.00213,-0.00426,0.00213,98554.74,27.11,-0.0030669,
1439.911424,0.011623,0.026334,-0.08379,-9.810612,-9.811005,0,-0.005325,-0.001065,98554.74,27.11,0.0065381,
1439.9222,0.010776,0.01197,-0.086184,-9.820188,-9.820573,0.00213,-0.003195,0.001065,98554.7,27.1,-0.0030299,
1439.933313,0.011113,-0.026334,-0.086184,-9.810612,-9.811026,0.00639,-0.00852,0,98554.7,27.1,0.0065171,
1439.944508,0.011195,-0.014364,-0.098154,-9.786672,-9.787175,0.00213,-0.00213,0,98554.7,27.1,0.0303681,
1439.955769,0.01126,0.014364,-0.090972,-9.820188,-9.82062,0.003195,-0.00639,0.00213,98554.7,27.1,-0.0030769,
1439.967091,0.011322,-0.02394,-0.09576,-9.82737,-9.827866,0.001065,-0.003195,0,98554.7,27.1,-0.0103229,
1439.978129,0.011038,-0.007182,-0.074214,-9.832158,-9.832441,0.003195,-0.00852,0.00426,98554.77,27.1,-0.0148979,
1439.989327,0.011198,-0.057456,-0.100548,-9.856098,-9.856778,0.005325,-0.01065,0.00213,98554.77,27.1,-0.0392349,
1440.000439,0.011112,0.033516,-0.09576,-9.860886,-9.861408,0,0.00426,0,98554.77,27.1,-0.0438649,
1440.011633,0.011194,0.02394,-0.05985,-9.750762,-9.750975,0.01491,-0.015975,0.00213,98554.77,27.1,0.0665681,
1440.022849,0.011216,-0.146034,-0.162792,-9.858492,-9.860917,-0.00852,0.00639,-0.001065,98554.77,27.1,-0.0433739,
1440.033994,0.011145,0.105336,-0.002394,-9.880038,-9.8806,0.00852,-0.01065,0.001065,98554.77,27.1,-0.0630569,
1440.045243,0.011249,0.016758,-0.07182,-9.736398,-9.736677,0.00852,-0.013845,0.00426,98554.72,27.1,0.0808661,
1440.056332,0.011089,-0.222642,-0.146034,-9.858492,-9.862087,0.00213,0.001065,0.00213,98554.72,27.1,-0.0445439,
1440.067592,0.01126,0.100548,-0.052668,-9.786672,-9.78733,0.009585,-0.01917,0.00426,98554.72,27.1,0.0302131,
1440.078741,0.011149,-0.174762,-0.136458,-9.872856,-9.875345,0.003195,0,0.001065,98554.72,27.1,-0.0578019,
1440.090018,0.011277,0.028728,-0.043092,-9.817794,-9.817931,-0.001065,-0.001065,0.00213,98554.72,27.1,-0.0003879,
1440.101073,0.011055,0.038304,-0.038304,-9.80343,-9.80358,0.00852,-0.011715,0,98554.72,27.1,0.0139631,
1440.112282,0.011209,-0.09576,-0.100548,-9.846522,-9.847501,0,-0.00213,0.001065,98554.75,27.1,-0.0299579,
1440.123466,0.011184,0.007182,-0.064638,-9.79146,-9.791676,0.003195,-0.007455,0.00213,98554.75,27.1,0.0258671,
1440.134646,0.01118,0.033516,-0.04788,-9.793854,-9.794028,0.00213,-0.00639,0.003195,98554.75,27.1,0.0235151,
1440.145841,0.011195,-0.02394,-0.08379,-9.82737,-9.827756,0.00213,-0.005325,0,98554.75,27.1,-0.0102129,
1440.158106,0.012266,-0.016758,-0.074214,-9.8154,-9.815695,0.00426,-0.007455,0,98554.75,27.1,0.0018481,
1440.16872,0.010614,-0.014364,-0.079002,-9.844128,-9.844455,0.00213,-0.00639,0.00213,98554.75,27.1,-0.0269119,
1440.179382,0.010662,0.067032,-0.064638,-9.829764,-9.830205,0.003195,-0.00852,0.00426,98554.75,27.1,-0.0126619,
1440.190594,0.011212,-0.040698,-0.069426,-9.834552,-9.834881,0.005325,-0.003195,0.00213,98554.75,27.1,-0.0173379,
1440.201786,0.011192,-0.040698,-0.079002,-9.846522,-9.846923,0.003195,-0.003195,0.003195,98554.75,27.1,-0.0293799,
1440.212917,0.011131,0.040698,-0.067032,-9.798642,-9.798956,0.005325,-0.007455,-0.001065,98554.75,27.1,0.0185871,
1440.224311,0.011394,-0.040698,-0.067032,-9.822582,-9.822895,0.00213,-0.00213,0.00426,98554.75,27.1,-0.0053519,
1440.235334,0.011023,0.028728,-0.069426,-9.79146,-9.791748,0.00639,-0.005325,0.00213,98554.7,27.1,0.0257951,
1440.246503,0.011169,0.045486,-0.062244,-9.796248,-9.796551,0.00426,-0.00639,0.003195,98554.7,27.1,0.0209921,
1440.257696,0.011193,0.043092,-0.100548,-9.808218,-9.808828,0.00213,-0.003195,0.00213,98554.7,27.1,0.0087151,
1440.268905,0.011209,0.016758,-0.090972,-9.810612,-9.811048,0.00426,-0.009585,0.00213,98554.7,27.1,0.0064951,
1440.280066,0.011162,-0.064638,-0.088578,-9.817794,-9.818406,0,-0.00426,0.00213,98554.7,27.1,-0.0008629,
1440.291247,0.011181,0.062244,-0.074214,-9.8154,-9.815878,0.00426,-0.011715,0.003195,98554.7,27.1,0.0016651,
1440.302489,0.011241,-0.019152,-0.088578,-9.868068,-9.868484,0.003195,-0.003195,0.003195,98554.91,27.1,-0.0509409,
1440.313675,0.011186,-0.07182,-0.033516,-9.793854,-9.794175,0.003195,-0.005325,0.001065,98554.91,27.1,0.0233681,
1440.324744,0.01107,0.074214,-0.081396,-9.853704,-9.85432,0.007455,-0.011715,0.003195,98554.91,27.1,-0.0367769,
1440.336023,0.011279,-0.04788,-0.038304,-9.801036,-9.801228,-0.001065,0.005325,0,98554.91,27.1,0.0163151,
1440.347267,0.011243,0.069426,-0.064638,-9.705276,-9.70574,0.00852,-0.009585,0.001065,98554.91,27.1,0.1118031,
1440.358456,0.01119,-0.050274,-0.090972,-9.88722,-9.887766,0.00639,-0.005325,0.003195,98554.91,27.1,-0.0702229,
1440.369516,0.01106,-0.105336,-0.052668,-9.853704,-9.854408,0,-0.001065,0.00213,98554.94,27.1,-0.0368649,
1440.380753,0.011237,0.033516,-0.062244,-9.762732,-9.762988,0.00213,-0.005325,0.001065,98554.94,27.1,0.0545551,
1440.391902,0.011149,-0.045486,-0.052668,-9.80343,-9.803677,0.00639,-0.003195,0.001065,98554.94,27.1,0.0138661,
1440.401997,0.010096,0.002394,-0.07182,-9.789066,-9.78933,0.00852,-0.00639,0.001065,98554.94,27.1,0.0282131,
1440.412215,0.010217,0.05985,-0.074214,-9.786672,-9.787136,0.00639,-0.003195,0.003195,98554.94,27.1,0.0304071,
1440.422291,0.010077,-0.002394,-0.124488,-9.86328,-9.864066,0.003195,-0.00213,0.00213,98554.94,27.1,-0.0465229,
1440.432393,0.010101,0.026334,-0.117306,-9.889614,-9.890345,0.005325,-0.00426,0.003195,98554.86,27.1,-0.0728019,
1440.442493,0.0101,-0.031122,-0.081396,-9.872856,-9.873241,0.00426,-0.003195,0.001065,98554.86,27.1,-0.0556979,
1440.452588,0.010095,0.002394,-0.138852,-9.856098,-9.857076,-0.001065,-0.009585,0.001065,98554.86,27.1,-0.0395329,
1440.462741,0.010153,0.002394,-0.105336,-9.824976,-9.825541,0.00213,-0.001065,0.00213,98554.86,27.1,-0.0079979,
1440.472911,0.01017,-0.004788,-0.102942,-9.8154,-9.815941,0.00213,-0.007455,0.00213,98554.86,27.1,0.0016021,
1440.48304,0.010129,0.021546,-0.093366,-9.801036,-9.801504,0.00639,-0.00852,0.001065,98554.86,27.1,0.0160391,
1440.493238,0.010198,-0.03591,-0.081396,-9.801036,-9.80144,0.003195,-0.001065,0.003195,98554.86,27.1,0.0161031,
1440.503869,0.010631,-0.021546,-0.088578,-9.796248,-9.796672,0.005325,-0.00852,0.001065,98554.86,27.1,0.0208711,
1440.514967,0.011098,-0.05985,-0.100548,-9.841734,-9.84243,0.003195,-0.00639,0.00213,98554.86,27.1,-0.0248869,
1440.526197,0.01123,-0.055062,-0.105336,-9.834552,-9.83527,0.00426,-0.00639,0.00213,98554.86,27.1,-0.0177269,
1440.537522,0.011325,-0.033516,-0.079002,-9.836946,-9.83732,0.00639,-0.007455,0.00426,98554.86,27.1,-0.0197769,
1440.549376,0.011854,-0.045486,-0.08379,-9.813006,-9.813469,0.003195,-0.005325,0.003195,98554.86,27.1,0.0040741,
1440.55971,0.010334,-0.009576,-0.088578,-9.817794,-9.818198,0.003195,-0.007455,0.001065,98554.96,27.1,-0.0006549,
1440.570928,0.011217,-0.01197,-0.08379,-9.8154,-9.815765,0.00426,-0.007455,0.00213,98554.96,27.1,0.0017781,
1440.582011,0.011083,-0.028728,-0.074214,-9.80343,-9.803753,0.00639,-0.007455,0.003195,98554.96,27.1,0.0137901,
1440.593315,0.011305,-0.007182,-0.067032,-9.77949,-9.779722,0.00213,-0.00639,0.00213,98554.96,27.1,0.0378211,
1440.604536,0.011221,0,-0.067032,-9.8154,-9.815629,0.00213,-0.00639,0.001065,98554.96,27.1,0.0019141,
1440.615954,0.011418,0.028728,-0.04788,-9.822582,-9.822741,0.003195,-0.009585,0.001065,98554.96,27.1,-0.0051979,
1440.626859,0.010905,0.019152,-0.038304,-9.824976,-9.825069,0.00426,-0.005325,0.001065,98554.99,27.1,-0.0075259,
1440.638014,0.011155,-0.028728,-0.040698,-9.829764,-9.82989,0,-0.005325,0.001065,98554.99,27.1,-0.0123469,
1440.649223,0.011209,0,-0.04788,-9.798642,-9.798759,0.003195,-0.00426,0.001065,98554.99,27.1,0.0187841,
1440.660301,0.011079,0.031122,-0.033516,-9.798642,-9.798749,0.001065,-0.007455,0.00426,98554.99,27.1,0.0187941,
1440.671541,0.01124,0.019152,-0.040698,-9.820188,-9.820291,0.001065,-0.003195,0.003195,98554.99,27.1,-0.0027479,
1440.682825,0.011284,0.033516,-0.040698,-9.801036,-9.801178,0.003195,-0.00426,0.001065,98554.94,27.1,0.0163651,
1440.693961,0.011136,0.026334,-0.03591,-9.79146,-9.791561,0.003195,-0.005325,0.003195,98554.94,27.1,0.0259821,
1440.705033,0.011072,0.021546,-0.07182,-9.79146,-9.791747,0,-0.005325,0.001065,98554.94,27.1,0.0257961,
1440.716245,0.011211,0.002394,-0.069426,-9.8154,-9.815646,0.00213,-0.005325,0.003195,98554.94,27.1,0.0018971,
1440.727419,0.011175,-0.004788,-0.067032,-9.829764,-9.829994,0.007455,-0.00639,0,98554.94,27.1,-0.0124509,
1440.738673,0.011253,0.014364,-0.081396,-9.834552,-9.834899,0.00426,-0.007455,0.001065,98554.94,27.1,-0.0173559,
1440.750059,0.011386,0.004788,-0.069426,-9.83934,-9.839586,0.003195,-0.00426,0,98555.01,27.1,-0.0220429,
1440.76096,0.010901,0,-0.086184,-9.834552,-9.83493,0.00426,-0.005325,0.001065,98555.01,27.1,-0.0173869,
1440.772301,0.011341,0,-0.098154,-9.832158,-9.832648,0.005325,-0.00852,0,98555.01,27.1,-0.0151049,
1440.784086,0.011785,-0.01197,-0.081396,-9.83934,-9.839684,0.00213,-0.007455,0.001065,98555.01,27.1,-0.0221409,
1440.794624,0.010538,-0.019152,-0.093366,-9.822582,-9.823044,0,-0.00639,0,98555.01,27.1,-0.0055009,
1440.805717,0.011094,0.002394,-0.09576,-9.80343,-9.803898,0.003195,-0.00639,0.001065,98555.01,27.1,0.0136451,
1440.816957,0.011239,0.019152,-0.079002,-9.8154,-9.815737,0.001065,-0.00639,0.00213,98555.01,27.1,0.0018061,
1440.828068,0.011112,-0.019152,-0.09576,-9.813006,-9.813492,0.00213,-0.00426,0,98555.01,27.1,0.0040511,
1440.839325,0.011257,-0.004788,-0.08379,-9.808218,-9.808577,0.003195,-0.007455,0.00426,98555.01,27.1,0.0089661,
1440.850462,0.011137,-0.002394,-0.08379,-9.820188,-9.820546,0.00213,-0.007455,0.003195,98555.01,27.1,-0.0030029,
1440.861681,0.011219,-0.007182,-0.088578,-9.822582,-9.822984,0.001065,-0.00639,0.00213,98555.01,27.1,-0.0054409,
1440.873825,0.012144,-0.016758,-0.105336,-9.822582,-9.823161,0.00426,-0.00639,0.00213,98555.01,27.1,-0.0056179,
1440.884028,0.010203,0,-0.074214,-9.817794,-9.818074,0.005325,-0.005325,0.001065,98555.01,27.1,-0.0005309,
1440.895175,0.011147,-0.014364,-0.076608,-9.798642,-9.798952,0.00213,-0.00213,0,98555.01,27.1,0.0185911,
1440.906403,0.011229,-0.014364,-0.079002,-9.8154,-9.815728,0.00213,-0.005325,0.00213,98555.01,27.1,0.0018151,
1440.917554,0.011151,-0.004788,-0.088578,-9.817794,-9.818195,0.00426,-0.00852,0.00213,98555.01,27.1,-0.0006519,
1440.928986,0.011432,-0.002394,-0.09576,-9.810612,-9.81108,0.003195,-0.00639,0.001065,98555.01,27.1,0.0064631,
1440.940747,0.011762,-0.019152,-0.067032,-9.817794,-9.818042,0,-0.00426,0.00213,98555.18,27.1,-0.0004989,
1440.95113,0.010382,-0.01197,-0.07182,-9.824976,-9.825246,0.005325,-0.00639,0.001065,98555.18,27.1,-0.0077029,
1440.962342,0.011213,-0.007182,-0.07182,-9.813006,-9.813271,0.00213,-0.007455,0.003195,98555.18,27.1,0.0042721,
1440.973551,0.011209,-0.014364,-0.086184,-9.813006,-9.813395,0.00426,-0.003195,0.005325,98555.18,27.1,0.0041481,
1440.98473,0.011179,-0.014364,-0.074214,-9.824976,-9.825267,0.00426,-0.007455,0.00213,98555.18,27.1,-0.0077239,
1440.995896,0.011165,-0.007182,-0.067032,-9.82737,-9.827601,0.005325,-0.007455,0.001065,98555.18,27.1,-0.0100579,
1441.007165,0.011269,-0.01197,-0.069426,-9.832158,-9.83241,0.00426,-0.00639,0.001065,98555.25,27.1,-0.0148669,
1441.018249,0.011085,0.002394,-0.057456,-9.834552,-9.83472,0.001065,-0.00639,0,98555.25,27.1,-0.0171769,
1441.02944,0.011191,-0.002394,-0.064638,-9.82737,-9.827583,0.005325,-0.005325,0.00426,98555.25,27.1,-0.0100399,
1441.040586,0.011146,-0.01197,-0.05985,-9.817794,-9.817984,0.003195,-0.007455,0.00213,98555.25,27.1,-0.0004409,
1441.051751,0.011165,-0.004788,-0.064638,-9.8154,-9.815614,0.00426,-0.00852,0,98555.25,27.1,0.0019291,
1441.063026,0.011275,0.009576,-0.062244,-9.82737,-9.827572,0.001065,-0.00426,0.001065,98555.25,27.1,-0.0100289,
1441.074203,0.011177,0.009576,-0.062244,-9.820188,-9.82039,0.00639,-0.007455,0.001065,98555.22,27.1,-0.0028469,
1441.085303,0.0111,0.002394,-0.079002,-9.8154,-9.815718,0,-0.00426,0.00213,98555.22,27.1,0.0018251,
1441.096496,0.011193,0.004788,-0.069426,-9.829764,-9.83001,0.001065,-0.009585,0.001065,98555.22,27.1,-0.0124669,
1441.107765,0.011269,0.004788,-0.081396,-9.824976,-9.825314,0.00426,-0.005325,0.001065,98555.22,27.1,-0.0077709,
1441.118948,0.011184,-0.007182,-0.081396,-9.822582,-9.822922,0.001065,-0.007455,0.003195,98555.22,27.1,-0.0053789,
1441.130808,0.011859,0.02394,-0.074214,-9.793854,-9.794164,0.001065,-0.00426,0.001065,98555.23,27.1,0.0233791,
1441.141259,0.010452,0.009576,-0.069426,-9.8154,-9.81565,0.003195,-0.00426,0.001065,98555.23,27.1,0.0018931,
1441.152448,0.011188,0.009576,-0.079002,-9.829764,-9.830086,0.005325,-0.00852,0.003195,98555.23,27.1,-0.0125429,
1441.163632,0.011185,-0.007182,-0.076608,-9.834552,-9.834853,0.001065,-0.00426,-0.001065,98555.23,27.1,-0.0173099,
1441.174849,0.011217,-0.009576,-0.076608,-9.822582,-9.822885,0.00426,-0.005325,0.001065,98555.23,27.1,-0.0053419,
1441.186299,0.01145,0.01197,-0.088578,-9.810612,-9.811019,0.00639,-0.005325,0.003195,98555.23,27.1,0.0065241,
1441.197191,0.010893,-0.009576,-0.098154,-9.82737,-9.827865,0.001065,-0.005325,0.00213,98555.23,27.1,-0.0103219,
1441.208433,0.011241,0.002394,-0.100548,-9.822582,-9.823097,0.00213,-0.00639,-0.001065,98555.23,27.1,-0.0055539,
1441.21955,0.011117,-0.031122,-0.105336,-9.856098,-9.85671,0.003195,-0.005325,0.001065,98555.23,27.1,-0.0391669,
1441.230775,0.011225,0.007182,-0.093366,-9.88722,-9.887663,0.00426,-0.005325,0.003195,98555.23,27.1,-0.0701199,
1441.242033,0.011258,-0.019152,-0.098154,-9.89919,-9.899695,0.001065,-0.00426,0.001065,98555.23,27.1,-0.0821519,
1441.253129,0.011095,-0.021546,-0.086184,-9.913554,-9.913952,0.005325,-0.00426,0.001065,98555.23,27.1,-0.0964089,
1441.264296,0.011167,-0.019152,-0.100548,-9.834552,-9.835085,0.005325,-0.00639,0,98555.38,27.1,-0.0175419,
1441.275505,0.01121,-0.033516,-0.100548,-9.712458,-9.713036,0,-0.00213,0.003195,98555.38,27.1,0.1045071,
1441.286676,0.01117,0.028728,-0.088578,-9.726822,-9.727268,0.00426,-0.011715,0.00426,98555.38,27.1,0.0902751,
1441.297859,0.011183,-0.062244,-0.090972,-9.76752,-9.768142,0.00213,-0.00639,0.00213,98555.38,27.1,0.0494011,
1441.309092,0.011233,0.021546,-0.064638,-9.76752,-9.767758,0.001065,-0.007455,0.001065,98555.38,27.1,0.0497851,
1441.320277,0.011184,0.019152,-0.090972,-9.796248,-9.796689,0.003195,-0.003195,0.003195,98555.38,27.1,0.0208541,
1441.331675,0.011398,-0.062244,-0.07182,-9.865674,-9.866132,0.001065,-0.00213,0.001065,98555.41,27.1,-0.0485889,
1441.342639,0.010964,0.038304,-0.07182,-9.88722,-9.887555,0.00639,-0.00852,0.00213,98555.41,27.1,-0.0700119,
1441.3538,0.011161,-0.004788,-0.102942,-9.860886,-9.861424,0.00213,-0.003195,0.00213,98555.41,27.1,-0.0438809,
1441.365001,0.011201,-0.038304,-0.050274,-9.824976,-9.825179,0.005325,-0.005325,0.003195,98555.41,27.1,-0.0076359,
1441.376127,0.011126,0.052668,-0.067032,-9.832158,-9.832528,0.00639,-0.007455,0.00213,98555.41,27.1,-0.0149849,
1441.387579,0.011452,-0.033516,-0.050274,-9.80343,-9.803616,0.001065,-0.00213,0.00213,98555.31,27.1,0.0139271,
1441.398526,0.010947,0.014364,-0.043092,-9.75555,-9.755656,0.001065,-0.00213,0.00213,98555.31,27.1,0.0618871,
1441.409797,0.01127,-0.02394,-0.062244,-9.748368,-9.748596,0.00426,-0.005325,0.00213,98555.31,27.1,0.0689471,
1441.420951,0.011154,0,-0.067032,-9.772308,-9.772538,0.003195,-0.003195,0.001065,98555.31,27.1,0.0450051,
1441.432179,0.011228,0.028728,-0.05985,-9.798642,-9.798867,0.00426,-0.005325,0.001065,98555.31,27.1,0.0186761,
1441.443275,0.011096,0.007182,-0.055062,-9.817794,-9.817951,0.003195,-0.003195,-0.001065,98555.31,27.1,-0.0004079,
1441.454464,0.011189,0.01197,-0.05985,-9.76752,-9.767711,0.00426,-0.007455,0.001065,98555.28,27.1,0.0498321,
1441.465695,0.011231,0.002394,-0.067032,-9.724428,-9.724659,-0.00213,-0.005325,-0.001065,98555.28,27.1,0.0928841,
1441.476774,0.011079,0.028728,-0.08379,-9.705276,-9.70568,0.005325,-0.00852,0.00213,98555.28,27.1,0.1118631,
1441.488008,0.011234,-0.021546,-0.076608,-9.745974,-9.746299,0.00639,-0.00426,0.001065,98555.28,27.1,0.0712441,
1441.499222,0.011214,-0.021546,-0.064638,-9.774702,-9.774939,0.00639,-0.00639,0,98555.28,27.1,0.0426041,
1441.510364,0.011142,-0.019152,-0.098154,-9.745974,-9.746487,0.001065,-0.00426,0,98555.28,27.1,0.0710561,
1441.521569,0.011205,-0.040698,-0.069426,-9.750762,-9.751094,0.00426,-0.00426,0.001065,98555.28,27.1,0.0664491,
1441.532727,0.011159,0.019152,-0.086184,-9.77949,-9.779889,0.007455,-0.011715,0.003195,98555.28,27.1,0.0376541,
1441.543992,0.011264,-0.02394,-0.076608,-9.738792,-9.739123,0.00213,-0.003195,0.00213,98555.28,27.1,0.0784201,
1441.555206,0.011215,0.03591,-0.069426,-9.726822,-9.727136,0.005325,-0.005325,0.003195,98555.28,27.1,0.0904071,
1441.566335,0.011129,0.002394,-0.117306,-9.760338,-9.761043,0.005325,-0.01065,0.00213,98555.28,27.1,0.0565001,
1441.577469,0.011133,-0.03591,-0.086184,-9.734004,-9.734452,0.005325,-0.00426,0.003195,98555.18,27.1,0.0830911,
1441.588713,0.011244,0.016758,-0.105336,-9.666972,-9.66756,0.00213,-0.007455,0.00213,98555.18,27.1,0.1499831,
1441.599796,0.011083,0,-0.086184,-9.674154,-9.674538,0.005325,-0.00852,0.003195,98555.18,27.1,0.1430051,
1441.611029,0.011233,0.002394,-0.07182,-9.688518,-9.688784,0.00426,-0.00852,0.00213,98555.18,27.1,0.1287591,
1441.622315,0.011286,0.02394,-0.093366,-9.63585,-9.636332,0.001065,-0.005325,0.001065,98555.18,27.1,0.1812111,
1441.634048,0.011733,-0.007182,-0.07182,-9.669366,-9.669635,0.00426,-0.00639,0.00213,98555.18,27.1,0.1479081,
1441.644612,0.010564,0.004788,-0.081396,-9.686124,-9.686467,0.003195,-0.00852,0,98555.17,27.1,0.1310761,
1441.655799,0.011187,-0.016758,-0.10773,-9.664578,-9.665193,0.00426,-0.005325,0.001065,98555.17,27.1,0.1523501,
1441.667063,0.011264,-0.002394,-0.086184,-9.633456,-9.633842,0.00213,-0.00426,0.00426,98555.17,27.1,0.1837011,
1441.6782,0.011137,0.009576,-0.069426,-9.633456,-9.633711,0.007455,-0.00852,0.001065,98555.17,27.1,0.1838321,
1441.689358,0.011158,0,-0.086184,-9.643032,-9.643417,0.00213,-0.005325,0.00213,98555.17,27.1,0.1741261,
1441.700488,0.01113,-0.007182,-0.081396,-9.64782,-9.648166,0.00426,-0.00426,0.001065,98555.17,27.1,0.1693771,
1441.711939,0.011451,-0.002394,-0.08379,-9.631062,-9.631427,0.00426,-0.00639,0.00213,98555.26,27.1,0.1861161,
1441.722886,0.010948,-0.016758,-0.05985,-9.657396,-9.657596,0.003195,-0.00639,0.00213,98555.26,27.1,0.1599471,
1441.733002,0.010115,0.007182,-0.064638,-9.631062,-9.631282,0.005325,-0.005325,0.00213,98555.26,27.1,0.1862611,
1441.743084,0.010082,-0.007182,-0.09576,-9.619092,-9.619571,0.00213,-0.005325,0.003195,98555.26,27.1,0.1979721,
1441.753171,0.010087,0.002394,-0.055062,-9.619092,-9.61925,0.001065,-0.00639,0.00213,98555.26,27.1,0.1982931,
1441.763324,0.010153,0.009576,-0.062244,-9.609516,-9.609722,0.00426,-0.003195,0.001065,98555.26,27.1,0.2078211,
1441.773422,0.010098,-0.009576,-0.062244,-9.63585,-9.636056,0.00426,-0.00639,0.001065,98555.38,27.1,0.1814871,
1441.783596,0.010173,0.004788,-0.057456,-9.621486,-9.621659,0.00426,-0.00426,0.001065,98555.38,27.1,0.1958841,
1441.793758,0.010162,-0.01197,-0.074214,-9.604728,-9.605022,0.00426,-0.00639,0.003195,98555.38,27.1,0.2125211,
1441.803858,0.0101,0.007182,-0.064638,-9.576,-9.576221,0.00426,-0.00426,0.001065,98555.38,27.1,0.2413221,
1441.813984,0.010126,0.007182,-0.055062,-9.58797,-9.588131,0.00213,-0.00426,0.001065,98555.38,27.1,0.2294121,
1441.824088,0.010103,-0.019152,-0.069426,-9.580788,-9.581059,0.005325,-0.00639,0.00213,98555.38,27.1,0.2364841,
1441.834191,0.010104,0.007182,-0.069426,-9.573606,-9.57386,0.003195,-0.007455,0.00213,98555.38,27.1,0.2436831,
1441.844301,0.010109,0.019152,-0.07182,-9.56403,-9.564319,0.005325,-0.00639,0.00213,98555.38,27.1,0.2532241,
1441.854416,0.010116,-0.026334,-0.069426,-9.561636,-9.561924,0.00426,-0.00426,0.003195,98555.38,27.1,0.2556191,
1441.864531,0.010115,0.01197,-0.067032,-9.547272,-9.547515,0.003195,-0.005325,0.00213,98555.38,27.1,0.2700281,
1441.874664,0.010133,0.021546,-0.057456,-9.547272,-9.547469,0.003195,-0.005325,0.00213,98555.38,27.1,0.2700741,
1441.884745,0.010081,0.009576,-0.064638,-9.544878,-9.545102,0.007455,-0.00426,0.00213,98555.38,27.1,0.2724411,
1441.894923,0.010178,0.002394,-0.088578,-9.547272,-9.547683,0.003195,-0.00639,0.00213,98555.38,27.1,0.2698601,
1441.905033,0.010111,0.009576,-0.08379,-9.556848,-9.55722,0.00426,-0.00852,0.003195,98555.54,27.1,0.2603231,
1441.915132,0.010099,0.007182,-0.08379,-9.532908,-9.533279,0.00639,-0.005325,0.00213,98555.54,27.1,0.2842641,
1441.925237,0.010105,0.01197,-0.076608,-9.535302,-9.535617,0.00426,-0.005325,0.00213,98555.54,27.1,0.2819261,
1441.935468,0.010231,0.002394,-0.064638,-9.554454,-9.554673,0.003195,-0.00639,0.003195,98555.54,27.1,0.2628701,
1441.946611,0.011143,0.009576,-0.074214,-9.544878,-9.545171,0.001065,-0.00639,0,98555.54,27.1,0.2723721,
1441.957842,0.011231,0.007182,-0.07182,-9.532908,-9.533181,0.001065,-0.007455,0.003195,98555.54,27.1,0.2843621,
1441.969025,0.011183,-0.002394,-0.086184,-9.520938,-9.521328,-0.00213,-0.005325,0.001065,98555.5,27.1,0.2962151,
1441.980076,0.011051,-0.007182,-0.081396,-9.508968,-9.509319,0.003195,-0.005325,0,98555.5,27.1,0.3082241,
1441.99132,0.011244,0.007182,-0.07182,-9.508968,-9.509242,0.001065,-0.005325,0.00213,98555.5,27.1,0.3083011,
1442.002565,0.011245,-0.016758,-0.079002,-9.485028,-9.485372,0.005325,-0.005325,0.001065,98555.5,27.1,0.3321711,
1442.013691,0.011126,-0.016758,-0.074214,-9.46827,-9.468576,0.00426,-0.00852,0.001065,98555.5,27.1,0.3489671,
1442.024871,0.01118,-0.002394,-0.088578,-9.49221,-9.492624,0.00426,-0.003195,0.00426,98555.5,27.1,0.3249191,
1442.036019,0.011148,0.002394,-0.064638,-9.511362,-9.511582,0.005325,-0.007455,0.001065,98555.54,27.1,0.3059611,
1442.047236,0.011216,-0.03591,-0.07182,-9.508968,-9.509307,0.00639,-0.003195,0.001065,98555.54,27.1,0.3082361,
1442.058433,0.011198,-0.007182,-0.076608,-9.446724,-9.447037,0.00426,-0.00852,0,98555.54,27.1,0.3705061,
1442.06975,0.011317,0.021546,-0.079002,-9.446724,-9.447079,0.00426,-0.00639,0.00426,98555.54,27.1,0.3704641,
1442.080767,0.011017,0.007182,-0.064638,-9.453906,-9.45413,0.00213,-0.00426,0.00213,98555.54,27.1,0.3634131,
1442.092566,0.011799,0.014364,-0.069426,-9.4563,-9.456566,0.00426,-0.007455,0.00213,98555.46,27.1,0.3609771,
1442.103184,0.010617,-0.045486,-0.076608,-9.46827,-9.468689,0.003195,-0.00639,0.001065,98555.46,27.1,0.3488541,
1442.114447,0.011264,-0.002394,-0.064638,-9.434754,-9.434976,0.001065,-0.003195,0,98555.46,27.1,0.3825671,
1442.125494,0.011047,0.021546,-0.055062,-9.410814,-9.411,0.00639,-0.007455,0,98555.46,27.1,0.4065431,
1442.136694,0.0112,0.004788,-0.07182,-9.394056,-9.394332,0.00426,-0.00639,0,98555.46,27.1,0.4232111,
1442.148181,0.011487,0.007182,-0.064638,-9.417996,-9.418221,0.00213,-0.009585,0.001065,98555.46,27.1,0.3993221,
1442.159271,0.01109,0.002394,-0.076608,-9.415602,-9.415914,0.003195,-0.005325,0.003195,98555.47,27.1,0.4016291,
1442.170272,0.011001,-0.016758,-0.079002,-9.429966,-9.430312,0.005325,-0.007455,0.001065,98555.47,27.1,0.3872311,
1442.181458,0.011186,-0.004788,-0.076608,-9.38448,-9.384794,0.00426,-0.00852,0.003195,98555.47,27.1,0.4327491,
1442.19265,0.011192,-0.009576,-0.098154,-9.386874,-9.387392,0.003195,-0.005325,0.003195,98555.47,27.1,0.4301511,
1442.203778,0.011128,0.016758,-0.081396,-9.391662,-9.39203,0.003195,-0.007455,0.001065,98555.47,27.1,0.4255131,
1442.215063,0.011285,-0.004788,-0.07182,-9.377298,-9.377574,0.005325,-0.009585,0.00213,98555.47,27.1,0.4399691,
1442.226283,0.01122,-0.016758,-0.100548,-9.389268,-9.389821,0.00426,-0.00639,0.00213,98555.47,27.1,0.4277221,
1442.237368,0.011085,0.004788,-0.062244,-9.350964,-9.351172,0.003195,-0.005325,0.00213,98555.47,27.1,0.4663711,
1442.248605,0.011237,-0.002394,-0.05985,-9.350964,-9.351156,0.00213,-0.00639,0.001065,98555.47,27.1,0.4663871,
1442.25969,0.011085,-0.02394,-0.07182,-9.37251,-9.372816,0.001065,-0.005325,0.00426,98555.47,27.1,0.4447271,
1442.270946,0.011256,-0.004788,-0.088578,-9.370116,-9.370536,0.00213,-0.005325,0.00213,98555.47,27.1,0.4470071,
1442.282115,0.011169,-0.007182,-0.074214,-9.355752,-9.356049,0.00639,-0.007455,0.00213,98555.47,27.1,0.4614941,
1442.293276,0.01116,-0.014364,-0.081396,-9.358146,-9.358511,-0.001065,-0.003195,0.00213,98555.33,27.1,0.4590321,
1442.304443,0.011167,0.007182,-0.069426,-9.398844,-9.399103,0.00426,-0.00852,0.001065,98555.33,27.1,0.4184401,
1442.315838,0.011395,-0.019152,-0.057456,-9.307872,-9.308069,0.001065,-0.005325,0,98555.33,27.1,0.5094741,
1442.326865,0.011027,-0.026334,-0.057456,-9.28872,-9.288935,0.00426,-0.00639,0.003195,98555.33,27.1,0.5286081,
1442.338074,0.01121,-0.002394,-0.045486,-9.31266,-9.312771,0.00213,-0.007455,0.00213,98555.33,27.1,0.5047721,
1442.349259,0.011185,-0.021546,-0.081396,-9.327024,-9.327404,0.001065,-0.005325,0.001065,98555.36,27.1,0.4901391,
1442.360375,0.011116,0.004788,-0.057456,-9.30069,-9.300869,0.00639,-0.007455,0.001065,98555.36,27.1,0.5166741,
1442.371586,0.011211,0.014364,-0.043092,-9.28872,-9.288831,0,-0.005325,0.003195,98555.36,27.1,0.5287121,
1442.38289,0.011304,-0.028728,-0.062244,-9.307872,-9.308124,0.003195,-0.003195,0.001065,98555.36,27.1,0.5094191,
1442.39404,0.01115,0.026334,-0.055062,-9.279144,-9.279345,0.003195,-0.00426,0.00213,98555.36,27.1,0.5381981,
1442.405329,0.011289,0.031122,-0.062244,-9.317448,-9.317708,0.00213,-0.00639,0.003195,98555.36,27.1,0.4998351,
1442.416307,0.010978,0.002394,-0.079002,-9.3366,-9.336935,0.00213,-0.00426,0.00213,98555.42,27.1,0.4806081,
1442.427669,0.011362,-0.016758,-0.069426,-9.315054,-9.315328,0.00426,-0.00639,0.00213,98555.42,27.1,0.5022151,
1442.438812,0.011143,0.031122,-0.069426,-9.307872,-9.308183,0.00426,-0.007455,0.00213,98555.42,27.1,0.5093601,
1442.449947,0.011135,0.028728,-0.069426,-9.322236,-9.322539,0.001065,-0.00213,0.003195,98555.42,27.1,0.4950041,
1442.461033,0.011086,0.007182,-0.07182,-9.331812,-9.332091,0.003195,-0.003195,0,98555.42,27.1,0.4854521,
1442.472213,0.01118,0.02394,-0.086184,-9.334206,-9.334635,0.00426,-0.007455,0,98555.42,27.1,0.4829081,
1442.483612,0.011399,-0.009576,-0.114912,-9.338994,-9.339706,0.005325,-0.00426,0.003195,98555.49,27.1,0.4778371,
1442.494665,0.011053,-0.009576,-0.074214,-9.327024,-9.327324,0.00426,-0.00639,0.00213,98555.49,27.1,0.4902191,
1442.505803,0.011138,-0.043092,-0.100548,-9.319842,-9.320484,0.00639,-0.00852,0.00213,98555.49,27.1,0.4970591,
1442.51695,0.011148,-0.055062,-0.05985,-9.310266,-9.310621,0.00426,-0.003195,0.001065,98555.49,27.1,0.5069221,
1442.52814,0.011189,0.038304,-0.074214,-9.298296,-9.298671,0.00639,-0.011715,0.00213,98555.49,27.1,0.5188721,
1442.539421,0.011282,-0.040698,-0.100548,-9.331812,-9.332442,0,-0.00426,0.001065,98555.49,27.1,0.4851011,
1442.550561,0.01114,-0.02394,-0.04788,-9.350964,-9.351117,0.003195,-0.00426,0.00213,98555.49,27.1,0.4664261,
1442.561757,0.011195,0.057456,-0.079002,-9.28872,-9.289234,0.003195,-0.01278,0.001065,98555.49,27.1,0.5283091,
1442.572988,0.011232,-0.045486,-0.088578,-9.303084,-9.303617,0,0,0.00213,98555.49,27.1,0.5139261,
1442.584094,0.011106,-0.016758,-0.09576,-9.281538,-9.282047,0.00639,-0.01065,0.001065,98555.49,27.1,0.5354961,
1442.59525,0.011156,-0.074214,-0.079002,-9.28872,-9.289352,0.00213,-0.00426,0.00213,98555.49,27.1,0.5281911,
1442.606662,0.011412,0.043092,-0.03591,-9.28872,-9.288889,0.003195,-0.009585,0.001065,98555.33,27.1,0.5286541,
1442.617648,0.010985,0.028728,-0.07182,-9.30069,-9.301012,0.00426,-0.007455,-0.001065,98555.33,27.1,0.5165311,
1442.628861,0.011214,-0.026334,-0.079002,-9.334206,-9.334577,0.00426,-0.005325,0.001065,98555.33,27.1,0.4829661,
1442.639982,0.011121,0.03591,-0.043092,-9.310266,-9.310435,0.00426,-0.00639,0,98555.33,27.1,0.5071081,
1442.651217,0.011235,-0.016758,-0.07182,-9.298296,-9.298588,0.003195,-0.005325,0.00213,98555.33,27.1,0.5189551,
1442.662693,0.011476,-0.074214,-0.038304,-9.350964,-9.351337,0.00426,-0.00639,0.003195,98555.33,27.1,0.4662061,
1442.673681,0.010988,0.021546,-0.08379,-9.322236,-9.322637,0.00213,-0.007455,0.001065,98555.34,27.1,0.4949061,
1442.684741,0.01106,-0.026334,-0.050274,-9.293508,-9.293681,0,-0.00213,0.00213,98555.34,27.1,0.5238621,
1442.695916,0.011175,0.002394,-0.055062,-9.315054,-9.315217,0.003195,-0.005325,0.00213,98555.34,27.1,0.5023261,
1442.707126,0.01121,0.045486,-0.090972,-9.319842,-9.320397,0.005325,-0.00639,0,98555.34,27.1,0.4971461,
1442.718398,0.011273,0,-0.076608,-9.319842,-9.320157,-0.001065,-0.001065,0.001065,98555.34,27.1,0.4973861,
1442.72949,0.011091,0.038304,-0.064638,-9.338994,-9.339296,0.00426,-0.005325,0.003195,98555.34,27.1,0.4782471,
1442.740709,0.01122,0.040698,-0.088578,-9.334206,-9.334715,0.00426,-0.009585,0.003195,98555.38,27.1,0.4828281,
1442.751844,0.011135,-0.007182,-0.09576,-9.329418,-9.329912,0.00213,-0.00426,0,98555.38,27.1,0.4876311,
1442.763049,0.011205,0.040698,-0.086184,-9.303084,-9.303572,0.00426,-0.007455,0.00213,98555.38,27.1,0.5139711,
1442.774245,0.011197,-0.026334,-0.114912,-9.343782,-9.344526,0.00426,-0.003195,0.003195,98555.38,27.1,0.4730171,
1442.784402,0.010156,0,-0.050274,-9.341388,-9.341523,0.001065,-0.007455,0.00213,98555.38,27.1,0.4760201,
1442.794507,0.010105,0,-0.081396,-9.303084,-9.30344,0.003195,-0.007455,0.001065,98555.38,27.1,0.5141031,
1442.80459,0.010083,-0.028728,-0.093366,-9.310266,-9.310778,0.005325,-0.00639,0.00213,98555.54,27.1,0.5067651,
1442.814739,0.01015,0.009576,-0.055062,-9.32463,-9.324797,0.00213,-0.00426,0.003195,98555.54,27.1,0.4927461,
1442.824837,0.010097,-0.019152,-0.088578,-9.317448,-9.317889,0.00426,-0.00639,0.00213,98555.54,27.1,0.4996541,
1442.834922,0.010085,-0.031122,-0.088578,-9.30069,-9.301164,0.00213,-0.00426,0.003195,98555.54,27.1,0.5163791,
1442.845021,0.010099,0.019152,-0.03591,-9.286326,-9.286415,0.00213,-0.005325,0.003195,98555.54,27.1,0.5311281,
1442.855118,0.010097,0.007182,-0.067032,-9.315054,-9.315298,0.00426,-0.007455,0.003195,98555.54,27.1,0.5022451,
1442.865181,0.010062,-0.03591,-0.079002,-9.3366,-9.337003,0.00213,-0.007455,0.003195,98555.54,27.1,0.4805401,
1442.875269,0.010089,-0.004788,-0.043092,-9.30069,-9.300791,0.001065,-0.00639,0.001065,98555.54,27.1,0.5167521,
1442.885711,0.010441,0.02394,-0.040698,-9.303084,-9.303204,0.005325,-0.009585,0,98555.54,27.1,0.5143391,
1442.897265,0.011554,-0.031122,-0.064638,-9.3366,-9.336876,0.005325,-0.00852,0.00426,98555.54,27.1,0.4806671,
1442.908511,0.011246,-0.043092,-0.050274,-9.334206,-9.334441,0,0,0.00213,98555.54,27.1,0.4831021,
1442.919653,0.011142,0.04788,-0.05985,-9.279144,-9.279461,0.003195,-0.00852,0.001065,98555.54,27.1,0.5380821,
1442.930872,0.011219,0.004788,-0.069426,-9.317448,-9.317708,0.003195,-0.007455,0.003195,98555.67,27.1,0.4998351,
1442.941983,0.011111,0.064638,-0.052668,-9.327024,-9.327397,0.001065,0,0.001065,98555.67,27.1,0.4901461,
1442.953247,0.011264,0.007182,-0.079002,-9.315054,-9.315392,0.00426,-0.009585,0.001065,98555.67,27.1,0.5021511,
1442.96439,0.011143,-0.074214,-0.055062,-9.358146,-9.358602,0.003195,-0.00426,0.00426,98555.67,27.1,0.4589411,
1442.975566,0.011176,0.043092,-0.076608,-9.331812,-9.332226,0.005325,-0.009585,0,98555.67,27.1,0.4853171,
1442.986842,0.011276,-0.004788,-0.105336,-9.310266,-9.310863,0.001065,-0.00213,0.00213,98555.78,27.1,0.5066801,
1442.99794,0.011097,-0.055062,-0.055062,-9.36054,-9.360864,0.00213,-0.003195,0.001065,98555.78,27.1,0.4566791,
1443.009143,0.011204,0.08379,-0.086184,-9.329418,-9.330192,0.00426,-0.011715,0.001065,98555.78,27.1,0.4873511,
1443.020266,0.011122,0.002394,-0.033516,-9.315054,-9.315115,-0.001065,0.001065,0.00426,98555.78,27.1,0.5024281,
1443.03153,0.011264,0.062244,-0.062244,-9.283932,-9.284349,0.00426,-0.00639,0.001065,98555.78,27.1,0.5331941,
1443.042877,0.011347,-0.009576,-0.124488,-9.30069,-9.301528,0.005325,-0.011715,0.001065,98555.78,27.1,0.5160151,
1443.053845,0.010968,-0.045486,-0.033516,-9.355752,-9.355923,0.00213,-0.003195,0.001065,98555.99,27.1,0.4616201,
1443.064979,0.011133,0.04788,-0.081396,-9.317448,-9.317927,0.001065,-0.007455,0.003195,98555.99,27.1,0.4996161,
1443.076241,0.011262,-0.033516,-0.079002,-9.303084,-9.30348,0.003195,-0.005325,0.003195,98555.99,27.1,0.5140631,
1443.087432,0.011191,-0.004788,-0.040698,-9.3366,-9.33669,0.003195,-0.00852,0.00213,98555.99,27.1,0.4808531,
1443.098561,0.011128,0.055062,-0.086184,-9.28872,-9.289283,0.001065,-0.005325,0.00213,98555.99,27.1,0.5282601,
1443.109901,0.01134,-0.040698,-0.052668,-9.322236,-9.322474,0.001065,-0.003195,0.00213,98555.99,27.1,0.4950691,
1443.121137,0.011236,0.043092,-0.102942,-9.257598,-9.258271,0.00639,-0.01065,0.003195,98556.08,27.1,0.5592721,
1443.132252,0.011115,-0.03591,-0.074214,-9.310266,-9.310631,0,-0.00213,0.00213,98556.08,27.1,0.5069121,
1443.143556,0.011304,-0.01197,-0.03591,-9.362934,-9.363011,0.003195,-0.003195,0.00213,98556.08,27.1,0.4545321,
1443.154571,0.011015,0.062244,-0.098154,-9.293508,-9.294235,0.003195,-0.00852,-0.001065,98556.08,27.1,0.5233081,
1443.165687,0.011115,-0.05985,-0.057456,-9.331812,-9.332181,0.00213,-0.001065,0.003195,98556.08,27.1,0.4853621,
1443.17688,0.011193,0.004788,-0.055062,-9.362934,-9.363097,0.003195,-0.00639,0.00213,98556.08,27.1,0.4544461,
1443.188049,0.011169,0.045486,-0.050274,-9.3366,-9.336846,0.00213,-0.005325,0.00213,98556.08,27.1,0.4806971,
1443.199307,0.011258,-0.031122,-0.055062,-9.346176,-9.34639,0.00213,-0.003195,0,98556.08,27.1,0.4711531,
1443.21059,0.011283,0.026334,-0.08379,-9.283932,-9.284347,0.003195,-0.00852,0.00213,98556.08,27.1,0.5331961,
1443.221673,0.011083,-0.040698,-0.040698,-9.34857,-9.348747,0.00213,-0.001065,0,98556.08,27.1,0.4687961,
1443.232867,0.011194,0.026334,-0.050274,-9.329418,-9.329591,0.003195,-0.007455,0.00213,98556.08,27.1,0.4879521,
1443.244,0.011133,0,-0.081396,-9.317448,-9.317804,0.00213,-0.005325,0.00213,98556.23,27.1,0.4997391,
1443.255245,0.011245,-0.040698,-0.052668,-9.36054,-9.360777,0.00426,-0.005325,0.00213,98556.23,27.1,0.4567661,
1443.266411,0.011166,0.057456,-0.076608,-9.305478,-9.305971,0.00639,-0.01065,0.003195,98556.23,27.1,0.5115721,
1443.277571,0.01116,0,-0.043092,-9.346176,-9.346275,0.00213,-0.003195,0.00213,98556.23,27.1,0.4712681,
1443.288798,0.011227,0.04788,-0.086184,-9.295902,-9.296425,0.00426,-0.007455,0.001065,98556.23,27.1,0.5211181,
1443.299916,0.011118,-0.026334,-0.064638,-9.317448,-9.317709,0.001065,-0.00852,0.001065,98556.23,27.1,0.4998341,
1443.311178,0.011262,0.016758,-0.040698,-9.350964,-9.351068,0.003195,-0.00852,0.00213,98556.37,27.1,0.4664751,
1443.322314,0.011136,0.04788,-0.100548,-9.305478,-9.306144,0,-0.00639,0.001065,98556.37,27.1,0.5113991,
1443.333562,0.011247,-0.057456,-0.081396,-9.34857,-9.349101,0,0,0.00213,98556.37,27.1,0.4684421,
1443.344615,0.011054,0.028728,-0.062244,-9.295902,-9.296155,0.00426,-0.00639,0.003195,98556.37,27.1,0.5213881,
1443.35578,0.011165,0.064638,-0.09576,-9.248022,-9.248744,0.003195,-0.00852,0,98556.37,27.1,0.5687991,
1443.367071,0.011291,-0.076608,-0.081396,-9.346176,-9.346844,0.001065,-0.001065,0.003195,98556.37,27.1,0.4706991,
1443.378316,0.011245,0.067032,-0.09576,-9.293508,-9.294243,0.005325,-0.009585,0.003195,98556.59,27.1,0.5233001,
1443.389361,0.011045,-0.03591,-0.081396,-9.34857,-9.348993,0.001065,-0.003195,0,98556.59,27.1,0.4685501,
1443.400555,0.011194,0.009576,-0.090972,-9.322236,-9.322685,0.00213,-0.00852,0.00213,98556.59,27.1,0.4948581,
1443.41173,0.011175,0.031122,-0.076608,-9.267174,-9.267543,0.00213,-0.00639,0.00213,98556.59,27.1,0.5500001,
1443.422955,0.011225,-0.014364,-0.064638,-9.327024,-9.327259,0.003195,-0.00639,0.00213,98556.59,27.1,0.4902841,
1443.434208,0.011253,0.004788,-0.090972,-9.327024,-9.327469,0.00213,-0.003195,0.00426,98556.59,27.1,0.4900741,
1443.445272,0.011064,-0.014364,-0.069426,-9.327024,-9.327293,0.001065,-0.003195,0.00213,98556.72,27.1,0.4902501,
1443.456472,0.011199,-0.01197,-0.088578,-9.303084,-9.303513,0.00426,-0.009585,0,98556.72,27.1,0.5140301,
1443.467859,0.011387,-0.033516,-0.062244,-9.331812,-9.33208,0.005325,-0.007455,0.001065,98556.72,27.1,0.4854631,
1443.479007,0.011148,0.007182,-0.055062,-9.315054,-9.31522,0.001065,-0.005325,0.003195,98556.72,27.1,0.5023231,
1443.49006,0.011054,0.02394,-0.069426,-9.274356,-9.274647,0.00213,-0.009585,0.001065,98556.72,27.1,0.5428961,
1443.501231,0.01117,-0.062244,-0.067032,-9.34857,-9.349018,0.005325,-0.005325,0.00213,98557.04,27.1,0.4685251,
1443.512381,0.011151,-0.002394,-0.079002,-9.370116,-9.370449,0.00213,-0.003195,0.003195,98557.04,27.1,0.4470941,
1443.523612,0.011231,0.033516,-0.074214,-9.327024,-9.327379,0.007455,-0.00426,0.001065,98557.04,27.1,0.4901641,
1443.537113,0.013501,0.004788,-0.04788,-9.319842,-9.319966,0.00426,-0.005325,0.00213,98557.04,27.1,0.4975771,
1443.547212,0.010099,0.01197,-0.07182,-9.281538,-9.281824,0.00426,-0.007455,0,98557.04,27.1,0.5357191,
1443.557315,0.010103,-0.021546,-0.043092,-9.343782,-9.343906,0.00213,-0.00426,0.001065,98557.04,27.1,0.4736371,
1443.568444,0.011129,0.02394,-0.074214,-9.353358,-9.353683,0.005325,-0.00639,0.00213,98557.04,27.1,0.4638601,
1443.579525,0.011082,0.002394,-0.067032,-9.338994,-9.339235,0.00639,-0.007455,0.00426,98557.04,27.1,0.4783081,
1443.590803,0.011278,0,-0.050274,-9.343782,-9.343917,0.00426,-0.005325,0,98557.04,27.1,0.4736261,
1443.601973,0.011171,-0.007182,-0.093366,-9.30069,-9.301161,0.00213,-0.005325,0.001065,98557.04,27.1,0.5163821,
1443.613074,0.011101,-0.014364,-0.052668,-9.307872,-9.308032,0.005325,-0.003195,0.003195,98557.04,27.1,0.5095111,
1443.62424,0.011166,0.031122,-0.064638,-9.305478,-9.305755,0.00213,-0.00639,0.001065,98557.04,27.1,0.5117881,
1443.635634,0.011394,0,-0.069426,-9.334206,-9.334464,0.00213,-0.005325,0.003195,98557.31,27.1,0.4830791,
1443.646677,0.011043,-0.002394,-0.052668,-9.317448,-9.317597,0.00639,-0.00639,0.00213,98557.31,27.1,0.4999461,
1443.657915,0.011238,-0.014364,-0.062244,-9.319842,-9.320061,0.00426,-0.00639,0.00426,98557.31,27.1,0.4974821,
1443.668069,0.010154,-0.026334,-0.079002,-9.329418,-9.32979,0,-0.00426,0,98557.31,27.1,0.4877531,
1443.678154,0.010085,0.021546,-0.090972,-9.307872,-9.308341,0.00426,-0.00852,0.00213,98557.31,27.1,0.5092021,
1443.688554,0.0104,0,-0.069426,-9.32463,-9.324888,0.001065,-0.007455,0.00213,98557.31,27.1,0.4926551,
1443.698652,0.010098,-0.016758,-0.064638,-9.355752,-9.35599,0.003195,-0.005325,-0.001065,98557.64,27.09,0.4615531,
1443.708741,0.010089,0.016758,-0.088578,-9.305478,-9.305915,0.00426,-0.007455,0,98557.64,27.09,0.5116281,
1443.718847,0.010106,-0.014364,-0.04788,-9.32463,-9.324764,0.003195,-0.005325,0,98557.64,27.09,0.4927791,
1443.728983,0.010136,-0.007182,-0.08379,-9.358146,-9.358524,0.00213,-0.005325,0.00213,98557.64,27.09,0.4590191,
1443.739082,0.010099,0.009576,-0.074214,-9.322236,-9.322536,0.005325,-0.009585,0.003195,98557.64,27.09,0.4950071,
1443.74918,0.010098,0.014364,-0.074214,-9.346176,-9.346482,0,-0.00639,0.00213,98557.64,27.09,0.4710611,
1443.759298,0.010118,-0.002394,-0.090972,-9.343782,-9.344225,0.005325,-0.005325,0.001065,98557.99,27.09,0.4733181,
1443.769484,0.010186,-0.019152,-0.069426,-9.298296,-9.298575,0.003195,-0.005325,0.003195,98557.99,27.09,0.5189681,
1443.779584,0.010099,-0.021546,-0.057456,-9.322236,-9.322438,0.00426,-0.00426,-0.001065,98557.99,27.09,0.4951051,
1443.789867,0.010283,0.014364,-0.07182,-9.327024,-9.327312,0.00426,-0.007455,-0.00213,98557.99,27.09,0.4902311,
1443.799955,0.010088,-0.02394,-0.064638,-9.355752,-9.356006,0.003195,-0.003195,0,98557.99,27.09,0.4615371,
1443.810047,0.010092,0,-0.081396,-9.34857,-9.348924,0.005325,-0.00639,0.001065,98557.99,27.09,0.4686191,
1443.820163,0.010115,0.038304,-0.090972,-9.28872,-9.289244,0.005325,-0.00639,0.003195,98557.99,27.09,0.5282991,
1443.830264,0.010102,-0.009576,-0.038304,-9.322236,-9.32232,0.001065,-0.005325,0.00213,98558.37,27.09,0.4952231,
1443.840356,0.010091,-0.004788,-0.074214,-9.331812,-9.332108,0.007455,-0.00852,0.001065,98558.37,27.09,0.4854351,
1443.850514,0.010158,-0.014364,-0.08379,-9.319842,-9.32023,0.003195,-0.00639,0.001065,98558.37,27.09,0.4973131,
1443.860618,0.010104,-0.007182,-0.043092,-9.341388,-9.34149,0.00213,-0.007455,0.00213,98558.37,27.09,0.4760531,
1443.871004,0.010386,0.052668,-0.102942,-9.307872,-9.30859,0.00426,-0.007455,0,98558.37,27.09,0.5089531,
1443.881458,0.010454,0.002394,-0.074214,-9.322236,-9.322532,0.00213,-0.00639,0.003195,98558.37,27.09,0.4950111,
1443.892673,0.011215,-0.016758,-0.086184,-9.307872,-9.308286,0.003195,-0.00639,0.00213,98558.37,27.09,0.5092571,
1443.904039,0.011365,0.01197,-0.079002,-9.322236,-9.322578,0.003195,-0.00426,0.003195,98558.37,27.09,0.4949651,
1443.915078,0.011039,0.019152,-0.064638,-9.3366,-9.336843,0.00639,-0.007455,0.003195,98558.37,27.09,0.4807001,
1443.926291,0.011213,0.002394,-0.086184,-9.331812,-9.33221,0.001065,-0.00426,0.00213,98558.37,27.09,0.4853331,
1443.937429,0.011139,-0.021546,-0.05985,-9.331812,-9.332029,0.00426,-0.00426,0.003195,98558.37,27.09,0.4855141,
1443.948702,0.011273,0.038304,-0.08379,-9.293508,-9.293965,0.003195,-0.009585,0.001065,98558.76,27.09,0.5235781,
1443.959768,0.011066,0.009576,-0.057456,-9.322236,-9.322418,0.00426,-0.003195,0.00426,98558.76,27.09,0.4951251,
1443.970989,0.011221,0.028728,-0.069426,-9.267174,-9.267479,0.00213,-0.009585,0,98558.76,27.09,0.5500641,
1443.982169,0.011179,-0.016758,-0.04788,-9.3366,-9.336738,0.005325,-0.005325,0.00213,98558.76,27.09,0.4808051,
1443.993336,0.011167,0.05985,-0.07182,-9.327024,-9.327493,0.00426,-0.00639,0.001065,98558.76,27.09,0.4900501,
1444.004576,0.01124,0.014364,-0.062244,-9.281538,-9.281758,0.003195,-0.00852,0.00213,98558.76,27.09,0.5357851,
1444.015871,0.011295,-0.02394,-0.062244,-9.3366,-9.336838,0,-0.00213,0,98559.11,27.09,0.4807051,
1444.026911,0.01104,0.105336,-0.064638,-9.28872,-9.289542,0.00852,-0.00852,0.005325,98559.11,27.09,0.5280011,
1444.038222,0.011311,0.007182,-0.045486,-9.305478,-9.305592,0.00213,-0.007455,0.00213,98559.11,27.09,0.5119511,
1444.049342,0.01112,-0.055062,-0.040698,-9.355752,-9.356003,0.001065,-0.00639,0.00213,98559.11,27.09,0.4615401,
1444.060443,0.0111,0.045486,-0.043092,-9.281538,-9.281749,0.005325,-0.007455,0.001065,98559.11,27.09,0.5357941,
1444.071695,0.011253,-0.007182,-0.045486,-9.34857,-9.348683,0.003195,-0.001065,0.003195,98559.11,27.09,0.4688601,
1444.082858,0.011163,0.057456,-0.055062,-9.319842,-9.320182,0.00426,-0.007455,0.001065,98559.51,27.09,0.4973611,
1444.094026,0.011168,-0.02394,-0.038304,-9.322236,-9.322345,0.001065,-0.001065,0.00213,98559.51,27.09,0.4951981,
1444.105175,0.011149,0.026334,-0.040698,-9.293508,-9.293634,0.00426,-0.00852,0.003195,98559.51,27.09,0.5239091,
1444.116364,0.011189,0.033516,-0.05985,-9.315054,-9.315307,0.00426,-0.00852,-0.001065,98559.51,27.09,0.5022361,
1444.127634,0.01127,-0.040698,-0.076608,-9.329418,-9.329821,0.00426,-0.00213,0,98559.51,27.09,0.4877221,
1444.138798,0.011164,0.038304,-0.055062,-9.317448,-9.317689,0.005325,-0.01065,0.00213,98559.51,27.09,0.4998541,
1444.14998,0.011182,0.045486,-0.088578,-9.317448,-9.31798,0.00213,-0.003195,0.001065,98559.99,27.09,0.4995631,
1444.161097,0.011117,0.009576,-0.045486,-9.315054,-9.31517,0.003195,-0.00639,0.00213,98559.99,27.09,0.5023731,
1444.171211,0.010114,0.028728,-0.08379,-9.307872,-9.308293,-0.001065,-0.003195,0.00213,98559.99,27.09,0.5092501,
1444.181311,0.0101,0,-0.090972,-9.3366,-9.337043,0.001065,-0.005325,-0.001065,98559.99,27.09,0.4805001,
1444.19139,0.010079,0.02394,-0.057456,-9.329418,-9.329626,0.00426,-0.007455,0.001065,98559.99,27.09,0.4879171,
1444.201515,0.010126,-0.021546,-0.105336,-9.319842,-9.320462,0.005325,-0.00852,0.001065,98559.99,27.09,0.4970811,
1444.211615,0.0101,-0.01197,-0.088578,-9.315054,-9.315483,0,-0.001065,0.00213,98559.99,27.09,0.5020601,
1444.221834,0.010219,0.050274,-0.064638,-9.315054,-9.315414,0.003195,-0.01065,0.00213,98559.99,27.09,0.5021291,
1444.231936,0.010103,-0.02394,-0.100548,-9.3366,-9.337172,0.005325,-0.00639,0.003195,98559.99,27.09,0.4803711,
1444.242033,0.010096,-0.02394,-0.100548,-9.298296,-9.29887,0.00213,-0.003195,0.003195,98559.99,27.09,0.5186731,
1444.252195,0.010162,0.014364,-0.050274,-9.28872,-9.288867,0.003195,-0.007455,0.003195,98559.99,27.09,0.5286761,
1444.262437,0.010242,-0.01197,-0.081396,-9.36054,-9.360902,0.00213,-0.00639,0.001065,98559.99,27.09,0.4566411,
1444.272529,0.010092,0,-0.093366,-9.34857,-9.349036,0.00213,-0.005325,0.003195,98560.36,27.09,0.4685071,
1444.282644,0.010114,0.002394,-0.055062,-9.291114,-9.291277,0.00639,-0.007455,0.001065,98560.36,27.09,0.5262661,
1444.292815,0.010171,-0.043092,-0.093366,-9.322236,-9.322803,0.005325,-0.005325,0.001065,98560.36,27.09,0.4947401,
1444.302917,0.010103,0.009576,-0.088578,-9.350964,-9.351388,0.001065,-0.00426,0.00213,98560.36,27.09,0.4661551,
1444.313019,0.010102,0.002394,-0.055062,-9.327024,-9.327187,0.00852,-0.00852,0.00213,98560.36,27.09,0.4903561,
1444.32314,0.010121,-0.069426,-0.074214,-9.32463,-9.325184,0.00213,-0.00213,0.003195,98560.36,27.09,0.4923591,
1444.333249,0.010108,0.004788,-0.100548,-9.315054,-9.315598,0.001065,-0.00426,0.001065,98560.94,27.09,0.5019451,
1444.343365,0.010116,-0.002394,-0.052668,-9.298296,-9.298445,0.00639,-0.011715,-0.001065,98560.94,27.09,0.5190981,
1444.353479,0.010114,-0.076608,-0.079002,-9.353358,-9.354005,0,-0.00213,0.003195,98560.94,27.09,0.4635381,
1444.363586,0.010107,-0.002394,-0.074214,-9.310266,-9.310562,0.00639,-0.00639,0.00213,98560.94,27.09,0.5069811,
1444.373756,0.01017,-0.026334,-0.067032,-9.293508,-9.293787,0.00426,-0.003195,0.001065,98560.94,27.09,0.5237561,
1444.383913,0.010157,-0.04788,-0.069426,-9.34857,-9.34895,0,-0.00426,0.00426,98560.94,27.09,0.4685931,
1444.394003,0.01009,0.055062,-0.064638,-9.331812,-9.332198,0.00852,-0.00639,0.001065,98560.94,27.09,0.4853451,
1444.404112,0.010109,-0.01197,-0.09576,-9.28872,-9.289221,-0.001065,-0.00639,0.001065,98561.61,27.09,0.5283221,
1444.414198,0.010086,-0.026334,-0.04788,-9.315054,-9.315214,0.001065,-0.00213,0.001065,98561.61,27.09,0.5023291,
1444.424304,0.010106,0.040698,-0.043092,-9.281538,-9.281727,0.009585,-0.01278,0,98561.61,27.09,0.5358161,
1444.434404,0.0101,-0.019152,-0.102942,-9.315054,-9.315642,0.00213,-0.00426,0.00213,98561.61,27.09,0.5019011,
1444.444516,0.010112,-0.009576,-0.038304,-9.334206,-9.33429,0.00426,-0.007455,0.00213,98561.61,27.09,0.4832531,
1444.454622,0.010106,0.031122,-0.040698,-9.281538,-9.281679,0.00639,-0.009585,0.00213,98561.61,27.09,0.5358641,
1444.464717,0.010095,0.004788,-0.102942,-9.319842,-9.320412,0,-0.00213,0.001065,98562.18,27.09,0.4971311,
1444.474835,0.010118,0.045486,-0.050274,-9.346176,-9.346422,0.00639,-0.007455,0.00426,98562.18,27.09,0.4711211,
1444.485025,0.01019,0.019152,-0.04788,-9.281538,-9.281681,0.003195,-0.00852,-0.001065,98562.18,27.09,0.5358621,
1444.495124,0.010099,0.007182,-0.081396,-9.322236,-9.322594,0.005325,-0.00852,0.00213,98562.18,27.09,0.4949491,
1444.505233,0.010109,0.07182,-0.05985,-9.32463,-9.325099,0.00639,-0.00852,0.00213,98562.18,27.09,0.4924441,
1444.515325,0.010092,0.007182,-0.055062,-9.31266,-9.312826,0.003195,-0.005325,0,98562.18,27.09,0.5047171,
1444.525551,0.010226,0.01197,-0.081396,-9.334206,-9.334569,0.001065,-0.00639,0.00426,98562.18,27.09,0.4829741,
1444.535639,0.010088,0.076608,-0.076608,-9.322236,-9.322866,0.00639,-0.009585,0.001065,98562.18,27.09,0.4946771,
1444.545727,0.010088,-0.016758,-0.079002,-9.34857,-9.348919,0.001065,-0.00426,0.003195,98562.18,27.09,0.4686241,
1444.555833,0.010106,0.004788,-0.057456,-9.27675,-9.276929,0.001065,-0.00852,0.00213,98562.18,27.09,0.5406141,
1444.566011,0.010178,0.021546,-0.069426,-9.283932,-9.284217,0.00213,-0.007455,0.003195,98562.18,27.09,0.5333261,
1444.576244,0.010233,0.002394,-0.03591,-9.305478,-9.305548,-0.001065,-0.00426,0.001065,98562.18,27.09,0.5119951,
1444.586345,0.010101,0.040698,-0.03591,-9.291114,-9.291273,0.001065,-0.007455,0.005325,98562.71,27.09,0.5262701,
1444.596443,0.010098,-0.028728,-0.03591,-9.28872,-9.288834,0.005325,-0.007455,0.00426,98562.71,27.09,0.5287091,
1444.606526,0.010083,0.004788,-0.098154,-9.28872,-9.28924,0.001065,-0.00213,0.00213,98562.71,27.09,0.5283031,
1444.616655,0.010129,0.03591,-0.040698,-9.307872,-9.30803,0.00426,-0.007455,0.001065,98562.71,27.09,0.5095131,
1444.626735,0.01008,-0.062244,-0.052668,-9.317448,-9.317805,0.005325,-0.009585,0.001065,98562.71,27.09,0.4997381,
1444.636849,0.010115,-0.079002,-0.079002,-9.303084,-9.303755,-0.00213,-0.001065,0.001065,98562.71,27.09,0.5137881,
1444.646976,0.010127,0.038304,-0.08379,-9.283932,-9.284389,0.00426,-0.007455,0.003195,98562.71,27.09,0.5331541,
1444.657105,0.010128,0.002394,-0.067032,-9.298296,-9.298538,0.00213,-0.00852,0.003195,98563.29,27.09,0.5190051,
1444.667194,0.010089,-0.10773,-0.088578,-9.30069,-9.301736,0.005325,-0.00852,0.005325,98563.29,27.09,0.5158071,
1444.677316,0.010122,0.002394,-0.03591,-9.248022,-9.248092,0.005325,-0.00426,0.003195,98563.29,27.09,0.5694511,
1444.687409,0.010093,0.009576,-0.112518,-9.281538,-9.282225,0.00213,-0.009585,0.00213,98563.29,27.09,0.5353181,
1444.697782,0.010372,-0.088578,-0.07182,-9.327024,-9.327721,0.001065,-0.00639,0.00213,98563.29,27.09,0.4898221,
1444.707863,0.010081,-0.040698,-0.062244,-9.362934,-9.363229,0.00639,-0.00639,0.001065,98563.29,27.09,0.4543141,
1444.717971,0.010108,0.043092,-0.081396,-9.293508,-9.293964,0.00213,-0.00852,0.00213,98563.74,27.09,0.5235791,
1444.7284,0.010429,-0.014364,-0.081396,-9.331812,-9.332178,0.00426,-0.00852,0.00213,98563.74,27.09,0.4853651,
1444.73849,0.01009,-0.055062,-0.069426,-9.315054,-9.315475,0.007455,-0.00852,0.00213,98563.74,27.09,0.5020681,
1444.748605,0.010115,-0.002394,-0.126882,-9.28872,-9.289587,-0.001065,-0.00639,0.003195,98563.74,27.09,0.5279561,
1444.758701,0.010096,0.004788,-0.052668,-9.319842,-9.319992,0.005325,-0.00639,0.00213,98563.74,27.09,0.4975511,
1444.768805,0.010104,0.016758,-0.079002,-9.343782,-9.344131,0.00639,-0.00639,0.001065,98563.74,27.09,0.4734121,
1444.778902,0.010097,0.004788,-0.102942,-9.269568,-9.270141,0.001065,-0.00213,0.003195,98564.36,27.09,0.5474021,
1444.789032,0.01013,0.016758,-0.043092,-9.341388,-9.341502,0.00639,-0.005325,0.00213,98564.36,27.09,0.4760411,
1444.799144,0.010112,0.045486,-0.076608,-9.317448,-9.317874,0.005325,-0.00852,0.003195,98564.36,27.09,0.4996691,
1444.809227,0.010084,-0.021546,-0.074214,-9.283932,-9.284254,0.00426,-0.00426,0.00213,98564.36,27.09,0.5332891,
1444.819331,0.010104,0.033516,-0.04788,-9.331812,-9.331995,0.005325,-0.00852,0.00639,98564.36,27.09,0.4855481,
1444.829533,0.010202,0.052668,-0.102942,-9.295902,-9.296621,0.00213,-0.011715,0.003195,98564.36,27.09,0.5209221,
1444.839621,0.010088,-0.081396,-0.045486,-9.327024,-9.32749,0.00426,-0.005325,0.003195,98564.36,27.09,0.4900531,
1444.849786,0.010165,0.040698,-0.021546,-9.367722,-9.367835,0.00213,-0.00426,0,98564.36,27.09,0.4497081,
1444.859892,0.010107,0.090972,-0.088578,-9.307872,-9.308738,0.005325,-0.011715,0.001065,98564.36,27.09,0.5088051,
1444.869988,0.010095,-0.055062,-0.057456,-9.350964,-9.351303,0.003195,-0.00426,0.00426,98564.36,27.09,0.4662401,
1444.880087,0.010099,0.007182,0.004788,-9.338994,-9.338998,0.005325,-0.007455,0.00426,98564.36,27.09,0.4785451,
1444.890214,0.010127,0.086184,-0.088578,-9.307872,-9.308692,0.003195,-0.00852,0.00213,98564.36,27.09,0.5088511,
1444.900396,0.010182,-0.016758,-0.055062,-9.36054,-9.360717,0.00213,-0.003195,0.001065,98564.36,27.09,0.4568261,
1444.910489,0.010094,0.031122,-0.038304,-9.343782,-9.343912,0.00213,-0.00426,0.001065,98565.07,27.09,0.4736311,
1444.920568,0.010078,0.07182,-0.069426,-9.293508,-9.294045,0.007455,-0.005325,0.00213,98565.07,27.09,0.5234981,
1444.930686,0.010119,-0.02394,-0.081396,-9.310266,-9.310653,0,0,0.00426,98565.07,27.09,0.5068901,
1444.940801,0.010114,0.016758,-0.01197,-9.367722,-9.367745,0.005325,-0.007455,0.003195,98565.07,27.09,0.4497981,
1444.950896,0.010095,0.031122,-0.062244,-9.34857,-9.348829,0.00639,-0.01065,0.001065,98565.07,27.09,0.4687141,
1444.961172,0.010277,-0.050274,-0.076608,-9.350964,-9.351413,0.003195,-0.005325,0.00639,98565.07,27.09,0.4661301,
1444.971293,0.010121,0.026334,-0.014364,-9.367722,-9.36777,0.00426,-0.00639,0.001065,98565.66,27.09,0.4497731,
1444.981404,0.010111,0.007182,-0.098154,-9.31266,-9.31318,0,-0.00639,0,98565.66,27.09,0.5043631,
1444.991515,0.010111,-0.079002,-0.08379,-9.362934,-9.363642,0.00426,-0.005325,0.003195,98565.66,27.09,0.4539011,
1445.001668,0.010153,0.014364,-0.03591,-9.31266,-9.31274,0.00426,-0.01065,0.00213,98565.66,27.09,0.5048031,
1445.011962,0.010294,0.033516,-0.007182,-9.346176,-9.346239,0.00213,-0.00426,0.001065,98565.66,27.09,0.4713041,
1445.022055,0.010093,-0.102942,-0.014364,-9.106776,-9.107369,0.01704,0.001065,0.003195,98565.66,27.09,0.7101741,
1445.032165,0.01011,0.272916,-0.313614,-9.406026,-9.415209,-0.007455,-0.01491,0.001065,98566.37,27.09,0.4023341,
1445.042285,0.01012,-0.380646,0.134064,-9.58797,-9.596459,0.01704,-0.013845,0.001065,98566.37,27.09,0.2210841,
1445.052376,0.010091,-0.040698,-0.169974,-9.207324,-9.208983,-0.00213,0.01704,0.00426,98566.37,27.09,0.6085601,
1445.062477,0.0101,0.28728,-0.057456,-9.13311,-9.137808,0.001065,-0.01917,0.003195,98566.37,27.09,0.6797351,
1445.072602,0.010126,-0.258552,-0.03591,-9.535302,-9.538874,0.018105,-0.018105,0.003195,98566.37,27.09,0.2786691,
1445.08285,0.010248,-0.031122,-0.112518,-9.338994,-9.339724,-0.00852,0.013845,0.003195,98566.37,27.09,0.4778191,
1445.092951,0.010101,0.138852,-0.02394,-9.197748,-9.198827,0.01917,-0.01704,0.003195,98567.12,27.09,0.6187161,
1445.103041,0.01009,-0.162792,-0.100548,-9.429966,-9.431907,0.003195,-0.005325,0.003195,98567.12,27.09,0.3856361,
1445.113165,0.010125,0.016758,-0.08379,-9.315054,-9.315446,0.00639,-0.001065,0.00213,98567.12,27.09,0.5020971,
1445.123254,0.010089,0.043092,-0.088578,-9.27675,-9.277273,0.01065,-0.009585,0.001065,98567.12,27.09,0.5402701,
1445.133372,0.010117,-0.052668,-0.062244,-9.355752,-9.356107,0.005325,-0.00426,0.003195,98567.12,27.09,0.4614361,
1445.143463,0.010092,0.043092,-0.08379,-9.3366,-9.337075,0.007455,-0.007455,0.00213,98567.12,27.09,0.4804681,
1445.153564,0.010101,-0.014364,-0.138852,-9.322236,-9.323281,0.00852,-0.00639,0.003195,98567.12,27.09,0.4942621,
1445.163661,0.010098,-0.01197,-0.098154,-9.343782,-9.344305,0.00213,-0.005325,0.003195,98567.12,27.09,0.4732381,
1445.173747,0.010086,-0.033516,-0.08379,-9.382086,-9.38252,0.007455,-0.009585,0.001065,98567.12,27.09,0.4350231,
1445.183916,0.010168,0.01197,-0.093366,-9.346176,-9.34665,0.00426,-0.003195,0.003195,98567.12,27.09,0.4708931,
1445.194003,0.010087,0.014364,-0.05985,-9.303084,-9.303288,0.00426,-0.007455,0,98567.12,27.09,0.5142551,
1445.204099,0.010096,-0.079002,-0.074214,-9.31266,-9.313291,0.00852,-0.001065,0.00213,98567.12,27.09,0.5042521,
1445.214187,0.010088,0.021546,-0.05985,-9.303084,-9.303301,0.003195,-0.00852,0.00213,98567.12,27.09,0.5142421,
1445.224333,0.010146,0.019152,-0.069426,-9.274356,-9.274636,0.00213,-0.00852,0.00426,98567.63,27.09,0.5429071,
1445.234443,0.01011,-0.07182,-0.05985,-9.329418,-9.329886,-0.001065,-0.001065,0,98567.63,27.09,0.4876571,
1445.24455,0.010107,0.014364,-0.021546,-9.281538,-9.281574,0.003195,-0.00639,0.00213,98567.63,27.09,0.5359691,
1445.254635,0.010084,-0.02394,-0.055062,-9.281538,-9.281732,0.001065,-0.005325,0.001065,98567.63,27.09,0.5358111,
1445.264725,0.01009,-0.045486,-0.086184,-9.310266,-9.310776,0.001065,-0.001065,0.001065,98567.63,27.09,0.5067671,
1445.274823,0.010098,0,-0.03591,-9.26478,-9.26485,0.003195,-0.009585,0.001065,98567.63,27.09,0.5526931,
1445.285049,0.010226,-0.062244,-0.062244,-9.259992,-9.26041,0,-0.00213,0.00213,98568.34,27.09,0.5571331,
1445.295165,0.010116,0.009576,-0.062244,-9.298296,-9.298509,0.00213,-0.00426,0.001065,98568.34,27.09,0.5190341,
1445.305409,0.010244,0.026334,-0.055062,-9.315054,-9.315254,0.00426,-0.00852,0.00213,98568.34,27.09,0.5022891,
1445.315492,0.010084,-0.117306,-0.076608,-9.30069,-9.301745,0.001065,-0.003195,0.003195,98568.34,27.09,0.5157981,
1445.325767,0.010275,0.004788,-0.069426,-9.274356,-9.274617,0.001065,-0.007455,0.00213,98568.34,27.09,0.5429261,
1445.336346,0.010578,0.069426,-0.08379,-9.281538,-9.282176,0.003195,-0.00852,0,98568.34,27.09,0.5353671,
1445.346895,0.01055,-0.093366,-0.086184,-9.3366,-9.337465,-0.00213,0.001065,-0.001065,98569.06,27.09,0.4800781,
1445.357901,0.011006,-0.009576,-0.093366,-9.27675,-9.277225,0.007455,-0.01065,0.00213,98569.06,27.09,0.5403181,
1445.369271,0.01137,-0.086184,-0.086184,-9.305478,-9.306276,0,-0.003195,0.003195,98569.06,27.09,0.5112671,
1445.380215,0.010944,0.016758,-0.088578,-9.331812,-9.332247,-0.001065,0,0.00213,98569.06,27.09,0.4852961,
1445.391435,0.011219,0.019152,-0.105336,-9.307872,-9.308488,0.003195,-0.007455,0.003195,98569.06,27.09,0.5090551,
1445.40267,0.011235,-0.05985,-0.10773,-9.307872,-9.308688,-0.00213,-0.00213,0,98569.06,27.09,0.5088551,
1445.413845,0.011175,0.026334,-0.069426,-9.3366,-9.336895,0.003195,-0.00639,0,98569.84,27.09,0.4806481,
1445.425039,0.011194,0,-0.10773,-9.310266,-9.310889,0.00426,-0.009585,0.003195,98569.84,27.09,0.5066541,
1445.436155,0.011116,-0.028728,-0.124488,-9.3366,-9.337474,0.00426,-0.00852,0.00213,98569.84,27.09,0.4800691,
1445.44811,0.011955,0.093366,-0.090972,-9.319842,-9.320754,0.00213,-0.00852,0.00213,98569.84,27.09,0.4967891,
1445.458588,0.010478,-0.03591,-0.102942,-9.327024,-9.327661,0.003195,-0.00213,0.00213,98569.84,27.09,0.4898821,
1445.469836,0.011248,0.05985,-0.07182,-9.310266,-9.310735,0.003195,-0.00852,0.003195,98569.84,27.09,0.5068081,
1445.480902,0.011066,-0.038304,-0.055062,-9.32463,-9.324871,0.00213,-0.00426,0.00213,98569.84,27.09,0.4926721,
1445.492113,0.011211,0.014364,-0.093366,-9.353358,-9.353835,0.001065,-0.003195,0.005325,98569.84,27.09,0.4637081,
1445.503399,0.011286,0.081396,-0.055062,-9.295902,-9.296421,0.007455,-0.009585,0,98569.84,27.09,0.5211221,
1445.514466,0.011067,-0.057456,-0.05985,-9.30069,-9.30106,0.003195,-0.00426,0.00213,98569.84,27.09,0.5164831,
1445.525673,0.011207,-0.004788,-0.07182,-9.329418,-9.329696,0.005325,-0.00426,0.001065,98569.84,27.09,0.4878471,
1445.536816,0.011143,0.105336,-0.08379,-9.310266,-9.311239,0.007455,-0.009585,0.00426,98570.64,27.09,0.5063041,
1445.54821,0.011394,0.007182,-0.076608,-9.28872,-9.289039,0.00213,0,0.00213,98570.64,27.09,0.5285041,
1445.559246,0.011037,0.100548,-0.038304,-9.27675,-9.277374,0.00213,-0.005325,0.00213,98570.64,27.09,0.5401691,
1445.570397,0.011151,-0.040698,-0.057456,-9.322236,-9.322502,-0.001065,0,0.001065,98570.64,27.09,0.4950411,
1445.581791,0.011394,0.007182,-0.031122,-9.322236,-9.322291,0.00426,-0.009585,0.001065,98570.64,27.09,0.4952521,
1445.591903,0.010112,0.064638,-0.088578,-9.25281,-9.25346,0.00426,-0.01065,0.003195,98570.64,27.09,0.5640831,
1445.601995,0.010093,-0.08379,-0.105336,-9.269568,-9.270545,-0.001065,0.00213,-0.00213,98571.43,27.09,0.5469981,
1445.612113,0.010117,0.033516,-0.004788,-9.303084,-9.303146,0.005325,-0.00426,0.003195,98571.43,27.09,0.5143971,
1445.622335,0.010222,0.074214,-0.057456,-9.295902,-9.296376,0.00426,-0.009585,0.00213,98571.43,27.09,0.5211671,
1445.632426,0.010091,-0.050274,-0.105336,-9.31266,-9.313391,0,0,0,98571.43,27.09,0.5041521,
1445.642586,0.01016,0.031122,0.009576,-9.291114,-9.291171,0.005325,-0.00639,0.00213,98571.43,27.09,0.5263721,
1445.652705,0.01012,0.026334,-0.081396,-9.291114,-9.291508,0.001065,-0.00426,0.00213,98571.43,27.09,0.5260351,
1445.662828,0.010122,-0.055062,-0.09576,-9.298296,-9.298952,0.003195,-0.005325,0.003195,98571.43,27.09,0.5185911,
1445.673054,0.010226,-0.014364,-0.007182,-9.291114,-9.291128,0.00426,-0.00213,0.001065,98572.31,27.09,0.5264151,
1445.683147,0.010093,0.038304,-0.09576,-9.293508,-9.29408,0.00426,-0.009585,0.003195,98572.31,27.09,0.5234631,
1445.69325,0.010104,-0.038304,-0.055062,-9.329418,-9.329659,0,-0.003195,-0.00213,98572.31,27.09,0.4878841,
1445.704587,0.011337,0,-0.055062,-9.28872,-9.288883,0.00639,-0.009585,0.005325,98572.31,27.09,0.5286601,
1445.715878,0.01129,-0.043092,-0.043092,-9.255204,-9.255405,0.001065,-0.00213,0,98572.31,27.09,0.5621381,
1445.728065,0.012187,0.031122,-0.050274,-9.257598,-9.257787,0.005325,-0.007455,0.001065,98572.31,27.09,0.5597561,
1445.738232,0.010167,-0.03591,-0.090972,-9.295902,-9.296416,0.00213,-0.00639,0.003195,98573.22,27.09,0.5211271,
1445.749375,0.011143,-0.009576,-0.02394,-9.293508,-9.293544,0.003195,-0.00426,0,98573.22,27.09,0.5239991,
1445.760497,0.011122,0.03591,-0.062244,-9.279144,-9.279422,0.00213,-0.007455,-0.00213,98573.22,27.09,0.5381211,
1445.770593,0.010096,-0.026334,-0.045486,-9.298296,-9.298445,0.005325,-0.005325,0.003195,98573.22,27.09,0.5190981,
1445.780687,0.010094,0,-0.069426,-9.269568,-9.269828,0.003195,-0.007455,0.003195,98573.22,27.09,0.5477151,
1445.790772,0.010086,0.002394,-0.069426,-9.243234,-9.243495,0.00426,-0.00852,0.003195,98573.22,27.09,0.5740481,
1445.800861,0.010089,-0.021546,-0.045486,-9.267174,-9.267311,0.00213,-0.00426,0.003195,98574.07,27.09,0.5502321,
1445.81095,0.010088,0.05985,-0.093366,-9.298296,-9.298957,0,-0.00852,0.00213,98574.07,27.09,0.5185861,
1445.821026,0.010076,0.01197,-0.057456,-9.248022,-9.248208,0.00639,-0.005325,0.00213,98574.07,27.09,0.5693351,
1445.831144,0.010119,-0.016758,-0.05985,-9.279144,-9.279352,0.00213,-0.003195,0.00426,98574.07,27.09,0.5381911,
1445.841265,0.010121,0.102942,-0.100548,-9.243234,-9.244354,0.001065,-0.011715,0.00213,98574.07,27.09,0.5731891,
1445.851368,0.010103,-0.062244,-0.033516,-9.219294,-9.219565,0.00639,-0.00426,0.00213,98574.07,27.09,0.5979781,
1445.861453,0.010085,-0.009576,-0.124488,-9.271962,-9.272803,-0.00426,-0.001065,0.00213,98574.07,27.09,0.5447401,
1445.871569,0.010116,0.098154,-0.10773,-9.219294,-9.220446,0.01065,-0.00639,0.00213,98574.07,27.09,0.5970971,
1445.881675,0.010106,-0.076608,-0.074214,-9.257598,-9.258212,-0.003195,0.003195,0,98574.07,27.09,0.5593311,
1445.891761,0.010086,0.052668,-0.102942,-9.310266,-9.310984,0.005325,-0.007455,0.003195,98574.07,27.09,0.5065591,
1445.901845,0.010084,0.040698,-0.09576,-9.245628,-9.246213,0.005325,-0.011715,0.001065,98574.07,27.09,0.5713301,
1445.911949,0.010104,-0.079002,-0.090972,-9.30069,-9.30147,-0.001065,-0.00426,0,98574.07,27.09,0.5160731,
1445.922048,0.010098,0.064638,-0.09576,-9.283932,-9.284651,0.003195,-0.01065,0.001065,98574.07,27.09,0.5328921,
1445.932137,0.01009,-0.043092,-0.105336,-9.317448,-9.318143,-0.00213,0.003195,0.00213,98575.01,27.09,0.4994001,
1445.942218,0.010081,-0.045486,-0.067032,-9.27675,-9.277104,0.005325,-0.01278,0.001065,98575.01,27.09,0.5404391,
1445.95232,0.010101,0.026334,-0.076608,-9.27675,-9.277104,0.003195,-0.007455,0.003195,98575.01,27.09,0.5404391,
1445.962514,0.010195,-0.110124,-0.13167,-9.295902,-9.297487,0.00426,0,0.003195,98575.01,27.09,0.5200561,
1445.973168,0.010654,-0.038304,-0.067032,-9.27675,-9.277071,0.00639,-0.009585,0.003195,98575.01,27.09,0.5404721,
1445.984407,0.011239,-0.026334,-0.110124,-9.358146,-9.358831,0,-0.00213,0.001065,98575.01,27.09,0.4587121,
1445.995521,0.011114,-0.02394,-0.026334,-9.319842,-9.31991,0.007455,-0.01065,0.00426,98575.88,27.09,0.4976331,
1446.006554,0.011033,-0.031122,-0.07182,-9.32463,-9.324959,0.001065,-0.003195,0.00213,98575.88,27.09,0.4925841,
1446.017836,0.011282,-0.004788,-0.074214,-9.286326,-9.286624,0.00213,-0.009585,0.00426,98575.88,27.09,0.5309191,
1446.029051,0.011215,-0.062244,-0.02394,-9.298296,-9.298535,0.003195,-0.00426,-0.001065,98575.88,27.09,0.5190081,
1446.040105,0.011054,0.028728,-0.07182,-9.298296,-9.298618,0.001065,-0.01065,0.003195,98575.88,27.09,0.5189251,
1446.051377,0.011272,-0.03591,-0.043092,-9.32463,-9.324799,-0.00213,-0.00213,0.001065,98576.82,27.09,0.4927441,
1446.062517,0.01114,-0.038304,-0.033516,-9.26478,-9.26492,0,-0.005325,0.00213,98576.82,27.09,0.5526231,
1446.073692,0.011175,-0.050274,-0.076608,-9.279144,-9.279596,0.007455,-0.01065,0.003195,98576.82,27.09,0.5379471,
1446.084875,0.011183,0.03591,-0.069426,-9.267174,-9.267504,-0.001065,-0.011715,0.00213,98576.82,27.09,0.5500391,
1446.096059,0.011185,0.026334,-0.019152,-9.27675,-9.276807,0.005325,-0.009585,0.00426,98576.82,27.09,0.5407361,
1446.107236,0.011176,0.007182,-0.067032,-9.31266,-9.312904,0.00213,-0.00426,0,98576.82,27.09,0.5046391,
1446.118508,0.011272,0.05985,-0.045486,-9.27675,-9.277055,0.00426,-0.007455,0.00213,98577.8,27.09,0.5404881,
1446.129806,0.011299,0.031122,-0.052668,-9.315054,-9.315255,0.001065,-0.005325,-0.00213,98577.8,27.09,0.5022881,
1446.140952,0.011145,0.026334,-0.055062,-9.307872,-9.308072,0.00426,-0.007455,0.003195,98577.8,27.09,0.5094711,
1446.151985,0.011033,0.02394,-0.05985,-9.305478,-9.305701,0.00213,-0.00639,0.00213,98577.8,27.09,0.5118421,
1446.163186,0.011201,0.014364,-0.052668,-9.31266,-9.31282,0.003195,-0.00426,0.00213,98577.8,27.09,0.5047231,
1446.174355,0.01117,0.064638,-0.086184,-9.319842,-9.320465,-0.001065,-0.00426,0.001065,98577.8,27.09,0.4970781,
1446.185547,0.011192,0.031122,-0.014364,-9.293508,-9.293571,0.00639,-0.009585,0.00426,98577.8,27.09,0.5239721,
1446.196857,0.01131,0.021546,-0.074214,-9.327024,-9.327344,0.00213,-0.005325,0.003195,98577.8,27.09,0.4901991,
1446.207882,0.011025,0.04788,-0.088578,-9.315054,-9.315598,0.00426,-0.00639,0,98577.8,27.09,0.5019451,
1446.219157,0.011275,0.009576,-0.055062,-9.331812,-9.331979,0.003195,-0.007455,0.001065,98577.8,27.09,0.4855641,
1446.230401,0.011244,-0.002394,-0.069426,-9.317448,-9.317707,0.005325,-0.007455,0.003195,98577.8,27.09,0.4998361,
1446.241467,0.011066,0.01197,-0.086184,-9.291114,-9.291521,0,-0.00639,0.003195,98578.94,27.09,0.5260221,
1446.252631,0.011164,-0.043092,-0.057456,-9.30069,-9.300967,0.007455,-0.00639,0.00213,98578.94,27.09,0.5165761,
1446.263799,0.011167,-0.026334,-0.079002,-9.329418,-9.32979,0.005325,-0.005325,0.001065,98578.94,27.09,0.4877531,
1446.275014,0.011215,0.004788,-0.09576,-9.271962,-9.272458,0.001065,-0.00639,0.001065,98578.94,27.09,0.5450851,
1446.286256,0.011242,-0.045486,-0.08379,-9.30069,-9.301179,0.00213,-0.00213,0,98578.94,27.09,0.5163641,
1446.297448,0.011192,0.007182,-0.098154,-9.303084,-9.303605,0.005325,-0.007455,0,98578.94,27.09,0.5139381,
1446.308601,0.011154,-0.055062,-0.086184,-9.322236,-9.322797,0.00213,-0.005325,0.001065,98579.92,27.09,0.4947461,
1446.319732,0.01113,-0.043092,-0.076608,-9.298296,-9.298711,0.00426,-0.007455,0.001065,98579.92,27.09,0.5188321,
1446.330981,0.011249,-0.074214,-0.110124,-9.319842,-9.320788,0.00852,-0.00852,0.005325,98579.92,27.09,0.4967551,
1446.342177,0.011197,-0.05985,-0.04788,-9.315054,-9.315369,0,-0.007455,0.001065,98579.92,27.09,0.5021741,
1446.353314,0.011136,0.02394,-0.07182,-9.26478,-9.265089,0.00426,-0.00852,0.00213,98579.92,27.09,0.5524541,
1446.364528,0.011214,-0.055062,-0.102942,-9.291114,-9.291847,0.003195,-0.00426,0.001065,98579.92,27.09,0.5256961,
1446.375752,0.011224,-0.02394,-0.079002,-9.317448,-9.317814,0.00639,-0.007455,0.001065,98580.96,27.09,0.4997291,
1446.386889,0.011137,0.02394,-0.098154,-9.271962,-9.272512,0.00426,-0.007455,0.00213,98580.96,27.09,0.5450311,
1446.398061,0.011172,-0.057456,-0.079002,-9.334206,-9.334717,0.001065,-0.00426,0,98580.96,27.09,0.4828261,
1446.409296,0.011236,-0.079002,-0.081396,-9.298296,-9.298988,0.007455,-0.007455,0.001065,98580.96,27.09,0.5185551,
1446.420393,0.011097,-0.069426,-0.050274,-9.28872,-9.289115,0.00213,-0.003195,0,98580.96,27.09,0.5284281,
1446.431664,0.011271,-0.002394,-0.03591,-9.346176,-9.346245,0.003195,-0.00213,-0.001065,98580.96,27.09,0.4712981,
1446.442839,0.011175,0.033516,-0.100548,-9.307872,-9.308475,0.003195,-0.005325,-0.00213,98582.13,27.09,0.5090681,
1446.453983,0.011144,0.002394,-0.062244,-9.281538,-9.281747,0.005325,-0.007455,0.001065,98582.13,27.09,0.5357961,
1446.465143,0.01116,-0.019152,-0.05985,-9.32463,-9.324842,0.00213,-0.00426,-0.001065,98582.13,27.09,0.4927011,
1446.476359,0.011216,-0.040698,-0.067032,-9.293508,-9.293839,0.001065,0,0,98582.13,27.09,0.5237041,
1446.487616,0.011257,0.07182,-0.079002,-9.315054,-9.315666,0.007455,-0.01065,0,98582.13,27.09,0.5018771,
1446.498746,0.011131,-0.016758,-0.088578,-9.341388,-9.341823,0.00213,-0.001065,0.001065,98582.13,27.09,0.4757201,
1446.509997,0.01125,0.098154,-0.062244,-9.245628,-9.246359,0.001065,-0.003195,-0.001065,98582.13,27.09,0.5711841,
1446.521108,0.011111,0.028728,-0.05985,-9.274356,-9.274594,0.003195,-0.00426,0.00213,98582.13,27.09,0.5429491,
1446.532238,0.01113,0.050274,-0.098154,-9.310266,-9.310919,0.003195,-0.00639,0.001065,98582.13,27.09,0.5066241,
1446.543463,0.011226,0.043092,-0.067032,-9.293508,-9.29385,0,-0.001065,0.00213,98582.13,27.09,0.5236931,
1446.554654,0.011191,0.07182,-0.062244,-9.30069,-9.301176,0,-0.005325,0.00426,98582.13,27.09,0.5163671,
1446.565896,0.011242,0.052668,-0.081396,-9.305478,-9.305983,0.00426,-0.005325,0.003195,98583.2,27.09,0.5115601,
1446.576987,0.011091,0.004788,-0.098154,-9.293508,-9.294028,0,-0.003195,0.001065,98583.2,27.09,0.5235151,
1446.588279,0.011292,-0.002394,-0.055062,-9.274356,-9.27452,0.005325,-0.01065,0.001065,98583.2,27.09,0.5430231,
1446.599364,0.011085,0,-0.057456,-9.298296,-9.298474,0.001065,0.00213,0.00426,98583.2,27.09,0.5190691,
1446.610623,0.011259,0.126882,-0.062244,-9.295902,-9.296976,0.007455,-0.013845,0.00426,98583.2,27.09,0.5205671,
1446.621793,0.01117,-0.076608,-0.050274,-9.3366,-9.33705,-0.00213,0.003195,0.003195,98583.2,27.09,0.4804931,
1446.632889,0.011097,0.021546,-0.067032,-9.34857,-9.348835,0.00213,-0.00426,0.00426,98584.37,27.09,0.4687081,
1446.644127,0.011238,0.067032,-0.009576,-9.25281,-9.253058,0.00639,-0.011715,0.00426,98584.37,27.09,0.5644851,
1446.655277,0.01115,-0.112518,-0.067032,-9.34857,-9.349487,0,0.001065,0.00213,98584.37,27.09,0.4680561,
1446.666518,0.011241,0.004788,-0.016758,-9.243234,-9.24325,0.005325,-0.01065,0.00426,98584.37,27.09,0.5742931,
1446.67768,0.011162,-0.069426,-0.093366,-9.379692,-9.380414,0.003195,-0.00426,0.00426,98584.37,27.09,0.4371291,
1446.68938,0.0117,0.004788,-0.043092,-9.341388,-9.341489,0,-0.009585,-0.001065,98585.71,27.09,0.4760541,
1446.700011,0.010631,-0.055062,-0.05985,-9.327024,-9.327379,0.001065,-0.003195,0.001065,98585.71,27.09,0.4901641,
1446.711299,0.011288,-0.09576,-0.057456,-9.329418,-9.330086,0.00426,-0.00639,0,98585.71,27.09,0.4874571,
1446.722432,0.011133,-0.07182,-0.064638,-9.331812,-9.332312,0.00852,-0.007455,0.00213,98585.71,27.09,0.4852311,
1446.733677,0.011245,-0.050274,-0.04788,-9.315054,-9.315313,0.001065,-0.00426,0.001065,98585.71,27.09,0.5022301,
1446.745048,0.011371,-0.069426,-0.031122,-9.367722,-9.368031,0.00213,-0.00426,-0.001065,98585.71,27.09,0.4495121,
1446.756006,0.010958,-0.067032,-0.043092,-9.343782,-9.344122,0.00426,-0.00639,-0.003195,98586.88,27.09,0.4734211,
1446.76715,0.011144,-0.069426,-0.067032,-9.30069,-9.301191,0.005325,-0.009585,0.001065,98586.88,27.09,0.5163521,
1446.778379,0.01123,-0.08379,-0.08379,-9.322236,-9.322989,0.00213,-0.00213,-0.00213,98586.88,27.09,0.4945541,
1446.789831,0.011452,-0.021546,-0.08379,-9.32463,-9.325031,0.005325,-0.01065,-0.00213,98586.88,27.09,0.4925121,
1446.800735,0.010904,-0.016758,-0.09576,-9.346176,-9.346682,0.003195,-0.005325,-0.003195,98586.88,27.09,0.4708611,
1446.811869,0.011134,-0.019152,-0.098154,-9.338994,-9.339529,0.001065,-0.005325,-0.003195,98586.88,27.09,0.4780141,
1446.823641,0.011772,0.009576,-0.105336,-9.32463,-9.32523,0.00426,-0.005325,0,98586.88,27.09,0.4923131,
1446.833794,0.010153,0.052668,-0.1197,-9.32463,-9.325547,0.005325,-0.007455,0.00213,98586.88,27.09,0.4919961,
1446.843927,0.010133,0.016758,-0.105336,-9.317448,-9.318058,0.003195,-0.007455,-0.001065,98586.88,27.09,0.4994851,
1446.854027,0.0101,0.050274,-0.122094,-9.305478,-9.306415,0.00639,-0.00852,0.00213,98586.88,27.09,0.5111281,
1446.864153,0.010126,0.028728,-0.093366,-9.30069,-9.301203,0.00426,-0.005325,0,98586.88,27.09,0.5163401,
1446.874257,0.010104,0.067032,-0.134064,-9.286326,-9.287536,0.001065,-0.007455,0.00426,98586.88,27.09,0.5300071,
1446.88439,0.010132,0.088578,-0.112518,-9.303084,-9.304186,0.00639,-0.009585,0.003195,98588.13,27.09,0.5133571,
1446.894542,0.010152,0.07182,-0.057456,-9.295902,-9.296357,0.00213,-0.005325,0.001065,98588.13,27.09,0.5211861,
1446.904636,0.010095,0.08379,-0.038304,-9.281538,-9.281995,0.005325,-0.00639,0.00213,98588.13,27.09,0.5355481,
1446.914744,0.010107,0.067032,-0.074214,-9.305478,-9.306015,0.00639,-0.01065,0.00213,98588.13,27.09,0.5115281,
1446.924842,0.010098,0.062244,-0.045486,-9.362934,-9.363251,0.003195,-0.007455,0.005325,98588.13,27.09,0.4542921,
1446.93494,0.010098,0.13167,-0.040698,-9.3366,-9.337617,0.00213,-0.005325,0.003195,98588.13,27.09,0.4799261,
1446.945032,0.010092,0.088578,-0.033516,-9.305478,-9.30596,0.007455,-0.009585,0.003195,98589.45,27.09,0.5115831,
1446.955126,0.010094,0.040698,-0.019152,-9.355752,-9.35586,0,-0.005325,0.005325,98589.45,27.09,0.4616831,
1446.965208,0.010082,0.090972,-0.033516,-9.365328,-9.36583,0.00639,-0.00852,0.005325,98589.45,27.09,0.4517131,
1446.975294,0.010086,0.050274,-0.028728,-9.3366,-9.33678,0.00426,-0.00426,0.00426,98589.45,27.09,0.4807631,
1446.985425,0.010131,0.031122,-0.007182,-9.362934,-9.362988,0.00213,-0.001065,0.001065,98589.45,27.09,0.4545551,
1446.995579,0.010154,0.04788,0.009576,-9.391662,-9.391789,0.005325,-0.00852,0.003195,98589.45,27.09,0.4257541,
1447.005793,0.010214,-0.007182,-0.043092,-9.341388,-9.34149,0.001065,-0.00213,0.001065,98589.45,27.09,0.4760531,
1447.015911,0.010118,-0.01197,0.002394,-9.303084,-9.303092,0.003195,-0.005325,0.003195,98590.81,27.09,0.5144511,
1447.026289,0.010378,0.04788,-0.004788,-9.343782,-9.343906,0.003195,-0.005325,0.00213,98590.81,27.09,0.4736371,
1447.036422,0.010133,-0.02394,0.002394,-9.31266,-9.312691,0.003195,-0.00639,0,98590.81,27.09,0.5048521,
1447.047495,0.011072,-0.057456,0.01197,-9.293508,-9.293693,-0.00213,0,-0.001065,98590.81,27.09,0.5238501,
1447.058551,0.011057,-0.02394,-0.014364,-9.27675,-9.276792,0.007455,-0.007455,0.001065,98590.81,27.09,0.5407511,
1447.069863,0.011312,-0.07182,-0.045486,-9.322236,-9.322624,-0.00213,-0.001065,0.003195,98590.81,27.09,0.4949191,
1447.080282,0.010419,-0.021546,-0.052668,-9.31266,-9.312834,0.003195,-0.00213,-0.001065,98592.14,27.09,0.5047091,
1447.09151,0.011227,-0.038304,-0.09576,-9.319842,-9.320413,0.001065,-0.00426,0.001065,98592.14,27.09,0.4971301,
1447.102726,0.011216,-0.019152,-0.069426,-9.341388,-9.341666,0.003195,-0.00426,0.00213,98592.14,27.09,0.4758771,
1447.113883,0.011157,-0.040698,-0.105336,-9.322236,-9.32292,0.001065,-0.00426,0,98592.14,27.09,0.4946231,
1447.125035,0.011152,-0.05985,-0.086184,-9.350964,-9.351553,0.001065,-0.001065,0.001065,98592.14,27.09,0.4659901,
1447.136366,0.011331,0.021546,-0.105336,-9.343782,-9.344401,0.00426,-0.00639,0.001065,98593.52,27.09,0.4731421,
1447.147505,0.011139,-0.009576,-0.13167,-9.343782,-9.344715,0.001065,-0.00639,0,98593.52,27.09,0.4728281,
1447.15859,0.011085,-0.026334,-0.138852,-9.367722,-9.368788,-0.001065,0,0.00213,98593.52,27.09,0.4487551,
1447.170409,0.011819,0.040698,-0.138852,-9.374904,-9.376021,0.00426,-0.007455,0.003195,98593.52,27.09,0.4415221,
1447.180973,0.010564,-0.04788,-0.126882,-9.382086,-9.383066,0.001065,-0.001065,0,98593.52,27.09,0.4344771,
1447.192144,0.011171,0.026334,-0.098154,-9.355752,-9.356304,0.003195,-0.00639,0.00426,98593.52,27.09,0.4612391,
1447.203412,0.011268,-0.031122,-0.158004,-9.370116,-9.3715,0,-0.00426,0.003195,98593.52,27.09,0.4460431,
1447.214533,0.011121,-0.016758,-0.105336,-9.350964,-9.351572,0.003195,-0.005325,0.007455,98593.52,27.09,0.4659711,
1447.225724,0.011192,0.038304,-0.1197,-9.370116,-9.370959,0.00639,-0.00852,0.00213,98593.52,27.09,0.4465841,
1447.236871,0.011147,-0.019152,-0.146034,-9.389268,-9.390423,0.003195,-0.00639,0.00213,98593.52,27.09,0.4271201,
1447.248166,0.011295,-0.02394,-0.1197,-9.382086,-9.38288,0.003195,-0.009585,0.00213,98593.52,27.09,0.4346631,
1447.2593,0.011135,0.016758,-0.1197,-9.38448,-9.385258,0.00426,-0.007455,0.00426,98593.52,27.09,0.4322851,
1447.270481,0.011181,-0.02394,-0.117306,-9.350964,-9.35173,0.003195,-0.00639,0.00426,98594.86,27.09,0.4658131,
1447.281621,0.011139,0.021546,-0.076608,-9.310266,-9.310606,0.007455,-0.009585,0.003195,98594.86,27.09,0.5069371,
1447.292805,0.011184,0.021546,-0.043092,-9.310266,-9.310391,0.001065,-0.00426,0.00213,98594.86,27.09,0.5071521,
1447.303993,0.011189,0.021546,-0.043092,-9.322236,-9.32236,0.00213,-0.005325,0.003195,98594.86,27.09,0.4951831,
1447.315288,0.011294,0.021546,-0.007182,-9.283932,-9.28396,0.00639,-0.007455,0.005325,98594.86,27.09,0.5335831,
1447.326471,0.011184,0.04788,-0.019152,-9.267174,-9.267317,0.007455,-0.00426,0.001065,98596.22,27.09,0.5502261,
1447.337565,0.011094,0.028728,-0.026334,-9.259992,-9.260074,0.00426,-0.007455,0.00213,98596.22,27.09,0.5574691,
1447.348815,0.011249,0.01197,-0.009576,-9.238446,-9.238459,0.00213,-0.00426,0.005325,98596.22,27.09,0.5790841,
1447.359889,0.011075,0.062244,-0.031122,-9.238446,-9.238708,0.00852,-0.007455,0.003195,98596.22,27.09,0.5788351,
1447.371123,0.011234,0.014364,-0.007182,-9.2169,-9.216914,0.001065,-0.00426,0.001065,98596.22,27.09,0.6006291,
1447.382337,0.011214,0.043092,-0.002394,-9.20493,-9.205031,0.00426,-0.005325,0.00213,98596.22,27.09,0.6125121,
1447.393497,0.01116,0.031122,-0.062244,-9.24084,-9.241102,0.001065,-0.00639,0.00213,98597.6,27.09,0.5764411,
1447.404664,0.011167,-0.002394,-0.038304,-9.281538,-9.281617,0,-0.00639,0.001065,98597.6,27.09,0.5359261,
1447.415824,0.01116,0.04788,-0.021546,-9.305478,-9.305626,0.001065,-0.005325,0.001065,98597.6,27.09,0.5119171,
1447.427058,0.011233,-0.03591,-0.055062,-9.32463,-9.324862,0.005325,-0.001065,0.00213,98597.6,27.09,0.4926811,
1447.43836,0.011302,-0.076608,-0.055062,-9.346176,-9.346652,0.00213,-0.00639,0,98597.6,27.09,0.4708911,
1447.449529,0.011169,-0.05985,-0.040698,-9.389268,-9.389547,0,-0.00426,0.00213,98597.6,27.09,0.4279961,
1447.460573,0.011044,-0.062244,-0.079002,-9.40842,-9.408958,0.003195,-0.00213,0.001065,98599.12,27.09,0.4085851,
1447.471769,0.011195,-0.057456,-0.043092,-9.413208,-9.413482,0,-0.003195,0,98599.12,27.09,0.4040611,
1447.48296,0.011191,-0.062244,-0.064638,-9.449118,-9.449544,0.00426,-0.00639,0.001065,98599.12,27.09,0.3679991,
1447.49418,0.01122,-0.088578,-0.09576,-9.441936,-9.442837,0.00213,-0.00426,0,98599.12,27.09,0.3747061,
1447.505317,0.011137,-0.074214,-0.069426,-9.406026,-9.406575,0.003195,-0.00639,0,98599.12,27.09,0.4109681,
1447.516492,0.011175,-0.064638,-0.052668,-9.441936,-9.442304,0.00639,-0.003195,-0.00213,98599.12,27.09,0.3752391,
1447.527716,0.011224,-0.10773,-0.09576,-9.398844,-9.399949,0,-0.003195,-0.00213,98599.12,27.09,0.4175941,
1447.539019,0.011303,-0.045486,-0.062244,-9.394056,-9.394372,0.00213,-0.005325,-0.001065,98599.12,27.09,0.4231711,
1447.55009,0.011071,-0.067032,-0.090972,-9.406026,-9.406705,0.007455,-0.00852,0,98599.12,27.09,0.4108381,
1447.561216,0.011126,-0.052668,-0.057456,-9.367722,-9.368046,-0.001065,-0.00426,0.001065,98599.12,27.09,0.4494971,
1447.572441,0.011226,-0.026334,-0.09576,-9.410814,-9.411338,0.00426,-0.007455,0.00213,98599.12,27.09,0.4062051,
1447.583635,0.011194,-0.021546,-0.122094,-9.403632,-9.404449,0.00426,-0.009585,0.001065,98600.55,27.09,0.4130941,
1447.594801,0.011166,-0.016758,-0.093366,-9.358146,-9.358627,0.001065,-0.00639,0.001065,98600.55,27.09,0.4589161,
1447.605992,0.011192,0.002394,-0.100548,-9.413208,-9.413745,0.003195,-0.009585,-0.00213,98600.55,27.09,0.4037981,
1447.617231,0.011239,0,-0.134064,-9.38448,-9.385438,0.00426,-0.00426,0.00426,98600.55,27.09,0.4321051,
1447.628562,0.011331,0.026334,-0.074214,-9.38448,-9.38481,0.003195,-0.005325,0.00213,98600.55,27.09,0.4327331,
1447.639606,0.011044,0.04788,-0.129276,-9.451512,-9.452517,0.00852,-0.009585,0.003195,98600.55,27.09,0.3650261,
1447.650782,0.011176,-0.028728,-0.098154,-9.453906,-9.454459,0,0,0,98602.04,27.09,0.3630841,
1447.661927,0.011145,0.112518,-0.079002,-9.43236,-9.433362,0.005325,-0.01065,0.00426,98602.04,27.09,0.3841811,
1447.673111,0.011184,0.081396,-0.102942,-9.437148,-9.43806,0.00426,-0.007455,0.00426,98602.04,27.09,0.3794831,
1447.68428,0.011168,0.016758,-0.08379,-9.475452,-9.475837,0.001065,-0.005325,0.005325,98602.04,27.09,0.3417061,
1447.695572,0.011292,0.069426,-0.028728,-9.453906,-9.454205,0.007455,-0.00852,0.00426,98602.04,27.09,0.3633381,
1447.706776,0.011204,0.050274,-0.076608,-9.470664,-9.471107,0.00213,-0.00639,0.005325,98603.67,27.09,0.3464361,
1447.717865,0.011089,0.093366,-0.033516,-9.46827,-9.46879,0.00213,-0.00639,0.003195,98603.67,27.09,0.3487531,
1447.729108,0.011244,0.03591,-0.062244,-9.485028,-9.4853,0.00213,-0.003195,0.003195,98603.67,27.09,0.3322431,
1447.740178,0.01107,0.033516,-0.062244,-9.501786,-9.502049,0.00639,-0.001065,0.003195,98603.67,27.09,0.3154941,
1447.751487,0.011309,0.038304,0.007182,-9.463482,-9.463562,0.00639,-0.009585,0.00426,98603.67,27.09,0.3539811,
1447.762643,0.011156,0.009576,-0.086184,-9.508968,-9.509363,0.00213,-0.00639,0.003195,98603.67,27.09,0.3081801,
1447.773778,0.011135,-0.028728,-0.067032,-9.508968,-9.509248,0.005325,-0.003195,0.00213,98605.54,27.09,0.3082951,
1447.785029,0.011251,-0.004788,-0.03591,-9.523332,-9.523401,0.00426,-0.00639,0.003195,98605.54,27.09,0.2941421,
1447.796162,0.011134,-0.021546,-0.093366,-9.554454,-9.554934,-0.001065,-0.00426,0.00426,98605.54,27.09,0.2626091,
1447.807429,0.011267,-0.055062,-0.028728,-9.525726,-9.525928,0.00639,-0.007455,0.003195,98605.54,27.09,0.2916151,
1447.818639,0.01121,-0.074214,-0.088578,-9.56403,-9.564728,0.00213,-0.005325,0.003195,98605.54,27.09,0.2528151,
1447.82974,0.0111,-0.081396,-0.102942,-9.549666,-9.550568,0.001065,-0.003195,0.00213,98605.54,27.09,0.2669751,
1447.840897,0.011157,-0.028728,-0.05985,-9.537696,-9.537927,0.007455,-0.007455,0.003195,98605.54,27.09,0.2796161,
1447.852048,0.011151,-0.04788,-0.100548,-9.55206,-9.552709,0.00426,-0.00639,0.001065,98605.54,27.09,0.2648341,
1447.863266,0.011217,-0.033516,-0.112518,-9.549666,-9.550388,0.001065,-0.00852,0.00213,98605.54,27.09,0.2671551,
1447.8745,0.011234,-0.043092,-0.057456,-9.590364,-9.590633,0.001065,-0.007455,0.001065,98605.54,27.09,0.2269101,
1447.885647,0.011147,-0.081396,-0.110124,-9.59994,-9.600917,0.003195,-0.00639,0.00213,98605.54,27.09,0.2166261,
1447.896834,0.011186,0.007182,-0.102942,-9.592758,-9.593313,0.00213,-0.00852,0.00213,98605.54,27.09,0.2242301,
1447.908126,0.011292,-0.057456,-0.1197,-9.628668,-9.629583,0.005325,-0.007455,0.003195,98607.37,27.09,0.1879601,
1447.919383,0.011257,-0.026334,-0.129276,-9.650214,-9.651116,0.001065,-0.005325,0.003195,98607.37,27.09,0.1664271,
1447.930486,0.011103,-0.007182,-0.122094,-9.616698,-9.617476,0.00639,-0.007455,0.00213,98607.37,27.09,0.2000671,
1447.941551,0.011064,-0.02394,-0.129276,-9.621486,-9.622384,0.00426,-0.00639,0.003195,98607.37,27.09,0.1951591,
1447.952702,0.011152,-0.004788,-0.148428,-9.64782,-9.648963,0.001065,-0.00426,0.001065,98607.37,27.09,0.1685801,
1447.963895,0.011193,0.040698,-0.13167,-9.650214,-9.651198,0.00639,-0.00852,0.001065,98609.05,27.09,0.1663451,
1447.97524,0.011345,0.002394,-0.1197,-9.62388,-9.624625,0.003195,-0.007455,0.00213,98609.05,27.09,0.1929181,
1447.986285,0.011044,0.016758,-0.086184,-9.595152,-9.595554,0.007455,-0.007455,0.00213,98609.05,27.09,0.2219891,
1447.997467,0.011182,0.064638,-0.122094,-9.614304,-9.615296,0.005325,-0.00639,0.00213,98609.05,27.09,0.2022471,
1448.008705,0.011238,0.031122,-0.098154,-9.628668,-9.629219,0.00639,-0.007455,0.00639,98609.05,27.09,0.1883241,
1448.019838,0.011133,0.067032,-0.052668,-9.65979,-9.660166,0.00213,-0.00639,0.00426,98609.05,27.09,0.1573771,
1448.031065,0.011227,0.09576,-0.064638,-9.652608,-9.653299,0.009585,-0.007455,0.001065,98610.94,27.09,0.1642441,
1448.042195,0.01113,0.038304,-0.055062,-9.59994,-9.600174,0.00639,-0.00639,0.00213,98610.94,27.09,0.2173691,
1448.053357,0.011162,0.031122,-0.02394,-9.628668,-9.628748,0.003195,-0.005325,0.00426,98610.94,27.09,0.1887951,
1448.064534,0.011177,0.04788,-0.02394,-9.626274,-9.626423,0.003195,-0.00426,0.003195,98610.94,27.09,0.1911201,
1448.075734,0.011201,0.02394,0.01197,-9.690912,-9.690949,0.007455,-0.00426,0,98610.94,27.09,0.1265941,
1448.086969,0.011235,0.031122,-0.031122,-9.700488,-9.700588,0.005325,-0.007455,0.00426,98612.74,27.09,0.1169551,
1448.098132,0.011163,-0.019152,-0.028728,-9.67176,-9.671822,0.001065,-0.005325,0.003195,98612.74,27.09,0.1457211,
1448.109709,0.011577,-0.014364,-0.031122,-9.657396,-9.657457,0.00852,-0.00639,0.003195,98612.74,27.09,0.1600861,
1448.120489,0.01078,0.01197,-0.050274,-9.712458,-9.712595,0.001065,-0.005325,0.003195,98612.74,27.09,0.1049481,
1448.131676,0.011187,-0.026334,-0.045486,-9.729216,-9.729358,0,-0.003195,0.001065,98612.74,27.09,0.0881851,
1448.142893,0.011218,-0.007182,-0.076608,-9.724428,-9.724732,0.005325,-0.00852,0.00213,98612.74,27.09,0.0928111,
1448.154084,0.01119,-0.062244,-0.074214,-9.748368,-9.748849,0.00213,-0.007455,0.00213,98612.74,27.09,0.0686941,
1448.16521,0.011126,-0.007182,-0.04788,-9.774702,-9.774822,0,-0.00639,0.003195,98612.74,27.09,0.0427211,
1448.176427,0.011217,-0.021546,-0.076608,-9.796248,-9.796571,0.003195,-0.00852,0.00213,98612.74,27.09,0.0209721,
1448.187609,0.011182,0.004788,-0.093366,-9.753156,-9.753604,0.001065,-0.00426,0.00426,98612.74,27.09,0.0639391,
1448.198837,0.011228,-0.009576,-0.038304,-9.786672,-9.786752,0.003195,-0.003195,0.00213,98612.74,27.09,0.0307911,
1448.210055,0.011218,-0.045486,-0.079002,-9.80343,-9.803854,0.001065,-0.003195,0.003195,98612.74,27.09,0.0136891,
1448.221141,0.011087,-0.057456,-0.08379,-9.772308,-9.772836,0.00426,-0.00213,0.001065,98614.69,27.09,0.0447071,
1448.232334,0.011193,0.064638,-0.079002,-9.824976,-9.825506,0.005325,-0.01065,0.00213,98614.69,27.09,-0.0079629,
1448.243537,0.011203,-0.076608,-0.08379,-9.83934,-9.839995,0.00426,-0.00426,-0.001065,98614.69,27.09,-0.0224519,
1448.254823,0.011286,0.021546,-0.05985,-9.762732,-9.762939,0.003195,-0.01065,0.003195,98614.69,27.09,0.0546041,
1448.266103,0.011279,-0.045486,-0.090972,-9.738792,-9.739323,0.00426,-0.00852,0,98614.69,27.09,0.0782201,
1448.277058,0.010955,-0.1197,-0.019152,-9.829764,-9.830511,0.00213,-0.001065,0,98616.69,27.09,-0.0129679,
1448.288362,0.011305,0.148428,-0.03591,-9.836946,-9.838131,0.00639,-0.01278,-0.001065,98616.69,27.09,-0.0205879,
1448.299474,0.011112,0.016758,-0.069426,-9.781884,-9.782145,-0.001065,0,-0.001065,98616.69,27.09,0.0353981,
1448.310678,0.011203,-0.09576,-0.033516,-9.76752,-9.768047,0.00426,-0.007455,-0.003195,98616.69,27.09,0.0494961,
1448.321876,0.011199,0.043092,-0.052668,-9.75555,-9.755787,0.00639,-0.011715,0.001065,98616.69,27.09,0.0617561,
1448.333007,0.011131,-0.002394,-0.052668,-9.76752,-9.767662,0.003195,-0.003195,0.00213,98616.69,27.09,0.0498811,
1448.344205,0.011198,0.146034,-0.050274,-9.772308,-9.773528,0.00639,-0.01065,0,98618.7,27.09,0.0440151,
1448.355424,0.011219,0.02394,-0.069426,-9.760338,-9.760614,0.003195,-0.001065,0.001065,98618.7,27.09,0.0569291,
1448.36724,0.011816,0.050274,-0.088578,-9.772308,-9.772839,-0.001065,-0.001065,-0.00213,98618.7,27.09,0.0447041,
1448.377855,0.010614,0.105336,-0.03591,-9.748368,-9.749003,0.00639,-0.01065,0,98618.7,27.09,0.0685401,
1448.389119,0.011264,0.014364,-0.100548,-9.813006,-9.813532,-0.001065,0,0,98618.7,27.09,0.0040111,
1448.400088,0.010969,0.040698,-0.081396,-9.813006,-9.813428,0.00426,-0.003195,0.00213,98618.7,27.09,0.0041151,
1448.411382,0.011295,0.009576,-0.122094,-9.834552,-9.835315,-0.00213,-0.00213,-0.001065,98620.52,27.09,-0.0177719,
1448.422534,0.011151,0.026334,-0.086184,-9.834552,-9.834965,0.001065,-0.00426,0.001065,98620.52,27.09,-0.0174219,
1448.434083,0.011549,-0.019152,-0.10773,-9.808218,-9.808828,0.001065,-0.00213,0.00213,98620.52,27.09,0.0087151,
1448.444173,0.01009,-0.040698,-0.114912,-9.836946,-9.837701,0,-0.00426,0.003195,98620.52,27.09,-0.0201579,
1448.456579,0.012406,-0.038304,-0.093366,-9.834552,-9.83507,0.003195,-0.003195,0.00213,98620.52,27.09,-0.0175269,
1448.466697,0.010119,-0.045486,-0.134064,-9.85131,-9.852327,-0.00213,0.001065,0.00426,98620.52,27.09,-0.0347839,
1448.476785,0.010087,-0.028728,-0.102942,-9.865674,-9.866253,0.00426,-0.00639,0.003195,98620.52,27.09,-0.0487099,
1448.486891,0.010106,-0.052668,-0.074214,-9.88722,-9.887639,0.00213,-0.00213,0.001065,98620.52,27.09,-0.0700959,
1448.496981,0.010091,-0.040698,-0.100548,-9.868068,-9.868664,-0.003195,-0.00426,0.00213,98620.52,27.09,-0.0511209,
1448.507072,0.01009,-0.100548,-0.050274,-9.85131,-9.851951,0,-0.00213,0.00213,98620.52,27.09,-0.0344079,
1448.517186,0.010114,-0.09576,-0.100548,-9.894402,-9.895376,0,-0.003195,0.003195,98620.52,27.09,-0.0778329,
1448.527331,0.010146,-0.08379,-0.076608,-9.877644,-9.878296,-0.001065,-0.00213,0.00213,98620.52,27.09,-0.0607529,
1448.53744,0.010108,-0.05985,-0.081396,-9.846522,-9.84704,0,-0.00639,-0.001065,98622.56,27.09,-0.0294969,
1448.547533,0.010094,-0.02394,-0.062244,-9.901584,-9.901809,0.00639,-0.00852,0,98622.56,27.09,-0.0842659,
1448.557771,0.010238,-0.098154,-0.090972,-9.836946,-9.837856,0.001065,-0.00213,0.00213,98622.56,27.09,-0.0203129,
1448.567855,0.010084,-0.122094,-0.064638,-9.841734,-9.842704,0.003195,-0.00426,0,98622.56,27.09,-0.0251609,
1448.577944,0.010089,0,-0.064638,-9.865674,-9.865886,0.00426,-0.009585,-0.003195,98622.56,27.09,-0.0483429,
1448.588035,0.010091,-0.067032,-0.102942,-9.865674,-9.866439,0.00213,-0.001065,-0.001065,98622.56,27.09,-0.0488959,
1448.598136,0.0101,-0.057456,-0.086184,-9.853704,-9.854248,0.00852,-0.009585,0.001065,98624.75,27.09,-0.0367049,
1448.608415,0.010279,0.021546,-0.114912,-9.824976,-9.825672,0.003195,-0.007455,-0.001065,98624.75,27.09,-0.0081289,
1448.6185,0.010085,-0.038304,-0.062244,-9.798642,-9.798915,0.003195,-0.00426,0,98624.75,27.09,0.0186281,
1448.628596,0.010096,-0.007182,-0.074214,-9.83934,-9.839622,0.003195,-0.00639,0.00426,98624.75,27.09,-0.0220789,
1448.638701,0.010105,0.081396,-0.088578,-9.798642,-9.79938,0.00213,-0.00639,0,98624.75,27.09,0.0181631,
1448.648866,0.010166,0.090972,-0.067032,-9.793854,-9.794506,0.00426,-0.00852,0.001065,98624.75,27.09,0.0230371,
1448.659003,0.010137,0.126882,-0.040698,-9.820188,-9.821092,0.00213,-0.00639,0.001065,98624.75,27.09,-0.0035489,
1448.669317,0.010314,0.09576,-0.045486,-9.829764,-9.830336,0.00639,-0.00852,0.003195,98627.11,27.09,-0.0127929,
1448.679397,0.01008,0.040698,-0.038304,-9.798642,-9.798801,0.001065,-0.00852,0.003195,98627.11,27.09,0.0187421,
1448.689518,0.010121,0.098154,-0.045486,-9.79146,-9.792058,0.003195,-0.007455,0.00213,98627.11,27.09,0.0254851,
1448.699626,0.010107,0.100548,-0.031122,-9.801036,-9.801601,0.005325,-0.00852,0.00213,98627.11,27.09,0.0159421,
1448.709783,0.010158,0.076608,-0.04788,-9.80343,-9.803846,0.00426,-0.00639,0.001065,98627.11,27.09,0.0136971,
1448.719882,0.010099,0.090972,-0.031122,-9.793854,-9.794326,0,-0.00639,0.003195,98627.11,27.09,0.0232171,
1448.729962,0.01008,0.04788,-0.02394,-9.789066,-9.789212,0.005325,-0.00639,0.003195,98629.48,27.09,0.0283311,
1448.74008,0.010119,0.03591,-0.057456,-9.796248,-9.796482,0.00213,-0.011715,0.003195,98629.48,27.09,0.0210611,
1448.75017,0.01009,0.088578,-0.03591,-9.820188,-9.820653,0.003195,-0.00639,0.003195,98629.48,27.09,-0.0031099,
1448.760302,0.010132,0.062244,-0.062244,-9.810612,-9.811007,0.00426,-0.00639,0.003195,98629.48,27.09,0.0065361,
1448.770419,0.010116,0.026334,-0.055062,-9.824976,-9.825166,-0.00213,-0.00639,0.005325,98629.48,27.09,-0.0076229,
1448.780878,0.010459,0.07182,-0.043092,-9.829764,-9.830121,-0.001065,-0.005325,0.001065,98629.48,27.09,-0.0125779,
1448.791038,0.01016,0.026334,-0.057456,-9.834552,-9.834755,0.003195,-0.009585,0.00426,98629.48,27.09,-0.0172119,
1448.801125,0.010087,-0.026334,-0.057456,-9.822582,-9.822785,0,-0.005325,0,98629.48,27.09,-0.0052419,
1448.81123,0.010104,0.009576,-0.04788,-9.83934,-9.839461,0.003195,-0.005325,0.00213,98629.48,27.09,-0.0219179,
1448.821317,0.010087,0.009576,-0.05985,-9.870462,-9.870648,0.005325,-0.007455,0.001065,98629.48,27.09,-0.0531049,
1448.831406,0.01009,-0.016758,-0.074214,-9.860886,-9.86118,0.00213,-0.00426,0.00213,98629.48,27.09,-0.0436369,
1448.841496,0.01009,-0.002394,-0.050274,-9.822582,-9.822711,0.00426,-0.009585,0.001065,98629.48,27.09,-0.0051679,
1448.851607,0.010111,-0.07182,-0.057456,-9.834552,-9.834982,0.007455,-0.007455,0.005325,98629.48,27.09,-0.0174389,
1448.861739,0.010133,-0.05985,-0.074214,-9.829764,-9.830226,0.001065,-0.00426,0,98631.83,27.09,-0.0126829,
1448.871824,0.010085,-0.016758,-0.08379,-9.808218,-9.80859,0.003195,-0.00639,0.001065,98631.83,27.09,0.0089531,
1448.881915,0.010091,0.009576,-0.081396,-9.817794,-9.818136,0.003195,-0.01065,0.00213,98631.83,27.09,-0.0005929,
1448.892114,0.010199,0.002394,-0.09576,-9.841734,-9.8422,0.003195,-0.007455,0.00213,98631.83,27.09,-0.0246569,
1448.902202,0.010088,-0.021546,-0.081396,-9.822582,-9.822943,0.005325,-0.007455,0.00213,98631.83,27.09,-0.0053999,
1448.912283,0.010081,-0.04788,-0.088578,-9.810612,-9.811129,0.001065,-0.00426,0.001065,98631.83,27.09,0.0064141,
1448.922379,0.010096,-0.031122,-0.088578,-9.810612,-9.811061,0.00426,-0.007455,0.00213,98633.99,27.09,0.0064821,
1448.932482,0.010103,-0.002394,-0.102942,-9.796248,-9.796789,0.00426,-0.00639,0.001065,98633.99,27.09,0.0207541,
1448.942564,0.010082,-0.026334,-0.10773,-9.8154,-9.816027,-0.001065,-0.003195,0.003195,98633.99,27.09,0.0015161,
1448.952665,0.0101,-0.028728,-0.079002,-9.829764,-9.830123,0.005325,-0.009585,0.005325,98633.99,27.09,-0.0125799,
1448.962763,0.010098,-0.033516,-0.110124,-9.80343,-9.804106,0.003195,-0.00852,0.00213,98633.99,27.09,0.0134371,
1448.972855,0.010092,-0.057456,-0.117306,-9.808218,-9.809088,0,-0.00426,0.005325,98633.99,27.09,0.0084551,
1448.983017,0.010162,-0.004788,-0.098154,-9.80343,-9.803923,0.005325,-0.005325,0,98633.99,27.09,0.0136201,
1448.993366,0.010349,-0.045486,-0.129276,-9.85131,-9.852263,0,-0.00639,0.00426,98636.41,27.09,-0.0347199,
1449.003512,0.010146,-0.057456,-0.10773,-9.801036,-9.801796,-0.001065,-0.001065,0.001065,98636.41,27.09,0.0157471,
1449.013666,0.010154,0.014364,-0.09576,-9.801036,-9.801514,0.005325,-0.007455,0.003195,98636.41,27.09,0.0160291,
1449.023747,0.010081,-0.045486,-0.114912,-9.80343,-9.804209,-0.001065,-0.003195,0.00213,98636.41,27.09,0.0133341,
1449.033832,0.010084,-0.090972,-0.098154,-9.832158,-9.833069,0.001065,-0.00426,0.003195,98636.41,27.09,-0.0155259,
1449.043925,0.010093,-0.028728,-0.08379,-9.841734,-9.842133,0.00426,-0.005325,0.00213,98636.41,27.09,-0.0245899,
1449.054008,0.010084,-0.05985,-0.136458,-9.841734,-9.842862,0.001065,-0.00426,0.00639,98638.69,27.09,-0.0253189,
1449.0641,0.010092,-0.08379,-0.074214,-9.820188,-9.820826,0.00426,-0.00426,0.003195,98638.69,27.09,-0.0032829,
1449.074193,0.010093,-0.045486,-0.088578,-9.853704,-9.854207,0,-0.007455,0.00213,98638.69,27.09,-0.0366639,
1449.084302,0.010109,-0.088578,-0.079002,-9.865674,-9.866388,0.003195,-0.00213,0.003195,98638.69,27.09,-0.0488449,
1449.094404,0.010102,-0.026334,-0.09576,-9.820188,-9.82069,0.00213,-0.00639,0.001065,98638.69,27.09,-0.0031469,
1449.104522,0.010118,-0.079002,-0.074214,-9.86328,-9.863876,0.003195,-0.007455,0.001065,98638.69,27.09,-0.0463329,
1449.114605,0.010083,-0.069426,-0.076608,-9.903978,-9.904518,-0.001065,-0.001065,0.00426,98641.07,27.09,-0.0869749,
1449.124686,0.010081,-0.052668,-0.08379,-9.870462,-9.870958,0.00426,-0.007455,0.003195,98641.07,27.09,-0.0534149,
1449.13478,0.010095,-0.088578,-0.074214,-9.882432,-9.883108,0.00426,-0.009585,0.001065,98641.07,27.09,-0.0655649,
1449.144885,0.010105,-0.05985,-0.076608,-9.877644,-9.878122,0.00213,-0.005325,0.001065,98641.07,27.09,-0.0605789,
1449.154974,0.010089,-0.052668,-0.09576,-9.872856,-9.873461,0.009585,-0.00852,-0.001065,98641.07,27.09,-0.0559179,
1449.165056,0.010081,-0.045486,-0.100548,-9.872856,-9.873473,0.001065,-0.003195,0,98641.07,27.09,-0.0559299,
1449.175153,0.010097,-0.004788,-0.09576,-9.884826,-9.885291,0.00639,-0.005325,0.001065,98641.07,27.09,-0.0677479,
1449.185235,0.010082,-0.031122,-0.102942,-9.872856,-9.873442,0.00639,-0.009585,0.001065,98641.07,27.09,-0.0558989,
1449.195343,0.010108,-0.031122,-0.093366,-9.860886,-9.861377,0.00426,-0.00639,0.00213,98641.07,27.09,-0.0438339,
1449.206172,0.010829,0.062244,-0.081396,-9.810612,-9.811147,0.003195,-0.00852,-0.001065,98641.07,27.09,0.0063961,
1449.216323,0.010151,0.055062,-0.067032,-9.820188,-9.820571,0.00639,-0.00639,-0.00213,98641.07,27.09,-0.0030279,
1449.226453,0.01013,0.112518,-0.079002,-9.82737,-9.828332,0,-0.007455,-0.00213,98641.07,27.09,-0.0107889,
1449.23654,0.010088,0.10773,-0.019152,-9.813006,-9.813616,0.00639,-0.00852,0.003195,98641.07,27.09,0.0039271,
1449.246643,0.010102,0.114912,-0.064638,-9.789066,-9.789954,0.003195,-0.00852,-0.001065,98643.57,27.09,0.0275891,
1449.256727,0.010084,0.069426,-0.028728,-9.793854,-9.794142,0.001065,-0.005325,0.001065,98643.57,27.09,0.0234011,
1449.266873,0.010147,0.088578,-0.019152,-9.801036,-9.801455,0.005325,-0.009585,0.001065,98643.57,27.09,0.0160881,
1449.277012,0.010139,0.09576,-0.026334,-9.8154,-9.815902,0.00213,-0.00426,0.003195,98643.57,27.09,0.0016411,
1449.287152,0.01014,0.086184,-0.045486,-9.82737,-9.827853,0.00213,-0.003195,0.001065,98643.57,27.09,-0.0103099,
1449.297373,0.010221,0.079002,-0.002394,-9.786672,-9.786991,0.005325,-0.00852,0.003195,98643.57,27.09,0.0305521,
1449.307553,0.01018,0.07182,-0.02394,-9.793854,-9.794147,0.005325,-0.007455,0.003195,98646.25,27.09,0.0233961,
1449.317899,0.010346,0.04788,-0.04788,-9.817794,-9.818028,0.00426,-0.00213,-0.001065,98646.25,27.09,-0.0004849,
1449.328052,0.010154,0.102942,-0.021546,-9.817794,-9.818357,0.00639,-0.00639,0.00426,98646.25,27.09,-0.0008139,
1449.33814,0.010088,0.055062,-0.055062,-9.813006,-9.813315,0.00213,-0.003195,0.00213,98646.25,27.09,0.0042281,
1449.3483,0.01016,-0.01197,-0.03591,-9.82737,-9.827443,0.007455,-0.00426,0.00213,98646.25,27.09,-0.0098999,
1449.358386,0.010086,0.05985,-0.038304,-9.82737,-9.827627,0.001065,-0.00852,0.001065,98646.25,27.09,-0.0100839,
1449.368486,0.0101,0.004788,-0.069426,-9.786672,-9.786919,0.003195,-0.005325,0.001065,98646.25,27.09,0.0306241,
1449.378582,0.010096,-0.050274,-0.050274,-9.820188,-9.820445,0.00426,-0.00639,0.00213,98648.78,27.09,-0.0029019,
1449.388687,0.010105,-0.002394,-0.05985,-9.817794,-9.817977,0.00213,-0.00852,0.00213,98648.78,27.09,-0.0004339,
1449.398814,0.010127,-0.021546,-0.09576,-9.832158,-9.832648,0.00639,-0.01065,0,98648.78,27.09,-0.0151049,
1449.40893,0.010116,-0.026334,-0.067032,-9.832158,-9.832422,0.003195,-0.00426,0.001065,98648.78,27.09,-0.0148789,
1449.419038,0.010108,-0.019152,-0.05985,-9.83934,-9.839541,0.00426,-0.005325,0.001065,98648.78,27.09,-0.0219979,
1449.429569,0.010532,-0.067032,-0.100548,-9.858492,-9.859233,0.001065,-0.00213,-0.001065,98648.78,27.09,-0.0416899,
1449.439664,0.010094,-0.01197,-0.090972,-9.865674,-9.866101,0.005325,-0.009585,0,98651.21,27.09,-0.0485579,
1449.449749,0.010085,-0.02394,-0.08379,-9.865674,-9.866059,0.00213,-0.00639,0.003195,98651.21,27.09,-0.0485159,
1449.459848,0.010099,-0.081396,-0.124488,-9.846522,-9.847645,0.00426,-0.00426,0.003195,98651.21,27.09,-0.0301019,
1449.469942,0.010093,-0.045486,-0.067032,-9.82737,-9.827704,0.00426,-0.01278,0.001065,98651.21,27.09,-0.0101609,
1449.480044,0.010102,0,-0.110124,-9.82737,-9.827987,0.00426,-0.00213,0.001065,98651.21,27.09,-0.0104439,
1449.490131,0.010087,-0.040698,-0.088578,-9.820188,-9.820672,0.003195,-0.00852,0.003195,98651.21,27.09,-0.0031289,
1449.500245,0.010114,-0.038304,-0.136458,-9.8154,-9.816423,0.00426,-0.007455,0,98651.21,27.09,0.0011201,
1449.510337,0.010092,0.021546,-0.153216,-9.801036,-9.802257,0.003195,-0.00639,0.001065,98651.21,27.09,0.0152861,
1449.520492,0.010155,-0.038304,-0.086184,-9.786672,-9.787126,0.003195,-0.00639,0.003195,98651.21,27.09,0.0304171,
1449.530728,0.010236,-0.002394,-0.100548,-9.772308,-9.772826,0.00213,-0.00639,0.003195,98651.21,27.09,0.0447171,
1449.54082,0.010092,-0.043092,-0.136458,-9.796248,-9.797293,0.003195,-0.007455,0,98651.21,27.09,0.0202501,
1449.550922,0.010102,-0.055062,-0.098154,-9.796248,-9.796894,0,-0.003195,0.003195,98651.21,27.09,0.0206491,
1449.561026,0.010103,-0.028728,-0.081396,-9.798642,-9.799022,0.005325,-0.005325,0.00213,98653.81,27.08,0.0185211,
1449.571113,0.010088,-0.03591,-0.134064,-9.784278,-9.785262,0,-0.00426,0.001065,98653.81,27.08,0.0322811,
1449.581199,0.010086,0.002394,-0.076608,-9.777096,-9.777396,0.00213,-0.00426,0.001065,98653.81,27.08,0.0401471,
1449.591493,0.010294,0.007182,-0.090972,-9.777096,-9.777522,0.00213,-0.007455,0.003195,98653.81,27.08,0.0400211,
1449.601579,0.010086,-0.07182,-0.122094,-9.822582,-9.823603,0.005325,-0.005325,0.00213,98653.81,27.08,-0.0060599,
1449.611718,0.010139,0.01197,-0.117306,-9.777096,-9.777807,0,-0.001065,0.003195,98653.81,27.08,0.0397361,
1449.621804,0.010087,0.028728,-0.10773,-9.777096,-9.777732,0.005325,-0.00852,0.003195,98653.81,27.08,0.0398111,
1449.631909,0.010105,0.004788,-0.114912,-9.822582,-9.823255,0.001065,-0.00426,0.00213,98656.35,27.08,-0.0057119,
1449.642015,0.010106,0.038304,-0.081396,-9.822582,-9.822994,0.003195,-0.00639,0.003195,98656.35,27.08,-0.0054509,
1449.652876,0.010861,0.016758,-0.117306,-9.796248,-9.796965,0,-0.00426,0.00213,98656.35,27.08,0.0205781,
1449.664074,0.011198,-0.004788,-0.09576,-9.796248,-9.796717,0.001065,-0.00426,0.001065,98656.35,27.08,0.0208261,
1449.675259,0.011185,0.01197,-0.069426,-9.80343,-9.803683,0.00426,-0.00852,0.00213,98656.35,27.08,0.0138601,
1449.686382,0.011123,-0.002394,-0.102942,-9.856098,-9.856636,-0.001065,-0.00426,0.003195,98656.35,27.08,-0.0390929,
1449.697515,0.011132,0.033516,-0.067032,-9.844128,-9.844413,0.005325,-0.005325,0.00213,98658.95,27.08,-0.0268699,
1449.708799,0.011285,-0.014364,-0.076608,-9.832158,-9.832467,0.003195,-0.00639,0.003195,98658.95,27.08,-0.0149239,
1449.719868,0.011068,-0.055062,-0.057456,-9.83934,-9.839662,0.00213,-0.001065,0.003195,98658.95,27.08,-0.0221189,
1449.731163,0.011295,0.02394,-0.062244,-9.83934,-9.839566,0.005325,-0.007455,0.00213,98658.95,27.08,-0.0220229,
1449.742271,0.011108,0.009576,-0.076608,-9.85131,-9.851613,0.00426,-0.005325,0.001065,98658.95,27.08,-0.0340699,
1449.753456,0.011185,-0.009576,-0.055062,-9.853704,-9.853862,0.001065,-0.003195,-0.001065,98661.5,27.08,-0.0363189,
1449.764624,0.011168,0.026334,-0.028728,-9.856098,-9.856175,0.00852,-0.01065,0.003195,98661.5,27.08,-0.0386319,
1449.775858,0.011235,-0.01197,-0.086184,-9.822582,-9.822967,0.005325,-0.005325,0.003195,98661.5,27.08,-0.0054239,
1449.787704,0.011846,-0.021546,-0.019152,-9.8154,-9.815442,0.00639,-0.007455,0,98661.5,27.08,0.0021011,
1449.798228,0.010524,-0.002394,-0.081396,-9.8154,-9.815738,0.003195,-0.00639,0.00213,98661.5,27.08,0.0018051,
1449.810068,0.01184,0.007182,-0.052668,-9.824976,-9.82512,0.005325,-0.003195,0.00213,98661.5,27.08,-0.0075769,
1449.820554,0.010486,0.045486,-0.007182,-9.805824,-9.805932,0.007455,-0.007455,0.00213,98661.5,27.08,0.0116111,
1449.831724,0.01117,-0.014364,-0.050274,-9.808218,-9.808357,0,-0.005325,0.001065,98661.5,27.08,0.0091861,
1449.842935,0.011211,-0.019152,-0.069426,-9.793854,-9.794119,0.00426,-0.007455,0.00426,98661.5,27.08,0.0234241,
1449.854225,0.011291,0.026334,0,-9.80343,-9.803465,0.00639,-0.00852,0.00213,98661.5,27.08,0.0140781,
1449.865327,0.011102,0.033516,-0.031122,-9.832158,-9.832264,0.003195,-0.00426,0.003195,98661.5,27.08,-0.0147209,
1449.876438,0.011111,0.021546,-0.062244,-9.79146,-9.791682,0.00213,-0.01065,0,98661.5,27.08,0.0258611,
1449.887774,0.011336,0,-0.026334,-9.822582,-9.822617,0.001065,-0.00639,0.003195,98664.04,27.08,-0.0050739,
1449.898897,0.011123,0.004788,-0.009576,-9.841734,-9.84174,0.00426,-0.00852,0.00426,98664.04,27.08,-0.0241969,
1449.910059,0.011162,0.028728,-0.04788,-9.829764,-9.829923,0.00213,-0.009585,0.003195,98664.04,27.08,-0.0123799,
1449.921186,0.011127,-0.002394,-0.055062,-9.80343,-9.803585,0.007455,-0.01065,0.003195,98664.04,27.08,0.0139581,
1449.932353,0.011167,-0.02394,-0.045486,-9.798642,-9.798777,0.00852,-0.00852,0.00426,98664.04,27.08,0.0187661,
1449.944571,0.012218,-0.014364,-0.019152,-9.832158,-9.832187,0.001065,-0.00639,0.003195,98666.65,27.08,-0.0146439,
1449.954753,0.010182,0.114912,-0.074214,-9.789066,-9.790022,0.00639,-0.007455,0.001065,98666.65,27.08,0.0275211,
1449.965948,0.011195,0.079002,-0.04788,-9.777096,-9.777532,0.00639,-0.00852,0,98666.65,27.08,0.0400111,
1449.977163,0.011216,0.01197,-0.03591,-9.774702,-9.774775,0,-0.00639,0.001065,98666.65,27.08,0.0427681,
1449.988331,0.011167,0.09576,-0.088578,-9.781884,-9.782754,0.003195,-0.005325,0,98666.65,27.08,0.0347891,
1449.999775,0.011444,-0.02394,-0.08379,-9.798642,-9.799029,0.003195,-0.00426,-0.001065,98666.65,27.08,0.0185141,
1450.010791,0.011016,0.007182,-0.04788,-9.810612,-9.810731,0,-0.00639,0.001065,98669.22,27.08,0.0068121,
1450.022012,0.011222,0.031122,-0.050274,-9.784278,-9.784457,0.00852,-0.00639,0.001065,98669.22,27.08,0.0330861,
1450.033017,0.011004,-0.014364,-0.158004,-9.796248,-9.797533,-0.00213,-0.001065,0.00213,98669.22,27.08,0.0200101,
1450.044238,0.011222,0.01197,-0.090972,-9.820188,-9.820617,0.007455,-0.00639,0,98669.22,27.08,-0.0030739,
1450.055462,0.011223,-0.028728,-0.162792,-9.808218,-9.809611,-0.003195,-0.001065,0.003195,98669.22,27.08,0.0079321,
1450.066609,0.011148,-0.007182,-0.141246,-9.810612,-9.811631,0.00426,-0.00213,0.00213,98669.22,27.08,0.0059121,
1450.077883,0.011274,-0.033516,-0.076608,-9.805824,-9.806181,0.00213,-0.00426,0.001065,98671.75,27.08,0.0113621,
1450.089087,0.011203,-0.016758,-0.138852,-9.8154,-9.816396,-0.001065,-0.001065,0,98671.75,27.08,0.0011471,
1450.100257,0.01117,0.016758,-0.122094,-9.82737,-9.828143,0.001065,-0.005325,0.003195,98671.75,27.08,-0.0105999,
1450.111373,0.011116,-0.019152,-0.126882,-9.8154,-9.816239,0.003195,-0.00426,0.00213,98671.75,27.08,0.0013041,
1450.122532,0.011159,-0.050274,-0.1197,-9.786672,-9.787533,0.00426,-0.00639,0.003195,98671.75,27.08,0.0300101,
1450.133733,0.011202,-0.033516,-0.110124,-9.822582,-9.823256,0.001065,-0.005325,0.003195,98671.75,27.08,-0.0057129,
1450.144923,0.01119,-0.028728,-0.126882,-9.829764,-9.830625,0,-0.00426,0.003195,98671.75,27.08,-0.0130819,
1450.156122,0.011199,-0.04788,-0.069426,-9.86328,-9.863641,0.00213,-0.009585,0.003195,98671.75,27.08,-0.0460979,
1450.167315,0.011192,-0.019152,-0.102942,-9.824976,-9.825534,0.00213,-0.00426,0.001065,98671.75,27.08,-0.0079909,
1450.178441,0.011126,-0.064638,-0.100548,-9.82737,-9.828097,0.001065,-0.00639,0.00213,98671.75,27.08,-0.0105539,
1450.189758,0.011318,-0.062244,-0.064638,-9.85131,-9.851719,0.00426,-0.007455,0.00426,98671.75,27.08,-0.0341759,
1450.200897,0.011138,-0.04788,-0.098154,-9.865674,-9.866278,0.001065,-0.00426,0,98674.28,27.08,-0.0487349,
1450.212003,0.011106,-0.043092,-0.10773,-9.844128,-9.844812,0,-0.00639,0,98674.28,27.08,-0.0272689,
1450.223203,0.0112,-0.057456,-0.110124,-9.848916,-9.849699,0.00639,-0.005325,-0.00213,98674.28,27.08,-0.0321559,
1450.234446,0.011243,-0.074214,-0.088578,-9.82737,-9.828049,0.001065,-0.007455,-0.003195,98674.28,27.08,-0.0105059,
1450.245558,0.011112,-0.043092,-0.067032,-9.817794,-9.818117,0.001065,-0.005325,0,98674.28,27.08,-0.0005739,
1450.256963,0.011405,-0.052668,-0.08379,-9.824976,-9.825474,0.00426,-0.00639,0,98674.28,27.08,-0.0079309,
1450.268041,0.011078,-0.043092,-0.093366,-9.829764,-9.830302,0.00639,-0.009585,0,98676.79,27.08,-0.0127589,
1450.279192,0.011151,-0.03591,-0.040698,-9.810612,-9.810762,0.00426,-0.00852,0,98676.79,27.08,0.0067811,
1450.290301,0.011109,-0.040698,-0.062244,-9.80343,-9.803712,0.005325,-0.009585,0,98676.79,27.08,0.0138311,
1450.301474,0.011173,-0.028728,-0.07182,-9.798642,-9.798947,0.00639,-0.01065,0.00213,98676.79,27.08,0.0185961,
1450.312676,0.011203,-0.026334,-0.086184,-9.798642,-9.799056,0.005325,-0.011715,0,98676.79,27.08,0.0184871,
1450.323829,0.011153,-0.014364,-0.090972,-9.796248,-9.796681,0.003195,-0.00852,-0.001065,98676.79,27.08,0.0208621,
1450.336024,0.012195,0.033516,-0.055062,-9.824976,-9.825187,0.00426,-0.00852,0.001065,98679.4,27.08,-0.0076439,
1450.346281,0.010256,0.067032,-0.03591,-9.774702,-9.774998,0.00852,-0.007455,-0.001065,98679.4,27.08,0.0425451,
1450.357434,0.011153,0.069426,-0.031122,-9.793854,-9.79415,0.00426,-0.005325,0.00213,98679.4,27.08,0.0233931,
1450.368765,0.011331,0.129276,-0.038304,-9.765126,-9.766057,0.005325,-0.00852,0.001065,98679.4,27.08,0.0514861,
1450.379794,0.011029,0.124488,-0.045486,-9.808218,-9.809113,0.005325,-0.01065,0.00213,98679.4,27.08,0.0084301,
1450.391026,0.011233,0.088578,0.007182,-9.798642,-9.799045,0.00426,-0.007455,0.003195,98679.4,27.08,0.0184981,
1450.402255,0.011229,0.186732,-0.045486,-9.781884,-9.783772,0.005325,-0.00639,0.003195,98681.94,27.08,0.0337711,
1450.413322,0.011066,0.090972,-0.016758,-9.774702,-9.77514,0.003195,-0.009585,0.005325,98681.94,27.08,0.0424031,
1450.424501,0.011179,0.117306,-0.009576,-9.793854,-9.794561,0.00213,-0.007455,0.00213,98681.94,27.08,0.0229821,
1450.435745,0.011244,0.158004,-0.014364,-9.77949,-9.780777,0.003195,-0.005325,0.003195,98681.94,27.08,0.0367661,
1450.446906,0.011161,0.114912,-0.040698,-9.796248,-9.797006,0.003195,-0.007455,0.00426,98681.94,27.08,0.0205371,
1450.458096,0.01119,0.129276,0.009576,-9.789066,-9.789924,0.00426,-0.007455,0.00426,98684.34,27.08,0.0276191,
1450.469287,0.011191,0.093366,-0.007182,-9.769914,-9.770363,0.001065,-0.003195,0.00426,98684.34,27.08,0.0471801,
1450.480432,0.011145,0.002394,-0.01197,-9.769914,-9.769922,0.001065,0,0.00426,98684.34,27.08,0.0476211,
1450.491675,0.011243,0.07182,-0.02394,-9.813006,-9.813298,0.005325,-0.011715,0.00426,98684.34,27.08,0.0042451,
1450.502912,0.011237,0.009576,-0.038304,-9.824976,-9.825055,0.001065,-0.00426,0.003195,98684.34,27.08,-0.0075119,
1450.514097,0.011184,0.016758,-0.04788,-9.793854,-9.793985,0.00426,-0.007455,0.003195,98684.34,27.08,0.0235581,
1450.525217,0.01112,-0.01197,-0.064638,-9.813006,-9.813226,0.001065,-0.00213,0.003195,98684.34,27.08,0.0043171,
1450.536355,0.011139,-0.04788,-0.019152,-9.8154,-9.815535,0.00426,0,0.00213,98684.34,27.08,0.0020081,
1450.547556,0.011201,-0.004788,-0.062244,-9.77949,-9.779689,0.00213,-0.001065,0.00213,98684.34,27.08,0.0378541,
1450.558794,0.011237,-0.009576,-0.069426,-9.8154,-9.81565,0,-0.00426,0.001065,98684.34,27.08,0.0018931,
1450.57001,0.011217,-0.01197,-0.069426,-9.808218,-9.808471,0.003195,-0.00426,0.00213,98684.34,27.08,0.0090721,
1450.581094,0.011083,-0.079002,-0.105336,-9.77949,-9.780376,0,-0.003195,0.001065,98684.34,27.08,0.0371671,
1450.592295,0.011201,-0.055062,-0.055062,-9.777096,-9.777406,0.001065,-0.00213,0,98687,27.08,0.0401371,
1450.603525,0.01123,-0.07182,-0.102942,-9.813006,-9.813809,0.003195,-0.007455,0.00213,98687,27.08,0.0037341,
1450.614836,0.011311,-0.007182,-0.1197,-9.846522,-9.847252,0.001065,-0.00426,0,98687,27.08,-0.0297089,
1450.625882,0.011046,-0.019152,-0.074214,-9.844128,-9.844426,0.005325,-0.00426,0.001065,98687,27.08,-0.0268829,
1450.637077,0.011195,-0.064638,-0.114912,-9.810612,-9.811498,0.00213,-0.001065,0,98687,27.08,0.0060451,
1450.648303,0.011226,-0.04788,-0.10773,-9.834552,-9.835259,0.00426,-0.005325,0.001065,98689.66,27.08,-0.0177159,
1450.659484,0.011182,-0.028728,-0.114912,-9.856098,-9.85681,0.001065,-0.00213,0.001065,98689.66,27.08,-0.0392669,
1450.670615,0.011131,-0.014364,-0.122094,-9.841734,-9.842502,0.003195,-0.005325,0.003195,98689.66,27.08,-0.0249589,
1450.681762,0.011147,-0.014364,-0.079002,-9.836946,-9.837274,0.00639,-0.005325,0.003195,98689.66,27.08,-0.0197309,
1450.69297,0.011209,-0.01197,-0.122094,-9.82737,-9.828136,0.003195,-0.00852,0.003195,98689.66,27.08,-0.0105929,
1450.704323,0.011353,-0.05985,-0.141246,-9.844128,-9.845323,0.001065,-0.003195,0,98689.66,27.08,-0.0277799,
1450.715468,0.011145,-0.014364,-0.098154,-9.846522,-9.847022,0.007455,-0.01065,0.00213,98692.24,27.08,-0.0294789,
1450.726559,0.01109,-0.009576,-0.126882,-9.853704,-9.854526,0.003195,-0.00852,0.001065,98692.24,27.08,-0.0369829,
1450.737776,0.011217,-0.009576,-0.08379,-9.853704,-9.854065,0.00426,-0.005325,0.00426,98692.24,27.08,-0.0365219,
1450.749245,0.011469,0.019152,-0.136458,-9.83934,-9.840305,0.005325,-0.005325,0.00213,98692.24,27.08,-0.0227619,
1450.760226,0.010981,-0.038304,-0.122094,-9.834552,-9.835384,0.005325,-0.01065,0.003195,98692.24,27.08,-0.0178409,
1450.771363,0.011137,-0.033516,-0.098154,-9.836946,-9.837493,0.00426,-0.007455,0.003195,98692.24,27.08,-0.0199499,
1450.782633,0.011269,0.016758,-0.136458,-9.836946,-9.837907,0.00213,-0.00852,0,98694.91,27.08,-0.0203639,
1450.793664,0.011031,-0.02394,-0.110124,-9.844128,-9.844773,0.007455,-0.007455,0.003195,98694.91,27.08,-0.0272299,
1450.804809,0.011145,-0.021546,-0.09576,-9.82737,-9.82786,0.00213,-0.00426,0.001065,98694.91,27.08,-0.0103169,
1450.815981,0.011172,-0.009576,-0.105336,-9.808218,-9.808788,0.003195,-0.005325,0,98694.91,27.08,0.0087551,
1450.827315,0.011335,-0.055062,-0.117306,-9.753156,-9.754017,0.003195,-0.00426,0.00213,98694.91,27.08,0.0635261,
1450.838351,0.011036,-0.040698,-0.10773,-9.786672,-9.78735,0.00426,-0.007455,0,98694.91,27.08,0.0301931,
1450.849656,0.011305,-0.043092,-0.090972,-9.793854,-9.794371,0.005325,-0.00426,0.003195,98694.91,27.08,0.0231721,
1450.860745,0.01109,-0.016758,-0.1197,-9.774702,-9.775449,0.003195,-0.00639,0.003195,98694.91,27.08,0.0420941,
1450.871923,0.011178,-0.02394,-0.076608,-9.741186,-9.741517,0.003195,-0.003195,0.00213,98694.91,27.08,0.0760261,
1450.883178,0.011255,-0.090972,-0.093366,-9.769914,-9.770784,0.005325,-0.005325,0,98694.91,27.08,0.0467591,
1450.894319,0.011141,-0.033516,-0.126882,-9.753156,-9.754039,-0.003195,-0.00639,0.005325,98694.91,27.08,0.0635041,
1450.905547,0.011228,0.004788,-0.093366,-9.82737,-9.827815,0.00213,-0.007455,0.001065,98697.46,27.08,-0.0102719,
1450.916678,0.011131,-0.055062,-0.074214,-9.789066,-9.789502,0,-0.003195,0.001065,98697.46,27.08,0.0280411,
1450.927846,0.011168,-0.014364,-0.08379,-9.769914,-9.770284,0.001065,-0.00639,0.003195,98697.46,27.08,0.0472591,
1450.939002,0.011156,-0.112518,-0.105336,-9.805824,-9.807035,0.00213,0,0.003195,98697.46,27.08,0.0105081,
1450.950214,0.011212,-0.033516,-0.074214,-9.798642,-9.79898,0.00213,-0.00426,0.00213,98697.46,27.08,0.0185631,
1450.961661,0.011447,0.002394,-0.074214,-9.810612,-9.810893,0.00213,-0.007455,0.001065,98697.46,27.08,0.0066501,
1450.972607,0.010946,-0.069426,-0.105336,-9.83934,-9.840149,0.001065,-0.00426,0.003195,98700.21,27.08,-0.0226059,
1450.983724,0.011117,-0.009576,-0.102942,-9.832158,-9.832702,0.003195,-0.00852,0.001065,98700.21,27.08,-0.0151589,
1450.995141,0.011417,-0.004788,-0.098154,-9.83934,-9.839831,0.00426,-0.005325,0.00213,98700.21,27.08,-0.0222879,
1451.006289,0.011148,-0.040698,-0.079002,-9.822582,-9.822984,0.001065,-0.001065,0.00426,98700.21,27.08,-0.0054409,
1451.017336,0.011047,0.040698,-0.110124,-9.848916,-9.849616,0.00213,-0.00426,0.001065,98700.21,27.08,-0.0320729,
1451.02855,0.011213,0.019152,-0.086184,-9.858492,-9.858887,0.005325,-0.007455,0.001065,98700.21,27.08,-0.0413439,
1451.039756,0.011207,0.009576,-0.076608,-9.858492,-9.858794,0,-0.001065,0.001065,98702.81,27.08,-0.0412509,
1451.050987,0.011231,0.050274,-0.057456,-9.848916,-9.849212,0.005325,-0.00852,0.005325,98702.81,27.08,-0.0316689,
1451.062087,0.011099,0,-0.05985,-9.856098,-9.85628,0.00213,-0.00639,0.00213,98702.81,27.08,-0.0387369,
1451.0732,0.011114,0.040698,-0.08379,-9.882432,-9.882871,0.00426,-0.009585,0.00213,98702.81,27.08,-0.0653279,
1451.085192,0.011992,0.08379,-0.07182,-9.85131,-9.851928,0.00426,-0.00426,0.00213,98702.81,27.08,-0.0343849,
1451.09565,0.010458,0.081396,-0.019152,-9.848916,-9.849271,0.005325,-0.003195,0.00426,98702.81,27.08,-0.0317279,
1451.108025,0.012374,0.01197,-0.002394,-9.79146,-9.791468,0.00639,-0.00852,0.005325,98705.47,27.08,0.0260751,
1451.118587,0.010562,-0.004788,-0.04788,-9.774702,-9.77482,0.003195,-0.00213,0.00213,98705.47,27.08,0.0427231,
1451.128684,0.010098,0.090972,-0.007182,-9.786672,-9.787097,0.00852,-0.007455,0.00426,98705.47,27.08,0.0304461,
1451.140304,0.011619,0.064638,-0.01197,-9.805824,-9.806044,0.003195,-0.00639,0.001065,98705.47,27.08,0.0114991,
1451.151569,0.011266,0.074214,0.002394,-9.824976,-9.825257,0.003195,-0.003195,0.00426,98705.47,27.08,-0.0077139,
1451.16295,0.01138,0.081396,0.019152,-9.75555,-9.755908,0.00426,-0.007455,0.00213,98705.47,27.08,0.0616351,
1451.173923,0.010974,-0.004788,0.01197,-9.79146,-9.791468,0.003195,-0.00426,0.001065,98705.47,27.08,0.0260751,
1451.185067,0.011144,0.050274,0.016758,-9.8154,-9.815543,0.003195,-0.01065,0.001065,98705.47,27.08,0.0020001,
1451.195171,0.010104,0.02394,-0.045486,-9.841734,-9.841868,0.005325,-0.005325,0.003195,98705.47,27.08,-0.0243249,
1451.205269,0.010098,0.009576,-0.007182,-9.824976,-9.824983,0.00639,-0.00639,0.00213,98705.47,27.08,-0.0074399,
1451.215354,0.010085,-0.009576,-0.03591,-9.820188,-9.820258,0.00426,-0.003195,0.00639,98705.47,27.08,-0.0027149,
1451.225458,0.010104,-0.03591,-0.050274,-9.793854,-9.794049,0.00426,-0.009585,-0.003195,98705.47,27.08,0.0234941,
1451.235545,0.010087,-0.031122,-0.07182,-9.798642,-9.798955,0.00213,-0.007455,0.00426,98707.95,27.08,0.0185881,
1451.245721,0.010176,0,-0.074214,-9.808218,-9.808499,0.001065,-0.003195,-0.001065,98707.95,27.08,0.0090441,
1451.255806,0.010085,0,-0.062244,-9.820188,-9.820385,0.007455,-0.00852,0.001065,98707.95,27.08,-0.0028419,
1451.265893,0.010087,-0.009576,-0.067032,-9.769914,-9.770149,0.00213,-0.005325,-0.001065,98707.95,27.08,0.0473941,
1451.276303,0.010409,-0.02394,-0.088578,-9.796248,-9.796678,0.00639,-0.007455,0.003195,98707.95,27.08,0.0208651,
1451.286413,0.010111,0.007182,-0.08379,-9.8154,-9.81576,0,-0.007455,0.001065,98707.95,27.08,0.0017831,
1451.296507,0.010094,-0.031122,-0.093366,-9.793854,-9.794348,0.005325,-0.00426,0.003195,98710.58,27.08,0.0231951,
1451.308135,0.011627,0.01197,-0.13167,-9.805824,-9.806715,0.00213,-0.00639,0.001065,98710.58,27.08,0.0108281,
1451.319302,0.011167,-0.004788,-0.102942,-9.817794,-9.818335,0.00639,-0.005325,0.00213,98710.58,27.08,-0.0007919,
1451.330598,0.011297,0,-0.141246,-9.85131,-9.852323,0.001065,-0.003195,0.00213,98710.58,27.08,-0.0347799,
1451.341693,0.011094,0.014364,-0.129276,-9.801036,-9.801899,0.00213,-0.005325,0.001065,98710.58,27.08,0.0156441,
1451.352882,0.011189,0.028728,-0.153216,-9.846522,-9.847756,0.003195,-0.00639,0.001065,98713.17,27.08,-0.0302129,
1451.364348,0.011466,0.031122,-0.136458,-9.83934,-9.840335,0.00213,-0.00639,0.007455,98713.17,27.08,-0.0227919,
1451.375329,0.010982,0.050274,-0.129276,-9.813006,-9.813986,0.00213,-0.005325,0.003195,98713.17,27.08,0.0035571,
1451.386474,0.011145,0.014364,-0.15561,-9.824976,-9.826219,0.00426,-0.007455,0.005325,98713.17,27.08,-0.0086759,
1451.39757,0.011096,-0.04788,-0.122094,-9.820188,-9.821064,0.001065,-0.00639,0.005325,98713.17,27.08,-0.0035209,
1451.409901,0.012332,-0.002394,-0.117306,-9.813006,-9.813707,0.003195,-0.00426,0.003195,98713.17,27.08,0.0038361,
1451.420594,0.010692,0.033516,-0.129276,-9.841734,-9.84264,0.00426,-0.00852,0.003195,98715.88,27.08,-0.0250969,
1451.431295,0.010701,-0.004788,-0.114912,-9.85131,-9.851981,0.00426,-0.00639,0.00426,98715.88,27.08,-0.0344379,
1451.442351,0.011056,-0.028728,-0.122094,-9.8154,-9.816201,0.00426,-0.00852,0.00639,98715.88,27.08,0.0013421,
1451.453496,0.011145,-0.038304,-0.100548,-9.822582,-9.823171,0.001065,-0.00639,0.003195,98715.88,27.08,-0.0056279,
1451.464703,0.011207,-0.055062,-0.081396,-9.83934,-9.839831,0.00213,-0.005325,0.00213,98715.88,27.08,-0.0222879,
1451.475877,0.011173,-0.007182,-0.062244,-9.841734,-9.841933,0.007455,-0.01065,0.003195,98715.88,27.08,-0.0243899,
1451.487115,0.011238,-0.050274,-0.102942,-9.872856,-9.873521,0.00426,-0.007455,0.003195,98715.88,27.08,-0.0559779,
1451.498425,0.011311,-0.028728,-0.05985,-9.848916,-9.84914,0.00639,-0.00852,0.003195,98715.88,27.08,-0.0315969,
1451.509536,0.011111,-0.064638,-0.031122,-9.829764,-9.830026,0.00639,-0.00852,0.005325,98715.88,27.08,-0.0124829,
1451.520707,0.01117,-0.07182,-0.04788,-9.83934,-9.839719,0.00213,-0.007455,0.00426,98715.88,27.08,-0.0221759,
1451.531986,0.01128,-0.019152,-0.028728,-9.841734,-9.841795,0.005325,-0.009585,0.00426,98715.88,27.08,-0.0242519,
1451.543222,0.011236,-0.004788,-0.002394,-9.8154,-9.815401,0.005325,-0.003195,0.00426,98715.88,27.08,0.0021421,
1451.554219,0.010997,0.074214,-0.019152,-9.784278,-9.784578,0.00213,-0.01065,0.003195,98718.63,27.08,0.0329651,
1451.565389,0.01117,-0.03591,0.009576,-9.8154,-9.81547,0.005325,-0.005325,0.001065,98718.63,27.08,0.0020731,
1451.576663,0.011274,-0.04788,0.002394,-9.841734,-9.841851,0,-0.005325,0.00426,98718.63,27.08,-0.0243079,
1451.587834,0.011171,0.05985,0.074214,-9.781884,-9.782349,0.009585,-0.011715,0,98718.63,27.08,0.0351941,
1451.598984,0.011149,-0.05985,-0.021546,-9.774702,-9.774909,-0.001065,-0.00426,0.001065,98718.63,27.08,0.0426341,
1451.610347,0.011363,-0.055062,0.028728,-9.817794,-9.81799,0.001065,0,0.003195,98721.37,27.08,-0.0004469,
1451.621366,0.011019,0.09576,-0.057456,-9.801036,-9.801672,0.01065,-0.01278,0.001065,98721.37,27.08,0.0158711,
1451.632469,0.011104,-0.033516,-0.033516,-9.772308,-9.772423,-0.00213,-0.00213,0,98721.37,27.08,0.0451201,
1451.643652,0.011183,0.043092,0.01197,-9.734004,-9.734107,0.00639,-0.005325,0,98721.37,27.08,0.0834361,
1451.654879,0.011227,0.079002,-0.1197,-9.810612,-9.81166,-0.00213,-0.003195,0.003195,98721.37,27.08,0.0058831,
1451.6663,0.01142,0.09576,-0.03591,-9.793854,-9.794388,0.003195,-0.005325,0.003195,98721.37,27.08,0.0231551,
1451.6773,0.011,0.069426,-0.026334,-9.786672,-9.786954,0.00213,-0.00639,0.00213,98724.18,27.08,0.0305891,
1451.688534,0.011234,0.031122,-0.126882,-9.805824,-9.806694,0.001065,-0.005325,0.00213,98724.18,27.08,0.0108491,
1451.699588,0.011055,0.045486,-0.081396,-9.813006,-9.813449,0.00213,-0.00426,0.003195,98724.18,27.08,0.0040941,
1451.710967,0.011379,0.07182,-0.114912,-9.844128,-9.845061,-0.001065,-0.00213,0.00639,98724.18,27.08,-0.0275179,
1451.722004,0.011037,0.01197,-0.129276,-9.868068,-9.868922,0.005325,-0.007455,0.00426,98724.18,27.08,-0.0513789,
1451.73309,0.011086,-0.016758,-0.110124,-9.824976,-9.825607,0.00213,-0.003195,0.00426,98724.18,27.08,-0.0080639,
1451.744311,0.011222,0.04788,-0.09576,-9.79146,-9.792045,0.005325,-0.009585,0.003195,98727,27.08,0.0254981,
1451.755602,0.011291,-0.03591,-0.126882,-9.829764,-9.830648,0,-0.001065,0.00213,98727,27.08,-0.0131049,
1451.766851,0.01125,0,-0.129276,-9.884826,-9.885671,0.00213,-0.01065,0.00426,98727,27.08,-0.0681279,
1451.777932,0.011081,0.038304,-0.081396,-9.858492,-9.858902,0.007455,0,0.003195,98727,27.08,-0.0413589,
1451.789089,0.011157,-0.081396,-0.13167,-9.836946,-9.838164,-0.001065,-0.005325,0.00639,98727,27.08,-0.0206209,
1451.800305,0.011217,-0.03591,-0.09576,-9.83934,-9.839872,0.00639,-0.007455,0.00213,98727,27.08,-0.0223289,
1451.811684,0.011378,-0.076608,-0.117306,-9.848916,-9.849912,0.003195,-0.00639,0.005325,98729.72,27.08,-0.0323689,
1451.822672,0.010989,-0.009576,-0.08379,-9.856098,-9.856459,0.00639,-0.007455,0.003195,98729.72,27.08,-0.0389159,
1451.833796,0.011124,-0.057456,-0.076608,-9.841734,-9.8422,0.00213,-0.007455,0,98729.72,27.08,-0.0246569,
1451.844979,0.011183,-0.076608,-0.067032,-9.829764,-9.830291,0.00426,-0.009585,0.001065,98729.72,27.08,-0.0127479,
1451.856317,0.011338,-0.04788,-0.031122,-9.817794,-9.81796,0.005325,-0.00852,0.001065,98729.72,27.08,-0.0004169,
1451.867626,0.011309,-0.08379,-0.033516,-9.805824,-9.806239,0.001065,-0.007455,0.001065,98729.72,27.08,0.0113041,
1451.878594,0.010968,-0.055062,-0.043092,-9.834552,-9.834801,0.003195,-0.00426,-0.001065,98729.72,27.08,-0.0172579,
1451.889893,0.011299,-0.081396,-0.07182,-9.8154,-9.816,0.005325,-0.01065,0.001065,98729.72,27.08,0.0015431,
1451.900892,0.010999,-0.098154,-0.05985,-9.820188,-9.820861,0.00213,-0.00639,-0.003195,98729.72,27.08,-0.0033179,
1451.912111,0.011218,-0.076608,-0.043092,-9.801036,-9.80143,0.00426,-0.00852,0,98729.72,27.08,0.0161131,
1451.923272,0.011161,-0.064638,-0.04788,-9.810612,-9.810942,0.007455,-0.01278,0,98729.72,27.08,0.0066011,
1451.934552,0.01128,-0.064638,-0.074214,-9.817794,-9.818287,0,-0.011715,0.001065,98732.6,27.08,-0.0007439,
1451.945635,0.011084,-0.002394,-0.02394,-9.817794,-9.817823,0.003195,-0.00852,-0.001065,98732.6,27.08,-0.0002799,
1451.956979,0.011344,-0.026334,-0.098154,-9.824976,-9.825502,0.005325,-0.00852,0.00213,98732.6,27.08,-0.0079589,
1451.968098,0.011119,-0.03591,-0.04788,-9.8154,-9.815582,0.00426,-0.01065,0,98732.6,27.08,0.0019611,
1451.979188,0.01109,-0.009576,-0.067032,-9.834552,-9.834785,0.005325,-0.00639,-0.001065,98732.6,27.08,-0.0172419,
1451.990496,0.011308,0.009576,-0.10773,-9.8154,-9.815996,0.003195,-0.00852,-0.001065,98732.6,27.08,0.0015471,
1452.001566,0.01107,0.021546,-0.102942,-9.846522,-9.847084,0.00639,-0.00852,0,98735.36,27.08,-0.0295409,
1452.012719,0.011153,-0.007182,-0.076608,-9.83934,-9.839641,0.005325,-0.005325,0.003195,98735.36,27.08,-0.0220979,
1452.02391,0.011191,0.02394,-0.110124,-9.832158,-9.832804,0.003195,-0.00213,0.001065,98735.36,27.08,-0.0152609,
1452.035151,0.011241,0.055062,-0.086184,-9.793854,-9.794388,0.00213,-0.00852,0,98735.36,27.08,0.0231551,
1452.04631,0.011159,0.043092,-0.07182,-9.80343,-9.803788,0.00213,-0.005325,0,98735.36,27.08,0.0137551,
1452.05754,0.01123,0.17955,-0.076608,-9.798642,-9.800586,0.00426,-0.00852,0.00213,98738.14,27.08,0.0169571,
1452.068788,0.011248,0.114912,-0.062244,-9.77949,-9.780363,0.005325,-0.009585,0.001065,98738.14,27.08,0.0371801,
1452.079921,0.011133,0.093366,-0.052668,-9.765126,-9.765714,0.005325,-0.00852,0.00426,98738.14,27.08,0.0518291,
1452.091075,0.011154,0.081396,-0.079002,-9.750762,-9.751422,-0.00213,-0.003195,0.00213,98738.14,27.08,0.0661211,
1452.102247,0.011173,0.064638,-0.076608,-9.762732,-9.763247,0.001065,0,0.00213,98738.14,27.08,0.0542961,
1452.113582,0.011335,0.074214,-0.028728,-9.750762,-9.751087,0.00213,-0.005325,0.00213,98738.14,27.08,0.0664561,
1452.124616,0.011034,0.10773,-0.076608,-9.789066,-9.789959,0.00213,-0.00426,0.003195,98741,27.08,0.0275841,
1452.135959,0.011343,0.069426,-0.081396,-9.777096,-9.777681,-0.00213,-0.001065,0,98741,27.08,0.0398621,
1452.146952,0.010994,-0.026334,-0.079002,-9.772308,-9.772663,0,-0.005325,0.003195,98741,27.08,0.0448801,
1452.158275,0.011323,-0.02394,-0.117306,-9.79146,-9.792192,-0.00426,-0.003195,0.00213,98741,27.08,0.0253511,
1452.169513,0.011238,0.021546,-0.07182,-9.8154,-9.815686,0,-0.003195,0.001065,98741,27.08,0.0018571,
1452.180485,0.010972,0.002394,-0.09576,-9.846522,-9.846988,0.001065,-0.00426,0.003195,98741,27.08,-0.0294449,
1452.191918,0.011432,-0.064638,-0.076608,-9.836946,-9.837457,0,0,0.00213,98741,27.08,-0.0199139,
1452.202885,0.010967,-0.016758,-0.114912,-9.834552,-9.835238,0.001065,-0.005325,0.00213,98741,27.08,-0.0176949,
1452.214097,0.011212,-0.086184,-0.074214,-9.844128,-9.844785,-0.00213,-0.00213,0,98741,27.08,-0.0272419,
1452.225246,0.011149,-0.074214,-0.09576,-9.848916,-9.849661,0.00213,-0.003195,0.003195,98741,27.08,-0.0321179,
1452.236498,0.011252,-0.031122,-0.086184,-9.860886,-9.861312,0.00213,-0.005325,0.001065,98741,27.08,-0.0437689,
1452.247641,0.011143,-0.055062,-0.102942,-9.877644,-9.878334,-0.00213,-0.001065,0.001065,98741,27.08,-0.0607909,
1452.25901,0.011369,-0.033516,-0.081396,-9.841734,-9.842128,0.003195,-0.005325,0,98743.65,27.08,-0.0245849,
1452.270263,0.011253,-0.033516,-0.07182,-9.834552,-9.834871,0.00213,-0.00639,0.00213,98743.65,27.08,-0.0173279,
1452.281172,0.010909,-0.03591,-0.076608,-9.858492,-9.858855,0.00213,-0.003195,0.001065,98743.65,27.08,-0.0413119,
1452.292346,0.011174,0.002394,-0.069426,-9.860886,-9.861131,0,-0.005325,0.003195,98743.65,27.08,-0.0435879,
1452.303556,0.01121,-0.031122,-0.098154,-9.834552,-9.835091,0.00639,-0.007455,0.00426,98743.65,27.08,-0.0175479,
1452.314999,0.011443,-0.074214,-0.067032,-9.8154,-9.815909,0.003195,-0.00639,0.003195,98746.25,27.08,0.0016341,
1452.325142,0.010143,-0.019152,-0.076608,-9.820188,-9.820505,0.00426,-0.007455,0.001065,98746.25,27.08,-0.0029619,
1452.335234,0.010092,-0.021546,-0.067032,-9.810612,-9.810865,0.005325,-0.009585,0.00213,98746.25,27.08,0.0066781,
1452.345351,0.010116,-0.038304,-0.081396,-9.846522,-9.846933,0.001065,-0.00426,0.00213,98746.25,27.08,-0.0293899,
1452.355467,0.010116,-0.01197,-0.052668,-9.80343,-9.803579,0.00426,-0.007455,0.003195,98746.25,27.08,0.0139641,
1452.365559,0.010092,-0.033516,-0.090972,-9.801036,-9.801515,0.00426,-0.009585,0.001065,98746.25,27.08,0.0160281,
1452.375681,0.010121,-0.05985,-0.098154,-9.793854,-9.794529,0.00426,-0.009585,0.00213,98746.25,27.08,0.0230141,
1452.385838,0.010157,-0.028728,-0.057456,-9.789066,-9.789277,0.00426,-0.00852,0,98749.07,27.08,0.0282661,
1452.39615,0.010312,-0.03591,-0.100548,-9.8154,-9.815981,0.003195,-0.007455,0.003195,98749.07,27.08,0.0015621,
1452.406285,0.010135,0.002394,-0.112518,-9.824976,-9.825621,0.005325,-0.007455,0.003195,98749.07,27.08,-0.0080779,
1452.416372,0.010087,-0.016758,-0.07182,-9.822582,-9.822859,0.00852,-0.00639,0.001065,98749.07,27.08,-0.0053159,
1452.426464,0.010092,0.021546,-0.098154,-9.810612,-9.811127,0.00213,-0.007455,0.005325,98749.07,27.08,0.0064161,
1452.436586,0.010122,0.007182,-0.064638,-9.820188,-9.820403,0.00639,-0.01065,0.00426,98749.07,27.08,-0.0028599,
1452.446674,0.010088,0.021546,-0.093366,-9.836946,-9.837413,0.005325,-0.01065,0.00213,98751.94,27.08,-0.0198699,
1452.456795,0.010121,0.045486,-0.03591,-9.8154,-9.815571,0.005325,-0.00639,0.00426,98751.94,27.08,0.0019721,
1452.466879,0.010084,0.067032,-0.055062,-9.822582,-9.822965,0.00426,-0.00852,0.001065,98751.94,27.08,-0.0054219,
1452.476965,0.010086,0.067032,-0.062244,-9.8154,-9.815826,0.00426,-0.005325,0.00426,98751.94,27.08,0.0017171,
1452.487061,0.010096,0.052668,-0.04788,-9.79146,-9.791719,0.00426,-0.007455,0.001065,98751.94,27.08,0.0258241,
1452.497147,0.010085,0.050274,-0.05985,-9.796248,-9.79656,0.003195,-0.00426,0.001065,98751.94,27.08,0.0209831,
1452.507238,0.010091,0.045486,-0.031122,-9.801036,-9.801191,0.00639,-0.00852,0.001065,98751.94,27.08,0.0163521,
1452.517772,0.010535,0.04788,-0.067032,-9.793854,-9.7942,0,-0.003195,0.001065,98751.94,27.08,0.0233431,
1452.528028,0.010256,0.07182,-0.052668,-9.774702,-9.775108,0.00426,-0.005325,0,98751.94,27.08,0.0424351,
1452.538134,0.010106,0.057456,-0.057456,-9.789066,-9.789403,0.00213,-0.007455,-0.001065,98751.94,27.08,0.0281401,
1452.548286,0.010152,0.021546,-0.050274,-9.789066,-9.789219,0.003195,0,-0.001065,98751.94,27.08,0.0283241,
1452.558376,0.01009,0.043092,-0.090972,-9.796248,-9.796765,0.003195,-0.00639,0,98751.94,27.08,0.0207781,
1452.56869,0.010313,-0.01197,-0.07182,-9.796248,-9.796519,0.00213,-0.003195,0,98754.66,27.08,0.0210241,
1452.578795,0.010106,-0.01197,-0.074214,-9.820188,-9.820476,0.00213,-0.00213,-0.001065,98754.66,27.08,-0.0029329,
1452.588887,0.010092,0.038304,-0.08379,-9.817794,-9.818226,0.003195,-0.00426,-0.001065,98754.66,27.08,-0.0006829,
1452.598973,0.010086,-0.019152,-0.08379,-9.824976,-9.825352,0.001065,-0.00426,0,98754.66,27.08,-0.0078089,
1452.609076,0.010103,-0.028728,-0.09576,-9.810612,-9.811121,0.00426,-0.00426,0,98754.66,27.08,0.0064221,
1452.619174,0.010098,-0.019152,-0.102942,-9.836946,-9.837503,0.00426,-0.00639,0.001065,98754.66,27.08,-0.0199599,
1452.629337,0.010164,-0.086184,-0.069426,-9.834552,-9.835175,0.001065,-0.003195,-0.00213,98754.66,27.08,-0.0176319,
1452.639579,0.010242,-0.016758,-0.052668,-9.858492,-9.858647,0.005325,-0.00639,-0.001065,98757.4,27.08,-0.0411039,
1452.649733,0.010154,-0.016758,-0.064638,-9.856098,-9.856324,0.00213,-0.00213,-0.001065,98757.4,27.08,-0.0387809,
1452.659821,0.010089,-0.021546,-0.088578,-9.856098,-9.85652,0.005325,-0.00639,0.001065,98757.4,27.08,-0.0389769,
1452.669918,0.010097,-0.033516,-0.057456,-9.844128,-9.844353,0.005325,-0.007455,0.001065,98757.4,27.08,-0.0268099,
1452.680078,0.01016,-0.016758,-0.098154,-9.836946,-9.83745,0.00426,-0.005325,-0.001065,98757.4,27.08,-0.0199069,
1452.690178,0.010099,-0.026334,-0.076608,-9.88722,-9.887552,0.005325,-0.01065,0.001065,98757.4,27.08,-0.0700089,
1452.700285,0.010108,0.031122,-0.081396,-9.889614,-9.889998,0.005325,-0.01065,0,98760.01,27.08,-0.0724549,
1452.710419,0.010134,-0.014364,-0.105336,-9.865674,-9.866247,0.001065,-0.00639,0.00213,98760.01,27.08,-0.0487039,
1452.720512,0.010093,0.007182,-0.093366,-9.817794,-9.818241,0.007455,-0.01065,0.003195,98760.01,27.08,-0.0006979,
1452.730639,0.010126,-0.03591,-0.088578,-9.841734,-9.842198,0.005325,-0.009585,0.001065,98760.01,27.08,-0.0246549,
1452.740762,0.010123,-0.002394,-0.081396,-9.836946,-9.837283,0.00213,-0.003195,0.00213,98760.01,27.08,-0.0197399,
1452.750871,0.010109,0.038304,-0.102942,-9.844128,-9.844741,0.011715,-0.011715,0.00213,98760.01,27.08,-0.0271979,
1452.761011,0.010141,-0.007182,-0.098154,-9.846522,-9.847014,0.00213,-0.00639,0.005325,98762.78,27.08,-0.0294709,
1452.771102,0.01009,-0.007182,-0.062244,-9.810612,-9.810812,0.005325,-0.00852,0.00213,98762.78,27.08,0.0067311,
1452.781189,0.010087,0.01197,-0.090972,-9.796248,-9.796678,0.005325,-0.009585,0.005325,98762.78,27.08,0.0208651,
1452.791284,0.010096,0.03591,-0.074214,-9.777096,-9.777444,0.00213,-0.005325,0.00213,98762.78,27.08,0.0400991,
1452.801553,0.010269,-0.007182,-0.052668,-9.805824,-9.805968,0.009585,-0.00852,0.00426,98762.78,27.08,0.0115751,
1452.811681,0.010128,0.062244,-0.067032,-9.808218,-9.808645,0.001065,-0.00426,0.00426,98762.78,27.08,0.0088981,
1452.821935,0.010253,0.088578,-0.055062,-9.784278,-9.784834,0.00639,-0.007455,0.005325,98762.78,27.08,0.0327091,
1452.832036,0.010101,-0.002394,-0.090972,-9.798642,-9.799065,0.005325,-0.005325,0.003195,98762.78,27.08,0.0184781,
1452.842121,0.010085,-0.002394,-0.045486,-9.769914,-9.77002,0.00213,0,0.001065,98762.78,27.08,0.0475231,
1452.852414,0.010293,0.045486,-0.050274,-9.765126,-9.765361,0.00639,-0.007455,0.005325,98762.78,27.08,0.0521821,
1452.862549,0.010135,-0.021546,-0.088578,-9.824976,-9.825399,0.003195,-0.00426,0.003195,98762.78,27.08,-0.0078559,
1452.872633,0.010084,0.028728,-0.052668,-9.777096,-9.77728,0.001065,-0.00639,0.00213,98762.78,27.08,0.0402631,
1452.882822,0.010189,0.002394,-0.052668,-9.781884,-9.782026,0.003195,-0.00213,0.00213,98762.78,27.08,0.0355171,
1452.89293,0.010108,-0.026334,-0.086184,-9.798642,-9.799056,0,-0.003195,0.00213,98765.49,27.08,0.0184871,
1452.903021,0.010091,-0.026334,-0.057456,-9.798642,-9.798846,0.00213,-0.005325,0.001065,98765.49,27.08,0.0186971,
1452.913135,0.010114,-0.055062,-0.062244,-9.79146,-9.791813,0.003195,0,0.00213,98765.49,27.08,0.0257301,
1452.923221,0.010086,0,-0.074214,-9.817794,-9.818074,0.003195,-0.00852,0.001065,98765.49,27.08,-0.0005309,
1452.933321,0.0101,-0.002394,-0.079002,-9.82737,-9.827688,0,-0.00213,0.00213,98765.49,27.08,-0.0101449,
1452.943431,0.01011,-0.062244,-0.074214,-9.822582,-9.82306,0.003195,-0.005325,0.00426,98765.49,27.08,-0.0055169,
1452.95367,0.010239,-0.038304,-0.062244,-9.808218,-9.80849,0.00639,-0.007455,0.003195,98768.27,27.08,0.0090531,
1452.964193,0.010524,-0.02394,-0.110124,-9.834552,-9.835198,0.00213,-0.00639,0.003195,98768.27,27.08,-0.0176549,
1452.974292,0.010099,-0.062244,-0.074214,-9.829764,-9.830241,0.005325,-0.005325,0.001065,98768.27,27.08,-0.0126979,
1452.98449,0.010197,0.004788,-0.08379,-9.822582,-9.822941,0.00213,-0.00852,0.00213,98768.27,27.08,-0.0053979,
1452.994589,0.0101,0.028728,-0.110124,-9.844128,-9.844786,0.003195,-0.009585,0.003195,98768.27,27.08,-0.0272429,
1453.004686,0.010096,-0.028728,-0.10773,-9.836946,-9.837578,0.00426,-0.005325,0.001065,98768.27,27.08,-0.0200349,
1453.014796,0.01011,-0.028728,-0.088578,-9.798642,-9.799084,0.00213,-0.005325,0.00213,98771,27.08,0.0184591,
1453.024926,0.01013,0,-0.100548,-9.808218,-9.808733,0.005325,-0.00639,0.001065,98771,27.08,0.0088101,
1453.03501,0.010085,-0.007182,-0.129276,-9.82737,-9.828223,0.001065,-0.005325,0.00426,98771,27.08,-0.0106799,
1453.045124,0.010114,0.033516,-0.122094,-9.882432,-9.883243,0.00213,-0.005325,0.001065,98771,27.08,-0.0656999,
1453.055404,0.010279,0.004788,-0.093366,-9.848916,-9.84936,0.00852,-0.00639,0.00213,98771,27.08,-0.0318169,
1453.065489,0.010085,-0.016758,-0.093366,-9.822582,-9.82304,0.005325,-0.009585,0.003195,98771,27.08,-0.0054969,
1453.075824,0.010335,0.007182,-0.114912,-9.832158,-9.832832,0.001065,-0.00852,0.001065,98771,27.08,-0.0152889,
1453.086065,0.010241,0.02394,-0.074214,-9.83934,-9.839649,0.01065,-0.009585,0,98773.74,27.08,-0.0221059,
1453.096185,0.01012,0.002394,-0.076608,-9.86328,-9.863578,0.003195,-0.009585,0.003195,98773.74,27.08,-0.0460349,
1453.10627,0.010085,0.057456,-0.076608,-9.841734,-9.8422,0.00426,-0.007455,0.005325,98773.74,27.08,-0.0246569,
1453.116378,0.010108,0.028728,-0.057456,-9.810612,-9.810822,0.005325,-0.007455,0.003195,98773.74,27.08,0.0067211,
1453.126465,0.010088,0.02394,-0.033516,-9.786672,-9.786759,0.003195,-0.005325,0.003195,98773.74,27.08,0.0307841,
1453.136618,0.010152,0.019152,-0.055062,-9.824976,-9.825149,0.00639,-0.00426,0.001065,98773.74,27.08,-0.0076059,
1453.146753,0.010136,0.026334,-0.038304,-9.810612,-9.810722,0.003195,-0.005325,0.00213,98773.74,27.08,0.0068211,
1453.1569,0.010147,0.079002,-0.002394,-9.805824,-9.806143,0.00426,-0.009585,0.00426,98773.74,27.08,0.0114001,
1453.167003,0.010103,0.026334,-0.038304,-9.8154,-9.81551,0.007455,-0.00852,0.007455,98773.74,27.08,0.0020331,
1453.177105,0.010102,0.040698,-0.033516,-9.793854,-9.793996,0.003195,-0.00426,0.001065,98773.74,27.08,0.0235471,
1453.187669,0.010563,0.055062,-0.01197,-9.789066,-9.789228,0.003195,-0.003195,0.003195,98773.74,27.08,0.0283151,
1453.197783,0.010114,0.004788,-0.021546,-9.77949,-9.779515,0.00639,-0.00852,0.003195,98773.74,27.08,0.0380281,
1453.207906,0.010123,0.043092,-0.01197,-9.79146,-9.791562,0.005325,-0.00852,0.003195,98776.4,27.08,0.0259811,
1453.217987,0.010082,0.069426,-0.007182,-9.79146,-9.791709,0.00639,-0.00426,0.001065,98776.4,27.08,0.0258341,
1453.22809,0.010102,0.016758,-0.004788,-9.793854,-9.79387,0.00639,-0.005325,0.00213,98776.4,27.08,0.0236731,
1453.238277,0.010187,0.014364,-0.031122,-9.76752,-9.76758,0.003195,-0.007455,0.00213,98776.4,27.08,0.0499631,
1453.248373,0.010096,-0.09576,-0.031122,-9.801036,-9.801553,0.00426,-0.005325,0.001065,98776.4,27.08,0.0159901,
1453.258482,0.010109,-0.088578,-0.016758,-9.77949,-9.779905,0.00213,-0.003195,0.00213,98776.4,27.08,0.0376381,
1453.268611,0.010129,-0.07182,-0.021546,-9.76752,-9.767808,0.001065,-0.00426,0,98779.06,27.08,0.0497351,
1453.278726,0.010115,-0.110124,0.052668,-9.85131,-9.852066,-0.001065,0.003195,0.003195,98779.06,27.08,-0.0345229,
1453.288805,0.010079,0.08379,-0.019152,-9.810612,-9.810989,0.00639,-0.013845,0.00213,98779.06,27.08,0.0065541,
1453.298971,0.010167,-0.093366,-0.03591,-9.762732,-9.763244,0.003195,-0.00213,0.001065,98779.06,27.08,0.0542991,
1453.309073,0.010102,-0.158004,-0.057456,-9.789066,-9.79051,0,-0.00426,0,98779.06,27.08,0.0270331,
1453.319185,0.010112,-0.021546,-0.009576,-9.774702,-9.77473,0.005325,-0.00852,0,98779.06,27.08,0.0428131,
1453.329276,0.010091,-0.055062,-0.086184,-9.829764,-9.830296,0,-0.00213,0,98781.83,27.08,-0.0127529,
1453.339379,0.010103,0.004788,-0.069426,-9.836946,-9.837192,0.003195,-0.00639,0.001065,98781.83,27.08,-0.0196489,
1453.349468,0.010088,0.026334,-0.074214,-9.798642,-9.798958,0.00426,-0.007455,0.00213,98781.83,27.08,0.0185851,
1453.359553,0.010085,-0.081396,-0.129276,-9.832158,-9.833345,-0.001065,-0.001065,0,98781.83,27.08,-0.0158019,
1453.369709,0.010157,0.002394,-0.102942,-9.793854,-9.794395,0.005325,-0.01065,0.00213,98781.83,27.08,0.0231481,
1453.379805,0.010096,-0.021546,-0.105336,-9.79146,-9.79205,0,-0.00213,0.00213,98781.83,27.08,0.0254931,
1453.390348,0.010543,-0.021546,-0.124488,-9.85131,-9.85212,0.001065,-0.00426,0.00213,98781.83,27.08,-0.0345769,
1453.400452,0.010104,0.055062,-0.117306,-9.846522,-9.847375,0.001065,-0.005325,0.003195,98784.63,27.08,-0.0298319,
1453.410609,0.010157,0.01197,-0.1197,-9.829764,-9.8305,0.003195,-0.00639,0.003195,98784.63,27.08,-0.0129569,
1453.420695,0.010086,0.031122,-0.153216,-9.836946,-9.838188,0.00426,-0.00639,0.003195,98784.63,27.08,-0.0206449,
1453.430798,0.010102,0.016758,-0.150822,-9.832158,-9.833329,0.00213,-0.00639,0.00426,98784.63,27.08,-0.0157859,
1453.440887,0.010089,-0.014364,-0.136458,-9.846522,-9.847478,0.00213,-0.003195,0.00426,98784.63,27.08,-0.0299349,
1453.450992,0.010105,0.055062,-0.165186,-9.82737,-9.828912,0.00639,-0.00639,0.001065,98784.63,27.08,-0.0113689,
1453.461125,0.010133,0.043092,-0.186732,-9.870462,-9.872322,0.001065,-0.003195,0.005325,98784.63,27.08,-0.0547789,
1453.471233,0.010108,0.033516,-0.138852,-9.868068,-9.869102,0.00639,-0.003195,0.003195,98784.63,27.08,-0.0515589,
1453.481326,0.010092,0.079002,-0.19152,-9.836946,-9.839127,-0.001065,-0.00852,0.003195,98784.63,27.08,-0.0215839,
1453.49146,0.010134,-0.009576,-0.146034,-9.808218,-9.80931,0.003195,-0.00213,0.00426,98784.63,27.08,0.0082331,
1453.501551,0.010092,-0.004788,-0.129276,-9.824976,-9.825828,0.00426,-0.003195,0.001065,98784.63,27.08,-0.0082849,
1453.51207,0.010518,0.014364,-0.138852,-9.8154,-9.816393,0.00213,-0.005325,0.001065,98784.63,27.08,0.0011501,
1453.522268,0.010198,-0.004788,-0.102942,-9.841734,-9.842274,0.00426,-0.003195,0.003195,98787.37,27.08,-0.0247309,
1453.532523,0.010255,-0.014364,-0.102942,-9.829764,-9.830314,0.00213,-0.003195,0,98787.37,27.08,-0.0127709,
1453.542605,0.010082,0.01197,-0.04788,-9.798642,-9.798766,0.005325,-0.009585,-0.001065,98787.37,27.08,0.0187771,
1453.552698,0.010092,-0.052668,-0.067032,-9.824976,-9.825346,0.00426,-0.001065,0.001065,98787.37,27.08,-0.0078029,
1453.562817,0.010119,-0.03591,-0.052668,-9.841734,-9.84194,0.00852,-0.009585,0.001065,98787.37,27.08,-0.0243969,
1453.573073,0.010256,-0.05985,-0.055062,-9.822582,-9.822919,0.00213,-0.003195,-0.001065,98787.37,27.08,-0.0053759,
1453.58318,0.010107,-0.033516,-0.002394,-9.801036,-9.801094,0.007455,-0.00426,-0.001065,98790.22,27.08,0.0164491,
1453.593272,0.010092,-0.02394,-0.028728,-9.8154,-9.815471,0.00426,-0.00852,0,98790.22,27.08,0.0020721,
1453.603381,0.010109,-0.02394,-0.055062,-9.82737,-9.827553,0.003195,-0.00426,-0.00213,98790.22,27.08,-0.0100099,
1453.613473,0.010092,0.04788,0.009576,-9.796248,-9.79637,0.00426,-0.00852,-0.001065,98790.22,27.08,0.0211731,
1453.623807,0.010335,-0.007182,0.019152,-9.841734,-9.841755,0.00639,-0.007455,-0.003195,98790.22,27.08,-0.0242119,
1453.633899,0.010091,-0.009576,-0.016758,-9.820188,-9.820207,0.001065,-0.005325,-0.00426,98790.22,27.08,-0.0026639,
1453.643991,0.010092,0.014364,-0.014364,-9.796248,-9.796269,0.007455,-0.00639,-0.001065,98790.22,27.08,0.0212741,
1453.654085,0.010095,0.01197,0.014364,-9.77949,-9.779508,0,-0.005325,-0.00213,98792.94,27.08,0.0380351,
1453.664186,0.010101,0,0.009576,-9.810612,-9.810617,0.005325,-0.007455,-0.001065,98792.94,27.08,0.0069261,
1453.674273,0.010087,0.067032,-0.014364,-9.820188,-9.820427,0.003195,-0.00639,-0.001065,98792.94,27.08,-0.0028839,
1453.684361,0.010087,0.08379,0.026334,-9.801036,-9.80143,0.001065,-0.005325,-0.001065,98792.94,27.08,0.0161131,
1453.694593,0.010232,0.038304,-0.03591,-9.805824,-9.805965,0.00213,-0.005325,-0.001065,98792.94,27.08,0.0115781,
1453.704682,0.010089,0.043092,-0.057456,-9.822582,-9.822845,0.003195,-0.007455,-0.001065,98792.94,27.08,-0.0053019,
1453.714826,0.010144,0.050274,-0.028728,-9.80343,-9.803601,0.00426,-0.007455,-0.003195,98795.73,27.08,0.0139421,
1453.724933,0.010106,-0.004788,-0.062244,-9.822582,-9.82278,0,-0.00426,0,98795.73,27.08,-0.0052369,
1453.73503,0.010097,0.069426,-0.050274,-9.836946,-9.837319,0.00639,-0.00852,0.00213,98795.73,27.08,-0.0197759,
1453.746337,0.011308,0.076608,-0.081396,-9.829764,-9.8304,-0.00213,-0.00426,0,98795.73,27.08,-0.0128569,
1453.75755,0.011213,0.016758,-0.100548,-9.822582,-9.823111,0.00426,-0.007455,0.003195,98795.73,27.08,-0.0055679,
1453.768864,0.011314,0.033516,-0.079002,-9.808218,-9.808593,0.003195,-0.00426,-0.001065,98795.73,27.08,0.0089501,
1453.779954,0.01109,0.021546,-0.129276,-9.79146,-9.792337,0.003195,-0.00639,0.00213,98795.73,27.08,0.0252061,
1453.79115,0.011196,0.033516,-0.117306,-9.80343,-9.804189,0,-0.003195,0.001065,98795.73,27.08,0.0133541,
1453.801273,0.010123,-0.009576,-0.129276,-9.798642,-9.799499,0.005325,-0.00639,0,98795.73,27.08,0.0180441,
1453.811384,0.010111,0.016758,-0.124488,-9.789066,-9.789872,0.005325,-0.003195,0.001065,98795.73,27.08,0.0276711,
1453.821477,0.010092,-0.009576,-0.141246,-9.77949,-9.780515,0.001065,-0.003195,0.00426,98795.73,27.08,0.0370281,
1453.831622,0.010146,-0.009576,-0.148428,-9.796248,-9.797377,0.00426,-0.001065,0.003195,98795.73,27.08,0.0201661,
1453.841732,0.010109,-0.033516,-0.122094,-9.781884,-9.782703,0.00213,0,0.005325,98798.63,27.08,0.0348401,
1453.851876,0.010144,-0.002394,-0.14364,-9.817794,-9.818845,0.003195,-0.001065,0.003195,98798.63,27.08,-0.0013019,
1453.861963,0.010087,0.004788,-0.126882,-9.8154,-9.816221,0.001065,-0.003195,0.00426,98798.63,27.08,0.0013221,
1453.872062,0.010098,-0.050274,-0.090972,-9.8154,-9.81595,0.001065,0,0.00639,98798.63,27.08,0.0015931,
1453.882167,0.010105,0.007182,-0.110124,-9.80343,-9.804051,0.00426,-0.003195,0.001065,98798.63,27.08,0.0134921,
1453.892258,0.010091,0,-0.086184,-9.808218,-9.808597,-0.001065,-0.003195,0.007455,98798.63,27.08,0.0089461,
1453.903247,0.010989,-0.057456,-0.086184,-9.83934,-9.839885,-0.003195,0.001065,0.003195,98801.47,27.08,-0.0223419,
1453.914758,0.011511,-0.045486,-0.074214,-9.85131,-9.851695,0.00639,-0.003195,0.005325,98801.47,27.08,-0.0341519,
1453.925345,0.010588,-0.021546,-0.09576,-9.832158,-9.832648,0.001065,-0.00426,0.005325,98801.47,27.08,-0.0151049,
1453.936478,0.011133,-0.057456,-0.079002,-9.829764,-9.830249,0.003195,0,0.003195,98801.47,27.08,-0.0127059,
1453.947743,0.011265,-0.043092,-0.062244,-9.813006,-9.813298,0.00213,-0.00426,0.00639,98801.47,27.08,0.0042451,
1453.959016,0.011273,-0.062244,-0.055062,-9.820188,-9.82054,0.005325,-0.00639,0.00639,98801.47,27.08,-0.0029969,
1453.970079,0.011063,-0.009576,-0.081396,-9.836946,-9.837287,0.00213,-0.003195,0.00426,98804.12,27.08,-0.0197439,
1453.981204,0.011125,-0.04788,-0.05985,-9.829764,-9.830063,0.00426,-0.00426,0.00639,98804.12,27.08,-0.0125199,
1453.9924,0.011196,-0.062244,-0.062244,-9.820188,-9.820583,0.005325,-0.00213,0.00426,98804.12,27.08,-0.0030399,
1454.003606,0.011206,-0.043092,-0.086184,-9.841734,-9.842206,0.003195,-0.00639,0.00213,98804.12,27.08,-0.0246629,
1454.014922,0.011316,-0.090972,-0.081396,-9.820188,-9.820947,0.005325,-0.00426,0.00426,98804.12,27.08,-0.0034039,
1454.026142,0.01122,-0.062244,-0.064638,-9.822582,-9.822992,0.007455,-0.007455,0.00213,98804.12,27.08,-0.0054489,
1454.037156,0.011013,-0.086184,-0.05985,-9.848916,-9.849475,0.00426,-0.00426,0.00213,98806.96,27.07,-0.0319319,
1454.048479,0.011323,-0.043092,-0.05985,-9.82737,-9.827647,0.005325,-0.00426,0.00213,98806.96,27.07,-0.0101039,
1454.059532,0.011053,-0.086184,-0.079002,-9.83934,-9.840035,0.00639,-0.009585,0,98806.96,27.07,-0.0224919,
1454.07076,0.011228,-0.093366,-0.067032,-9.868068,-9.868737,0.00426,-0.007455,0.003195,98806.96,27.07,-0.0511939,
1454.081908,0.011147,-0.007182,-0.05985,-9.829764,-9.829949,0.007455,-0.00852,-0.001065,98806.96,27.07,-0.0124059,
1454.093136,0.011229,-0.069426,-0.09576,-9.834552,-9.835263,0.003195,-0.00639,-0.001065,98806.96,27.07,-0.0177199,
1454.104286,0.01115,-0.086184,-0.09576,-9.829764,-9.830608,0.005325,-0.00639,-0.001065,98809.67,27.08,-0.0130649,
1454.11545,0.011164,-0.016758,-0.086184,-9.841734,-9.842126,0.00852,-0.009585,-0.00213,98809.67,27.08,-0.0245829,
1454.125823,0.010372,-0.031122,-0.117306,-9.834552,-9.835301,0,-0.007455,-0.003195,98809.67,27.08,-0.0177579,
1454.135919,0.010096,-0.02394,-0.148428,-9.834552,-9.835701,0.00426,-0.007455,-0.001065,98809.67,27.08,-0.0181579,
1454.146001,0.010082,-0.019152,-0.100548,-9.822582,-9.823115,0.007455,-0.01065,0,98809.67,27.08,-0.0055719,
1454.156087,0.010087,0.014364,-0.14364,-9.8154,-9.816461,0.005325,-0.011715,-0.00213,98809.67,27.08,0.0010821,
1454.166182,0.010094,-0.033516,-0.146034,-9.805824,-9.806969,0.00426,-0.005325,-0.00213,98809.67,27.08,0.0105741,
1454.176294,0.010112,0.02394,-0.162792,-9.793854,-9.795236,0.00426,-0.01065,-0.001065,98809.67,27.08,0.0223071,
1454.186378,0.010084,0.026334,-0.1197,-9.769914,-9.770683,0.003195,-0.005325,-0.00213,98809.67,27.08,0.0468601,
1454.196467,0.010089,0.062244,-0.088578,-9.789066,-9.789665,0.005325,-0.00639,-0.001065,98809.67,27.08,0.0278781,
1454.206559,0.010093,0.136458,-0.062244,-9.753156,-9.754309,0.003195,-0.009585,0.00213,98809.67,27.08,0.0632341,
1454.216656,0.010097,0.114912,-0.01197,-9.765126,-9.765809,0.007455,-0.005325,-0.00213,98809.67,27.08,0.0517341,
1454.226776,0.01012,0.17955,-0.057456,-9.762732,-9.764552,0,-0.005325,-0.001065,98812.36,27.07,0.0529911,
1454.236852,0.010076,0.026334,-0.033516,-9.748368,-9.748461,0.00426,-0.01065,0,98812.36,27.07,0.0690821,
1454.246938,0.010086,0.098154,-0.014364,-9.786672,-9.787175,-0.00213,0.00213,0.00213,98812.36,27.07,0.0303681,
1454.257044,0.010106,0.134064,0.007182,-9.753156,-9.75408,0.00426,-0.011715,0.001065,98812.36,27.07,0.0634631,
1454.267227,0.010184,0.028728,-0.050274,-9.82737,-9.827541,0.001065,-0.00213,0.00213,98812.36,27.07,-0.0099979,
1454.277331,0.010104,0.102942,0.028728,-9.781884,-9.782468,0.00213,-0.001065,0.003195,98812.36,27.07,0.0350751,
1454.287413,0.010082,0.074214,0.004788,-9.760338,-9.760621,0.00426,-0.009585,0.00213,98812.36,27.07,0.0569221,
1454.297528,0.010115,-0.019152,-0.014364,-9.834552,-9.834581,0.00213,-0.001065,0.003195,98815.07,27.07,-0.0170379,
1454.307704,0.010176,0.098154,0.043092,-9.82737,-9.827955,0,-0.00426,0,98815.07,27.07,-0.0104119,
1454.317787,0.010082,0.031122,-0.021546,-9.841734,-9.841807,0.00426,-0.007455,0.001065,98815.07,27.07,-0.0242639,
1454.327899,0.010113,0.01197,-0.019152,-9.865674,-9.8657,0.00426,-0.005325,0.003195,98815.07,27.07,-0.0481569,
1454.337982,0.010083,0.02394,0.02394,-9.848916,-9.848974,0.003195,-0.00852,0.001065,98815.07,27.07,-0.0314309,
1454.348062,0.01008,0.055062,-0.057456,-9.865674,-9.865995,0.001065,-0.007455,0.00426,98815.07,27.07,-0.0484519,
1454.358155,0.010094,-0.014364,-0.007182,-9.822582,-9.822595,0.00426,-0.00852,0.003195,98817.66,27.07,-0.0050519,
1454.368246,0.01009,0.019152,-0.067032,-9.86328,-9.863526,0.001065,-0.00639,0.00213,98817.66,27.07,-0.0459829,
1454.37834,0.010094,0.007182,-0.02394,-9.872856,-9.872888,0.007455,-0.00639,0.00426,98817.66,27.07,-0.0553449,
1454.388796,0.010456,0.019152,-0.081396,-9.844128,-9.844483,0.00426,-0.01065,0.003195,98817.66,27.07,-0.0269399,
1454.398862,0.010066,0.026334,-0.040698,-9.822582,-9.822702,0.003195,-0.009585,0.001065,98817.66,27.07,-0.0051589,
1454.408973,0.010112,-0.002394,-0.05985,-9.817794,-9.817977,0.00852,-0.009585,0.003195,98817.66,27.07,-0.0004339,
1454.419059,0.010086,-0.031122,-0.079002,-9.8154,-9.815767,0.001065,-0.00639,0.00213,98820.13,27.07,0.0017761,
1454.429381,0.010322,0.050274,-0.057456,-9.848916,-9.849212,0.007455,-0.01065,0.00213,98820.13,27.07,-0.0316689,
1454.439481,0.010099,0,-0.126882,-9.86328,-9.864096,0.00426,-0.00852,0.001065,98820.13,27.07,-0.0465529,
1454.449749,0.010268,-0.04788,-0.074214,-9.810612,-9.81101,0.00213,-0.007455,0.003195,98820.13,27.07,0.0065331,
1454.459838,0.010089,-0.004788,-0.064638,-9.820188,-9.820402,0.007455,-0.00852,0.003195,98820.13,27.07,-0.0028589,
1454.469939,0.010101,0.02394,-0.14364,-9.824976,-9.826055,0.00213,-0.00852,0.003195,98820.13,27.07,-0.0085119,
1454.480031,0.010092,-0.028728,-0.07182,-9.798642,-9.798947,0.005325,-0.00639,0.003195,98820.13,27.07,0.0185961,
1454.490127,0.010096,0.028728,-0.086184,-9.80343,-9.803851,0.00213,-0.005325,0.001065,98820.13,27.07,0.0136921,
1454.500241,0.010113,0.009576,-0.114912,-9.801036,-9.801714,0.005325,-0.007455,0.003195,98820.13,27.07,0.0158291,
1454.510329,0.010088,0.019152,-0.117306,-9.765126,-9.765849,0.001065,-0.003195,0.003195,98820.13,27.07,0.0516941,
1454.520425,0.010096,0.01197,-0.05985,-9.774702,-9.774893,0.00639,-0.009585,0.00213,98820.13,27.07,0.0426501,
1454.530539,0.010114,-0.019152,-0.102942,-9.774702,-9.775263,0.001065,-0.005325,0.00213,98820.13,27.07,0.0422801,
1454.541158,0.010619,-0.007182,-0.09576,-9.765126,-9.765598,0.001065,-0.007455,0.001065,98820.13,27.07,0.0519451,
1454.551258,0.0101,0.043092,-0.057456,-9.769914,-9.770178,0.00213,-0.00852,0,98822.85,27.07,0.0473651,
1454.561343,0.010085,0,-0.098154,-9.781884,-9.782376,0,-0.003195,0.001065,98822.85,27.07,0.0351671,
1454.571449,0.010106,0.009576,-0.05985,-9.774702,-9.77489,0.00213,-0.007455,0,98822.85,27.07,0.0426531,
1454.581533,0.010084,0.076608,-0.098154,-9.777096,-9.777889,0.003195,-0.00852,0.001065,98822.85,27.07,0.0396541,
1454.591625,0.010092,-0.01197,-0.110124,-9.798642,-9.799268,0,-0.00213,0.001065,98822.85,27.07,0.0182751,
1454.60176,0.010135,0.01197,-0.052668,-9.796248,-9.796397,0.001065,-0.00852,0.00213,98822.85,27.07,0.0211461,
1454.611857,0.010097,0.04788,-0.043092,-9.796248,-9.79646,0.001065,-0.00426,0,98822.85,27.07,0.0210831,
1454.621942,0.010085,-0.01197,-0.138852,-9.80343,-9.804421,0.001065,-0.00426,0,98825.61,27.07,0.0131221,
1454.632031,0.010089,0.002394,-0.057456,-9.777096,-9.777265,0.00426,-0.00639,0.00213,98825.61,27.07,0.0402781,
1454.642134,0.010103,0.026334,-0.045486,-9.824976,-9.825117,0.001065,-0.00639,0.003195,98825.61,27.07,-0.0075739,
1454.652231,0.010097,-0.021546,-0.043092,-9.841734,-9.841852,0.001065,-0.005325,-0.001065,98825.61,27.07,-0.0243089,
1454.662322,0.010091,-0.014364,-0.050274,-9.83934,-9.839479,0.005325,-0.007455,0.001065,98825.61,27.07,-0.0219359,
1454.672419,0.010097,0.002394,-0.076608,-9.80343,-9.80373,0.003195,-0.00852,0.00213,98825.61,27.07,0.0138131,
1454.682569,0.01015,-0.01197,-0.067032,-9.8154,-9.815636,0,-0.00426,0.00213,98828.25,27.07,0.0019071,
1454.692655,0.010086,0.014364,-0.079002,-9.834552,-9.83488,0.00426,-0.00639,0.001065,98828.25,27.07,-0.0173369,
1454.702744,0.010089,-0.01197,-0.05985,-9.832158,-9.832347,0.003195,-0.007455,0.003195,98828.25,27.07,-0.0148039,
1454.712842,0.010098,0.004788,-0.07182,-9.860886,-9.861149,0,-0.00426,0.00213,98828.25,27.07,-0.0436059,
1454.722944,0.010103,-0.004788,-0.04788,-9.848916,-9.849034,0.005325,-0.01065,0.00213,98828.25,27.07,-0.0314909,
1454.733089,0.010144,-0.004788,-0.079002,-9.834552,-9.83487,0.00213,-0.00639,0.00426,98828.25,27.07,-0.0173269,
1454.743176,0.010088,-0.04788,-0.043092,-9.85131,-9.851521,0.00639,-0.00852,0.003195,98830.97,27.07,-0.0339779,
1454.753526,0.01035,-0.019152,-0.05985,-9.836946,-9.837147,0.00213,-0.007455,0.00213,98830.97,27.07,-0.0196039,
1454.763809,0.010283,-0.004788,-0.086184,-9.834552,-9.834931,0.00213,-0.00639,0.00426,98830.97,27.07,-0.0173879,
1454.77391,0.010101,-0.016758,-0.076608,-9.856098,-9.85641,0.00639,-0.007455,0.005325,98830.97,27.07,-0.0388669,
1454.784017,0.010106,-0.03591,-0.074214,-9.856098,-9.856443,0.00213,-0.00852,0.00213,98830.97,27.07,-0.0388999,
1454.794095,0.010078,-0.016758,-0.07182,-9.836946,-9.837222,0.005325,-0.00426,0.00426,98830.97,27.07,-0.0196789,
1454.804187,0.010092,0.01197,-0.105336,-9.822582,-9.823154,0.005325,-0.009585,0.00213,98830.97,27.07,-0.0056109,
1454.814508,0.010321,-0.014364,-0.110124,-9.82737,-9.827997,0.00426,-0.00852,0.00426,98830.97,27.07,-0.0104539,
1454.824616,0.010108,-0.014364,-0.105336,-9.85131,-9.851884,0,-0.003195,0.005325,98830.97,27.07,-0.0343409,
1454.834712,0.010097,0,-0.09576,-9.844128,-9.844594,0.00639,-0.01065,0.00426,98830.97,27.07,-0.0270509,
1454.844802,0.01009,-0.014364,-0.114912,-9.832158,-9.83284,0.00213,-0.00639,0.005325,98830.97,27.07,-0.0152969,
1454.854896,0.010094,-0.002394,-0.110124,-9.822582,-9.8232,0.003195,-0.007455,0.00426,98830.97,27.07,-0.0056569,
1454.865347,0.010451,-0.033516,-0.081396,-9.841734,-9.842128,0.00852,-0.01065,0.00426,98830.97,27.07,-0.0245849,
1454.875454,0.010106,-0.038304,-0.102942,-9.8154,-9.816015,0.001065,-0.005325,0.00639,98833.68,27.07,0.0015281,
1454.885551,0.010097,-0.031122,-0.100548,-9.793854,-9.79442,0.00639,-0.007455,0.001065,98833.68,27.07,0.0231231,
1454.895641,0.01009,-0.01197,-0.07182,-9.822582,-9.822852,0.00213,-0.005325,0.00426,98833.68,27.07,-0.0053089,
1454.905721,0.010081,-0.007182,-0.064638,-9.8154,-9.815615,0.005325,-0.007455,0.00213,98833.68,27.07,0.0019281,
1454.915842,0.01012,-0.01197,-0.069426,-9.784278,-9.784532,0.005325,-0.00639,0.001065,98833.68,27.07,0.0330111,
1454.926005,0.010163,-0.07182,-0.043092,-9.762732,-9.763091,0.00213,-0.00639,0,98833.68,27.07,0.0544521,
1454.93609,0.010085,-0.09576,-0.031122,-9.757944,-9.758463,0.003195,-0.005325,-0.001065,98836.26,27.07,0.0590801,
1454.946197,0.010106,-0.033516,-0.016758,-9.793854,-9.793926,0.003195,-0.00213,-0.001065,98836.26,27.07,0.0236171,
1454.956298,0.010102,0.102942,-0.074214,-9.824976,-9.825796,0,-0.005325,0.001065,98836.26,27.07,-0.0082529,
1454.966402,0.010104,0.067032,-0.033516,-9.810612,-9.810898,0.007455,-0.009585,-0.00213,98836.26,27.07,0.0066451,
1454.9765,0.010098,-0.004788,-0.043092,-9.824976,-9.825072,0.001065,-0.007455,-0.003195,98836.26,27.07,-0.0075289,
1454.98661,0.010111,-0.02394,-0.045486,-9.765126,-9.765261,0,-0.00426,0,98836.26,27.07,0.0522821,
1454.996736,0.010125,0.04788,-0.08379,-9.789066,-9.789542,0.001065,-0.00639,-0.001065,98838.93,27.07,0.0280011,
1455.006851,0.010116,0.014364,-0.026334,-9.805824,-9.80587,0.00213,-0.00426,-0.001065,98838.93,27.07,0.0116731,
1455.016973,0.010121,0.02394,-0.074214,-9.880038,-9.880346,0.001065,-0.00213,-0.003195,98838.93,27.07,-0.0628029,
1455.027066,0.010093,0.114912,-0.07182,-9.8154,-9.816335,0.007455,-0.00852,-0.00213,98838.93,27.07,0.0012081,
1455.037164,0.010099,-0.031122,-0.064638,-9.813006,-9.813268,0.001065,-0.001065,-0.00213,98838.93,27.07,0.0042751,
1455.047259,0.010095,0.019152,-0.076608,-9.836946,-9.837263,0.005325,-0.01065,0.003195,98838.93,27.07,-0.0197199,
1455.057349,0.010089,0.026334,-0.052668,-9.796248,-9.796425,0.005325,-0.00639,-0.00213,98838.93,27.07,0.0211181,
1455.067508,0.01016,-0.086184,-0.093366,-9.829764,-9.830585,0,-0.005325,0.001065,98841.72,27.07,-0.0130419,
1455.077925,0.010417,0.076608,-0.08379,-9.83934,-9.839995,0.005325,-0.01065,0.001065,98841.72,27.07,-0.0224519,
1455.088013,0.010087,-0.004788,-0.10773,-9.836946,-9.837537,0.003195,0,0.001065,98841.72,27.07,-0.0199939,
1455.098108,0.010096,-0.055062,-0.069426,-9.772308,-9.77271,0.00213,-0.00639,0.00213,98841.72,27.07,0.0448331,
1455.108227,0.010119,0.062244,-0.114912,-9.810612,-9.811482,0.005325,-0.003195,0.00426,98841.72,27.07,0.0060611,
1455.118317,0.01009,-0.014364,-0.081396,-9.83934,-9.839687,-0.001065,-0.009585,0.001065,98841.72,27.07,-0.0221439,
1455.128449,0.010131,0.021546,-0.100548,-9.848916,-9.849453,0.00639,-0.011715,0.00426,98844.75,27.07,-0.0319099,
1455.138558,0.01011,-0.050274,-0.112518,-9.853704,-9.854475,0.003195,-0.007455,0.00426,98844.75,27.07,-0.0369319,
1455.148655,0.010097,0.019152,-0.09576,-9.822582,-9.823067,0.001065,-0.00639,0.003195,98844.75,27.07,-0.0055239,
1455.158798,0.010143,-0.028728,-0.124488,-9.844128,-9.844957,0.00426,-0.00852,0.00426,98844.75,27.07,-0.0274139,
1455.168905,0.010108,-0.064638,-0.09576,-9.844128,-9.844806,0.005325,-0.007455,0.005325,98844.75,27.07,-0.0272629,
1455.179008,0.010102,-0.021546,-0.09576,-9.824976,-9.825466,0.001065,-0.005325,0.00213,98844.75,27.07,-0.0079229,
1455.189431,0.010424,-0.033516,-0.126882,-9.856098,-9.856972,0.005325,-0.00852,0.005325,98844.75,27.07,-0.0394289,
1455.200568,0.011137,-0.038304,-0.09576,-9.810612,-9.811154,0.009585,-0.007455,0.003195,98844.75,27.07,0.0063891,
1455.211674,0.011106,-0.02394,-0.110124,-9.820188,-9.820835,0.001065,-0.00639,0.005325,98844.75,27.07,-0.0032919,
1455.222861,0.011187,-0.045486,-0.105336,-9.813006,-9.813677,0.007455,-0.007455,0.00426,98844.75,27.07,0.0038661,
1455.234001,0.011141,-0.026334,-0.124488,-9.829764,-9.830588,0.005325,-0.00852,0.00213,98844.75,27.07,-0.0130449,
1455.245137,0.011135,-0.05985,-0.098154,-9.829764,-9.830436,0.009585,-0.01065,0.001065,98844.75,27.07,-0.0128929,
1455.256292,0.011155,-0.055062,-0.10773,-9.786672,-9.78742,0.001065,-0.005325,-0.001065,98847.65,27.07,0.0301231,
1455.267529,0.011237,-0.03591,-0.098154,-9.822582,-9.823138,0.01065,-0.007455,0,98847.65,27.07,-0.0055949,
1455.27874,0.011211,0,-0.093366,-9.805824,-9.806268,0.00213,-0.009585,0.00213,98847.65,27.07,0.0112751,
1455.290042,0.011302,-0.019152,-0.067032,-9.784278,-9.784526,0.001065,-0.00213,0.001065,98847.65,27.07,0.0330171,
1455.30103,0.010989,0.057456,-0.03591,-9.801036,-9.80127,0.00852,-0.01065,0.001065,98847.65,27.07,0.0162731,
1455.311285,0.010254,0.081396,-0.064638,-9.8154,-9.81595,0.00639,-0.00639,0,98847.65,27.07,0.0015931,
1455.323441,0.012156,0.007182,-0.009576,-9.765126,-9.765133,0.003195,-0.005325,0.003195,98850.63,27.07,0.0524101,
1455.335453,0.012013,0.136458,-0.021546,-9.757944,-9.758922,0.00639,-0.01278,0.001065,98850.63,27.07,0.0586211,
1455.345842,0.010389,0.076608,0.031122,-9.80343,-9.803779,0.003195,0,0.001065,98850.63,27.07,0.0137641,
1455.357221,0.011379,0.17955,-0.028728,-9.75555,-9.757244,0.003195,-0.005325,0.003195,98850.63,27.07,0.0602991,
1455.368719,0.011498,0.07182,-0.031122,-9.77949,-9.779803,0.005325,-0.001065,0.001065,98850.63,27.07,0.0377401,
1455.379608,0.010889,0.021546,0.004788,-9.796248,-9.796273,0.00213,-0.00213,0.00213,98853.51,27.07,0.0212701,
1455.390627,0.01102,0.148428,-0.021546,-9.765126,-9.766278,0.005325,-0.00852,0.003195,98853.51,27.07,0.0512651,
1455.401792,0.011165,0.064638,-0.033516,-9.781884,-9.782155,0.001065,-0.001065,0.001065,98853.51,27.07,0.0353881,
1455.412967,0.011175,0.045486,-0.009576,-9.829764,-9.829874,0.00213,-0.005325,0.003195,98853.51,27.07,-0.0123309,
1455.424196,0.011228,0.08379,-0.016758,-9.822582,-9.822954,0.003195,-0.005325,0.00213,98853.51,27.07,-0.0054109,
1455.435408,0.011212,-0.028728,-0.01197,-9.82737,-9.827419,-0.003195,-0.00213,0.00213,98853.51,27.07,-0.0098759,
1455.446559,0.011151,0.01197,-0.031122,-9.824976,-9.825033,0.00426,-0.00639,0.003195,98856.39,27.07,-0.0074899,
1455.457654,0.011095,-0.04788,-0.074214,-9.829764,-9.830161,0.00213,0,0.005325,98856.39,27.07,-0.0126179,
1455.468846,0.011193,-0.026334,-0.021546,-9.844128,-9.844187,0.00639,-0.007455,0.003195,98856.39,27.07,-0.0266439,
1455.480071,0.011225,-0.019152,-0.050274,-9.848916,-9.849063,0.00213,-0.00426,0.00639,98856.39,27.07,-0.0315199,
1455.491186,0.011115,-0.050274,-0.08379,-9.853704,-9.854188,0.003195,-0.00213,0.003195,98856.39,27.07,-0.0366449,
1455.502344,0.011157,-0.02394,-0.057456,-9.820188,-9.820385,0.001065,-0.00213,0.003195,98856.39,27.07,-0.0028419,
1455.513512,0.011169,-0.043092,-0.081396,-9.85131,-9.851741,-0.00213,-0.00426,0.003195,98856.39,27.07,-0.0341979,
1455.524791,0.011278,-0.086184,-0.076608,-9.834552,-9.835228,0.003195,-0.005325,0.003195,98856.39,27.07,-0.0176849,
1455.5359,0.011109,-0.067032,-0.090972,-9.860886,-9.861533,0.00213,-0.007455,0.003195,98856.39,27.07,-0.0439899,
1455.547195,0.011295,-0.062244,-0.09576,-9.860886,-9.861547,0.001065,-0.005325,0,98856.39,27.07,-0.0440039,
1455.558309,0.011114,-0.074214,-0.086184,-9.853704,-9.85436,0.00213,-0.00426,0,98856.39,27.07,-0.0368169,
1455.569535,0.011226,-0.05985,-0.088578,-9.820188,-9.82077,0.00639,-0.005325,0.001065,98859.15,27.07,-0.0032269,
1455.580764,0.011229,-0.040698,-0.086184,-9.820188,-9.820651,0.00426,-0.01065,0.001065,98859.15,27.07,-0.0031079,
1455.591887,0.011123,-0.074214,-0.08379,-9.853704,-9.85434,0.001065,-0.00426,0,98859.15,27.07,-0.0367969,
1455.603118,0.011231,-0.028728,-0.102942,-9.8154,-9.815982,0.00426,-0.009585,-0.00213,98859.15,27.07,0.0015611,
1455.614222,0.011104,-0.019152,-0.141246,-9.808218,-9.809254,0.003195,-0.00426,0,98859.15,27.07,0.0082891,
1455.625741,0.011519,0.009576,-0.114912,-9.810612,-9.81129,0.001065,-0.005325,0,98859.15,27.07,0.0062531,
1455.63656,0.010818,-0.043092,-0.136458,-9.824976,-9.826018,0.00213,-0.00426,-0.003195,98861.97,27.07,-0.0084749,
1455.647861,0.011301,0.002394,-0.1197,-9.813006,-9.813736,0.00426,-0.00852,0,98861.97,27.07,0.0038071,
1455.658939,0.011078,0.033516,-0.138852,-9.801036,-9.802077,0.003195,-0.00852,-0.001065,98861.97,27.07,0.0154661,
1455.670297,0.011359,-0.026334,-0.150822,-9.813006,-9.8142,0.00213,-0.00426,0.00213,98861.97,27.07,0.0033431,
1455.681263,0.010965,0.019152,-0.129276,-9.765126,-9.766,0.00639,-0.00639,0,98861.97,27.07,0.0515431,
1455.692518,0.011255,-0.01197,-0.146034,-9.813006,-9.8141,0,-0.00426,0.00426,98861.97,27.07,0.0034431,
1455.703828,0.01131,0.02394,-0.122094,-9.8154,-9.816189,0.005325,-0.007455,0.001065,98864.87,27.07,0.0013541,
1455.714977,0.011149,-0.014364,-0.153216,-9.83934,-9.840543,0.00426,-0.00426,0.00426,98864.87,27.07,-0.0229999,
1455.725832,0.010854,-0.033516,-0.10773,-9.817794,-9.818442,0.00852,-0.007455,0.001065,98864.87,27.07,-0.0008989,
1455.735945,0.010114,-0.016758,-0.162792,-9.817794,-9.819158,-0.001065,-0.00426,0.001065,98864.87,27.07,-0.0016149,
1455.746031,0.010086,-0.03591,-0.10773,-9.813006,-9.813663,0.003195,-0.005325,0.001065,98864.87,27.07,0.0038801,
1455.756118,0.010087,-0.033516,-0.09576,-9.805824,-9.806349,0.005325,-0.005325,0.003195,98864.87,27.07,0.0111941,
1455.766225,0.010107,-0.002394,-0.086184,-9.834552,-9.83493,-0.003195,-0.003195,0.00213,98867.93,27.07,-0.0173869,
1455.776338,0.010113,-0.007182,-0.064638,-9.836946,-9.837161,0.00639,-0.00852,0.003195,98867.93,27.07,-0.0196179,
1455.786438,0.0101,-0.031122,-0.090972,-9.841734,-9.842204,0.00213,-0.005325,0.00213,98867.93,27.07,-0.0246609,
1455.79652,0.010082,-0.019152,-0.074214,-9.784278,-9.784578,0.00426,-0.00639,0.00426,98867.93,27.07,0.0329651,
1455.806618,0.010098,0.03591,-0.057456,-9.82737,-9.827604,0.001065,-0.007455,0.001065,98867.93,27.07,-0.0100609,
1455.816728,0.01011,-0.002394,-0.014364,-9.846522,-9.846533,0.00639,-0.005325,0.00426,98867.93,27.07,-0.0289899,
1455.827696,0.010969,0.057456,-0.052668,-9.820188,-9.820497,0.003195,-0.00639,0.003195,98867.93,27.07,-0.0029539,
1455.837801,0.010105,0.076608,0,-9.786672,-9.786972,0.005325,-0.007455,0.001065,98867.93,27.07,0.0305711,
1455.8479,0.010099,0.01197,-0.014364,-9.82737,-9.827388,0.001065,-0.005325,0.003195,98867.93,27.07,-0.0098449,
1455.857988,0.010087,0.028728,0.01197,-9.793854,-9.793903,0.00639,-0.005325,0.003195,98867.93,27.07,0.0236401,
1455.868092,0.010104,0.02394,0.026334,-9.798642,-9.798707,0.003195,-0.005325,0.003195,98867.93,27.07,0.0188361,
1455.878186,0.010095,0.004788,0.02394,-9.813006,-9.813036,0.00213,-0.001065,0.00213,98867.93,27.07,0.0045071,
1455.888366,0.010179,0.067032,0.016758,-9.808218,-9.808461,0.00426,-0.00639,0.00213,98867.93,27.07,0.0090821,
1455.898452,0.010087,0.02394,0.016758,-9.77949,-9.779534,0.00426,-0.00213,0,98870.73,27.07,0.0380091,
1455.90856,0.010107,0.028728,0.019152,-9.77949,-9.779551,0.00426,-0.00639,0.001065,98870.73,27.07,0.0379921,
1455.918663,0.010103,0.040698,-0.02394,-9.781884,-9.781998,0.001065,-0.00426,0,98870.73,27.07,0.0355451,
1455.928768,0.010105,0.038304,0.009576,-9.796248,-9.796328,0.00426,-0.00639,0,98870.73,27.07,0.0212151,
1455.939093,0.010325,0.057456,-0.004788,-9.813006,-9.813175,0.00639,-0.005325,0.00213,98870.73,27.07,0.0043681,
1455.949221,0.010127,0.004788,-0.057456,-9.786672,-9.786842,0.001065,-0.003195,0,98870.73,27.07,0.0307011,
1455.959306,0.010086,0.033516,-0.040698,-9.813006,-9.813148,0.00426,-0.007455,0.00426,98873.53,27.07,0.0043951,
1455.969428,0.010121,0.04788,-0.038304,-9.824976,-9.825167,0.00213,-0.003195,0.001065,98873.53,27.07,-0.0076239,
1455.979559,0.010131,0.026334,-0.086184,-9.82737,-9.827783,0.00426,-0.005325,0.003195,98873.53,27.07,-0.0102399,
1455.989726,0.010166,0.033516,-0.090972,-9.813006,-9.813485,0.00426,-0.00426,0.00213,98873.53,27.07,0.0040581,
1455.999809,0.010084,0.019152,-0.114912,-9.848916,-9.849605,0.00639,-0.00639,0.001065,98873.53,27.07,-0.0320619,
1456.009896,0.010086,0.026334,-0.10773,-9.841734,-9.842359,0.00426,-0.00852,0.00213,98873.53,27.07,-0.0248159,
1456.019999,0.010103,0.026334,-0.138852,-9.80343,-9.804449,0.00426,-0.003195,0.003195,98873.53,27.07,0.0130941,
1456.030095,0.010096,0.004788,-0.122094,-9.813006,-9.813767,0.00852,-0.009585,0.003195,98876.37,27.07,0.0037761,
1456.040294,0.010199,-0.016758,-0.126882,-9.829764,-9.830597,-0.001065,-0.00213,0.003195,98876.37,27.07,-0.0130539,
1456.050394,0.010099,0,-0.117306,-9.846522,-9.847221,0.00426,-0.00639,0.00426,98876.37,27.07,-0.0296779,
1456.060515,0.010122,-0.021546,-0.162792,-9.820188,-9.821561,0.005325,-0.00426,0.00426,98876.37,27.07,-0.0040179,
1456.070615,0.010099,-0.055062,-0.124488,-9.786672,-9.787619,0,-0.003195,0.00639,98876.37,27.07,0.0299241,
1456.0807,0.010085,-0.021546,-0.129276,-9.801036,-9.801912,0.005325,-0.00426,0.005325,98876.37,27.07,0.0156311,
1456.090828,0.010128,-0.021546,-0.117306,-9.822582,-9.823306,0.003195,-0.005325,0.00213,98879.17,27.07,-0.0057629,
1456.100914,0.010087,-0.055062,-0.09576,-9.824976,-9.825597,0.00426,-0.00639,0.00213,98879.17,27.07,-0.0080539,
1456.111006,0.010092,-0.052668,-0.117306,-9.817794,-9.818636,0.00426,-0.00639,0.005325,98879.17,27.07,-0.0010929,
1456.121106,0.010099,-0.038304,-0.10773,-9.784278,-9.784946,0.00213,-0.005325,0.00213,98879.17,27.07,0.0325971,
1456.131257,0.010151,-0.114912,-0.102942,-9.798642,-9.799856,0.00426,-0.005325,0.001065,98879.17,27.07,0.0176871,
1456.141387,0.01013,-0.079002,-0.069426,-9.798642,-9.799206,0.00213,-0.00426,0.00639,98879.17,27.07,0.0183371,
1456.151601,0.010215,-0.038304,-0.088578,-9.813006,-9.813481,0.00213,-0.00426,0.00213,98879.17,27.07,0.0040621,
1456.161746,0.010145,-0.105336,-0.057456,-9.817794,-9.818527,0.001065,-0.001065,0.003195,98879.17,27.07,-0.0009839,
1456.172108,0.010362,-0.057456,-0.088578,-9.824976,-9.825543,0.00426,-0.00639,0.00213,98879.17,27.07,-0.0079999,
1456.182192,0.010084,-0.064638,-0.064638,-9.781884,-9.782311,0.00213,-0.003195,0,98879.17,27.07,0.0352321,
1456.192276,0.010085,-0.09576,-0.098154,-9.793854,-9.794814,0.003195,-0.003195,0,98879.17,27.07,0.0227291,
1456.202374,0.010098,-0.007182,-0.086184,-9.817794,-9.818175,0.005325,-0.00639,0.001065,98879.17,27.07,-0.0006319,
1456.212467,0.010093,-0.03591,-0.088578,-9.824976,-9.825441,0.00213,-0.005325,0.001065,98882.25,27.07,-0.0078979,
1456.222573,0.010106,-0.09576,-0.090972,-9.832158,-9.833045,0.00426,-0.00639,-0.001065,98882.25,27.07,-0.0155019,
1456.232673,0.0101,0,-0.076608,-9.822582,-9.822881,0.00426,-0.00639,0.00213,98882.25,27.07,-0.0053379,
1456.242792,0.01012,-0.009576,-0.10773,-9.822582,-9.823177,0.00426,-0.00639,0.00213,98882.25,27.07,-0.0056339,
1456.252898,0.010105,-0.074214,-0.124488,-9.817794,-9.818864,0.00426,-0.003195,0,98882.25,27.07,-0.0013209,
1456.263411,0.010513,-0.004788,-0.112518,-9.813006,-9.813652,0.001065,-0.00426,0.001065,98882.25,27.07,0.0038911,
1456.273503,0.010092,-0.009576,-0.100548,-9.83934,-9.839858,0.003195,-0.007455,0,98885.24,27.07,-0.0223149,
1456.283632,0.010129,-0.03591,-0.098154,-9.846522,-9.847077,0.005325,-0.00426,0,98885.24,27.07,-0.0295339,
1456.293774,0.010142,0.016758,-0.122094,-9.82737,-9.828143,0.00426,-0.00639,-0.001065,98885.24,27.07,-0.0105999,
1456.303887,0.010113,-0.038304,-0.09576,-9.83934,-9.839881,0.005325,-0.00852,0.00213,98885.24,27.07,-0.0223379,
1456.313999,0.010112,-0.019152,-0.114912,-9.853704,-9.854393,0.003195,-0.007455,0.00213,98885.24,27.07,-0.0368499,
1456.32408,0.010081,0.016758,-0.10773,-9.834552,-9.835156,0.00639,-0.00852,0.00213,98885.24,27.07,-0.0176129,
1456.334192,0.010113,-0.007182,-0.090972,-9.872856,-9.873278,0.00639,-0.00852,0.00213,98885.24,27.07,-0.0557349,
1456.344319,0.010126,0.01197,-0.076608,-9.870462,-9.870767,0.00639,-0.005325,0.00639,98888.16,27.07,-0.0532239,
1456.354419,0.0101,0.031122,-0.090972,-9.85131,-9.851779,0.005325,-0.00639,0.00426,98888.16,27.07,-0.0342359,
1456.364533,0.010114,0.019152,-0.052668,-9.805824,-9.805984,0.00639,-0.00639,0.003195,98888.16,27.07,0.0115591,
1456.37464,0.010107,0.014364,-0.055062,-9.834552,-9.834717,0.005325,-0.00426,0.003195,98888.16,27.07,-0.0171739,
1456.384817,0.010177,0.069426,-0.033516,-9.813006,-9.813309,0.00213,-0.00639,0.00213,98888.16,27.07,0.0042341,
1456.394991,0.010174,0.07182,-0.01197,-9.813006,-9.813276,0.00639,-0.00639,0.00639,98888.16,27.07,0.0042671,
1456.40508,0.010089,0.03591,-0.038304,-9.824976,-9.825116,0.005325,-0.007455,0.00426,98888.16,27.07,-0.0075729,
1456.415174,0.010095,0.122094,-0.045486,-9.777096,-9.777964,0.007455,-0.013845,0.00639,98891.17,27.07,0.0395791,
1456.425289,0.010115,-0.01197,0.016758,-9.817794,-9.817816,0.003195,-0.003195,0.003195,98891.17,27.07,-0.0002729,
1456.435406,0.010117,0.074214,-0.028728,-9.77949,-9.779814,0.005325,-0.01491,0.005325,98891.17,27.07,0.0377291,
1456.445511,0.010105,0.098154,0.014364,-9.82737,-9.827871,0.00213,-0.003195,0.00213,98891.17,27.07,-0.0103279,
1456.455618,0.010107,-0.021546,0.007182,-9.784278,-9.784304,0.001065,-0.005325,0.005325,98891.17,27.07,0.0332391,
1456.465745,0.010127,0.110124,0.002394,-9.77949,-9.78011,0.00426,-0.01065,0.005325,98891.17,27.07,0.0374331,
1456.476684,0.010938,0,-0.02394,-9.8154,-9.815429,0.003195,-0.003195,0.00639,98893.93,27.07,0.0021141,
1456.487354,0.010671,0.057456,0.016758,-9.79146,-9.791643,0.001065,-0.007455,0.00426,98893.93,27.07,0.0259001,
1456.498023,0.010669,0.01197,-0.03591,-9.8154,-9.815473,-0.001065,-0.003195,0.001065,98893.93,27.07,0.0020701,
1456.509053,0.01103,0.021546,0.002394,-9.801036,-9.80106,0.007455,-0.00639,0.001065,98893.93,27.07,0.0164831,
1456.520354,0.0113,0.033516,-0.02394,-9.813006,-9.813092,0.001065,-0.005325,0.00213,98893.93,27.07,0.0044511,
1456.531653,0.011299,0,-0.031122,-9.798642,-9.798691,0.00426,-0.00213,0.00426,98893.93,27.07,0.0188521,
1456.542657,0.011004,0.009576,-0.01197,-9.79146,-9.791472,0.003195,-0.005325,-0.00213,98893.93,27.07,0.0260711,
1456.553845,0.011188,0.019152,-0.05985,-9.836946,-9.837147,0.00426,-0.003195,-0.00213,98893.93,27.07,-0.0196039,
1456.564914,0.011069,-0.033516,-0.031122,-9.786672,-9.786779,0.001065,-0.001065,0.00213,98893.93,27.07,0.0307641,
1456.576065,0.011151,-0.007182,-0.04788,-9.820188,-9.820307,0.003195,-0.00426,0.001065,98893.93,27.07,-0.0027639,
1456.58836,0.012295,-0.088578,-0.045486,-9.832158,-9.832662,0.00639,-0.007455,0.001065,98893.93,27.07,-0.0151189,
1456.598745,0.010384,-0.124488,-0.055062,-9.762732,-9.763681,0.00213,-0.00426,-0.003195,98896.95,27.07,0.0538621,
1456.609693,0.010948,-0.098154,-0.064638,-9.79146,-9.792165,0.003195,0.00213,0,98896.95,27.07,0.0253781,
1456.620888,0.011196,0.112518,-0.117306,-9.85131,-9.852651,0.00426,-0.01065,-0.003195,98896.95,27.07,-0.0351079,
1456.632091,0.011202,-0.021546,-0.069426,-9.848916,-9.849184,0.00213,0,0,98896.95,27.07,-0.0316409,
1456.643318,0.011227,-0.021546,-0.122094,-9.789066,-9.789851,0.00213,-0.00852,-0.00213,98896.95,27.07,0.0276921,
1456.654371,0.011053,-0.019152,-0.177156,-9.82737,-9.828985,0.005325,-0.003195,-0.003195,98896.95,27.07,-0.0114419,
1456.665718,0.011347,0.01197,-0.117306,-9.796248,-9.796958,-0.003195,-0.00852,-0.00213,98899.82,27.07,0.0205851,
1456.676731,0.011014,0.002394,-0.10773,-9.848916,-9.849505,0.00213,0,0,98899.82,27.07,-0.0319619,
1456.687993,0.011261,0.07182,-0.189126,-9.87525,-9.877322,0.00213,-0.005325,0.001065,98899.82,27.07,-0.0597789,
1456.699197,0.011204,-0.014364,-0.136458,-9.810612,-9.811571,0.00213,-0.005325,0.001065,98899.82,27.07,0.0059721,
1456.710364,0.011167,-0.002394,-0.110124,-9.824976,-9.825593,0.001065,-0.01278,0.001065,98899.82,27.07,-0.0080499,
1456.721478,0.011115,0.04788,-0.146034,-9.85131,-9.852509,0.001065,-0.003195,0.003195,98899.82,27.07,-0.0349659,
1456.732706,0.011227,-0.021546,-0.126882,-9.822582,-9.823425,0.003195,-0.00426,0.003195,98902.69,27.07,-0.0058819,
1456.743819,0.011113,-0.028728,-0.124488,-9.841734,-9.842563,0.005325,-0.00639,0.00426,98902.69,27.07,-0.0250199,
1456.755125,0.011306,0.019152,-0.165186,-9.841734,-9.843139,0.00426,-0.00213,0.00426,98902.69,27.07,-0.0255959,
1456.7662,0.011076,0.01197,-0.124488,-9.832158,-9.832953,0.00639,-0.01065,0.003195,98902.69,27.07,-0.0154099,
1456.777386,0.011185,-0.067032,-0.14364,-9.832158,-9.833436,0.003195,-0.003195,0.005325,98902.69,27.07,-0.0158929,
1456.788636,0.011251,-0.002394,-0.1197,-9.822582,-9.823312,0.005325,-0.007455,0.00426,98902.69,27.07,-0.0057689,
1456.799973,0.011337,-0.07182,-0.086184,-9.846522,-9.847161,0.00213,-0.001065,0.005325,98905.62,27.07,-0.0296179,
1456.810944,0.01097,-0.028728,-0.09576,-9.834552,-9.83506,0.00639,-0.01065,0.00426,98905.62,27.07,-0.0175169,
1456.822261,0.011318,-0.033516,-0.081396,-9.836946,-9.83734,0.003195,-0.00426,0.00213,98905.62,27.07,-0.0197969,
1456.833397,0.011136,-0.02394,-0.07182,-9.805824,-9.806116,0.00426,-0.00852,0.00426,98905.62,27.07,0.0114271,
1456.844552,0.011155,-0.13167,-0.050274,-9.83934,-9.840349,0.00426,-0.00426,0.00426,98905.62,27.07,-0.0228059,
1456.856018,0.011466,-0.112518,-0.014364,-9.829764,-9.830418,0.00639,-0.00852,0.001065,98905.62,27.07,-0.0128749,
1456.867069,0.011051,-0.088578,-0.069426,-9.82737,-9.828014,0.00426,-0.00639,0.001065,98905.62,27.07,-0.0104709,
1456.877816,0.010747,-0.102942,-0.05985,-9.836946,-9.837667,0.00639,-0.01065,0.00213,98905.62,27.07,-0.0201239,
1456.887897,0.010082,-0.122094,-0.026334,-9.836946,-9.837739,0.00426,-0.00213,0.00213,98905.62,27.07,-0.0201959,
1456.897987,0.01009,-0.088578,-0.052668,-9.829764,-9.830304,0.003195,-0.005325,-0.001065,98905.62,27.07,-0.0127609,
1456.908111,0.010125,-0.105336,-0.033516,-9.817794,-9.818416,0.007455,-0.011715,0.001065,98905.62,27.07,-0.0008729,
1456.918236,0.010124,-0.122094,-0.050274,-9.810612,-9.811501,0,-0.00426,0,98905.62,27.07,0.0060421,
1456.928345,0.010109,-0.040698,-0.04788,-9.8154,-9.815601,0.007455,-0.009585,-0.001065,98908.53,27.07,0.0019421,
1456.938441,0.010096,-0.019152,-0.102942,-9.817794,-9.818352,0.003195,-0.007455,-0.001065,98908.53,27.07,-0.0008089,
1456.94869,0.010249,-0.04788,-0.079002,-9.813006,-9.813441,0,-0.00426,-0.00426,98908.53,27.07,0.0041021,
1456.958782,0.010092,-0.03591,-0.07182,-9.79146,-9.791789,0.005325,-0.011715,-0.001065,98908.53,27.07,0.0257541,
1456.969113,0.010331,-0.002394,-0.117306,-9.817794,-9.818495,0.00426,-0.009585,0.001065,98908.53,27.07,-0.0009519,
1456.979427,0.010314,-0.002394,-0.07182,-9.832158,-9.832421,0.00213,-0.005325,0.001065,98908.53,27.07,-0.0148779,
1456.989582,0.010155,0.093366,-0.079002,-9.793854,-9.794618,0.00426,-0.005325,0.003195,98911.43,27.07,0.0229251,
1456.999664,0.010081,0.098154,-0.079002,-9.80343,-9.80424,0.001065,-0.00639,0.00213,98911.43,27.07,0.0133031,
1457.009757,0.010094,0.1197,-0.098154,-9.789066,-9.79029,0.001065,-0.005325,0.00213,98911.43,27.07,0.0272531,
1457.019887,0.01013,0.136458,-0.02394,-9.79146,-9.79244,0.003195,-0.007455,0.00213,98911.43,27.07,0.0251031,
1457.029979,0.010092,0.14364,-0.064638,-9.820188,-9.821451,0.003195,-0.005325,0.00426,98911.43,27.07,-0.0039079,
1457.040103,0.010124,0.074214,-0.086184,-9.829764,-9.830422,0.00213,0,0.003195,98911.43,27.07,-0.0128789,
1457.050199,0.010096,0.184338,-0.057456,-9.77949,-9.781396,0.005325,-0.01491,0.003195,98914.46,27.07,0.0361471,
1457.060337,0.010138,0.1197,-0.112518,-9.834552,-9.835924,0,-0.001065,0.00639,98914.46,27.07,-0.0183809,
1457.070427,0.01009,0.148428,-0.031122,-9.786672,-9.787847,0.005325,-0.009585,0.00213,98914.46,27.07,0.0296961,
1457.080524,0.010097,0.112518,-0.064638,-9.841734,-9.842589,0.00426,-0.00426,0.00639,98914.46,27.07,-0.0250459,
1457.090607,0.010084,0.129276,-0.028728,-9.817794,-9.818687,0,-0.00213,0.005325,98914.46,27.07,-0.0011439,
1457.100697,0.010089,0.112518,-0.03591,-9.808218,-9.808929,0.005325,-0.00852,0.00426,98914.46,27.07,0.0086141,
1457.110816,0.01012,0.064638,-0.03591,-9.793854,-9.794133,0.00213,-0.00426,0.00426,98917.41,27.07,0.0234101,
1457.120955,0.010138,0.105336,-0.031122,-9.810612,-9.811227,0.003195,-0.00213,0.003195,98917.41,27.07,0.0063161,
1457.131078,0.010123,0.062244,0.007182,-9.80343,-9.80363,0.005325,-0.00852,0.00426,98917.41,27.07,0.0139131,
1457.141165,0.010087,-0.019152,-0.028728,-9.829764,-9.829825,0.005325,-0.00213,0.00426,98917.41,27.07,-0.0122819,
1457.151261,0.010096,-0.002394,0.002394,-9.810612,-9.810613,0,-0.00426,0.00213,98917.41,27.07,0.0069301,
1457.16137,0.010108,0.002394,-0.016758,-9.841734,-9.841749,0.00639,-0.007455,0.00426,98917.41,27.07,-0.0242059,
1457.171466,0.010096,-0.031122,-0.016758,-9.820188,-9.820252,0.003195,-0.005325,0.003195,98917.41,27.07,-0.0027089,
1457.181641,0.010175,-0.057456,-0.021546,-9.824976,-9.825168,0.003195,-0.00639,0.00426,98917.41,27.07,-0.0076249,
1457.191745,0.010104,-0.028728,-0.002394,-9.784278,-9.78432,0,-0.00639,0.001065,98917.41,27.07,0.0332231,
1457.201834,0.01009,-0.055062,-0.01197,-9.824976,-9.825138,0.005325,-0.005325,0.001065,98917.41,27.07,-0.0075949,
1457.211919,0.010085,-0.026334,-0.074214,-9.860886,-9.8612,0.00213,-0.00639,0.00426,98917.41,27.07,-0.0436569,
1457.222009,0.01009,-0.026334,-0.038304,-9.8154,-9.81551,0,-0.007455,0,98917.41,27.07,0.0020331,
1457.232112,0.010104,-0.038304,-0.081396,-9.817794,-9.818206,0.005325,-0.003195,0.001065,98917.41,27.07,-0.0006629,
1457.242203,0.010091,-0.002394,-0.098154,-9.829764,-9.830254,0.00639,-0.00852,0,98920.36,27.07,-0.0127109,
1457.252298,0.010095,-0.033516,-0.081396,-9.808218,-9.808613,0.00426,-0.00639,-0.00213,98920.36,27.07,0.0089301,
1457.262393,0.010094,-0.007182,-0.086184,-9.813006,-9.813387,-0.001065,-0.00426,-0.001065,98920.36,27.07,0.0041561,
1457.2725,0.010107,0.026334,-0.08379,-9.798642,-9.799036,0.009585,-0.01065,0.00213,98920.36,27.07,0.0185071,
1457.282607,0.010108,-0.007182,-0.153216,-9.808218,-9.809417,-0.001065,-0.003195,0.00213,98920.36,27.07,0.0081261,
1457.292703,0.010096,-0.01197,-0.088578,-9.789066,-9.789474,0.00639,-0.005325,-0.001065,98920.36,27.07,0.0280691,
1457.302842,0.010138,-0.01197,-0.134064,-9.781884,-9.78281,0.001065,-0.007455,0.001065,98920.36,27.07,0.0347331,
1457.312946,0.010104,0.007182,-0.146034,-9.824976,-9.826064,0.001065,-0.003195,0.003195,98923.26,27.07,-0.0085209,
1457.323066,0.01012,0.016758,-0.14364,-9.79146,-9.792528,0.00639,-0.01065,0.00213,98923.26,27.07,0.0250151,
1457.333166,0.0101,-0.033516,-0.158004,-9.817794,-9.819123,-0.001065,-0.003195,0.005325,98923.26,27.07,-0.0015799,
1457.343264,0.010098,0.007182,-0.122094,-9.796248,-9.797011,0.00426,-0.007455,0.003195,98923.26,27.07,0.0205321,
1457.353359,0.010096,0.033516,-0.158004,-9.805824,-9.807154,0.001065,-0.00639,0.00213,98923.26,27.07,0.0103891,
1457.363471,0.010112,-0.019152,-0.112518,-9.79146,-9.792125,0.00213,-0.003195,0.00213,98923.26,27.07,0.0254181,
1457.373554,0.010083,0.021546,-0.13167,-9.801036,-9.801944,0.003195,-0.007455,0.003195,98926.11,27.07,0.0155991,
1457.383662,0.010108,-0.033516,-0.10773,-9.810612,-9.811261,0.00426,-0.00639,0.00639,98926.11,27.07,0.0062821,
1457.393749,0.010086,0.002394,-0.124488,-9.805824,-9.806614,0.003195,-0.005325,0.005325,98926.11,27.07,0.0109291,
1457.404287,0.010539,-0.014364,-0.112518,-9.80343,-9.804086,0.00426,-0.00426,0.00213,98926.11,27.07,0.0134571,
1457.414432,0.010144,-0.02394,-0.126882,-9.834552,-9.8354,0.00213,-0.00639,0.005325,98926.11,27.07,-0.0178569,
1457.424605,0.010174,-0.021546,-0.117306,-9.832158,-9.832881,0.003195,-0.00639,0.00426,98926.11,27.07,-0.0153379,
1457.434715,0.01011,-0.062244,-0.069426,-9.832158,-9.8326,0.00426,-0.007455,0.005325,98928.85,27.07,-0.0150569,
1457.444854,0.010139,-0.052668,-0.079002,-9.829764,-9.830223,0.00213,-0.00852,0.00213,98928.85,27.07,-0.0126799,
1457.454989,0.010135,-0.07182,-0.110124,-9.853704,-9.854581,0.003195,-0.00426,0.00639,98928.85,27.07,-0.0370379,
1457.465117,0.010128,-0.09576,-0.069426,-9.82737,-9.828082,0.003195,-0.007455,0.001065,98928.85,27.07,-0.0105389,
1457.475265,0.010148,-0.03591,-0.069426,-9.820188,-9.820499,0.005325,-0.00852,0.003195,98928.85,27.07,-0.0029559,
1457.485374,0.010109,-0.076608,-0.043092,-9.8154,-9.815794,0.001065,-0.00639,0.003195,98928.85,27.07,0.0017491,
1457.495461,0.010087,-0.052668,-0.040698,-9.820188,-9.820414,0.00426,-0.009585,0,98928.85,27.07,-0.0028709,
1457.505549,0.010088,-0.05985,-0.01197,-9.8154,-9.81559,-0.001065,-0.005325,0.001065,98931.83,27.07,0.0019531,
1457.516106,0.010558,-0.01197,-0.01197,-9.822582,-9.822597,0.007455,-0.007455,0.001065,98931.83,27.07,-0.0050539,
1457.526199,0.010093,-0.040698,-0.02394,-9.80343,-9.803544,0.007455,-0.01065,0,98931.83,27.07,0.0139991,
1457.536286,0.010087,0.016758,-0.01197,-9.817794,-9.817816,0.003195,-0.00213,-0.001065,98931.83,27.07,-0.0002729,
1457.546368,0.010082,0.03591,0.01197,-9.808218,-9.808291,0.00426,-0.011715,0.001065,98931.83,27.07,0.0092521,
1457.556453,0.010085,-0.01197,-0.004788,-9.8154,-9.815408,0.005325,-0.007455,0,98931.83,27.07,0.0021351,
1457.566566,0.010113,0.067032,-0.02394,-9.80343,-9.803688,0,-0.003195,-0.003195,98931.83,27.07,0.0138551,
1457.576677,0.010111,0.009576,0,-9.808218,-9.808223,0.007455,-0.009585,0,98931.83,27.07,0.0093201,
1457.586773,0.010096,0.076608,-0.045486,-9.80343,-9.803835,0.00213,-0.003195,-0.00213,98931.83,27.07,0.0137081,
1457.596876,0.010102,0.13167,-0.033516,-9.789066,-9.790009,0.00639,-0.007455,-0.001065,98931.83,27.07,0.0275341,
1457.606959,0.010083,0.057456,-0.050274,-9.841734,-9.84203,0.00426,-0.007455,0,98931.83,27.07,-0.0244869,
1457.617056,0.010097,0.079002,-0.055062,-9.817794,-9.818266,0.001065,-0.001065,-0.003195,98931.83,27.07,-0.0007229,
1457.627212,0.010156,0.110124,-0.081396,-9.80343,-9.804386,0.00213,-0.00639,0.001065,98934.93,27.07,0.0131571,
1457.637331,0.010119,0.028728,-0.076608,-9.810612,-9.810953,0.00426,-0.00639,-0.001065,98934.93,27.07,0.0065901,
1457.647562,0.010231,0.081396,-0.079002,-9.784278,-9.784935,0.00213,-0.00639,0.003195,98934.93,27.07,0.0326081,
1457.657683,0.01012,0.055062,-0.093366,-9.817794,-9.818392,0.007455,-0.00639,0.001065,98934.93,27.07,-0.0008489,
1457.667868,0.010185,0.007182,-0.100548,-9.8154,-9.815918,0.00426,-0.00426,0,98934.93,27.07,0.0016251,
1457.67796,0.010092,0.033516,-0.112518,-9.793854,-9.794558,-0.001065,-0.00426,0.00213,98934.93,27.07,0.0229851,
1457.688062,0.010102,0.050274,-0.102942,-9.796248,-9.796918,0.007455,-0.007455,0.00213,98937.74,27.07,0.0206251,
1457.698151,0.010089,-0.03591,-0.134064,-9.817794,-9.818775,-0.001065,-0.003195,0.00213,98937.74,27.07,-0.0012319,
1457.708413,0.010263,0.004788,-0.102942,-9.805824,-9.806365,0.003195,-0.00639,0.00213,98937.74,27.07,0.0111781,
1457.718499,0.010086,0.002394,-0.102942,-9.808218,-9.808758,0.00426,-0.007455,0.00426,98937.74,27.07,0.0087851,
1457.729128,0.010629,-0.026334,-0.105336,-9.829764,-9.830364,0,-0.003195,0.00426,98937.74,27.07,-0.0128209,
1457.739259,0.010131,-0.02394,-0.110124,-9.822582,-9.823228,0.00426,-0.00852,0.00639,98937.74,27.07,-0.0056849,
1457.749372,0.010113,-0.050274,-0.10773,-9.8154,-9.81612,0.001065,-0.00426,0.003195,98937.74,27.07,0.0014231,
1457.759464,0.010092,-0.045486,-0.105336,-9.810612,-9.811283,0,-0.00213,0.003195,98940.73,27.07,0.0062601,
1457.769846,0.010383,-0.043092,-0.102942,-9.813006,-9.813641,0,-0.00426,0.00213,98940.73,27.07,0.0039021,
1457.779935,0.010088,-0.043092,-0.093366,-9.853704,-9.854241,0.001065,-0.00639,0.005325,98940.73,27.07,-0.0366979,
1457.79003,0.010096,-0.081396,-0.08379,-9.83934,-9.840033,0.001065,-0.00639,0.00426,98940.73,27.07,-0.0224899,
1457.800132,0.010102,-0.069426,-0.100548,-9.834552,-9.835311,0,-0.003195,0.00213,98940.73,27.07,-0.0177679,
1457.810218,0.010086,-0.069426,-0.055062,-9.832158,-9.832557,0.00426,-0.00426,0.00213,98940.73,27.07,-0.0150139,
1457.820372,0.010153,-0.100548,-0.08379,-9.856098,-9.856967,0.001065,-0.005325,0.001065,98943.55,27.07,-0.0394239,
1457.830475,0.010104,-0.079002,-0.081396,-9.853704,-9.854357,0.00426,-0.007455,0,98943.55,27.07,-0.0368139,
1457.840576,0.0101,-0.076608,-0.079002,-9.853704,-9.854318,0.005325,-0.00426,-0.001065,98943.55,27.07,-0.0367749,
1457.850689,0.010113,-0.090972,-0.067032,-9.860886,-9.861533,0.00213,-0.00852,0,98943.55,27.07,-0.0439899,
1457.862425,0.011736,-0.050274,-0.08379,-9.841734,-9.842219,0.00639,-0.011715,-0.00213,98943.55,27.07,-0.0246759,
1457.873937,0.011512,-0.088578,-0.088578,-9.85131,-9.852106,0.003195,-0.005325,-0.003195,98943.55,27.07,-0.0345629,
1457.884842,0.010905,-0.021546,-0.08379,-9.841734,-9.842114,0.00426,-0.007455,-0.001065,98943.55,27.07,-0.0245709,
1457.895861,0.011019,-0.064638,-0.081396,-9.846522,-9.847071,0.003195,-0.005325,-0.00213,98943.55,27.07,-0.0295279,
1457.907073,0.011212,-0.038304,-0.086184,-9.836946,-9.837398,0.003195,-0.007455,-0.00426,98943.55,27.07,-0.0198549,
1457.918391,0.011318,0.031122,-0.09576,-9.834552,-9.835067,0.005325,-0.009585,-0.00213,98943.55,27.07,-0.0175239,
1457.929538,0.011147,-0.040698,-0.110124,-9.824976,-9.825677,0.005325,-0.00639,-0.001065,98943.55,27.07,-0.0081339,
1457.940612,0.011074,-0.009576,-0.114912,-9.793854,-9.794533,0.005325,-0.007455,-0.003195,98943.55,27.07,0.0230101,
1457.951939,0.011327,-0.014364,-0.126882,-9.80343,-9.804262,0.00426,-0.00852,-0.003195,98946.55,27.07,0.0132811,
1457.963089,0.01115,0.028728,-0.114912,-9.820188,-9.820902,0.003195,-0.003195,-0.001065,98946.55,27.07,-0.0033589,
1457.974196,0.011107,0.04788,-0.122094,-9.810612,-9.811489,0.005325,-0.009585,0,98946.55,27.07,0.0060541,
1457.985386,0.01119,0.021546,-0.114912,-9.774702,-9.775401,0.003195,-0.00852,0.00213,98946.55,27.07,0.0421421,
1457.996555,0.011169,0.028728,-0.105336,-9.801036,-9.801644,0,-0.00852,0,98946.55,27.07,0.0158991,
1458.008077,0.011522,0.067032,-0.122094,-9.789066,-9.790057,0.00639,-0.011715,0,98949.59,27.07,0.0274861,
1458.018953,0.010876,0.043092,-0.090972,-9.784278,-9.784796,0,-0.003195,0.005325,98949.59,27.07,0.0327471,
1458.03022,0.011267,0.057456,-0.079002,-9.796248,-9.796735,0,-0.00426,0.001065,98949.59,27.07,0.0208081,
1458.041327,0.011107,0.03591,-0.086184,-9.793854,-9.794299,0.003195,-0.007455,0.00213,98949.59,27.07,0.0232441,
1458.052955,0.011628,0.05985,-0.057456,-9.8154,-9.815751,0.00639,-0.009585,0.00213,98949.59,27.07,0.0017921,
1458.064354,0.011399,0.031122,-0.064638,-9.820188,-9.82045,0.00213,-0.005325,0.003195,98949.59,27.07,-0.0029069,
1458.074872,0.010518,0.038304,-0.052668,-9.824976,-9.825192,-0.001065,-0.001065,0.003195,98952.6,27.07,-0.0076489,
1458.087561,0.01269,0.069426,-0.004788,-9.808218,-9.808465,0.00852,-0.011715,0.003195,98952.6,27.07,0.0090781,
1458.09785,0.010289,-0.016758,-0.038304,-9.832158,-9.832247,-0.001065,0.001065,0.001065,98952.6,27.07,-0.0147039,
1458.108446,0.010596,0.004788,0,-9.786672,-9.786673,0.00426,-0.01065,0.00426,98952.6,27.07,0.0308701,
1458.119605,0.011159,0.07182,0,-9.841734,-9.841996,0.00426,-0.007455,0.00426,98952.6,27.07,-0.0244529,
1458.130786,0.011181,-0.019152,0.009576,-9.844128,-9.844151,0.003195,-0.005325,0.00426,98952.6,27.07,-0.0266079,
1458.142038,0.011252,0.04788,-0.038304,-9.8154,-9.815592,0.005325,-0.007455,0,98955.63,27.07,0.0019511,
1458.153106,0.011068,-0.028728,-0.043092,-9.808218,-9.808355,0.001065,-0.005325,0.001065,98955.63,27.07,0.0091881,
1458.164297,0.011191,-0.021546,0.043092,-9.801036,-9.801154,0.005325,-0.00639,0.001065,98955.63,27.07,0.0163891,
1458.17553,0.011234,0.03591,-0.014364,-9.822582,-9.822658,0.00213,-0.00639,0.005325,98955.63,27.07,-0.0051149,
1458.186649,0.011119,0.002394,-0.057456,-9.836946,-9.837114,0.003195,-0.00213,0.00426,98955.63,27.07,-0.0195709,
1458.197855,0.011206,-0.016758,0.01197,-9.808218,-9.80824,0.003195,-0.005325,0.001065,98955.63,27.07,0.0093031,
1458.209077,0.011222,0.031122,-0.04788,-9.841734,-9.8419,0.007455,-0.007455,0.00213,98955.63,27.07,-0.0243569,
1458.220271,0.011195,0.09576,-0.090972,-9.798642,-9.799532,0,0,0.001065,98955.63,27.07,0.0180111,
1458.231423,0.011152,-0.028728,-0.016758,-9.817794,-9.81785,0.009585,-0.00852,0.003195,98955.63,27.07,-0.0003069,
1458.242611,0.011188,-0.050274,-0.040698,-9.836946,-9.837159,0.003195,-0.00213,0.00639,98955.63,27.07,-0.0196159,
1458.253837,0.011226,0.174762,-0.069426,-9.846522,-9.848317,0.00852,-0.01065,0.003195,98955.63,27.07,-0.0307739,
1458.264986,0.011149,0.045486,-0.174762,-9.824976,-9.826635,0.003195,-0.001065,-0.001065,98958.4,27.07,-0.0090919,
1458.276117,0.011132,-0.10773,-0.004788,-9.810612,-9.811205,0.01065,-0.003195,0.00213,98958.4,27.07,0.0063381,
1458.287312,0.011194,0.134064,-0.045486,-9.841734,-9.842752,0.00639,-0.011715,0,98958.4,27.07,-0.0252089,
1458.298555,0.011243,0.126882,-0.028728,-9.796248,-9.797112,0.003195,-0.005325,0.001065,98958.4,27.07,0.0204311,
1458.309717,0.011162,0.10773,-0.09576,-9.8154,-9.816458,0.00639,-0.00639,0.005325,98958.4,27.07,0.0010851,
1458.32112,0.011403,0.050274,-0.093366,-9.817794,-9.818367,0.011715,-0.01278,0.00213,98958.4,27.07,-0.0008239,
1458.332076,0.010956,-0.055062,-0.122094,-9.834552,-9.835464,-0.005325,0.00426,0.003195,98961.32,27.07,-0.0179209,
1458.343325,0.011249,0.124488,-0.026334,-9.79146,-9.792287,0.00852,-0.01065,0.00213,98961.32,27.07,0.0252561,
1458.354494,0.011169,0.033516,-0.112518,-9.8154,-9.816102,0.00426,-0.007455,0.00213,98961.32,27.07,0.0014411,
1458.365635,0.011141,-0.019152,-0.117306,-9.817794,-9.818513,0.005325,-0.00852,0.00213,98961.32,27.07,-0.0009699,
1458.376778,0.011143,0.05985,-0.146034,-9.772308,-9.773582,0.00426,-0.01065,0.00213,98961.32,27.07,0.0439611,
1458.388063,0.011285,-0.026334,-0.100548,-9.829764,-9.830314,0,-0.003195,0.00213,98961.32,27.07,-0.0127709,
1458.399326,0.011263,0.009576,-0.08379,-9.80343,-9.803793,0.005325,-0.00852,0.00213,98964.2,27.07,0.0137501,
1458.410435,0.01111,-0.040698,-0.114912,-9.793854,-9.794613,-0.001065,-0.003195,0.00213,98964.2,27.07,0.0229301,
1458.421553,0.011117,-0.002394,-0.09576,-9.77949,-9.779959,0.00426,-0.00852,0.001065,98964.2,27.07,0.0375841,
1458.43272,0.011167,-0.019152,-0.114912,-9.822582,-9.823273,0.001065,-0.007455,0.001065,98964.2,27.07,-0.0057299,
1458.443905,0.011185,-0.090972,-0.093366,-9.798642,-9.799509,0.00213,0.001065,0.001065,98964.2,27.07,0.0180341,
1458.455118,0.011213,0,-0.124488,-9.762732,-9.763526,0.00426,-0.00639,0.003195,98964.2,27.07,0.0540171,
1458.466367,0.011249,-0.050274,-0.10773,-9.8154,-9.81612,0.001065,0,0.00426,98967.04,27.07,0.0014231,
1458.47745,0.011084,-0.04788,-0.090972,-9.798642,-9.799181,0,-0.005325,0.001065,98967.04,27.07,0.0183621,
1458.488744,0.011294,-0.028728,-0.105336,-9.8154,-9.816007,0.001065,-0.001065,0.001065,98967.04,27.07,0.0015361,
1458.49998,0.011237,-0.076608,-0.10773,-9.8154,-9.81629,0.00639,-0.00639,0.001065,98967.04,27.07,0.0012531,
1458.511046,0.011065,-0.10773,-0.098154,-9.82737,-9.828451,0.00213,0,0.00213,98967.04,27.07,-0.0109079,
1458.522247,0.011201,0.007182,-0.086184,-9.829764,-9.830144,0.005325,-0.007455,0.00213,98967.04,27.07,-0.0126009,
1458.533429,0.011182,-0.079002,-0.088578,-9.836946,-9.837662,0.003195,-0.00426,0.001065,98967.04,27.07,-0.0201189,
1458.544558,0.011129,-0.062244,-0.064638,-9.848916,-9.849325,0.007455,-0.005325,0,98967.04,27.07,-0.0317819,
1458.555728,0.01117,-0.004788,-0.09576,-9.834552,-9.835019,0.003195,-0.005325,0,98967.04,27.07,-0.0174759,
1458.567054,0.011326,-0.043092,-0.08379,-9.856098,-9.856548,0.00213,-0.001065,0,98967.04,27.07,-0.0390049,
1458.578489,0.011435,-0.01197,-0.064638,-9.846522,-9.846741,0.00426,-0.00852,0,98967.04,27.07,-0.0291979,
1458.589404,0.010915,-0.079002,-0.090972,-9.844128,-9.844865,0.003195,-0.005325,0.00213,98969.9,27.07,-0.0273219,
1458.600505,0.011101,-0.016758,-0.074214,-9.860886,-9.86118,0.00213,-0.00639,0.001065,98969.9,27.07,-0.0436369,
1458.611731,0.011226,0.002394,-0.043092,-9.836946,-9.837041,0.007455,-0.00852,0,98969.9,27.07,-0.0194979,
1458.623085,0.011354,-0.052668,-0.088578,-9.85131,-9.851849,-0.001065,-0.00639,-0.001065,98969.9,27.07,-0.0343059,
1458.634056,0.01097,-0.009576,-0.093366,-9.832158,-9.832606,0.00639,-0.00852,0.00426,98969.9,27.07,-0.0150629,
1458.645214,0.011158,0.002394,-0.08379,-9.848916,-9.849273,0.007455,-0.009585,-0.00213,98969.9,27.07,-0.0317299,
1458.656467,0.011253,0.019152,-0.088578,-9.85131,-9.851727,0.001065,-0.005325,0.00426,98973.04,27.07,-0.0341839,
1458.667716,0.011249,0.019152,-0.100548,-9.83934,-9.839872,0.00639,-0.00852,0.005325,98973.04,27.07,-0.0223289,
1458.678834,0.011119,-0.062244,-0.093366,-9.841734,-9.842374,0.003195,-0.00426,0.00213,98973.04,27.07,-0.0248309,
1458.690054,0.01122,0.026334,-0.110124,-9.822582,-9.823235,0.005325,-0.009585,0.005325,98973.04,27.07,-0.0056919,
1458.701255,0.0112,0.009576,-0.093366,-9.836946,-9.837394,0.00426,-0.00852,0.005325,98973.04,27.07,-0.0198509,
1458.71238,0.011125,-0.05985,-0.081396,-9.817794,-9.818314,0.00213,-0.00852,0.005325,98973.04,27.07,-0.0007709,
1458.723806,0.011426,0.028728,-0.102942,-9.841734,-9.842314,0.00639,-0.01065,0.005325,98975.82,27.07,-0.0247709,
1458.734767,0.010961,0.002394,-0.055062,-9.829764,-9.829919,0.001065,-0.005325,0.00426,98975.82,27.07,-0.0123759,
1458.745903,0.011136,0.064638,-0.055062,-9.774702,-9.775071,0.00426,-0.007455,0.005325,98975.82,27.07,0.0424721,
1458.757183,0.01128,0.114912,-0.069426,-9.774702,-9.775624,0.003195,-0.01278,0.005325,98975.82,27.07,0.0419191,
1458.768272,0.011089,0.062244,-0.02394,-9.781884,-9.782111,0.00426,-0.00213,0.00639,98975.82,27.07,0.0354321,
1458.77974,0.011468,0.14364,-0.026334,-9.774702,-9.775793,0.00426,-0.009585,0.00639,98978.73,27.07,0.0417501,
1458.790706,0.010966,0.09576,-0.057456,-9.741186,-9.741826,0.00639,-0.009585,0.00426,98978.73,27.07,0.0757171,
1458.801878,0.011172,0.026334,-0.074214,-9.76752,-9.767837,0.001065,-0.007455,0.003195,98978.73,27.07,0.0497061,
1458.813004,0.011126,0.141246,-0.03591,-9.801036,-9.802119,0.007455,-0.01065,0.00426,98978.73,27.07,0.0154241,
1458.824198,0.011194,0.033516,-0.057456,-9.80343,-9.803656,-0.003195,0.00213,0.00426,98978.73,27.07,0.0138871,
1458.835457,0.011259,0.112518,-0.007182,-9.784278,-9.784928,0.005325,-0.005325,0.003195,98978.73,27.07,0.0326151,
1458.84672,0.011263,0.014364,-0.064638,-9.784278,-9.784502,0.00213,-0.001065,0.005325,98981.53,27.07,0.0330411,
1458.8578,0.011081,0.002394,-0.086184,-9.810612,-9.810991,-0.00213,0.003195,0.005325,98981.53,27.07,0.0065521,
1458.86902,0.011219,0.03591,-0.055062,-9.79146,-9.791681,0.00852,-0.00852,0.00639,98981.53,27.07,0.0258621,
1458.880122,0.011102,-0.086184,-0.086184,-9.83934,-9.840095,-0.003195,0.00213,0.003195,98981.53,27.07,-0.0225519,
1458.89134,0.011218,-0.02394,-0.069426,-9.834552,-9.834826,0.003195,-0.005325,0.00426,98981.53,27.07,-0.0172829,
1458.902555,0.011215,0.004788,-0.062244,-9.85131,-9.851508,0.00213,-0.001065,0.003195,98981.53,27.07,-0.0339649,
1458.913761,0.011206,-0.040698,-0.079002,-9.820188,-9.82059,0.001065,-0.00213,0.003195,98981.53,27.07,-0.0030469,
1458.924868,0.011107,-0.03591,-0.064638,-9.836946,-9.837224,0.00213,-0.00426,0.003195,98981.53,27.07,-0.0196809,
1458.936037,0.01117,-0.102942,-0.067032,-9.868068,-9.868833,-0.00213,0,0.003195,98981.53,27.07,-0.0512899,
1458.947254,0.011217,-0.057456,-0.040698,-9.829764,-9.830016,0.003195,-0.007455,0.003195,98981.53,27.07,-0.0124729,
1458.958415,0.011161,-0.031122,-0.04788,-9.85131,-9.851476,0.003195,-0.00639,0.00213,98981.53,27.07,-0.0339329,
1458.969582,0.011168,-0.067032,-0.086184,-9.85131,-9.851915,0.001065,-0.003195,0.00426,98981.53,27.07,-0.0343719,
1458.980754,0.011172,-0.045486,-0.050274,-9.83934,-9.839574,0.003195,-0.00639,0.00426,98984.69,27.07,-0.0220309,
1458.991961,0.011207,0,-0.098154,-9.87525,-9.875738,0.00426,-0.009585,0.001065,98984.69,27.07,-0.0581949,
1459.00319,0.01123,-0.028728,-0.093366,-9.865674,-9.866158,-0.001065,-0.003195,0.00426,98984.69,27.07,-0.0486149,
1459.014352,0.011162,0,-0.086184,-9.83934,-9.839717,0.00852,-0.009585,0.001065,98984.69,27.07,-0.0221739,
1459.025636,0.011284,-0.052668,-0.126882,-9.848916,-9.849874,0.00426,-0.009585,0.00213,98984.69,27.07,-0.0323309,
1459.036794,0.011158,-0.02394,-0.122094,-9.846522,-9.847308,0.001065,-0.00852,0.00213,98987.54,27.07,-0.0297649,
1459.047948,0.011154,0.014364,-0.122094,-9.85131,-9.852077,0.003195,-0.009585,0.005325,98987.54,27.07,-0.0345339,
1459.059152,0.011205,-0.031122,-0.112518,-9.829764,-9.830457,0.00639,-0.00639,0.003195,98987.54,27.07,-0.0129139,
1459.070281,0.011129,-0.004788,-0.158004,-9.836946,-9.838216,0.003195,-0.009585,0.001065,98987.54,27.07,-0.0206729,
1459.081409,0.011127,-0.05985,-0.110124,-9.813006,-9.813806,0.003195,-0.005325,0.00213,98987.54,27.07,0.0037371,
1459.092597,0.011188,0.016758,-0.114912,-9.79146,-9.792149,0.00639,-0.007455,0.001065,98987.54,27.07,0.0253941,
1459.103833,0.011236,0.03591,-0.067032,-9.784278,-9.784574,0.007455,-0.00852,0.00426,98990.54,27.07,0.0329691,
1459.115064,0.011231,0.016758,-0.045486,-9.774702,-9.774822,-0.00213,-0.00213,0.003195,98990.54,27.07,0.0427211,
1459.126172,0.011108,0.050274,-0.026334,-9.760338,-9.760503,0.00426,-0.00639,0.001065,98990.54,27.07,0.0570401,
1459.137328,0.011156,0.052668,-0.040698,-9.789066,-9.789292,0.007455,-0.005325,0.001065,98990.54,27.07,0.0282511,
1459.148707,0.011379,-0.009576,-0.05985,-9.75555,-9.755738,0,-0.003195,0,98990.54,27.07,0.0618051,
1459.159943,0.011236,-0.004788,0.01197,-9.79146,-9.791468,0.005325,-0.005325,-0.001065,98990.54,27.07,0.0260751,
1459.171216,0.011273,-0.01197,0.002394,-9.801036,-9.801044,0.007455,-0.007455,0,98993.34,27.07,0.0164991,
1459.181803,0.010587,0.038304,0.01197,-9.796248,-9.79633,0.001065,-0.00213,0,98993.34,27.07,0.0212131,
1459.191917,0.010114,-0.040698,-0.004788,-9.829764,-9.829849,0.005325,-0.00639,0,98993.34,27.07,-0.0123059,
1459.202005,0.010088,-0.031122,-0.031122,-9.858492,-9.85859,-0.00213,-0.00426,-0.00426,98993.34,27.07,-0.0410469,
1459.212125,0.010119,0.050274,0,-9.83934,-9.839468,0.00213,-0.001065,0,98993.34,27.07,-0.0219249,
1459.222207,0.010082,-0.050274,-0.04788,-9.848916,-9.849161,0.003195,-0.009585,-0.00426,98993.34,27.07,-0.0316179,
1459.232307,0.0101,-0.040698,-0.031122,-9.903978,-9.904111,0.001065,0,-0.00213,98993.34,27.07,-0.0865679,
1459.242393,0.010086,0.05985,-0.03591,-9.877644,-9.877891,0.003195,-0.00852,-0.00426,98993.34,27.07,-0.0603479,
1459.252574,0.010181,-0.043092,-0.05985,-9.85131,-9.851586,0.00426,-0.005325,-0.003195,98993.34,27.07,-0.0340429,
1459.262682,0.010108,-0.007182,-0.074214,-9.858492,-9.858774,-0.00213,-0.005325,-0.00426,98993.34,27.07,-0.0412309,
1459.272802,0.01012,0.016758,-0.040698,-9.880038,-9.880136,0.007455,-0.00852,-0.00213,98993.34,27.07,-0.0625929,
1459.283569,0.010767,-0.031122,-0.09576,-9.889614,-9.890127,0.003195,-0.007455,-0.005325,98993.34,27.07,-0.0725839,
1459.294891,0.011322,0.007182,-0.100548,-9.848916,-9.849432,0.00426,-0.00426,-0.001065,98996.05,27.07,-0.0318889,
1459.3057,0.010809,0.04788,-0.079002,-9.824976,-9.82541,0.005325,-0.011715,-0.00426,98996.05,27.07,-0.0078669,
1459.316302,0.010602,0.01197,-0.114912,-9.860886,-9.861563,0.00426,-0.00852,-0.001065,98996.05,27.07,-0.0440199,
1459.327593,0.01129,0.050274,-0.090972,-9.813006,-9.813556,0.00426,-0.009585,-0.00213,98996.05,27.07,0.0039871,
1459.338759,0.011166,0.062244,-0.112518,-9.822582,-9.823424,0.00426,-0.01065,-0.001065,98996.05,27.07,-0.0058809,
1459.349966,0.011207,0.069426,-0.146034,-9.836946,-9.838275,0.001065,-0.00639,0,98996.05,27.07,-0.0207319,
1459.361569,0.011603,0.045486,-0.067032,-9.822582,-9.822916,0.005325,-0.00852,0.001065,98998.88,27.07,-0.0053729,
1459.372233,0.010664,0.028728,-0.13167,-9.762732,-9.763662,0.003195,-0.007455,0.001065,98998.88,27.07,0.0538811,
1459.383463,0.011231,0.064638,-0.153216,-9.772308,-9.773723,0.001065,-0.005325,0.003195,98998.88,27.07,0.0438201,
1459.39483,0.011367,0.050274,-0.098154,-9.813006,-9.813626,0.00852,-0.00639,0.00213,98998.88,27.07,0.0039171,
1459.405891,0.011061,0.016758,-0.134064,-9.8154,-9.81633,0.00426,-0.00213,0.001065,98998.88,27.07,0.0012131,
1459.417708,0.011817,0.03591,-0.1197,-9.769914,-9.770713,0.00426,-0.009585,0.003195,98998.88,27.07,0.0468301,
1459.428743,0.011035,-0.03591,-0.114912,-9.8154,-9.816138,0.005325,-0.00426,0.001065,99001.89,27.07,0.0014051,
1459.439459,0.010715,-0.007182,-0.100548,-9.796248,-9.796767,0.00213,-0.003195,0.00426,99001.89,27.07,0.0207761,
1459.450665,0.011206,-0.040698,-0.07182,-9.75555,-9.755899,0.003195,-0.00639,0.003195,99001.89,27.07,0.0616441,
1459.461703,0.011038,-0.10773,-0.076608,-9.801036,-9.801927,0.001065,0.001065,0.00213,99001.89,27.07,0.0156161,
1459.472894,0.011191,-0.02394,-0.05985,-9.810612,-9.810824,0.00639,-0.00852,0.00213,99001.89,27.07,0.0067191,
1459.484074,0.011181,-0.100548,-0.052668,-9.793854,-9.794512,0,-0.003195,0.001065,99004.68,27.07,0.0230311,
1459.495412,0.011338,-0.10773,-0.05985,-9.79146,-9.792236,-0.001065,-0.003195,-0.001065,99004.68,27.07,0.0253071,
1459.506462,0.01105,-0.04788,-0.040698,-9.805824,-9.806025,0.00426,-0.007455,0.003195,99004.68,27.07,0.0115181,
1459.517668,0.011206,-0.081396,-0.074214,-9.824976,-9.825593,0.001065,0,0,99004.68,27.07,-0.0080499,
1459.529117,0.011449,-0.055062,-0.067032,-9.808218,-9.808602,0.003195,-0.005325,-0.001065,99004.68,27.07,0.0089411,
1459.540082,0.010965,-0.090972,-0.074214,-9.83934,-9.84004,0.003195,-0.00426,0.00213,99004.68,27.07,-0.0224969,
1459.5516,0.011518,-0.02394,-0.069426,-9.844128,-9.844402,0.00426,-0.005325,-0.001065,99004.68,27.06,-0.0268589,
1459.563275,0.011675,0.043092,-0.098154,-9.86328,-9.863863,0.00426,-0.007455,-0.001065,99004.68,27.06,-0.0463199,
1459.57362,0.010345,-0.067032,-0.08379,-9.865674,-9.866258,0.007455,-0.00426,-0.00213,99004.68,27.06,-0.0487149,
1459.584873,0.011253,0.007182,-0.14364,-9.865674,-9.866722,0.00639,-0.01065,-0.00213,99004.68,27.06,-0.0491789,
1459.595904,0.011031,0.04788,-0.134064,-9.841734,-9.842764,0.003195,-0.00852,0,99004.68,27.06,-0.0252209,
1459.607339,0.011435,0.050274,-0.148428,-9.848916,-9.850163,-0.001065,0,0,99004.68,27.06,-0.0326199,
1459.618335,0.010996,0.07182,-0.114912,-9.844128,-9.845061,0.00852,-0.011715,0,99007.6,27.06,-0.0275179,
1459.62948,0.011145,0.02394,-0.13167,-9.858492,-9.8594,0.00426,-0.005325,0,99007.6,27.06,-0.0418569,
1459.640667,0.011186,0.079002,-0.076608,-9.79146,-9.792078,0.005325,-0.009585,0.00213,99007.6,27.06,0.0254651,
1459.651832,0.011165,0.105336,-0.117306,-9.810612,-9.811879,0.003195,-0.007455,0.00213,99007.6,27.06,0.0056641,
1459.663287,0.011455,0.09576,-0.124488,-9.796248,-9.797507,0.00639,-0.00639,0.003195,99007.6,27.06,0.0200361,
1459.674263,0.010976,0.102942,-0.09576,-9.796248,-9.797257,0.00213,-0.00213,0.001065,99007.6,27.06,0.0202861,
1459.685396,0.011133,0.150822,-0.076608,-9.77949,-9.780953,0.007455,-0.00852,0.003195,99010.37,27.06,0.0365901,
1459.696586,0.01119,0.117306,-0.038304,-9.796248,-9.797025,0.003195,-0.003195,0.005325,99010.37,27.06,0.0205181,
1459.708036,0.01145,0.102942,-0.064638,-9.796248,-9.797002,0.007455,-0.007455,0.00426,99010.37,27.06,0.0205411,
1459.719087,0.011051,0.067032,-0.069426,-9.77949,-9.779966,0.003195,-0.007455,0.00426,99010.37,27.06,0.0375771,
1459.730204,0.011117,0.040698,-0.040698,-9.769914,-9.770084,0.003195,-0.00426,0.003195,99010.37,27.06,0.0474591,
1459.741313,0.011108,0.093366,-0.033516,-9.793854,-9.794356,0.003195,-0.007455,0.00426,99013.2,27.06,0.0231871,
1459.752575,0.011262,0.004788,-0.03591,-9.801036,-9.801103,0.00426,-0.00213,0.005325,99013.2,27.06,0.0164401,
1459.763718,0.011143,-0.007182,-0.033516,-9.80343,-9.80349,0.003195,-0.003195,0.00852,99013.2,27.06,0.0140531,
1459.77494,0.011222,0.016758,-0.055062,-9.796248,-9.796417,0.00426,-0.005325,0.00639,99013.2,27.06,0.0211261,
1459.786066,0.011126,-0.05985,-0.040698,-9.80343,-9.803697,0.001065,-0.00213,0.005325,99013.2,27.06,0.0138461,
1459.797243,0.011177,-0.055062,-0.057456,-9.796248,-9.796571,0.005325,-0.007455,0.00213,99013.2,27.06,0.0209721,
1459.808573,0.01133,-0.08379,-0.064638,-9.808218,-9.808789,0.001065,0,0.001065,99016.07,27.06,0.0087541,
1459.819648,0.011075,-0.014364,-0.043092,-9.80343,-9.803535,0.003195,-0.007455,0.00213,99016.07,27.06,0.0140081,
1459.830861,0.011213,-0.08379,-0.05985,-9.793854,-9.794395,0.00426,-0.00213,0,99016.07,27.06,0.0231481,
1459.84203,0.011168,-0.10773,-0.090972,-9.829764,-9.830775,-0.001065,-0.00426,0.00213,99016.07,27.06,-0.0132319,
1459.853199,0.011169,0.028728,-0.067032,-9.805824,-9.806095,0.00639,-0.009585,0.001065,99016.07,27.06,0.0114481,
1459.864376,0.011177,-0.090972,-0.098154,-9.817794,-9.818706,0.00213,-0.001065,0.003195,99016.07,27.06,-0.0011629,
1459.875739,0.011363,0.002394,-0.04788,-9.834552,-9.834669,0,-0.00426,0,99018.78,27.06,-0.0171259,
1459.88677,0.011031,0.016758,-0.124488,-9.877644,-9.878443,0.005325,-0.009585,0,99018.78,27.06,-0.0608999,
1459.89807,0.011301,-0.102942,-0.086184,-9.784278,-9.785199,0.003195,-0.00426,0.00213,99018.78,27.06,0.0323441,
1459.909204,0.011133,-0.09576,-0.09576,-9.772308,-9.773246,-0.003195,-0.001065,0.00213,99018.78,27.06,0.0442971,
1459.920273,0.011069,0.100548,-0.050274,-9.89919,-9.899828,0.009585,-0.009585,0.005325,99018.78,27.06,-0.0822849,
1459.931764,0.011491,0.050274,-0.177156,-9.729216,-9.730959,-0.00426,-0.00213,-0.001065,99018.78,27.06,0.0865841,
1459.942791,0.011027,-0.260946,0.026334,-9.846522,-9.850014,-0.001065,0.00426,0.00213,99018.78,27.06,-0.0324709,
1459.953957,0.011167,0.205884,-0.220248,-9.872856,-9.877458,0.009585,-0.01917,0.00213,99018.78,27.06,-0.0599149,
1459.96511,0.011153,-0.074214,-0.09576,-9.841734,-9.84248,-0.003195,0,0.00213,99018.78,27.06,-0.0249369,
1459.976326,0.011215,0.098154,0.067032,-9.774702,-9.775425,0.009585,-0.015975,0,99018.78,27.06,0.0421181,
1459.988481,0.012155,0.019152,-0.162792,-9.856098,-9.857461,0.001065,-0.00426,0.003195,99018.78,27.06,-0.0399179,
1459.998774,0.010293,0.069426,-0.165186,-9.820188,-9.821823,0,-0.005325,0.003195,99021.55,27.06,-0.0042799,
1460.009887,0.011112,0.114912,-0.002394,-9.734004,-9.734683,0.005325,-0.007455,0.00426,99021.55,27.06,0.0828601,
1460.020956,0.011069,0.064638,-0.122094,-9.822582,-9.823553,0.00213,-0.003195,0.00213,99021.55,27.06,-0.0060099,
1460.03211,0.011154,0.126882,-0.093366,-9.801036,-9.802302,0.00213,-0.009585,0.003195,99021.55,27.06,0.0152411,
1460.043354,0.011244,0.03591,-0.04788,-9.801036,-9.801219,0.00426,-0.00426,0.00213,99021.55,27.06,0.0163241,
1460.054525,0.011171,0.03591,-0.117306,-9.82737,-9.828136,0.00213,-0.003195,0.003195,99021.55,27.06,-0.0105929,
1460.06582,0.011294,0.07182,-0.07182,-9.786672,-9.787199,0.001065,-0.003195,0.005325,99024.35,27.06,0.0303441,
1460.076886,0.011066,0.03591,-0.090972,-9.781884,-9.782373,0.003195,-0.00852,0.00213,99024.35,27.06,0.0351701,
1460.088125,0.01124,-0.031122,-0.126882,-9.872856,-9.87372,0.001065,-0.001065,0.00426,99024.35,27.06,-0.0561769,
1460.099317,0.011191,-0.016758,-0.040698,-9.844128,-9.844226,0.005325,-0.00426,0.00426,99024.35,27.06,-0.0266829,
1460.110492,0.011176,-0.031122,-0.069426,-9.810612,-9.810907,0.003195,-0.007455,0.003195,99024.35,27.06,0.0066361,
1460.121732,0.01124,-0.043092,-0.04788,-9.83934,-9.839551,0.003195,-0.00213,0.00426,99024.35,27.06,-0.0220079,
1460.132821,0.011089,-0.08379,-0.067032,-9.810612,-9.811199,0.003195,-0.003195,0.00426,99027.04,27.06,0.0063441,
1460.144006,0.011185,-0.057456,-0.028728,-9.834552,-9.834762,0.00639,-0.003195,0.00426,99027.04,27.06,-0.0172189,
1460.155223,0.011216,-0.052668,-0.067032,-9.836946,-9.837315,0,-0.00639,0.001065,99027.04,27.06,-0.0197719,
1460.166377,0.011155,-0.098154,-0.02394,-9.822582,-9.823102,0.00213,0,0.003195,99027.04,27.06,-0.0055589,
1460.177539,0.011162,-0.016758,-0.050274,-9.789066,-9.789209,0.005325,-0.011715,0.00213,99027.04,27.06,0.0283341,
1460.188801,0.011261,-0.117306,-0.043092,-9.846522,-9.847315,0.003195,-0.00426,0.003195,99029.94,27.06,-0.0297719,
1460.199908,0.011107,-0.100548,-0.03591,-9.82737,-9.82795,0.00426,-0.00852,0.00213,99029.94,27.06,-0.0104069,
1460.211155,0.011247,-0.105336,-0.040698,-9.848916,-9.849563,0.003195,-0.00852,-0.001065,99029.94,27.06,-0.0320199,
1460.222326,0.011171,-0.050274,-0.02394,-9.824976,-9.825134,0.00213,-0.00639,0.001065,99029.94,27.06,-0.0075909,
1460.233474,0.011148,-0.038304,-0.086184,-9.77949,-9.779945,0,-0.00852,0.00213,99029.94,27.06,0.0375981,
1460.244621,0.011148,-0.098154,-0.026334,-9.8154,-9.815926,0,-0.00426,-0.001065,99029.94,27.06,0.0016171,
1460.255878,0.011257,-0.028728,-0.050274,-9.824976,-9.825147,0.00639,-0.01065,0.001065,99029.94,27.06,-0.0076039,
1460.267119,0.011241,-0.03591,-0.110124,-9.817794,-9.818477,0,-0.00639,0.00213,99029.94,27.06,-0.0009339,
1460.278329,0.01121,-0.043092,-0.098154,-9.834552,-9.835136,0.001065,-0.00852,-0.001065,99029.94,27.06,-0.0175929,
1460.289454,0.011126,-0.014364,-0.129276,-9.844128,-9.844987,0.005325,-0.01065,0.00213,99029.94,27.06,-0.0274439,
1460.300551,0.011096,-0.014364,-0.114912,-9.832158,-9.83284,0.00426,-0.007455,0.001065,99029.94,27.06,-0.0152969,
1460.311726,0.011176,0.009576,-0.110124,-9.860886,-9.861506,0.00213,-0.00639,-0.001065,99029.94,27.06,-0.0439629,
1460.323321,0.011595,-0.028728,-0.098154,-9.841734,-9.842265,0.003195,-0.00639,0.00213,99032.51,27.06,-0.0247219,
1460.335486,0.012165,0.07182,-0.088578,-9.824976,-9.825638,0.003195,-0.00852,0.001065,99032.51,27.06,-0.0080949,
1460.346094,0.010608,0.07182,-0.064638,-9.798642,-9.799118,0.003195,-0.005325,0.00426,99032.51,27.06,0.0184251,
1460.356467,0.010373,0.05985,-0.110124,-9.813006,-9.813806,0.003195,-0.005325,0,99032.51,27.06,0.0037371,
1460.36783,0.011364,0.136458,-0.05985,-9.786672,-9.787806,0.005325,-0.009585,0.00213,99032.51,27.06,0.0297371,
1460.379129,0.011299,0.148428,-0.07182,-9.798642,-9.800029,0.003195,-0.00852,0.001065,99035.54,27.06,0.0175141,
1460.390105,0.010977,0.081396,-0.069426,-9.781884,-9.782469,0,-0.00213,0.003195,99035.54,27.06,0.0350741,
1460.401264,0.011159,0.124488,-0.03591,-9.76752,-9.768379,0.00213,-0.00213,0.003195,99035.54,27.06,0.0491641,
1460.412445,0.011181,0.04788,-0.04788,-9.760338,-9.760573,0.00213,-0.005325,0.00639,99035.54,27.06,0.0569701,
1460.423619,0.011174,0.093366,-0.064638,-9.760338,-9.760999,0,-0.00213,0.003195,99035.54,27.06,0.0565441,
1460.434864,0.011245,0.086184,-0.03591,-9.777096,-9.777542,0.003195,-0.00426,0.00426,99035.54,27.06,0.0400011,
1460.445997,0.011133,0.031122,-0.02394,-9.777096,-9.777175,0.00213,-0.005325,0.00426,99038.34,27.06,0.0403681,
1460.457132,0.011135,0.069426,-0.05985,-9.79146,-9.791889,0,-0.003195,0.003195,99038.34,27.06,0.0256541,
1460.468401,0.011269,-0.007182,-0.055062,-9.817794,-9.817951,-0.00213,-0.00213,0.00426,99038.34,27.06,-0.0004079,
1460.479585,0.011184,-0.038304,-0.057456,-9.817794,-9.818037,0.00639,-0.00852,0.003195,99038.34,27.06,-0.0004939,
1460.490713,0.011128,0,-0.09576,-9.844128,-9.844594,-0.003195,-0.00426,0.003195,99038.34,27.06,-0.0270509,
1460.501892,0.011178,-0.040698,-0.04788,-9.834552,-9.834753,0.00213,-0.003195,0.005325,99038.34,27.06,-0.0172099,
1460.514039,0.012148,-0.081396,-0.05985,-9.834552,-9.835071,0.00213,-0.00426,0.00426,99041.16,27.06,-0.0175279,
1460.524369,0.01033,-0.009576,-0.04788,-9.882432,-9.882553,0.00639,-0.007455,0.001065,99041.16,27.06,-0.0650099,
1460.535494,0.011124,-0.067032,-0.105336,-9.856098,-9.856889,-0.001065,-0.00213,0.00213,99041.16,27.06,-0.0393459,
1460.546782,0.011289,-0.079002,-0.081396,-9.817794,-9.818449,0.00213,-0.007455,0.001065,99041.16,27.06,-0.0009059,
1460.557879,0.011097,-0.033516,-0.129276,-9.846522,-9.847428,0.00639,-0.00852,0.00213,99041.16,27.06,-0.0298849,
1460.569137,0.011257,-0.043092,-0.076608,-9.848916,-9.849308,0,-0.007455,0.00213,99041.16,27.06,-0.0317649,
1460.580196,0.011059,0.014364,-0.112518,-9.82737,-9.828025,0.00639,-0.005325,0,99041.16,27.06,-0.0104819,
1460.591579,0.011383,-0.04788,-0.124488,-9.808218,-9.809125,0.003195,-0.00426,0.00213,99041.16,27.06,0.0084181,
1460.602576,0.010997,0.007182,-0.098154,-9.82737,-9.827863,0.007455,-0.01065,0.00213,99041.16,27.06,-0.0103199,
1460.613739,0.011162,-0.007182,-0.129276,-9.817794,-9.818648,0.005325,-0.00639,0,99041.16,27.06,-0.0011049,
1460.624986,0.011248,-0.04788,-0.122094,-9.817794,-9.81867,0.003195,-0.005325,0,99041.16,27.06,-0.0011269,
1460.636114,0.011128,0.026334,-0.14364,-9.834552,-9.835636,0.00639,-0.00852,-0.00213,99044.07,27.06,-0.0180929,
1460.647444,0.011331,-0.033516,-0.134064,-9.793854,-9.794829,0.001065,-0.005325,0.003195,99044.07,27.06,0.0227141,
1460.658578,0.011133,0.031122,-0.122094,-9.796248,-9.797058,0.00426,-0.003195,0.003195,99044.07,27.06,0.0204851,
1460.669829,0.011251,-0.007182,-0.09576,-9.846522,-9.84699,0.003195,-0.007455,0.00213,99044.07,27.06,-0.0294469,
1460.68085,0.011021,-0.026334,-0.093366,-9.820188,-9.820667,0.00213,-0.00213,0.00426,99044.07,27.06,-0.0031239,
1460.692116,0.011266,0.021546,-0.081396,-9.808218,-9.808579,0.003195,-0.00639,0.003195,99044.07,27.06,0.0089641,
1460.703358,0.011242,-0.021546,-0.112518,-9.824976,-9.825644,0.00213,-0.003195,0.00426,99046.73,27.06,-0.0081009,
1460.714599,0.011241,-0.05985,-0.076608,-9.813006,-9.813488,0.00213,-0.00852,0.003195,99046.73,27.06,0.0040551,
1460.725666,0.011067,0.03591,-0.086184,-9.836946,-9.837389,0.00426,-0.007455,0.00426,99046.73,27.06,-0.0198459,
1460.736961,0.011295,-0.064638,-0.100548,-9.841734,-9.84246,0,-0.00213,0.007455,99046.73,27.06,-0.0249169,
1460.748019,0.011058,-0.002394,-0.033516,-9.817794,-9.817852,0.003195,-0.005325,0.003195,99046.73,27.06,-0.0003089,
1460.759177,0.011158,-0.002394,-0.07182,-9.824976,-9.825239,0.00213,-0.007455,0.005325,99046.73,27.06,-0.0076959,
1460.770429,0.011252,-0.009576,-0.07182,-9.848916,-9.849183,0.00213,-0.007455,0.00426,99049.68,27.06,-0.0316399,
1460.781474,0.011046,0.02394,-0.026334,-9.820188,-9.820252,0.00639,-0.00852,0.00213,99049.68,27.06,-0.0027089,
1460.792684,0.01121,-0.026334,-0.05985,-9.808218,-9.808436,0.00213,-0.005325,0.003195,99049.68,27.06,0.0091071,
1460.803871,0.011187,0.02394,-0.040698,-9.8154,-9.815514,0.005325,-0.007455,0.003195,99049.68,27.06,0.0020291,
1460.815118,0.011247,0.01197,-0.038304,-9.824976,-9.825058,0.00213,-0.00426,0,99049.68,27.06,-0.0075149,
1460.826373,0.011255,0.067032,-0.002394,-9.834552,-9.834781,0.005325,-0.00852,0.003195,99052.56,27.06,-0.0172379,
1460.837413,0.011041,0.021546,-0.02394,-9.832158,-9.832211,0.005325,-0.005325,0.001065,99052.56,27.06,-0.0146679,
1460.848701,0.011288,0.028728,-0.014364,-9.796248,-9.796301,0.005325,-0.00426,-0.001065,99052.56,27.06,0.0212421,
1460.859824,0.011122,0.055062,-0.004788,-9.79146,-9.791616,0.00639,-0.01065,0.001065,99052.56,27.06,0.0259271,
1460.871944,0.01212,-0.014364,0,-9.834552,-9.834562,0.001065,-0.005325,-0.001065,99052.56,27.06,-0.0170189,
1460.882389,0.010445,0.064638,0.033516,-9.832158,-9.832428,0.005325,-0.00639,-0.00426,99052.56,27.06,-0.0148849,
1460.893397,0.011008,0.05985,-0.007182,-9.798642,-9.798827,0.005325,-0.003195,-0.005325,99052.56,27.06,0.0187161,
1460.904563,0.011165,0.055062,-0.004788,-9.79146,-9.791616,0.00213,-0.005325,-0.00426,99052.56,27.06,0.0259271,
1460.91577,0.011207,0.05985,-0.002394,-9.772308,-9.772492,0.005325,-0.003195,-0.003195,99052.56,27.06,0.0450511,
1460.927001,0.011231,-0.01197,-0.050274,-9.793854,-9.79399,0.005325,-0.003195,-0.00213,99052.56,27.06,0.0235531,
1460.938107,0.011106,0.016758,-0.031122,-9.772308,-9.772372,0.003195,-0.003195,-0.005325,99052.56,27.06,0.0451711,
1460.949318,0.011211,0.05985,-0.050274,-9.786672,-9.786984,0.003195,-0.007455,-0.003195,99052.56,27.06,0.0305591,
1460.960578,0.01126,-0.045486,-0.052668,-9.805824,-9.806071,0.00426,-0.001065,-0.00213,99055.45,27.06,0.0114721,
1460.971662,0.011085,0.021546,-0.086184,-9.810612,-9.811014,0.00213,-0.005325,-0.003195,99055.45,27.06,0.0065291,
1460.982845,0.011182,0.004788,-0.067032,-9.824976,-9.825206,0.00213,-0.005325,-0.001065,99055.45,27.06,-0.0076629,
1460.994089,0.011244,0.01197,-0.14364,-9.822582,-9.823639,-0.001065,-0.003195,-0.00213,99055.45,27.06,-0.0060959,
1461.005207,0.011118,-0.028728,-0.129276,-9.824976,-9.825868,0.007455,-0.007455,-0.001065,99055.45,27.06,-0.0083249,
1461.01641,0.011203,-0.031122,-0.160398,-9.844128,-9.845484,0.001065,-0.00213,0,99055.45,27.06,-0.0279409,
1461.027945,0.011535,-0.002394,-0.174762,-9.82737,-9.828924,0.003195,-0.005325,0.00213,99058.07,27.06,-0.0113809,
1461.038761,0.010816,-0.03591,-0.162792,-9.824976,-9.82639,0.00426,-0.00426,0.00213,99058.07,27.06,-0.0088469,
1461.050034,0.011273,-0.019152,-0.186732,-9.824976,-9.826769,0,-0.00426,0.00213,99058.07,27.06,-0.0092259,
1461.06117,0.011136,-0.043092,-0.174762,-9.844128,-9.845773,0.001065,-0.00213,0.003195,99058.07,27.06,-0.0282299,
1461.072312,0.011142,-0.014364,-0.148428,-9.820188,-9.82132,0.00639,-0.007455,0.003195,99058.07,27.06,-0.0037769,
1461.083678,0.011366,-0.067032,-0.184338,-9.83934,-9.841295,0.00639,-0.00426,0.00426,99060.73,27.06,-0.0237519,
1461.094754,0.011077,-0.045486,-0.158004,-9.832158,-9.833533,0.001065,-0.007455,0.003195,99060.73,27.06,-0.0159899,
1461.105918,0.011164,-0.055062,-0.148428,-9.846522,-9.847795,0.003195,-0.007455,0.003195,99060.73,27.06,-0.0302519,
1461.117047,0.011129,-0.086184,-0.174762,-9.83934,-9.841269,0.00426,-0.00852,0.005325,99060.73,27.06,-0.0237259,
1461.128325,0.011278,-0.043092,-0.117306,-9.822582,-9.823377,0.00639,-0.00639,0.00213,99060.73,27.06,-0.0058339,
1461.139433,0.011108,-0.055062,-0.138852,-9.82737,-9.828505,0.003195,-0.005325,0.00213,99060.73,27.06,-0.0109619,
1461.150671,0.011238,-0.03591,-0.105336,-9.82737,-9.828,0.009585,-0.01065,0.003195,99063.57,27.06,-0.0104569,
1461.161846,0.011175,-0.052668,-0.090972,-9.829764,-9.830326,0.00213,-0.007455,0.003195,99063.57,27.06,-0.0127829,
1461.173033,0.011187,-0.016758,-0.052668,-9.822582,-9.822737,0.00426,-0.005325,0.00213,99063.57,27.06,-0.0051939,
1461.184123,0.01109,-0.028728,-0.086184,-9.813006,-9.813427,0.00639,-0.00852,0.001065,99063.57,27.06,0.0041161,
1461.195352,0.011229,-0.08379,-0.055062,-9.841734,-9.842245,0.00426,-0.00426,0.001065,99063.57,27.06,-0.0247019,
1461.206591,0.011239,-0.02394,-0.055062,-9.805824,-9.806008,0.00639,-0.00852,0.001065,99063.57,27.06,0.0115351,
1461.217816,0.011225,-0.069426,-0.074214,-9.820188,-9.820714,0.00426,-0.00852,0.001065,99063.57,27.06,-0.0031709,
1461.228959,0.011143,-0.062244,-0.076608,-9.822582,-9.823078,0.003195,-0.00426,0.001065,99063.57,27.06,-0.0055349,
1461.24007,0.011112,0.007182,-0.040698,-9.80343,-9.803517,0.00426,-0.009585,0,99063.57,27.06,0.0140261,
1461.251273,0.011203,-0.045486,-0.074214,-9.83934,-9.839725,0.00213,-0.007455,-0.001065,99063.57,27.06,-0.0221819,
1461.262538,0.011265,0.009576,-0.02394,-9.813006,-9.81304,0.00639,-0.01065,0,99063.57,27.06,0.0045031,
1461.273712,0.011174,0.028728,-0.064638,-9.808218,-9.808473,0.005325,-0.009585,-0.001065,99066.28,27.06,0.0090701,
1461.284798,0.011086,0.05985,-0.074214,-9.808218,-9.808681,0.001065,-0.00639,0,99066.28,27.06,0.0088621,
1461.295971,0.011173,0.08379,-0.05985,-9.836946,-9.837485,0.005325,-0.00852,0.001065,99066.28,27.06,-0.0199419,
1461.307282,0.011311,0.05985,-0.028728,-9.781884,-9.782109,0.007455,-0.005325,0.00213,99066.28,27.06,0.0354341,
1461.318406,0.011124,0.081396,-0.079002,-9.796248,-9.796905,0,-0.009585,0.001065,99066.28,27.06,0.0206381,
1461.329828,0.011422,0.134064,-0.043092,-9.822582,-9.823591,0.003195,-0.007455,0.00213,99066.28,27.06,-0.0060479,
1461.340794,0.010966,0.102942,-0.067032,-9.79146,-9.792231,0.003195,-0.00639,0.00213,99068.98,27.06,0.0253121,
1461.351944,0.01115,0.124488,-0.02394,-9.79146,-9.792281,0,-0.00852,0.003195,99068.98,27.06,0.0252621,
1461.363138,0.011194,0.090972,-0.038304,-9.822582,-9.823078,0.001065,-0.00213,0.00213,99068.98,27.06,-0.0055349,
1461.374326,0.011188,0.086184,-0.055062,-9.808218,-9.808751,0.00213,-0.00852,0.00213,99068.98,27.06,0.0087921,
1461.385532,0.011206,0.038304,-0.02394,-9.79146,-9.791564,0.00639,-0.00213,0.003195,99068.98,27.06,0.0259791,
1461.396718,0.011186,0.09576,-0.067032,-9.801036,-9.801733,-0.001065,-0.005325,0.001065,99068.98,27.06,0.0158101,
1461.408181,0.011464,0.02394,-0.03591,-9.82737,-9.827465,0.001065,-0.003195,0.005325,99071.77,27.06,-0.0099219,
1461.419105,0.010923,0.01197,-0.081396,-9.80343,-9.803775,0.00426,-0.00852,0.00213,99071.77,27.06,0.0137681,
1461.429896,0.010791,-0.014364,-0.067032,-9.846522,-9.846761,0.001065,-0.00426,0.00426,99071.77,27.06,-0.0292179,
1461.440015,0.01012,-0.026334,-0.016758,-9.856098,-9.856147,0.003195,-0.00426,0.00426,99071.77,27.06,-0.0386039,
1461.450102,0.010087,-0.021546,-0.088578,-9.846522,-9.846944,0.005325,-0.007455,0.00213,99071.77,27.06,-0.0294009,
1461.460206,0.010104,-0.028728,-0.08379,-9.820188,-9.820587,-0.001065,-0.00213,0.003195,99071.77,27.06,-0.0030439,
1461.470303,0.010097,-0.033516,-0.043092,-9.86328,-9.863431,0.00426,-0.007455,0.00213,99074.38,27.06,-0.0458879,
1461.480411,0.010109,-0.031122,-0.067032,-9.844128,-9.844405,0.00426,-0.007455,0.00213,99074.38,27.06,-0.0268619,
1461.490505,0.010093,-0.076608,-0.07182,-9.824976,-9.825537,0.003195,-0.00639,0.003195,99074.38,27.06,-0.0079939,
1461.500645,0.010141,-0.038304,-0.100548,-9.820188,-9.820777,0.007455,-0.00639,0,99074.38,27.06,-0.0032339,
1461.510817,0.010172,0.026334,-0.074214,-9.844128,-9.844443,-0.001065,-0.003195,0.00426,99074.38,27.06,-0.0268999,
1461.520916,0.010099,-0.028728,-0.062244,-9.83934,-9.839579,0.009585,-0.009585,0.00426,99074.38,27.06,-0.0220359,
1461.531478,0.010561,-0.033516,-0.124488,-9.796248,-9.797096,0.00426,-0.007455,0.003195,99077.22,27.06,0.0204471,
1461.541584,0.010106,0.03591,-0.110124,-9.82737,-9.828053,-0.001065,-0.00852,0,99077.22,27.06,-0.0105099,
1461.551724,0.01014,-0.038304,0.021546,-9.877644,-9.877742,0.005325,-0.00639,0,99077.22,27.06,-0.0601989,
1461.561815,0.010091,-0.079002,-0.102942,-9.79146,-9.79232,0.00852,-0.00639,0.00213,99077.22,27.06,0.0252231,
1461.571901,0.010086,-0.050274,-0.189126,-9.774702,-9.776661,-0.00426,-0.001065,0.001065,99077.22,27.06,0.0408821,
1461.582003,0.010102,0.062244,0.021546,-9.877644,-9.877864,0.003195,-0.00639,0.001065,99077.22,27.06,-0.0603209,
1461.592099,0.010095,-0.055062,0.045486,-9.860886,-9.861145,0.018105,-0.013845,0.001065,99077.22,27.06,-0.0436019,
1461.602197,0.010099,-0.158004,-0.172368,-9.726822,-9.729632,-0.00639,0.00426,0,99077.22,27.06,0.0879111,
1461.612409,0.010212,0.050274,-0.009576,-9.748368,-9.748502,0.00639,-0.00639,0,99077.22,27.06,0.0690411,
1461.622506,0.010096,0.090972,-0.021546,-9.87525,-9.875693,0.00852,-0.01278,-0.001065,99077.22,27.06,-0.0581499,
1461.632608,0.010103,-0.148428,-0.126882,-9.801036,-9.802981,-0.005325,0.007455,0,99077.22,27.06,0.0145621,
1461.642702,0.010094,0.100548,0.031122,-9.717246,-9.717816,0.005325,-0.00852,-0.001065,99077.22,27.06,0.0997271,
1461.652789,0.010087,0.055062,-0.090972,-9.82737,-9.827945,0.00426,-0.01065,0.00213,99077.22,27.06,-0.0104019,
1461.662871,0.010082,-0.129276,-0.15561,-9.860886,-9.862961,-0.009585,0.00426,0.003195,99079.78,27.06,-0.0454179,
1461.673,0.010129,0.090972,0.05985,-9.74358,-9.744188,0.005325,-0.01065,0,99079.78,27.06,0.0733551,
1461.683087,0.010087,0.093366,-0.105336,-9.769914,-9.770928,0.00426,-0.007455,0,99079.78,27.06,0.0466151,
1461.693169,0.010082,-0.126882,-0.148428,-9.889614,-9.891542,-0.00213,0.005325,0,99079.78,27.06,-0.0739989,
1461.703252,0.010083,0.153216,-0.019152,-9.796248,-9.797465,0.003195,-0.009585,0.00213,99079.78,27.06,0.0200781,
1461.713354,0.010103,0.028728,-0.043092,-9.801036,-9.801173,0.009585,-0.01065,0.00213,99079.78,27.06,0.0163701,
1461.723447,0.010093,-0.062244,-0.186732,-9.868068,-9.870031,-0.005325,0.003195,0.003195,99082.58,27.06,-0.0524879,
1461.733706,0.010259,0.057456,0.002394,-9.834552,-9.83472,0.005325,-0.00852,0.00639,99082.58,27.06,-0.0171769,
1461.744307,0.0106,0.031122,-0.117306,-9.844128,-9.844876,0.003195,-0.00426,0.001065,99082.58,27.06,-0.0273329,
1461.754414,0.010108,-0.067032,-0.16758,-9.870462,-9.872112,0,-0.005325,0.00426,99082.58,27.06,-0.0545689,
1461.764496,0.010082,0.074214,-0.03591,-9.870462,-9.870806,0.009585,-0.013845,0.00426,99082.58,27.06,-0.0532629,
1461.77459,0.010094,-0.002394,-0.100548,-9.870462,-9.870974,0.00639,-0.003195,0.003195,99082.58,27.06,-0.0534309,
1461.78469,0.0101,-0.040698,-0.172368,-9.877644,-9.879232,0.00426,-0.007455,0.003195,99085.32,27.06,-0.0616889,
1461.794781,0.010091,0.021546,-0.007182,-9.868068,-9.868094,0.005325,-0.01065,0.00639,99085.32,27.06,-0.0505509,
1461.804888,0.010107,0,-0.114912,-9.848916,-9.849586,0.00213,-0.005325,0.00426,99085.32,27.06,-0.0320429,
1461.814999,0.010111,-0.03591,-0.150822,-9.844128,-9.845349,0.003195,-0.007455,0.007455,99085.32,27.06,-0.0278059,
1461.8251,0.010101,0.028728,-0.05985,-9.822582,-9.822806,0.007455,-0.011715,0.00426,99085.32,27.06,-0.0052629,
1461.835189,0.010089,-0.031122,-0.10773,-9.786672,-9.787314,0.001065,-0.00426,0.00426,99085.32,27.06,0.0302291,
1461.845278,0.010089,0.007182,-0.076608,-9.79146,-9.791762,0.00639,-0.011715,0.007455,99085.32,27.06,0.0257811,
1461.855823,0.010545,-0.07182,-0.07182,-9.820188,-9.820713,0.001065,-0.005325,0.00426,99088.05,27.06,-0.0031699,
1461.865923,0.0101,-0.004788,-0.100548,-9.798642,-9.799159,0.00639,-0.005325,0.00213,99088.05,27.06,0.0183841,
1461.876028,0.010106,-0.004788,-0.067032,-9.748368,-9.7486,0.005325,-0.01278,0.001065,99088.05,27.06,0.0689431,
1461.886123,0.010094,-0.07182,-0.050274,-9.793854,-9.794246,0.00426,-0.003195,0.001065,99088.05,27.06,0.0232971,
1461.896213,0.01009,-0.062244,-0.057456,-9.805824,-9.80619,0.00639,-0.01065,0,99088.05,27.06,0.0113531,
1461.906299,0.010086,-0.031122,-0.064638,-9.786672,-9.786935,0.001065,-0.003195,0,99088.05,27.06,0.0306081,
1461.916397,0.010098,-0.038304,-0.028728,-9.772308,-9.772425,0.00639,-0.00852,0.00213,99088.05,27.06,0.0451181,
1461.926483,0.010086,-0.007182,-0.057456,-9.789066,-9.789237,0.00426,-0.003195,0.001065,99088.05,27.06,0.0283061,
1461.936599,0.010116,-0.019152,-0.057456,-9.801036,-9.801223,0.00213,-0.003195,-0.001065,99088.05,27.06,0.0163201,
1461.946701,0.010102,-0.021546,-0.03591,-9.80343,-9.803519,0.007455,-0.005325,-0.00213,99088.05,27.06,0.0140241,
1461.956801,0.010101,0.009576,-0.052668,-9.76752,-9.767667,0.00426,-0.007455,-0.001065,99088.05,27.06,0.0498761,
1461.967246,0.010445,0.009576,-0.040698,-9.80343,-9.803519,0,-0.00213,-0.00213,99088.05,27.06,0.0140241,
1461.978717,0.011471,0.014364,-0.040698,-9.8154,-9.815495,0.007455,-0.00852,0.001065,99090.87,27.06,0.0020481,
1461.989807,0.01109,0.043092,-0.055062,-9.810612,-9.810861,0.001065,0,-0.00213,99090.87,27.06,0.0066821,
1462.000652,0.010845,0.086184,-0.043092,-9.805824,-9.806297,0.003195,-0.00426,-0.00426,99090.87,27.06,0.0112461,
1462.011831,0.011179,0.040698,-0.050274,-9.820188,-9.820401,0.001065,-0.005325,0,99090.87,27.06,-0.0028579,
1462.023051,0.01122,0.019152,-0.033516,-9.834552,-9.834628,0.003195,-0.005325,0.001065,99090.87,27.06,-0.0170849,
1462.034455,0.011404,0.10773,-0.07182,-9.82737,-9.828223,0.00213,-0.00639,0,99090.87,27.06,-0.0106799,
1462.045433,0.010978,0.040698,-0.04788,-9.846522,-9.846723,0,-0.005325,0.001065,99093.56,27.06,-0.0291799,
1462.056595,0.011162,0.1197,-0.043092,-9.82737,-9.828193,0.005325,-0.00852,0,99093.56,27.06,-0.0106499,
1462.067783,0.011188,0.110124,-0.090972,-9.841734,-9.842771,-0.001065,-0.003195,0.00426,99093.56,27.06,-0.0252279,
1462.078955,0.011172,0.028728,-0.038304,-9.865674,-9.86579,0.003195,-0.003195,0.00426,99093.56,27.06,-0.0482469,
1462.090117,0.011162,0.093366,-0.04788,-9.85131,-9.851869,0.00639,-0.01065,0.00213,99093.56,27.06,-0.0343259,
1462.101328,0.01121,0.052668,-0.079002,-9.868068,-9.868525,0.001065,-0.003195,0.00426,99093.56,27.06,-0.0509819,
1462.112497,0.011169,0.07182,-0.067032,-9.856098,-9.856588,0.003195,-0.005325,0.00213,99096.34,27.06,-0.0390449,
1462.123864,0.011368,-0.01197,-0.079002,-9.856098,-9.856422,0.00639,-0.00852,0.007455,99096.34,27.06,-0.0388789,
1462.134934,0.01107,0.043092,-0.021546,-9.865674,-9.865792,-0.001065,-0.00852,0.00426,99096.34,27.06,-0.0482489,
1462.146054,0.01112,0.045486,-0.067032,-9.832158,-9.832492,0.00426,-0.00852,0.003195,99096.34,27.06,-0.0149489,
1462.157199,0.011145,-0.033516,-0.08379,-9.829764,-9.830178,0.003195,-0.00213,0.003195,99096.34,27.06,-0.0126349,
1462.16846,0.011261,0.045486,-0.040698,-9.8154,-9.81559,0.00639,-0.007455,0.00213,99096.34,27.06,0.0019531,
1462.179942,0.011482,-0.01197,-0.055062,-9.781884,-9.782046,0.003195,-0.00639,0.00213,99099.23,27.06,0.0354971,
1462.19082,0.010878,-0.074214,-0.07182,-9.789066,-9.789611,0.00426,-0.00639,0.00426,99099.23,27.06,0.0279321,
1462.202109,0.011289,-0.016758,-0.074214,-9.77949,-9.779786,0.003195,-0.00639,0.001065,99099.23,27.06,0.0377571,
1462.213193,0.011084,-0.07182,-0.09576,-9.781884,-9.782616,0.00426,-0.00426,0.003195,99099.23,27.06,0.0349271,
1462.224385,0.011192,-0.014364,-0.08379,-9.777096,-9.777466,0.00213,-0.00426,0.003195,99099.23,27.06,0.0400771,
1462.235848,0.011463,-0.057456,-0.086184,-9.805824,-9.806371,0.00213,-0.00426,0.003195,99099.23,27.06,0.0111721,
1462.246766,0.010918,-0.052668,-0.07182,-9.781884,-9.782289,0.00213,-0.005325,0.001065,99099.23,27.06,0.0352541,
1462.257902,0.011136,-0.028728,-0.079002,-9.789066,-9.789427,0.003195,-0.00426,0.00213,99099.23,27.06,0.0281161,
1462.269168,0.011266,-0.07182,-0.138852,-9.80343,-9.804676,-0.001065,-0.005325,0,99099.23,27.06,0.0128671,
1462.280271,0.011103,-0.05985,-0.086184,-9.817794,-9.818355,0.005325,-0.00852,0.003195,99099.23,27.06,-0.0008119,
1462.291557,0.011286,-0.064638,-0.153216,-9.832158,-9.833564,0.003195,-0.00426,0.001065,99099.23,27.06,-0.0160209,
1462.302726,0.011169,-0.031122,-0.09576,-9.80343,-9.803947,-0.003195,-0.00426,0.001065,99102.32,27.06,0.0135961,
1462.313839,0.011113,-0.064638,-0.114912,-9.841734,-9.842617,0.005325,-0.00639,0.00213,99102.32,27.06,-0.0250739,
1462.325093,0.011254,-0.050274,-0.114912,-9.865674,-9.866471,0.001065,-0.00426,0.003195,99102.32,27.06,-0.0489279,
1462.336319,0.011226,-0.021546,-0.110124,-9.87525,-9.875888,0.00213,-0.00639,0.003195,99102.32,27.06,-0.0583449,
1462.347383,0.011064,-0.062244,-0.110124,-9.856098,-9.85691,0.005325,-0.00639,0.003195,99102.32,27.06,-0.0393669,
1462.358571,0.011188,-0.016758,-0.126882,-9.870462,-9.871292,0.00852,-0.009585,0.00426,99102.32,27.06,-0.0537489,
1462.369867,0.011296,-0.02394,-0.1197,-9.868068,-9.868823,0.00213,-0.00426,0,99105.01,27.06,-0.0512799,
1462.381081,0.011214,0.038304,-0.134064,-9.83934,-9.840328,0.003195,-0.007455,0.003195,99105.01,27.06,-0.0227849,
1462.392072,0.01099,-0.021546,-0.112518,-9.853704,-9.85437,0.005325,-0.007455,0.003195,99105.01,27.06,-0.0368269,
1462.40336,0.011288,0.019152,-0.110124,-9.858492,-9.859126,0.005325,-0.01065,0.003195,99105.01,27.06,-0.0415829,
1462.414503,0.011143,0.002394,-0.13167,-9.865674,-9.866553,0.003195,-0.00639,0.003195,99105.01,27.06,-0.0490099,
1462.425689,0.011187,-0.038304,-0.09576,-9.824976,-9.825517,0.007455,-0.00639,0.003195,99107.85,27.06,-0.0079739,
1462.436937,0.011247,-0.009576,-0.067032,-9.836946,-9.837179,0.00639,-0.01065,0.00426,99107.85,27.06,-0.0196359,
1462.447192,0.010255,-0.05985,-0.09576,-9.836946,-9.837594,0.00426,-0.005325,0.003195,99107.85,27.06,-0.0200509,
1462.459237,0.012045,-0.033516,-0.028728,-9.810612,-9.810711,0.003195,-0.00852,0.00213,99107.85,27.06,0.0068321,
1462.470395,0.011158,-0.038304,-0.040698,-9.801036,-9.801195,0.007455,-0.007455,0.00213,99107.85,27.06,0.0163481,
1462.481556,0.011162,-0.01197,-0.002394,-9.798642,-9.79865,0.00213,-0.005325,0.001065,99107.85,27.06,0.0188931,
1462.49289,0.011333,0.055062,-0.009576,-9.789066,-9.789226,0.00426,-0.00639,0.001065,99110.51,27.06,0.0283171,
1462.503948,0.011058,0.031122,0.007182,-9.748368,-9.74842,0.00639,-0.005325,0,99110.51,27.06,0.0691231,
1462.5152,0.011252,0.04788,-0.004788,-9.789066,-9.789184,0,-0.00426,0,99110.51,27.06,0.0283591,
1462.526381,0.011181,0.093366,0.007182,-9.75555,-9.755999,0.007455,-0.00639,0.00213,99110.51,27.06,0.0615441,
1462.537504,0.011123,0.052668,-0.016758,-9.784278,-9.784434,0.00213,-0.005325,0.001065,99110.51,27.06,0.0331091,
1462.548826,0.011322,0.064638,0,-9.789066,-9.789279,0.001065,-0.00639,0,99110.51,27.06,0.0282641,
1462.559948,0.011122,0.045486,-0.050274,-9.784278,-9.784513,0.001065,-0.001065,0.00213,99110.51,27.06,0.0330301,
1462.571119,0.01117,0.04788,-0.031122,-9.805824,-9.80599,0,-0.00639,-0.003195,99110.51,27.06,0.0115531,
1462.582282,0.011164,0.069426,-0.033516,-9.805824,-9.806127,0.005325,-0.005325,0.001065,99110.51,27.06,0.0114161,
1462.593427,0.011145,0.009576,-0.040698,-9.82737,-9.827459,-0.001065,-0.007455,-0.001065,99110.51,27.06,-0.0099159,
1462.604649,0.011223,0.019152,-0.038304,-9.848916,-9.849009,0.00213,-0.00639,0,99110.51,27.06,-0.0314659,
1462.615815,0.011165,0.019152,-0.050274,-9.844128,-9.844275,0.001065,-0.00639,-0.001065,99110.51,27.06,-0.0267319,
1462.627315,0.0115,-0.026334,-0.081396,-9.85131,-9.851681,0.00426,-0.005325,0,99113.17,27.06,-0.0341379,
1462.638385,0.011069,-0.031122,-0.086184,-9.846522,-9.846948,0.00426,-0.00639,-0.001065,99113.17,27.06,-0.0294049,
1462.649518,0.011134,-0.016758,-0.093366,-9.832158,-9.832616,0.003195,-0.005325,0.001065,99113.17,27.06,-0.0150729,
1462.660603,0.011084,-0.004788,-0.10773,-9.822582,-9.823174,0.003195,-0.005325,-0.001065,99113.17,27.06,-0.0056309,
1462.671716,0.011114,-0.01197,-0.114912,-9.853704,-9.854381,-0.001065,-0.003195,-0.001065,99113.17,27.06,-0.0368379,
1462.683134,0.011418,0.007182,-0.09576,-9.846522,-9.84699,0.00426,-0.00852,-0.003195,99115.99,27.06,-0.0294469,
1462.694095,0.010961,0.007182,-0.122094,-9.808218,-9.808981,0.001065,-0.005325,-0.001065,99115.99,27.06,0.0085621,
1462.705326,0.011231,-0.019152,-0.117306,-9.820188,-9.820907,0.00213,-0.00639,0.00213,99115.99,27.06,-0.0033639,
1462.716483,0.011157,0.033516,-0.086184,-9.82737,-9.827805,0.00639,-0.00852,0.00213,99115.99,27.06,-0.0102619,
1462.727707,0.011223,0.033516,-0.141246,-9.82737,-9.828442,0.003195,-0.00639,0.001065,99115.99,27.06,-0.0108989,
1462.739094,0.011387,0.045486,-0.093366,-9.8154,-9.815949,0.003195,-0.00639,0.00426,99115.99,27.06,0.0015941,
1462.750183,0.011089,-0.004788,-0.13167,-9.820188,-9.821072,0.00213,-0.005325,0.00213,99118.8,27.06,-0.0035289,
1462.761179,0.010997,-0.038304,-0.110124,-9.836946,-9.837637,0.003195,-0.00639,0.00426,99118.8,27.06,-0.0200939,
1462.772371,0.011191,0.016758,-0.098154,-9.817794,-9.818299,0.003195,-0.00852,0.00426,99118.8,27.06,-0.0007559,
1462.783577,0.011206,-0.026334,-0.088578,-9.820188,-9.820623,0.00213,-0.00426,0.001065,99118.8,27.06,-0.0030799,
1462.79476,0.011184,-0.031122,-0.10773,-9.844128,-9.844767,0,-0.00426,0.00426,99118.8,27.06,-0.0272239,
1462.806028,0.011268,-0.009576,-0.081396,-9.820188,-9.82053,0.00639,-0.007455,0.00426,99118.8,27.06,-0.0029869,
1462.817134,0.011106,-0.009576,-0.079002,-9.810612,-9.810935,0,-0.003195,0.003195,99121.51,27.06,0.0066081,
1462.828363,0.011228,-0.028728,-0.062244,-9.829764,-9.830003,0.00426,-0.005325,0.00213,99121.51,27.06,-0.0124599,
1462.839502,0.011139,-0.062244,-0.10773,-9.813006,-9.813795,0.00426,-0.005325,0.00213,99121.51,27.06,0.0037481,
1462.850778,0.011276,-0.021546,-0.086184,-9.801036,-9.801439,0.003195,-0.007455,0.005325,99121.51,27.06,0.0161041,
1462.862102,0.011324,-0.028728,-0.112518,-9.8154,-9.816087,0.001065,-0.003195,0.00213,99121.51,27.06,0.0014561,
1462.873044,0.010942,-0.026334,-0.090972,-9.808218,-9.808675,0.00639,-0.005325,0.00213,99121.51,27.06,0.0088681,
1462.884258,0.011214,0.002394,-0.093366,-9.801036,-9.801481,0.00213,-0.00639,0.00426,99124.11,27.06,0.0160621,
1462.895424,0.011166,-0.021546,-0.079002,-9.810612,-9.810954,-0.001065,-0.00213,0.00213,99124.11,27.06,0.0065891,
1462.906589,0.011165,0.009576,-0.112518,-9.83934,-9.839988,0.00213,-0.00639,0,99124.11,27.06,-0.0224449,
1462.917839,0.01125,-0.031122,-0.08379,-9.813006,-9.813413,0.00213,-0.007455,0.00213,99124.11,27.06,0.0041301,
1462.928997,0.011157,-0.028728,-0.090972,-9.801036,-9.8015,0.001065,-0.00426,0.005325,99124.11,27.06,0.0160431,
1462.940127,0.01113,0.002394,-0.088578,-9.832158,-9.832557,0.003195,-0.005325,0.00213,99124.11,27.06,-0.0150139,
1462.951406,0.011279,-0.02394,-0.069426,-9.832158,-9.832432,0.001065,-0.00639,0.00213,99124.11,27.06,-0.0148889,
1462.962556,0.01115,0.002394,-0.102942,-9.820188,-9.820728,0.003195,-0.00639,0.00213,99124.11,27.06,-0.0031849,
1462.973799,0.011243,0.031122,-0.088578,-9.834552,-9.835,0.003195,-0.00639,0.005325,99124.11,27.06,-0.0174569,
1462.98487,0.011071,-0.007182,-0.110124,-9.834552,-9.835171,0.005325,-0.007455,0,99124.11,27.06,-0.0176279,
1462.996058,0.011188,-0.009576,-0.079002,-9.796248,-9.796571,0.001065,-0.00426,0.00213,99124.11,27.06,0.0209721,
1463.007436,0.011378,-0.021546,-0.07182,-9.824976,-9.825262,0.001065,-0.00213,0.003195,99126.81,27.06,-0.0077189,
1463.01846,0.011024,0.014364,-0.105336,-9.822582,-9.823157,0.005325,-0.00852,0.00213,99126.81,27.06,-0.0056139,
1463.029722,0.011263,-0.004788,-0.07182,-9.820188,-9.820452,0.005325,-0.009585,0.00426,99126.81,27.06,-0.0029089,
1463.040841,0.011118,0.007182,-0.07182,-9.83934,-9.839605,0.00426,-0.00639,0.00426,99126.81,27.06,-0.0220619,
1463.051974,0.011133,-0.019152,-0.09576,-9.824976,-9.825461,0.00639,-0.00426,0.001065,99126.81,27.06,-0.0079179,
1463.063207,0.011233,-0.040698,-0.033516,-9.832158,-9.832299,0.007455,-0.009585,0.00213,99126.81,27.06,-0.0147559,
1463.074403,0.011197,-0.004788,-0.09576,-9.829764,-9.830232,0.00213,-0.007455,0.001065,99129.46,27.06,-0.0126889,
1463.085531,0.011127,-0.026334,-0.045486,-9.832158,-9.832298,0.00213,-0.00639,0.005325,99129.46,27.06,-0.0147549,
1463.096805,0.011275,-0.038304,-0.031122,-9.820188,-9.820312,0.007455,-0.00852,0.003195,99129.46,27.06,-0.0027689,
1463.107077,0.010271,-0.055062,-0.079002,-9.82737,-9.827842,0.00213,-0.00639,0,99129.46,27.06,-0.0102989,
1463.119141,0.012065,-0.03591,-0.055062,-9.817794,-9.818014,0.00426,-0.007455,0.00213,99129.46,27.06,-0.0004709,
1463.130329,0.011188,-0.050274,-0.038304,-9.808218,-9.808422,0.005325,-0.00426,0.001065,99129.46,27.06,0.0091211,
1463.141473,0.011144,-0.021546,-0.052668,-9.83934,-9.839505,0.005325,-0.00852,0.00213,99132.25,27.06,-0.0219619,
1463.152755,0.011282,-0.009576,-0.081396,-9.813006,-9.813348,0.00213,-0.009585,0.00213,99132.25,27.06,0.0041951,
1463.163856,0.011101,-0.055062,-0.057456,-9.8154,-9.815723,0.003195,-0.005325,0.005325,99132.25,27.06,0.0018201,
1463.175126,0.01127,-0.038304,-0.040698,-9.805824,-9.805983,0.005325,-0.003195,0.003195,99132.25,27.06,0.0115601,
1463.186213,0.011086,0.05985,-0.057456,-9.805824,-9.806175,0.005325,-0.009585,0.00213,99132.25,27.06,0.0113681,
1463.197403,0.01119,0.055062,-0.055062,-9.784278,-9.784588,0,-0.00426,0.001065,99135.03,27.06,0.0329551,
1463.208616,0.011213,0.05985,0,-9.801036,-9.801219,0.00426,-0.007455,0.001065,99135.03,27.06,0.0163241,
1463.219803,0.011187,0.153216,-0.038304,-9.77949,-9.780765,0.00426,-0.009585,0.00426,99135.03,27.06,0.0367781,
1463.23096,0.011157,0.105336,-0.05985,-9.750762,-9.751515,-0.001065,-0.005325,0.001065,99135.03,27.06,0.0660281,
1463.242305,0.011345,0.031122,-0.002394,-9.808218,-9.808268,0.00213,-0.00426,0.001065,99135.03,27.06,0.0092751,
1463.253325,0.01102,0.13167,-0.031122,-9.789066,-9.790001,0.00213,-0.00639,0.00213,99135.03,27.06,0.0275421,
1463.264631,0.011306,0.026334,-0.067032,-9.738792,-9.739058,-0.00426,-0.00213,-0.00213,99135.03,27.06,0.0784851,
1463.275783,0.011152,-0.052668,0.062244,-9.762732,-9.763072,0.00426,0.00426,-0.001065,99135.03,27.06,0.0544711,
1463.286879,0.011097,0.201096,-0.026334,-9.83934,-9.84143,0.003195,-0.011715,0.001065,99135.03,27.06,-0.0238869,
1463.298119,0.01124,0.045486,-0.08379,-9.774702,-9.775167,0.005325,-0.00426,-0.003195,99135.03,27.06,0.0423761,
1463.309328,0.011208,-0.105336,-0.038304,-9.772308,-9.772951,-0.003195,-0.00213,-0.001065,99135.03,27.06,0.0445921,
1463.320407,0.01108,0.117306,-0.172368,-9.865674,-9.867877,0.00639,-0.01065,-0.00213,99135.03,27.06,-0.0503339,
1463.331834,0.011427,-0.062244,-0.062244,-9.82737,-9.827764,0.001065,-0.001065,0.001065,99137.71,27.06,-0.0102209,
1463.342837,0.011004,0.112518,-0.05985,-9.801036,-9.801865,0.00213,-0.00213,-0.001065,99137.71,27.06,0.0156781,
1463.35405,0.011212,-0.019152,-0.15561,-9.870462,-9.871707,0.00213,-0.00426,0.00213,99137.71,27.06,-0.0541639,
1463.365135,0.011085,-0.031122,-0.093366,-9.894402,-9.894891,-0.001065,0,-0.001065,99137.71,27.06,-0.0773479,
1463.376408,0.011273,0.110124,-0.033516,-9.810612,-9.811287,0.00639,-0.011715,0,99137.71,27.06,0.0062561,
1463.388701,0.012294,-0.074214,-0.13167,-9.865674,-9.866832,0,0.00213,0.001065,99140.51,27.06,-0.0492889,
1463.399252,0.010551,0.01197,-0.10773,-9.868068,-9.868663,0.003195,-0.01065,0.00213,99140.51,27.06,-0.0511199,
1463.410036,0.010783,0.028728,-0.126882,-9.870462,-9.871319,0.001065,-0.00426,0.00213,99140.51,27.06,-0.0537759,
1463.421059,0.011023,0.043092,-0.136458,-9.892008,-9.893043,0,-0.005325,0.001065,99140.51,27.06,-0.0754999,
1463.432242,0.011183,-0.009576,-0.067032,-9.889614,-9.889846,0.005325,-0.01065,0.00426,99140.51,27.06,-0.0723029,
1463.443762,0.01152,0.002394,-0.117306,-9.83934,-9.84004,0.003195,-0.009585,0.00213,99140.51,27.06,-0.0224969,
1463.454848,0.011087,-0.007182,-0.079002,-9.836946,-9.837266,0.00426,-0.005325,0.00426,99143.12,27.06,-0.0197229,
1463.465845,0.010997,-0.009576,-0.088578,-9.848916,-9.849319,0.00426,-0.005325,0.00213,99143.12,27.06,-0.0317759,
1463.476979,0.011134,-0.014364,-0.055062,-9.808218,-9.808383,0.00639,-0.007455,0.003195,99143.12,27.06,0.0091601,
1463.488254,0.011275,-0.04788,-0.088578,-9.829764,-9.83028,-0.001065,-0.00639,0.00426,99143.12,27.06,-0.0127369,
1463.499364,0.01111,-0.038304,-0.052668,-9.793854,-9.794071,0.00426,-0.00639,0.00426,99143.12,27.06,0.0234721,
1463.510603,0.011239,-0.08379,-0.05985,-9.784278,-9.78482,0.005325,-0.00639,0.00213,99143.12,27.06,0.0327231,
1463.52182,0.011217,-0.081396,-0.050274,-9.781884,-9.782352,0.00213,-0.003195,0.00213,99145.94,27.06,0.0351911,
1463.532928,0.011108,-0.086184,-0.064638,-9.786672,-9.787265,-0.001065,-0.001065,0.001065,99145.94,27.06,0.0302781,
1463.54411,0.011182,-0.067032,-0.04788,-9.77949,-9.779837,0.003195,-0.00852,0.001065,99145.94,27.06,0.0377061,
1463.555439,0.011329,-0.081396,-0.040698,-9.784278,-9.784701,0.00426,-0.00426,-0.001065,99145.94,27.06,0.0328421,
1463.566553,0.011114,-0.098154,-0.081396,-9.79146,-9.79229,-0.001065,-0.00213,0.001065,99145.94,27.06,0.0252531,
1463.577852,0.011299,-0.031122,-0.055062,-9.786672,-9.786876,0.00426,-0.00639,-0.001065,99145.94,27.06,0.0306671,
1463.588998,0.011145,-0.064638,-0.1197,-9.813006,-9.813949,0.00426,-0.00426,-0.00213,99145.94,27.06,0.0035941,
1463.600038,0.01104,0.052668,-0.086184,-9.801036,-9.801556,-0.00213,-0.001065,0,99145.94,27.06,0.0159871,
1463.61244,0.012402,-0.062244,-0.07182,-9.808218,-9.808678,0.00426,-0.00426,-0.001065,99145.94,27.06,0.0088651,
1463.622596,0.010155,0.009576,-0.160398,-9.798642,-9.799959,-0.001065,-0.005325,-0.001065,99145.94,27.06,0.0175841,
1463.633683,0.011088,0.031122,-0.088578,-9.810612,-9.811061,0.005325,-0.00639,-0.001065,99145.94,27.06,0.0064821,
1463.644823,0.01114,-0.045486,-0.1197,-9.8154,-9.816235,0.003195,-0.00213,0.001065,99148.79,27.06,0.0013081,
1463.655922,0.011099,0.04788,-0.14364,-9.822582,-9.823749,0.00426,-0.00639,0,99148.79,27.06,-0.0062059,
1463.667171,0.011249,0.110124,-0.141246,-9.836946,-9.838576,0.00213,-0.00639,0.001065,99148.79,27.06,-0.0210329,
1463.677799,0.010627,-0.002394,-0.117306,-9.834552,-9.835252,0,-0.00426,0.00213,99148.79,27.06,-0.0177089,
1463.687895,0.010097,0.004788,-0.138852,-9.822582,-9.823565,0.003195,-0.005325,0.00213,99148.79,27.06,-0.0060219,
1463.69798,0.010085,0.074214,-0.09576,-9.829764,-9.830511,0.00426,-0.007455,0.00426,99148.79,27.06,-0.0129679,
1463.708188,0.010208,0.033516,-0.124488,-9.836946,-9.837791,0.005325,-0.00426,0.003195,99148.79,27.06,-0.0202479,
1463.718309,0.010121,0.031122,-0.134064,-9.858492,-9.859453,0.00426,-0.00639,0.003195,99151.64,27.06,-0.0419099,
1463.72863,0.010321,0.02394,-0.110124,-9.87525,-9.875893,0.005325,-0.00852,0,99151.64,27.06,-0.0583499,
1463.738722,0.010092,0.02394,-0.10773,-9.858492,-9.85911,0.00426,-0.00639,0.00213,99151.64,27.06,-0.0415669,
1463.748834,0.010112,-0.009576,-0.09576,-9.844128,-9.844598,0.00639,-0.009585,0.00426,99151.64,27.06,-0.0270549,
1463.759119,0.010285,-0.03591,-0.100548,-9.848916,-9.849495,0.003195,-0.007455,0.00426,99151.64,27.06,-0.0319519,
1463.769179,0.010059,-0.002394,-0.117306,-9.872856,-9.873553,0.007455,-0.009585,0.00213,99151.64,27.06,-0.0560099,
1463.779568,0.010389,-0.004788,-0.057456,-9.820188,-9.820357,0.003195,-0.00852,0.00426,99154.43,27.06,-0.0028139,
1463.789681,0.010113,0,-0.08379,-9.83934,-9.839697,0.00426,-0.01065,0.00213,99154.43,27.06,-0.0221539,
1463.799764,0.010084,-0.009576,-0.110124,-9.817794,-9.818416,0.00639,-0.00852,0.00213,99154.43,27.06,-0.0008729,
1463.809853,0.010089,-0.028728,-0.050274,-9.77949,-9.779661,0.00426,-0.00426,0.001065,99154.43,27.06,0.0378821,
1463.819937,0.010084,-0.016758,-0.019152,-9.750762,-9.750795,0.00639,-0.00426,0.003195,99154.43,27.06,0.0667481,
1463.830059,0.010122,0.040698,-0.045486,-9.77949,-9.77968,0.005325,-0.00852,0.003195,99154.43,27.06,0.0378631,
1463.840155,0.010096,0.019152,-0.002394,-9.772308,-9.772327,0.003195,-0.00639,0.00426,99157.32,27.06,0.0452161,
1463.850264,0.01011,0.05985,0.004788,-9.760338,-9.760523,0.005325,-0.00426,0.00426,99157.32,27.06,0.0570201,
1463.860357,0.010093,0.05985,-0.028728,-9.765126,-9.765352,0.00639,-0.007455,0.001065,99157.32,27.06,0.0521911,
1463.870467,0.01011,-0.009576,0.002394,-9.786672,-9.786677,-0.001065,0.001065,0.001065,99157.32,27.06,0.0308661,
1463.880571,0.010105,0.043092,-0.004788,-9.801036,-9.801132,0.007455,-0.00639,0.003195,99157.32,27.06,0.0164111,
1463.890941,0.010369,0.093366,-0.067032,-9.772308,-9.772984,0.003195,-0.005325,0.00213,99157.32,27.06,0.0445591,
1463.902087,0.011146,0.019152,0,-9.813006,-9.813025,0.001065,0,0.003195,99159.91,27.06,0.0045181,
1463.913418,0.011331,0.052668,-0.019152,-9.8154,-9.81556,0,-0.00426,-0.001065,99159.91,27.06,0.0019831,
1463.924432,0.011014,0.045486,-0.050274,-9.784278,-9.784513,0.00426,-0.003195,0.003195,99159.91,27.06,0.0330301,
1463.935613,0.011182,0.01197,-0.026334,-9.8154,-9.815443,0.001065,-0.00426,0.00213,99159.91,27.06,0.0021001,
1463.94681,0.011197,0.043092,-0.064638,-9.824976,-9.825283,0.001065,-0.005325,0.00426,99159.91,27.06,-0.0077399,
1463.958298,0.011488,-0.016758,-0.07182,-9.86328,-9.863556,0.005325,-0.01065,0.005325,99159.91,27.06,-0.0460129,
1463.969202,0.010904,0.004788,-0.074214,-9.844128,-9.844409,0.00213,-0.00639,0,99159.91,27.06,-0.0268659,
1463.98031,0.011108,-0.002394,-0.057456,-9.805824,-9.805993,0.00213,-0.007455,0.00426,99159.91,27.06,0.0115501,
1463.991557,0.011247,-0.021546,-0.062244,-9.841734,-9.841954,0.005325,-0.007455,0.001065,99159.91,27.06,-0.0244109,
1464.002708,0.011151,-0.009576,-0.074214,-9.858492,-9.858776,0.00213,-0.007455,0.003195,99159.91,27.06,-0.0412329,
1464.013962,0.011254,0.019152,-0.112518,-9.858492,-9.859153,0.003195,-0.00852,0.00213,99159.91,27.06,-0.0416099,
1464.025189,0.011227,-0.002394,-0.098154,-9.836946,-9.837436,0.00639,-0.00852,-0.001065,99159.91,27.06,-0.0198929,
1464.036256,0.011067,0,-0.114912,-9.834552,-9.835223,0.00213,-0.005325,0.00426,99162.83,27.06,-0.0176799,
1464.047585,0.011329,0.002394,-0.076608,-9.820188,-9.820487,0.00426,-0.007455,0.001065,99162.83,27.06,-0.0029439,
1464.058704,0.011119,-0.01197,-0.09576,-9.844128,-9.844601,0.005325,-0.005325,0.00213,99162.83,27.06,-0.0270579,
1464.069946,0.011241,0.009576,-0.086184,-9.80343,-9.803814,0.00426,-0.009585,0.00426,99162.83,27.06,0.0137291,
1464.081135,0.011189,-0.007182,-0.074214,-9.817794,-9.818077,-0.001065,-0.001065,0.001065,99162.83,27.06,-0.0005339,
1464.092503,0.011368,0.007182,-0.093366,-9.8154,-9.815847,0.00213,-0.00426,0,99162.83,27.06,0.0016961,
1464.103559,0.011056,-0.019152,-0.090972,-9.805824,-9.806265,0.005325,-0.005325,0.003195,99165.58,27.06,0.0112781,
1464.114599,0.011041,0.01197,-0.10773,-9.801036,-9.801635,0.005325,-0.00426,0.001065,99165.58,27.06,0.0159081,
1464.125742,0.011142,-0.026334,-0.067032,-9.820188,-9.820452,0.00213,-0.00639,0.00213,99165.58,27.06,-0.0029089,
1464.136913,0.011171,-0.009576,-0.04788,-9.817794,-9.817915,0.00426,-0.00639,0.003195,99165.58,27.06,-0.0003719,
1464.148103,0.01119,-0.02394,-0.045486,-9.781884,-9.782019,0.00213,-0.005325,0.003195,99165.58,27.06,0.0355241,
1464.159593,0.01149,-0.069426,-0.067032,-9.813006,-9.813481,0.001065,-0.001065,0.003195,99168.48,27.06,0.0040621,
1464.17047,0.010877,-0.052668,-0.057456,-9.813006,-9.813316,0.00213,-0.00639,0.001065,99168.48,27.06,0.0042271,
1464.181764,0.011294,-0.014364,-0.07182,-9.805824,-9.806098,0.00213,-0.00852,0.001065,99168.48,27.06,0.0114451,
1464.192923,0.011159,-0.055062,-0.057456,-9.836946,-9.837268,0.003195,-0.003195,0,99168.48,27.06,-0.0197249,
1464.204028,0.011105,-0.01197,-0.079002,-9.834552,-9.834877,0.003195,-0.007455,0.003195,99168.48,27.06,-0.0173339,
1464.215238,0.01121,-0.04788,-0.074214,-9.808218,-9.808616,0.005325,-0.007455,0.003195,99168.48,27.06,0.0089271,
1464.226476,0.011237,-0.038304,-0.098154,-9.8154,-9.815965,0.001065,-0.00213,0.003195,99171.35,27.06,0.0015781,
1464.23758,0.011104,0.021546,-0.10773,-9.832158,-9.832772,0.00426,-0.007455,0.001065,99171.35,27.06,-0.0152289,
1464.248806,0.011226,0.004788,-0.074214,-9.848916,-9.849197,0.003195,-0.005325,0.00213,99171.35,27.06,-0.0316539,
1464.259927,0.011121,0.033516,-0.114912,-9.822582,-9.823311,0.00426,-0.007455,0,99171.35,27.06,-0.0057679,
1464.271163,0.011236,-0.031122,-0.09576,-9.824976,-9.825492,0.00213,-0.005325,0.00213,99171.35,27.06,-0.0079489,
1464.28232,0.011156,-0.026334,-0.09576,-9.813006,-9.813509,0.005325,-0.007455,0.001065,99171.35,27.06,0.0040341,
1464.293517,0.011198,0.040698,-0.13167,-9.834552,-9.835518,0.005325,-0.009585,0.00426,99171.35,27.06,-0.0179749,
1464.304762,0.011244,-0.045486,-0.100548,-9.8154,-9.81602,0.00426,-0.009585,0.00426,99171.35,27.06,0.0015231,
1464.315854,0.011092,0.009576,-0.124488,-9.813006,-9.8138,0.00213,-0.00852,0.001065,99171.35,27.06,0.0037431,
1464.327058,0.011204,0.009576,-0.08379,-9.777096,-9.77746,0.007455,-0.009585,0.003195,99171.35,27.06,0.0400831,
1464.338259,0.011201,-0.052668,-0.062244,-9.784278,-9.784618,0.00426,-0.00639,0.001065,99171.35,27.06,0.0329251,
1464.349536,0.011278,0.007182,-0.098154,-9.808218,-9.808712,-0.001065,-0.00852,0.00213,99173.88,27.06,0.0088311,
1464.360677,0.011141,0.033516,-0.09576,-9.79146,-9.791986,0.00213,-0.005325,0.00213,99173.88,27.06,0.0255571,
1464.37178,0.011102,-0.002394,-0.062244,-9.765126,-9.765325,0.00852,-0.007455,0.003195,99173.88,27.06,0.0522181,
1464.383032,0.011252,0.045486,-0.069426,-9.793854,-9.794206,0.00213,-0.00213,0,99173.88,27.06,0.0233371,
1464.394164,0.011132,0.014364,-0.05985,-9.789066,-9.789259,0.00213,-0.00213,0.00426,99173.88,27.06,0.0282841,
1464.405532,0.011368,0.052668,-0.057456,-9.82737,-9.827679,0.003195,-0.00639,0.003195,99173.88,27.06,-0.0101359,
1464.41662,0.011087,0.043092,-0.055062,-9.8154,-9.815649,0.005325,-0.009585,0.00213,99176.52,27.06,0.0018941,
1464.427758,0.011139,-0.028728,-0.052668,-9.82737,-9.827553,0.001065,-0.001065,0.00213,99176.52,27.06,-0.0100099,
1464.438927,0.011168,0.016758,-0.004788,-9.808218,-9.808233,0.01065,-0.009585,0.003195,99176.52,27.06,0.0093101,
1464.4501,0.011173,0.02394,-0.031122,-9.8154,-9.815479,0.001065,-0.00426,0.00213,99176.52,27.06,0.0020641,
1464.461266,0.011166,-0.028728,-0.040698,-9.83934,-9.839466,0.00426,-0.00639,0.003195,99176.52,27.06,-0.0219229,
1464.472559,0.011293,-0.002394,-0.040698,-9.82737,-9.827455,0.003195,-0.00852,0.003195,99176.52,27.06,-0.0099119,
1464.484564,0.012005,-0.031122,-0.04788,-9.848916,-9.849082,0.003195,-0.00426,0.003195,99179.2,27.06,-0.0315389,
1464.494846,0.010282,0.014364,-0.031122,-9.810612,-9.810672,0.00213,-0.005325,0.00213,99179.2,27.06,0.0068711,
1464.505093,0.010247,-0.040698,-0.04788,-9.834552,-9.834753,0.005325,-0.005325,0.00213,99179.2,27.06,-0.0172099,
1464.517176,0.012083,-0.01197,-0.04788,-9.822582,-9.822706,0.00213,-0.00426,0.00213,99179.2,27.06,-0.0051629,
1464.528525,0.01135,0.019152,-0.055062,-9.824976,-9.825149,0.005325,-0.00852,0.00426,99179.2,27.06,-0.0076059,
1464.539702,0.011177,-0.026334,-0.057456,-9.834552,-9.834755,0,-0.003195,0.001065,99179.2,27.06,-0.0172119,
1464.551029,0.011327,0.028728,-0.074214,-9.789066,-9.789389,0.00639,-0.009585,0.001065,99182.05,27.06,0.0281541,
1464.562035,0.011006,-0.038304,-0.081396,-9.798642,-9.799055,0,-0.00213,0.00213,99182.05,27.06,0.0184881,
1464.573114,0.011079,-0.007182,-0.112518,-9.796248,-9.796897,0.001065,-0.00213,0.003195,99182.05,27.06,0.0206461,
1464.584418,0.011304,0.05985,-0.122094,-9.796248,-9.797192,0.00639,-0.01065,0.003195,99182.05,27.06,0.0203511,
1464.595509,0.01109,0.004788,-0.09576,-9.8154,-9.815868,0.00213,-0.00639,0.00426,99182.05,27.06,0.0016751,
1464.607857,0.012348,-0.007182,-0.124488,-9.824976,-9.825767,0.001065,-0.007455,0.00213,99182.05,27.06,-0.0082239,
1464.618718,0.010861,0.069426,-0.15561,-9.808218,-9.809698,0.00426,-0.00639,0.00426,99182.05,27.06,0.0078451,
1464.629212,0.010495,0.02394,-0.14364,-9.808218,-9.809299,0.00426,-0.007455,0.003195,99182.05,27.06,0.0082441,
1464.639308,0.010096,0.028728,-0.136458,-9.820188,-9.821178,0.00213,-0.005325,0.00426,99182.05,27.06,-0.0036349,
1464.649412,0.010104,0.021546,-0.13167,-9.829764,-9.830669,0.00639,-0.01278,0.00426,99182.05,27.06,-0.0131259,
1464.65953,0.010118,0.004788,-0.1197,-9.841734,-9.842463,0.001065,-0.00639,0.00426,99182.05,27.06,-0.0249199,
1464.670094,0.010564,0.040698,-0.122094,-9.80343,-9.804275,0.00639,-0.011715,0.00639,99184.95,27.06,0.0132681,
1464.68018,0.010087,-0.040698,-0.090972,-9.817794,-9.8183,0.00426,-0.005325,0.00426,99184.95,27.06,-0.0007569,
1464.690275,0.010095,-0.002394,-0.090972,-9.832158,-9.832579,0.003195,-0.005325,0.003195,99184.95,27.06,-0.0150359,
1464.700421,0.010146,0.04788,-0.105336,-9.841734,-9.842414,0.00639,-0.011715,0.005325,99184.95,27.06,-0.0248709,
1464.710905,0.010485,-0.019152,-0.081396,-9.836946,-9.837301,0.003195,-0.003195,0.005325,99184.95,27.06,-0.0197579,
1464.721169,0.010264,0.004788,-0.07182,-9.813006,-9.81327,0,-0.005325,0.00426,99184.95,27.06,0.0042731,
1464.731281,0.010112,0.014364,-0.08379,-9.813006,-9.813374,0.007455,-0.005325,0,99184.95,27.06,0.0041691,
1464.741371,0.01009,0,-0.062244,-9.813006,-9.813203,0.00639,-0.00852,0.003195,99187.83,27.06,0.0043401,
1464.752327,0.010956,-0.004788,-0.040698,-9.805824,-9.80591,0.001065,-0.003195,0.003195,99187.83,27.06,0.0116331,
1464.763366,0.011039,0.055062,-0.055062,-9.810612,-9.810921,0.005325,-0.011715,0.003195,99187.83,27.06,0.0066221,
1464.774421,0.011056,-0.009576,-0.05985,-9.829764,-9.829951,0.00426,-0.00426,0.003195,99187.83,27.06,-0.0124079,
1464.78564,0.011219,0.009576,-0.057456,-9.808218,-9.808391,0.007455,-0.007455,0.003195,99187.83,27.06,0.0091521,
1464.79694,0.0113,0.019152,-0.02394,-9.777096,-9.777144,0.001065,-0.005325,0.003195,99187.83,27.06,0.0403991,
1464.80828,0.01134,0.02394,-0.069426,-9.786672,-9.786948,0.003195,-0.00426,0.001065,99190.72,27.06,0.0305951,
1464.819472,0.011192,0.040698,-0.014364,-9.805824,-9.805919,0.00213,-0.01065,0.001065,99190.72,27.06,0.0116241,
1464.830449,0.010977,0,-0.033516,-9.805824,-9.805881,0.00213,-0.00426,0.00426,99190.72,27.06,0.0116621,
1464.841511,0.011061,0.004788,-0.028728,-9.793854,-9.793897,0.005325,-0.005325,0.001065,99190.72,27.06,0.0236461,
1464.852714,0.011204,0.009576,-0.038304,-9.796248,-9.796328,0.003195,-0.00426,-0.001065,99190.72,27.06,0.0212151,
1464.864157,0.011443,-0.045486,0,-9.786672,-9.786778,0.003195,-0.001065,0,99193.42,27.06,0.0307651,
1464.875193,0.011035,0.009576,-0.031122,-9.824976,-9.82503,0.00639,-0.00852,0.001065,99193.42,27.06,-0.0074869,
1464.886265,0.011072,-0.043092,-0.031122,-9.832158,-9.832302,0.001065,-0.00213,0.001065,99193.42,27.06,-0.0147589,
1464.89748,0.011215,-0.033516,-0.021546,-9.781884,-9.781965,0.00639,-0.009585,0.00213,99193.42,27.06,0.0355781,
1464.908698,0.011219,-0.07182,-0.055062,-9.817794,-9.818211,-0.00426,0,-0.003195,99193.42,27.06,-0.0006679,
1464.919822,0.011124,-0.122094,0.021546,-9.824976,-9.825758,0.00639,-0.00426,-0.001065,99193.42,27.06,-0.0082149,
1464.931201,0.011379,-0.07182,-0.08379,-9.8154,-9.81602,0,-0.005325,-0.00213,99193.42,27.06,0.0015231,
1464.942187,0.010987,-0.13167,-0.02394,-9.820188,-9.8211,0,0,-0.001065,99193.42,27.06,-0.0035569,
1464.953397,0.01121,0,0.002394,-9.86328,-9.86328,0.001065,-0.007455,-0.003195,99193.42,27.06,-0.0457369,
1464.964583,0.011186,0.040698,-0.067032,-9.82737,-9.827683,0.003195,-0.00639,0.001065,99193.42,27.06,-0.0101399,
1464.975727,0.011144,-0.038304,-0.007182,-9.801036,-9.801113,0.003195,-0.009585,0,99193.42,27.06,0.0164301,
1464.987028,0.011302,0.026334,-0.114912,-9.86328,-9.863985,-0.001065,0.001065,-0.001065,99193.42,27.06,-0.0464419,
1464.99828,0.011251,0.043092,-0.150822,-9.858492,-9.85974,0.005325,-0.005325,-0.00426,99196.21,27.06,-0.0421969,
1465.009391,0.011111,0.05985,-0.148428,-9.817794,-9.819098,0,-0.007455,-0.001065,99196.21,27.06,-0.0015549,
1465.020467,0.011076,0.021546,-0.052668,-9.844128,-9.844292,0.00426,-0.00213,-0.001065,99196.21,27.06,-0.0267489,
1465.031726,0.011259,0.064638,-0.193914,-9.865674,-9.867791,-0.001065,-0.007455,-0.001065,99196.21,27.06,-0.0502479,
1465.042848,0.011122,0.126882,-0.141246,-9.82737,-9.829204,0.00213,-0.011715,0,99196.21,27.06,-0.0116609,
1465.054199,0.011351,0.067032,-0.10773,-9.834552,-9.83537,0.00213,-0.007455,0.003195,99198.95,27.06,-0.0178269,
1465.065369,0.011171,-0.014364,-0.148428,-9.822582,-9.823714,0,-0.00213,0.003195,99198.95,27.06,-0.0061709,
1465.076389,0.01102,0.079002,-0.112518,-9.8154,-9.816363,0.007455,-0.01065,0.003195,99198.95,27.06,0.0011801,
1465.08784,0.011451,0.02394,-0.114912,-9.834552,-9.835252,-0.001065,-0.00639,0.005325,99198.95,27.06,-0.0177089,
1465.0989,0.01106,0.057456,-0.09576,-9.829764,-9.830398,0.001065,-0.00639,0.00426,99198.95,27.06,-0.0128549,
1465.110246,0.011347,0.093366,-0.1197,-9.82737,-9.828542,0.00426,-0.009585,0.00426,99198.95,27.06,-0.0109989,
1465.121203,0.010957,-0.045486,-0.088578,-9.844128,-9.844632,-0.00213,0.001065,0.005325,99201.88,27.06,-0.0270889,
1465.132354,0.011151,0.009576,-0.081396,-9.801036,-9.801379,0.00639,-0.00639,0.005325,99201.88,27.06,0.0161641,
1465.143602,0.011248,-0.007182,-0.098154,-9.817794,-9.818287,0,-0.00426,0.003195,99201.88,27.06,-0.0007439,
1465.154758,0.011157,-0.038304,-0.040698,-9.784278,-9.784438,0.00213,-0.00213,0.005325,99201.88,27.06,0.0331051,
1465.165923,0.011164,-0.057456,-0.026334,-9.801036,-9.80124,0.005325,-0.007455,0.003195,99201.88,27.06,0.0163031,
1465.177094,0.011171,-0.062244,-0.081396,-9.82737,-9.827904,0.00213,-0.007455,0.001065,99201.88,27.06,-0.0103609,
1465.188323,0.011229,-0.055062,-0.028728,-9.781884,-9.782081,0.005325,-0.00426,0.00213,99204.56,27.06,0.0354621,
1465.199673,0.01135,-0.098154,-0.01197,-9.817794,-9.818292,0.003195,-0.00426,0.001065,99204.56,27.06,-0.0007489,
1465.210809,0.011136,-0.09576,-0.055062,-9.805824,-9.806446,0.003195,-0.00639,-0.003195,99204.56,27.06,0.0110971,
1465.221834,0.011025,-0.079002,-0.033516,-9.83934,-9.839714,0.00213,-0.007455,-0.001065,99204.56,27.06,-0.0221709,
1465.232994,0.01116,-0.05985,-0.03591,-9.844128,-9.844375,0.00213,-0.003195,-0.003195,99204.56,27.06,-0.0268319,
1465.244179,0.011185,-0.05985,-0.050274,-9.829764,-9.830075,0.00213,-0.00639,-0.001065,99204.56,27.06,-0.0125319,
1465.255664,0.011485,-0.055062,-0.040698,-9.820188,-9.820427,0.007455,-0.00852,0,99207.35,27.06,-0.0028839,
1465.266697,0.011033,-0.064638,-0.079002,-9.8154,-9.815931,0.00426,-0.005325,-0.00213,99207.35,27.06,0.0016121,
1465.277737,0.01104,0.019152,-0.081396,-9.82737,-9.827726,0.00213,-0.00639,-0.00213,99207.35,27.06,-0.0101829,
1465.288973,0.011236,-0.016758,-0.05985,-9.832158,-9.832354,0.005325,-0.00852,-0.00426,99207.35,27.06,-0.0148109,
1465.300088,0.011114,0.007182,-0.114912,-9.841734,-9.842407,0.003195,-0.00639,-0.00213,99207.35,27.06,-0.0248639,
1465.311572,0.011484,0.040698,-0.102942,-9.822582,-9.823206,0.00426,-0.00852,-0.001065,99207.35,27.06,-0.0056629,
1465.322504,0.010932,0.016758,-0.112518,-9.8154,-9.816059,0.001065,-0.00639,-0.00213,99207.35,27.06,0.0014841,
1465.333735,0.011231,0.067032,-0.1197,-9.860886,-9.86184,0.00852,-0.007455,0,99207.35,27.06,-0.0442969,
1465.344926,0.011191,0.067032,-0.148428,-9.846522,-9.847869,0.00213,-0.007455,0,99207.35,27.06,-0.0303259,
1465.356008,0.011081,0.026334,-0.086184,-9.834552,-9.834965,0.00213,-0.00852,0.00213,99207.35,27.06,-0.0174219,
1465.367295,0.011288,0.03591,-0.114912,-9.8154,-9.816138,0.003195,-0.009585,0.001065,99207.35,27.06,0.0014051,
1465.378569,0.011274,0.045486,-0.117306,-9.793854,-9.794662,0.005325,-0.009585,0.003195,99210.05,27.06,0.0228811,
1465.389754,0.011185,-0.004788,-0.112518,-9.813006,-9.813652,0.001065,-0.005325,0.003195,99210.05,27.06,0.0038911,
1465.400776,0.011022,0.038304,-0.090972,-9.820188,-9.820684,0.00426,-0.00852,0.00213,99210.05,27.06,-0.0031409,
1465.411937,0.011161,0.062244,-0.150822,-9.817794,-9.81915,0.005325,-0.005325,0.003195,99210.05,27.06,-0.0016069,
1465.42328,0.011343,0.033516,-0.100548,-9.786672,-9.787246,0.001065,-0.005325,0.003195,99210.05,27.06,0.0302971,
1465.434444,0.011164,0.004788,-0.093366,-9.784278,-9.784725,0.00639,-0.00639,0.00213,99210.05,27.06,0.0328181,
1465.445516,0.011072,-0.007182,-0.102942,-9.805824,-9.806367,0.00213,-0.005325,0.003195,99212.79,27.06,0.0111761,
1465.456689,0.011172,0.052668,-0.076608,-9.786672,-9.787114,0.00639,-0.01065,0.00213,99212.79,27.06,0.0304291,
1465.467853,0.011165,-0.01197,-0.081396,-9.793854,-9.7942,0.003195,-0.00639,0.00426,99212.79,27.06,0.0233431,
1465.479132,0.011278,-0.038304,-0.090972,-9.808218,-9.808715,0.00426,-0.007455,0.00426,99212.79,27.06,0.0088281,
1465.490375,0.011244,0.016758,-0.067032,-9.781884,-9.782128,0.00639,-0.00852,0.005325,99212.79,27.06,0.0354151,
1465.501436,0.011061,-0.074214,-0.067032,-9.817794,-9.818303,0.00213,-0.00213,0.005325,99215.48,27.05,-0.0007599,
1465.51263,0.011194,-0.026334,-0.040698,-9.805824,-9.805944,0.00852,-0.01065,0.001065,99215.48,27.05,0.0115991,
1465.523806,0.011176,-0.074214,-0.067032,-9.798642,-9.799152,0.00426,-0.005325,0.00639,99215.48,27.05,0.0183911,
1465.535063,0.011256,0.007182,-0.076608,-9.777096,-9.777399,0.001065,-0.007455,0.003195,99215.48,27.05,0.0401441,
1465.546175,0.011113,-0.045486,-0.055062,-9.808218,-9.808478,-0.001065,-0.003195,0.00426,99215.48,27.05,0.0090651,
1465.55786,0.011684,-0.05985,-0.052668,-9.810612,-9.810936,0.001065,-0.005325,0.00213,99215.48,27.05,0.0066071,
1465.568647,0.010787,0.019152,-0.069426,-9.822582,-9.822846,0.001065,-0.009585,0.00213,99218.29,27.05,-0.0053029,
1465.579868,0.011221,-0.016758,-0.062244,-9.834552,-9.834763,-0.001065,-0.003195,0.00213,99218.29,27.05,-0.0172199,
1465.591153,0.011285,0.01197,-0.079002,-9.841734,-9.842058,0.00639,-0.005325,0.001065,99218.29,27.05,-0.0245149,
1465.602102,0.010949,0.021546,-0.086184,-9.834552,-9.834953,0.001065,-0.005325,-0.001065,99218.29,27.05,-0.0174099,
1465.613286,0.011184,-0.081396,-0.093366,-9.853704,-9.854482,-0.001065,0,0,99218.29,27.05,-0.0369389,
1465.624512,0.011226,0.038304,-0.090972,-9.85131,-9.851804,0.005325,-0.009585,0.001065,99218.29,27.05,-0.0342609,
1465.636607,0.012094,0.02394,-0.086184,-9.87525,-9.875655,0.00426,-0.009585,0,99218.29,27.05,-0.0581119,
1465.646951,0.010345,-0.043092,-0.100548,-9.872856,-9.873462,0,-0.00213,0.001065,99218.29,27.05,-0.0559189,
1465.658145,0.011193,0.03591,-0.10773,-9.829764,-9.83042,0.005325,-0.009585,0.00213,99218.29,27.05,-0.0128769,
1465.669225,0.01108,0.016758,-0.086184,-9.872856,-9.873246,0.005325,-0.009585,0.001065,99218.29,27.05,-0.0557029,
1465.680429,0.011204,0.076608,-0.105336,-9.877644,-9.878503,0.00426,-0.009585,0,99218.29,27.05,-0.0609599,
1465.691699,0.011271,0.01197,-0.098154,-9.822582,-9.82308,0.007455,-0.011715,0.001065,99218.29,27.05,-0.0055369,
1465.703255,0.011555,-0.057456,-0.093366,-9.836946,-9.837557,0.00426,-0.00639,0.001065,99220.91,27.05,-0.0200139,
1465.714037,0.010782,0.031122,-0.098154,-9.820188,-9.820728,0.00639,-0.01278,0.00426,99220.91,27.05,-0.0031849,
1465.725127,0.01109,-0.021546,-0.08379,-9.805824,-9.806206,0.00639,-0.009585,0.00213,99220.91,27.05,0.0113371,
1465.735246,0.010119,-0.02394,-0.09576,-9.813006,-9.813502,0.00213,-0.00852,0.00213,99220.91,27.05,0.0040411,
1465.745337,0.010091,0.026334,-0.064638,-9.8154,-9.815648,0.00639,-0.01065,0.003195,99220.91,27.05,0.0018951,
1465.755425,0.010088,-0.009576,-0.10773,-9.8154,-9.815996,0.003195,-0.00639,0.00213,99223.62,27.05,0.0015471,
1465.765551,0.010127,-0.009576,-0.067032,-9.801036,-9.80127,0.005325,-0.011715,0.00426,99223.62,27.05,0.0162731,
1465.775659,0.010108,-0.033516,-0.086184,-9.77949,-9.779927,0.005325,-0.00639,0.003195,99223.62,27.05,0.0376161,
1465.785778,0.010119,-0.062244,-0.079002,-9.784278,-9.784795,0.003195,-0.00639,-0.00213,99223.62,27.05,0.0327481,
1465.795945,0.010167,-0.02394,-0.033516,-9.79146,-9.791547,0.005325,-0.005325,0.003195,99223.62,27.05,0.0259961,
1465.806035,0.01009,0.050274,-0.04788,-9.798642,-9.798888,0.003195,-0.007455,0.001065,99223.62,27.05,0.0186551,
1465.816162,0.010127,-0.026334,-0.019152,-9.796248,-9.796302,0.003195,-0.003195,0.00213,99223.62,27.05,0.0212411,
1465.826303,0.010142,0.01197,-0.028728,-9.79146,-9.791509,0,-0.00639,0,99226.19,27.05,0.0260341,
1465.837067,0.010764,0.021546,0,-9.801036,-9.80106,0.003195,-0.007455,0.003195,99226.19,27.05,0.0164831,
1465.848257,0.01119,-0.045486,-0.002394,-9.796248,-9.796354,0,0.001065,0.001065,99226.19,27.05,0.0211891,
1465.859376,0.011119,0.05985,-0.031122,-9.822582,-9.822814,0.00639,-0.00639,-0.003195,99226.19,27.05,-0.0052709,
1465.869796,0.01042,-0.002394,-0.026334,-9.822582,-9.822618,0,-0.003195,-0.001065,99226.19,27.05,-0.0050749,
1465.881752,0.011955,0.090972,-0.031122,-9.810612,-9.811083,-0.00213,-0.00426,0,99226.19,27.05,0.0064601,
1465.893058,0.011306,0.062244,-0.02394,-9.80343,-9.803657,0.00852,-0.00852,-0.00213,99228.81,27.05,0.0138861,
1465.904152,0.011094,-0.01197,-0.043092,-9.820188,-9.82029,0,0,0,99228.81,27.05,-0.0027469,
1465.915287,0.011136,0.105336,0.004788,-9.841734,-9.842299,0.003195,-0.00852,0,99228.81,27.05,-0.0247559,
1465.926452,0.011165,0.098154,-0.055062,-9.832158,-9.832802,0.00213,-0.00426,0.003195,99228.81,27.05,-0.0152589,
1465.937782,0.01133,0.090972,-0.055062,-9.820188,-9.820764,0.00213,-0.005325,0.00213,99228.81,27.05,-0.0032209,
1465.948942,0.01116,0.093366,-0.031122,-9.813006,-9.8135,0.00426,-0.00639,0.003195,99228.81,27.05,0.0040431,
1465.959978,0.011036,0.002394,-0.03591,-9.8154,-9.815466,0.00426,-0.009585,0.001065,99228.81,27.05,0.0020771,
1465.971251,0.011272,0.10773,-0.016758,-9.801036,-9.801642,0.00852,-0.007455,0.00426,99228.81,27.05,0.0159011,
1465.982386,0.011136,0.088578,-0.02394,-9.801036,-9.801465,0.00426,-0.00639,-0.001065,99228.81,27.05,0.0160781,
1465.993583,0.011197,0.026334,-0.064638,-9.832158,-9.832406,0.00213,-0.003195,0.00426,99228.81,27.05,-0.0148629,
1466.00483,0.011247,0.088578,-0.04788,-9.79146,-9.791978,0.00639,-0.005325,0.00213,99228.81,27.05,0.0255651,
1466.016063,0.011233,0.007182,-0.088578,-9.793854,-9.794257,-0.00213,-0.005325,0,99231.57,27.05,0.0232861,
1466.027144,0.011081,0.026334,-0.098154,-9.813006,-9.813532,0.00213,-0.00639,0,99231.57,27.05,0.0040111,
1466.038434,0.01129,-0.007182,-0.088578,-9.79146,-9.791863,0.00426,-0.007455,0.00213,99231.57,27.05,0.0256801,
1466.049623,0.011188,-0.021546,-0.07182,-9.805824,-9.806111,0.003195,-0.00639,0.001065,99231.57,27.05,0.0114321,
1466.060656,0.011033,-0.019152,-0.09576,-9.810612,-9.811098,0,-0.003195,0.001065,99231.57,27.05,0.0064451,
1466.071911,0.011255,-0.052668,-0.08379,-9.801036,-9.801536,0.003195,-0.003195,0.003195,99231.57,27.05,0.0160071,
1466.0832,0.011289,-0.02394,-0.069426,-9.777096,-9.777372,0,-0.007455,0.00213,99234.34,27.05,0.0401711,
1466.094303,0.011103,0.002394,-0.081396,-9.8154,-9.815738,-0.00213,-0.00213,0.00213,99234.34,27.05,0.0018051,
1466.105359,0.011056,-0.033516,-0.100548,-9.808218,-9.808791,0.003195,-0.00213,0.00213,99234.34,27.05,0.0087521,
1466.116573,0.011214,-0.028728,-0.081396,-9.808218,-9.808598,0.001065,-0.005325,0.00213,99234.34,27.05,0.0089451,
1466.127784,0.011212,-0.031122,-0.098154,-9.829764,-9.830303,0.003195,-0.00639,0.00213,99234.34,27.05,-0.0127599,
1466.138997,0.011213,-0.038304,-0.093366,-9.832158,-9.832676,0,0.00213,0.003195,99234.34,27.05,-0.0151329,
1466.15022,0.011223,0.019152,-0.074214,-9.85131,-9.851608,0.00639,-0.00639,-0.00213,99237.13,27.05,-0.0340649,
1466.161298,0.011077,-0.03591,-0.086184,-9.834552,-9.834995,0.00213,-0.005325,0.001065,99237.13,27.05,-0.0174519,
1466.172608,0.011311,-0.002394,-0.10773,-9.858492,-9.859081,-0.001065,-0.00639,-0.001065,99237.13,27.05,-0.0415379,
1466.183732,0.011124,0.045486,-0.062244,-9.82737,-9.827672,0.003195,-0.005325,0,99237.13,27.05,-0.0101289,
1466.194911,0.011179,-0.074214,-0.081396,-9.836946,-9.837563,0.001065,-0.003195,0.00426,99237.13,27.05,-0.0200199,
1466.206117,0.011206,0.067032,-0.086184,-9.836946,-9.837552,0.00426,-0.00639,0.00213,99239.77,27.05,-0.0200089,
1466.217241,0.011123,-0.026334,-0.114912,-9.834552,-9.835259,0.001065,0.001065,0.003195,99239.77,27.05,-0.0177159,
1466.228477,0.011237,0.033516,-0.079002,-9.820188,-9.820563,0.005325,-0.00639,0.001065,99239.77,27.05,-0.0030199,
1466.239673,0.011196,0.019152,-0.098154,-9.8154,-9.815909,0.00213,-0.00852,0.003195,99239.77,27.05,0.0016341,
1466.250831,0.011158,-0.062244,-0.090972,-9.829764,-9.830382,0.00426,-0.003195,0.003195,99239.77,27.05,-0.0128389,
1466.262222,0.011392,0.03591,-0.08379,-9.801036,-9.80146,0.00426,-0.009585,0.00213,99239.77,27.05,0.0160831,
1466.273165,0.010943,0.019152,-0.086184,-9.808218,-9.808615,0.00213,-0.005325,0.003195,99239.77,27.05,0.0089281,
1466.284409,0.011244,-0.01197,-0.050274,-9.796248,-9.796384,0.00213,-0.00213,0.003195,99239.77,27.05,0.0211591,
1466.295586,0.011177,0,-0.105336,-9.777096,-9.777663,0.00426,-0.00852,0.00426,99239.77,27.05,0.0398801,
1466.307143,0.011557,-0.07182,-0.081396,-9.810612,-9.811213,0.00213,-0.003195,0.00426,99239.77,27.05,0.0063301,
1466.317764,0.010622,0.02394,-0.045486,-9.805824,-9.805959,0.003195,-0.007455,0.003195,99239.77,27.05,0.0115841,
1466.327931,0.010167,0.031122,-0.079002,-9.817794,-9.818161,0.001065,-0.00852,0.005325,99239.77,27.05,-0.0006179,
1466.338025,0.010094,-0.067032,-0.100548,-9.810612,-9.811356,0.003195,-0.00426,0.001065,99242.61,27.05,0.0061871,
1466.348249,0.010224,-0.021546,-0.07182,-9.798642,-9.798929,0.003195,-0.005325,0.00426,99242.61,27.05,0.0186141,
1466.358339,0.010089,-0.002394,-0.08379,-9.813006,-9.813364,0.003195,-0.005325,0,99242.61,27.05,0.0041791,
1466.36845,0.010111,-0.043092,-0.088578,-9.822582,-9.823076,0.00426,-0.00639,0.00426,99242.61,27.05,-0.0055329,
1466.378583,0.010133,0.007182,-0.079002,-9.844128,-9.844448,0.00426,-0.00426,0.003195,99242.61,27.05,-0.0269049,
1466.388699,0.010116,0,-0.081396,-9.834552,-9.834889,0.005325,-0.00639,0.00426,99242.61,27.05,-0.0173459,
1466.398804,0.010105,-0.040698,-0.08379,-9.829764,-9.830205,0.00213,-0.005325,0.003195,99242.61,27.05,-0.0126619,
1466.408901,0.010096,-0.002394,-0.088578,-9.86328,-9.863678,0.001065,-0.00426,0.00213,99245.54,27.05,-0.0461349,
1466.419174,0.010274,0.002394,-0.08379,-9.844128,-9.844485,0.007455,-0.005325,0.003195,99245.54,27.05,-0.0269419,
1466.429298,0.010124,-0.014364,-0.122094,-9.856098,-9.856865,0,-0.007455,0.00639,99245.54,27.05,-0.0393219,
1466.43943,0.010131,0.019152,-0.093366,-9.853704,-9.854165,0.007455,-0.00639,0.00426,99245.54,27.05,-0.0366219,
1466.449646,0.010216,0.007182,-0.114912,-9.848916,-9.849589,0.005325,-0.00852,0.00213,99245.54,27.05,-0.0320459,
1466.459733,0.010087,-0.040698,-0.10773,-9.836946,-9.83762,0,-0.003195,0.005325,99245.54,27.05,-0.0200769,
1466.469821,0.010088,-0.004788,-0.093366,-9.83934,-9.839784,0.007455,-0.009585,0.003195,99248.5,27.05,-0.0222409,
1466.479961,0.01014,0.019152,-0.10773,-9.846522,-9.84713,0.003195,-0.007455,0.003195,99248.5,27.05,-0.0295869,
1466.490046,0.010086,-0.038304,-0.098154,-9.836946,-9.83751,0.003195,-0.005325,0.003195,99248.5,27.05,-0.0199669,
1466.500146,0.010099,0.009576,-0.076608,-9.822582,-9.822885,0.009585,-0.01065,-0.001065,99248.5,27.05,-0.0053419,
1466.510327,0.010182,-0.021546,-0.102942,-9.813006,-9.81357,0,-0.00639,0.00426,99248.5,27.05,0.0039731,
1466.520421,0.010094,-0.050274,-0.074214,-9.810612,-9.811022,0.005325,-0.00639,0.00213,99248.5,27.05,0.0065211,
1466.531001,0.01058,0.002394,-0.067032,-9.8154,-9.815629,0.00852,-0.01278,0.00213,99251.61,27.05,0.0019141,
1466.541103,0.010102,-0.069426,-0.05985,-9.813006,-9.813434,-0.001065,-0.003195,0.003195,99251.61,27.05,0.0041091,
1466.551193,0.01009,-0.01197,-0.05985,-9.822582,-9.822772,0.00852,-0.01278,0.003195,99251.61,27.05,-0.0052289,
1466.561282,0.010089,-0.004788,-0.076608,-9.817794,-9.818094,0.005325,-0.00852,0.001065,99251.61,27.05,-0.0005509,
1466.571382,0.0101,-0.05985,-0.052668,-9.798642,-9.798966,0.00639,-0.00639,0.005325,99251.61,27.05,0.0185771,
1466.581474,0.010092,-0.01197,-0.016758,-9.8154,-9.815422,0.00426,-0.007455,0,99251.61,27.05,0.0021211,
1466.591672,0.010198,-0.09576,-0.040698,-9.774702,-9.775256,0.00852,-0.01065,0,99251.61,27.05,0.0422871,
1466.601815,0.010143,-0.150822,-0.040698,-9.734004,-9.735257,0,-0.005325,-0.00213,99254.38,27.05,0.0822861,
1466.611921,0.010105,-0.002394,-0.009576,-9.853704,-9.853709,0.003195,0.00213,-0.00426,99254.38,27.05,-0.0361659,
1466.622036,0.010115,0.090972,-0.050274,-9.85131,-9.851858,0.007455,-0.011715,-0.003195,99254.38,27.05,-0.0343149,
1466.632125,0.010089,-0.117306,-0.079002,-9.82737,-9.828388,0.007455,-0.00639,-0.001065,99254.38,27.05,-0.0108449,
1466.642219,0.010094,-0.026334,0.021546,-9.75555,-9.755609,-0.00426,0.001065,-0.00426,99254.38,27.05,0.0619341,
1466.652338,0.010119,0.01197,-0.124488,-9.8154,-9.816197,0.009585,-0.01065,-0.003195,99254.38,27.05,0.0013461,
1466.662445,0.010107,-0.014364,-0.129276,-9.841734,-9.842593,-0.003195,-0.001065,-0.00213,99254.38,27.05,-0.0250499,
1466.672537,0.010092,0.05985,0.014364,-9.82737,-9.827563,0.003195,-0.00639,-0.001065,99254.38,27.05,-0.0100199,
1466.682649,0.010112,0.019152,-0.124488,-9.829764,-9.830571,0.00639,-0.00852,-0.00213,99254.38,27.05,-0.0130279,
1466.69275,0.0101,0.081396,-0.150822,-9.836946,-9.838439,0.00213,-0.00213,0,99254.38,27.05,-0.0208959,
1466.702839,0.010089,0.07182,-0.050274,-9.8154,-9.815791,0.003195,-0.007455,-0.001065,99254.38,27.05,0.0017521,
1466.712941,0.010103,0.045486,-0.112518,-9.83934,-9.840088,0.005325,-0.01065,0.00213,99254.38,27.05,-0.0225449,
1466.72305,0.010109,0.074214,-0.086184,-9.817794,-9.818453,0.001065,-0.00639,0.00213,99257.23,27.05,-0.0009099,
1466.733144,0.010094,0.105336,-0.1197,-9.860886,-9.862175,0.005325,-0.00426,0.00213,99257.23,27.05,-0.0446319,
1466.743457,0.010313,0.07182,-0.067032,-9.853704,-9.854194,0.00639,-0.007455,0.005325,99257.23,27.05,-0.0366509,
1466.753815,0.010359,0.090972,-0.102942,-9.822582,-9.823543,0.003195,-0.00639,0.003195,99257.23,27.05,-0.0059999,
1466.7639,0.010085,0.088578,-0.081396,-9.817794,-9.818531,0.00213,-0.00213,0.003195,99257.23,27.05,-0.0009879,
1466.773986,0.010086,0.10773,-0.074214,-9.829764,-9.830634,0.005325,-0.007455,0.005325,99257.23,27.05,-0.0130909,
1466.784084,0.010098,0.03591,-0.07182,-9.82737,-9.827698,0.003195,-0.003195,0.005325,99257.23,27.05,-0.0101549,
1466.79419,0.010106,0.08379,-0.076608,-9.836946,-9.837601,0.003195,-0.00639,0.007455,99260.05,27.05,-0.0200579,
1466.804334,0.010143,0.019152,-0.067032,-9.824976,-9.825223,0.007455,-0.007455,0.00426,99260.05,27.05,-0.0076799,
1466.814422,0.010088,0.009576,-0.112518,-9.817794,-9.818443,-0.001065,-0.00426,0.005325,99260.05,27.05,-0.0008999,
1466.824548,0.010127,0.01197,-0.04788,-9.805824,-9.805948,0.005325,-0.00852,0.00852,99260.05,27.05,0.0115951,
1466.834639,0.010091,-0.038304,-0.076608,-9.798642,-9.799016,0.005325,-0.00426,0.00639,99260.05,27.05,0.0185271,
1466.844749,0.01011,0.014364,-0.03591,-9.798642,-9.798718,0.003195,-0.009585,0.00426,99260.05,27.05,0.0188251,
1466.855376,0.010626,-0.050274,-0.04788,-9.805824,-9.80607,0.00639,-0.00852,0.005325,99262.95,27.05,0.0114731,
1466.865497,0.010122,-0.09576,-0.052668,-9.801036,-9.801645,0.003195,-0.00852,0.005325,99262.95,27.05,0.0158981,
1466.875611,0.010113,0.004788,-0.038304,-9.772308,-9.772384,0.003195,-0.00852,0.00213,99262.95,27.05,0.0451591,
1466.885704,0.010093,-0.09576,-0.038304,-9.77949,-9.780034,0.005325,-0.005325,0.003195,99262.95,27.05,0.0375091,
1466.895798,0.010094,-0.074214,-0.050274,-9.79146,-9.79187,0.001065,-0.005325,0.001065,99262.95,27.05,0.0256731,
1466.905895,0.010097,0.002394,-0.033516,-9.777096,-9.777154,0.00426,-0.003195,0.00213,99262.95,27.05,0.0403891,
1466.915977,0.010082,-0.09576,-0.064638,-9.789066,-9.789748,0.003195,-0.00426,0.00213,99265.75,27.05,0.0277951,
1466.926063,0.010085,-0.038304,-0.028728,-9.808218,-9.808335,0.00426,-0.00852,0.001065,99265.75,27.05,0.0092081,
1466.936158,0.010095,-0.007182,-0.04788,-9.793854,-9.793974,0.00639,-0.001065,0,99265.75,27.05,0.0235691,
1466.946274,0.010116,-0.079002,-0.081396,-9.817794,-9.818449,0.00213,-0.00426,0,99265.75,27.05,-0.0009059,
1466.956372,0.010098,-0.002394,-0.052668,-9.8154,-9.815542,0.00213,-0.00852,-0.00213,99265.75,27.05,0.0020011,
1466.966466,0.010094,0.002394,-0.098154,-9.829764,-9.830254,0.001065,-0.00426,-0.003195,99265.75,27.05,-0.0127109,
1466.976582,0.010115,-0.038304,-0.098154,-9.83934,-9.839904,0.005325,-0.007455,-0.001065,99265.75,27.05,-0.0223609,
1466.986672,0.010091,0.021546,-0.074214,-9.83934,-9.839643,0.001065,-0.007455,-0.00213,99265.75,27.05,-0.0220999,
1466.996756,0.010084,0.03591,-0.114912,-9.822582,-9.82332,0.00213,-0.005325,-0.001065,99265.75,27.05,-0.0057769,
1467.006889,0.010133,-0.007182,-0.102942,-9.832158,-9.8327,0.003195,-0.007455,0.001065,99265.75,27.05,-0.0151569,
1467.016978,0.010089,0.040698,-0.122094,-9.865674,-9.866513,0.001065,-0.00213,0,99265.75,27.05,-0.0489699,
1467.027153,0.010175,0.055062,-0.129276,-9.829764,-9.830768,0.003195,-0.005325,0.001065,99265.75,27.05,-0.0132249,
1467.03726,0.010107,0.055062,-0.10773,-9.80343,-9.804177,0.00213,-0.00426,0.001065,99265.75,27.05,0.0133661,
1467.047357,0.010097,0.04788,-0.10773,-9.822582,-9.823289,0.00213,-0.005325,0.00213,99268.49,27.05,-0.0057459,
1467.057463,0.010106,0.016758,-0.114912,-9.824976,-9.825662,0.007455,-0.007455,0.00426,99268.49,27.05,-0.0081189,
1467.06784,0.010377,0.062244,-0.100548,-9.80343,-9.804143,0,-0.003195,0.001065,99268.49,27.05,0.0134001,
1467.077933,0.010093,0.067032,-0.079002,-9.808218,-9.808765,0.007455,-0.00639,0.001065,99268.49,27.05,0.0087781,
1467.088042,0.01011,0.019152,-0.100548,-9.848916,-9.849448,0,-0.003195,0.00426,99268.49,27.05,-0.0319049,
1467.098133,0.010091,0.007182,-0.076608,-9.83934,-9.839641,0.00426,-0.005325,0.00426,99268.49,27.05,-0.0220979,
1467.108252,0.010119,-0.002394,-0.081396,-9.808218,-9.808556,0.005325,-0.007455,0.003195,99268.49,27.05,0.0089871,
1467.118357,0.010105,0.002394,-0.05985,-9.813006,-9.813189,-0.003195,0.001065,0.00639,99271.2,27.05,0.0043541,
1467.128452,0.010095,0.04788,-0.050274,-9.844128,-9.844373,0.003195,-0.00852,0.00426,99271.2,27.05,-0.0268299,
1467.138547,0.010094,-0.026334,-0.088578,-9.817794,-9.818229,0.00213,-0.00426,0.00639,99271.2,27.05,-0.0006859,
1467.148653,0.010107,-0.014364,-0.055062,-9.79146,-9.791625,-0.00213,0,0.00426,99271.2,27.05,0.0259181,
1467.158744,0.010091,0.016758,-0.031122,-9.80343,-9.803494,0.00213,-0.005325,0.00426,99271.2,27.05,0.0140491,
1467.169087,0.010343,-0.055062,-0.052668,-9.820188,-9.820484,0.003195,-0.00426,0.003195,99271.2,27.05,-0.0029409,
1467.179907,0.010821,-0.052668,-0.019152,-9.8154,-9.81556,-0.001065,0,0.00426,99273.85,27.05,0.0019831,
1467.190007,0.0101,0.002394,-0.019152,-9.80343,-9.803449,0.005325,-0.007455,0.005325,99273.85,27.05,0.0140941,
1467.200089,0.010082,-0.052668,-0.05985,-9.824976,-9.825299,0.001065,-0.00426,0.00213,99273.85,27.05,-0.0077559,
1467.210173,0.010084,-0.05985,-0.033516,-9.813006,-9.813246,0.001065,-0.00213,0.00213,99273.85,27.05,0.0042971,
1467.220303,0.01013,-0.002394,-0.038304,-9.793854,-9.793929,0.00426,-0.00852,0.003195,99273.85,27.05,0.0236141,
1467.230416,0.010114,-0.069426,-0.081396,-9.786672,-9.787257,0.00213,-0.00426,0.003195,99273.85,27.05,0.0302861,
1467.24051,0.010094,-0.052668,-0.045486,-9.801036,-9.801283,0.00426,-0.005325,0.00213,99276.58,27.05,0.0162601,
1467.25061,0.0101,-0.007182,-0.04788,-9.808218,-9.808337,0.00426,-0.00639,0.00213,99276.58,27.05,0.0092061,
1467.260715,0.010105,-0.016758,-0.093366,-9.805824,-9.806283,0,-0.005325,-0.001065,99276.58,27.05,0.0112601,
1467.270852,0.010137,-0.026334,-0.090972,-9.822582,-9.823039,0.003195,-0.00426,0.003195,99276.58,27.05,-0.0054959,
1467.28103,0.010179,0.02394,-0.079002,-9.796248,-9.796596,0.00639,-0.00639,0.001065,99276.58,27.05,0.0209471,
1467.291511,0.010481,-0.004788,-0.079002,-9.801036,-9.801356,0.00213,-0.00426,0.001065,99276.58,27.05,0.0161871,
1467.301796,0.010285,-0.033516,-0.093366,-9.829764,-9.830265,0.00426,-0.00426,0.00213,99276.58,27.05,-0.0127219,
1467.3119,0.010104,0.021546,-0.081396,-9.832158,-9.832519,0.003195,-0.00426,-0.001065,99276.58,27.05,-0.0149759,
1467.321989,0.010089,0,-0.088578,-9.832158,-9.832557,0.003195,-0.00639,0.00213,99276.58,27.05,-0.0150139,
1467.332081,0.010092,-0.019152,-0.076608,-9.829764,-9.830081,0.005325,-0.00639,-0.001065,99276.58,27.05,-0.0125379,
1467.342176,0.010095,0.04788,-0.124488,-9.85131,-9.852213,0,-0.00426,0.003195,99276.58,27.05,-0.0346699,
1467.35248,0.010304,-0.002394,-0.088578,-9.841734,-9.842133,0.00213,-0.001065,0.00213,99276.58,27.05,-0.0245899,
1467.363054,0.010575,-0.009576,-0.098154,-9.841734,-9.842228,0.005325,-0.005325,0.003195,99279.34,27.05,-0.0246849,
1467.373161,0.010107,0.057456,-0.117306,-9.836946,-9.837813,0,-0.00213,0,99279.34,27.05,-0.0202699,
1467.38326,0.010099,0.019152,-0.13167,-9.865674,-9.866571,0.003195,0.00213,-0.001065,99279.34,27.05,-0.0490279,
1467.393352,0.010092,0.002394,-0.129276,-9.865674,-9.866521,0.005325,-0.007455,0.005325,99279.34,27.05,-0.0489779,
1467.403547,0.010195,0.038304,-0.13167,-9.853704,-9.854658,0.00213,-0.00213,0.00426,99279.34,27.05,-0.0371149,
1467.414003,0.010455,0.021546,-0.098154,-9.841734,-9.842247,0.001065,-0.003195,0.005325,99279.34,27.05,-0.0247039,
1467.42524,0.011237,0.038304,-0.090972,-9.846522,-9.847017,0.00426,-0.00852,0.003195,99282.18,27.05,-0.0294739,
1467.436371,0.011131,-0.026334,-0.100548,-9.822582,-9.823132,0.001065,-0.003195,0.00213,99282.18,27.05,-0.0055889,
1467.447608,0.011237,0.004788,-0.100548,-9.810612,-9.811128,0,-0.00426,0.00213,99282.18,27.05,0.0064151,
1467.458812,0.011204,0.009576,-0.057456,-9.786672,-9.786845,0.00852,-0.01065,0.00213,99282.18,27.05,0.0306981,
1467.469949,0.011137,-0.043092,-0.069426,-9.810612,-9.810952,-0.003195,0.001065,0.003195,99282.18,27.05,0.0065911,
1467.481114,0.011165,0.01197,-0.045486,-9.834552,-9.834664,0.00639,-0.007455,0.001065,99282.18,27.05,-0.0171209,
1467.492372,0.011258,0.028728,-0.069426,-9.79146,-9.791748,0.003195,-0.007455,0.00213,99284.83,27.05,0.0257951,
1467.503506,0.011133,0.007182,-0.057456,-9.80343,-9.803601,-0.001065,-0.003195,0.00213,99284.83,27.05,0.0139421,
1467.514727,0.011221,-0.007182,-0.038304,-9.769914,-9.769992,0.00426,-0.007455,0,99284.83,27.05,0.0475511,
1467.525876,0.01115,-0.009576,-0.069426,-9.793854,-9.794105,-0.001065,-0.003195,0.00213,99284.83,27.05,0.0234381,
1467.537041,0.011165,0.03591,-0.045486,-9.829764,-9.829935,0.007455,-0.01065,0,99284.83,27.05,-0.0123919,
1467.548323,0.011282,0,-0.069426,-9.841734,-9.841979,-0.001065,-0.00213,-0.00213,99284.83,27.05,-0.0244359,
1467.559509,0.011186,-0.019152,-0.052668,-9.796248,-9.796408,0.00213,-0.00639,0.001065,99287.65,27.05,0.0211351,
1467.570645,0.011136,0.014364,-0.057456,-9.80343,-9.803609,0.00639,-0.009585,0,99287.65,27.05,0.0139341,
1467.58181,0.011165,-0.021546,-0.043092,-9.820188,-9.820306,0,-0.00426,-0.00213,99287.65,27.05,-0.0027629,
1467.592971,0.01116,0.069426,-0.050274,-9.844128,-9.844501,0.00213,-0.00426,-0.00213,99287.65,27.05,-0.0269579,
1467.604237,0.011266,0.028728,-0.076608,-9.841734,-9.842074,0.00639,-0.007455,0.001065,99287.65,27.05,-0.0245309,
1467.615582,0.011345,-0.033516,-0.067032,-9.841734,-9.842019,0.003195,-0.00639,-0.001065,99287.65,27.05,-0.0244759,
1467.626534,0.010953,0.055062,-0.05985,-9.841734,-9.84207,0,-0.009585,0,99287.65,27.05,-0.0245269,
1467.637726,0.011192,-0.009576,-0.05985,-9.848916,-9.849103,0.009585,-0.01065,0.001065,99287.65,27.05,-0.0315599,
1467.648939,0.011213,0,-0.05985,-9.865674,-9.865856,0.01065,-0.01065,0.001065,99287.65,27.05,-0.0483129,
1467.660084,0.011145,0.04788,-0.031122,-9.860886,-9.861051,0.00213,-0.00639,0.001065,99287.65,27.05,-0.0435079,
1467.671313,0.01123,0.01197,-0.05985,-9.868068,-9.868257,0.005325,-0.005325,0,99287.65,27.05,-0.0507139,
1467.682459,0.011145,0.076608,-0.062244,-9.868068,-9.868562,0.005325,-0.009585,0.00213,99290.39,27.05,-0.0510189,
1467.693782,0.011323,-0.01197,-0.105336,-9.836946,-9.837517,0.005325,-0.00426,-0.001065,99290.39,27.05,-0.0199739,
1467.704815,0.011033,0.007182,-0.074214,-9.844128,-9.84441,0.005325,-0.00213,0,99290.39,27.05,-0.0268669,
1467.71603,0.011215,0.079002,-0.074214,-9.844128,-9.844725,0.00852,-0.011715,-0.001065,99290.39,27.05,-0.0271819,
1467.72718,0.011149,0.02394,-0.090972,-9.836946,-9.837396,0.00426,-0.00639,0.001065,99290.39,27.05,-0.0198529,
1467.738362,0.011182,0.016758,-0.062244,-9.856098,-9.856309,0.00213,-0.00852,0.001065,99290.39,27.05,-0.0387659,
1467.749577,0.011215,0.026334,-0.1197,-9.798642,-9.799408,0.00639,-0.00639,0.00213,99293.23,27.05,0.0181351,
1467.760761,0.011184,0.02394,-0.014364,-9.796248,-9.796288,0,-0.00639,0.003195,99293.23,27.05,0.0212551,
1467.771905,0.011144,0.038304,-0.079002,-9.810612,-9.811005,0.007455,-0.007455,0.003195,99293.23,27.05,0.0065381,
1467.783162,0.011257,-0.019152,-0.088578,-9.774702,-9.775122,0.003195,-0.00213,0.003195,99293.23,27.05,0.0424211,
1467.794311,0.011149,0.043092,-0.074214,-9.77949,-9.779867,0.003195,-0.00426,0.00426,99293.23,27.05,0.0376761,
1467.805506,0.011195,0.043092,-0.086184,-9.777096,-9.777571,0.00852,-0.005325,0.003195,99295.98,27.05,0.0399721,
1467.816636,0.011131,-0.007182,-0.110124,-9.762732,-9.763356,-0.001065,-0.003195,0.005325,99295.98,27.05,0.0541871,
1467.82784,0.011203,0.021546,-0.062244,-9.74358,-9.743803,0.003195,-0.00426,0.00426,99295.98,27.05,0.0737401,
1467.839124,0.011284,0.055062,-0.076608,-9.769914,-9.77037,0.003195,-0.00426,0.001065,99295.98,27.05,0.0471731,
1467.850408,0.011284,0.031122,-0.081396,-9.757944,-9.758333,0.003195,-0.003195,0.005325,99295.98,27.05,0.0592101,
1467.861401,0.010994,-0.002394,-0.093366,-9.769914,-9.77036,0.005325,-0.007455,0.00426,99295.98,27.05,0.0471831,
1467.872566,0.011164,0.009576,-0.079002,-9.79146,-9.791783,0.003195,-0.00852,0.00426,99298.85,27.05,0.0257601,
1467.883786,0.011221,0.019152,-0.045486,-9.786672,-9.786796,0.00213,-0.003195,0.00426,99298.85,27.05,0.0307471,
1467.894939,0.011153,-0.002394,-0.05985,-9.8154,-9.815583,0.001065,-0.005325,0,99298.85,27.05,0.0019601,
1467.906154,0.011215,-0.016758,-0.043092,-9.786672,-9.786781,0.003195,-0.00213,0.00213,99298.85,27.05,0.0307621,
1467.917331,0.011177,0.016758,-0.076608,-9.824976,-9.825289,0.00426,-0.00426,0.001065,99298.85,27.05,-0.0077459,
1467.928583,0.011252,0.028728,-0.04788,-9.856098,-9.856256,0.005325,-0.00852,0.00213,99298.85,27.05,-0.0387129,
1467.939681,0.011099,0.004788,-0.062244,-9.87525,-9.875447,0.00426,-0.003195,0.003195,99301.82,27.05,-0.0579039,
1467.950931,0.01125,0.045486,-0.076608,-9.841734,-9.842137,0.005325,-0.01065,0,99301.82,27.05,-0.0245939,
1467.962144,0.011214,-0.021546,-0.076608,-9.856098,-9.856419,0.00213,-0.00213,0.001065,99301.82,27.05,-0.0388759,
1467.973219,0.011074,0.040698,-0.050274,-9.896796,-9.897007,0.003195,-0.00852,0.00213,99301.82,27.05,-0.0794639,
1467.984628,0.01141,0.033516,-0.057456,-9.865674,-9.865898,0.007455,-0.00852,0.005325,99301.82,27.05,-0.0483549,
1467.995643,0.011015,-0.002394,-0.07182,-9.87525,-9.875511,0.001065,-0.00426,0.005325,99301.82,27.05,-0.0579679,
1468.006841,0.011198,0.026334,-0.040698,-9.880038,-9.880157,0.00213,-0.007455,0.003195,99301.82,27.05,-0.0626139,
1468.018021,0.011181,0.002394,-0.038304,-9.860886,-9.860961,0.00852,-0.00639,0.00426,99301.82,27.05,-0.0434179,
1468.029232,0.011211,0.045486,-0.021546,-9.848916,-9.849045,0.00213,-0.00426,0.00426,99301.82,27.05,-0.0315019,
1468.040491,0.011259,-0.031122,-0.043092,-9.841734,-9.841878,0.00213,-0.005325,0.00426,99301.82,27.05,-0.0243349,
1468.051577,0.011086,-0.031122,-0.033516,-9.829764,-9.82987,0.00639,-0.005325,0.00213,99301.82,27.05,-0.0123269,
1468.062797,0.01122,0.050274,-0.021546,-9.810612,-9.810764,0.003195,-0.00639,0.001065,99304.57,27.05,0.0067791,
1468.073929,0.011133,-0.026334,-0.045486,-9.796248,-9.796389,0.003195,-0.007455,0.005325,99304.57,27.05,0.0211541,
1468.085093,0.011164,-0.045486,-0.033516,-9.808218,-9.808381,0.00213,-0.007455,0.00426,99304.57,27.05,0.0091621,
1468.096298,0.011205,0.052668,-0.04788,-9.77949,-9.779749,0.007455,-0.009585,0.00426,99304.57,27.05,0.0377941,
1468.107502,0.011204,-0.01197,-0.043092,-9.765126,-9.765228,-0.003195,-0.00213,0.003195,99304.57,27.05,0.0523151,
1468.118688,0.011186,0.033516,-0.045486,-9.774702,-9.774865,0.00639,-0.007455,0.00213,99304.57,27.05,0.0426781,
1468.129929,0.011241,-0.007182,-0.062244,-9.74358,-9.743781,0.00639,-0.007455,0.00213,99307.41,27.05,0.0737621,
1468.14102,0.01109,-0.004788,-0.07182,-9.76752,-9.767785,-0.003195,-0.003195,0.005325,99307.41,27.05,0.0497581,
1468.152205,0.011185,0.021546,-0.088578,-9.74358,-9.744006,0.003195,-0.007455,0.005325,99307.41,27.05,0.0735371,
1468.163567,0.011362,0.002394,-0.09576,-9.75555,-9.75602,0,-0.003195,0.00426,99307.41,27.05,0.0615231,
1468.174601,0.011035,0.02394,-0.074214,-9.75555,-9.755862,0.00426,-0.00426,0.003195,99307.41,27.05,0.0616811,
1468.185788,0.011187,0.04788,-0.122094,-9.784278,-9.785157,0.001065,-0.00213,0.00213,99310.1,27.05,0.0323861,
1468.196898,0.011109,0.045486,-0.114912,-9.80343,-9.804209,0,-0.003195,0.003195,99310.1,27.05,0.0133341,
1468.208191,0.011293,0.031122,-0.105336,-9.79146,-9.792076,0.005325,-0.005325,0,99310.1,27.05,0.0254671,
1468.21935,0.01116,0.004788,-0.088578,-9.8154,-9.815801,0,-0.00213,0.001065,99310.1,27.05,0.0017421,
1468.230497,0.011147,0.031122,-0.117306,-9.846522,-9.84727,0.003195,-0.005325,0.001065,99310.1,27.05,-0.0297269,
1468.241823,0.011326,0.07182,-0.13167,-9.82737,-9.828514,0.003195,-0.007455,0,99310.1,27.05,-0.0109709,
1468.252865,0.011042,-0.031122,-0.038304,-9.844128,-9.844252,0.003195,-0.001065,-0.00213,99310.1,27.05,-0.0267089,
1468.264092,0.011227,-0.05985,-0.040698,-9.796248,-9.796515,-0.00213,-0.00426,0.001065,99310.1,27.05,0.0210281,
1468.275242,0.011151,-0.02394,-0.05985,-9.865674,-9.865885,0.007455,-0.00426,-0.001065,99310.1,27.05,-0.0483419,
1468.286485,0.011243,0.122094,-0.038304,-9.906372,-9.907198,-0.003195,-0.00213,-0.001065,99310.1,27.05,-0.0896549,
1468.297669,0.011184,-0.031122,-0.069426,-9.85131,-9.851604,0.00213,-0.00213,-0.001065,99310.1,27.05,-0.0340609,
1468.308839,0.01117,-0.019152,-0.112518,-9.829764,-9.830427,0,-0.00426,-0.001065,99310.1,27.05,-0.0128839,
1468.319956,0.011117,0.062244,-0.02394,-9.829764,-9.82999,0.00639,-0.01278,-0.00213,99313.01,27.05,-0.0124469,
1468.331241,0.011285,-0.081396,-0.110124,-9.865674,-9.866624,0.00213,-0.00213,0,99313.01,27.05,-0.0490809,
1468.342459,0.011219,0.007182,-0.064638,-9.834552,-9.834767,0.00426,-0.00639,-0.00213,99313.01,27.05,-0.0172239,
1468.353564,0.011105,0.045486,-0.031122,-9.841734,-9.841888,0.00426,-0.005325,0.001065,99313.01,27.05,-0.0243449,
1468.36474,0.011176,-0.086184,-0.090972,-9.824976,-9.825775,0,-0.003195,0.001065,99313.01,27.05,-0.0082319,
1468.375872,0.011132,0.03591,-0.052668,-9.810612,-9.810819,0.001065,-0.00639,-0.001065,99315.79,27.05,0.0067241,
1468.387109,0.011237,-0.122094,-0.15561,-9.820188,-9.82218,0.005325,0,0,99315.79,27.05,-0.0046369,
1468.398306,0.011197,0.002394,-0.105336,-9.820188,-9.820753,0.00426,-0.00639,0.00426,99315.79,27.05,-0.0032099,
1468.409498,0.011192,0.057456,-0.098154,-9.79146,-9.792121,0.003195,-0.011715,0,99315.79,27.05,0.0254221,
1468.420602,0.011104,-0.064638,-0.177156,-9.820188,-9.821999,0,-0.00213,0.00213,99315.79,27.05,-0.0044559,
1468.431915,0.011313,-0.002394,-0.122094,-9.820188,-9.820947,0.005325,-0.01278,0.005325,99315.79,27.05,-0.0034039,
1468.443184,0.011269,0.028728,-0.160398,-9.813006,-9.814359,0.00213,-0.00426,0.00213,99318.61,27.05,0.0031841,
1468.454268,0.011084,-0.021546,-0.10773,-9.793854,-9.79447,-0.003195,-0.00213,0.003195,99318.61,27.05,0.0230731,
1468.465405,0.011137,-0.021546,-0.117306,-9.829764,-9.830488,0.00852,-0.00852,0.005325,99318.61,27.05,-0.0129449,
1468.476543,0.011138,-0.007182,-0.153216,-9.822582,-9.82378,0.003195,-0.00852,0.005325,99318.61,27.05,-0.0062369,
1468.487959,0.011417,-0.090972,-0.090972,-9.8154,-9.816243,-0.001065,-0.003195,0.00213,99318.61,27.05,0.0013001,
1468.499174,0.011215,-0.01197,-0.098154,-9.79146,-9.791959,0.005325,-0.00639,0.00426,99318.61,27.05,0.0255841,
1468.510314,0.01114,-0.019152,-0.098154,-9.793854,-9.794365,0.00639,-0.009585,0.00426,99321.3,27.05,0.0231781,
1468.52137,0.011056,-0.088578,-0.079002,-9.820188,-9.820905,0.001065,-0.003195,0.003195,99321.3,27.05,-0.0033619,
1468.532468,0.011098,0.019152,-0.08379,-9.80343,-9.803807,0.00639,-0.009585,0.003195,99321.3,27.05,0.0137361,
1468.543824,0.011356,-0.055062,-0.074214,-9.848916,-9.84935,0.003195,0,0,99321.3,27.05,-0.0318069,
1468.554914,0.011091,0.014364,-0.028728,-9.8154,-9.815453,0.00213,-0.00639,0.00213,99321.3,27.05,0.0020901,
1468.566073,0.011159,-0.074214,-0.07182,-9.829764,-9.830307,-0.001065,-0.00213,0.001065,99321.3,27.05,-0.0127639,
1468.577242,0.011169,-0.026334,-0.014364,-9.820188,-9.820234,0.009585,-0.007455,0,99324.23,27.05,-0.0026909,
1468.588489,0.011247,0.016758,-0.031122,-9.822582,-9.822646,-0.001065,-0.007455,-0.001065,99324.23,27.05,-0.0051029,
1468.599639,0.01115,-0.05985,-0.064638,-9.822582,-9.822977,0.003195,-0.001065,0.001065,99324.23,27.05,-0.0054339,
1468.610861,0.011222,0.031122,-0.026334,-9.8154,-9.815485,0.01065,-0.01278,0,99324.23,27.05,0.0020581,
1468.621998,0.011138,0.016758,-0.062244,-9.8154,-9.815612,0.00213,-0.003195,0,99324.23,27.05,0.0019311,
1468.634067,0.012069,0.019152,-0.021546,-9.801036,-9.801078,0,-0.007455,0,99324.23,27.05,0.0164651,
1468.644291,0.010224,0.009576,-0.062244,-9.834552,-9.834754,0.00852,-0.01065,-0.001065,99324.23,27.05,-0.0172109,
1468.655513,0.011222,-0.004788,-0.081396,-9.834552,-9.83489,0.005325,-0.003195,-0.001065,99324.23,27.05,-0.0173469,
1468.666724,0.011212,0.069426,-0.045486,-9.805824,-9.806175,0.00426,-0.007455,0.00213,99324.23,27.05,0.0113681,
1468.677915,0.011191,-0.007182,-0.064638,-9.813006,-9.813222,0.005325,-0.007455,0,99324.23,27.05,0.0043211,
1468.689393,0.011478,0.01197,-0.067032,-9.829764,-9.83,0.001065,-0.00852,-0.001065,99324.23,27.05,-0.0124569,
1468.700236,0.010843,0.016758,-0.100548,-9.834552,-9.83508,0.001065,-0.00213,0.00213,99326.92,27.05,-0.0175369,
1468.711628,0.011392,0.002394,-0.079002,-9.80343,-9.803749,0.003195,-0.005325,0,99326.92,27.05,0.0137941,
1468.722636,0.011008,0.01197,-0.074214,-9.801036,-9.801324,0.005325,-0.005325,0.001065,99326.92,27.05,0.0162191,
1468.733814,0.011178,0.033516,-0.067032,-9.805824,-9.80611,-0.001065,-0.009585,0.001065,99326.92,27.05,0.0114331,
1468.744943,0.011129,0.03591,-0.081396,-9.813006,-9.813409,0.001065,-0.003195,-0.001065,99326.92,27.05,0.0041341,
1468.756151,0.011208,0.026334,-0.062244,-9.824976,-9.825208,0.00639,-0.007455,0.003195,99326.92,27.05,-0.0076649,
1468.767927,0.011776,0.067032,-0.079002,-9.805824,-9.806371,0.003195,-0.00426,0.001065,99329.82,27.05,0.0111721,
1468.778965,0.011039,0.043092,-0.081396,-9.805824,-9.806257,0.001065,-0.00426,0.003195,99329.82,27.05,0.0112861,
1468.78994,0.010974,0.055062,-0.064638,-9.8154,-9.815767,0.005325,-0.00852,0.00426,99329.82,27.05,0.0017761,
1468.800966,0.011026,0.043092,-0.067032,-9.805824,-9.806148,0.003195,-0.007455,0.00213,99329.82,27.05,0.0113951,
1468.81207,0.011104,0.052668,-0.05985,-9.844128,-9.844451,0.00639,-0.00426,0.00426,99329.82,27.05,-0.0269079,
1468.82334,0.01127,0.026334,-0.09576,-9.832158,-9.83266,0.003195,-0.00426,0.005325,99329.82,27.05,-0.0151169,
1468.834517,0.011177,0.009576,-0.043092,-9.801036,-9.801135,0.005325,-0.009585,0.003195,99332.61,27.05,0.0164081,
1468.84573,0.011213,0.04788,-0.079002,-9.798642,-9.799077,0.00639,-0.007455,0.003195,99332.61,27.05,0.0184661,
1468.856837,0.011107,0.014364,-0.079002,-9.810612,-9.810941,0.00426,-0.007455,0.003195,99332.61,27.05,0.0066021,
1468.868112,0.011275,0.016758,-0.028728,-9.82737,-9.827426,0.005325,-0.00852,0.00426,99332.61,27.05,-0.0098829,
1468.879231,0.011119,0.019152,-0.045486,-9.777096,-9.777221,0.001065,-0.00426,0.003195,99332.61,27.05,0.0403221,
1468.890439,0.011208,0.01197,-0.031122,-9.829764,-9.829821,0.001065,-0.00426,0.00213,99335.38,27.05,-0.0122779,
1468.901545,0.011107,0.007182,-0.045486,-9.8154,-9.815508,0.005325,-0.00639,0.00426,99335.38,27.05,0.0020351,
1468.912729,0.011184,-0.014364,-0.026334,-9.808218,-9.808264,0.00213,-0.00426,0,99335.38,27.05,0.0092791,
1468.923924,0.011195,0.009576,-0.050274,-9.801036,-9.80117,0.003195,-0.005325,0.005325,99335.38,27.05,0.0163731,
1468.935262,0.011338,0.021546,-0.067032,-9.813006,-9.813259,0.00426,-0.00639,0.001065,99335.38,27.05,0.0042841,
1468.946058,0.010797,-0.002394,-0.067032,-9.810612,-9.810841,0.00426,-0.00639,0.001065,99335.38,27.05,0.0067021,
1468.956165,0.010107,-0.004788,-0.050274,-9.79146,-9.79159,0.001065,-0.00639,0,99335.38,27.05,0.0259531,
1468.966257,0.010092,0.033516,-0.057456,-9.793854,-9.79408,0.00426,-0.009585,0.00426,99335.38,27.05,0.0234631,
1468.976359,0.010102,-0.009576,-0.069426,-9.798642,-9.798893,0.00213,-0.00639,0.00213,99335.38,27.05,0.0186501,
1468.986445,0.010086,-0.019152,-0.045486,-9.805824,-9.805948,0.003195,-0.007455,0,99335.38,27.05,0.0115951,
1468.996537,0.010092,0.04788,-0.079002,-9.810612,-9.811047,0.003195,-0.007455,0.003195,99335.38,27.05,0.0064961,
1469.006638,0.010101,-0.002394,-0.088578,-9.810612,-9.811012,0.003195,-0.00213,0.00213,99335.38,27.05,0.0065311,
1469.016753,0.010115,0.021546,-0.076608,-9.824976,-9.825298,0.00426,-0.00852,0.003195,99335.38,27.05,-0.0077549,
1469.026851,0.010098,0.033516,-0.05985,-9.824976,-9.825215,-0.001065,-0.00426,0.00213,99338.21,27.05,-0.0076719,
1469.036953,0.010102,0.014364,-0.076608,-9.848916,-9.849224,0,-0.007455,0.00426,99338.21,27.05,-0.0316809,
1469.047051,0.010098,0.040698,-0.05985,-9.8154,-9.815667,0,-0.00639,-0.00213,99338.21,27.05,0.0018761,
1469.057189,0.010138,0.040698,-0.086184,-9.810612,-9.811075,0.00426,-0.007455,0.00213,99338.21,27.05,0.0064681,
1469.067291,0.010102,0.019152,-0.05985,-9.810612,-9.810813,0.001065,-0.00426,0.00213,99338.21,27.05,0.0067301,
1469.077413,0.010122,0.028728,-0.062244,-9.832158,-9.832397,0.00213,-0.00639,0.003195,99338.21,27.05,-0.0148539,
1469.087511,0.010098,0.01197,-0.093366,-9.846522,-9.846972,0.003195,-0.00639,0.00426,99340.73,27.05,-0.0294289,
1469.097656,0.010145,-0.004788,-0.064638,-9.834552,-9.834766,0.00213,-0.003195,0,99340.73,27.05,-0.0172229,
1469.107754,0.010097,0.007182,-0.13167,-9.858492,-9.859374,0.005325,-0.00852,0.00426,99340.73,27.05,-0.0418309,
1469.117844,0.010091,-0.004788,-0.100548,-9.856098,-9.856612,0.003195,-0.007455,0.003195,99340.73,27.05,-0.0390689,
1469.128262,0.010418,-0.040698,-0.126882,-9.841734,-9.842636,0.00426,-0.00639,0.00213,99340.73,27.05,-0.0250929,
1469.138356,0.010094,-0.03591,-0.10773,-9.844128,-9.844783,0.005325,-0.007455,0.00213,99340.73,27.05,-0.0272399,
1469.148698,0.010342,-0.007182,-0.088578,-9.836946,-9.837347,0.001065,-0.00426,0.001065,99343.63,27.05,-0.0198039,
1469.15879,0.010091,-0.08379,-0.105336,-9.860886,-9.861805,0.00639,-0.009585,0.003195,99343.63,27.05,-0.0442619,
1469.168913,0.010123,-0.079002,-0.114912,-9.83934,-9.840328,0.00426,-0.007455,0.001065,99343.63,27.05,-0.0227849,
1469.178993,0.01008,-0.050274,-0.102942,-9.805824,-9.806493,0.00213,-0.007455,0.001065,99343.63,27.05,0.0110501,
1469.189141,0.010148,-0.07182,-0.114912,-9.834552,-9.835486,0.005325,-0.005325,0.003195,99343.63,27.05,-0.0179429,
1469.199238,0.010097,-0.04788,-0.112518,-9.817794,-9.818555,0,-0.00426,0.003195,99343.63,27.05,-0.0010119,
1469.209407,0.010169,-0.045486,-0.1197,-9.810612,-9.811448,0.005325,-0.007455,0.001065,99343.63,27.05,0.0060951,
1469.219515,0.010108,-0.04788,-0.122094,-9.808218,-9.809095,0.00426,-0.00426,0.001065,99346.38,27.05,0.0084481,
1469.229697,0.010182,-0.045486,-0.122094,-9.8154,-9.816265,0.001065,-0.007455,0.001065,99346.38,27.05,0.0012781,
1469.239808,0.010111,-0.055062,-0.100548,-9.801036,-9.801706,0.00426,-0.00426,0.001065,99346.38,27.05,0.0158371,
1469.249899,0.010091,-0.016758,-0.088578,-9.769914,-9.77033,0.00426,-0.009585,-0.00213,99346.38,27.05,0.0472131,
1469.259993,0.010094,-0.033516,-0.090972,-9.786672,-9.787152,0,-0.005325,0.001065,99346.38,27.05,0.0303911,
1469.270095,0.010101,0,-0.062244,-9.810612,-9.810809,0.005325,-0.005325,0.00213,99346.38,27.05,0.0067341,
1469.280205,0.01011,0.002394,-0.069426,-9.8154,-9.815646,0.003195,-0.007455,0,99346.38,27.05,0.0018971,
1469.290308,0.010103,-0.009576,-0.074214,-9.796248,-9.796534,0.00213,-0.005325,0,99346.38,27.05,0.0210091,
1469.300398,0.01009,0.007182,-0.067032,-9.808218,-9.80845,0.001065,-0.00852,0.00213,99346.38,27.05,0.0090931,
1469.3105,0.010103,0.019152,-0.045486,-9.786672,-9.786796,0.003195,-0.005325,0.00213,99346.38,27.05,0.0307471,
1469.320612,0.010111,-0.01197,-0.067032,-9.793854,-9.794091,0,-0.005325,-0.001065,99346.38,27.05,0.0234521,
1469.330741,0.010129,0.026334,-0.033516,-9.820188,-9.820281,0.005325,-0.00426,0.00213,99346.38,27.05,-0.0027379,
1469.340908,0.010167,0.052668,-0.043092,-9.817794,-9.81803,0.00213,-0.005325,0.00213,99346.38,27.05,-0.0004869,
1469.351001,0.010094,0.028728,-0.067032,-9.810612,-9.810883,0.00426,-0.007455,0.00213,99349.09,27.05,0.0066601,
1469.361097,0.010096,0.028728,-0.057456,-9.810612,-9.810822,0.00213,-0.003195,0.00213,99349.09,27.05,0.0067211,
1469.37122,0.010123,0.038304,-0.038304,-9.79146,-9.79161,0.001065,-0.005325,0.003195,99349.09,27.05,0.0259331,
1469.381311,0.010091,0.052668,-0.045486,-9.8154,-9.815647,0.001065,-0.005325,0.00213,99349.09,27.05,0.0018961,
1469.391442,0.010131,0.045486,-0.019152,-9.817794,-9.817918,0.00426,-0.00639,0.001065,99349.09,27.05,-0.0003749,
1469.401534,0.010092,0.026334,-0.043092,-9.829764,-9.829894,0,-0.00639,0.00213,99349.09,27.05,-0.0123509,
1469.411626,0.010092,0.019152,-0.033516,-9.813006,-9.813082,0.003195,-0.00639,0.00213,99351.82,27.05,0.0044611,
1469.421715,0.010089,0.040698,-0.050274,-9.784278,-9.784492,0.003195,-0.007455,0.003195,99351.82,27.05,0.0330511,
1469.431819,0.010104,0.002394,-0.02394,-9.808218,-9.808248,-0.00213,-0.00639,0.00213,99351.82,27.05,0.0092951,
1469.441907,0.010088,0.01197,-0.033516,-9.834552,-9.834616,0.00213,-0.00639,0.00213,99351.82,27.05,-0.0170729,
1469.452014,0.010107,0.019152,-0.043092,-9.824976,-9.825089,0.001065,-0.00426,0,99351.82,27.05,-0.0075459,
1469.462116,0.010101,0.016758,-0.038304,-9.820188,-9.820277,0.003195,-0.00639,0.00426,99351.82,27.05,-0.0027339,
1469.47221,0.010095,0.016758,-0.04788,-9.8154,-9.815531,0.003195,-0.005325,0.003195,99351.82,27.05,0.0020121,
1469.482332,0.010121,0.033516,-0.043092,-9.834552,-9.834704,0.003195,-0.005325,0.005325,99354.49,27.05,-0.0171609,
1469.492416,0.010084,0.026334,-0.05985,-9.822582,-9.8228,0.005325,-0.003195,0.00426,99354.49,27.05,-0.0052569,
1469.502512,0.010096,0.021546,-0.064638,-9.82737,-9.827606,0.003195,-0.00852,0.003195,99354.49,27.05,-0.0100629,
1469.512607,0.010096,0.021546,-0.043092,-9.834552,-9.83467,0.001065,-0.005325,0.001065,99354.49,27.05,-0.0171269,
1469.522713,0.010106,0.043092,-0.086184,-9.82737,-9.827842,0,-0.00213,0.005325,99354.49,27.05,-0.0102989,
1469.532796,0.010082,-0.002394,-0.05985,-9.824976,-9.825159,0.001065,-0.005325,0.003195,99354.49,27.05,-0.0076159,
1469.542885,0.01009,0.009576,-0.069426,-9.813006,-9.813256,0.001065,-0.005325,0.001065,99357.2,27.05,0.0042871,
1469.552984,0.010098,0.019152,-0.069426,-9.820188,-9.820452,0.005325,-0.00852,0.003195,99357.2,27.05,-0.0029089,
1469.563074,0.01009,0.019152,-0.052668,-9.796248,-9.796408,0,-0.003195,0.00426,99357.2,27.05,0.0211351,
1469.573193,0.010119,0.028728,-0.081396,-9.813006,-9.813386,0.003195,-0.00426,0.003195,99357.2,27.05,0.0041571,
1469.583309,0.010116,0.03591,-0.067032,-9.820188,-9.820482,0.005325,-0.007455,0.003195,99357.2,27.05,-0.0029389,
1469.59344,0.010132,0.019152,-0.064638,-9.817794,-9.818025,0.00213,-0.003195,0.003195,99357.2,27.05,-0.0004819,
1469.603523,0.010083,0,-0.086184,-9.832158,-9.832536,0.00213,-0.00639,0.003195,99357.2,27.05,-0.0149929,
1469.613661,0.010138,0.002394,-0.069426,-9.820188,-9.820434,0.003195,-0.00639,0.00213,99359.81,27.05,-0.0028909,
1469.623749,0.010088,0.01197,-0.088578,-9.836946,-9.837352,0.005325,-0.005325,0.003195,99359.81,27.05,-0.0198089,
1469.633835,0.010086,0.004788,-0.081396,-9.836946,-9.837284,0.00639,-0.00852,0.003195,99359.81,27.05,-0.0197409,
1469.643979,0.010144,0.016758,-0.057456,-9.846522,-9.846704,0,-0.003195,0.003195,99359.81,27.05,-0.0291609,
1469.654068,0.010088,-0.004788,-0.09576,-9.832158,-9.832625,0.00639,-0.00639,0.00426,99359.81,27.05,-0.0150819,
1469.664172,0.010104,0.007182,-0.086184,-9.820188,-9.820569,0.001065,-0.003195,0.00213,99359.81,27.05,-0.0030259,
1469.674423,0.010251,-0.038304,-0.045486,-9.85131,-9.851489,0.003195,-0.007455,0.00213,99359.81,27.05,-0.0339459,
1469.684564,0.010142,-0.004788,-0.117306,-9.848916,-9.849616,0.00426,-0.00426,0.00426,99359.81,27.05,-0.0320729,
1469.694651,0.010086,-0.01197,-0.100548,-9.820188,-9.82071,0.00213,-0.005325,0.001065,99359.81,27.05,-0.0031669,
1469.70474,0.01009,-0.03591,-0.067032,-9.829764,-9.830058,0.00213,-0.005325,0.003195,99359.81,27.05,-0.0125149,
1469.714852,0.010112,-0.021546,-0.074214,-9.836946,-9.83725,0.005325,-0.00639,0.00426,99359.81,27.05,-0.0197069,
1469.724958,0.010105,0.002394,-0.08379,-9.810612,-9.81097,0.001065,-0.00426,0.00213,99359.81,27.05,0.0065731,
1469.735061,0.010103,-0.079002,-0.062244,-9.860886,-9.861399,0.00426,-0.00852,0.005325,99362.71,27.05,-0.0438559,
1469.745168,0.010107,-0.038304,-0.069426,-9.817794,-9.818114,0.003195,-0.007455,0,99362.71,27.05,-0.0005709,
1469.75526,0.010091,-0.05985,-0.079002,-9.813006,-9.813507,0.00426,-0.005325,0,99362.71,27.05,0.0040361,
1469.765366,0.010106,-0.045486,-0.093366,-9.82737,-9.827919,0.005325,-0.00852,-0.001065,99362.71,27.05,-0.0103759,
1469.775484,0.010118,-0.021546,-0.08379,-9.829764,-9.830145,0.00426,-0.009585,0.001065,99362.71,27.05,-0.0126019,
1469.785815,0.010331,-0.07182,-0.05985,-9.82737,-9.827815,0,-0.00213,-0.00213,99362.71,27.05,-0.0102719,
1469.795902,0.010088,-0.026334,-0.088578,-9.80343,-9.803866,0.003195,-0.01065,0,99362.71,27.05,0.0136771,
1469.806218,0.010316,-0.004788,-0.093366,-9.805824,-9.80627,0.003195,-0.005325,-0.001065,99365.67,27.05,0.0112731,
1469.816339,0.010121,-0.028728,-0.126882,-9.836946,-9.837806,0.00213,-0.00213,0,99365.67,27.05,-0.0202629,
1469.82642,0.010081,0.004788,-0.086184,-9.813006,-9.813386,0.00852,-0.009585,0.00213,99365.67,27.05,0.0041571,
1469.83651,0.01009,-0.002394,-0.10773,-9.810612,-9.811204,0.00213,-0.003195,0,99365.67,27.05,0.0063391,
1469.846635,0.010125,-0.019152,-0.08379,-9.820188,-9.820564,0.003195,-0.005325,0.001065,99365.67,27.05,-0.0030209,
1469.856723,0.010088,0.02394,-0.09576,-9.817794,-9.81829,0.003195,-0.00852,0.00213,99365.67,27.05,-0.0007469,
1469.866823,0.0101,-0.033516,-0.100548,-9.793854,-9.794427,0.003195,-0.003195,-0.001065,99368.67,27.05,0.0231161,
1469.876939,0.010116,0.01197,-0.105336,-9.810612,-9.811185,0.001065,-0.00426,0.003195,99368.67,27.05,0.0063581,
1469.887447,0.010507,0.016758,-0.090972,-9.796248,-9.796685,0.00426,-0.007455,0.003195,99368.67,27.05,0.0208581,
1469.897823,0.010377,-0.026334,-0.114912,-9.829764,-9.830471,-0.003195,-0.005325,0.00426,99368.67,27.05,-0.0129279,
1469.909038,0.011215,0.031122,-0.02394,-9.836946,-9.837024,0.00639,-0.009585,0.00213,99368.67,27.05,-0.0194809,
1469.919136,0.010098,0.05985,-0.08379,-9.813006,-9.813546,0.00852,-0.009585,0.001065,99368.67,27.05,0.0039971,
1469.929244,0.010108,-0.100548,-0.081396,-9.741186,-9.742045,-0.003195,-0.003195,0.001065,99371.49,27.05,0.0754981,
1469.939339,0.010095,-0.03591,-0.081396,-9.808218,-9.808621,0.00639,-0.007455,-0.00213,99371.49,27.05,0.0089221,
1469.949441,0.010103,0.028728,-0.055062,-9.844128,-9.844324,0.00213,-0.003195,0,99371.49,27.05,-0.0267809,
1469.95953,0.010088,0.040698,-0.033516,-9.813006,-9.813148,0.00213,-0.00639,0,99371.49,27.05,0.0043951,
1469.969708,0.010178,0.03591,-0.055062,-9.774702,-9.774923,0.005325,-0.009585,0.00213,99371.49,27.05,0.0426201,
1469.979826,0.010118,0.057456,-0.026334,-9.810612,-9.810816,0.001065,-0.005325,0,99371.49,27.05,0.0067271,
1469.990048,0.010223,0.040698,-0.069426,-9.824976,-9.825306,0.001065,-0.00426,0,99371.49,27.05,-0.0077629,
1470.00017,0.010121,0.05985,-0.062244,-9.8154,-9.81578,0.00426,-0.00639,0.003195,99374.37,27.05,0.0017631,
1470.01039,0.010221,0.074214,-0.050274,-9.8154,-9.815809,0.001065,-0.007455,0.001065,99374.37,27.05,0.0017341,
1470.020655,0.010265,-0.021546,-0.045486,-9.86328,-9.863408,0.00852,-0.011715,0.00213,99374.37,27.05,-0.0458649,
1470.030749,0.010093,0.064638,-0.05985,-9.808218,-9.808614,0.00213,-0.00852,0.00213,99374.37,27.05,0.0089291,
1470.040879,0.01013,0.076608,-0.03591,-9.80343,-9.803795,0.00213,-0.00852,0.003195,99374.37,27.05,0.0137481,
1470.05106,0.010181,-0.01197,-0.102942,-9.85131,-9.851855,0.00639,-0.009585,0.003195,99374.37,27.05,-0.0343119,
1470.061163,0.010103,0.004788,-0.033516,-9.834552,-9.83461,0.00213,-0.00426,0.00213,99374.37,27.05,-0.0170669,
1470.071251,0.010087,0.105336,-0.04788,-9.841734,-9.842414,0.00426,-0.01065,0.00426,99374.37,27.05,-0.0248709,
1470.081808,0.010558,-0.031122,-0.05985,-9.86328,-9.863511,0.00639,-0.003195,0.00426,99374.37,27.05,-0.0459679,
1470.09197,0.010162,0.064638,-0.090972,-9.848916,-9.849548,0.001065,-0.00852,0.001065,99374.37,27.05,-0.0320049,
1470.102053,0.010083,0.052668,-0.050274,-9.822582,-9.822852,0.00852,-0.007455,0.003195,99374.37,27.05,-0.0053089,
1470.112151,0.010098,0,-0.098154,-9.83934,-9.83983,0.001065,-0.007455,0.00426,99374.37,27.05,-0.0222869,
1470.12224,0.010089,0.05985,-0.026334,-9.85131,-9.851527,0.005325,-0.009585,-0.001065,99377.21,27.05,-0.0339839,
1470.132382,0.010142,0.02394,-0.062244,-9.846522,-9.846748,0.00639,-0.009585,0.003195,99377.21,27.05,-0.0292049,
1470.143118,0.010736,-0.019152,-0.04788,-9.846522,-9.846657,0.00426,-0.007455,0.00213,99377.21,27.05,-0.0291139,
1470.154346,0.011228,0.038304,-0.064638,-9.83934,-9.839627,0.005325,-0.007455,0.00213,99377.21,27.05,-0.0220839,
1470.165409,0.011063,0.028728,-0.05985,-9.810612,-9.810837,0.007455,-0.00639,0.00213,99377.21,27.05,0.0067061,
1470.176604,0.011195,-0.019152,-0.028728,-9.810612,-9.810673,0.007455,-0.00639,0,99377.21,27.05,0.0068701,
1470.187795,0.01119,-0.033516,-0.016758,-9.829764,-9.829835,0.001065,-0.00639,0.00213,99380.28,27.05,-0.0122919,
1470.199026,0.011231,-0.026334,-0.028728,-9.8154,-9.815477,0.007455,-0.007455,0,99380.28,27.05,0.0020661,
1470.210209,0.011184,0.007182,-0.05985,-9.805824,-9.806009,0.003195,-0.00426,-0.001065,99380.28,27.05,0.0115341,
1470.221354,0.011145,-0.002394,-0.014364,-9.79146,-9.791471,0.00426,-0.009585,0,99380.28,27.05,0.0260721,
1470.232589,0.011235,-0.062244,-0.031122,-9.798642,-9.798889,0.003195,-0.00426,-0.00426,99380.28,27.05,0.0186541,
1470.243697,0.011108,-0.007182,-0.045486,-9.781884,-9.781992,0.003195,-0.007455,0,99380.28,27.05,0.0355511,
1470.254963,0.011266,-0.01197,-0.033516,-9.793854,-9.793919,0.003195,-0.005325,-0.003195,99383.31,27.05,0.0236241,
1470.266113,0.01115,-0.026334,-0.045486,-9.796248,-9.796389,0.00213,-0.00639,-0.001065,99383.31,27.05,0.0211541,
1470.277262,0.011149,-0.002394,-0.052668,-9.79146,-9.791602,0.00426,-0.00639,-0.00213,99383.31,27.05,0.0259411,
1470.288515,0.011253,0.007182,-0.076608,-9.8154,-9.815702,0.00426,-0.00639,-0.003195,99383.31,27.05,0.0018411,
1470.299679,0.011165,0.009576,-0.05985,-9.784278,-9.784466,0.001065,-0.005325,0.001065,99383.31,27.05,0.0330771,
1470.310872,0.011192,0.026334,-0.057456,-9.824976,-9.825179,0.00213,-0.003195,0,99386.28,27.05,-0.0076359,
1470.322016,0.011145,0.05985,-0.081396,-9.784278,-9.7848,0.003195,-0.00852,-0.003195,99386.28,27.05,0.0327431,
1470.333166,0.01115,0.043092,-0.100548,-9.784278,-9.78489,-0.00213,-0.00426,0,99386.28,27.05,0.0326531,
1470.34443,0.011264,0.043092,-0.062244,-9.786672,-9.786965,0.003195,-0.00852,-0.001065,99386.28,27.05,0.0305781,
1470.355703,0.011273,0.057456,-0.100548,-9.805824,-9.806508,0,-0.003195,0.00213,99386.28,27.05,0.0110351,
1470.36682,0.011117,0.062244,-0.067032,-9.824976,-9.825402,0.00213,-0.00426,0.001065,99386.28,27.05,-0.0078589,
1470.377968,0.011148,0.057456,-0.134064,-9.822582,-9.823665,0.001065,-0.00639,0.001065,99386.28,27.05,-0.0061219,
1470.389186,0.011218,0.02394,-0.177156,-9.848916,-9.850538,0.00426,-0.00426,-0.001065,99386.28,27.05,-0.0329949,
1470.400322,0.011136,0.01197,-0.124488,-9.820188,-9.820984,0.003195,-0.00639,0.00213,99386.28,27.05,-0.0034409,
1470.411548,0.011225,0.01197,-0.141246,-9.8154,-9.816424,0,-0.003195,0.00213,99386.28,27.05,0.0011191,
1470.422719,0.011171,-0.021546,-0.160398,-9.832158,-9.83349,0.005325,-0.003195,0.003195,99386.28,27.05,-0.0159469,
1470.433895,0.011177,-0.033516,-0.14364,-9.810612,-9.811721,0.00213,-0.003195,0.00213,99389.24,27.05,0.0058221,
1470.445046,0.01115,-0.031122,-0.138852,-9.810612,-9.811644,0.005325,-0.003195,0.003195,99389.24,27.05,0.0058991,
1470.456292,0.011246,-0.102942,-0.08379,-9.808218,-9.809116,0,-0.005325,0.003195,99389.24,27.05,0.0084271,
1470.467461,0.011169,-0.055062,-0.138852,-9.829764,-9.830899,0.00213,-0.00213,0.005325,99389.24,27.05,-0.0133559,
1470.478647,0.011186,-0.081396,-0.105336,-9.829764,-9.830665,0.00426,-0.00426,0.003195,99389.24,27.05,-0.0131219,
1470.489799,0.011152,-0.150822,-0.079002,-9.860886,-9.862356,0.00213,-0.001065,0.00426,99389.24,27.05,-0.0448129,
1470.500965,0.011166,-0.090972,-0.117306,-9.860886,-9.862003,0.005325,-0.00426,0.005325,99392.03,27.05,-0.0444599,
1470.51214,0.011174,-0.052668,-0.114912,-9.86328,-9.86409,0.00852,-0.009585,0.005325,99392.03,27.05,-0.0465469,
1470.523387,0.011248,-0.138852,-0.062244,-9.868068,-9.869241,0.00426,-0.00426,0.003195,99392.03,27.05,-0.0516979,
1470.534586,0.011199,-0.09576,-0.05985,-9.85131,-9.851957,0.003195,-0.00852,0.00213,99392.03,27.05,-0.0344139,
1470.54577,0.011183,-0.129276,-0.050274,-9.87525,-9.876224,0.00639,-0.01065,0.003195,99392.03,27.05,-0.0586809,
1470.55689,0.01112,-0.050274,-0.04788,-9.853704,-9.853949,0.001065,-0.003195,0.00426,99392.03,27.05,-0.0364059,
1470.568167,0.011277,-0.038304,-0.045486,-9.834552,-9.834732,0.00213,-0.005325,0,99395.15,27.05,-0.0171889,
1470.579348,0.011181,-0.028728,-0.052668,-9.836946,-9.837129,0.007455,-0.01065,0.00213,99395.15,27.05,-0.0195859,
1470.589783,0.010435,-0.019152,-0.064638,-9.829764,-9.829995,0.00426,-0.007455,-0.001065,99395.15,27.05,-0.0124519,
1470.599894,0.010111,-0.04788,-0.050274,-9.822582,-9.822827,0.00426,-0.007455,0,99395.15,27.05,-0.0052839,
1470.610044,0.01015,0.007182,-0.064638,-9.801036,-9.801252,0.005325,-0.009585,0.00213,99395.15,27.05,0.0162911,
1470.620237,0.010193,0.004788,-0.105336,-9.76752,-9.768089,0.00426,-0.007455,0.00213,99395.15,27.05,0.0494541,
1470.630408,0.010171,0.028728,-0.079002,-9.79146,-9.791821,0.00426,-0.01065,0.001065,99398.13,27.05,0.0257221,
1470.640526,0.010117,0.07182,-0.057456,-9.801036,-9.801468,0.00426,-0.00852,0,99398.13,27.05,0.0160751,
1470.650657,0.010131,0.062244,-0.090972,-9.793854,-9.794474,0,-0.00426,-0.001065,99398.13,27.05,0.0230691,
1470.660753,0.010096,0.07182,-0.067032,-9.784278,-9.784771,0.005325,-0.009585,0.00213,99398.13,27.05,0.0327721,
1470.670842,0.010089,0.038304,-0.076608,-9.805824,-9.806198,0.00213,-0.00639,0,99398.13,27.05,0.0113451,
1470.680947,0.010105,0.019152,-0.069426,-9.817794,-9.818058,0.005325,-0.005325,0,99398.13,27.05,-0.0005149,
1470.691271,0.010324,0.064638,-0.05985,-9.805824,-9.80622,0.00852,-0.00639,0.001065,99398.13,27.05,0.0113231,
1470.701389,0.010118,0.045486,-0.088578,-9.801036,-9.801542,0,-0.007455,0.003195,99398.13,27.05,0.0160011,
1470.711511,0.010122,0.055062,-0.045486,-9.801036,-9.801296,0.00426,-0.00213,0,99398.13,27.05,0.0162471,
1470.721671,0.01016,0.086184,-0.069426,-9.820188,-9.820812,0.00426,-0.005325,0.00426,99398.13,27.05,-0.0032689,
1470.731761,0.01009,0.069426,-0.040698,-9.813006,-9.813336,0.00426,-0.005325,0.001065,99398.13,27.05,0.0042071,
1470.741893,0.010132,0.069426,-0.07182,-9.813006,-9.813514,0,-0.005325,0.003195,99398.13,27.05,0.0040291,
1470.751999,0.010106,0.086184,-0.004788,-9.834552,-9.834931,0.007455,-0.00852,0.00426,99401.21,27.05,-0.0173879,
1470.762093,0.010094,0.074214,-0.031122,-9.822582,-9.822912,-0.001065,-0.00426,0.003195,99401.21,27.05,-0.0053689,
1470.772188,0.010095,0.088578,0.002394,-9.8154,-9.8158,0.00639,-0.00426,0.005325,99401.21,27.05,0.0017431,
1470.782295,0.010107,0.04788,-0.019152,-9.801036,-9.801172,0.00213,-0.00639,0.00426,99401.21,27.05,0.0163711,
1470.79263,0.010335,0.01197,-0.026334,-9.85131,-9.851352,0.00426,-0.005325,0.00213,99401.21,27.05,-0.0338089,
1470.80273,0.0101,0.004788,-0.038304,-9.846522,-9.846598,0.00426,-0.009585,0.00426,99401.21,27.05,-0.0290549,
1470.812812,0.010082,0.028728,-0.009576,-9.832158,-9.832205,0.001065,-0.003195,0.00213,99401.21,27.05,-0.0146619,
1470.82291,0.010098,-0.002394,-0.043092,-9.820188,-9.820283,0.005325,-0.00852,0.00426,99404.23,27.05,-0.0027399,
1470.832997,0.010086,-0.033516,-0.028728,-9.836946,-9.837045,0.00213,-0.005325,0.00213,99404.23,27.05,-0.0195019,
1470.843102,0.010106,-0.004788,-0.031122,-9.80343,-9.803481,0.00213,-0.007455,0.001065,99404.23,27.05,0.0140621,
1470.853191,0.010088,-0.026334,-0.07182,-9.808218,-9.808516,0.00639,-0.00852,-0.001065,99404.23,27.05,0.0090271,
1470.863302,0.010111,-0.007182,-0.067032,-9.798642,-9.798874,0.003195,-0.00213,0.003195,99404.23,27.05,0.0186691,
1470.873391,0.010089,-0.007182,-0.038304,-9.796248,-9.796326,0.003195,-0.00639,0,99404.23,27.05,0.0212171,
1470.883493,0.010102,-0.045486,-0.050274,-9.8154,-9.815634,0.00426,-0.00639,-0.003195,99407.2,27.05,0.0019091,
1470.89364,0.010147,-0.02394,-0.090972,-9.813006,-9.813457,0.00213,-0.00426,0.00213,99407.2,27.05,0.0040861,
1470.904143,0.010503,-0.016758,-0.09576,-9.784278,-9.784761,0.003195,-0.00639,-0.001065,99407.2,27.05,0.0327821,
1470.914267,0.010124,-0.04788,-0.098154,-9.784278,-9.784887,0.00426,-0.005325,-0.00213,99407.2,27.05,0.0326561,
1470.924406,0.010139,-0.03591,-0.100548,-9.80343,-9.804011,-0.00213,-0.00426,-0.001065,99407.2,27.05,0.0135321,
1470.934489,0.010083,0.03591,-0.112518,-9.805824,-9.806535,0.001065,-0.007455,-0.001065,99407.2,27.05,0.0110081,
1470.944728,0.010239,-0.055062,-0.100548,-9.80343,-9.8041,0.003195,-0.00639,-0.001065,99410.16,27.05,0.0134431,
1470.954831,0.010104,-0.016758,-0.117306,-9.810612,-9.811328,0.001065,-0.00213,-0.001065,99410.16,27.05,0.0062151,
1470.964958,0.010126,0.028728,-0.124488,-9.784278,-9.785112,0.00426,-0.00852,-0.001065,99410.16,27.05,0.0324311,
1470.975043,0.010086,0.002394,-0.124488,-9.798642,-9.799433,0.003195,-0.00426,0.00213,99410.16,27.05,0.0181101,
1470.985149,0.010106,-0.002394,-0.105336,-9.813006,-9.813572,0.00213,-0.003195,0.001065,99410.16,27.05,0.0039711,
1470.995238,0.010089,0.019152,-0.124488,-9.834552,-9.835359,0.00426,-0.007455,0.001065,99410.16,27.05,-0.0178159,
1471.005391,0.010152,-0.014364,-0.122094,-9.832158,-9.832927,0.001065,-0.00213,0,99410.16,27.05,-0.0153839,
1471.015987,0.010596,0.019152,-0.10773,-9.824976,-9.825585,0.00426,-0.00639,0.00426,99410.16,27.05,-0.0080419,
1471.026094,0.010107,0.031122,-0.13167,-9.836946,-9.837876,0.003195,-0.00639,0.00213,99410.16,27.05,-0.0203329,
1471.036183,0.010089,-0.004788,-0.1197,-9.844128,-9.844857,0.003195,-0.00426,0.00639,99410.16,27.05,-0.0273139,
1471.04628,0.010096,0.03591,-0.114912,-9.841734,-9.84247,0.007455,-0.009585,0.005325,99410.16,27.05,-0.0249269,
1471.056365,0.010086,0.038304,-0.112518,-9.829764,-9.830483,0.003195,-0.005325,0.00426,99410.16,27.05,-0.0129399,
1471.066544,0.010179,-0.01197,-0.10773,-9.834552,-9.835149,0.003195,-0.00426,0.005325,99410.16,27.05,-0.0176059,
1471.083627,0.017083,0.026334,-0.09576,-9.8154,-9.815902,0.003195,-0.005325,0.005325,99413.24,27.05,0.0016411,
1471.093752,0.010125,0.033516,-0.08379,-9.808218,-9.808633,0.00639,-0.00852,0.005325,99413.24,27.05,0.0089101,
1471.103839,0.010088,0.016758,-0.069426,-9.824976,-9.825236,0.003195,-0.007455,0.005325,99413.24,27.05,-0.0076929,
1471.114042,0.010203,-0.009576,-0.04788,-9.822582,-9.822703,0.00213,-0.003195,0.005325,99413.24,27.05,-0.0051599,
1471.12415,0.010107,-0.016758,-0.04788,-9.810612,-9.810743,0.005325,-0.007455,0.00426,99413.24,27.05,0.0068001,
1471.134243,0.010094,-0.009576,-0.045486,-9.786672,-9.786782,0.00213,-0.005325,0.003195,99416.31,27.05,0.0307611,
1471.144498,0.010255,-0.033516,-0.038304,-9.813006,-9.813138,0.00213,-0.00213,0.00213,99416.31,27.05,0.0044051,
1471.154586,0.010088,-0.021546,-0.019152,-9.798642,-9.798684,0.005325,-0.00852,0.00426,99416.31,27.05,0.0188591,
1471.164786,0.0102,-0.045486,-0.055062,-9.813006,-9.813266,-0.001065,-0.001065,0.003195,99416.31,27.05,0.0042771,
1471.174885,0.010098,-0.009576,-0.045486,-9.8154,-9.81551,0.003195,-0.00852,0.005325,99416.31,27.05,0.0020331,
1471.184985,0.010101,-0.031122,-0.033516,-9.80343,-9.803537,0.001065,-0.005325,0.00213,99416.31,27.05,0.0140061,
1471.195343,0.010358,-0.014364,-0.043092,-9.813006,-9.813111,0.001065,-0.00213,0.001065,99419.45,27.05,0.0044321,
1471.205447,0.010103,0.019152,-0.052668,-9.789066,-9.789226,0.00639,-0.00426,0.00213,99419.45,27.05,0.0283171,
1471.215558,0.010111,-0.026334,-0.057456,-9.80343,-9.803634,0.003195,-0.00426,0.00213,99419.45,27.05,0.0139091,
1471.22567,0.010112,0.040698,-0.07182,-9.80343,-9.803778,0.001065,-0.00426,0,99419.45,27.05,0.0137651,
1471.235768,0.010098,0.016758,-0.038304,-9.817794,-9.817883,0.00639,-0.007455,0.001065,99419.45,27.05,-0.0003399,
1471.245865,0.010096,-0.002394,-0.105336,-9.824976,-9.825541,-0.003195,-0.00639,0.001065,99419.45,27.05,-0.0079979,
1471.255961,0.010096,0.045486,-0.07182,-9.801036,-9.801405,0.009585,-0.003195,-0.001065,99419.45,27.05,0.0161381,
1471.266056,0.010095,0.055062,-0.079002,-9.810612,-9.811085,0.00213,-0.005325,0.003195,99422.27,27.04,0.0064581,
1471.276267,0.010212,0.002394,-0.062244,-9.83934,-9.839537,0.00213,-0.005325,0.00426,99422.27,27.04,-0.0219939,
1471.286362,0.010095,0.088578,-0.110124,-9.813006,-9.814024,0.005325,-0.005325,-0.001065,99422.27,27.04,0.0035191,
1471.296464,0.010101,0.038304,-0.076608,-9.824976,-9.825349,0.005325,-0.00852,0.001065,99422.27,27.04,-0.0078059,
1471.306552,0.010089,0.04788,-0.110124,-9.801036,-9.801772,0.00213,-0.00639,0.00213,99422.27,27.04,0.0157711,
1471.316649,0.010096,0.081396,-0.10773,-9.858492,-9.859417,0.005325,-0.007455,0.00426,99422.27,27.04,-0.0418739,
1471.326733,0.010084,0.064638,-0.110124,-9.808218,-9.809049,0.00426,-0.00639,0,99422.27,27.04,0.0084941,
1471.336844,0.010111,0.067032,-0.102942,-9.79146,-9.792231,0.00213,-0.007455,0.005325,99422.27,27.04,0.0253121,
1471.346927,0.010082,0.028728,-0.08379,-9.798642,-9.799042,0.00426,-0.00639,0.001065,99422.27,27.04,0.0185011,
1471.35704,0.010114,0.028728,-0.079002,-9.832158,-9.832517,0.001065,-0.00639,0.00213,99422.27,27.04,-0.0149739,
1471.367164,0.010123,0.007182,-0.093366,-9.848916,-9.849361,0,-0.003195,0.003195,99422.27,27.04,-0.0318179,
1471.37743,0.010267,0.031122,-0.064638,-9.8154,-9.815662,0.00426,-0.005325,0,99422.27,27.04,0.0018811,
1471.387556,0.010126,0.014364,-0.064638,-9.822582,-9.822805,0.003195,-0.00213,0.00213,99425.3,27.04,-0.0052619,
1471.397678,0.010122,0.019152,-0.067032,-9.82737,-9.827617,0.00426,-0.00426,0.003195,99425.3,27.04,-0.0100739,
1471.4079,0.010222,-0.026334,-0.07182,-9.844128,-9.844425,0.00426,-0.00639,0.00213,99425.3,27.04,-0.0268819,
1471.418007,0.010107,-0.038304,-0.057456,-9.829764,-9.830007,0.00213,-0.00213,0.003195,99425.3,27.04,-0.0124639,
1471.428117,0.010111,-0.043092,-0.074214,-9.820188,-9.820563,0.00639,-0.001065,0.001065,99425.3,27.04,-0.0030199,
1471.438201,0.010084,-0.03591,-0.07182,-9.813006,-9.813335,0.00639,-0.00639,0.00213,99425.3,27.04,0.0042081,
1471.448363,0.010162,-0.08379,-0.052668,-9.860886,-9.861383,0.001065,0.00213,0.001065,99428.27,27.04,-0.0438399,
1471.458451,0.010088,-0.079002,-0.062244,-9.829764,-9.830279,0.003195,-0.001065,0.00213,99428.27,27.04,-0.0127359,
1471.468562,0.010111,-0.062244,-0.057456,-9.817794,-9.818159,0.003195,-0.003195,0.00213,99428.27,27.04,-0.0006159,
1471.478659,0.010097,-0.09576,-0.05985,-9.83934,-9.839988,0.00639,-0.003195,0.003195,99428.27,27.04,-0.0224449,
1471.488781,0.010122,-0.05985,-0.064638,-9.832158,-9.832553,0.001065,-0.00639,0.00213,99428.27,27.04,-0.0150099,
1471.498887,0.010106,-0.07182,-0.052668,-9.808218,-9.808622,0.00426,-0.005325,0.003195,99428.27,27.04,0.0089211,
1471.509031,0.010143,-0.076608,-0.057456,-9.810612,-9.811079,0.00426,-0.00639,0.00213,99428.27,27.04,0.0064641,
1471.519799,0.010768,-0.086184,-0.03591,-9.8154,-9.815844,0.003195,-0.007455,0.00426,99431.1,27.04,0.0016991,
1471.529898,0.010099,-0.05985,-0.081396,-9.82737,-9.827889,0,-0.007455,0.00213,99431.1,27.04,-0.0103459,
1471.539981,0.010083,-0.07182,-0.052668,-9.8154,-9.815804,0.005325,-0.007455,0.003195,99431.1,27.04,0.0017391,
1471.55011,0.01013,-0.064638,-0.081396,-9.822582,-9.823132,0.001065,-0.007455,0.003195,99431.1,27.04,-0.0055889,
1471.560219,0.010109,-0.079002,-0.079002,-9.805824,-9.80646,0.00213,-0.005325,0.003195,99431.1,27.04,0.0110831,
1471.57031,0.01009,0.014364,-0.055062,-9.8154,-9.815565,0.005325,-0.01278,0.001065,99431.1,27.04,0.0019781,
1471.580453,0.010143,-0.07182,-0.050274,-9.83934,-9.839731,0.00426,-0.007455,0.003195,99434.11,27.04,-0.0221879,
1471.590551,0.010099,-0.146034,-0.069426,-9.83934,-9.840669,0.005325,-0.00639,0.001065,99434.11,27.04,-0.0231259,
1471.600647,0.010096,-0.031122,-0.076608,-9.777096,-9.777446,0,-0.009585,0.001065,99434.11,27.04,0.0400971,
1471.610745,0.010098,-0.105336,-0.040698,-9.832158,-9.832806,0.005325,-0.00639,0,99434.11,27.04,-0.0152629,
1471.620979,0.010234,0.02394,-0.10773,-9.901584,-9.902199,0.00426,-0.00852,0,99434.11,27.04,-0.0846559,
1471.631068,0.010089,0.076608,-0.074214,-9.829764,-9.830343,0.007455,-0.011715,0.001065,99434.11,27.04,-0.0127999,
1471.641823,0.010755,-0.02394,-0.114912,-9.820188,-9.820889,0.003195,-0.00639,-0.001065,99434.11,27.04,-0.0033459,
1471.652959,0.011136,0.01197,-0.117306,-9.820188,-9.820896,0.00639,-0.00426,0,99434.11,27.04,-0.0033529,
1471.66415,0.011191,0.045486,-0.10773,-9.813006,-9.813703,0.001065,-0.009585,0,99434.11,27.04,0.0038401,
1471.675401,0.011251,0.057456,-0.088578,-9.86328,-9.863845,0.003195,-0.007455,0.001065,99434.11,27.04,-0.0463019,
1471.686607,0.011206,0.08379,-0.14364,-9.83934,-9.840745,0.00639,-0.009585,0,99434.11,27.04,-0.0232019,
1471.697809,0.011202,0.016758,-0.114912,-9.805824,-9.806512,0.00213,-0.007455,0.003195,99434.11,27.04,0.0110311,
1471.709319,0.01151,0.086184,-0.062244,-9.801036,-9.801613,0.00213,-0.005325,0,99437.11,27.04,0.0159301,
1471.72007,0.010751,0.07182,-0.09576,-9.844128,-9.844856,0.001065,-0.00852,0.00213,99437.11,27.04,-0.0273129,
1471.731316,0.011246,0.043092,-0.090972,-9.824976,-9.825492,0.007455,-0.00639,0.00213,99437.11,27.04,-0.0079489,
1471.742484,0.011168,0.093366,-0.069426,-9.798642,-9.799333,0.005325,-0.009585,0.003195,99437.11,27.04,0.0182101,
1471.753722,0.011238,0.021546,-0.090972,-9.834552,-9.834996,0.003195,-0.00639,0.00426,99437.11,27.04,-0.0174529,
1471.764903,0.011182,0.076608,-0.043092,-9.798642,-9.799036,0.003195,-0.009585,0.00426,99437.11,27.04,0.0185071,
1471.776063,0.01116,0.040698,-0.074214,-9.8154,-9.815765,0.003195,-0.00426,0.003195,99439.94,27.04,0.0017781,
1471.787344,0.01128,0.040698,-0.102942,-9.813006,-9.81363,0.00426,-0.007455,0.005325,99439.94,27.04,0.0039131,
1471.798432,0.011088,0.031122,-0.05985,-9.813006,-9.813238,0.003195,-0.00639,0.00639,99439.94,27.04,0.0043051,
1471.809729,0.011297,0.026334,-0.067032,-9.810612,-9.810876,0.003195,-0.00852,0.003195,99439.94,27.04,0.0066671,
1471.820748,0.011019,-0.014364,-0.086184,-9.824976,-9.825364,0.001065,-0.005325,0.00426,99439.94,27.04,-0.0078209,
1471.832472,0.011725,-0.004788,-0.033516,-9.829764,-9.829822,0.00213,-0.00639,0.00426,99439.94,27.04,-0.0122789,
1471.843253,0.01078,-0.057456,-0.01197,-9.83934,-9.839515,0.00426,-0.007455,0.001065,99442.78,27.04,-0.0219719,
1471.854397,0.011145,-0.026334,-0.050274,-9.832158,-9.832322,0.00213,-0.003195,0.001065,99442.78,27.04,-0.0147789,
1471.865616,0.011219,0,-0.004788,-9.80343,-9.803431,0.00213,-0.00639,0.00213,99442.78,27.04,0.0141121,
1471.876714,0.011097,-0.038304,-0.016758,-9.817794,-9.817883,0.003195,-0.00639,-0.003195,99442.78,27.04,-0.0003399,
1471.887914,0.0112,-0.05985,-0.021546,-9.824976,-9.825182,0.003195,-0.00639,-0.001065,99442.78,27.04,-0.0076389,
1471.899254,0.01134,0.01197,-0.050274,-9.834552,-9.834688,0.003195,-0.009585,-0.001065,99445.65,27.04,-0.0171449,
1471.910309,0.011055,-0.033516,-0.004788,-9.810612,-9.81067,0.003195,-0.00639,0,99445.65,27.04,0.0068731,
1471.921442,0.011133,-0.033516,-0.019152,-9.810612,-9.810688,0.003195,-0.00426,-0.003195,99445.65,27.04,0.0068551,
1471.93269,0.011248,0.043092,-0.031122,-9.798642,-9.798786,0.003195,-0.01065,-0.001065,99445.65,27.04,0.0187571,
1471.943792,0.011102,-0.016758,-0.038304,-9.798642,-9.798731,0.005325,-0.001065,-0.00213,99445.65,27.04,0.0188121,
1471.955299,0.011507,0.02394,-0.014364,-9.789066,-9.789106,0.005325,-0.00639,0,99445.65,27.04,0.0284371,
1471.966292,0.010993,0.040698,-0.050274,-9.824976,-9.825189,0.005325,-0.00639,-0.001065,99445.65,27.04,-0.0076459,
1471.977321,0.011029,0.014364,-0.076608,-9.824976,-9.825285,0.005325,-0.00426,-0.00213,99445.65,27.04,-0.0077419,
1471.989198,0.011877,0.009576,-0.03591,-9.784278,-9.784349,0.005325,-0.007455,0,99445.65,27.04,0.0331941,
1471.99971,0.010512,0.038304,-0.090972,-9.805824,-9.806321,0.003195,-0.00639,0.001065,99445.65,27.04,0.0112221,
1472.011031,0.011322,0.07182,-0.093366,-9.796248,-9.796956,0.00213,-0.00639,0.001065,99445.65,27.04,0.0205871,
1472.022127,0.011096,0.050274,-0.086184,-9.8154,-9.815907,0.00426,-0.00213,-0.00213,99445.65,27.04,0.0016361,
1472.0333,0.011173,0.08379,-0.100548,-9.801036,-9.80191,0.007455,-0.007455,0.00213,99448.5,27.04,0.0156331,
1472.044494,0.011194,0.040698,-0.112518,-9.808218,-9.808948,0,-0.00426,0.001065,99448.5,27.04,0.0085951,
1472.055711,0.011217,0.026334,-0.090972,-9.808218,-9.808675,0.00426,-0.007455,0.003195,99448.5,27.04,0.0088681,
1472.066846,0.011136,0.062244,-0.081396,-9.822582,-9.823116,0.00213,-0.005325,0.003195,99448.5,27.04,-0.0055729,
1472.078077,0.01123,0.038304,-0.088578,-9.820188,-9.820662,0.00213,-0.00426,0.00426,99448.5,27.04,-0.0031189,
1472.089996,0.01192,0.05985,-0.079002,-9.817794,-9.818294,0.005325,-0.007455,0.005325,99448.5,27.04,-0.0007509,
1472.100366,0.01037,-0.028728,-0.122094,-9.844128,-9.844927,0.001065,-0.005325,0.00426,99451.42,27.04,-0.0273839,
1472.111714,0.011348,-0.026334,-0.098154,-9.817794,-9.81832,0,-0.00426,0.003195,99451.42,27.04,-0.0007769,
1472.122789,0.011075,0.02394,-0.13167,-9.836946,-9.837856,0,-0.00639,0.00213,99451.42,27.04,-0.0203129,
1472.133946,0.011157,-0.040698,-0.08379,-9.846522,-9.846963,0.005325,-0.00426,0.00426,99451.42,27.04,-0.0294199,
1472.145175,0.011229,-0.01197,-0.114912,-9.870462,-9.871138,0.001065,-0.00639,0.003195,99451.42,27.04,-0.0535949,
1472.1563,0.011126,-0.03591,-0.09576,-9.848916,-9.849447,0.00426,-0.00213,0.00426,99454.14,27.04,-0.0319039,
1472.167534,0.011234,-0.08379,-0.09576,-9.841734,-9.842557,0.00213,-0.00639,0.00213,99454.14,27.04,-0.0250139,
1472.178691,0.011157,-0.079002,-0.076608,-9.882432,-9.883045,0.00426,-0.005325,0.001065,99454.14,27.04,-0.0655019,
1472.189893,0.011202,-0.055062,-0.081396,-9.820188,-9.82068,0.00426,-0.00639,0.003195,99454.14,27.04,-0.0031369,
1472.20104,0.011147,-0.081396,-0.100548,-9.844128,-9.844978,0.00426,-0.005325,0.00639,99454.14,27.04,-0.0274349,
1472.212295,0.011255,-0.043092,-0.055062,-9.824976,-9.825225,0.009585,-0.007455,0.00213,99454.14,27.04,-0.0076819,
1472.223508,0.011214,-0.028728,-0.07182,-9.8154,-9.815705,0.00213,-0.00426,0.001065,99456.96,27.04,0.0018381,
1472.233756,0.010248,-0.057456,-0.05985,-9.808218,-9.808569,0.003195,-0.005325,0.00213,99456.96,27.04,0.0089741,
1472.243849,0.010092,-0.014364,-0.062244,-9.796248,-9.796456,0.005325,-0.00852,0,99456.96,27.04,0.0210871,
1472.253937,0.010088,-0.009576,-0.050274,-9.80343,-9.803564,0.003195,-0.00213,0.001065,99456.96,27.04,0.0139791,
1472.264023,0.010086,-0.021546,-0.055062,-9.789066,-9.789245,0.00426,-0.007455,-0.001065,99456.96,27.04,0.0282981,
1472.274131,0.010108,-0.007182,-0.019152,-9.77949,-9.779511,0.00213,-0.00426,-0.00213,99456.96,27.04,0.0380321,
1472.284237,0.010106,0.03591,-0.062244,-9.757944,-9.758209,0.00213,-0.00852,0.001065,99459.67,27.04,0.0593341,
1472.294517,0.01028,-0.038304,-0.038304,-9.781884,-9.782034,0.00213,-0.001065,0,99459.67,27.04,0.0355091,
1472.304608,0.010091,0.05985,-0.04788,-9.789066,-9.789366,0.001065,-0.009585,0,99459.67,27.04,0.0281771,
1472.314727,0.010119,0.031122,-0.05985,-9.774702,-9.774935,0.005325,-0.00426,0,99459.67,27.04,0.0426081,
1472.324813,0.010086,0.021546,-0.098154,-9.801036,-9.801551,0.00213,-0.003195,0,99459.67,27.04,0.0159921,
1472.334932,0.010119,0.076608,-0.033516,-9.79146,-9.791817,0.005325,-0.007455,0.001065,99459.67,27.04,0.0257261,
1472.345017,0.010085,0.019152,-0.062244,-9.796248,-9.796464,0.00426,-0.001065,0.00213,99459.67,27.04,0.0210791,
1472.355112,0.010095,0.026334,-0.090972,-9.810612,-9.811069,0.00213,-0.005325,0.00213,99459.67,27.04,0.0064741,
1472.365286,0.010174,0.074214,-0.04788,-9.834552,-9.834949,0.00426,-0.00639,0.001065,99459.67,27.04,-0.0174059,
1472.375383,0.010097,0.03591,-0.086184,-9.836946,-9.837389,0.003195,-0.00213,0.00213,99459.67,27.04,-0.0198459,
1472.385479,0.010097,0.04788,-0.07182,-9.83934,-9.839719,0.00426,-0.009585,0.00426,99459.67,27.04,-0.0221759,
1472.395582,0.010102,0.057456,-0.086184,-9.841734,-9.842279,0.00426,-0.00639,0.003195,99459.67,27.04,-0.0247359,
1472.405813,0.010231,-0.002394,-0.074214,-9.824976,-9.825257,0.00426,-0.003195,0.00639,99459.67,27.04,-0.0077139,
1472.415954,0.010141,0.057456,-0.086184,-9.860886,-9.86143,0.003195,-0.009585,0,99462.53,27.04,-0.0438869,
1472.426039,0.010085,0.055062,-0.081396,-9.848916,-9.849406,0.001065,-0.00213,0.00213,99462.53,27.04,-0.0318629,
1472.436166,0.010127,0.028728,-0.079002,-9.836946,-9.837305,0.00426,-0.009585,0.003195,99462.53,27.04,-0.0197619,
1472.44626,0.010094,0.064638,-0.069426,-9.848916,-9.849373,0.005325,-0.00639,0.00426,99462.53,27.04,-0.0318299,
1472.456308,0.010048,-0.007182,-0.050274,-9.810612,-9.810743,0.00213,-0.00426,0.003195,99462.53,27.04,0.0068001,
1472.466402,0.010094,0,-0.088578,-9.820188,-9.820587,0.005325,-0.007455,0.00426,99462.53,27.04,-0.0030439,
1472.476529,0.010128,0.062244,-0.055062,-9.834552,-9.834903,0.001065,-0.005325,0.00426,99462.53,27.04,-0.0173599,
1472.486677,0.010148,0.007182,-0.069426,-9.841734,-9.841981,0.007455,-0.00426,0.003195,99465.34,27.04,-0.0244379,
1472.496759,0.010081,-0.028728,-0.057456,-9.786672,-9.786883,0.001065,-0.005325,0,99465.34,27.04,0.0306601,
1472.506981,0.010222,-0.02394,-0.067032,-9.798642,-9.798901,0.001065,-0.003195,0.001065,99465.34,27.04,0.0186421,
1472.517085,0.010105,-0.045486,-0.045486,-9.789066,-9.789277,0.005325,-0.005325,0.00213,99465.34,27.04,0.0282661,
1472.527226,0.01014,-0.002394,-0.028728,-9.808218,-9.80826,-0.00213,-0.00426,0,99465.34,27.04,0.0092831,
1472.537319,0.010093,-0.050274,-0.021546,-9.793854,-9.794007,0.00639,-0.00852,0.00213,99465.34,27.04,0.0235361,
1472.547421,0.010102,-0.03591,-0.069426,-9.8154,-9.815711,0,-0.001065,0.001065,99468.16,27.04,0.0018321,
1472.557516,0.010095,0.007182,-0.028728,-9.79146,-9.791505,-0.001065,-0.007455,0,99468.16,27.04,0.0260381,
1472.567751,0.010235,-0.069426,-0.043092,-9.774702,-9.775044,0.005325,-0.005325,-0.003195,99468.16,27.04,0.0424991,
1472.577837,0.010087,0.007182,-0.064638,-9.76752,-9.767737,-0.001065,-0.003195,-0.003195,99468.16,27.04,0.0498061,
1472.587933,0.010095,0.043092,-0.086184,-9.798642,-9.799116,0.00426,-0.00639,-0.001065,99468.16,27.04,0.0184271,
1472.598031,0.010098,-0.02394,-0.069426,-9.810612,-9.810887,0.001065,-0.00639,0.001065,99468.16,27.04,0.0066561,
1472.608132,0.010101,0.043092,-0.090972,-9.805824,-9.806341,0.003195,-0.00426,-0.001065,99470.85,27.04,0.0112021,
1472.618217,0.010085,0.026334,-0.088578,-9.80343,-9.803866,0.00426,-0.007455,0,99470.85,27.04,0.0136771,
1472.62841,0.010192,-0.002394,-0.10773,-9.805824,-9.806416,0.00213,-0.00639,0.001065,99470.85,27.04,0.0111271,
1472.63851,0.0101,0.019152,-0.08379,-9.786672,-9.787049,0.00639,-0.00639,-0.00213,99470.85,27.04,0.0304941,
1472.648841,0.010332,0.045486,-0.09576,-9.808218,-9.808791,0.003195,-0.007455,0.00213,99470.85,27.04,0.0087521,
1472.658939,0.010098,0.004788,-0.102942,-9.810612,-9.811153,0.00426,-0.00639,0.001065,99470.85,27.04,0.0063901,
1472.669055,0.010116,0.040698,-0.124488,-9.8154,-9.816274,0.001065,-0.00426,0,99470.85,27.04,0.0012691,
1472.67915,0.010095,0.067032,-0.090972,-9.82737,-9.82802,0.003195,-0.00852,0.001065,99470.85,27.04,-0.0104769,
1472.689259,0.010109,0.02394,-0.10773,-9.808218,-9.808839,0.00213,-0.00426,-0.001065,99470.85,27.04,0.0087041,
1472.699343,0.010084,0.021546,-0.117306,-9.824976,-9.8257,0.00213,-0.00213,0.003195,99470.85,27.04,-0.0081569,
1472.70943,0.010087,0.069426,-0.112518,-9.832158,-9.833047,0.00426,-0.00852,0.003195,99470.85,27.04,-0.0155039,
1472.719563,0.010133,0.007182,-0.114912,-9.813006,-9.813681,0.00213,-0.00426,0.003195,99470.85,27.04,0.0038621,
1472.729671,0.010107,0.019152,-0.088578,-9.836946,-9.837363,0.003195,-0.005325,0.00213,99470.85,27.04,-0.0198199,
1472.739765,0.010094,0.057456,-0.079002,-9.841734,-9.842219,0.003195,-0.005325,0.003195,99473.73,27.04,-0.0246759,
1472.749871,0.010106,0.009576,-0.09576,-9.829764,-9.830235,0,-0.00213,0.003195,99473.73,27.04,-0.0126919,
1472.759963,0.010092,-0.026334,-0.079002,-9.834552,-9.834905,0.00426,-0.005325,0.00213,99473.73,27.04,-0.0173619,
1472.7701,0.010137,0.021546,-0.050274,-9.822582,-9.822734,0.00426,-0.00639,0.00639,99473.73,27.04,-0.0051909,
1472.780209,0.010109,-0.002394,-0.076608,-9.85131,-9.851608,0.00213,-0.00213,0.003195,99473.73,27.04,-0.0340649,
1472.790296,0.010087,-0.004788,-0.07182,-9.85131,-9.851573,0.00426,-0.005325,0.003195,99473.73,27.04,-0.0340299,
1472.800387,0.01009,0.01197,-0.040698,-9.85131,-9.851401,0,-0.00213,0.003195,99473.73,27.04,-0.0338579,
1472.810476,0.010089,-0.014364,-0.026334,-9.848916,-9.848962,0.00426,-0.00852,0.003195,99476.41,27.04,-0.0314189,
1472.820578,0.010102,-0.043092,-0.069426,-9.83934,-9.839679,0.00213,-0.003195,0.00213,99476.41,27.04,-0.0221359,
1472.830701,0.010123,-0.02394,-0.014364,-9.82737,-9.82741,0.00426,-0.005325,0.001065,99476.41,27.04,-0.0098669,
1472.840804,0.010103,-0.04788,-0.021546,-9.836946,-9.837086,0.00426,-0.005325,0.001065,99476.41,27.04,-0.0195429,
1472.850944,0.01014,-0.028728,0.004788,-9.834552,-9.834595,0.00213,-0.009585,0.00213,99476.41,27.04,-0.0170519,
1472.861104,0.01016,-0.007182,-0.043092,-9.834552,-9.834649,0.00213,-0.00639,0.001065,99476.41,27.04,-0.0171059,
1472.871727,0.010623,-0.064638,-0.045486,-9.793854,-9.794173,0.005325,-0.00639,0,99479.13,27.04,0.0233701,
1472.881822,0.010094,-0.009576,-0.062244,-9.80343,-9.803632,0.007455,-0.00852,0.00213,99479.13,27.04,0.0139111,
1472.891919,0.010097,-0.019152,-0.043092,-9.820188,-9.820301,0.003195,-0.00639,0,99479.13,27.04,-0.0027579,
1472.902702,0.010782,0.009576,-0.040698,-9.801036,-9.801125,0.00426,-0.00852,0,99479.13,27.04,0.0164181,
1472.912812,0.01011,0.028728,-0.028728,-9.798642,-9.798726,0.00213,-0.00639,-0.00213,99479.13,27.04,0.0188171,
1472.922902,0.01009,0,-0.043092,-9.79146,-9.791555,0.003195,-0.003195,0,99479.13,27.04,0.0259881,
1472.933218,0.010316,0.038304,-0.069426,-9.801036,-9.801357,0.005325,-0.007455,0.00213,99481.95,27.04,0.0161861,
1472.943301,0.010083,0.014364,-0.057456,-9.781884,-9.782063,0.003195,-0.00852,0.00213,99481.95,27.04,0.0354801,
1472.953419,0.010118,0.028728,-0.098154,-9.796248,-9.796782,0.003195,-0.005325,0,99481.95,27.04,0.0207611,
1472.963532,0.010112,0.021546,-0.033516,-9.79146,-9.791541,0.00426,-0.00852,0.00213,99481.95,27.04,0.0260021,
1472.973666,0.010134,0.04788,-0.10773,-9.801036,-9.801745,0.00213,-0.00426,0.001065,99481.95,27.04,0.0157981,
1472.984956,0.01129,0.026334,-0.093366,-9.808218,-9.808698,0.005325,-0.003195,0.00426,99481.95,27.04,0.0088451,
1472.996182,0.011226,0.064638,-0.105336,-9.8154,-9.816178,0.001065,-0.007455,0.003195,99484.83,27.04,0.0013651,
1473.006434,0.010252,0.038304,-0.088578,-9.796248,-9.796723,0,-0.00639,0.00426,99484.83,27.04,0.0208201,
1473.017541,0.011107,0.040698,-0.129276,-9.82737,-9.828305,0.003195,-0.007455,0.00213,99484.83,27.04,-0.0107619,
1473.028792,0.011251,0.03591,-0.110124,-9.801036,-9.80172,0.003195,-0.009585,0.00426,99484.83,27.04,0.0158231,
1473.038888,0.010096,0.038304,-0.14364,-9.798642,-9.79977,0.00213,-0.003195,0.00213,99484.83,27.04,0.0177731,
1473.048993,0.010105,0.050274,-0.126882,-9.798642,-9.799592,0.001065,-0.00639,0.001065,99484.83,27.04,0.0179511,
1473.059073,0.01008,0.021546,-0.122094,-9.836946,-9.837727,0.001065,-0.003195,0.00426,99484.83,27.04,-0.0201839,
1473.069182,0.010109,0,-0.129276,-9.829764,-9.830614,0.00213,-0.00426,0.00426,99484.83,27.04,-0.0130709,
1473.079243,0.010061,0.019152,-0.07182,-9.832158,-9.832439,0.005325,-0.005325,0.003195,99484.83,27.04,-0.0148959,
1473.089345,0.010102,-0.021546,-0.088578,-9.832158,-9.832581,0.001065,-0.00852,0.00426,99484.83,27.04,-0.0150379,
1473.09943,0.010084,-0.019152,-0.093366,-9.83934,-9.839802,0.00426,-0.00426,0.00426,99484.83,27.04,-0.0222589,
1473.109547,0.010117,-0.026334,-0.086184,-9.83934,-9.839753,0.001065,-0.00639,0.001065,99484.83,27.04,-0.0222099,
1473.119659,0.010112,-0.007182,-0.040698,-9.829764,-9.829851,0.00213,-0.00639,0.003195,99484.83,27.04,-0.0123079,
1473.129973,0.010315,-0.031122,-0.098154,-9.853704,-9.854242,0,-0.003195,0.003195,99487.56,27.04,-0.0366989,
1473.140119,0.010145,-0.016758,-0.050274,-9.86328,-9.863422,0.005325,-0.00426,0.00426,99487.56,27.04,-0.0458789,
1473.150284,0.010165,-0.031122,-0.055062,-9.829764,-9.829967,0.001065,-0.00639,-0.001065,99487.56,27.04,-0.0124239,
1473.160384,0.0101,-0.050274,-0.05985,-9.832158,-9.832469,0.00639,-0.00426,0.00213,99487.56,27.04,-0.0149259,
1473.170503,0.010119,-0.028728,-0.052668,-9.824976,-9.825159,0.00639,-0.00639,0.005325,99487.56,27.04,-0.0076159,
1473.180685,0.010182,0.021546,-0.086184,-9.832158,-9.832559,0.00213,-0.007455,0.003195,99487.56,27.04,-0.0150159,
1473.190789,0.010104,-0.026334,-0.043092,-9.813006,-9.813136,0.00426,-0.007455,0.003195,99490.39,27.04,0.0044071,
1473.20089,0.0101,-0.09576,-0.062244,-9.824976,-9.82564,0.001065,-0.00639,0.001065,99490.39,27.04,-0.0080969,
1473.211057,0.010167,-0.088578,-0.021546,-9.844128,-9.84455,0.003195,-0.00426,0.001065,99490.39,27.04,-0.0270069,
1473.221193,0.010137,0.02394,-0.09576,-9.82737,-9.827866,0.005325,-0.011715,0.00213,99490.39,27.04,-0.0103229,
1473.231303,0.01011,-0.126882,-0.04788,-9.77949,-9.78043,0,-0.00639,0,99490.39,27.04,0.0371131,
1473.241777,0.010474,-0.174762,-0.019152,-9.832158,-9.83373,0.005325,0,0,99490.39,27.04,-0.0161869,
1473.251873,0.010096,0.043092,0.004788,-9.880038,-9.880133,0.00852,-0.01065,-0.001065,99493.12,27.04,-0.0625899,
1473.261987,0.010114,-0.04788,-0.098154,-9.822582,-9.823189,0.00426,-0.009585,-0.001065,99493.12,27.04,-0.0056459,
1473.27209,0.010103,-0.308826,-0.102942,-9.734004,-9.739446,0.001065,0.001065,-0.00213,99493.12,27.04,0.0780971,
1473.282188,0.010098,0.043092,-0.007182,-9.906372,-9.906468,-0.00426,-0.001065,-0.00426,99493.12,27.04,-0.0889249,
1473.292293,0.010105,0.14364,-0.081396,-9.86328,-9.864662,0.01491,-0.01917,-0.001065,99493.12,27.04,-0.0471189,
1473.302442,0.010149,-0.22743,-0.198702,-9.82737,-9.832009,-0.007455,0.009585,-0.00213,99493.12,27.04,-0.0144659,
1473.312526,0.010084,0.093366,-0.01197,-9.750762,-9.751216,0.00852,-0.01065,-0.00213,99495.89,27.04,0.0663271,
1473.322645,0.010119,0.05985,-0.09576,-9.834552,-9.8352,0.009585,-0.015975,-0.00213,99495.89,27.04,-0.0176569,
1473.332739,0.010094,-0.14364,-0.22743,-9.834552,-9.83823,-0.00426,0.005325,-0.00213,99495.89,27.04,-0.0206869,
1473.342836,0.010096,0.15561,0.01197,-9.753156,-9.754405,0.00639,-0.01278,-0.00213,99495.89,27.04,0.0631381,
1473.353015,0.010179,0.090972,-0.079002,-9.83934,-9.840078,0.01065,-0.00852,0,99495.89,27.04,-0.0225349,
1473.363192,0.010178,-0.02394,-0.232218,-9.865674,-9.868436,-0.003195,0.001065,0.003195,99495.89,27.04,-0.0508929,
1473.373286,0.010094,0.160398,-0.019152,-9.772308,-9.773643,0.00639,-0.01065,0.00426,99495.89,27.04,0.0439001,
1473.383476,0.01019,0.08379,-0.033516,-9.774702,-9.775119,0.01065,-0.011715,0.001065,99495.89,27.04,0.0424241,
1473.393579,0.010103,-0.038304,-0.184338,-9.813006,-9.814812,-0.00213,0,0.00639,99495.89,27.04,0.0027311,
1473.403713,0.010134,0.114912,-0.062244,-9.805824,-9.806695,0.003195,-0.005325,0.00639,99495.89,27.04,0.0108481,
1473.413804,0.010091,0.14364,-0.040698,-9.777096,-9.778236,0.009585,-0.013845,0.005325,99495.89,27.04,0.0393071,
1473.423893,0.010089,-0.007182,-0.153216,-9.83934,-9.840535,-0.00213,-0.00426,0.003195,99495.89,27.04,-0.0229919,
1473.433988,0.010094,0.038304,-0.057456,-9.860886,-9.861128,0.005325,-0.00426,0.00426,99495.89,27.04,-0.0435849,
1473.444086,0.010098,0.10773,-0.043092,-9.774702,-9.775391,0.00852,-0.009585,0.005325,99498.69,27.04,0.0421521,
1473.45418,0.010094,-0.028728,-0.102942,-9.8154,-9.815982,-0.003195,0,0.005325,99498.69,27.04,0.0015611,
1473.464276,0.010097,0.016758,-0.043092,-9.858492,-9.8586,0.005325,-0.00852,0.00426,99498.69,27.04,-0.0410569,
1473.474362,0.010086,0.043092,-0.033516,-9.820188,-9.82034,-0.00426,-0.00426,0.007455,99498.69,27.04,-0.0027969,
1473.484475,0.010113,0,-0.057456,-9.817794,-9.817962,0.00426,-0.00426,0.00426,99498.69,27.04,-0.0004189,
1473.494599,0.010124,-0.02394,-0.033516,-9.834552,-9.834638,0.005325,-0.007455,0.003195,99498.69,27.04,-0.0170949,
1473.504687,0.010088,-0.02394,-0.050274,-9.834552,-9.83471,0.001065,-0.005325,0.00213,99501.61,27.04,-0.0171669,
1473.514773,0.010085,-0.016758,-0.03591,-9.808218,-9.808298,0.007455,-0.009585,0.003195,99501.61,27.04,0.0092451,
1473.524861,0.010088,-0.03591,-0.031122,-9.832158,-9.832273,-0.001065,-0.007455,0.003195,99501.61,27.04,-0.0147299,
1473.534979,0.010119,-0.033516,-0.040698,-9.868068,-9.868209,0.00426,-0.007455,0.001065,99501.61,27.04,-0.0506659,
1473.545069,0.01009,0.007182,-0.021546,-9.786672,-9.786698,0.00426,-0.005325,0.00426,99501.61,27.04,0.0308451,
1473.555167,0.010098,-0.03591,-0.021546,-9.836946,-9.837035,0.003195,-0.00639,-0.001065,99501.61,27.04,-0.0194919,
1473.565255,0.010088,-0.007182,-0.040698,-9.817794,-9.817881,0.00426,-0.005325,-0.001065,99504.46,27.04,-0.0003379,
1473.575367,0.010111,-0.021546,-0.016758,-9.796248,-9.796286,0.005325,-0.00639,0,99504.46,27.04,0.0212571,
1473.585489,0.010122,-0.038304,-0.016758,-9.8154,-9.815489,0.003195,-0.00426,-0.003195,99504.46,27.04,0.0020541,
1473.595588,0.010099,0.007182,-0.045486,-9.829764,-9.829872,0.00426,-0.009585,0,99504.46,27.04,-0.0123289,
1473.605829,0.010242,0.03591,-0.052668,-9.808218,-9.808425,0.003195,-0.00639,-0.001065,99504.46,27.04,0.0091181,
1473.615955,0.010126,-0.009576,-0.07182,-9.80343,-9.803698,0.001065,-0.00213,-0.001065,99504.46,27.04,0.0138451,
1473.626183,0.010228,0.057456,-0.08379,-9.796248,-9.796775,0.009585,-0.01065,0.001065,99504.46,27.04,0.0207681,
1473.636341,0.010158,0.002394,-0.074214,-9.80343,-9.803711,0.003195,-0.007455,0,99507.25,27.04,0.0138321,
1473.646436,0.010094,0.045486,-0.045486,-9.798642,-9.798853,-0.00213,-0.003195,0,99507.25,27.04,0.0186901,
1473.656534,0.010098,0.086184,-0.076608,-9.796248,-9.796927,0.00852,-0.01065,0.00213,99507.25,27.04,0.0206161,
1473.666668,0.010134,0.031122,-0.105336,-9.801036,-9.801651,0,-0.00639,0.001065,99507.25,27.04,0.0158921,
1473.676828,0.01016,0.002394,-0.016758,-9.80343,-9.803445,0.005325,-0.00426,0.001065,99507.25,27.04,0.0140981,
1473.686916,0.010087,0.088578,-0.090972,-9.805824,-9.806646,0.00213,-0.007455,0.00213,99507.25,27.04,0.0108971,
1473.697001,0.010086,0.031122,-0.062244,-9.793854,-9.794101,0.003195,-0.00426,0.001065,99507.25,27.04,0.0234421,
1473.707103,0.010102,0.040698,-0.05985,-9.8154,-9.815667,0.00213,-0.003195,0.001065,99507.25,27.04,0.0018761,
1473.717264,0.010162,0.050274,-0.07182,-9.798642,-9.799034,0.003195,-0.005325,0.005325,99507.25,27.04,0.0185091,
1473.727592,0.010328,0.031122,-0.079002,-9.796248,-9.796616,-0.00213,-0.005325,0.005325,99507.25,27.04,0.0209271,
1473.7377,0.010108,0.004788,-0.076608,-9.8154,-9.8157,0.00639,-0.00639,0.003195,99507.25,27.04,0.0018431,
1473.747803,0.010103,0.088578,-0.076608,-9.817794,-9.818492,0.003195,-0.007455,0.003195,99507.25,27.04,-0.0009489,
1473.757897,0.010094,0.040698,-0.081396,-9.820188,-9.82061,0.007455,-0.003195,0.005325,99510.04,27.04,-0.0030669,
1473.768013,0.010116,0.050274,-0.146034,-9.832158,-9.833371,0.003195,-0.005325,0.00426,99510.04,27.04,-0.0158279,
1473.778101,0.010088,0.021546,-0.088578,-9.848916,-9.849338,0.001065,-0.007455,0.00213,99510.04,27.04,-0.0317949,
1473.788179,0.010078,-0.062244,-0.098154,-9.808218,-9.808907,0.00213,-0.00426,0.007455,99510.04,27.04,0.0086361,
1473.798313,0.010134,-0.014364,-0.090972,-9.836946,-9.837377,0.00213,-0.007455,0.00426,99510.04,27.04,-0.0198339,
1473.808426,0.010113,-0.004788,-0.08379,-9.868068,-9.868425,0.00213,-0.00639,0.00426,99510.04,27.04,-0.0508819,
1473.818531,0.010105,-0.114912,-0.09576,-9.848916,-9.850052,0.00213,-0.00213,0.003195,99512.76,27.04,-0.0325089,
1473.82863,0.010099,-0.019152,-0.093366,-9.82737,-9.827832,0.005325,-0.00639,0.003195,99512.76,27.04,-0.0102889,
1473.83871,0.01008,-0.031122,-0.067032,-9.848916,-9.849193,0.005325,-0.007455,0.00213,99512.76,27.04,-0.0316499,
1473.848815,0.010105,-0.126882,-0.090972,-9.860886,-9.862122,0.005325,-0.007455,0.00426,99512.76,27.04,-0.0445789,
1473.858964,0.010149,-0.038304,-0.08379,-9.848916,-9.849347,0.001065,-0.00639,0.003195,99512.76,27.04,-0.0318039,
1473.869077,0.010114,-0.062244,-0.074214,-9.817794,-9.818272,0.00639,-0.011715,0.00213,99512.76,27.04,-0.0007289,
1473.879171,0.010094,-0.100548,-0.114912,-9.856098,-9.857281,0,-0.005325,0.001065,99512.76,27.04,-0.0397379,
1473.889258,0.010087,-0.031122,-0.064638,-9.810612,-9.810874,0.00639,-0.00852,0.005325,99515.55,27.04,0.0066691,
1473.899409,0.01015,-0.033516,-0.112518,-9.798642,-9.799345,0.005325,-0.01065,0.00213,99515.55,27.04,0.0181981,
1473.909503,0.010094,-0.057456,-0.079002,-9.79146,-9.791947,0.003195,-0.005325,-0.003195,99515.55,27.04,0.0255961,
1473.919606,0.010104,-0.016758,-0.067032,-9.808218,-9.808461,0.003195,-0.007455,0.001065,99515.55,27.04,0.0090821,
1473.929693,0.010087,0,-0.08379,-9.784278,-9.784637,0.00426,-0.007455,-0.001065,99515.55,27.04,0.0329061,
1473.939791,0.010098,-0.019152,-0.08379,-9.805824,-9.806201,0.005325,-0.00852,-0.003195,99515.55,27.04,0.0113421,
1473.949968,0.010177,-0.002394,-0.088578,-9.8154,-9.8158,0.003195,-0.00426,0.001065,99518.37,27.04,0.0017431,
1473.960081,0.010114,0.045486,-0.090972,-9.781884,-9.782413,0.005325,-0.00639,-0.001065,99518.37,27.04,0.0351301,
1473.970174,0.010092,0.021546,-0.08379,-9.789066,-9.789448,0.003195,-0.00852,0.00213,99518.37,27.04,0.0280951,
1473.980274,0.0101,0.045486,-0.117306,-9.813006,-9.813813,0.003195,-0.00639,0,99518.37,27.04,0.0037301,
1473.990358,0.010085,0.08379,-0.088578,-9.798642,-9.799401,0.005325,-0.007455,0.00639,99518.37,27.04,0.0181421,
1474.00045,0.010092,0.04788,-0.112518,-9.808218,-9.80898,0.001065,-0.003195,0.001065,99518.37,27.04,0.0085631,
1474.010558,0.010108,0.086184,-0.117306,-9.82737,-9.828448,0.00426,-0.007455,0.00426,99518.37,27.04,-0.0109049,
1474.020662,0.010104,0.067032,-0.093366,-9.817794,-9.818467,0.003195,-0.00639,0.003195,99518.37,27.04,-0.0009239,
1474.030747,0.010085,-0.002394,-0.102942,-9.810612,-9.811152,-0.001065,-0.00426,0.00426,99518.37,27.04,0.0063911,
1474.040846,0.010099,0.110124,-0.090972,-9.813006,-9.814046,0.00852,-0.01065,0.003195,99518.37,27.04,0.0034971,
1474.050954,0.010108,0.038304,-0.069426,-9.844128,-9.844447,0,-0.00213,0.005325,99518.37,27.04,-0.0269039,
1474.061057,0.010103,0.040698,-0.114912,-9.844128,-9.844883,0.005325,-0.00639,0.003195,99518.37,27.04,-0.0273399,
1474.07117,0.010113,0.064638,-0.090972,-9.822582,-9.823216,0.00852,-0.009585,0.00639,99518.37,27.04,-0.0056729,
1474.081265,0.010095,0.01197,-0.07182,-9.808218,-9.808488,0,-0.00426,0.00213,99521.04,27.04,0.0090551,
1474.091359,0.010094,0.019152,-0.050274,-9.85131,-9.851457,0.003195,-0.00852,0.003195,99521.04,27.04,-0.0339139,
1474.101444,0.010085,-0.026334,-0.079002,-9.836946,-9.837298,0.00639,-0.007455,0.00426,99521.04,27.04,-0.0197549,
1474.111543,0.010099,0.021546,-0.040698,-9.841734,-9.841842,-0.00213,-0.00213,0.003195,99521.04,27.04,-0.0242989,
1474.121767,0.010223,-0.002394,-0.009576,-9.813006,-9.813011,0.009585,-0.01278,0.00213,99521.04,27.04,0.0045321,
1474.131859,0.010092,-0.093366,-0.021546,-9.844128,-9.844594,0.001065,-0.007455,0.00213,99521.04,27.04,-0.0270509,
1474.142108,0.010249,-0.043092,0.019152,-9.832158,-9.832271,0.003195,-0.003195,0.003195,99523.88,27.04,-0.0147279,
1474.152194,0.010086,-0.043092,0,-9.817794,-9.817889,0.007455,-0.01278,-0.001065,99523.88,27.04,-0.0003459,
1474.162298,0.010104,-0.064638,-0.016758,-9.83934,-9.839567,0.001065,-0.003195,0.00213,99523.88,27.04,-0.0220239,
1474.172407,0.010109,-0.033516,0.002394,-9.834552,-9.834609,0.003195,-0.00639,0,99523.88,27.04,-0.0170659,
1474.182544,0.010136,-0.057456,-0.016758,-9.817794,-9.817976,0.00639,-0.00852,-0.001065,99523.88,27.04,-0.0004329,
1474.192644,0.0101,-0.079002,-0.038304,-9.793854,-9.794248,0.00213,-0.00426,0,99523.88,27.04,0.0232951,
1474.202745,0.010101,-0.019152,-0.038304,-9.82737,-9.827463,0.00426,-0.00852,0,99526.52,27.04,-0.0099199,
1474.212827,0.010082,0.026334,-0.021546,-9.8154,-9.815459,0.003195,-0.009585,-0.003195,99526.52,27.04,0.0020841,
1474.222909,0.010082,0.002394,-0.045486,-9.822582,-9.822688,0.00426,-0.00426,-0.001065,99526.52,27.04,-0.0051449,
1474.233066,0.010157,0.033516,-0.016758,-9.805824,-9.805896,0.005325,-0.009585,-0.00426,99526.52,27.04,0.0116471,
1474.243171,0.010105,-0.002394,-0.038304,-9.772308,-9.772383,0.003195,-0.00426,-0.003195,99526.52,27.04,0.0451601,
1474.253276,0.010105,-0.07182,-0.076608,-9.793854,-9.794417,0.003195,-0.00213,-0.00426,99526.52,27.04,0.0231261,
1474.263376,0.0101,0.074214,-0.064638,-9.808218,-9.808712,0.005325,-0.00852,-0.003195,99529.32,27.04,0.0088311,
1474.273513,0.010137,0.04788,-0.086184,-9.808218,-9.808713,0.00213,-0.00426,-0.00426,99529.32,27.04,0.0088301,
1474.283611,0.010099,-0.016758,-0.10773,-9.822582,-9.823187,0,-0.00426,-0.001065,99529.32,27.04,-0.0056439,
1474.293888,0.010277,0.062244,-0.079002,-9.817794,-9.818309,0.007455,-0.00852,0,99529.32,27.04,-0.0007659,
1474.304355,0.010467,0.02394,-0.129276,-9.820188,-9.821068,0,-0.00213,0,99529.32,27.04,-0.0035249,
1474.314439,0.010084,-0.038304,-0.093366,-9.79146,-9.79198,0.00639,-0.005325,-0.001065,99529.32,27.04,0.0255631,
1474.324522,0.010083,0.076608,-0.1197,-9.822582,-9.82361,0,-0.007455,-0.00213,99529.32,27.04,-0.0060669,
1474.334625,0.010102,0.043092,-0.124488,-9.822582,-9.823465,0.00639,-0.003195,0,99529.32,27.04,-0.0059219,
1474.344729,0.010105,0.002394,-0.102942,-9.824976,-9.825516,0.001065,-0.00426,0,99529.32,27.04,-0.0079729,
1474.354839,0.010109,0.055062,-0.110124,-9.79146,-9.792234,0.005325,-0.00639,0.001065,99529.32,27.04,0.0253091,
1474.364925,0.010086,0.026334,-0.14364,-9.82737,-9.828455,0.00213,-0.00852,0.00426,99529.32,27.04,-0.0109119,
1474.375009,0.010084,-0.021546,-0.09576,-9.824976,-9.825466,0.00213,-0.003195,0.00213,99529.32,27.04,-0.0079229,
1474.385166,0.010157,0.043092,-0.102942,-9.834552,-9.835185,0.005325,-0.009585,0,99529.32,27.04,-0.0176419,
1474.395302,0.010136,0.019152,-0.14364,-9.822582,-9.823651,0.005325,-0.005325,0,99532.26,27.04,-0.0061079,
1474.405402,0.0101,0.055062,-0.134064,-9.834552,-9.83562,0.001065,-0.005325,0.003195,99532.26,27.04,-0.0180769,
1474.415564,0.010162,0.055062,-0.09576,-9.856098,-9.856717,0.005325,-0.00639,0.003195,99532.26,27.04,-0.0391739,
1474.425677,0.010113,0.050274,-0.126882,-9.79146,-9.792411,0.00639,-0.00852,0.005325,99532.26,27.04,0.0251321,
1474.435799,0.010122,-0.009576,-0.10773,-9.79146,-9.792057,0.001065,-0.00213,0.001065,99532.26,27.04,0.0254861,
1474.445925,0.010126,0.03591,-0.07182,-9.82737,-9.827698,0.007455,-0.007455,0.005325,99532.26,27.04,-0.0101549,
1474.456052,0.010127,-0.019152,-0.052668,-9.85131,-9.851469,0,-0.00426,0.00213,99535.09,27.04,-0.0339259,
1474.466164,0.010112,0.009576,-0.062244,-9.83934,-9.839542,0.005325,-0.00639,0.003195,99535.09,27.04,-0.0219989,
1474.476313,0.010149,-0.040698,-0.014364,-9.8154,-9.815495,0.003195,-0.005325,0.003195,99535.09,27.04,0.0020481,
1474.486419,0.010106,-0.04788,-0.076608,-9.8154,-9.815816,0.005325,-0.00639,0.00426,99535.09,27.04,0.0017271,
1474.496515,0.010096,-0.04788,-0.028728,-9.8154,-9.815559,0.00426,-0.00639,0.00213,99535.09,27.04,0.0019841,
1474.506616,0.010102,-0.014364,-0.028728,-9.824976,-9.825028,0.00426,-0.00639,0.003195,99535.09,27.04,-0.0074849,
1474.517004,0.010388,-0.02394,-0.040698,-9.832158,-9.832271,0.003195,-0.005325,0,99537.85,27.04,-0.0147279,
1474.527124,0.01012,0.021546,-0.043092,-9.805824,-9.805942,0.003195,-0.005325,-0.001065,99537.85,27.04,0.0116011,
1474.538646,0.011521,-0.062244,-0.040698,-9.79146,-9.791742,0.00213,-0.005325,0.00213,99537.85,27.04,0.0258011,
1474.549883,0.011237,0.007182,-0.07182,-9.769914,-9.770181,0.003195,-0.00426,0.001065,99537.85,27.04,0.0473621,
1474.561042,0.011159,0.019152,-0.04788,-9.801036,-9.801172,0.005325,-0.005325,0.001065,99537.85,27.04,0.0163711,
1474.572342,0.0113,-0.016758,-0.064638,-9.8154,-9.815627,0.00213,-0.001065,0.001065,99537.85,27.04,0.0019161,
1474.583431,0.011089,0.026334,-0.069426,-9.805824,-9.806105,0.00426,-0.00639,0.003195,99540.62,27.04,0.0114381,
1474.594599,0.011168,0.019152,-0.090972,-9.808218,-9.808659,0.001065,-0.00852,0.001065,99540.62,27.04,0.0088841,
1474.60576,0.011161,-0.057456,-0.069426,-9.813006,-9.81342,0,-0.001065,0.003195,99540.62,27.04,0.0041231,
1474.616916,0.011156,0.050274,-0.081396,-9.820188,-9.820654,0.00639,-0.01065,0.001065,99540.62,27.04,-0.0031109,
1474.628339,0.011423,-0.03591,-0.098154,-9.832158,-9.832713,0.003195,-0.00426,0.00213,99540.62,27.04,-0.0151699,
1474.639687,0.011348,0.057456,-0.088578,-9.822582,-9.823149,-0.001065,0,0,99540.62,27.04,-0.0056059,
1474.650502,0.010816,0.026334,-0.079002,-9.796248,-9.796602,0.007455,-0.01065,-0.001065,99540.62,27.04,0.0209411,
1474.661686,0.011183,-0.057456,-0.093366,-9.805824,-9.806437,-0.00213,-0.001065,0.003195,99540.62,27.04,0.0111061,
1474.672876,0.011191,0.05985,-0.062244,-9.82737,-9.827749,0.003195,-0.011715,0.003195,99540.62,27.04,-0.0102059,
1474.684206,0.011329,0.03591,-0.100548,-9.820188,-9.820768,-0.00213,0.003195,0.00426,99540.62,27.04,-0.0032249,
1474.695425,0.011219,0,-0.067032,-9.820188,-9.820417,0.00852,-0.01065,0.00639,99540.62,27.04,-0.0028739,
1474.706579,0.011154,0.002394,-0.114912,-9.832158,-9.83283,0,-0.003195,0.005325,99543.38,27.04,-0.0152869,
1474.717638,0.011059,-0.033516,-0.07182,-9.824976,-9.825296,0.00639,-0.003195,0.003195,99543.38,27.04,-0.0077529,
1474.728824,0.011186,0.040698,-0.08379,-9.829764,-9.830205,0.003195,-0.00852,0.00639,99543.38,27.04,-0.0126619,
1474.740061,0.011238,-0.031122,-0.057456,-9.834552,-9.834769,0.00213,-0.003195,0.00426,99543.38,27.04,-0.0172259,
1474.751272,0.01121,-0.009576,-0.09576,-9.834552,-9.835023,0.001065,-0.005325,0.00426,99543.38,27.04,-0.0174799,
1474.762404,0.011133,0.009576,-0.067032,-9.829764,-9.829997,0.00639,-0.00639,0.00639,99543.38,27.04,-0.0124539,
1474.773512,0.011108,-0.038304,-0.05985,-9.829764,-9.830021,0.005325,-0.00426,0.00426,99546.23,27.04,-0.0124779,
1474.784666,0.011154,-0.021546,-0.07182,-9.836946,-9.837232,-0.001065,0,0.00213,99546.23,27.04,-0.0196889,
1474.795862,0.011196,-0.028728,-0.093366,-9.834552,-9.835037,0.00852,-0.00852,0.005325,99546.23,27.04,-0.0174939,
1474.80715,0.011288,0.007182,-0.064638,-9.860886,-9.8611,0.00639,-0.00852,0.00213,99546.23,27.04,-0.0435569,
1474.818315,0.011165,-0.004788,-0.09576,-9.85131,-9.851777,0.00426,-0.00639,0.00426,99546.23,27.04,-0.0342339,
1474.829552,0.011236,-0.081396,-0.13167,-9.824976,-9.826195,0.001065,-0.003195,0.001065,99549,27.04,-0.0086519,
1474.840651,0.011099,-0.043092,-0.07182,-9.820188,-9.820545,0.00213,-0.00639,0.001065,99549,27.04,-0.0030019,
1474.851844,0.011194,0.004788,-0.07182,-9.856098,-9.856361,0.00426,-0.00426,0.00213,99549,27.04,-0.0388179,
1474.86312,0.011275,-0.067032,-0.090972,-9.834552,-9.835201,0.005325,-0.00639,0.003195,99549,27.04,-0.0176579,
1474.874171,0.011052,-0.086184,-0.086184,-9.829764,-9.83052,0.00213,-0.00639,0.001065,99549,27.04,-0.0129769,
1474.885368,0.011197,-0.110124,-0.033516,-9.868068,-9.868739,0.00213,-0.00213,0.001065,99549,27.04,-0.0511959,
1474.896632,0.011264,-0.067032,-0.088578,-9.810612,-9.811241,0,-0.00213,0,99551.72,27.04,0.0063021,
1474.907701,0.011069,-0.026334,-0.079002,-9.753156,-9.753512,0.007455,-0.013845,-0.001065,99551.72,27.04,0.0640311,
1474.918984,0.011283,-0.126882,-0.031122,-9.877644,-9.878508,0.001065,-0.00213,-0.00213,99551.72,27.04,-0.0609649,
1474.930151,0.011167,-0.045486,-0.057456,-9.844128,-9.844401,0.00426,-0.00852,-0.00213,99551.72,27.04,-0.0268579,
1474.941292,0.011141,-0.045486,-0.086184,-9.738792,-9.73928,0.001065,-0.00426,-0.00213,99551.72,27.04,0.0782631,
1474.95244,0.011148,-0.07182,-0.069426,-9.858492,-9.858998,0.00426,-0.005325,-0.00213,99551.72,27.04,-0.0414549,
1474.963728,0.011288,0.090972,-0.074214,-9.765126,-9.765832,0.009585,-0.00852,-0.00213,99551.72,27.04,0.0517111,
1474.974888,0.01116,0.038304,-0.052668,-9.722034,-9.722252,0.001065,-0.00426,-0.003195,99551.72,27.04,0.0952911,
1474.986005,0.011117,0.19152,-0.064638,-9.83934,-9.841416,0.00213,-0.005325,-0.001065,99551.72,27.04,-0.0238729,
1474.997267,0.011262,0.222642,-0.114912,-9.822582,-9.825777,0.00426,-0.01491,-0.001065,99551.72,27.04,-0.0082339,
1475.008478,0.011211,0.021546,-0.062244,-9.760338,-9.76056,-0.00213,0.005325,0.001065,99551.72,27.04,0.0569831,
1475.019624,0.011146,0.241794,-0.026334,-9.781884,-9.784907,0.00639,-0.011715,0.001065,99551.72,27.04,0.0326361,
1475.030913,0.011289,0.174762,-0.10773,-9.817794,-9.81994,-0.00426,0.003195,0.00213,99554.62,27.04,-0.0023969,
1475.041947,0.011033,0.019152,0.055062,-9.722034,-9.722209,0.003195,-0.00213,0.001065,99554.62,27.04,0.0953341,
1475.053224,0.011277,0.093366,-0.08379,-9.83934,-9.84014,0.003195,-0.007455,0.003195,99554.62,27.04,-0.0225969,
1475.064324,0.0111,-0.019152,-0.021546,-9.87525,-9.875292,0.00426,-0.00213,0.00426,99554.62,27.04,-0.0577489,
1475.075479,0.011156,0.090972,-0.004788,-9.805824,-9.806247,0.00213,-0.00852,0.007455,99554.62,27.04,0.0112961,
1475.086773,0.011294,-0.021546,-0.062244,-9.810612,-9.810833,0.00426,-0.003195,0.005325,99557.38,27.04,0.0067101,
1475.097918,0.011145,-0.019152,-0.090972,-9.836946,-9.837385,0.001065,-0.005325,0.00213,99557.38,27.04,-0.0198419,
1475.109123,0.011204,-0.026334,0.004788,-9.860886,-9.860922,0.003195,-0.009585,0.00426,99557.38,27.04,-0.0433789,
1475.120222,0.011099,-0.050274,-0.067032,-9.85131,-9.851666,0.001065,-0.003195,0.00426,99557.38,27.04,-0.0341229,
1475.131477,0.011255,-0.117306,-0.002394,-9.882432,-9.883128,0.00426,-0.005325,0.00426,99557.38,27.04,-0.0655849,
1475.142632,0.011155,-0.110124,-0.069426,-9.853704,-9.854564,0.00639,-0.01065,0.005325,99557.38,27.04,-0.0370209,
1475.153828,0.011196,-0.148428,-0.050274,-9.83934,-9.840588,0.003195,-0.00426,0.00426,99560.17,27.04,-0.0230449,
1475.165043,0.011215,-0.098154,-0.002394,-9.841734,-9.842224,0.00852,-0.01065,0.00213,99560.17,27.04,-0.0246809,
1475.176152,0.011109,-0.153216,-0.055062,-9.82737,-9.828719,0.003195,-0.005325,0,99560.17,27.04,-0.0111759,
1475.187406,0.011254,-0.110124,-0.033516,-9.813006,-9.813681,0.00426,-0.00426,0.00213,99560.17,27.04,0.0038621,
1475.198636,0.01123,-0.079002,-0.01197,-9.846522,-9.846846,0.00426,-0.005325,-0.00213,99560.17,27.04,-0.0293029,
1475.209766,0.01113,-0.134064,-0.038304,-9.817794,-9.818784,0.00426,-0.007455,0.001065,99562.95,27.04,-0.0012409,
1475.220982,0.011216,-0.02394,-0.04788,-9.808218,-9.808364,0.005325,-0.00852,-0.001065,99562.95,27.04,0.0091791,
1475.232075,0.011092,-0.114912,-0.100548,-9.801036,-9.802225,0.003195,-0.007455,0,99562.95,27.04,0.0153181,
1475.243259,0.011185,0.033516,-0.055062,-9.80343,-9.803642,0,-0.01065,0.00213,99562.95,27.04,0.0139011,
1475.254522,0.011263,0.05985,-0.050274,-9.801036,-9.801348,0.009585,-0.01278,-0.001065,99562.95,27.04,0.0161951,
1475.265664,0.011142,-0.009576,-0.134064,-9.82737,-9.828289,-0.003195,0.001065,0,99562.95,27.04,-0.0107459,
1475.276835,0.011171,0.09576,-0.07182,-9.76752,-9.768253,0.01065,-0.011715,-0.001065,99562.95,27.04,0.0492901,
1475.288053,0.011218,0.105336,-0.069426,-9.777096,-9.77791,0.005325,-0.00426,0,99562.95,27.04,0.0396331,
1475.299214,0.011161,0.07182,-0.052668,-9.76752,-9.767926,0.001065,-0.00213,-0.00213,99562.95,27.04,0.0496171,
1475.310421,0.011207,0.177156,-0.086184,-9.786672,-9.788655,0.005325,-0.009585,0.00213,99562.95,27.04,0.0288881,
1475.321564,0.011143,0.126882,-0.09576,-9.789066,-9.790357,0.00213,-0.00426,0.00213,99562.95,27.04,0.0271861,
1475.332832,0.011269,0.16758,-0.069426,-9.786672,-9.788353,0.00426,-0.00852,0.003195,99562.95,27.04,0.0291901,
1475.346282,0.01345,0.098154,-0.088578,-9.777096,-9.77799,0.003195,-0.005325,0.001065,99565.68,27.04,0.0395531,
1475.356387,0.010105,0.007182,-0.090972,-9.777096,-9.777522,0.00213,-0.00213,0.00213,99565.68,27.04,0.0400211,
1475.36685,0.010462,0.126882,-0.081396,-9.813006,-9.814164,-0.001065,-0.003195,0,99565.68,27.04,0.0033791,
1475.377561,0.010711,0.09576,-0.07182,-9.798642,-9.799373,-0.00213,-0.00213,0.003195,99565.68,27.04,0.0181701,
1475.38877,0.011209,0.02394,-0.090972,-9.805824,-9.806275,0.00639,-0.007455,0.00213,99565.68,27.04,0.0112681,
1475.399842,0.011072,-0.002394,-0.117306,-9.836946,-9.837646,0.001065,-0.005325,0.00213,99568.45,27.04,-0.0201029,
1475.411109,0.011268,-0.076608,-0.105336,-9.832158,-9.833021,0.00213,0,0.003195,99568.45,27.04,-0.0154779,
1475.422212,0.011102,-0.007182,-0.10773,-9.829764,-9.830357,0.003195,-0.007455,0.003195,99568.45,27.04,-0.0128139,
1475.433435,0.011223,-0.040698,-0.150822,-9.858492,-9.85973,0.003195,-0.007455,0.003195,99568.45,27.04,-0.0421869,
1475.444558,0.011123,-0.117306,-0.148428,-9.877644,-9.879456,0,-0.003195,0.001065,99568.45,27.04,-0.0619129,
1475.455792,0.011235,-0.110124,-0.090972,-9.856098,-9.857133,0.003195,-0.00852,0.00213,99568.45,27.04,-0.0395899,
1475.467029,0.011236,-0.105336,-0.124488,-9.892008,-9.893352,0.00213,-0.00639,0,99571.08,27.04,-0.0758089,
1475.478165,0.011137,-0.15561,-0.098154,-9.86328,-9.864996,0.00426,-0.00426,0.003195,99571.08,27.04,-0.0474529,
1475.489397,0.011232,-0.169974,-0.098154,-9.858492,-9.860446,0.00426,-0.005325,0.00426,99571.08,27.04,-0.0429029,
1475.50092,0.011523,-0.117306,-0.10773,-9.865674,-9.86696,0.005325,-0.009585,0.003195,99571.08,27.04,-0.0494169,
1475.511731,0.010811,-0.13167,-0.090972,-9.8154,-9.816705,0.003195,-0.007455,-0.001065,99571.08,27.04,0.0008381,
1475.523005,0.011274,-0.134064,-0.067032,-9.813006,-9.814151,0.001065,-0.00639,0,99571.08,27.04,0.0033921,
1475.534099,0.011094,-0.079002,-0.05985,-9.808218,-9.808719,0.00426,-0.00426,0.00213,99573.78,27.04,0.0088241,
1475.545258,0.011159,-0.04788,-0.05985,-9.822582,-9.822881,0.003195,-0.009585,0,99573.78,27.04,-0.0053379,
1475.55649,0.011232,-0.052668,-0.052668,-9.781884,-9.782168,0.003195,-0.00639,0.001065,99573.78,27.04,0.0353751,
1475.567862,0.011372,-0.031122,-0.088578,-9.781884,-9.782335,0.003195,-0.007455,-0.001065,99573.78,27.04,0.0352081,
1475.578912,0.01105,-0.016758,-0.067032,-9.772308,-9.772552,0.005325,-0.005325,0.00213,99573.78,27.04,0.0449911,
1475.590153,0.011241,0.04788,-0.086184,-9.774702,-9.775199,0.00213,-0.005325,0.001065,99573.78,27.04,0.0423441,
1475.601148,0.010995,0.007182,-0.086184,-9.820188,-9.820569,0.005325,-0.00852,-0.001065,99573.78,27.04,-0.0030259,
1475.612375,0.011227,-0.002394,-0.093366,-9.829764,-9.830208,0.001065,-0.001065,0.001065,99573.78,27.04,-0.0126649,
1475.623582,0.011207,0.086184,-0.05985,-9.772308,-9.772871,0.005325,-0.007455,0.00213,99573.78,27.04,0.0446721,
1475.634761,0.011179,0.040698,-0.093366,-9.801036,-9.801565,0.00213,-0.00426,0.00213,99573.78,27.04,0.0159781,
1475.645981,0.01122,-0.01197,-0.040698,-9.834552,-9.834643,0.001065,-0.00426,0.00213,99573.78,27.04,-0.0170999,
1475.657201,0.011221,0.045486,-0.076608,-9.822582,-9.822986,0.00426,-0.007455,0.00213,99576.33,27.04,-0.0054429,
1475.668347,0.011146,0.038304,-0.052668,-9.824976,-9.825192,0,-0.00213,0.00639,99576.33,27.04,-0.0076489,
1475.679466,0.011119,0.057456,-0.03591,-9.82737,-9.827604,0.00639,-0.00852,0.005325,99576.33,27.04,-0.0100609,
1475.690796,0.011331,0.052668,-0.074214,-9.832158,-9.832579,0.00213,-0.00213,0.003195,99576.33,27.04,-0.0150359,
1475.701857,0.011061,0.028728,-0.045486,-9.820188,-9.820335,0.003195,-0.00639,0.00639,99576.33,27.04,-0.0027919,
1475.713082,0.011225,0.050274,-0.03591,-9.813006,-9.8132,0.001065,-0.005325,0.00426,99576.33,27.04,0.0043431,
1475.723182,0.0101,0.067032,-0.04788,-9.836946,-9.837291,0.003195,-0.007455,0.00426,99579.05,27.04,-0.0197479,
1475.733277,0.010095,0.052668,-0.038304,-9.844128,-9.844343,0.001065,-0.00852,0.00426,99579.05,27.04,-0.0267999,
1475.743378,0.010101,0.081396,-0.028728,-9.829764,-9.830143,0.003195,-0.00852,0.003195,99579.05,27.04,-0.0125999,
1475.753504,0.010126,0.088578,-0.007182,-9.822582,-9.822984,0.005325,-0.00852,0.003195,99579.05,27.04,-0.0054409,
1475.763603,0.010099,0.040698,-0.033516,-9.829764,-9.829905,0.00213,0.001065,0.003195,99579.05,27.04,-0.0123619,
1475.773799,0.010196,0.08379,-0.01197,-9.82737,-9.827734,0.00213,-0.01065,0.00426,99579.05,27.04,-0.0101909,
1475.783924,0.010125,0.076608,-0.031122,-9.798642,-9.798991,0.00426,-0.00639,0.001065,99581.94,27.04,0.0185521,
1475.79403,0.010106,0.057456,-0.02394,-9.817794,-9.817991,0.00426,-0.003195,0.001065,99581.94,27.04,-0.0004479,
1475.804126,0.010096,0.079002,-0.004788,-9.82737,-9.827689,0.003195,-0.007455,0.001065,99581.94,27.04,-0.0101459,
1475.814419,0.010293,0.057456,-0.043092,-9.829764,-9.830026,0.00426,-0.005325,0,99581.94,27.04,-0.0124829,
1475.824548,0.010129,0.045486,-0.028728,-9.808218,-9.808366,0.001065,-0.007455,0.001065,99581.94,27.04,0.0091771,
1475.834664,0.010116,0.016758,-0.08379,-9.805824,-9.806196,0.00639,-0.005325,-0.001065,99581.94,27.04,0.0113471,
1475.844745,0.010081,0.028728,-0.08379,-9.80343,-9.80383,0.00213,-0.00426,-0.001065,99584.58,27.04,0.0137131,
1475.854836,0.01009,0.002394,-0.069426,-9.810612,-9.810858,0.00426,-0.003195,-0.00213,99584.58,27.04,0.0066851,
1475.864928,0.010092,-0.050274,-0.07182,-9.796248,-9.79664,0.00213,-0.005325,0.001065,99584.58,27.04,0.0209031,
1475.875032,0.010104,-0.019152,-0.062244,-9.777096,-9.777313,0.003195,-0.005325,0,99584.58,27.04,0.0402301,
1475.885538,0.010506,-0.074214,-0.105336,-9.82737,-9.828215,0.00639,-0.005325,0,99584.58,27.04,-0.0106719,
1475.895826,0.010288,-0.043092,-0.09576,-9.801036,-9.801599,0.00213,-0.00426,0.001065,99584.58,27.04,0.0159441,
1475.90597,0.010144,-0.016758,-0.105336,-9.808218,-9.808798,0.00426,-0.00639,0,99584.58,27.04,0.0087451,
1475.916053,0.010082,-0.079002,-0.122094,-9.813006,-9.814084,0.005325,-0.00639,-0.001065,99584.58,27.04,0.0034591,
1475.926147,0.010095,-0.100548,-0.138852,-9.808218,-9.809716,-0.001065,-0.005325,0,99584.58,27.04,0.0078271,
1475.936234,0.010087,-0.040698,-0.13167,-9.808218,-9.809186,0.00213,-0.00639,-0.001065,99584.58,27.04,0.0083571,
1475.946312,0.010078,-0.026334,-0.1197,-9.841734,-9.842497,0.003195,-0.009585,-0.001065,99584.58,27.04,-0.0249539,
1475.956397,0.010085,-0.038304,-0.136458,-9.844128,-9.845148,0.003195,-0.00639,0,99584.58,27.04,-0.0276049,
1475.966717,0.01032,-0.021546,-0.126882,-9.820188,-9.821031,0.003195,-0.003195,0.00213,99587.35,27.04,-0.0034879,
1475.976808,0.010092,0.01197,-0.141246,-9.832158,-9.83318,0.00213,-0.00426,0.00213,99587.35,27.04,-0.0156369,
1475.986909,0.010101,-0.088578,-0.110124,-9.834552,-9.835567,0,-0.003195,0.001065,99587.35,27.04,-0.0180239,
1475.99701,0.010101,0.009576,-0.117306,-9.82737,-9.828075,0.003195,-0.00639,0.00213,99587.35,27.04,-0.0105319,
1476.007097,0.010087,0.064638,-0.124488,-9.801036,-9.80204,0.00426,-0.01065,0.00213,99587.35,27.04,0.0155031,
1476.017179,0.010082,-0.064638,-0.114912,-9.83934,-9.840223,0.001065,-0.003195,0.001065,99587.35,27.04,-0.0226799,
1476.027282,0.010104,0.079002,-0.105336,-9.832158,-9.83304,0.00426,-0.00852,0.005325,99587.35,27.04,-0.0154969,
1476.037365,0.010083,0.057456,-0.090972,-9.82737,-9.827959,0.003195,-0.00852,0.003195,99590.14,27.04,-0.0104159,
1476.04745,0.010085,-0.052668,-0.122094,-9.824976,-9.825876,0.00213,-0.003195,0.00213,99590.14,27.04,-0.0083329,
1476.057531,0.010081,0.076608,-0.090972,-9.808218,-9.808939,0.00213,-0.00639,0.00213,99590.14,27.04,0.0086041,
1476.067633,0.010102,0.086184,-0.081396,-9.82737,-9.828085,0.00426,-0.00852,0.00426,99590.14,27.04,-0.0105419,
1476.077747,0.010114,0.040698,-0.100548,-9.832158,-9.832756,0.005325,-0.00426,0.00426,99590.14,27.04,-0.0152129,
1476.087905,0.010158,0.09576,-0.05985,-9.820188,-9.820837,0.00426,-0.005325,0.005325,99590.14,27.04,-0.0032939,
1476.098043,0.010138,0.045486,-0.062244,-9.817794,-9.818097,0.00426,-0.005325,0.005325,99592.9,27.03,-0.0005539,
1476.109125,0.011081,0.028728,-0.067032,-9.820188,-9.820459,0.003195,-0.00639,0.003195,99592.9,27.03,-0.0029159,
1476.119215,0.010091,0.064638,-0.031122,-9.810612,-9.810874,0.00426,-0.005325,0.005325,99592.9,27.03,0.0066691,
1476.129339,0.010124,0.09576,-0.02394,-9.817794,-9.81829,0.005325,-0.00852,0.00426,99592.9,27.03,-0.0007469,
1476.139447,0.010108,0.045486,-0.01197,-9.789066,-9.789179,0.003195,-0.005325,0.00213,99592.9,27.03,0.0283641,
1476.149815,0.010368,0.057456,-0.009576,-9.793854,-9.794027,0.00213,-0.005325,0.003195,99592.9,27.03,0.0235161,
1476.15994,0.010125,0.067032,0.03591,-9.808218,-9.808513,0.005325,-0.00639,0.003195,99595.65,27.03,0.0090301,
1476.170044,0.010104,0.043092,0.002394,-9.8154,-9.815495,0.001065,-0.005325,0.00213,99595.65,27.03,0.0020481,
1476.180117,0.010073,0.033516,0.021546,-9.801036,-9.801117,0.00639,-0.00213,0.003195,99595.65,27.03,0.0164261,
1476.190223,0.010106,0.057456,-0.004788,-9.805824,-9.805993,0.005325,-0.00852,0.00426,99595.65,27.03,0.0115501,
1476.20032,0.010098,-0.014364,0.009576,-9.808218,-9.808233,0.001065,-0.003195,0.00213,99595.65,27.03,0.0093101,
1476.210489,0.010169,-0.021546,-0.03591,-9.832158,-9.832247,0.00213,-0.01065,0.00213,99595.65,27.03,-0.0147039,
1476.220581,0.010092,-0.019152,-0.033516,-9.820188,-9.820264,0.00213,-0.00639,0.00213,99595.65,27.03,-0.0027209,
1476.230682,0.0101,-0.021546,-0.062244,-9.856098,-9.856318,0.001065,-0.00426,0.001065,99595.65,27.03,-0.0387749,
1476.240788,0.010106,-0.026334,-0.07182,-9.841734,-9.842031,0.00426,-0.005325,0.003195,99595.65,27.03,-0.0244879,
1476.250895,0.010107,-0.02394,-0.052668,-9.810612,-9.810783,0.00426,-0.00426,0.001065,99595.65,27.03,0.0067601,
1476.261065,0.01017,-0.028728,-0.086184,-9.822582,-9.823002,0.003195,-0.007455,0.003195,99595.65,27.03,-0.0054589,
1476.272349,0.011285,-0.038304,-0.117306,-9.829764,-9.830539,0.007455,-0.005325,0.00426,99595.65,27.03,-0.0129959,
1476.283573,0.011224,-0.014364,-0.09576,-9.805824,-9.806302,0.00213,-0.003195,0.00426,99595.65,27.03,0.0112411,
1476.294658,0.011085,0.019152,-0.10773,-9.798642,-9.799253,0.00426,-0.00852,0.003195,99598.33,27.03,0.0182901,
1476.305845,0.011187,-0.055062,-0.141246,-9.832158,-9.833327,-0.001065,-0.00213,-0.001065,99598.33,27.03,-0.0157839,
1476.316984,0.011139,0.004788,-0.086184,-9.820188,-9.820567,0.00639,-0.007455,0.00213,99598.33,27.03,-0.0030239,
1476.328258,0.011274,0.004788,-0.105336,-9.781884,-9.782452,0.00213,-0.007455,0.00213,99598.33,27.03,0.0350911,
1476.33945,0.011192,-0.08379,-0.100548,-9.83934,-9.84021,0,-0.001065,0.00213,99598.33,27.03,-0.0226669,
1476.350609,0.011159,0.004788,-0.093366,-9.853704,-9.854147,0.00852,-0.009585,0.003195,99600.89,27.04,-0.0366039,
1476.361768,0.011159,-0.04788,-0.122094,-9.860886,-9.861758,-0.001065,-0.003195,0.00426,99600.89,27.04,-0.0442149,
1476.37292,0.011152,0.019152,-0.114912,-9.853704,-9.854393,0.00426,-0.00639,0.00426,99600.89,27.04,-0.0368499,
1476.384134,0.011214,-0.038304,-0.090972,-9.853704,-9.854198,0.00213,-0.005325,0.003195,99600.89,27.04,-0.0366549,
1476.395318,0.011185,-0.105336,-0.112518,-9.882432,-9.883634,0.001065,-0.005325,0,99600.89,27.04,-0.0660909,
1476.406517,0.011199,-0.002394,-0.102942,-9.870462,-9.870999,0.00639,-0.007455,0.00426,99600.89,27.04,-0.0534559,
1476.41778,0.011263,-0.002394,-0.124488,-9.872856,-9.873641,-0.001065,-0.001065,0.00213,99603.65,27.04,-0.0560979,
1476.428952,0.011171,-0.055062,-0.076608,-9.89919,-9.89964,0.007455,-0.009585,0.003195,99603.65,27.04,-0.0820969,
1476.440002,0.01105,-0.040698,-0.098154,-9.892008,-9.892579,0.005325,-0.00639,0.00213,99603.65,27.04,-0.0750359,
1476.45122,0.011218,-0.08379,-0.040698,-9.889614,-9.890053,0.007455,-0.007455,0.003195,99603.65,27.04,-0.0725099,
1476.46252,0.011301,-0.045486,-0.028728,-9.892008,-9.892154,0.00639,-0.00852,0.005325,99603.65,27.04,-0.0746109,
1476.473699,0.011179,0.002394,-0.052668,-9.92313,-9.92327,0.00213,-0.00639,0.001065,99603.65,27.04,-0.1057269,
1476.484801,0.011102,-0.009576,-0.05985,-9.9351,-9.935285,0.00213,-0.00639,0.00213,99606.34,27.03,-0.1177419,
1476.495933,0.011132,-0.040698,-0.026334,-9.89919,-9.899309,0.00639,-0.011715,0.003195,99606.34,27.03,-0.0817659,
1476.507767,0.011834,-0.057456,-0.050274,-9.925524,-9.925818,0.005325,-0.011715,0.003195,99606.34,27.03,-0.1082749,
1476.518431,0.010664,-0.028728,-0.052668,-9.939888,-9.940069,0,-0.00426,0.001065,99606.34,27.03,-0.1225259,
1476.529705,0.011274,-0.004788,-0.055062,-9.963828,-9.963981,0.00639,-0.00852,0.001065,99606.34,27.03,-0.1464379,
1476.540685,0.01098,0.01197,-0.045486,-9.956646,-9.956757,0.003195,-0.011715,0,99606.34,27.03,-0.1392139,
1476.551851,0.011166,0.014364,-0.081396,-9.975798,-9.97614,-0.00213,-0.00426,0.001065,99606.34,27.03,-0.1585969,
1476.563052,0.0112,-0.026334,-0.038304,-9.97101,-9.971118,0.005325,-0.007455,0,99606.34,27.03,-0.1535749,
1476.574221,0.011169,0.002394,-0.02394,-9.94707,-9.947099,0.00213,-0.007455,0.001065,99606.34,27.03,-0.1295559,
1476.585444,0.011224,-0.021546,-0.04788,-10.009314,-10.009452,0.00639,-0.00852,0,99606.34,27.03,-0.1919089,
1476.596804,0.01136,-0.069426,-0.057456,-9.95904,-9.959448,0,-0.00213,-0.001065,99606.34,27.03,-0.1419049,
1476.607906,0.011102,-0.045486,-0.031122,-10.028466,-10.028617,0.00852,-0.01065,-0.001065,99609.09,27.03,-0.2110739,
1476.618986,0.011079,0.086184,-0.10773,-10.10268,-10.103622,-0.003195,0.001065,-0.00213,99609.09,27.03,-0.2860789,
1476.630273,0.011287,0.050274,-0.064638,-10.004526,-10.004861,0.011715,-0.00852,-0.00213,99609.09,27.03,-0.1873179,
1476.641409,0.011136,0.016758,-0.086184,-9.990162,-9.990548,-0.001065,-0.003195,-0.00213,99609.09,27.03,-0.1730049,
1476.652553,0.011144,0.067032,-0.055062,-10.014102,-10.014478,0.007455,-0.00639,-0.00426,99609.09,27.03,-0.1969349,
1476.663734,0.01118,0.117306,-0.122094,-10.014102,-10.015533,0,-0.005325,-0.003195,99609.09,27.03,-0.1979899,
1476.67493,0.011196,0.081396,-0.016758,-9.98298,-9.983326,0.003195,-0.00426,-0.00213,99611.79,27.03,-0.1657829,
1476.686094,0.011165,0.169974,-0.040698,-10.002132,-10.003659,0.003195,-0.01065,0.001065,99611.79,27.03,-0.1861159,
1476.697265,0.011171,0.105336,-0.026334,-10.023678,-10.024266,-0.001065,-0.00213,0.001065,99611.79,27.03,-0.2067229,
1476.708559,0.011294,0.117306,-0.043092,-9.968616,-9.969399,0.00639,-0.01065,0.001065,99611.79,27.03,-0.1518559,
1476.719858,0.011298,0.002394,-0.067032,-10.023678,-10.023902,0.001065,-0.001065,0.001065,99611.79,27.03,-0.2063589,
1476.730867,0.01101,0.081396,-0.031122,-10.045224,-10.045602,0.005325,-0.007455,0.001065,99614.36,27.03,-0.2280589,
1476.742055,0.011188,0.057456,-0.045486,-10.014102,-10.01437,0.003195,-0.00639,0.001065,99614.36,27.03,-0.1968269,
1476.753172,0.011117,0.019152,-0.050274,-10.061982,-10.062126,0.003195,-0.00426,0.003195,99614.36,27.03,-0.2445829,
1476.764383,0.011211,0.09576,-0.057456,-10.069164,-10.069783,0.00213,-0.007455,0.00426,99614.36,27.03,-0.2522399,
1476.775568,0.011185,-0.019152,-0.062244,-10.073952,-10.074162,0.00213,-0.00426,0,99614.36,27.03,-0.2566189,
1476.786784,0.011216,-0.028728,-0.07182,-10.081134,-10.081431,0.00213,-0.009585,0.00426,99614.36,27.03,-0.2638879,
1476.797987,0.011202,-0.086184,-0.098154,-10.071558,-10.072405,0.005325,-0.007455,0.003195,99617.3,27.03,-0.2548619,
1476.809204,0.011218,-0.08379,-0.07182,-10.083528,-10.084132,0.00213,-0.005325,0.003195,99617.3,27.03,-0.2665889,
1476.82032,0.011115,-0.026334,-0.100548,-10.10268,-10.103215,0.005325,-0.009585,0.00213,99617.3,27.03,-0.2856719,
1476.831539,0.011219,-0.102942,-0.098154,-10.117044,-10.118044,0.005325,-0.00639,0.003195,99617.3,27.03,-0.3005009,
1476.842682,0.011144,-0.09576,-0.117306,-10.095498,-10.096634,0.00426,-0.00852,0.00426,99617.3,27.03,-0.2790909,
1476.853922,0.01124,0.004788,-0.114912,-10.059588,-10.060245,0.005325,-0.00852,0.00213,99617.3,27.03,-0.2427019,
1476.865027,0.011105,-0.114912,-0.088578,-10.13859,-10.139628,0.001065,0.001065,0.001065,99617.3,27.03,-0.3220849,
1476.876276,0.011249,0,-0.093366,-10.09071,-10.091142,0.007455,-0.011715,0.003195,99617.3,27.03,-0.2735989,
1476.887541,0.011265,-0.07182,-0.138852,-10.117044,-10.118252,0.001065,-0.005325,0.005325,99617.3,27.03,-0.3007089,
1476.898833,0.011292,-0.057456,-0.08379,-10.112256,-10.112766,0.005325,-0.00639,0,99617.3,27.03,-0.2952229,
1476.909903,0.01107,-0.038304,-0.093366,-10.081134,-10.081639,0.005325,-0.00426,-0.001065,99617.3,27.03,-0.2640959,
1476.921081,0.011178,-0.055062,-0.088578,-10.121832,-10.122369,-0.001065,0,-0.001065,99620,27.03,-0.3048259,
1476.932125,0.011043,0.014364,-0.067032,-10.15056,-10.150791,0.007455,-0.007455,0.00213,99620,27.03,-0.3332479,
1476.943393,0.011268,0.019152,-0.064638,-10.155348,-10.155572,0.00639,-0.007455,0.00213,99620,27.03,-0.3380289,
1476.953482,0.01009,-0.043092,-0.117306,-10.131408,-10.132179,0,-0.001065,0,99620,27.03,-0.3146359,
1476.963575,0.010092,0.050274,-0.040698,-10.131408,-10.131614,0.00852,-0.00639,0.003195,99620,27.03,-0.3140709,
1476.973722,0.010147,0.105336,-0.098154,-10.193652,-10.194669,0.00213,-0.00639,0,99620,27.03,-0.3771259,
1476.983826,0.010104,-0.004788,-0.105336,-10.179288,-10.179834,0,0.001065,0.001065,99622.78,27.03,-0.3622909,
1476.993945,0.01012,0.10773,-0.05985,-10.184076,-10.184822,0.009585,-0.01065,0.001065,99622.78,27.03,-0.3672789,
1477.004096,0.01015,0.126882,-0.08379,-10.22238,-10.223511,-0.001065,-0.005325,0,99622.78,27.03,-0.4059679,
1477.014237,0.010142,0.138852,-0.026334,-10.212804,-10.213782,0.00213,-0.005325,0.00213,99622.78,27.03,-0.3962389,
1477.024345,0.010108,0.100548,-0.04788,-10.205622,-10.20623,0.00852,-0.01065,0.001065,99622.78,27.03,-0.3886869,
1477.034442,0.010096,0.045486,-0.081396,-10.227168,-10.227593,0,-0.00213,0.00213,99622.78,27.03,-0.4100499,
1477.044606,0.010164,0.05985,-0.02394,-10.22238,-10.222583,0.00213,-0.005325,0.00213,99625.5,27.03,-0.4050399,
1477.054696,0.01009,0.057456,-0.04788,-10.229562,-10.229835,0.005325,-0.009585,0.00213,99625.5,27.03,-0.4122919,
1477.064818,0.010121,0.031122,-0.04788,-10.236744,-10.236903,0.00213,-0.003195,0,99625.5,27.03,-0.4193599,
1477.074991,0.010173,0.045486,-0.021546,-10.227168,-10.227292,0.00639,-0.01065,0.001065,99625.5,27.03,-0.4097489,
1477.085078,0.010088,0.05985,-0.040698,-10.21041,-10.210667,0.00426,-0.00426,0.00213,99625.5,27.03,-0.3931239,
1477.095169,0.010091,-0.007182,-0.062244,-10.203228,-10.20342,0.00426,-0.007455,0.001065,99625.5,27.03,-0.3858769,
1477.105314,0.010145,-0.019152,-0.045486,-10.248714,-10.248833,0.00426,-0.00426,0,99625.5,27.03,-0.4312899,
1477.11542,0.010105,0.007182,-0.045486,-10.241532,-10.241636,0.00639,-0.007455,-0.001065,99628.19,27.03,-0.4240929,
1477.125543,0.010124,-0.064638,-0.093366,-10.23435,-10.23498,0.003195,-0.007455,0.001065,99628.19,27.03,-0.4174369,
1477.13564,0.010097,-0.03591,-0.050274,-10.231956,-10.232143,0.003195,-0.00426,0.00426,99628.19,27.03,-0.4145999,
1477.145861,0.01022,-0.045486,-0.064638,-10.19844,-10.198746,0.00426,-0.00852,-0.001065,99628.19,27.03,-0.3812029,
1477.155976,0.010116,-0.1197,-0.093366,-10.236744,-10.23787,0.001065,-0.003195,0.001065,99628.19,27.03,-0.4203269,
1477.166075,0.010099,-0.086184,-0.033516,-10.224774,-10.225192,0.007455,-0.01065,0.00213,99628.19,27.03,-0.4076489,
1477.176156,0.010081,-0.074214,-0.112518,-10.217592,-10.218481,-0.00213,-0.003195,-0.001065,99628.19,27.03,-0.4009379,
1477.186238,0.010082,-0.098154,-0.08379,-10.236744,-10.237557,0.00852,-0.00639,0.001065,99628.19,27.03,-0.4200139,
1477.196313,0.010075,-0.07182,-0.098154,-10.231956,-10.232679,0.003195,-0.007455,0.003195,99628.19,27.03,-0.4151359,
1477.206493,0.01018,-0.067032,-0.117306,-10.224774,-10.225667,0.00213,-0.00426,0.00213,99628.19,27.03,-0.4081239,
1477.216636,0.010142,-0.064638,-0.117306,-10.251108,-10.251983,0.003195,-0.005325,0,99628.19,27.03,-0.4344399,
1477.226721,0.010085,-0.076608,-0.090972,-10.272654,-10.273342,0,-0.001065,0.001065,99628.19,27.03,-0.4557989,
1477.236879,0.010158,-0.040698,-0.112518,-10.287018,-10.287714,0.005325,-0.00852,0,99630.79,27.03,-0.4701709,
1477.247007,0.010128,-0.040698,-0.150822,-10.272654,-10.273842,0.00213,-0.00213,0.003195,99630.79,27.03,-0.4562989,
1477.257208,0.010201,-0.02394,-0.136458,-10.291806,-10.292738,0.00213,-0.00639,0,99630.79,27.03,-0.4751949,
1477.267713,0.010504,-0.03591,-0.098154,-10.303776,-10.304306,0.00426,-0.003195,0.00426,99630.79,27.03,-0.4867629,
1477.278867,0.011155,-0.057456,-0.165186,-10.337292,-10.338771,0.001065,-0.00426,0.00213,99630.79,27.03,-0.5212279,
1477.290231,0.011363,-0.038304,-0.088578,-10.34208,-10.34253,0,-0.007455,0.00213,99630.79,27.03,-0.5249869,
1477.301317,0.011087,0.019152,-0.122094,-10.334898,-10.335637,0.00213,-0.00639,0.00426,99633.57,27.03,-0.5180939,
1477.312413,0.011095,0,-0.126882,-10.35405,-10.354827,0.003195,-0.00639,0.00426,99633.57,27.03,-0.5372839,
1477.323609,0.011197,0.055062,-0.090972,-10.385172,-10.385716,0,-0.00639,0.00426,99633.57,27.03,-0.5681729,
1477.334836,0.011226,0.03591,-0.129276,-10.37799,-10.378857,0.00426,-0.00426,0.005325,99633.57,27.03,-0.5613139,
1477.346018,0.011183,0.02394,-0.14364,-10.356444,-10.357468,0.003195,-0.007455,0.00213,99633.57,27.03,-0.5399249,
1477.357144,0.011125,0.007182,-0.098154,-10.38996,-10.390426,0.001065,-0.005325,0.00213,99633.57,27.03,-0.5728829,
1477.368329,0.011186,0.04788,-0.112518,-10.387566,-10.388286,0.00852,-0.00852,0.00426,99636.38,27.03,-0.5707429,
1477.37963,0.011301,0.03591,-0.074214,-10.356444,-10.356772,0.007455,-0.00852,0.003195,99636.38,27.03,-0.5392289,
1477.39077,0.01114,0.021546,-0.086184,-10.370808,-10.371188,0.003195,-0.007455,0.00426,99636.38,27.03,-0.5536449,
1477.401947,0.011177,0.009576,-0.100548,-10.382778,-10.383269,0.003195,-0.005325,0.00213,99636.38,27.03,-0.5657259,
1477.413103,0.011156,0.009576,-0.102942,-10.373202,-10.373717,0.00426,-0.00426,0.00213,99636.38,27.03,-0.5561739,
1477.424241,0.011138,0.009576,-0.052668,-10.380384,-10.380522,0.007455,-0.00639,0.003195,99639.02,27.03,-0.5629789,
1477.435457,0.011217,0.007182,-0.079002,-10.392354,-10.392657,0.001065,-0.005325,0.003195,99639.02,27.03,-0.5751139,
1477.446777,0.011319,-0.004788,-0.050274,-10.38996,-10.390083,0.007455,-0.001065,0.00213,99639.02,27.03,-0.5725399,
1477.457864,0.011087,0,-0.04788,-10.380384,-10.380494,0.007455,-0.00852,0.00426,99639.02,27.03,-0.5629509,
1477.469067,0.011203,-0.021546,-0.052668,-10.368414,-10.36857,0.003195,-0.00852,0.00213,99639.02,27.03,-0.5510269,
1477.480189,0.011122,-0.021546,-0.01197,-10.397142,-10.397171,0.00213,-0.00426,0.001065,99639.02,27.03,-0.5796279,
1477.491429,0.01124,0.07182,-0.019152,-10.423476,-10.423741,0.007455,-0.007455,0.001065,99639.02,27.03,-0.6061979,
1477.501824,0.010394,0.064638,-0.05985,-10.40193,-10.402303,0,-0.005325,0.00213,99639.02,27.03,-0.5847599,
1477.511908,0.010085,0.004788,-0.004788,-10.392354,-10.392356,0.00426,-0.007455,0.001065,99639.02,27.03,-0.5748129,
1477.522,0.010092,0.07182,-0.043092,-10.4139,-10.414237,0.003195,-0.00852,0.001065,99639.02,27.03,-0.5966939,
1477.532081,0.010081,0.01197,-0.057456,-10.433052,-10.433217,0.00426,-0.007455,-0.00213,99639.02,27.03,-0.6156739,
1477.542172,0.010091,0.009576,-0.055062,-10.454598,-10.454747,0.00426,-0.00426,0.001065,99639.02,27.03,-0.6372039,
1477.552265,0.010094,0.062244,-0.052668,-10.44981,-10.450128,0.00213,-0.00852,0,99641.81,27.03,-0.6325849,
1477.562351,0.010086,0.02394,-0.08379,-10.49769,-10.498052,0.003195,-0.00639,0.003195,99641.81,27.03,-0.6805089,
1477.572443,0.010092,-0.028728,-0.076608,-10.507266,-10.507585,0.003195,-0.007455,0,99641.81,27.03,-0.6900419,
1477.582555,0.010112,0.01197,-0.08379,-10.524024,-10.524364,0,-0.007455,0,99641.81,27.03,-0.7068209,
1477.592644,0.01009,-0.007182,-0.086184,-10.516842,-10.517198,0.001065,-0.003195,0,99641.81,27.03,-0.6996549,
1477.602744,0.010099,-0.019152,-0.138852,-10.538388,-10.53932,0.00213,-0.00852,0,99641.81,27.03,-0.7217769,
1477.612832,0.010088,-0.064638,-0.086184,-10.552752,-10.553302,-0.00213,-0.00639,0.00213,99641.81,27.03,-0.7357589,
1477.622935,0.010104,-0.002394,-0.093366,-10.52163,-10.522045,0.00213,-0.009585,0.00213,99644.5,27.03,-0.7045019,
1477.633025,0.01009,-0.019152,-0.086184,-10.507266,-10.507637,-0.001065,-0.005325,0.001065,99644.5,27.03,-0.6900939,
1477.643128,0.010103,-0.01197,-0.102942,-10.502478,-10.502989,-0.001065,-0.00639,0.00213,99644.5,27.03,-0.6854459,
1477.653232,0.010104,-0.031122,-0.069426,-10.502478,-10.502754,0.003195,-0.00426,-0.00213,99644.5,27.03,-0.6852109,
1477.663316,0.010084,-0.004788,-0.093366,-10.502478,-10.502894,0,-0.011715,0,99644.5,27.03,-0.6853509,
1477.673443,0.010127,-0.038304,-0.088578,-10.502478,-10.502921,0.001065,-0.00213,0.001065,99644.5,27.03,-0.6853779,
1477.683626,0.010183,0.033516,-0.088578,-10.49769,-10.498117,0.007455,-0.00852,0.001065,99647.29,27.03,-0.6805739,
1477.693763,0.010136,-0.038304,-0.055062,-10.514448,-10.514662,0,-0.001065,0.00426,99647.29,27.03,-0.6971189,
1477.703865,0.010102,0.02394,-0.088578,-10.504872,-10.505273,0.003195,-0.009585,0.001065,99647.29,27.03,-0.6877299,
1477.713978,0.010113,-0.009576,-0.057456,-10.514448,-10.514609,0.005325,-0.00639,0.003195,99647.29,27.03,-0.6970659,
1477.724072,0.010094,-0.052668,-0.105336,-10.531206,-10.531864,0.001065,-0.001065,0,99647.29,27.03,-0.7143209,
1477.734151,0.010079,0.007182,-0.088578,-10.490508,-10.490884,0.00426,-0.007455,0.005325,99647.29,27.03,-0.6733409,
1477.744239,0.010089,0.016758,-0.069426,-10.516842,-10.517085,0.003195,-0.00639,0,99649.9,27.03,-0.6995419,
1477.754334,0.010094,-0.038304,-0.08379,-10.5336,-10.534003,-0.003195,-0.00213,0.001065,99649.9,27.03,-0.7164599,
1477.764439,0.010106,0.021546,-0.055062,-10.55754,-10.557706,0.00852,-0.01065,0.005325,99649.9,27.03,-0.7401629,
1477.774536,0.010097,0.019152,-0.1197,-10.547964,-10.548661,-0.001065,-0.00426,0.00213,99649.9,27.03,-0.7311179,
1477.784645,0.010109,-0.057456,-0.067032,-10.550358,-10.550727,0.007455,-0.005325,0.005325,99649.9,27.03,-0.7331839,
1477.795155,0.01051,0.002394,-0.088578,-10.571904,-10.572275,0.00213,-0.01065,0.00213,99649.9,27.03,-0.7547319,
1477.805252,0.010097,-0.043092,-0.105336,-10.567116,-10.567729,0.00213,-0.00213,0,99649.9,27.03,-0.7501859,
1477.815386,0.010134,-0.055062,-0.074214,-10.58148,-10.581884,0.001065,-0.00639,0.003195,99649.9,27.03,-0.7643409,
1477.82548,0.010094,0.019152,-0.05985,-10.61739,-10.617576,0.00852,-0.01065,0.005325,99649.9,27.03,-0.8000329,
1477.835563,0.010083,-0.031122,-0.110124,-10.658088,-10.658702,-0.001065,-0.003195,0.00426,99649.9,27.03,-0.8411589,
1477.845667,0.010104,-0.038304,-0.069426,-10.576692,-10.576989,0.009585,-0.009585,0.00426,99649.9,27.03,-0.7594459,
1477.855783,0.010116,-0.016758,-0.100548,-10.648512,-10.649,0,-0.00639,0.00213,99649.9,27.03,-0.8314569,
1477.865989,0.010206,-0.019152,-0.074214,-10.610208,-10.610485,0.003195,-0.00639,0.00213,99649.9,27.03,-0.7929419,
1477.876077,0.010088,-0.026334,-0.088578,-10.60542,-10.605823,0.003195,-0.00639,0.00213,99652.8,27.03,-0.7882799,
1477.886164,0.010087,-0.01197,-0.076608,-10.61739,-10.617673,0.003195,-0.003195,0.00426,99652.8,27.03,-0.8001299,
1477.896265,0.010101,0.057456,-0.090972,-10.62936,-10.629905,0.00426,-0.00639,0.003195,99652.8,27.03,-0.8123619,
1477.906361,0.010096,0.014364,-0.09576,-10.607814,-10.608256,0.005325,-0.005325,0.001065,99652.8,27.03,-0.7907129,
1477.916445,0.010085,0.026334,-0.050274,-10.624572,-10.624724,0.001065,-0.00426,0.001065,99652.8,27.03,-0.8071809,
1477.926528,0.010082,0.057456,-0.052668,-10.61739,-10.617676,0.007455,-0.00639,0,99652.8,27.03,-0.8001329,
1477.936614,0.010087,0.031122,-0.040698,-10.624572,-10.624696,0.00213,-0.003195,0.001065,99655.56,27.03,-0.8071529,
1477.946699,0.010085,0.069426,-0.081396,-10.638936,-10.639474,0.00639,-0.00639,0.003195,99655.56,27.03,-0.8219309,
1477.95679,0.010091,0.026334,-0.04788,-10.655694,-10.655834,0.00426,-0.005325,0,99655.56,27.03,-0.8382909,
1477.966876,0.010086,0.062244,-0.057456,-10.624572,-10.62491,0.003195,-0.00426,0.003195,99655.56,27.03,-0.8073669,
1477.976987,0.010111,0.04788,-0.055062,-10.624572,-10.624823,0.007455,-0.00852,0.001065,99655.56,27.03,-0.8072799,
1477.987089,0.010102,0.05985,-0.069426,-10.648512,-10.648907,0.00426,-0.00426,0.00213,99655.56,27.03,-0.8313639,
1477.997183,0.010094,0.028728,-0.07182,-10.6533,-10.653581,0.00639,-0.00213,0.00213,99658.25,27.03,-0.8360379,
1478.007292,0.010109,0,-0.093366,-10.68921,-10.689618,0.007455,-0.00639,0.001065,99658.25,27.03,-0.8720749,
1478.0174,0.010109,0.021546,-0.081396,-10.634148,-10.634481,0.003195,-0.003195,0.003195,99658.25,27.03,-0.8169379,
1478.027584,0.010184,-0.004788,-0.07182,-10.643724,-10.643967,0.003195,-0.003195,0.001065,99658.25,27.03,-0.8264239,
1478.037722,0.010138,-0.004788,-0.081396,-10.655694,-10.656006,0.00426,-0.00426,0,99658.25,27.03,-0.8384629,
1478.048165,0.010443,0.067032,-0.090972,-10.672452,-10.67305,0.007455,-0.00639,0.00213,99658.25,27.03,-0.8555069,
1478.058254,0.010089,-0.016758,-0.114912,-10.648512,-10.649145,0.00639,-0.009585,0,99658.25,27.03,-0.8316019,
1478.068351,0.010097,-0.064638,-0.112518,-10.631754,-10.632546,0.003195,-0.00213,0.00213,99660.99,27.03,-0.8150029,
1478.078475,0.010124,0.014364,-0.086184,-10.624572,-10.624931,0.005325,-0.009585,0,99660.99,27.03,-0.8073879,
1478.088575,0.0101,-0.057456,-0.129276,-10.62936,-10.630301,0.003195,-0.00426,0.00213,99660.99,27.03,-0.8127579,
1478.098669,0.010094,-0.045486,-0.090972,-10.61739,-10.617877,0.00639,-0.00639,-0.001065,99660.99,27.03,-0.8003339,
1478.108773,0.010103,-0.002394,-0.09576,-10.591056,-10.591489,0.005325,-0.005325,0,99660.99,27.03,-0.7739459,
1478.118877,0.010104,-0.021546,-0.126882,-10.598238,-10.599019,0.00213,-0.00639,0.001065,99660.99,27.03,-0.7814759,
1478.129182,0.010305,-0.045486,-0.086184,-10.583874,-10.584323,0,-0.005325,0.00213,99660.99,27.03,-0.7667799,
1478.139319,0.010137,0,-0.122094,-10.603026,-10.603729,0.003195,-0.007455,0.003195,99660.99,27.03,-0.7861859,
1478.149424,0.010105,-0.038304,-0.10773,-10.591056,-10.591673,0.00426,-0.009585,-0.001065,99660.99,27.03,-0.7741299,
1478.159534,0.010111,-0.050274,-0.076608,-10.59345,-10.593846,0.00213,-0.00213,0.00426,99660.99,27.03,-0.7763029,
1478.169674,0.01014,0.033516,-0.074214,-10.58148,-10.581793,0.007455,-0.01065,0.003195,99660.99,27.03,-0.7642499,
1478.179791,0.010116,-0.002394,-0.117306,-10.591056,-10.591706,0.00213,-0.005325,0.00213,99660.99,27.03,-0.7741629,
1478.18997,0.01018,-0.038304,-0.07182,-10.571904,-10.572217,0.00639,-0.005325,0,99663.68,27.03,-0.7546739,
1478.200099,0.010129,0.014364,-0.090972,-10.579086,-10.579487,0.00426,-0.00852,0.001065,99663.68,27.03,-0.7619439,
1478.210215,0.010116,-0.004788,-0.07182,-10.612602,-10.612846,0.005325,-0.00426,0.003195,99663.68,27.03,-0.7953029,
1478.220318,0.010104,-0.031122,-0.117306,-10.614996,-10.61569,0.00426,-0.00639,0.00213,99663.68,27.03,-0.7981469,
1478.230437,0.010118,-0.033516,-0.074214,-10.586268,-10.586581,0.00639,-0.007455,-0.001065,99663.68,27.03,-0.7690379,
1478.240543,0.010106,0,-0.074214,-10.591056,-10.591316,0.00426,-0.005325,0.00426,99663.68,27.03,-0.7737729,
1478.25076,0.010218,-0.002394,-0.114912,-10.634148,-10.634769,0.003195,-0.00426,0.00426,99666.31,27.03,-0.8172259,
1478.260842,0.010082,-0.02394,-0.064638,-10.62936,-10.629583,0.005325,-0.00639,0.003195,99666.31,27.03,-0.8120399,
1478.270986,0.010144,-0.040698,-0.09576,-10.631754,-10.632263,0.00213,-0.00426,0.001065,99666.31,27.03,-0.8147199,
1478.281076,0.01009,0.004788,-0.074214,-10.610208,-10.610469,0.00213,-0.00639,0,99666.31,27.03,-0.7929259,
1478.291179,0.010103,-0.016758,-0.069426,-10.586268,-10.586509,0.003195,-0.003195,0.003195,99666.31,27.03,-0.7689659,
1478.301427,0.010248,0.007182,-0.079002,-10.614996,-10.615292,0.00426,-0.00426,0.003195,99666.31,27.03,-0.7977489,
1478.31152,0.010093,0.045486,-0.067032,-10.624572,-10.624881,0.005325,-0.00426,0.00213,99669.05,27.03,-0.8073379,
1478.321696,0.010176,-0.009576,-0.038304,-10.603026,-10.6031,0.001065,-0.007455,0.00639,99669.05,27.03,-0.7855569,
1478.331821,0.010125,0.026334,-0.062244,-10.622178,-10.622393,0.00213,-0.005325,0.003195,99669.05,27.03,-0.8048499,
1478.341913,0.010092,0.050274,-0.07182,-10.622178,-10.62254,0.00426,-0.00639,0,99669.05,27.03,-0.8049969,
1478.352041,0.010128,0.05985,-0.079002,-10.626966,-10.627428,0,-0.005325,0.003195,99669.05,27.03,-0.8098849,
1478.362131,0.01009,0.026334,-0.05985,-10.619784,-10.619985,0.00213,-0.007455,0,99669.05,27.03,-0.8024419,
1478.372222,0.010091,0.021546,-0.07182,-10.646118,-10.646382,0.003195,-0.00426,0,99669.05,27.03,-0.8288389,
1478.382297,0.010075,0.019152,-0.079002,-10.614996,-10.615307,0.00426,-0.00639,0.003195,99671.74,27.03,-0.7977639,
1478.392401,0.010104,0.01197,-0.076608,-10.610208,-10.610491,0.00426,-0.00639,0.00426,99671.74,27.03,-0.7929479,
1478.402492,0.010091,0.067032,-0.100548,-10.61739,-10.618078,0,-0.00426,-0.001065,99671.74,27.03,-0.8005349,
1478.412584,0.010091,0,-0.074214,-10.636542,-10.636801,0.00426,-0.00852,0.001065,99671.74,27.03,-0.8192579,
1478.422679,0.010095,0.002394,-0.105336,-10.614996,-10.615519,0.005325,-0.00426,0.001065,99671.74,27.03,-0.7979759,
1478.432764,0.010086,0.03591,-0.038304,-10.588662,-10.588792,0.001065,-0.00426,0.00213,99671.74,27.03,-0.7712489,
1478.443113,0.010349,-0.02394,-0.100548,-10.626966,-10.627469,0.00639,-0.00213,0.003195,99671.74,27.03,-0.8099259,
1478.453212,0.010099,-0.021546,-0.090972,-10.612602,-10.613014,0,-0.00426,0.00213,99671.74,27.03,-0.7954709,
1478.463297,0.010084,0.028728,-0.07182,-10.619784,-10.620066,0.00426,-0.005325,0.001065,99671.74,27.03,-0.8025229,
1478.473425,0.010129,0.02394,-0.134064,-10.626966,-10.627839,0.00213,-0.00213,0.003195,99671.74,27.03,-0.8102959,
1478.483528,0.010103,-0.01197,-0.134064,-10.624572,-10.625425,0.003195,-0.00639,0.001065,99671.74,27.03,-0.8078819,
1478.49373,0.010202,-0.002394,-0.081396,-10.62936,-10.629672,0.001065,-0.00426,0.003195,99671.74,27.03,-0.8121289,
1478.50383,0.0101,-0.004788,-0.086184,-10.648512,-10.648862,0.00639,-0.00852,0,99674.3,27.03,-0.8313189,
1478.513916,0.010086,-0.07182,-0.105336,-10.634148,-10.634912,-0.001065,0,0.00213,99674.3,27.03,-0.8173689,
1478.52406,0.010143,0.04788,-0.045486,-10.614996,-10.615201,0.001065,-0.005325,0.00213,99674.3,27.03,-0.7976579,
1478.534163,0.010103,0.038304,-0.031122,-10.598238,-10.598353,0.007455,-0.009585,0.00213,99674.3,27.03,-0.7808099,
1478.544332,0.010169,-0.088578,-0.129276,-10.64133,-10.642484,-0.00426,0.00426,0,99674.3,27.03,-0.8249409,
1478.554437,0.010105,0.028728,-0.055062,-10.60542,-10.605602,0.007455,-0.01278,0.00426,99674.3,27.03,-0.7880589,
1478.565113,0.010676,-0.05985,-0.016758,-10.595844,-10.596026,0.00426,-0.003195,0,99677.01,27.03,-0.7784829,
1478.57742,0.012306,-0.081396,-0.105336,-10.643724,-10.644556,-0.00213,-0.005325,0,99677.01,27.03,-0.8270129,
1478.587538,0.010118,0.016758,-0.043092,-10.626966,-10.627067,0.005325,-0.00852,0,99677.01,27.03,-0.8095239,
1478.598643,0.011106,-0.093366,-0.026334,-10.67724,-10.677681,0,0,-0.001065,99677.01,27.03,-0.8601379,
1478.609914,0.011271,0.028728,-0.05985,-10.626966,-10.627173,0.00426,-0.00852,0.001065,99677.01,27.03,-0.8096299,
1478.621004,0.01109,-0.079002,-0.079002,-10.64133,-10.641917,0,0,-0.001065,99677.01,27.03,-0.8243739,
1478.632277,0.011273,0.01197,-0.04788,-10.62936,-10.629475,0.00426,-0.009585,-0.001065,99679.62,27.03,-0.8119319,
1478.643522,0.011244,0.01197,-0.057456,-10.622178,-10.62234,0.00213,-0.00426,-0.00213,99679.62,27.03,-0.8047969,
1478.654665,0.011144,-0.033516,-0.076608,-10.658088,-10.658416,0.001065,-0.001065,-0.001065,99679.62,27.03,-0.8408729,
1478.665897,0.011231,0.07182,-0.043092,-10.634148,-10.634478,0.00639,-0.009585,-0.00213,99679.62,27.03,-0.8169349,
1478.677038,0.011142,0.040698,-0.076608,-10.646118,-10.646471,0.003195,-0.00426,0,99679.62,27.03,-0.8289279,
1478.688214,0.011176,-0.026334,-0.074214,-10.619784,-10.620076,0,-0.003195,0.00213,99679.62,27.03,-0.8025329,
1478.699647,0.011433,0.040698,-0.090972,-10.634148,-10.634615,0.003195,-0.007455,0.003195,99682.23,27.03,-0.8170719,
1478.710569,0.010921,-0.009576,-0.112518,-10.64133,-10.641929,0.003195,-0.005325,0.00213,99682.23,27.03,-0.8243859,
1478.721715,0.011146,0.086184,-0.08379,-10.634148,-10.634827,0.00213,-0.007455,0.00213,99682.23,27.03,-0.8172839,
1478.732868,0.011153,0.01197,-0.081396,-10.619784,-10.620103,0.00213,-0.00639,0.003195,99682.23,27.03,-0.8025599,
1478.744088,0.01122,-0.002394,-0.117306,-10.579086,-10.579737,0.001065,-0.007455,0.003195,99682.23,27.03,-0.7621939,
1478.755323,0.011235,0.064638,-0.074214,-10.574298,-10.574756,0.003195,-0.00639,0.005325,99682.23,27.03,-0.7572129,
1478.766553,0.01123,-0.01197,-0.090972,-10.626966,-10.627362,0.001065,-0.00213,0.00426,99682.23,27.03,-0.8098189,
1478.777639,0.011086,0.019152,-0.074214,-10.614996,-10.615273,0.003195,-0.00639,0.00426,99682.23,27.03,-0.7977299,
1478.788882,0.011243,-0.019152,-0.093366,-10.614996,-10.615424,0.00426,-0.005325,0.00213,99682.23,27.03,-0.7978809,
1478.8,0.011118,0.009576,-0.129276,-10.610208,-10.611,0.00213,-0.00213,0.00426,99682.23,27.03,-0.7934569,
1478.811507,0.011507,-0.019152,-0.07182,-10.614996,-10.615256,0.007455,-0.00639,0.00213,99682.23,27.03,-0.7977129,
1478.822408,0.010901,-0.07182,-0.100548,-10.612602,-10.613321,0.001065,-0.00426,0.00426,99684.87,27.03,-0.7957779,
1478.833561,0.011153,-0.009576,-0.09576,-10.62936,-10.629796,0.003195,-0.00426,0.005325,99684.87,27.03,-0.8122529,
1478.844752,0.011191,-0.002394,-0.076608,-10.603026,-10.603303,0.005325,-0.005325,0.003195,99684.87,27.03,-0.7857599,
1478.855912,0.011159,-0.052668,-0.090972,-10.655694,-10.656212,0.005325,-0.00426,0.001065,99684.87,27.03,-0.8386689,
1478.867187,0.011276,-0.04788,-0.057456,-10.626966,-10.627229,0.005325,-0.00852,0.003195,99684.87,27.03,-0.8096859,
1478.878332,0.011145,-0.07182,-0.086184,-10.624572,-10.625164,0.00213,-0.00426,0.00426,99684.87,27.03,-0.8076209,
1478.889506,0.011174,-0.03591,-0.055062,-10.619784,-10.619987,0.007455,-0.009585,0.001065,99687.31,27.03,-0.8024439,
1478.90085,0.011344,-0.002394,-0.064638,-10.624572,-10.624769,0.001065,-0.00639,0,99687.31,27.03,-0.8072259,
1478.911868,0.011018,-0.002394,-0.086184,-10.631754,-10.632104,0.00426,-0.007455,0.001065,99687.31,27.03,-0.8145609,
1478.92311,0.011242,0.009576,-0.088578,-10.636542,-10.636915,0.00426,-0.00852,0.001065,99687.31,27.03,-0.8193719,
1478.934326,0.011217,-0.007182,-0.079002,-10.624572,-10.624868,0.00639,-0.005325,0.00213,99687.31,27.03,-0.8073249,
1478.945449,0.011123,0.009576,-0.062244,-10.631754,-10.631941,0.00426,-0.007455,0,99689.89,27.03,-0.8143979,
1478.956566,0.011117,0.01197,-0.064638,-10.626966,-10.627169,0.00213,-0.00639,0,99689.89,27.03,-0.8096259,
1478.967859,0.011293,0.040698,-0.028728,-10.62936,-10.629477,0.003195,-0.00852,0.00213,99689.89,27.03,-0.8119339,
1478.978997,0.011138,0.057456,-0.08379,-10.598238,-10.598725,0.00213,-0.00639,0,99689.89,27.03,-0.7811819,
1478.990238,0.011241,0,-0.074214,-10.600632,-10.600892,0,-0.001065,-0.00213,99689.89,27.03,-0.7833489,
1479.001289,0.011051,0.040698,-0.069426,-10.59345,-10.593756,0.00426,-0.01065,0,99689.89,27.03,-0.7762129,
1479.012487,0.011198,0,-0.086184,-10.614996,-10.615346,0,-0.005325,0,99692.29,27.03,-0.7978029,
1479.023738,0.011251,0.016758,-0.081396,-10.612602,-10.612927,0,-0.007455,0.001065,99692.29,27.03,-0.7953839,
1479.034859,0.011121,0.055062,-0.105336,-10.622178,-10.622843,0.003195,-0.007455,0.003195,99692.29,27.03,-0.8052999,
1479.046128,0.011269,0.007182,-0.110124,-10.624572,-10.625145,0.003195,-0.00426,0.00213,99692.29,27.03,-0.8076019,
1479.057224,0.011096,0.031122,-0.102942,-10.626966,-10.62751,0.003195,-0.007455,0.003195,99692.29,27.03,-0.8099669,
1479.06846,0.011236,0.002394,-0.112518,-10.636542,-10.637137,0.00639,-0.00639,0.00213,99692.29,27.03,-0.8195939,
1479.079683,0.011223,-0.03591,-0.098154,-10.64133,-10.641843,0.003195,-0.005325,0.001065,99692.29,27.03,-0.8242999,
1479.090929,0.011246,-0.014364,-0.07182,-10.667664,-10.667915,0.00213,-0.00426,0.001065,99692.29,27.03,-0.8503719,
1479.102083,0.011154,0.009576,-0.102942,-10.64133,-10.641832,0.005325,-0.00639,0.00426,99692.29,27.03,-0.8242889,
1479.113208,0.011125,-0.055062,-0.110124,-10.62936,-10.630073,0.00213,-0.003195,0.00213,99692.29,27.03,-0.8125299,
1479.12434,0.011132,0.007182,-0.055062,-10.634148,-10.634293,0.00639,-0.00852,0.00213,99692.29,27.03,-0.8167499,
1479.13565,0.01131,-0.040698,-0.129276,-10.634148,-10.635012,0.00213,-0.003195,0.00213,99694.63,27.03,-0.8174689,
1479.146803,0.011153,0.045486,-0.043092,-10.60542,-10.605605,0.00852,-0.009585,0.00213,99694.63,27.03,-0.7880619,
1479.158014,0.011211,-0.05985,-0.074214,-10.626966,-10.627394,0.00426,-0.00639,0,99694.63,27.03,-0.8098509,
1479.16918,0.011166,-0.016758,-0.124488,-10.622178,-10.622921,-0.001065,-0.003195,0.00213,99694.63,27.03,-0.8053779,
1479.18028,0.0111,0.055062,-0.064638,-10.607814,-10.608154,0.00852,-0.011715,0.003195,99694.63,27.03,-0.7906109,
1479.191499,0.011219,-0.043092,-0.100548,-10.631754,-10.632317,0.001065,-0.007455,0.001065,99694.63,27.03,-0.8147739,
1479.202735,0.011236,-0.007182,-0.079002,-10.622178,-10.622474,0.003195,-0.007455,0.001065,99696.94,27.03,-0.8049309,
1479.214071,0.011336,-0.02394,-0.100548,-10.636542,-10.637044,0.00426,-0.009585,0.003195,99696.94,27.03,-0.8195009,
1479.225017,0.010945,0.004788,-0.069426,-10.607814,-10.608042,0.00426,-0.005325,0.001065,99696.94,27.03,-0.7904989,
1479.236202,0.011185,0.019152,-0.079002,-10.622178,-10.622489,0.003195,-0.007455,0.00213,99696.94,27.03,-0.8049459,
1479.247447,0.011245,0,-0.105336,-10.634148,-10.63467,0.003195,-0.00213,0.001065,99696.94,27.03,-0.8171269,
1479.258622,0.011175,0.028728,-0.076608,-10.619784,-10.620099,0.00639,-0.00852,0.005325,99696.94,27.03,-0.8025559,
1479.269997,0.011375,-0.026334,-0.079002,-10.588662,-10.588989,0.001065,-0.007455,0.001065,99699.1,27.03,-0.7714459,
1479.280941,0.010944,-0.02394,-0.081396,-10.610208,-10.610547,0.00213,-0.00426,0,99699.1,27.03,-0.7930039,
1479.292116,0.011175,0.014364,-0.093366,-10.646118,-10.646537,0.005325,-0.005325,0.00213,99699.1,27.03,-0.8289939,
1479.303404,0.011288,-0.007182,-0.07182,-10.646118,-10.646363,0.00426,-0.007455,0.00213,99699.1,27.03,-0.8288199,
1479.314531,0.011127,0.033516,-0.069426,-10.61739,-10.61767,0.001065,-0.003195,0.00213,99699.1,27.03,-0.8001269,
1479.3257,0.01117,0.019152,-0.098154,-10.631754,-10.632224,0.005325,-0.007455,0.003195,99701.15,27.03,-0.8146809,
1479.336933,0.011232,-0.01197,-0.088578,-10.631754,-10.63213,0.00213,-0.00852,0.00213,99701.15,27.03,-0.8145869,
1479.348241,0.011308,0.016758,-0.079002,-10.64133,-10.641636,0.00213,-0.00426,0,99701.15,27.03,-0.8240929,
1479.359273,0.011033,0.033516,-0.07182,-10.634148,-10.634443,0.00426,-0.007455,0.001065,99701.15,27.03,-0.8168999,
1479.370468,0.011195,0.016758,-0.067032,-10.634148,-10.634372,0.003195,-0.00639,0,99701.15,27.03,-0.8168289,
1479.381671,0.011203,0.014364,-0.03591,-10.634148,-10.634218,0.001065,-0.00426,0.00213,99701.15,27.03,-0.8166749,
1479.392824,0.011153,-0.014364,-0.10773,-10.648512,-10.649067,0.003195,-0.00426,0,99701.15,27.03,-0.8315239,
1479.404044,0.01122,0.002394,-0.079002,-10.61739,-10.617684,0.00426,-0.00852,0.00213,99701.15,27.03,-0.8001409,
1479.415172,0.011128,-0.002394,-0.067032,-10.636542,-10.636753,0.00426,-0.005325,0,99701.15,27.03,-0.8192099,
1479.426401,0.011228,0.028728,-0.105336,-10.658088,-10.658647,0.003195,-0.00852,0.00213,99701.15,27.03,-0.8411039,
1479.437522,0.011121,-0.03591,-0.067032,-10.631754,-10.632026,0.00639,-0.007455,0,99701.15,27.03,-0.8144829,
1479.448777,0.011255,0.002394,-0.093366,-10.62936,-10.62977,0.00213,-0.00852,0.00213,99701.15,27.03,-0.8122269,
1479.459886,0.011109,0.02394,-0.112518,-10.631754,-10.632376,0.003195,-0.00639,0.00426,99703.44,27.03,-0.8148329,
1479.471154,0.011268,-0.002394,-0.08379,-10.626966,-10.627297,0.001065,-0.003195,-0.00213,99703.44,27.03,-0.8097539,
1479.482273,0.01112,0.031122,-0.138852,-10.624572,-10.625525,0.005325,-0.009585,0.003195,99703.44,27.03,-0.8079819,
1479.493449,0.011176,-0.026334,-0.090972,-10.61739,-10.617812,0.00213,-0.001065,0.001065,99703.44,27.03,-0.8002689,
1479.50463,0.011181,0.021546,-0.069426,-10.624572,-10.624821,0.00213,-0.00426,0,99703.44,27.03,-0.8072779,
1479.515905,0.011276,0.026334,-0.100548,-10.62936,-10.629868,0.00426,-0.009585,0.00426,99705.57,27.03,-0.8123249,
1479.527062,0.011156,-0.028728,-0.112518,-10.614996,-10.615631,0,-0.00213,0,99705.57,27.03,-0.7980879,
1479.53823,0.011169,0.026334,-0.079002,-10.600632,-10.600959,0.003195,-0.005325,0,99705.57,27.03,-0.7834159,
1479.549419,0.011189,0.02394,-0.117306,-10.648512,-10.649185,0.00426,-0.007455,0.003195,99705.57,27.03,-0.8316419,
1479.560549,0.01113,0.004788,-0.064638,-10.64133,-10.641527,0.00426,-0.00852,0.003195,99705.57,27.03,-0.8239839,
1479.57173,0.011181,0.04788,-0.126882,-10.607814,-10.608681,0.00213,-0.003195,0.00213,99705.57,27.03,-0.7911379,
1479.583023,0.011293,0.033516,-0.100548,-10.598238,-10.598768,0.00426,-0.00852,0.001065,99707.66,27.03,-0.7812249,
1479.594115,0.011091,-0.028728,-0.074214,-10.626966,-10.627264,0.003195,-0.00426,0.00426,99707.66,27.03,-0.8097209,
1479.60537,0.011256,-0.009576,-0.093366,-10.626966,-10.62738,0.00213,-0.007455,0.00213,99707.66,27.03,-0.8098369,
1479.616565,0.011195,0.021546,-0.088578,-10.638936,-10.639327,0.00426,-0.00639,0.00426,99707.66,27.03,-0.8217839,
1479.627772,0.011207,0,-0.074214,-10.626966,-10.627225,0.00639,-0.00852,0.001065,99707.66,27.03,-0.8096819,
1479.638868,0.011096,-0.007182,-0.074214,-10.612602,-10.612864,0.003195,-0.003195,0.003195,99707.66,27.03,-0.7953209,
1479.65016,0.011291,0.007182,-0.057456,-10.636542,-10.6367,0.00213,-0.00639,0.001065,99709.56,27.03,-0.8191569,
1479.661238,0.011079,-0.028728,-0.074214,-10.626966,-10.627264,0.00639,-0.00639,0.00213,99709.56,27.03,-0.8097209,
1479.672524,0.011286,0.026334,-0.090972,-10.60542,-10.605843,0.00213,-0.005325,0.003195,99709.56,27.03,-0.7882999,
1479.683621,0.011096,0.021546,-0.069426,-10.626966,-10.627215,0.00213,-0.007455,0.003195,99709.56,27.03,-0.8096719,
1479.69484,0.011219,-0.014364,-0.086184,-10.650906,-10.651264,0.00426,-0.005325,0.003195,99709.56,27.03,-0.8337209,
1479.706017,0.011177,0.026334,-0.052668,-10.61739,-10.617553,0.00213,-0.005325,0.003195,99709.56,27.03,-0.8000099,
1479.717131,0.011114,0.019152,-0.07182,-10.634148,-10.634408,0.001065,-0.00639,0.00213,99709.56,27.03,-0.8168649,
1479.728345,0.011214,-0.009576,-0.03591,-10.634148,-10.634213,0.003195,-0.00639,0,99709.56,27.03,-0.8166699,
1479.73964,0.011295,0.019152,-0.04788,-10.646118,-10.646243,0.00639,-0.005325,0.003195,99709.56,27.03,-0.8286999,
1479.750859,0.01122,0.02394,-0.074214,-10.646118,-10.646404,0.001065,-0.01065,-0.001065,99709.56,27.03,-0.8288609,
1479.761923,0.011064,-0.05985,-0.055062,-10.66527,-10.66558,0,-0.00213,0.00213,99709.56,27.03,-0.8480369,
1479.773075,0.011152,0.007182,-0.08379,-10.622178,-10.622511,0.00639,-0.007455,0.00213,99711.5,27.03,-0.8049679,
1479.784234,0.011159,-0.002394,-0.105336,-10.612602,-10.613125,0.003195,-0.00639,0.003195,99711.5,27.03,-0.7955819,
1479.795519,0.011285,-0.014364,-0.090972,-10.650906,-10.651304,0.003195,-0.007455,0.00426,99711.5,27.03,-0.8337609,
1479.806612,0.011093,0.067032,-0.100548,-10.636542,-10.637228,0.007455,-0.01278,0.003195,99711.5,27.03,-0.8196849,
1479.817922,0.01131,-0.033516,-0.1197,-10.655694,-10.656419,0.001065,-0.00639,-0.001065,99711.5,27.03,-0.8388759,
1479.829055,0.011133,0.04788,-0.079002,-10.614996,-10.615398,0.001065,-0.00639,0.003195,99711.5,27.03,-0.7978549,
1479.840921,0.011866,-0.004788,-0.10773,-10.61739,-10.617938,0.00426,-0.00213,0,99713.25,27.03,-0.8003949,
1479.851357,0.010436,0.028728,-0.08379,-10.634148,-10.634517,0.007455,-0.011715,0.003195,99713.25,27.03,-0.8169739,
1479.862579,0.011221,-0.007182,-0.09576,-10.62936,-10.629794,0,-0.003195,-0.001065,99713.25,27.03,-0.8122509,
1479.873693,0.011115,-0.02394,-0.100548,-10.624572,-10.625075,0.00639,-0.009585,0.00426,99713.25,27.03,-0.8075319,
1479.884913,0.01122,0.004788,-0.086184,-10.600632,-10.600983,0.001065,-0.009585,0.00426,99713.25,27.03,-0.7834399,
1479.896229,0.011316,-0.028728,-0.07182,-10.626966,-10.627248,0.00213,-0.003195,0.00213,99713.25,27.03,-0.8097049,
1479.908164,0.011935,0.026334,-0.069426,-10.624572,-10.624831,0.00426,-0.007455,0.001065,99715.06,27.03,-0.8072879,
1479.918485,0.010321,-0.002394,-0.07182,-10.61739,-10.617633,0.00426,-0.007455,0.003195,99715.06,27.03,-0.8000899,
1479.929669,0.011184,0.01197,-0.08379,-10.610208,-10.610546,0.00213,-0.00639,0.003195,99715.06,27.03,-0.7930029,
1479.940838,0.011169,0.014364,-0.100548,-10.60542,-10.605906,0.001065,-0.007455,0.003195,99715.06,27.03,-0.7883629,
1479.951978,0.01114,-0.021546,-0.081396,-10.62936,-10.629693,0.005325,-0.007455,0.00213,99715.06,27.03,-0.8121499,
1479.963973,0.011995,0.02394,-0.081396,-10.619784,-10.620123,0.00213,-0.005325,0.00213,99716.73,27.03,-0.8025799,
1479.974438,0.010465,0.004788,-0.088578,-10.60542,-10.605791,0.005325,-0.007455,0.00426,99716.73,27.03,-0.7882479,
1479.985544,0.011106,-0.052668,-0.098154,-10.624572,-10.625156,0.00213,-0.003195,0.001065,99716.73,27.03,-0.8076129,
1479.997193,0.011649,0.031122,-0.088578,-10.648512,-10.648926,0.005325,-0.00639,0.003195,99716.73,27.03,-0.8313829,
1480.008423,0.011229,-0.028728,-0.052668,-10.612602,-10.612772,0.00426,-0.005325,0.001065,99716.73,27.03,-0.7952289,
1480.019161,0.010738,-0.028728,-0.043092,-10.600632,-10.600759,0.001065,-0.005325,-0.001065,99716.73,27.03,-0.7832159,
1480.029903,0.010743,0.026334,-0.098154,-10.591056,-10.591544,0.005325,-0.00639,0.00213,99716.73,27.03,-0.7740009,
1480.039985,0.010082,0.002394,-0.08379,-10.626966,-10.627297,0,-0.00426,0.00213,99716.73,27.03,-0.8097539,
1480.050076,0.010091,0.009576,-0.07182,-10.634148,-10.634395,0.005325,-0.00639,0.003195,99716.73,27.03,-0.8168519,
1480.06017,0.010094,0.019152,-0.098154,-10.619784,-10.620255,0.005325,-0.009585,0.003195,99716.73,27.03,-0.8027119,
1480.070449,0.010279,0.004788,-0.100548,-10.614996,-10.615473,-0.001065,-0.005325,0.001065,99716.73,27.03,-0.7979299,
1480.080629,0.010181,0.019152,-0.088578,-10.607814,-10.608201,0.00639,-0.005325,0.001065,99716.73,27.03,-0.7906579,
1480.090753,0.010124,0,-0.076608,-10.610208,-10.610485,0.005325,-0.00426,0.00426,99718.36,27.03,-0.7929419,
1480.10086,0.010106,-0.002394,-0.093366,-10.624572,-10.624982,0.00213,-0.00639,0.00213,99718.36,27.03,-0.8074389,
1480.110959,0.0101,0.01197,-0.07182,-10.622178,-10.622428,0.007455,-0.00852,0.005325,99718.36,27.03,-0.8048849,
1480.121054,0.010095,0.002394,-0.067032,-10.619784,-10.619996,0.003195,-0.007455,0.001065,99718.36,27.03,-0.8024529,
1480.131141,0.010087,0.007182,-0.08379,-10.614996,-10.615329,0.00426,-0.00639,0.005325,99718.36,27.03,-0.7977859,
1480.141253,0.010112,0.004788,-0.08379,-10.603026,-10.603358,0.00213,-0.007455,0.001065,99718.36,27.03,-0.7858149,
1480.151349,0.010096,-0.019152,-0.098154,-10.595844,-10.596316,0.00213,-0.005325,0.00213,99718.36,27.03,-0.7787729,
1480.161433,0.010084,0.026334,-0.069426,-10.598238,-10.598498,0.005325,-0.01065,0.003195,99719.95,27.03,-0.7809549,
1480.171515,0.010082,-0.002394,-0.08379,-10.612602,-10.612933,0.003195,-0.007455,0.00213,99719.95,27.03,-0.7953899,
1480.181672,0.010157,-0.021546,-0.08379,-10.591056,-10.591409,0.001065,-0.003195,0.001065,99719.95,27.03,-0.7738659,
1480.191798,0.010126,0.043092,-0.04788,-10.564722,-10.564918,0.00639,-0.007455,0,99719.95,27.03,-0.7473749,
1480.201886,0.010089,-0.01197,-0.074214,-10.579086,-10.579353,0.00213,-0.00213,0.001065,99719.95,27.03,-0.7618099,
1480.211985,0.010098,-0.026334,-0.086184,-10.559934,-10.560319,0.003195,-0.007455,0.003195,99719.95,27.03,-0.7427759,
1480.222077,0.010093,0.045486,-0.064638,-10.547964,-10.54826,0,-0.00852,0.00213,99721.44,27.03,-0.7307169,
1480.23221,0.010133,-0.01197,-0.105336,-10.540782,-10.541315,-0.001065,-0.005325,0.00213,99721.44,27.03,-0.7237719,
1480.2423,0.01009,-0.02394,-0.090972,-10.524024,-10.524444,0.003195,-0.003195,-0.001065,99721.44,27.03,-0.7069009,
1480.252406,0.010106,0.057456,-0.05985,-10.502478,-10.502806,0.00639,-0.009585,0,99721.44,27.03,-0.6852629,
1480.262525,0.010118,0.004788,-0.100548,-10.492902,-10.493385,0.001065,-0.003195,0.00426,99721.44,27.03,-0.6758419,
1480.27269,0.010165,-0.055062,-0.079002,-10.500084,-10.500526,0.003195,-0.00852,0.001065,99721.44,27.03,-0.6829829,
1480.282814,0.010124,0.038304,-0.069426,-10.483326,-10.483626,0.00639,-0.007455,0,99722.85,27.03,-0.6660829,
1480.292901,0.010088,0.016758,-0.079002,-10.476144,-10.476455,-0.001065,-0.003195,0.00213,99722.85,27.03,-0.6589119,
1480.302987,0.010086,-0.057456,-0.079002,-10.48572,-10.486175,0.00426,-0.007455,-0.001065,99722.85,27.03,-0.6686319,
1480.313103,0.010116,0.002394,-0.069426,-10.471356,-10.471586,0.003195,-0.00852,0.00426,99722.85,27.03,-0.6540429,
1480.323241,0.010138,0.009576,-0.09576,-10.433052,-10.433496,0.00213,-0.00639,0.00426,99722.85,27.03,-0.6159529,
1480.333466,0.010225,-0.031122,-0.074214,-10.433052,-10.433362,0.00426,-0.00639,0.00213,99722.85,27.03,-0.6158189,
1480.343557,0.010091,0.009576,-0.098154,-10.464174,-10.464639,0.003195,-0.00639,0.00213,99722.85,27.03,-0.6470959,
1480.353726,0.01017,-0.007182,-0.098154,-10.495296,-10.495757,0.00426,-0.007455,0.003195,99722.85,27.03,-0.6782139,
1480.363818,0.010091,-0.004788,-0.076608,-10.459386,-10.459668,0.001065,-0.00426,0.001065,99722.85,27.03,-0.6421249,
1480.373898,0.01008,0,-0.098154,-10.421082,-10.421544,0.00426,-0.007455,0.001065,99722.85,27.03,-0.6040009,
1480.383984,0.010086,0,-0.129276,-10.423476,-10.424278,0.005325,-0.005325,0.00213,99722.85,27.03,-0.6067349,
1480.394073,0.010089,0.02394,-0.050274,-10.40193,-10.402079,0.00213,-0.00426,0.00213,99722.85,27.03,-0.5845359,
1480.404158,0.010084,0.026334,-0.07182,-10.46178,-10.46206,0.00639,-0.00852,0.001065,99722.85,27.03,-0.6445169,
1480.414251,0.010094,0.002394,-0.129276,-10.46178,-10.462579,0.003195,-0.00639,0.003195,99724.11,27.03,-0.6450359,
1480.42436,0.010109,0.007182,-0.067032,-10.42587,-10.426088,0.00213,-0.003195,0.00426,99724.11,27.03,-0.6085449,
1480.434473,0.010113,0.02394,-0.064638,-10.409112,-10.40934,0.00639,-0.00852,0.00213,99724.11,27.03,-0.5917969,
1480.444603,0.010131,0.002394,-0.088578,-10.416294,-10.416671,0.001065,-0.007455,0.00213,99724.11,27.03,-0.5991279,
1480.454712,0.010109,0.033516,-0.050274,-10.423476,-10.423651,0.00426,-0.00639,0,99724.11,27.03,-0.6061079,
1480.464794,0.010082,0.038304,-0.067032,-10.421082,-10.421368,0.00639,-0.007455,0.00213,99724.11,27.03,-0.6038249,
1480.474909,0.010116,-0.002394,-0.098154,-10.38996,-10.390424,0.00213,-0.00426,0,99725.47,27.03,-0.5728809,
1480.484998,0.010088,-0.004788,-0.076608,-10.392354,-10.392637,0.00426,-0.00426,0.001065,99725.47,27.03,-0.5750939,
1480.49508,0.010082,0.021546,-0.069426,-10.394748,-10.395002,0.003195,-0.009585,0.001065,99725.47,27.03,-0.5774589,
1480.505192,0.010111,0.01197,-0.105336,-10.4139,-10.41444,0,-0.00426,0.00213,99725.47,27.03,-0.5968969,
1480.515292,0.010101,-0.004788,-0.067032,-10.399536,-10.399753,0.00639,-0.00639,0.00213,99725.47,27.03,-0.5822099,
1480.525402,0.01011,0.019152,-0.069426,-10.387566,-10.387816,0.00426,-0.007455,0.00213,99725.47,27.03,-0.5702729,
1480.535493,0.010091,-0.016758,-0.086184,-10.380384,-10.380755,0,-0.00213,0,99726.74,27.03,-0.5632119,
1480.545862,0.010369,-0.016758,-0.05985,-10.363626,-10.363812,0.00426,-0.00639,0.001065,99726.74,27.03,-0.5462689,
1480.555954,0.010093,-0.007182,-0.09576,-10.392354,-10.392798,0,-0.003195,0.003195,99726.74,27.03,-0.5752549,
1480.56604,0.010086,-0.02394,-0.067032,-10.375596,-10.37584,0.00213,-0.00213,0,99726.74,27.03,-0.5582969,
1480.576137,0.010097,0.004788,-0.100548,-10.349262,-10.349752,0.007455,-0.011715,-0.001065,99726.74,27.03,-0.5322089,
1480.586218,0.010081,0,-0.074214,-10.363626,-10.363892,-0.001065,-0.00426,0.005325,99726.74,27.03,-0.5463489,
1480.596316,0.010098,-0.014364,-0.093366,-10.373202,-10.373632,0.005325,-0.005325,0.001065,99727.96,27.03,-0.5560889,
1480.606397,0.010081,0.004788,-0.081396,-10.346868,-10.347189,0.00426,-0.009585,0.00213,99727.96,27.03,-0.5296459,
1480.616487,0.01009,-0.014364,-0.110124,-10.356444,-10.357039,-0.001065,-0.00426,0.001065,99727.96,27.03,-0.5394959,
1480.626577,0.01009,-0.01197,-0.07182,-10.344474,-10.34473,0.007455,-0.00639,0.00213,99727.96,27.03,-0.5271869,
1480.636664,0.010088,0.004788,-0.079002,-10.337292,-10.337595,0.00426,-0.00639,0.003195,99727.96,27.03,-0.5200519,
1480.64675,0.010086,-0.009576,-0.093366,-10.351656,-10.352081,0.00426,-0.005325,0.001065,99727.96,27.03,-0.5345379,
1480.657259,0.010509,0.028728,-0.09576,-10.33011,-10.330594,0.003195,-0.00639,0,99727.96,27.03,-0.5130509,
1480.667374,0.010114,0.002394,-0.07182,-10.34208,-10.34233,0.00213,-0.00639,0.00213,99727.96,27.03,-0.5247869,
1480.677454,0.010081,-0.004788,-0.090972,-10.320534,-10.320936,0.00426,-0.005325,-0.001065,99727.96,27.03,-0.5033929,
1480.687558,0.010103,0.004788,-0.093366,-10.308564,-10.308988,0.003195,-0.00639,0.00426,99727.96,27.03,-0.4914449,
1480.69767,0.010112,-0.004788,-0.08379,-10.308564,-10.308906,0.00213,-0.00426,0,99727.96,27.03,-0.4913629,
1480.707772,0.010102,0.007182,-0.067032,-10.327716,-10.327936,0.00426,-0.00639,0,99727.96,27.03,-0.5103929,
1480.717876,0.010105,-0.021546,-0.081396,-10.344474,-10.344817,0.00213,-0.00639,0.001065,99727.96,27.03,-0.5272739,
1480.727989,0.010112,-0.026334,-0.088578,-10.30617,-10.306584,0.00213,-0.00426,0.003195,99729.11,27.03,-0.4890409,
1480.738079,0.01009,0.007182,-0.076608,-10.243926,-10.244215,0.003195,-0.007455,0.00213,99729.11,27.03,-0.4266719,
1480.748174,0.010095,-0.002394,-0.079002,-10.28223,-10.282534,0.003195,-0.003195,0.00426,99729.11,27.03,-0.4649909,
1480.75827,0.010096,-0.007182,-0.064638,-10.289412,-10.289618,0.00213,-0.00639,0.00426,99729.11,27.03,-0.4720749,
1480.768377,0.010107,-0.021546,-0.093366,-10.272654,-10.273101,0.005325,-0.005325,0.00213,99729.11,27.03,-0.4555579,
1480.778482,0.010105,-0.021546,-0.093366,-10.263078,-10.263525,0.00213,-0.00639,0.00213,99729.11,27.03,-0.4459819,
1480.788559,0.010077,0,-0.09576,-10.253502,-10.253949,0.003195,-0.007455,0,99730.25,27.03,-0.4364059,
1480.798659,0.010099,0,-0.081396,-10.243926,-10.244249,0.00426,-0.003195,0,99730.25,27.03,-0.4267059,
1480.808776,0.010117,-0.019152,-0.062244,-10.24632,-10.246527,0.00213,-0.00213,0.00213,99730.25,27.03,-0.4289839,
1480.81889,0.010114,0.01197,-0.07182,-10.265472,-10.26573,0.00426,-0.00639,0.00213,99730.25,27.03,-0.4481869,
1480.828987,0.010097,0.026334,-0.09576,-10.251108,-10.251589,0.003195,-0.00639,0.001065,99730.25,27.03,-0.4340459,
1480.839076,0.010089,0.007182,-0.076608,-10.227168,-10.227457,0.00213,-0.005325,-0.001065,99730.25,27.03,-0.4099139,
1480.849193,0.010117,-0.01197,-0.081396,-10.23435,-10.234681,0.00213,-0.007455,0.00426,99731.24,27.03,-0.4171379,
1480.859296,0.010103,0.021546,-0.074214,-10.227168,-10.22746,0.001065,-0.00639,0.00426,99731.24,27.03,-0.4099169,
1480.869688,0.010392,0,-0.07182,-10.231956,-10.232208,0.005325,-0.007455,0.001065,99731.24,27.03,-0.4146649,
1480.879803,0.010115,-0.007182,-0.074214,-10.227168,-10.22744,0.00213,-0.005325,0.00213,99731.24,27.03,-0.4098969,
1480.889882,0.010078,0.016758,-0.069426,-10.215198,-10.215448,0.00213,-0.005325,0,99731.24,27.03,-0.3979049,
1480.899996,0.010114,-0.028728,-0.069426,-10.236744,-10.23702,0.00426,-0.00639,0.00213,99731.24,27.03,-0.4194769,
1480.910084,0.010088,0.01197,-0.07182,-10.215198,-10.215457,0.001065,-0.00213,0,99731.24,27.03,-0.3979139,
1480.920202,0.010118,-0.014364,-0.074214,-10.200834,-10.201114,0.007455,-0.00852,-0.001065,99732.38,27.02,-0.3835709,
1480.930295,0.010093,-0.01197,-0.069426,-10.19844,-10.198683,0,-0.005325,0,99732.38,27.02,-0.3811399,
1480.940402,0.010107,0.03591,-0.055062,-10.203228,-10.20344,0.003195,-0.005325,0.00213,99732.38,27.02,-0.3858969,
1480.950491,0.010089,0.009576,-0.076608,-10.212804,-10.213096,0.00426,-0.00639,-0.001065,99732.38,27.02,-0.3955529,
1480.960598,0.010107,-0.016758,-0.055062,-10.196046,-10.196208,0,-0.005325,0.001065,99732.38,27.02,-0.3786649,
1480.97095,0.010352,0.014364,-0.055062,-10.176894,-10.177053,0.00213,-0.00639,0.00213,99732.38,27.02,-0.3595099,
1480.981482,0.010532,-0.028728,-0.069426,-10.160136,-10.160414,0.005325,-0.005325,0.001065,99732.38,27.02,-0.3428709,
1480.991625,0.010142,-0.002394,-0.079002,-10.148166,-10.148474,0.00213,-0.003195,0.003195,99732.38,27.02,-0.3309309,
1481.001721,0.010096,0.038304,-0.064638,-10.155348,-10.155626,0.005325,-0.00639,0.00426,99732.38,27.02,-0.3380829,
1481.011841,0.01012,-0.002394,-0.08379,-10.167318,-10.167664,0.003195,-0.007455,0.001065,99732.38,27.02,-0.3501209,
1481.02194,0.010099,0.004788,-0.090972,-10.164924,-10.165332,0.00213,-0.00213,0.003195,99732.38,27.02,-0.3477889,
1481.032035,0.010095,0.009576,-0.098154,-10.107468,-10.107949,0.00426,-0.005325,0.003195,99732.38,27.02,-0.2904059,
1481.042188,0.010153,-0.002394,-0.098154,-10.093104,-10.093582,0.00426,-0.00426,0,99733.31,27.02,-0.2760389,
1481.052274,0.010086,0.03591,-0.098154,-10.112256,-10.112796,0.00426,-0.00426,0.001065,99733.31,27.02,-0.2952529,
1481.062367,0.010093,0.014364,-0.086184,-10.124226,-10.124603,0.00852,-0.007455,0.003195,99733.31,27.02,-0.3070599,
1481.072495,0.010128,-0.01197,-0.086184,-10.095498,-10.095873,0.00213,-0.005325,0.00213,99733.31,27.02,-0.2783299,
1481.082586,0.010091,0.03591,-0.100548,-10.09071,-10.091275,0.00213,-0.00426,0.00213,99733.31,27.02,-0.2737319,
1481.093069,0.010482,0.009576,-0.093366,-10.073952,-10.074389,0.005325,-0.005325,0.00213,99733.31,27.02,-0.2568459,
1481.10408,0.011011,-0.004788,-0.081396,-10.06677,-10.0671,0.00426,-0.005325,0,99734.16,27.02,-0.2495569,
1481.11529,0.01121,0.007182,-0.090972,-10.040436,-10.040851,0.00213,-0.00426,0.003195,99734.16,27.02,-0.2233079,
1481.12648,0.01119,-0.007182,-0.081396,-10.050012,-10.050344,0.00426,-0.00639,0.00213,99734.16,27.02,-0.2328009,
1481.137663,0.011183,0.004788,-0.069426,-10.073952,-10.074192,0.00213,-0.00426,0.00213,99734.16,27.02,-0.2566489,
1481.148833,0.011171,-0.004788,-0.08379,-10.052406,-10.052756,0.00213,-0.005325,0.00213,99734.16,27.02,-0.2352129,
1481.160483,0.011649,-0.004788,-0.086184,-10.021284,-10.021656,0.00426,-0.00639,0.00213,99734.16,27.02,-0.2041129,
1481.171221,0.010739,0.004788,-0.076608,-10.045224,-10.045517,0.00426,-0.00639,0,99735.05,27.02,-0.2279739,
1481.182366,0.011145,-0.016758,-0.055062,-10.052406,-10.052571,0.00426,-0.00639,0.00213,99735.05,27.02,-0.2350279,
1481.193552,0.011186,-0.016758,-0.067032,-10.021284,-10.021522,0.001065,-0.005325,0.00213,99735.05,27.02,-0.2039789,
1481.204703,0.011151,0.04788,-0.067032,-10.023678,-10.024016,0.005325,-0.009585,0,99735.05,27.02,-0.2064729,
1481.215867,0.011164,-0.02394,-0.076608,-10.03086,-10.031181,0.00426,-0.005325,0.00213,99735.05,27.02,-0.2136379,
1481.22719,0.011323,-0.004788,-0.05985,-10.002132,-10.002312,0.00426,-0.003195,0.001065,99735.05,27.02,-0.1847689,
1481.238276,0.011086,-0.016758,-0.067032,-10.026072,-10.02631,0.003195,-0.005325,0.001065,99735.86,27.02,-0.2087669,
1481.249548,0.011272,-0.004788,-0.064638,-10.047618,-10.047827,0.00426,-0.007455,0.00213,99735.86,27.02,-0.2302839,
1481.260619,0.011071,-0.002394,-0.05985,-10.016496,-10.016675,0.003195,-0.00852,0,99735.86,27.02,-0.1991319,
1481.272252,0.011633,-0.014364,-0.074214,-10.014102,-10.014387,0.00426,-0.00639,0.00213,99735.86,27.02,-0.1968439,
1481.283006,0.010754,-0.01197,-0.081396,-10.011708,-10.012046,0.00426,-0.007455,0,99735.86,27.02,-0.1945029,
1481.294187,0.011181,0.002394,-0.088578,-9.99495,-9.995343,0.00213,-0.003195,0.00213,99736.66,27.02,-0.1777999,
1481.305363,0.011176,-0.004788,-0.088578,-10.004526,-10.004919,0.003195,-0.00639,0.001065,99736.66,27.02,-0.1873759,
1481.316498,0.011135,0.02394,-0.079002,-9.999738,-10.000079,0.00213,-0.007455,0.001065,99736.66,27.02,-0.1825359,
1481.327775,0.011277,0.004788,-0.074214,-9.99495,-9.995227,0.00213,-0.007455,0.00213,99736.66,27.02,-0.1776839,
1481.338976,0.011201,0.021546,-0.086184,-9.99495,-9.995345,0.00426,-0.00426,0.00213,99736.66,27.02,-0.1778019,
1481.349792,0.010816,0.026334,-0.09576,-9.966222,-9.966717,0.00639,-0.00852,0,99736.66,27.02,-0.1491739,
1481.359877,0.010086,0.01197,-0.081396,-9.966222,-9.966562,0.00213,-0.005325,0.00426,99736.66,27.02,-0.1490189,
1481.369963,0.010085,-0.002394,-0.081396,-9.973404,-9.973736,0.005325,-0.003195,0.001065,99736.66,27.02,-0.1561929,
1481.380045,0.010083,-0.007182,-0.088578,-9.961434,-9.96183,0.003195,-0.007455,0.00426,99736.66,27.02,-0.1442869,
1481.390215,0.01017,0,-0.081396,-9.97101,-9.971342,0.001065,-0.003195,0.001065,99736.66,27.02,-0.1537989,
1481.400334,0.010119,0.03591,-0.07182,-9.956646,-9.95697,0.007455,-0.009585,0.001065,99736.66,27.02,-0.1394269,
1481.41039,0.010055,-0.009576,-0.093366,-9.942282,-9.942725,0.003195,-0.005325,0.003195,99736.66,27.02,-0.1251819,
1481.420574,0.010184,0.007182,-0.081396,-9.942282,-9.942618,0.005325,-0.007455,0.00213,99736.66,27.02,-0.1250749,
1481.430719,0.010145,0.033516,-0.069426,-9.939888,-9.940187,0.00426,-0.00852,0.003195,99737.31,27.02,-0.1226439,
1481.440832,0.010113,-0.002394,-0.074214,-9.930312,-9.93059,0.003195,-0.005325,0.00213,99737.31,27.02,-0.1130469,
1481.450922,0.01009,0.03591,-0.08379,-9.927918,-9.928337,0.00213,-0.00213,0.003195,99737.31,27.02,-0.1107939,
1481.461076,0.010154,0.019152,-0.062244,-9.908766,-9.90898,0.00639,-0.00426,0.00213,99737.31,27.02,-0.0914369,
1481.471179,0.010103,-0.03591,-0.07182,-9.88722,-9.887546,0.003195,-0.005325,0.00213,99737.31,27.02,-0.0700029,
1481.481261,0.010082,0.021546,-0.074214,-9.877644,-9.877946,0.005325,-0.00639,0.001065,99737.31,27.02,-0.0604029,
1481.491351,0.010089,0.002394,-0.076608,-9.894402,-9.894699,0.00426,-0.00426,0.00426,99737.91,27.02,-0.0771559,
1481.501443,0.010092,-0.038304,-0.086184,-9.889614,-9.890064,0.00213,-0.005325,-0.00213,99737.91,27.02,-0.0725209,
1481.51155,0.010107,0.02394,-0.064638,-9.877644,-9.877884,0.00639,-0.00639,0.00213,99737.91,27.02,-0.0603409,
1481.521668,0.010118,-0.004788,-0.076608,-9.870462,-9.87076,0.001065,-0.005325,0.003195,99737.91,27.02,-0.0532169,
1481.531766,0.010098,-0.014364,-0.062244,-9.860886,-9.861093,0.00426,-0.005325,0.00213,99737.91,27.02,-0.0435499,
1481.541881,0.010116,0.007182,-0.064638,-9.858492,-9.858707,0.005325,-0.007455,0.00426,99737.91,27.02,-0.0411639,
1481.552013,0.010132,-0.01197,-0.074214,-9.872856,-9.873142,0.001065,-0.005325,0,99737.91,27.02,-0.0555989,
1481.56234,0.010327,-0.007182,-0.052668,-9.865674,-9.865817,0.00426,-0.00639,0.001065,99738.42,27.02,-0.0482739,
1481.57242,0.01008,-0.028728,-0.069426,-9.853704,-9.85399,0.00426,-0.009585,0.00213,99738.42,27.02,-0.0364469,
1481.582522,0.010101,-0.009576,-0.088578,-9.846522,-9.846925,0.003195,-0.003195,0.00213,99738.42,27.02,-0.0293819,
1481.592617,0.010096,0.002394,-0.081396,-9.860886,-9.861222,0.005325,-0.00852,-0.001065,99738.42,27.02,-0.0436789,
1481.602699,0.010081,0.004788,-0.093366,-9.832158,-9.832602,0.001065,-0.005325,0.00213,99738.42,27.02,-0.0150589,
1481.612796,0.010097,-0.01197,-0.079002,-9.832158,-9.832483,0.00426,-0.005325,0.00213,99738.42,27.02,-0.0149399,
1481.622896,0.0101,0.004788,-0.07182,-9.82737,-9.827634,0.005325,-0.007455,0.001065,99739,27.02,-0.0100909,
1481.632995,0.010099,0.002394,-0.079002,-9.836946,-9.837264,0.00213,-0.003195,0.001065,99739,27.02,-0.0197209,
1481.643147,0.010152,0,-0.07182,-9.844128,-9.84439,0.005325,-0.009585,0.00213,99739,27.02,-0.0268469,
1481.653242,0.010095,0.007182,-0.079002,-9.810612,-9.810933,0.005325,-0.00639,0.005325,99739,27.02,0.0066101,
1481.663729,0.010487,0,-0.08379,-9.813006,-9.813364,0.001065,-0.005325,0.001065,99739,27.02,0.0041791,
1481.6742,0.010471,0.021546,-0.074214,-9.813006,-9.81331,0.003195,-0.007455,0.00213,99739,27.02,0.0042331,
1481.684292,0.010092,0.028728,-0.064638,-9.80343,-9.803685,0.00639,-0.00639,0.003195,99739,27.02,0.0138581,
1481.694373,0.010081,-0.009576,-0.074214,-9.798642,-9.798928,0,-0.00426,0.00213,99739,27.02,0.0186151,
1481.704483,0.01011,-0.002394,-0.076608,-9.801036,-9.801336,0.00426,-0.005325,0.00213,99739,27.02,0.0162071,
1481.714579,0.010096,0.052668,-0.05985,-9.789066,-9.789391,0.005325,-0.00852,0.003195,99739,27.02,0.0281521,
1481.724703,0.010124,0.01197,-0.079002,-9.789066,-9.789392,0.00213,-0.005325,0.001065,99739,27.02,0.0281511,
1481.734791,0.010088,0.009576,-0.067032,-9.79146,-9.791694,0.005325,-0.009585,0.00426,99739,27.02,0.0258491,
1481.744908,0.010117,0.038304,-0.055062,-9.80343,-9.803659,0.003195,-0.00639,0,99739,27.02,0.0138841,
1481.755012,0.010104,-0.016758,-0.074214,-9.805824,-9.806119,0.003195,-0.003195,0.003195,99739.54,27.02,0.0114241,
1481.765118,0.010106,-0.002394,-0.079002,-9.810612,-9.81093,0.003195,-0.00426,0.00213,99739.54,27.02,0.0066131,
1481.77579,0.010672,0.016758,-0.07182,-9.805824,-9.806101,0.003195,-0.007455,0.001065,99739.54,27.02,0.0114421,
1481.785891,0.010101,-0.028728,-0.064638,-9.798642,-9.798897,0.00426,-0.00426,0.00426,99739.54,27.02,0.0186461,
1481.795976,0.010084,0.019152,-0.064638,-9.793854,-9.794086,-0.001065,-0.005325,-0.001065,99739.54,27.02,0.0234571,
1481.806068,0.010092,-0.002394,-0.069426,-9.80343,-9.803676,0.00639,-0.007455,0.00426,99739.54,27.02,0.0138671,
1481.816158,0.010091,-0.021546,-0.079002,-9.8154,-9.815742,0.005325,-0.00426,0.00213,99740.07,27.02,0.0018011,
1481.826265,0.010107,0.02394,-0.081396,-9.822582,-9.822948,-0.001065,-0.00639,0.003195,99740.07,27.02,-0.0054049,
1481.836353,0.010087,0,-0.081396,-9.846522,-9.846858,0.00639,-0.00852,0,99740.07,27.02,-0.0293149,
1481.846448,0.010095,0.002394,-0.09576,-9.83934,-9.839806,0.00213,-0.00639,0.001065,99740.07,27.02,-0.0222629,
1481.856687,0.010239,0.019152,-0.088578,-9.841734,-9.842151,0.003195,-0.00426,0.003195,99740.07,27.02,-0.0246079,
1481.866769,0.010082,0.004788,-0.09576,-9.841734,-9.842201,0.003195,-0.00639,0.00213,99740.07,27.02,-0.0246579,
1481.876859,0.01009,0.016758,-0.093366,-9.86328,-9.863736,0.00213,-0.007455,0.001065,99740.65,27.02,-0.0461929,
1481.887425,0.010566,0.004788,-0.08379,-9.846522,-9.84688,0.00213,-0.00426,0.00213,99740.65,27.02,-0.0293369,
1481.897526,0.010102,0.009576,-0.086184,-9.846522,-9.846904,0.00426,-0.007455,0.00213,99740.65,27.02,-0.0293609,
1481.90761,0.010084,0.019152,-0.086184,-9.846522,-9.846918,0.001065,-0.005325,0.001065,99740.65,27.02,-0.0293749,
1481.917705,0.010094,0.004788,-0.062244,-9.877644,-9.877841,0.001065,-0.00426,0.00213,99740.65,27.02,-0.0602979,
1481.92783,0.010125,0.016758,-0.07182,-9.870462,-9.870738,0.00852,-0.00639,0.00213,99740.65,27.02,-0.0531949,
1481.937917,0.010087,0,-0.07182,-9.860886,-9.861148,0,-0.00426,0,99740.65,27.02,-0.0436049,
1481.948022,0.010105,0.021546,-0.067032,-9.877644,-9.877895,0.00213,-0.00852,0.00213,99741.06,27.02,-0.0603519,
1481.95811,0.010087,0.026334,-0.074214,-9.860886,-9.8612,0.00426,-0.00639,0.001065,99741.06,27.02,-0.0436569,
1481.96841,0.010301,-0.002394,-0.079002,-9.89919,-9.899506,0,-0.00213,0.003195,99741.06,27.02,-0.0819629,
1481.978519,0.010108,0.007182,-0.062244,-9.870462,-9.870661,0.00426,-0.009585,0.001065,99741.06,27.02,-0.0531179,
1481.988973,0.010454,-0.021546,-0.050274,-9.85131,-9.851462,0,-0.003195,0.00213,99741.06,27.02,-0.0339189,
1481.999358,0.010386,0.009576,-0.067032,-9.85131,-9.851543,0.003195,-0.003195,0.003195,99741.06,27.02,-0.0339999,
1482.009464,0.010106,-0.007182,-0.07182,-9.848916,-9.84918,0.005325,-0.00639,0.00213,99741.06,27.02,-0.0316369,
1482.019604,0.01014,-0.026334,-0.076608,-9.834552,-9.834886,0.00213,-0.005325,0,99741.06,27.02,-0.0173429,
1482.029706,0.010101,0.01197,-0.05985,-9.822582,-9.822772,0.001065,-0.007455,-0.001065,99741.06,27.02,-0.0052289,
1482.039793,0.010087,-0.028728,-0.05985,-9.817794,-9.818018,0.00213,-0.00426,-0.00213,99741.06,27.02,-0.0004749,
1482.049893,0.010101,-0.002394,-0.057456,-9.817794,-9.817962,0,-0.003195,0,99741.06,27.02,-0.0004189,
1482.060016,0.010123,0.004788,-0.05985,-9.777096,-9.77728,0.007455,-0.007455,0.00213,99741.06,27.02,0.0402631,
1482.070099,0.010083,-0.02394,-0.088578,-9.784278,-9.784708,0.00213,-0.00426,0.00213,99741.56,27.02,0.0328351,
1482.080182,0.010082,0,-0.086184,-9.781884,-9.782264,0.00426,-0.003195,0.00213,99741.56,27.02,0.0352791,
1482.09028,0.010099,0.007182,-0.081396,-9.789066,-9.789407,0.00426,-0.00639,0,99741.56,27.02,0.0281361,
1482.100383,0.010102,0.01197,-0.086184,-9.793854,-9.794241,0.001065,-0.00852,0.00213,99741.56,27.02,0.0233021,
1482.11051,0.010127,0.004788,-0.090972,-9.786672,-9.787096,0.001065,-0.00426,-0.003195,99741.56,27.02,0.0304471,
1482.120792,0.010281,0.021546,-0.08379,-9.745974,-9.746358,0.005325,-0.00852,0.00426,99741.56,27.02,0.0711851,
1482.130876,0.010084,-0.007182,-0.081396,-9.76752,-9.767862,0.003195,-0.00426,0.001065,99741.56,27.02,0.0496811,
1482.140968,0.010093,0.002394,-0.086184,-9.762732,-9.763113,0.00213,-0.00426,0.001065,99741.98,27.02,0.0544301,
1482.151092,0.010123,0.028728,-0.04788,-9.760338,-9.760498,0.005325,-0.00852,0.00213,99741.98,27.02,0.0570451,
1482.161178,0.010087,-0.007182,-0.074214,-9.77949,-9.779774,0.001065,-0.003195,0.003195,99741.98,27.02,0.0377691,
1482.171301,0.010123,0.007182,-0.074214,-9.77949,-9.779774,0.003195,-0.00852,0.001065,99741.98,27.02,0.0377691,
1482.181385,0.010084,-0.01197,-0.064638,-9.765126,-9.765347,0.003195,-0.00426,0.00213,99741.98,27.02,0.0521961,
1482.191478,0.010092,-0.031122,-0.090972,-9.774702,-9.775175,0.001065,-0.003195,0,99741.98,27.02,0.0423681,
1482.201732,0.010254,0.033516,-0.07182,-9.79146,-9.791781,0.00639,-0.007455,0.001065,99742.49,27.02,0.0257621,
1482.211957,0.010225,-0.019152,-0.069426,-9.801036,-9.801301,0.00213,-0.00426,0,99742.49,27.02,0.0162421,
1482.222062,0.010105,-0.033516,-0.090972,-9.789066,-9.789546,0.00426,-0.00639,0.003195,99742.49,27.02,0.0279971,
1482.232149,0.010087,0.021546,-0.079002,-9.808218,-9.80856,0.003195,-0.005325,0.003195,99742.49,27.02,0.0089831,
1482.242233,0.010084,-0.007182,-0.062244,-9.820188,-9.820388,0.003195,-0.003195,0.00213,99742.49,27.02,-0.0028449,
1482.252344,0.01011,0.016758,-0.093366,-9.813006,-9.813464,0.003195,-0.00426,0,99742.49,27.02,0.0040791,
1482.262433,0.010089,0.04788,-0.069426,-9.820188,-9.82055,0.005325,-0.00426,0,99742.81,27.02,-0.0030069,
1482.27254,0.010107,0.062244,-0.079002,-9.870462,-9.870974,0.001065,-0.007455,0,99742.81,27.02,-0.0534309,
1482.282623,0.010084,0.08379,-0.062244,-9.877644,-9.878195,0.00639,-0.00852,0.00426,99742.81,27.02,-0.0606519,
1482.292721,0.010097,0.040698,-0.069426,-9.853704,-9.854033,0.001065,-0.00426,0.003195,99742.81,27.02,-0.0364899,
1482.302827,0.010106,0.086184,-0.05985,-9.848916,-9.849475,0.00213,-0.01065,0.005325,99742.81,27.02,-0.0319319,
1482.312933,0.010106,0.03591,-0.057456,-9.865674,-9.865907,0.00639,-0.00213,0.003195,99742.81,27.02,-0.0483639,
1482.323104,0.010171,-0.021546,-0.081396,-9.860886,-9.861245,-0.00213,-0.00426,0.003195,99743.23,27.02,-0.0437019,
1482.333195,0.010091,0.112518,-0.02394,-9.856098,-9.856769,0.00639,-0.011715,0.00213,99743.23,27.02,-0.0392259,
1482.34328,0.010085,0.007182,-0.040698,-9.856098,-9.856185,0.00213,-0.00426,0.001065,99743.23,27.02,-0.0386419,
1482.353376,0.010096,-0.014364,-0.076608,-9.870462,-9.87077,0.00426,-0.005325,0.003195,99743.23,27.02,-0.0532269,
1482.363454,0.010078,0.045486,-0.03591,-9.836946,-9.837117,0.00639,-0.009585,0.00426,99743.23,27.02,-0.0195739,
1482.373537,0.010083,-0.043092,-0.07182,-9.848916,-9.849272,0,-0.003195,0.005325,99743.23,27.02,-0.0317289,
1482.383645,0.010107,-0.069426,-0.074214,-9.841734,-9.842259,0.005325,-0.005325,0.00213,99743.23,27.02,-0.0247159,
1482.393757,0.010113,-0.05985,-0.088578,-9.872856,-9.873435,0.00213,-0.00426,0.00213,99743.23,27.02,-0.0558919,
1482.403857,0.0101,-0.08379,-0.064638,-9.846522,-9.847091,0.00213,-0.003195,0.00426,99743.23,27.02,-0.0295479,
1482.413942,0.010085,-0.076608,-0.081396,-9.841734,-9.842369,0.00426,-0.00426,0.001065,99743.23,27.02,-0.0248259,
1482.424352,0.010409,-0.09576,-0.088578,-9.841734,-9.842598,0.003195,-0.005325,0,99743.23,27.02,-0.0250549,
1482.434456,0.010105,-0.114912,-0.086184,-9.846522,-9.84757,0.00426,-0.00426,-0.001065,99743.23,27.02,-0.0300269,
1482.444548,0.010092,-0.124488,-0.090972,-9.846522,-9.847729,0.005325,-0.009585,0.001065,99743.23,27.02,-0.0301859,
1482.454639,0.010091,-0.055062,-0.090972,-9.808218,-9.808794,-0.001065,-0.003195,0,99743.45,27.02,0.0087491,
1482.464744,0.010105,-0.038304,-0.08379,-9.834552,-9.834984,0.00213,-0.00426,-0.00213,99743.45,27.02,-0.0174409,
1482.474843,0.010099,-0.04788,-0.08379,-9.813006,-9.813481,0.003195,-0.007455,0,99743.45,27.02,0.0040621,
1482.484919,0.010076,-0.007182,-0.086184,-9.784278,-9.78466,0.001065,-0.005325,-0.001065,99743.45,27.02,0.0328831,
1482.495026,0.010107,0.067032,-0.086184,-9.786672,-9.787281,0.005325,-0.009585,0,99743.45,27.02,0.0302621,
1482.505117,0.01009,0.064638,-0.055062,-9.793854,-9.794222,0.001065,-0.007455,-0.001065,99743.45,27.02,0.0233211,
1482.515235,0.010118,0.090972,-0.052668,-9.772308,-9.772873,0.00213,-0.003195,0.003195,99743.87,27.02,0.0446701,
1482.525351,0.010116,0.129276,-0.076608,-9.745974,-9.747132,0.005325,-0.005325,0.001065,99743.87,27.02,0.0704111,
1482.535656,0.010305,0.100548,-0.079002,-9.745974,-9.746813,0.00426,-0.007455,0,99743.87,27.02,0.0707301,
1482.546941,0.011285,0.126882,-0.074214,-9.748368,-9.749476,0.003195,-0.005325,0.00213,99743.87,27.02,0.0680671,
1482.558063,0.011122,0.150822,-0.064638,-9.777096,-9.778473,0.00639,-0.007455,0.00213,99743.87,27.02,0.0390701,
1482.56956,0.011497,0.129276,-0.067032,-9.760338,-9.761424,0.001065,-0.007455,0.00213,99743.87,27.02,0.0561191,
1482.580581,0.011021,0.03591,-0.069426,-9.757944,-9.758257,0.00213,-0.003195,0.003195,99744.39,27.02,0.0592861,
1482.591669,0.011087,0.045486,-0.079002,-9.789066,-9.78949,0.00426,-0.007455,0.00426,99744.39,27.02,0.0280531,
1482.602842,0.011173,-0.03591,-0.07182,-9.798642,-9.798971,0.005325,-0.00639,0.00426,99744.39,27.02,0.0185721,
1482.613998,0.011156,-0.01197,-0.086184,-9.813006,-9.813392,0.003195,-0.005325,0.00213,99744.39,27.02,0.0041511,
1482.625254,0.011256,-0.052668,-0.076608,-9.841734,-9.842173,0.00426,-0.00426,0.00426,99744.39,27.02,-0.0246299,
1482.636454,0.011201,-0.10773,-0.074214,-9.848916,-9.849785,0.00426,-0.007455,0.00213,99744.39,27.02,-0.0322419,
1482.647676,0.011221,-0.09576,-0.100548,-9.829764,-9.830745,0.003195,-0.005325,0.00213,99744.86,27.02,-0.0132019,
1482.658832,0.011157,-0.064638,-0.102942,-9.834552,-9.835303,0.00639,-0.00639,0.003195,99744.86,27.02,-0.0177599,
1482.670076,0.011243,-0.114912,-0.086184,-9.853704,-9.854751,0.005325,-0.005325,0.00213,99744.86,27.02,-0.0372079,
1482.681042,0.010967,-0.067032,-0.074214,-9.83934,-9.839848,0.00426,-0.007455,0.001065,99744.86,27.02,-0.0223049,
1482.692225,0.011183,-0.057456,-0.079002,-9.836946,-9.837431,0.003195,-0.005325,0.00213,99744.86,27.02,-0.0198879,
1482.705507,0.013282,-0.016758,-0.076608,-9.844128,-9.84444,0.003195,-0.009585,0,99744.86,27.02,-0.0268969,
1482.715613,0.010105,-0.033516,-0.07182,-9.846522,-9.846841,0.00426,-0.00639,0.003195,99744.86,27.02,-0.0292979,
1482.726333,0.01072,0.026334,-0.05985,-9.86328,-9.863497,0,-0.00639,0,99744.86,27.02,-0.0459539,
1482.737136,0.010802,0.07182,-0.050274,-9.868068,-9.868457,0.003195,-0.00852,0.003195,99744.86,27.02,-0.0509139,
1482.748399,0.011263,0.026334,-0.057456,-9.844128,-9.844331,0.00639,-0.007455,0.00213,99744.86,27.02,-0.0267879,
1482.759398,0.011,0.052668,-0.064638,-9.865674,-9.866026,0.003195,-0.00639,0,99744.86,27.02,-0.0484829,
1482.770611,0.011212,0.093366,-0.057456,-9.86328,-9.863889,0.00213,-0.009585,0.00213,99745.2,27.02,-0.0463459,
1482.781735,0.011125,0.043092,-0.069426,-9.832158,-9.832498,0.00426,-0.007455,0.001065,99745.2,27.02,-0.0149549,
1482.792949,0.011213,0.043092,-0.05985,-9.834552,-9.834829,0.003195,-0.00426,0.00426,99745.2,27.02,-0.0172859,
1482.804149,0.0112,0.01197,-0.057456,-9.848916,-9.849091,0.00213,-0.00426,0.00213,99745.2,27.02,-0.0315479,
1482.815362,0.011213,0.002394,-0.067032,-9.820188,-9.820417,0.005325,-0.007455,0.001065,99745.2,27.02,-0.0028739,
1482.826456,0.011094,-0.016758,-0.074214,-9.832158,-9.832452,0.005325,-0.00213,0.001065,99745.2,27.02,-0.0149089,
1482.838229,0.011773,-0.04788,-0.08379,-9.817794,-9.818268,0.001065,-0.00213,0,99745.52,27.02,-0.0007249,
1482.849178,0.01095,-0.03591,-0.088578,-9.8154,-9.815865,0.00426,-0.007455,0.00213,99745.52,27.02,0.0016781,
1482.860027,0.010849,-0.067032,-0.07182,-9.813006,-9.813498,0.003195,-0.005325,-0.001065,99745.52,27.02,0.0040451,
1482.871294,0.011267,-0.033516,-0.088578,-9.796248,-9.796706,0.001065,-0.003195,-0.001065,99745.52,27.02,0.0208371,
1482.88246,0.011166,-0.057456,-0.093366,-9.810612,-9.811225,0.003195,-0.005325,0,99745.52,27.02,0.0063181,
1482.893579,0.011119,-0.045486,-0.07182,-9.817794,-9.818162,0.00426,-0.00852,0,99745.52,27.02,-0.0006189,
1482.904861,0.011282,0.007182,-0.088578,-9.820188,-9.82059,0.001065,-0.005325,0.001065,99745.87,27.02,-0.0030469,
1482.916189,0.011328,0.019152,-0.110124,-9.824976,-9.825612,0.003195,-0.00852,0.001065,99745.87,27.02,-0.0080689,
1482.927271,0.011082,0.045486,-0.076608,-9.796248,-9.796653,0.00426,-0.005325,0.00213,99745.87,27.02,0.0208901,
1482.938493,0.011222,0.074214,-0.086184,-9.805824,-9.806484,0.005325,-0.005325,0.001065,99745.87,27.02,0.0110591,
1482.950175,0.011683,0.08379,-0.057456,-9.813006,-9.813532,0.00213,-0.005325,0.003195,99745.87,27.02,0.0040111,
1482.960268,0.010093,0.067032,-0.040698,-9.798642,-9.798956,0.00639,-0.009585,0.00426,99746.33,27.02,0.0185871,
1482.970352,0.010084,0.064638,-0.069426,-9.774702,-9.775162,0.003195,-0.00639,0.003195,99746.33,27.02,0.0423811,
1482.980453,0.010101,0.062244,-0.055062,-9.774702,-9.775055,0.00426,-0.005325,0.003195,99746.33,27.02,0.0424881,
1482.990549,0.010096,0.03591,-0.043092,-9.793854,-9.794015,0.00639,-0.00852,0.00426,99746.33,27.02,0.0235281,
1483.000747,0.010199,0.01197,-0.057456,-9.784278,-9.784454,0.00426,-0.005325,0.00213,99746.33,27.02,0.0330891,
1483.010858,0.010111,0.016758,-0.05985,-9.784278,-9.784475,0.00426,-0.011715,0.003195,99746.33,27.02,0.0330681,
1483.021061,0.010203,-0.021546,-0.057456,-9.805824,-9.806016,0.00213,-0.009585,0.00213,99746.33,27.02,0.0115271,
1483.031167,0.010106,-0.081396,-0.069426,-9.80343,-9.804014,0.005325,-0.005325,0.003195,99746.33,27.02,0.0135291,
1483.041265,0.010097,-0.043092,-0.088578,-9.784278,-9.784774,0.00213,-0.005325,0.001065,99746.33,27.02,0.0327691,
1483.05137,0.010105,-0.076608,-0.079002,-9.786672,-9.787291,0.00213,-0.00639,0,99746.33,27.02,0.0302521,
1483.061913,0.010543,-0.076608,-0.10773,-9.85131,-9.852197,0.003195,-0.003195,0.001065,99746.33,27.02,-0.0346539,
1483.072225,0.010312,-0.05985,-0.090972,-9.832158,-9.832761,0.001065,-0.007455,0.001065,99746.33,27.02,-0.0152179,
1483.082336,0.010111,-0.067032,-0.074214,-9.824976,-9.825485,0.00426,-0.00213,0,99746.33,27.02,-0.0079419,
1483.092468,0.010132,-0.033516,-0.10773,-9.848916,-9.849562,0.00213,-0.003195,-0.001065,99746.78,27.02,-0.0320189,
1483.102553,0.010086,-0.014364,-0.081396,-9.846522,-9.846869,0.003195,-0.007455,0.001065,99746.78,27.02,-0.0293259,
1483.112663,0.010109,-0.021546,-0.090972,-9.846522,-9.846966,0.001065,-0.003195,0,99746.78,27.02,-0.0294229,
1483.122795,0.010133,0.009576,-0.098154,-9.870462,-9.870955,0.005325,-0.00639,0.00213,99746.78,27.02,-0.0534119,
1483.132968,0.010172,0.067032,-0.088578,-9.846522,-9.847149,0.00213,-0.00639,-0.001065,99746.78,27.02,-0.0296059,
1483.143065,0.010097,0.055062,-0.057456,-9.848916,-9.849238,0.001065,-0.003195,0.00213,99746.78,27.02,-0.0316949,
1483.153165,0.0101,0.074214,-0.05985,-9.822582,-9.823045,0.005325,-0.00852,0.003195,99746.78,27.02,-0.0055019,
1483.163275,0.010109,0.08379,-0.07182,-9.83934,-9.839959,0.003195,-0.00426,0.00213,99747.1,27.02,-0.0224159,
1483.173819,0.010544,0.067032,-0.045486,-9.82737,-9.827704,0.005325,-0.005325,0.001065,99747.1,27.02,-0.0101609,
1483.183916,0.010098,0.08379,-0.045486,-9.810612,-9.811075,0.00426,-0.007455,0.003195,99747.1,27.02,0.0064681,
1483.194009,0.010093,0.067032,-0.064638,-9.82737,-9.827811,0.003195,-0.007455,0.00426,99747.1,27.02,-0.0102679,
1483.204087,0.010077,0.055062,-0.04788,-9.820188,-9.820459,0.005325,-0.005325,0.00213,99747.1,27.02,-0.0029159,
1483.214187,0.0101,0.057456,-0.045486,-9.801036,-9.80131,0.003195,-0.00426,0.003195,99747.1,27.02,0.0162331,
1483.224302,0.010115,0.007182,-0.069426,-9.810612,-9.81086,0.001065,-0.003195,0.001065,99747.39,27.02,0.0066831,
1483.234388,0.010085,0.004788,-0.055062,-9.836946,-9.837101,0.003195,-0.007455,0.00426,99747.39,27.02,-0.0195579,
1483.244534,0.010147,-0.01197,-0.064638,-9.82737,-9.82759,0.00213,-0.005325,0.001065,99747.39,27.02,-0.0100469,
1483.254582,0.010048,-0.04788,-0.081396,-9.832158,-9.832611,0.00426,-0.00852,0.00639,99747.39,27.02,-0.0150679,
1483.264685,0.010103,-0.052668,-0.074214,-9.829764,-9.830185,0.003195,-0.00639,0.00213,99747.39,27.02,-0.0126419,
1483.274786,0.010101,-0.079002,-0.098154,-9.868068,-9.868872,0.00213,-0.005325,0.001065,99747.39,27.02,-0.0513289,
1483.28487,0.010084,-0.090972,-0.09576,-9.822582,-9.82347,0.003195,-0.005325,0.001065,99747.65,27.02,-0.0059269,
1483.294965,0.010095,-0.090972,-0.09576,-9.858492,-9.859377,0.00213,-0.005325,-0.001065,99747.65,27.02,-0.0418339,
1483.305085,0.010119,-0.043092,-0.076608,-9.836946,-9.837339,0.00426,-0.005325,0.003195,99747.65,27.02,-0.0197959,
1483.31518,0.010095,-0.074214,-0.102942,-9.836946,-9.837765,0.00213,-0.005325,0.00213,99747.65,27.02,-0.0202219,
1483.325287,0.010108,-0.05985,-0.076608,-9.801036,-9.801518,0.005325,-0.007455,0,99747.65,27.02,0.0160251,
1483.335446,0.010159,-0.014364,-0.08379,-9.813006,-9.813374,0.00213,-0.00639,0.001065,99747.65,27.02,0.0041691,
1483.345528,0.010081,0.031122,-0.05985,-9.824976,-9.825208,0.00426,-0.007455,0.001065,99747.65,27.02,-0.0076649,
1483.355641,0.010113,0.040698,-0.062244,-9.774702,-9.774985,0.003195,-0.007455,0,99747.65,27.02,0.0425581,
1483.365744,0.010103,0.045486,-0.062244,-9.786672,-9.786976,0.003195,-0.00639,0.00426,99747.65,27.02,0.0305671,
1483.375845,0.010101,0.098154,-0.033516,-9.777096,-9.777646,0.00426,-0.009585,0.00213,99747.65,27.02,0.0398971,
1483.38631,0.010465,0.067032,-0.033516,-9.765126,-9.765414,0,-0.00639,0.00213,99747.65,27.02,0.0521291,
1483.396411,0.010101,0.050274,-0.067032,-9.760338,-9.760698,0.00426,-0.00639,0.005325,99747.65,27.02,0.0568451,
1483.406508,0.010097,0.07182,-0.033516,-9.77949,-9.779811,0.00213,-0.00852,0.00426,99747.65,27.02,0.0377321,
1483.416616,0.010108,0.033516,-0.043092,-9.79146,-9.791612,0.00426,-0.00213,0.001065,99748,27.02,0.0259311,
1483.426723,0.010107,0.074214,-0.062244,-9.789066,-9.789545,0.00213,-0.007455,0.00426,99748,27.02,0.0279981,
1483.436823,0.010101,0.040698,-0.062244,-9.801036,-9.801318,0.00426,-0.007455,0.003195,99748,27.02,0.0162251,
1483.44692,0.010096,-0.004788,-0.07182,-9.832158,-9.832421,0.003195,-0.005325,0.00426,99748,27.02,-0.0148779,
1483.457021,0.010101,-0.052668,-0.093366,-9.793854,-9.794441,0.003195,-0.009585,0.00213,99748,27.02,0.0231021,
1483.467121,0.010101,-0.09576,-0.110124,-9.789066,-9.790154,0,-0.003195,0.00213,99748,27.02,0.0273891,
1483.477235,0.010114,-0.064638,-0.105336,-9.853704,-9.854479,0.00426,-0.00639,0.003195,99748.16,27.02,-0.0369359,
1483.487338,0.010103,-0.062244,-0.100548,-9.846522,-9.847232,0.001065,-0.005325,0,99748.16,27.02,-0.0296889,
1483.49744,0.010102,-0.050274,-0.117306,-9.808218,-9.809048,0.00213,-0.005325,0.001065,99748.16,27.02,0.0084951,
1483.507525,0.010085,0.033516,-0.098154,-9.83934,-9.839887,0.005325,-0.009585,0.001065,99748.16,27.02,-0.0223439,
1483.517649,0.010123,-0.04788,-0.079002,-9.856098,-9.856531,0.005325,-0.00852,0.001065,99748.16,27.02,-0.0389879,
1483.527741,0.010092,-0.028728,-0.102942,-9.813006,-9.813588,0.001065,0,0,99748.16,27.02,0.0039551,
1483.537831,0.010091,0.086184,-0.079002,-9.77949,-9.780189,0.007455,-0.01065,0.00213,99748.16,27.02,0.0373541,
1483.548117,0.010286,0.03591,-0.064638,-9.858492,-9.858769,0.001065,-0.00213,0.001065,99748.43,27.02,-0.0412259,
1483.558214,0.010097,0.055062,-0.064638,-9.860886,-9.861252,0.00426,-0.007455,0.00426,99748.43,27.02,-0.0437089,
1483.568324,0.01011,0.098154,-0.076608,-9.793854,-9.794645,0.00426,-0.009585,0.003195,99748.43,27.02,0.0228981,
1483.578426,0.010102,0.028728,-0.069426,-9.813006,-9.813294,0.001065,-0.00426,0.00213,99748.43,27.02,0.0042491,
1483.588531,0.010105,0.07182,-0.026334,-9.841734,-9.842031,0.00639,-0.01278,0.003195,99748.43,27.02,-0.0244879,
1483.598782,0.010251,0.033516,-0.052668,-9.82737,-9.827568,0.001065,-0.00213,0.00426,99748.43,27.02,-0.0100249,
1483.608909,0.010127,0.009576,-0.055062,-9.836946,-9.837105,0.00426,-0.00852,0.003195,99748.77,27.02,-0.0195619,
1483.618998,0.010089,0.02394,-0.043092,-9.817794,-9.817918,0.005325,-0.00639,0.003195,99748.77,27.02,-0.0003749,
1483.62909,0.010092,0.007182,-0.067032,-9.844128,-9.844359,0.001065,-0.003195,0.00213,99748.77,27.02,-0.0268159,
1483.639175,0.010085,0.009576,-0.062244,-9.82737,-9.827572,0.005325,-0.011715,0.00426,99748.77,27.02,-0.0100289,
1483.649264,0.010089,-0.067032,-0.079002,-9.810612,-9.811159,0.001065,-0.005325,0.001065,99748.77,27.02,0.0063841,
1483.659381,0.010117,-0.062244,-0.079002,-9.85131,-9.851823,0,-0.00213,0.00426,99748.77,27.02,-0.0342799,
1483.669467,0.010086,-0.052668,-0.064638,-9.82737,-9.827724,0.007455,-0.01065,0.005325,99749.02,27.02,-0.0101809,
1483.679597,0.01013,-0.05985,-0.100548,-9.844128,-9.844823,0.00213,-0.00426,0.003195,99749.02,27.02,-0.0272799,
1483.689751,0.010155,-0.026334,-0.08379,-9.82737,-9.827762,0.001065,-0.003195,0.001065,99749.02,27.02,-0.0102189,
1483.699857,0.010106,-0.007182,-0.067032,-9.808218,-9.80845,0.007455,-0.005325,-0.00213,99749.02,27.02,0.0090931,
1483.709952,0.010094,-0.055062,-0.086184,-9.856098,-9.856629,0.003195,-0.00426,0.003195,99749.02,27.02,-0.0390859,
1483.720035,0.010084,-0.031122,-0.088578,-9.784278,-9.784728,0.00213,-0.00852,0,99749.02,27.02,0.0328151,
1483.730123,0.010088,-0.045486,-0.090972,-9.784278,-9.784807,0.00426,-0.00426,0.00213,99749.02,27.02,0.0327361,
1483.740205,0.010082,0.033516,-0.114912,-9.820188,-9.820917,0.00213,-0.00426,-0.001065,99749.02,27.02,-0.0033739,
1483.750303,0.010098,0.043092,-0.067032,-9.858492,-9.858814,0.007455,-0.009585,0.001065,99749.02,27.02,-0.0412709,
1483.760398,0.010095,-0.102942,-0.114912,-9.824976,-9.826187,-0.00213,0.00213,0.00213,99749.02,27.02,-0.0086439,
1483.770489,0.010091,0.050274,-0.093366,-9.748368,-9.748945,0.003195,-0.009585,0.001065,99749.02,27.02,0.0685981,
1483.780581,0.010091,0.105336,-0.019152,-9.85131,-9.851892,0.003195,-0.00639,0.00426,99749.02,27.02,-0.0343489,
1483.790677,0.010096,-0.009576,-0.076608,-9.829764,-9.830067,0.001065,-0.005325,0.00213,99749.02,27.02,-0.0125239,
1483.800767,0.01009,0.126882,-0.067032,-9.73161,-9.732668,0.00639,-0.007455,0.001065,99749.35,27.02,0.0848751,
1483.811292,0.010525,0.079002,-0.074214,-9.781884,-9.782485,0.00426,-0.003195,0.005325,99749.35,27.02,0.0350581,
1483.821409,0.010117,0.02394,-0.050274,-9.772308,-9.772467,0.00426,-0.00852,0.001065,99749.35,27.02,0.0450761,
1483.833678,0.012269,0.009576,-0.067032,-9.745974,-9.746209,-0.00213,-0.00213,0.00426,99749.35,27.02,0.0713341,
1483.84499,0.011312,0.10773,-0.026334,-9.738792,-9.739423,0.007455,-0.013845,0.00426,99749.35,27.02,0.0781201,
1483.856806,0.011816,0.007182,-0.052668,-9.822582,-9.822726,0.001065,-0.003195,0.001065,99749.35,27.02,-0.0051829,
1483.867733,0.010926,-0.004788,-0.079002,-9.834552,-9.83487,0.003195,-0.00639,0.001065,99749.68,27.02,-0.0173269,
1483.877893,0.01016,-0.007182,-0.074214,-9.760338,-9.760623,0.00426,-0.005325,0.00213,99749.68,27.02,0.0569201,
1483.88906,0.011167,-0.076608,-0.064638,-9.805824,-9.806336,0.00426,-0.005325,0.00213,99749.68,27.02,0.0112071,
1483.900186,0.011126,-0.067032,-0.08379,-9.813006,-9.813593,0,-0.003195,0.00213,99749.68,27.02,0.0039501,
1483.911398,0.011212,-0.043092,-0.100548,-9.894402,-9.895007,0.005325,-0.00852,0.001065,99749.68,27.02,-0.0774639,
1483.923534,0.012136,-0.09576,-0.093366,-9.86328,-9.864187,0.00426,-0.007455,0.003195,99749.99,27.02,-0.0466439,
1483.933856,0.010322,-0.014364,-0.098154,-9.829764,-9.830265,0,-0.00639,0.003195,99749.99,27.02,-0.0127219,
1483.944918,0.011062,-0.004788,-0.100548,-9.853704,-9.854218,0.007455,-0.011715,0.001065,99749.99,27.02,-0.0366749,
1483.956102,0.011184,-0.102942,-0.098154,-9.848916,-9.849943,0.003195,-0.00426,0.00213,99749.99,27.02,-0.0323999,
1483.967406,0.011304,0.002394,-0.069426,-9.820188,-9.820434,0.00426,-0.00639,0.00213,99749.99,27.02,-0.0028909,
1483.978763,0.011357,0.052668,-0.045486,-9.834552,-9.834798,0.00426,-0.00426,0,99749.99,27.02,-0.0172549,
1483.989818,0.011055,0.043092,-0.079002,-9.817794,-9.818206,0.00426,-0.00639,-0.001065,99750.24,27.02,-0.0006629,
1484.00084,0.011022,0.074214,-0.055062,-9.817794,-9.818229,0,-0.00639,0.001065,99750.24,27.02,-0.0006859,
1484.012037,0.011197,0.079002,-0.04788,-9.824976,-9.82541,0.001065,-0.003195,0.00213,99750.24,27.02,-0.0078669,
1484.023281,0.011244,0.076608,-0.033516,-9.8154,-9.815756,0.005325,-0.00852,0.005325,99750.24,27.02,0.0017871,
1484.034413,0.011132,0.045486,-0.074214,-9.817794,-9.81818,0,-0.003195,0.005325,99750.24,27.02,-0.0006369,
1484.045711,0.011298,0.064638,-0.050274,-9.820188,-9.820529,0.00639,-0.00639,0.00213,99750.24,27.02,-0.0029859,
1484.057278,0.011567,0.026334,-0.033516,-9.836946,-9.837038,0,-0.00213,0.00213,99750.24,27.02,-0.0194949,
1484.067369,0.010092,0.050274,-0.079002,-9.836946,-9.837392,0.007455,-0.01065,0.003195,99750.24,27.02,-0.0198489,
1484.079145,0.011776,-0.043092,-0.093366,-9.829764,-9.830302,0.003195,-0.003195,0,99750.24,27.02,-0.0127589,
1484.090353,0.011208,0.055062,-0.098154,-9.832158,-9.832802,0.00213,-0.00639,0.001065,99750.24,27.02,-0.0152589,
1484.101537,0.011184,-0.01197,-0.076608,-9.853704,-9.854009,0.01065,-0.011715,0.00426,99750.24,27.02,-0.0364659,
1484.112734,0.011198,-0.122094,-0.102942,-9.841734,-9.84303,-0.001065,0,0,99750.24,27.02,-0.0254869,
1484.123992,0.011258,0.007182,-0.100548,-9.834552,-9.835069,0.00426,-0.00852,0.001065,99750.51,27.02,-0.0175259,
1484.135078,0.011086,-0.045486,-0.057456,-9.789066,-9.78934,0.007455,-0.005325,0,99750.51,27.02,0.0282031,
1484.146255,0.011177,-0.067032,-0.100548,-9.817794,-9.818538,0.00213,-0.005325,0.00213,99750.51,27.02,-0.0009949,
1484.157411,0.011156,0.009576,-0.074214,-9.79146,-9.791746,0.00639,-0.007455,0.003195,99750.51,27.02,0.0257971,
1484.16872,0.011309,0,-0.069426,-9.79146,-9.791706,0,-0.003195,0.00213,99750.51,27.02,0.0258371,
1484.18019,0.01147,0.043092,-0.040698,-9.8154,-9.815579,0.007455,-0.011715,0.00426,99750.51,27.02,0.0019641,
1484.191316,0.011126,-0.055062,-0.074214,-9.813006,-9.813441,0,0.001065,0,99750.63,27.02,0.0041021,
1484.202211,0.010895,0.028728,-0.076608,-9.748368,-9.748711,0.00426,-0.00852,0.001065,99750.63,27.02,0.0688321,
1484.213394,0.011183,0.052668,-0.086184,-9.769914,-9.770436,0.003195,-0.00852,0.00213,99750.63,27.02,0.0471071,
1484.224537,0.011143,-0.01197,-0.067032,-9.844128,-9.844363,0.00213,-0.007455,0.00213,99750.63,27.02,-0.0268199,
1484.234643,0.010106,0.050274,-0.062244,-9.793854,-9.794181,0,-0.005325,0.00213,99750.63,27.02,0.0233621,
1484.244727,0.010084,0.03591,-0.067032,-9.77949,-9.779786,-0.001065,-0.00426,0.003195,99750.63,27.02,0.0377571,
1484.254808,0.01008,0.03591,-0.076608,-9.836946,-9.83731,0.005325,-0.01065,0.003195,99750.79,27.02,-0.0197669,
1484.264889,0.010082,-0.021546,-0.067032,-9.801036,-9.801289,0.003195,-0.003195,0.00213,99750.79,27.02,0.0162541,
1484.274979,0.01009,-0.002394,-0.112518,-9.796248,-9.796894,0,-0.00852,0.003195,99750.79,27.02,0.0206491,
1484.285067,0.010088,0.038304,-0.062244,-9.813006,-9.813278,0.003195,-0.00426,0.003195,99750.79,27.02,0.0042651,
1484.295151,0.010084,-0.021546,-0.05985,-9.820188,-9.820394,0.003195,-0.007455,0.003195,99750.79,27.02,-0.0028509,
1484.305306,0.010154,-0.007182,-0.086184,-9.798642,-9.799024,0.00426,-0.007455,0.001065,99750.79,27.02,0.0185191,
1484.315397,0.010091,0.019152,-0.076608,-9.820188,-9.820505,0.003195,-0.00426,0.00213,99750.95,27.02,-0.0029619,
1484.325842,0.010445,-0.031122,-0.064638,-9.83934,-9.839602,0.00639,-0.009585,0.00213,99750.95,27.02,-0.0220589,
1484.335947,0.010105,-0.002394,-0.074214,-9.817794,-9.818075,0.00213,-0.003195,0.001065,99750.95,27.02,-0.0005319,
1484.346029,0.010083,0,-0.052668,-9.829764,-9.829905,0.005325,-0.00852,0.00213,99750.95,27.02,-0.0123619,
1484.356111,0.010082,-0.021546,-0.076608,-9.822582,-9.822904,0.003195,-0.00639,0.003195,99750.95,27.02,-0.0053609,
1484.366167,0.010056,0.052668,-0.067032,-9.836946,-9.837315,0.001065,-0.003195,-0.00213,99750.95,27.02,-0.0197719,
1484.376314,0.010147,-0.007182,-0.079002,-9.829764,-9.830084,0.00639,-0.013845,0.001065,99750.95,27.02,-0.0125409,
1484.386397,0.010083,-0.062244,-0.098154,-9.824976,-9.825663,0.00213,-0.00426,-0.001065,99750.95,27.02,-0.0081199,
1484.396485,0.010088,0.052668,-0.05985,-9.805824,-9.806148,0.001065,-0.00426,0.00213,99750.95,27.02,0.0113951,
1484.406548,0.010064,0.014364,-0.050274,-9.832158,-9.832297,0.00639,-0.011715,0.001065,99750.95,27.02,-0.0147539,
1484.416647,0.010098,-0.028728,-0.076608,-9.85131,-9.85165,-0.001065,-0.00213,0,99750.95,27.02,-0.0341069,
1484.426738,0.010092,0.057456,-0.079002,-9.777096,-9.777584,0.00426,-0.00426,0.003195,99750.95,27.02,0.0399591,
1484.436822,0.010084,0.067032,-0.064638,-9.858492,-9.858932,0.00213,-0.005325,0,99750.95,27.02,-0.0413889,
1484.446967,0.010145,-0.002394,-0.062244,-9.889614,-9.88981,0.005325,-0.00426,-0.001065,99751.01,27.02,-0.0722669,
1484.457057,0.01009,0.021546,-0.093366,-9.79146,-9.791929,0.003195,-0.009585,0.001065,99751.01,27.02,0.0256141,
1484.467139,0.010082,-0.07182,-0.098154,-9.74358,-9.744339,0.00639,-0.009585,0.001065,99751.01,27.02,0.0732041,
1484.477221,0.010082,-0.124488,-0.112518,-9.805824,-9.80726,0.00213,-0.00426,-0.001065,99751.01,27.02,0.0102831,
1484.487301,0.01008,0.007182,-0.064638,-9.853704,-9.853919,0,-0.00639,0.003195,99751.01,27.02,-0.0363759,
1484.497432,0.010131,0.064638,-0.064638,-9.829764,-9.830189,0.00213,-0.00639,0.00213,99751.01,27.02,-0.0126459,
1484.507777,0.010345,-0.007182,-0.10773,-9.832158,-9.832751,0.00426,-0.00213,0.001065,99751.19,27.02,-0.0152079,
1484.517859,0.010082,0.014364,-0.102942,-9.813006,-9.813556,0.00213,-0.00639,0.00426,99751.19,27.02,0.0039871,
1484.527975,0.010116,0.01197,-0.088578,-9.793854,-9.794262,0.00213,-0.005325,0.003195,99751.19,27.02,0.0232811,
1484.538245,0.010271,-0.076608,-0.067032,-9.793854,-9.794383,0.00426,-0.007455,0.00213,99751.19,27.02,0.0231601,
1484.548335,0.01009,0.021546,-0.090972,-9.829764,-9.830209,0.00639,-0.005325,0.001065,99751.19,27.02,-0.0126659,
1484.558435,0.0101,0.055062,-0.052668,-9.829764,-9.830059,0.005325,-0.007455,0,99751.19,27.02,-0.0125159,
1484.568532,0.010096,-0.050274,-0.074214,-9.822582,-9.822991,0.003195,-0.00639,0.001065,99751.19,27.02,-0.0054479,
1484.578612,0.01008,0.045486,-0.117306,-9.836946,-9.837751,0.001065,-0.003195,0.00213,99751.27,27.02,-0.0202079,
1484.588755,0.010143,0.050274,-0.052668,-9.796248,-9.796519,0.00639,-0.007455,0.001065,99751.27,27.02,0.0210241,
1484.598866,0.010112,0,-0.055062,-9.829764,-9.829918,0.00426,-0.00852,0,99751.27,27.02,-0.0123749,
1484.609004,0.010137,0.03591,-0.064638,-9.820188,-9.820466,0.00426,-0.005325,0.00213,99751.27,27.02,-0.0029229,
1484.619111,0.010108,-0.045486,-0.064638,-9.781884,-9.782203,0.003195,-0.005325,0.005325,99751.27,27.02,0.0353401,
1484.629255,0.010144,0.01197,-0.04788,-9.789066,-9.78919,0.003195,-0.003195,0.00213,99751.27,27.02,0.0283531,
1484.639403,0.010148,0.021546,-0.074214,-9.817794,-9.818098,0.003195,-0.005325,0.001065,99751.35,27.02,-0.0005549,
1484.649506,0.010104,0.019152,-0.076608,-9.844128,-9.844445,0.00213,-0.007455,0.00213,99751.35,27.02,-0.0269019,
1484.659616,0.010109,0.05985,-0.05985,-9.798642,-9.799008,0.003195,-0.011715,0.00213,99751.35,27.02,0.0185351,
1484.669706,0.01009,-0.026334,-0.076608,-9.8154,-9.815734,0.00213,-0.00852,0.001065,99751.35,27.02,0.0018091,
1484.679798,0.010092,-0.021546,-0.081396,-9.80343,-9.803792,0.00426,-0.003195,0.001065,99751.35,27.02,0.0137511,
1484.689886,0.010088,0.026334,-0.076608,-9.784278,-9.784613,0.00213,-0.00639,0.003195,99751.35,27.02,0.0329301,
1484.700006,0.010121,-0.019152,-0.074214,-9.822582,-9.822881,0.00426,-0.00426,0.001065,99751.49,27.01,-0.0053379,
1484.710093,0.010086,0.031122,-0.081396,-9.83934,-9.839726,0.003195,-0.007455,0.00213,99751.49,27.01,-0.0221829,
1484.720199,0.010106,0.026334,-0.08379,-9.820188,-9.820581,0.00426,-0.007455,0.001065,99751.49,27.01,-0.0030379,
1484.730297,0.010098,-0.062244,-0.086184,-9.822582,-9.823157,0.00213,-0.00639,0.001065,99751.49,27.01,-0.0056139,
1484.740397,0.0101,-0.014364,-0.10773,-9.80343,-9.804032,0.00213,-0.007455,0,99751.49,27.01,0.0135111,
1484.750766,0.010369,0.004788,-0.069426,-9.848916,-9.849162,0.00426,-0.005325,0.003195,99751.49,27.01,-0.0316189,
1484.761203,0.010436,-0.040698,-0.08379,-9.856098,-9.856538,0.00426,-0.00639,0.00213,99751.49,27.01,-0.0389949,
1484.771302,0.010099,0.007182,-0.08379,-9.80343,-9.803791,0.005325,-0.00852,0,99751.49,27.01,0.0137521,
1484.78143,0.010128,-0.014364,-0.081396,-9.801036,-9.801385,0.00213,-0.00426,0.001065,99751.49,27.01,0.0161581,
1484.791523,0.010094,-0.021546,-0.076608,-9.853704,-9.854025,0.003195,-0.00426,0,99751.49,27.01,-0.0364819,
1484.801712,0.010189,0.076608,-0.064638,-9.83934,-9.839851,0.00213,-0.005325,0.00213,99751.49,27.01,-0.0223079,
1484.81183,0.010118,-0.021546,-0.100548,-9.813006,-9.813545,0.00426,-0.00639,0.00213,99751.49,27.01,0.0039981,
1484.82192,0.01009,0.045486,-0.079002,-9.774702,-9.775127,0.00426,-0.00852,0.003195,99751.49,27.01,0.0424161,
1484.832077,0.010157,-0.01197,-0.043092,-9.82737,-9.827472,0.00213,-0.005325,0,99751.6,27.01,-0.0099289,
1484.842188,0.010111,0.031122,-0.026334,-9.8154,-9.815485,0.003195,-0.005325,0.001065,99751.6,27.01,0.0020581,
1484.852273,0.010085,0.124488,-0.052668,-9.817794,-9.818724,0.001065,-0.003195,0.00426,99751.6,27.01,-0.0011809,
1484.862796,0.010523,0.021546,-0.074214,-9.817794,-9.818098,0.005325,-0.00852,0.003195,99751.6,27.01,-0.0005549,
1484.87296,0.010164,-0.019152,-0.057456,-9.822582,-9.822769,0.00426,-0.00426,0.001065,99751.6,27.01,-0.0052259,
1484.883081,0.010121,0.062244,-0.067032,-9.80343,-9.803857,0.001065,-0.00639,0.003195,99751.6,27.01,0.0136861,
1484.893201,0.01012,-0.02394,-0.057456,-9.813006,-9.813203,0.00426,-0.003195,0.00213,99751.78,27.01,0.0043401,
1484.903285,0.010084,0.021546,-0.074214,-9.829764,-9.830068,-0.00426,-0.003195,0.00213,99751.78,27.01,-0.0125249,
1484.913389,0.010103,0.016758,-0.088578,-9.856098,-9.85651,0.007455,-0.009585,0,99751.78,27.01,-0.0389669,
1484.923495,0.010106,-0.062244,-0.086184,-9.834552,-9.835127,0.003195,-0.00213,0.001065,99751.78,27.01,-0.0175839,
1484.933751,0.010256,0.009576,-0.081396,-9.789066,-9.789409,0.00213,-0.00639,0.001065,99751.78,27.01,0.0281341,
1484.943857,0.010105,-0.026334,-0.110124,-9.829764,-9.830416,0.00213,-0.00426,0.001065,99751.78,27.01,-0.0128729,
1484.95395,0.010094,-0.045486,-0.09576,-9.860886,-9.861456,0.001065,-0.00426,0.001065,99751.78,27.01,-0.0439129,
1484.96407,0.01012,0.021546,-0.081396,-9.832158,-9.832519,0.00213,-0.00639,0.00213,99751.92,27.01,-0.0149759,
1484.9745,0.01043,-0.043092,-0.090972,-9.8154,-9.815916,0.00639,-0.007455,0.00426,99751.92,27.01,0.0016271,
1484.984646,0.010146,-0.03591,-0.079002,-9.808218,-9.808602,0.003195,-0.005325,0.003195,99751.92,27.01,0.0089411,
1484.994748,0.010102,-0.014364,-0.055062,-9.789066,-9.789231,0.00426,-0.00639,0.00213,99751.92,27.01,0.0283121,
1485.004851,0.010104,-0.052668,-0.08379,-9.796248,-9.796748,0.003195,-0.00639,0.00213,99751.92,27.01,0.0207951,
1485.015087,0.010236,0.014364,-0.079002,-9.805824,-9.806153,0.003195,-0.003195,0.001065,99751.92,27.01,0.0113901,
1485.025183,0.010095,-0.026334,-0.079002,-9.805824,-9.806178,0.00426,-0.005325,0.001065,99752.07,27.01,0.0113651,
1485.035304,0.010122,-0.01197,-0.09576,-9.8154,-9.815874,0.005325,-0.005325,0.003195,99752.07,27.01,0.0016691,
1485.045406,0.010102,0.03591,-0.076608,-9.808218,-9.808583,0.00213,-0.00639,0,99752.07,27.01,0.0089601,
1485.055527,0.01012,-0.052668,-0.062244,-9.796248,-9.796587,0.00426,-0.005325,0.00213,99752.07,27.01,0.0209561,
1485.065678,0.010151,0.021546,-0.074214,-9.805824,-9.806129,0.003195,-0.00426,0.00213,99752.07,27.01,0.0114141,
1485.075797,0.010119,0.02394,-0.062244,-9.810612,-9.810839,0.003195,-0.007455,0.00426,99752.07,27.01,0.0067041,
1485.086383,0.010585,-0.009576,-0.079002,-9.829764,-9.830086,0.00213,-0.00426,0.001065,99752.07,27.01,-0.0125429,
1485.096524,0.010141,0.086184,-0.069426,-9.808218,-9.808842,0.005325,-0.009585,0.001065,99752.07,27.01,0.0087011,
1485.106638,0.010114,0.052668,-0.064638,-9.83934,-9.839693,0.00213,-0.001065,0.00213,99752.07,27.01,-0.0221499,
1485.116757,0.010119,0.02394,-0.04788,-9.834552,-9.834698,0.00426,-0.007455,0.001065,99752.07,27.01,-0.0171549,
1485.126851,0.010093,0.045486,-0.052668,-9.805824,-9.806071,0.00213,-0.009585,0.001065,99752.07,27.01,0.0114721,
1485.136962,0.010112,-0.021546,-0.067032,-9.808218,-9.808471,0,-0.003195,0.001065,99752.07,27.01,0.0090721,
1485.147099,0.010136,0.026334,-0.07182,-9.80343,-9.803728,0.007455,-0.00639,0.001065,99752.07,27.01,0.0138151,
1485.157217,0.010118,0.033516,-0.05985,-9.841734,-9.841973,0.00213,-0.005325,0.00213,99752.2,27.01,-0.0244299,
1485.167328,0.010111,0.009576,-0.074214,-9.834552,-9.834837,0.003195,-0.005325,0.003195,99752.2,27.01,-0.0172939,
1485.177426,0.010098,0.02394,-0.086184,-9.798642,-9.79905,0.005325,-0.00639,0.003195,99752.2,27.01,0.0184931,
1485.187515,0.010089,-0.009576,-0.081396,-9.813006,-9.813348,0.003195,-0.00639,0.003195,99752.2,27.01,0.0041951,
1485.198133,0.010618,-0.05985,-0.074214,-9.820188,-9.820651,0.00426,-0.00639,0,99752.2,27.01,-0.0031079,
1485.208807,0.010675,-0.019152,-0.067032,-9.817794,-9.818042,0.003195,-0.00426,0.001065,99752.2,27.01,-0.0004989,
1485.219501,0.010693,-0.026334,-0.07182,-9.836946,-9.837243,0.003195,-0.00426,0.001065,99752.34,27.01,-0.0196999,
1485.229667,0.010166,0,-0.102942,-9.824976,-9.825515,0.005325,-0.009585,0.00213,99752.34,27.01,-0.0079719,
1485.239757,0.01009,-0.021546,-0.079002,-9.808218,-9.80856,0.00426,-0.00639,0.003195,99752.34,27.01,0.0089831,
1485.24996,0.010204,-0.01197,-0.057456,-9.8154,-9.815575,0.00426,-0.00426,0.00213,99752.34,27.01,0.0019681,
1485.260083,0.010122,-0.01197,-0.093366,-9.846522,-9.846972,0.00426,-0.005325,0,99752.34,27.01,-0.0294289,
1485.270175,0.010092,-0.004788,-0.057456,-9.8154,-9.815569,0,-0.003195,-0.001065,99752.34,27.01,0.0019741,
1485.28026,0.010085,0.004788,-0.076608,-9.805824,-9.806124,0.003195,-0.00639,0.001065,99752.37,27.01,0.0114191,
1485.2904,0.01014,-0.01197,-0.09576,-9.810612,-9.811087,0.00213,-0.00639,0.003195,99752.37,27.01,0.0064561,
1485.300557,0.010156,0.03591,-0.08379,-9.8154,-9.815823,0.001065,-0.00426,0.00213,99752.37,27.01,0.0017201,
1485.310672,0.010115,0.026334,-0.08379,-9.834552,-9.834944,0.00213,-0.00852,0.001065,99752.37,27.01,-0.0174009,
1485.321293,0.010621,0.050274,-0.074214,-9.846522,-9.84693,0.005325,-0.007455,0.00213,99752.37,27.01,-0.0293869,
1485.33201,0.010716,0.033516,-0.069426,-9.85131,-9.851612,0.003195,-0.005325,0.001065,99752.37,27.01,-0.0340689,
1485.343215,0.011206,0.014364,-0.08379,-9.834552,-9.834919,0.00426,-0.005325,0.00213,99752.41,27.01,-0.0173759,
1485.354248,0.011033,0.055062,-0.057456,-9.8154,-9.815723,0.00639,-0.01065,0.00426,99752.41,27.01,0.0018201,
1485.365388,0.01114,0.014364,-0.086184,-9.834552,-9.83494,0,-0.003195,0.001065,99752.41,27.01,-0.0173969,
1485.37551,0.010122,0.045486,-0.086184,-9.829764,-9.830247,0.00639,-0.009585,0.003195,99752.41,27.01,-0.0127039,
1485.385689,0.010179,0.019152,-0.04788,-9.810612,-9.810748,0.003195,-0.00426,0.00213,99752.41,27.01,0.0067951,
1485.395819,0.01013,-0.033516,-0.081396,-9.813006,-9.813401,0.001065,-0.00213,0.00213,99752.41,27.01,0.0041421,
1485.405927,0.010108,-0.004788,-0.055062,-9.789066,-9.789222,0.007455,-0.007455,0.003195,99752.52,27.01,0.0283211,
1485.41601,0.010083,-0.009576,-0.076608,-9.810612,-9.810916,0.003195,-0.00426,0.00213,99752.52,27.01,0.0066271,
1485.426102,0.010091,-0.016758,-0.050274,-9.808218,-9.808361,0.00213,-0.00639,0.00213,99752.52,27.01,0.0091821,
1485.436574,0.010472,-0.021546,-0.055062,-9.796248,-9.796426,0.00639,-0.00852,0,99752.52,27.01,0.0211171,
1485.446669,0.010094,-0.033516,-0.079002,-9.80343,-9.803806,0,-0.003195,0,99752.52,27.01,0.0137371,
1485.456762,0.010094,-0.033516,-0.08379,-9.822582,-9.822997,0.005325,-0.003195,0.00213,99752.52,27.01,-0.0054539,
1485.466846,0.010084,-0.031122,-0.076608,-9.82737,-9.827718,0.00426,-0.005325,0.00213,99752.52,27.01,-0.0101749,
1485.477415,0.010568,-0.031122,-0.09576,-9.829764,-9.83028,0.00213,-0.00639,0.003195,99752.52,27.01,-0.0127369,
1485.488474,0.011059,-0.033516,-0.10773,-9.822582,-9.82323,0.005325,-0.003195,0.001065,99752.52,27.01,-0.0056869,
1485.4996,0.011126,0.016758,-0.086184,-9.813006,-9.813399,0.005325,-0.01065,0,99752.52,27.01,0.0041441,
1485.510859,0.011259,-0.014364,-0.105336,-9.822582,-9.823157,0.001065,-0.00639,0,99752.52,27.01,-0.0056139,
1485.522006,0.011147,0.019152,-0.081396,-9.832158,-9.832514,0.005325,-0.005325,0.003195,99752.52,27.01,-0.0149709,
1485.53335,0.011343,0.045486,-0.086184,-9.824976,-9.825459,0.005325,-0.007455,0.00213,99752.69,27.01,-0.0079159,
1485.544345,0.010996,-0.004788,-0.074214,-9.820188,-9.82047,0.00213,-0.00426,-0.001065,99752.69,27.01,-0.0029269,
1485.555578,0.011233,0.052668,-0.076608,-9.798642,-9.799083,0.00213,-0.00426,0.001065,99752.69,27.01,0.0184601,
1485.566763,0.011185,0.031122,-0.069426,-9.824976,-9.825271,0.003195,-0.00639,0.00213,99752.69,27.01,-0.0077279,
1485.577918,0.011155,0.043092,-0.052668,-9.8154,-9.815636,0.003195,-0.00852,0.003195,99752.69,27.01,0.0019071,
1485.589374,0.011456,0.040698,-0.064638,-9.80343,-9.803728,0.001065,-0.00426,0,99752.69,27.01,0.0138151,
1485.600365,0.010991,0.031122,-0.069426,-9.796248,-9.796543,0.00426,-0.007455,0,99752.71,27.01,0.0210001,
1485.611474,0.011109,0.016758,-0.055062,-9.810612,-9.810781,0.00426,-0.003195,0.00213,99752.71,27.01,0.0067621,
1485.622715,0.011241,0.016758,-0.057456,-9.820188,-9.82037,0.00426,-0.00639,0.00213,99752.71,27.01,-0.0028269,
1485.633808,0.011093,0.031122,-0.05985,-9.824976,-9.825208,0.003195,-0.005325,0.003195,99752.71,27.01,-0.0076649,
1485.64497,0.011162,0.002394,-0.07182,-9.810612,-9.810875,0.00213,-0.00426,0.003195,99752.71,27.01,0.0066681,
1485.656216,0.011246,0,-0.069426,-9.80343,-9.803676,0.001065,-0.003195,0.001065,99752.71,27.01,0.0138671,
1485.667868,0.011652,-0.009576,-0.07182,-9.85131,-9.851576,0.00426,-0.00426,0.001065,99752.84,27.01,-0.0340329,
1485.678559,0.010691,-0.009576,-0.076608,-9.83934,-9.839643,0.00639,-0.009585,0.001065,99752.84,27.01,-0.0220999,
1485.689826,0.011268,-0.004788,-0.079002,-9.822582,-9.822901,0.001065,-0.00639,0.001065,99752.84,27.01,-0.0053579,
1485.700899,0.011073,-0.02394,-0.07182,-9.834552,-9.834843,0.003195,-0.003195,0.001065,99752.84,27.01,-0.0172999,
1485.712102,0.011203,-0.021546,-0.07182,-9.813006,-9.813292,0.003195,-0.005325,0.00213,99752.84,27.01,0.0042511,
1485.723537,0.011435,-0.021546,-0.074214,-9.82737,-9.827674,0.00213,-0.00639,0.003195,99753.09,27.01,-0.0101309,
1485.734514,0.010977,-0.009576,-0.08379,-9.820188,-9.82055,0.003195,-0.005325,0.001065,99753.09,27.01,-0.0030069,
1485.745696,0.011182,-0.002394,-0.086184,-9.817794,-9.818173,0.00426,-0.00639,0.00426,99753.09,27.01,-0.0006299,
1485.756898,0.011202,0.026334,-0.079002,-9.80343,-9.803784,0.00426,-0.00639,-0.001065,99753.09,27.01,0.0137591,
1485.768004,0.011105,0.007182,-0.07182,-9.810612,-9.810878,0.001065,-0.00426,0.00426,99753.09,27.01,0.0066651,
1485.77923,0.011226,0.014364,-0.067032,-9.820188,-9.820427,0,-0.009585,-0.001065,99753.09,27.01,-0.0028839,
1485.790459,0.011229,0.033516,-0.064638,-9.793854,-9.794125,0.003195,-0.00426,0.00213,99753.09,27.01,0.0234181,
1485.801681,0.011222,-0.007182,-0.076608,-9.801036,-9.801338,0.001065,-0.005325,0.003195,99753.09,27.01,0.0162051,
1485.812782,0.011101,0.028728,-0.074214,-9.8154,-9.815723,0.005325,-0.00426,0.001065,99753.09,27.01,0.0018201,
1485.823953,0.011171,0.01197,-0.067032,-9.832158,-9.832394,0.00426,-0.00852,0,99753.09,27.01,-0.0148509,
1485.835219,0.011266,-0.002394,-0.07182,-9.813006,-9.813269,0.005325,-0.00639,0.00213,99753.09,27.01,0.0042741,
1485.846339,0.01112,0.031122,-0.081396,-9.8154,-9.815787,0.00213,-0.00426,0.003195,99753.09,27.01,0.0017561,
1485.857486,0.011147,0.021546,-0.069426,-9.810612,-9.810881,0.005325,-0.00852,0.00213,99753.11,27.01,0.0066621,
1485.868775,0.011288,-0.002394,-0.081396,-9.824976,-9.825313,0.00213,-0.003195,0.00213,99753.11,27.01,-0.0077699,
1485.879851,0.011076,0.01197,-0.067032,-9.841734,-9.84197,0.00426,-0.00639,0.00426,99753.11,27.01,-0.0244269,
1485.891091,0.01124,0.01197,-0.076608,-9.801036,-9.801343,0.005325,-0.007455,0.001065,99753.11,27.01,0.0162001,
1485.902326,0.011235,0,-0.064638,-9.801036,-9.801249,0.003195,-0.009585,0.00213,99753.11,27.01,0.0162941,
