time,dt,accel_x,accel_y,accel_z,union_g,gyro_x,gyro_y,gyro_z,pressure,temp,ag
1775.38101,0.010087,-0.079002,-0.004788,-9.834552,-9.83487,0.001065,-0.007455,0.001065,99377.06,25.69,-0.011552
1775.3911,0.010091,-0.093366,0.02394,-9.810612,-9.811085,0.003195,-0.00639,0.00213,99377.06,25.69,0.012388
1775.40119,0.01009,-0.069426,-0.002394,-9.841734,-9.841979,0,-0.003195,0.003195,99377.04,25.69,-0.018734
1775.411271,0.010081,-0.081396,0.007182,-9.810612,-9.810952,0,-0.005325,0,99377.04,25.69,0.012388
1775.421361,0.01009,-0.074214,0.03591,-9.796248,-9.796595,0.003195,-0.005325,0.00213,99377.04,25.69,0.026752
1775.431455,0.010093,-0.09576,0.021546,-9.824976,-9.825466,-0.001065,-0.00426,0.003195,99377.04,25.69,-0.001976
1775.44155,0.010095,-0.102942,0.007182,-9.801036,-9.801579,-0.001065,-0.00426,0,99377.04,25.69,0.021964
1775.451679,0.010129,-0.1197,0.016758,-9.8154,-9.816144,0,-0.00426,0.00426,99377.04,25.69,0.0076
1775.466283,0.014604,-0.086184,0.026334,-9.829764,-9.830177,0.00426,-0.007455,0.00213,99377.14,25.69,-0.006764
1775.476368,0.010085,-0.088578,-0.004788,-9.822582,-9.822983,0.001065,-0.005325,0,99377.14,25.69,0.000418
1775.486458,0.01009,-0.079002,0.007182,-9.83934,-9.83966,0.001065,-0.00426,0,99377.14,25.69,-0.01634
1775.496585,0.010127,-0.05985,-0.02394,-9.860886,-9.861097,0.001065,-0.00852,0.003195,99377.14,25.69,-0.037886
1775.506693,0.010108,-0.064638,0.004788,-9.841734,-9.841947,0.003195,-0.00426,0.00426,99377.14,25.69,-0.018734
1775.516782,0.01009,-0.076608,0.028728,-9.817794,-9.818135,0.003195,-0.005325,0.00426,99377.14,25.69,0.005206
1775.527036,0.010254,-0.093366,-0.01197,-9.844128,-9.844578,0.001065,-0.005325,0.00213,99377.14,25.69,-0.021128
1775.537656,0.01062,-0.08379,-0.007182,-9.8154,-9.81576,0.001065,-0.00213,0,99377.11,25.69,0.0076
1775.548801,0.011145,-0.04788,-0.004788,-9.836946,-9.837064,0.001065,-0.00426,0.005325,99377.11,25.69,-0.013946
1775.559967,0.011166,-0.055062,0.02394,-9.848916,-9.849099,0.001065,-0.00852,0.003195,99377.11,25.69,-0.025916
1775.571167,0.011201,-0.062244,0.007182,-9.853704,-9.853903,0.003195,-0.00213,0.001065,99377.11,25.69,-0.030704
1775.582392,0.011224,-0.064638,0.004788,-9.805824,-9.806038,0.001065,-0.00852,0.00426,99377.11,25.69,0.017176
1775.593767,0.011375,-0.05985,-0.007182,-9.836946,-9.837131,0,-0.00852,0,99377.11,25.69,-0.013946
1775.604706,0.010939,-0.067032,0.019152,-9.836946,-9.837193,0.00213,-0.005325,0.00213,99377.22,25.69,-0.013946
1775.615931,0.011225,-0.05985,0.004788,-9.820188,-9.820372,0,-0.007455,0.00213,99377.22,25.69,0.002812
1775.627254,0.011323,-0.057456,0.002394,-9.813006,-9.813174,0.003195,-0.005325,0.00213,99377.22,25.69,0.009994
1775.638316,0.011062,-0.081396,0.014364,-9.846522,-9.846869,0,-0.00639,-0.001065,99377.22,25.69,-0.023522
1775.649528,0.011212,-0.05985,0.02394,-9.813006,-9.813218,0.00213,-0.005325,0.003195,99377.22,25.69,0.009994
1775.661277,0.011749,-0.081396,0.026334,-9.824976,-9.825348,0.00213,-0.00639,0.00426,99377.22,25.69,-0.001976
1775.672055,0.010779,-0.076608,0.019152,-9.813006,-9.813324,0,-0.005325,0.00213,99377.22,25.69,0.009994
1775.683058,0.011003,-0.09576,-0.004788,-9.796248,-9.796717,0.00213,-0.00426,0.00213,99377.22,25.69,0.026752
1775.694254,0.011196,-0.081396,0.002394,-9.824976,-9.825313,0,-0.003195,-0.001065,99377.22,25.69,-0.001976
1775.705369,0.011115,-0.086184,0.016758,-9.829764,-9.830156,0,-0.003195,0.001065,99377.22,25.69,-0.006764
1775.716755,0.011386,-0.09576,0.007182,-9.82737,-9.827839,0.00426,-0.00426,0,99377.22,25.69,-0.00437
1775.727994,0.011239,-0.08379,0.01197,-9.83934,-9.839704,0.001065,-0.007455,0.00213,99377.19,25.69,-0.01634
1775.739071,0.011077,-0.067032,0.028728,-9.820188,-9.820459,0.001065,-0.00426,0.003195,99377.19,25.69,0.002812
1775.750334,0.011263,-0.064638,-0.016758,-9.820188,-9.820415,0.003195,-0.005325,0.001065,99377.19,25.69,0.002812
1775.761289,0.010955,-0.07182,0.01197,-9.820188,-9.820458,-0.00213,-0.007455,0,99377.19,25.69,0.002812
1775.772444,0.011156,-0.08379,0.016758,-9.817794,-9.818166,0.003195,-0.007455,0.001065,99377.19,25.69,0.005206
1775.783831,0.011387,-0.062244,0.007182,-9.83934,-9.839539,0,-0.003195,0.00213,99377.19,25.69,-0.01634
1775.795509,0.011678,-0.076608,0.016758,-9.844128,-9.84444,0.001065,-0.005325,0.00213,99377.2,25.69,-0.021128
1775.806019,0.010509,-0.074214,0.01197,-9.834552,-9.834839,0.00213,-0.005325,0.00213,99377.2,25.69,-0.011552
1775.817375,0.011356,-0.090972,0.002394,-9.83934,-9.839761,0.001065,-0.005325,0.003195,99377.2,25.69,-0.01634
1775.828417,0.011042,-0.069426,0.004788,-9.817794,-9.818041,0,-0.003195,0.00213,99377.2,25.69,0.005206
1775.839621,0.011204,-0.088578,-0.002394,-9.832158,-9.832557,0.00213,-0.005325,0.001065,99377.2,25.69,-0.009158
1775.850778,0.011157,-0.08379,0.009576,-9.822582,-9.822944,0.00213,-0.005325,0.003195,99377.2,25.69,0.000418
1775.861927,0.011149,-0.050274,0.007182,-9.829764,-9.829895,0.00213,-0.005325,0.00213,99377.23,25.69,-0.006764
1775.873131,0.011204,-0.081396,0.009576,-9.822582,-9.822924,0,-0.005325,0,99377.23,25.69,0.000418
1775.884362,0.011232,-0.067032,0.007182,-9.832158,-9.832389,0.003195,-0.005325,0.001065,99377.23,25.69,-0.009158
1775.895578,0.011216,-0.08379,-0.009576,-9.8154,-9.815762,0,-0.003195,0.00213,99377.23,25.69,0.0076
1775.906688,0.01111,-0.079002,0.02394,-9.796248,-9.796596,0.001065,-0.005325,0.00213,99377.23,25.69,0.026752
1775.916784,0.010096,-0.069426,0.03591,-9.805824,-9.806136,0.00213,-0.007455,0.001065,99377.23,25.69,0.017176
1775.926883,0.010099,-0.05985,0,-9.822582,-9.822764,0.00213,-0.005325,0.001065,99377.22,25.69,0.000418
1775.936986,0.010104,-0.069426,0.016758,-9.817794,-9.818054,0.00213,-0.005325,0.001065,99377.22,25.69,0.005206
1775.947105,0.010118,-0.081396,0.007182,-9.793854,-9.794195,0.00213,-0.005325,0.003195,99377.22,25.69,0.029146
1775.957353,0.010249,-0.055062,0.031122,-9.836946,-9.837149,0.001065,-0.00852,-0.001065,99377.22,25.69,-0.013946
1775.967454,0.010101,-0.088578,0,-9.805824,-9.806224,0.003195,-0.00639,0,99377.22,25.69,0.017176
1775.977583,0.010129,-0.08379,0.007182,-9.829764,-9.830124,0.003195,-0.00639,0.003195,99377.22,25.69,-0.006764
1775.987678,0.010094,-0.093366,0.002394,-9.817794,-9.818238,0.001065,-0.00426,0.001065,99377.22,25.69,0.005206
1775.997782,0.010104,-0.081396,0.009576,-9.77949,-9.779833,0.001065,-0.005325,0.001065,99377.22,25.69,0.04351
1776.008035,0.010254,-0.074214,0,-9.810612,-9.810893,0.003195,-0.00213,0.00213,99377.22,25.69,0.012388
1776.018183,0.010148,-0.064638,0.01197,-9.801036,-9.801256,0.003195,-0.007455,0.003195,99377.22,25.69,0.021964
1776.028278,0.010095,-0.074214,-0.007182,-9.824976,-9.825259,0.003195,-0.00426,0.00213,99377.22,25.69,-0.001976
1776.038363,0.010086,-0.088578,-0.014364,-9.817794,-9.818204,0.001065,-0.005325,0,99377.22,25.69,0.005206
1776.048502,0.010138,-0.07182,0.033516,-9.824976,-9.825296,0.001065,-0.003195,0.003195,99377.19,25.69,-0.001976
1776.058618,0.010116,-0.07182,-0.007182,-9.824976,-9.825241,0.001065,-0.00639,0.001065,99377.19,25.69,-0.001976
1776.068773,0.010155,-0.069426,0.002394,-9.872856,-9.8731,0.001065,-0.007455,0,99377.19,25.69,-0.049856
1776.078863,0.01009,-0.105336,0.031122,-9.805824,-9.806439,0.001065,-0.00426,0.001065,99377.19,25.69,0.017176
1776.088998,0.010135,-0.052668,-0.009576,-9.832158,-9.832304,0.00213,-0.003195,0.001065,99377.19,25.69,-0.009158
1776.099086,0.010089,-0.134064,0.016758,-9.844128,-9.845055,0.00213,-0.005325,0.003195,99377.19,25.69,-0.021128
1776.109197,0.010111,-0.105336,0.052668,-9.793854,-9.794562,0,-0.003195,0.001065,99377.19,25.69,0.029146
1776.119303,0.010106,-0.062244,-0.01197,-9.82737,-9.827574,0.00426,-0.005325,0.003195,99377.27,25.69,-0.00437
1776.129396,0.010093,-0.093366,0.019152,-9.808218,-9.808681,0.001065,-0.007455,0.001065,99377.27,25.69,0.014782
1776.139602,0.010205,-0.057456,0.026334,-9.810612,-9.810816,0.003195,-0.003195,0.003195,99377.27,25.69,0.012388
1776.149695,0.010094,-0.062244,-0.026334,-9.824976,-9.825208,0.00213,-0.00426,0,99377.27,25.69,-0.001976
1776.159826,0.010131,-0.08379,-0.002394,-9.858492,-9.858848,0.003195,-0.00426,0,99377.27,25.69,-0.035492
1776.16994,0.010114,-0.055062,0.016758,-9.801036,-9.801205,0.00213,-0.005325,0.00213,99377.27,25.69,0.021964
1776.180035,0.010095,-0.074214,0.002394,-9.80343,-9.803711,0.003195,-0.007455,0.00426,99377.44,25.69,0.01957
1776.190204,0.010168,-0.093366,0.031122,-9.829764,-9.830257,0.00426,-0.00852,0.00426,99377.44,25.69,-0.006764
1776.200295,0.010091,-0.067032,0.01197,-9.801036,-9.801273,0,-0.003195,0.00213,99377.44,25.69,0.021964
1776.21055,0.010255,-0.088578,-0.009576,-9.82737,-9.827774,0.00213,-0.007455,0.001065,99377.44,25.69,-0.00437
1776.220629,0.010079,-0.098154,0.031122,-9.80343,-9.803971,0.00213,-0.00639,0.001065,99377.44,25.69,0.01957
1776.230721,0.010092,-0.052668,0.02394,-9.817794,-9.817964,0.001065,-0.007455,0.00213,99377.44,25.69,0.005206
1776.240808,0.010087,-0.088578,0.019152,-9.822582,-9.823,0.001065,-0.005325,0.00213,99377.46,25.69,0.000418
1776.250895,0.010087,-0.081396,0.021546,-9.810612,-9.810973,0.001065,-0.00426,0.00213,99377.46,25.69,0.012388
1776.26099,0.010095,-0.064638,0.014364,-9.813006,-9.813229,0.00426,-0.005325,0.001065,99377.46,25.69,0.009994
1776.271105,0.010114,-0.081396,0.004788,-9.824976,-9.825314,0,-0.00852,0.001065,99377.46,25.69,-0.001976
1776.281195,0.01009,-0.076608,-0.01197,-9.841734,-9.842039,0.00213,-0.005325,0.00213,99377.46,25.69,-0.018734
1776.291348,0.010153,-0.088578,0.01197,-9.810612,-9.811019,0.003195,-0.00426,0.003195,99377.46,25.69,0.012388
1776.301526,0.010179,-0.074214,-0.01197,-9.829764,-9.830051,0.001065,-0.005325,0.001065,99377.46,25.69,-0.006764
1776.31162,0.010093,-0.064638,0.004788,-9.813006,-9.81322,0.001065,-0.003195,0.00213,99377.5,25.69,0.009994
1776.321727,0.010108,-0.074214,-0.014364,-9.817794,-9.818085,0.00213,-0.00639,0.001065,99377.5,25.69,0.005206
1776.332348,0.010621,-0.064638,-0.009576,-9.784278,-9.784496,0.00213,-0.003195,0.003195,99377.5,25.69,0.038722
1776.342533,0.010185,-0.112518,0.004788,-9.817794,-9.81844,0.001065,-0.005325,0.00213,99377.5,25.69,0.005206
1776.352632,0.010099,-0.090972,0.009576,-9.832158,-9.832584,0.001065,-0.00426,-0.001065,99377.5,25.69,-0.009158
1776.362762,0.010131,-0.076608,-0.021546,-9.824976,-9.825298,0.001065,-0.005325,0.00426,99377.5,25.69,-0.001976
1776.372862,0.0101,-0.07182,0.028728,-9.822582,-9.822887,0.001065,-0.00426,0.001065,99377.5,25.69,0.000418
1776.382996,0.010134,-0.067032,0.019152,-9.808218,-9.808466,0,-0.005325,0.003195,99377.5,25.69,0.014782
1776.393119,0.010123,-0.102942,-0.004788,-9.834552,-9.835092,0.00213,-0.00639,0.001065,99377.5,25.69,-0.011552
1776.403205,0.010086,-0.074214,0.004788,-9.829764,-9.830045,0.001065,-0.005325,0,99377.5,25.69,-0.006764
1776.413315,0.01011,-0.100548,0.021546,-9.824976,-9.825514,0.003195,-0.00213,0.001065,99377.5,25.69,-0.001976
1776.423425,0.01011,-0.062244,0.004788,-9.829764,-9.829962,0.001065,-0.00852,0.001065,99377.5,25.69,-0.006764
1776.433582,0.010157,-0.076608,0.021546,-9.786672,-9.786996,0.00426,-0.005325,0.001065,99377.62,25.69,0.036328
1776.444138,0.010557,-0.088578,0.014364,-9.8154,-9.81581,0.00213,-0.005325,0.00426,99377.62,25.69,0.0076
1776.454363,0.010225,-0.074214,0,-9.829764,-9.830044,0.003195,-0.00639,0.00213,99377.62,25.69,-0.006764
1776.464448,0.010084,-0.100548,0.026334,-9.820188,-9.820738,0.001065,-0.005325,-0.001065,99377.62,25.69,0.002812
1776.474544,0.010096,-0.074214,0.002394,-9.789066,-9.789348,0.00213,-0.005325,0.00213,99377.62,25.69,0.033934
1776.485153,0.010609,-0.076608,0.002394,-9.824976,-9.825275,0.003195,-0.003195,0.00426,99377.62,25.69,-0.001976
1776.495245,0.010093,-0.100548,0.028728,-9.848916,-9.849471,0.00426,-0.00852,0.00426,99377.57,25.69,-0.025916
1776.505336,0.010091,-0.067032,-0.026334,-9.83934,-9.839604,0,-0.00639,0.001065,99377.57,25.69,-0.01634
1776.515465,0.010129,-0.08379,-0.004788,-9.822582,-9.822941,0.00213,-0.00852,0.001065,99377.57,25.69,0.000418
1776.525573,0.010108,-0.062244,-0.002394,-9.834552,-9.834749,0.001065,-0.007455,0,99377.57,25.69,-0.011552
1776.535668,0.010095,-0.043092,-0.004788,-9.846522,-9.846617,0.001065,-0.00639,0.00213,99377.57,25.69,-0.023522
1776.545788,0.01012,-0.088578,0.002394,-9.8154,-9.8158,-0.001065,-0.003195,0.00213,99377.57,25.69,0.0076
1776.556055,0.010266,-0.08379,0.007182,-9.856098,-9.856457,0.00213,-0.00852,0.00213,99377.57,25.69,-0.033098
1776.566231,0.010176,-0.067032,-0.01197,-9.85131,-9.851545,0.00213,-0.003195,0.003195,99377.58,25.69,-0.02831
1776.576333,0.010102,-0.074214,0.01197,-9.813006,-9.813294,0.001065,-0.00426,0.003195,99377.58,25.69,0.009994
1776.586513,0.01018,-0.057456,-0.004788,-9.82737,-9.827539,0.00213,-0.00426,0.001065,99377.58,25.69,-0.00437
1776.596602,0.01009,-0.09576,-0.014364,-9.834552,-9.835029,0.003195,-0.007455,0.003195,99377.58,25.69,-0.011552
1776.606734,0.010131,-0.09576,0.002394,-9.796248,-9.796716,0.001065,-0.00426,0.001065,99377.58,25.69,0.026752
1776.616967,0.010233,-0.050274,-0.007182,-9.817794,-9.817925,0,-0.00426,0.003195,99377.58,25.69,0.005206
1776.627079,0.010112,-0.100548,0.016758,-9.77949,-9.780021,0.00213,-0.005325,0.001065,99377.6,25.69,0.04351
1776.637216,0.010137,-0.090972,0.007182,-9.808218,-9.808643,0.00426,-0.003195,0.00213,99377.6,25.69,0.014782
1776.64732,0.010104,-0.086184,0.038304,-9.824976,-9.825429,0.003195,-0.005325,0.00426,99377.6,25.69,-0.001976
1776.657404,0.010084,-0.093366,0.021546,-9.813006,-9.813474,0.003195,-0.00639,0.001065,99377.6,25.69,0.009994
1776.667486,0.010082,-0.076608,0.031122,-9.834552,-9.8349,0.001065,-0.00639,0.00213,99377.6,25.69,-0.011552
1776.677601,0.010115,-0.079002,0.007182,-9.836946,-9.837266,-0.001065,-0.00426,0.001065,99377.6,25.69,-0.013946
1776.687725,0.010124,-0.076608,0.01197,-9.824976,-9.825282,0.003195,-0.005325,0,99377.6,25.69,-0.001976
1776.697819,0.010093,-0.08379,0.019152,-9.82737,-9.827746,0.00213,-0.00639,0.00213,99377.6,25.69,-0.00437
1776.707933,0.010114,-0.079002,0.014364,-9.8154,-9.815728,0,-0.005325,0.00213,99377.6,25.69,0.0076
1776.718043,0.01011,-0.090972,0.01197,-9.796248,-9.796678,0.003195,-0.005325,0.001065,99377.6,25.69,0.026752
1776.728136,0.010093,-0.086184,0.028728,-9.834552,-9.834972,0.00213,-0.007455,0.00213,99377.6,25.69,-0.011552
1776.738248,0.010111,-0.081396,0,-9.817794,-9.818131,0.003195,-0.003195,0.001065,99377.6,25.69,0.005206
1776.748362,0.010114,-0.052668,-0.004788,-9.824976,-9.825118,0.001065,-0.00639,-0.001065,99377.58,25.69,-0.001976
1776.758457,0.010095,-0.074214,0.007182,-9.829764,-9.830047,0.001065,-0.00426,0,99377.58,25.69,-0.006764
1776.76866,0.010203,-0.098154,0,-9.8154,-9.815891,0.001065,-0.00639,0.00213,99377.58,25.69,0.0076
1776.778777,0.010118,-0.093366,0.004788,-9.810612,-9.811057,0.001065,-0.005325,0.003195,99377.58,25.69,0.012388
1776.788893,0.010116,-0.079002,0.009576,-9.820188,-9.82051,0,-0.00426,0.001065,99377.58,25.69,0.002812
1776.798979,0.010086,-0.079002,-0.004788,-9.810612,-9.810931,0.00213,-0.00426,0.00213,99377.58,25.69,0.012388
1776.809062,0.010083,-0.129276,0.014364,-9.813006,-9.813868,0,-0.00426,0,99377.58,25.69,0.009994
1776.819149,0.010087,-0.093366,0.028728,-9.841734,-9.842219,0,-0.005325,0.003195,99377.57,25.69,-0.018734
1776.82924,0.01009,-0.057456,0.002394,-9.820188,-9.820356,0.001065,-0.003195,0.00213,99377.57,25.69,0.002812
1776.839337,0.010098,-0.062244,0.007182,-9.856098,-9.856297,0.00426,-0.00426,0.003195,99377.57,25.69,-0.033098
1776.849435,0.010098,-0.074214,0.016758,-9.836946,-9.83724,0.003195,-0.00639,0.003195,99377.57,25.69,-0.013946
1776.85955,0.010115,-0.055062,-0.002394,-9.817794,-9.817949,0.00213,-0.00426,0.005325,99377.57,25.69,0.005206
1776.86995,0.0104,-0.067032,0.01197,-9.8154,-9.815636,0.001065,-0.007455,0.003195,99377.57,25.69,0.0076
1776.88005,0.0101,-0.07182,-0.002394,-9.8154,-9.815663,0.001065,-0.00426,0.003195,99377.62,25.69,0.0076
1776.8902,0.01015,-0.064638,0.004788,-9.805824,-9.806038,0.003195,-0.00852,0.00213,99377.62,25.69,0.017176
1776.90028,0.01008,-0.067032,0.009576,-9.82737,-9.827603,-0.001065,-0.00639,0,99377.62,25.69,-0.00437
1776.910369,0.010089,-0.100548,0.040698,-9.824976,-9.825575,0.00213,-0.007455,0.00213,99377.62,25.69,-0.001976
1776.920501,0.010132,-0.086184,-0.007182,-9.808218,-9.808599,0.003195,-0.00426,0.00213,99377.62,25.69,0.014782
1776.93059,0.010089,-0.08379,0.021546,-9.810612,-9.810993,0,-0.00852,0,99377.62,25.69,0.012388
1776.940689,0.010098,-0.069426,0.03591,-9.82737,-9.827681,0.00213,-0.005325,0.00213,99377.6,25.69,-0.00437
1776.950782,0.010094,-0.076608,0.01197,-9.824976,-9.825282,0.001065,-0.003195,0.00213,99377.6,25.69,-0.001976
1776.96088,0.010098,-0.062244,-0.004788,-9.820188,-9.820386,0.001065,-0.007455,0.00426,99377.6,25.69,0.002812
1776.97097,0.01009,-0.076608,0.031122,-9.793854,-9.794203,0.001065,-0.005325,0.00213,99377.6,25.69,0.029146
1776.981178,0.010208,-0.086184,0.007182,-9.824976,-9.825357,0.001065,-0.003195,0.00213,99377.6,25.69,-0.001976
1776.991281,0.010102,-0.09576,0.026334,-9.820188,-9.82069,0.00213,-0.00426,0.003195,99377.6,25.69,0.002812
1777.001417,0.010136,-0.074214,0.021546,-9.829764,-9.830068,0.001065,-0.007455,0.001065,99377.6,25.69,-0.006764
1777.011502,0.010085,-0.052668,0.014364,-9.810612,-9.810764,0.00213,-0.003195,0,99377.6,25.69,0.012388
1777.02161,0.010108,-0.090972,0.007182,-9.824976,-9.8254,0.00213,-0.007455,0.001065,99377.6,25.69,-0.001976
1777.031719,0.010109,-0.081396,-0.002394,-9.784278,-9.784617,0.00213,-0.00639,0.001065,99377.6,25.69,0.038722
1777.041925,0.010206,-0.064638,-0.01197,-9.844128,-9.844347,0.00213,-0.00639,0.001065,99377.6,25.69,-0.021128
1777.052006,0.010081,-0.07182,0.002394,-9.836946,-9.837208,-0.001065,-0.00426,0.00213,99377.6,25.69,-0.013946
1777.062219,0.010213,-0.086184,0.004788,-9.789066,-9.789447,0,-0.005325,0.003195,99377.58,25.69,0.033934
1777.072324,0.010105,-0.086184,-0.026334,-9.829764,-9.830177,0.00213,-0.005325,0.003195,99377.58,25.69,-0.006764
1777.082414,0.01009,-0.102942,0.026334,-9.83934,-9.839914,0.00213,-0.005325,0.00213,99377.58,25.69,-0.01634
1777.092503,0.01009,-0.050274,0.028728,-9.841734,-9.841904,0.003195,-0.005325,0.001065,99377.58,25.69,-0.018734
1777.102587,0.010083,-0.105336,-0.016758,-9.848916,-9.849494,0.00213,-0.00639,0.003195,99377.58,25.69,-0.025916
1777.11267,0.010083,-0.08379,0.009576,-9.810612,-9.810974,0.001065,-0.005325,0.001065,99377.58,25.69,0.012388
1777.122901,0.010231,-0.043092,0.016758,-9.832158,-9.832267,0.00213,-0.007455,0.00426,99377.58,25.69,-0.009158
1777.132996,0.010095,-0.050274,-0.014364,-9.808218,-9.808357,0.001065,-0.003195,0.001065,99377.6,25.69,0.014782
1777.143092,0.010096,-0.07182,0.004788,-9.822582,-9.822846,0.001065,-0.00639,0.001065,99377.6,25.69,0.000418
1777.15318,0.010088,-0.05985,0.019152,-9.824976,-9.825177,0.001065,-0.00639,0.00213,99377.6,25.69,-0.001976
1777.163282,0.010102,-0.090972,0.007182,-9.798642,-9.799067,0.001065,-0.005325,0.00213,99377.6,25.69,0.024358
1777.173426,0.010144,-0.09576,0.01197,-9.834552,-9.835025,0.001065,-0.005325,0,99377.6,25.69,-0.011552
1777.183569,0.010143,-0.09576,0.007182,-9.813006,-9.813476,0,-0.005325,0.003195,99377.6,25.69,0.009994
1777.193859,0.01029,-0.067032,0.007182,-9.820188,-9.820419,0.00213,-0.00639,0.00213,99377.55,25.69,0.002812
1777.203958,0.010099,-0.057456,0.026334,-9.824976,-9.825179,0,-0.005325,0.00213,99377.55,25.69,-0.001976
1777.214092,0.010135,-0.081396,0.016758,-9.829764,-9.830115,0.001065,-0.00639,0.00213,99377.55,25.69,-0.006764
1777.22423,0.010138,-0.043092,-0.014364,-9.822582,-9.822687,0.001065,-0.00639,0.00213,99377.55,25.69,0.000418
1777.234313,0.010083,-0.07182,0.01197,-9.85131,-9.851579,0.00213,-0.005325,0.001065,99377.55,25.69,-0.02831
1777.244426,0.010113,-0.064638,-0.004788,-9.82737,-9.827584,0.003195,-0.005325,0.00213,99377.55,25.69,-0.00437
1777.254522,0.010096,-0.074214,0.02394,-9.808218,-9.808528,0.00213,-0.005325,0.00213,99377.46,25.69,0.014782
1777.264624,0.010102,-0.086184,0.01197,-9.836946,-9.837331,0.00213,-0.005325,0.001065,99377.46,25.69,-0.013946
1777.274713,0.010089,-0.088578,-0.002394,-9.820188,-9.820588,0.00213,-0.00639,0.003195,99377.46,25.69,0.002812
1777.284846,0.010133,-0.081396,-0.004788,-9.822582,-9.82292,0.00213,-0.00213,0.001065,99377.46,25.69,0.000418
1777.294949,0.010103,-0.100548,0.007182,-9.829764,-9.830281,0,-0.00639,0.001065,99377.46,25.69,-0.006764
1777.30508,0.010131,-0.067032,0.009576,-9.841734,-9.841967,0.00213,-0.005325,0.003195,99377.46,25.69,-0.018734
1777.315183,0.010103,-0.086184,0.004788,-9.805824,-9.806204,0.001065,-0.005325,0,99377.46,25.69,0.017176
1777.325265,0.010082,-0.100548,0.038304,-9.808218,-9.808808,0.00213,-0.005325,0.001065,99377.46,25.69,0.014782
1777.335364,0.010098,-0.098154,0.019152,-9.841734,-9.842242,0.00213,-0.007455,0.00213,99377.46,25.69,-0.018734
1777.345494,0.01013,-0.086184,0.009576,-9.817794,-9.818177,0.001065,-0.00213,0.00213,99377.46,25.69,0.005206
1777.355595,0.010101,-0.098154,0.038304,-9.82737,-9.827935,0.00213,-0.007455,0.001065,99377.46,25.69,-0.00437
1777.365684,0.010088,-0.081396,0.004788,-9.820188,-9.820526,0.001065,-0.005325,0.001065,99377.46,25.69,0.002812
1777.375783,0.0101,-0.088578,0.007182,-9.832158,-9.83256,0.003195,-0.00639,0.001065,99377.46,25.69,-0.009158
1777.385893,0.01011,-0.079002,0.014364,-9.829764,-9.830092,0.00213,-0.00639,0.00213,99377.49,25.69,-0.006764
1777.395982,0.010089,-0.074214,0.019152,-9.810612,-9.810911,0.003195,-0.005325,0.00213,99377.49,25.69,0.012388
1777.406238,0.010257,-0.052668,-0.016758,-9.834552,-9.834707,0.003195,-0.005325,0,99377.49,25.69,-0.011552
1777.416332,0.010094,-0.064638,0.01197,-9.834552,-9.834772,0.003195,-0.00639,0.00213,99377.49,25.69,-0.011552
1777.426422,0.01009,-0.062244,0,-9.829764,-9.829961,0.00426,-0.00852,0.003195,99377.49,25.69,-0.006764
1777.436522,0.0101,-0.069426,-0.014364,-9.817794,-9.81805,0.003195,-0.00639,0.00213,99377.49,25.69,0.005206
1777.446624,0.010102,-0.07182,-0.007182,-9.836946,-9.837211,0.003195,-0.00639,0.003195,99377.49,25.69,-0.013946
1777.456715,0.010091,-0.069426,0.01197,-9.798642,-9.798895,0.00213,-0.00639,0.00213,99377.49,25.69,0.024358
1777.466806,0.01009,-0.062244,0.014364,-9.841734,-9.841941,0.001065,-0.00426,0.001065,99377.49,25.69,-0.018734
1777.476901,0.010095,-0.064638,-0.016758,-9.856098,-9.856324,0,-0.005325,0.00213,99377.49,25.69,-0.033098
1777.486993,0.010092,-0.07182,0.007182,-9.808218,-9.808484,0.003195,-0.007455,0.005325,99377.49,25.69,0.014782
1777.497095,0.010102,-0.04788,0.02394,-9.824976,-9.825122,0.00213,-0.005325,0.00213,99377.49,25.69,-0.001976
1777.507312,0.010217,-0.081396,0.019152,-9.80343,-9.803787,-0.001065,-0.00639,0.005325,99377.49,25.69,0.01957
1777.51744,0.010128,-0.086184,0.004788,-9.822582,-9.822961,-0.001065,-0.007455,0.00213,99377.49,25.69,0.000418
1777.527577,0.010136,-0.069426,0.016758,-9.820188,-9.820448,0.00213,-0.00639,0.003195,99377.49,25.69,0.002812
1777.537665,0.010088,-0.098154,0.033516,-9.820188,-9.820736,0.001065,-0.00639,0.00426,99377.49,25.69,0.002812
1777.547749,0.010084,-0.088578,0.03591,-9.822582,-9.823047,0.001065,-0.00426,0.003195,99377.49,25.69,0.000418
1777.557832,0.010082,-0.10773,0.016758,-9.8154,-9.816005,0,-0.003195,-0.001065,99377.49,25.69,0.0076
1777.567978,0.010147,-0.093366,0.007182,-9.846522,-9.846967,0.00213,-0.003195,0.001065,99377.41,25.69,-0.023522
1777.578086,0.010108,-0.102942,0.007182,-9.836946,-9.837487,0.003195,-0.00426,0.001065,99377.41,25.69,-0.013946
1777.588201,0.010115,-0.086184,-0.004788,-9.83934,-9.839719,0.00213,-0.00426,0.003195,99377.41,25.69,-0.01634
1777.598288,0.010086,-0.081396,0.033516,-9.841734,-9.842128,0.00213,-0.00639,0.001065,99377.41,25.69,-0.018734
1777.608389,0.010102,-0.09576,0.01197,-9.77949,-9.779966,0.00213,-0.005325,0,99377.41,25.69,0.04351
1777.618536,0.010146,-0.105336,0,-9.832158,-9.832722,-0.00213,-0.00426,0.00213,99377.41,25.69,-0.009158
1777.628625,0.010089,-0.074214,-0.004788,-9.824976,-9.825257,0.00213,-0.005325,0.001065,99377.41,25.69,-0.001976
1777.638716,0.010091,-0.08379,0.004788,-9.832158,-9.832516,0.00213,-0.00426,0.001065,99377.41,25.69,-0.009158
1777.648914,0.010199,-0.069426,0.007182,-9.8154,-9.815648,0.003195,-0.00852,0.003195,99377.41,25.69,0.0076
1777.659008,0.010094,-0.057456,-0.004788,-9.808218,-9.808387,0.001065,-0.005325,0.001065,99377.41,25.69,0.014782
1777.669118,0.01011,-0.07182,0,-9.82737,-9.827632,0.003195,-0.005325,0.003195,99377.41,25.69,-0.00437
1777.679202,0.010085,-0.033516,0.016758,-9.810612,-9.810684,0.00213,-0.007455,0.00213,99377.41,25.69,0.012388
1777.689292,0.01009,-0.055062,0.031122,-9.820188,-9.820392,0.001065,-0.005325,0,99377.41,25.69,0.002812
1777.699402,0.01011,-0.062244,0.009576,-9.822582,-9.822784,0,-0.00426,0.001065,99377.38,25.69,0.000418
1777.709516,0.010114,-0.08379,-0.004788,-9.848916,-9.849274,0.00213,-0.00639,0.003195,99377.38,25.69,-0.025916
1777.719681,0.010165,-0.04788,0.033516,-9.822582,-9.822756,0.00213,-0.003195,0.00426,99377.38,25.69,0.000418
1777.729892,0.010211,-0.09576,0.002394,-9.805824,-9.806292,0.001065,-0.005325,0.00213,99377.38,25.69,0.017176
1777.74098,0.011088,-0.081396,-0.002394,-9.824976,-9.825313,0.00213,-0.00852,0.003195,99377.38,25.69,-0.001976
1777.752847,0.011867,-0.067032,0.03591,-9.8154,-9.815695,0.001065,-0.005325,0.00213,99377.38,25.69,0.0076
1777.763368,0.010521,-0.079002,0.019152,-9.848916,-9.849251,0,-0.005325,0.001065,99377.44,25.69,-0.025916
1777.774625,0.011257,-0.08379,0.050274,-9.805824,-9.806311,0.003195,-0.003195,0.003195,99377.44,25.69,0.017176
1777.785734,0.011109,-0.110124,0.040698,-9.822582,-9.823284,0.003195,-0.00213,0.00213,99377.44,25.69,0.000418
1777.796913,0.011179,-0.09576,0.03591,-9.829764,-9.830296,0.00213,-0.00639,0.001065,99377.44,25.69,-0.006764
1777.808289,0.011376,-0.10773,0.014364,-9.82737,-9.827971,0.005325,-0.007455,0.003195,99377.44,25.69,-0.00437
1777.819283,0.010994,-0.086184,0.002394,-9.810612,-9.810991,0.001065,-0.00426,0.001065,99377.44,25.69,0.012388
1777.830652,0.011369,-0.067032,0.004788,-9.822582,-9.822812,0.00213,-0.00426,-0.001065,99377.38,25.69,0.000418
1777.84168,0.011028,-0.081396,0.01197,-9.80343,-9.803775,0.001065,-0.00639,0.00213,99377.38,25.69,0.01957
1777.852787,0.011107,-0.062244,0.002394,-9.844128,-9.844325,0.00213,-0.00639,0.003195,99377.38,25.69,-0.021128
1777.864091,0.011304,-0.08379,0.01197,-9.832158,-9.832522,0,-0.00639,0.00213,99377.38,25.69,-0.009158
1777.874356,0.010265,-0.062244,-0.021546,-9.824976,-9.825197,0.00213,-0.005325,0.003195,99377.38,25.69,-0.001976
1777.884441,0.010085,-0.100548,-0.009576,-9.801036,-9.801556,0.00213,-0.00639,0,99377.38,25.69,0.021964
1777.894519,0.010078,-0.055062,-0.002394,-9.774702,-9.774857,0.003195,-0.00426,0.003195,99377.11,25.69,0.048298
1777.904625,0.010106,-0.062244,-0.031122,-9.820188,-9.820435,0.003195,-0.005325,0.00426,99377.11,25.69,0.002812
1777.914722,0.010096,-0.007182,-0.026334,-9.906372,-9.90641,0.00213,-0.001065,0.00426,99377.11,25.69,-0.083372
1777.924809,0.010088,-0.05985,-0.021546,-9.829764,-9.82997,0.001065,-0.011715,0.00426,99377.11,25.69,-0.006764
1777.934935,0.010125,-0.08379,0.014364,-9.810612,-9.81098,0.001065,-0.005325,0.00639,99377.11,25.69,0.012388
1777.945042,0.010107,-0.114912,0.03591,-9.80343,-9.804169,0.00213,-0.007455,0.003195,99377.11,25.69,0.01957
1777.955129,0.010087,-0.1197,0.050274,-9.83934,-9.840197,0.00213,-0.00639,0.003195,99377.11,25.69,-0.01634
1777.965322,0.010193,-0.129276,0.088578,-9.817794,-9.819045,0.00213,-0.00639,0.00426,99377.11,25.69,0.005206
1777.975405,0.010083,-0.141246,0.098154,-9.750762,-9.752279,0,-0.005325,0.00213,99377.11,25.69,0.072238
1777.985485,0.01008,-0.16758,0.081396,-9.784278,-9.786052,0.00213,-0.005325,0.001065,99377.11,25.69,0.038722
1777.995641,0.010157,-0.114912,0.057456,-9.848916,-9.849754,0.00213,-0.003195,0.001065,99377.11,25.69,-0.025916
1778.005725,0.010084,-0.040698,0.01197,-9.85131,-9.851401,0.00213,-0.005325,0,99377.11,25.69,-0.02831
1778.015812,0.010086,-0.117306,0.016758,-9.82737,-9.828084,0.003195,-0.005325,-0.001065,99377.11,25.69,-0.00437
1778.025905,0.010094,-0.100548,-0.002394,-9.801036,-9.801552,0.00213,-0.00426,0,99377.07,25.69,0.021964
1778.036006,0.0101,-0.062244,-0.014364,-9.856098,-9.856305,0.001065,-0.003195,-0.001065,99377.07,25.69,-0.033098
1778.046086,0.010081,-0.021546,-0.002394,-9.841734,-9.841758,0,-0.00426,0.001065,99377.07,25.69,-0.018734
1778.056182,0.010095,0.009576,-0.067032,-9.85131,-9.851543,0.003195,-0.00639,0.00213,99377.07,25.69,-0.02831
1778.06635,0.010169,-0.009576,-0.064638,-9.848916,-9.849133,0,-0.003195,0.003195,99377.07,25.69,-0.025916
1778.076441,0.01009,-0.026334,-0.031122,-9.846522,-9.846606,0.001065,-0.007455,0.005325,99377.07,25.69,-0.023522
1778.086536,0.010095,0.002394,-0.076608,-9.856098,-9.856396,0,-0.003195,0.003195,99377.12,25.69,-0.033098
1778.09665,0.010115,-0.009576,-0.026334,-9.829764,-9.829804,0.001065,-0.009585,0.003195,99377.12,25.69,-0.006764
1778.106734,0.010083,-0.086184,-0.004788,-9.813006,-9.813386,0.001065,-0.007455,0.00426,99377.12,25.69,0.009994
1778.11684,0.010106,-0.081396,0.002394,-9.798642,-9.79898,0.00213,-0.005325,0.00426,99377.12,25.69,0.024358
1778.126926,0.010086,-0.064638,0.03591,-9.805824,-9.806103,0.001065,-0.00639,0.00426,99377.12,25.69,0.017176
1778.137019,0.010093,-0.07182,0.052668,-9.784278,-9.784683,0.001065,-0.007455,0.001065,99377.12,25.69,0.038722
1778.147121,0.010102,-0.098154,-0.004788,-9.834552,-9.835043,0.001065,-0.007455,0.00213,99377.12,25.69,-0.011552
1778.157247,0.010126,-0.141246,0.067032,-9.83934,-9.840582,0.00213,-0.00852,0.001065,99377.22,25.69,-0.01634
1778.167394,0.010147,-0.05985,0.031122,-9.836946,-9.837177,0.001065,-0.00639,0.00426,99377.22,25.69,-0.013946
1778.177512,0.010118,-0.105336,0.04788,-9.82737,-9.828051,0.001065,-0.007455,0.003195,99377.22,25.69,-0.00437
1778.187602,0.01009,-0.126882,0.07182,-9.824976,-9.826058,0.00213,-0.00639,0.001065,99377.22,25.69,-0.001976
1778.197684,0.010082,-0.122094,0.040698,-9.808218,-9.809062,0.001065,-0.005325,0.001065,99377.22,25.69,0.014782
1778.20783,0.010146,-0.138852,0.062244,-9.834552,-9.835729,0,-0.00426,0,99377.22,25.69,-0.011552
1778.218091,0.010261,-0.124488,0.040698,-9.848916,-9.849787,0.001065,-0.00639,0,99377.15,25.69,-0.025916
1778.228195,0.010104,-0.105336,0.014364,-9.832158,-9.832733,0.001065,-0.003195,0.001065,99377.15,25.69,-0.009158
1778.238288,0.010093,-0.112518,-0.002394,-9.796248,-9.796894,0.001065,-0.005325,0,99377.15,25.69,0.026752
1778.248375,0.010087,-0.057456,0.002394,-9.846522,-9.84669,0,-0.003195,0.001065,99377.15,25.69,-0.023522
1778.258466,0.010091,-0.033516,-0.040698,-9.834552,-9.834693,0.00213,-0.00426,0.00426,99377.15,25.69,-0.011552
1778.268589,0.010123,-0.105336,-0.031122,-9.829764,-9.830378,0.001065,-0.00852,0.001065,99377.15,25.69,-0.006764
1778.278695,0.010105,-0.064638,-0.009576,-9.822582,-9.822799,0.00213,-0.00426,0.001065,99377.03,25.69,0.000418
1778.28888,0.010185,-0.007182,-0.050274,-9.822582,-9.822713,0.001065,-0.00426,0.00213,99377.03,25.69,0.000418
1778.298991,0.010111,-0.067032,-0.040698,-9.798642,-9.798956,0,-0.007455,0.00213,99377.03,25.69,0.024358
1778.309077,0.010086,-0.064638,-0.007182,-9.829764,-9.829979,0,-0.007455,0.003195,99377.03,25.69,-0.006764
1778.319526,0.010449,-0.040698,-0.040698,-9.80343,-9.803599,-0.001065,-0.00213,0.00213,99377.03,25.69,0.01957
1778.329639,0.010113,-0.045486,-0.004788,-9.836946,-9.837052,0.00213,-0.00426,0.00213,99377.03,25.69,-0.013946
1778.339758,0.010119,-0.055062,0.002394,-9.798642,-9.798797,0.00426,-0.00639,0.00426,99377.03,25.69,0.024358
1778.349904,0.010146,-0.07182,0.031122,-9.836946,-9.837257,0.003195,-0.005325,0.00213,99377.03,25.69,-0.013946
1778.360002,0.010098,-0.074214,0.02394,-9.805824,-9.806134,0.003195,-0.00426,0.00426,99377.03,25.69,0.017176
1778.370106,0.010104,-0.05985,0.043092,-9.848916,-9.849192,0.001065,-0.00639,0.00213,99377.03,25.69,-0.025916
1778.380186,0.010081,-0.04788,0.026334,-9.822582,-9.822734,0.00426,-0.005325,0.001065,99377.03,25.69,0.000418
1778.390309,0.010123,-0.090972,0.05985,-9.8154,-9.816004,0.00213,-0.00639,0.003195,99377.03,25.69,0.0076
1778.400416,0.010107,-0.081396,0.02394,-9.829764,-9.83013,0.00213,-0.003195,0,99377.03,25.69,-0.006764
1778.410577,0.010161,-0.074214,0.02394,-9.841734,-9.842043,0.00213,-0.00639,0.003195,99376.9,25.69,-0.018734
1778.42069,0.010113,-0.086184,0.019152,-9.844128,-9.844524,0.001065,-0.007455,0.00213,99376.9,25.69,-0.021128
1778.430806,0.010116,-0.088578,0.057456,-9.834552,-9.835119,0,-0.00852,0.001065,99376.9,25.69,-0.011552
1778.44092,0.010114,-0.093366,0.052668,-9.808218,-9.808804,0.003195,-0.005325,0.001065,99376.9,25.69,0.014782
1778.451005,0.010085,-0.050274,0.01197,-9.80343,-9.803566,0,-0.00426,-0.00213,99376.9,25.69,0.01957
1778.461091,0.010086,-0.098154,-0.002394,-9.846522,-9.847011,0.001065,-0.005325,0,99376.9,25.69,-0.023522
1778.47119,0.010099,-0.086184,0.007182,-9.829764,-9.830144,0.00213,-0.00426,0.001065,99376.9,25.69,-0.006764
1778.48131,0.010119,-0.04788,-0.016758,-9.853704,-9.853835,0.00213,-0.00639,0.00213,99376.83,25.7,-0.030704
1778.491415,0.010105,-0.069426,0.016758,-9.83934,-9.839599,-0.00213,-0.005325,-0.00213,99376.83,25.7,-0.01634
1778.5015,0.010085,-0.08379,0,-9.777096,-9.777455,0.00213,-0.00426,0.00213,99376.83,25.7,0.045904
1778.511592,0.010092,-0.110124,-0.028728,-9.817794,-9.818454,0.001065,-0.00213,0.00213,99376.83,25.7,0.005206
1778.521701,0.010108,-0.098154,-0.002394,-9.820188,-9.820679,0.003195,-0.00639,0.003195,99376.83,25.7,0.002812
1778.531789,0.010089,-0.03591,-0.02394,-9.813006,-9.813101,0.00213,-0.00426,0.001065,99376.83,25.7,0.009994
1778.541914,0.010125,-0.057456,-0.014364,-9.817794,-9.817973,0.001065,-0.00639,0.003195,99376.74,25.7,0.005206
1778.552002,0.010087,-0.074214,-0.002394,-9.817794,-9.818075,0.00213,-0.005325,0.00213,99376.74,25.7,0.005206
1778.562092,0.01009,-0.081396,-0.026334,-9.820188,-9.820561,0.00426,-0.005325,0.00426,99376.74,25.7,0.002812
1778.572191,0.010099,-0.052668,-0.014364,-9.841734,-9.841885,0.00213,-0.005325,0.003195,99376.74,25.7,-0.018734
1778.582278,0.010088,-0.069426,0.004788,-9.824976,-9.825222,0,-0.00426,0.00213,99376.74,25.7,-0.001976
1778.592378,0.0101,-0.04788,0.040698,-9.820188,-9.820389,0.001065,-0.007455,0.00426,99376.74,25.7,0.002812
1778.602945,0.010567,-0.10773,0.040698,-9.813006,-9.813682,0.001065,-0.007455,0.00213,99376.74,25.7,0.009994
1778.613053,0.010107,-0.1197,0.031122,-9.82737,-9.828148,0.00213,-0.005325,0.003195,99376.74,25.7,-0.00437
1778.623172,0.01012,-0.069426,0.007182,-9.810612,-9.81086,0.00426,-0.005325,0.001065,99376.74,25.7,0.012388
1778.633262,0.01009,-0.100548,0.067032,-9.83934,-9.840082,0,-0.007455,0,99376.74,25.7,-0.01634
1778.643346,0.010084,-0.079002,0.040698,-9.832158,-9.83256,0.00213,-0.00426,0.001065,99376.74,25.7,-0.009158
1778.653434,0.010087,-0.069426,0,-9.820188,-9.820433,0.001065,-0.005325,0,99376.74,25.7,0.002812
1778.663524,0.010091,-0.050274,0.016758,-9.829764,-9.829907,0,-0.00426,0.001065,99376.74,25.7,-0.006764
1778.673618,0.010093,-0.086184,0.026334,-9.817794,-9.818208,0.003195,-0.00426,0.003195,99376.74,25.7,0.005206
1778.68372,0.010103,-0.040698,0.014364,-9.79146,-9.791555,0.001065,-0.005325,0,99376.74,25.7,0.03154
1778.693885,0.010165,-0.088578,0.016758,-9.834552,-9.834965,0.00213,-0.007455,0,99376.74,25.7,-0.011552
1778.703992,0.010106,-0.074214,0.019152,-9.789066,-9.789366,0.00213,-0.00426,0,99376.74,25.7,0.033934
1778.714527,0.010535,-0.069426,0.004788,-9.820188,-9.820435,0.001065,-0.007455,0.00213,99376.74,25.7,0.002812
1778.724626,0.010099,-0.04788,-0.002394,-9.822582,-9.822699,0,-0.00639,0,99376.83,25.7,0.000418
1778.734718,0.010092,-0.038304,-0.014364,-9.832158,-9.832243,0.00213,-0.005325,0,99376.83,25.7,-0.009158
1778.744867,0.010149,-0.050274,-0.016758,-9.832158,-9.832301,0.001065,-0.00426,0.00213,99376.83,25.7,-0.009158
1778.754964,0.010097,-0.076608,-0.026334,-9.820188,-9.820522,0.00213,-0.00426,0.003195,99376.83,25.7,0.002812
1778.765062,0.010098,-0.093366,-0.004788,-9.820188,-9.820633,0.00213,-0.007455,0.00213,99376.83,25.7,0.002812
1778.775157,0.010095,-0.086184,0,-9.82737,-9.827748,0,-0.005325,0.00426,99376.83,25.7,-0.00437
1778.785255,0.010098,-0.1197,-0.004788,-9.822582,-9.823312,0.00213,-0.005325,0.00213,99376.83,25.7,0.000418
1778.795383,0.010128,-0.14364,-0.007182,-9.824976,-9.826029,0.001065,-0.005325,0.00426,99376.87,25.7,-0.001976
1778.805492,0.010109,-0.100548,0,-9.832158,-9.832672,0.001065,-0.005325,0,99376.87,25.7,-0.009158
1778.815591,0.010099,-0.079002,0,-9.846522,-9.846839,0.00213,-0.003195,0.001065,99376.87,25.7,-0.023522
1778.825732,0.010141,-0.110124,0.014364,-9.834552,-9.835179,0.001065,-0.00639,0,99376.87,25.7,-0.011552
1778.835852,0.01012,-0.090972,0.038304,-9.820188,-9.820684,0.00213,-0.00639,0.00213,99376.87,25.7,0.002812
1778.845947,0.010095,-0.076608,0.021546,-9.820188,-9.82051,0.003195,-0.00639,0.00213,99376.87,25.7,0.002812
1778.856201,0.010254,-0.090972,0.016758,-9.813006,-9.813442,0.001065,-0.00639,0.003195,99376.9,25.7,0.009994
1778.866282,0.010081,-0.08379,0.028728,-9.808218,-9.808618,0.003195,-0.007455,0.00426,99376.9,25.7,0.014782
1778.876395,0.010113,-0.05985,0.043092,-9.798642,-9.79892,0,-0.005325,0.001065,99376.9,25.7,0.024358
1778.886484,0.010089,-0.088578,0.033516,-9.83934,-9.839796,0.00213,-0.00639,0.003195,99376.9,25.7,-0.01634
1778.896625,0.010141,-0.05985,0.026334,-9.796248,-9.796466,0.005325,-0.005325,0.001065,99376.9,25.7,0.026752
1778.906721,0.010095,-0.04788,0.002394,-9.789066,-9.789183,0.00426,-0.00639,0.003195,99376.9,25.7,0.033934
1778.916816,0.010095,-0.033516,-0.009576,-9.824976,-9.825038,0,-0.007455,0,99376.9,25.7,-0.001976
1778.927085,0.01027,-0.079002,0,-9.82737,-9.827688,0.001065,-0.00639,0.001065,99376.87,25.7,-0.00437
1778.937187,0.010102,-0.07182,0.007182,-9.822582,-9.822847,0.00213,-0.00639,0.00213,99376.87,25.7,0.000418
1778.94723,0.010043,-0.079002,0,-9.793854,-9.794173,0.001065,-0.005325,0.001065,99376.87,25.7,0.029146
1778.957379,0.010149,-0.062244,0.002394,-9.82737,-9.827567,0,-0.005325,0.00213,99376.87,25.7,-0.00437
1778.967464,0.010085,-0.076608,-0.014364,-9.829764,-9.830073,0.003195,-0.007455,0.00213,99376.87,25.7,-0.006764
1778.977578,0.010114,-0.033516,0.004788,-9.805824,-9.805882,0.003195,-0.005325,0.001065,99376.87,25.7,0.017176
1778.987686,0.010108,-0.093366,-0.031122,-9.834552,-9.835044,0.00213,-0.009585,0.00426,99376.87,25.7,-0.011552
1778.99781,0.010124,-0.07182,0.004788,-9.841734,-9.841997,0,-0.007455,0.003195,99376.87,25.7,-0.018734
1779.007938,0.010128,-0.064638,0.01197,-9.822582,-9.822802,0.00213,-0.00639,0.00426,99376.87,25.7,0.000418
1779.018033,0.010095,-0.110124,0.002394,-9.80343,-9.804049,0.001065,-0.007455,0.003195,99376.87,25.7,0.01957
1779.028108,0.010075,-0.117306,0.007182,-9.824976,-9.825679,0.00213,-0.005325,0.003195,99376.87,25.7,-0.001976
1779.038255,0.010147,-0.110124,0.009576,-9.82737,-9.827992,-0.001065,-0.00639,0.001065,99376.87,25.7,-0.00437
1779.048346,0.01009,-0.117306,0.04788,-9.824976,-9.825793,0.003195,-0.007455,0.00426,99376.83,25.7,-0.001976
1779.058442,0.010097,-0.093366,-0.009576,-9.817794,-9.818243,0,-0.00213,0,99376.83,25.7,0.005206
1779.068548,0.010105,-0.026334,0.009576,-9.836946,-9.836986,0.003195,-0.00639,0.003195,99376.83,25.7,-0.013946
1779.07863,0.010082,-0.124488,0.040698,-9.85131,-9.852181,0.00213,-0.005325,0.003195,99376.83,25.7,-0.02831
1779.08871,0.010081,-0.088578,0.009576,-9.853704,-9.854107,0.001065,-0.00426,0.001065,99376.83,25.7,-0.030704
1779.098806,0.010095,-0.043092,0.004788,-9.80343,-9.803526,-0.001065,-0.00852,0.003195,99376.83,25.7,0.01957
1779.108916,0.01011,-0.098154,0.043092,-9.813006,-9.813591,0.003195,-0.00639,0.00426,99376.83,25.7,0.009994
1779.119009,0.010093,-0.100548,0.028728,-9.822582,-9.823139,0.001065,-0.003195,0,99376.71,25.7,0.000418
1779.129097,0.010088,-0.007182,0.009576,-9.80343,-9.803437,0.003195,-0.005325,0.003195,99376.71,25.7,0.01957
1779.139184,0.010086,-0.10773,0.03591,-9.853704,-9.854358,0.00213,-0.003195,0.00213,99376.71,25.7,-0.030704
1779.149292,0.010108,-0.052668,0.007182,-9.793854,-9.793998,0.003195,-0.00426,0,99376.71,25.7,0.029146
1779.16146,0.012168,-0.045486,-0.016758,-9.844128,-9.844247,0.00213,-0.007455,0.00213,99376.71,25.7,-0.021128
1779.172759,0.011299,-0.090972,-0.014364,-9.822582,-9.823014,0.005325,-0.00639,0.00213,99376.71,25.7,0.000418
1779.183941,0.011182,-0.04788,-0.002394,-9.824976,-9.825093,0.001065,-0.003195,0.00213,99376.69,25.7,-0.001976
1779.195086,0.011145,-0.079002,0.02394,-9.824976,-9.825323,0.003195,-0.00852,0.005325,99376.69,25.7,-0.001976
1779.206312,0.011226,-0.102942,-0.004788,-9.813006,-9.813547,0,-0.005325,0.003195,99376.69,25.7,0.009994
1779.217441,0.011129,-0.043092,-0.007182,-9.8154,-9.815497,0.001065,-0.00213,0,99376.69,25.7,0.0076
1779.228542,0.011101,-0.08379,0.014364,-9.844128,-9.844495,0.00213,-0.005325,0.00426,99376.69,25.7,-0.021128
1779.239806,0.011264,-0.067032,-0.002394,-9.824976,-9.825205,0.003195,-0.005325,0.003195,99376.71,25.7,-0.001976
1779.250958,0.011152,-0.031122,-0.026334,-9.810612,-9.810697,0.00213,-0.00426,0.00213,99376.71,25.7,0.012388
1779.262358,0.0114,-0.081396,0.014364,-9.760338,-9.760688,0.00213,-0.007455,0.00426,99376.71,25.7,0.062662
1779.273349,0.010991,-0.090972,0.02394,-9.722034,-9.722489,0.001065,-0.007455,0.001065,99376.71,25.7,0.100966
1779.284487,0.011138,-0.064638,0.01197,-9.786672,-9.786893,0,-0.00639,0.003195,99376.71,25.7,0.036328
1779.296697,0.01221,-0.124488,0.040698,-9.750762,-9.751642,0.003195,-0.005325,0.003195,99376.71,25.7,0.072238
1779.307007,0.01031,-0.067032,0.007182,-9.762732,-9.762965,0.003195,-0.005325,0.00426,99376.71,25.7,0.060268
1779.317978,0.010971,-0.067032,0.009576,-9.796248,-9.796482,0,-0.003195,0,99376.71,25.7,0.026752
1779.329234,0.011256,-0.079002,0.009576,-9.832158,-9.83248,0.001065,-0.005325,0,99376.71,25.7,-0.009158
1779.340368,0.011135,-0.07182,0.004788,-9.813006,-9.81327,0.003195,-0.00426,0.003195,99376.71,25.7,0.009994
1779.351739,0.01137,-0.098154,0.045486,-9.841734,-9.842329,-0.001065,-0.003195,0,99376.71,25.7,-0.018734
1779.362778,0.011039,-0.093366,0.016758,-9.832158,-9.832616,0.001065,-0.00213,0.003195,99376.71,25.7,-0.009158
1779.373994,0.011217,-0.076608,0.009576,-9.856098,-9.8564,0.00213,-0.00639,0.00213,99376.66,25.7,-0.033098
1779.385147,0.011153,-0.088578,0.009576,-9.896796,-9.897197,0.001065,-0.00426,0,99376.66,25.7,-0.073796
1779.396327,0.01118,-0.086184,0.004788,-9.877644,-9.878021,0.001065,-0.003195,0.003195,99376.66,25.7,-0.054644
1779.407544,0.011217,-0.081396,-0.002394,-9.894402,-9.894737,0.003195,-0.00426,0.003195,99376.66,25.7,-0.071402
1779.418784,0.011241,-0.052668,0,-9.882432,-9.882572,0.00213,-0.00639,0.003195,99376.66,25.7,-0.059432
1779.429844,0.01106,-0.050274,0.028728,-9.877644,-9.877814,0,-0.00639,0.003195,99376.79,25.7,-0.054644
1779.440997,0.011153,-0.07182,0.031122,-9.884826,-9.885136,0.001065,-0.005325,-0.001065,99376.79,25.7,-0.061826
1779.452297,0.0113,-0.074214,0,-9.841734,-9.842014,0.003195,-0.005325,0.003195,99376.79,25.7,-0.018734
1779.463398,0.011101,-0.064638,0.007182,-9.892008,-9.892222,0,-0.00426,0.00213,99376.79,25.7,-0.069008
1779.474842,0.011444,-0.090972,0.038304,-9.894402,-9.894894,0.001065,-0.007455,0.00213,99376.79,25.7,-0.071402
1779.486028,0.011186,-0.079002,0.03591,-9.868068,-9.86845,0.001065,-0.005325,0.00213,99376.79,25.7,-0.045068
1779.496972,0.010945,-0.038304,-0.007182,-9.858492,-9.858569,0.00213,-0.009585,0.00213,99376.82,25.7,-0.035492
1779.508253,0.01128,-0.08379,0.004788,-9.848916,-9.849274,0.00213,-0.00639,0.005325,99376.82,25.7,-0.025916
1779.519332,0.011079,-0.069426,0.009576,-9.836946,-9.837196,0.00213,-0.00639,0.001065,99376.82,25.7,-0.013946
1779.530538,0.011206,-0.062244,0.007182,-9.834552,-9.834752,0.00213,-0.007455,0.003195,99376.82,25.7,-0.011552
1779.541675,0.011138,-0.076608,-0.004788,-9.846522,-9.846821,0,-0.00426,0.001065,99376.82,25.7,-0.023522
1779.552865,0.011189,-0.081396,0.01197,-9.868068,-9.868411,0.00213,-0.007455,0.001065,99376.82,25.7,-0.045068
1779.56485,0.011986,-0.069426,0.01197,-9.865674,-9.865926,0.001065,-0.00426,0,99376.83,25.7,-0.042674
1779.575413,0.010563,-0.069426,0.002394,-9.85131,-9.851555,0,-0.00426,0.003195,99376.83,25.7,-0.02831
1779.586333,0.01092,-0.098154,0.009576,-9.846522,-9.847016,0.00213,-0.00426,0.001065,99376.83,25.7,-0.023522
1779.596477,0.010143,-0.10773,0.014364,-9.85131,-9.851909,0,-0.005325,0.00213,99376.83,25.7,-0.02831
1779.606544,0.010067,-0.086184,0.019152,-9.85131,-9.851706,0.00213,-0.003195,0.003195,99376.83,25.7,-0.02831
1779.61664,0.010097,-0.062244,0.026334,-9.901584,-9.901815,0.00213,-0.00639,0.001065,99376.83,25.7,-0.078584
1779.626761,0.010121,-0.081396,0.028728,-9.868068,-9.868446,0.003195,-0.003195,0.001065,99376.91,25.7,-0.045068
1779.636857,0.010096,-0.081396,0,-9.868068,-9.868404,0.001065,-0.005325,0.00213,99376.91,25.7,-0.045068
1779.646942,0.010085,-0.098154,0.033516,-9.889614,-9.890158,0.003195,-0.00426,0.001065,99376.91,25.7,-0.066614
1779.657036,0.010094,-0.079002,0,-9.894402,-9.894717,0.001065,-0.005325,0.001065,99376.91,25.7,-0.071402
1779.667131,0.010096,-0.067032,0.016758,-9.915948,-9.916189,0.00213,-0.00639,-0.001065,99376.91,25.7,-0.092948
1779.677227,0.010095,-0.100548,0.019152,-9.9351,-9.935627,0.001065,-0.005325,0.003195,99376.91,25.7,-0.1121
1779.687716,0.010489,-0.079002,0.014364,-9.97101,-9.971333,0.001065,-0.003195,0.005325,99376.91,25.7,-0.14801
1779.697802,0.010086,-0.081396,0.026334,-9.956646,-9.957014,0.001065,-0.005325,0.003195,99376.91,25.7,-0.133646
1779.70788,0.010078,-0.081396,0.004788,-9.985374,-9.985707,0,-0.003195,0.001065,99376.91,25.7,-0.162374
1779.718028,0.010147,-0.079002,0.002394,-9.997344,-9.997656,0,-0.005325,0.00426,99376.91,25.7,-0.174344
1779.728116,0.010088,-0.064638,-0.002394,-10.011708,-10.011917,0.00213,-0.005325,0.003195,99376.91,25.7,-0.188708
1779.738258,0.010142,-0.088578,0.007182,-10.014102,-10.014496,0.00213,-0.007455,0.00213,99376.91,25.7,-0.191102
1779.74834,0.010082,-0.057456,0.014364,-10.038042,-10.038217,0,-0.005325,0.00213,99376.91,25.7,-0.215042
1779.758535,0.010195,-0.07182,0.009576,-10.033254,-10.033516,0,-0.00426,0.001065,99376.83,25.7,-0.210254
1779.768695,0.01016,-0.090972,0.009576,-10.04283,-10.043247,0.00213,-0.00426,0.00213,99376.83,25.7,-0.21983
1779.778795,0.010099,-0.052668,0.009576,-10.069164,-10.069306,0.00213,-0.005325,0.00213,99376.83,25.7,-0.246164
1779.788897,0.010102,-0.07182,0.009576,-10.038042,-10.038303,0.001065,-0.00852,0.001065,99376.83,25.7,-0.215042
1779.79958,0.010683,-0.093366,0.009576,-10.097892,-10.098328,0.001065,-0.00426,0,99376.83,25.7,-0.274892
1779.809673,0.010092,-0.076608,-0.007182,-10.050012,-10.050307,0.00213,-0.007455,0.001065,99376.83,25.7,-0.227012
1779.819781,0.010109,-0.064638,-0.004788,-10.07874,-10.078948,0.003195,-0.00639,0.003195,99376.88,25.7,-0.25574
1779.829878,0.010097,-0.069426,0.002394,-10.071558,-10.071798,0.003195,-0.00639,0.001065,99376.88,25.7,-0.248558
1779.839996,0.010118,-0.064638,0.02394,-10.059588,-10.059824,0.001065,-0.00639,0.001065,99376.88,25.7,-0.236588
1779.850064,0.010068,-0.086184,-0.007182,-10.076346,-10.076717,0.00213,-0.00639,0.001065,99376.88,25.7,-0.253346
1779.860155,0.010091,-0.088578,0.009576,-10.069164,-10.069558,0.00213,-0.00852,-0.001065,99376.88,25.7,-0.246164
1779.870234,0.010079,-0.04788,0.014364,-10.059588,-10.059712,0.00213,-0.007455,0,99376.88,25.7,-0.236588
1779.880337,0.010103,-0.105336,0.01197,-10.081134,-10.081691,0.00426,-0.00639,0.003195,99376.85,25.7,-0.258134
1779.890424,0.010087,-0.067032,0.019152,-10.061982,-10.062224,0.001065,-0.00426,0.001065,99376.85,25.7,-0.238982
1779.900515,0.010091,-0.05985,0.026334,-10.06677,-10.066982,0,-0.005325,0.001065,99376.85,25.7,-0.24377
1779.910608,0.010093,-0.10773,0.009576,-10.073952,-10.074533,0,-0.00639,0.00426,99376.85,25.7,-0.250952
1779.92069,0.010082,-0.079002,-0.004788,-10.081134,-10.081445,0,-0.00639,0.00213,99376.85,25.7,-0.258134
1779.930781,0.010091,-0.088578,0.002394,-10.064376,-10.064766,0.003195,-0.005325,0.00213,99376.85,25.7,-0.241376
1779.940876,0.010094,-0.100548,0.002394,-10.06677,-10.067272,0.001065,-0.005325,0,99376.85,25.7,-0.24377
1779.951019,0.010143,-0.079002,-0.009576,-10.100286,-10.1006,0,-0.007455,0,99376.77,25.7,-0.277286
1779.961133,0.010115,-0.086184,0.009576,-10.081134,-10.081507,0,-0.003195,0.00213,99376.77,25.7,-0.258134
1779.971219,0.010086,-0.098154,-0.002394,-10.095498,-10.095975,0.00213,-0.007455,0.00213,99376.77,25.7,-0.272498
1779.981314,0.010095,-0.079002,0.007182,-10.119438,-10.119749,0.003195,-0.005325,0.00213,99376.77,25.7,-0.296438
1779.991508,0.010194,-0.093366,0.045486,-10.095498,-10.096032,0,-0.00639,0.00213,99376.77,25.7,-0.272498
1780.001615,0.010107,-0.110124,0.007182,-10.100286,-10.100889,0.00213,-0.00639,0.00213,99376.77,25.7,-0.277286
1780.011996,0.010381,-0.110124,0.045486,-10.112256,-10.112958,0.00213,-0.00426,0.00213,99376.77,25.7,-0.289256
1780.022245,0.010249,-0.076608,0.016758,-10.10268,-10.102984,0.00426,-0.00426,0.00213,99376.77,25.7,-0.27968
1780.032427,0.010182,-0.079002,0.01197,-10.119438,-10.119753,0.001065,-0.007455,0.003195,99376.77,25.7,-0.296438
1780.042514,0.010088,-0.09576,0.007182,-10.124226,-10.124681,0.00213,-0.00426,0.003195,99376.77,25.7,-0.301226
1780.052609,0.010094,-0.05985,0.009576,-10.121832,-10.122013,0.00426,-0.005325,0.00213,99376.77,25.7,-0.298832
1780.062716,0.010108,-0.08379,0.009576,-10.12662,-10.126971,0.00213,-0.00639,0.001065,99376.77,25.7,-0.30362
1780.072813,0.010097,-0.055062,0.016758,-10.133802,-10.133965,0.003195,-0.005325,0.00213,99376.75,25.7,-0.310802
1780.082978,0.010165,-0.07182,-0.01197,-10.143378,-10.143639,0.001065,-0.005325,0,99376.75,25.7,-0.320378
1780.093076,0.010099,-0.088578,0.004788,-10.167318,-10.167705,0.00213,-0.00639,0.00213,99376.75,25.7,-0.344318
1780.103214,0.010137,-0.076608,0.007182,-10.140984,-10.141276,0.00213,-0.005325,0.00213,99376.75,25.7,-0.317984
1780.113374,0.01016,-0.081396,-0.002394,-10.148166,-10.148493,-0.001065,-0.00426,0,99376.75,25.7,-0.325166
1780.123823,0.010449,-0.07182,0.028728,-10.1745,-10.174794,-0.00213,-0.00426,0.003195,99376.75,25.7,-0.3515
1780.134001,0.010179,-0.086184,0.007182,-10.179288,-10.179655,0.001065,-0.003195,0.003195,99376.69,25.7,-0.356288
1780.144082,0.010081,-0.069426,0.019152,-10.169712,-10.169967,0.00213,-0.00639,-0.001065,99376.69,25.7,-0.346712
1780.154559,0.010477,-0.10773,0.019152,-10.212804,-10.21339,0,-0.00639,0.001065,99376.69,25.7,-0.389804
1780.164644,0.010084,-0.050274,0.031122,-10.181682,-10.181854,0.003195,-0.007455,0.00213,99376.69,25.7,-0.358682
1780.174738,0.010094,-0.08379,0.02394,-10.172106,-10.172479,0.001065,-0.00426,0.003195,99376.69,25.7,-0.349106
1780.184983,0.010245,-0.07182,0.021546,-10.196046,-10.196322,0.00213,-0.00426,0,99376.69,25.7,-0.373046
1780.195079,0.010096,-0.088578,0.019152,-10.212804,-10.213206,0.00213,-0.00639,0.003195,99376.69,25.7,-0.389804
1780.20519,0.010112,-0.088578,-0.009576,-10.196046,-10.196435,0.00426,-0.00426,0.00213,99376.72,25.7,-0.373046
1780.215297,0.010106,-0.10773,0.033516,-10.231956,-10.232578,0,-0.00639,0.003195,99376.72,25.7,-0.408956
1780.225398,0.010101,-0.102942,-0.009576,-10.203228,-10.203752,0.00213,-0.00213,0.00213,99376.72,25.7,-0.380228
1780.235653,0.010255,-0.079002,-0.002394,-10.212804,-10.21311,0.001065,-0.005325,0,99376.72,25.7,-0.389804
1780.24575,0.010097,-0.09576,0.014364,-10.239138,-10.239596,0,-0.005325,0.003195,99376.72,25.7,-0.416138
1780.255884,0.010135,-0.079002,0.014364,-10.224774,-10.225089,0.001065,-0.005325,0.00213,99376.72,25.7,-0.401774
1780.266,0.010116,-0.081396,0.002394,-10.21041,-10.210735,0.001065,-0.005325,0.001065,99376.85,25.7,-0.38741
1780.276088,0.010087,-0.08379,0.021546,-10.260684,-10.261049,0,-0.003195,0.001065,99376.85,25.7,-0.437684
1780.286318,0.010231,-0.112518,0.026334,-10.23435,-10.235002,-0.001065,-0.007455,0.001065,99376.85,25.7,-0.41135
1780.296458,0.01014,-0.09576,0.007182,-10.241532,-10.241982,0.001065,-0.00639,0.001065,99376.85,25.7,-0.418532
1780.306547,0.010089,-0.090972,0.02394,-10.27026,-10.270691,0.00426,-0.007455,0.00213,99376.85,25.7,-0.44726
1780.316667,0.01012,-0.098154,-0.009576,-10.263078,-10.263552,0.003195,-0.00426,0.00426,99376.85,25.7,-0.440078
1780.326774,0.010108,-0.102942,-0.007182,-10.291806,-10.292323,0.003195,-0.00639,0.001065,99376.85,25.7,-0.468806
1780.336872,0.010098,-0.069426,0.021546,-10.301382,-10.301638,0,-0.00852,0.00213,99376.85,25.7,-0.478382
1780.346973,0.010101,-0.057456,0.01197,-10.296594,-10.296761,0.00213,-0.003195,0.003195,99376.85,25.7,-0.473594
1780.357134,0.010161,-0.088578,0.009576,-10.301382,-10.301767,0.001065,-0.003195,0.003195,99376.85,25.7,-0.478382
1780.367237,0.010103,-0.100548,0.016758,-10.325322,-10.325825,0.001065,-0.005325,0,99376.85,25.7,-0.502322
1780.377319,0.010082,-0.076608,0.019152,-10.325322,-10.325624,0.001065,-0.005325,0.003195,99376.85,25.7,-0.502322
1780.387522,0.010203,-0.086184,-0.028728,-10.31814,-10.31854,0.00213,-0.00426,0.001065,99376.85,25.7,-0.49514
1780.397619,0.010097,-0.081396,0.014364,-10.322928,-10.323259,0,-0.00426,0.00213,99376.8,25.7,-0.499928
1780.407705,0.010086,-0.043092,0,-10.31814,-10.31823,0.001065,-0.00639,0.001065,99376.8,25.7,-0.49514
1780.417802,0.010097,-0.067032,-0.004788,-10.33011,-10.330329,0.00213,-0.00426,0.003195,99376.8,25.7,-0.50711
1780.42789,0.010087,-0.114912,0.009576,-10.327716,-10.32836,0,-0.00852,0.00426,99376.8,25.7,-0.504716
1780.438083,0.010193,-0.079002,-0.002394,-10.327716,-10.328018,0.00426,-0.00426,0.003195,99376.8,25.7,-0.504716
1780.448473,0.01039,-0.08379,-0.002394,-10.34208,-10.34242,0,-0.00426,0.001065,99376.8,25.7,-0.51908
1780.458568,0.010096,-0.062244,0.016758,-10.344474,-10.344675,0.001065,-0.00639,0.001065,99376.69,25.7,-0.521474
1780.468649,0.010081,-0.07182,-0.007182,-10.349262,-10.349514,0.00213,-0.007455,0.003195,99376.69,25.7,-0.526262
1780.478732,0.010082,-0.05985,-0.007182,-10.334898,-10.335074,0.00213,-0.00639,0.00213,99376.69,25.7,-0.511898
1780.488831,0.010099,-0.062244,0.009576,-10.35405,-10.354242,0.00213,-0.00639,0.00426,99376.69,25.7,-0.53105
1780.498927,0.010097,-0.079002,-0.016758,-10.344474,-10.344789,0.00213,-0.005325,0.001065,99376.69,25.7,-0.521474
1780.509037,0.01011,-0.088578,0.02394,-10.320534,-10.320942,0.001065,-0.005325,0.003195,99376.69,25.7,-0.497534
1780.519138,0.010101,-0.090972,0.009576,-10.35405,-10.354454,0.00213,-0.00426,0.00213,99376.55,25.7,-0.53105
1780.529224,0.010086,-0.081396,0.016758,-10.334898,-10.335232,0.00213,-0.005325,0.00213,99376.55,25.7,-0.511898
1780.53931,0.010086,-0.102942,0.019152,-10.339686,-10.340216,0.003195,-0.005325,0,99376.55,25.7,-0.516686
1780.549482,0.010171,-0.069426,0.033516,-10.31814,-10.318428,0.001065,-0.00426,0.001065,99376.55,25.7,-0.49514
1780.559656,0.010174,-0.112518,0.016758,-10.337292,-10.337918,-0.001065,-0.005325,0.003195,99376.55,25.7,-0.514292
1780.570681,0.011025,-0.09576,0.031122,-10.356444,-10.356933,0.001065,-0.00639,0,99376.55,25.7,-0.533444
1780.581918,0.011237,-0.081396,0.007182,-10.339686,-10.340009,0.001065,-0.007455,0.001065,99376.37,25.7,-0.516686
1780.593193,0.011275,-0.069426,0.004788,-10.313352,-10.313587,0.001065,-0.005325,0.00213,99376.37,25.7,-0.490352
1780.604322,0.011129,-0.079002,0,-10.301382,-10.301685,0.001065,-0.005325,0.00213,99376.37,25.7,-0.478382
1780.615566,0.011245,-0.081396,-0.007182,-10.334898,-10.335221,0.003195,-0.00426,0.001065,99376.37,25.7,-0.511898
1780.626639,0.011073,-0.090972,0.019152,-10.339686,-10.340104,0.00426,-0.007455,0.00426,99376.37,25.7,-0.516686
1780.637992,0.011352,-0.062244,-0.007182,-10.325322,-10.325512,-0.001065,-0.00639,0.001065,99376.37,25.7,-0.502322
1780.649063,0.011071,-0.088578,0.019152,-10.301382,-10.301781,0.00213,-0.007455,0.003195,99376.26,25.7,-0.478382
1780.660287,0.011224,-0.110124,0.021546,-10.308564,-10.309175,0.00213,-0.00639,0.003195,99376.26,25.7,-0.485564
1780.671399,0.011113,-0.081396,0.019152,-10.308564,-10.308903,0.003195,-0.00639,0.001065,99376.26,25.7,-0.485564
1780.682529,0.01113,-0.07182,0,-10.332504,-10.332754,0.003195,-0.00426,0,99376.26,25.7,-0.509504
1780.693728,0.011199,-0.102942,-0.016758,-10.322928,-10.323455,0.003195,-0.00426,0.001065,99376.26,25.7,-0.499928
1780.704902,0.011174,-0.076608,0.02394,-10.313352,-10.313664,0.00213,-0.00426,0,99376.26,25.7,-0.490352
1780.716314,0.011411,-0.081396,-0.019152,-10.310958,-10.311297,0.00213,-0.00639,0.003195,99376.26,25.7,-0.487958
1780.727283,0.010969,-0.093366,-0.007182,-10.310958,-10.311383,0.003195,-0.00639,0,99376.26,25.7,-0.487958
1780.738509,0.011227,-0.141246,0.021546,-10.33011,-10.331098,0.005325,-0.00639,0.00426,99376.26,25.7,-0.50711
1780.749629,0.01112,-0.081396,0.021546,-10.313352,-10.313696,0,-0.00639,0.001065,99376.26,25.7,-0.490352
1780.760801,0.011172,-0.076608,0.014364,-10.303776,-10.304071,0,-0.005325,0.001065,99376.26,25.7,-0.480776
1780.772061,0.011259,-0.08379,0.01197,-10.320534,-10.320881,0.00213,-0.00639,0.00213,99376.26,25.7,-0.497534
1780.783207,0.011146,-0.08379,0.045486,-10.298988,-10.299429,0.001065,-0.00426,0.001065,99376.04,25.7,-0.475988
1780.794415,0.011209,-0.050274,0.026334,-10.30617,-10.306326,0.00213,-0.00213,0.00426,99376.04,25.7,-0.48317
1780.805573,0.011158,-0.08379,0.01197,-10.30617,-10.306518,0,-0.007455,0.003195,99376.04,25.7,-0.48317
1780.816864,0.011291,-0.093366,0.021546,-10.30617,-10.306615,0,-0.007455,0.003195,99376.04,25.7,-0.48317
1780.828123,0.011259,-0.090972,-0.004788,-10.325322,-10.325724,0.00213,-0.00426,-0.001065,99376.04,25.7,-0.502322
1780.839912,0.011789,-0.08379,0.002394,-10.315746,-10.316087,0,-0.009585,0.001065,99375.94,25.7,-0.492746
1780.850936,0.011024,-0.081396,0.009576,-10.310958,-10.311284,0.001065,-0.005325,0.00426,99375.94,25.7,-0.487958
1780.861695,0.010759,-0.102942,0.004788,-10.320534,-10.321048,0.003195,-0.005325,0.001065,99375.94,25.7,-0.497534
1780.872899,0.011204,-0.088578,0.01197,-10.339686,-10.340072,0.00213,-0.00639,0.005325,99375.94,25.7,-0.516686
1780.884067,0.011168,-0.062244,0.007182,-10.339686,-10.339876,0.001065,-0.00639,0.00213,99375.94,25.7,-0.516686
1780.895408,0.011342,-0.088578,-0.026334,-10.332504,-10.332917,0.001065,-0.00426,0.00213,99375.94,25.7,-0.509504
1780.90644,0.011031,-0.062244,0.002394,-10.30617,-10.306358,0.003195,-0.00852,0.003195,99375.7,25.7,-0.48317
1780.91781,0.01137,-0.10773,0.004788,-10.325322,-10.325885,0.00213,-0.003195,0,99375.7,25.7,-0.502322
1780.92861,0.0108,-0.112518,0.004788,-10.30617,-10.306785,0,-0.007455,0.003195,99375.7,25.7,-0.48317
1780.939879,0.011269,-0.079002,0.009576,-10.313352,-10.313659,0.00426,-0.005325,0.003195,99375.7,25.7,-0.490352
1780.951195,0.011315,-0.102942,0.007182,-10.334898,-10.335413,0,-0.00639,0.001065,99375.7,25.7,-0.511898
1780.962223,0.011029,-0.064638,0.007182,-10.344474,-10.344678,0.003195,-0.005325,0,99375.7,25.7,-0.521474
1780.97368,0.011457,-0.079002,0.014364,-10.313352,-10.313665,0.001065,-0.007455,0.001065,99375.69,25.7,-0.490352
1780.98457,0.01089,-0.112518,0.021546,-10.303776,-10.304413,0.001065,-0.005325,0.00426,99375.69,25.7,-0.480776
1780.996059,0.011488,-0.088578,-0.002394,-10.308564,-10.308945,0,-0.005325,0.00213,99375.69,25.7,-0.485564
1781.007175,0.011116,-0.09576,0.014364,-10.34208,-10.342533,0.00213,-0.00639,0.001065,99375.69,25.7,-0.51908
1781.01851,0.011335,-0.067032,-0.002394,-10.322928,-10.323146,0.001065,-0.00639,0.003195,99375.69,25.7,-0.499928
1781.029305,0.010795,-0.090972,0.050274,-10.337292,-10.337815,0.00426,-0.009585,0.003195,99375.69,25.7,-0.514292
1781.040476,0.011172,-0.086184,-0.004788,-10.351656,-10.352016,0.001065,-0.00639,0.001065,99375.69,25.7,-0.528656
1781.051706,0.01123,-0.117306,0.040698,-10.301382,-10.30213,0.003195,-0.005325,0.00213,99375.69,25.7,-0.478382
1781.062909,0.011202,-0.07182,0.002394,-10.320534,-10.320784,0.00426,-0.007455,0.00213,99375.69,25.7,-0.497534
1781.074086,0.011178,-0.090972,0.01197,-10.30617,-10.306578,-0.001065,-0.007455,0.001065,99375.69,25.7,-0.48317
1781.085173,0.011087,-0.10773,0.028728,-10.310958,-10.311561,0.003195,-0.005325,0.00213,99375.69,25.7,-0.487958
1781.096492,0.011319,-0.064638,0,-10.322928,-10.32313,0.00426,-0.005325,0.003195,99375.57,25.7,-0.499928
1781.107597,0.011105,-0.114912,-0.007182,-10.315746,-10.316389,0.001065,-0.005325,0.001065,99375.57,25.7,-0.492746
1781.118936,0.011338,-0.079002,0.004788,-10.332504,-10.332807,0.00213,-0.003195,0,99375.57,25.7,-0.509504
1781.129917,0.010981,-0.05985,-0.016758,-10.313352,-10.313539,0,-0.007455,0.003195,99375.57,25.7,-0.490352
1781.141096,0.011179,-0.081396,-0.019152,-10.320534,-10.320873,0.00213,-0.00426,0.001065,99375.57,25.7,-0.497534
1781.152514,0.011419,-0.079002,0.002394,-10.327716,-10.328018,0.00213,-0.005325,0.003195,99375.57,25.7,-0.504716
1781.16353,0.011016,-0.08379,0.014364,-10.320534,-10.320884,0.001065,-0.00426,0.00213,99375.29,25.7,-0.497534
1781.174764,0.011234,-0.09576,0.021546,-10.301382,-10.30185,0.001065,-0.005325,0.00213,99375.29,25.7,-0.478382
1781.185835,0.011071,-0.079002,0,-10.313352,-10.313655,0.001065,-0.00639,0.00426,99375.29,25.7,-0.490352
1781.197125,0.01129,-0.093366,0.033516,-10.339686,-10.340162,0.003195,-0.00426,0.00426,99375.29,25.7,-0.516686
1781.20846,0.011335,-0.055062,-0.019152,-10.332504,-10.332668,0.00213,-0.00426,0.00426,99375.29,25.7,-0.509504
1781.219457,0.010996,-0.076608,0.026334,-10.337292,-10.337609,0.001065,-0.00639,-0.001065,99375.29,25.7,-0.514292
1781.23036,0.010903,-0.09576,-0.01197,-10.320534,-10.320985,0.003195,-0.005325,0.00213,99375.03,25.7,-0.497534
1781.240487,0.010127,-0.098154,0.007182,-10.33011,-10.330579,0.001065,-0.00426,0.00213,99375.03,25.7,-0.50711
1781.25057,0.010083,-0.117306,0.014364,-10.310958,-10.311635,0.00426,-0.00426,0.00213,99375.03,25.7,-0.487958
1781.260687,0.010117,-0.08379,0.01197,-10.310958,-10.311305,0.00426,-0.00426,0.001065,99375.03,25.7,-0.487958
1781.270779,0.010092,-0.076608,0.009576,-10.327716,-10.328005,0.00213,-0.005325,0.00213,99375.03,25.7,-0.504716
1781.280889,0.010111,-0.102942,-0.014364,-10.327716,-10.328239,0.001065,-0.00639,0.00213,99375.03,25.7,-0.504716
1781.290986,0.010097,-0.079002,0.02394,-10.332504,-10.332834,0.001065,-0.00852,0.003195,99374.84,25.7,-0.509504
1781.301093,0.010107,-0.081396,-0.021546,-10.334898,-10.335241,0.001065,-0.00639,0.003195,99374.84,25.7,-0.511898
1781.311209,0.010116,-0.079002,0.004788,-10.33011,-10.330413,0.003195,-0.00639,0.00213,99374.84,25.7,-0.50711
1781.321322,0.010113,-0.055062,-0.002394,-10.334898,-10.335045,0.00426,-0.00426,0.001065,99374.84,25.7,-0.511898
1781.331818,0.010495,-0.086184,0.03591,-10.325322,-10.325744,0.00213,-0.00639,0.00426,99374.84,25.7,-0.502322
1781.341977,0.01016,-0.088578,0.014364,-10.322928,-10.323318,0.003195,-0.007455,0.001065,99374.84,25.7,-0.499928
1781.352104,0.010127,-0.086184,0.033516,-10.325322,-10.325736,0.003195,-0.005325,0.00213,99374.84,25.7,-0.502322
1781.362229,0.010125,-0.079002,-0.007182,-10.308564,-10.308869,0.00213,-0.00426,0.00213,99374.84,25.7,-0.485564
1781.372356,0.010127,-0.057456,0,-10.327716,-10.327876,0.00426,-0.00852,0.003195,99374.84,25.7,-0.504716
1781.382478,0.010122,-0.100548,0.026334,-10.320534,-10.321057,0.003195,-0.00639,0.00426,99374.84,25.7,-0.497534
1781.392632,0.010154,-0.07182,0.019152,-10.320534,-10.320802,0,-0.00426,0.00639,99374.84,25.7,-0.497534
1781.402747,0.010115,-0.088578,0.016758,-10.313352,-10.313746,0,-0.005325,0.00213,99374.84,25.7,-0.490352
1781.412834,0.010087,-0.062244,0.031122,-10.31814,-10.318375,0.00213,-0.007455,0.00426,99374.84,25.7,-0.49514
1781.422958,0.010124,-0.102942,0.014364,-10.303776,-10.3043,-0.001065,-0.007455,0.00213,99374.55,25.7,-0.480776
1781.433064,0.010106,-0.086184,0.02394,-10.327716,-10.328103,0.001065,-0.005325,0.00213,99374.55,25.7,-0.504716
1781.443602,0.010538,-0.117306,0.031122,-10.339686,-10.340398,0.00426,-0.00426,0,99374.55,25.7,-0.516686
1781.453724,0.010122,-0.076608,0.02394,-10.325322,-10.325634,0,-0.00639,0,99374.55,25.7,-0.502322
1781.46382,0.010096,-0.10773,0,-10.289412,-10.289976,0,-0.00639,0.003195,99374.55,25.7,-0.466412
1781.473944,0.010124,-0.088578,0.007182,-10.332504,-10.332886,0.001065,-0.00426,0.001065,99374.55,25.7,-0.509504
1781.484058,0.010114,-0.117306,-0.009576,-10.310958,-10.31163,0.003195,-0.007455,0.003195,99374.2,25.7,-0.487958
1781.49422,0.010162,-0.110124,0.02394,-10.334898,-10.335512,0.00213,-0.003195,0,99374.2,25.7,-0.511898
1781.504311,0.010091,-0.088578,-0.007182,-10.332504,-10.332886,0.003195,-0.00426,0.00213,99374.2,25.7,-0.509504
1781.514526,0.010214,-0.076608,0,-10.303776,-10.304061,0.00213,-0.00639,0.00213,99374.2,25.7,-0.480776
1781.524622,0.010096,-0.081396,-0.01197,-10.33011,-10.330438,0.003195,-0.00426,0.001065,99374.2,25.7,-0.50711
1781.534708,0.010086,-0.086184,0.009576,-10.33011,-10.330474,0.003195,-0.005325,0.00213,99374.2,25.7,-0.50711
1781.544802,0.010094,-0.079002,0.004788,-10.315746,-10.31605,-0.001065,-0.005325,0.001065,99374.2,25.7,-0.492746
1781.554917,0.010115,-0.098154,-0.019152,-10.356444,-10.356927,0.00213,-0.00426,0.00213,99373.8,25.7,-0.533444
1781.565033,0.010117,-0.076608,0.007182,-10.308564,-10.308851,-0.00213,-0.00852,0.005325,99373.8,25.7,-0.485564
1781.575109,0.010076,-0.074214,0.004788,-10.337292,-10.33756,0.00213,-0.00426,0.001065,99373.8,25.7,-0.514292
1781.585196,0.010087,-0.105336,-0.01197,-10.31814,-10.318685,0.00426,-0.00639,0.00426,99373.8,25.7,-0.49514
1781.595298,0.010103,-0.081396,0.016758,-10.332504,-10.332838,0,-0.00639,0.00213,99373.8,25.7,-0.509504
1781.60539,0.010091,-0.031122,-0.019152,-10.356444,-10.356508,0.00213,-0.00426,0.003195,99373.8,25.7,-0.533444
1781.615485,0.010096,-0.086184,0.016758,-10.327716,-10.328089,0.003195,-0.00639,0.00213,99373.44,25.7,-0.504716
1781.625584,0.010098,-0.079002,0.016758,-10.34208,-10.342395,0.001065,-0.005325,0,99373.44,25.7,-0.51908
1781.635713,0.010129,-0.086184,-0.021546,-10.322928,-10.32331,0.00213,-0.005325,0.001065,99373.44,25.7,-0.499928
1781.645815,0.010102,-0.110124,0.040698,-10.34208,-10.342746,0.00426,-0.007455,0.001065,99373.44,25.7,-0.51908
1781.656082,0.010267,-0.08379,0.021546,-10.327716,-10.328078,-0.001065,-0.00213,0,99373.44,25.7,-0.504716
1781.66621,0.010128,-0.122094,0.007182,-10.334898,-10.335622,0.00213,-0.00426,0.003195,99373.44,25.7,-0.511898
1781.676319,0.010109,-0.08379,0.009576,-10.325322,-10.325666,0.00213,-0.00426,0,99373.44,25.7,-0.502322
1781.686411,0.010092,-0.102942,0.026334,-10.33011,-10.330656,0.003195,-0.00852,0.00426,99373.44,25.7,-0.50711
1781.696503,0.010092,-0.052668,-0.004788,-10.325322,-10.325457,0.003195,-0.003195,0.001065,99373.44,25.7,-0.502322
1781.706607,0.010104,-0.124488,0.014364,-10.310958,-10.311719,-0.00213,-0.007455,0.001065,99373.44,25.7,-0.487958
1781.716718,0.010111,-0.074214,0.019152,-10.332504,-10.332788,0.00213,-0.00426,0.00213,99373.44,25.7,-0.509504
1781.726806,0.010088,-0.07182,0.019152,-10.289412,-10.28968,0.001065,-0.005325,0.003195,99373.44,25.7,-0.466412
1781.736911,0.010105,-0.076608,0.021546,-10.339686,-10.339992,0.005325,-0.00213,0.003195,99373.44,25.7,-0.516686
1781.747019,0.010108,-0.105336,0.026334,-10.327716,-10.328287,0.00213,-0.00639,0.00213,99373.09,25.7,-0.504716
1781.757128,0.010109,-0.05985,-0.026334,-10.35405,-10.354256,0,-0.00426,0,99373.09,25.7,-0.53105
1781.767295,0.010167,-0.086184,0.033516,-10.332504,-10.332918,0.001065,-0.005325,0.003195,99373.09,25.7,-0.509504
1781.777388,0.010093,-0.090972,0.007182,-10.339686,-10.340089,0.00213,-0.00639,0,99373.09,25.7,-0.516686
1781.787469,0.01008,-0.08379,-0.08379,-10.33011,-10.33079,0.001065,-0.005325,0.00213,99373.09,25.7,-0.50711
1781.797553,0.010085,-0.074214,0.028728,-10.310958,-10.311265,0.00213,-0.007455,0.003195,99373.09,25.7,-0.487958
1781.807638,0.010085,-0.079002,0.021546,-10.310958,-10.311283,0,-0.005325,0.00426,99372.56,25.7,-0.487958
1781.817725,0.010087,-0.04788,0.019152,-10.339686,-10.339815,0.00213,0,0.003195,99372.56,25.7,-0.516686
1781.827826,0.010101,-0.09576,-0.002394,-10.36602,-10.366463,0,-0.00852,0.003195,99372.56,25.7,-0.54302
1781.837926,0.0101,-0.067032,0.050274,-10.31814,-10.31848,0.001065,-0.005325,0.003195,99372.56,25.7,-0.49514
1781.848033,0.010107,-0.07182,-0.002394,-10.332504,-10.332754,0.001065,-0.00426,0.00213,99372.56,25.7,-0.509504
1781.858179,0.010146,-0.08379,0.033516,-10.33011,-10.330504,0.003195,-0.003195,0.00213,99372.56,25.7,-0.50711
1781.868672,0.010493,-0.088578,0.021546,-10.325322,-10.325724,0,-0.007455,0.00213,99372.18,25.7,-0.502322
1781.878774,0.010102,-0.028728,-0.04788,-10.325322,-10.325473,0.00213,-0.00426,0.001065,99372.18,25.7,-0.502322
1781.88894,0.010166,-0.114912,0.040698,-10.346868,-10.347586,0,-0.00852,0.00213,99372.18,25.7,-0.523868
1781.899024,0.010085,-0.069426,0.019152,-10.320534,-10.320785,0.001065,-0.00213,0.001065,99372.18,25.7,-0.497534
1781.909103,0.010079,-0.055062,-0.004788,-10.310958,-10.311106,-0.001065,-0.00639,0.001065,99372.18,25.7,-0.487958
1781.919224,0.010121,-0.081396,0.057456,-10.368414,-10.368893,0,-0.007455,0.001065,99372.18,25.7,-0.545414
1781.929336,0.010112,-0.07182,0.009576,-10.349262,-10.349516,0.003195,-0.005325,0.003195,99371.7,25.7,-0.526262
1781.939437,0.010101,-0.045486,0.004788,-10.33011,-10.330211,0.001065,-0.007455,0.00213,99371.7,25.7,-0.50711
1781.949561,0.010124,-0.081396,0.016758,-10.344474,-10.344808,0.003195,-0.00213,0.00213,99371.7,25.7,-0.521474
1781.959661,0.0101,-0.057456,0.016758,-10.30617,-10.306344,-0.001065,-0.00852,0.001065,99371.7,25.7,-0.48317
1781.969759,0.010098,-0.057456,0.002394,-10.301382,-10.301543,0.00426,-0.00426,0.001065,99371.7,25.7,-0.478382
1781.980004,0.010245,-0.1197,0.033516,-10.30617,-10.30692,0.001065,-0.00639,0.003195,99371.7,25.7,-0.48317
1781.991701,0.011697,-0.081396,-0.052668,-10.25829,-10.258748,0.00213,-0.005325,0.00426,99371.7,25.7,-0.43529
1782.002395,0.010694,-0.093366,-0.009576,-10.27026,-10.270689,0.00213,-0.00426,0.00213,99371.14,25.7,-0.44726
1782.013689,0.011294,-0.093366,-0.007182,-10.25829,-10.258717,0.00426,-0.00426,0.001065,99371.14,25.7,-0.43529
1782.024814,0.011126,-0.117306,-0.002394,-10.248714,-10.249386,0.00213,-0.003195,0.003195,99371.14,25.7,-0.425714
1782.035986,0.011172,-0.079002,0.01197,-10.236744,-10.237056,0,-0.007455,0.001065,99371.14,25.7,-0.413744
1782.047163,0.011177,-0.050274,-0.038304,-10.251108,-10.251303,0.001065,-0.00426,0.00213,99371.14,25.7,-0.428108
1782.058924,0.01176,-0.112518,0.019152,-10.24632,-10.246956,0.00213,-0.007455,0.00426,99371.14,25.7,-0.42332
1782.069435,0.010511,-0.052668,-0.01197,-10.22238,-10.222523,0.001065,-0.003195,0.003195,99371.14,25.7,-0.39938
1782.080601,0.011166,-0.098154,-0.004788,-10.205622,-10.206095,0,-0.007455,0.001065,99371.14,25.7,-0.382622
1782.091871,0.01127,-0.081396,0.01197,-10.236744,-10.237075,0.001065,-0.005325,0.003195,99371.14,25.7,-0.413744
1782.103026,0.011156,-0.086184,0.031122,-10.188864,-10.189276,0,-0.007455,0,99371.14,25.7,-0.365864
1782.114611,0.011584,-0.067032,0.01197,-10.18647,-10.186698,0.001065,-0.00852,0.00213,99371.14,25.7,-0.36347
1782.125878,0.011267,-0.102942,0.004788,-10.1745,-10.175022,0.001065,-0.003195,0.003195,99370.6,25.7,-0.3515
1782.137173,0.011295,-0.093366,0.031122,-10.196046,-10.196521,0,-0.005325,0.00213,99370.6,25.7,-0.373046
1782.148313,0.01114,-0.08379,0.069426,-10.152954,-10.153537,0.003195,-0.005325,0.00213,99370.6,25.7,-0.329954
1782.158404,0.010091,-0.055062,0.016758,-10.188864,-10.189027,0.00213,-0.00426,0.001065,99370.6,25.7,-0.365864
1782.170076,0.011673,-0.07182,0.002394,-10.169712,-10.169966,0.001065,-0.00639,0.00213,99370.6,25.7,-0.346712
1782.181407,0.011331,-0.090972,0.04788,-10.155348,-10.155868,0.001065,-0.007455,0.001065,99370.6,25.7,-0.332348
1782.192505,0.011098,-0.098154,-0.021546,-10.157742,-10.158239,0.00213,-0.00639,0.001065,99369.94,25.7,-0.334742
1782.203697,0.011192,-0.07182,0.031122,-10.140984,-10.141286,-0.001065,-0.007455,0.003195,99369.94,25.7,-0.317984
1782.214934,0.011238,-0.086184,0.002394,-10.148166,-10.148532,0.003195,-0.00852,0.001065,99369.94,25.7,-0.325166
1782.226,0.011066,-0.074214,0.043092,-10.184076,-10.184438,0.001065,-0.00639,0.003195,99369.94,25.7,-0.361076
1782.237209,0.011209,-0.088578,-0.021546,-10.119438,-10.119849,0.00426,-0.00639,0.001065,99369.94,25.7,-0.296438
1782.248409,0.0112,-0.08379,0.01197,-10.145772,-10.146125,0.00213,-0.00639,0.001065,99369.94,25.7,-0.322772
1782.259626,0.011217,-0.055062,-0.01197,-10.129014,-10.129171,0.00213,-0.00639,0.001065,99369.22,25.7,-0.306014
1782.27078,0.011153,-0.07182,0.016758,-10.107468,-10.107737,0.003195,-0.005325,0.00213,99369.22,25.7,-0.284468
1782.281952,0.011172,-0.07182,-0.043092,-10.11465,-10.114997,0.001065,-0.00426,-0.001065,99369.22,25.7,-0.29165
1782.293115,0.011163,-0.076608,0.026334,-10.105074,-10.105399,0.001065,-0.005325,0.00213,99369.22,25.7,-0.282074
1782.304295,0.01118,-0.064638,-0.01197,-10.10268,-10.102894,0.00213,-0.005325,0.00426,99369.22,25.7,-0.27968
1782.31575,0.011456,-0.074214,-0.009576,-10.09071,-10.090987,0,-0.005325,0,99368.54,25.7,-0.26771
1782.326694,0.010943,-0.067032,-0.019152,-10.064376,-10.064617,0.001065,-0.005325,0.003195,99368.54,25.7,-0.241376
1782.33787,0.011176,-0.079002,-0.009576,-10.088316,-10.08863,0.003195,-0.00639,0.00213,99368.54,25.7,-0.265316
1782.349041,0.011171,-0.090972,-0.009576,-10.085922,-10.086337,-0.001065,-0.005325,0.00426,99368.54,25.7,-0.262922
1782.360246,0.011205,-0.081396,-0.02394,-10.06677,-10.067128,0.001065,-0.00426,0.00213,99368.54,25.7,-0.24377
1782.37153,0.011285,-0.057456,-0.028728,-10.085922,-10.086127,0.00213,-0.00639,0,99368.54,25.7,-0.262922
1782.382656,0.011126,-0.10773,-0.009576,-10.07874,-10.07932,0.00213,-0.005325,0.00213,99368.54,25.7,-0.25574
1782.393832,0.011176,-0.069426,-0.014364,-10.064376,-10.064626,0.001065,-0.007455,0.00426,99368.54,25.7,-0.241376
1782.404965,0.011133,-0.093366,0.007182,-10.016496,-10.016934,0.00213,-0.00213,0.00426,99368.54,25.7,-0.193496
1782.416168,0.011203,-0.067032,0.014364,-10.069164,-10.069397,0.00213,-0.003195,0.001065,99368.54,25.7,-0.246164
1782.427577,0.011409,-0.102942,0.01197,-10.073952,-10.074485,0.001065,-0.005325,0.001065,99368.54,25.7,-0.250952
1782.438644,0.011067,-0.110124,0.031122,-10.04283,-10.043482,0.00213,-0.005325,0.003195,99368.54,25.7,-0.21983
1782.449695,0.011051,-0.08379,0.045486,-10.023678,-10.024131,0,-0.00426,0.001065,99367.9,25.7,-0.200678
1782.460872,0.011177,-0.088578,0.031122,-10.014102,-10.014542,0,-0.005325,0.00426,99367.9,25.7,-0.191102
1782.472091,0.011219,-0.090972,0.021546,-10.047618,-10.048053,0.00213,-0.007455,0.003195,99367.9,25.7,-0.224618
1782.483338,0.011247,-0.09576,0.040698,-10.011708,-10.012249,0.001065,-0.003195,0.001065,99367.9,25.7,-0.188708
1782.4946,0.011262,-0.069426,0.038304,-10.021284,-10.021598,0.003195,-0.005325,-0.001065,99367.9,25.7,-0.198284
1782.505617,0.011017,-0.126882,0.062244,-10.021284,-10.02228,0,-0.00639,0.003195,99367.05,25.7,-0.198284
1782.51684,0.011223,-0.076608,0.069426,-10.01889,-10.019423,0.00213,-0.005325,0,99367.05,25.7,-0.19589
1782.528016,0.011177,-0.090972,0.02394,-9.987768,-9.988211,0.001065,-0.00639,0.001065,99367.05,25.7,-0.164768
1782.539324,0.011308,-0.081396,0.02394,-10.033254,-10.033613,0.003195,-0.00639,0,99367.05,25.7,-0.210254
1782.550412,0.011087,-0.064638,0.033516,-9.97101,-9.971276,0.001065,-0.005325,-0.001065,99367.05,25.7,-0.14801
1782.561595,0.011183,-0.052668,-0.009576,-9.975798,-9.975942,0.00213,-0.00639,0.00213,99367.05,25.7,-0.152798
1782.572756,0.011161,-0.069426,0.016758,-10.004526,-10.004781,0.00213,-0.00639,0,99366.24,25.7,-0.181526
1782.58403,0.011274,-0.086184,-0.009576,-9.97101,-9.971387,-0.00213,-0.007455,0,99366.24,25.7,-0.14801
1782.595304,0.011274,-0.062244,-0.050274,-9.951858,-9.95218,0,-0.00426,0.001065,99366.24,25.7,-0.128858
1782.606368,0.011064,-0.045486,-0.004788,-9.968616,-9.968721,0.00213,-0.00639,0.00426,99366.24,25.7,-0.145616
1782.61751,0.011142,-0.028728,-0.055062,-9.956646,-9.95684,0.00213,-0.003195,0.00213,99366.24,25.7,-0.133646
1782.62873,0.01122,-0.067032,-0.021546,-9.98298,-9.983228,0.00213,-0.00426,0.00426,99366.24,25.7,-0.15998
1782.640073,0.011343,-0.064638,-0.045486,-9.918342,-9.918657,0,-0.005325,0.005325,99365.38,25.7,-0.095342
1782.651083,0.01101,-0.074214,-0.064638,-9.915948,-9.916436,0.00426,-0.005325,0.00426,99365.38,25.7,-0.092948
1782.662232,0.011149,-0.08379,-0.019152,-9.956646,-9.957017,-0.003195,-0.009585,0.003195,99365.38,25.7,-0.133646
1782.673396,0.011165,-0.088578,-0.02394,-9.91116,-9.911585,0.001065,-0.00426,0.00213,99365.38,25.7,-0.08816
1782.684606,0.01121,-0.062244,-0.028728,-9.951858,-9.952094,0.001065,-0.009585,0.00426,99365.38,25.7,-0.128858
1782.695982,0.011376,-0.10773,0.016758,-9.9351,-9.935698,0.001065,-0.00426,0.005325,99365.38,25.7,-0.1121
1782.706973,0.010991,-0.067032,-0.016758,-9.892008,-9.892249,0.001065,-0.003195,0.00213,99365.38,25.7,-0.069008
1782.718224,0.011251,-0.064638,0.026334,-9.92313,-9.923375,0.003195,-0.00639,0.00639,99365.38,25.7,-0.10013
1782.72933,0.011106,-0.081396,0.014364,-9.91116,-9.911505,0.00213,-0.003195,0.00213,99365.38,25.7,-0.08816
1782.740509,0.011179,-0.074214,0.016758,-9.860886,-9.86118,0.001065,-0.00639,0.003195,99365.38,25.7,-0.037886
1782.751765,0.011255,-0.098154,0.045486,-9.906372,-9.906963,0.001065,-0.005325,0.001065,99365.38,25.7,-0.083372
1782.762941,0.011176,-0.079002,0.043092,-9.87525,-9.87566,0.00213,-0.00426,0.001065,99364.61,25.7,-0.05225
1782.774194,0.011253,-0.086184,0.040698,-9.877644,-9.878104,0.00426,-0.005325,0.00213,99364.61,25.7,-0.054644
1782.785239,0.011045,-0.088578,0.079002,-9.83934,-9.840056,0.001065,-0.00852,0.001065,99364.61,25.7,-0.01634
1782.796508,0.011269,-0.1197,0.064638,-9.88722,-9.888156,0.001065,-0.00639,0,99364.61,25.7,-0.06422
1782.807879,0.011371,-0.052668,0.062244,-9.82737,-9.827708,0.003195,-0.003195,0,99364.61,25.7,-0.00437
1782.818926,0.011047,-0.074214,0.050274,-9.820188,-9.820597,0,-0.00426,0,99364.61,25.7,0.002812
1782.830029,0.011103,-0.069426,0.03591,-9.832158,-9.832469,0.00213,-0.00639,0,99363.77,25.7,-0.009158
1782.841186,0.011157,-0.057456,0,-9.85131,-9.851478,0,-0.00426,0,99363.77,25.7,-0.02831
1782.852368,0.011182,-0.076608,0.004788,-9.834552,-9.834852,0.001065,-0.00639,-0.001065,99363.77,25.7,-0.011552
1782.863592,0.011224,-0.050274,-0.031122,-9.79146,-9.791639,0.003195,-0.005325,0.001065,99363.77,25.7,0.03154
1782.874852,0.01126,-0.09576,-0.021546,-9.834552,-9.835042,0.003195,-0.00852,0.001065,99363.77,25.7,-0.011552
1782.885891,0.011039,-0.03591,-0.014364,-9.796248,-9.796324,0.001065,-0.003195,0,99362.83,25.7,0.026752
1782.897138,0.011247,-0.098154,-0.050274,-9.846522,-9.84714,0.00213,-0.007455,0,99362.83,25.7,-0.023522
1782.908287,0.011149,-0.05985,-0.043092,-9.798642,-9.79892,0.00213,-0.00426,0.00213,99362.83,25.7,0.024358
1782.91948,0.011193,-0.081396,-0.033516,-9.798642,-9.799037,0,-0.005325,0.001065,99362.83,25.7,0.024358
1782.930663,0.011183,-0.062244,-0.05985,-9.813006,-9.813386,0.001065,-0.00426,0.00213,99362.83,25.7,0.009994
1782.941846,0.011183,-0.069426,-0.033516,-9.80343,-9.803733,0.001065,-0.00639,0.001065,99362.83,25.7,0.01957
1782.953069,0.011224,-0.081396,-0.045486,-9.76752,-9.767965,0.001065,-0.003195,0.003195,99362.06,25.7,0.05548
1782.964257,0.011188,-0.093366,0.021546,-9.813006,-9.813474,0.00213,-0.00852,0.003195,99362.06,25.7,0.009994
1782.975491,0.011233,-0.08379,-0.026334,-9.777096,-9.77749,0.00213,-0.005325,0.00426,99362.06,25.7,0.045904
1782.986613,0.011122,-0.102942,-0.009576,-9.745974,-9.746522,0,-0.00426,0.005325,99362.06,25.7,0.077026
1782.997805,0.011193,-0.102942,0.04788,-9.738792,-9.739454,0.00213,-0.005325,0.00213,99362.06,25.7,0.084208
1783.008998,0.011193,-0.122094,0.050274,-9.77949,-9.780381,0.001065,-0.007455,0.005325,99362.06,25.7,0.04351
1783.020357,0.011359,-0.050274,0.026334,-9.734004,-9.734169,0.001065,-0.003195,0.001065,99362.06,25.7,0.088996
1783.031344,0.010987,-0.074214,0.038304,-9.753156,-9.753514,0.00213,-0.005325,0.00213,99362.06,25.7,0.069844
1783.042519,0.011175,-0.086184,0.045486,-9.772308,-9.772794,0.00426,-0.005325,0.003195,99362.06,25.7,0.050692
1783.053684,0.011165,-0.074214,0.045486,-9.712458,-9.712848,0.001065,-0.00852,0.001065,99362.06,25.7,0.110542
1783.0649,0.011216,-0.055062,0.081396,-9.760338,-9.760833,0.00213,-0.00426,0,99362.06,25.7,0.062662
1783.076348,0.011448,-0.07182,0.040698,-9.738792,-9.739142,0.003195,-0.00639,0,99361.28,25.7,0.084208
1783.087247,0.0109,-0.081396,0.062244,-9.717246,-9.717786,0.001065,-0.00639,0,99361.28,25.7,0.105754
1783.098443,0.011195,-0.05985,0.04788,-9.71964,-9.719942,0,-0.003195,0,99361.28,25.7,0.10336
1783.10959,0.011148,-0.076608,0.031122,-9.722034,-9.722386,0.00213,-0.005325,0,99361.28,25.7,0.100966
1783.120773,0.011182,-0.074214,0.02394,-9.710064,-9.710377,0.001065,-0.00639,-0.001065,99361.28,25.7,0.112936
1783.132125,0.011352,-0.067032,0.050274,-9.712458,-9.712819,0.00213,-0.003195,-0.001065,99361.28,25.7,0.110542
1783.143345,0.01122,-0.064638,0.007182,-9.700488,-9.700706,-0.001065,-0.00426,-0.001065,99360.35,25.7,0.122512
1783.154436,0.011091,-0.050274,-0.031122,-9.710064,-9.710244,0.001065,-0.005325,0.001065,99360.35,25.7,0.112936
1783.165562,0.011126,-0.105336,0.007182,-9.688518,-9.689093,0.00426,-0.005325,0.00213,99360.35,25.7,0.134482
1783.176731,0.011168,-0.055062,-0.069426,-9.714852,-9.715256,0.001065,-0.003195,0.00213,99360.35,25.7,0.108148
1783.18796,0.011229,-0.10773,-0.038304,-9.669366,-9.670042,0,-0.007455,0.001065,99360.35,25.7,0.153634
1783.198095,0.010134,-0.07182,-0.019152,-9.686124,-9.686409,0.001065,-0.005325,0.00213,99360.35,25.7,0.136876
1783.208215,0.010121,-0.076608,-0.03591,-9.688518,-9.688887,0.003195,-0.00426,0.00213,99359.41,25.7,0.134482
1783.218317,0.010101,-0.086184,-0.067032,-9.65979,-9.660407,0.00213,-0.005325,0.00213,99359.41,25.7,0.16321
1783.228423,0.010107,-0.079002,-0.045486,-9.652608,-9.653038,0.003195,-0.005325,0.00213,99359.41,25.7,0.170392
1783.238512,0.010089,-0.086184,-0.057456,-9.645426,-9.645982,0.001065,-0.00426,0.00213,99359.41,25.7,0.177574
1783.248623,0.010111,-0.074214,-0.016758,-9.61191,-9.612211,-0.001065,-0.00426,0.003195,99359.41,25.7,0.21109
1783.258725,0.010102,-0.05985,-0.021546,-9.67176,-9.671969,0.001065,-0.005325,0.00213,99359.41,25.7,0.15124
1783.26883,0.010105,-0.079002,0,-9.62388,-9.624204,0.00213,-0.00639,0.00639,99358.42,25.7,0.19912
1783.278953,0.010123,-0.088578,0.02394,-9.640638,-9.641075,0.001065,-0.005325,0.003195,99358.42,25.7,0.182362
1783.289395,0.010442,-0.100548,0.040698,-9.614304,-9.614916,0.001065,-0.005325,0,99358.42,25.7,0.208696
1783.299516,0.010121,-0.074214,0.055062,-9.616698,-9.617142,0.003195,-0.005325,0.00213,99358.42,25.7,0.206302
1783.30961,0.010094,-0.079002,0.04788,-9.590364,-9.590809,0.00213,-0.005325,0.00213,99358.42,25.7,0.232636
1783.319698,0.010088,-0.105336,0.074214,-9.59994,-9.600805,0.00213,-0.00852,-0.001065,99358.42,25.7,0.22306
1783.329898,0.0102,-0.076608,0.074214,-9.59994,-9.600533,0.003195,-0.001065,0.003195,99358.42,25.7,0.22306
1783.340039,0.010141,-0.09576,0.028728,-9.63585,-9.636369,0.00213,-0.007455,-0.001065,99358.42,25.7,0.18715
1783.350232,0.010192,-0.067032,0.052668,-9.604728,-9.605106,0.00213,-0.005325,-0.001065,99358.42,25.7,0.218272
1783.360314,0.010083,-0.09576,0.069426,-9.607122,-9.60785,0.00213,-0.005325,-0.00213,99358.42,25.7,0.215878
1783.370403,0.010089,-0.076608,0.02394,-9.604728,-9.605063,0.00213,-0.005325,0.001065,99358.42,25.7,0.218272
1783.380496,0.010092,-0.090972,0.031122,-9.616698,-9.617179,0.001065,-0.00852,0.001065,99358.42,25.7,0.206302
1783.390815,0.01032,-0.040698,0.007182,-9.56403,-9.564119,0.001065,-0.003195,0.00213,99358.42,25.7,0.25897
1783.401443,0.010627,-0.086184,0.002394,-9.621486,-9.621872,0,-0.005325,-0.00213,99357.58,25.7,0.201514
1783.411533,0.01009,-0.076608,0.007182,-9.571212,-9.571521,0.001065,-0.005325,0,99357.58,25.7,0.251788
1783.421631,0.010098,-0.052668,-0.007182,-9.542484,-9.542632,0,-0.005325,0.00213,99357.58,25.7,0.280516
1783.431711,0.010081,-0.05985,-0.009576,-9.583182,-9.583374,0.001065,-0.003195,0.001065,99357.58,25.7,0.239818
1783.441795,0.010083,-0.067032,-0.040698,-9.559242,-9.559564,0.00213,-0.007455,0.00213,99357.58,25.7,0.263758
1783.451918,0.010124,-0.067032,-0.03591,-9.547272,-9.547575,0.001065,-0.007455,0.00213,99357.58,25.7,0.275728
1783.462081,0.010163,-0.043092,-0.009576,-9.499392,-9.499495,0.00213,-0.00426,0.00213,99356.48,25.7,0.323608
1783.472167,0.010085,-0.08379,-0.026334,-9.554454,-9.554858,-0.003195,-0.00639,0,99356.48,25.7,0.268546
1783.48225,0.010083,-0.033516,-0.040698,-9.518544,-9.51869,0.003195,-0.00639,0.003195,99356.48,25.7,0.304456
1783.492387,0.010138,-0.074214,-0.004788,-9.494604,-9.494895,0.00213,-0.00426,0.005325,99356.48,25.7,0.328396
1783.502473,0.010085,-0.076608,-0.03591,-9.496998,-9.497375,0.00213,-0.005325,0.00426,99356.48,25.7,0.326002
1783.512563,0.01009,-0.079002,-0.028728,-9.513756,-9.514127,0.005325,-0.00639,0.003195,99356.48,25.7,0.309244
1783.522736,0.010173,-0.052668,-0.002394,-9.499392,-9.499538,-0.001065,-0.003195,0.00213,99355.47,25.7,0.323608
1783.532826,0.01009,-0.057456,0.002394,-9.499392,-9.499566,0.001065,-0.00639,0.00213,99355.47,25.7,0.323608
1783.542909,0.010082,-0.08379,0.062244,-9.489816,-9.49039,0.003195,-0.00639,0.001065,99355.47,25.7,0.333184
1783.552994,0.010086,-0.079002,0.019152,-9.487422,-9.48777,0,-0.005325,0,99355.47,25.7,0.335578
1783.563093,0.010099,-0.102942,0.064638,-9.482634,-9.483413,0.003195,-0.00426,0.00213,99355.47,25.7,0.340366
1783.573174,0.010081,-0.076608,0.028728,-9.458694,-9.459048,0,-0.00639,0,99355.47,25.7,0.364306
1783.583262,0.010088,-0.112518,0.079002,-9.48024,-9.481237,0.00213,-0.00852,0,99354.35,25.7,0.34276
1783.593354,0.010092,-0.09576,0.079002,-9.446724,-9.44754,0.001065,-0.00426,0.001065,99354.35,25.7,0.376276
1783.603463,0.010109,-0.07182,0.028728,-9.44433,-9.444647,0.00213,-0.00639,0.001065,99354.35,25.7,0.37867
1783.613562,0.010098,-0.055062,0.02394,-9.46827,-9.46846,0.00213,-0.00639,0.001065,99354.35,25.7,0.35473
1783.624154,0.010593,-0.062244,0.090972,-9.465876,-9.466518,0.003195,-0.005325,0.001065,99354.35,25.7,0.357124
1783.635404,0.011249,-0.043092,0.031122,-9.49221,-9.492359,0.001065,-0.007455,0,99354.35,25.7,0.33079
1783.64656,0.011156,-0.081396,0.033516,-9.42039,-9.420801,0.003195,-0.00639,-0.001065,99354.35,25.7,0.40261
1783.657655,0.011095,-0.04788,0.040698,-9.446724,-9.446933,-0.001065,-0.00426,0,99354.35,25.7,0.376276
1783.668846,0.011191,-0.055062,0.002394,-9.458694,-9.458855,0.001065,-0.00639,0.00426,99354.35,25.7,0.364306
1783.680069,0.011222,-0.074214,0,-9.410814,-9.411107,0.003195,-0.005325,0,99354.35,25.7,0.412186
1783.691268,0.011199,-0.079002,-0.004788,-9.441936,-9.442268,0.001065,-0.00426,-0.00213,99354.35,25.7,0.381064
1783.702495,0.011226,-0.088578,-0.01197,-9.449118,-9.449541,0.003195,-0.00426,0.001065,99354.35,25.7,0.373882
1783.713608,0.011114,-0.050274,-0.002394,-9.40842,-9.408555,0.005325,-0.005325,0.00213,99353.33,25.7,0.41458
1783.724746,0.011137,-0.08379,-0.016758,-9.40842,-9.408808,0.00213,-0.00426,0.001065,99353.33,25.7,0.41458
1783.735994,0.011248,-0.098154,-0.009576,-9.410814,-9.411331,0.003195,-0.00639,0.00213,99353.33,25.7,0.412186
1783.747172,0.011178,-0.081396,0.004788,-9.406026,-9.406379,0.001065,-0.00426,0.003195,99353.33,25.7,0.416974
1783.758337,0.011165,-0.08379,-0.021546,-9.365328,-9.365728,0.003195,-0.00639,0.001065,99353.33,25.7,0.457672
1783.769582,0.011245,-0.086184,0.019152,-9.341388,-9.341805,0.003195,-0.003195,0.001065,99353.33,25.7,0.481612
1783.780686,0.011104,-0.081396,-0.007182,-9.37251,-9.372866,0.001065,-0.00213,0.00213,99352.15,25.7,0.45049
1783.791951,0.011265,-0.086184,-0.01197,-9.374904,-9.375308,0.00213,-0.00639,0.003195,99352.15,25.7,0.448096
1783.803056,0.011105,-0.067032,0.019152,-9.353358,-9.353618,-0.001065,-0.00426,0.00213,99352.15,25.7,0.469642
1783.814357,0.011301,-0.052668,0.021546,-9.331812,-9.331985,0,-0.00639,0.003195,99352.15,25.7,0.491188
1783.825415,0.011059,-0.076608,-0.014364,-9.338994,-9.339319,0.00213,-0.00426,0.003195,99352.15,25.7,0.484006
1783.836697,0.011281,-0.08379,0.02394,-9.358146,-9.358552,0.00213,-0.005325,0.003195,99351.31,25.7,0.464854
1783.847851,0.011155,-0.062244,0.004788,-9.343782,-9.343991,-0.001065,-0.003195,0.005325,99351.31,25.7,0.479218
1783.858999,0.011148,-0.081396,-0.002394,-9.319842,-9.320198,0,-0.005325,0,99351.31,25.7,0.503158
1783.870283,0.011284,-0.062244,0.01197,-9.355752,-9.355967,0,-0.005325,0.00213,99351.31,25.7,0.467248
1783.881402,0.011118,-0.07182,0.016758,-9.3366,-9.336891,0.001065,-0.00852,0.00213,99351.31,25.7,0.4864
1783.892514,0.011112,-0.050274,-0.01197,-9.317448,-9.317591,0.001065,-0.00639,0.001065,99351.31,25.7,0.505552
1783.903764,0.01125,-0.055062,0.002394,-9.322236,-9.322399,0,-0.005325,0,99350.32,25.7,0.500764
1783.91501,0.011246,-0.088578,0.040698,-9.293508,-9.294019,0.00213,-0.009585,0.003195,99350.32,25.7,0.529492
1783.926217,0.011206,-0.057456,0.009576,-9.322236,-9.322418,0.00213,-0.00426,0.001065,99350.32,25.7,0.500764
1783.937361,0.011144,-0.045486,0.031122,-9.30069,-9.300853,0.00426,-0.00639,0.00426,99350.32,25.7,0.52231
1783.94843,0.011069,-0.064638,0.021546,-9.303084,-9.303333,0.003195,-0.00213,0.00213,99350.32,25.7,0.519916
1783.959699,0.011269,-0.043092,0.050274,-9.305478,-9.305714,0.003195,-0.005325,0,99350.32,25.7,0.517522
1783.970848,0.011148,-0.081396,0.050274,-9.305478,-9.30597,0.001065,-0.00426,0.003195,99350.32,25.7,0.517522
1783.98211,0.011263,-0.081396,0.052668,-9.315054,-9.315559,0.00213,-0.005325,0.001065,99350.32,25.7,0.507946
1783.993241,0.01113,-0.081396,0.028728,-9.341388,-9.341787,0.003195,-0.005325,0.00426,99350.32,25.7,0.481612
1784.004355,0.011115,-0.05985,0.045486,-9.341388,-9.34169,0.00213,-0.003195,0.00213,99350.32,25.7,0.481612
1784.015613,0.011258,-0.081396,-0.002394,-9.334206,-9.334561,0.003195,-0.005325,0.00213,99350.32,25.7,0.488794
1784.026739,0.011126,-0.093366,0.040698,-9.322236,-9.322792,0.00426,-0.007455,0.00426,99349.33,25.7,0.500764
1784.037923,0.011184,-0.069426,0.01197,-9.303084,-9.303351,0,-0.005325,0.00213,99349.33,25.7,0.519916
1784.049185,0.011262,-0.093366,-0.01197,-9.3366,-9.337074,0.003195,-0.00639,0.001065,99349.33,25.7,0.4864
1784.060275,0.01109,-0.055062,0.009576,-9.343782,-9.343949,0.001065,-0.007455,0,99349.33,25.7,0.479218
1784.071498,0.011223,-0.090972,0.009576,-9.32463,-9.325079,0.001065,-0.007455,0.00213,99349.33,25.7,0.49837
1784.082695,0.011197,-0.038304,-0.033516,-9.346176,-9.346315,0.001065,-0.003195,0.001065,99349.33,25.7,0.476824
1784.093951,0.011256,-0.074214,0.002394,-9.31266,-9.312956,-0.001065,-0.005325,-0.001065,99348.39,25.7,0.51034
1784.105117,0.011165,-0.055062,-0.057456,-9.315054,-9.315394,0.00426,-0.00639,0.001065,99348.39,25.7,0.507946
1784.116325,0.011208,-0.067032,-0.028728,-9.315054,-9.315339,0.00213,-0.003195,0.001065,99348.39,25.7,0.507946
1784.127445,0.01112,-0.069426,-0.007182,-9.327024,-9.327285,0,-0.00426,0.00426,99348.39,25.7,0.495976
1784.138701,0.011256,-0.052668,-0.033516,-9.32463,-9.324839,0.003195,-0.00639,0.001065,99348.39,25.7,0.49837
1784.149821,0.01112,-0.08379,-0.031122,-9.350964,-9.351391,0.00213,-0.005325,0.00213,99348.39,25.7,0.472036
1784.161037,0.011216,-0.067032,0.014364,-9.329418,-9.32967,0.001065,-0.00426,0.001065,99347.37,25.7,0.493582
1784.17218,0.011143,-0.021546,-0.004788,-9.32463,-9.324656,0.00213,-0.00639,0.00213,99347.37,25.7,0.49837
1784.183437,0.011258,-0.062244,0.002394,-9.317448,-9.317656,0.00213,-0.005325,0.001065,99347.37,25.7,0.505552
1784.194685,0.011247,-0.086184,0.02394,-9.3366,-9.337028,0,-0.00639,0.001065,99347.37,25.7,0.4864
1784.205725,0.011041,-0.064638,-0.009576,-9.370116,-9.370344,0.00213,-0.00426,0.003195,99347.37,25.7,0.452884
1784.216988,0.011263,-0.04788,0.009576,-9.31266,-9.312788,0.00213,-0.005325,0.001065,99346.51,25.7,0.51034
1784.228077,0.011088,-0.04788,-0.007182,-9.343782,-9.343907,0.001065,-0.00426,0.001065,99346.51,25.7,0.479218
1784.239302,0.011225,-0.08379,0.064638,-9.32463,-9.32523,0,-0.009585,0.003195,99346.51,25.7,0.49837
1784.250581,0.011279,-0.045486,0.045486,-9.310266,-9.310488,0.003195,-0.00426,0.00213,99346.51,25.7,0.512734
1784.261713,0.011132,-0.07182,0.019152,-9.319842,-9.320138,0.00213,-0.005325,0.00213,99346.51,25.7,0.503158
1784.272996,0.011283,-0.067032,0.064638,-9.334206,-9.33467,0.00213,-0.00426,0.00213,99346.51,25.7,0.488794
1784.284025,0.011028,-0.05985,0.02394,-9.31266,-9.312883,0.001065,-0.003195,0.001065,99346.51,25.7,0.51034
1784.295335,0.011311,-0.067032,0.045486,-9.341388,-9.341739,0.001065,-0.005325,0.001065,99346.51,25.7,0.481612
1784.306402,0.011067,-0.043092,0.021546,-9.32463,-9.324754,0.003195,-0.003195,0.003195,99346.51,25.7,0.49837
1784.317562,0.011159,-0.117306,0.057456,-9.3366,-9.337514,0.00213,-0.00426,0.00213,99346.51,25.7,0.4864
1784.328789,0.011228,-0.076608,0.021546,-9.305478,-9.305818,0.00213,-0.00639,0.00213,99346.51,25.7,0.517522
1784.339948,0.011159,-0.057456,0.021546,-9.307872,-9.308074,0.003195,-0.00639,0.00213,99345.48,25.7,0.515128
1784.351127,0.011179,-0.052668,-0.026334,-9.331812,-9.331998,0.00426,-0.003195,0.003195,99345.48,25.7,0.491188
1784.362296,0.011169,-0.079002,0.040698,-9.331812,-9.332235,0,-0.00426,0.003195,99345.48,25.7,0.491188
1784.373549,0.011252,-0.055062,0,-9.331812,-9.331974,0,-0.003195,0.001065,99345.48,25.7,0.491188
1784.384647,0.011099,-0.074214,0,-9.315054,-9.31535,0.00213,-0.005325,0.00213,99345.48,25.7,0.507946
1784.395905,0.011257,-0.031122,0.009576,-9.317448,-9.317505,0.00213,-0.00426,0.001065,99345.48,25.7,0.505552
1784.40709,0.011185,-0.090972,-0.002394,-9.350964,-9.351407,-0.001065,-0.001065,0,99344.59,25.7,0.472036
1784.418288,0.011198,-0.081396,0.002394,-9.315054,-9.31541,0.003195,-0.005325,0.00213,99344.59,25.7,0.507946
1784.429372,0.011083,-0.09576,-0.002394,-9.322236,-9.322728,0.00213,-0.003195,0.001065,99344.59,25.7,0.500764
1784.440572,0.011201,-0.074214,-0.01197,-9.3366,-9.336903,0,-0.007455,0.00213,99344.59,25.7,0.4864
1784.4518,0.011228,-0.055062,0,-9.322236,-9.322399,0.00213,-0.00426,0.003195,99344.59,25.7,0.500764
1784.463029,0.011229,-0.074214,-0.028728,-9.322236,-9.322576,0.00213,-0.00426,0,99344.59,25.7,0.500764
1784.474243,0.011214,-0.093366,-0.009576,-9.346176,-9.346647,0.00213,-0.00426,0.001065,99343.67,25.7,0.476824
1784.485324,0.01108,-0.112518,0.038304,-9.315054,-9.315812,0,-0.007455,0,99343.67,25.7,0.507946
1784.496544,0.011221,-0.04788,-0.009576,-9.319842,-9.31997,0.001065,-0.00426,0.001065,99343.67,25.7,0.503158
1784.506639,0.010095,-0.062244,0.002394,-9.315054,-9.315262,0.001065,-0.00639,0.00213,99343.67,25.7,0.507946
1784.516759,0.01012,-0.076608,0.045486,-9.362934,-9.363358,0.003195,-0.00639,0.003195,99343.67,25.7,0.460066
1784.526864,0.010105,-0.069426,0.016758,-9.3366,-9.336873,0.001065,-0.003195,0,99343.67,25.7,0.4864
1784.536989,0.010125,-0.088578,0.021546,-9.338994,-9.339439,0.001065,-0.00852,0.001065,99342.88,25.7,0.484006
1784.547105,0.010116,-0.098154,0.03591,-9.338994,-9.339579,0.003195,-0.005325,0.003195,99342.88,25.7,0.484006
1784.557193,0.010089,-0.064638,-0.004788,-9.331812,-9.332037,0.001065,-0.00426,-0.001065,99342.88,25.7,0.491188
1784.56731,0.010117,-0.07182,0.038304,-9.3366,-9.336955,0.001065,-0.00426,0.001065,99342.88,25.7,0.4864
1784.577415,0.010105,-0.08379,0.04788,-9.3366,-9.337099,0.003195,-0.00426,0.001065,99342.88,25.7,0.4864
1784.587597,0.010182,-0.052668,0.033516,-9.310266,-9.310475,0.00213,-0.00426,0.00213,99342.88,25.7,0.512734
1784.597882,0.010285,-0.057456,0.009576,-9.315054,-9.315236,-0.001065,-0.007455,0.00213,99342.88,25.7,0.507946
1784.608049,0.010167,-0.062244,0.01197,-9.353358,-9.353573,0.00213,-0.00213,-0.001065,99342.88,25.7,0.469642
1784.61822,0.010172,-0.069426,0.016758,-9.317448,-9.317722,-0.001065,-0.005325,0.003195,99342.88,25.7,0.505552
1784.628305,0.010084,-0.05985,0.016758,-9.303084,-9.303292,0,-0.00426,0.001065,99342.88,25.7,0.519916
1784.638392,0.010087,-0.07182,-0.016758,-9.341388,-9.341679,0,-0.00639,0,99342.88,25.7,0.481612
1784.648484,0.010092,-0.055062,0.019152,-9.267174,-9.267357,0.00213,-0.005325,0.00213,99342.88,25.7,0.555826
1784.658578,0.010094,-0.064638,-0.026334,-9.307872,-9.308134,0.001065,-0.00426,-0.00213,99341.85,25.7,0.515128
1784.668676,0.010098,-0.076608,0.031122,-9.305478,-9.305845,0.001065,-0.00426,0,99341.85,25.7,0.517522
1784.678782,0.010107,-0.052668,-0.014364,-9.305478,-9.305638,0.001065,-0.00639,0.00213,99341.85,25.7,0.517522
1784.688881,0.010098,-0.067032,0,-9.307872,-9.308113,0.001065,-0.005325,0.00426,99341.85,25.7,0.515128
1784.698984,0.010103,-0.07182,0.009576,-9.283932,-9.284215,0.00213,-0.005325,0.003195,99341.85,25.7,0.539068
1784.709586,0.010602,-0.07182,-0.004788,-9.295902,-9.296181,0.00213,-0.007455,0.001065,99341.85,25.7,0.527098
1784.719685,0.0101,-0.062244,-0.002394,-9.303084,-9.303293,0.00213,-0.00426,0,99341,25.7,0.519916
1784.730305,0.01062,-0.081396,0.016758,-9.331812,-9.332182,0.00426,-0.00639,0.001065,99341,25.7,0.491188
1784.7404,0.010096,-0.076608,-0.007182,-9.307872,-9.30819,0.003195,-0.003195,0,99341,25.7,0.515128
1784.750488,0.010087,-0.079002,0.014364,-9.327024,-9.32737,0.003195,-0.005325,0.00426,99341,25.7,0.495976
1784.760573,0.010086,-0.069426,-0.004788,-9.355752,-9.356011,0.00213,-0.005325,0.003195,99341,25.7,0.467248
1784.770671,0.010098,-0.09576,0.007182,-9.327024,-9.327518,0.001065,-0.00639,0,99341,25.7,0.495976
1784.780764,0.010092,-0.08379,0.026334,-9.32463,-9.325044,0.00426,-0.007455,0.00213,99341,25.7,0.49837
1784.790865,0.010102,-0.07182,-0.004788,-9.305478,-9.305756,-0.001065,-0.00213,0.001065,99340.27,25.7,0.517522
1784.801138,0.010273,-0.086184,0.02394,-9.322236,-9.322665,0.003195,-0.00639,0.001065,99340.27,25.7,0.500764
1784.811243,0.010105,-0.045486,-0.014364,-9.307872,-9.307994,0.00213,-0.007455,0.003195,99340.27,25.7,0.515128
1784.821464,0.010221,-0.067032,0.033516,-9.315054,-9.315355,0.001065,-0.00426,0.001065,99340.27,25.7,0.507946
1784.831553,0.010088,-0.052668,0.002394,-9.317448,-9.317597,0.003195,-0.00426,0.001065,99340.27,25.7,0.505552
1784.841632,0.010079,-0.076608,0.026334,-9.298296,-9.298649,0.003195,-0.007455,0.001065,99340.27,25.7,0.524704
1784.851717,0.010085,-0.088578,0.03591,-9.310266,-9.310757,0.001065,-0.00426,0,99339.49,25.7,0.512734
1784.861832,0.010115,-0.050274,-0.002394,-9.315054,-9.31519,0.00213,-0.00426,0,99339.49,25.7,0.507946
1784.871932,0.0101,-0.100548,0.050274,-9.286326,-9.287006,0.003195,-0.00639,0.00213,99339.49,25.7,0.536674
1784.882022,0.01009,-0.067032,0.007182,-9.355752,-9.355995,0.003195,-0.005325,0.00426,99339.49,25.7,0.467248
1784.892124,0.010102,-0.038304,0.016758,-9.27675,-9.276844,0.00213,-0.007455,0.00213,99339.49,25.7,0.54625
1784.902255,0.010131,-0.04788,0.028728,-9.319842,-9.320009,0.00213,-0.00639,0.001065,99339.49,25.7,0.503158
1784.912362,0.010107,-0.043092,-0.004788,-9.31266,-9.312761,0.00213,-0.003195,0.001065,99339.49,25.7,0.51034
1784.922464,0.010102,-0.055062,-0.014364,-9.341388,-9.341561,0,-0.007455,0.003195,99339.49,25.7,0.481612
1784.932544,0.01008,-0.079002,0.038304,-9.271962,-9.272378,0.003195,-0.007455,0.003195,99339.49,25.7,0.551038
1784.942629,0.010085,-0.052668,0.009576,-9.30069,-9.300844,0.003195,-0.00426,0.001065,99339.49,25.7,0.52231
1784.952707,0.010078,-0.069426,0.004788,-9.310266,-9.310526,0.00213,-0.007455,0.00213,99339.49,25.7,0.512734
1784.962787,0.01008,-0.067032,0.03591,-9.334206,-9.334516,0.003195,-0.00639,0.00426,99339.49,25.7,0.488794
1784.972872,0.010085,-0.067032,0.014364,-9.3366,-9.336852,0.001065,-0.005325,-0.001065,99338.66,25.7,0.4864
1784.98297,0.010098,-0.07182,0.040698,-9.307872,-9.308238,0.003195,-0.005325,0.00213,99338.66,25.7,0.515128
1784.99305,0.01008,-0.057456,0.019152,-9.322236,-9.322433,0,-0.007455,0.005325,99338.66,25.7,0.500764
1785.003158,0.010108,-0.062244,0,-9.319842,-9.32005,0.001065,-0.007455,0.00213,99338.66,25.7,0.503158
1785.013301,0.010143,-0.102942,0.004788,-9.28872,-9.289292,0.003195,-0.005325,-0.001065,99338.66,25.7,0.53428
1785.023399,0.010098,-0.074214,0.019152,-9.343782,-9.344096,0.001065,-0.007455,0.00213,99338.66,25.7,0.479218
1785.033944,0.010545,-0.100548,-0.002394,-9.30069,-9.301234,0.001065,-0.005325,0.001065,99338.66,25.7,0.52231
1785.044574,0.01063,-0.098154,0.009576,-9.338994,-9.339515,0.001065,-0.007455,0.001065,99337.94,25.7,0.484006
1785.054911,0.010336,-0.040698,0.01197,-9.327024,-9.32712,0.003195,-0.00426,0.001065,99337.94,25.7,0.495976
1785.066921,0.01201,-0.076608,0.016758,-9.310266,-9.310596,0.003195,-0.009585,0.003195,99337.94,25.7,0.512734
1785.078115,0.011195,-0.081396,-0.009576,-9.291114,-9.291475,0.00213,-0.00213,-0.001065,99337.94,25.7,0.531886
1785.08937,0.011254,-0.102942,-0.002394,-9.31266,-9.313229,0.00213,-0.00639,0,99337.94,25.7,0.51034
1785.100508,0.011139,-0.069426,0.01197,-9.327024,-9.32729,0.003195,-0.00426,0.00426,99337.28,25.7,0.495976
1785.111702,0.011193,-0.064638,-0.01197,-9.310266,-9.310498,0.001065,-0.00213,-0.001065,99337.28,25.7,0.512734
1785.122847,0.011145,-0.050274,0,-9.303084,-9.30322,0.00213,-0.007455,0.003195,99337.28,25.7,0.519916
1785.134099,0.011252,-0.076608,0.009576,-9.319842,-9.320162,0.00213,-0.005325,0.00213,99337.28,25.7,0.503158
1785.145304,0.011205,-0.07182,-0.026334,-9.31266,-9.312974,0.003195,-0.00639,0.00213,99337.28,25.7,0.51034
1785.156461,0.011157,-0.057456,0.014364,-9.307872,-9.30806,0.001065,-0.00639,0.00213,99337.28,25.7,0.515128
1785.167651,0.01119,-0.062244,0.01197,-9.307872,-9.308088,0.001065,-0.00852,0.00213,99336.6,25.7,0.515128
1785.178816,0.011165,-0.081396,0.019152,-9.353358,-9.353732,0.003195,-0.003195,0.001065,99336.6,25.7,0.469642
1785.190007,0.011191,-0.076608,0.019152,-9.310266,-9.310601,0.00426,-0.005325,0.00213,99336.6,25.7,0.512734
1785.201154,0.011147,-0.067032,0.009576,-9.295902,-9.296149,0,-0.00426,-0.001065,99336.6,25.7,0.527098
1785.212296,0.011142,-0.086184,0.026334,-9.286326,-9.286763,0.00213,-0.005325,0.001065,99336.6,25.7,0.536674
1785.223618,0.011322,-0.062244,0.028728,-9.305478,-9.305731,0,-0.003195,0.001065,99336.6,25.7,0.517522
1785.234796,0.011178,-0.05985,0.014364,-9.329418,-9.329621,0.00213,-0.007455,0.001065,99336.6,25.7,0.493582
1785.245875,0.011078,-0.093366,0.019152,-9.315054,-9.315542,0.00213,-0.00639,0,99336.6,25.7,0.507946
1785.257095,0.01122,-0.093366,0.019152,-9.331812,-9.332299,-0.001065,-0.00639,0.00426,99336.6,25.7,0.491188
1785.268342,0.011247,-0.093366,0.050274,-9.310266,-9.31087,0.001065,-0.00426,0.00426,99336.6,25.7,0.512734
1785.279446,0.011103,-0.079002,0.01197,-9.310266,-9.310609,0.001065,-0.007455,0,99336.6,25.7,0.512734
1785.290639,0.011193,-0.07182,0.026334,-9.315054,-9.315368,0.001065,-0.00639,0,99335.99,25.7,0.507946
1785.30183,0.011191,-0.064638,0.004788,-9.315054,-9.315279,0,-0.00426,-0.001065,99335.99,25.7,0.507946
1785.312948,0.011118,-0.07182,-0.002394,-9.315054,-9.315331,0.003195,-0.00426,0.00213,99335.99,25.7,0.507946
1785.324174,0.011226,-0.079002,0,-9.295902,-9.296238,0.001065,-0.005325,0.00213,99335.99,25.7,0.527098
1785.335472,0.011299,-0.081396,-0.028728,-9.329418,-9.329817,0.00213,-0.005325,0,99335.99,25.7,0.493582
1785.346598,0.011126,-0.105336,0.004788,-9.319842,-9.320438,0.00213,-0.007455,0.00213,99335.99,25.7,0.503158
1785.357785,0.011187,-0.09576,0.007182,-9.319842,-9.320337,0,-0.00426,-0.001065,99335.39,25.7,0.503158
1785.368974,0.011189,-0.07182,-0.009576,-9.322236,-9.322518,0.00213,-0.00639,0.001065,99335.39,25.7,0.500764
1785.380117,0.011143,-0.045486,-0.014364,-9.329418,-9.32954,0,-0.005325,0.00213,99335.39,25.7,0.493582
1785.391295,0.011178,-0.08379,-0.002394,-9.32463,-9.325007,0.003195,-0.00639,0.001065,99335.39,25.7,0.49837
1785.402489,0.011193,-0.057456,-0.019152,-9.346176,-9.346372,0.00213,-0.005325,0.00213,99335.39,25.7,0.476824
1785.413785,0.011296,-0.069426,-0.028728,-9.338994,-9.339296,0,-0.00426,0.001065,99335.39,25.7,0.484006
1785.42484,0.011055,-0.062244,0.007182,-9.329418,-9.329628,0.003195,-0.00852,0.00213,99334.62,25.7,0.493582
1785.436236,0.011396,-0.081396,0.002394,-9.358146,-9.3585,0.003195,-0.00639,0.001065,99334.62,25.7,0.464854
1785.447207,0.010971,-0.064638,0.033516,-9.355752,-9.356035,0.00213,-0.00639,0,99334.62,25.7,0.467248
1785.458494,0.011287,-0.081396,0.009576,-9.353358,-9.353717,0.003195,-0.00426,0.00213,99334.62,25.7,0.469642
1785.469632,0.011138,-0.081396,0.050274,-9.379692,-9.38018,0.001065,-0.00639,0.003195,99334.62,25.7,0.443308
1785.480778,0.011145,-0.064638,0.016758,-9.370116,-9.370354,0.00213,-0.00639,0.001065,99334.08,25.7,0.452884
1785.492099,0.011321,-0.031122,0.033516,-9.39645,-9.396561,0,-0.007455,0.001065,99334.08,25.7,0.42655
1785.503119,0.011019,-0.05985,0.019152,-9.40842,-9.40863,0.003195,-0.00426,0.00213,99334.08,25.7,0.41458
1785.514381,0.011262,-0.074214,0.019152,-9.410814,-9.411126,0,-0.007455,0.003195,99334.08,25.7,0.412186
1785.526603,0.012222,-0.086184,0.016758,-9.391662,-9.392072,0.001065,-0.005325,0.005325,99334.08,25.7,0.431338
1785.537185,0.010582,-0.076608,0.007182,-9.439542,-9.439856,0.003195,-0.007455,0.003195,99334.08,25.7,0.383458
1785.547984,0.010798,-0.086184,0.038304,-9.44433,-9.444801,0.001065,-0.00426,-0.001065,99334.08,25.7,0.37867
1785.559073,0.011089,-0.07182,-0.009576,-9.461088,-9.461365,0.00213,-0.00213,-0.001065,99334.08,25.7,0.361912
1785.570292,0.011219,-0.05985,0.009576,-9.44433,-9.444524,0,-0.007455,0.00426,99334.08,25.7,0.37867
1785.581399,0.011107,-0.09576,-0.028728,-9.446724,-9.447253,0.001065,-0.00213,0,99334.08,25.7,0.376276
1785.592688,0.011289,-0.052668,-0.026334,-9.49221,-9.492393,0,-0.005325,0.00213,99334.08,25.7,0.33079
1785.603902,0.011214,-0.062244,0.009576,-9.482634,-9.482843,0.001065,-0.00639,0.001065,99334.08,25.7,0.340366
1785.615152,0.01125,-0.07182,0,-9.487422,-9.487694,0.003195,-0.005325,0.00213,99333.55,25.7,0.335578
1785.626205,0.011052,-0.076608,-0.031122,-9.489816,-9.490176,0.001065,-0.00639,0.00213,99333.55,25.7,0.333184
1785.637348,0.011144,-0.079002,0.019152,-9.494604,-9.494952,0.00213,-0.005325,0,99333.55,25.7,0.328396
1785.648587,0.011239,-0.062244,-0.007182,-9.506574,-9.50678,0.00213,-0.005325,0.00426,99333.55,25.7,0.316426
1785.659827,0.01124,-0.093366,0.009576,-9.487422,-9.487886,0,-0.009585,0.00213,99333.55,25.7,0.335578
1785.670956,0.011128,-0.088578,0.03591,-9.506574,-9.507054,0.001065,-0.00639,0.001065,99333.06,25.7,0.316426
1785.682101,0.011145,-0.057456,0.019152,-9.506574,-9.506767,0.00213,-0.005325,0.001065,99333.06,25.7,0.316426
1785.693256,0.011156,-0.105336,0.02394,-9.501786,-9.5024,0.003195,-0.005325,0.00213,99333.06,25.7,0.321214
1785.704437,0.01118,-0.055062,-0.004788,-9.535302,-9.535462,0.00213,-0.00213,0.001065,99333.06,25.7,0.287698
1785.715663,0.011226,-0.086184,0.04788,-9.542484,-9.542993,0.00213,-0.007455,0.001065,99333.06,25.7,0.280516
1785.726815,0.011152,-0.074214,0.004788,-9.54009,-9.54038,0.00213,-0.001065,0.001065,99333.06,25.7,0.28291
1785.738015,0.0112,-0.076608,0.033516,-9.549666,-9.550032,0.001065,-0.00852,0.001065,99332.62,25.7,0.273334
1785.749283,0.011268,-0.098154,0.040698,-9.52812,-9.528712,0,-0.003195,0.001065,99332.62,25.7,0.29488
1785.760408,0.011125,-0.086184,0.031122,-9.542484,-9.542924,0.00213,-0.003195,0.00213,99332.62,25.7,0.280516
1785.771581,0.011173,-0.062244,0.021546,-9.542484,-9.542711,0.001065,-0.00639,0.001065,99332.62,25.7,0.280516
1785.781661,0.01008,-0.088578,0.004788,-9.537696,-9.538109,0.001065,-0.005325,0.001065,99332.62,25.7,0.285304
1785.791786,0.010124,-0.064638,0.021546,-9.56403,-9.564273,0.001065,-0.005325,0,99332.62,25.7,0.25897
1785.801884,0.010098,-0.076608,-0.002394,-9.556848,-9.557155,0.001065,-0.00852,0.00213,99332.1,25.7,0.266152
1785.811974,0.01009,-0.067032,0,-9.549666,-9.549901,0,-0.00639,0.00213,99332.1,25.7,0.273334
1785.822108,0.010133,-0.081396,0.009576,-9.55206,-9.552412,-0.001065,-0.00426,0.00213,99332.1,25.7,0.27094
1785.83222,0.010112,-0.045486,-0.002394,-9.554454,-9.554563,0,-0.00639,0.00213,99332.1,25.7,0.268546
1785.842337,0.010117,-0.086184,0.028728,-9.518544,-9.518978,0.001065,-0.005325,0.001065,99332.1,25.7,0.304456
1785.852462,0.010125,-0.086184,0.009576,-9.578394,-9.578787,0.001065,-0.00639,0.001065,99332.1,25.7,0.244606
1785.862762,0.010299,-0.069426,-0.016758,-9.614304,-9.614569,0,-0.005325,0.00213,99332.1,25.7,0.208696
1785.87304,0.010279,-0.055062,0.004788,-9.583182,-9.583341,-0.001065,-0.007455,0.003195,99332.1,25.7,0.239818
1785.883135,0.010095,-0.040698,-0.004788,-9.614304,-9.614391,0,-0.00426,0.001065,99332.1,25.7,0.208696
1785.893229,0.010093,-0.052668,-0.019152,-9.616698,-9.616861,0,-0.005325,0.00213,99332.1,25.7,0.206302
1785.903324,0.010096,-0.055062,0,-9.61191,-9.612068,0,-0.005325,0.00213,99332.1,25.7,0.21109
1785.913423,0.010098,-0.052668,0.004788,-9.597546,-9.597692,0.003195,-0.001065,0.00213,99332.1,25.7,0.225454
1785.923523,0.010101,-0.069426,-0.007182,-9.61191,-9.612163,0,-0.00426,0.00426,99331.59,25.7,0.21109
1785.933613,0.010089,-0.112518,0.031122,-9.631062,-9.63177,0,-0.00639,0.003195,99331.59,25.7,0.191938
1785.943708,0.010095,-0.090972,0.021546,-9.631062,-9.631516,0.001065,-0.003195,0.003195,99331.59,25.7,0.191938
1785.953849,0.010141,-0.08379,0.014364,-9.638244,-9.638619,0.003195,-0.007455,0.003195,99331.59,25.7,0.184756
1785.963955,0.010106,-0.100548,0.021546,-9.633456,-9.634005,0.003195,-0.00639,0.00213,99331.59,25.7,0.189544
1785.974081,0.010126,-0.088578,0.026334,-9.662184,-9.662626,0.00213,-0.00426,0.00213,99331.59,25.7,0.160816
1785.984661,0.01058,-0.102942,0.004788,-9.638244,-9.638795,0.00213,-0.003195,0.001065,99331.06,25.7,0.184756
1785.995378,0.010716,-0.093366,0.038304,-9.652608,-9.653136,0.00426,-0.00852,0.00213,99331.06,25.7,0.170392
1786.007419,0.012042,-0.090972,0.016758,-9.64782,-9.648263,0.00213,-0.00426,0.001065,99331.06,25.7,0.17518
1786.017639,0.01022,-0.114912,0.019152,-9.633456,-9.63416,0,-0.005325,0.001065,99331.06,25.7,0.189544
1786.028939,0.0113,-0.086184,0.009576,-9.676548,-9.676937,0.00213,-0.005325,-0.001065,99331.06,25.7,0.146452
1786.040062,0.011123,-0.057456,0.019152,-9.686124,-9.686313,0.00213,-0.00426,0.001065,99331.06,25.7,0.136876
1786.051408,0.011346,-0.076608,0.031122,-9.688518,-9.688871,0.003195,-0.00426,-0.001065,99330.74,25.7,0.134482
1786.062331,0.010923,-0.088578,0.002394,-9.693306,-9.693711,0.001065,-0.007455,0.003195,99330.74,25.7,0.129694
1786.0735,0.011169,-0.086184,0.01197,-9.681336,-9.681727,0.003195,-0.007455,0.00426,99330.74,25.7,0.141664
1786.084709,0.01121,-0.110124,0.019152,-9.666972,-9.667618,0.00213,-0.005325,0.00426,99330.74,25.7,0.156028
1786.095947,0.011238,-0.126882,0.019152,-9.6957,-9.696549,0.00213,-0.00426,0.00213,99330.74,25.7,0.1273
1786.107144,0.011196,-0.074214,0.004788,-9.722034,-9.722318,0.001065,-0.00426,0,99330.74,25.7,0.100966
1786.118346,0.011203,-0.055062,-0.038304,-9.757944,-9.758175,0.003195,-0.005325,0.00213,99330.28,25.7,0.065056
1786.129518,0.011172,-0.007182,-0.031122,-9.762732,-9.762784,0,-0.001065,-0.001065,99330.28,25.7,0.060268
1786.140638,0.01112,-0.045486,-0.050274,-9.753156,-9.753392,0,-0.005325,0.003195,99330.28,25.7,0.069844
1786.152199,0.011561,-0.031122,-0.045486,-9.777096,-9.777251,0.00213,-0.00426,0.001065,99330.28,25.7,0.045904
1786.163106,0.010907,-0.052668,-0.014364,-9.760338,-9.760491,-0.001065,-0.005325,0.00213,99330.28,25.7,0.062662
1786.174349,0.011243,-0.098154,0.05985,-9.73161,-9.732289,0.001065,-0.00639,0.001065,99330.28,25.7,0.09139
1786.185404,0.011054,-0.07182,0.03591,-9.714852,-9.715184,0,-0.007455,0.003195,99330.28,25.7,0.108148
1786.196573,0.01117,-0.014364,0.004788,-9.769914,-9.769926,0,-0.007455,0.003195,99330.28,25.7,0.053086
1786.208149,0.011576,-0.038304,0.002394,-9.796248,-9.796323,0.001065,-0.003195,0.00426,99330.28,25.7,0.026752
1786.218963,0.010814,-0.009576,-0.014364,-9.786672,-9.786687,0.003195,-0.007455,0.005325,99330.28,25.7,0.036328
1786.230739,0.011776,-0.052668,-0.007182,-9.79146,-9.791604,0.00213,-0.00426,0.00213,99330.28,25.7,0.03154
1786.240953,0.010214,-0.064638,0.040698,-9.769914,-9.770213,0.003195,-0.00852,0.00639,99329.98,25.7,0.053086
1786.251094,0.010141,-0.105336,0.050274,-9.729216,-9.729916,0,-0.00852,0.003195,99329.98,25.7,0.093784
1786.26121,0.010116,-0.134064,0.057456,-9.772308,-9.773396,-0.001065,-0.00213,0.001065,99329.98,25.7,0.050692
1786.271304,0.010094,-0.138852,0.090972,-9.786672,-9.78808,0.00213,-0.00426,0.001065,99329.98,25.7,0.036328
1786.281386,0.010082,-0.141246,0.057456,-9.777096,-9.778285,0,-0.003195,0,99329.98,25.7,0.045904
1786.291786,0.0104,-0.136458,0.01197,-9.841734,-9.842687,0.00213,-0.005325,-0.001065,99329.98,25.7,-0.018734
1786.301875,0.010089,-0.134064,0.007182,-9.820188,-9.821106,0,-0.005325,-0.001065,99329.53,25.7,0.002812
1786.311983,0.010108,-0.153216,0.064638,-9.822582,-9.82399,0.00213,-0.00639,0.001065,99329.53,25.7,0.000418
1786.322113,0.01013,-0.141246,0.021546,-9.786672,-9.787715,0.001065,-0.007455,0,99329.53,25.7,0.036328
1786.332217,0.010104,-0.184338,-0.002394,-9.808218,-9.80995,0.003195,-0.00426,0.001065,99329.53,25.7,0.014782
1786.342756,0.010539,-0.184338,0.031122,-9.834552,-9.836329,-0.001065,-0.005325,0,99329.53,25.7,-0.011552
1786.352928,0.010172,-0.150822,-0.004788,-9.836946,-9.838103,0.003195,-0.003195,0,99329.53,25.7,-0.013946
1786.363016,0.010088,-0.081396,-0.069426,-9.872856,-9.873436,0.00426,-0.00426,0.001065,99329.53,25.7,-0.049856
1786.373097,0.010082,-0.057456,-0.050274,-9.865674,-9.865969,0.00213,-0.003195,0.003195,99329.18,25.7,-0.042674
1786.383183,0.010086,-0.033516,-0.079002,-9.865674,-9.866047,0.001065,-0.00426,0.00213,99329.18,25.7,-0.042674
1786.393294,0.010111,0.009576,-0.090972,-9.856098,-9.856522,0.00213,-0.00639,0.00213,99329.18,25.7,-0.033098
1786.403382,0.010088,-0.01197,-0.052668,-9.834552,-9.8347,0.003195,-0.00639,0.003195,99329.18,25.7,-0.011552
1786.413988,0.010605,0.002394,-0.031122,-9.796248,-9.796298,0.00213,-0.007455,0.00213,99329.18,25.7,0.026752
1786.424087,0.010099,-0.04788,-0.014364,-9.820188,-9.820315,0.001065,-0.00852,0.00426,99329.18,25.7,0.002812
1786.434752,0.010666,-0.014364,-0.009576,-9.781884,-9.781899,0.001065,-0.00426,0.00213,99328.91,25.7,0.041116
1786.44486,0.010107,-0.03591,0.03591,-9.824976,-9.825107,0.001065,-0.00639,0.00639,99328.91,25.7,-0.001976
1786.455104,0.010244,0.004788,0.033516,-9.8154,-9.815458,0,-0.00426,0.00213,99328.91,25.7,0.0076
1786.465515,0.010411,-0.040698,0.05985,-9.801036,-9.801303,0.001065,-0.007455,0.00213,99328.91,25.7,0.021964
1786.475643,0.010128,-0.043092,0.03591,-9.789066,-9.789227,0.00213,-0.003195,0.003195,99328.91,25.7,0.033934
1786.485729,0.010086,-0.026334,0.064638,-9.753156,-9.753406,0.00426,-0.00639,0.003195,99328.91,25.7,0.069844
1786.495819,0.01009,-0.05985,0.067032,-9.75555,-9.755964,0.001065,-0.00639,0.001065,99328.91,25.7,0.06745
1786.505974,0.010155,-0.10773,0.088578,-9.777096,-9.778091,0.003195,-0.00639,0,99328.91,25.7,0.045904
1786.5161,0.010126,-0.057456,0.05985,-9.772308,-9.77266,0.003195,-0.003195,-0.001065,99328.91,25.7,0.050692
1786.526188,0.010088,-0.076608,0.04788,-9.798642,-9.799058,0.001065,-0.00426,0.003195,99328.91,25.7,0.024358
1786.536281,0.010093,-0.045486,0.01197,-9.832158,-9.832271,0.001065,-0.00426,-0.00213,99328.91,25.7,-0.009158
1786.546386,0.010105,-0.112518,0.004788,-9.824976,-9.825621,0.00213,-0.005325,-0.001065,99328.91,25.7,-0.001976
1786.556499,0.010113,-0.100548,0.016758,-9.832158,-9.832686,0.001065,-0.00639,0.00213,99328.65,25.7,-0.009158
1786.566591,0.010092,-0.124488,-0.009576,-9.810612,-9.811406,0.00213,-0.00639,0.001065,99328.65,25.7,0.012388
1786.576716,0.010125,-0.134064,-0.01197,-9.8154,-9.816323,0.00213,-0.007455,0.001065,99328.65,25.7,0.0076
1786.586813,0.010097,-0.136458,-0.019152,-9.777096,-9.778067,0,-0.00639,0.00213,99328.65,25.7,0.045904
1786.59691,0.010097,-0.110124,-0.033516,-9.808218,-9.808893,0.00213,-0.00639,0.00213,99328.65,25.7,0.014782
1786.60701,0.0101,-0.124488,-0.031122,-9.82737,-9.828208,0.00213,-0.00426,0.00213,99328.65,25.7,-0.00437
1786.617104,0.010094,-0.10773,-0.019152,-9.801036,-9.801647,0,-0.007455,0.00213,99328.38,25.7,0.021964
1786.627216,0.010112,-0.100548,-0.028728,-9.813006,-9.813563,0.00213,-0.00639,0,99328.38,25.7,0.009994
1786.637306,0.010089,-0.112518,-0.026334,-9.824976,-9.825656,0.00213,-0.00852,0.00213,99328.38,25.7,-0.001976
1786.647411,0.010105,-0.110124,-0.007182,-9.762732,-9.763356,0.00426,-0.00213,0.00213,99328.38,25.7,0.060268
1786.657503,0.010092,-0.122094,0.004788,-9.798642,-9.799404,0,-0.00639,0.003195,99328.38,25.7,0.024358
1786.667604,0.0101,-0.076608,-0.01197,-9.810612,-9.810918,0.003195,-0.005325,-0.001065,99328.38,25.7,0.012388
1786.678111,0.010507,-0.055062,0.02394,-9.846522,-9.846705,0,-0.003195,0.00213,99328.38,25.7,-0.023522
1786.68822,0.01011,-0.040698,-0.02394,-9.834552,-9.834665,0.001065,-0.003195,0.00213,99328.16,25.7,-0.011552
1786.698326,0.010106,-0.040698,0.033516,-9.844128,-9.844269,0.00426,-0.00852,0.001065,99328.16,25.7,-0.021128
1786.708422,0.010095,-0.038304,0.021546,-9.856098,-9.856196,0.00213,-0.005325,0.003195,99328.16,25.7,-0.033098
1786.718511,0.010089,-0.069426,0.03591,-9.846522,-9.846832,0.003195,-0.00639,0.001065,99328.16,25.7,-0.023522
1786.72862,0.010109,-0.057456,0.052668,-9.858492,-9.8588,0.001065,-0.003195,0.003195,99328.16,25.7,-0.035492
1786.738731,0.010111,-0.05985,0.067032,-9.85131,-9.85172,0.003195,-0.005325,0,99328.16,25.7,-0.02831
1786.748823,0.010093,-0.045486,0.064638,-9.836946,-9.837264,0.001065,-0.00426,0.00213,99327.92,25.7,-0.013946
1786.758923,0.010099,-0.05985,0.045486,-9.872856,-9.873142,0.00213,-0.00426,0.00213,99327.92,25.7,-0.049856
1786.769025,0.010102,-0.019152,0.028728,-9.832158,-9.832219,0.001065,-0.005325,0.001065,99327.92,25.7,-0.009158
1786.779134,0.010109,-0.064638,0.002394,-9.853704,-9.853916,0.001065,-0.00639,0,99327.92,25.7,-0.030704
1786.789384,0.01025,-0.043092,0.007182,-9.856098,-9.856195,0.003195,-0.005325,0.001065,99327.92,25.7,-0.033098
1786.799593,0.010209,-0.03591,0.014364,-9.834552,-9.834628,0.001065,-0.005325,0.003195,99327.92,25.7,-0.011552
1786.809705,0.010113,-0.062244,0.007182,-9.820188,-9.820388,0.001065,-0.007455,-0.001065,99327.65,25.7,0.002812
1786.819808,0.010102,-0.081396,0.01197,-9.80343,-9.803775,0.00213,-0.007455,-0.001065,99327.65,25.7,0.01957
1786.829891,0.010083,-0.086184,-0.01197,-9.801036,-9.801422,0.001065,-0.009585,0.00213,99327.65,25.7,0.021964
1786.840118,0.010226,-0.090972,-0.028728,-9.793854,-9.794319,0.005325,-0.005325,0.001065,99327.65,25.7,0.029146
1786.850226,0.010109,-0.064638,0.002394,-9.765126,-9.76534,0.001065,-0.007455,0.00213,99327.65,25.7,0.057874
1786.860358,0.010131,-0.088578,-0.009576,-9.80343,-9.803835,0.00213,-0.00426,0.003195,99327.65,25.7,0.01957
1786.870445,0.010087,-0.100548,-0.01197,-9.793854,-9.794377,0.00213,-0.005325,0.001065,99327.65,25.7,0.029146
1786.880553,0.010108,-0.100548,-0.01197,-9.79146,-9.791984,0.00213,-0.009585,0.001065,99327.65,25.7,0.03154
1786.890728,0.010175,-0.10773,-0.014364,-9.762732,-9.763337,0.00213,-0.00426,0.00213,99327.65,25.7,0.060268
1786.900835,0.010107,-0.141246,0.002394,-9.781884,-9.782904,0.00213,-0.005325,0.003195,99327.65,25.7,0.041116
1786.910922,0.010087,-0.124488,0,-9.80343,-9.80422,0.001065,-0.00639,0.003195,99327.65,25.7,0.01957
1786.921015,0.010093,-0.102942,0.01197,-9.841734,-9.84228,0.001065,-0.005325,0.00426,99327.65,25.7,-0.018734
1786.931102,0.010088,-0.086184,0.031122,-9.836946,-9.837373,0.00213,-0.003195,0.003195,99327.65,25.7,-0.013946
1786.941197,0.010094,-0.090972,0.019152,-9.856098,-9.856536,0.003195,-0.00639,0.00213,99327.54,25.7,-0.033098
1786.951291,0.010095,-0.076608,0.026334,-9.841734,-9.842067,0.00213,-0.003195,0.001065,99327.54,25.7,-0.018734
1786.961384,0.010093,-0.10773,0.038304,-9.832158,-9.832823,-0.001065,-0.007455,0.001065,99327.54,25.7,-0.009158
1786.971551,0.010168,-0.05985,0.033516,-9.85131,-9.851549,0.00426,-0.00426,0.00213,99327.54,25.7,-0.02831
1786.981654,0.010102,-0.040698,0.019152,-9.844128,-9.844231,0.001065,-0.00852,0.001065,99327.54,25.7,-0.021128
1786.991745,0.010091,-0.081396,0.052668,-9.844128,-9.844605,0.001065,-0.003195,0.001065,99327.54,25.7,-0.021128
1787.001866,0.010121,-0.052668,0.045486,-9.832158,-9.832404,-0.001065,-0.00639,0.001065,99327.5,25.7,-0.009158
1787.011948,0.010082,-0.04788,0.040698,-9.82737,-9.827571,0.001065,-0.00639,0,99327.5,25.7,-0.00437
1787.022038,0.01009,-0.086184,0.033516,-9.848916,-9.84935,0.001065,-0.00639,0,99327.5,25.7,-0.025916
1787.032194,0.010156,-0.026334,0.021546,-9.817794,-9.817853,0.001065,-0.00639,0.00213,99327.5,25.7,0.005206
1787.04229,0.010096,-0.043092,0.04788,-9.817794,-9.818005,0.001065,-0.005325,0.003195,99327.5,25.7,0.005206
1787.052381,0.01009,-0.079002,0.026334,-9.834552,-9.834905,0.003195,-0.00426,0.00213,99327.5,25.7,-0.011552
1787.062467,0.010086,-0.057456,0.014364,-9.784278,-9.784457,0.001065,-0.007455,-0.001065,99327.5,25.7,0.038722
1787.072546,0.010079,-0.055062,0.016758,-9.793854,-9.794023,0.001065,-0.005325,0.00213,99327.26,25.7,0.029146
1787.082643,0.010096,-0.067032,0.007182,-9.80343,-9.803662,0.003195,-0.007455,0.001065,99327.26,25.7,0.01957
1787.092767,0.010124,-0.05985,-0.019152,-9.824976,-9.825177,0.001065,-0.00426,-0.001065,99327.26,25.7,-0.001976
1787.103205,0.010438,-0.081396,0.002394,-9.786672,-9.787011,0.00213,-0.00852,0.00213,99327.26,25.7,0.036328
1787.11344,0.010235,-0.07182,-0.01197,-9.822582,-9.822852,0,-0.00426,0.00213,99327.26,25.7,0.000418
1787.123523,0.010084,-0.08379,-0.01197,-9.813006,-9.813371,0.003195,-0.003195,0.003195,99327.26,25.7,0.009994
1787.133605,0.010082,-0.07182,-0.002394,-9.801036,-9.801299,0.00426,-0.005325,0.00426,99327.14,25.7,0.021964
1787.143826,0.010221,-0.158004,0.004788,-9.796248,-9.797523,0.001065,-0.00426,0.003195,99327.14,25.7,0.026752
1787.153924,0.010098,-0.105336,-0.01197,-9.82737,-9.827942,0,-0.003195,0.00426,99327.14,25.7,-0.00437
1787.164028,0.010105,-0.129276,-0.002394,-9.820188,-9.821039,0.001065,-0.00852,0.003195,99327.14,25.7,0.002812
1787.174357,0.010329,-0.088578,-0.02394,-9.841734,-9.842162,0.00213,-0.003195,0.003195,99327.14,25.7,-0.018734
1787.18446,0.010103,-0.055062,-0.014364,-9.810612,-9.810777,0.003195,-0.00639,0.003195,99327.14,25.7,0.012388
1787.194618,0.010158,-0.117306,0.021546,-9.841734,-9.842457,-0.001065,-0.007455,0.00213,99327.14,25.7,-0.018734
1787.204725,0.010107,-0.098154,0.016758,-9.834552,-9.835056,0.001065,-0.007455,0.00213,99327.14,25.7,-0.011552
1787.215102,0.010378,-0.117306,0.028728,-9.824976,-9.825718,0.001065,-0.00426,0.001065,99327.14,25.7,-0.001976
1787.225524,0.010421,-0.105336,0.038304,-9.808218,-9.808858,0.00213,-0.00639,-0.001065,99327.14,25.7,0.014782
1787.235639,0.010115,-0.114912,0.019152,-9.836946,-9.837636,0.001065,-0.007455,0,99327.14,25.7,-0.013946
1787.245738,0.0101,-0.055062,0.019152,-9.82737,-9.827543,0.00213,-0.005325,0.003195,99327.14,25.7,-0.00437
1787.255826,0.010088,-0.064638,0.028728,-9.841734,-9.841988,0.00213,-0.00639,0,99327.14,25.7,-0.018734
1787.265926,0.0101,-0.05985,0.009576,-9.848916,-9.849103,0.003195,-0.003195,0.003195,99327.09,25.7,-0.025916
1787.276084,0.010158,-0.062244,0.016758,-9.841734,-9.841945,0.001065,-0.00426,0,99327.09,25.7,-0.018734
1787.28625,0.010166,-0.055062,0.021546,-9.841734,-9.841912,0,-0.003195,0,99327.09,25.7,-0.018734
1787.296343,0.010094,-0.045486,0.014364,-9.846522,-9.846638,0.001065,-0.00852,0.00213,99327.09,25.7,-0.023522
1787.306429,0.010086,-0.055062,0.004788,-9.844128,-9.844283,0.003195,-0.00639,0.001065,99327.09,25.7,-0.021128
1787.316625,0.010196,-0.062244,0.043092,-9.817794,-9.818086,0.001065,-0.00639,-0.001065,99327.09,25.7,0.005206
1787.327382,0.010757,-0.074214,0.031122,-9.822582,-9.822912,0.00213,-0.003195,0.001065,99326.88,25.7,0.000418
1787.337959,0.010577,-0.08379,0.01197,-9.798642,-9.799008,0.00213,-0.005325,0.00213,99326.88,25.7,0.024358
1787.348063,0.010103,-0.062244,0.004788,-9.824976,-9.825174,0.001065,-0.00426,0.001065,99326.88,25.7,-0.001976
1787.358262,0.010199,-0.062244,0.019152,-9.82737,-9.827586,0.00213,-0.00426,0.00213,99326.88,25.7,-0.00437
1787.368353,0.010091,-0.05985,0.03591,-9.798642,-9.798891,0.00426,-0.007455,0.00213,99326.88,25.7,0.024358
1787.378439,0.010086,-0.038304,-0.014364,-9.820188,-9.820273,0.00213,-0.005325,0.00213,99326.88,25.7,0.002812
1787.388597,0.010158,-0.105336,-0.007182,-9.848916,-9.849482,0.00426,-0.00426,0.00213,99326.71,25.7,-0.025916
1787.398691,0.010094,-0.064638,0.009576,-9.786672,-9.78689,0.00213,-0.005325,0.001065,99326.71,25.7,0.036328
1787.408781,0.01009,-0.08379,-0.016758,-9.796248,-9.796621,0,-0.007455,0,99326.71,25.7,0.026752
1787.418873,0.010092,-0.081396,-0.019152,-9.805824,-9.806181,0,-0.005325,0.001065,99326.71,25.7,0.017176
1787.42899,0.010117,-0.05985,0.004788,-9.858492,-9.858675,0.00213,-0.005325,0.00213,99326.71,25.7,-0.035492
1787.439249,0.010259,-0.09576,0.021546,-9.829764,-9.830254,0.00213,-0.005325,0.001065,99326.71,25.7,-0.006764
1787.44935,0.010101,-0.076608,0.014364,-9.829764,-9.830073,0,-0.005325,0.001065,99326.67,25.7,-0.006764
1787.459488,0.010138,-0.124488,0.019152,-9.824976,-9.825783,0,-0.00426,0.00213,99326.67,25.7,-0.001976
1787.469569,0.01008,-0.117306,0.019152,-9.856098,-9.856815,0.001065,-0.005325,0.001065,99326.67,25.7,-0.033098
1787.479675,0.010106,-0.086184,0.014364,-9.820188,-9.820577,0.00213,-0.001065,0.001065,99326.67,25.7,0.002812
1787.489839,0.010164,-0.10773,0.014364,-9.848916,-9.849516,0.00213,-0.00639,0.001065,99326.67,25.7,-0.025916
1787.499927,0.010088,-0.08379,-0.002394,-9.848916,-9.849273,0.00213,-0.005325,0.003195,99326.67,25.7,-0.025916
1787.510049,0.010123,-0.098154,0.028728,-9.820188,-9.820721,0,-0.005325,0.00213,99326.67,25.7,0.002812
1787.520141,0.010092,-0.093366,0.045486,-9.80343,-9.80398,0,-0.00639,0.003195,99326.67,25.7,0.01957
1787.530331,0.01019,-0.129276,0.026334,-9.832158,-9.833043,0.00426,-0.00639,0.00426,99326.67,25.7,-0.009158
1787.540429,0.010098,-0.117306,0.050274,-9.808218,-9.809048,0.001065,-0.007455,0.00213,99326.67,25.7,0.014782
1787.550519,0.01009,-0.09576,-0.004788,-9.77949,-9.77996,0.001065,-0.00426,0,99326.67,25.7,0.04351
1787.561237,0.010718,-0.081396,0.004788,-9.846522,-9.84686,0.001065,-0.00426,0.003195,99326.67,25.7,-0.023522
1787.57235,0.011113,-0.040698,-0.004788,-9.836946,-9.837031,0.001065,-0.00426,0,99326.67,25.7,-0.013946
1787.58361,0.01126,-0.050274,-0.026334,-9.832158,-9.832322,0.001065,-0.00213,0.001065,99326.56,25.7,-0.009158
1787.594784,0.011174,-0.067032,0.016758,-9.793854,-9.794098,0.001065,-0.007455,0.00213,99326.56,25.7,0.029146
1787.605829,0.011044,-0.069426,0.01197,-9.784278,-9.784532,0.001065,-0.005325,0.00213,99326.56,25.7,0.038722
1787.61709,0.011262,-0.057456,0.004788,-9.789066,-9.789236,0.001065,-0.00426,0.001065,99326.56,25.7,0.033934
1787.628285,0.011194,-0.062244,0.031122,-9.789066,-9.789313,0.00213,-0.00639,0.00213,99326.56,25.7,0.033934
1787.639419,0.011134,-0.088578,-0.019152,-9.829764,-9.830182,0.003195,-0.003195,0.001065,99326.51,25.7,-0.006764
1787.650617,0.011199,-0.062244,0.004788,-9.832158,-9.832356,0.00213,-0.005325,0,99326.51,25.7,-0.009158
1787.661853,0.011235,-0.038304,-0.009576,-9.805824,-9.805903,0,-0.003195,0.00426,99326.51,25.7,0.017176
1787.673018,0.011165,-0.10773,-0.016758,-9.79146,-9.792067,-0.001065,-0.00213,0.001065,99326.51,25.7,0.03154
1787.684113,0.011095,-0.076608,0.019152,-9.813006,-9.813324,0.00213,-0.00639,0.001065,99326.51,25.7,0.009994
1787.695394,0.011281,-0.090972,0.03591,-9.820188,-9.820675,0.001065,-0.003195,0.003195,99326.51,25.7,0.002812
1787.70654,0.011147,-0.074214,0.016758,-9.83934,-9.839634,0.00213,-0.00852,0.00213,99326.45,25.7,-0.01634
1787.717676,0.011135,-0.093366,0.028728,-9.801036,-9.801523,0.003195,-0.003195,0.003195,99326.45,25.7,0.021964
1787.72885,0.011174,-0.08379,0.002394,-9.822582,-9.82294,0,-0.007455,0.00213,99326.45,25.7,0.000418
1787.740066,0.011216,-0.055062,-0.004788,-9.856098,-9.856253,0.00213,-0.00426,0.003195,99326.45,25.7,-0.033098
1787.751239,0.011173,-0.045486,0.019152,-9.832158,-9.832282,0.001065,-0.005325,0.003195,99326.45,25.7,-0.009158
1787.76249,0.011251,-0.1197,0.01197,-9.82737,-9.828106,0.00213,-0.005325,0.00213,99326.45,25.7,-0.00437
1787.773696,0.011206,-0.093366,0.045486,-9.83934,-9.839888,0.001065,-0.005325,0.00213,99326.31,25.7,-0.01634
1787.784777,0.011081,-0.088578,0.026334,-9.813006,-9.813441,0.001065,-0.00426,0.003195,99326.31,25.7,0.009994
1787.796129,0.011351,-0.136458,0.021546,-9.820188,-9.82116,0.003195,-0.003195,0,99326.31,25.7,0.002812
1787.807215,0.011086,-0.09576,0.016758,-9.853704,-9.854184,0.00213,-0.007455,0.00213,99326.31,25.7,-0.030704
1787.818416,0.011201,-0.09576,0.01197,-9.813006,-9.813481,-0.001065,-0.00426,0.001065,99326.31,25.7,0.009994
1787.829557,0.011141,-0.081396,-0.014364,-9.834552,-9.834899,0.005325,-0.00426,0.001065,99326.31,25.7,-0.011552
1787.840731,0.011174,-0.090972,0.007182,-9.822582,-9.823006,0.001065,-0.00213,0.00213,99326.31,25.7,0.000418
1787.852535,0.011804,-0.062244,-0.004788,-9.820188,-9.820386,0.001065,-0.005325,0,99326.31,25.7,0.002812
1787.863251,0.010716,-0.117306,0.01197,-9.8154,-9.816108,0.001065,-0.00639,0.00213,99326.31,25.7,0.0076
1787.874477,0.011226,-0.040698,0.007182,-9.808218,-9.808305,0.001065,-0.003195,0.001065,99326.31,25.7,0.014782
1787.885501,0.011024,-0.033516,-0.033516,-9.82737,-9.827484,0.003195,-0.005325,0.00213,99326.31,25.7,-0.00437
1787.896693,0.011193,-0.067032,0.004788,-9.8154,-9.81563,0,-0.00639,0.001065,99326.1,25.7,0.0076
1787.907801,0.011108,-0.07182,-0.004788,-9.824976,-9.82524,0.00426,-0.00639,0.005325,99326.1,25.7,-0.001976
1787.919017,0.011216,-0.086184,0.016758,-9.824976,-9.825368,0,-0.00639,0.00426,99326.1,25.7,-0.001976
1787.930253,0.011236,-0.057456,0.016758,-9.808218,-9.808401,0.001065,-0.00426,0.001065,99326.1,25.7,0.014782
1787.941359,0.011106,-0.07182,0.021546,-9.820188,-9.820474,0.00213,-0.00639,0.001065,99326.1,25.7,0.002812
1787.952568,0.011209,-0.057456,0.02394,-9.817794,-9.817991,0.003195,-0.00852,0.001065,99326.1,25.7,0.005206
1787.963747,0.011179,-0.057456,0.02394,-9.834552,-9.834749,0.001065,-0.005325,0.005325,99326.04,25.7,-0.011552
1787.975073,0.011327,-0.03591,0.02394,-9.817794,-9.817889,0.001065,-0.00639,0.001065,99326.04,25.7,0.005206
1787.986203,0.01113,-0.07182,0.033516,-9.824976,-9.825296,0.00213,-0.00426,0.001065,99326.04,25.7,-0.001976
1787.997289,0.011087,-0.067032,0.009576,-9.798642,-9.798876,0.003195,-0.00639,0,99326.04,25.7,0.024358
1788.008455,0.011165,-0.086184,0,-9.813006,-9.813384,0.001065,-0.00639,0.00213,99326.04,25.7,0.009994
1788.019737,0.011282,-0.079002,0.043092,-9.808218,-9.808631,0.003195,-0.007455,0.001065,99325.92,25.7,0.014782
1788.030914,0.011177,-0.081396,-0.002394,-9.822582,-9.82292,0.001065,-0.005325,0.00213,99325.92,25.7,0.000418
1788.042198,0.011283,-0.081396,-0.004788,-9.801036,-9.801375,0.00213,-0.00639,0.001065,99325.92,25.7,0.021964
1788.053227,0.011029,-0.088578,0.002394,-9.82737,-9.827769,0.00213,-0.00426,0.001065,99325.92,25.7,-0.00437
1788.064396,0.011169,-0.090972,-0.033516,-9.83934,-9.839818,0.00213,-0.00852,0.00213,99325.92,25.7,-0.01634
1788.075748,0.011352,-0.086184,0,-9.810612,-9.810991,0.005325,-0.00426,0.00426,99325.92,25.7,0.012388
1788.086869,0.011121,-0.110124,-0.019152,-9.841734,-9.842369,0.001065,-0.007455,0.001065,99325.86,25.7,-0.018734
1788.098112,0.011244,-0.098154,0.03591,-9.829764,-9.83032,0.001065,-0.00852,0.00426,99325.86,25.7,-0.006764
1788.109306,0.011194,-0.093366,0.019152,-9.813006,-9.813469,0.003195,-0.00426,0,99325.86,25.7,0.009994
1788.120344,0.011037,-0.086184,0.007182,-9.836946,-9.837326,0.00213,-0.00639,0.003195,99325.86,25.7,-0.013946
1788.131505,0.011161,-0.076608,-0.01197,-9.85131,-9.851615,0.00213,-0.005325,-0.00213,99325.86,25.7,-0.02831
1788.142771,0.011266,-0.079002,0.021546,-9.83934,-9.839681,0.00213,-0.00426,0.00213,99325.86,25.7,-0.01634
1788.153939,0.011168,-0.074214,0.014364,-9.834552,-9.834843,0.003195,-0.00639,0.003195,99325.86,25.7,-0.011552
1788.165053,0.011114,-0.112518,0.002394,-9.784278,-9.784925,0.003195,-0.005325,0.00213,99325.86,25.7,0.038722
1788.176266,0.011213,-0.081396,-0.002394,-9.777096,-9.777435,0.00426,-0.005325,0,99325.86,25.7,0.045904
1788.187505,0.011239,-0.098154,0.038304,-9.841734,-9.842298,-0.001065,-0.005325,0.00213,99325.86,25.7,-0.018734
1788.198638,0.011133,-0.02394,0.021546,-9.8154,-9.815453,0.00213,-0.003195,0.00213,99325.86,25.7,0.0076
1788.209954,0.011316,-0.076608,-0.009576,-9.829764,-9.830067,0.001065,-0.007455,0.00213,99325.8,25.7,-0.006764
1788.221002,0.011048,-0.055062,0.028728,-9.822582,-9.822778,0.001065,-0.00639,0.00213,99325.8,25.7,0.000418
1788.232266,0.011264,-0.04788,0,-9.844128,-9.844244,0.003195,-0.005325,0.001065,99325.8,25.7,-0.021128
1788.243388,0.011122,-0.043092,-0.007182,-9.786672,-9.78677,0,-0.003195,0,99325.8,25.7,0.036328
1788.254629,0.011241,-0.07182,0.014364,-9.805824,-9.806098,0.001065,-0.007455,0.00213,99325.8,25.7,0.017176
1788.265761,0.011131,-0.052668,-0.007182,-9.858492,-9.858635,0.00213,-0.005325,0.00426,99325.8,25.7,-0.035492
1788.276938,0.011177,-0.07182,0.019152,-9.834552,-9.834833,0.001065,-0.00426,0.001065,99325.65,25.7,-0.011552
1788.288153,0.011215,-0.045486,-0.014364,-9.80343,-9.803546,0.001065,-0.005325,0.005325,99325.65,25.7,0.01957
1788.299528,0.011375,-0.079002,-0.002394,-9.822582,-9.8229,0.00213,-0.007455,0.00213,99325.65,25.7,0.000418
1788.310538,0.011011,-0.067032,0.004788,-9.834552,-9.834782,0.00213,-0.00639,0.00213,99325.65,25.7,-0.011552
1788.321718,0.011179,-0.031122,-0.009576,-9.813006,-9.81306,0.001065,-0.00426,0.003195,99325.65,25.7,0.009994
1788.332969,0.011251,-0.081396,0.007182,-9.824976,-9.825316,0.001065,-0.00426,0.00213,99325.65,25.7,-0.001976
1788.344223,0.011255,-0.069426,0.014364,-9.820188,-9.820444,-0.001065,-0.00639,0.001065,99325.57,25.7,0.002812
1788.355279,0.011056,-0.098154,-0.004788,-9.858492,-9.858982,0.00213,-0.00426,0.003195,99325.57,25.7,-0.035492
1788.366452,0.011173,-0.105336,0.009576,-9.798642,-9.799213,0.001065,-0.007455,0.00213,99325.57,25.7,0.024358
1788.377609,0.011156,-0.10773,0.007182,-9.82737,-9.827963,0.001065,-0.005325,-0.001065,99325.57,25.7,-0.00437
1788.388861,0.011252,-0.122094,0.026334,-9.829764,-9.830557,0.00426,-0.00639,0.003195,99325.57,25.7,-0.006764
1788.400067,0.011206,-0.09576,0.033516,-9.813006,-9.81353,0.00213,-0.007455,0.001065,99325.45,25.7,0.009994
1788.411132,0.011065,-0.074214,0.004788,-9.824976,-9.825257,0.00213,-0.00426,0.00213,99325.45,25.7,-0.001976
1788.422307,0.011175,-0.093366,-0.019152,-9.810612,-9.811075,0.00213,-0.001065,0.001065,99325.45,25.7,0.012388
1788.433616,0.011309,-0.076608,0.007182,-9.813006,-9.813308,0.00213,-0.00639,0.001065,99325.45,25.7,0.009994
1788.444659,0.011043,-0.090972,-0.002394,-9.805824,-9.806246,0.001065,-0.007455,0.00213,99325.45,25.7,0.017176
1788.456004,0.011345,-0.057456,-0.03591,-9.817794,-9.818028,0.001065,-0.00639,0,99325.45,25.7,0.005206
1788.467117,0.011112,-0.07182,0.002394,-9.846522,-9.846784,0.001065,-0.00639,0.00213,99325.45,25.7,-0.023522
1788.478257,0.011141,-0.079002,0.019152,-9.796248,-9.796585,0.001065,-0.00426,0.001065,99325.45,25.7,0.026752
1788.489409,0.011152,-0.052668,-0.007182,-9.793854,-9.793998,0,-0.00639,0.00213,99325.45,25.7,0.029146
1788.500615,0.011206,-0.086184,0.016758,-9.822582,-9.822974,0.001065,-0.005325,0.00213,99325.45,25.7,0.000418
1788.512528,0.011912,-0.064638,-0.007182,-9.848916,-9.849131,0,-0.005325,0,99325.45,25.7,-0.025916
1788.523559,0.011031,-0.045486,0.01197,-9.796248,-9.796361,0,-0.00639,0.00213,99325.45,25.7,0.026752
1788.534213,0.010653,-0.062244,0.007182,-9.834552,-9.834752,0.003195,-0.00426,0.003195,99325.54,25.7,-0.011552
1788.545363,0.011151,-0.09576,0.02394,-9.805824,-9.806321,0,-0.005325,0.003195,99325.54,25.7,0.017176
