time,dt,accel_x,accel_y,accel_z,union_g,gyro_x,gyro_y,gyro_z,pressure,temp,ag
1796.236755,0.010103,-0.067032,0.002394,-9.80343,-9.803659,0.001065,-0.005325,0.001065,99324.46,25.7,0.025608
1796.246869,0.010114,-0.090972,0.01197,-9.829764,-9.830192,0.003195,-0.00639,0.003195,99324.46,25.7,-0.000925
1796.25697,0.010101,-0.100548,0.01197,-9.82737,-9.827892,0.003195,-0.005325,0.00213,99324.44,25.7,0.001375
1796.267076,0.010106,-0.064638,0.01197,-9.82737,-9.82759,0.003195,-0.003195,0,99324.44,25.7,0.001677
1796.277178,0.010102,-0.090972,0.016758,-9.832158,-9.832593,0.003195,-0.00639,0.00213,99324.44,25.7,-0.003326
1796.287266,0.010088,-0.086184,0.043092,-9.817794,-9.818267,-0.001065,-0.005325,0.00426,99324.44,25.7,0.011
1796.297377,0.010111,-0.093366,0.021546,-9.82737,-9.827837,0.00213,-0.005325,0.001065,99324.44,25.7,0.00143
1796.307501,0.010124,-0.090972,0.007182,-9.80343,-9.803855,0.003195,-0.00852,0.003195,99324.44,25.7,0.025412
1796.317943,0.010442,-0.079002,0.033516,-9.829764,-9.830139,0,-0.00426,0.00213,99324.44,25.7,-0.000872
1796.329888,0.011944,-0.076608,0.014364,-9.817794,-9.818103,0.001065,-0.005325,0.001065,99324.42,25.7,0.011164
1796.341026,0.011138,-0.064638,-0.016758,-9.80343,-9.803657,0.00213,-0.00639,0.00213,99324.42,25.7,0.02561
1796.352245,0.011219,-0.050274,0.019152,-9.832158,-9.832305,0.001065,-0.007455,0.001065,99324.42,25.7,-0.003038
1796.363465,0.01122,-0.052668,0.007182,-9.829764,-9.829908,0.003195,-0.007455,0.00213,99324.42,25.7,-0.000641
1796.374714,0.011249,-0.081396,0.007182,-9.824976,-9.825316,0.003195,-0.00426,0.003195,99324.42,25.7,0.003951
1796.385796,0.011083,-0.079002,0.021546,-9.80343,-9.803772,0,-0.005325,0.003195,99324.5,25.7,0.025495
1796.396998,0.011202,-0.064638,0.045486,-9.829764,-9.830082,0.00213,-0.005325,0.001065,99324.5,25.7,-0.000815
1796.408245,0.011247,-0.052668,0.007182,-9.829764,-9.829908,0.001065,-0.005325,0.003195,99324.5,25.7,-0.000641
1796.4184,0.010155,-0.081396,0.019152,-9.813006,-9.813362,0.001065,-0.00852,0.003195,99324.5,25.7,0.015905
1796.428491,0.010092,-0.076608,-0.02394,-9.820188,-9.820516,0.00213,-0.005325,0.00213,99324.5,25.7,0.008751
1796.438588,0.010097,-0.098154,0.016758,-9.829764,-9.830268,0.003195,-0.00639,0.00213,99324.5,25.7,-0.001001
1796.448729,0.010141,-0.064638,0.01197,-9.805824,-9.806044,0.00426,-0.00426,0.001065,99324.5,25.7,0.023223
1796.458818,0.010088,-0.076608,0.02394,-9.829764,-9.830092,0.003195,-0.00639,0.003195,99324.55,25.7,-0.000825
1796.468938,0.010121,-0.062244,-0.009576,-9.841734,-9.841935,0.00213,-0.00426,0.003195,99324.55,25.7,-0.012668
1796.479042,0.010104,-0.08379,-0.004788,-9.817794,-9.818153,0,-0.00426,0.00213,99324.55,25.7,0.011114
1796.489146,0.010104,-0.08379,0.004788,-9.824976,-9.825334,0.001065,-0.005325,0.003195,99324.55,25.7,0.003933
1796.499249,0.010103,-0.098154,0.002394,-9.813006,-9.813497,0.003195,-0.00639,0.001065,99324.55,25.7,0.01577
1796.509471,0.010222,-0.10773,0.026334,-9.824976,-9.825602,0,-0.005325,-0.001065,99324.55,25.7,0.003665
1796.519589,0.010117,-0.07182,0.016758,-9.805824,-9.806101,0.00213,-0.00852,0.00213,99324.55,25.7,0.023166
1796.529679,0.01009,-0.098154,0.019152,-9.796248,-9.796758,0.00213,-0.003195,0.001065,99324.55,25.7,0.032509
1796.539762,0.010084,-0.086184,0.028728,-9.805824,-9.806245,0,-0.00426,-0.001065,99324.55,25.7,0.023022
1796.549854,0.010092,-0.079002,0.028728,-9.844128,-9.844487,0.00213,-0.005325,0.003195,99324.55,25.7,-0.01522
1796.559952,0.010097,-0.067032,0.007182,-9.805824,-9.806056,0,-0.00639,0,99324.55,25.7,0.023211
1796.570057,0.010105,-0.055062,-0.019152,-9.853704,-9.853876,0.00213,-0.00426,0.003195,99324.55,25.7,-0.024609
1796.580237,0.01018,-0.076608,-0.02394,-9.817794,-9.818122,0,-0.005325,0,99324.57,25.7,0.011145
1796.590323,0.010086,-0.079002,0,-9.8154,-9.815718,0.001065,-0.003195,0.00213,99324.57,25.7,0.013549
1796.600429,0.010105,-0.064638,-0.004788,-9.844128,-9.844341,0.001065,-0.00639,0.00213,99324.57,25.7,-0.015074
1796.610525,0.010096,-0.08379,-0.004788,-9.80343,-9.803789,0.00213,-0.00639,0.003195,99324.57,25.7,0.025478
1796.620654,0.010129,-0.057456,-0.007182,-9.805824,-9.805995,0.00213,-0.00639,0.001065,99324.57,25.7,0.023272
1796.630733,0.010079,-0.062244,0.01197,-9.82737,-9.827574,0.001065,-0.007455,0.00213,99324.57,25.7,0.001693
1796.64082,0.010087,-0.038304,0.004788,-9.82737,-9.827446,0.00213,-0.00426,0.00213,99324.57,25.7,0.001821
1796.650907,0.010087,-0.081396,-0.007182,-9.80343,-9.803771,0,-0.00213,0.00213,99324.5,25.7,0.025496
1796.660989,0.010082,-0.04788,0,-9.817794,-9.817911,0.00213,-0.007455,0.003195,99324.5,25.7,0.011356
1796.671058,0.010069,-0.07182,0.019152,-9.822582,-9.822863,0.001065,-0.003195,0.00213,99324.5,25.7,0.006404
1796.681221,0.010163,-0.04788,0.038304,-9.808218,-9.80841,0.00213,-0.00852,0.003195,99324.5,25.7,0.020857
1796.691325,0.010104,-0.110124,0.014364,-9.810612,-9.811241,0,-0.00639,0,99324.5,25.7,0.018026
1796.701411,0.010087,-0.117306,0.03591,-9.798642,-9.79941,0.001065,-0.00426,0,99324.5,25.7,0.029857
1796.711517,0.010106,-0.086184,0.007182,-9.822582,-9.822963,0.00213,-0.003195,0.00213,99324.5,25.7,0.006304
1796.722074,0.010557,-0.09576,0.033516,-9.793854,-9.794379,0.001065,-0.00426,0.001065,99324.5,25.7,0.034888
1796.732499,0.010425,-0.074214,-0.007182,-9.808218,-9.808501,0.00213,-0.007455,0,99324.5,25.7,0.020766
1796.743788,0.011289,-0.090972,0.014364,-9.810612,-9.811044,0,-0.00426,0.00213,99324.5,25.7,0.018223
1796.755024,0.011236,-0.067032,-0.004788,-9.836946,-9.837176,0.00213,-0.005325,0.00213,99324.5,25.7,-0.007909
1796.766087,0.011064,-0.088578,0.009576,-9.848916,-9.849319,0.001065,-0.00426,0,99324.5,25.7,-0.020052
1796.777335,0.011248,-0.062244,0.004788,-9.810612,-9.810811,0.001065,-0.005325,0.00213,99324.44,25.7,0.018456
1796.78845,0.011115,-0.086184,-0.01197,-9.817794,-9.81818,0.00213,-0.003195,0,99324.44,25.7,0.011087
1796.799711,0.01126,-0.055062,-0.007182,-9.810612,-9.810769,0.00213,-0.007455,0.00213,99324.44,25.7,0.018498
1796.810875,0.011164,-0.088578,0,-9.824976,-9.825375,0.00213,-0.003195,0.001065,99324.44,25.7,0.003892
1796.822046,0.011172,-0.04788,-0.038304,-9.836946,-9.837137,0.00213,-0.005325,0.001065,99324.44,25.7,-0.00787
1796.833164,0.011117,-0.093366,-0.01197,-9.824976,-9.825427,0.00426,-0.007455,0.003195,99324.44,25.7,0.00384
1796.844369,0.011205,-0.069426,-0.028728,-9.82737,-9.827657,0.00213,-0.005325,0.00213,99324.44,25.7,0.00161
1796.855699,0.01133,-0.08379,0.026334,-9.829764,-9.830156,0.00213,-0.005325,0.001065,99324.44,25.7,-0.000889
1796.866768,0.011069,-0.069426,0.019152,-9.77949,-9.779755,0.00213,-0.005325,0.00213,99324.44,25.7,0.049512
1796.877903,0.011135,-0.098154,0.014364,-9.822582,-9.823083,0.00213,-0.003195,0.003195,99324.44,25.7,0.006184
1796.890292,0.01239,-0.050274,0.050274,-9.824976,-9.825233,0.001065,-0.003195,0.001065,99324.44,25.7,0.004034
1796.900875,0.010583,-0.040698,0.007182,-9.822582,-9.822669,0.001065,-0.005325,0.003195,99324.47,25.7,0.006598
1796.911582,0.010707,-0.062244,0.002394,-9.805824,-9.806022,0.001065,-0.00639,0,99324.47,25.7,0.023245
1796.922798,0.011216,-0.03591,0.016758,-9.824976,-9.825056,0.001065,-0.005325,0.001065,99324.47,25.7,0.004211
1796.933843,0.011044,-0.102942,0.026334,-9.808218,-9.808794,0.003195,-0.00639,0.00213,99324.47,25.7,0.020473
1796.945048,0.011205,-0.081396,0.016758,-9.798642,-9.798994,0.00213,-0.005325,0.00213,99324.47,25.7,0.030273
1796.956344,0.011297,-0.10773,0.016758,-9.817794,-9.818399,0.00213,-0.005325,0.00213,99324.47,25.7,0.010868
1796.96753,0.011186,-0.07182,0.002394,-9.829764,-9.830027,0.001065,-0.00639,0.001065,99324.44,25.7,-0.00076
1796.978688,0.011157,-0.102942,0.031122,-9.832158,-9.832746,0.001065,-0.00639,0,99324.44,25.7,-0.003479
1796.989756,0.011068,-0.07182,0.01197,-9.796248,-9.796519,0.00426,-0.00426,0.001065,99324.44,25.7,0.032748
1797.000967,0.011211,-0.081396,0.007182,-9.820188,-9.820528,0.00213,-0.005325,0.00213,99324.44,25.7,0.008739
1797.012275,0.011308,-0.088578,0.021546,-9.824976,-9.825399,0,-0.007455,0.001065,99324.44,25.7,0.003868
1797.023389,0.011114,-0.08379,0,-9.834552,-9.834909,0.00426,-0.00639,0.003195,99324.44,25.7,-0.005642
1797.034655,0.011265,-0.079002,-0.019152,-9.817794,-9.818131,0.001065,-0.005325,0.00213,99324.34,25.7,0.011136
1797.045839,0.011184,-0.079002,0.007182,-9.822582,-9.822902,0.001065,-0.005325,0.003195,99324.34,25.7,0.006365
1797.056912,0.011073,-0.081396,0.028728,-9.834552,-9.834931,0.00213,-0.005325,0,99324.34,25.7,-0.005664
1797.068254,0.011342,-0.090972,0.01197,-9.805824,-9.806253,0.003195,-0.005325,0.001065,99324.34,25.7,0.023014
1797.07945,0.011197,-0.062244,-0.007182,-9.801036,-9.801236,-0.001065,-0.005325,0.001065,99324.34,25.7,0.028031
1797.090411,0.010961,-0.07182,0.026334,-9.810612,-9.81091,0.00213,-0.00852,0.003195,99324.42,25.7,0.018357
1797.101571,0.01116,-0.076608,0.009576,-9.824976,-9.825279,0.00213,-0.003195,0.003195,99324.42,25.7,0.003988
1797.112968,0.011397,-0.050274,0.002394,-9.836946,-9.837075,0.00213,-0.00426,0.001065,99324.42,25.7,-0.007808
1797.124033,0.011065,-0.045486,0.009576,-9.834552,-9.834662,0,-0.00213,0.003195,99324.42,25.7,-0.005395
1797.135279,0.011246,-0.050274,0.019152,-9.832158,-9.832305,0.00639,-0.007455,0,99324.42,25.7,-0.003038
1797.14634,0.01106,-0.057456,0.028728,-9.846522,-9.846732,0.001065,-0.00639,0,99324.42,25.7,-0.017465
1797.15772,0.01138,-0.088578,0.02394,-9.798642,-9.799072,0.003195,-0.00639,0.00213,99324.42,25.7,0.030195
1797.168704,0.010984,-0.07182,0.021546,-9.832158,-9.832444,0.001065,-0.00426,0.001065,99324.42,25.7,-0.003177
1797.179911,0.011207,-0.134064,0.043092,-9.846522,-9.847529,0.001065,-0.00426,0.001065,99324.42,25.7,-0.018262
1797.191116,0.011205,-0.05985,0.028728,-9.8154,-9.815625,0.001065,-0.00426,0.001065,99324.42,25.7,0.013642
1797.20293,0.011815,-0.05985,0.01197,-9.817794,-9.817984,0.001065,-0.00426,0.00213,99324.42,25.7,0.011283
1797.213459,0.010529,-0.102942,0.02394,-9.824976,-9.825544,0.003195,-0.00852,0.00213,99324.42,25.7,0.003723
1797.224649,0.01119,-0.064638,-0.002394,-9.836946,-9.837159,0,-0.003195,0.00213,99324.34,25.7,-0.007892
1797.235969,0.01132,-0.045486,-0.004788,-9.789066,-9.789173,0.00213,-0.007455,0.00426,99324.34,25.7,0.040094
1797.247058,0.01109,-0.088578,0.004788,-9.822582,-9.822983,0.001065,-0.00639,0.00213,99324.34,25.7,0.006284
1797.258239,0.011181,-0.074214,0,-9.80343,-9.803711,0.00213,-0.00639,0.00213,99324.34,25.7,0.025556
1797.269405,0.011166,-0.09576,0.016758,-9.824976,-9.825457,0.00213,-0.00852,0.00213,99324.34,25.7,0.00381
1797.281108,0.011703,-0.081396,0.002394,-9.841734,-9.842071,0.001065,-0.005325,0.00213,99324.34,25.7,-0.012804
1797.291971,0.010864,-0.076608,-0.016758,-9.841734,-9.842046,0.001065,-0.00426,0.001065,99324.36,25.7,-0.012779
1797.302976,0.011005,-0.08379,0.026334,-9.872856,-9.873247,0.00213,-0.005325,-0.001065,99324.36,25.7,-0.04398
1797.314248,0.011272,-0.076608,0,-9.820188,-9.820487,0.003195,-0.005325,0.00426,99324.36,25.7,0.00878
1797.325293,0.011045,-0.076608,-0.002394,-9.80343,-9.80373,0.001065,-0.00639,0.00213,99324.36,25.7,0.025537
1797.336497,0.011204,-0.093366,0.009576,-9.813006,-9.813455,0.00213,-0.005325,0,99324.36,25.7,0.015812
1797.348732,0.012235,-0.081396,0.014364,-9.83934,-9.839687,0.001065,-0.00426,0.001065,99324.3,25.7,-0.01042
1797.358946,0.010214,-0.069426,0.019152,-9.829764,-9.830028,0.00213,-0.003195,0.003195,99324.3,25.7,-0.000761
1797.37008,0.011134,-0.079002,0.009576,-9.848916,-9.849238,0.003195,-0.005325,0.001065,99324.3,25.7,-0.019971
1797.381249,0.011169,-0.069426,0.050274,-9.841734,-9.842107,0,-0.00639,0.00213,99324.3,25.7,-0.01284
1797.392376,0.011127,-0.076608,0.016758,-9.834552,-9.834865,0.00213,-0.005325,0.001065,99324.3,25.7,-0.005598
1797.403609,0.011233,-0.057456,-0.007182,-9.796248,-9.796419,0,-0.005325,0,99324.3,25.7,0.032848
1797.414981,0.011372,-0.055062,0,-9.844128,-9.844282,0.00213,-0.007455,0.00426,99324.23,25.7,-0.015015
1797.426052,0.011071,-0.057456,0.021546,-9.8154,-9.815592,0,-0.003195,0.001065,99324.23,25.7,0.013675
1797.437138,0.011086,-0.074214,0.014364,-9.834552,-9.834843,0.00213,-0.007455,0.00213,99324.23,25.7,-0.005576
1797.448344,0.011206,-0.076608,0.019152,-9.824976,-9.825293,0.00213,-0.00639,0,99324.23,25.7,0.003974
1797.459608,0.011264,-0.086184,-0.004788,-9.822582,-9.822961,0.00213,-0.005325,0,99324.23,25.7,0.006306
1797.470716,0.011108,-0.090972,0.03591,-9.8154,-9.815887,0.003195,-0.00639,0.003195,99324.23,25.7,0.01338
1797.482038,0.011322,-0.067032,0.014364,-9.841734,-9.841973,0.00213,-0.005325,0,99324.2,25.7,-0.012706
1797.493093,0.011054,-0.040698,0.02394,-9.813006,-9.81312,0,-0.00426,-0.00213,99324.2,25.7,0.016147
1797.504255,0.011162,-0.105336,0.040698,-9.83934,-9.839988,0.003195,-0.005325,0.001065,99324.2,25.7,-0.010721
1797.515543,0.011289,-0.038304,0.016758,-9.83934,-9.839429,0.003195,-0.00639,0.00213,99324.2,25.7,-0.010162
1797.526668,0.011125,-0.07182,0.007182,-9.813006,-9.813271,0,-0.00639,0.00213,99324.2,25.7,0.015996
1797.537893,0.011225,-0.081396,0,-9.83934,-9.839677,0.003195,-0.00426,0.00426,99324.2,25.7,-0.01041
1797.54907,0.011177,-0.081396,0.01197,-9.808218,-9.808563,0.001065,-0.007455,0.003195,99324.2,25.7,0.020704
1797.560214,0.011144,-0.074214,-0.007182,-9.8154,-9.815683,0.001065,-0.005325,0.00213,99324.2,25.7,0.013584
1797.571435,0.011222,-0.074214,0,-9.832158,-9.832438,-0.001065,-0.005325,0,99324.2,25.7,-0.003171
1797.582603,0.011167,-0.064638,0,-9.810612,-9.810825,0.001065,-0.00852,0.00213,99324.2,25.7,0.018442
1797.593949,0.011346,-0.069426,-0.002394,-9.805824,-9.80607,0.00213,-0.005325,0.003195,99324.2,25.7,0.023197
1797.604917,0.010968,-0.081396,-0.002394,-9.805824,-9.806162,0.00213,-0.00639,0.00213,99324.19,25.7,0.023105
1797.616204,0.011286,-0.100548,0.004788,-9.810612,-9.811128,0.001065,-0.005325,0.00213,99324.19,25.7,0.018139
1797.627361,0.011157,-0.055062,0.014364,-9.832158,-9.832323,0.00213,-0.005325,0.001065,99324.19,25.7,-0.003056
1797.638523,0.011162,-0.067032,0.014364,-9.813006,-9.813245,0.00213,-0.005325,0.00213,99324.19,25.7,0.016022
1797.649675,0.011152,-0.074214,0.028728,-9.808218,-9.808541,0.001065,-0.005325,0,99324.19,25.7,0.020726
1797.660906,0.01123,-0.08379,0.007182,-9.822582,-9.822942,0.00426,-0.00426,0.00213,99324.19,25.7,0.006325
1797.672182,0.011276,-0.081396,0.04788,-9.829764,-9.830218,0,-0.00639,-0.001065,99324.2,25.7,-0.000951
1797.683222,0.011041,-0.052668,0.021546,-9.813006,-9.813171,0.001065,-0.00639,0.00426,99324.2,25.7,0.016096
1797.694496,0.011273,-0.057456,0.01197,-9.82737,-9.827545,0,-0.00426,0.001065,99324.2,25.7,0.001722
1797.705566,0.01107,-0.08379,0.002394,-9.832158,-9.832515,0.003195,-0.00852,0.003195,99324.2,25.7,-0.003248
1797.716849,0.011284,-0.074214,0.028728,-9.8154,-9.815723,0.003195,-0.00426,0.00213,99324.2,25.7,0.013544
1797.728089,0.01124,-0.05985,0.01197,-9.8154,-9.81559,0.001065,-0.005325,0,99324.2,25.7,0.013677
1797.739331,0.011242,-0.074214,0.021546,-9.813006,-9.81331,0.001065,-0.00426,0.003195,99324.23,25.7,0.015957
1797.750368,0.011037,-0.105336,-0.009576,-9.83934,-9.839908,0.00213,-0.005325,0.00213,99324.23,25.7,-0.010641
1797.761487,0.011119,-0.090972,0.01197,-9.793854,-9.794284,0.00213,-0.003195,0.001065,99324.23,25.7,0.034983
1797.772709,0.011222,-0.055062,0.01197,-9.83934,-9.839501,0.00213,-0.00426,0.003195,99324.23,25.7,-0.010234
1797.783983,0.011275,-0.112518,0.016758,-9.813006,-9.813665,0.001065,-0.005325,0.00213,99324.23,25.7,0.015602
1797.7954,0.011417,-0.102942,0.009576,-9.8154,-9.815944,0.00213,-0.00639,0.003195,99324.2,25.7,0.013323
1797.806264,0.010864,-0.074214,0.002394,-9.80343,-9.803711,0.00213,-0.00639,0.00213,99324.2,25.7,0.025556
1797.817426,0.011162,-0.045486,0,-9.8154,-9.815505,0.001065,-0.00426,0.00426,99324.2,25.7,0.013762
1797.8286,0.011174,-0.086184,0.007182,-9.834552,-9.834932,0,-0.005325,0.00213,99324.2,25.7,-0.005665
1797.839857,0.011257,-0.079002,0.004788,-9.82737,-9.827689,0,-0.00426,0.00426,99324.2,25.7,0.001578
1797.85106,0.011203,-0.067032,-0.007182,-9.805824,-9.806056,0.00213,-0.00639,0.00213,99324.2,25.7,0.023211
1797.862384,0.011323,-0.04788,0.031122,-9.82737,-9.827536,-0.00213,-0.005325,0,99324.2,25.7,0.001731
1797.873365,0.010981,-0.079002,0,-9.822582,-9.8229,0.00213,-0.005325,0.003195,99324.2,25.7,0.006367
1797.88449,0.011125,-0.076608,0.016758,-9.822582,-9.822895,0.00213,-0.005325,0.001065,99324.2,25.7,0.006372
1797.895769,0.011279,-0.057456,0,-9.796248,-9.796416,0.00213,-0.00639,0.00426,99324.2,25.7,0.032851
1797.906973,0.011204,-0.088578,0.02394,-9.817794,-9.818223,0.00213,-0.00852,0.001065,99324.2,25.7,0.011044
1797.918082,0.011108,-0.043092,0.02394,-9.836946,-9.83707,0.001065,-0.007455,0.001065,99324.2,25.7,-0.007803
1797.929285,0.011204,-0.07182,0.014364,-9.822582,-9.822855,0.00213,-0.005325,0,99324.2,25.7,0.006412
1797.940459,0.011174,-0.09576,0,-9.860886,-9.861351,0.00213,-0.00426,0.003195,99324.2,25.7,-0.032084
1797.951676,0.011217,-0.050274,0.031122,-9.824976,-9.825154,0.00426,-0.007455,0.00213,99324.2,25.7,0.004113
1797.962941,0.011265,-0.090972,0.009576,-9.82737,-9.827796,0,-0.005325,0.001065,99324.2,25.7,0.001471
1797.974081,0.01114,-0.043092,0.031122,-9.80343,-9.803574,0.001065,-0.005325,0.001065,99324.2,25.7,0.025693
1797.985184,0.011103,-0.07182,-0.004788,-9.824976,-9.82524,0.00213,-0.007455,0.001065,99324.06,25.7,0.004027
1797.996391,0.011207,-0.114912,0.002394,-9.824976,-9.825648,0.001065,-0.007455,0.00213,99324.06,25.7,0.003619
1798.007601,0.011209,-0.064638,-0.007182,-9.82737,-9.827585,0.00213,-0.00639,0.001065,99324.06,25.7,0.001682
1798.018798,0.011198,-0.04788,-0.043092,-9.8154,-9.815611,0.001065,-0.00426,0.003195,99324.06,25.7,0.013656
1798.029929,0.011131,-0.07182,-0.002394,-9.822582,-9.822845,0.001065,-0.00852,0.00213,99324.06,25.7,0.006422
1798.04156,0.011631,-0.064638,0.014364,-9.796248,-9.796472,0.00639,-0.00639,0.003195,99324.06,25.7,0.032795
1798.052329,0.010768,-0.067032,0.02394,-9.832158,-9.832416,0.003195,-0.00426,0.003195,99324.06,25.7,-0.003149
1798.06363,0.011302,-0.074214,0.03591,-9.822582,-9.822928,0.001065,-0.005325,0.001065,99324.06,25.7,0.006339
1798.074351,0.010721,-0.079002,0.019152,-9.796248,-9.796585,0.00213,-0.00426,0.003195,99324.06,25.7,0.032682
1798.084439,0.010088,-0.079002,0.031122,-9.822582,-9.822949,0,-0.007455,0.00213,99324.06,25.7,0.006318
1798.094527,0.010088,-0.055062,-0.004788,-9.82737,-9.827525,0.00213,-0.005325,0.00213,99324.06,25.7,0.001742
1798.104625,0.010098,-0.069426,0.045486,-9.820188,-9.820539,0,-0.005325,0.00213,99324.06,25.7,0.008728
1798.114733,0.010107,-0.093366,0.004788,-9.813006,-9.813451,0.00426,-0.00639,0.001065,99324.06,25.7,0.015816
1798.124824,0.010092,-0.069426,0.01197,-9.8154,-9.815653,0.00213,-0.00639,0,99324.01,25.7,0.013614
1798.134927,0.010102,-0.102942,0.038304,-9.834552,-9.835165,0.00213,-0.00639,0,99324.01,25.7,-0.005898
1798.145056,0.010129,-0.09576,0.01197,-9.829764,-9.830238,0,-0.00213,0.00213,99324.01,25.7,-0.000971
1798.155163,0.010107,-0.076608,0.02394,-9.822582,-9.82291,0.001065,-0.00639,0.00213,99324.01,25.7,0.006357
1798.165266,0.010103,-0.100548,0.014364,-9.83934,-9.839864,0,-0.005325,0.00426,99324.01,25.7,-0.010597
1798.175363,0.010098,-0.057456,0.014364,-9.822582,-9.822761,0.00213,-0.005325,0.00213,99324.01,25.7,0.006506
1798.185453,0.010089,-0.098154,0.002394,-9.832158,-9.832648,0.001065,-0.007455,-0.001065,99324.01,25.7,-0.003381
1798.195574,0.010121,-0.064638,0.031122,-9.820188,-9.82045,0.003195,-0.007455,0.001065,99324.01,25.7,0.008817
1798.205691,0.010118,-0.08379,0.002394,-9.798642,-9.799001,0.00213,-0.005325,0.001065,99324.01,25.7,0.030266
1798.215794,0.010102,-0.088578,0.019152,-9.786672,-9.787092,0.00213,-0.005325,0.00213,99324.01,25.7,0.042175
1798.225876,0.010082,-0.04788,0.016758,-9.846522,-9.846653,-0.001065,-0.00426,0.001065,99324.01,25.7,-0.017386
1798.235989,0.010113,-0.05985,0.009576,-9.817794,-9.817981,0.00213,-0.007455,0.00213,99324.01,25.7,0.011286
1798.246287,0.010298,-0.076608,0.007182,-9.824976,-9.825277,0.00213,-0.00639,0.001065,99323.96,25.7,0.00399
1798.256397,0.01011,-0.045486,0.01197,-9.836946,-9.837058,0,-0.00426,0.00213,99323.96,25.7,-0.007791
1798.266489,0.010092,-0.090972,-0.007182,-9.808218,-9.808643,0.00426,-0.007455,0.00426,99323.96,25.7,0.020624
1798.276578,0.010089,-0.086184,0.014364,-9.829764,-9.830152,0.001065,-0.00852,0,99323.96,25.7,-0.000885
1798.28722,0.010642,-0.057456,-0.002394,-9.82737,-9.827538,0.00426,-0.00639,0,99323.96,25.7,0.001729
1798.298602,0.011382,-0.076608,0.004788,-9.817794,-9.818094,0,-0.00213,0.001065,99323.96,25.7,0.011173
1798.309561,0.010959,-0.098154,0.002394,-9.82737,-9.82786,0.003195,-0.00426,0.001065,99324.01,25.7,0.001407
1798.320831,0.01127,-0.088578,0.028728,-9.829764,-9.830205,0.00213,-0.00426,0,99324.01,25.7,-0.000938
1798.331961,0.01113,-0.08379,-0.002394,-9.836946,-9.837303,0.003195,-0.005325,0.003195,99324.01,25.7,-0.008036
1798.343102,0.01114,-0.08379,0.009576,-9.813006,-9.813368,0.001065,-0.00639,0.001065,99324.01,25.7,0.015899
1798.354363,0.011262,-0.098154,0.014364,-9.82737,-9.827871,0.001065,-0.00639,0.001065,99324.01,25.7,0.001396
1798.365474,0.011111,-0.086184,0.026334,-9.824976,-9.825389,0.00213,-0.005325,0.00426,99324.01,25.7,0.003878
1798.376752,0.011278,-0.062244,0.01197,-9.805824,-9.806029,0.001065,-0.00426,0.001065,99323.99,25.7,0.023238
1798.387849,0.011097,-0.074214,-0.004788,-9.820188,-9.82047,0.00213,-0.00639,0.00213,99323.99,25.7,0.008797
1798.399034,0.011185,-0.08379,0.004788,-9.82737,-9.827728,0.003195,-0.00426,0.00213,99323.99,25.7,0.001539
1798.410193,0.011159,-0.105336,-0.014364,-9.836946,-9.83752,0,-0.005325,0.003195,99323.99,25.7,-0.008253
1798.421377,0.011184,-0.069426,0.019152,-9.836946,-9.83721,0.001065,-0.00426,0.003195,99323.99,25.7,-0.007943
1798.432543,0.011166,-0.043092,0.016758,-9.82737,-9.827479,0.00213,-0.00426,0.00213,99323.99,25.7,0.001788
1798.443873,0.01133,-0.067032,0.004788,-9.805824,-9.806054,0.001065,-0.00639,0.003195,99324.06,25.7,0.023213
1798.455024,0.011151,-0.05985,0.031122,-9.786672,-9.786904,0.003195,-0.00426,-0.001065,99324.06,25.7,0.042363
1798.466108,0.011084,-0.067032,-0.007182,-9.83934,-9.839571,0.001065,-0.003195,0.003195,99324.06,25.7,-0.010304
1798.477322,0.011214,-0.079002,0.028728,-9.813006,-9.813366,0.001065,-0.007455,0.00213,99324.06,25.7,0.015901
1798.488476,0.011154,-0.057456,0.014364,-9.817794,-9.817973,0.00426,-0.00639,0.003195,99324.06,25.7,0.011294
1798.499718,0.011242,-0.062244,0.009576,-9.810612,-9.810814,0.00213,-0.003195,0,99324.06,25.7,0.018453
1798.510965,0.011248,-0.03591,0.004788,-9.836946,-9.837013,0.001065,-0.00639,0.00213,99324.06,25.7,-0.007746
1798.522059,0.011093,-0.064638,-0.002394,-9.848916,-9.849128,0,-0.00426,0,99324.06,25.7,-0.019861
1798.533332,0.011274,-0.08379,0.043092,-9.79146,-9.791913,0.00213,-0.005325,0.003195,99324.06,25.7,0.037354
1798.544589,0.011257,-0.081396,0.007182,-9.824976,-9.825316,0.00213,-0.00639,0.00213,99324.06,25.7,0.003951
1798.556385,0.011795,-0.098154,0.007182,-9.834552,-9.835044,0.00213,-0.00639,0,99324.06,25.7,-0.005777
1798.56691,0.010525,-0.098154,0.004788,-9.82737,-9.827861,0,-0.005325,0.00213,99324.26,25.7,0.001406
1798.577988,0.011078,-0.081396,0.016758,-9.824976,-9.825327,0.001065,-0.00426,0.001065,99324.26,25.7,0.00394
1798.589153,0.011165,-0.081396,0.016758,-9.82737,-9.827721,0.00213,-0.005325,0.00426,99324.26,25.7,0.001546
1798.600336,0.011182,-0.079002,0.016758,-9.836946,-9.837278,0.001065,-0.007455,0.003195,99324.26,25.7,-0.008011
1798.611626,0.01129,-0.100548,0.021546,-9.82737,-9.827908,0.001065,-0.007455,0.00213,99324.26,25.7,0.001359
1798.622778,0.011152,-0.08379,0.009576,-9.813006,-9.813368,0,-0.00426,0.00213,99324.26,25.7,0.015899
1798.63398,0.011202,-0.040698,-0.019152,-9.820188,-9.820291,0,-0.005325,0.00213,99324.33,25.71,0.008976
1798.64509,0.011111,-0.050274,0.019152,-9.83934,-9.839487,0,-0.00426,0.005325,99324.33,25.71,-0.01022
1798.656278,0.011187,-0.057456,0.014364,-9.824976,-9.825154,0.003195,-0.005325,0.001065,99324.33,25.71,0.004113
1798.667502,0.011225,-0.052668,-0.01197,-9.822582,-9.82273,0,-0.00639,0.003195,99324.33,25.71,0.006537
1798.678701,0.011198,-0.086184,0.033516,-9.834552,-9.834987,0.003195,-0.007455,0.001065,99324.33,25.71,-0.00572
1798.68983,0.011129,-0.069426,0.026334,-9.820188,-9.820469,0.001065,-0.00426,0.003195,99324.33,25.71,0.008798
1798.70099,0.01116,-0.069426,0.031122,-9.836946,-9.83724,0.001065,-0.005325,0.003195,99324.23,25.71,-0.007973
1798.7123,0.01131,-0.076608,-0.002394,-9.796248,-9.796548,0.001065,-0.00426,0.003195,99324.23,25.71,0.032719
1798.723494,0.011194,-0.074214,-0.007182,-9.836946,-9.837229,0.00213,-0.00426,0.00426,99324.23,25.71,-0.007962
1798.734842,0.011348,-0.079002,0.01197,-9.836946,-9.837271,0.003195,-0.00852,0.001065,99324.23,25.71,-0.008004
1798.745751,0.010909,-0.062244,0.02394,-9.808218,-9.808445,0.001065,-0.005325,0.00213,99324.23,25.71,0.020822
1798.756959,0.011208,-0.079002,0.002394,-9.817794,-9.818112,0.001065,-0.00639,0.00213,99324.23,25.7,0.011155
1798.768239,0.01128,-0.064638,0.01197,-9.80343,-9.80365,0.00213,-0.005325,0.001065,99324.23,25.7,0.025617
1798.779396,0.011157,-0.052668,0.007182,-9.829764,-9.829908,0.001065,-0.007455,0,99324.23,25.7,-0.000641
1798.790565,0.011169,-0.076608,0.004788,-9.805824,-9.806124,0.001065,-0.005325,0.003195,99324.23,25.7,0.023143
1798.801809,0.011244,-0.062244,0.002394,-9.808218,-9.808416,0.003195,-0.00639,0.00213,99324.23,25.7,0.020851
1798.813029,0.01122,-0.081396,0.01197,-9.841734,-9.842078,0.00213,-0.00426,0.001065,99324.23,25.7,-0.012811
1798.824179,0.01115,-0.08379,0.038304,-9.817794,-9.818226,0.00213,-0.00639,0.00213,99324.34,25.7,0.011041
1798.83537,0.011191,-0.067032,-0.007182,-9.820188,-9.820419,0.003195,-0.00639,0.001065,99324.34,25.7,0.008848
1798.846475,0.011106,-0.09576,0.03591,-9.82737,-9.827902,0.001065,-0.005325,0.00213,99324.34,25.7,0.001365
1798.857591,0.011116,-0.064638,0.021546,-9.82737,-9.827606,0.00213,-0.00426,0,99324.34,25.7,0.001661
1798.868774,0.011183,-0.079002,-0.009576,-9.841734,-9.842056,0.001065,-0.005325,0.001065,99324.34,25.7,-0.012789
1798.880066,0.011292,-0.076608,-0.009576,-9.829764,-9.830067,0.001065,-0.00426,0.00213,99324.34,25.7,-0.0008
1798.89194,0.011874,-0.064638,-0.009576,-9.824976,-9.825193,0,-0.00426,0.001065,99324.34,25.7,0.004074
1798.902522,0.010582,-0.069426,0.028728,-9.822582,-9.822869,0.00213,-0.00639,0.001065,99324.34,25.7,0.006398
1798.913684,0.011162,-0.088578,-0.004788,-9.822582,-9.822983,0.00426,-0.00426,-0.001065,99324.34,25.7,0.006284
1798.924698,0.011014,-0.05985,0.031122,-9.8154,-9.815632,0.00213,-0.007455,0.00639,99324.34,25.7,0.013635
1798.936016,0.011318,-0.079002,0.021546,-9.846522,-9.846862,-0.001065,-0.005325,0.003195,99324.34,25.7,-0.017595
1798.947151,0.011135,-0.08379,0.021546,-9.8154,-9.815781,0.005325,-0.00639,0.00213,99324.34,25.7,0.013486
1798.958329,0.011178,-0.090972,0.009576,-9.824976,-9.825402,0,-0.007455,0.001065,99324.38,25.7,0.003865
1798.96952,0.011191,-0.088578,0.002394,-9.793854,-9.794255,0.00213,-0.00639,0.00213,99324.38,25.7,0.035012
1798.980653,0.011133,-0.10773,0.01197,-9.810612,-9.811211,0.00213,-0.00426,0.00426,99324.38,25.7,0.018056
1798.991898,0.011245,-0.050274,-0.002394,-9.796248,-9.796377,0.00426,-0.005325,0.00213,99324.38,25.7,0.03289
1799.003209,0.011312,-0.08379,-0.004788,-9.824976,-9.825334,0,-0.00426,0.00213,99324.38,25.7,0.003933
1799.014636,0.011426,-0.04788,-0.01197,-9.824976,-9.8251,0.001065,-0.007455,0.00213,99324.34,25.7,0.004167
1799.024729,0.010093,-0.088578,-0.01197,-9.801036,-9.801444,0,-0.005325,0.001065,99324.34,25.7,0.027823
1799.03482,0.010091,-0.064638,0.021546,-9.805824,-9.806061,0.001065,-0.00639,0.001065,99324.34,25.7,0.023206
1799.0449,0.01008,-0.090972,0.007182,-9.796248,-9.796673,0.001065,-0.00213,0.001065,99324.34,25.7,0.032594
1799.055029,0.010129,-0.033516,-0.004788,-9.813006,-9.813064,0.00213,-0.00426,0.001065,99324.34,25.7,0.016203
1799.065122,0.010093,-0.045486,-0.009576,-9.817794,-9.817904,0.001065,-0.005325,0.003195,99324.34,25.7,0.011363
1799.075308,0.010186,-0.045486,0.016758,-9.824976,-9.825096,0.003195,-0.00639,0.00213,99324.34,25.7,0.004171
1799.085405,0.010097,-0.102942,0.031122,-9.80343,-9.80402,-0.00213,-0.00639,0,99324.23,25.7,0.025247
1799.095492,0.010087,-0.08379,0.031122,-9.805824,-9.806231,0.001065,-0.005325,0,99324.23,25.7,0.023036
1799.105604,0.010112,-0.088578,0.01197,-9.841734,-9.84214,0.00213,-0.005325,0.00213,99324.23,25.7,-0.012873
1799.115707,0.010104,-0.08379,0.009576,-9.808218,-9.808581,0.001065,-0.00426,0.001065,99324.23,25.7,0.020686
1799.126031,0.010324,-0.100548,0.007182,-9.820188,-9.820705,0.00213,-0.00852,0.00426,99324.23,25.7,0.008562
1799.137271,0.01124,-0.086184,0.019152,-9.82737,-9.827767,0.00213,-0.00639,0.00213,99324.23,25.7,0.0015
1799.148545,0.011274,-0.09576,0.028728,-9.83934,-9.839848,0.00213,-0.00426,0.003195,99324.41,25.7,-0.010581
1799.159628,0.011083,-0.069426,0.009576,-9.820188,-9.820438,0,-0.00426,0.00213,99324.41,25.7,0.008829
1799.170792,0.011165,-0.086184,0.019152,-9.832158,-9.832554,0.00213,-0.005325,0.00213,99324.41,25.7,-0.003287
1799.181952,0.01116,-0.086184,0.01197,-9.86328,-9.863664,0.003195,-0.00426,0.00213,99324.41,25.7,-0.034397
1799.193302,0.01135,-0.086184,0.002394,-9.844128,-9.844506,0.001065,-0.005325,0.001065,99324.41,25.7,-0.015239
1799.205312,0.012009,-0.067032,0.004788,-9.829764,-9.829994,0.00213,-0.00639,0.003195,99324.41,25.7,-0.000727
1799.215646,0.010334,-0.100548,0.014364,-9.786672,-9.787199,0.00426,-0.003195,0.003195,99324.41,25.7,0.042068
1799.226716,0.011071,-0.043092,0.01197,-9.813006,-9.813108,0.001065,-0.00639,0.00213,99324.41,25.7,0.016159
1799.237872,0.011156,-0.093366,-0.01197,-9.76752,-9.767974,-0.001065,-0.005325,0.005325,99324.41,25.7,0.061293
1799.249032,0.011159,-0.057456,0,-9.844128,-9.844296,0.00213,-0.00639,0.001065,99324.41,25.7,-0.015029
1799.260305,0.011273,-0.07182,0.019152,-9.820188,-9.820469,0.001065,-0.00426,0.001065,99324.41,25.7,0.008798
1799.271585,0.01128,-0.088578,0.021546,-9.813006,-9.813429,0.001065,-0.005325,0.003195,99324.46,25.7,0.015838
1799.282659,0.011074,-0.086184,-0.007182,-9.8154,-9.815781,0.003195,-0.00639,0.00213,99324.46,25.7,0.013486
1799.293803,0.011145,-0.136458,0.016758,-9.80343,-9.804394,0.001065,-0.005325,0.003195,99324.46,25.7,0.024873
1799.304977,0.011173,-0.088578,0.01197,-9.781884,-9.782292,0.00213,-0.00639,0.00213,99324.46,25.7,0.046975
1799.316342,0.011365,-0.064638,0.021546,-9.817794,-9.81803,0.001065,-0.00426,-0.001065,99324.46,25.7,0.011237
1799.328065,0.011723,-0.050274,-0.009576,-9.83934,-9.839473,0.00213,-0.00426,0.00213,99324.46,25.7,-0.010206
1799.338654,0.010589,-0.021546,-0.014364,-9.844128,-9.844162,0.001065,-0.005325,0.001065,99324.36,25.7,-0.014895
1799.349932,0.011278,-0.019152,-0.007182,-9.884826,-9.884847,0.00213,-0.00852,0.00213,99324.36,25.7,-0.05558
1799.360931,0.011,-0.05985,0.004788,-9.836946,-9.837129,0.00213,-0.003195,0.00426,99324.36,25.7,-0.007862
1799.372168,0.011236,-0.064638,0.014364,-9.813006,-9.813229,0.003195,-0.007455,0.003195,99324.36,25.7,0.016038
1799.383307,0.011139,-0.13167,0.057456,-9.80343,-9.804483,0.003195,-0.00639,0.00213,99324.36,25.7,0.024784
1799.394586,0.011278,-0.08379,0.040698,-9.786672,-9.787115,0.001065,-0.005325,0.00213,99324.36,25.7,0.042152
1799.40566,0.011074,-0.122094,0.052668,-9.810612,-9.811513,0.00213,-0.005325,0,99324.36,25.7,0.017754
1799.416836,0.011176,-0.098154,0.004788,-9.805824,-9.806316,0.00213,-0.00639,0.001065,99324.36,25.7,0.022951
1799.428175,0.011339,-0.016758,-0.01197,-9.848916,-9.848938,0.003195,-0.005325,0,99324.36,25.7,-0.019671
1799.439376,0.011202,-0.081396,0.019152,-9.856098,-9.856453,-0.001065,-0.005325,0,99324.36,25.7,-0.027186
1799.450406,0.01103,-0.057456,-0.007182,-9.820188,-9.820359,0.001065,-0.003195,0.00213,99324.36,25.7,0.008908
1799.462113,0.011707,-0.102942,0.004788,-9.805824,-9.806365,0.00426,-0.009585,0.001065,99324.42,25.7,0.022902
1799.472748,0.010635,-0.124488,0.016758,-9.820188,-9.820991,0,-0.00426,0,99324.42,25.7,0.008276
1799.484021,0.011273,-0.098154,-0.01197,-9.822582,-9.82308,0.003195,-0.00639,0.003195,99324.42,25.7,0.006187
1799.495262,0.011241,-0.08379,-0.014364,-9.817794,-9.818162,0,-0.00426,-0.001065,99324.42,25.7,0.011105
1799.506313,0.011051,-0.074214,0.002394,-9.88722,-9.887499,0.00213,-0.00639,0.001065,99324.42,25.7,-0.058232
1799.517757,0.011444,-0.069426,0.01197,-9.829764,-9.830016,0,-0.00639,0.00213,99324.42,25.7,-0.000749
1799.528699,0.010942,-0.067032,0.019152,-9.82737,-9.827617,0,-0.007455,0.003195,99324.42,25.7,0.00165
1799.539949,0.01125,-0.10773,-0.004788,-9.8154,-9.815992,0.00213,-0.007455,0.003195,99324.42,25.7,0.013275
1799.551064,0.011115,-0.098154,0.050274,-9.786672,-9.787293,0.001065,-0.00639,0,99324.42,25.7,0.041974
1799.562227,0.011163,-0.064638,0.019152,-9.813006,-9.813238,0.00213,-0.005325,0.003195,99324.42,25.7,0.016029
1799.573457,0.01123,-0.07182,0.004788,-9.813006,-9.81327,0.00213,-0.00426,0.00213,99324.42,25.7,0.015997
1799.584599,0.011142,-0.02394,-0.002394,-9.841734,-9.841763,0.003195,-0.00639,0.003195,99324.42,25.7,-0.012496
1799.595864,0.011266,-0.01197,-0.01197,-9.824976,-9.824991,0.001065,-0.00426,0.001065,99324.46,25.7,0.004276
1799.607012,0.011147,-0.045486,0.002394,-9.832158,-9.832264,0.00213,-0.005325,0.003195,99324.46,25.7,-0.002997
1799.618255,0.011243,-0.050274,0.019152,-9.808218,-9.808366,0.00213,-0.007455,0.001065,99324.46,25.7,0.020901
1799.629378,0.011123,-0.102942,0.040698,-9.805824,-9.806449,0.00213,-0.00639,0.001065,99324.46,25.7,0.022818
1799.640509,0.011131,-0.074214,0.019152,-9.801036,-9.801336,0.001065,-0.003195,0.003195,99324.46,25.7,0.027931
1799.651913,0.011405,-0.055062,0.021546,-9.82737,-9.827548,0.001065,-0.003195,0.001065,99324.46,25.7,0.001719
1799.663039,0.011126,-0.062244,0.01197,-9.834552,-9.834756,0,-0.00639,0.003195,99324.3,25.7,-0.005489
1799.674178,0.011139,-0.067032,-0.002394,-9.834552,-9.834781,0.001065,-0.00852,0,99324.3,25.7,-0.005514
1799.685298,0.011119,-0.07182,0.016758,-9.829764,-9.830041,0.00213,-0.005325,0.00213,99324.3,25.7,-0.000774
1799.696619,0.011321,-0.110124,0.007182,-9.820188,-9.820808,0.001065,-0.005325,0.003195,99324.3,25.7,0.008459
1799.707869,0.01125,-0.126882,0.009576,-9.805824,-9.80665,-0.001065,-0.005325,0.00213,99324.3,25.7,0.022617
1799.718847,0.010978,-0.105336,0.031122,-9.82737,-9.827984,0.001065,-0.005325,0,99324.3,25.7,0.001283
1799.73012,0.011273,-0.088578,0.004788,-9.829764,-9.830164,0.001065,-0.00426,-0.003195,99324.34,25.7,-0.000897
1799.741215,0.011095,-0.134064,-0.016758,-9.829764,-9.830692,0.00213,-0.003195,0.00213,99324.34,25.7,-0.001425
1799.752363,0.011148,-0.086184,0.014364,-9.844128,-9.844516,0.00213,-0.007455,0.00639,99324.34,25.7,-0.015249
1799.763622,0.011259,-0.08379,0.01197,-9.820188,-9.820553,0,-0.00639,0.003195,99324.34,25.7,0.008714
1799.775578,0.011956,-0.102942,0.026334,-9.796248,-9.796824,-0.001065,-0.00426,0,99324.34,25.7,0.032443
1799.786043,0.010465,-0.129276,0.007182,-9.793854,-9.79471,0.001065,-0.00639,0.00213,99324.46,25.7,0.034557
1799.797124,0.011081,-0.10773,0.031122,-9.822582,-9.823222,0.003195,-0.003195,0.00213,99324.46,25.7,0.006045
1799.808307,0.011183,-0.067032,0.01197,-9.798642,-9.798879,0,-0.00639,0.003195,99324.46,25.7,0.030388
1799.819495,0.011188,-0.045486,-0.016758,-9.832158,-9.832277,0.00213,-0.005325,0.00426,99324.46,25.7,-0.00301
1799.83075,0.011255,-0.052668,0.01197,-9.834552,-9.8347,0.001065,-0.00426,0.001065,99324.46,25.7,-0.005433
1799.841832,0.011082,-0.038304,0.02394,-9.841734,-9.841838,0.001065,-0.00213,0.00426,99324.46,25.7,-0.012571
1799.853113,0.011281,-0.026334,0.01197,-9.8154,-9.815443,0.00426,-0.005325,0.00213,99324.33,25.7,0.013824
1799.864194,0.011081,-0.064638,0,-9.82737,-9.827583,0.00213,-0.005325,0.00426,99324.33,25.7,0.001684
1799.875554,0.01136,-0.062244,0.021546,-9.82737,-9.827591,0.00213,-0.00639,0,99324.33,25.7,0.001676
1799.886609,0.011056,-0.021546,0.019152,-9.829764,-9.829806,0.001065,-0.005325,0.00213,99324.33,25.7,-0.000539
1799.897862,0.011253,-0.093366,-0.004788,-9.846522,-9.846966,0,-0.00639,-0.001065,99324.33,25.7,-0.017699
1799.90897,0.011108,-0.043092,-0.002394,-9.853704,-9.853799,0.003195,-0.003195,0.00213,99324.33,25.7,-0.024532
1799.920161,0.011191,-0.043092,0.014364,-9.85131,-9.851415,0.001065,-0.005325,0,99324.33,25.7,-0.022148
1799.931385,0.011224,-0.086184,-0.007182,-9.83934,-9.83972,0,-0.005325,0.00213,99324.33,25.7,-0.010453
1799.94252,0.011135,-0.105336,0.033516,-9.805824,-9.806447,0.00213,-0.00852,0.00213,99324.33,25.7,0.02282
1799.953753,0.011234,-0.146034,0.038304,-9.805824,-9.806986,0,-0.00852,0.003195,99324.33,25.7,0.022281
1799.965089,0.011336,-0.126882,0.03591,-9.8154,-9.816286,0.001065,-0.00426,0,99324.33,25.7,0.012981
1799.976131,0.011042,-0.08379,0.043092,-9.784278,-9.784732,0,-0.00639,0.003195,99324.28,25.7,0.044535
1799.987307,0.011176,-0.110124,0.01197,-9.80343,-9.804056,0,-0.003195,0.001065,99324.28,25.7,0.025211
1799.998477,0.01117,-0.062244,-0.004788,-9.834552,-9.83475,0,-0.005325,0.001065,99324.28,25.7,-0.005483
1800.009631,0.011153,-0.074214,0.026334,-9.824976,-9.825292,0.001065,-0.005325,0,99324.28,25.7,0.003975
1800.020809,0.011178,-0.088578,-0.014364,-9.805824,-9.806235,0.00213,-0.005325,0.00213,99324.28,25.7,0.023032
1800.03205,0.011242,-0.09576,0.007182,-9.836946,-9.837415,0.001065,-0.007455,0.00213,99324.28,25.7,-0.008148
1800.04351,0.01146,-0.102942,0.007182,-9.810612,-9.811155,0.00213,-0.00639,0.001065,99324.07,25.7,0.018112
1800.054632,0.011122,-0.076608,-0.040698,-9.848916,-9.849298,0.003195,-0.003195,0.005325,99324.07,25.7,-0.020031
1800.065529,0.010897,-0.088578,-0.01197,-9.85131,-9.851715,0,-0.003195,0.00213,99324.07,25.7,-0.022448
1800.076737,0.011209,-0.064638,0.002394,-9.83934,-9.839553,0.001065,-0.005325,0.001065,99324.07,25.7,-0.010286
1800.087994,0.011257,-0.07182,0.021546,-9.82737,-9.827656,0.00426,-0.00639,0.001065,99324.07,25.7,0.001611
1800.099132,0.011137,-0.05985,0.002394,-9.841734,-9.841916,0.001065,-0.00426,0.001065,99324.07,25.7,-0.012649
1800.110323,0.011192,-0.067032,-0.004788,-9.79146,-9.791691,0.001065,-0.00426,0.005325,99324.09,25.7,0.037576
1800.121521,0.011197,-0.02394,0.016758,-9.80343,-9.803474,0,-0.00426,0.001065,99324.09,25.7,0.025793
1800.132624,0.011103,-0.02394,0.033516,-9.808218,-9.808304,0.003195,-0.007455,0.00639,99324.09,25.7,0.020963
1800.143855,0.011231,-0.033516,0.021546,-9.817794,-9.817875,0.00213,-0.003195,0.001065,99324.09,25.7,0.011392
1800.155151,0.011296,-0.057456,0.016758,-9.8154,-9.815582,0,-0.007455,-0.001065,99324.09,25.7,0.013685
1800.166527,0.011376,-0.055062,0.031122,-9.817794,-9.817998,0.00213,-0.005325,0.003195,99323.91,25.7,0.011269
1800.176885,0.010358,-0.019152,0.02394,-9.80343,-9.803478,0,-0.003195,0.00426,99323.91,25.7,0.025789
1800.186974,0.010089,-0.086184,0.014364,-9.798642,-9.799032,0.00213,-0.005325,0.00426,99323.91,25.7,0.030235
1800.197075,0.0101,-0.081396,0.03591,-9.813006,-9.813409,0.001065,-0.005325,0.00213,99323.91,25.7,0.015858
1800.207214,0.010139,-0.074214,0.004788,-9.798642,-9.798924,0.00213,-0.005325,0.003195,99323.91,25.7,0.030343
1800.217329,0.010115,-0.081396,-0.014364,-9.810612,-9.81096,0,-0.003195,-0.001065,99323.91,25.7,0.018307
1800.227472,0.010143,-0.098154,0.01197,-9.820188,-9.820686,0.00213,-0.005325,0.003195,99323.91,25.7,0.008581
1800.23758,0.010108,-0.081396,0.016758,-9.829764,-9.830115,0.00213,-0.005325,0.001065,99323.91,25.7,-0.000848
1800.247705,0.010125,-0.105336,-0.007182,-9.824976,-9.825543,0.00213,-0.003195,0.001065,99323.91,25.7,0.003724
1800.257833,0.010128,-0.136458,0.009576,-9.82737,-9.828322,0.00213,-0.00852,0.00213,99323.91,25.7,0.000945
1800.267945,0.010112,-0.100548,0,-9.836946,-9.83746,0.00213,-0.005325,0.00213,99323.91,25.7,-0.008193
1800.278041,0.010096,-0.086184,-0.014364,-9.858492,-9.858879,0.005325,-0.005325,0.00213,99323.91,25.7,-0.029612
1800.288122,0.010081,-0.126882,-0.004788,-9.853704,-9.854522,0.001065,-0.00639,0.001065,99323.91,25.7,-0.025255
1800.298243,0.010121,-0.07182,-0.04788,-9.810612,-9.810992,0.001065,-0.001065,0.00213,99323.87,25.7,0.018275
1800.308342,0.010099,-0.102942,-0.028728,-9.82737,-9.827951,0.001065,-0.00852,0.003195,99323.87,25.7,0.001316
1800.318432,0.01009,-0.08379,-0.02394,-9.83934,-9.839726,0.00213,-0.005325,0.00213,99323.87,25.7,-0.010459
1800.32853,0.010098,-0.07182,0.021546,-9.817794,-9.81808,0.00213,-0.005325,0.00426,99323.87,25.7,0.011187
1800.338622,0.010092,-0.088578,-0.007182,-9.813006,-9.813408,-0.00213,-0.00426,0.001065,99323.87,25.7,0.015859
1800.348707,0.010084,-0.079002,0.02394,-9.829764,-9.830111,0.00213,-0.005325,0.00213,99323.87,25.7,-0.000844
1800.358802,0.010095,-0.062244,0.014364,-9.820188,-9.820396,0.001065,-0.005325,0.003195,99323.87,25.7,0.008871
1800.368928,0.010126,-0.057456,0.021546,-9.777096,-9.777289,0.001065,-0.005325,0.00213,99323.93,25.7,0.051978
1800.379254,0.010326,-0.021546,0.019152,-9.793854,-9.793896,0.001065,-0.00639,0,99323.93,25.7,0.035371
1800.389349,0.010095,-0.057456,0.016758,-9.870462,-9.870643,0.003195,-0.00639,0.001065,99323.93,25.7,-0.041376
1800.399439,0.010089,-0.038304,0.004788,-9.83934,-9.839416,0.001065,0,0.001065,99323.93,25.7,-0.010149
1800.40956,0.010121,-0.076608,0.007182,-9.784278,-9.784581,0.001065,-0.007455,0.003195,99323.93,25.7,0.044686
1800.419657,0.010097,-0.076608,0.016758,-9.82737,-9.827683,0.001065,-0.005325,0.001065,99323.93,25.7,0.001584
1800.429816,0.010158,-0.045486,0.045486,-9.813006,-9.813217,-0.001065,-0.005325,0.001065,99323.95,25.7,0.01605
1800.439912,0.010096,-0.067032,0.031122,-9.820188,-9.820466,-0.00213,-0.007455,0.001065,99323.95,25.7,0.008801
1800.45002,0.010108,-0.1197,0.038304,-9.834552,-9.835355,0.003195,-0.005325,0.00213,99323.95,25.7,-0.006088
1800.460102,0.010083,-0.04788,0.031122,-9.880038,-9.880203,0,-0.00426,-0.001065,99323.95,25.7,-0.050936
1800.470238,0.010135,-0.069426,0.02394,-9.822582,-9.822857,0,-0.005325,0.00213,99323.95,25.7,0.00641
1800.480332,0.010094,-0.086184,-0.040698,-9.832158,-9.83262,-0.001065,-0.005325,0.001065,99323.95,25.7,-0.003353
1800.490586,0.010255,-0.016758,0,-9.820188,-9.820202,0,-0.005325,0.001065,99323.85,25.7,0.009065
1800.500717,0.010131,-0.158004,0.007182,-9.82737,-9.828643,0.00213,-0.00639,0.00426,99323.85,25.7,0.000624
1800.510798,0.010081,-0.057456,-0.016758,-9.83934,-9.839522,-0.001065,-0.00639,0.00213,99323.85,25.7,-0.010255
1800.520898,0.010099,-0.031122,0.002394,-9.822582,-9.822632,0.001065,-0.00213,0.00213,99323.85,25.7,0.006635
1800.531053,0.010155,-0.150822,0.01197,-9.817794,-9.81896,0.001065,-0.01065,0.00426,99323.85,25.7,0.010307
1800.541142,0.010089,-0.10773,-0.014364,-9.822582,-9.823183,0.00213,-0.00426,-0.001065,99323.85,25.7,0.006084
1800.551242,0.010101,-0.019152,0,-9.836946,-9.836965,0.001065,-0.00426,0.00213,99323.85,25.7,-0.007698
1800.561346,0.010104,-0.09576,0.016758,-9.810612,-9.811094,0.00213,-0.005325,0,99323.85,25.7,0.018173
1800.571464,0.010118,-0.069426,-0.031122,-9.824976,-9.825271,0.00213,-0.005325,0.00213,99323.85,25.7,0.003996
1800.58156,0.010097,-0.067032,0.009576,-9.810612,-9.810846,0.003195,-0.005325,0.003195,99323.85,25.7,0.018421
1800.591901,0.010341,-0.117306,0.009576,-9.798642,-9.799349,0,-0.00426,0.003195,99323.85,25.7,0.029918
1800.601995,0.010094,-0.079002,-0.002394,-9.83934,-9.839657,0.00213,-0.003195,0.001065,99323.85,25.7,-0.01039
1800.612186,0.01019,-0.064638,0.014364,-9.772308,-9.772532,0,-0.005325,0.00426,99323.85,25.7,0.056735
1800.622484,0.010298,-0.102942,0.038304,-9.8154,-9.816015,-0.001065,-0.00426,0,99323.8,25.7,0.013252
1800.632574,0.010091,-0.105336,0.028728,-9.834552,-9.835158,0.00213,-0.00426,0,99323.8,25.7,-0.005891
1800.642668,0.010094,-0.019152,0.019152,-9.846522,-9.846559,0,-0.005325,0.00213,99323.8,25.7,-0.017292
1800.652777,0.01011,-0.04788,0.002394,-9.808218,-9.808335,0.00426,-0.00639,0.00213,99323.8,25.7,0.020932
1800.662888,0.010111,-0.100548,0.028728,-9.813006,-9.813563,0,-0.005325,0.00426,99323.8,25.7,0.015704
1800.672979,0.010091,-0.040698,0.031122,-9.820188,-9.820322,0,-0.005325,0,99323.8,25.7,0.008945
1800.68308,0.010101,-0.069426,0.014364,-9.810612,-9.810868,-0.00213,-0.00426,0.00213,99323.82,25.7,0.018399
1800.693172,0.010092,-0.055062,0.014364,-9.822582,-9.822747,0.001065,-0.00639,0.00213,99323.82,25.7,0.00652
1800.703659,0.010486,-0.062244,0.019152,-9.757944,-9.758161,0.00213,-0.001065,0.001065,99323.82,25.7,0.071106
1800.713775,0.010117,-0.03591,-0.007182,-9.757944,-9.758013,-0.001065,-0.005325,0.001065,99323.82,25.7,0.071254
1800.723823,0.010047,-0.062244,0.016758,-9.714852,-9.715066,0,-0.00639,0,99323.82,25.7,0.114201
1800.733906,0.010083,-0.040698,-0.007182,-9.745974,-9.746062,0,-0.00426,0.001065,99323.82,25.7,0.083205
1800.744075,0.010169,-0.067032,0.002394,-9.765126,-9.765356,0.00426,-0.00426,0.001065,99323.82,25.7,0.063911
1800.754223,0.010148,-0.079002,0.004788,-9.774702,-9.775022,0.00426,-0.005325,0,99323.8,25.7,0.054245
1800.764306,0.010083,-0.043092,0.007182,-9.79146,-9.791557,0.003195,-0.00639,0.00213,99323.8,25.7,0.03771
1800.774495,0.010189,-0.114912,-0.009576,-9.83934,-9.840016,0,-0.007455,0.00213,99323.8,25.7,-0.010749
1800.784601,0.010106,-0.08379,0.033516,-9.817794,-9.818209,0.001065,-0.003195,0.00213,99323.8,25.7,0.011058
1800.79473,0.01013,-0.057456,0,-9.848916,-9.849084,0.001065,-0.00426,0.001065,99323.8,25.7,-0.019817
1800.804821,0.01009,-0.088578,0,-9.846522,-9.84692,0.001065,-0.007455,0.00213,99323.8,25.7,-0.017653
1800.814917,0.010097,-0.052668,0.02394,-9.860886,-9.861056,0.00213,-0.005325,0.001065,99323.77,25.71,-0.031789
1800.825029,0.010111,-0.112518,0.014364,-9.877644,-9.878295,0.001065,-0.003195,0.00213,99323.77,25.71,-0.049028
1800.835122,0.010093,-0.088578,-0.009576,-9.85131,-9.851713,0.001065,-0.00426,0.005325,99323.77,25.71,-0.022446
1800.845226,0.010105,-0.102942,0.028728,-9.884826,-9.885404,0.00426,-0.00426,0.001065,99323.77,25.71,-0.056137
1800.855348,0.010122,-0.093366,0.021546,-9.880038,-9.880503,0.003195,-0.00426,0.001065,99323.77,25.71,-0.051236
1800.865433,0.010085,-0.148428,-0.007182,-9.88722,-9.888337,0.00213,-0.007455,0.001065,99323.77,25.71,-0.05907
1800.875575,0.010142,-0.088578,0.02394,-9.870462,-9.870888,0.00213,-0.005325,0.00213,99323.8,25.71,-0.041621
1800.885666,0.010091,-0.076608,0.014364,-9.870462,-9.87077,0.003195,-0.007455,0.003195,99323.8,25.71,-0.041503
1800.895765,0.010099,-0.10773,0.009576,-9.86328,-9.863873,0.001065,-0.005325,0,99323.8,25.71,-0.034606
1800.905887,0.010122,-0.08379,0.019152,-9.860886,-9.861261,0.001065,-0.00426,0,99323.8,25.71,-0.031994
1800.916383,0.010496,-0.069426,0.007182,-9.848916,-9.849163,0,-0.00426,0.00213,99323.8,25.71,-0.019896
1800.926916,0.010533,-0.052668,-0.004788,-9.846522,-9.846664,-0.001065,-0.005325,0.003195,99323.8,25.71,-0.017397
1800.937013,0.010096,-0.064638,-0.004788,-9.858492,-9.858705,0.001065,-0.00639,0.001065,99323.8,25.71,-0.029438
1800.949122,0.012109,-0.07182,0.01197,-9.834552,-9.834822,0.001065,-0.00426,0.001065,99323.8,25.71,-0.005555
1800.960544,0.011422,-0.033516,0.007182,-9.846522,-9.846582,0,-0.005325,0.00213,99323.8,25.71,-0.017315
1800.971699,0.011155,-0.026334,-0.019152,-9.829764,-9.829818,0.00213,-0.007455,0.00213,99323.8,25.71,-0.000551
1800.982777,0.011078,-0.067032,0.004788,-9.832158,-9.832388,0,-0.00426,0.00426,99323.8,25.71,-0.003121
1800.994204,0.011427,-0.050274,-0.01197,-9.829764,-9.8299,0.003195,-0.005325,0.00213,99323.8,25.71,-0.000633
1801.005056,0.010852,-0.038304,-0.004788,-9.865674,-9.86575,0,-0.005325,0.001065,99323.82,25.71,-0.036483
1801.017057,0.012001,-0.079002,0.01197,-9.848916,-9.84924,0.005325,-0.00852,0.001065,99323.82,25.71,-0.019973
1801.027503,0.010446,-0.081396,0.004788,-9.868068,-9.868405,0.00213,-0.00426,0.003195,99323.82,25.71,-0.039138
1801.037601,0.010098,-0.086184,0.002394,-9.858492,-9.858869,0.001065,-0.001065,-0.001065,99323.82,25.71,-0.029602
1801.047689,0.010088,-0.067032,0.01197,-9.86328,-9.863515,0,-0.005325,0.00213,99323.82,25.71,-0.034248
1801.057796,0.010108,-0.069426,0.01197,-9.88722,-9.887471,0,-0.00426,0.00213,99323.82,25.71,-0.058204
1801.067898,0.010102,-0.112518,0,-9.901584,-9.902223,0.003195,-0.007455,0.001065,99323.79,25.71,-0.072956
1801.078259,0.010361,-0.086184,0.03591,-9.884826,-9.885267,0.00213,-0.00426,0.005325,99323.79,25.71,-0.056
1801.088373,0.010114,-0.090972,0.021546,-9.892008,-9.89245,0.001065,-0.005325,0.001065,99323.79,25.71,-0.063183
1801.098462,0.010089,-0.090972,0.004788,-9.89919,-9.899609,0,-0.00426,0.001065,99323.79,25.71,-0.070342
1801.110235,0.011774,-0.10773,0.01197,-9.932706,-9.933297,0.003195,-0.00426,0.00213,99323.79,25.71,-0.10403
1801.120321,0.010086,-0.098154,0.007182,-9.930312,-9.9308,0.001065,-0.005325,0.001065,99323.79,25.71,-0.101533
1801.130563,0.010241,-0.076608,-0.002394,-9.925524,-9.92582,0.001065,-0.00639,0.003195,99323.79,25.71,-0.096553
1801.140666,0.010103,-0.1197,0.038304,-9.992556,-9.993346,0.001065,-0.00639,0.00213,99323.93,25.71,-0.164079
1801.150971,0.010305,-0.08379,0.028728,-9.961434,-9.961828,0.00213,-0.00213,0,99323.93,25.71,-0.132561
1801.162512,0.011541,-0.09576,-0.014364,-9.966222,-9.966692,0,-0.007455,0,99323.93,25.71,-0.137425
1801.172808,0.010296,-0.09576,0.02394,-10.002132,-10.002619,0.00213,-0.00852,-0.001065,99323.93,25.71,-0.173352
1801.184057,0.011249,-0.079002,-0.004788,-10.00692,-10.007233,0.001065,-0.00639,0.00213,99323.93,25.71,-0.177966
1801.194511,0.010454,-0.074214,-0.004788,-10.01889,-10.019166,0.00426,-0.005325,0.003195,99323.93,25.71,-0.189899
1801.204596,0.010086,-0.069426,0,-9.999738,-9.999979,-0.001065,-0.00426,0,99324.03,25.71,-0.170712
1801.214685,0.010088,-0.062244,-0.019152,-10.040436,-10.040647,0.003195,-0.007455,0.003195,99324.03,25.71,-0.21138
1801.224821,0.010136,-0.062244,0.01197,-10.038042,-10.038242,0.001065,-0.00426,0.00213,99324.03,25.71,-0.208975
1801.234929,0.010109,-0.062244,0.02394,-10.040436,-10.040657,0.001065,-0.00639,0.001065,99324.03,25.71,-0.21139
1801.245101,0.010171,-0.074214,-0.004788,-10.047618,-10.047893,0,-0.00426,0.001065,99324.03,25.71,-0.218626
1801.255213,0.010112,-0.074214,0.004788,-10.057194,-10.057469,0.001065,-0.00639,0.00426,99324.03,25.71,-0.228202
1801.265324,0.010111,-0.074214,0.031122,-10.061982,-10.062304,0.003195,-0.00639,0.00213,99324.03,25.71,-0.233037
1801.275409,0.010084,-0.076608,0.01197,-10.071558,-10.071856,0.001065,-0.00426,0,99324.03,25.71,-0.242589
1801.285502,0.010093,-0.052668,-0.016758,-10.059588,-10.05974,0.001065,-0.00639,0.00426,99324.03,25.71,-0.230473
1801.295597,0.010096,-0.05985,0.014364,-10.06677,-10.066958,0.00213,-0.00639,0.001065,99324.03,25.71,-0.237691
1801.305723,0.010126,-0.090972,0.031122,-10.088316,-10.088774,0.001065,-0.00426,0.00213,99324.03,25.71,-0.259507
1801.315916,0.010193,-0.052668,0.01197,-10.088316,-10.088461,0.00213,-0.005325,0.00426,99324.03,25.71,-0.259194
1801.325998,0.010081,-0.08379,0.028728,-10.088316,-10.088705,0.00213,-0.005325,-0.001065,99324.03,25.71,-0.259438
1801.336117,0.010119,-0.086184,0.033516,-10.076346,-10.07677,0.00213,-0.00426,0.001065,99323.98,25.71,-0.247503
1801.34619,0.010073,-0.08379,0.007182,-10.06677,-10.067121,0.00213,-0.00852,0.001065,99323.98,25.71,-0.237854
1801.356287,0.010097,-0.10773,0.040698,-10.093104,-10.093761,0.00213,-0.005325,0.00213,99323.98,25.71,-0.264494
1801.36638,0.010093,-0.05985,0.004788,-10.093104,-10.093283,0.00213,-0.005325,0.00213,99323.98,25.71,-0.264016
1801.376513,0.010133,-0.105336,0.002394,-10.088316,-10.088866,0.00213,-0.005325,0.00213,99323.98,25.71,-0.259599
1801.386598,0.010085,-0.10773,0.031122,-10.057194,-10.057819,0.001065,-0.005325,0.001065,99323.98,25.71,-0.228552
1801.397208,0.01061,-0.102942,0.028728,-10.09071,-10.091276,0.001065,-0.005325,0.00213,99323.91,25.71,-0.262009
1801.407358,0.01015,-0.064638,0.007182,-10.088316,-10.088526,0.00213,-0.00639,0.001065,99323.91,25.71,-0.259259
1801.417456,0.010097,-0.09576,0.02394,-10.100286,-10.100768,0.00213,-0.005325,0.00213,99323.91,25.71,-0.271501
1801.427531,0.010075,-0.08379,-0.014364,-10.083528,-10.083886,0,-0.003195,-0.001065,99323.91,25.71,-0.254619
1801.437673,0.010142,-0.098154,-0.033516,-10.121832,-10.122363,0.00213,-0.005325,0,99323.91,25.71,-0.293096
1801.44777,0.010097,-0.088578,-0.002394,-10.119438,-10.119826,0.00426,-0.005325,0.00213,99323.91,25.71,-0.290559
1801.457862,0.010091,-0.093366,0,-10.121832,-10.122263,0.00213,-0.005325,0.003195,99323.8,25.71,-0.292996
1801.467947,0.010085,-0.100548,0,-10.105074,-10.105574,0,-0.00426,0,99323.8,25.71,-0.276307
1801.478057,0.01011,-0.081396,0.019152,-10.097892,-10.098238,0,-0.00639,0.00213,99323.8,25.71,-0.268971
1801.488144,0.010088,-0.086184,-0.019152,-10.133802,-10.134187,0.001065,-0.00639,0.003195,99323.8,25.71,-0.30492
1801.498264,0.01012,-0.055062,0.002394,-10.11465,-10.1148,0.003195,-0.00426,0.003195,99323.8,25.71,-0.285533
1801.508803,0.010539,-0.067032,-0.009576,-10.112256,-10.112483,0.00213,-0.007455,0.00213,99323.8,25.71,-0.283216
1801.518904,0.010101,-0.057456,0.004788,-10.131408,-10.131572,0.001065,-0.007455,0.00213,99323.91,25.71,-0.302305
1801.529066,0.010162,-0.081396,0.007182,-10.148166,-10.148495,0.003195,-0.003195,0.00213,99323.91,25.71,-0.319228
1801.539153,0.010086,-0.05985,0.038304,-10.145772,-10.146021,0.001065,-0.00639,0.00213,99323.91,25.71,-0.316754
1801.549239,0.010086,-0.05985,0.002394,-10.124226,-10.124403,0.00213,-0.00213,0.001065,99323.91,25.71,-0.295136
1801.559325,0.010086,-0.062244,0.014364,-10.15056,-10.150761,0,-0.005325,0.00213,99323.91,25.71,-0.321494
1801.569455,0.01013,-0.098154,0.021546,-10.152954,-10.153451,0,-0.00639,0.00213,99323.91,25.71,-0.324184
1801.579566,0.010111,-0.07182,0.002394,-10.143378,-10.143633,0.001065,-0.005325,0.00213,99323.91,25.71,-0.314366
1801.58967,0.010104,-0.08379,0.009576,-10.155348,-10.155698,0.003195,-0.00639,0,99323.99,25.71,-0.326431
1801.599765,0.010096,-0.067032,0.028728,-10.181682,-10.181943,0.001065,-0.003195,0.003195,99323.99,25.71,-0.352676
1801.609857,0.010091,-0.076608,0.004788,-10.18647,-10.186759,0.00213,-0.005325,0.003195,99323.99,25.71,-0.357492
1801.619961,0.010104,-0.069426,0.009576,-10.208016,-10.208257,0.001065,-0.005325,0.00213,99323.99,25.71,-0.37899
1801.630039,0.010079,-0.098154,0.038304,-10.18647,-10.187015,0.00213,-0.005325,0.003195,99323.99,25.71,-0.357748
1801.640155,0.010115,-0.057456,0.031122,-10.203228,-10.203437,0.00213,-0.007455,0.00213,99323.99,25.71,-0.37417
1801.650237,0.010082,-0.08379,-0.007182,-10.205622,-10.205968,0,-0.003195,0,99323.99,25.71,-0.376701
1801.660335,0.010098,-0.102942,0.02394,-10.229562,-10.230108,0.001065,-0.00426,0.001065,99323.99,25.71,-0.400841
1801.670431,0.010095,-0.086184,0.002394,-10.22238,-10.222744,0.003195,-0.005325,0.003195,99323.99,25.71,-0.393477
1801.680558,0.010127,-0.098154,0.014364,-10.217592,-10.218074,0.00213,-0.00426,0.001065,99323.99,25.71,-0.388807
1801.690675,0.010116,-0.081396,-0.007182,-10.255896,-10.256222,0.00213,-0.00426,0.001065,99323.99,25.71,-0.426955
1801.700781,0.010107,-0.079002,-0.007182,-10.243926,-10.244233,0.001065,-0.00639,0.001065,99323.99,25.71,-0.414966
1801.710875,0.010094,-0.09576,0.016758,-10.23435,-10.234812,0.00213,-0.00639,0.00213,99324.14,25.71,-0.405545
1801.721371,0.010497,-0.081396,0,-10.265472,-10.265795,0.00213,-0.005325,0.00426,99324.14,25.71,-0.436528
1801.731458,0.010086,-0.10773,0.01197,-10.243926,-10.244499,0.00213,-0.00213,0.001065,99324.14,25.71,-0.415232
1801.741592,0.010134,-0.090972,0.002394,-10.267866,-10.268269,0,-0.007455,0.00426,99324.14,25.71,-0.439002
1801.751688,0.010095,-0.08379,0.014364,-10.277442,-10.277794,-0.00213,-0.003195,0.00213,99324.14,25.71,-0.448527
1801.761781,0.010093,-0.079002,-0.002394,-10.265472,-10.265776,0.00213,-0.005325,0.00213,99324.14,25.71,-0.436509
1801.771883,0.010102,-0.093366,-0.004788,-10.284624,-10.285049,0.001065,-0.007455,0.00213,99324.14,25.71,-0.455782
1801.781971,0.010089,-0.08379,0.01197,-10.298988,-10.299336,0.001065,-0.005325,0.00213,99324.2,25.71,-0.470069
1801.792062,0.010091,-0.069426,-0.002394,-10.28223,-10.282465,0.003195,-0.00426,0.00426,99324.2,25.71,-0.453198
1801.802217,0.010155,-0.086184,0.021546,-10.291806,-10.292189,0,-0.00426,0,99324.2,25.71,-0.462922
1801.812332,0.010115,-0.069426,0.031122,-10.284624,-10.284905,0.003195,-0.00426,0.003195,99324.2,25.71,-0.455638
1801.822454,0.010122,-0.05985,0.019152,-10.303776,-10.303968,0.001065,-0.005325,0.00213,99324.2,25.71,-0.474701
1801.832538,0.010084,-0.086184,0.002394,-10.313352,-10.313712,0,-0.005325,0,99324.2,25.71,-0.484445
1801.842659,0.010121,-0.064638,0.031122,-10.315746,-10.315995,0.003195,-0.00639,0.00213,99324.2,25.71,-0.486728
1801.852873,0.010214,-0.086184,0,-10.346868,-10.347227,0.00213,-0.005325,0,99324.2,25.71,-0.51796
1801.862977,0.010104,-0.081396,0.019152,-10.356444,-10.356782,0.001065,-0.003195,0.00213,99324.2,25.71,-0.527515
1801.873064,0.010086,-0.067032,0.019152,-10.344474,-10.344709,-0.001065,0,0.001065,99324.2,25.71,-0.515442
1801.883185,0.010121,-0.079002,0.002394,-10.344474,-10.344776,0,-0.00639,0.00213,99324.2,25.71,-0.515509
1801.893282,0.010097,-0.076608,0.02394,-10.332504,-10.332816,0.00213,-0.005325,0.003195,99324.2,25.71,-0.503549
1801.903372,0.01009,-0.079002,-0.016758,-10.332504,-10.33282,0.001065,-0.005325,0.001065,99324.22,25.71,-0.503553
1801.913714,0.010341,-0.110124,0.009576,-10.35405,-10.35464,0,-0.00639,0.003195,99324.22,25.71,-0.525373
1801.923826,0.010113,-0.074214,0.026334,-10.36602,-10.366319,0.003195,-0.00639,0.001065,99324.22,25.71,-0.537052
1801.93459,0.010764,-0.076608,-0.02394,-10.35405,-10.354361,-0.001065,-0.00426,0.00213,99324.22,25.71,-0.525094
1801.945133,0.010542,-0.079002,0.016758,-10.322928,-10.323244,0.001065,-0.005325,0.003195,99324.22,25.71,-0.493977
1801.955273,0.01014,-0.100548,0.002394,-10.368414,-10.368902,0.001065,-0.007455,0.001065,99324.22,25.71,-0.539635
1801.965381,0.010108,-0.088578,0.007182,-10.349262,-10.349644,0.00213,-0.003195,0.00213,99324.22,25.71,-0.520377
1801.975477,0.010096,-0.086184,-0.009576,-10.33011,-10.330474,0.00213,-0.009585,0.00426,99324.22,25.71,-0.501207
1801.985559,0.010081,-0.098154,0.019152,-10.33011,-10.330594,0.001065,-0.003195,-0.001065,99324.22,25.71,-0.501327
1801.995702,0.010143,-0.09576,0.019152,-10.334898,-10.335359,0.001065,-0.00213,0.001065,99324.22,25.71,-0.506092
1802.005803,0.010102,-0.08379,0.004788,-10.310958,-10.3113,0.00213,-0.005325,0.00213,99324.22,25.71,-0.482033
1802.015897,0.010094,-0.102942,0.021546,-10.313352,-10.313888,0.001065,-0.00426,0.00426,99324.22,25.71,-0.484621
1802.026009,0.010112,-0.090972,0.031122,-10.310958,-10.311406,0,-0.005325,0.001065,99324.22,25.71,-0.482139
1802.0361,0.010091,-0.098154,0.031122,-10.325322,-10.325835,0.00213,-0.00426,0.00213,99324.23,25.71,-0.496568
1802.046209,0.010108,-0.079002,0.026334,-10.31814,-10.318476,0.00213,-0.005325,0.003195,99324.23,25.71,-0.489209
1802.056354,0.010146,-0.088578,-0.002394,-10.332504,-10.332884,0.001065,-0.00639,0.005325,99324.23,25.71,-0.503617
1802.066438,0.010084,-0.074214,0.021546,-10.310958,-10.311248,0,-0.005325,0.001065,99324.23,25.71,-0.481981
1802.076532,0.010094,-0.100548,0.01197,-10.315746,-10.316243,0.00213,-0.003195,0.003195,99324.23,25.71,-0.486976
1802.086613,0.010081,-0.074214,0.002394,-10.320534,-10.320801,0.00213,-0.007455,0.00213,99324.23,25.71,-0.491534
1802.096702,0.010089,-0.079002,0.014364,-10.320534,-10.320846,0.00213,-0.003195,0.001065,99324.17,25.71,-0.491579
1802.106792,0.01009,-0.07182,0.019152,-10.31814,-10.318408,0,-0.00426,0.00213,99324.17,25.71,-0.489141
1802.116892,0.0101,-0.081396,0,-10.334898,-10.335219,0.00213,-0.00852,0.00213,99324.17,25.71,-0.505952
1802.126976,0.010085,-0.076608,-0.009576,-10.296594,-10.296883,0.001065,-0.00639,0.00213,99324.17,25.71,-0.467616
1802.137071,0.010095,-0.062244,-0.002394,-10.334898,-10.335086,0.00213,-0.00426,0.003195,99324.17,25.71,-0.505819
1802.147221,0.01015,-0.05985,0.014364,-10.303776,-10.30396,0.003195,-0.00639,0.003195,99324.17,25.71,-0.474693
1802.157519,0.010298,-0.074214,-0.004788,-10.315746,-10.316014,0,-0.005325,0,99324.15,25.71,-0.486747
1802.167636,0.010117,-0.050274,0.002394,-10.325322,-10.325445,0.003195,-0.005325,0.003195,99324.15,25.71,-0.496178
1802.177742,0.010107,-0.064638,0.004788,-10.291806,-10.29201,0.001065,-0.007455,0.001065,99324.15,25.71,-0.462743
1802.187835,0.010093,-0.081396,0.002394,-10.327716,-10.328037,0.00213,-0.00852,0.001065,99324.15,25.71,-0.49877
1802.197932,0.010096,-0.08379,0.007182,-10.301382,-10.301725,0,-0.00426,0.001065,99324.15,25.71,-0.472458
1802.208046,0.010114,-0.07182,-0.01197,-10.303776,-10.304033,0.00213,-0.005325,0.00213,99324.15,25.71,-0.474766
1802.218251,0.010206,-0.098154,0.014364,-10.296594,-10.297072,0.00213,-0.00639,0.001065,99324.15,25.71,-0.467805
1802.228335,0.010084,-0.067032,0.004788,-10.310958,-10.311177,0.001065,-0.005325,0.003195,99324.01,25.71,-0.48191
1802.238422,0.010087,-0.105336,0.014364,-10.30617,-10.306718,0,-0.00426,0.001065,99324.01,25.71,-0.477451
1802.24851,0.010088,-0.090972,0.016758,-10.310958,-10.311373,0.001065,-0.005325,0.001065,99324.01,25.71,-0.482106
1802.258675,0.010165,-0.086184,0.016758,-10.291806,-10.29218,0.003195,-0.00426,0.003195,99324.01,25.71,-0.462913
1802.271148,0.012473,-0.088578,0.031122,-10.320534,-10.320961,0.00213,-0.00639,0.003195,99324.01,25.71,-0.491694
1802.281289,0.010141,-0.074214,0.028728,-10.313352,-10.313659,0.00213,-0.003195,0,99324.01,25.71,-0.484392
1802.291479,0.01019,-0.088578,0.014364,-10.2942,-10.294591,0.001065,-0.00426,0.001065,99324.01,25.71,-0.465324
1802.3026,0.01112,-0.093366,0.016758,-10.31814,-10.318576,-0.001065,-0.005325,0.001065,99324.01,25.71,-0.489309
1802.313944,0.011345,-0.100548,0.004788,-10.279836,-10.280329,0.001065,-0.00639,0,99324.01,25.71,-0.451062
1802.324913,0.010968,-0.090972,0.02394,-10.332504,-10.332932,0.001065,-0.005325,0,99324.01,25.71,-0.503665
1802.33611,0.011198,-0.074214,0.01197,-10.30617,-10.306444,0.001065,-0.00639,0.00426,99324.01,25.71,-0.477177
1802.347342,0.011232,-0.09576,0.002394,-10.334898,-10.335342,0.001065,-0.005325,0.00426,99324.01,25.71,-0.506075
1802.358478,0.011136,-0.093366,0.019152,-10.344474,-10.344913,0.001065,-0.005325,0.001065,99323.77,25.71,-0.515646
1802.369761,0.011283,-0.07182,-0.002394,-10.313352,-10.313602,0.00213,-0.005325,0.001065,99323.77,25.71,-0.484335
1802.380897,0.011136,-0.043092,-0.019152,-10.332504,-10.332612,0.003195,-0.005325,0.00213,99323.77,25.71,-0.503345
1802.392043,0.011146,-0.088578,-0.03591,-10.315746,-10.316189,0.001065,-0.00426,0.00213,99323.77,25.71,-0.486922
1802.403178,0.011135,-0.081396,0.01197,-10.339686,-10.340013,0.001065,-0.005325,0.00213,99323.77,25.71,-0.510746
1802.414459,0.011282,-0.067032,0.009576,-10.320534,-10.320756,0.00213,-0.00639,0.00213,99323.69,25.71,-0.491489
1802.42555,0.01109,-0.07182,-0.019152,-10.327716,-10.327983,0.001065,-0.00639,0.001065,99323.69,25.71,-0.498716
1802.436671,0.011121,-0.067032,-0.009576,-10.33011,-10.330332,0,-0.00426,0.00213,99323.69,25.71,-0.501065
1802.446768,0.010097,-0.04788,0.007182,-10.339686,-10.339799,0.001065,-0.003195,0.00213,99323.69,25.71,-0.510532
1802.456855,0.010088,-0.08379,0.004788,-10.287018,-10.28736,0.003195,-0.00639,0.00213,99323.69,25.71,-0.458093
1802.467445,0.010589,-0.081396,0,-10.310958,-10.311279,0.001065,-0.005325,0.00213,99323.69,25.71,-0.482012
1802.47753,0.010085,-0.067032,-0.002394,-10.332504,-10.332722,0.001065,-0.005325,0.00213,99323.69,25.71,-0.503455
1802.487626,0.010096,-0.067032,0.019152,-10.320534,-10.320769,0.001065,-0.00639,0.00426,99323.61,25.71,-0.491502
1802.497753,0.010127,-0.112518,0.026334,-10.30617,-10.306818,0.00213,-0.00639,0.00213,99323.61,25.71,-0.477551
1802.507852,0.010099,-0.102942,0.028728,-10.320534,-10.321087,0.00213,-0.00426,0.00213,99323.61,25.71,-0.49182
1802.517956,0.010104,-0.081396,0.014364,-10.337292,-10.337622,0.00213,-0.00639,0.003195,99323.61,25.71,-0.508355
1802.528068,0.010113,-0.090972,0.002394,-10.301382,-10.301784,0,-0.00426,0.00213,99323.61,25.71,-0.472517
1802.5382,0.010131,-0.105336,0.033516,-10.344474,-10.345065,0.00213,-0.007455,0.00213,99323.61,25.71,-0.515798
1802.548539,0.01034,-0.093366,0.004788,-10.296594,-10.297018,0.00213,-0.005325,0.00213,99323.39,25.71,-0.467751
1802.559769,0.01123,-0.069426,0.004788,-10.320534,-10.320769,0.001065,-0.005325,0.00213,99323.39,25.71,-0.491502
1802.570924,0.011155,-0.102942,0.021546,-10.346868,-10.347403,0.00213,-0.005325,0.003195,99323.39,25.71,-0.518136
1802.582101,0.011177,-0.069426,0.007182,-10.291806,-10.292043,0.001065,-0.005325,-0.001065,99323.39,25.71,-0.462776
1802.593374,0.011274,-0.122094,0.004788,-10.322928,-10.323651,0,-0.00426,0,99323.39,25.71,-0.494384
1802.60458,0.011205,-0.069426,-0.002394,-10.315746,-10.31598,0.00213,-0.00639,0,99323.39,25.71,-0.486713
1802.615762,0.011183,-0.110124,0,-10.320534,-10.321122,0.00213,-0.00426,0.003195,99323.39,25.71,-0.491855
1802.62685,0.011088,-0.07182,0,-10.332504,-10.332754,0.003195,-0.007455,0.00213,99323.39,25.71,-0.503487
1802.638244,0.011394,-0.064638,-0.01197,-10.346868,-10.347077,-0.001065,-0.00852,0,99323.39,25.71,-0.51781
1802.649232,0.010989,-0.079002,-0.009576,-10.363626,-10.363932,0.003195,-0.003195,0.003195,99323.39,25.71,-0.534665
1802.660452,0.01122,-0.086184,0.028728,-10.36602,-10.366418,0,-0.005325,0.003195,99323.39,25.71,-0.537151
1802.671724,0.011272,-0.045486,-0.01197,-10.31814,-10.318247,0.00213,-0.003195,0.001065,99323.21,25.71,-0.48898
1802.682909,0.011185,-0.112518,0.038304,-10.356444,-10.357126,0.00213,-0.00639,0.001065,99323.21,25.71,-0.527859
1802.694056,0.011147,-0.074214,0.021546,-10.313352,-10.313642,0.00213,-0.007455,0.00213,99323.21,25.71,-0.484375
1802.705123,0.011067,-0.08379,-0.016758,-10.334898,-10.335251,0.00213,-0.007455,0.00213,99323.21,25.71,-0.505984
1802.716335,0.011212,-0.062244,0.033516,-10.325322,-10.325564,0.00213,-0.003195,0.001065,99323.21,25.71,-0.496297
1802.727597,0.011262,-0.074214,0.019152,-10.35405,-10.354334,0.00213,-0.003195,0.00213,99323.21,25.71,-0.525067
1802.738763,0.011166,-0.062244,0.045486,-10.363626,-10.363913,0.003195,-0.007455,0.003195,99322.89,25.71,-0.534646
1802.749861,0.011098,-0.076608,-0.004788,-10.310958,-10.311244,0.00213,-0.00426,0.00639,99322.89,25.71,-0.481977
1802.761023,0.011162,-0.086184,0.019152,-10.33011,-10.330487,0.001065,-0.00852,0,99322.89,25.71,-0.50122
1802.772549,0.011526,-0.069426,0.028728,-10.337292,-10.337565,0,-0.003195,0.001065,99322.89,25.71,-0.508298
1802.783405,0.010856,-0.055062,-0.016758,-10.31814,-10.318301,0.00213,-0.007455,0.001065,99322.89,25.71,-0.489034
1802.794667,0.011262,-0.057456,0.021546,-10.301382,-10.301565,0,-0.005325,0.00213,99322.89,25.71,-0.472298
1802.805775,0.011108,-0.069426,-0.004788,-10.346868,-10.347102,0.00213,-0.009585,0.001065,99322.46,25.71,-0.517835
1802.817019,0.011244,-0.076608,-0.021546,-10.310958,-10.311265,0,-0.00639,0.001065,99322.46,25.71,-0.481998
1802.828172,0.011153,-0.069426,0.033516,-10.287018,-10.287307,0.001065,-0.00639,0.001065,99322.46,25.71,-0.45804
1802.839604,0.011432,-0.040698,-0.033516,-10.301382,-10.301517,0.00426,-0.00213,0.00426,99322.46,25.71,-0.47225
1802.850578,0.010974,-0.124488,-0.01197,-10.325322,-10.326079,0.001065,-0.00639,0,99322.46,25.71,-0.496812
1802.861858,0.01128,-0.052668,-0.02394,-10.368414,-10.368575,0.003195,-0.00426,0.003195,99322.17,25.71,-0.539308
1802.872912,0.011054,-0.08379,-0.03591,-10.289412,-10.289816,0.00213,-0.005325,0.003195,99322.17,25.71,-0.460549
1802.884234,0.011322,-0.081396,0,-10.380384,-10.380703,0.00426,-0.005325,0.00213,99322.17,25.71,-0.551436
1802.895356,0.011123,-0.08379,0.014364,-10.43784,-10.438186,0.00213,-0.005325,0.00213,99322.17,25.71,-0.608919
1802.906524,0.011167,-0.112518,-0.038304,-10.298988,-10.299674,0.003195,-0.00213,-0.001065,99322.17,25.71,-0.470407
1802.917729,0.011206,-0.117306,0.04788,-10.308564,-10.309343,0,-0.00852,0.00426,99322.17,25.71,-0.480076
1802.928827,0.011097,-0.114912,0.040698,-10.322928,-10.323648,0.00213,-0.003195,0.003195,99321.98,25.71,-0.494381
1802.940136,0.011309,-0.10773,0.05985,-10.322928,-10.323664,0.001065,-0.00639,0,99321.98,25.71,-0.494397
1802.95127,0.011134,-0.112518,0.028728,-10.296594,-10.297249,0.003195,-0.00426,0.00213,99321.98,25.71,-0.467982
1802.962409,0.011139,-0.117306,0.031122,-10.320534,-10.321248,0.001065,-0.00852,-0.001065,99321.98,25.71,-0.491981
1802.973519,0.01111,-0.086184,0.016758,-10.351656,-10.352028,0.001065,-0.00213,0,99321.98,25.71,-0.522761
1802.984717,0.011198,-0.122094,-0.031122,-10.363626,-10.364392,0.001065,-0.007455,0.001065,99321.98,25.71,-0.535125
1802.996738,0.012021,-0.076608,-0.007182,-10.358838,-10.359124,0.001065,-0.003195,0.00213,99321.98,25.71,-0.529857
1803.007105,0.010367,-0.064638,0.004788,-10.289412,-10.289616,0,-0.005325,0.001065,99321.98,25.71,-0.460349
1803.018676,0.011571,-0.064638,-0.028728,-10.349262,-10.349504,0.001065,-0.00426,0.001065,99321.98,25.71,-0.520237
1803.029495,0.010819,-0.033516,0.002394,-10.272654,-10.272709,0.001065,-0.00639,0.00213,99321.98,25.71,-0.443442
1803.040664,0.011169,-0.105336,-0.04788,-10.27026,-10.270912,-0.001065,-0.00639,0.00639,99321.98,25.71,-0.441645
1803.051955,0.011291,-0.026334,-0.026334,-10.346868,-10.346935,0.00213,-0.00639,0.001065,99321.98,25.71,-0.517668
1803.063181,0.011226,-0.03591,-0.004788,-10.284624,-10.284688,0.001065,-0.005325,0.00213,99321.65,25.71,-0.455421
1803.074387,0.011206,-0.076608,-0.031122,-10.301382,-10.301714,-0.001065,-0.00213,0.00213,99321.65,25.71,-0.472447
1803.085431,0.011044,-0.03591,0.009576,-10.301382,-10.301449,0,-0.005325,0.001065,99321.65,25.71,-0.472182
1803.096661,0.01123,-0.098154,0.002394,-10.2942,-10.294668,0.003195,-0.007455,0.001065,99321.65,25.71,-0.465401
1803.107957,0.011296,-0.03591,0.02394,-10.334898,-10.334988,0.00213,-0.01065,0.00426,99321.65,25.71,-0.505721
1803.119002,0.011045,-0.129276,0.079002,-10.298988,-10.300102,0.001065,-0.001065,0.003195,99321.33,25.71,-0.470835
1803.130158,0.011156,-0.093366,0.009576,-10.315746,-10.316173,0.003195,-0.005325,0.00213,99321.33,25.71,-0.486906
1803.141312,0.011154,-0.076608,0.126882,-10.334898,-10.335961,0.00213,-0.007455,0.003195,99321.33,25.71,-0.506694
1803.152508,0.011196,-0.102942,0.043092,-10.346868,-10.34747,0.003195,-0.00426,0,99321.33,25.71,-0.518203
1803.164221,0.011713,-0.067032,0.007182,-10.296594,-10.296815,0.001065,-0.00639,0.001065,99321.33,25.71,-0.467548
1803.175019,0.010798,-0.14364,0.088578,-10.325322,-10.326701,0.00213,-0.00639,0,99321.33,25.71,-0.497434
1803.18624,0.011222,-0.098154,0,-10.385172,-10.385636,0.00213,-0.00426,0.001065,99321.03,25.71,-0.556369
1803.197604,0.011364,-0.1197,0.033516,-10.34208,-10.342827,0.001065,-0.00639,0.003195,99321.03,25.71,-0.51356
1803.208432,0.010828,-0.100548,0.007182,-10.373202,-10.373692,0.001065,-0.005325,-0.001065,99321.03,25.71,-0.544425
1803.219673,0.011241,-0.112518,-0.057456,-10.325322,-10.326095,0,-0.00639,0.00213,99321.03,25.71,-0.496828
1803.230972,0.0113,-0.09576,0.028728,-10.346868,-10.347351,0.001065,-0.007455,0.001065,99321.03,25.71,-0.518084
1803.242083,0.011111,-0.09576,-0.040698,-10.344474,-10.344997,-0.001065,-0.003195,0.003195,99321.03,25.71,-0.51573
1803.253302,0.011218,-0.079002,-0.02394,-10.332504,-10.332834,0.001065,-0.00426,0.00213,99320.58,25.71,-0.503567
1803.264332,0.01103,-0.08379,-0.002394,-10.332504,-10.332844,0,-0.00426,0.001065,99320.58,25.71,-0.503577
1803.275714,0.011382,-0.055062,-0.038304,-10.310958,-10.311176,0.003195,-0.005325,0.003195,99320.58,25.71,-0.481909
1803.286709,0.010995,-0.03591,0.002394,-10.287018,-10.287081,0.00213,-0.005325,0.00213,99320.58,25.71,-0.457814
1803.297937,0.011228,-0.07182,-0.004788,-10.308564,-10.308815,0.001065,-0.00639,0.00213,99320.58,25.71,-0.479548
1803.309072,0.011135,-0.069426,0.016758,-10.33011,-10.330357,0.00213,-0.00426,0.001065,99320.58,25.71,-0.50109
1803.320427,0.011356,-0.02394,0.026334,-10.284624,-10.284686,0,-0.00639,0.003195,99320.58,25.71,-0.455419
1803.331559,0.011131,-0.05985,0.007182,-10.320534,-10.32071,0.001065,-0.005325,0.003195,99320.58,25.71,-0.491443
1803.342682,0.011123,-0.098154,0.050274,-10.301382,-10.301972,0.00426,-0.00426,0.001065,99320.58,25.71,-0.472705
1803.35388,0.011198,-0.090972,0.02394,-10.327716,-10.328144,0,-0.00426,-0.00213,99320.58,25.71,-0.498877
1803.365056,0.011176,-0.090972,0.04788,-10.33011,-10.330622,0.003195,-0.005325,0.005325,99320.58,25.71,-0.501355
1803.376428,0.011372,-0.08379,0.021546,-10.296594,-10.296957,0.001065,-0.00426,0.001065,99320.1,25.71,-0.46769
1803.387467,0.011039,-0.114912,0.033516,-10.325322,-10.326016,0,-0.005325,0.00213,99320.1,25.71,-0.496749
1803.398777,0.01131,-0.102942,0.038304,-10.301382,-10.301968,0.00213,-0.005325,0.00426,99320.1,25.71,-0.472701
1803.409773,0.010995,-0.079002,0,-10.322928,-10.32323,0.00213,-0.007455,0.00213,99320.1,25.71,-0.493963
1803.42096,0.011187,-0.117306,0.014364,-10.298988,-10.299666,0.003195,-0.007455,0.00213,99320.1,25.71,-0.470399
1803.432255,0.011295,-0.076608,-0.007182,-10.315746,-10.316033,0.001065,-0.00213,0.00213,99320.1,25.71,-0.486766
1803.443495,0.01124,-0.088578,0.002394,-10.277442,-10.277824,0,-0.00852,0.00213,99319.69,25.71,-0.448557
1803.454751,0.011256,-0.069426,0.007182,-10.313352,-10.313588,0.001065,-0.00426,0,99319.69,25.71,-0.484321
1803.465671,0.01092,-0.07182,-0.04788,-10.287018,-10.28738,0.00213,-0.005325,0.00426,99319.69,25.71,-0.458113
1803.477018,0.011347,-0.074214,0,-10.253502,-10.253771,0.001065,-0.005325,0.001065,99319.69,25.71,-0.424504
1803.488098,0.01108,-0.079002,0.016758,-10.217592,-10.217911,0.003195,-0.005325,0.003195,99319.69,25.71,-0.388644
1803.499397,0.011299,-0.088578,-0.016758,-10.227168,-10.227565,0,-0.005325,0.005325,99319.69,25.71,-0.398298
1803.510459,0.011062,-0.086184,0.045486,-10.212804,-10.213269,0.003195,-0.007455,0.003195,99319.16,25.71,-0.384002
1803.521587,0.011128,-0.021546,-0.031122,-10.181682,-10.181752,0.00213,-0.005325,0.001065,99319.16,25.71,-0.352485
1803.532862,0.011276,-0.074214,0.028728,-10.1745,-10.174811,0.001065,-0.007455,0.001065,99319.16,25.71,-0.345544
1803.544015,0.011153,-0.086184,0.050274,-10.23435,-10.234836,0.00213,-0.00639,0.00213,99319.16,25.71,-0.405569
1803.554107,0.010092,-0.05985,-0.009576,-10.176894,-10.177074,0.00426,-0.00426,0.001065,99319.16,25.71,-0.347807
1803.56421,0.010103,-0.112518,0.040698,-10.188864,-10.189567,0.00213,-0.007455,0.003195,99319.16,25.71,-0.3603
1803.574295,0.010085,-0.067032,0.064638,-10.215198,-10.215622,0,-0.00426,0.00213,99318.65,25.71,-0.386355
1803.584382,0.010088,-0.079002,0.002394,-10.164924,-10.165231,-0.001065,-0.00426,0.001065,99318.65,25.71,-0.335964
1803.594485,0.010103,-0.110124,0.01197,-10.167318,-10.167921,0,-0.00639,0.001065,99318.65,25.71,-0.338654
1803.604731,0.010246,-0.04788,0.064638,-10.164924,-10.165242,0.001065,-0.003195,0.001065,99318.65,25.71,-0.335975
1803.614823,0.010091,-0.100548,-0.016758,-10.19844,-10.198949,0.00213,-0.005325,0.00213,99318.65,25.71,-0.369682
1803.624944,0.010121,-0.10773,0.007182,-10.155348,-10.155922,0.00426,-0.00639,0.003195,99318.65,25.71,-0.326655
1803.635037,0.010093,-0.112518,0.033516,-10.164924,-10.165602,0.001065,-0.00426,0.005325,99318.65,25.71,-0.336335
1803.645369,0.010332,-0.08379,-0.019152,-10.136196,-10.13656,0.001065,-0.00852,0.00426,99318.65,25.71,-0.307293
1803.655851,0.010482,-0.074214,0.02394,-10.129014,-10.129314,0.001065,-0.00426,0,99318.65,25.71,-0.300047
1803.665947,0.010096,-0.064638,-0.014364,-10.15056,-10.150776,0.00213,-0.007455,0,99318.65,25.71,-0.321509
1803.676037,0.010089,-0.112518,0.028728,-10.124226,-10.124892,0.003195,-0.00852,0.00213,99318.65,25.71,-0.295625
1803.686315,0.010279,-0.045486,-0.033516,-10.140984,-10.141141,0,-0.00426,-0.001065,99318.65,25.71,-0.311874
1803.69642,0.010105,-0.04788,-0.01197,-10.12662,-10.12674,0.001065,-0.005325,0.001065,99318.15,25.71,-0.297473
1803.706524,0.010104,-0.112518,-0.014364,-10.107468,-10.108104,0.003195,-0.005325,0.00213,99318.15,25.71,-0.278837
1803.716621,0.010097,-0.03591,0.02394,-10.093104,-10.093196,0.00426,-0.00426,0.005325,99318.15,25.71,-0.263929
1803.726753,0.010132,-0.043092,-0.01197,-10.100286,-10.100385,-0.001065,-0.005325,0.00213,99318.15,25.71,-0.271118
1803.736863,0.01011,-0.067032,-0.019152,-10.095498,-10.095739,0.001065,-0.00426,0.00213,99318.15,25.71,-0.266472
1803.746948,0.010085,-0.067032,0,-10.085922,-10.086145,0,-0.00213,0.003195,99318.15,25.71,-0.256878
1803.757039,0.010091,-0.045486,-0.021546,-10.083528,-10.083654,0.00213,-0.005325,0.003195,99318.15,25.71,-0.254387
1803.767129,0.01009,-0.09576,-0.002394,-10.083528,-10.083983,0.001065,-0.00639,0.00213,99317.53,25.71,-0.254716
1803.777219,0.01009,-0.098154,-0.02394,-10.085922,-10.086428,0.001065,-0.00639,0.003195,99317.53,25.71,-0.257161
1803.787326,0.010107,-0.040698,-0.01197,-10.124226,-10.124315,0.001065,-0.00639,0.00213,99317.53,25.71,-0.295048
1803.79742,0.010094,-0.076608,0.01197,-10.093104,-10.093402,0.00213,-0.00852,0.003195,99317.53,25.71,-0.264135
1803.807563,0.010143,-0.088578,0.04788,-10.081134,-10.081637,0.00213,-0.003195,0.001065,99317.53,25.71,-0.25237
1803.817642,0.010078,-0.067032,0.021546,-10.057194,-10.05744,0,-0.00639,0.003195,99317.53,25.71,-0.228173
1803.827744,0.010102,-0.10773,0.01197,-10.069164,-10.069747,0.00213,-0.005325,0.00213,99317.04,25.71,-0.24048
1803.83784,0.010096,-0.05985,0.052668,-10.04283,-10.043146,0.003195,-0.007455,0.001065,99317.04,25.71,-0.213879
1803.847926,0.010087,-0.112518,0.026334,-10.06677,-10.067433,0,-0.005325,-0.001065,99317.04,25.71,-0.238166
1803.858033,0.010107,-0.079002,-0.004788,-10.04283,-10.043142,0,-0.00426,0.003195,99317.04,25.71,-0.213875
1803.868363,0.01033,-0.093366,0.016758,-9.999738,-10.000188,0.001065,-0.00639,0.00213,99317.04,25.71,-0.170921
1803.87956,0.011197,-0.122094,-0.002394,-10.045224,-10.045966,0,-0.00639,0.00213,99317.04,25.71,-0.216699
1803.89079,0.011229,-0.08379,0.05985,-10.026072,-10.026601,0.001065,-0.00852,0.00213,99316.37,25.71,-0.197334
1803.901871,0.011081,-0.076608,0.02394,-10.023678,-10.023999,0.001065,-0.00639,0.001065,99316.37,25.71,-0.194732
1803.913045,0.011174,-0.086184,0.04788,-9.997344,-9.99783,0.00213,-0.007455,0.001065,99316.37,25.71,-0.168563
1803.924287,0.011243,-0.062244,0.009576,-10.009314,-10.009512,0.003195,-0.00426,0,99316.37,25.71,-0.180245
1803.93558,0.011292,-0.074214,-0.038304,-10.011708,-10.012056,0.003195,-0.00639,0.003195,99316.37,25.71,-0.182789
1803.946746,0.011167,-0.090972,0.021546,-10.014102,-10.014538,0.00213,-0.00426,0.00213,99316.37,25.71,-0.185271
1803.957812,0.011066,-0.08379,-0.028728,-10.023678,-10.024069,0.00213,-0.00426,0,99316.37,25.71,-0.194802
1803.96907,0.011257,-0.08379,0.002394,-9.99495,-9.995301,0.00213,-0.00426,0.001065,99316.37,25.71,-0.166034
1803.980279,0.01121,-0.064638,-0.01197,-9.992556,-9.992772,0.00213,-0.003195,0.003195,99316.37,25.71,-0.163505
1803.991414,0.011135,-0.057456,-0.002394,-9.999738,-9.999903,0.001065,-0.009585,0,99316.37,25.71,-0.170636
1804.002535,0.011121,-0.074214,-0.040698,-9.997344,-9.997702,0,-0.00426,0.001065,99316.37,25.71,-0.168435
1804.013788,0.011253,-0.04788,-0.043092,-9.968616,-9.968824,0,-0.005325,0.00639,99315.71,25.71,-0.139557
1804.02491,0.011122,-0.088578,-0.014364,-9.990162,-9.990565,0.001065,-0.00213,0.001065,99315.71,25.71,-0.161298
1804.036175,0.011265,-0.088578,-0.019152,-9.980586,-9.980997,0.00213,-0.007455,0.003195,99315.71,25.71,-0.15173
1804.047329,0.011154,-0.09576,0.016758,-9.954252,-9.954727,0.001065,-0.00426,0.003195,99315.71,25.71,-0.12546
1804.058473,0.011144,-0.069426,-0.031122,-9.966222,-9.966512,0.001065,-0.00426,0.003195,99315.71,25.71,-0.137245
1804.069626,0.011153,-0.057456,-0.019152,-9.939888,-9.940073,0.001065,-0.00852,0.00426,99315.71,25.71,-0.110806
1804.080845,0.011219,-0.102942,0.045486,-9.95904,-9.959676,-0.001065,-0.00426,0.00213,99315.04,25.71,-0.130409
1804.092043,0.011199,-0.08379,-0.009576,-9.94707,-9.947428,0.001065,-0.00426,0.00426,99315.04,25.71,-0.118161
1804.103323,0.011279,-0.079002,0.052668,-9.91116,-9.911615,0.001065,-0.00426,0.00213,99315.04,25.71,-0.082348
1804.11452,0.011197,-0.105336,0.045486,-9.882432,-9.883098,0,-0.005325,0.001065,99315.04,25.71,-0.053831
1804.125562,0.011042,-0.08379,0.045486,-9.932706,-9.933164,0.003195,-0.003195,0.00213,99315.04,25.71,-0.103897
1804.136732,0.01117,-0.062244,0.069426,-9.892008,-9.892447,0.001065,-0.00639,0.005325,99315.04,25.71,-0.06318
1804.148,0.011267,-0.093366,0.02394,-9.896796,-9.897265,0.001065,-0.005325,0,99314.39,25.71,-0.067998
1804.159137,0.011138,-0.076608,0.019152,-9.9351,-9.935414,0.003195,-0.00426,0.001065,99314.39,25.71,-0.106147
1804.170344,0.011207,-0.05985,0.052668,-9.870462,-9.870784,0.003195,-0.007455,-0.00213,99314.39,25.71,-0.041517
1804.181496,0.011152,-0.062244,0.007182,-9.884826,-9.885025,0,-0.00426,0.00213,99314.39,25.71,-0.055758
1804.192662,0.011167,-0.079002,0.019152,-9.901584,-9.901918,0.001065,-0.005325,-0.00213,99314.39,25.71,-0.072651
1804.203966,0.011304,-0.081396,0.038304,-9.856098,-9.856509,0.00213,-0.00426,0.00213,99313.8,25.71,-0.027242
1804.215151,0.011185,-0.052668,0.043092,-9.865674,-9.865909,0.00213,-0.007455,0.001065,99313.8,25.71,-0.036642
1804.226217,0.011066,-0.09576,0.019152,-9.865674,-9.866157,0.00213,-0.005325,0,99313.8,25.71,-0.03689
1804.237427,0.01121,-0.07182,0.009576,-9.86328,-9.863546,0.00213,-0.005325,0.001065,99313.8,25.71,-0.034279
1804.24858,0.011153,-0.052668,-0.019152,-9.89919,-9.899349,0,-0.00639,0.001065,99313.8,25.71,-0.070082
1804.259838,0.011259,-0.074214,-0.038304,-9.86328,-9.863634,0,-0.00426,0,99313.8,25.71,-0.034367
1804.271026,0.011188,-0.067032,-0.05985,-9.844128,-9.844538,0.00213,-0.00852,0.003195,99313,25.71,-0.015271
1804.282345,0.011319,-0.086184,0.014364,-9.848916,-9.849304,0,-0.00426,0.00213,99313,25.71,-0.020037
1804.293374,0.011029,-0.074214,-0.016758,-9.829764,-9.830058,0.00213,-0.00426,0.005325,99313,25.71,-0.000791
1804.304493,0.011119,-0.057456,-0.004788,-9.834552,-9.834721,0.003195,-0.00426,0.001065,99313,25.71,-0.005454
1804.315744,0.01125,-0.07182,-0.016758,-9.801036,-9.801313,-0.001065,-0.005325,0.001065,99313,25.71,0.027954
1804.327001,0.011258,-0.09576,-0.074214,-9.820188,-9.820935,0.001065,-0.00426,0.001065,99313,25.71,0.008332
1804.338095,0.011094,-0.04788,-0.007182,-9.846522,-9.846641,0.001065,-0.00639,0.001065,99313,25.71,-0.017374
1804.34925,0.011155,-0.067032,-0.007182,-9.813006,-9.813238,-0.001065,-0.003195,0.00639,99313,25.71,0.016029
1804.360431,0.011181,-0.100548,0.02394,-9.820188,-9.820732,0,-0.005325,0.003195,99313,25.71,0.008535
1804.371768,0.011336,-0.055062,0.026334,-9.824976,-9.825166,0.003195,-0.00639,0.00426,99313,25.71,0.004101
1804.382873,0.011106,-0.09576,0.057456,-9.750762,-9.751401,0.001065,-0.00426,0.00213,99313,25.71,0.077866
1804.394054,0.01118,-0.090972,0.02394,-9.774702,-9.775155,-0.001065,-0.003195,0.00426,99312.24,25.71,0.054112
1804.405165,0.011111,-0.05985,0.02394,-9.76752,-9.767733,0.00213,-0.00213,0,99312.24,25.71,0.061534
1804.416392,0.011228,-0.100548,0.074214,-9.745974,-9.746775,0.003195,-0.00426,0.00426,99312.24,25.71,0.082492
1804.4277,0.011308,-0.076608,0.052668,-9.750762,-9.751205,0.003195,-0.00639,-0.001065,99312.24,25.71,0.078062
1804.438828,0.011127,-0.10773,0.043092,-9.765126,-9.765815,0.001065,-0.005325,0.003195,99312.24,25.71,0.063452
1804.449941,0.011113,-0.076608,0.026334,-9.745974,-9.746311,0.00426,-0.003195,0,99312.24,25.71,0.082956
1804.461123,0.011182,-0.100548,0.08379,-9.726822,-9.727703,0.001065,-0.005325,0.00213,99311.37,25.71,0.101564
1804.47227,0.011147,-0.081396,0.016758,-9.738792,-9.739147,0.00213,-0.005325,0.003195,99311.37,25.71,0.09012
1804.483654,0.011385,-0.112518,0.064638,-9.760338,-9.761201,0.00213,-0.007455,0.003195,99311.37,25.71,0.068066
1804.494825,0.011171,-0.052668,0.02394,-9.748368,-9.74854,-0.001065,-0.007455,0.001065,99311.37,25.71,0.080727
1804.505888,0.011063,-0.064638,0.007182,-9.73161,-9.731827,0,-0.00426,-0.003195,99311.37,25.71,0.09744
1804.51704,0.011152,-0.07182,-0.014364,-9.698094,-9.698371,0.00213,-0.003195,0,99311.37,25.71,0.130896
1804.52845,0.01141,-0.105336,-0.002394,-9.748368,-9.748937,0,-0.005325,0,99310.51,25.71,0.08033
1804.539512,0.011062,-0.05985,-0.009576,-9.688518,-9.688708,0.00426,-0.005325,0.001065,99310.51,25.71,0.140559
1804.550707,0.011195,-0.079002,-0.055062,-9.73161,-9.732086,0,-0.005325,0.00213,99310.51,25.71,0.097181
1804.561951,0.011243,-0.069426,-0.033516,-9.710064,-9.71037,0.00213,-0.00639,0,99310.51,25.71,0.118897
1804.572998,0.011047,-0.033516,-0.03591,-9.729216,-9.72934,0.00213,-0.005325,0.00213,99310.51,25.71,0.099927
1804.584163,0.011165,-0.04788,-0.03591,-9.729216,-9.7294,0.001065,-0.005325,0.00426,99309.6,25.71,0.099867
1804.59553,0.011367,-0.102942,-0.055062,-9.698094,-9.698797,0.00213,-0.00426,0.00213,99309.6,25.71,0.13047
1804.606518,0.010988,-0.057456,-0.021546,-9.705276,-9.70547,0.001065,-0.007455,0.00426,99309.6,25.71,0.123797
1804.617687,0.011169,-0.086184,-0.033516,-9.686124,-9.686565,0.00213,-0.00639,0.00426,99309.6,25.71,0.142702
1804.628856,0.011169,-0.074214,-0.043092,-9.666972,-9.667353,0.003195,-0.00426,0.00213,99309.6,25.71,0.161914
1804.640176,0.01132,-0.050274,0.002394,-9.652608,-9.652739,0.001065,-0.007455,0.00213,99309.6,25.71,0.176528
1804.651519,0.011343,-0.067032,-0.02394,-9.681336,-9.681598,0.003195,-0.007455,0.00213,99309.6,25.71,0.147669
1804.662517,0.010998,-0.052668,-0.016758,-9.655002,-9.65516,0.001065,-0.00639,0.001065,99309.6,25.71,0.174107
1804.674349,0.011831,-0.088578,0.028728,-9.640638,-9.641088,0.00213,-0.007455,0,99309.6,25.71,0.188179
1804.684892,0.010544,-0.098154,0.026334,-9.63585,-9.636386,0.00213,-0.003195,0.00426,99309.6,25.71,0.192881
1804.696236,0.011344,-0.04788,0.026334,-9.652608,-9.652763,0.001065,-0.00639,0.003195,99309.6,25.71,0.176504
1804.707255,0.011018,-0.045486,0.050274,-9.619092,-9.619331,0.001065,-0.00426,0.003195,99309.6,25.71,0.209936
1804.718464,0.01121,-0.086184,0.069426,-9.638244,-9.638879,0.00213,-0.00852,0.00213,99308.73,25.71,0.190388
1804.729549,0.011084,-0.074214,0.05985,-9.657396,-9.657867,0.001065,-0.003195,0.003195,99308.73,25.71,0.1714
1804.740732,0.011184,-0.067032,0.093366,-9.626274,-9.62696,0.00213,-0.00639,0.00426,99308.73,25.71,0.202307
1804.751907,0.011174,-0.04788,0.014364,-9.607122,-9.607252,0.001065,-0.005325,0.00213,99308.73,25.71,0.222015
1804.763156,0.011249,-0.093366,0.074214,-9.602334,-9.603075,0.001065,-0.007455,0.001065,99308.73,25.71,0.226192
1804.775245,0.012088,-0.08379,0.01197,-9.616698,-9.61707,0,-0.005325,-0.00213,99307.85,25.71,0.212197
1804.785441,0.010196,-0.07182,0.033516,-9.614304,-9.614631,-0.001065,-0.00639,-0.001065,99307.85,25.71,0.214636
1804.79552,0.010079,-0.040698,0.014364,-9.58797,-9.588067,0.00213,-0.00639,-0.001065,99307.85,25.71,0.2412
1804.80562,0.0101,-0.093366,0.007182,-9.59994,-9.600397,0.00213,-0.00426,0.001065,99307.85,25.71,0.22887
1804.81572,0.0101,-0.064638,0.01197,-9.580788,-9.581014,-0.001065,-0.003195,0,99307.85,25.71,0.248253
1804.825822,0.010102,-0.090972,-0.014364,-9.573606,-9.574049,0,-0.00852,0.003195,99307.85,25.71,0.255218
1804.835957,0.010135,-0.050274,-0.014364,-9.590364,-9.590507,0.001065,-0.00426,0.001065,99307.85,25.71,0.23876
1804.846115,0.010158,-0.064638,0.004788,-9.556848,-9.557068,-0.001065,-0.00639,0.001065,99306.94,25.71,0.272199
1804.856226,0.010111,-0.067032,-0.03591,-9.571212,-9.571514,0,-0.005325,0.00213,99306.94,25.71,0.257753
1804.866333,0.010107,-0.08379,-0.016758,-9.583182,-9.583563,0.001065,-0.00639,0.001065,99306.94,25.71,0.245704
1804.876459,0.010126,-0.04788,-0.031122,-9.55206,-9.552231,-0.001065,-0.005325,0.003195,99306.94,25.71,0.277036
1804.886767,0.010308,-0.102942,-0.004788,-9.544878,-9.545434,0.003195,-0.005325,0.00426,99306.94,25.71,0.283833
1804.897335,0.010568,-0.074214,-0.045486,-9.52812,-9.528518,0.003195,-0.003195,0.003195,99306.94,25.71,0.300749
1804.908511,0.011176,-0.090972,-0.004788,-9.530514,-9.530949,0.001065,-0.00639,0.003195,99305.98,25.71,0.298318
1804.919835,0.011324,-0.074214,-0.028728,-9.506574,-9.506907,0.00213,-0.00639,0.003195,99305.98,25.71,0.32236
1804.930952,0.011117,-0.052668,0.004788,-9.511362,-9.511509,0.00426,-0.005325,0.00213,99305.98,25.71,0.317758
1804.941057,0.010105,-0.07182,0.009576,-9.50418,-9.504456,0.00426,-0.00852,0.003195,99305.98,25.71,0.324811
1804.951216,0.010159,-0.062244,0.014364,-9.518544,-9.518758,0.00213,-0.003195,0.00426,99305.98,25.71,0.310509
1804.961357,0.010141,-0.079002,0.028728,-9.530514,-9.530885,0,-0.00852,0.003195,99305.98,25.71,0.298382
1804.971491,0.010133,-0.050274,0.03591,-9.463482,-9.463684,0.001065,-0.001065,0.001065,99305.98,25.71,0.365583
1804.981584,0.010093,-0.090972,0.031122,-9.506574,-9.50706,0,-0.005325,0.00213,99305.98,25.71,0.322207
1804.99216,0.010577,-0.055062,0.033516,-9.50418,-9.504399,0.00213,-0.00426,0.00213,99305.98,25.71,0.324868
1805.002343,0.010182,-0.057456,0.026334,-9.499392,-9.499602,0.00213,-0.00426,0,99305.98,25.71,0.329665
1805.012543,0.0102,-0.076608,0.062244,-9.501786,-9.502299,0.00426,-0.00639,0.00213,99305.98,25.71,0.326968
1805.022631,0.010088,-0.074214,0.050274,-9.489816,-9.490239,0.00213,-0.00426,-0.001065,99305.98,25.71,0.339028
1805.032748,0.010117,-0.079002,0.026334,-9.453906,-9.454273,0.00213,-0.00639,0,99305.02,25.71,0.374994
1805.043477,0.010728,-0.105336,0.031122,-9.461088,-9.461726,0.00213,-0.00426,0.001065,99305.02,25.71,0.367541
1805.054221,0.010744,-0.062244,0.05985,-9.475452,-9.475845,0,-0.00426,0.00213,99305.02,25.71,0.353422
1805.065091,0.010871,-0.07182,-0.002394,-9.439542,-9.439816,-0.001065,-0.007455,0,99305.02,25.71,0.389451
1805.0763,0.011209,-0.093366,0.026334,-9.44433,-9.444828,0.001065,-0.00426,0.00213,99305.02,25.71,0.384439
1805.087765,0.011465,-0.079002,-0.009576,-9.453906,-9.454241,0.00213,-0.00852,0.00426,99305.02,25.71,0.375026
1805.098703,0.010938,-0.09576,0.007182,-9.427572,-9.428061,0.001065,-0.003195,0,99304.11,25.71,0.401206
1805.10984,0.011137,-0.088578,0.009576,-9.401238,-9.40166,0.001065,-0.007455,0.001065,99304.11,25.71,0.427607
1805.12105,0.01121,-0.079002,-0.019152,-9.417996,-9.418347,0,-0.00426,0.00213,99304.11,25.71,0.41092
1805.132182,0.011133,-0.09576,-0.009576,-9.425178,-9.425669,0.00426,-0.00426,0.00213,99304.11,25.71,0.403598
1805.143382,0.0112,-0.098154,-0.009576,-9.43236,-9.432876,0.001065,-0.005325,0.00213,99304.11,25.71,0.396391
1805.154683,0.011301,-0.052668,-0.014364,-9.370116,-9.370275,0,-0.00426,0.00426,99304.11,25.71,0.458992
1805.165949,0.011266,-0.088578,-0.026334,-9.377298,-9.377753,0,-0.00426,0.001065,99303.13,25.71,0.451514
1805.176967,0.011018,-0.105336,0.026334,-9.413208,-9.413834,0,-0.00639,0.003195,99303.13,25.71,0.415433
1805.188183,0.011216,-0.09576,-0.01197,-9.43236,-9.432854,0.001065,-0.003195,0.003195,99303.13,25.71,0.396413
1805.199328,0.011144,-0.069426,-0.021546,-9.353358,-9.35364,0,-0.003195,0.001065,99303.13,25.71,0.475627
1805.210485,0.011157,-0.090972,0.03591,-9.346176,-9.346688,0.001065,-0.00639,0.001065,99303.13,25.71,0.482579
1805.221766,0.011281,-0.074214,-0.016758,-9.353358,-9.353667,0.001065,-0.00639,0.003195,99303.13,25.71,0.4756
1805.232905,0.01114,-0.07182,0.04788,-9.353358,-9.353756,0.00213,-0.005325,0.001065,99302.25,25.71,0.475511
1805.244132,0.011227,-0.067032,0.019152,-9.370116,-9.370375,0.003195,-0.005325,0.003195,99302.25,25.71,0.458892
1805.255425,0.011293,-0.086184,0.028728,-9.370116,-9.370556,0.00213,-0.00639,0.00213,99302.25,25.71,0.458711
1805.265519,0.010094,-0.076608,0.028728,-9.343782,-9.34414,0,-0.00426,0.001065,99302.25,25.71,0.485127
1805.275632,0.010113,-0.081396,-0.004788,-9.362934,-9.363289,0.001065,-0.005325,0.00213,99302.25,25.71,0.465978
1805.285752,0.01012,-0.038304,0.038304,-9.346176,-9.346333,0.00213,-0.005325,0.003195,99302.25,25.71,0.482934
1805.295856,0.010104,-0.07182,0.033516,-9.338994,-9.33933,0.001065,-0.005325,0.00213,99302.25,25.71,0.489937
1805.30596,0.010104,-0.045486,0.021546,-9.338994,-9.33913,0.001065,-0.00426,-0.001065,99302.25,25.71,0.490137
1805.316068,0.010108,-0.079002,0.031122,-9.317448,-9.317835,0.00426,-0.01065,0.003195,99302.25,25.71,0.511432
1805.326263,0.010195,-0.074214,0.019152,-9.322236,-9.322551,0.00213,-0.00426,0,99302.25,25.71,0.506716
1805.336363,0.0101,-0.08379,-0.019152,-9.32463,-9.325026,0,-0.005325,0,99302.25,25.71,0.504241
1805.34645,0.010087,-0.079002,0.055062,-9.334206,-9.334703,0.003195,-0.005325,-0.001065,99302.25,25.71,0.494564
1805.356579,0.010129,-0.040698,0.033516,-9.319842,-9.319991,0.00213,-0.00639,0.003195,99301.35,25.71,0.509276
1805.366686,0.010107,-0.081396,0,-9.286326,-9.286683,0.001065,-0.007455,0.003195,99301.35,25.71,0.542584
1805.376806,0.010121,-0.074214,0.055062,-9.310266,-9.310725,0.00426,-0.00852,0.00213,99301.35,25.71,0.518542
1805.386905,0.010098,-0.050274,0.021546,-9.310266,-9.310427,0.001065,-0.005325,0.00213,99301.35,25.71,0.51884
1805.397028,0.010123,-0.064638,0.007182,-9.317448,-9.317675,0.001065,-0.005325,0.003195,99301.35,25.71,0.511592
1805.407123,0.010095,-0.07182,0.026334,-9.303084,-9.303398,0.00213,-0.00426,0.00426,99301.35,25.71,0.525869
1805.417219,0.010096,-0.057456,0.062244,-9.303084,-9.30347,0.001065,-0.00426,0,99301.35,25.71,0.525797
1805.427318,0.010099,-0.055062,-0.031122,-9.329418,-9.329632,0.005325,-0.00426,0.00213,99300.49,25.71,0.499635
1805.437463,0.010145,-0.100548,0.045486,-9.307872,-9.308526,-0.001065,-0.005325,0.00213,99300.49,25.71,0.520741
1805.447582,0.010119,-0.057456,-0.021546,-9.305478,-9.30568,0.001065,-0.00426,0.001065,99300.49,25.71,0.523587
1805.457666,0.010083,-0.1197,0.028728,-9.315054,-9.315867,-0.001065,-0.005325,0,99300.49,25.71,0.5134
1805.467802,0.010136,-0.055062,-0.002394,-9.286326,-9.28649,0,-0.00426,0.00213,99300.49,25.71,0.542777
1805.477922,0.010121,-0.08379,-0.014364,-9.303084,-9.303472,0.005325,-0.00639,0,99300.49,25.71,0.525795
1805.488001,0.010079,-0.086184,0.007182,-9.322236,-9.322637,0.001065,-0.003195,0,99299.55,25.71,0.50663
1805.498089,0.010088,-0.057456,0.009576,-9.346176,-9.346358,0.003195,-0.00639,0,99299.55,25.71,0.482909
1805.508187,0.010098,-0.110124,-0.019152,-9.319842,-9.320512,0.001065,-0.005325,0.001065,99299.55,25.71,0.508755
1805.518273,0.010085,-0.102942,0.002394,-9.315054,-9.315623,-0.00213,-0.00426,0.00213,99299.55,25.71,0.513644
1805.528394,0.010121,-0.064638,-0.004788,-9.329418,-9.329643,0.003195,-0.003195,0.001065,99299.55,25.71,0.499624
1805.538484,0.01009,-0.07182,-0.033516,-9.355752,-9.356088,0.001065,-0.00639,0.00213,99299.55,25.71,0.473179
1805.548598,0.010114,-0.1197,0.01197,-9.358146,-9.358919,0.001065,-0.005325,0,99298.66,25.71,0.470348
1805.55869,0.010092,-0.069426,0.002394,-9.31266,-9.312919,0.00213,-0.00213,0,99298.66,25.71,0.516348
1805.568885,0.010195,-0.064638,-0.009576,-9.307872,-9.308101,0.003195,-0.00426,0.00213,99298.66,25.71,0.521166
1805.578982,0.010097,-0.050274,0.002394,-9.331812,-9.331948,0.00213,-0.00639,0.001065,99298.66,25.71,0.497319
1805.589089,0.010107,-0.074214,0.002394,-9.343782,-9.344077,0.00213,-0.00426,0.00213,99298.66,25.71,0.48519
1805.599202,0.010113,-0.076608,0.009576,-9.341388,-9.341707,0.001065,-0.00426,0,99298.66,25.71,0.48756
1805.609312,0.01011,-0.055062,0.031122,-9.317448,-9.317663,0.003195,-0.005325,0.003195,99298.66,25.71,0.511604
1805.619441,0.010129,-0.043092,-0.016758,-9.334206,-9.334321,0.00213,-0.003195,0.00213,99298.66,25.71,0.494946
1805.629531,0.01009,-0.064638,0.002394,-9.331812,-9.332036,-0.001065,-0.007455,0.00213,99298.66,25.71,0.497231
1805.639631,0.0101,-0.098154,0.050274,-9.319842,-9.320494,0.003195,-0.005325,0.003195,99298.66,25.71,0.508773
1805.649727,0.010096,-0.03591,-0.02394,-9.329418,-9.329518,0.001065,-0.005325,0.001065,99298.66,25.71,0.499749
1805.65983,0.010103,-0.098154,0.043092,-9.341388,-9.342003,0.001065,-0.00639,0.003195,99298.66,25.71,0.487264
1805.669931,0.010101,-0.100548,0.03591,-9.350964,-9.351574,0.001065,-0.003195,0.00213,99298.66,25.71,0.477693
1805.680041,0.01011,-0.019152,0.02394,-9.334206,-9.334256,0.00213,-0.00426,0.00426,99297.88,25.71,0.495011
1805.6902,0.010159,-0.088578,0.043092,-9.338994,-9.339513,0.00213,-0.005325,0.003195,99297.88,25.71,0.489754
1805.700373,0.010174,-0.079002,0.033516,-9.319842,-9.320237,0.00213,-0.00639,0.00213,99297.88,25.71,0.50903
1805.710468,0.010095,-0.081396,0.002394,-9.329418,-9.329773,0.001065,-0.003195,0.001065,99297.88,25.71,0.499494
1805.720581,0.010112,-0.090972,0.055062,-9.331812,-9.332418,0.001065,-0.007455,0.00213,99297.88,25.71,0.496849
1805.730667,0.010086,-0.038304,0.004788,-9.353358,-9.353438,0.003195,-0.00426,0.00213,99297.88,25.71,0.475829
1805.74077,0.010104,-0.074214,0.01197,-9.30069,-9.300994,0.001065,-0.005325,0.003195,99297.01,25.71,0.528273
1805.750858,0.010087,-0.122094,0.050274,-9.329418,-9.330352,0.001065,-0.003195,0.00213,99297.01,25.71,0.498915
1805.760955,0.010097,-0.079002,0.01197,-9.329418,-9.32976,0.00426,-0.007455,0.00213,99297.01,25.71,0.499507
1805.771045,0.010091,-0.074214,0.026334,-9.322236,-9.322569,0.001065,-0.00426,0,99297.01,25.71,0.506698
1805.781423,0.010377,-0.08379,0.02394,-9.353358,-9.353764,0.001065,-0.007455,0.003195,99297.01,25.71,0.475503
1805.791559,0.010136,-0.079002,0.02394,-9.315054,-9.31542,0.00213,-0.005325,0.003195,99297.01,25.71,0.513847
1805.801648,0.010089,-0.07182,0.014364,-9.286326,-9.286615,0.003195,-0.007455,0.001065,99297.01,25.71,0.542652
1805.811782,0.010135,-0.050274,-0.002394,-9.334206,-9.334342,0.00213,-0.00426,0,99296.11,25.71,0.494925
1805.821886,0.010104,-0.062244,0.01197,-9.32463,-9.324845,0.00213,-0.00639,0.003195,99296.11,25.71,0.504422
1805.831988,0.010102,-0.07182,0.007182,-9.319842,-9.320121,0.001065,-0.003195,0,99296.11,25.71,0.509146
1805.84208,0.010092,-0.064638,-0.028728,-9.334206,-9.334474,0.001065,-0.00852,0.001065,99296.11,25.71,0.494793
1805.85216,0.01008,-0.033516,-0.009576,-9.331812,-9.331877,0.00213,-0.00426,0.001065,99296.11,25.71,0.49739
1805.862273,0.010113,-0.079002,0.004788,-9.31266,-9.312996,0.003195,-0.005325,0.00213,99296.11,25.71,0.516271
1805.872375,0.010102,-0.076608,-0.016758,-9.329418,-9.329748,0,-0.007455,0.001065,99295.13,25.71,0.499519
1805.882481,0.010106,-0.074214,0.01197,-9.32463,-9.324933,0.003195,-0.00426,0.00213,99295.13,25.71,0.504334
1805.892597,0.010116,-0.055062,-0.055062,-9.346176,-9.3465,0.00213,-0.00426,0.001065,99295.13,25.71,0.482767
1805.902693,0.010096,-0.062244,0.028728,-9.341388,-9.34164,0,-0.00639,0.00213,99295.13,25.71,0.487627
1805.912776,0.010083,-0.074214,0.007182,-9.334206,-9.334504,-0.001065,-0.005325,0.00213,99295.13,25.71,0.494763
1805.922912,0.010137,-0.07182,0.002394,-9.329418,-9.329695,0.00213,-0.003195,0.00426,99295.13,25.71,0.499572
1805.933182,0.01027,-0.093366,-0.009576,-9.31266,-9.313133,0.001065,-0.005325,0.001065,99295.13,25.71,0.516134
1805.943296,0.010114,-0.076608,0.028728,-9.298296,-9.298656,0,-0.009585,0.001065,99294.29,25.71,0.530611
1805.953454,0.010158,-0.081396,0.014364,-9.317448,-9.317815,0.00213,0,-0.003195,99294.29,25.71,0.511452
1805.963606,0.010151,-0.076608,0.02394,-9.343782,-9.344127,0.001065,-0.00852,0.003195,99294.29,25.71,0.48514
1805.973708,0.010102,-0.08379,0.026334,-9.32463,-9.325044,0.005325,-0.00426,0.003195,99294.29,25.71,0.504223
1805.983818,0.01011,-0.074214,0.02394,-9.319842,-9.320168,-0.001065,-0.00639,0.00213,99294.29,25.71,0.509099
1805.994285,0.010468,-0.081396,0.050274,-9.331812,-9.332302,0.00426,-0.00639,0.001065,99294.29,25.71,0.496965
1806.00441,0.010125,-0.045486,0.02394,-9.310266,-9.310408,0.003195,-0.00426,0.00426,99294.29,25.71,0.518859
1806.014503,0.010093,-0.074214,0.028728,-9.3366,-9.336939,0.00213,-0.007455,0.00213,99294.29,25.71,0.492328
1806.024604,0.010101,-0.08379,0.040698,-9.30069,-9.301156,0.003195,-0.00639,0.00213,99294.29,25.71,0.528111
1806.034713,0.010108,-0.086184,0.040698,-9.281538,-9.282027,0.00213,-0.007455,0.001065,99294.29,25.71,0.54724
1806.044856,0.010143,-0.064638,0.033516,-9.303084,-9.303369,0.001065,-0.007455,0.003195,99294.29,25.71,0.525898
1806.054946,0.010091,-0.086184,0.028728,-9.315054,-9.315497,0.001065,-0.005325,0.00213,99294.29,25.71,0.51377
1806.065028,0.010082,-0.05985,0.019152,-9.286326,-9.286539,0.00213,-0.00426,0.003195,99293.51,25.71,0.542728
1806.075147,0.010119,-0.055062,-0.009576,-9.322236,-9.322404,-0.001065,-0.00426,0.001065,99293.51,25.71,0.506863
1806.085291,0.010144,-0.10773,0.02394,-9.331812,-9.332465,0.00213,-0.00639,0,99293.51,25.71,0.496802
1806.095388,0.010096,-0.04788,-0.007182,-9.298296,-9.298422,0.001065,-0.005325,0.00213,99293.51,25.71,0.530845
1806.105839,0.010451,-0.067032,-0.033516,-9.341388,-9.341689,-0.001065,-0.003195,0.003195,99293.51,25.71,0.487578
1806.116018,0.010179,-0.081396,0.016758,-9.32463,-9.325,0.00213,-0.00639,0.001065,99293.51,25.71,0.504267
1806.126107,0.010089,-0.057456,-0.002394,-9.27675,-9.276928,0.00213,-0.007455,0.00213,99292.61,25.71,0.552339
1806.136333,0.010225,-0.086184,-0.02394,-9.322236,-9.322665,0.00213,-0.003195,0.00213,99292.61,25.71,0.506602
1806.146426,0.010093,-0.067032,-0.007182,-9.331812,-9.332056,0.001065,-0.00639,0.003195,99292.61,25.71,0.497211
1806.156547,0.010121,-0.081396,-0.019152,-9.298296,-9.298672,0.001065,-0.005325,0.003195,99292.61,25.71,0.530595
1806.16666,0.010113,-0.074214,-0.007182,-9.310266,-9.310565,0.001065,-0.00426,0.003195,99292.61,25.71,0.518702
1806.176828,0.010168,-0.074214,0.007182,-9.362934,-9.363231,0.001065,-0.007455,0.003195,99292.61,25.71,0.466036
1806.186915,0.010087,-0.057456,-0.007182,-9.327024,-9.327204,0.003195,-0.003195,0.003195,99292.61,25.71,0.502063
1806.197054,0.010139,-0.07182,0.016758,-9.329418,-9.329709,0.00213,-0.00639,-0.001065,99291.8,25.71,0.499558
1806.207187,0.010134,-0.090972,0.004788,-9.334206,-9.334651,0.00426,-0.005325,0.00213,99291.8,25.71,0.494616
1806.217382,0.010195,-0.098154,0.004788,-9.327024,-9.327542,0.001065,-0.003195,0.003195,99291.8,25.71,0.501725
1806.228434,0.011053,-0.088578,0.04788,-9.303084,-9.303629,0.001065,-0.007455,0.001065,99291.8,25.71,0.525638
1806.239505,0.01107,-0.069426,0.021546,-9.317448,-9.317732,0.003195,-0.005325,0.003195,99291.8,25.71,0.511535
1806.25071,0.011205,-0.040698,0.057456,-9.338994,-9.339259,0,-0.00426,0.001065,99291.8,25.71,0.490008
1806.261867,0.011158,-0.069426,0.014364,-9.322236,-9.322506,0.00213,-0.005325,0.001065,99291.06,25.71,0.506761
1806.273047,0.01118,-0.067032,0.033516,-9.315054,-9.315355,0.003195,-0.00426,0.00213,99291.06,25.71,0.513912
1806.284289,0.011242,-0.062244,0.028728,-9.305478,-9.305731,0.001065,-0.003195,0.00213,99291.06,25.71,0.523536
1806.295568,0.011279,-0.081396,0.03591,-9.298296,-9.298722,0.003195,-0.007455,0,99291.06,25.71,0.530545
1806.306675,0.011107,-0.04788,0.014364,-9.286326,-9.286461,0.003195,-0.005325,0,99291.06,25.71,0.542806
1806.318043,0.011368,-0.08379,0.050274,-9.329418,-9.32993,0.003195,-0.005325,0.003195,99291.06,25.71,0.499337
1806.328988,0.010945,-0.069426,0.026334,-9.305478,-9.305774,0.00213,-0.00639,0.001065,99291.06,25.71,0.523493
1806.340171,0.011182,-0.045486,-0.007182,-9.298296,-9.29841,0.00213,-0.005325,0.001065,99291.06,25.71,0.530857
1806.351439,0.011269,-0.05985,-0.007182,-9.343782,-9.343976,0.00426,-0.00426,0.00213,99291.06,25.71,0.485291
1806.362555,0.011116,-0.074214,-0.009576,-9.350964,-9.351263,0,-0.00426,0.00213,99291.06,25.71,0.478004
1806.37384,0.011285,-0.09576,0.045486,-9.338994,-9.339596,0,-0.00639,0,99291.06,25.71,0.489671
1806.384943,0.011103,-0.067032,0.007182,-9.334206,-9.334449,0.003195,-0.00639,0,99290.38,25.71,0.494818
1806.396213,0.011271,-0.07182,0.002394,-9.307872,-9.308149,0.003195,-0.005325,0,99290.38,25.71,0.521118
1806.407238,0.011024,-0.088578,0.002394,-9.305478,-9.3059,0.001065,-0.005325,0,99290.38,25.71,0.523367
1806.418468,0.01123,-0.088578,-0.007182,-9.31266,-9.313084,0.00213,-0.003195,0.005325,99290.38,25.71,0.516183
1806.429632,0.011164,-0.055062,0.004788,-9.329418,-9.329582,0.001065,-0.007455,0,99290.38,25.71,0.499685
1806.440763,0.01113,-0.045486,-0.002394,-9.334206,-9.334317,0.00426,-0.00426,0.003195,99290.38,25.71,0.49495
1806.45211,0.011348,-0.086184,-0.004788,-9.317448,-9.317848,-0.001065,-0.00852,0.00639,99289.53,25.71,0.511419
1806.463225,0.011115,-0.05985,-0.014364,-9.346176,-9.346379,0.00213,-0.003195,0.00213,99289.53,25.71,0.482888
1806.474447,0.011222,-0.090972,0.007182,-9.295902,-9.29635,0,-0.00639,0.001065,99289.53,25.71,0.532917
1806.485508,0.011061,-0.074214,0.02394,-9.30069,-9.301017,0.00213,-0.00639,-0.001065,99289.53,25.71,0.52825
1806.496684,0.011177,-0.07182,0,-9.310266,-9.310543,0.00213,-0.005325,0,99289.53,25.71,0.518724
1806.508017,0.011333,-0.08379,-0.009576,-9.30069,-9.301072,0.00213,-0.00852,0.005325,99288.94,25.71,0.528195
1806.51914,0.011123,-0.052668,0.033516,-9.295902,-9.296112,0.00213,-0.003195,0.001065,99288.94,25.71,0.533155
1806.530259,0.011119,-0.07182,-0.01197,-9.3366,-9.336884,0.00213,-0.00426,0.003195,99288.94,25.71,0.492383
1806.541426,0.011167,-0.074214,0.004788,-9.31266,-9.312957,0.001065,-0.00426,0.00213,99288.94,25.71,0.51631
1806.55264,0.011214,-0.090972,0.004788,-9.30069,-9.301136,0,-0.005325,0.001065,99288.94,25.71,0.528131
1806.564134,0.011493,-0.093366,0.021546,-9.334206,-9.334698,0.00213,-0.005325,0.00213,99288.94,25.71,0.494569
1806.575618,0.011485,-0.074214,0.026334,-9.31266,-9.312993,0.001065,-0.003195,0.003195,99288.16,25.71,0.516274
1806.586189,0.01057,-0.07182,0.01197,-9.334206,-9.33449,0.003195,-0.005325,-0.001065,99288.16,25.71,0.494777
1806.597344,0.011155,-0.098154,0.026334,-9.32463,-9.325184,0,-0.00213,0.00213,99288.16,25.71,0.504083
1806.608549,0.011205,-0.081396,0.02394,-9.319842,-9.320228,0.00213,-0.005325,0.003195,99288.16,25.71,0.509039
1806.61991,0.011361,-0.074214,0.01197,-9.319842,-9.320145,0.00426,-0.00213,-0.00213,99288.16,25.71,0.509122
1806.631114,0.011204,-0.069426,0.031122,-9.327024,-9.327334,0,-0.003195,0.003195,99288.16,25.71,0.501933
1806.642116,0.011002,-0.062244,0.002394,-9.327024,-9.327232,0.001065,-0.005325,0.00213,99287.46,25.71,0.502035
1806.653256,0.01114,-0.090972,0.021546,-9.307872,-9.308341,0.003195,-0.005325,0.00213,99287.46,25.71,0.520926
1806.664514,0.011258,-0.07182,0.016758,-9.322236,-9.322528,0.001065,-0.005325,0.001065,99287.46,25.71,0.506739
1806.675679,0.011164,-0.08379,0.016758,-9.353358,-9.353748,0.00213,-0.007455,0.001065,99287.46,25.71,0.475519
1806.686824,0.011145,-0.069426,0.031122,-9.329418,-9.329728,0.00213,-0.003195,0.00213,99287.46,25.71,0.499539
1806.698086,0.011262,-0.090972,0.016758,-9.307872,-9.308332,0,-0.00426,0.00213,99287.46,25.71,0.520935
1806.709236,0.011149,-0.064638,-0.002394,-9.322236,-9.32246,0.00213,-0.005325,0.003195,99287.46,25.71,0.506807
1806.720463,0.011227,-0.074214,0,-9.315054,-9.31535,0.003195,-0.00426,0.001065,99287.46,25.71,0.513917
1806.731583,0.01112,-0.067032,0.02394,-9.31266,-9.312932,0.001065,-0.00426,0.00213,99287.46,25.71,0.516335
1806.742918,0.011335,-0.07182,0.016758,-9.341388,-9.341679,0.003195,-0.00639,0.00213,99287.46,25.71,0.487588
1806.754046,0.011128,-0.074214,-0.031122,-9.291114,-9.291463,0.003195,-0.00426,0.001065,99287.46,25.71,0.537804
1806.765209,0.011163,-0.064638,0.019152,-9.331812,-9.332056,0.001065,-0.00639,-0.001065,99286.93,25.71,0.497211
1806.776339,0.01113,-0.076608,-0.014364,-9.322236,-9.322562,0.001065,-0.00213,0.00213,99286.93,25.71,0.506705
1806.787508,0.011168,-0.081396,0.019152,-9.334206,-9.334581,0.001065,-0.007455,0.00213,99286.93,25.71,0.494686
1806.79874,0.011232,-0.062244,-0.002394,-9.331812,-9.33202,0.00213,-0.00639,0.001065,99286.93,25.71,0.497247
1806.809845,0.011105,-0.062244,0.009576,-9.341388,-9.3416,0.001065,-0.00213,0.003195,99286.93,25.71,0.487667
1806.821267,0.011422,-0.055062,0.01197,-9.355752,-9.355922,0.001065,-0.00639,0.001065,99286.93,25.71,0.473345
1806.832336,0.011069,-0.062244,-0.009576,-9.32463,-9.324843,0.00213,-0.00213,0.00213,99286.37,25.71,0.504424
1806.844387,0.012051,-0.069426,0.019152,-9.382086,-9.382362,0.00213,-0.009585,0.00213,99286.37,25.71,0.446905
1806.85478,0.010393,-0.067032,0.014364,-9.365328,-9.365579,0.00213,-0.005325,0.003195,99286.37,25.71,0.463688
1806.866294,0.011515,-0.069426,0.004788,-9.389268,-9.389526,0.001065,-0.00852,0.001065,99286.37,25.71,0.439741
1806.876961,0.010666,-0.067032,0.028728,-9.377298,-9.377582,0.003195,-0.005325,0.00213,99286.37,25.71,0.451685
1806.888205,0.011244,-0.090972,0.016758,-9.38448,-9.384936,0.00213,-0.00639,0.00213,99286.37,25.71,0.444331
1806.899449,0.011244,-0.067032,0.043092,-9.422784,-9.423121,0.00213,-0.00426,0.00213,99285.69,25.71,0.406146
1806.910554,0.011104,-0.069426,0.026334,-9.39645,-9.396743,0.00213,-0.007455,0.00426,99285.69,25.71,0.432524
1806.921749,0.011195,-0.093366,-0.002394,-9.415602,-9.416065,0,-0.007455,0.003195,99285.69,25.71,0.413202
1806.9329,0.011151,-0.074214,0.052668,-9.389268,-9.389709,0.001065,-0.005325,0.00213,99285.69,25.71,0.439558
1806.944116,0.011216,-0.05985,0.03591,-9.403632,-9.403891,0,-0.005325,0.003195,99285.69,25.71,0.425376
1806.955368,0.011251,-0.064638,0.002394,-9.44433,-9.444551,0.003195,-0.005325,0.001065,99285.69,25.71,0.384716
1806.966593,0.011226,-0.08379,0.04788,-9.425178,-9.425672,0.00213,-0.00426,0.003195,99285.1,25.71,0.403595
1806.977685,0.011092,-0.102942,0.002394,-9.441936,-9.442497,0,-0.00426,0.003195,99285.1,25.71,0.38677
1806.988854,0.011169,-0.05985,0.01197,-9.449118,-9.449315,0.00213,-0.003195,0.001065,99285.1,25.71,0.379952
1807.00054,0.011686,-0.057456,0.02394,-9.441936,-9.442141,0.003195,-0.005325,0.005325,99285.1,25.71,0.387126
1807.01122,0.01068,-0.098154,0.007182,-9.470664,-9.471175,-0.00213,-0.00639,0.003195,99285.1,25.71,0.358092
1807.022967,0.011747,-0.067032,0.007182,-9.427572,-9.427813,-0.00213,-0.003195,0.00213,99285.1,25.71,0.401454
1807.033663,0.010696,-0.057456,0.009576,-9.449118,-9.449298,0.00213,-0.00639,0.00213,99285.1,25.71,0.379969
1807.044849,0.011187,-0.069426,0.01197,-9.461088,-9.46135,0,-0.007455,0.003195,99285.1,25.71,0.367917
1807.056088,0.011239,-0.062244,0,-9.465876,-9.466081,0.00213,-0.003195,0,99285.1,25.71,0.363186
1807.067178,0.01109,-0.088578,0.004788,-9.501786,-9.5022,0.00213,-0.00426,0.00213,99285.1,25.71,0.327067
1807.07837,0.011192,-0.079002,0.002394,-9.511362,-9.51169,0,-0.00426,0.001065,99285.1,25.71,0.317577
1807.089487,0.011117,-0.07182,0.004788,-9.523332,-9.523604,0.00213,-0.00639,0.001065,99284.68,25.71,0.305663
1807.100723,0.011236,-0.074214,0.004788,-9.51615,-9.516441,0.003195,-0.00639,0.00213,99284.68,25.71,0.312826
1807.111942,0.011219,-0.07182,-0.014364,-9.532908,-9.533189,0.001065,-0.003195,0.003195,99284.68,25.71,0.296078
1807.123072,0.011129,-0.081396,-0.038304,-9.50418,-9.504606,0.00213,-0.00852,0.00213,99284.68,25.71,0.324661
1807.134357,0.011285,-0.062244,-0.007182,-9.556848,-9.557053,0,-0.005325,0,99284.68,25.71,0.272214
1807.145433,0.011076,-0.07182,0.01197,-9.50418,-9.504459,0,-0.005325,0.00426,99284.68,25.71,0.324808
1807.156667,0.011234,-0.062244,-0.014364,-9.51615,-9.516364,-0.001065,-0.00426,0.00213,99284.09,25.71,0.312903
1807.167843,0.011176,-0.09576,0.026334,-9.520938,-9.521456,0.00213,-0.00426,0.00213,99284.09,25.71,0.307811
1807.178338,0.010495,-0.067032,0.028728,-9.556848,-9.557126,0.00213,-0.005325,0.00213,99284.09,25.71,0.272141
1807.188387,0.01005,-0.086184,0.021546,-9.54009,-9.540504,-0.001065,-0.003195,0.001065,99284.09,25.71,0.288763
1807.198481,0.010094,-0.09576,0.050274,-9.554454,-9.555066,0.003195,-0.00426,0.00213,99284.09,25.71,0.274201
1807.208583,0.010102,-0.069426,0.021546,-9.520938,-9.521216,0,-0.00639,0,99284.09,25.71,0.308051
1807.218676,0.010092,-0.05985,-0.007182,-9.54009,-9.54028,0.00213,-0.00213,0,99283.71,25.71,0.288987
1807.228774,0.010098,-0.05985,0.043092,-9.561636,-9.56192,0.001065,-0.007455,0.001065,99283.71,25.71,0.267347
1807.238896,0.010123,-0.102942,-0.019152,-9.54009,-9.540665,0.003195,-0.00639,0.00213,99283.71,25.71,0.288602
1807.249103,0.010206,-0.110124,0.033516,-9.530514,-9.531209,0,-0.007455,0.001065,99283.71,25.71,0.298058
1807.259219,0.010116,-0.069426,0.004788,-9.614304,-9.614556,0.003195,-0.00426,0.001065,99283.71,25.71,0.214711
1807.269322,0.010104,-0.076608,0.055062,-9.55206,-9.552526,0.001065,-0.00852,0.00426,99283.71,25.71,0.276741
1807.279515,0.010193,-0.062244,-0.009576,-9.556848,-9.557055,0.003195,-0.00213,0.003195,99283.71,25.71,0.272212
1807.289692,0.010177,-0.07182,0.026334,-9.626274,-9.626578,0.00213,-0.005325,0.003195,99283.29,25.71,0.202689
1807.299789,0.010096,-0.079002,-0.002394,-9.592758,-9.593084,0.00213,-0.007455,0.001065,99283.29,25.71,0.236183
1807.309884,0.010095,-0.03591,-0.019152,-9.580788,-9.580874,0.001065,-0.005325,0.001065,99283.29,25.71,0.248393
1807.319988,0.010104,-0.05985,-0.016758,-9.609516,-9.609717,-0.001065,-0.00426,0.001065,99283.29,25.71,0.21955
1807.330076,0.010089,-0.069426,-0.002394,-9.59994,-9.600191,0.001065,-0.005325,0.00426,99283.29,25.71,0.229076
1807.340178,0.010102,-0.040698,-0.021546,-9.614304,-9.614414,0.001065,-0.00639,0.00213,99283.29,25.71,0.214853
1807.350504,0.010326,-0.04788,-0.007182,-9.621486,-9.621608,0.001065,-0.00639,0.00213,99283.29,25.71,0.207659
1807.360606,0.010102,-0.055062,0.02394,-9.640638,-9.640825,0,-0.00639,0,99283.29,25.71,0.188442
1807.370771,0.010165,-0.09576,0.002394,-9.638244,-9.63872,0.00426,-0.003195,0.00213,99283.29,25.71,0.190547
1807.380938,0.010167,-0.08379,0.031122,-9.62388,-9.624295,-0.003195,-0.005325,0.00213,99283.29,25.71,0.204972
1807.39103,0.010093,-0.079002,0.014364,-9.65979,-9.660124,0.00426,-0.00426,-0.001065,99283.29,25.71,0.169143
1807.401127,0.010097,-0.100548,0.01197,-9.64782,-9.648351,0,-0.00639,0,99283.29,25.71,0.180916
1807.411232,0.010104,-0.086184,0.007182,-9.65979,-9.660177,0.00213,-0.003195,0.003195,99282.75,25.71,0.16909
1807.421318,0.010086,-0.100548,0.040698,-9.681336,-9.681944,0.001065,-0.007455,0.001065,99282.75,25.71,0.147323
1807.43141,0.010092,-0.086184,0.03591,-9.686124,-9.686574,0.00213,-0.005325,0.001065,99282.75,25.71,0.142693
1807.441505,0.010095,-0.112518,0.026334,-9.693306,-9.693995,0.00213,-0.009585,0.001065,99282.75,25.71,0.135272
1807.451601,0.010097,-0.090972,0.04788,-9.688518,-9.689063,0.003195,-0.005325,0.001065,99282.75,25.71,0.140204
1807.461727,0.010125,-0.138852,0.069426,-9.645426,-9.646675,0.001065,-0.007455,0.00213,99282.75,25.71,0.182592
1807.471824,0.010097,-0.14364,0.05985,-9.631062,-9.632319,0,-0.00213,-0.001065,99282.75,25.71,0.196948
1807.481922,0.010098,-0.117306,0.05985,-9.628668,-9.629569,0,-0.007455,-0.001065,99282.35,25.71,0.199698
1807.492053,0.010132,-0.114912,0.043092,-9.674154,-9.674932,0.00213,-0.00213,0.001065,99282.35,25.71,0.154335
1807.502194,0.010141,-0.067032,0.021546,-9.705276,-9.705531,0.00426,-0.00426,0,99282.35,25.71,0.123736
1807.512285,0.010091,-0.04788,-0.02394,-9.698094,-9.698242,0.001065,-0.005325,0,99282.35,25.71,0.131025
1807.522375,0.01009,-0.021546,-0.02394,-9.722034,-9.722087,0.00213,-0.00639,0,99282.35,25.71,0.10718
1807.532461,0.010086,0,-0.038304,-9.760338,-9.760413,0.005325,-0.005325,0.001065,99282.35,25.71,0.068854
1807.542718,0.010257,-0.040698,-0.033516,-9.714852,-9.714995,0.001065,-0.00639,0.00213,99281.99,25.71,0.114272
1807.552892,0.010174,-0.055062,-0.040698,-9.722034,-9.722275,0.003195,-0.007455,0.001065,99281.99,25.71,0.106992
1807.562977,0.010085,-0.03591,-0.04788,-9.678942,-9.679127,0.001065,-0.005325,0.00426,99281.99,25.71,0.15014
1807.573203,0.010227,-0.055062,-0.028728,-9.681336,-9.681535,0.003195,-0.007455,0.003195,99281.99,25.71,0.147732
1807.583299,0.010096,0.038304,-0.055062,-9.71964,-9.719871,0,-0.00426,0.00213,99281.99,25.71,0.109396
1807.593558,0.010258,0.04788,-0.05985,-9.789066,-9.789366,0.001065,-0.005325,0.00213,99281.99,25.71,0.039901
1807.6037,0.010142,0.03591,-0.043092,-9.76752,-9.767681,0.001065,-0.003195,0.003195,99281.6,25.71,0.061586
1807.613787,0.010087,0.052668,-0.033516,-9.784278,-9.784477,0.00213,-0.00639,0.005325,99281.6,25.71,0.04479
1807.623885,0.010098,-0.026334,0.02394,-9.757944,-9.758009,0.005325,-0.007455,0.005325,99281.6,25.71,0.071258
1807.633966,0.010081,-0.050274,0.021546,-9.760338,-9.760491,0.00213,-0.00639,0.00426,99281.6,25.71,0.068776
1807.644081,0.010115,-0.1197,0.081396,-9.738792,-9.739868,0.001065,-0.00639,0.003195,99281.6,25.71,0.089399
1807.654231,0.01015,-0.174762,0.148428,-9.75555,-9.758244,0,-0.00639,0.003195,99281.6,25.71,0.071023
1807.664363,0.010132,-0.184338,0.1197,-9.760338,-9.762812,0.00213,-0.005325,0,99281.36,25.71,0.066455
1807.674457,0.010094,-0.174762,0.134064,-9.76752,-9.770003,0.00213,-0.00426,0.00213,99281.36,25.71,0.059264
1807.684548,0.010091,-0.186732,0.138852,-9.8154,-9.818158,0.001065,-0.007455,0.003195,99281.36,25.71,0.011109
1807.694641,0.010093,-0.141246,0.07182,-9.801036,-9.802317,-0.001065,-0.00426,0,99281.36,25.71,0.02695
1807.70527,0.010629,-0.158004,0.100548,-9.813006,-9.814793,0.003195,-0.00426,0,99281.36,25.71,0.014474
1807.716016,0.010746,-0.205884,0.07182,-9.77949,-9.781921,0.001065,-0.00426,-0.00213,99281.36,25.71,0.047346
1807.727858,0.011843,-0.189126,0.026334,-9.801036,-9.802896,0,-0.007455,-0.003195,99281.36,25.71,0.026371
1807.738295,0.010437,-0.184338,0.043092,-9.822582,-9.824406,0.00213,-0.00213,0,99281.36,25.71,0.004861
1807.749402,0.011107,-0.16758,-0.004788,-9.793854,-9.795289,0.00213,-0.00213,-0.001065,99281.36,25.71,0.033978
1807.760618,0.011217,-0.074214,-0.067032,-9.877644,-9.87815,0.003195,-0.00426,-0.00213,99281.36,25.71,-0.048883
1807.771852,0.011234,-0.07182,-0.08379,-9.853704,-9.854322,0.001065,-0.005325,0.001065,99281.36,25.71,-0.025055
1807.781949,0.010097,0.016758,-0.150822,-9.860886,-9.862054,0.00213,-0.00213,0,99281.36,25.71,-0.032787
1807.792086,0.010137,0.02394,-0.117306,-9.820188,-9.820918,0.003195,-0.007455,0.003195,99281.11,25.71,0.008349
1807.802239,0.010153,0.014364,-0.105336,-9.8154,-9.815976,0,-0.00639,0.003195,99281.11,25.71,0.013291
1807.812429,0.01019,-0.009576,-0.081396,-9.832158,-9.8325,0.00213,-0.007455,0.003195,99281.11,25.71,-0.003233
1807.822519,0.01009,-0.01197,-0.057456,-9.796248,-9.796424,0.001065,-0.007455,0.005325,99281.11,25.71,0.032843
1807.832604,0.010085,-0.021546,-0.019152,-9.810612,-9.810654,0.00213,-0.00852,0.00426,99281.11,25.71,0.018613
1807.842728,0.010124,0.002394,-0.021546,-9.822582,-9.822606,0.001065,-0.001065,0.00639,99281.11,25.71,0.006661
1807.852865,0.010137,-0.052668,-0.009576,-9.798642,-9.798788,0,-0.005325,0.00852,99281.11,25.71,0.030479
1807.862951,0.010087,-0.028728,0.02394,-9.781884,-9.781955,0.003195,-0.003195,0.00639,99280.98,25.71,0.047312
1807.873061,0.010109,-0.033516,0.016758,-9.813006,-9.813078,0,-0.00426,0.00213,99280.98,25.71,0.016189
1807.883726,0.010665,0.01197,0.040698,-9.798642,-9.798734,0.00213,-0.005325,0.005325,99280.98,25.71,0.030533
1807.89489,0.011165,-0.045486,0.088578,-9.765126,-9.765634,0.00213,-0.00426,0.005325,99280.98,25.71,0.063633
1807.905966,0.011076,-0.088578,0.10773,-9.772308,-9.773303,0.00213,-0.005325,0.003195,99280.98,25.71,0.055964
1807.917396,0.01143,-0.088578,0.098154,-9.774702,-9.775596,0,-0.00426,0,99280.98,25.71,0.053671
1807.928339,0.010942,-0.093366,0.105336,-9.798642,-9.799653,0.001065,-0.003195,0,99280.61,25.71,0.029614
1807.939607,0.011268,-0.112518,0.052668,-9.824976,-9.825761,0.001065,-0.005325,-0.00213,99280.61,25.71,0.003506
1807.95071,0.011103,-0.098154,0.08379,-9.858492,-9.859337,0.003195,-0.00639,0,99280.61,25.71,-0.03007
1807.961952,0.011242,-0.124488,0.009576,-9.822582,-9.823375,0.001065,-0.005325,0,99280.61,25.71,0.005892
1807.97329,0.011339,-0.146034,0.007182,-9.813006,-9.814095,0.001065,-0.00639,0,99280.61,25.71,0.015172
1807.984289,0.010998,-0.117306,-0.02394,-9.822582,-9.823312,0.00213,-0.007455,0.001065,99280.39,25.71,0.005955
1807.995482,0.011193,-0.134064,0.019152,-9.784278,-9.785215,0.001065,-0.003195,0.001065,99280.39,25.71,0.044052
1808.006713,0.011231,-0.122094,-0.016758,-9.793854,-9.794629,0.001065,-0.00426,-0.001065,99280.39,25.71,0.034638
1808.017854,0.011141,-0.153216,-0.01197,-9.80343,-9.804635,0.001065,-0.005325,0.00213,99280.39,25.71,0.024632
1808.028978,0.011124,-0.112518,-0.02394,-9.786672,-9.787348,0,-0.00426,0,99280.39,25.71,0.041919
1808.040206,0.011228,-0.07182,-0.05985,-9.798642,-9.799088,0.00213,-0.00426,0.001065,99280.39,25.71,0.030179
1808.051426,0.011221,-0.08379,-0.050274,-9.786672,-9.78716,0.001065,-0.00426,0.00213,99280.39,25.71,0.042107
1808.062586,0.01116,-0.10773,-0.04788,-9.841734,-9.84244,0.00213,-0.005325,0.005325,99280.39,25.71,-0.013173
1808.073817,0.011231,-0.069426,-0.009576,-9.808218,-9.808468,0.00213,-0.005325,0.001065,99280.39,25.71,0.020799
1808.085149,0.011332,-0.064638,-0.014364,-9.832158,-9.832381,0.00213,-0.005325,0.003195,99280.39,25.71,-0.003114
1808.09621,0.011061,-0.031122,-0.03591,-9.817794,-9.817909,0.001065,-0.00426,0.003195,99280.39,25.71,0.011358
1808.107399,0.011189,-0.069426,0.045486,-9.805824,-9.806175,0.001065,-0.00426,0.003195,99280.39,25.71,0.023092
1808.118548,0.011149,-0.01197,0.021546,-9.856098,-9.856129,0,-0.00426,0.003195,99280.14,25.71,-0.026862
1808.129686,0.011137,-0.055062,0.038304,-9.824976,-9.825205,0.00426,-0.007455,0.00639,99280.14,25.71,0.004062
1808.140861,0.011176,-0.03591,0.074214,-9.848916,-9.849261,0.003195,-0.00639,0,99280.14,25.71,-0.019994
1808.152127,0.011265,0.002394,0.04788,-9.817794,-9.817911,0.001065,-0.007455,0.00213,99280.14,25.71,0.011356
1808.163244,0.011117,-0.040698,0.069426,-9.868068,-9.868396,0,-0.005325,0.003195,99280.14,25.71,-0.039129
1808.174544,0.011301,-0.02394,0.052668,-9.817794,-9.817964,0.003195,-0.00852,0.00213,99280.14,25.71,0.011303
1808.185615,0.011071,-0.04788,0.067032,-9.858492,-9.858836,0.001065,-0.00426,0.00213,99279.83,25.71,-0.029569
1808.196797,0.011182,-0.038304,0.076608,-9.8154,-9.815774,0.001065,-0.007455,0.003195,99279.83,25.71,0.013493
1808.208102,0.011305,-0.055062,0.03591,-9.841734,-9.841954,0.001065,-0.005325,0.003195,99279.83,25.71,-0.012687
1808.219236,0.011134,-0.088578,0.021546,-9.829764,-9.830187,0,-0.00426,-0.001065,99279.83,25.71,-0.00092
1808.230367,0.011131,-0.074214,0.033516,-9.841734,-9.842071,0.001065,-0.00426,-0.001065,99279.83,25.71,-0.012804
1808.241551,0.011183,-0.09576,0.02394,-9.829764,-9.83026,0.00213,-0.00426,0.001065,99279.61,25.71,-0.000993
1808.252711,0.011161,-0.10773,0.014364,-9.808218,-9.80882,0.00213,-0.005325,0,99279.61,25.71,0.020447
1808.263918,0.011207,-0.090972,0.004788,-9.79146,-9.791884,0.001065,-0.007455,0.003195,99279.61,25.71,0.037383
1808.275297,0.011379,-0.153216,-0.028728,-9.817794,-9.819031,0,-0.005325,0.00213,99279.61,25.71,0.010236
1808.286317,0.01102,-0.117306,-0.014364,-9.801036,-9.801749,0.001065,-0.00426,0.001065,99279.61,25.71,0.027518
1808.297448,0.011131,-0.110124,-0.031122,-9.798642,-9.79931,0.003195,-0.005325,0.003195,99279.61,25.71,0.029957
1808.308621,0.011173,-0.117306,-0.028728,-9.844128,-9.844869,0.001065,-0.005325,0.001065,99279.35,25.71,-0.015602
1808.319841,0.01122,-0.105336,-0.016758,-9.810612,-9.811192,0.001065,-0.00639,0.001065,99279.35,25.71,0.018075
1808.331029,0.011188,-0.093366,-0.004788,-9.820188,-9.820633,0.003195,-0.00639,0.003195,99279.35,25.71,0.008634
1808.34228,0.011251,-0.093366,-0.009576,-9.824976,-9.825424,0.00213,-0.005325,0.001065,99279.35,25.71,0.003843
1808.353375,0.011095,-0.08379,0.004788,-9.805824,-9.806183,0.001065,-0.003195,0.00213,99279.35,25.71,0.023084
1808.364559,0.011184,-0.093366,0,-9.846522,-9.846965,0.001065,-0.00639,0.001065,99279.35,25.71,-0.017698
1808.376028,0.011469,-0.05985,0.026334,-9.820188,-9.820406,0.001065,-0.005325,0.00213,99279.35,25.71,0.008861
1808.386972,0.010944,-0.098154,0.019152,-9.844128,-9.844636,0.001065,-0.005325,0.00213,99279.35,25.71,-0.015369
1808.398122,0.01115,-0.076608,0.055062,-9.813006,-9.81346,0.001065,-0.005325,0.00213,99279.35,25.71,0.015807
1808.409302,0.01118,-0.04788,0.02394,-9.841734,-9.84188,0.001065,-0.005325,0.00213,99279.35,25.71,-0.012613
1808.42049,0.011188,-0.031122,0.019152,-9.817794,-9.817862,0.003195,-0.005325,0,99279.35,25.71,0.011405
1808.431744,0.011254,-0.038304,0.05985,-9.808218,-9.808475,0.00213,-0.00639,0.00213,99279.23,25.71,0.020792
1808.442866,0.011122,-0.002394,0.062244,-9.817794,-9.817992,0.00213,-0.003195,0,99279.23,25.71,0.011275
1808.454108,0.011242,-0.052668,0.038304,-9.822582,-9.822798,0.003195,-0.003195,0.001065,99279.23,25.71,0.006469
1808.465314,0.011206,-0.038304,0.055062,-9.796248,-9.796478,0.001065,-0.005325,0.001065,99279.23,25.71,0.032789
1808.476445,0.011131,-0.050274,0.055062,-9.808218,-9.808501,0.00213,-0.007455,0,99279.23,25.71,0.020766
1808.487618,0.011174,-0.081396,0.026334,-9.796248,-9.796622,0.00426,-0.00426,0,99279.23,25.71,0.032645
1808.498789,0.011171,-0.050274,0.007182,-9.820188,-9.820319,0,-0.00213,0.001065,99279.03,25.71,0.008948
1808.509952,0.011163,-0.081396,0.007182,-9.798642,-9.798983,0.001065,-0.007455,0.003195,99279.03,25.71,0.030284
1808.521166,0.011214,-0.064638,-0.009576,-9.834552,-9.834769,0,-0.00426,0.001065,99279.03,25.71,-0.005502
1808.532317,0.011152,-0.088578,-0.03591,-9.793854,-9.79432,0.00213,-0.00639,0.001065,99279.03,25.71,0.034947
1808.543595,0.011277,-0.114912,-0.021546,-9.817794,-9.81849,0.00213,-0.00852,0.00213,99279.03,25.71,0.010777
1808.554826,0.011231,-0.110124,-0.028728,-9.789066,-9.789728,0.00213,-0.005325,0.003195,99278.83,25.71,0.039539
1808.565867,0.011042,-0.129276,0,-9.8154,-9.816251,0.003195,-0.007455,0.003195,99278.83,25.71,0.013016
1808.577159,0.011292,-0.09576,-0.026334,-9.848916,-9.849417,0.00213,-0.007455,0.00213,99278.83,25.71,-0.02015
1808.58829,0.011131,-0.112518,-0.033516,-9.834552,-9.835253,0.00213,-0.00426,0.00213,99278.83,25.71,-0.005986
1808.599475,0.011186,-0.10773,0.009576,-9.83934,-9.839934,0.001065,-0.00426,0.003195,99278.83,25.71,-0.010667
1808.610599,0.011124,-0.064638,-0.01197,-9.8154,-9.81562,0.001065,-0.00426,0.00213,99278.83,25.71,0.013647
1808.621863,0.011264,-0.122094,0,-9.83934,-9.840097,-0.003195,-0.00852,0.003195,99278.57,25.71,-0.01083
1808.633028,0.011166,-0.102942,0.007182,-9.817794,-9.818336,0.003195,-0.00426,0.00426,99278.57,25.71,0.010931
1808.644184,0.011155,-0.098154,0.055062,-9.817794,-9.818439,0.001065,-0.003195,0.00213,99278.57,25.71,0.010828
1808.655442,0.011258,-0.05985,0.050274,-9.82737,-9.827681,0.00213,-0.005325,0.001065,99278.57,25.71,0.001586
1808.666577,0.011135,-0.07182,0.038304,-9.801036,-9.801374,-0.001065,-0.00639,0.00213,99278.57,25.71,0.027893
1808.677792,0.011215,-0.05985,0.052668,-9.801036,-9.80136,0.00213,-0.003195,-0.001065,99278.57,25.71,0.027907
1808.688934,0.011142,-0.045486,0.057456,-9.82737,-9.827643,0.001065,-0.005325,-0.001065,99278.57,25.71,0.001624
1808.700229,0.011295,-0.045486,0.031122,-9.817794,-9.817949,0.00213,-0.00639,0.001065,99278.57,25.71,0.011318
1808.711389,0.01116,-0.069426,0.038304,-9.805824,-9.806145,0.003195,-0.00426,0.001065,99278.57,25.71,0.023122
1808.722529,0.011141,-0.045486,0.038304,-9.817794,-9.817974,0.001065,-0.005325,0,99278.57,25.71,0.011293
1808.733809,0.01128,-0.050274,0.033516,-9.801036,-9.801222,0.001065,-0.00639,0.001065,99278.57,25.71,0.028045
1808.744829,0.011019,-0.067032,0.033516,-9.834552,-9.834838,0.003195,-0.00852,0.001065,99278.38,25.71,-0.005571
1808.756152,0.011323,-0.086184,-0.016758,-9.808218,-9.808611,0.003195,-0.00426,0.001065,99278.38,25.71,0.020656
1808.767234,0.011082,-0.05985,0.01197,-9.829764,-9.829953,0,-0.007455,0.001065,99278.38,25.71,-0.000686
1808.778416,0.011182,-0.057456,-0.028728,-9.808218,-9.808428,0.00213,-0.00426,0,99278.38,25.71,0.020839
1808.789588,0.011172,-0.052668,-0.016758,-9.834552,-9.834707,0,-0.005325,0.001065,99278.38,25.71,-0.00544
1808.800844,0.011256,-0.074214,-0.014364,-9.832158,-9.832449,0,-0.00852,0.00426,99278.38,25.71,-0.003182
1808.812062,0.011217,-0.090972,-0.004788,-9.805824,-9.806247,0.003195,-0.00426,-0.001065,99278.28,25.71,0.02302
1808.823149,0.011087,-0.086184,-0.009576,-9.810612,-9.810995,0.001065,-0.00639,0.00213,99278.28,25.71,0.018272
1808.834398,0.011249,-0.09576,-0.033516,-9.8154,-9.815924,0,-0.005325,0,99278.28,25.71,0.013343
1808.845487,0.011089,-0.102942,-0.02394,-9.860886,-9.861452,0.001065,-0.00639,0.003195,99278.28,25.71,-0.032185
1808.856707,0.01122,-0.112518,0,-9.813006,-9.813651,0.001065,-0.00639,0.003195,99278.28,25.71,0.015616
1808.867888,0.011181,-0.093366,0.014364,-9.868068,-9.86852,0.003195,-0.00426,0.003195,99278.28,25.71,-0.039253
1808.879053,0.011165,-0.081396,0.016758,-9.801036,-9.801388,0,-0.00426,0,99278.09,25.71,0.027879
1808.890311,0.011258,-0.09576,0.002394,-9.808218,-9.808686,0.001065,-0.005325,0.005325,99278.09,25.71,0.020581
1808.901392,0.011081,-0.050274,0.055062,-9.817794,-9.818077,0.001065,-0.005325,0.001065,99278.09,25.71,0.01119
1808.912616,0.011224,-0.08379,0.021546,-9.820188,-9.820569,0.003195,-0.00426,0.003195,99278.09,25.71,0.008698
1808.922718,0.010102,-0.079002,0.040698,-9.844128,-9.844529,0.003195,-0.007455,0.00213,99278.09,25.71,-0.015262
1808.932809,0.010091,-0.086184,0.045486,-9.824976,-9.825459,0,-0.005325,0.003195,99278.09,25.71,0.003808
1808.942889,0.010079,-0.112518,0.019152,-9.810612,-9.811276,0.001065,-0.007455,0.00213,99277.87,25.71,0.017991
1808.952998,0.010109,-0.076608,0.045486,-9.813006,-9.81341,0.003195,-0.007455,0.00213,99277.87,25.71,0.015857
1808.963111,0.010113,-0.086184,0.028728,-9.801036,-9.801457,0,-0.007455,0.001065,99277.87,25.71,0.02781
1808.9732,0.010089,-0.064638,0.028728,-9.79146,-9.791715,0,-0.005325,0.001065,99277.87,25.71,0.037552
1808.983296,0.010096,-0.067032,0.031122,-9.824976,-9.825254,0.003195,-0.007455,0.00213,99277.87,25.71,0.004013
1808.9934,0.010105,-0.07182,0.02394,-9.789066,-9.789359,0.00213,-0.005325,0,99277.87,25.71,0.039908
1809.003492,0.010092,-0.074214,0.038304,-9.805824,-9.80618,-0.001065,-0.00426,0,99277.87,25.71,0.023087
1809.013601,0.010109,-0.069426,-0.007182,-9.834552,-9.8348,0.001065,-0.00639,0,99277.87,25.71,-0.005533
1809.023766,0.010164,-0.040698,0.004788,-9.810612,-9.810698,0,-0.00426,0,99277.87,25.71,0.018569
1809.033879,0.010113,-0.074214,0.002394,-9.805824,-9.806105,0.00213,-0.00426,0.001065,99277.87,25.71,0.023162
1809.043976,0.010096,-0.043092,-0.014364,-9.808218,-9.808323,0.001065,-0.003195,0.001065,99277.87,25.71,0.020944
1809.054068,0.010092,-0.08379,-0.026334,-9.810612,-9.811005,0,-0.005325,0.003195,99277.87,25.71,0.018262
1809.064178,0.010111,-0.045486,-0.009576,-9.83934,-9.83945,0.00426,-0.00639,0.003195,99277.47,25.71,-0.010183
1809.074326,0.010148,-0.057456,-0.045486,-9.808218,-9.808492,0.001065,-0.00426,0.001065,99277.47,25.71,0.020775
1809.084424,0.010098,-0.086184,-0.021546,-9.805824,-9.806226,0.003195,-0.00639,0.003195,99277.47,25.71,0.023041
1809.094518,0.010094,-0.052668,-0.021546,-9.836946,-9.837111,0.00213,-0.00639,0.003195,99277.47,25.71,-0.007844
1809.104623,0.010105,-0.067032,0.002394,-9.83934,-9.839569,0.00213,-0.005325,-0.001065,99277.47,25.71,-0.010302
1809.114746,0.010123,-0.1197,0.004788,-9.820188,-9.820919,0,-0.00426,0,99277.47,25.71,0.008348
1809.125165,0.01042,-0.081396,-0.002394,-9.853704,-9.85404,0.001065,-0.005325,0.00213,99277.3,25.71,-0.024773
1809.136324,0.011159,-0.1197,0.009576,-9.8154,-9.816135,-0.001065,-0.00426,0.003195,99277.3,25.71,0.013132
1809.147494,0.011169,-0.086184,0.031122,-9.82737,-9.827797,0.00213,-0.00639,0.003195,99277.3,25.71,0.00147
1809.158895,0.011402,-0.086184,0.02394,-9.813006,-9.813414,0,-0.005325,0.00426,99277.3,25.71,0.015853
1809.169909,0.011014,-0.09576,0.062244,-9.824976,-9.82564,0.003195,-0.005325,0.001065,99277.3,25.71,0.003627
1809.181002,0.011093,-0.069426,0.009576,-9.856098,-9.856347,0.00213,-0.003195,0.001065,99277.3,25.71,-0.02708
1809.19225,0.011248,-0.126882,0.031122,-9.824976,-9.825845,0.003195,-0.00639,0.003195,99277.2,25.71,0.003422
1809.203392,0.011143,-0.09576,0.028728,-9.786672,-9.787183,0.003195,-0.00852,0.00213,99277.2,25.71,0.042084
1809.214639,0.011247,-0.100548,0.040698,-9.798642,-9.799242,0.00213,-0.005325,0.00213,99277.2,25.71,0.030025
1809.225843,0.011204,-0.10773,0.009576,-9.813006,-9.813602,0,-0.003195,0.001065,99277.2,25.71,0.015665
1809.236971,0.011128,-0.079002,0.026334,-9.8154,-9.815753,0.003195,-0.005325,0.001065,99277.2,25.71,0.013514
1809.248315,0.011344,-0.074214,0.007182,-9.834552,-9.834835,0.00213,-0.00639,0.00213,99277.2,25.71,-0.005568
1809.259342,0.011027,-0.062244,0.01197,-9.836946,-9.83715,0.00213,-0.00639,0.001065,99277.07,25.71,-0.007883
1809.27056,0.011218,-0.040698,0.009576,-9.820188,-9.820277,0,-0.005325,0.001065,99277.07,25.71,0.00899
1809.281789,0.011229,-0.062244,0.004788,-9.789066,-9.789265,0.003195,-0.00426,0.001065,99277.07,25.71,0.040002
1809.293023,0.011234,-0.05985,-0.007182,-9.813006,-9.813191,0.00213,-0.00426,0,99277.07,25.71,0.016076
1809.3042,0.011177,-0.055062,-0.016758,-9.822582,-9.822751,0.003195,-0.00639,0.003195,99277.07,25.71,0.006516
1809.315418,0.011218,-0.079002,-0.021546,-9.832158,-9.832499,-0.001065,-0.00426,0.00426,99277.07,25.71,-0.003232
1809.326472,0.011054,-0.093366,-0.014364,-9.834552,-9.835006,0,-0.007455,0.00213,99277.07,25.71,-0.005739
1809.338052,0.01158,-0.09576,0.026334,-9.853704,-9.854204,0.001065,-0.00426,0.003195,99277.07,25.71,-0.024937
1809.348922,0.01087,-0.038304,-0.007182,-9.810612,-9.810689,0.003195,-0.00639,0.003195,99277.07,25.71,0.018578
1809.360072,0.01115,-0.076608,-0.009576,-9.793854,-9.794158,0.001065,-0.00426,0.003195,99277.07,25.71,0.035109
1809.371224,0.011151,-0.069426,0.019152,-9.817794,-9.818058,0.00213,-0.00426,0.003195,99277.07,25.71,0.011209
1809.38263,0.011406,-0.07182,0.028728,-9.83934,-9.839644,-0.001065,-0.007455,0.00213,99277.06,25.71,-0.010377
1809.393636,0.011006,-0.067032,0.043092,-9.822582,-9.822905,0.001065,-0.007455,-0.001065,99277.06,25.71,0.006362
1809.404704,0.011068,-0.093366,0.026334,-9.829764,-9.830243,0.00213,-0.00852,0.00213,99277.06,25.71,-0.000976
1809.416033,0.01133,-0.062244,0.04788,-9.834552,-9.834866,0.001065,-0.005325,0.003195,99277.06,25.71,-0.005599
1809.427096,0.011063,-0.067032,0.03591,-9.824976,-9.82527,0.00213,-0.00852,0,99277.06,25.71,0.003997
1809.438335,0.011238,-0.076608,0.031122,-9.810612,-9.81096,0.00213,-0.005325,0.003195,99277.06,25.71,0.018307
1809.449487,0.011153,-0.112518,0.045486,-9.822582,-9.823332,0.001065,-0.00213,0,99276.94,25.71,0.005935
1809.460635,0.011148,-0.086184,0,-9.829764,-9.830142,0.00213,-0.005325,0.00426,99276.94,25.71,-0.000875
1809.471871,0.011236,-0.09576,-0.009576,-9.813006,-9.813478,0.001065,-0.00639,0.001065,99276.94,25.71,0.015789
1809.483205,0.011334,-0.069426,0.007182,-9.844128,-9.844375,0.001065,-0.005325,0.00213,99276.94,25.71,-0.015108
1809.494358,0.011154,-0.126882,0.03591,-9.786672,-9.78756,0.00213,-0.00426,0.001065,99276.94,25.71,0.041707
1809.505431,0.011073,-0.076608,0.014364,-9.829764,-9.830073,0.001065,-0.007455,0.00213,99276.94,25.71,-0.000806
1809.516566,0.011135,-0.086184,0.02394,-9.798642,-9.79905,0.001065,-0.005325,0.001065,99276.96,25.71,0.030217
1809.527751,0.011185,-0.081396,0.002394,-9.805824,-9.806162,0.00213,-0.00426,0.001065,99276.96,25.71,0.023105
1809.538998,0.011247,-0.105336,-0.007182,-9.813006,-9.813574,0.001065,-0.00426,0,99276.96,25.71,0.015693
1809.550115,0.011118,-0.076608,-0.02394,-9.8154,-9.815728,0.00213,-0.005325,0.00213,99276.96,25.71,0.013539
1809.561296,0.01118,-0.098154,-0.014364,-9.798642,-9.799144,0.00213,-0.00639,0.003195,99276.96,25.71,0.030123
1809.572539,0.011243,-0.117306,-0.016758,-9.813006,-9.813721,0.00213,-0.007455,0,99276.86,25.71,0.015546
1809.583656,0.011117,-0.064638,0,-9.772308,-9.772522,0.00213,-0.00639,-0.001065,99276.86,25.71,0.056745
1809.594955,0.0113,-0.086184,0.009576,-9.817794,-9.818177,0.00213,-0.00426,0.001065,99276.86,25.71,0.01109
1809.60607,0.011115,-0.074214,0.014364,-9.8154,-9.815691,0.003195,-0.00639,0.001065,99276.86,25.71,0.013576
1809.617239,0.011169,-0.067032,-0.002394,-9.80343,-9.803659,-0.00213,-0.003195,0.00213,99276.86,25.71,0.025608
1809.628417,0.011178,-0.093366,0,-9.836946,-9.837389,0.001065,-0.00639,0,99276.86,25.71,-0.008122
1809.639629,0.011213,-0.05985,0.004788,-9.829764,-9.829947,0.005325,-0.00639,0.00213,99276.86,25.71,-0.00068
1809.650819,0.011189,-0.079002,0,-9.848916,-9.849233,0.003195,-0.007455,0.001065,99276.86,25.71,-0.019966
1809.661971,0.011153,-0.028728,0.02394,-9.848916,-9.848987,0.00213,-0.003195,0.00426,99276.86,25.71,-0.01972
1809.673163,0.011192,-0.028728,0.021546,-9.817794,-9.81786,0,-0.00426,0,99276.86,25.71,0.011407
1809.684419,0.011256,-0.067032,-0.009576,-9.832158,-9.832391,0.00213,-0.00639,0.001065,99276.86,25.71,-0.003124
1809.695569,0.01115,-0.08379,0.043092,-9.82737,-9.827822,0.001065,-0.007455,0.00213,99276.9,25.71,0.001445
1809.706743,0.011173,-0.064638,0.007182,-9.79146,-9.791676,0.001065,-0.003195,0.00213,99276.9,25.71,0.037591
1809.717908,0.011166,-0.088578,0.004788,-9.85131,-9.851709,0,-0.007455,0.001065,99276.9,25.71,-0.022442
1809.729087,0.011178,-0.079002,0.040698,-9.808218,-9.808621,0.003195,-0.00426,0.00426,99276.9,25.71,0.020646
1809.740374,0.011287,-0.079002,0.016758,-9.832158,-9.83249,0.001065,-0.00639,0.00213,99276.9,25.71,-0.003223
1809.751487,0.011113,-0.10773,0.016758,-9.85131,-9.851913,0.001065,-0.00852,0.00213,99276.9,25.71,-0.022646
1809.762692,0.011205,-0.09576,0.007182,-9.77949,-9.779961,0.001065,-0.00213,0,99276.83,25.71,0.049306
1809.773866,0.011174,-0.100548,-0.002394,-9.83934,-9.839854,0.001065,-0.005325,0.00213,99276.83,25.71,-0.010587
1809.785034,0.011168,-0.086184,0.014364,-9.820188,-9.820577,0,-0.00639,0.00213,99276.83,25.71,0.00869
1809.796313,0.011279,-0.086184,0.028728,-9.822582,-9.823002,0.001065,-0.00852,0.00213,99276.83,25.71,0.006265
1809.807396,0.011083,-0.117306,0.01197,-9.83934,-9.840047,0,-0.00426,0.005325,99276.83,25.71,-0.01078
1809.818609,0.011213,-0.08379,0.040698,-9.810612,-9.811054,0.003195,-0.005325,0.001065,99276.83,25.71,0.018213
1809.829727,0.011118,-0.069426,-0.016758,-9.820188,-9.820448,0.003195,-0.005325,0.001065,99276.69,25.71,0.008819
1809.841019,0.011292,-0.098154,-0.028728,-9.829764,-9.830296,0.00213,-0.003195,0.00213,99276.69,25.71,-0.001029
1809.852178,0.011159,-0.076608,0,-9.822582,-9.822881,0.00213,-0.005325,0.003195,99276.69,25.71,0.006386
1809.863341,0.011162,-0.090972,0.01197,-9.841734,-9.842162,0.00213,-0.00426,0.00213,99276.69,25.71,-0.012895
1809.874567,0.011226,-0.050274,-0.009576,-9.824976,-9.825109,-0.001065,-0.00639,0.001065,99276.69,25.71,0.004158
1809.885647,0.01108,-0.067032,0.021546,-9.808218,-9.808471,0.00213,-0.005325,0.001065,99276.69,25.71,0.020796
1809.896909,0.011262,-0.08379,0.01197,-9.813006,-9.813371,0,-0.005325,0.001065,99276.69,25.71,0.015896
1809.908123,0.011214,-0.067032,-0.002394,-9.82737,-9.827599,0.001065,-0.007455,0.001065,99276.69,25.71,0.001668
1809.919252,0.011129,-0.040698,-0.009576,-9.853704,-9.853793,0.003195,-0.00426,0.005325,99276.69,25.71,-0.024526
1809.930471,0.011219,-0.07182,-0.004788,-9.796248,-9.796512,0.00213,-0.00426,0.001065,99276.69,25.71,0.032755
1809.941624,0.011153,-0.04788,0.031122,-9.824976,-9.825142,0.00426,-0.00426,0.00213,99276.69,25.71,0.004125
1809.952792,0.011168,-0.064638,-0.004788,-9.8154,-9.815614,0.003195,-0.005325,0.00213,99276.69,25.71,0.013653
1809.964016,0.011224,-0.067032,-0.004788,-9.82737,-9.8276,0.00213,-0.00639,0,99276.69,25.71,0.001667
1809.975256,0.011239,-0.088578,0.026334,-9.824976,-9.825411,0.003195,-0.00639,0.00213,99276.69,25.71,0.003856
1809.98638,0.011124,-0.102942,0.016758,-9.834552,-9.835105,0.00213,-0.005325,0.003195,99276.69,25.71,-0.005838
1809.997527,0.011147,-0.069426,0.021546,-9.79146,-9.79173,0.001065,-0.005325,0.00213,99276.69,25.71,0.037537
1810.008742,0.011215,-0.093366,0.021546,-9.820188,-9.820655,0,-0.00426,0.00213,99276.69,25.71,0.008612
1810.019926,0.011184,-0.079002,0.01197,-9.82737,-9.827695,0.001065,-0.005325,0.001065,99276.77,25.71,0.001572
1810.031119,0.011193,-0.069426,0.021546,-9.822582,-9.822851,0.001065,-0.003195,0,99276.77,25.71,0.006416
1810.042323,0.011204,-0.088578,-0.002394,-9.8154,-9.8158,0.00213,-0.00426,0.00213,99276.77,25.71,0.013467
1810.053557,0.011234,-0.093366,0.014364,-9.810612,-9.811067,-0.001065,-0.005325,0.001065,99276.77,25.71,0.0182
1810.064631,0.011074,-0.102942,0.016758,-9.834552,-9.835105,0.001065,-0.00426,0.00213,99276.77,25.71,-0.005838
1810.075967,0.011336,-0.088578,0.02394,-9.832158,-9.832586,0.001065,-0.00426,0.001065,99276.79,25.71,-0.003319
1810.087002,0.011035,-0.04788,-0.021546,-9.829764,-9.829904,0.00213,-0.003195,0.001065,99276.79,25.71,-0.000637
1810.098282,0.01128,-0.076608,-0.002394,-9.846522,-9.84682,0.001065,-0.007455,0.00426,99276.79,25.71,-0.017553
1810.109374,0.011092,-0.079002,0.026334,-9.832158,-9.832511,0.00213,-0.00426,0.001065,99276.79,25.71,-0.003244
1810.120559,0.011186,-0.067032,-0.009576,-9.808218,-9.808452,0.001065,-0.007455,0,99276.79,25.71,0.020815
1810.131848,0.011288,-0.067032,0,-9.813006,-9.813235,0.003195,-0.005325,0.003195,99276.79,25.71,0.016032
1810.143021,0.011173,-0.088578,0.009576,-9.817794,-9.818198,0.00213,-0.005325,0.00213,99276.63,25.71,0.011069
1810.154099,0.011079,-0.069426,0.014364,-9.810612,-9.810868,0,-0.00426,0.003195,99276.63,25.71,0.018399
1810.165266,0.011167,-0.057456,-0.007182,-9.801036,-9.801207,0.003195,-0.00426,0.001065,99276.63,25.71,0.02806
1810.176448,0.011182,-0.038304,-0.004788,-9.822582,-9.822658,0.003195,-0.005325,0.001065,99276.63,25.71,0.006609
1810.187687,0.01124,-0.088578,-0.004788,-9.8154,-9.815801,0.001065,-0.003195,0.00426,99276.63,25.71,0.013466
1810.198913,0.011226,-0.043092,0,-9.820188,-9.820283,0,-0.007455,0,99276.63,25.71,0.008984
1810.210052,0.011138,-0.052668,0.014364,-9.789066,-9.789218,0.001065,-0.003195,0.001065,99276.53,25.71,0.040049
1810.221191,0.011139,-0.076608,0.028728,-9.824976,-9.825317,0.00213,-0.007455,0.001065,99276.53,25.71,0.00395
1810.232485,0.011295,-0.07182,0.03591,-9.82737,-9.827698,0.00213,-0.00639,0.00213,99276.53,25.71,0.001569
1810.243709,0.011223,-0.074214,0.038304,-9.817794,-9.818149,0,-0.005325,0.003195,99276.53,25.71,0.011118
1810.25483,0.011121,-0.086184,0.01197,-9.801036,-9.801422,0.001065,-0.003195,0,99276.53,25.71,0.027845
1810.265948,0.011118,-0.093366,0.03591,-9.8154,-9.81591,0.00213,-0.005325,0,99276.53,25.71,0.013357
1810.277164,0.011217,-0.033516,0.009576,-9.83934,-9.839402,0.001065,-0.005325,0.003195,99276.53,25.71,-0.010135
1810.288296,0.011132,-0.028728,0.007182,-9.822582,-9.822627,0.00426,-0.00639,0,99276.53,25.71,0.00664
1810.299545,0.011249,-0.090972,0.01197,-9.83934,-9.839768,0.003195,-0.00639,0.001065,99276.53,25.71,-0.010501
1810.310683,0.011139,-0.08379,0.033516,-9.824976,-9.82539,0,-0.00639,0.00213,99276.53,25.71,0.003877
1810.322088,0.011405,-0.088578,-0.01197,-9.841734,-9.84214,0,-0.005325,0.00213,99276.53,25.71,-0.012873
1810.333086,0.010998,-0.110124,0.026334,-9.817794,-9.818447,0.001065,-0.00213,0,99276.47,25.71,0.01082
1810.344233,0.011147,-0.126882,0.033516,-9.8154,-9.816277,0,-0.007455,0.00213,99276.47,25.71,0.01299
1810.355505,0.011273,-0.114912,0.016758,-9.8154,-9.816087,0.00213,-0.00639,0.00213,99276.47,25.71,0.01318
1810.36664,0.011134,-0.090972,0.016758,-9.801036,-9.801473,0.003195,-0.005325,0.001065,99276.47,25.71,0.027794
1810.377822,0.011182,-0.122094,-0.002394,-9.820188,-9.820947,0,-0.00639,0.001065,99276.47,25.71,0.00832
