Time (s),dt, X (m/s2), Y (m/s2), Z (m/s2), R (m/s2), Theta (deg), Phi (deg),1,2,3,4
6.6007819,0.0024528,0.24347,9.815957,-0.19681,9.820949,91.14827,88.579155,1,2,3,4
6.6032357,0.0024538,0.233898,9.849456,-0.18006,9.853878,91.047028,88.639633,1,2,3,4
6.6056886,0.0024529,0.212363,9.830314,-0.215952,9.834979,91.258179,88.762436,1,2,3,4
6.6081414,0.0024528,0.188435,9.839885,-0.29013,9.845964,91.688568,88.902916,1,2,3,4
6.6105952,0.0024538,0.183649,9.854242,-0.249452,9.85911,91.449829,88.932327,1,2,3,4
6.6130476,0.0024524,0.253041,9.851849,-0.122632,9.855861,90.712921,88.528702,1,2,3,4
6.6155,0.0024524,0.207577,9.830314,-0.158524,9.833783,90.923668,88.790321,1,2,3,4
6.6179533,0.0024533,0.195613,9.832706,-0.160917,9.835968,90.937408,88.860298,1,2,3,4
6.6204062,0.0024529,0.188435,9.84467,-0.201595,9.848537,91.172905,88.90345,1,2,3,4
6.622858,0.0024518,0.202792,9.859028,-0.089133,9.861516,90.517868,88.82164,1,2,3,4
6.6253109,0.0024529,0.236291,9.820743,-0.08674,9.823968,90.505898,88.621704,1,2,3,4
6.6277637,0.0024528,0.221934,9.851849,-0.091525,9.854774,90.532135,88.709503,1,2,3,4
6.6302166,0.0024529,0.219541,9.84467,-0.096311,9.847589,90.560371,88.722488,1,2,3,4
6.6326694,0.0024528,0.19322,9.811171,-0.113061,9.813725,90.660103,88.871765,1,2,3,4
6.6351223,0.0024529,0.22672,9.842278,-0.148953,9.846015,90.866821,88.680405,1,2,3,4
6.6375756,0.0024533,0.245863,9.851849,-0.151346,9.856078,90.879845,88.570427,1,2,3,4
6.6400285,0.0024529,0.221934,9.823135,-0.18006,9.827292,91.049858,88.705734,1,2,3,4
6.6424813,0.0024528,0.22672,9.859028,-0.213559,9.863947,91.240578,88.682648,1,2,3,4
6.6449342,0.0024529,0.238684,9.827921,-0.266202,9.834422,91.551094,88.608772,1,2,3,4
6.6473866,0.0024524,0.219541,9.839885,-0.25663,9.845678,91.493599,88.721863,1,2,3,4
6.6498394,0.0024528,0.267398,9.849456,-0.225524,9.855665,91.311195,88.444885,1,2,3,4
6.6522923,0.0024529,0.250648,9.842278,-0.18006,9.847116,91.047745,88.541191,1,2,3,4
6.6547451,0.0024528,0.154935,9.835099,-0.29013,9.840597,91.689491,89.097481,1,2,3,4
6.657198,0.0024529,0.267398,9.868599,-0.242273,9.875194,91.405807,88.447906,1,2,3,4
6.6596508,0.0024528,0.212363,9.813564,-0.065204,9.816078,90.3806,88.76033,1,2,3,4
6.6621032,0.0024524,0.236291,9.849456,-0.005384,9.852291,90.031311,88.625725,1,2,3,4
6.6645565,0.0024533,0.217149,9.815957,-0.05324,9.818503,90.310684,88.732712,1,2,3,4
6.6670098,0.0024533,0.233898,9.808778,-0.05324,9.81171,90.310898,88.633995,1,2,3,4
6.6694632,0.0024534,0.217149,9.837492,-0.060419,9.840074,90.351799,88.735481,1,2,3,4
6.671916,0.0024528,0.207577,9.84467,-0.050847,9.84699,90.29586,88.792084,1,2,3,4
6.6743689,0.0024529,0.221934,9.849456,-0.005384,9.851957,90.031311,88.70919,1,2,3,4
6.6768217,0.0024528,0.238684,9.859028,-0.024526,9.861947,90.142494,88.613159,1,2,3,4
6.679275,0.0024533,0.186042,9.837492,-0.050847,9.839382,90.296089,88.91658,1,2,3,4
6.6817279,0.0024529,0.231506,9.815957,-0.046062,9.818794,90.268784,88.648949,1,2,3,4
6.6841812,0.0024533,0.231506,9.870992,-0.010169,9.873712,90.059013,88.656479,1,2,3,4
6.6866345,0.0024533,0.19322,9.856635,-0.074776,9.858812,90.43457,88.876968,1,2,3,4
6.6890874,0.0024529,0.219541,9.851849,-0.089133,9.854697,90.518227,88.723412,1,2,3,4
6.6915402,0.0024528,0.190828,9.873384,-0.105882,9.875795,90.614304,88.892754,1,2,3,4
6.6939931,0.0024529,0.181256,9.827921,-0.153739,9.830794,90.896057,88.943413,1,2,3,4
6.6964459,0.0024528,0.202792,9.856635,-0.125025,9.859513,90.72657,88.821358,1,2,3,4
6.6988988,0.0024529,0.174078,9.851849,-0.120239,9.85412,90.699135,88.987717,1,2,3,4
6.7013516,0.0024528,0.19322,9.825528,-0.160917,9.828745,90.938095,88.873413,1,2,3,4
6.7038054,0.0024538,0.202792,9.835099,-0.208774,9.839405,91.215797,88.818771,1,2,3,4
6.7062583,0.0024529,0.181256,9.887741,-0.206381,9.891556,91.195526,88.949806,1,2,3,4
6.7087111,0.0024528,0.198006,9.847063,-0.249452,9.852212,91.450851,88.848045,1,2,3,4
6.711164,0.0024529,0.236291,9.851849,-0.268594,9.858341,91.561241,88.626053,1,2,3,4
6.7136173,0.0024533,0.233898,9.842278,-0.251845,9.848277,91.465355,88.638641,1,2,3,4
6.7160702,0.0024529,0.241077,9.875777,-0.249452,9.881868,91.446495,88.601631,1,2,3,4
6.718523,0.0024528,0.241077,9.856635,-0.247059,9.862678,91.435402,88.598923,1,2,3,4
6.7209764,0.0024534,0.241077,9.835099,-0.182453,9.839746,91.062462,88.595856,1,2,3,4
6.7234297,0.0024533,0.260219,9.866206,-0.182453,9.871324,91.059067,88.489182,1,2,3,4
6.7258821,0.0024524,0.274576,9.859028,-0.208774,9.86506,91.212639,88.404709,1,2,3,4
6.7283354,0.0024533,0.22672,9.854242,-0.208774,9.859061,91.213379,88.682007,1,2,3,4
6.7307887,0.0024533,0.238684,9.837492,-0.127418,9.841211,90.741852,88.610123,1,2,3,4
6.7332416,0.0024529,0.245863,9.84467,-0.043669,9.847836,90.254074,88.569382,1,2,3,4
6.7356949,0.0024533,0.269791,9.84467,-0.058026,9.848537,90.337578,88.430214,1,2,3,4
6.7381473,0.0024524,0.238684,9.839885,-0.115454,9.843456,90.672035,88.610458,1,2,3,4
6.7406001,0.0024528,0.267398,9.827921,-0.081954,9.8319,90.4776,88.441483,1,2,3,4
6.7430525,0.0024524,0.236291,9.830314,-0.038883,9.83323,90.226563,88.623047,1,2,3,4
6.7455058,0.0024533,0.207577,9.830314,-0.036491,9.832573,90.212639,88.790321,1,2,3,4
6.7479587,0.0024529,0.200399,9.839885,-0.034098,9.841985,90.198502,88.833275,1,2,3,4
6.750412,0.0024533,0.205185,9.830314,-0.029312,9.832499,90.170807,88.80426,1,2,3,4
6.7528653,0.0024533,0.178863,9.866206,-0.043669,9.867924,90.253555,88.961403,1,2,3,4
6.7553182,0.0024529,0.231506,9.820743,-0.026919,9.823507,90.157005,88.649612,1,2,3,4
6.757771,0.0024528,0.195613,9.823135,-0.055633,9.82524,90.324425,88.859192,1,2,3,4
6.7602239,0.0024529,0.217149,9.837492,-0.048455,9.840008,90.282143,88.735481,1,2,3,4
6.7626772,0.0024533,0.164507,9.81835,-0.074776,9.820013,90.436287,89.0401,1,2,3,4
6.76513,0.0024528,0.217149,9.847063,-0.060419,9.849643,90.351463,88.73671,1,2,3,4
6.7675824,0.0024524,0.262612,9.854242,-0.041276,9.857827,90.239906,88.47345,1,2,3,4
6.7700357,0.0024533,0.212363,9.847063,-0.048455,9.849472,90.281868,88.764542,1,2,3,4
6.7724891,0.0024534,0.238684,9.863813,-0.105882,9.867269,90.614838,88.613831,1,2,3,4
6.7749419,0.0024528,0.214756,9.851849,-0.08674,9.85457,90.504326,88.751236,1,2,3,4
6.7773957,0.0024538,0.253041,9.861421,-0.05324,9.864811,90.309227,88.530128,1,2,3,4
6.7798486,0.0024529,0.248255,9.849456,-0.072383,9.85285,90.420921,88.556168,1,2,3,4
6.7823009,0.0024523,0.262612,9.837492,-0.074776,9.84128,90.435349,88.470848,1,2,3,4
6.7847538,0.0024529,0.269791,9.830314,-0.089133,9.834419,90.519295,88.427925,1,2,3,4
6.7872071,0.0024533,0.284148,9.847063,-0.081954,9.851502,90.476646,88.34713,1,2,3,4
6.78966,0.0024529,0.272184,9.847063,-0.115454,9.851501,90.671486,88.416687,1,2,3,4
6.7921133,0.0024533,0.274576,9.866206,-0.136989,9.870977,90.795174,88.405869,1,2,3,4
6.7945666,0.0024533,0.236291,9.854242,-0.113061,9.857723,90.657158,88.626389,1,2,3,4
6.79702,0.0024534,0.276969,9.81835,-0.108275,9.822853,90.631569,88.384155,1,2,3,4
6.7994733,0.0024533,0.262612,9.825528,-0.153739,9.830239,90.896111,88.468987,1,2,3,4
6.8019266,0.0024533,0.253041,9.813564,-0.151346,9.817993,90.883263,88.522964,1,2,3,4
6.8043795,0.0024529,0.219541,9.832706,-0.148953,9.836285,90.867676,88.720932,1,2,3,4
6.8068323,0.0024528,0.257827,9.81835,-0.136989,9.82269,90.799088,88.495781,1,2,3,4
6.8092856,0.0024533,0.219541,9.825528,-0.139382,9.828968,90.812523,88.719994,1,2,3,4
6.8117385,0.0024529,0.236291,9.803992,-0.144168,9.807899,90.842232,88.619354,1,2,3,4
6.8141913,0.0024528,0.207577,9.832706,-0.170489,9.836375,90.993126,88.790611,1,2,3,4
6.8166442,0.0024529,0.200399,9.849456,-0.168096,9.852928,90.977539,88.834412,1,2,3,4
6.8190975,0.0024533,0.229113,9.825528,-0.093918,9.828648,90.547501,88.664215,1,2,3,4
6.8215504,0.0024529,0.195613,9.837492,-0.079561,9.839758,90.46328,88.860855,1,2,3,4
6.8240032,0.0024528,0.212363,9.830314,-0.08674,9.83299,90.505432,88.762436,1,2,3,4
6.8264565,0.0024533,0.231506,9.861421,-0.089133,9.86454,90.517715,88.655174,1,2,3,4
6.8289094,0.0024529,0.231506,9.856635,-0.10349,9.859897,90.601387,88.654526,1,2,3,4
6.8313613,0.0024519,0.19322,9.835099,-0.110668,9.83762,90.644562,88.874512,1,2,3,4
6.8338137,0.0024524,0.231506,9.87817,-0.096311,9.881351,90.558456,88.657455,1,2,3,4
6.8362675,0.0024538,0.236291,9.854242,-0.072383,9.857341,90.420731,88.626389,1,2,3,4
6.8387203,0.0024528,0.241077,9.866206,-0.010169,9.869157,90.059036,88.600281,1,2,3,4
6.8411736,0.0024533,0.233898,9.863813,-0.046062,9.866693,90.267479,88.641609,1,2,3,4
6.843627,0.0024534,0.265005,9.861421,-0.026919,9.865018,90.156349,88.460663,1,2,3,4
6.8460798,0.0024528,0.245863,9.863813,-0.017348,9.866892,90.100739,88.572159,1,2,3,4
6.8485327,0.0024529,0.238684,9.837492,-0.043669,9.840484,90.254265,88.610123,1,2,3,4
6.850986,0.0024533,0.284148,9.851849,0.02333,9.855973,89.864372,88.347931,1,2,3,4
6.8534384,0.0024524,0.231506,9.832706,-0.16331,9.836787,90.951263,88.651253,1,2,3,4
6.8558917,0.0024533,0.190828,9.825528,-0.172881,9.828901,91.007835,88.88736,1,2,3,4
6.8583446,0.0024529,0.253041,9.830314,-0.129811,9.834427,90.756302,88.525482,1,2,3,4
6.8607984,0.0024538,0.219541,9.839885,-0.148953,9.84346,90.867043,88.721863,1,2,3,4
6.8632507,0.0024523,0.22672,9.823135,-0.187238,9.827535,91.09169,88.677834,1,2,3,4
6.8657031,0.0024524,0.207577,9.823135,-0.206381,9.827496,91.203323,88.789436,1,2,3,4
6.8681569,0.0024538,0.238684,9.861421,-0.18006,9.865952,91.045746,88.613495,1,2,3,4
6.8706102,0.0024533,0.224327,9.866206,-0.175274,9.870313,91.017494,88.697495,1,2,3,4
6.8730631,0.0024529,0.22672,9.842278,-0.189631,9.846715,91.103485,88.680405,1,2,3,4
6.8755164,0.0024533,0.207577,9.847063,-0.230309,9.851943,91.339531,88.792374,1,2,3,4
6.8779697,0.0024533,0.22672,9.839885,-0.19681,9.844463,91.145531,88.680084,1,2,3,4
6.8804226,0.0024529,0.202792,9.825528,-0.158524,9.828899,90.924133,88.817627,1,2,3,4
6.8828764,0.0024538,0.198006,9.873384,-0.134596,9.876287,90.780861,88.851112,1,2,3,4
6.8853302,0.0024538,0.267398,9.835099,-0.14656,9.839825,90.853432,88.442619,1,2,3,4
6.8877835,0.0024533,0.265005,9.847063,-0.117847,9.851334,90.685417,88.45842,1,2,3,4
6.8902378,0.0024543,0.267398,9.847063,-0.117847,9.851398,90.68541,88.444511,1,2,3,4
6.8926907,0.0024529,0.276969,9.839885,-0.117847,9.844487,90.68589,88.387688,1,2,3,4
6.8951435,0.0024528,0.22672,9.847063,-0.108275,9.850268,90.629814,88.681046,1,2,3,4
6.8975973,0.0024538,0.248255,9.825528,-0.084347,9.829026,90.491684,88.55265,1,2,3,4
6.9000502,0.0024529,0.217149,9.835099,-0.084347,9.837858,90.491241,88.735176,1,2,3,4
6.902504,0.0024538,0.207577,9.839885,-0.036491,9.842142,90.212433,88.791496,1,2,3,4
6.9049568,0.0024528,0.250648,9.832706,-0.077169,9.836204,90.449509,88.539772,1,2,3,4
6.9074101,0.0024533,0.24347,9.811171,-0.122632,9.814958,90.715897,88.578468,1,2,3,4
6.9098639,0.0024538,0.245863,9.830314,-0.122632,9.834152,90.7145,88.567291,1,2,3,4
6.9123173,0.0024534,0.238684,9.854242,-0.105882,9.857701,90.615433,88.612488,1,2,3,4
6.9147701,0.0024528,0.253041,9.81835,-0.098704,9.822106,90.575783,88.523682,1,2,3,4
6.9172235,0.0024534,0.221934,9.832706,-0.10349,9.835755,90.602867,88.706993,1,2,3,4
6.9196773,0.0024538,0.236291,9.811171,-0.141775,9.81504,90.827644,88.620361,1,2,3,4
6.9221311,0.0024538,0.224327,9.837492,-0.117847,9.840755,90.686157,88.693695,1,2,3,4
6.9245849,0.0024538,0.24347,9.823135,-0.074776,9.826437,90.436005,88.580193,1,2,3,4
6.9270387,0.0024538,0.233898,9.806385,-0.062812,9.809375,90.366882,88.633659,1,2,3,4
6.9294925,0.0024538,0.22672,9.842278,-0.134596,9.845809,90.783279,88.680405,1,2,3,4
6.9319458,0.0024533,0.231506,9.861421,-0.134596,9.865056,90.781754,88.655174,1,2,3,4
6.9343991,0.0024533,0.288933,9.847063,-0.115454,9.851977,90.671455,88.319305,1,2,3,4
6.9368525,0.0024534,0.276969,9.875777,-0.105882,9.880227,90.614029,88.393539,1,2,3,4
6.9393048,0.0024523,0.269791,9.847063,-0.101097,9.851277,90.587997,88.430595,1,2,3,4
6.9417582,0.0024534,0.229113,9.84467,-0.125025,9.848129,90.727409,88.666809,1,2,3,4
6.9442115,0.0024533,0.214756,9.825528,-0.117847,9.828581,90.687004,88.747887,1,2,3,4
6.9466648,0.0024533,0.233898,9.837492,-0.113061,9.840921,90.658279,88.637978,1,2,3,4
6.9491181,0.0024533,0.224327,9.851849,-0.151346,9.855564,90.87989,88.695595,1,2,3,4
6.9515705,0.0024524,0.241077,9.851849,-0.148953,9.855924,90.865952,88.598236,1,2,3,4
6.9540234,0.0024529,0.219541,9.81835,-0.208774,9.823023,91.217827,88.719063,1,2,3,4
6.9564767,0.0024533,0.207577,9.830314,-0.187238,9.834288,91.090942,88.790321,1,2,3,4
6.9589295,0.0024528,0.22672,9.8016,-0.144168,9.805281,90.842453,88.674934,1,2,3,4
6.9613829,0.0024534,0.212363,9.823135,-0.172881,9.826951,91.008034,88.761536,1,2,3,4
6.9638357,0.0024528,0.214756,9.837492,-0.203988,9.841949,91.187622,88.749413,1,2,3,4
6.9662881,0.0024524,0.217149,9.835099,-0.194417,9.839417,91.132179,88.735176,1,2,3,4
6.9687414,0.0024533,0.22672,9.823135,-0.177667,9.827357,91.035896,88.677834,1,2,3,4
6.9711943,0.0024529,0.202792,9.820743,-0.177667,9.824443,91.036201,88.817047,1,2,3,4
6.9736476,0.0024533,0.248255,9.823135,-0.165703,9.827669,90.966103,88.552299,1,2,3,4
6.9761004,0.0024528,0.248255,9.832706,-0.129811,9.836697,90.756126,88.553711,1,2,3,4
6.9785542,0.0024538,0.20997,9.832706,-0.170489,9.836426,90.993118,88.77668,1,2,3,4
6.9810071,0.0024529,0.200399,9.859028,-0.132203,9.861951,90.768097,88.835541,1,2,3,4
6.9834599,0.0024528,0.255434,9.866206,-0.129811,9.870366,90.753548,88.51696,1,2,3,4
6.9859138,0.0024539,0.238684,9.837492,-0.105882,9.840957,90.616478,88.610123,1,2,3,4
6.9883666,0.0024528,0.200399,9.830314,-0.089133,9.83276,90.519386,88.832138,1,2,3,4
6.9908199,0.0024533,0.207577,9.830314,-0.101097,9.833025,90.589088,88.790321,1,2,3,4
6.9932728,0.0024529,0.233898,9.868599,-0.105882,9.871938,90.61454,88.642273,1,2,3,4
6.9957256,0.0024528,0.207577,9.859028,-0.10349,9.861756,90.601273,88.793839,1,2,3,4
6.9981785,0.0024529,0.20997,9.849456,-0.096311,9.852164,90.560112,88.778755,1,2,3,4
7.0006323,0.0024538,0.19322,9.842278,-0.093918,9.844622,90.546616,88.875336,1,2,3,4
7.0030851,0.0024528,0.202792,9.839885,-0.098704,9.842469,90.574593,88.819351,1,2,3,4
7.0055375,0.0024524,0.20997,9.856635,-0.113061,9.859519,90.657036,88.779648,1,2,3,4
7.0079913,0.0024538,0.207577,9.887741,-0.132203,9.890803,90.765854,88.79734,1,2,3,4
7.0104442,0.0024529,0.24347,9.842278,-0.127418,9.846113,90.741478,88.582954,1,2,3,4
7.012897,0.0024528,0.221934,9.854242,-0.10349,9.857285,90.601547,88.709816,1,2,3,4
7.0153499,0.0024529,0.231506,9.84467,-0.062812,9.847592,90.365456,88.652893,1,2,3,4
7.0178037,0.0024538,0.238684,9.851849,-0.079561,9.855061,90.462563,88.612144,1,2,3,4
7.0202565,0.0024528,0.233898,9.866206,-0.081954,9.869319,90.475784,88.641945,1,2,3,4
7.0227094,0.0024529,0.267398,9.837492,-0.048455,9.841245,90.282104,88.443001,1,2,3,4
7.0251627,0.0024533,0.22672,9.839885,-0.002991,9.842497,90.01741,88.680084,1,2,3,4
7.0276151,0.0024524,0.248255,9.87817,-0.05324,9.881433,90.308708,88.560364,1,2,3,4
7.0300679,0.0024528,0.231506,9.866206,-0.043669,9.869019,90.253525,88.65583,1,2,3,4
7.0325212,0.0024533,0.212363,9.856635,-0.120239,9.859655,90.698746,88.765739,1,2,3,4
7.0349741,0.0024529,0.202792,9.84467,-0.141775,9.847779,90.824898,88.819923,1,2,3,4
7.0374274,0.0024533,0.238684,9.863813,-0.079561,9.867022,90.461998,88.613831,1,2,3,4
7.0398803,0.0024529,0.229113,9.81835,-0.089133,9.821427,90.519981,88.663239,1,2,3,4
7.0423341,0.0024538,0.24347,9.839885,-0.089133,9.8433,90.518829,88.582611,1,2,3,4
7.0447869,0.0024528,0.231506,9.803992,-0.08674,9.807109,90.506767,88.647301,1,2,3,4
7.0472393,0.0024524,0.22672,9.820743,-0.108275,9.823956,90.6315,88.677513,1,2,3,4
7.0496936,0.0024543,0.202792,9.827921,-0.113061,9.830663,90.658966,88.817909,1,2,3,4
7.052146,0.0024524,0.20997,9.861421,-0.125025,9.864449,90.726204,88.780235,1,2,3,4
7.0545983,0.0024523,0.236291,9.854242,-0.168096,9.858508,90.97699,88.626389,1,2,3,4
7.0570517,0.0024534,0.24347,9.832706,-0.244666,9.838763,91.424957,88.581573,1,2,3,4
7.059504,0.0024523,0.236291,9.830314,-0.199202,9.835171,91.160553,88.623047,1,2,3,4
7.0619569,0.0024529,0.265005,9.827921,-0.187238,9.833276,91.091049,88.455421,1,2,3,4
7.0644093,0.0024524,0.22672,9.837492,-0.172881,9.841622,91.006531,88.679764,1,2,3,4
7.0668626,0.0024533,0.219541,9.859028,-0.139382,9.862456,90.809761,88.724342,1,2,3,4
7.0693159,0.0024533,0.212363,9.813564,-0.172881,9.817384,91.009018,88.76033,1,2,3,4
7.0717688,0.0024529,0.248255,9.839885,-0.182453,9.844707,91.061928,88.554764,1,2,3,4
7.0742226,0.0024538,0.22672,9.854242,-0.187238,9.858628,91.088249,88.682007,1,2,3,4
7.0766754,0.0024528,0.238684,9.842278,-0.18006,9.846818,91.047775,88.610802,1,2,3,4
7.0791283,0.0024529,0.181256,9.827921,-0.14656,9.830685,90.854225,88.943413,1,2,3,4
7.0815816,0.0024533,0.22672,9.837492,-0.125025,9.840899,90.727943,88.679764,1,2,3,4
7.084034,0.0024524,0.221934,9.84467,-0.160917,9.848486,90.936211,88.708565,1,2,3,4
7.0864868,0.0024528,0.238684,9.861421,-0.153739,9.865507,90.892906,88.613495,1,2,3,4
7.0889397,0.0024529,0.214756,9.827921,-0.158524,9.831545,90.923882,88.748192,1,2,3,4
7.091393,0.0024533,0.265005,9.813564,-0.120239,9.817878,90.701721,88.453163,1,2,3,4
7.0938454,0.0024524,0.221934,9.825528,-0.093918,9.828483,90.547508,88.706047,1,2,3,4
7.0962987,0.0024533,0.255434,9.847063,-0.029312,9.850419,90.170494,88.514076,1,2,3,4
7.098752,0.0024533,0.248255,9.823135,-0.031705,9.826324,90.184868,88.552299,1,2,3,4
7.1012049,0.0024529,0.257827,9.861421,-0.014955,9.864801,90.086861,88.502342,1,2,3,4
7.1036582,0.0024533,0.260219,9.835099,-0.007777,9.838544,90.045288,88.484406,1,2,3,4
7.1061106,0.0024524,0.245863,9.832706,0.018544,9.835797,89.891975,88.567642,1,2,3,4
7.1085644,0.0024538,0.272184,9.861421,-0.010169,9.865182,90.059067,88.418991,1,2,3,4
7.1110172,0.0024528,0.279362,9.830314,0.008973,9.834287,89.947723,88.372185,1,2,3,4
7.1134701,0.0024529,0.262612,9.827921,-0.010169,9.831434,90.059265,88.46936,1,2,3,4
7.1159239,0.0024538,0.24347,9.842278,-0.029312,9.845332,90.170586,88.582954,1,2,3,4
7.1183767,0.0024528,0.248255,9.84467,-0.029312,9.847844,90.17054,88.555466,1,2,3,4
7.1208301,0.0024534,0.265005,9.835099,-0.046062,9.838777,90.268242,88.456551,1,2,3,4
7.1232834,0.0024533,0.219541,9.830314,-0.060419,9.832951,90.352058,88.720619,1,2,3,4
7.1257358,0.0024524,0.20997,9.859028,-0.144168,9.862317,90.837578,88.779945,1,2,3,4
7.1281891,0.0024533,0.214756,9.84467,-0.16331,9.848367,90.95015,88.75032,1,2,3,4
7.1306419,0.0024528,0.190828,9.849456,-0.156132,9.852541,90.907997,88.890068,1,2,3,4
7.1330948,0.0024529,0.200399,9.861421,-0.139382,9.864442,90.809601,88.835823,1,2,3,4
7.1355481,0.0024533,0.217149,9.866206,-0.148953,9.86972,90.864738,88.739159,1,2,3,4
7.1380024,0.0024543,0.231506,9.868599,-0.259023,9.874712,91.503098,88.656158,1,2,3,4
7.1404557,0.0024533,0.205185,9.835099,-0.318844,9.842405,91.856415,88.80484,1,2,3,4
7.142909,0.0024533,0.238684,9.851849,-0.189631,9.856564,91.102386,88.612144,1,2,3,4
7.1453624,0.0024534,0.190828,9.825528,-0.285344,9.831523,91.663155,88.88736,1,2,3,4
7.1478152,0.0024528,0.217149,9.827921,-0.25663,9.833669,91.495422,88.734253,1,2,3,4
7.1502686,0.0024534,0.20997,9.847063,-0.115454,9.849978,90.671593,88.778458,1,2,3,4
7.1527224,0.0024538,0.219541,9.837492,-0.139382,9.840928,90.811539,88.72155,1,2,3,4
7.1551747,0.0024523,0.178863,9.894919,-0.148953,9.897656,90.862297,88.964417,1,2,3,4
7.1576281,0.0024534,0.217149,9.839885,-0.194417,9.844201,91.13163,88.735786,1,2,3,4
7.1600819,0.0024538,0.186042,9.815957,-0.182453,9.819415,91.064667,88.9142,1,2,3,4
7.1625347,0.0024528,0.186042,9.839885,-0.18006,9.84329,91.048149,88.91684,1,2,3,4
7.1649876,0.0024529,0.217149,9.84467,-0.151346,9.848228,90.880547,88.736404,1,2,3,4
7.1674409,0.0024533,0.212363,9.84467,-0.148953,9.848087,90.866638,88.764244,1,2,3,4
7.1698947,0.0024538,0.195613,9.837492,-0.156132,9.840675,90.909088,88.860855,1,2,3,4
7.1723475,0.0024528,0.20997,9.863813,-0.079561,9.866369,90.462029,88.780533,1,2,3,4
7.1748009,0.0024534,0.238684,9.870992,-0.038883,9.873954,90.225632,88.614838,1,2,3,4
7.1772532,0.0024523,0.20997,9.830314,-0.077169,9.832859,90.449661,88.776382,1,2,3,4
7.1797066,0.0024534,0.188435,9.813564,-0.093918,9.815823,90.548218,88.899971,1,2,3,4
7.1821599,0.0024533,0.19322,9.851849,-0.127418,9.854567,90.740845,88.876427,1,2,3,4
7.1846128,0.0024529,0.202792,9.851849,-0.08674,9.854317,90.504333,88.820786,1,2,3,4
7.1870661,0.0024533,0.195613,9.815957,-0.048455,9.818026,90.282768,88.858353,1,2,3,4
7.1895199,0.0024538,0.212363,9.839885,-0.041276,9.842262,90.240288,88.763641,1,2,3,4
7.1919732,0.0024533,0.217149,9.837492,-0.05324,9.840033,90.310005,88.735481,1,2,3,4
7.1944261,0.0024529,0.174078,9.847063,-0.079561,9.848924,90.462852,88.987221,1,2,3,4
7.1968799,0.0024538,0.214756,9.842278,-0.041276,9.844707,90.240227,88.750023,1,2,3,4
7.1993332,0.0024533,0.229113,9.851849,-0.014955,9.854524,90.086952,88.667778,1,2,3,4
7.201786,0.0024528,0.207577,9.839885,-0.017348,9.84209,90.10099,88.791496,1,2,3,4
7.2042394,0.0024534,0.224327,9.81835,-0.010169,9.820918,90.059326,88.691147,1,2,3,4
7.2066927,0.0024533,0.186042,9.835099,-0.058026,9.83703,90.337975,88.916313,1,2,3,4
7.2091455,0.0024528,0.236291,9.875777,-0.062812,9.878803,90.364304,88.629379,1,2,3,4
7.2115993,0.0024538,0.233898,9.847063,-0.048455,9.84996,90.281853,88.639305,1,2,3,4
7.2140527,0.0024534,0.229113,9.856635,-0.026919,9.859334,90.156433,88.668427,1,2,3,4
7.2165055,0.0024528,0.214756,9.839885,-0.081954,9.842569,90.477081,88.749718,1,2,3,4
7.2189593,0.0024538,0.224327,9.842278,-0.048455,9.844954,90.281998,88.694328,1,2,3,4
7.2214127,0.0024534,0.241077,9.813564,-0.050847,9.816657,90.296776,88.592773,1,2,3,4
7.2238655,0.0024528,0.24347,9.835099,-0.06999,9.838362,90.407608,88.581924,1,2,3,4
7.2263184,0.0024529,0.236291,9.837492,-0.067597,9.840561,90.393585,88.624054,1,2,3,4
7.2287712,0.0024528,0.217149,9.837492,-0.125025,9.840683,90.727959,88.735481,1,2,3,4
7.2312245,0.0024533,0.219541,9.808778,-0.132203,9.812125,90.771996,88.717812,1,2,3,4
7.2336783,0.0024538,0.250648,9.827921,-0.141775,9.832139,90.82621,88.539063,1,2,3,4
7.2361312,0.0024529,0.245863,9.84467,-0.168096,9.849174,90.977913,88.569382,1,2,3,4
7.2385845,0.0024533,0.207577,9.859028,-0.170489,9.862687,90.990479,88.793839,1,2,3,4
7.2410378,0.0024533,0.212363,9.849456,-0.168096,9.853179,90.977516,88.764847,1,2,3,4
7.2434912,0.0024534,0.236291,9.873384,-0.132203,9.877096,90.766922,88.629051,1,2,3,4
7.245944,0.0024528,0.224327,9.827921,-0.170489,9.831959,90.993576,88.692421,1,2,3,4
7.2483978,0.0024538,0.202792,9.847063,-0.14656,9.850242,90.852524,88.820213,1,2,3,4
7.2508502,0.0024524,0.22672,9.851849,-0.151346,9.855618,90.87989,88.681686,1,2,3,4
7.253304,0.0024538,0.20997,9.854242,-0.170489,9.857954,90.990952,88.77935,1,2,3,4
7.2557578,0.0024538,0.224327,9.84467,-0.16331,9.84858,90.950127,88.694649,1,2,3,4
7.2582111,0.0024533,0.238684,9.849456,-0.148953,9.853474,90.866165,88.611809,1,2,3,4
7.2606635,0.0024524,0.233898,9.84467,-0.189631,9.849275,91.103203,88.638969,1,2,3,4
7.2631173,0.0024538,0.212363,9.825528,-0.192024,9.829699,91.119347,88.761833,1,2,3,4
7.2655697,0.0024524,0.22672,9.842278,-0.189631,9.846715,91.103485,88.680405,1,2,3,4
7.2680225,0.0024528,0.238684,9.825528,-0.120239,9.829162,90.700912,88.608429,1,2,3,4
7.2704759,0.0024534,0.241077,9.827921,-0.046062,9.830985,90.268456,88.594826,1,2,3,4
7.2729292,0.0024533,0.236291,9.799207,-0.041276,9.802142,90.241272,88.618675,1,2,3,4
7.275382,0.0024528,0.255434,9.830314,-0.043669,9.833729,90.254433,88.511543,1,2,3,4
7.2778344,0.0024524,0.231506,9.842278,-0.10349,9.845544,90.602264,88.652565,1,2,3,4
7.2802877,0.0024533,0.236291,9.808778,-0.120239,9.81236,90.70211,88.620026,1,2,3,4
7.2827411,0.0024534,0.284148,9.825528,-0.108275,9.830233,90.631096,88.343506,1,2,3,4
7.2851944,0.0024533,0.250648,9.827921,-0.117847,9.831823,90.686775,88.539063,1,2,3,4
7.2876477,0.0024533,0.224327,9.856635,-0.141775,9.860207,90.823853,88.696228,1,2,3,4
7.290102,0.0024543,0.224327,9.837492,-0.170489,9.841526,90.992607,88.693695,1,2,3,4
7.2925549,0.0024529,0.253041,9.847063,-0.081954,9.850655,90.476685,88.527985,1,2,3,4
7.2950082,0.0024533,0.272184,9.849456,-0.036491,9.853284,90.212189,88.417068,1,2,3,4
7.297461,0.0024528,0.267398,9.835099,-0.046062,9.838841,90.268242,88.442619,1,2,3,4
7.2999144,0.0024534,0.236291,9.839885,-0.093918,9.843169,90.546692,88.624382,1,2,3,4
7.3023677,0.0024533,0.286541,9.882956,-0.091525,9.887532,90.530373,88.339264,1,2,3,4
7.304821,0.0024533,0.205185,9.827921,-0.10349,9.830607,90.60318,88.80397,1,2,3,4
7.3072739,0.0024529,0.22672,9.84467,-0.014955,9.847292,90.087013,88.680725,1,2,3,4
7.3097267,0.0024528,0.214756,9.823135,-0.022134,9.825507,90.129066,88.747581,1,2,3,4
7.31218,0.0024533,0.183649,9.811171,-0.050847,9.813022,90.29689,88.927643,1,2,3,4
7.3146329,0.0024529,0.202792,9.806385,-0.096311,9.808954,90.562576,88.815315,1,2,3,4
7.3170867,0.0024538,0.205185,9.832706,-0.129811,9.835704,90.756203,88.80455,1,2,3,4
7.3195395,0.0024528,0.186042,9.849456,-0.091525,9.851638,90.53231,88.917892,1,2,3,4
7.3219924,0.0024529,0.190828,9.825528,-0.048455,9.8275,90.282501,88.88736,1,2,3,4
7.3244462,0.0024538,0.22672,9.839885,-0.148953,9.843623,90.867027,88.680084,1,2,3,4
7.3268991,0.0024529,0.233898,9.856635,-0.16331,9.860763,90.948952,88.640625,1,2,3,4
7.3293519,0.0024528,0.281755,9.856635,-0.120239,9.861394,90.698624,88.362625,1,2,3,4
7.3318057,0.0024538,0.272184,9.868599,-0.120239,9.873084,90.697792,88.420135,1,2,3,4
7.3342586,0.0024529,0.274576,9.856635,-0.153739,9.861657,90.89325,88.40432,1,2,3,4
7.3367119,0.0024533,0.279362,9.849456,-0.184846,9.85515,91.074715,88.375343,1,2,3,4
7.3391657,0.0024538,0.300897,9.808778,-0.208774,9.815612,91.21875,88.242928,1,2,3,4
7.3416185,0.0024528,0.255434,9.856635,-0.175274,9.861502,91.018402,88.515518,1,2,3,4
7.3440714,0.0024529,0.207577,9.81835,-0.177667,9.822151,91.036446,88.788849,1,2,3,4
7.3465242,0.0024528,0.255434,9.808778,-0.227916,9.81475,91.330635,88.508278,1,2,3,4
7.3489776,0.0024534,0.224327,9.849456,-0.16331,9.853364,90.949669,88.695282,1,2,3,4
7.3514304,0.0024528,0.20997,9.806385,-0.153739,9.809837,90.897972,88.773392,1,2,3,4
7.3538833,0.0024529,0.183649,9.813564,-0.172881,9.816805,91.009071,88.927902,1,2,3,4
7.3563371,0.0024538,0.188435,9.827921,-0.148953,9.830855,90.868156,88.901581,1,2,3,4
7.3587904,0.0024533,0.176471,9.837492,-0.132203,9.839963,90.769814,88.972305,1,2,3,4
7.3612437,0.0024533,0.217149,9.832706,-0.127418,9.835929,90.742249,88.734871,1,2,3,4
7.3636975,0.0024538,0.178863,9.832706,-0.122632,9.835097,90.714432,88.957863,1,2,3,4
7.3661504,0.0024529,0.140578,9.849456,-0.158524,9.851734,90.921989,89.182289,1,2,3,4
7.3686032,0.0024528,0.183649,9.859028,-0.134596,9.861657,90.782021,88.932846,1,2,3,4
7.371057,0.0024538,0.198006,9.861421,-0.079561,9.863729,90.462158,88.849724,1,2,3,4
7.3735104,0.0024534,0.176471,9.839885,-0.067597,9.8417,90.393539,88.972557,1,2,3,4
7.3759632,0.0024528,0.238684,9.880563,-0.038883,9.883521,90.22541,88.61618,1,2,3,4
7.378417,0.0024538,0.202792,9.892527,-0.017348,9.89462,90.100456,88.82563,1,2,3,4
7.3808699,0.0024529,0.217149,9.882956,0.013759,9.885351,89.920258,88.741295,1,2,3,4
7.3833237,0.0024538,0.219541,9.863813,-0.048455,9.866375,90.281387,88.72496,1,2,3,4
7.3857775,0.0024538,0.195613,9.854242,-0.024526,9.856215,90.142578,88.862793,1,2,3,4
7.3882303,0.0024528,0.214756,9.866206,-0.014955,9.868554,90.08683,88.753052,1,2,3,4
7.3906837,0.0024534,0.231506,9.870992,-0.050847,9.873837,90.295059,88.656479,1,2,3,4
7.3931365,0.0024528,0.231506,9.84467,-0.062812,9.847592,90.365456,88.652893,1,2,3,4
7.3955898,0.0024533,0.221934,9.861421,-0.101097,9.864436,90.587212,88.710762,1,2,3,4
7.3980432,0.0024534,0.260219,9.84467,-0.134596,9.849029,90.783028,88.485878,1,2,3,4
7.4004965,0.0024533,0.276969,9.849456,-0.110668,9.853971,90.643494,88.389252,1,2,3,4
7.4029493,0.0024528,0.293719,9.832706,-0.115454,9.83777,90.672424,88.288994,1,2,3,4
7.4054036,0.0024543,0.296112,9.837492,-0.048455,9.842067,90.282082,88.275902,1,2,3,4
7.4078569,0.0024533,0.291326,9.842278,-0.074776,9.846872,90.435097,88.304573,1,2,3,4
7.4103098,0.0024529,0.236291,9.823135,-0.110668,9.8266,90.645287,88.62204,1,2,3,4
7.4127641,0.0024543,0.245863,9.820743,-0.120239,9.824555,90.701241,88.565895,1,2,3,4
7.4152174,0.0024533,0.238684,9.827921,-0.14656,9.831911,90.854118,88.608772,1,2,3,4
7.4176707,0.0024533,0.248255,9.827921,-0.172881,9.832576,91.007454,88.553001,1,2,3,4
7.4201245,0.0024538,0.200399,9.799207,-0.184846,9.802999,91.080437,88.828438,1,2,3,4
7.4225774,0.0024529,0.186042,9.811171,-0.218345,9.815364,91.274666,88.913673,1,2,3,4
7.4250312,0.0024538,0.190828,9.808778,-0.16331,9.811993,90.953674,88.885468,1,2,3,4
7.4274845,0.0024533,0.186042,9.835099,-0.098704,9.837354,90.57489,88.916313,1,2,3,4
7.4299369,0.0024524,0.214756,9.842278,-0.105882,9.845189,90.616211,88.750023,1,2,3,4
7.4323902,0.0024533,0.190828,9.81835,-0.14656,9.821298,90.855042,88.886551,1,2,3,4
7.4348435,0.0024533,0.181256,9.808778,-0.14656,9.811546,90.855888,88.941353,1,2,3,4
7.4372969,0.0024534,0.214756,9.803992,-0.115454,9.807024,90.67453,88.74514,1,2,3,4
7.4397497,0.0024528,0.200399,9.842278,-0.08674,9.8447,90.504829,88.833557,1,2,3,4
7.4422035,0.0024538,0.212363,9.870992,-0.062812,9.873475,90.364502,88.76754,1,2,3,4
7.4446568,0.0024533,0.231506,9.842278,-0.110668,9.845622,90.644035,88.652565,1,2,3,4
7.4471107,0.0024539,0.231506,9.866206,-0.16331,9.870274,90.948036,88.65583,1,2,3,4
7.449563,0.0024523,0.229113,9.842278,-0.129811,9.845799,90.755432,88.666489,1,2,3,4
7.4520164,0.0024534,0.262612,9.861421,-0.153739,9.866115,90.892845,88.474556,1,2,3,4
7.4544692,0.0024528,0.298505,9.861421,-0.139382,9.866921,90.809395,88.26619,1,2,3,4
7.456923,0.0024538,0.288933,9.849456,-0.079561,9.854014,90.462608,88.31971,1,2,3,4
7.4593763,0.0024533,0.279362,9.873384,-0.125025,9.878127,90.725197,88.37928,1,2,3,4
7.4618306,0.0024543,0.238684,9.861421,-0.144168,9.865362,90.837318,88.613495,1,2,3,4
7.4642839,0.0024533,0.245863,9.866206,-0.115454,9.869945,90.670235,88.572502,1,2,3,4
7.4667363,0.0024524,0.24347,9.842278,-0.101097,9.845808,90.588326,88.582954,1,2,3,4
7.4691901,0.0024538,0.231506,9.870992,-0.055633,9.873863,90.32283,88.656479,1,2,3,4
7.471643,0.0024529,0.229113,9.832706,-0.048455,9.835495,90.282272,88.665184,1,2,3,4
7.4740958,0.0024528,0.276969,9.811171,-0.050847,9.815211,90.296822,88.382973,1,2,3,4
7.4765496,0.0024538,0.250648,9.806385,-0.077169,9.809892,90.450714,88.535858,1,2,3,4
7.4790025,0.0024529,0.241077,9.847063,-0.06999,9.850263,90.407112,88.597557,1,2,3,4
7.4814553,0.0024528,0.229113,9.835099,-0.06999,9.838017,90.407623,88.665512,1,2,3,4
7.4839082,0.0024529,0.229113,9.806385,-0.091525,9.809488,90.534592,88.661606,1,2,3,4
7.486362,0.0024538,0.214756,9.806385,-0.05324,9.808881,90.310989,88.745445,1,2,3,4
7.4888153,0.0024533,0.231506,9.823135,-0.014955,9.825874,90.087204,88.64994,1,2,3,4
7.4912696,0.0024543,0.255434,9.827921,0.02333,9.831267,89.864037,88.511185,1,2,3,4
7.4937229,0.0024533,0.20997,9.842278,-0.031705,9.844568,90.184525,88.777863,1,2,3,4
7.4961767,0.0024538,0.202792,9.832706,-0.074776,9.835081,90.435623,88.818489,1,2,3,4
7.49863,0.0024533,0.202792,9.837492,-0.074776,9.839866,90.43541,88.819061,1,2,3,4
7.5010824,0.0024524,0.22672,9.859028,-0.048455,9.861753,90.281517,88.682648,1,2,3,4
7.5035353,0.0024529,0.221934,9.842278,-0.05324,9.844924,90.309853,88.708252,1,2,3,4
7.5059891,0.0024538,0.253041,9.861421,-0.098704,9.865161,90.573273,88.530128,1,2,3,4
7.5084429,0.0024538,0.200399,9.849456,-0.062812,9.851694,90.365303,88.834412,1,2,3,4
7.5108962,0.0024533,0.260219,9.839885,-0.08674,9.843707,90.504883,88.485146,1,2,3,4
7.51335,0.0024538,0.233898,9.856635,-0.139382,9.860394,90.809937,88.640625,1,2,3,4
7.5158029,0.0024529,0.217149,9.861421,-0.129811,9.864666,90.753983,88.738548,1,2,3,4
7.5182567,0.0024538,0.24347,9.842278,-0.108275,9.845884,90.630096,88.582954,1,2,3,4
7.52071,0.0024533,0.24347,9.823135,-0.098704,9.826648,90.575516,88.580193,1,2,3,4
7.5231628,0.0024528,0.207577,9.847063,-0.093918,9.849699,90.546333,88.792374,1,2,3,4
7.5256166,0.0024538,0.22672,9.842278,-0.139382,9.845875,90.811127,88.680405,1,2,3,4
7.5280704,0.0024538,0.205185,9.823135,-0.156132,9.826518,90.9104,88.803383,1,2,3,4
7.5305238,0.0024534,0.202792,9.815957,-0.172881,9.819573,91.008789,88.816475,1,2,3,4
7.5329776,0.0024538,0.19322,9.808778,-0.187238,9.812467,91.093369,88.87149,1,2,3,4
7.5354309,0.0024533,0.188435,9.820743,-0.16331,9.823908,90.952515,88.90078,1,2,3,4
7.5378838,0.0024529,0.20997,9.823135,-0.199202,9.827398,91.161469,88.775482,1,2,3,4
7.5403376,0.0024538,0.224327,9.856635,-0.208774,9.861398,91.213089,88.696228,1,2,3,4
7.5427904,0.0024528,0.214756,9.84467,-0.244666,9.850052,91.423317,88.75032,1,2,3,4
7.5452433,0.0024529,0.19322,9.849456,-0.206381,9.853513,91.200142,88.876152,1,2,3,4
7.5476966,0.0024533,0.233898,9.861421,-0.225524,9.866772,91.309715,88.641281,1,2,3,4
7.5501494,0.0024528,0.20997,9.868599,-0.230309,9.873519,91.336601,88.781128,1,2,3,4
7.5526023,0.0024529,0.255434,9.842278,-0.215952,9.84796,91.256516,88.513351,1,2,3,4
7.5550556,0.0024533,0.269791,9.856635,-0.218345,9.862743,91.268539,88.432121,1,2,3,4
7.5575085,0.0024529,0.250648,9.847063,-0.282951,9.854316,91.645386,88.541901,1,2,3,4
7.5599613,0.0024528,0.233898,9.837492,-0.223131,9.842802,91.298973,88.637978,1,2,3,4
7.5624142,0.0024529,0.253041,9.854242,-0.046062,9.857598,90.267731,88.52906,1,2,3,4
7.564868,0.0024538,0.260219,9.835099,0.011366,9.838548,89.933807,88.484406,1,2,3,4
7.5673208,0.0024528,0.22672,9.81835,-0.067597,9.821199,90.394356,88.677193,1,2,3,4
7.5697737,0.0024529,0.212363,9.808778,-0.153739,9.812281,90.897751,88.75972,1,2,3,4
7.5722265,0.0024528,0.219541,9.81835,-0.139382,9.821793,90.813118,88.719063,1,2,3,4
7.5746794,0.0024529,0.229113,9.81835,-0.029312,9.821067,90.171005,88.663239,1,2,3,4
7.5771327,0.0024533,0.231506,9.837492,-0.005384,9.840217,90.031349,88.651909,1,2,3,4
7.579586,0.0024533,0.219541,9.84467,-0.065204,9.847334,90.379387,88.722488,1,2,3,4
7.5820384,0.0024524,0.169292,9.839885,-0.10349,9.841886,90.602486,89.014343,1,2,3,4
7.5844913,0.0024529,0.214756,9.849456,-0.014955,9.851808,90.086975,88.750931,1,2,3,4
7.5869436,0.0024523,0.171685,9.835099,0.004187,9.836598,89.975609,88.999924,1,2,3,4
7.589397,0.0024534,0.212363,9.842278,0.00658,9.844571,89.9617,88.763947,1,2,3,4
7.5918503,0.0024533,0.231506,9.868599,-0.050847,9.871445,90.295128,88.656158,1,2,3,4
7.5943031,0.0024528,0.212363,9.880563,-0.077169,9.883146,90.447372,88.76873,1,2,3,4
7.5967569,0.0024538,0.250648,9.84467,-0.093918,9.848309,90.54641,88.54155,1,2,3,4
7.5992098,0.0024529,0.24347,9.842278,-0.077169,9.845592,90.449081,88.582954,1,2,3,4
7.6016626,0.0024528,0.24347,9.839885,-0.079561,9.843218,90.46312,88.582611,1,2,3,4
7.604116,0.0024534,0.229113,9.856635,-0.113061,9.859945,90.657005,88.668427,1,2,3,4
7.6065683,0.0024523,0.272184,9.856635,-0.151346,9.861553,90.879356,88.418221,1,2,3,4
7.6090217,0.0024534,0.241077,9.832706,-0.170489,9.837139,90.99305,88.595512,1,2,3,4
7.6114745,0.0024528,0.241077,9.851849,-0.120239,9.855532,90.699036,88.598236,1,2,3,4
7.6139274,0.0024529,0.260219,9.854242,-0.105882,9.858246,90.615395,88.48735,1,2,3,4
7.6163812,0.0024538,0.236291,9.842278,-0.156132,9.846352,90.908569,88.624718,1,2,3,4
7.618834,0.0024528,0.260219,9.842278,-0.175274,9.847277,91.019875,88.485512,1,2,3,4
7.6212878,0.0024538,0.265005,9.835099,-0.177667,9.840273,91.034538,88.456551,1,2,3,4
7.6237407,0.0024529,0.214756,9.832706,-0.158524,9.836329,90.923431,88.748802,1,2,3,4
7.626195,0.0024543,0.195613,9.823135,-0.144168,9.82614,90.840668,88.859192,1,2,3,4
7.6286478,0.0024528,0.248255,9.832706,-0.141775,9.836862,90.825813,88.553711,1,2,3,4
7.6311011,0.0024533,0.231506,9.835099,-0.160917,9.83914,90.937103,88.651581,1,2,3,4
7.633554,0.0024529,0.22672,9.849456,-0.125025,9.852858,90.727058,88.681366,1,2,3,4
7.6360083,0.0024543,0.253041,9.849456,-0.148953,9.853831,90.866135,88.528343,1,2,3,4
7.6384611,0.0024528,0.238684,9.823135,-0.120239,9.82677,90.70108,88.608093,1,2,3,4
7.6409154,0.0024543,0.24347,9.832706,-0.110668,9.836343,90.644646,88.581573,1,2,3,4
7.6433682,0.0024528,0.236291,9.849456,-0.129811,9.853145,90.754868,88.625725,1,2,3,4
7.6458216,0.0024534,0.245863,9.811171,-0.14656,9.815345,90.85556,88.564499,1,2,3,4
7.6482749,0.0024533,0.236291,9.820743,-0.091525,9.824011,90.533806,88.621704,1,2,3,4
7.6507282,0.0024533,0.219541,9.84467,-0.098704,9.847612,90.574295,88.722488,1,2,3,4
7.6531816,0.0024534,0.202792,9.823135,-0.101097,9.825748,90.589523,88.817337,1,2,3,4
7.6556354,0.0024538,0.245863,9.806385,-0.096311,9.809939,90.562523,88.563797,1,2,3,4
7.6580887,0.0024533,0.217149,9.835099,-0.110668,9.838119,90.644531,88.735176,1,2,3,4
7.660543,0.0024543,0.205185,9.84467,-0.08674,9.84719,90.5047,88.806,1,2,3,4
7.6629958,0.0024528,0.207577,9.847063,-0.093918,9.849699,90.546333,88.792374,1,2,3,4
7.6654491,0.0024533,0.221934,9.856635,-0.081954,9.859473,90.476257,88.710136,1,2,3,4
7.6679029,0.0024538,0.176471,9.849456,-0.067597,9.851269,90.39315,88.973557,1,2,3,4
7.6703558,0.0024529,0.219541,9.854242,-0.048455,9.856807,90.281662,88.723724,1,2,3,4
7.6728091,0.0024533,0.190828,9.847063,-0.089133,9.849316,90.518509,88.889793,1,2,3,4
7.6752625,0.0024534,0.224327,9.832706,-0.089133,9.835669,90.519234,88.693062,1,2,3,4
7.6777158,0.0024533,0.250648,9.861421,-0.048455,9.864725,90.281433,88.544022,1,2,3,4
7.6801686,0.0024528,0.202792,9.859028,-0.06999,9.861362,90.406654,88.82164,1,2,3,4
7.682622,0.0024534,0.221934,9.842278,-0.079561,9.845101,90.463028,88.708252,1,2,3,4
7.6850748,0.0024528,0.219541,9.84467,-0.079561,9.84744,90.462921,88.722488,1,2,3,4
7.6875277,0.0024529,0.22672,9.84467,-0.110668,9.847902,90.64389,88.680725,1,2,3,4
7.6899805,0.0024528,0.219541,9.854242,-0.144168,9.857741,90.837967,88.723724,1,2,3,4
7.6924343,0.0024538,0.24347,9.820743,-0.122632,9.824526,90.715202,88.579849,1,2,3,4
7.6948876,0.0024533,0.202792,9.827921,-0.120239,9.830749,90.700798,88.817909,1,2,3,4
7.6973405,0.0024529,0.229113,9.866206,-0.105882,9.869433,90.6147,88.669716,1,2,3,4
7.6997938,0.0024533,0.265005,9.827921,-0.101097,9.832013,90.589149,88.455421,1,2,3,4
7.7022476,0.0024538,0.24347,9.830314,-0.122632,9.834093,90.7145,88.58123,1,2,3,4
7.7047014,0.0024538,0.257827,9.866206,-0.10349,9.870117,90.600769,88.503067,1,2,3,4
7.7071548,0.0024534,0.236291,9.84467,-0.08674,9.847887,90.504669,88.625053,1,2,3,4
7.7096076,0.0024528,0.250648,9.854242,-0.079561,9.857751,90.462433,88.542961,1,2,3,4
7.7120609,0.0024533,0.245863,9.856635,-0.067597,9.859933,90.392807,88.571121,1,2,3,4
7.7145143,0.0024534,0.221934,9.827921,-0.041276,9.830513,90.24057,88.706367,1,2,3,4
7.7169676,0.0024533,0.22672,9.839885,-0.060419,9.842682,90.351707,88.680084,1,2,3,4
7.7194214,0.0024538,0.250648,9.837492,-0.108275,9.84128,90.630386,88.540482,1,2,3,4
7.7218747,0.0024533,0.22672,9.851849,-0.074776,9.854741,90.434753,88.681686,1,2,3,4
7.724328,0.0024533,0.212363,9.842278,-0.081954,9.84491,90.476967,88.763947,1,2,3,4
7.7267814,0.0024534,0.217149,9.84467,-0.110668,9.847687,90.643906,88.736404,1,2,3,4
7.7292347,0.0024533,0.178863,9.854242,-0.132203,9.856752,90.768501,88.960144,1,2,3,4
7.731688,0.0024533,0.253041,9.856635,-0.110668,9.860503,90.643066,88.529419,1,2,3,4
7.7341413,0.0024533,0.162114,9.837492,-0.136989,9.839782,90.797699,89.055901,1,2,3,4
7.7365947,0.0024534,0.248255,9.832706,-0.156132,9.837079,90.909424,88.553711,1,2,3,4
7.739049,0.0024543,0.253041,9.835099,-0.14656,9.839446,90.853462,88.526199,1,2,3,4
7.7415013,0.0024523,0.219541,9.851849,-0.151346,9.855456,90.879898,88.723412,1,2,3,4
7.7439537,0.0024524,0.233898,9.849456,-0.117847,9.852938,90.685303,88.639633,1,2,3,4
7.7464066,0.0024529,0.202792,9.859028,-0.110668,9.861734,90.642982,88.82164,1,2,3,4
7.7488604,0.0024538,0.236291,9.856635,-0.156132,9.860703,90.907242,88.626724,1,2,3,4
7.7513132,0.0024528,0.224327,9.854242,-0.16331,9.858149,90.949203,88.695915,1,2,3,4
7.7537661,0.0024529,0.217149,9.830314,-0.187238,9.834495,91.090919,88.734558,1,2,3,4
7.7562194,0.0024533,0.219541,9.837492,-0.158524,9.841218,90.922974,88.72155,1,2,3,4
7.7586732,0.0024538,0.214756,9.847063,-0.148953,9.850531,90.866425,88.750626,1,2,3,4
7.761126,0.0024528,0.245863,9.861421,-0.132203,9.865371,90.76783,88.571808,1,2,3,4
7.7635803,0.0024543,0.238684,9.825528,-0.108275,9.829023,90.631172,88.608429,1,2,3,4
7.7660336,0.0024533,0.20997,9.854242,-0.120239,9.857213,90.698921,88.77935,1,2,3,4
7.7684865,0.0024529,0.253041,9.835099,-0.08674,9.838737,90.505135,88.526199,1,2,3,4
7.7709398,0.0024533,0.269791,9.84467,-0.072383,9.848633,90.421104,88.430214,1,2,3,4
7.7733927,0.0024529,0.214756,9.847063,-0.084347,9.849766,90.490646,88.750626,1,2,3,4
7.775846,0.0024533,0.20997,9.854242,-0.110668,9.8571,90.643288,88.77935,1,2,3,4
7.7782998,0.0024538,0.202792,9.837492,-0.098704,9.840076,90.57473,88.819061,1,2,3,4
7.7807527,0.0024529,0.236291,9.863813,-0.10349,9.867186,90.600945,88.627724,1,2,3,4
7.7832055,0.0024528,0.245863,9.847063,-0.108275,9.850727,90.629784,88.569733,1,2,3,4
7.7856593,0.0024538,0.229113,9.842278,-0.105882,9.845513,90.616196,88.666489,1,2,3,4
7.7881122,0.0024529,0.224327,9.842278,-0.134596,9.845754,90.783287,88.694328,1,2,3,4
7.790565,0.0024528,0.198006,9.832706,-0.117847,9.835405,90.686523,88.846359,1,2,3,4
7.7930183,0.0024533,0.245863,9.847063,-0.120239,9.850866,90.699371,88.569733,1,2,3,4
7.7954712,0.0024529,0.231506,9.835099,-0.115454,9.838501,90.672379,88.651581,1,2,3,4
7.7979245,0.0024533,0.233898,9.847063,-0.141775,9.850862,90.824638,88.639305,1,2,3,4
7.8003783,0.0024538,0.195613,9.859028,-0.189631,9.862791,91.101692,88.863342,1,2,3,4
7.8028312,0.0024529,0.198006,9.830314,-0.141775,9.83333,90.826103,88.846085,1,2,3,4
7.8052845,0.0024533,0.236291,9.825528,-0.058026,9.82854,90.338264,88.622375,1,2,3,4
7.8077383,0.0024538,0.214756,9.851849,-0.050847,9.854321,90.295639,88.751236,1,2,3,4
7.8101912,0.0024529,0.205185,9.837492,-0.101097,9.840151,90.588661,88.80513,1,2,3,4
7.812644,0.0024528,0.207577,9.842278,-0.160917,9.845781,90.93647,88.791786,1,2,3,4
7.8150978,0.0024538,0.236291,9.856635,-0.14656,9.860556,90.851639,88.626724,1,2,3,4
7.8175516,0.0024538,0.224327,9.837492,-0.101097,9.840569,90.588638,88.693695,1,2,3,4
7.8200049,0.0024533,0.188435,9.856635,-0.120239,9.859169,90.698776,88.904778,1,2,3,4
7.8224583,0.0024534,0.190828,9.832706,-0.115454,9.835236,90.6726,88.888176,1,2,3,4
7.8249125,0.0024542,0.22672,9.832706,-0.084347,9.835682,90.491356,88.679123,1,2,3,4
7.8273659,0.0024534,0.229113,9.854242,-0.038883,9.856982,90.226021,88.668106,1,2,3,4
7.8298187,0.0024528,0.19322,9.835099,-0.06999,9.837246,90.407654,88.874512,1,2,3,4
7.8322716,0.0024529,0.231506,9.849456,-0.072383,9.852442,90.420937,88.653542,1,2,3,4
7.8347244,0.0024528,0.257827,9.835099,-0.096311,9.83895,90.560867,88.498337,1,2,3,4
7.8371782,0.0024538,0.22672,9.859028,-0.139382,9.862619,90.809753,88.682648,1,2,3,4
7.8396311,0.0024529,0.212363,9.811171,-0.16331,9.814828,90.953392,88.760025,1,2,3,4
7.8420844,0.0024533,0.260219,9.830314,-0.101097,9.834277,90.589012,88.483673,1,2,3,4
7.8445377,0.0024533,0.253041,9.839885,-0.043669,9.843235,90.254189,88.526917,1,2,3,4
7.8469906,0.0024529,0.245863,9.830314,-0.081954,9.83373,90.477509,88.567291,1,2,3,4
7.8494439,0.0024533,0.250648,9.861421,-0.16331,9.865957,90.948456,88.544022,1,2,3,4
7.8518977,0.0024538,0.255434,9.835099,-0.144168,9.839472,90.839523,88.512268,1,2,3,4
7.8543501,0.0024524,0.238684,9.859028,-0.079561,9.862238,90.462227,88.613159,1,2,3,4
7.8568029,0.0024528,0.229113,9.825528,-0.093918,9.828648,90.547501,88.664215,1,2,3,4
7.8592567,0.0024538,0.245863,9.827921,-0.110668,9.831618,90.644951,88.566948,1,2,3,4
7.8617096,0.0024529,0.233898,9.837492,-0.14656,9.841363,90.853294,88.637978,1,2,3,4
7.8641624,0.0024528,0.214756,9.854242,-0.108275,9.857177,90.629372,88.751534,1,2,3,4
7.8666158,0.0024534,0.248255,9.832706,-0.05324,9.835984,90.310135,88.553711,1,2,3,4
7.8690686,0.0024528,0.229113,9.827921,-0.06999,9.83084,90.407921,88.664536,1,2,3,4
7.8715215,0.0024529,0.212363,9.849456,-0.10349,9.852288,90.601852,88.764847,1,2,3,4
7.8739753,0.0024538,0.22672,9.847063,-0.058026,9.849843,90.337532,88.681046,1,2,3,4
7.8764281,0.0024528,0.233898,9.859028,-0.048455,9.861921,90.281509,88.640953,1,2,3,4
7.878881,0.0024529,0.229113,9.84467,-0.074776,9.84762,90.435066,88.666809,1,2,3,4
7.8813338,0.0024528,0.250648,9.820743,-0.077169,9.824244,90.450058,88.537994,1,2,3,4
7.8837872,0.0024534,0.205185,9.849456,-0.055633,9.85175,90.323555,88.80658,1,2,3,4
7.8862395,0.0024523,0.219541,9.820743,-0.098704,9.823691,90.575691,88.719376,1,2,3,4
7.8886929,0.0024534,0.238684,9.87817,-0.074776,9.881336,90.433586,88.615845,1,2,3,4
7.8911467,0.0024538,0.233898,9.832706,-0.089133,9.835892,90.519218,88.637314,1,2,3,4
7.8936,0.0024533,0.198006,9.863813,-0.113061,9.866448,90.65657,88.849998,1,2,3,4
7.8960533,0.0024533,0.219541,9.837492,-0.151346,9.841105,90.881187,88.72155,1,2,3,4
7.8985071,0.0024538,0.221934,9.849456,-0.165703,9.85335,90.963585,88.70919,1,2,3,4
7.9009604,0.0024533,0.233898,9.832706,-0.129811,9.836345,90.756157,88.637314,1,2,3,4
7.9034142,0.0024538,0.221934,9.830314,-0.117847,9.833525,90.686661,88.70668,1,2,3,4
7.9058681,0.0024539,0.20997,9.837492,-0.115454,9.840409,90.672241,88.777275,1,2,3,4
7.9083209,0.0024528,0.245863,9.832706,-0.115454,9.836457,90.672516,88.567642,1,2,3,4
7.9107742,0.0024533,0.241077,9.839885,-0.14656,9.843928,90.853073,88.596535,1,2,3,4
7.9132271,0.0024529,0.238684,9.849456,-0.134596,9.853267,90.782692,88.611809,1,2,3,4
7.9156804,0.0024533,0.22672,9.847063,-0.115454,9.850349,90.67157,88.681046,1,2,3,4
7.9181333,0.0024529,0.257827,9.84467,-0.10349,9.84859,90.602081,88.499794,1,2,3,4
7.9205861,0.0024528,0.217149,9.837492,-0.074776,9.840173,90.435394,88.735481,1,2,3,4
7.923039,0.0024529,0.24347,9.837492,-0.06999,9.840754,90.407509,88.582268,1,2,3,4
7.9254918,0.0024528,0.229113,9.842278,-0.065204,9.84516,90.379471,88.666489,1,2,3,4
7.9279451,0.0024533,0.202792,9.847063,-0.098704,9.849646,90.574173,88.820213,1,2,3,4
7.9303985,0.0024534,0.224327,9.861421,-0.101097,9.864491,90.587212,88.696861,1,2,3,4
7.9328513,0.0024528,0.202792,9.823135,-0.06999,9.825478,90.408142,88.817337,1,2,3,4
7.9353042,0.0024529,0.274576,9.870992,-0.06999,9.875058,90.40609,88.406647,1,2,3,4
7.937757,0.0024528,0.214756,9.830314,-0.096311,9.833131,90.561195,88.748497,1,2,3,4
7.9402103,0.0024533,0.233898,9.875777,-0.120239,9.879278,90.697357,88.643257,1,2,3,4
7.9426627,0.0024524,0.202792,9.835099,-0.105882,9.837759,90.616676,88.818771,1,2,3,4
7.9451165,0.0024538,0.178863,9.849456,-0.093918,9.851527,90.546234,88.959641,1,2,3,4
7.9475698,0.0024533,0.186042,9.837492,-0.108275,9.839847,90.630478,88.91658,1,2,3,4
7.9500222,0.0024524,0.233898,9.832706,-0.10349,9.836033,90.602844,88.637314,1,2,3,4
7.9524765,0.0024543,0.214756,9.84467,-0.074776,9.847297,90.435081,88.75032,1,2,3,4
7.9549298,0.0024533,0.253041,9.842278,-0.096311,9.846002,90.560463,88.527275,1,2,3,4
7.9573836,0.0024538,0.260219,9.827921,-0.08674,9.831748,90.505493,88.483299,1,2,3,4
7.9598374,0.0024538,0.238684,9.832706,-0.105882,9.836172,90.616776,88.609444,1,2,3,4
7.9622908,0.0024534,0.241077,9.84467,-0.125025,9.848415,90.727386,88.597221,1,2,3,4
7.9647446,0.0024538,0.24347,9.837492,-0.115454,9.841182,90.672195,88.582268,1,2,3,4
7.9671979,0.0024533,0.20997,9.856635,-0.110668,9.859492,90.643127,88.779648,1,2,3,4
7.9696517,0.0024538,0.214756,9.84467,-0.156132,9.84825,90.908394,88.75032,1,2,3,4
7.972105,0.0024533,0.229113,9.851849,-0.089133,9.854916,90.518219,88.667778,1,2,3,4
7.9745584,0.0024534,0.224327,9.842278,-0.096311,9.845305,90.560501,88.694328,1,2,3,4
7.9770122,0.0024538,0.265005,9.847063,-0.105882,9.851197,90.615837,88.45842,1,2,3,4
7.979466,0.0024538,0.269791,9.849456,-0.093918,9.853598,90.546112,88.430977,1,2,3,4
7.9819188,0.0024528,0.253041,9.839885,-0.101097,9.843657,90.588455,88.526917,1,2,3,4
7.9843721,0.0024533,0.214756,9.823135,-0.096311,9.825954,90.561607,88.747581,1,2,3,4
7.9868255,0.0024534,0.238684,9.827921,-0.120239,9.831554,90.700745,88.608772,1,2,3,4
7.9892788,0.0024533,0.238684,9.839885,-0.105882,9.843349,90.616325,88.610458,1,2,3,4
7.9917326,0.0024538,0.221934,9.820743,-0.108275,9.823847,90.631508,88.705421,1,2,3,4
7.9941854,0.0024528,0.20997,9.825528,-0.136989,9.828726,90.798592,88.77578,1,2,3,4
7.9966388,0.0024534,0.217149,9.839885,-0.110668,9.842903,90.644218,88.735786,1,2,3,4
7.9990921,0.0024533,0.214756,9.815957,-0.098704,9.818802,90.575981,88.746666,1,2,3,4
8.0015459,0.0024538,0.221934,9.854242,-0.125025,9.857534,90.726715,88.709816,1,2,3,4
8.0039988,0.0024529,0.217149,9.849456,-0.091525,9.852275,90.532272,88.737015,1,2,3,4
8.0064516,0.0024528,0.198006,9.854242,-0.089133,9.856634,90.518127,88.848885,1,2,3,4
8.0089054,0.0024538,0.186042,9.847063,-0.113061,9.849469,90.657707,88.917633,1,2,3,4
8.0113583,0.0024529,0.245863,9.825528,-0.115454,9.829282,90.673004,88.566597,1,2,3,4
8.0138111,0.0024528,0.195613,9.851849,-0.108275,9.854385,90.629555,88.862511,1,2,3,4
8.016264,0.0024529,0.217149,9.854242,-0.113061,9.857284,90.657181,88.737633,1,2,3,4
8.0187168,0.0024528,0.229113,9.842278,-0.125025,9.845737,90.727585,88.666489,1,2,3,4
8.0211706,0.0024538,0.219541,9.830314,-0.141775,9.833787,90.826065,88.720619,1,2,3,4
8.0236235,0.0024529,0.265005,9.803992,-0.10349,9.808119,90.604561,88.451653,1,2,3,4
8.0260763,0.0024528,0.248255,9.832706,-0.08674,9.836222,90.505264,88.553711,1,2,3,4
8.0285292,0.0024529,0.248255,9.868599,-0.108275,9.872314,90.62841,88.558968,1,2,3,4
8.030982,0.0024528,0.241077,9.835099,-0.148953,9.839181,90.867424,88.595856,1,2,3,4
8.0334349,0.0024529,0.250648,9.842278,-0.122632,9.846232,90.713623,88.541191,1,2,3,4
8.0358877,0.0024528,0.224327,9.839885,-0.101097,9.842961,90.588493,88.694016,1,2,3,4
8.0383415,0.0024538,0.190828,9.847063,-0.127418,9.849736,90.741211,88.889793,1,2,3,4
8.0407953,0.0024538,0.24347,9.835099,-0.110668,9.838735,90.644485,88.581924,1,2,3,4
8.0432482,0.0024529,0.224327,9.835099,-0.096311,9.838129,90.560913,88.693375,1,2,3,4
8.045702,0.0024538,0.224327,9.832706,-0.084347,9.835627,90.491356,88.693062,1,2,3,4
8.0481558,0.0024538,0.207577,9.854242,-0.117847,9.857133,90.685013,88.793259,1,2,3,4
8.0506096,0.0024538,0.212363,9.842278,-0.077169,9.844872,90.449112,88.763947,1,2,3,4
8.0530615,0.0024519,0.190828,9.813564,-0.084347,9.815783,90.492348,88.886009,1,2,3,4
8.0555153,0.0024538,0.248255,9.849456,-0.06999,9.852833,90.407005,88.556168,1,2,3,4
8.0579681,0.0024528,0.231506,9.835099,-0.089133,9.838227,90.519096,88.651581,1,2,3,4
8.0604219,0.0024538,0.20997,9.849456,-0.105882,9.852262,90.615768,88.778755,1,2,3,4
8.0628757,0.0024538,0.224327,9.854242,-0.062812,9.856996,90.365105,88.695915,1,2,3,4
8.0653286,0.0024529,0.255434,9.849456,-0.062812,9.852967,90.365257,88.514435,1,2,3,4
8.0677824,0.0024538,0.214756,9.866206,-0.091525,9.868968,90.531372,88.753052,1,2,3,4
8.0702362,0.0024538,0.20997,9.832706,-0.136989,9.835902,90.798012,88.77668,1,2,3,4
8.0726891,0.0024529,0.250648,9.861421,-0.113061,9.865253,90.656654,88.544022,1,2,3,4
8.0751429,0.0024538,0.24347,9.863813,-0.05324,9.866961,90.309158,88.586052,1,2,3,4
8.0775957,0.0024528,0.24347,9.856635,-0.050847,9.859773,90.295479,88.585022,1,2,3,4
8.0800495,0.0024538,0.236291,9.815957,-0.072383,9.819067,90.422371,88.621033,1,2,3,4
8.0825024,0.0024529,0.233898,9.808778,-0.06999,9.811816,90.408707,88.633995,1,2,3,4
8.0849562,0.0024538,0.257827,9.808778,-0.113061,9.812817,90.660164,88.494308,1,2,3,4
8.0874081,0.0024519,0.257827,9.849456,-0.067597,9.853062,90.393082,88.500526,1,2,3,4
8.0898619,0.0024538,0.224327,9.851849,-0.136989,9.855354,90.796432,88.695595,1,2,3,4
8.0923138,0.0024519,0.269791,9.851849,-0.122632,9.856305,90.712891,88.431358,1,2,3,4
8.0947666,0.0024528,0.262612,9.820743,-0.096311,9.824725,90.561676,88.468246,1,2,3,4
8.0972195,0.0024529,0.229113,9.851849,-0.10349,9.855056,90.601685,88.667778,1,2,3,4
8.0996733,0.0024538,0.212363,9.84467,-0.125025,9.847754,90.727432,88.764244,1,2,3,4
8.1021261,0.0024528,0.236291,9.837492,-0.127418,9.841154,90.741852,88.624054,1,2,3,4
8.104579,0.0024529,0.221934,9.835099,-0.125025,9.838398,90.728127,88.707306,1,2,3,4
8.1070328,0.0024538,0.231506,9.856635,-0.105882,9.859921,90.615295,88.654526,1,2,3,4
8.1094856,0.0024528,0.229113,9.849456,-0.139382,9.853106,90.810532,88.667458,1,2,3,4
8.1119385,0.0024529,0.248255,9.854242,-0.101097,9.857887,90.587601,88.55687,1,2,3,4
8.1143923,0.0024538,0.198006,9.830314,-0.096311,9.83278,90.561218,88.846085,1,2,3,4
8.1168451,0.0024528,0.183649,9.847063,-0.120239,9.849509,90.699463,88.931549,1,2,3,4
8.119298,0.0024529,0.221934,9.854242,-0.122632,9.857504,90.712807,88.709816,1,2,3,4
8.1217518,0.0024538,0.250648,9.856635,-0.105882,9.86039,90.615265,88.54332,1,2,3,4
8.1242056,0.0024538,0.260219,9.851849,-0.093918,9.855732,90.545998,88.486984,1,2,3,4
8.1266584,0.0024528,0.22672,9.839885,-0.113061,9.843145,90.658127,88.680084,1,2,3,4
8.1291113,0.0024529,0.255434,9.854242,-0.127418,9.858376,90.740562,88.51516,1,2,3,4
8.1315641,0.0024528,0.217149,9.842278,-0.074776,9.844957,90.435188,88.736099,1,2,3,4
8.134017,0.0024529,0.224327,9.861421,-0.038883,9.864049,90.225853,88.696861,1,2,3,4
8.1364698,0.0024528,0.219541,9.863813,-0.067597,9.866488,90.392548,88.72496,1,2,3,4
8.1389236,0.0024538,0.250648,9.827921,-0.10349,9.831661,90.603119,88.539063,1,2,3,4
8.1413765,0.0024529,0.231506,9.861421,-0.096311,9.864608,90.559402,88.655174,1,2,3,4
8.1438293,0.0024528,0.224327,9.842278,-0.08674,9.845216,90.504799,88.694328,1,2,3,4
8.1462831,0.0024538,0.231506,9.820743,-0.096311,9.823943,90.561722,88.649612,1,2,3,4
8.148736,0.0024529,0.19322,9.830314,-0.115454,9.832891,90.67276,88.873962,1,2,3,4
8.1511898,0.0024538,0.195613,9.847063,-0.077169,9.849308,90.448914,88.861961,1,2,3,4
8.1536436,0.0024538,0.198006,9.842278,-0.077169,9.844572,90.449127,88.847481,1,2,3,4
8.1560965,0.0024529,0.207577,9.84467,-0.081954,9.847199,90.476852,88.792084,1,2,3,4
8.1585493,0.0024528,0.231506,9.866206,-0.077169,9.869224,90.448006,88.65583,1,2,3,4
8.1610031,0.0024538,0.20997,9.861421,-0.062812,9.863856,90.364853,88.780235,1,2,3,4
8.163456,0.0024529,0.233898,9.839885,-0.077169,9.842967,90.449203,88.638313,1,2,3,4
8.1659088,0.0024528,0.238684,9.866206,-0.067597,9.869325,90.392433,88.614166,1,2,3,4
8.1683626,0.0024538,0.207577,9.842278,-0.113061,9.845116,90.657997,88.791786,1,2,3,4
8.1708155,0.0024529,0.174078,9.825528,-0.115454,9.827748,90.673111,88.985001,1,2,3,4
8.1732693,0.0024538,0.181256,9.847063,-0.08674,9.849113,90.504601,88.945465,1,2,3,4
8.1757221,0.0024528,0.236291,9.787243,-0.105882,9.790668,90.619644,88.616989,1,2,3,4
8.178175,0.0024529,0.183649,9.827921,-0.158524,9.830914,90.923943,88.929466,1,2,3,4
8.1806278,0.0024528,0.183649,9.803992,-0.144168,9.806772,90.842323,88.926857,1,2,3,4
8.1830816,0.0024538,0.198006,9.794421,-0.077169,9.796726,90.451324,88.841858,1,2,3,4
8.1855345,0.0024529,0.20997,9.780065,-0.093918,9.782769,90.550072,88.770096,1,2,3,4
8.1879864,0.0024519,0.212363,9.780065,-0.127418,9.7832,90.746246,88.756081,1,2,3,4
8.1904392,0.0024528,0.236291,9.81835,-0.127418,9.82202,90.743301,88.621368,1,2,3,4
8.1928921,0.0024529,0.253041,9.780065,-0.144168,9.7844,90.844254,88.517906,1,2,3,4
8.1953449,0.0024528,0.253041,9.808778,-0.125025,9.812838,90.730026,88.522247,1,2,3,4
8.1977978,0.0024529,0.238684,9.832706,-0.115454,9.83628,90.672523,88.609444,1,2,3,4
8.2002516,0.0024538,0.245863,9.796814,-0.122632,9.800666,90.716942,88.562401,1,2,3,4
8.2027044,0.0024528,0.221934,9.78485,-0.129811,9.788228,90.759872,88.700676,1,2,3,4
8.2051573,0.0024529,0.248255,9.792028,-0.101097,9.795696,90.591331,88.547699,1,2,3,4
8.2076111,0.0024538,0.24347,9.799207,-0.120239,9.802968,90.702782,88.576729,1,2,3,4
8.2100639,0.0024528,0.221934,9.811171,-0.101097,9.814201,90.590218,88.704155,1,2,3,4
8.2125177,0.0024538,0.214756,9.780065,-0.089133,9.782828,90.522034,88.742073,1,2,3,4
8.2149715,0.0024538,0.214756,9.796814,-0.06999,9.799417,90.409225,88.744225,1,2,3,4
8.2174244,0.0024529,0.224327,9.8016,-0.089133,9.804571,90.520882,88.688911,1,2,3,4
8.2198763,0.0024519,0.221934,9.796814,-0.091525,9.799755,90.535126,88.702263,1,2,3,4
8.2223301,0.0024538,0.214756,9.782457,-0.079561,9.785138,90.465866,88.742378,1,2,3,4
8.2247829,0.0024528,0.190828,9.7681,-0.06999,9.770214,90.410446,88.880821,1,2,3,4
8.2272367,0.0024538,0.236291,9.796814,-0.05324,9.799808,90.311279,88.61834,1,2,3,4
8.2296906,0.0024539,0.221934,9.789636,-0.077169,9.792456,90.451515,88.701309,1,2,3,4
8.2321434,0.0024528,0.217149,9.746565,-0.067597,9.749218,90.39727,88.723686,1,2,3,4
8.2345963,0.0024529,0.233898,9.725029,-0.065204,9.72806,90.384041,88.622238,1,2,3,4
8.2370501,0.0024538,0.183649,9.729815,-0.101097,9.732074,90.5952,88.918678,1,2,3,4
8.2395029,0.0024528,0.202792,9.722636,-0.093918,9.725204,90.553322,88.805115,1,2,3,4
8.2419558,0.0024529,0.221934,9.722636,-0.10349,9.725719,90.609688,88.69236,1,2,3,4
8.2444096,0.0024538,0.20997,9.770494,-0.034098,9.772809,90.199905,88.76889,1,2,3,4
8.2468624,0.0024528,0.224327,9.722636,-0.055633,9.725383,90.327759,88.678268,1,2,3,4
8.2493153,0.0024529,0.260219,9.753743,-0.110668,9.757841,90.649834,88.471771,1,2,3,4
8.2517691,0.0024538,0.238684,9.75135,-0.081954,9.754615,90.481384,88.597847,1,2,3,4
8.2542219,0.0024528,0.262612,9.7681,-0.084347,9.771994,90.494553,88.459991,1,2,3,4
8.2566748,0.0024529,0.207577,9.748958,-0.081954,9.751512,90.481537,88.780228,1,2,3,4
8.2591267,0.0024519,0.260219,9.78485,-0.101097,9.788832,90.591751,88.476631,1,2,3,4
8.2615795,0.0024528,0.233898,9.760921,-0.132203,9.764619,90.775749,88.627296,1,2,3,4
8.2640324,0.0024529,0.214756,9.780065,-0.125025,9.783221,90.732231,88.742073,1,2,3,4
8.2664852,0.0024528,0.241077,9.741779,-0.115454,9.745446,90.678795,88.582405,1,2,3,4
8.268939,0.0024538,0.248255,9.792028,-0.127418,9.796003,90.745277,88.547699,1,2,3,4
8.2713919,0.0024529,0.253041,9.741779,-0.120239,9.745808,90.706909,88.512085,1,2,3,4
8.2738447,0.0024528,0.221934,9.746565,-0.105882,9.749666,90.622253,88.695572,1,2,3,4
8.2762985,0.0024538,0.253041,9.746565,-0.093918,9.750301,90.551903,88.512817,1,2,3,4
8.2787523,0.0024538,0.195613,9.777672,-0.105882,9.780201,90.620308,88.853889,1,2,3,4
8.2812052,0.0024529,0.238684,9.732208,-0.093918,9.735587,90.552734,88.595093,1,2,3,4
8.283659,0.0024538,0.224327,9.748958,-0.067597,9.751773,90.397163,88.681839,1,2,3,4
8.2861118,0.0024528,0.22672,9.717851,-0.074776,9.720782,90.440742,88.663521,1,2,3,4
8.2885656,0.0024538,0.205185,9.727423,-0.098704,9.730087,90.58123,88.791618,1,2,3,4
8.2910185,0.0024529,0.205185,9.744172,-0.08674,9.746718,90.509903,88.793694,1,2,3,4
8.2934713,0.0024528,0.19322,9.744172,-0.065204,9.746305,90.383324,88.864014,1,2,3,4
8.2959251,0.0024538,0.224327,9.741779,-0.06999,9.744614,90.41153,88.680862,1,2,3,4
8.2983789,0.0024538,0.202792,9.744172,-0.093918,9.746735,90.552101,88.807755,1,2,3,4
8.3008318,0.0024529,0.233898,9.794421,-0.105882,9.797786,90.619194,88.631989,1,2,3,4
8.3032856,0.0024538,0.241077,9.753743,-0.043669,9.75682,90.256439,88.584145,1,2,3,4
8.3057394,0.0024538,0.233898,9.746565,-0.050847,9.749504,90.29882,88.625275,1,2,3,4
8.3081923,0.0024529,0.224327,9.758529,-0.091525,9.761536,90.537224,88.683128,1,2,3,4
8.3106461,0.0024538,0.257827,9.772886,-0.096311,9.776761,90.56443,88.488785,1,2,3,4
8.3130989,0.0024528,0.231506,9.765707,-0.081954,9.768794,90.480682,88.641998,1,2,3,4
8.3155527,0.0024538,0.212363,9.746565,-0.060419,9.749065,90.355087,88.751808,1,2,3,4
8.3180056,0.0024529,0.238684,9.756136,-0.067597,9.75929,90.396858,88.598534,1,2,3,4
8.3204594,0.0024538,0.241077,9.717851,-0.108275,9.721444,90.638161,88.578918,1,2,3,4
8.3229122,0.0024528,0.19322,9.705887,-0.089133,9.708219,90.526047,88.859535,1,2,3,4
8.3253651,0.0024529,0.241077,9.717851,-0.077169,9.721148,90.454834,88.578918,1,2,3,4
8.3278189,0.0024538,0.212363,9.734601,-0.077169,9.737224,90.454079,88.750275,1,2,3,4
8.3302717,0.0024528,0.221934,9.70828,-0.079561,9.711143,90.469414,88.69043,1,2,3,4
8.3327246,0.0024529,0.260219,9.689137,-0.062812,9.692835,90.371292,88.461586,1,2,3,4
8.3351784,0.0024538,0.20997,9.701101,-0.031705,9.703425,90.18721,88.760086,1,2,3,4
8.3376322,0.0024538,0.238684,9.698709,-0.072383,9.701915,90.427467,88.59024,1,2,3,4
8.3400841,0.0024519,0.200399,9.753743,-0.08674,9.756187,90.509407,88.822975,1,2,3,4
8.3425379,0.0024538,0.217149,9.760921,-0.079561,9.763661,90.466896,88.725563,1,2,3,4
8.3449907,0.0024528,0.214756,9.727423,-0.091525,9.730224,90.538948,88.735268,1,2,3,4
8.3474445,0.0024538,0.181256,9.717851,-0.129811,9.720407,90.765175,88.93145,1,2,3,4
8.3498974,0.0024529,0.190828,9.722636,-0.156132,9.725762,90.91983,88.875595,1,2,3,4
8.3523502,0.0024528,0.217149,9.732208,-0.105882,9.735207,90.623177,88.721809,1,2,3,4
8.354804,0.0024538,0.188435,9.69153,-0.058026,9.693536,90.342979,88.886124,1,2,3,4
8.3572569,0.0024529,0.20997,9.727423,-0.110668,9.730318,90.651672,88.763443,1,2,3,4
8.3597107,0.0024538,0.202792,9.69153,-0.139382,9.694654,90.823784,88.801285,1,2,3,4
8.3621635,0.0024528,0.245863,9.698709,-0.132203,9.702725,90.780701,88.547859,1,2,3,4
8.3646173,0.0024538,0.183649,9.698709,-0.134596,9.701382,90.794945,88.915207,1,2,3,4
8.3670702,0.0024529,0.248255,9.732208,-0.139382,9.736371,90.820251,88.53878,1,2,3,4
8.369524,0.0024538,0.207577,9.725029,-0.129811,9.72811,90.764572,88.777229,1,2,3,4
8.3719778,0.0024538,0.224327,9.722636,-0.125025,9.726027,90.736542,88.678268,1,2,3,4
8.3744307,0.0024529,0.253041,9.705887,-0.077169,9.709492,90.455376,88.506584,1,2,3,4
8.3768845,0.0024538,0.171685,9.681958,-0.136989,9.684449,90.810493,88.984108,1,2,3,4
8.3793373,0.0024528,0.233898,9.729815,-0.156132,9.733879,90.919067,88.62291,1,2,3,4
8.3817902,0.0024529,0.231506,9.698709,-0.168096,9.702928,90.992653,88.632622,1,2,3,4
8.384243,0.0024528,0.219541,9.686745,-0.160917,9.690568,90.951469,88.701668,1,2,3,4
8.3866968,0.0024538,0.241077,9.70828,-0.134596,9.712206,90.79406,88.577515,1,2,3,4
8.3891497,0.0024529,0.202792,9.701101,-0.127418,9.704057,90.752335,88.802467,1,2,3,4
8.3916035,0.0024538,0.212363,9.701101,-0.127418,9.704262,90.752319,88.745964,1,2,3,4
8.3940573,0.0024538,0.205185,9.681958,-0.127418,9.684971,90.753822,88.785942,1,2,3,4
8.3965101,0.0024528,0.260219,9.696316,-0.065204,9.700026,90.385147,88.462723,1,2,3,4
8.398963,0.0024529,0.214756,9.701101,-0.055633,9.703638,90.328491,88.731834,1,2,3,4
8.4014158,0.0024528,0.233898,9.677173,-0.029312,9.680043,90.1735,88.615425,1,2,3,4
8.4038696,0.0024538,0.250648,9.701101,-0.029312,9.704383,90.173065,88.519974,1,2,3,4
8.4063234,0.0024538,0.22672,9.701101,0.004187,9.703751,89.975273,88.661209,1,2,3,4
8.4087763,0.0024529,0.238684,9.662816,-0.074776,9.666053,90.443237,88.585007,1,2,3,4
8.4112291,0.0024528,0.233898,9.669994,-0.029312,9.672867,90.17363,88.614395,1,2,3,4
8.413682,0.0024529,0.241077,9.698709,-0.022134,9.70173,90.130714,88.576118,1,2,3,4
8.4161348,0.0024528,0.212363,9.679565,-0.031705,9.681947,90.187622,88.743172,1,2,3,4
8.4185886,0.0024538,0.224327,9.686745,-0.024526,9.689373,90.145035,88.67337,1,2,3,4
8.4210415,0.0024529,0.255434,9.655638,-0.024526,9.659047,90.145485,88.484627,1,2,3,4
8.4234953,0.0024538,0.221934,9.669994,-0.005384,9.672543,90.031891,88.685249,1,2,3,4
8.4259481,0.0024528,0.238684,9.679565,-0.034098,9.682568,90.201775,88.587456,1,2,3,4
8.428401,0.0024529,0.236291,9.643674,-0.043669,9.646667,90.259369,88.596405,1,2,3,4
8.4308548,0.0024538,0.30329,9.658031,-0.05324,9.662938,90.315689,88.20134,1,2,3,4
8.4333076,0.0024528,0.248255,9.646067,-0.002991,9.649261,90.017761,88.525734,1,2,3,4
8.4357605,0.0024529,0.267398,9.64128,0.004187,9.644988,89.975128,88.411324,1,2,3,4
8.4382143,0.0024538,0.260219,9.624531,-0.046062,9.628158,90.274109,88.451263,1,2,3,4
8.4406672,0.0024529,0.255434,9.677173,-0.055633,9.680703,90.329269,88.487999,1,2,3,4
8.443121,0.0024538,0.248255,9.612567,-0.048455,9.615894,90.288719,88.520599,1,2,3,4
8.4455738,0.0024528,0.265005,9.677173,-0.043669,9.680899,90.258453,88.431374,1,2,3,4
8.4480276,0.0024538,0.257827,9.648459,-0.058026,9.652078,90.344452,88.469307,1,2,3,4
8.4504805,0.0024529,0.224327,9.660423,-0.110668,9.663661,90.656166,88.669762,1,2,3,4
8.4529333,0.0024528,0.231506,9.631709,-0.08674,9.634881,90.515823,88.623116,1,2,3,4
8.4553862,0.0024529,0.24347,9.643674,-0.089133,9.647159,90.529381,88.553787,1,2,3,4
8.45784,0.0024538,0.236291,9.653245,-0.093918,9.656593,90.557259,88.597801,1,2,3,4
8.4602928,0.0024528,0.24347,9.681958,-0.122632,9.685796,90.725441,88.559502,1,2,3,4
8.4627457,0.0024529,0.19322,9.650852,-0.132203,9.653691,90.784668,88.853027,1,2,3,4
8.4651995,0.0024538,0.224327,9.679565,-0.156132,9.683423,90.923851,88.672386,1,2,3,4
8.4676533,0.0024538,0.186042,9.67478,-0.151346,9.677752,90.896057,88.898361,1,2,3,4
8.4701071,0.0024538,0.241077,9.634102,-0.151346,9.638306,90.899727,88.566574,1,2,3,4
8.4725599,0.0024528,0.200399,9.650852,-0.153739,9.654157,90.912453,88.810432,1,2,3,4
8.4750137,0.0024538,0.20997,9.600603,-0.175274,9.604499,91.045662,88.747108,1,2,3,4
8.4774675,0.0024538,0.195613,9.626924,-0.177667,9.630549,91.057068,88.835945,1,2,3,4
8.4799204,0.0024529,0.24347,9.626924,-0.148953,9.631154,90.886162,88.55127,1,2,3,4
8.4823742,0.0024538,0.217149,9.610174,-0.127418,9.613472,90.759422,88.705582,1,2,3,4
8.484827,0.0024528,0.202792,9.634102,-0.08674,9.636626,90.515732,88.794136,1,2,3,4
8.4872808,0.0024538,0.217149,9.643674,-0.136989,9.647091,90.813629,88.710075,1,2,3,4
8.4897337,0.0024529,0.219541,9.619745,-0.16331,9.623635,90.972336,88.692627,1,2,3,4
8.4921865,0.0024528,0.22672,9.648459,-0.091525,9.651556,90.543343,88.653908,1,2,3,4
8.4946404,0.0024539,0.219541,9.600603,-0.098704,9.60362,90.588882,88.690018,1,2,3,4
8.4970932,0.0024528,0.217149,9.610174,-0.115454,9.61332,90.688126,88.705582,1,2,3,4
8.4995461,0.0024529,0.207577,9.638887,-0.101097,9.641652,90.600784,88.766304,1,2,3,4
8.5019989,0.0024528,0.198006,9.660423,-0.093918,9.662909,90.556892,88.825798,1,2,3,4
8.5044527,0.0024538,0.238684,9.626924,-0.058026,9.630056,90.345238,88.579735,1,2,3,4
8.5069056,0.0024529,0.20997,9.658031,-0.084347,9.660681,90.500252,88.754562,1,2,3,4
8.5093584,0.0024528,0.212363,9.626924,-0.079561,9.629595,90.473396,88.736298,1,2,3,4
8.5118122,0.0024538,0.224327,9.607781,-0.055633,9.610561,90.331673,88.662476,1,2,3,4
8.5142651,0.0024529,0.221934,9.64128,-0.048455,9.643956,90.287872,88.681328,1,2,3,4
8.5167179,0.0024528,0.207577,9.660423,-0.046062,9.662763,90.273125,88.769051,1,2,3,4
8.5191717,0.0024538,0.229113,9.665209,-0.072383,9.668195,90.428963,88.642067,1,2,3,4
8.5216246,0.0024529,0.231506,9.600603,-0.055633,9.603555,90.331917,88.61866,1,2,3,4
8.5240784,0.0024538,0.262612,9.600603,-0.031705,9.604246,90.18914,88.433136,1,2,3,4
8.5265312,0.0024528,0.186042,9.598209,-0.022134,9.600038,90.132103,88.889572,1,2,3,4
8.528985,0.0024538,0.19322,9.586246,-0.017348,9.588208,90.103668,88.845299,1,2,3,4
8.5314379,0.0024529,0.269791,9.600603,-0.062812,9.604598,90.374702,88.390327,1,2,3,4
8.5338907,0.0024528,0.22672,9.576674,-0.010169,9.579363,90.060829,88.643822,1,2,3,4
8.5363436,0.0024529,0.224327,9.619745,-0.048455,9.622482,90.288521,88.664139,1,2,3,4
8.5387964,0.0024528,0.212363,9.612567,-0.074776,9.615203,90.445587,88.734413,1,2,3,4
8.5412502,0.0024538,0.22672,9.600603,-0.067597,9.603518,90.403297,88.647202,1,2,3,4
8.5437031,0.0024529,0.20997,9.610174,-0.093918,9.612926,90.559792,88.74836,1,2,3,4
8.5461559,0.0024528,0.221934,9.593424,-0.096311,9.596474,90.575035,88.674759,1,2,3,4
8.5486097,0.0024538,0.233898,9.583853,-0.089133,9.587121,90.532692,88.601944,1,2,3,4
8.5510635,0.0024538,0.205185,9.607781,-0.048455,9.610094,90.288887,88.776573,1,2,3,4
8.5535164,0.0024529,0.22672,9.61496,-0.089133,9.618045,90.530983,88.649223,1,2,3,4
8.5559692,0.0024528,0.198006,9.605389,-0.125025,9.608243,90.745567,88.819069,1,2,3,4
8.558423,0.0024538,0.245863,9.591031,-0.110668,9.59482,90.660873,88.531563,1,2,3,4
8.5608759,0.0024529,0.224327,9.550353,-0.10349,9.553548,90.620674,88.654434,1,2,3,4
8.5633297,0.0024538,0.250648,9.586246,-0.115454,9.590217,90.689781,88.502251,1,2,3,4
8.5657825,0.0024528,0.188435,9.602996,-0.141775,9.605891,90.845665,88.875854,1,2,3,4
8.5682354,0.0024529,0.233898,9.574282,-0.14656,9.578259,90.87674,88.600548,1,2,3,4
8.5706882,0.0024528,0.19322,9.619745,-0.115454,9.622378,90.687477,88.849319,1,2,3,4
8.5731411,0.0024529,0.178863,9.588638,-0.129811,9.591185,90.775482,88.931343,1,2,3,4
8.5755939,0.0024528,0.229113,9.567103,-0.139382,9.570861,90.834435,88.628143,1,2,3,4
8.5780468,0.0024529,0.262612,9.612567,-0.096311,9.616635,90.57383,88.435089,1,2,3,4
8.5805006,0.0024538,0.265005,9.591031,-0.096311,9.595175,90.575111,88.41729,1,2,3,4
8.5829535,0.0024529,0.253041,9.586246,-0.06999,9.58984,90.418167,88.487953,1,2,3,4
8.5854063,0.0024528,0.253041,9.579067,-0.101097,9.582942,90.604462,88.486824,1,2,3,4
8.5878601,0.0024538,0.253041,9.543175,-0.093918,9.546991,90.563652,88.481133,1,2,3,4
8.590313,0.0024529,0.219541,9.533604,-0.072383,9.536406,90.434891,88.680817,1,2,3,4
8.5927668,0.0024538,0.250648,9.564711,-0.06999,9.568251,90.419113,88.498878,1,2,3,4
8.5952206,0.0024538,0.217149,9.531211,-0.081954,9.534037,90.492516,88.694862,1,2,3,4
8.5976734,0.0024528,0.274576,9.528818,-0.077169,9.533086,90.463806,88.349457,1,2,3,4
8.6001263,0.0024529,0.188435,9.567103,-0.079561,9.569289,90.476379,88.871643,1,2,3,4
8.6025801,0.0024538,0.22672,9.567103,-0.067597,9.570028,90.404709,88.642464,1,2,3,4
8.605032,0.0024519,0.24347,9.562318,-0.041276,9.565506,90.247238,88.541489,1,2,3,4
8.6074858,0.0024538,0.195613,9.576674,-0.036491,9.578741,90.218269,88.829842,1,2,3,4
8.6099386,0.0024528,0.224327,9.543175,-0.036491,9.545881,90.219025,88.653419,1,2,3,4
8.6123915,0.0024529,0.207577,9.538389,-0.072383,9.540922,90.434685,88.753311,1,2,3,4
8.6148453,0.0024538,0.253041,9.550353,-0.024526,9.553737,90.147087,88.482277,1,2,3,4
8.6172981,0.0024528,0.236291,9.540782,-0.036491,9.543777,90.21907,88.581276,1,2,3,4
8.619751,0.0024529,0.212363,9.533604,-0.077169,9.536282,90.463646,88.723938,1,2,3,4
8.6222048,0.0024538,0.20997,9.533604,-0.060419,9.536107,90.363014,88.738312,1,2,3,4
8.6246576,0.0024528,0.214756,9.576674,-0.022134,9.579107,90.132385,88.715363,1,2,3,4
8.6271105,0.0024529,0.236291,9.516854,-0.067597,9.520027,90.406837,88.577713,1,2,3,4
8.6295643,0.0024538,0.207577,9.535996,-0.048455,9.538379,90.291061,88.752998,1,2,3,4
8.6320162,0.0024519,0.205185,9.512068,-0.048455,9.514403,90.291794,88.764267,1,2,3,4
8.634469,0.0024528,0.24347,9.519247,-0.034098,9.522421,90.205162,88.534889,1,2,3,4
8.6369238,0.0024548,0.224327,9.552746,-0.031705,9.555432,90.190109,88.65477,1,2,3,4
8.6393776,0.0024538,0.22672,9.531211,-0.041276,9.533996,90.248055,88.63736,1,2,3,4
8.6418304,0.0024528,0.229113,9.519247,-0.034098,9.522065,90.20517,88.621246,1,2,3,4
8.6442833,0.0024529,0.205185,9.495318,-0.034098,9.497596,90.205704,88.762085,1,2,3,4
8.6467371,0.0024538,0.233898,9.535996,-0.058026,9.539041,90.348534,88.594933,1,2,3,4
8.6491899,0.0024528,0.22672,9.533604,-0.115454,9.536998,90.693634,88.637695,1,2,3,4
8.6516438,0.0024539,0.219541,9.504889,-0.120239,9.508184,90.724571,88.676834,1,2,3,4
8.6540976,0.0024538,0.231506,9.531211,-0.077169,9.534334,90.463745,88.608604,1,2,3,4
8.6565504,0.0024528,0.248255,9.504889,-0.048455,9.508255,90.291985,88.503845,1,2,3,4
8.6590042,0.0024538,0.24347,9.48814,-0.05324,9.491413,90.321388,88.53009,1,2,3,4
8.661458,0.0024538,0.205185,9.516854,-0.093918,9.519529,90.565285,88.764885,1,2,3,4
8.6639109,0.0024529,0.250648,9.533604,-0.136989,9.537882,90.822945,88.49398,1,2,3,4
8.6663647,0.0024538,0.238684,9.509675,-0.136989,9.513657,90.825043,88.562233,1,2,3,4
8.6688175,0.0024528,0.238684,9.528818,-0.153739,9.533047,90.924042,88.565117,1,2,3,4
8.6712704,0.0024529,0.238684,9.468997,-0.141775,9.473065,90.857529,88.556053,1,2,3,4
8.6737242,0.0024538,0.224327,9.500104,-0.136989,9.503739,90.825905,88.647316,1,2,3,4
8.676177,0.0024528,0.188435,9.507282,-0.105882,9.509739,90.637947,88.86454,1,2,3,4
8.6786299,0.0024529,0.217149,9.516854,-0.096311,9.519819,90.579666,88.692894,1,2,3,4
8.6810837,0.0024538,0.245863,9.533604,-0.105882,9.537361,90.636101,88.52272,1,2,3,4
8.6835375,0.0024538,0.207577,9.524033,-0.084347,9.526669,90.507294,88.751427,1,2,3,4
8.6859903,0.0024528,0.202792,9.526425,-0.093918,9.529046,90.56472,88.78051,1,2,3,4
8.6884432,0.0024529,0.250648,9.526425,-0.125025,9.530542,90.751648,88.492851,1,2,3,4
8.690897,0.0024538,0.207577,9.514461,-0.14656,9.517854,90.882301,88.750175,1,2,3,4
8.6933498,0.0024528,0.221934,9.52164,-0.084347,9.5246,90.507401,88.664764,1,2,3,4
8.6958036,0.0024538,0.221934,9.512068,-0.06999,9.514914,90.421463,88.663422,1,2,3,4
8.6982565,0.0024529,0.20997,9.500104,-0.067597,9.502665,90.407578,88.733864,1,2,3,4
8.7007084,0.0024519,0.224327,9.504889,-0.091525,9.507977,90.551544,88.648003,1,2,3,4
8.7031622,0.0024538,0.212363,9.45464,-0.098704,9.457541,90.597977,88.71328,1,2,3,4
8.705616,0.0024538,0.190828,9.459426,-0.055633,9.461514,90.336899,88.844315,1,2,3,4
8.7080688,0.0024528,0.221934,9.466604,-0.072383,9.469482,90.437965,88.657005,1,2,3,4
8.7105217,0.0024529,0.224327,9.459426,-0.067597,9.462327,90.409317,88.641502,1,2,3,4
8.7129745,0.0024528,0.233898,9.478569,-0.058026,9.481632,90.350639,88.586426,1,2,3,4
8.7154274,0.0024529,0.207577,9.468997,-0.046062,9.471384,90.278648,88.744179,1,2,3,4
8.7178802,0.0024528,0.198006,9.514461,-0.077169,9.516834,90.464592,88.807785,1,2,3,4
8.7203341,0.0024539,0.224327,9.464211,-0.084347,9.467245,90.510475,88.642189,1,2,3,4
8.7227859,0.0024518,0.202792,9.476176,-0.079561,9.47868,90.480927,88.774048,1,2,3,4
8.7252388,0.0024529,0.176471,9.526425,-0.089133,9.528477,90.535973,88.938759,1,2,3,4
8.7276917,0.0024529,0.219541,9.485747,-0.065204,9.488511,90.393738,88.674164,1,2,3,4
8.7301455,0.0024538,0.186042,9.476176,-0.105882,9.478594,90.640045,88.875282,1,2,3,4
8.7325983,0.0024528,0.20997,9.452248,-0.110668,9.455227,90.670631,88.727455,1,2,3,4
8.7350512,0.0024529,0.207577,9.495318,-0.117847,9.498318,90.710892,88.747658,1,2,3,4
8.737505,0.0024538,0.205185,9.47139,-0.139382,9.474637,90.842911,88.758957,1,2,3,4
8.7399578,0.0024528,0.217149,9.473783,-0.077169,9.476586,90.466568,88.686951,1,2,3,4
8.7424097,0.0024519,0.217149,9.507282,-0.067597,9.510002,90.407265,88.691574,1,2,3,4
8.7448635,0.0024538,0.20997,9.492926,-0.06999,9.495505,90.422325,88.732903,1,2,3,4
8.7473173,0.0024538,0.241077,9.445069,-0.060419,9.448339,90.366386,88.537895,1,2,3,4
8.7497702,0.0024529,0.238684,9.447462,-0.065204,9.450702,90.395309,88.552765,1,2,3,4
8.752224,0.0024538,0.224327,9.495318,-0.101097,9.498507,90.609833,88.646637,1,2,3,4
8.7546768,0.0024528,0.200399,9.497711,-0.077169,9.500139,90.465408,88.791252,1,2,3,4
8.7571297,0.0024529,0.24347,9.468997,-0.046062,9.472239,90.278618,88.527115,1,2,3,4
8.7595835,0.0024538,0.248255,9.452248,-0.072383,9.455785,90.438599,88.495522,1,2,3,4
8.7620363,0.0024528,0.183649,9.531211,-0.108275,9.533595,90.650734,88.896149,1,2,3,4
8.7644892,0.0024529,0.219541,9.478569,-0.05324,9.48126,90.321739,88.673157,1,2,3,4
8.766942,0.0024528,0.217149,9.495318,-0.062812,9.498009,90.378906,88.689926,1,2,3,4
8.7693958,0.0024538,0.231506,9.445069,-0.074776,9.448202,90.453461,88.595917,1,2,3,4
8.7718487,0.0024529,0.229113,9.459426,-0.081954,9.462555,90.496239,88.612534,1,2,3,4
8.7743025,0.0024538,0.219541,9.480962,-0.067597,9.483744,90.408394,88.673492,1,2,3,4
8.7767553,0.0024528,0.205185,9.492926,-0.065204,9.495367,90.393448,88.761772,1,2,3,4
8.7792082,0.0024529,0.19322,9.492926,-0.098704,9.495405,90.595596,88.833954,1,2,3,4
8.781661,0.0024528,0.224327,9.473783,-0.108275,9.477057,90.654617,88.643562,1,2,3,4
8.7841139,0.0024529,0.250648,9.485747,-0.081954,9.489412,90.494835,88.486389,1,2,3,4
8.7865658,0.0024519,0.181256,9.473783,-0.091525,9.475959,90.553413,88.903931,1,2,3,4
8.7890186,0.0024528,0.229113,9.476176,-0.101097,9.479485,90.611061,88.614983,1,2,3,4
8.7914705,0.0024519,0.22672,9.497711,-0.084347,9.500792,90.508675,88.632553,1,2,3,4
8.7939243,0.0024538,0.207577,9.497711,-0.06999,9.500237,90.422112,88.747971,1,2,3,4
8.7963781,0.0024538,0.231506,9.500104,-0.113061,9.503596,90.681641,88.60405,1,2,3,4
8.79883,0.0024519,0.231506,9.473783,-0.120239,9.477374,90.726929,88.600174,1,2,3,4
8.8012829,0.0024529,0.207577,9.504889,-0.115454,9.507857,90.695755,88.748917,1,2,3,4
8.8037357,0.0024528,0.257827,9.516854,-0.096311,9.520834,90.579605,88.448143,1,2,3,4
8.8061886,0.0024529,0.219541,9.490533,-0.06999,9.49333,90.422417,88.674828,1,2,3,4
8.8086414,0.0024528,0.241077,9.457033,-0.060419,9.460299,90.365929,88.539742,1,2,3,4
8.8110933,0.0024519,0.221934,9.47139,-0.084347,9.474365,90.510094,88.657684,1,2,3,4
8.8135462,0.0024529,0.200399,9.48814,-0.046062,9.490368,90.278091,88.790039,1,2,3,4
8.815999,0.0024528,0.195613,9.452248,-0.055633,9.454435,90.337151,88.814438,1,2,3,4
8.8184509,0.0024519,0.217149,9.445069,-0.050847,9.447702,90.308365,88.682961,1,2,3,4
8.8209038,0.0024529,0.224327,9.466604,-0.038883,9.469341,90.235268,88.642532,1,2,3,4
8.8233566,0.0024528,0.236291,9.437891,-0.062812,9.441057,90.381195,88.565819,1,2,3,4
8.8258085,0.0024519,0.176471,9.413962,-0.055633,9.415781,90.338531,88.926079,1,2,3,4
8.8282623,0.0024538,0.221934,9.421141,-0.098704,9.424272,90.60009,88.650528,1,2,3,4
8.8307152,0.0024529,0.212363,9.390035,-0.074776,9.392734,90.456139,88.70443,1,2,3,4
8.833169,0.0024538,0.238684,9.430713,-0.058026,9.43391,90.352417,88.550194,1,2,3,4
8.8356218,0.0024528,0.224327,9.457033,-0.048455,9.459818,90.29348,88.641159,1,2,3,4
8.8380747,0.0024529,0.22672,9.425926,-0.036491,9.428723,90.221741,88.622139,1,2,3,4
8.8405285,0.0024538,0.229113,9.433105,-0.055633,9.436051,90.337807,88.608665,1,2,3,4
8.8429823,0.0024538,0.219541,9.447462,-0.034098,9.450074,90.206734,88.668793,1,2,3,4
8.8454342,0.0024519,0.202792,9.423533,0.011366,9.425722,89.930908,88.767204,1,2,3,4
8.847888,0.0024538,0.236291,9.440284,-0.072383,9.443518,90.439163,88.566177,1,2,3,4
8.8503418,0.0024538,0.186042,9.457033,-0.14656,9.459998,90.887695,88.873001,1,2,3,4
8.8527937,0.0024519,0.221934,9.440284,-0.129811,9.443785,90.78759,88.653267,1,2,3,4
8.8552475,0.0024538,0.22672,9.459426,-0.048455,9.462266,90.293404,88.627022,1,2,3,4
8.8577003,0.0024528,0.22672,9.461819,0.008973,9.464539,89.945679,88.627365,1,2,3,4
8.8601532,0.0024529,0.214756,9.428319,-0.072383,9.431043,90.439751,88.69516,1,2,3,4
8.862607,0.0024538,0.221934,9.418748,-0.08674,9.421762,90.527489,88.650185,1,2,3,4
8.8650599,0.0024529,0.212363,9.385248,-0.081954,9.388008,90.500183,88.703773,1,2,3,4
8.8675117,0.0024518,0.224327,9.404391,-0.065204,9.407292,90.397133,88.63356,1,2,3,4
8.8699656,0.0024539,0.198006,9.404391,-0.055633,9.40664,90.33886,88.793839,1,2,3,4
8.8724184,0.0024528,0.195613,9.385248,-0.074776,9.387585,90.45639,88.805977,1,2,3,4
8.8748713,0.0024529,0.205185,9.385248,-0.046062,9.387604,90.281136,88.747574,1,2,3,4
8.8773251,0.0024538,0.245863,9.404391,-0.098704,9.408122,90.60112,88.502434,1,2,3,4
8.8797789,0.0024538,0.178863,9.39482,-0.084347,9.396901,90.514297,88.909302,1,2,3,4
8.8822308,0.0024519,0.205185,9.399606,-0.072383,9.402123,90.441101,88.749489,1,2,3,4
8.8846846,0.0024538,0.219541,9.41157,-0.08674,9.414529,90.527893,88.663719,1,2,3,4
8.8871374,0.0024528,0.253041,9.385248,-0.072383,9.388938,90.441719,88.455589,1,2,3,4
8.8895893,0.0024519,0.231506,9.385248,-0.084347,9.388482,90.514755,88.586975,1,2,3,4
8.8920422,0.0024529,0.212363,9.404391,-0.074776,9.407085,90.455444,88.706406,1,2,3,4
8.894496,0.0024538,0.212363,9.409177,-0.067597,9.411816,90.411514,88.707069,1,2,3,4
8.8969479,0.0024519,0.250648,9.416355,-0.10349,9.420259,90.629456,88.475243,1,2,3,4
8.8994007,0.0024528,0.253041,9.370892,-0.105882,9.374906,90.647125,88.453224,1,2,3,4
8.9018536,0.0024529,0.186042,9.36132,-0.067597,9.363413,90.413635,88.861481,1,2,3,4
8.9043074,0.0024538,0.212363,9.368499,-0.06999,9.371166,90.427925,88.701454,1,2,3,4
8.9067602,0.0024528,0.212363,9.342177,-0.08674,9.344993,90.531822,88.6978,1,2,3,4
8.9092131,0.0024529,0.22672,9.356535,-0.098704,9.359801,90.604225,88.611923,1,2,3,4
8.9116669,0.0024538,0.20997,9.337392,-0.081954,9.340112,90.502747,88.711807,1,2,3,4
8.9141197,0.0024528,0.219541,9.308679,-0.098704,9.31179,90.607338,88.648949,1,2,3,4
8.9165726,0.0024529,0.205185,9.313464,-0.058026,9.315905,90.35688,88.737923,1,2,3,4
8.9190254,0.0024528,0.245863,9.330214,-0.065204,9.33368,90.400269,88.490532,1,2,3,4
8.9214792,0.0024538,0.233898,9.294321,-0.019741,9.297285,90.121658,88.558411,1,2,3,4
8.9239311,0.0024519,0.20997,9.356535,-0.067597,9.359135,90.413826,88.714439,1,2,3,4
8.926384,0.0024529,0.224327,9.34457,-0.089133,9.347688,90.546341,88.624817,1,2,3,4
8.9288378,0.0024538,0.217149,9.315857,-0.043669,9.31849,90.268501,88.664703,1,2,3,4
8.9312906,0.0024528,0.198006,9.337392,-0.093918,9.339963,90.576149,88.785187,1,2,3,4
8.9337435,0.0024529,0.214756,9.358928,-0.089133,9.361815,90.545517,88.685486,1,2,3,4
8.9361954,0.0024519,0.231506,9.36132,-0.08674,9.364585,90.530708,88.583366,1,2,3,4
8.9386482,0.0024528,0.205185,9.351749,-0.091525,9.354447,90.5606,88.743088,1,2,3,4
8.9411011,0.0024529,0.198006,9.34457,-0.055633,9.346833,90.341034,88.786118,1,2,3,4
8.9435539,0.0024528,0.195613,9.337392,-0.101097,9.339988,90.620186,88.799858,1,2,3,4
8.9460068,0.0024529,0.214756,9.342177,-0.108275,9.345273,90.663849,88.683128,1,2,3,4
8.9484606,0.0024538,0.214756,9.320642,-0.110668,9.323772,90.680084,88.680092,1,2,3,4
8.9509125,0.0024519,0.181256,9.337392,-0.125025,9.339988,90.766983,88.887924,1,2,3,4
8.9533663,0.0024538,0.19322,9.323035,-0.08674,9.32544,90.532936,88.812714,1,2,3,4
8.9558191,0.0024528,0.255434,9.339785,-0.067597,9.343521,90.41452,88.433411,1,2,3,4
8.958272,0.0024529,0.200399,9.334999,-0.065204,9.337378,90.400108,88.770195,1,2,3,4
8.9607248,0.0024528,0.238684,9.327821,0.004187,9.330874,89.974289,88.53421,1,2,3,4
8.9631786,0.0024538,0.207577,9.320642,-0.017348,9.322969,90.106613,88.72419,1,2,3,4
8.9656315,0.0024529,0.207577,9.349357,-0.074776,9.35196,90.45813,88.728111,1,2,3,4
8.9680843,0.0024528,0.205185,9.356535,-0.060419,9.358979,90.369888,88.743729,1,2,3,4
8.9705362,0.0024519,0.241077,9.337392,-0.081954,9.340863,90.502701,88.521042,1,2,3,4
8.97299,0.0024538,0.198006,9.31825,-0.074776,9.320653,90.459663,88.782692,1,2,3,4
8.9754429,0.0024529,0.207577,9.351749,-0.065204,9.35428,90.399384,88.728432,1,2,3,4
8.9778948,0.0024519,0.214756,9.351749,-0.129811,9.355116,90.795059,88.684479,1,2,3,4
8.9803476,0.0024528,0.22672,9.342177,-0.091525,9.345376,90.561142,88.609795,1,2,3,4
8.9828005,0.0024529,0.224327,9.356535,-0.058026,9.359404,90.355225,88.626572,1,2,3,4
8.9852533,0.0024528,0.224327,9.368499,-0.007777,9.371187,90.047546,88.628326,1,2,3,4
8.9877071,0.0024538,0.236291,9.36132,-0.06999,9.364564,90.42823,88.554092,1,2,3,4
8.99016,0.0024529,0.221934,9.354142,-0.072383,9.357055,90.443222,88.640869,1,2,3,4
8.9926128,0.0024528,0.245863,9.37807,-0.077169,9.38161,90.471291,88.498238,1,2,3,4
8.9950657,0.0024529,0.241077,9.337392,-0.065204,9.340732,90.399963,88.521042,1,2,3,4
8.9975204,0.0024547,0.248255,9.34457,-0.072383,9.348147,90.443649,88.478195,1,2,3,4
8.9999723,0.0024519,0.205185,9.337392,-0.074776,9.339946,90.458717,88.741158,1,2,3,4
9.0024252,0.0024529,0.205185,9.303893,-0.08674,9.30656,90.534019,88.736626,1,2,3,4
9.004878,0.0024528,0.224327,9.306286,-0.10349,9.309565,90.63694,88.619156,1,2,3,4
9.0073309,0.0024529,0.265005,9.315857,-0.125025,9.320464,90.768593,88.370567,1,2,3,4
9.0097847,0.0024538,0.207577,9.275179,-0.117847,9.27825,90.727753,88.717941,1,2,3,4
9.0122385,0.0024538,0.219541,9.301499,-0.081954,9.304451,90.504669,88.647911,1,2,3,4
9.0146904,0.0024519,0.214756,9.268001,-0.043669,9.270592,90.26989,88.672592,1,2,3,4
9.0171432,0.0024528,0.224327,9.291928,-0.065204,9.294865,90.401939,88.617027,1,2,3,4
9.0195951,0.0024519,0.241077,9.299107,-0.110668,9.302889,90.68161,88.514954,1,2,3,4
9.022049,0.0024539,0.198006,9.301499,-0.091525,9.304057,90.563637,88.780495,1,2,3,4
9.0245018,0.0024528,0.236291,9.31825,-0.098704,9.321768,90.606689,88.547409,1,2,3,4
9.0269547,0.0024529,0.233898,9.306286,-0.117847,9.309971,90.725273,88.560265,1,2,3,4
9.0294075,0.0024528,0.188435,9.308679,-0.122632,9.311393,90.754616,88.840324,1,2,3,4
9.0318613,0.0024538,0.20997,9.306286,-0.06999,9.308917,90.430786,88.707504,1,2,3,4
9.0343132,0.0024519,0.231506,9.339785,-0.043669,9.342755,90.267807,88.580101,1,2,3,4
9.036767,0.0024538,0.195613,9.308679,-0.074776,9.311034,90.460136,88.796158,1,2,3,4
9.0392208,0.0024538,0.195613,9.323035,-0.098704,9.325609,90.606438,88.798012,1,2,3,4
9.0416737,0.0024529,0.212363,9.299107,-0.043669,9.301634,90.26899,88.691765,1,2,3,4
9.0441265,0.0024528,0.236291,9.313464,-0.005384,9.316463,90.033112,88.546661,1,2,3,4
9.0465803,0.0024538,0.221934,9.306286,-0.05324,9.309084,90.32769,88.633881,1,2,3,4
9.0490322,0.0024519,0.198006,9.308679,-0.074776,9.311085,90.460136,88.781441,1,2,3,4
9.051486,0.0024538,0.24347,9.311071,-0.055633,9.314421,90.342216,88.502151,1,2,3,4
9.0539389,0.0024529,0.255434,9.272786,-0.031705,9.276358,90.195824,88.422096,1,2,3,4
9.0563908,0.0024519,0.200399,9.294321,-0.038883,9.296563,90.239647,88.764809,1,2,3,4
9.0588446,0.0024538,0.186042,9.268001,-0.072383,9.27015,90.44738,88.850021,1,2,3,4
9.0612965,0.0024519,0.22672,9.265608,-0.06999,9.268645,90.432663,88.598312,1,2,3,4
9.0637493,0.0024528,0.207577,9.272786,-0.06999,9.275373,90.432343,88.717613,1,2,3,4
9.0662031,0.0024538,0.205185,9.260822,-0.091525,9.263547,90.566101,88.730751,1,2,3,4
9.068655,0.0024519,0.212363,9.282357,-0.067597,9.285032,90.41713,88.689407,1,2,3,4
9.0711079,0.0024529,0.198006,9.306286,-0.038883,9.308474,90.239334,88.781128,1,2,3,4
9.0735607,0.0024528,0.219541,9.303893,-0.067597,9.306728,90.416161,88.648254,1,2,3,4
9.0760136,0.0024529,0.195613,9.272786,-0.101097,9.2754,90.624504,88.791504,1,2,3,4
9.0784664,0.0024528,0.207577,9.306286,-0.089133,9.309028,90.548607,88.722229,1,2,3,4
9.0809183,0.0024519,0.195613,9.277572,-0.093918,9.280108,90.579865,88.792122,1,2,3,4
9.0833712,0.0024529,0.219541,9.299107,-0.093918,9.302172,90.578491,88.64756,1,2,3,4
9.085824,0.0024528,0.219541,9.311071,-0.10349,9.314234,90.63662,88.6493,1,2,3,4
9.0882769,0.0024529,0.221934,9.277572,-0.081954,9.280587,90.505966,88.629654,1,2,3,4
9.0907307,0.0024538,0.202792,9.294321,-0.10349,9.29711,90.637794,88.750069,1,2,3,4
9.0931835,0.0024528,0.229113,9.294321,-0.127418,9.298018,90.785194,88.587898,1,2,3,4
9.0956354,0.0024519,0.20997,9.256036,-0.079561,9.258759,90.492355,88.700485,1,2,3,4
9.0980892,0.0024538,0.241077,9.220144,-0.043669,9.223399,90.271271,88.502243,1,2,3,4
9.1005411,0.0024519,0.253041,9.246465,-0.079561,9.250269,90.492805,88.432419,1,2,3,4
9.102994,0.0024529,0.248255,9.277572,-0.127418,9.281767,90.786568,88.467209,1,2,3,4
9.1054468,0.0024528,0.195613,9.270393,-0.110668,9.273117,90.6838,88.791191,1,2,3,4
9.1078987,0.0024519,0.188435,9.272786,-0.048455,9.274827,90.299332,88.835838,1,2,3,4
9.1103525,0.0024538,0.20997,9.25125,-0.079561,9.253975,90.492607,88.699814,1,2,3,4
9.1128054,0.0024529,0.212363,9.306286,-0.048455,9.308835,90.298241,88.69278,1,2,3,4
9.1152573,0.0024519,0.250648,9.306286,-0.072383,9.309942,90.445465,88.457214,1,2,3,4
9.1177111,0.0024538,0.224327,9.325428,-0.079561,9.328465,90.488678,88.621994,1,2,3,4
9.1201639,0.0024528,0.217149,9.323035,-0.05324,9.325716,90.327103,88.665726,1,2,3,4
9.1226158,0.0024519,0.219541,9.311071,-0.093918,9.314133,90.577744,88.6493,1,2,3,4
9.1250687,0.0024529,0.183649,9.294321,-0.089133,9.296563,90.549339,88.868027,1,2,3,4
9.1275206,0.0024519,0.229113,9.289536,-0.120239,9.293139,90.741341,88.587173,1,2,3,4
9.1299744,0.0024538,0.200399,9.272786,-0.108275,9.275583,90.668839,88.761948,1,2,3,4
9.1324282,0.0024538,0.190828,9.268001,-0.108275,9.270597,90.669197,88.82045,1,2,3,4
9.1348801,0.0024519,0.214756,9.258429,-0.074776,9.261221,90.462616,88.671219,1,2,3,4
9.1373329,0.0024528,0.188435,9.287143,-0.093918,9.289529,90.579277,88.837639,1,2,3,4
9.1397867,0.0024538,0.200399,9.241679,-0.079561,9.244194,90.493126,88.757782,1,2,3,4
9.1422396,0.0024529,0.245863,9.229715,-0.081954,9.233353,90.50856,88.474106,1,2,3,4
9.1446924,0.0024528,0.22672,9.193823,-0.048455,9.196746,90.301872,88.587372,1,2,3,4
9.1471453,0.0024529,0.224327,9.220144,-0.055633,9.223041,90.345612,88.606262,1,2,3,4
9.1495981,0.0024528,0.181256,9.22493,-0.067597,9.226957,90.419754,88.874367,1,2,3,4
9.152051,0.0024529,0.178863,9.232108,-0.038883,9.233922,90.241272,88.890083,1,2,3,4
9.1545048,0.0024538,0.19322,9.210572,-0.031705,9.212653,90.197182,88.798218,1,2,3,4
9.1569567,0.0024519,0.24347,9.208179,-0.029312,9.211445,90.18232,88.48542,1,2,3,4
9.1594105,0.0024538,0.202792,9.212965,-0.046062,9.215312,90.286392,88.739037,1,2,3,4
9.1618643,0.0024538,0.224327,9.270393,-0.038883,9.273189,90.24025,88.613815,1,2,3,4
9.1643162,0.0024519,0.221934,9.25125,-0.062812,9.254126,90.388893,88.625755,1,2,3,4
9.166769,0.0024528,0.202792,9.246465,-0.065204,9.248918,90.403938,88.743599,1,2,3,4
9.1692228,0.0024538,0.229113,9.301499,-0.067597,9.304566,90.416252,88.588989,1,2,3,4
9.1716747,0.0024519,0.202792,9.296714,-0.074776,9.299226,90.460724,88.750389,1,2,3,4
9.1741285,0.0024538,0.217149,9.258429,-0.10349,9.261553,90.640244,88.656425,1,2,3,4
9.1765804,0.0024519,0.233898,9.263215,-0.089133,9.266596,90.551117,88.553574,1,2,3,4
9.1790342,0.0024538,0.221934,9.272786,-0.077169,9.275763,90.476669,88.628944,1,2,3,4
9.1814861,0.0024519,0.214756,9.246465,-0.098704,9.249485,90.611435,88.669502,1,2,3,4
9.183938,0.0024519,0.224327,9.220144,-0.120239,9.223657,90.746925,88.606262,1,2,3,4
9.1863909,0.0024529,0.195613,9.193823,-0.098704,9.196433,90.61496,88.781128,1,2,3,4
9.1888447,0.0024538,0.231506,9.196216,-0.084347,9.199516,90.52533,88.557938,1,2,3,4
9.1912956,0.0024509,0.202792,9.177073,-0.115454,9.18004,90.720604,88.734108,1,2,3,4
9.1937485,0.0024529,0.217149,9.17468,-0.129811,9.178167,90.810387,88.644165,1,2,3,4
9.1962004,0.0024519,0.221934,9.222537,-0.089133,9.225637,90.553566,88.621483,1,2,3,4
9.1986532,0.0024528,0.229113,9.172287,-0.084347,9.175536,90.526703,88.569115,1,2,3,4
9.201107,0.0024538,0.169292,9.212965,-0.091525,9.214975,90.569084,88.947281,1,2,3,4
9.2035589,0.0024519,0.198006,9.229715,-0.10349,9.232419,90.642265,88.771019,1,2,3,4
9.2060118,0.0024529,0.231506,9.25125,-0.093918,9.254623,90.581459,88.566513,1,2,3,4
9.2084637,0.0024519,0.245863,9.265608,-0.115454,9.269588,90.713646,88.480019,1,2,3,4
9.2109175,0.0024538,0.212363,9.277572,-0.115454,9.28072,90.712784,88.688736,1,2,3,4
9.2133713,0.0024538,0.231506,9.287143,-0.074776,9.290329,90.461166,88.572052,1,2,3,4
9.2158222,0.0024509,0.241077,9.260822,-0.072383,9.264243,90.447662,88.50882,1,2,3,4
9.218276,0.0024538,0.22672,9.301499,-0.050847,9.304401,90.313118,88.603714,1,2,3,4
9.2207289,0.0024529,0.221934,9.270393,-0.084347,9.273434,90.521141,88.628593,1,2,3,4
9.2231808,0.0024519,0.248255,9.248857,-0.096311,9.25269,90.596405,88.462448,1,2,3,4
9.2256336,0.0024528,0.212363,9.220144,-0.029312,9.222636,90.182098,88.680565,1,2,3,4
9.2280874,0.0024538,0.248255,9.210572,-0.046062,9.214032,90.28643,88.456062,1,2,3,4
9.2305393,0.0024519,0.22672,9.177073,-0.091525,9.18033,90.571236,88.584793,1,2,3,4
9.2329922,0.0024529,0.19322,9.145967,-0.084347,9.148396,90.528267,88.789734,1,2,3,4
9.235445,0.0024528,0.200399,9.162716,-0.038883,9.164989,90.24308,88.747078,1,2,3,4
9.2378979,0.0024529,0.205185,9.186645,-0.055633,9.189104,90.346886,88.720505,1,2,3,4
9.2403507,0.0024528,0.224327,9.179466,-0.058026,9.18239,90.362068,88.60009,1,2,3,4
9.2428036,0.0024529,0.19322,9.169894,-0.062812,9.172145,90.392372,88.792892,1,2,3,4
9.2452564,0.0024528,0.214756,9.17468,-0.077169,9.177518,90.481773,88.659096,1,2,3,4
9.2477093,0.0024529,0.190828,9.172287,-0.038883,9.174355,90.242836,88.808144,1,2,3,4
9.2501621,0.0024528,0.233898,9.203394,-0.058026,9.206549,90.361122,88.544174,1,2,3,4
9.252615,0.0024529,0.178863,9.212965,-0.079561,9.215045,90.49469,88.887779,1,2,3,4
9.2550678,0.0024528,0.200399,9.236894,-0.08674,9.239474,90.537895,88.757133,1,2,3,4
9.2575207,0.0024529,0.231506,9.217752,-0.050847,9.220798,90.315956,88.56131,1,2,3,4
9.2599735,0.0024528,0.229113,9.22493,-0.093918,9.228252,90.583122,88.577278,1,2,3,4
9.2624254,0.0024519,0.217149,9.222537,-0.117847,9.225846,90.731888,88.651192,1,2,3,4
9.2648783,0.0024529,0.229113,9.265608,-0.074776,9.268742,90.462242,88.583527,1,2,3,4
9.2673311,0.0024528,0.241077,9.246465,-0.081954,9.249969,90.507645,88.5065,1,2,3,4
9.269783,0.0024519,0.217149,9.239286,-0.093918,9.242315,90.582237,88.653641,1,2,3,4
9.2722359,0.0024529,0.20997,9.277572,-0.081954,9.280309,90.505981,88.703499,1,2,3,4
9.2746887,0.0024528,0.231506,9.241679,-0.08674,9.244986,90.537575,88.565033,1,2,3,4
9.2771397,0.002451,0.229113,9.229715,-0.067597,9.232806,90.419487,88.578018,1,2,3,4
9.2795935,0.0024538,0.224327,9.222537,-0.081954,9.225629,90.50898,88.606621,1,2,3,4
9.2820454,0.0024519,0.19322,9.198608,-0.077169,9.200961,90.480545,88.796654,1,2,3,4
9.2844982,0.0024528,0.198006,9.215358,-0.113061,9.218178,90.702751,88.769104,1,2,3,4
9.286952,0.0024538,0.181256,9.184252,-0.148953,9.187247,90.928978,88.869385,1,2,3,4
9.2894039,0.0024519,0.224327,9.167501,-0.065204,9.170478,90.407394,88.598259,1,2,3,4
9.2918568,0.0024529,0.190828,9.177073,-0.060419,9.179256,90.377129,88.808769,1,2,3,4
9.2943087,0.0024519,0.205185,9.186645,-0.043669,9.189039,90.272285,88.720505,1,2,3,4
9.2967615,0.0024528,0.221934,9.22493,-0.031705,9.227654,90.196861,88.621841,1,2,3,4
9.2992144,0.0024529,0.19322,9.208179,-0.065204,9.210437,90.405624,88.797905,1,2,3,4
9.3016663,0.0024519,0.195613,9.248857,-0.05324,9.25108,90.329742,88.788376,1,2,3,4
9.3041191,0.0024528,0.202792,9.258429,-0.005384,9.260651,90.03331,88.745224,1,2,3,4
9.3065729,0.0024538,0.22672,9.287143,-0.034098,9.289972,90.210297,88.601563,1,2,3,4
9.3090248,0.0024519,0.22672,9.265608,-0.084347,9.268764,90.521408,88.598312,1,2,3,4
9.3114777,0.0024529,0.229113,9.263215,-0.125025,9.266891,90.773033,88.58316,1,2,3,4
9.3139296,0.0024519,0.20997,9.227323,-0.153739,9.230991,90.954285,88.696442,1,2,3,4
9.3163824,0.0024528,0.24347,9.201001,-0.093918,9.204701,90.584618,88.484238,1,2,3,4
9.3188353,0.0024529,0.212363,9.134003,-0.079561,9.136818,90.498924,88.668129,1,2,3,4
9.3212872,0.0024519,0.217149,9.134003,-0.074776,9.136889,90.46891,88.638123,1,2,3,4
9.32374,0.0024528,0.214756,9.129216,-0.046062,9.131858,90.289009,88.65242,1,2,3,4
9.3261919,0.0024519,0.224327,9.136395,-0.062812,9.139365,90.393776,88.593491,1,2,3,4
9.3286448,0.0024529,0.22672,9.126823,-0.046062,9.129755,90.28907,88.577003,1,2,3,4
9.3310976,0.0024528,0.238684,9.124431,-0.034098,9.127615,90.214035,88.501556,1,2,3,4
9.3335495,0.0024519,0.20997,9.169894,-0.034098,9.172361,90.212997,88.688286,1,2,3,4
9.3360033,0.0024538,0.221934,9.165109,-0.046062,9.167911,90.287872,88.612846,1,2,3,4
9.3384562,0.0024529,0.253041,9.155538,-0.079561,9.15938,90.497696,88.416862,1,2,3,4
9.3409081,0.0024519,0.219541,9.189037,-0.084347,9.192046,90.525757,88.631371,1,2,3,4
9.3433619,0.0024538,0.205185,9.196216,-0.10349,9.199086,90.644592,88.72184,1,2,3,4
9.3458147,0.0024528,0.20997,9.22493,-0.110668,9.227983,90.687149,88.696106,1,2,3,4
9.3482666,0.0024519,0.22672,9.215358,-0.074776,9.21845,90.46476,88.590668,1,2,3,4
9.3507195,0.0024529,0.19322,9.279964,-0.05324,9.282128,90.328636,88.807205,1,2,3,4
9.3531713,0.0024518,0.166899,9.258429,-0.098704,9.260459,90.61071,88.967255,1,2,3,4
9.3556232,0.0024519,0.207577,9.260822,-0.024526,9.263182,90.151703,88.715958,1,2,3,4
9.3580761,0.0024529,0.186042,9.28475,-0.017348,9.28663,90.107033,88.852097,1,2,3,4
9.360528,0.0024519,0.198006,9.236894,-0.046062,9.239131,90.285652,88.771973,1,2,3,4
9.3629818,0.0024538,0.231506,9.301499,-0.084347,9.304763,90.519386,88.574257,1,2,3,4
9.3654337,0.0024519,0.221934,9.272786,-0.132203,9.276384,90.816582,88.628944,1,2,3,4
9.3678865,0.0024528,0.221934,9.282357,-0.136989,9.28602,90.845268,88.630363,1,2,3,4
9.3703394,0.0024529,0.200399,9.236894,-0.113061,9.239759,90.701111,88.757133,1,2,3,4
9.3727913,0.0024519,0.200399,9.217752,-0.050847,9.22007,90.315979,88.754555,1,2,3,4
9.3752451,0.0024538,0.200399,9.248857,-0.077169,9.25135,90.477928,88.758743,1,2,3,4
9.3776989,0.0024538,0.195613,9.198608,-0.10349,9.20127,90.64444,88.781761,1,2,3,4
9.3801508,0.0024519,0.190828,9.215358,-0.153739,9.218616,90.955566,88.813713,1,2,3,4
9.3826046,0.0024538,0.233898,9.22493,-0.113061,9.228587,90.701958,88.547577,1,2,3,4
9.3850574,0.0024528,0.231506,9.239286,-0.005384,9.242188,90.033379,88.564659,1,2,3,4
9.3875103,0.0024529,0.186042,9.217752,-0.017348,9.219645,90.107811,88.843758,1,2,3,4
9.3899632,0.0024529,0.214756,9.205787,-0.072383,9.208575,90.450371,88.663628,1,2,3,4
9.392415,0.0024518,0.19322,9.217752,-0.098704,9.220304,90.613365,88.799156,1,2,3,4
9.3948679,0.0024529,0.198006,9.253643,-0.110668,9.256423,90.685036,88.774193,1,2,3,4
9.3973217,0.0024538,0.233898,9.234501,-0.108275,9.238097,90.671555,88.54908,1,2,3,4
9.3997736,0.0024519,0.255434,9.248857,-0.093918,9.252861,90.581573,88.418015,1,2,3,4
9.4022264,0.0024528,0.267398,9.212965,-0.089133,9.217276,90.55407,88.337509,1,2,3,4
9.4046793,0.0024529,0.257827,9.229715,-0.046062,9.233431,90.285828,88.399895,1,2,3,4
9.4071321,0.0024528,0.233898,9.205787,-0.091525,9.209212,90.569443,88.544556,1,2,3,4
9.409585,0.0024529,0.224327,9.205787,-0.129811,9.209435,90.807632,88.604088,1,2,3,4
9.4120369,0.0024519,0.22672,9.189037,-0.072383,9.192119,90.45118,88.586632,1,2,3,4
9.4144888,0.0024519,0.212363,9.189037,-0.017348,9.191507,90.108139,88.676102,1,2,3,4
9.4169426,0.0024538,0.217149,9.189037,-0.024526,9.191636,90.152885,88.646278,1,2,3,4
9.4193954,0.0024528,0.205185,9.179466,-0.036491,9.181832,90.227707,88.719505,1,2,3,4
9.4218483,0.0024529,0.202792,9.222537,-0.036491,9.224838,90.226646,88.740341,1,2,3,4
9.4243021,0.0024538,0.229113,9.229715,-0.000598,9.232558,90.003716,88.578018,1,2,3,4
9.426754,0.0024519,0.224327,9.258429,-0.010169,9.261151,90.062912,88.612022,1,2,3,4
9.4292078,0.0024538,0.212363,9.253643,-0.026919,9.256119,90.166634,88.685341,1,2,3,4
9.4316616,0.0024538,0.19322,9.268001,-0.062812,9.270227,90.388214,88.805664,1,2,3,4
9.4341135,0.0024519,0.221934,9.277572,-0.031705,9.28028,90.195747,88.629654,1,2,3,4
9.4365673,0.0024538,0.24347,9.277572,-0.067597,9.281012,90.417313,88.496742,1,2,3,4
9.4390202,0.0024529,0.221934,9.287143,-0.089133,9.290222,90.549721,88.631065,1,2,3,4
9.4414721,0.0024519,0.265005,9.299107,-0.10349,9.303457,90.63736,88.36763,1,2,3,4
9.4439249,0.0024528,0.19322,9.275179,-0.096311,9.277691,90.594795,88.806587,1,2,3,4
9.4463768,0.0024519,0.22672,9.282357,-0.060419,9.285322,90.372818,88.600838,1,2,3,4
9.4488297,0.0024529,0.200399,9.311071,-0.141775,9.314307,90.872147,88.767036,1,2,3,4
9.4512835,0.0024538,0.202792,9.31825,-0.14656,9.321609,90.900879,88.753281,1,2,3,4
9.4537354,0.0024519,0.20997,9.265608,-0.14656,9.269145,90.905975,88.701828,1,2,3,4
9.4561892,0.0024538,0.265005,9.234501,-0.096311,9.238805,90.597298,88.356216,1,2,3,4
9.458642,0.0024528,0.22672,9.256036,-0.074776,9.259114,90.462723,88.596863,1,2,3,4
9.4610939,0.0024519,0.224327,9.253643,-0.096311,9.256863,90.59613,88.611305,1,2,3,4
9.4635468,0.0024529,0.22672,9.232108,-0.06999,9.235157,90.434227,88.593224,1,2,3,4
9.4660006,0.0024538,0.202792,9.248857,-0.043669,9.251184,90.270462,88.743927,1,2,3,4
9.4684525,0.0024519,0.24347,9.244072,-0.055633,9.247445,90.344696,88.491295,1,2,3,4
9.4709053,0.0024528,0.214756,9.268001,-0.036491,9.27056,90.225525,88.672592,1,2,3,4
9.4733572,0.0024519,0.207577,9.260822,-0.05324,9.263302,90.329308,88.715958,1,2,3,4
9.4758101,0.0024529,0.219541,9.236894,-0.072383,9.239786,90.448853,88.638458,1,2,3,4
9.4782629,0.0024528,0.190828,9.241679,-0.031705,9.243704,90.196518,88.817093,1,2,3,4
9.4807148,0.0024519,0.212363,9.260822,-0.081954,9.263619,90.506897,88.686363,1,2,3,4
9.4831686,0.0024538,0.241077,9.253643,-0.062812,9.256996,90.388771,88.50766,1,2,3,4
9.4856224,0.0024538,0.22672,9.234501,-0.077169,9.237606,90.478638,88.59359,1,2,3,4
9.4880743,0.0024519,0.224327,9.241679,-0.058026,9.244583,90.359634,88.609512,1,2,3,4
9.4905281,0.0024538,0.221934,9.236894,-0.041276,9.239652,90.255959,88.623619,1,2,3,4
9.49298,0.0024519,0.224327,9.25125,-0.10349,9.254548,90.640724,88.610947,1,2,3,4
9.4954329,0.0024529,0.257827,9.270393,-0.050847,9.274117,90.31414,88.406914,1,2,3,4
9.4978857,0.0024528,0.217149,9.28475,-0.081954,9.28765,90.505585,88.660233,1,2,3,4
9.5003376,0.0024519,0.188435,9.246465,-0.048455,9.248511,90.300186,88.832527,1,2,3,4
9.5027914,0.0024538,0.241077,9.265608,-0.005384,9.268745,90.033279,88.50959,1,2,3,4
9.5052452,0.0024538,0.221934,9.268001,-0.060419,9.270854,90.373405,88.628242,1,2,3,4
9.5076981,0.0024529,0.20997,9.299107,-0.093918,9.30195,90.578506,88.706505,1,2,3,4
9.5101519,0.0024538,0.202792,9.339785,-0.089133,9.342411,90.546646,88.756149,1,2,3,4
9.5126057,0.0024538,0.200399,9.265608,-0.029312,9.267821,90.181213,88.760986,1,2,3,4
9.5150576,0.0024519,0.262612,9.263215,-0.055633,9.267104,90.343964,88.376099,1,2,3,4
9.5175104,0.0024528,0.19322,9.277572,-0.077169,9.279904,90.476456,88.806892,1,2,3,4
9.5199633,0.0024529,0.207577,9.275179,-0.074776,9.277803,90.461784,88.717941,1,2,3,4
9.5224152,0.0024519,0.231506,9.25125,-0.062812,9.254359,90.388885,88.566513,1,2,3,4
9.524869,0.0024538,0.245863,9.234501,-0.05324,9.237926,90.330208,88.474899,1,2,3,4
9.5273209,0.0024519,0.229113,9.279964,-0.077169,9.283113,90.476295,88.585716,1,2,3,4
9.5297737,0.0024528,0.190828,9.229715,-0.067597,9.231936,90.419533,88.815559,1,2,3,4
9.5322266,0.0024529,0.214756,9.203394,-0.089133,9.20633,90.554726,88.663277,1,2,3,4
9.5346794,0.0024528,0.241077,9.215358,-0.136989,9.219529,90.851364,88.501465,1,2,3,4
9.5371332,0.0024538,0.190828,9.217752,-0.089133,9.220158,90.553894,88.814018,1,2,3,4
9.5395861,0.0024529,0.183649,9.220144,-0.050847,9.222114,90.31591,88.858917,1,2,3,4
9.542038,0.0024519,0.205185,9.210572,-0.074776,9.213161,90.465027,88.723831,1,2,3,4
9.5444918,0.0024538,0.198006,9.244072,-0.117847,9.246943,90.730217,88.772926,1,2,3,4
9.5469446,0.0024528,0.186042,9.256036,-0.127418,9.258782,90.788521,88.848534,1,2,3,4
9.5493975,0.0024529,0.24347,9.236894,-0.05324,9.240255,90.330124,88.490128,1,2,3,4
9.5518503,0.0024528,0.20997,9.246465,-0.043669,9.248952,90.270523,88.699142,1,2,3,4
9.5543041,0.0024538,0.217149,9.270393,-0.08674,9.273342,90.535934,88.658157,1,2,3,4
9.556756,0.0024519,0.238684,9.275179,-0.127418,9.279124,90.786789,88.525894,1,2,3,4
9.5592089,0.0024529,0.236291,9.306286,-0.093918,9.309759,90.578018,88.545547,1,2,3,4
9.5616608,0.0024519,0.217149,9.313464,-0.079561,9.316336,90.489311,88.66436,1,2,3,4
9.5641146,0.0024538,0.24347,9.323035,-0.06999,9.326476,90.429977,88.504066,1,2,3,4
9.5665674,0.0024528,0.214756,9.349357,-0.110668,9.352477,90.678001,88.684143,1,2,3,4
9.5690193,0.0024519,0.245863,9.299107,-0.091525,9.302806,90.563713,88.485489,1,2,3,4
9.5714722,0.0024529,0.207577,9.277572,-0.132203,9.280835,90.816193,88.718269,1,2,3,4
9.573925,0.0024528,0.217149,9.277572,-0.108275,9.280745,90.668465,88.659195,1,2,3,4
9.5763779,0.0024529,0.19322,9.275179,-0.134596,9.278168,90.831207,88.806587,1,2,3,4
9.5788307,0.0024528,0.224327,9.210572,-0.18006,9.215063,91.119614,88.604813,1,2,3,4
9.5812845,0.0024538,0.198006,9.203394,-0.141775,9.206615,90.882347,88.767502,1,2,3,4
9.5837364,0.0024519,0.202792,9.179466,-0.170489,9.183289,91.063759,88.734436,1,2,3,4
9.5861893,0.0024529,0.121436,9.208179,-0.259023,9.212622,91.611145,89.244438,1,2,3,4
9.5886412,0.0024519,0.33679,9.215358,-0.022134,9.221537,90.13752,87.906967,1,2,3,4
9.591094,0.0024528,0.111864,9.150752,-0.077169,9.151761,90.483131,89.299614,1,2,3,4
9.5935459,0.0024519,0.305683,9.189037,0.018544,9.194139,89.884438,88.094696,1,2,3,4
9.5959978,0.0024519,0.19322,9.203394,0.078365,9.205755,89.51226,88.797279,1,2,3,4
9.5984516,0.0024538,0.269791,9.246465,-0.06999,9.250665,90.433502,88.328712,1,2,3,4
9.6009035,0.0024519,0.20997,9.246465,-0.125025,9.249694,90.774475,88.699142,1,2,3,4
9.6033564,0.0024529,0.250648,9.256036,-0.115454,9.260149,90.714371,88.448845,1,2,3,4
9.6058092,0.0024528,0.207577,9.253643,-0.026919,9.25601,90.166634,88.714958,1,2,3,4
9.6082611,0.0024519,0.202792,9.256036,0.011366,9.258265,89.929665,88.744904,1,2,3,4
9.610714,0.0024529,0.195613,9.272786,-0.029312,9.274896,90.181076,88.791504,1,2,3,4
9.6131659,0.0024519,0.183649,9.28475,-0.08674,9.286971,90.535149,88.866859,1,2,3,4
9.6156187,0.0024528,0.207577,9.296714,-0.074776,9.299332,90.460716,88.720909,1,2,3,4
9.6180706,0.0024519,0.262612,9.299107,0.00658,9.302816,89.959473,88.382362,1,2,3,4
9.6205235,0.0024529,0.207577,9.356535,0.042473,9.358933,89.739983,88.729088,1,2,3,4
9.6229753,0.0024518,0.174078,9.28475,-0.105882,9.286985,90.653252,88.925896,1,2,3,4
9.6254272,0.0024519,0.253041,9.296714,-0.127418,9.30103,90.784935,88.440887,1,2,3,4
9.6278801,0.0024529,0.224327,9.25125,-0.022134,9.253996,90.137039,88.610947,1,2,3,4
9.6303329,0.0024528,0.212363,9.236894,-0.108275,9.239969,90.671417,88.682961,1,2,3,4
9.6327848,0.0024519,0.183649,9.208179,-0.18006,9.211771,91.120018,88.857437,1,2,3,4
9.6352377,0.0024529,0.217149,9.217752,-0.115454,9.221032,90.7174,88.650497,1,2,3,4
9.6376905,0.0024528,0.219541,9.181859,-0.055633,9.184651,90.347054,88.630302,1,2,3,4
9.6401434,0.0024529,0.257827,9.17468,-0.046062,9.178417,90.287537,88.390297,1,2,3,4
9.6425962,0.0024528,0.224327,9.205787,-0.062812,9.208734,90.390808,88.604088,1,2,3,4
9.6450481,0.0024519,0.241077,9.227323,-0.05324,9.230625,90.330475,88.50341,1,2,3,4
9.647501,0.0024529,0.24347,9.217752,-0.041276,9.221059,90.256477,88.486992,1,2,3,4
9.6499538,0.0024528,0.22672,9.256036,-0.019741,9.258833,90.122162,88.596863,1,2,3,4
9.6524057,0.0024519,0.291326,9.253643,-0.050847,9.258368,90.314674,88.196793,1,2,3,4
9.6548595,0.0024538,0.224327,9.265608,-0.046062,9.268437,90.284744,88.613098,1,2,3,4
9.6573124,0.0024529,0.245863,9.265608,-0.067597,9.269115,90.417847,88.480019,1,2,3,4
9.6597643,0.0024519,0.241077,9.275179,-0.129811,9.27922,90.801559,88.511124,1,2,3,4
9.6622171,0.0024528,0.22672,9.303893,-0.160917,9.308045,90.990578,88.604073,1,2,3,4
9.66467,0.0024529,0.202792,9.330214,-0.141775,9.333494,90.870354,88.754875,1,2,3,4
9.6671228,0.0024528,0.190828,9.296714,-0.067597,9.298918,90.416504,88.824089,1,2,3,4
9.6695757,0.0024529,0.166899,9.301499,-0.06999,9.30326,90.431053,88.972038,1,2,3,4
9.6720285,0.0024528,0.190828,9.313464,-0.156132,9.316728,90.96022,88.826202,1,2,3,4
9.6744804,0.0024519,0.233898,9.306286,-0.127418,9.310097,90.784172,88.560265,1,2,3,4
9.6769342,0.0024538,0.236291,9.275179,-0.105882,9.278792,90.653831,88.540665,1,2,3,4
9.6793861,0.0024519,0.219541,9.256036,-0.065204,9.258868,90.403503,88.641273,1,2,3,4
9.6818399,0.0024538,0.219541,9.212965,0.078365,9.215914,89.512794,88.634918,1,2,3,4
9.6842928,0.0024529,0.217149,9.198608,0.049651,9.201305,89.690826,88.64769,1,2,3,4
9.6867447,0.0024519,0.233898,9.181859,-0.019741,9.184859,90.123146,88.540764,1,2,3,4
9.6891975,0.0024528,0.231506,9.17468,-0.062812,9.177815,90.392128,88.554558,1,2,3,4
9.6916494,0.0024519,0.214756,9.165109,0.001795,9.167624,89.988785,88.6577,1,2,3,4
9.6941023,0.0024529,0.19322,9.134003,0.004187,9.136047,89.97374,88.788147,1,2,3,4
9.6965551,0.0024528,0.214756,9.165109,-0.081954,9.167991,90.512184,88.6577,1,2,3,4
9.699008,0.0024529,0.224327,9.17468,-0.065204,9.177653,90.407074,88.599358,1,2,3,4
9.7014608,0.0024528,0.186042,9.203394,-0.050847,9.205415,90.316483,88.841949,1,2,3,4
9.7039127,0.0024519,0.24347,9.244072,-0.043669,9.247381,90.270569,88.491295,1,2,3,4
9.7063665,0.0024538,0.233898,9.258429,-0.093918,9.261859,90.581009,88.552826,1,2,3,4
9.7088194,0.0024529,0.200399,9.313464,-0.113061,9.316306,90.695351,88.767349,1,2,3,4
9.7112713,0.0024519,0.229113,9.330214,-0.14656,9.334177,90.899666,88.59333,1,2,3,4
9.7137251,0.0024538,0.236291,9.323035,-0.081954,9.326389,90.503487,88.548157,1,2,3,4
9.7161779,0.0024528,0.255434,9.363713,-0.067597,9.36744,90.41346,88.437408,1,2,3,4
9.7186298,0.0024519,0.154935,9.356535,-0.158524,9.35916,90.97052,89.051323,1,2,3,4
9.7210836,0.0024538,0.162114,9.39482,-0.134596,9.397183,90.820679,89.011421,1,2,3,4
9.7235365,0.0024529,0.219541,9.349357,-0.091525,9.352382,90.560722,88.654831,1,2,3,4
9.7259884,0.0024519,0.224327,9.301499,-0.046062,9.304318,90.283646,88.618446,1,2,3,4
9.7284403,0.0024519,0.236291,9.289536,-0.065204,9.292768,90.402031,88.542923,1,2,3,4
9.7308931,0.0024528,0.219541,9.208179,-0.072383,9.211081,90.450249,88.634209,1,2,3,4
9.733346,0.0024529,0.202792,9.167501,-0.026919,9.169784,90.168198,88.73278,1,2,3,4
9.7357998,0.0024538,0.24347,9.205787,-0.019741,9.209027,90.122818,88.485023,1,2,3,4
9.7382517,0.0024519,0.186042,9.150752,0.02333,9.152673,89.853951,88.835289,1,2,3,4
9.7407045,0.0024528,0.188435,9.131609,0.011366,9.13356,89.928703,88.817841,1,2,3,4
9.7431574,0.0024529,0.183649,9.105289,0.018544,9.10716,89.883331,88.844528,1,2,3,4
9.7456093,0.0024519,0.200399,9.093325,-0.005384,9.095534,90.033913,88.737518,1,2,3,4
9.7480621,0.0024528,0.238684,9.09811,-0.050847,9.101382,90.320099,88.497223,1,2,3,4
9.750514,0.0024519,0.205185,9.143574,-0.05324,9.14603,90.333527,88.714478,1,2,3,4
9.7529678,0.0024538,0.212363,9.186645,-0.065204,9.18933,90.406555,88.675758,1,2,3,4
9.7554216,0.0024538,0.229113,9.25125,-0.089133,9.254516,90.551842,88.581329,1,2,3,4
9.7578735,0.0024519,0.238684,9.291928,-0.110668,9.295651,90.682144,88.528549,1,2,3,4
9.7603264,0.0024529,0.214756,9.339785,-0.172881,9.343852,91.060158,88.682793,1,2,3,4
9.7627802,0.0024538,0.20997,9.404391,-0.189631,9.408646,91.154877,88.720978,1,2,3,4
9.7652321,0.0024519,0.190828,9.401999,-0.19681,9.405994,91.198936,88.837257,1,2,3,4
9.7676859,0.0024538,0.229113,9.416355,-0.14656,9.420282,90.891441,88.606194,1,2,3,4
9.7701387,0.0024528,0.233898,9.423533,-0.189631,9.428343,91.152458,88.578171,1,2,3,4
9.7725906,0.0024519,0.20997,9.409177,-0.220738,9.414108,91.343567,88.721626,1,2,3,4
9.7750444,0.0024538,0.212363,9.354142,-0.189631,9.358474,91.161064,88.699463,1,2,3,4
9.7774963,0.0024519,0.219541,9.313464,-0.105882,9.316652,90.651169,88.649643,1,2,3,4
9.7799492,0.0024529,0.231506,9.282357,-0.084347,9.285627,90.520462,88.57132,1,2,3,4
9.782402,0.0024528,0.198006,9.19143,-0.113061,9.194258,90.704575,88.7659,1,2,3,4
9.7848549,0.0024529,0.186042,9.136395,-0.101097,9.138849,90.633835,88.833466,1,2,3,4
9.7873077,0.0024528,0.178863,9.102896,-0.046062,9.104769,90.289864,88.874336,1,2,3,4
9.7897606,0.0024529,0.224327,9.062218,-0.031705,9.065049,90.200394,88.581985,1,2,3,4
9.7922125,0.0024519,0.217149,9.045467,-0.002991,9.048074,90.018944,88.624802,1,2,3,4
9.7946653,0.0024528,0.207577,9.059825,0.011366,9.06221,89.928139,88.687477,1,2,3,4
9.7971191,0.0024538,0.202792,9.071789,-0.005384,9.074057,90.033997,88.719414,1,2,3,4
9.799571,0.0024519,0.205185,9.129216,-0.038883,9.131604,90.243973,88.712463,1,2,3,4
9.8020239,0.0024529,0.207577,9.162716,-0.007777,9.165071,90.048615,88.702209,1,2,3,4
9.8044758,0.0024519,0.248255,9.234501,-0.000598,9.237838,90.003708,88.46006,1,2,3,4
9.8069286,0.0024528,0.224327,9.268001,-0.072383,9.270998,90.447342,88.613457,1,2,3,4
9.8093815,0.0024529,0.221934,9.323035,-0.091525,9.326125,90.562302,88.636337,1,2,3,4
9.8118334,0.0024519,0.245863,9.390035,-0.122632,9.394053,90.747971,88.500145,1,2,3,4
9.8142862,0.0024528,0.236291,9.452248,-0.120239,9.455965,90.728577,88.567993,1,2,3,4
9.8167381,0.0024519,0.231506,9.449855,-0.122632,9.453485,90.743271,88.596634,1,2,3,4
9.8191919,0.0024538,0.190828,9.459426,-0.172881,9.46293,91.046814,88.844315,1,2,3,4
9.8216448,0.0024529,0.238684,9.478569,-0.172881,9.48315,91.044579,88.557518,1,2,3,4
9.8240967,0.0024519,0.219541,9.423533,-0.127418,9.426951,90.774452,88.665413,1,2,3,4
9.8265505,0.0024538,0.248255,9.358928,-0.089133,9.362644,90.545464,88.480522,1,2,3,4
9.8290033,0.0024528,0.207577,9.296714,-0.058026,9.299212,90.357521,88.720909,1,2,3,4
9.8314552,0.0024519,0.202792,9.258429,-0.046062,9.260763,90.284981,88.745224,1,2,3,4
9.8339081,0.0024529,0.183649,9.217752,0.018544,9.2196,89.884758,88.85862,1,2,3,4
9.83636,0.0024519,0.221934,9.122038,-0.002991,9.124738,90.018784,88.6063,1,2,3,4
9.8388128,0.0024528,0.195613,9.052647,-0.055633,9.054931,90.352028,88.762123,1,2,3,4
9.8412666,0.0024538,0.207577,9.014361,0.049651,9.016888,89.684502,88.680862,1,2,3,4
9.8437185,0.0024519,0.22672,9.06461,0.121436,9.068258,89.232712,88.567245,1,2,3,4
9.8461714,0.0024529,0.207577,9.055039,0.05683,9.057596,89.640511,88.686783,1,2,3,4
9.8486252,0.0024538,0.217149,9.074182,-0.005384,9.076781,90.033981,88.62915,1,2,3,4
9.8510761,0.0024509,0.186042,9.167501,-0.002991,9.16939,90.018692,88.837418,1,2,3,4
9.853529,0.0024529,0.20997,9.232108,-0.005384,9.234497,90.033401,88.697121,1,2,3,4
9.8559809,0.0024519,0.253041,9.248857,-0.002991,9.252319,90.018524,88.432823,1,2,3,4
9.8584347,0.0024538,0.233898,9.311071,-0.031705,9.314063,90.195038,88.561005,1,2,3,4
9.8608866,0.0024519,0.221934,9.368499,0.008973,9.371132,89.945137,88.642952,1,2,3,4
9.8633394,0.0024528,0.207577,9.435498,-0.055633,9.437945,90.337738,88.739716,1,2,3,4
9.8657923,0.0024529,0.217149,9.466604,-0.06999,9.469353,90.423492,88.685959,1,2,3,4
9.8682461,0.0024538,0.217149,9.480962,-0.110668,9.484094,90.668587,88.68795,1,2,3,4
9.870698,0.0024519,0.212363,9.466604,-0.08674,9.469383,90.524841,88.714905,1,2,3,4
9.8731499,0.0024519,0.279362,9.416355,-0.098704,9.421016,90.600296,88.300659,1,2,3,4
9.8756018,0.0024519,0.238684,9.358928,-0.081954,9.362329,90.501549,88.539085,1,2,3,4
9.8780546,0.0024528,0.231506,9.287143,-0.151346,9.291261,90.933334,88.572052,1,2,3,4
9.8805075,0.0024529,0.231506,9.263215,-0.201595,9.2683,91.246346,88.568367,1,2,3,4
9.8829584,0.0024509,0.212363,9.208179,-0.237488,9.213689,91.47699,88.678856,1,2,3,4
9.8854113,0.0024529,0.174078,9.119645,-0.218345,9.123919,91.371277,88.906456,1,2,3,4
9.8878641,0.0024528,0.188435,9.069396,-0.101097,9.071917,90.638512,88.809738,1,2,3,4
9.890317,0.0024529,0.202792,9.035896,-0.105882,9.038792,90.671188,88.714333,1,2,3,4
9.8927708,0.0024538,0.178863,9.043075,-0.058026,9.04503,90.367569,88.86689,1,2,3,4
9.8952227,0.0024519,0.212363,9.067003,-0.060419,9.069691,90.381683,88.658295,1,2,3,4
9.8976755,0.0024528,0.207577,9.155538,-0.055633,9.15806,90.348061,88.701195,1,2,3,4
9.9001293,0.0024538,0.202792,9.167501,-0.036491,9.169817,90.228004,88.73278,1,2,3,4
9.9025812,0.0024519,0.217149,9.193823,-0.041276,9.19648,90.257156,88.64698,1,2,3,4
9.9050341,0.0024529,0.221934,9.268001,-0.036491,9.27073,90.225525,88.628242,1,2,3,4
9.9074869,0.0024528,0.22672,9.337392,-0.043669,9.340246,90.267876,88.609085,1,2,3,4
9.9099388,0.0024519,0.214756,9.392427,-0.141775,9.395952,90.864563,88.69017,1,2,3,4
9.9123917,0.0024529,0.195613,9.416355,-0.151346,9.419602,90.920616,88.809921,1,2,3,4
9.9148436,0.0024519,0.224327,9.45464,-0.148953,9.458474,90.902336,88.640816,1,2,3,4
9.9172964,0.0024528,0.253041,9.392427,-0.081954,9.396193,90.499741,88.456772,1,2,3,4
9.9197502,0.0024538,0.238684,9.390035,-0.022134,9.393094,90.13501,88.543922,1,2,3,4
9.9222021,0.0024519,0.212363,9.34457,-0.184846,9.34881,91.132935,88.698128,1,2,3,4
9.924655,0.0024529,0.219541,9.303893,-0.16331,9.307916,91.005325,88.648254,1,2,3,4
9.9271088,0.0024538,0.250648,9.248857,-0.029312,9.2523,90.181519,88.447639,1,2,3,4
9.9295607,0.0024519,0.229113,9.205787,0.013759,9.208648,89.914391,88.574326,1,2,3,4
9.9320135,0.0024528,0.233898,9.129216,-0.148953,9.133427,90.934456,88.532356,1,2,3,4
9.9344664,0.0024529,0.178863,9.136395,-0.168096,9.139692,91.053833,88.878464,1,2,3,4
9.9369183,0.0024519,0.174078,9.074182,-0.074776,9.076159,90.472046,88.900978,1,2,3,4
9.9393711,0.0024528,0.212363,9.134003,-0.007777,9.136475,90.048767,88.668129,1,2,3,4
9.941824,0.0024529,0.19322,9.112467,-0.055633,9.114685,90.349716,88.785286,1,2,3,4
9.9442768,0.0024528,0.157328,9.141181,-0.072383,9.142821,90.453613,89.013985,1,2,3,4
9.9467297,0.0024529,0.176471,9.162716,-0.019741,9.164436,90.123421,88.896637,1,2,3,4
9.9491825,0.0024528,0.224327,9.205787,-0.014955,9.208531,90.093048,88.604088,1,2,3,4
9.9516354,0.0024529,0.214756,9.287143,-0.065204,9.289854,90.402153,88.675331,1,2,3,4
9.9540873,0.0024519,0.181256,9.320642,-0.026919,9.322443,90.165443,88.885925,1,2,3,4
9.9565401,0.0024528,0.195613,9.279964,-0.002991,9.282026,90.018463,88.792435,1,2,3,4
9.9589939,0.0024538,0.245863,9.342177,0.037687,9.345488,89.768944,88.49247,1,2,3,4
9.9614458,0.0024519,0.241077,9.349357,0.016152,9.352478,89.901054,88.522934,1,2,3,4
9.9638996,0.0024538,0.22672,9.356535,-0.062812,9.359492,90.384514,88.611923,1,2,3,4
9.9663525,0.0024529,0.238684,9.349357,-0.117847,9.353145,90.721924,88.53759,1,2,3,4
9.9688053,0.0024528,0.245863,9.308679,-0.14656,9.313078,90.901703,88.487045,1,2,3,4
9.9712582,0.0024529,0.245863,9.301499,-0.177667,9.306444,91.093887,88.485878,1,2,3,4
9.973712,0.0024538,0.260219,9.265608,-0.141775,9.270346,90.876282,88.391304,1,2,3,4
9.9761639,0.0024519,0.229113,9.244072,-0.10349,9.24749,90.641212,88.580223,1,2,3,4
9.9786167,0.0024528,0.269791,9.246465,-0.144168,9.251523,90.892883,88.328712,1,2,3,4
9.9810686,0.0024519,0.231506,9.212965,-0.172881,9.217494,91.074692,88.560562,1,2,3,4
9.9835224,0.0024538,0.224327,9.196216,-0.151346,9.200196,90.942574,88.602638,1,2,3,4
9.9859753,0.0024529,0.19322,9.172287,-0.084347,9.17471,90.526749,88.793205,1,2,3,4
9.9884272,0.0024519,0.214756,9.19143,-0.065204,9.194169,90.406342,88.661537,1,2,3,4
9.99088,0.0024528,0.24347,9.236894,-0.113061,9.240793,90.701027,88.490128,1,2,3,4
9.9933329,0.0024529,0.202792,9.201001,-0.113061,9.20393,90.703835,88.737396,1,2,3,4
9.9957848,0.0024519,0.221934,9.239286,-0.058026,9.242133,90.359726,88.623978,1,2,3,4
9.9982376,0.0024528,0.214756,9.236894,-0.065204,9.23962,90.404343,88.668129,1,2,3,4
10.0006905,0.0024529,0.22672,9.260822,-0.091525,9.26405,90.566071,88.597588,1,2,3,4
10.0031424,0.0024519,0.198006,9.253643,-0.058026,9.255943,90.359192,88.774193,1,2,3,4
10.0055962,0.0024538,0.217149,9.263215,-0.055633,9.265927,90.344009,88.657112,1,2,3,4
10.0080481,0.0024519,0.200399,9.272786,-0.034098,9.275014,90.21064,88.761948,1,2,3,4
10.0105019,0.0024538,0.221934,9.265608,0.00658,9.268268,89.95932,88.627884,1,2,3,4
10.0129557,0.0024538,0.245863,9.268001,0.028116,9.271304,89.826248,88.480408,1,2,3,4
10.0154085,0.0024528,0.248255,9.282357,0.087936,9.286093,89.45742,88.467995,1,2,3,4
10.0178623,0.0024538,0.229113,9.279964,0.00658,9.282794,89.959389,88.585716,1,2,3,4
10.0203152,0.0024529,0.233898,9.296714,-0.038883,9.299737,90.239563,88.558784,1,2,3,4
10.022768,0.0024528,0.19322,9.265608,-0.014955,9.267633,90.092461,88.805359,1,2,3,4
10.0252209,0.0024529,0.217149,9.299107,0.032901,9.3017,89.79734,88.6623,1,2,3,4
10.0276747,0.0024538,0.257827,9.28475,-0.002991,9.288329,90.018448,88.40937,1,2,3,4
10.0301266,0.0024519,0.217149,9.303893,-0.120239,9.307203,90.740219,88.662987,1,2,3,4
10.0325804,0.0024538,0.205185,9.303893,-0.194417,9.308186,91.1968,88.736626,1,2,3,4
10.0350332,0.0024528,0.200399,9.294321,-0.148953,9.297675,90.917946,88.764809,1,2,3,4
10.0374861,0.0024529,0.224327,9.246465,-0.012562,9.249194,90.07782,88.610229,1,2,3,4
10.0399389,0.0024528,0.195613,9.256036,-0.105882,9.258708,90.655251,88.789314,1,2,3,4
10.0423908,0.0024519,0.22672,9.248857,-0.110668,9.252297,90.685341,88.595772,1,2,3,4
10.0448437,0.0024529,0.233898,9.220144,-0.096311,9.223614,90.598282,88.546822,1,2,3,4
10.0472965,0.0024528,0.217149,9.22493,-0.091525,9.22794,90.568283,88.651543,1,2,3,4
10.0497475,0.002451,0.238684,9.239286,-0.08674,9.242776,90.537704,88.520172,1,2,3,4
10.0522003,0.0024528,0.221934,9.210572,-0.067597,9.213493,90.420372,88.61969,1,2,3,4
10.0546522,0.0024519,0.229113,9.210572,0.00658,9.213424,89.959076,88.575066,1,2,3,4
10.057106,0.0024538,0.214756,9.234501,0.083151,9.237372,89.484245,88.667778,1,2,3,4
10.0595598,0.0024538,0.231506,9.217752,0.011366,9.220665,89.929375,88.56131,1,2,3,4
10.0620117,0.0024519,0.24347,9.241679,-0.038883,9.244967,90.240982,88.490906,1,2,3,4
10.0644646,0.0024529,0.217149,9.275179,0.016152,9.277735,89.900253,88.658844,1,2,3,4
10.0669174,0.0024528,0.250648,9.25125,0.0999,9.255184,89.381538,88.448036,1,2,3,4
10.0693693,0.0024519,0.200399,9.296714,-0.014955,9.298885,90.092148,88.765129,1,2,3,4
10.0718212,0.0024519,0.207577,9.306286,-0.125025,9.309441,90.769501,88.722229,1,2,3,4
10.0742741,0.0024529,0.229113,9.330214,-0.14656,9.334177,90.899666,88.59333,1,2,3,4
10.0767269,0.0024528,0.241077,9.351749,-0.096311,9.355352,90.589859,88.523308,1,2,3,4
10.0791798,0.0024529,0.202792,9.330214,-0.136989,9.333423,90.840973,88.754875,1,2,3,4
10.0816317,0.0024519,0.176471,9.291928,-0.175274,9.295257,91.080452,88.91198,1,2,3,4
10.0840845,0.0024528,0.190828,9.28475,-0.203988,9.288951,91.258331,88.822578,1,2,3,4
10.0865374,0.0024529,0.253041,9.241679,-0.208774,9.2475,91.293633,88.43161,1,2,3,4
10.0889902,0.0024528,0.217149,9.268001,-0.201595,9.272737,91.245743,88.657806,1,2,3,4
10.0914431,0.0024529,0.212363,9.268001,-0.165703,9.271914,91.024017,88.687378,1,2,3,4
10.0938969,0.0024538,0.253041,9.248857,-0.136989,9.253333,90.848251,88.432823,1,2,3,4
10.0963488,0.0024519,0.195613,9.196216,-0.170489,9.199876,91.061844,88.781441,1,2,3,4
10.0988026,0.0024538,0.195613,9.143574,-0.156132,9.146998,90.978043,88.774429,1,2,3,4
10.1012545,0.0024519,0.257827,9.186645,-0.105882,9.190871,90.660088,88.392395,1,2,3,4
10.1037073,0.0024528,0.236291,9.208179,-0.026919,9.211249,90.167442,88.530052,1,2,3,4
10.1061602,0.0024529,0.241077,9.208179,0.025723,9.21137,89.840004,88.500298,1,2,3,4
10.1086121,0.0024519,0.229113,9.169894,0.044865,9.172866,89.719757,88.568741,1,2,3,4
10.1110659,0.0024538,0.205185,9.196216,-0.002991,9.198504,90.018631,88.72184,1,2,3,4
10.1135187,0.0024528,0.217149,9.193823,-0.038883,9.196469,90.242249,88.64698,1,2,3,4
10.1159706,0.0024519,0.207577,9.275179,0.011366,9.277509,89.92981,88.717941,1,2,3,4
10.1184235,0.0024529,0.212363,9.299107,0.013759,9.301541,89.915245,88.691765,1,2,3,4
10.1208744,0.0024509,0.195613,9.272786,-0.050847,9.274988,90.31411,88.791504,1,2,3,4
10.1233282,0.0024538,0.217149,9.308679,-0.081954,9.311572,90.504288,88.663673,1,2,3,4
10.1257801,0.0024519,0.272184,9.325428,-0.10349,9.329973,90.635544,88.328171,1,2,3,4
10.128232,0.0024519,0.217149,9.308679,-0.105882,9.311813,90.651512,88.663673,1,2,3,4
10.1306858,0.0024538,0.229113,9.311071,-0.129811,9.314795,90.7985,88.590439,1,2,3,4
10.1331377,0.0024519,0.217149,9.28475,-0.091525,9.28774,90.564629,88.660233,1,2,3,4
10.1355906,0.0024529,0.19322,9.253643,-0.10349,9.256238,90.64061,88.80381,1,2,3,4
10.1380434,0.0024528,0.183649,9.222537,-0.151346,9.225607,90.93998,88.859215,1,2,3,4
10.1404953,0.0024519,0.207577,9.244072,-0.160917,9.247803,90.997032,88.713631,1,2,3,4
10.1429482,0.0024529,0.229113,9.265608,-0.189631,9.270379,91.172104,88.583527,1,2,3,4
10.145401,0.0024528,0.138186,9.203394,-0.270987,9.20842,91.686356,89.139793,1,2,3,4
10.1478529,0.0024519,0.169292,9.17468,-0.208774,9.178617,91.303345,88.942894,1,2,3,4
10.1503057,0.0024528,0.19322,9.208179,0.037687,9.210283,89.765556,88.797905,1,2,3,4
10.1527576,0.0024519,0.219541,9.210572,0.154935,9.214491,89.036568,88.634567,1,2,3,4
10.1552105,0.0024529,0.207577,9.212965,0.095115,9.215795,89.408646,88.70929,1,2,3,4
10.1576633,0.0024528,0.212363,9.239286,-0.077169,9.242049,90.478409,88.683304,1,2,3,4
10.1601162,0.0024529,0.198006,9.234501,-0.215952,9.239148,91.339333,88.771652,1,2,3,4
10.162569,0.0024528,0.262612,9.270393,-0.117847,9.27486,90.72802,88.377357,1,2,3,4
10.16502,0.002451,0.219541,9.303893,-0.043669,9.306585,90.268845,88.648254,1,2,3,4
10.1674728,0.0024528,0.224327,9.325428,-0.065204,9.328354,90.400497,88.621994,1,2,3,4
10.1699257,0.0024529,0.241077,9.28475,-0.065204,9.288108,90.402229,88.512657,1,2,3,4
10.1723766,0.0024509,0.186042,9.296714,-0.091525,9.299026,90.563942,88.853577,1,2,3,4
10.1748295,0.0024529,0.229113,9.296714,-0.043669,9.299639,90.269051,88.588257,1,2,3,4
10.1772814,0.0024519,0.224327,9.28475,-0.074776,9.287761,90.461296,88.615959,1,2,3,4
10.1797333,0.0024519,0.231506,9.263215,-0.096311,9.266608,90.595505,88.568367,1,2,3,4
10.1821861,0.0024528,0.195613,9.246465,-0.136989,9.249548,90.848602,88.788063,1,2,3,4
10.184638,0.0024519,0.212363,9.215358,-0.134596,9.218787,90.836563,88.679886,1,2,3,4
10.1870918,0.0024538,0.198006,9.212965,-0.08674,9.215501,90.539299,88.768784,1,2,3,4
10.1895437,0.0024519,0.221934,9.232108,-0.127418,9.235654,90.790497,88.62291,1,2,3,4
10.1919966,0.0024529,0.212363,9.239286,-0.16331,9.24317,91.012367,88.683304,1,2,3,4
10.1944494,0.0024528,0.212363,9.193823,-0.148953,9.197481,90.927948,88.676788,1,2,3,4
10.1969023,0.0024529,0.212363,9.196216,-0.129811,9.199583,90.808502,88.677139,1,2,3,4
10.1993551,0.0024528,0.22672,9.217752,-0.058026,9.220721,90.360565,88.591034,1,2,3,4
10.201808,0.0024529,0.221934,9.248857,0.00658,9.251522,89.959251,88.625404,1,2,3,4
10.2042608,0.0024528,0.236291,9.227323,0.016152,9.230361,89.899742,88.533104,1,2,3,4
10.2067137,0.0024529,0.181256,9.258429,-0.012562,9.260211,90.077728,88.878441,1,2,3,4
10.2091656,0.0024519,0.20997,9.260822,-0.012562,9.263211,90.077705,88.701157,1,2,3,4
10.2116194,0.0024538,0.200399,9.28475,0.064008,9.287133,89.60511,88.763542,1,2,3,4
10.2140732,0.0024538,0.22672,9.31825,0.102293,9.321568,89.371231,88.606224,1,2,3,4
10.2165251,0.0024519,0.224327,9.320642,0.104686,9.323929,89.356689,88.621284,1,2,3,4
10.2189789,0.0024538,0.205185,9.320642,0.020937,9.322924,89.871323,88.738892,1,2,3,4
10.2214317,0.0024528,0.207577,9.282357,-0.055633,9.284844,90.343307,88.718933,1,2,3,4
10.2238836,0.0024519,0.190828,9.303893,-0.038883,9.305931,90.239403,88.824997,1,2,3,4
10.2263365,0.0024529,0.188435,9.291928,-0.024526,9.293871,90.151207,88.838234,1,2,3,4
10.2287903,0.0024538,0.217149,9.287143,-0.036491,9.289753,90.22506,88.660576,1,2,3,4
10.2312422,0.0024519,0.198006,9.282357,-0.105882,9.285072,90.653389,88.777985,1,2,3,4
10.233695,0.0024528,0.205185,9.244072,-0.218345,9.248926,91.352745,88.728455,1,2,3,4
10.2361479,0.0024529,0.236291,9.212965,-0.175274,9.217661,91.089546,88.530815,1,2,3,4
10.2385998,0.0024519,0.198006,9.181859,-0.091525,9.18445,90.570976,88.76461,1,2,3,4
10.2410536,0.0024538,0.212363,9.19143,-0.072383,9.194168,90.45108,88.676445,1,2,3,4
10.2435055,0.0024519,0.217149,9.220144,-0.127418,9.223581,90.791527,88.650848,1,2,3,4
10.2459583,0.0024528,0.24347,9.17468,-0.081954,9.178276,90.511612,88.479889,1,2,3,4
10.2484112,0.0024529,0.198006,9.236894,-0.038883,9.239098,90.241135,88.771973,1,2,3,4
10.2508631,0.0024519,0.162114,9.229715,-0.050847,9.231279,90.315598,88.993744,1,2,3,4
10.2533159,0.0024528,0.236291,9.258429,-0.08674,9.261849,90.536598,88.538033,1,2,3,4
10.2557678,0.0024519,0.224327,9.25125,-0.089133,9.254399,90.551849,88.610947,1,2,3,4
10.2582207,0.0024529,0.224327,9.277572,-0.093918,9.280759,90.579826,88.614883,1,2,3,4
10.2606745,0.0024538,0.217149,9.275179,-0.074776,9.278022,90.461777,88.658844,1,2,3,4
10.2631254,0.0024509,0.233898,9.296714,-0.072383,9.299937,90.445946,88.558784,1,2,3,4
10.2655783,0.0024529,0.233898,9.296714,-0.005384,9.299658,90.033173,88.558784,1,2,3,4
10.2680311,0.0024528,0.236291,9.282357,0.011366,9.285371,89.929863,88.541794,1,2,3,4
10.270483,0.0024519,0.262612,9.313464,-0.024526,9.317198,90.150826,88.384857,1,2,3,4
10.2729359,0.0024529,0.238684,9.263215,-0.079561,9.266631,90.491936,88.523994,1,2,3,4
10.2753878,0.0024519,0.233898,9.258429,-0.058026,9.261564,90.358971,88.552826,1,2,3,4
10.2778406,0.0024528,0.202792,9.253643,-0.077169,9.256186,90.477676,88.744576,1,2,3,4
10.2802925,0.0024519,0.245863,9.268001,-0.108275,9.271894,90.669106,88.480408,1,2,3,4
10.2827444,0.0024519,0.19322,9.212965,-0.117847,9.215744,90.732689,88.798531,1,2,3,4
10.2851973,0.0024529,0.224327,9.22493,-0.175274,9.229321,91.088173,88.606987,1,2,3,4
10.2876492,0.0024519,0.212363,9.248857,-0.206381,9.253597,91.277962,88.684662,1,2,3,4
10.290102,0.0024528,0.162114,9.256036,-0.232702,9.26038,91.439926,88.996605,1,2,3,4
10.2925558,0.0024538,0.174078,9.236894,-0.237488,9.241586,91.472534,88.920334,1,2,3,4
10.2950077,0.0024519,0.202792,9.256036,-0.132203,9.259201,90.8181,88.744904,1,2,3,4
10.2974606,0.0024529,0.224327,9.212965,-0.031705,9.215751,90.197113,88.605179,1,2,3,4
10.2999125,0.0024519,0.19322,9.205787,-0.017348,9.20783,90.107948,88.797592,1,2,3,4
10.3023653,0.0024528,0.176471,9.241679,-0.141775,9.244452,90.878731,88.906067,1,2,3,4
10.3048182,0.0024529,0.205185,9.19143,-0.115454,9.194445,90.719475,88.721169,1,2,3,4
10.3072701,0.0024519,0.229113,9.227323,0.001795,9.230166,89.988861,88.577652,1,2,3,4
10.3097239,0.0024538,0.276969,9.246465,0.037687,9.250689,89.766579,88.284271,1,2,3,4
10.3121767,0.0024528,0.272184,9.256036,0.042473,9.260134,89.737206,88.315643,1,2,3,4
10.3146286,0.0024519,0.202792,9.268001,-0.122632,9.271029,90.757896,88.746521,1,2,3,4
10.3170824,0.0024538,0.231506,9.291928,-0.093918,9.295286,90.578918,88.572792,1,2,3,4
10.3195362,0.0024538,0.231506,9.308679,0.013759,9.311567,89.915337,88.575356,1,2,3,4
10.3219881,0.0024519,0.245863,9.299107,0.04008,9.302443,89.753136,88.485489,1,2,3,4
10.324441,0.0024529,0.224327,9.270393,-0.031705,9.273162,90.195892,88.613815,1,2,3,4
10.3268929,0.0024519,0.231506,9.253643,-0.043669,9.256641,90.270302,88.566887,1,2,3,4
10.3293457,0.0024528,0.186042,9.246465,-0.026919,9.248375,90.166771,88.847343,1,2,3,4
10.3317995,0.0024538,0.202792,9.210572,-0.055633,9.212973,90.345985,88.738708,1,2,3,4
10.3342514,0.0024519,0.169292,9.196216,-0.096311,9.198278,90.59993,88.945366,1,2,3,4
10.3367043,0.0024529,0.195613,9.165109,-0.046062,9.167312,90.287888,88.777306,1,2,3,4
10.3391571,0.0024528,0.186042,9.181859,-0.050847,9.183885,90.317223,88.839233,1,2,3,4
10.341609,0.0024519,0.195613,9.189037,-0.05324,9.191274,90.331886,88.780487,1,2,3,4
10.3440628,0.0024538,0.236291,9.205787,-0.050847,9.208959,90.31636,88.529671,1,2,3,4
10.3465147,0.0024519,0.260219,9.244072,-0.055633,9.247901,90.344681,88.387558,1,2,3,4
10.3489676,0.0024529,0.233898,9.253643,-0.113061,9.257289,90.699783,88.552078,1,2,3,4
10.3514214,0.0024538,0.214756,9.258429,-0.144168,9.262041,90.891869,88.671219,1,2,3,4
10.3538733,0.0024519,0.233898,9.308679,-0.132203,9.312555,90.813416,88.560638,1,2,3,4
10.3563251,0.0024518,0.236291,9.272786,-0.098704,9.276321,90.609665,88.540291,1,2,3,4
10.358778,0.0024529,0.24347,9.263215,-0.041276,9.266506,90.255219,88.494415,1,2,3,4
10.3612299,0.0024519,0.186042,9.289536,-0.206381,9.293691,91.272446,88.852692,1,2,3,4
10.3636827,0.0024528,0.152542,9.270393,-0.292523,9.276262,91.807098,89.057297,1,2,3,4
10.3661356,0.0024529,0.205185,9.253643,-0.115454,9.256638,90.714645,88.729767,1,2,3,4
10.3685884,0.0024528,0.217149,9.265608,-0.012562,9.268161,90.07766,88.657463,1,2,3,4
10.3710423,0.0024539,0.200399,9.227323,0.011366,9.229506,89.929443,88.755844,1,2,3,4
10.3734932,0.0024509,0.22672,9.258429,-0.024526,9.261236,90.151733,88.597221,1,2,3,4
10.375946,0.0024528,0.19322,9.279964,-0.050847,9.282115,90.313866,88.807205,1,2,3,4
10.3783998,0.0024538,0.24347,9.260822,-0.038883,9.264104,90.240486,88.494026,1,2,3,4
10.3808517,0.0024519,0.212363,9.279964,-0.127418,9.283268,90.786438,88.689072,1,2,3,4
10.3833046,0.0024529,0.265005,9.287143,-0.139382,9.291968,90.859482,88.365532,1,2,3,4
10.3857565,0.0024519,0.229113,9.265608,-0.132203,9.269382,90.8172,88.583527,1,2,3,4
10.3882093,0.0024528,0.250648,9.217752,-0.093918,9.221637,90.583542,88.442406,1,2,3,4
10.3906631,0.0024538,0.24347,9.25125,-0.115454,9.255174,90.714752,88.49247,1,2,3,4
10.393115,0.0024519,0.231506,9.196216,-0.122632,9.199946,90.763756,88.557938,1,2,3,4
10.3955679,0.0024529,0.20997,9.184252,-0.105882,9.187262,90.660347,88.690331,1,2,3,4
10.3980207,0.0024528,0.224327,9.177073,-0.110668,9.180482,90.690704,88.599724,1,2,3,4
10.4004736,0.0024529,0.233898,9.215358,-0.000598,9.218326,90.003716,88.546066,1,2,3,4
10.4029264,0.0024528,0.207577,9.227323,0.035294,9.229725,89.780899,88.711296,1,2,3,4
10.4053783,0.0024519,0.236291,9.236894,0.054437,9.240076,89.662445,88.534622,1,2,3,4
10.4078321,0.0024538,0.233898,9.282357,0.025723,9.285339,89.841278,88.556557,1,2,3,4
10.410285,0.0024529,0.22672,9.313464,0.018544,9.316241,89.885948,88.605507,1,2,3,4
10.4127369,0.0024519,0.272184,9.354142,-0.079561,9.358439,90.487106,88.333298,1,2,3,4
10.4151907,0.0024538,0.217149,9.375677,-0.115454,9.378902,90.705322,88.673218,1,2,3,4
10.4176435,0.0024528,0.241077,9.349357,-0.058026,9.352644,90.355476,88.522934,1,2,3,4
10.4200945,0.002451,0.248255,9.356535,-0.060419,9.360023,90.369843,88.480141,1,2,3,4
10.4225483,0.0024538,0.248255,9.306286,-0.091525,9.310046,90.563271,88.471931,1,2,3,4
10.4250002,0.0024519,0.205185,9.265608,-0.098704,9.268405,90.610184,88.731407,1,2,3,4
10.427453,0.0024528,0.217149,9.263215,-0.046062,9.265875,90.284828,88.657112,1,2,3,4
10.4299059,0.0024529,0.231506,9.25125,-0.007777,9.254149,90.048149,88.566513,1,2,3,4
10.4323587,0.0024528,0.219541,9.208179,-0.046062,9.210911,90.286522,88.634209,1,2,3,4
10.4348116,0.0024529,0.219541,9.184252,-0.108275,9.187513,90.675247,88.630653,1,2,3,4
10.4372644,0.0024528,0.250648,9.208179,-0.005384,9.211592,90.033485,88.440781,1,2,3,4
10.4397173,0.0024529,0.265005,9.248857,0.016152,9.252667,89.899986,88.358765,1,2,3,4
10.4421692,0.0024519,0.205185,9.236894,-0.067597,9.23942,90.419189,88.727463,1,2,3,4
10.444623,0.0024538,0.20997,9.277572,-0.215952,9.28246,91.333084,88.703499,1,2,3,4
10.4470749,0.0024519,0.241077,9.270393,-0.182453,9.275322,91.127121,88.510361,1,2,3,4
10.4495277,0.0024528,0.202792,9.279964,-0.120239,9.282958,90.742157,88.748138,1,2,3,4
10.4519806,0.0024529,0.212363,9.268001,-0.151346,9.271668,90.93531,88.687378,1,2,3,4
10.4544325,0.0024519,0.224327,9.256036,-0.230309,9.261618,91.424927,88.611664,1,2,3,4
10.4568853,0.0024528,0.214756,9.244072,-0.134596,9.247546,90.833961,88.669159,1,2,3,4
10.4593372,0.0024519,0.233898,9.258429,-0.038883,9.261464,90.240555,88.552826,1,2,3,4
10.4617901,0.0024529,0.229113,9.272786,-0.055633,9.275784,90.343643,88.584618,1,2,3,4
10.464242,0.0024519,0.186042,9.253643,-0.096311,9.256014,90.596184,88.848236,1,2,3,4
10.4666948,0.0024528,0.205185,9.277572,-0.048455,9.279966,90.299164,88.73304,1,2,3,4
10.4691477,0.0024529,0.176471,9.311071,0.052044,9.312889,89.67981,88.914215,1,2,3,4
10.4715996,0.0024519,0.22672,9.301499,-0.000598,9.304262,90.003685,88.603714,1,2,3,4
10.4740524,0.0024528,0.229113,9.358928,-0.062812,9.361942,90.384415,88.597641,1,2,3,4
10.4765043,0.0024519,0.22672,9.330214,-0.038883,9.333049,90.238708,88.608009,1,2,3,4
10.4789572,0.0024529,0.221934,9.275179,-0.077169,9.278155,90.476547,88.629303,1,2,3,4
10.48141,0.0024528,0.183649,9.296714,-0.148953,9.299721,90.91774,88.868317,1,2,3,4
10.4838619,0.0024519,0.257827,9.265608,-0.144168,9.270315,90.891075,88.40609,1,2,3,4
10.4863148,0.0024529,0.231506,9.222537,-0.036491,9.225514,90.226631,88.562057,1,2,3,4
10.4887676,0.0024528,0.200399,9.210572,0.025723,9.212789,89.840027,88.753586,1,2,3,4
10.4912205,0.0024529,0.200399,9.215358,-0.081954,9.217901,90.509407,88.754234,1,2,3,4
10.4936724,0.0024519,0.176471,9.162716,-0.105882,9.165027,90.661949,88.896637,1,2,3,4
10.4961252,0.0024528,0.236291,9.201001,0.00658,9.204038,89.959038,88.528908,1,2,3,4
10.4985781,0.0024529,0.212363,9.234501,0.107079,9.237563,89.335831,88.682617,1,2,3,4
10.5010309,0.0024528,0.224327,9.263215,-0.022134,9.265957,90.136864,88.61274,1,2,3,4
10.5034828,0.0024519,0.202792,9.270393,-0.117847,9.273359,90.728142,88.746841,1,2,3,4
10.5059357,0.0024529,0.253041,9.296714,-0.08674,9.300561,90.534363,88.440887,1,2,3,4
10.5083885,0.0024528,0.241077,9.28475,-0.029312,9.287926,90.180824,88.512657,1,2,3,4
10.5108404,0.0024519,0.202792,9.296714,-0.156132,9.300236,90.961922,88.750389,1,2,3,4
10.5132942,0.0024538,0.229113,9.268001,-0.263809,9.274585,91.629959,88.583885,1,2,3,4
10.5157461,0.0024519,0.231506,9.248857,-0.170489,9.253325,91.05571,88.566147,1,2,3,4
10.518199,0.0024529,0.265005,9.234501,-0.046062,9.238418,90.285675,88.356216,1,2,3,4
10.5206518,0.0024528,0.176471,9.229715,-0.084347,9.231788,90.523499,88.904648,1,2,3,4
10.5231037,0.0024519,0.205185,9.220144,-0.115454,9.223149,90.717239,88.725151,1,2,3,4
10.5255566,0.0024529,0.178863,9.229715,0.008973,9.231453,89.944305,88.889801,1,2,3,4
10.5280085,0.0024519,0.233898,9.268001,0.044865,9.27106,89.722725,88.554321,1,2,3,4
10.5304613,0.0024528,0.214756,9.275179,-0.024526,9.277698,90.151466,88.673622,1,2,3,4
10.5329132,0.0024519,0.186042,9.296714,-0.113061,9.299262,90.696625,88.853577,1,2,3,4
10.5353651,0.0024519,0.19322,9.279964,-0.074776,9.282277,90.461563,88.807205,1,2,3,4
10.537818,0.0024529,0.214756,9.289536,-0.074776,9.292318,90.461067,88.675667,1,2,3,4
10.5402718,0.0024538,0.20997,9.287143,-0.182453,9.291307,91.125183,88.704834,1,2,3,4
10.5427237,0.0024519,0.162114,9.282357,-0.187238,9.285661,91.155403,88.999451,1,2,3,4
10.5451765,0.0024528,0.188435,9.260822,-0.187238,9.264631,91.158028,88.834335,1,2,3,4
10.5476284,0.0024519,0.178863,9.241679,-0.079561,9.243752,90.493156,88.891235,1,2,3,4
10.5500813,0.0024529,0.157328,9.193823,-0.067597,9.195417,90.421196,89.01963,1,2,3,4
10.5525341,0.0024528,0.178863,9.210572,0.001795,9.212309,89.988838,88.887489,1,2,3,4
10.554986,0.0024519,0.154935,9.222537,-0.012562,9.223847,90.078033,89.037544,1,2,3,4
10.5574398,0.0024538,0.159721,9.205787,-0.000598,9.207172,90.003723,89.006012,1,2,3,4
10.5598907,0.0024509,0.169292,9.232108,-0.002991,9.233661,90.018562,88.949463,1,2,3,4
10.5623436,0.0024529,0.183649,9.220144,0.001795,9.221973,89.988853,88.858917,1,2,3,4
10.5647974,0.0024538,0.166899,9.253643,-0.077169,9.255469,90.477715,88.966721,1,2,3,4
10.5672493,0.0024519,0.181256,9.234501,-0.081954,9.236643,90.508377,88.875534,1,2,3,4
10.5697021,0.0024528,0.195613,9.239286,-0.117847,9.242107,90.730598,88.787117,1,2,3,4
10.572155,0.0024529,0.217149,9.22493,-0.125025,9.228333,90.77626,88.651543,1,2,3,4
10.5746069,0.0024519,0.186042,9.210572,-0.19681,9.214553,91.223846,88.842857,1,2,3,4
10.5770597,0.0024528,0.24347,9.201001,-0.182453,9.20603,91.135612,88.484238,1,2,3,4
10.5795116,0.0024519,0.19322,9.208179,-0.139382,9.211261,90.867012,88.797905,1,2,3,4
10.5819645,0.0024529,0.198006,9.22493,-0.132203,9.228002,90.820869,88.770378,1,2,3,4
10.5844173,0.0024528,0.198006,9.260822,-0.108275,9.263572,90.669701,88.775146,1,2,3,4
10.5868692,0.0024519,0.195613,9.246465,-0.058026,9.248715,90.359474,88.788063,1,2,3,4
10.5893221,0.0024529,0.217149,9.248857,-0.029312,9.251453,90.181534,88.655029,1,2,3,4
10.5917759,0.0024538,0.202792,9.325428,-0.091525,9.328082,90.562187,88.754234,1,2,3,4
10.5942278,0.0024519,0.186042,9.303893,-0.120239,9.30653,90.740273,88.854462,1,2,3,4
10.5966797,0.0024519,0.205185,9.306286,-0.081954,9.308908,90.504433,88.736954,1,2,3,4
10.5991325,0.0024528,0.233898,9.303893,0.008973,9.306837,89.944756,88.559898,1,2,3,4
10.6015844,0.0024519,0.214756,9.279964,-0.055633,9.282616,90.343391,88.674301,1,2,3,4
10.6040373,0.0024529,0.186042,9.253643,-0.108275,9.256146,90.670242,88.848236,1,2,3,4
10.6064892,0.0024519,0.233898,9.248857,-0.058026,9.251997,90.359344,88.551331,1,2,3,4
10.608942,0.0024528,0.22672,9.205787,-0.034098,9.208641,90.212158,88.589203,1,2,3,4
10.6113939,0.0024519,0.186042,9.203394,-0.034098,9.205338,90.212234,88.841949,1,2,3,4
10.6138468,0.0024529,0.22672,9.172287,-0.029312,9.175136,90.183044,88.584053,1,2,3,4
10.6162996,0.0024528,0.229113,9.15793,0.032901,9.160855,89.79422,88.566872,1,2,3,4
10.6187515,0.0024519,0.233898,9.22493,-0.038883,9.227977,90.241425,88.547577,1,2,3,4
10.6212044,0.0024529,0.238684,9.234501,-0.096311,9.238087,90.597343,88.519409,1,2,3,4
10.6236563,0.0024519,0.219541,9.169894,-0.115454,9.173248,90.721138,88.62851,1,2,3,4
10.6261101,0.0024538,0.253041,9.19143,-0.007777,9.194916,90.048462,88.423042,1,2,3,4
10.6285629,0.0024528,0.257827,9.239286,-0.067597,9.24313,90.419022,88.40155,1,2,3,4
10.6310139,0.002451,0.200399,9.248857,-0.148953,9.252228,90.922455,88.758743,1,2,3,4
10.6334667,0.0024528,0.190828,9.248857,-0.165703,9.25231,91.026184,88.818008,1,2,3,4
10.6359205,0.0024538,0.257827,9.272786,-0.117847,9.277119,90.727844,88.407318,1,2,3,4
10.6383724,0.0024519,0.22672,9.246465,-0.117847,9.249994,90.72998,88.595413,1,2,3,4
10.6408253,0.0024529,0.217149,9.241679,-0.141775,9.245317,90.878654,88.653984,1,2,3,4
10.6432772,0.0024519,0.272184,9.241679,-0.098704,9.246213,90.611649,88.313026,1,2,3,4
10.64573,0.0024528,0.250648,9.268001,-0.043669,9.271492,90.269867,88.450844,1,2,3,4
10.6481829,0.0024529,0.24347,9.296714,-0.060419,9.300097,90.372231,88.499832,1,2,3,4
10.6506348,0.0024519,0.212363,9.268001,-0.101097,9.270985,90.624802,88.687378,1,2,3,4
10.6530876,0.0024528,0.181256,9.294321,-0.002991,9.296089,90.018433,88.882767,1,2,3,4
10.6555395,0.0024519,0.231506,9.294321,-0.000598,9.297204,90.003685,88.573158,1,2,3,4
10.6579924,0.0024529,0.229113,9.320642,-0.026919,9.323497,90.165428,88.591881,1,2,3,4
10.6604452,0.0024528,0.188435,9.279964,-0.079561,9.282218,90.491112,88.836739,1,2,3,4
10.6628971,0.0024519,0.190828,9.265608,-0.081954,9.267935,90.50666,88.820145,1,2,3,4
10.66535,0.0024529,0.214756,9.229715,-0.077169,9.232536,90.478905,88.667091,1,2,3,4
10.6678019,0.0024519,0.178863,9.25125,-0.113061,9.25367,90.700058,88.89238,1,2,3,4
10.6702538,0.0024519,0.248255,9.208179,-0.012562,9.211534,90.07814,88.455666,1,2,3,4
10.6727076,0.0024538,0.224327,9.203394,-0.067597,9.206376,90.420692,88.603729,1,2,3,4
10.6751595,0.0024519,0.241077,9.19143,-0.072383,9.194876,90.451042,88.497566,1,2,3,4
10.6776123,0.0024528,0.260219,9.210572,-0.002991,9.214248,90.0186,88.381699,1,2,3,4
10.6800652,0.0024529,0.236291,9.208179,0.035294,9.211278,89.780464,88.530052,1,2,3,4
10.6825171,0.0024519,0.233898,9.212965,-0.007777,9.215937,90.048347,88.545692,1,2,3,4
10.6849709,0.0024538,0.257827,9.260822,-0.029312,9.264458,90.181282,88.405266,1,2,3,4
10.6874228,0.0024519,0.245863,9.279964,-0.089133,9.283648,90.55011,88.482368,1,2,3,4
10.6898756,0.0024528,0.207577,9.265608,-0.160917,9.26933,90.994713,88.716621,1,2,3,4
10.6923294,0.0024538,0.24347,9.301499,-0.122632,9.305493,90.755089,88.50061,1,2,3,4
10.6947813,0.0024519,0.281755,9.28475,0.004187,9.289024,89.974174,88.261833,1,2,3,4
10.6972342,0.0024529,0.238684,9.291928,-0.065204,9.295221,90.401924,88.528549,1,2,3,4
10.699688,0.0024538,0.233898,9.299107,-0.184846,9.303884,91.138405,88.559158,1,2,3,4
10.7021399,0.0024519,0.138186,9.258429,-0.172881,9.261073,91.069633,89.144905,1,2,3,4
10.7045927,0.0024528,0.20997,9.301499,-0.058026,9.304049,90.357338,88.706833,1,2,3,4
10.7070446,0.0024519,0.217149,9.299107,-0.005384,9.301643,90.033165,88.6623,1,2,3,4
10.7094975,0.0024529,0.198006,9.315857,-0.055633,9.318127,90.342079,88.782379,1,2,3,4
10.7119513,0.0024538,0.231506,9.308679,-0.08674,9.311961,90.533714,88.575356,1,2,3,4
10.7144032,0.0024519,0.217149,9.299107,-0.06999,9.301905,90.431114,88.6623,1,2,3,4
10.716857,0.0024538,0.217149,9.325428,-0.074776,9.328256,90.45929,88.666069,1,2,3,4
10.7193098,0.0024528,0.202792,9.25125,-0.089133,9.253901,90.551872,88.744247,1,2,3,4
10.7217627,0.0024529,0.221934,9.291928,-0.132203,9.295518,90.814903,88.631775,1,2,3,4
10.7242155,0.0024528,0.19322,9.217752,-0.18006,9.221535,91.118828,88.799156,1,2,3,4
10.7266684,0.0024529,0.212363,9.220144,-0.151346,9.223831,90.940163,88.680565,1,2,3,4
10.7291193,0.0024509,0.221934,9.215358,-0.122632,9.218845,90.762192,88.620407,1,2,3,4
10.7315722,0.0024529,0.241077,9.215358,-0.115454,9.219234,90.717545,88.501465,1,2,3,4
10.734024,0.0024518,0.20997,9.253643,-0.139382,9.257074,90.862724,88.70015,1,2,3,4
10.7364779,0.0024539,0.250648,9.241679,-0.058026,9.24526,90.359604,88.446434,1,2,3,4
10.7389307,0.0024528,0.24347,9.263215,-0.091525,9.266866,90.565895,88.494415,1,2,3,4
10.7413826,0.0024519,0.238684,9.272786,-0.089133,9.276286,90.550545,88.525513,1,2,3,4
10.7438354,0.0024528,0.253041,9.28475,-0.108275,9.288829,90.667885,88.438881,1,2,3,4
10.7462883,0.0024529,0.269791,9.272786,-0.058026,9.276892,90.358383,88.333458,1,2,3,4
10.7487392,0.0024509,0.22672,9.306286,-0.117847,9.309793,90.725288,88.604439,1,2,3,4
10.7511921,0.0024529,0.224327,9.289536,-0.199202,9.294378,91.228088,88.616669,1,2,3,4
10.753644,0.0024519,0.214756,9.308679,-0.203988,9.31339,91.255028,88.678391,1,2,3,4
10.7560978,0.0024538,0.174078,9.339785,-0.18006,9.343143,91.104263,88.932228,1,2,3,4
10.7585506,0.0024528,0.202792,9.337392,-0.172881,9.341193,91.060455,88.755829,1,2,3,4
10.7610035,0.0024529,0.181256,9.323035,-0.10349,9.325371,90.635864,88.886208,1,2,3,4
10.7634563,0.0024528,0.221934,9.325428,-0.012562,9.328077,90.077164,88.636688,1,2,3,4
10.7659101,0.0024538,0.176471,9.330214,-0.043669,9.331985,90.26812,88.916443,1,2,3,4
10.768362,0.0024519,0.147757,9.313464,-0.022134,9.314663,90.136147,89.091087,1,2,3,4
10.7708149,0.0024529,0.190828,9.270393,-0.005384,9.272359,90.033264,88.820755,1,2,3,4
10.7732668,0.0024519,0.171685,9.268001,-0.074776,9.269892,90.462181,88.938744,1,2,3,4
10.7757196,0.0024528,0.195613,9.244072,0.025723,9.246177,89.840607,88.78775,1,2,3,4
10.7781725,0.0024529,0.20997,9.186645,0.095115,9.189536,89.40696,88.690674,1,2,3,4
10.7806244,0.0024519,0.219541,9.229715,-0.026919,9.232365,90.167061,88.637398,1,2,3,4
10.7830772,0.0024528,0.169292,9.208179,-0.156132,9.211059,90.971237,88.946739,1,2,3,4
10.7855291,0.0024519,0.178863,9.215358,-0.156132,9.218415,90.970459,88.888069,1,2,3,4
10.7879829,0.0024538,0.190828,9.253643,0.032901,9.255669,89.796326,88.818619,1,2,3,4
10.7904358,0.0024529,0.212363,9.229715,0.04008,9.232245,89.751259,88.681938,1,2,3,4
10.7928877,0.0024519,0.231506,9.212965,-0.110668,9.216537,90.687996,88.560562,1,2,3,4
10.7953405,0.0024528,0.233898,9.227323,-0.151346,9.231527,90.939377,88.547951,1,2,3,4
10.7977934,0.0024529,0.241077,9.217752,-0.065204,9.221134,90.405151,88.501854,1,2,3,4
10.8002453,0.0024519,0.202792,9.212965,-0.06999,9.215462,90.435158,88.739037,1,2,3,4
10.8026991,0.0024538,0.202792,9.22493,-0.108275,9.227794,90.672302,88.740669,1,2,3,4
10.805151,0.0024519,0.198006,9.220144,-0.091525,9.222725,90.568604,88.769737,1,2,3,4
10.8076038,0.0024528,0.231506,9.258429,-0.096311,9.261824,90.59581,88.567627,1,2,3,4
10.8100567,0.0024529,0.229113,9.320642,-0.08674,9.323861,90.533028,88.591881,1,2,3,4
10.8125095,0.0024528,0.178863,9.325428,-0.10349,9.327717,90.635704,88.901192,1,2,3,4
10.8149624,0.0024529,0.212363,9.315857,-0.067597,9.318522,90.415634,88.694122,1,2,3,4
10.8174143,0.0024519,0.190828,9.320642,-0.120239,9.323371,90.738937,88.82711,1,2,3,4
10.8198671,0.0024528,0.241077,9.272786,-0.084347,9.276303,90.520981,88.510742,1,2,3,4
10.822319,0.0024519,0.214756,9.25125,-0.050847,9.253882,90.314827,88.670189,1,2,3,4
10.8247709,0.0024519,0.195613,9.248857,-0.034098,9.250988,90.211182,88.788376,1,2,3,4
10.8272238,0.0024529,0.183649,9.203394,-0.055633,9.205395,90.346268,88.856842,1,2,3,4
10.8296766,0.0024528,0.19322,9.201001,-0.026919,9.203069,90.167595,88.796967,1,2,3,4
10.8321285,0.0024519,0.202792,9.169894,0.016152,9.172151,89.899109,88.733116,1,2,3,4
10.8345814,0.0024529,0.186042,9.155538,-0.005384,9.15743,90.033684,88.835899,1,2,3,4
10.8370333,0.0024519,0.219541,9.17468,0.001795,9.177306,89.988792,88.629227,1,2,3,4
10.8394861,0.0024528,0.195613,9.167501,0.00658,9.169591,89.958885,88.777626,1,2,3,4
10.841939,0.0024529,0.221934,9.169894,0.00658,9.172582,89.9589,88.613571,1,2,3,4
10.8443909,0.0024519,0.202792,9.17468,-0.058026,9.177104,90.362282,88.733772,1,2,3,4
10.8468437,0.0024528,0.221934,9.186645,-0.120239,9.190112,90.749657,88.616096,1,2,3,4
10.8492975,0.0024538,0.22672,9.141181,-0.141775,9.145091,90.888283,88.579239,1,2,3,4
10.8517494,0.0024519,0.253041,9.155538,-0.194417,9.161097,91.216026,88.416862,1,2,3,4
10.8542023,0.0024529,0.233898,9.19143,-0.215952,9.196941,91.345482,88.542282,1,2,3,4
10.8566532,0.0024509,0.238684,9.210572,-0.168096,9.215198,91.045197,88.515564,1,2,3,4
10.8591061,0.0024529,0.253041,9.212965,-0.105882,9.217048,90.658211,88.426727,1,2,3,4
10.861557,0.0024509,0.224327,9.260822,-0.129811,9.264449,90.802834,88.612381,1,2,3,4
10.8640108,0.0024538,0.248255,9.296714,-0.189631,9.301961,91.168121,88.47036,1,2,3,4
10.8664646,0.0024538,0.250648,9.349357,-0.122632,9.353519,90.751213,88.464317,1,2,3,4
10.8689165,0.0024519,0.24347,9.325428,-0.108275,9.329234,90.664993,88.504456,1,2,3,4
10.8713694,0.0024529,0.267398,9.303893,-0.211167,9.31013,91.29966,88.353745,1,2,3,4
10.8738222,0.0024528,0.245863,9.301499,-0.144168,9.305865,90.887665,88.485878,1,2,3,4
10.8762741,0.0024519,0.253041,9.260822,-0.029312,9.264325,90.181282,88.434853,1,2,3,4
10.878727,0.0024529,0.212363,9.234501,-0.141775,9.23803,90.879341,88.682617,1,2,3,4
10.8811808,0.0024538,0.140578,9.193823,-0.189631,9.196853,91.181473,89.123985,1,2,3,4
10.8836327,0.0024519,0.178863,9.177073,-0.010169,9.178823,90.063477,88.88343,1,2,3,4
10.8860855,0.0024528,0.195613,9.169894,0.131007,9.172916,89.181679,88.777946,1,2,3,4
10.8885374,0.0024519,0.217149,9.153145,0.052044,9.155869,89.674316,88.640976,1,2,3,4
10.8909912,0.0024538,0.186042,9.143574,-0.046062,9.145582,90.288574,88.834381,1,2,3,4
10.893445,0.0024538,0.205185,9.129216,0.032901,9.131581,89.793564,88.712463,1,2,3,4
10.8958969,0.0024519,0.219541,9.090932,0.095115,9.09408,89.400734,88.616608,1,2,3,4
10.8983498,0.0024529,0.22672,9.138788,0.059222,9.141791,89.628822,88.578865,1,2,3,4
10.9008026,0.0024528,0.214756,9.138788,-0.084347,9.141701,90.528656,88.653831,1,2,3,4
10.9032545,0.0024519,0.229113,9.160323,-0.129811,9.164107,90.81163,88.567253,1,2,3,4
10.9057074,0.0024529,0.236291,9.181859,-0.105882,9.185509,90.660469,88.525841,1,2,3,4
10.9081612,0.0024538,0.202792,9.196216,-0.144168,9.199581,90.897926,88.73674,1,2,3,4
10.9106131,0.0024519,0.190828,9.246465,-0.187238,9.250329,91.159821,88.817703,1,2,3,4
10.9130659,0.0024528,0.217149,9.291928,-0.148953,9.295659,90.918144,88.661263,1,2,3,4
10.9155188,0.0024529,0.245863,9.291928,-0.122632,9.295989,90.755867,88.484322,1,2,3,4
10.9179716,0.0024528,0.231506,9.315857,-0.08674,9.319137,90.533302,88.576454,1,2,3,4
10.9204254,0.0024538,0.238684,9.34457,-0.101097,9.348165,90.619644,88.536835,1,2,3,4
10.9228773,0.0024519,0.22672,9.311071,-0.098704,9.314354,90.60717,88.605148,1,2,3,4
10.9253302,0.0024529,0.265005,9.346964,-0.065204,9.350947,90.399529,88.375984,1,2,3,4
10.927783,0.0024528,0.229113,9.320642,-0.101097,9.324006,90.621246,88.591881,1,2,3,4
10.9302359,0.0024529,0.207577,9.275179,-0.160917,9.278897,90.99369,88.717941,1,2,3,4
10.9326887,0.0024528,0.174078,9.241679,-0.129811,9.24423,90.804596,88.920891,1,2,3,4
10.9351406,0.0024519,0.198006,9.232108,-0.093918,9.234709,90.582718,88.771332,1,2,3,4
10.9375935,0.0024529,0.195613,9.212965,-0.096311,9.215545,90.598808,88.783653,1,2,3,4
10.9400463,0.0024528,0.207577,9.162716,-0.05324,9.165222,90.332832,88.702209,1,2,3,4
10.9424992,0.0024529,0.207577,9.124431,0.054437,9.126954,89.658264,88.69677,1,2,3,4
10.9449511,0.0024519,0.195613,9.119645,0.075972,9.12206,89.522812,88.771217,1,2,3,4
10.9474049,0.0024538,0.157328,9.122038,0.020937,9.123419,89.868515,89.011917,1,2,3,4
10.9498568,0.0024519,0.183649,9.141181,0.054437,9.143188,89.658867,88.849068,1,2,3,4
10.9523096,0.0024528,0.248255,9.181859,0.052044,9.185362,89.675362,88.451241,1,2,3,4
10.9547615,0.0024519,0.233898,9.153145,-0.010169,9.156138,90.063637,88.536186,1,2,3,4
10.9572153,0.0024538,0.195613,9.193823,-0.079561,9.196248,90.495697,88.781128,1,2,3,4
10.9596682,0.0024529,0.190828,9.244072,-0.172881,9.247657,91.071182,88.817398,1,2,3,4
10.9621201,0.0024519,0.219541,9.270393,-0.175274,9.274649,91.082855,88.643372,1,2,3,4
10.9645729,0.0024528,0.245863,9.330214,-0.132203,9.334389,90.811508,88.490532,1,2,3,4
10.9670258,0.0024529,0.217149,9.356535,-0.101097,9.359601,90.618889,88.670502,1,2,3,4
10.9694777,0.0024519,0.207577,9.404391,-0.156132,9.407977,90.950905,88.73555,1,2,3,4
10.9719305,0.0024528,0.238684,9.406784,-0.14656,9.410953,90.892326,88.546509,1,2,3,4
10.9743834,0.0024529,0.255434,9.413962,-0.081954,9.417784,90.498596,88.445747,1,2,3,4
10.9768353,0.0024519,0.236291,9.370892,-0.074776,9.374168,90.457039,88.555565,1,2,3,4
10.9792881,0.0024528,0.236291,9.382855,-0.132203,9.386762,90.806984,88.557411,1,2,3,4
10.98174,0.0024519,0.195613,9.320642,-0.18006,9.324433,91.106483,88.797707,1,2,3,4
10.9841928,0.0024528,0.214756,9.28475,-0.136989,9.288243,90.84507,88.674988,1,2,3,4
10.9866447,0.0024519,0.22672,9.227323,-0.096311,9.23061,90.597832,88.592499,1,2,3,4
10.9890966,0.0024519,0.20997,9.196216,-0.08674,9.199021,90.54026,88.692039,1,2,3,4
10.9915495,0.0024529,0.200399,9.198608,-0.060419,9.20099,90.376236,88.751961,1,2,3,4
10.9940014,0.0024519,0.217149,9.179466,-0.067597,9.182283,90.421799,88.644867,1,2,3,4
10.9964542,0.0024528,0.198006,9.169894,-0.060419,9.172231,90.377419,88.763,1,2,3,4
10.9989061,0.0024519,0.20997,9.148359,-0.031705,9.150824,90.198517,88.685196,1,2,3,4
11.001359,0.0024529,0.229113,9.205787,-0.005384,9.208639,90.033501,88.574326,1,2,3,4
11.0038118,0.0024528,0.224327,9.181859,-0.034098,9.184662,90.212708,88.600456,1,2,3,4
11.0062637,0.0024519,0.178863,9.234501,-0.043669,9.236336,90.270889,88.890373,1,2,3,4
11.0087166,0.0024529,0.176471,9.263215,-0.08674,9.265302,90.5364,88.908607,1,2,3,4
11.0111694,0.0024528,0.217149,9.268001,-0.081954,9.270906,90.5065,88.657806,1,2,3,4
11.0136223,0.0024529,0.214756,9.368499,-0.115454,9.371671,90.705872,88.686829,1,2,3,4
11.0160751,0.0024528,0.24347,9.382855,-0.084347,9.386394,90.51487,88.513603,1,2,3,4
11.018528,0.0024529,0.212363,9.416355,-0.125025,9.41958,90.760506,88.708054,1,2,3,4
11.0209808,0.0024528,0.245863,9.41157,-0.153739,9.416036,90.935532,88.503578,1,2,3,4
11.0234346,0.0024538,0.238684,9.457033,-0.136989,9.461037,90.829628,88.55423,1,2,3,4
11.0258875,0.0024529,0.231506,9.418748,-0.084347,9.42197,90.512924,88.591995,1,2,3,4
11.0283403,0.0024528,0.224327,9.373284,-0.074776,9.376266,90.45694,88.629021,1,2,3,4
11.0307941,0.0024538,0.205185,9.354142,-0.132203,9.357327,90.809525,88.743408,1,2,3,4
11.033247,0.0024529,0.20997,9.327821,-0.120239,9.330958,90.738335,88.710487,1,2,3,4
11.0357008,0.0024538,0.233898,9.246465,-0.048455,9.24955,90.300148,88.550957,1,2,3,4
11.0381546,0.0024538,0.224327,9.239286,-0.048455,9.242136,90.300392,88.609146,1,2,3,4
11.0406084,0.0024538,0.174078,9.246465,-0.036491,9.248176,90.226074,88.921455,1,2,3,4
11.0430603,0.0024519,0.188435,9.222537,-0.031705,9.224517,90.19693,88.829498,1,2,3,4
11.0455141,0.0024538,0.178863,9.229715,-0.024526,9.231481,90.152222,88.889801,1,2,3,4
11.047966,0.0024519,0.198006,9.220144,-0.007777,9.222274,90.048317,88.769737,1,2,3,4
11.0504208,0.0024548,0.202792,9.179466,-0.002991,9.181706,90.018661,88.734436,1,2,3,4
11.0528746,0.0024538,0.19322,9.205787,-0.024526,9.207847,90.152618,88.797592,1,2,3,4
11.0553265,0.0024519,0.207577,9.246465,-0.06999,9.24906,90.433578,88.713959,1,2,3,4
11.0577803,0.0024538,0.178863,9.258429,-0.098704,9.260682,90.610695,88.893242,1,2,3,4
11.0602341,0.0024538,0.198006,9.289536,-0.127418,9.29252,90.78566,88.778931,1,2,3,4
11.0626888,0.0024547,0.219541,9.296714,-0.110668,9.299964,90.681824,88.647217,1,2,3,4
11.0651407,0.0024519,0.188435,9.36132,-0.060419,9.363412,90.369713,88.846848,1,2,3,4
11.0675945,0.0024538,0.224327,9.37807,-0.10349,9.381324,90.632065,88.629723,1,2,3,4
11.0700483,0.0024538,0.245863,9.392427,-0.139382,9.396678,90.849907,88.500526,1,2,3,4
11.0725012,0.0024529,0.253041,9.349357,-0.182453,9.35456,91.117577,88.449661,1,2,3,4
11.074954,0.0024528,0.255434,9.320642,-0.105882,9.324743,90.650604,88.430191,1,2,3,4
11.0774078,0.0024538,0.224327,9.339785,-0.093918,9.34295,90.575966,88.624107,1,2,3,4
11.0798607,0.0024529,0.233898,9.306286,-0.117847,9.309971,90.725273,88.560265,1,2,3,4
11.0823135,0.0024528,0.238684,9.25125,-0.158524,9.255687,90.981369,88.522087,1,2,3,4
11.0847673,0.0024538,0.202792,9.201001,-0.134596,9.20422,90.837883,88.737396,1,2,3,4
11.0872202,0.0024529,0.231506,9.186645,-0.110668,9.190228,90.689972,88.556442,1,2,3,4
11.089673,0.0024528,0.190828,9.205787,-0.108275,9.208401,90.673714,88.812477,1,2,3,4
11.0921268,0.0024538,0.140578,9.198608,-0.06999,9.199948,90.43589,89.124443,1,2,3,4
11.0945787,0.0024519,0.24347,9.203394,0.00658,9.206616,89.959045,88.484634,1,2,3,4
11.0970316,0.0024529,0.217149,9.208179,0.037687,9.210816,89.765572,88.649094,1,2,3,4
11.0994844,0.0024528,0.217149,9.17468,0.001795,9.17725,89.988792,88.644165,1,2,3,4
11.1019363,0.0024519,0.190828,9.208179,-0.000598,9.210156,90.003723,88.81279,1,2,3,4
11.1043892,0.0024529,0.202792,9.265608,-0.038883,9.267908,90.240387,88.746193,1,2,3,4
11.1068411,0.0024519,0.245863,9.291928,-0.046062,9.295295,90.283928,88.484322,1,2,3,4
11.1092939,0.0024528,0.214756,9.272786,-0.08674,9.275679,90.535797,88.673279,1,2,3,4
11.1117458,0.0024519,0.233898,9.294321,-0.074776,9.297565,90.460808,88.558411,1,2,3,4
11.1141996,0.0024538,0.241077,9.296714,-0.079561,9.300179,90.490158,88.514572,1,2,3,4
11.1166525,0.0024529,0.236291,9.325428,-0.105882,9.329021,90.650307,88.548531,1,2,3,4
11.1191044,0.0024519,0.257827,9.356535,-0.122632,9.360889,90.750626,88.42157,1,2,3,4
11.1215582,0.0024538,0.288933,9.325428,-0.115454,9.330617,90.708977,88.225349,1,2,3,4
11.124011,0.0024528,0.267398,9.311071,-0.096311,9.315409,90.592384,88.355019,1,2,3,4
11.1264629,0.0024519,0.207577,9.287143,-0.084347,9.289845,90.520226,88.719589,1,2,3,4
11.1289158,0.0024529,0.253041,9.260822,-0.06999,9.264544,90.432854,88.434853,1,2,3,4
11.1313677,0.0024519,0.241077,9.25125,-0.132203,9.255335,90.818443,88.507278,1,2,3,4
11.1338205,0.0024528,0.20997,9.236894,-0.203988,9.241531,91.264793,88.697792,1,2,3,4
11.1362734,0.0024529,0.188435,9.177073,-0.232702,9.181957,91.452225,88.8237,1,2,3,4
11.1387253,0.0024519,0.157328,9.162716,-0.208774,9.166444,91.305077,89.016304,1,2,3,4
11.1411781,0.0024528,0.202792,9.210572,-0.175274,9.214472,91.089928,88.738708,1,2,3,4
11.1436319,0.0024538,0.214756,9.246465,-0.172881,9.250573,91.070847,88.669502,1,2,3,4
11.1460838,0.0024519,0.233898,9.19143,-0.129811,9.195322,90.808876,88.542282,1,2,3,4
11.1485367,0.0024529,0.219541,9.222537,-0.129811,9.226063,90.806175,88.636337,1,2,3,4
11.1509886,0.0024519,0.236291,9.203394,-0.110668,9.207091,90.688705,88.529289,1,2,3,4
11.1534414,0.0024528,0.253041,9.227323,-0.055633,9.230959,90.345314,88.429169,1,2,3,4
11.1558943,0.0024529,0.265005,9.275179,-0.022134,9.278991,90.136673,88.363426,1,2,3,4
11.1583462,0.0024519,0.24347,9.241679,-0.043669,9.244989,90.270638,88.490906,1,2,3,4
11.160799,0.0024528,0.257827,9.241679,-0.062812,9.245488,90.389259,88.401962,1,2,3,4
11.1632509,0.0024519,0.236291,9.265608,-0.089133,9.269049,90.550972,88.539162,1,2,3,4
11.1657028,0.0024519,0.269791,9.311071,-0.072383,9.315261,90.445213,88.340302,1,2,3,4
11.1681566,0.0024538,0.274576,9.334999,-0.074776,9.339335,90.458748,88.315208,1,2,3,4
11.1706085,0.0024519,0.250648,9.296714,-0.067597,9.300338,90.416443,88.455627,1,2,3,4
11.1730614,0.0024529,0.229113,9.244072,-0.093918,9.247388,90.581917,88.580223,1,2,3,4
11.1755161,0.0024547,0.260219,9.241679,-0.127418,9.24622,90.789589,88.387138,1,2,3,4
11.177968,0.0024519,0.260219,9.260822,-0.081954,9.26484,90.506828,88.390472,1,2,3,4
11.1804218,0.0024538,0.207577,9.260822,-0.002991,9.263149,90.018501,88.715958,1,2,3,4
11.1828756,0.0024538,0.219541,9.268001,-0.010169,9.270606,90.062851,88.643028,1,2,3,4
11.1853285,0.0024529,0.219541,9.277572,-0.091525,9.28062,90.565063,88.644424,1,2,3,4
11.1877813,0.0024528,0.186042,9.270393,-0.115454,9.272979,90.713379,88.850319,1,2,3,4
11.1902351,0.0024538,0.171685,9.268001,-0.134596,9.270568,90.831886,88.938744,1,2,3,4
11.192688,0.0024529,0.190828,9.306286,-0.177667,9.309937,91.093475,88.825302,1,2,3,4
11.1951418,0.0024538,0.22672,9.253643,-0.129811,9.25733,90.803452,88.596497,1,2,3,4
11.1975946,0.0024528,0.207577,9.217752,-0.192024,9.222088,91.193108,88.709953,1,2,3,4
11.2000465,0.0024519,0.186042,9.277572,-0.251845,9.282854,91.554626,88.851212,1,2,3,4
11.2024994,0.0024529,0.190828,9.279964,-0.177667,9.283627,91.096573,88.821968,1,2,3,4
11.2049513,0.0024519,0.236291,9.287143,-0.034098,9.290211,90.210289,88.542549,1,2,3,4
11.2074051,0.0024538,0.190828,9.275179,0.037687,9.277218,89.767242,88.821365,1,2,3,4
11.209857,0.0024519,0.195613,9.275179,-0.017348,9.277257,90.10714,88.791809,1,2,3,4
11.2123089,0.0024519,0.19322,9.303893,-0.048455,9.306026,90.298332,88.810272,1,2,3,4
11.2147617,0.0024528,0.176471,9.323035,0.011366,9.324712,89.930161,88.915611,1,2,3,4
11.2172155,0.0024538,0.178863,9.287143,-0.000598,9.288865,90.003693,88.89666,1,2,3,4
11.2196665,0.002451,0.200399,9.279964,-0.058026,9.28231,90.35817,88.762901,1,2,3,4
11.2221203,0.0024538,0.190828,9.253643,-0.06999,9.255875,90.433258,88.818619,1,2,3,4
11.2245722,0.0024519,0.219541,9.253643,-0.058026,9.256429,90.359177,88.640923,1,2,3,4
11.227025,0.0024528,0.207577,9.294321,-0.062812,9.296851,90.387108,88.720581,1,2,3,4
11.2294779,0.0024529,0.190828,9.270393,-0.034098,9.27242,90.210693,88.820755,1,2,3,4
11.2319298,0.0024519,0.221934,9.282357,-0.007777,9.285013,90.047989,88.630363,1,2,3,4
11.2343826,0.0024528,0.174078,9.315857,-0.058026,9.317663,90.356812,88.929482,1,2,3,4
11.2368355,0.0024529,0.166899,9.279964,-0.084347,9.281848,90.520668,88.96965,1,2,3,4
11.2392874,0.0024519,0.145364,9.315857,-0.127418,9.317863,90.783524,89.106033,1,2,3,4
11.2417402,0.0024528,0.145364,9.289536,-0.055633,9.29084,90.343086,89.1035,1,2,3,4
11.2441921,0.0024519,0.181256,9.311071,-0.046062,9.312949,90.283386,88.884781,1,2,3,4
11.246645,0.0024529,0.186042,9.296714,-0.072383,9.298857,90.445999,88.853577,1,2,3,4
11.2490978,0.0024528,0.22672,9.248857,-0.084347,9.252021,90.522346,88.595772,1,2,3,4
11.2515488,0.002451,0.19322,9.279964,-0.048455,9.282102,90.299095,88.807205,1,2,3,4
11.2540016,0.0024528,0.19322,9.279964,-0.005384,9.281977,90.033234,88.807205,1,2,3,4
11.2564535,0.0024519,0.190828,9.294321,0.008973,9.296285,89.944695,88.823792,1,2,3,4
11.2589064,0.0024529,0.171685,9.282357,-0.010169,9.283951,90.062759,88.940384,1,2,3,4
11.2613592,0.0024528,0.190828,9.270393,0.020937,9.272381,89.870628,88.820755,1,2,3,4
11.2638111,0.0024519,0.19322,9.306286,0.044865,9.308399,89.723839,88.810577,1,2,3,4
11.266264,0.0024529,0.176471,9.301499,0.030508,9.303224,89.812103,88.913101,1,2,3,4
11.2687168,0.0024528,0.200399,9.320642,-0.046062,9.32291,90.283081,88.768303,1,2,3,4
11.2711697,0.0024529,0.164507,9.258429,-0.093918,9.260366,90.5811,88.982056,1,2,3,4
11.2736225,0.0024528,0.202792,9.270393,-0.089133,9.273039,90.550735,88.746841,1,2,3,4
11.2760735,0.002451,0.202792,9.323035,-0.08674,9.325644,90.532928,88.753914,1,2,3,4
11.2785263,0.0024528,0.217149,9.34457,-0.120239,9.347866,90.737,88.6688,1,2,3,4
11.2809782,0.0024519,0.20997,9.390035,-0.158524,9.39372,90.966942,88.719025,1,2,3,4
11.2834311,0.0024529,0.19322,9.385248,-0.206381,9.389505,91.25946,88.82058,1,2,3,4
11.2858839,0.0024528,0.205185,9.380463,-0.263809,9.386415,91.610535,88.746933,1,2,3,4
11.2883368,0.0024529,0.190828,9.349357,-0.218345,9.353852,91.337563,88.830711,1,2,3,4
11.2907896,0.0024528,0.221934,9.356535,-0.182453,9.360945,91.116814,88.641212,1,2,3,4
11.2932425,0.0024529,0.262612,9.385248,-0.215952,9.391405,91.317612,88.397202,1,2,3,4
11.2956953,0.0024528,0.248255,9.342177,-0.330808,9.351328,92.02729,88.477806,1,2,3,4
11.2981482,0.0024529,0.245863,9.339785,-0.416949,9.352319,92.555237,88.492081,1,2,3,4
11.3006001,0.0024519,0.174078,9.306286,-0.215952,9.310419,91.329079,88.928383,1,2,3,4
11.3030539,0.0024538,0.322433,9.339785,0.164507,9.346796,88.991524,88.022789,1,2,3,4
11.3055067,0.0024528,0.241077,9.325428,0.095115,9.329029,89.415825,88.519142,1,2,3,4
11.3079586,0.0024519,0.207577,9.334999,-0.125025,9.338143,90.767136,88.726158,1,2,3,4
11.3104115,0.0024529,0.171685,9.268001,-0.120239,9.27037,90.743164,88.938744,1,2,3,4
11.3128643,0.0024528,0.233898,9.320642,-0.010169,9.323583,90.062492,88.562485,1,2,3,4
11.3153162,0.0024519,0.253041,9.330214,0.028116,9.333687,89.827408,88.446487,1,2,3,4
11.3177691,0.0024529,0.245863,9.332606,-0.026919,9.335883,90.165207,88.490921,1,2,3,4
11.3202209,0.0024518,0.253041,9.34457,-0.022134,9.348022,90.135658,88.448868,1,2,3,4
11.3226738,0.0024529,0.24347,9.323035,-0.007777,9.326217,90.047775,88.504066,1,2,3,4
11.3251266,0.0024528,0.272184,9.358928,-0.072383,9.363165,90.442932,88.334152,1,2,3,4
11.3275785,0.0024519,0.253041,9.404391,-0.060419,9.407989,90.367958,88.458733,1,2,3,4
11.3300314,0.0024529,0.257827,9.416355,-0.010169,9.41989,90.061852,88.431595,1,2,3,4
11.3324842,0.0024528,0.257827,9.399606,-0.041276,9.403232,90.251503,88.428795,1,2,3,4
11.3349361,0.0024519,0.255434,9.375677,-0.060419,9.379351,90.369087,88.4394,1,2,3,4
11.337389,0.0024529,0.255434,9.385248,-0.065204,9.38895,90.397911,88.440994,1,2,3,4
11.3398409,0.0024519,0.281755,9.363713,-0.105882,9.368549,90.647568,88.276482,1,2,3,4
11.3422937,0.0024528,0.272184,9.375677,-0.132203,9.380559,90.807518,88.33712,1,2,3,4
11.3447466,0.0024529,0.236291,9.351749,-0.141775,9.355808,90.868271,88.552612,1,2,3,4
11.3471985,0.0024519,0.284148,9.346964,-0.125025,9.352118,90.765991,88.258743,1,2,3,4
11.3496513,0.0024528,0.231506,9.327821,-0.065204,9.330921,90.400383,88.578278,1,2,3,4
11.3521032,0.0024519,0.236291,9.339785,-0.139382,9.343812,90.854713,88.550758,1,2,3,4
11.3545561,0.0024529,0.231506,9.34457,-0.16331,9.348865,91.000916,88.580826,1,2,3,4
11.3570089,0.0024528,0.231506,9.37807,-0.093918,9.381397,90.573601,88.585892,1,2,3,4
11.3594618,0.0024529,0.253041,9.354142,-0.029312,9.357611,90.179474,88.450455,1,2,3,4
11.3619146,0.0024528,0.269791,9.36132,-0.017348,9.365223,90.106133,88.349205,1,2,3,4
11.3643675,0.0024529,0.248255,9.399606,-0.108275,9.403507,90.659737,88.487099,1,2,3,4
11.3668203,0.0024528,0.221934,9.392427,-0.136989,9.396048,90.835373,88.646408,1,2,3,4
11.3692732,0.0024529,0.260219,9.39482,-0.034098,9.398485,90.20787,88.413414,1,2,3,4
11.3717251,0.0024519,0.248255,9.390035,0.035294,9.393382,89.784721,88.485558,1,2,3,4
11.374177,0.0024519,0.22672,9.416355,-0.101097,9.419627,90.614944,88.620743,1,2,3,4
11.3766298,0.0024528,0.265005,9.449855,-0.158524,9.454899,90.960686,88.393661,1,2,3,4
11.3790808,0.002451,0.255434,9.468997,-0.113061,9.473116,90.683838,88.454773,1,2,3,4
11.3815336,0.0024528,0.241077,9.48814,-0.022134,9.491228,90.133614,88.544525,1,2,3,4
11.3839865,0.0024529,0.200399,9.452248,-0.081954,9.454727,90.496651,88.785446,1,2,3,4
11.3864393,0.0024528,0.212363,9.428319,-0.160917,9.432083,90.977547,88.709694,1,2,3,4
11.3888922,0.0024529,0.20997,9.390035,-0.110668,9.393034,90.675072,88.719025,1,2,3,4
11.3913441,0.0024519,0.212363,9.421141,-0.08674,9.423933,90.527367,88.70871,1,2,3,4
11.3937969,0.0024528,0.190828,9.39482,-0.158524,9.398095,90.966492,88.836365,1,2,3,4
11.3962488,0.0024519,0.202792,9.421141,-0.19681,9.425378,91.196472,88.766891,1,2,3,4
11.3987007,0.0024519,0.22672,9.387642,-0.192024,9.392343,91.171478,88.616524,1,2,3,4
11.4011536,0.0024529,0.233898,9.404391,-0.120239,9.408068,90.732285,88.575279,1,2,3,4
11.4036055,0.0024519,0.178863,9.421141,-0.113061,9.423516,90.687439,88.912354,1,2,3,4
11.4060583,0.0024528,0.164507,9.437891,-0.132203,9.44025,90.802406,89.001411,1,2,3,4
11.4085102,0.0024519,0.217149,9.452248,-0.110668,9.455389,90.670616,88.68396,1,2,3,4
11.4109631,0.0024529,0.178863,9.418748,-0.08674,9.420845,90.527542,88.912071,1,2,3,4
11.4134159,0.0024528,0.205185,9.449855,-0.050847,9.452219,90.30822,88.756134,1,2,3,4
11.4158669,0.002451,0.19322,9.459426,-0.05324,9.461549,90.322403,88.829826,1,2,3,4
11.4183197,0.0024528,0.188435,9.449855,-0.017348,9.451749,90.105164,88.857643,1,2,3,4
11.4207716,0.0024519,0.20997,9.447462,-0.036491,9.449866,90.221245,88.726807,1,2,3,4
11.4232244,0.0024528,0.241077,9.485747,-0.022134,9.488836,90.133652,88.544159,1,2,3,4
11.4256773,0.0024529,0.171685,9.447462,-0.034098,9.449083,90.206757,88.9589,1,2,3,4
11.4281292,0.0024519,0.205185,9.445069,-0.058026,9.447475,90.351913,88.755501,1,2,3,4
11.430582,0.0024528,0.176471,9.435498,-0.081954,9.437504,90.497559,88.928528,1,2,3,4
11.4330349,0.0024529,0.207577,9.421141,-0.141775,9.424494,90.861946,88.737801,1,2,3,4
11.4354868,0.0024519,0.200399,9.442677,-0.091525,9.445247,90.555214,88.78421,1,2,3,4
11.4379396,0.0024528,0.200399,9.464211,-0.046062,9.466445,90.278793,88.78698,1,2,3,4
11.4403915,0.0024519,0.186042,9.440284,-0.096311,9.442608,90.584404,88.871002,1,2,3,4
11.4428444,0.0024529,0.138186,9.480962,-0.170489,9.483501,91.030083,89.16497,1,2,3,4
11.4452972,0.0024528,0.183649,9.478569,-0.194417,9.482341,91.17482,88.890022,1,2,3,4
11.4477491,0.0024519,0.198006,9.492926,-0.101097,9.495529,90.610023,88.805084,1,2,3,4
11.450202,0.0024529,0.207577,9.483355,-0.060419,9.485819,90.364944,88.746078,1,2,3,4
11.4526539,0.0024519,0.152542,9.478569,-0.060419,9.479989,90.365166,89.077995,1,2,3,4
11.4551067,0.0024528,0.198006,9.497711,-0.081954,9.500129,90.494278,88.805687,1,2,3,4
11.4575605,0.0024538,0.195613,9.519247,-0.058026,9.521433,90.349174,88.822784,1,2,3,4
11.4600124,0.0024519,0.221934,9.516854,0.008973,9.519446,89.945992,88.664101,1,2,3,4
11.4624653,0.0024529,0.20997,9.509675,-0.005384,9.511994,90.032433,88.735138,1,2,3,4
11.4649181,0.0024528,0.198006,9.538389,-0.079561,9.540776,90.477798,88.810776,1,2,3,4
11.46737,0.0024519,0.171685,9.500104,-0.108275,9.502272,90.652878,88.964668,1,2,3,4
11.4698219,0.0024519,0.214756,9.516854,-0.084347,9.519651,90.507668,88.707291,1,2,3,4
11.4722738,0.0024519,0.260219,9.514461,-0.081954,9.518371,90.493332,88.433357,1,2,3,4
11.4747267,0.0024529,0.198006,9.497711,-0.113061,9.500447,90.68187,88.805687,1,2,3,4
11.4771795,0.0024528,0.219541,9.500104,-0.108275,9.503257,90.652809,88.676163,1,2,3,4
11.4796305,0.002451,0.188435,9.52164,-0.108275,9.52412,90.651382,88.866257,1,2,3,4
11.4820833,0.0024528,0.224327,9.540782,-0.156132,9.544696,90.937286,88.653084,1,2,3,4
11.4845343,0.002451,0.255434,9.52164,-0.132203,9.525983,90.795189,88.46331,1,2,3,4
11.4869871,0.0024528,0.202792,9.52164,-0.136989,9.524784,90.824081,88.7799,1,2,3,4
11.489439,0.0024519,0.229113,9.528818,-0.172881,9.533139,91.039101,88.622635,1,2,3,4
11.4918919,0.0024529,0.171685,9.52164,-0.218345,9.52569,91.313431,88.96701,1,2,3,4
11.4943447,0.0024528,0.24347,9.533604,-0.29013,9.541124,91.742538,88.537094,1,2,3,4
11.4967966,0.0024519,0.207577,9.557532,-0.199202,9.561861,91.193733,88.755806,1,2,3,4
11.4992495,0.0024529,0.188435,9.543175,-0.18006,9.546733,91.080711,88.868813,1,2,3,4
11.5017004,0.0024509,0.176471,9.533604,-0.227916,9.537961,91.369255,88.939552,1,2,3,4
11.5041533,0.0024529,0.188435,9.519247,-0.237488,9.524074,91.428848,88.865967,1,2,3,4
11.5066061,0.0024528,0.221934,9.502497,-0.117847,9.505818,90.710335,88.662079,1,2,3,4
11.509058,0.0024519,0.238684,9.567103,-0.074776,9.570373,90.44767,88.570854,1,2,3,4
11.5115108,0.0024528,0.214756,9.531211,-0.105882,9.534218,90.636314,88.709236,1,2,3,4
11.5139627,0.0024519,0.207577,9.543175,-0.089133,9.545848,90.534996,88.753937,1,2,3,4
11.5164156,0.0024529,0.231506,9.54796,-0.038883,9.550845,90.233261,88.611046,1,2,3,4
11.5188684,0.0024528,0.207577,9.524033,-0.024526,9.526326,90.147514,88.751427,1,2,3,4
11.5213203,0.0024519,0.241077,9.54796,-0.058026,9.55118,90.348091,88.553642,1,2,3,4
11.5237732,0.0024529,0.214756,9.559925,-0.091525,9.562775,90.548386,88.713112,1,2,3,4
11.526226,0.0024528,0.224327,9.545568,-0.134596,9.549152,90.807617,88.653763,1,2,3,4
11.5286779,0.0024519,0.238684,9.550353,-0.115454,9.554032,90.692398,88.568352,1,2,3,4
11.5311308,0.0024529,0.241077,9.571889,-0.06999,9.57518,90.418808,88.557259,1,2,3,4
11.5335827,0.0024519,0.250648,9.600603,-0.012562,9.603883,90.074944,88.504486,1,2,3,4
11.5360355,0.0024528,0.231506,9.579067,-0.043669,9.581964,90.261124,88.615555,1,2,3,4
11.5384874,0.0024519,0.217149,9.624531,-0.043669,9.627079,90.259895,88.707512,1,2,3,4
11.5409393,0.0024519,0.20997,9.636495,-0.024526,9.638813,90.14579,88.751778,1,2,3,4
11.5433931,0.0024538,0.279362,9.605389,-0.067597,9.609688,90.403038,88.334084,1,2,3,4
11.545845,0.0024519,0.250648,9.58146,-0.081954,9.585088,90.489899,88.501503,1,2,3,4
11.5482979,0.0024529,0.238684,9.624531,-0.096311,9.627972,90.573151,88.579384,1,2,3,4
11.5507507,0.0024528,0.236291,9.61496,-0.089133,9.618276,90.530968,88.592216,1,2,3,4
11.5532026,0.0024519,0.231506,9.61496,-0.134596,9.618689,90.801781,88.62072,1,2,3,4
11.5556555,0.0024529,0.212363,9.617352,-0.132203,9.620605,90.787369,88.735046,1,2,3,4
11.5581074,0.0024519,0.241077,9.626924,-0.077169,9.630251,90.459122,88.565498,1,2,3,4
11.5605602,0.0024528,0.250648,9.593424,-0.031705,9.59675,90.189293,88.503372,1,2,3,4
11.5630131,0.0024529,0.221934,9.600603,-0.110668,9.603806,90.660255,88.675743,1,2,3,4
11.565465,0.0024519,0.236291,9.58146,-0.125025,9.585189,90.74736,88.587296,1,2,3,4
11.5679178,0.0024528,0.221934,9.569496,-0.048455,9.572192,90.290031,88.67144,1,2,3,4
11.5703707,0.0024529,0.253041,9.598209,-0.005384,9.601546,90.032127,88.489838,1,2,3,4
11.5728216,0.0024509,0.224327,9.569496,-0.010169,9.572131,90.060875,88.657127,1,2,3,4
11.5752745,0.0024529,0.262612,9.579067,-0.113061,9.583333,90.675972,88.429619,1,2,3,4
11.5777264,0.0024519,0.195613,9.564711,-0.10349,9.56727,90.619781,88.828377,1,2,3,4
11.5801792,0.0024528,0.241077,9.591031,-0.084347,9.594432,90.503708,88.560135,1,2,3,4
11.5826321,0.0024529,0.274576,9.557532,-0.079561,9.561807,90.476746,88.354416,1,2,3,4
11.585084,0.0024519,0.217149,9.588638,-0.144168,9.59218,90.861168,88.702675,1,2,3,4
11.5875368,0.0024528,0.231506,9.605389,-0.127418,9.609023,90.759781,88.619347,1,2,3,4
11.5899887,0.0024519,0.231506,9.622138,-0.113061,9.625587,90.673004,88.62175,1,2,3,4
11.5924416,0.0024529,0.248255,9.646067,-0.153739,9.650485,90.912796,88.525734,1,2,3,4
11.5948944,0.0024528,0.229113,9.669994,-0.089133,9.673119,90.527954,88.642738,1,2,3,4
11.5973463,0.0024519,0.221934,9.638887,-0.091525,9.641876,90.543884,88.681007,1,2,3,4
11.5997992,0.0024529,0.212363,9.681958,-0.10349,9.68484,90.612259,88.743484,1,2,3,4
11.6022511,0.0024519,0.262612,9.653245,-0.158524,9.658117,90.940475,88.441681,1,2,3,4
11.6047049,0.0024538,0.205185,9.658031,-0.170489,9.661714,91.011086,88.782936,1,2,3,4
11.6071577,0.0024528,0.238684,9.658031,-0.170489,9.662483,91.011002,88.584305,1,2,3,4
11.6096096,0.0024519,0.238684,9.643674,-0.108275,9.647235,90.643066,88.582199,1,2,3,4
11.6120625,0.0024529,0.207577,9.653245,-0.084347,9.655845,90.500504,88.768135,1,2,3,4
11.6145153,0.0024528,0.229113,9.610174,-0.08674,9.613296,90.516983,88.634293,1,2,3,4
11.6169672,0.0024519,0.219541,9.598209,-0.091525,9.601156,90.546196,88.68969,1,2,3,4
11.619421,0.0024538,0.224327,9.595817,-0.077169,9.598749,90.460632,88.660805,1,2,3,4
11.6218729,0.0024519,0.250648,9.61496,-0.036491,9.618296,90.217377,88.506721,1,2,3,4
11.6243258,0.0024529,0.233898,9.602996,-0.05324,9.605991,90.317558,88.604736,1,2,3,4
11.6267786,0.0024528,0.22672,9.631709,-0.038883,9.634456,90.231239,88.651566,1,2,3,4
11.6292305,0.0024519,0.22672,9.61496,-0.038883,9.617711,90.231644,88.649223,1,2,3,4
11.6316843,0.0024538,0.217149,9.634102,-0.058026,9.636724,90.345001,88.708794,1,2,3,4
11.6341372,0.0024529,0.205185,9.610174,-0.074776,9.612655,90.445702,88.776878,1,2,3,4
11.6365891,0.0024519,0.205185,9.605389,-0.08674,9.607971,90.517265,88.776268,1,2,3,4
11.6390409,0.0024518,0.198006,9.648459,-0.08674,9.650881,90.514969,88.824341,1,2,3,4
11.6414928,0.0024519,0.250648,9.624531,-0.062812,9.627999,90.373795,88.508202,1,2,3,4
11.6439466,0.0024538,0.238684,9.622138,-0.072383,9.62537,90.43087,88.579025,1,2,3,4
11.6463985,0.0024519,0.241077,9.658031,-0.06999,9.661292,90.415077,88.570122,1,2,3,4
11.6488504,0.0024519,0.224327,9.64128,-0.034098,9.64395,90.202576,88.667122,1,2,3,4
11.6513033,0.0024529,0.205185,9.636495,-0.014955,9.63869,90.088898,88.78022,1,2,3,4
11.6537561,0.0024528,0.221934,9.658031,-0.060419,9.660769,90.35833,88.683617,1,2,3,4
11.656209,0.0024529,0.229113,9.684352,-0.110668,9.687694,90.654533,88.644745,1,2,3,4
11.6586618,0.0024528,0.19322,9.681958,-0.067597,9.684122,90.39994,88.856712,1,2,3,4
11.6611137,0.0024519,0.233898,9.67478,-0.007777,9.67761,90.046043,88.615082,1,2,3,4
11.6635666,0.0024529,0.219541,9.655638,-0.034098,9.658193,90.202278,88.697479,1,2,3,4
11.6660194,0.0024528,0.176471,9.653245,-0.050847,9.654992,90.30175,88.952698,1,2,3,4
11.6684713,0.0024519,0.217149,9.655638,-0.014955,9.658091,90.088722,88.711678,1,2,3,4
11.6709242,0.0024529,0.166899,9.602996,0.013759,9.604456,89.917923,89.004303,1,2,3,4
11.6733751,0.0024509,0.131007,9.607781,-0.091525,9.609111,90.545746,89.218788,1,2,3,4
11.675828,0.0024529,0.183649,9.607781,-0.113061,9.610202,90.67408,88.904945,1,2,3,4
11.6782808,0.0024528,0.174078,9.593424,-0.067597,9.595242,90.403648,88.960449,1,2,3,4
11.6807327,0.0024519,0.248255,9.631709,-0.058026,9.635082,90.345055,88.523537,1,2,3,4
11.6831856,0.0024529,0.195613,9.629316,-0.110668,9.631939,90.658325,88.836235,1,2,3,4
11.6856375,0.0024519,0.217149,9.626924,-0.10349,9.629929,90.615753,88.707832,1,2,3,4
11.6880903,0.0024528,0.183649,9.61496,-0.098704,9.61722,90.588051,88.905762,1,2,3,4
11.6905422,0.0024519,0.20997,9.617352,-0.089133,9.620057,90.530869,88.74929,1,2,3,4
11.6929951,0.0024529,0.236291,9.591031,-0.072383,9.594214,90.432266,88.588707,1,2,3,4
11.695447,0.0024519,0.214756,9.610174,-0.115454,9.613267,90.688126,88.719841,1,2,3,4
11.6978989,0.0024519,0.186042,9.61496,-0.113061,9.617424,90.673576,88.89151,1,2,3,4
11.7003517,0.0024528,0.250648,9.662816,-0.132203,9.66697,90.783592,88.514114,1,2,3,4
11.7028046,0.0024529,0.190828,9.648459,-0.136989,9.651319,90.813271,88.866951,1,2,3,4
11.7052565,0.0024519,0.224327,9.591031,-0.141775,9.594702,90.846657,88.660141,1,2,3,4
11.7077103,0.0024538,0.190828,9.607781,-0.122632,9.610458,90.731133,88.862152,1,2,3,4
11.7101612,0.0024509,0.186042,9.605389,-0.156132,9.608459,90.931061,88.890404,1,2,3,4
11.712615,0.0024538,0.212363,9.643674,-0.101097,9.646542,90.600479,88.738495,1,2,3,4
11.7150679,0.0024529,0.219541,9.636495,-0.029312,9.63904,90.174232,88.694893,1,2,3,4
11.7175188,0.0024509,0.200399,9.665209,-0.05324,9.667433,90.315536,88.812195,1,2,3,4
11.7199717,0.0024529,0.236291,9.662816,-0.084347,9.666073,90.499977,88.59919,1,2,3,4
11.7224236,0.0024519,0.250648,9.669994,-0.072383,9.673513,90.428726,88.515213,1,2,3,4
11.7248774,0.0024538,0.253041,9.626924,-0.079561,9.630577,90.473343,88.494347,1,2,3,4
11.7273302,0.0024528,0.241077,9.665209,0.032901,9.668271,89.805023,88.571182,1,2,3,4
11.7297821,0.0024519,0.214756,9.643674,0.016152,9.646078,89.90406,88.724289,1,2,3,4
11.732235,0.0024529,0.255434,9.648459,-0.084347,9.652208,90.500694,88.483505,1,2,3,4
11.7346888,0.0024538,0.248255,9.658031,-0.041276,9.661308,90.244789,88.527565,1,2,3,4
11.7371407,0.0024519,0.272184,9.667602,-0.012562,9.67144,90.074425,88.387306,1,2,3,4
11.7395935,0.0024528,0.233898,9.672387,-0.002991,9.675215,90.017715,88.614738,1,2,3,4
11.7420473,0.0024538,0.245863,9.653245,-0.038883,9.656453,90.230713,88.541023,1,2,3,4
11.7444992,0.0024519,0.245863,9.669994,-0.041276,9.673207,90.244484,88.543549,1,2,3,4
11.7469521,0.0024529,0.212363,9.660423,-0.074776,9.663047,90.443375,88.740685,1,2,3,4
11.749403,0.0024509,0.22672,9.631709,-0.158524,9.635681,90.942665,88.651566,1,2,3,4
11.7518568,0.0024538,0.257827,9.624531,-0.122632,9.628764,90.729736,88.4655,1,2,3,4
11.7543097,0.0024529,0.250648,9.638887,-0.079561,9.642474,90.472763,88.510422,1,2,3,4
11.7567616,0.0024519,0.253041,9.619745,-0.113061,9.623736,90.673134,88.493217,1,2,3,4
11.7592144,0.0024528,0.255434,9.667602,-0.158524,9.672275,90.939095,88.486504,1,2,3,4
11.7616663,0.0024519,0.250648,9.672387,-0.134596,9.676571,90.796982,88.515579,1,2,3,4
11.7641191,0.0024528,0.257827,9.658031,-0.084347,9.661839,90.500191,88.470818,1,2,3,4
11.766572,0.0024529,0.260219,9.693923,0.001795,9.697415,89.989395,88.462349,1,2,3,4
11.7690229,0.0024509,0.219541,9.643674,-0.029312,9.646216,90.174103,88.695869,1,2,3,4
11.7714758,0.0024529,0.229113,9.69153,-0.113061,9.694897,90.66819,88.645752,1,2,3,4
11.7739277,0.0024519,0.229113,9.638887,-0.122632,9.642389,90.728706,88.638359,1,2,3,4
11.7763805,0.0024528,0.284148,9.669994,-0.050847,9.674302,90.301147,88.316879,1,2,3,4
11.7788334,0.0024529,0.253041,9.665209,-0.060419,9.66871,90.35804,88.500305,1,2,3,4
11.7812853,0.0024519,0.19322,9.720243,-0.108275,9.722767,90.638077,88.861214,1,2,3,4
11.7837381,0.0024528,0.229113,9.717851,-0.127418,9.721386,90.750992,88.649414,1,2,3,4
11.786191,0.0024529,0.212363,9.717851,-0.098704,9.720672,90.581795,88.748123,1,2,3,4
11.7886429,0.0024519,0.224327,9.713065,-0.096311,9.716133,90.567955,88.676964,1,2,3,4
11.7910957,0.0024528,0.19322,9.720243,-0.125025,9.722967,90.736771,88.861214,1,2,3,4
11.7935467,0.002451,0.178863,9.693923,-0.113061,9.696232,90.668098,88.942947,1,2,3,4
11.7959995,0.0024528,0.265005,9.689137,-0.055633,9.692921,90.328857,88.433311,1,2,3,4
11.7984514,0.0024519,0.260219,9.710672,-0.079561,9.714484,90.469254,88.464996,1,2,3,4
11.8009033,0.0024519,0.217149,9.715458,-0.168096,9.719338,90.990982,88.719604,1,2,3,4
11.8033562,0.0024529,0.233898,9.713065,-0.105882,9.716458,90.624374,88.620537,1,2,3,4
11.8058081,0.0024519,0.238684,9.715458,-0.08674,9.718777,90.511368,88.592674,1,2,3,4
11.8082609,0.0024528,0.212363,9.722636,-0.101097,9.725481,90.595604,88.748741,1,2,3,4
11.8107128,0.0024519,0.214756,9.715458,-0.201595,9.719922,91.188423,88.733711,1,2,3,4
11.8131666,0.0024538,0.214756,9.729815,-0.132203,9.733084,90.778267,88.73558,1,2,3,4
11.8156195,0.0024529,0.260219,9.725029,-0.08674,9.728896,90.510841,88.467262,1,2,3,4
11.8180704,0.0024509,0.255434,9.744172,-0.098704,9.748019,90.580162,88.49839,1,2,3,4
11.8205233,0.0024529,0.178863,9.725029,-0.141775,9.727707,90.835075,88.946327,1,2,3,4
11.8229761,0.0024528,0.245863,9.736994,-0.093918,9.74055,90.552452,88.553566,1,2,3,4
11.8254271,0.002451,0.219541,9.760921,-0.002991,9.763391,90.017555,88.711525,1,2,3,4
11.8278809,0.0024538,0.224327,9.7681,-0.060419,9.770862,90.354294,88.684418,1,2,3,4
11.8303318,0.0024509,0.202792,9.815957,-0.108275,9.818648,90.631844,88.816475,1,2,3,4
11.8327847,0.0024529,0.224327,9.796814,-0.077169,9.799685,90.451187,88.688271,1,2,3,4
11.8352375,0.0024528,0.250648,9.842278,-0.043669,9.845566,90.254128,88.541191,1,2,3,4
11.8376884,0.0024509,0.205185,9.827921,-0.036491,9.830131,90.212692,88.80397,1,2,3,4
11.8401413,0.0024529,0.214756,9.823135,-0.065204,9.825699,90.380226,88.747581,1,2,3,4
11.8425922,0.0024509,0.221934,9.81835,-0.113061,9.821508,90.659576,88.705109,1,2,3,4
11.8450451,0.0024529,0.24347,9.823135,-0.113061,9.826802,90.659225,88.580193,1,2,3,4
11.847497,0.0024519,0.22672,9.823135,-0.029312,9.825795,90.170921,88.677834,1,2,3,4
11.8499498,0.0024528,0.20997,9.780065,-0.05324,9.782464,90.311829,88.770096,1,2,3,4
11.8524017,0.0024519,0.233898,9.796814,-0.093918,9.800056,90.549103,88.632324,1,2,3,4
11.8548536,0.0024519,0.1334,9.806385,-0.18006,9.808945,91.051819,89.220634,1,2,3,4
11.8573065,0.0024529,0.169292,9.825528,-0.139382,9.827974,90.812607,89.012901,1,2,3,4
11.8597574,0.0024509,0.202792,9.815957,-0.081954,9.818394,90.478256,88.816475,1,2,3,4
11.8622093,0.0024519,0.202792,9.789636,-0.125025,9.792534,90.731537,88.813293,1,2,3,4
11.8646603,0.002451,0.20997,9.806385,-0.182453,9.810329,91.065651,88.773392,1,2,3,4
11.8671131,0.0024528,0.241077,9.837492,-0.158524,9.841722,90.922928,88.596191,1,2,3,4
11.869566,0.0024529,0.19322,9.849456,-0.127418,9.852175,90.741028,88.876152,1,2,3,4
11.8720179,0.0024519,0.224327,9.863813,-0.089133,9.866767,90.517593,88.697182,1,2,3,4
11.8744707,0.0024528,0.248255,9.866206,-0.115454,9.870005,90.670227,88.558617,1,2,3,4
11.8769226,0.0024519,0.236291,9.863813,-0.098704,9.867137,90.573158,88.627724,1,2,3,4
11.8793755,0.0024529,0.248255,9.885348,-0.089133,9.888866,90.516441,88.561409,1,2,3,4
11.8818283,0.0024528,0.241077,9.882956,-0.06999,9.886144,90.405632,88.602654,1,2,3,4
11.8842802,0.0024519,0.221934,9.863813,-0.038883,9.866386,90.2258,88.711075,1,2,3,4
11.8867321,0.0024519,0.253041,9.837492,-0.134596,9.841666,90.783607,88.526558,1,2,3,4
11.889184,0.0024519,0.229113,9.837492,-0.096311,9.840631,90.560768,88.66584,1,2,3,4
11.8916368,0.0024528,0.212363,9.84467,-0.036491,9.847029,90.212326,88.764244,1,2,3,4
11.8940887,0.0024519,0.260219,9.866206,0.016152,9.86965,89.906235,88.489182,1,2,3,4
11.8965406,0.0024519,0.202792,9.916455,-0.081954,9.918867,90.473412,88.828461,1,2,3,4
11.8989935,0.0024529,0.178863,9.904491,-0.235095,9.908895,91.359505,88.965416,1,2,3,4
11.9014454,0.0024519,0.188435,9.909277,-0.144168,9.912117,90.833374,88.910591,1,2,3,4
11.9038973,0.0024519,0.214756,9.882956,-0.136989,9.886238,90.793945,88.755165,1,2,3,4
11.9063492,0.0024519,0.236291,9.923634,-0.177667,9.928036,91.025391,88.635994,1,2,3,4
11.9088011,0.0024519,0.19322,9.91167,-0.27338,9.917321,91.579613,88.883202,1,2,3,4
11.9112539,0.0024528,0.253041,9.93799,-0.227916,9.943824,91.313354,88.541451,1,2,3,4
11.9137049,0.002451,0.238684,9.966704,-0.117847,9.970259,90.677238,88.628136,1,2,3,4
11.9161577,0.0024528,0.219541,9.949955,-0.127418,9.953192,90.733505,88.736,1,2,3,4
11.9186096,0.0024519,0.255434,9.964312,-0.091525,9.968005,90.526093,88.531555,1,2,3,4
11.9210625,0.0024529,0.229113,9.935597,-0.115454,9.93891,90.665581,88.679008,1,2,3,4
11.9235144,0.0024519,0.181256,9.890134,-0.120239,9.892526,90.696419,88.950058,1,2,3,4
11.9259653,0.0024509,0.205185,9.91167,-0.091525,9.914216,90.528946,88.814072,1,2,3,4
11.9284182,0.0024529,0.245863,9.873384,-0.026919,9.876482,90.156166,88.57354,1,2,3,4
11.9308701,0.0024519,0.224327,9.885348,-0.024526,9.887923,90.14212,88.70002,1,2,3,4
11.933322,0.0024519,0.166899,9.906884,-0.055633,9.908446,90.321701,89.034843,1,2,3,4
11.9357748,0.0024528,0.202792,9.870992,-0.074776,9.873358,90.433929,88.823067,1,2,3,4
11.9382257,0.0024509,0.164507,9.870992,-0.055633,9.872519,90.322868,89.045219,1,2,3,4
11.9406786,0.0024529,0.207577,9.906884,-0.002991,9.90906,90.017296,88.799667,1,2,3,4
11.9431305,0.0024519,0.207577,9.87817,0.030508,9.880398,89.823082,88.796181,1,2,3,4
11.9455824,0.0024519,0.250648,9.870992,-0.026919,9.87421,90.156204,88.545433,1,2,3,4
11.9480343,0.0024519,0.260219,9.897313,0.00658,9.900736,89.961922,88.493927,1,2,3,4
11.9504862,0.0024519,0.241077,9.914063,0.016152,9.917006,89.906685,88.607033,1,2,3,4
11.952939,0.0024528,0.24347,9.909277,0.013759,9.912277,89.920471,88.592529,1,2,3,4
11.9553909,0.0024519,0.236291,9.897313,0.00658,9.900136,89.961914,88.632362,1,2,3,4
11.9578428,0.0024519,0.257827,9.870992,0.008973,9.874363,89.947937,88.503799,1,2,3,4
11.9602947,0.0024519,0.200399,9.854242,-0.055633,9.856437,90.323402,88.834976,1,2,3,4
11.9627476,0.0024529,0.236291,9.859028,-0.125025,9.862652,90.726334,88.627052,1,2,3,4
11.9651995,0.0024519,0.255434,9.868599,-0.074776,9.872188,90.433983,88.517319,1,2,3,4
11.9676514,0.0024519,0.257827,9.856635,-0.043669,9.860104,90.253754,88.501617,1,2,3,4
11.9701042,0.0024528,0.200399,9.882956,-0.058026,9.885158,90.336327,88.838364,1,2,3,4
11.9725561,0.0024519,0.212363,9.854242,-0.074776,9.856814,90.434662,88.765442,1,2,3,4
11.975009,0.0024529,0.200399,9.813564,-0.06999,9.81586,90.408539,88.830147,1,2,3,4
11.9774618,0.0024528,0.24347,9.851849,-0.115454,9.855533,90.671211,88.584335,1,2,3,4
11.9799137,0.0024519,0.207577,9.825528,-0.136989,9.828675,90.798599,88.789734,1,2,3,4
11.9823666,0.0024529,0.214756,9.870992,-0.175274,9.874884,91.017021,88.753654,1,2,3,4
11.9848175,0.0024509,0.260219,9.859028,-0.144168,9.863515,90.837479,88.488083,1,2,3,4
11.9872704,0.0024529,0.272184,9.873384,-0.072383,9.8774,90.419876,88.420906,1,2,3,4
11.9897213,0.0024509,0.22672,9.885348,-0.120239,9.888679,90.696693,88.686157,1,2,3,4
11.9921732,0.0024519,0.269791,9.875777,-0.156132,9.880695,90.905411,88.435158,1,2,3,4
11.994626,0.0024528,0.229113,9.890134,-0.153739,9.893982,90.890335,88.672935,1,2,3,4
11.9970779,0.0024519,0.245863,9.825528,-0.122632,9.829369,90.714844,88.566597,1,2,3,4
11.9995298,0.0024519,0.262612,9.870992,-0.148953,9.875607,90.86422,88.476036,1,2,3,4
12.0019817,0.0024519,0.238684,9.825528,-0.215952,9.830799,91.258713,88.608429,1,2,3,4
12.0044336,0.0024519,0.24347,9.84467,-0.230309,9.850373,91.339737,88.583298,1,2,3,4
12.0068846,0.002451,0.219541,9.827921,-0.108275,9.830969,90.63105,88.720306,1,2,3,4
12.0093374,0.0024528,0.241077,9.803992,-0.067597,9.807189,90.39492,88.5914,1,2,3,4
12.0117893,0.0024519,0.229113,9.794421,-0.120239,9.797838,90.703156,88.659973,1,2,3,4
12.0142412,0.0024519,0.20997,9.758529,-0.101097,9.761312,90.593414,88.76738,1,2,3,4
12.0166931,0.0024519,0.217149,9.789636,-0.081954,9.792387,90.479523,88.729301,1,2,3,4
12.019145,0.0024519,0.221934,9.775279,-0.089133,9.778204,90.522285,88.699402,1,2,3,4
12.0215979,0.0024529,0.231506,9.787243,-0.08674,9.790365,90.507629,88.644989,1,2,3,4
12.0240507,0.0024528,0.255434,9.794421,-0.062812,9.797953,90.36731,88.506096,1,2,3,4
12.0265026,0.0024519,0.298505,9.796814,-0.031705,9.801412,90.185333,88.254761,1,2,3,4
12.0289555,0.0024529,0.241077,9.799207,0.04008,9.802254,89.765724,88.590714,1,2,3,4
12.0314074,0.0024519,0.20997,9.782457,-0.022134,9.784736,90.129608,88.770393,1,2,3,4
12.0338602,0.0024528,0.274576,9.775279,-0.05324,9.77928,90.311928,88.391052,1,2,3,4
12.0363131,0.0024529,0.262612,9.758529,0.025723,9.762095,89.84903,88.458481,1,2,3,4
12.038765,0.0024519,0.281755,9.78485,0.042473,9.788998,89.751404,88.350624,1,2,3,4
12.0412178,0.0024528,0.255434,9.789636,0.025723,9.793001,89.849503,88.505363,1,2,3,4
12.0436687,0.0024509,0.195613,9.777672,0.00658,9.779631,89.961449,88.853889,1,2,3,4
12.0461216,0.0024529,0.24347,9.760921,0.001795,9.763958,89.989471,88.571152,1,2,3,4
12.0485735,0.0024519,0.221934,9.760921,0.008973,9.763449,89.947342,88.697487,1,2,3,4
12.0510254,0.0024519,0.178863,9.78485,-0.010169,9.78649,90.05954,88.952774,1,2,3,4
12.0534782,0.0024528,0.181256,9.777672,0.001795,9.779351,89.989487,88.937988,1,2,3,4
12.0559301,0.0024519,0.22672,9.763314,-0.091525,9.766375,90.536957,88.669739,1,2,3,4
12.058382,0.0024519,0.166899,9.746565,-0.206381,9.750178,91.212868,89.018967,1,2,3,4
12.0608349,0.0024529,0.205185,9.782457,-0.249452,9.787788,91.460396,88.798409,1,2,3,4
12.0632858,0.0024509,0.236291,9.763314,-0.242273,9.769177,91.421066,88.613602,1,2,3,4
12.0657387,0.0024529,0.212363,9.792028,-0.223131,9.796872,91.305061,88.757599,1,2,3,4
12.0681906,0.0024519,0.24347,9.765707,-0.215952,9.771129,91.266403,88.571846,1,2,3,4
12.0706434,0.0024528,0.20997,9.760921,-0.18006,9.76484,91.056572,88.767685,1,2,3,4
12.0730963,0.0024529,0.221934,9.763314,-0.127418,9.766667,90.747513,88.697807,1,2,3,4
12.0755482,0.0024519,0.200399,9.789636,-0.275773,9.795569,91.613251,88.827293,1,2,3,4
12.078001,0.0024528,0.202792,9.772886,-0.187238,9.776783,91.097359,88.811256,1,2,3,4
12.0804529,0.0024519,0.229113,9.792028,-0.038883,9.794785,90.227455,88.659645,1,2,3,4
12.0829058,0.0024529,0.183649,9.758529,-0.089133,9.760664,90.523224,88.92186,1,2,3,4
12.0853586,0.0024528,0.181256,9.765707,-0.201595,9.769469,91.182396,88.936684,1,2,3,4
12.0878096,0.002451,0.20997,9.775279,-0.19681,9.779514,91.153137,88.769493,1,2,3,4
12.0902624,0.0024528,0.164507,9.796814,-0.117847,9.798903,90.689087,89.037987,1,2,3,4
12.0927134,0.002451,0.200399,9.803992,-0.072383,9.806308,90.42292,88.82901,1,2,3,4
12.0951662,0.0024528,0.19322,9.787243,-0.079561,9.789474,90.46566,88.869011,1,2,3,4
12.0976191,0.0024529,0.245863,9.808778,-0.153739,9.813063,90.897675,88.564148,1,2,3,4
12.1000719,0.0024528,0.231506,9.815957,-0.115454,9.819366,90.673683,88.648949,1,2,3,4
12.1025248,0.0024529,0.224327,9.806385,-0.019741,9.80897,90.115311,88.689552,1,2,3,4
12.1049786,0.0024538,0.267398,9.849456,0.054437,9.853235,89.683456,88.444885,1,2,3,4
12.1074314,0.0024528,0.19322,9.811171,0.032901,9.813128,89.807899,88.871765,1,2,3,4
12.1098843,0.0024529,0.219541,9.799207,-0.017348,9.801681,90.10141,88.71656,1,2,3,4
12.1123371,0.0024528,0.200399,9.815957,-0.043669,9.8181,90.254845,88.830437,1,2,3,4
12.11479,0.0024529,0.198006,9.827921,-0.05324,9.83006,90.310318,88.845802,1,2,3,4
12.1172438,0.0024538,0.19322,9.775279,-0.012562,9.777197,90.073616,88.867622,1,2,3,4
12.1196957,0.0024519,0.224327,9.770494,0.004187,9.773069,89.975449,88.684738,1,2,3,4
12.1221495,0.0024538,0.169292,9.780065,0.047258,9.781644,89.723183,89.008316,1,2,3,4
12.1246023,0.0024528,0.207577,9.830314,0.04008,9.832587,89.766449,88.790321,1,2,3,4
12.1270542,0.0024519,0.200399,9.81835,0.02333,9.820422,89.863884,88.830719,1,2,3,4
12.129508,0.0024538,0.22672,9.839885,0.068794,9.842736,89.599541,88.680084,1,2,3,4
12.1319618,0.0024538,0.250648,9.880563,0.032901,9.883797,89.809273,88.546844,1,2,3,4
12.1344137,0.0024519,0.250648,9.873384,-0.014955,9.876576,90.086754,88.545784,1,2,3,4
12.1368685,0.0024548,0.272184,9.849456,-0.024526,9.853247,90.142616,88.417068,1,2,3,4
12.1393213,0.0024528,0.250648,9.851849,-0.019741,9.855057,90.114769,88.54261,1,2,3,4
12.1417732,0.0024519,0.298505,9.894919,-0.005384,9.899423,90.031158,88.272057,1,2,3,4
12.144227,0.0024538,0.288933,9.899706,0.011366,9.903928,89.93425,88.328239,1,2,3,4
12.1466808,0.0024538,0.276969,9.890134,0.013759,9.894021,89.920326,88.395874,1,2,3,4
12.1491337,0.0024529,0.293719,9.863813,-0.007777,9.868189,90.045151,88.29438,1,2,3,4
12.1515865,0.0024528,0.250648,9.87817,-0.048455,9.881469,90.280952,88.546494,1,2,3,4
12.1540394,0.0024529,0.272184,9.882956,-0.050847,9.886834,90.29467,88.422432,1,2,3,4
12.1564913,0.0024519,0.250648,9.890134,-0.000598,9.89331,90.003464,88.548248,1,2,3,4
12.1589451,0.0024538,0.257827,9.870992,-0.026919,9.874395,90.156197,88.503799,1,2,3,4
12.161397,0.0024519,0.212363,9.875777,-0.055633,9.878217,90.322685,88.768135,1,2,3,4
12.1638508,0.0024538,0.245863,9.851849,-0.067597,9.855148,90.392998,88.570427,1,2,3,4
12.1663046,0.0024538,0.221934,9.87817,-0.120239,9.881394,90.697205,88.712944,1,2,3,4
12.1687565,0.0024519,0.233898,9.87817,-0.134596,9.881856,90.780426,88.643585,1,2,3,4
12.1712103,0.0024538,0.269791,9.868599,-0.072383,9.872551,90.420082,88.434021,1,2,3,4
12.1736631,0.0024528,0.250648,9.894919,-0.153739,9.899287,90.889854,88.54895,1,2,3,4
12.176116,0.0024529,0.241077,9.909277,-0.203988,9.914308,91.178947,88.606361,1,2,3,4
12.1785688,0.0024528,0.236291,9.949955,-0.208774,9.954949,91.201691,88.639595,1,2,3,4
12.1810226,0.0024538,0.284148,9.959526,-0.136989,9.96452,90.787712,88.365784,1,2,3,4
12.1834745,0.0024519,0.281755,9.964312,-0.144168,9.969337,90.82859,88.38031,1,2,3,4
12.1859283,0.0024538,0.253041,9.945169,-0.23988,9.95128,91.381279,88.542503,1,2,3,4
12.1883821,0.0024538,0.284148,9.964312,-0.206381,9.970499,91.186058,88.366562,1,2,3,4
12.190834,0.0024519,0.231506,9.93799,-0.201595,9.94273,91.161789,88.665535,1,2,3,4
12.1932878,0.0024538,0.293719,9.923634,-0.280558,9.931943,91.618713,88.304657,1,2,3,4
12.1957407,0.0024529,0.236291,9.916455,-0.189631,9.921082,91.095215,88.635002,1,2,3,4
12.1981936,0.0024529,0.279362,9.966704,-0.144168,9.971661,90.828392,88.394447,1,2,3,4
12.2006464,0.0024528,0.229113,9.959526,-0.14656,9.963239,90.842857,88.682175,1,2,3,4
12.2030993,0.0024529,0.276969,9.945169,-0.139382,9.950002,90.802635,88.404747,1,2,3,4
12.2055521,0.0024528,0.20997,9.993026,-0.168096,9.996645,90.963486,88.796295,1,2,3,4
12.208005,0.0024529,0.253041,9.976275,-0.160917,9.980782,90.923805,88.547043,1,2,3,4
12.2104559,0.0024509,0.221934,9.940384,-0.153739,9.94405,90.885849,88.720993,1,2,3,4
12.2129087,0.0024528,0.255434,9.983455,-0.127418,9.987535,90.73098,88.534363,1,2,3,4
12.2153616,0.0024529,0.257827,9.959526,-0.127418,9.963677,90.732735,88.51709,1,2,3,4
12.2178135,0.0024519,0.22672,9.985847,-0.125025,9.989203,90.717133,88.699371,1,2,3,4
12.2202663,0.0024528,0.248255,9.947562,-0.139382,9.951635,90.802505,88.570404,1,2,3,4
12.2227182,0.0024519,0.253041,9.964312,-0.141775,9.968533,90.814903,88.545303,1,2,3,4
12.2251711,0.0024529,0.248255,9.966704,-0.108275,9.970384,90.622223,88.573143,1,2,3,4
12.227623,0.0024519,0.229113,9.957133,-0.096311,9.960235,90.554031,88.681862,1,2,3,4
12.2300749,0.0024519,0.253041,9.976275,-0.120239,9.980208,90.6903,88.547043,1,2,3,4
12.2325268,0.0024519,0.20997,9.969097,-0.10349,9.971846,90.594635,88.793411,1,2,3,4
12.2349787,0.0024519,0.231506,9.993026,-0.043669,9.995803,90.250313,88.672882,1,2,3,4
12.2374315,0.0024528,0.229113,9.985847,-0.05324,9.988617,90.305397,88.685654,1,2,3,4
12.2398825,0.002451,0.221934,10.007382,-0.08674,10.010219,90.496483,88.729553,1,2,3,4
12.2423344,0.0024519,0.157328,9.97149,-0.175274,9.974271,91.006889,89.096077,1,2,3,4
12.2447872,0.0024528,0.288933,10.012168,-0.084347,10.016691,90.482475,88.347008,1,2,3,4
12.2472391,0.0024519,0.183649,9.981061,-0.010169,9.982756,90.058365,88.945892,1,2,3,4
12.249692,0.0024529,0.312862,10.038489,-0.079561,10.043679,90.453873,88.21489,1,2,3,4
12.2521439,0.0024519,0.109472,9.914063,-0.254237,9.917926,91.468887,89.367363,1,2,3,4
12.2545967,0.0024528,0.332004,9.993026,0.102293,9.999063,89.413841,88.09713,1,2,3,4
12.2570486,0.0024519,0.207577,10.000204,0.238684,10.005206,88.633026,88.810867,1,2,3,4
12.2595005,0.0024519,0.241077,9.990633,-0.026919,9.993578,90.154335,88.617706,1,2,3,4
12.2619524,0.0024519,0.178863,9.983455,-0.160917,9.986353,90.923286,88.973602,1,2,3,4
12.2644043,0.0024519,0.257827,9.997811,-0.05324,10.001277,90.305008,88.522766,1,2,3,4
12.2668571,0.0024528,0.253041,9.952348,0.059222,9.95574,89.659172,88.543556,1,2,3,4
12.26931,0.0024529,0.279362,9.949955,-0.048455,9.953994,90.278908,88.391747,1,2,3,4
12.2717609,0.0024509,0.229113,9.947562,-0.10349,9.950739,90.595901,88.680595,1,2,3,4
12.2742138,0.0024529,0.221934,9.961919,-0.141775,9.9654,90.815155,88.723763,1,2,3,4
12.2766657,0.0024519,0.260219,9.947562,-0.046062,9.951072,90.265213,88.501534,1,2,3,4
12.2791185,0.0024528,0.233898,9.926026,-0.089133,9.929182,90.514343,88.650124,1,2,3,4
12.2815714,0.0024529,0.221934,9.918848,-0.091525,9.921753,90.528549,88.718224,1,2,3,4
12.2840233,0.0024519,0.233898,9.945169,-0.096311,9.948386,90.554695,88.652718,1,2,3,4
12.2864761,0.0024528,0.255434,9.926026,-0.089133,9.929712,90.514313,88.525894,1,2,3,4
12.288929,0.0024529,0.279362,9.902099,-0.072383,9.906303,90.418648,88.38398,1,2,3,4
12.2913809,0.0024519,0.257827,9.914063,-0.113061,9.918058,90.65316,88.510292,1,2,3,4
12.2938337,0.0024528,0.298505,9.897313,-0.091525,9.902237,90.529587,88.272476,1,2,3,4
12.2962856,0.0024519,0.293719,9.906884,-0.065204,9.911452,90.376938,88.301796,1,2,3,4
12.2987385,0.0024529,0.284148,9.866206,-0.115454,9.870973,90.670166,88.350334,1,2,3,4
12.3011904,0.0024519,0.276969,9.882956,-0.098704,9.887329,90.571983,88.394707,1,2,3,4
12.3036442,0.0024538,0.236291,9.847063,-0.067597,9.85013,90.393196,88.625389,1,2,3,4
12.306097,0.0024528,0.250648,9.87817,-0.031705,9.8814,90.183838,88.546494,1,2,3,4
12.3085489,0.0024519,0.231506,9.882956,-0.048455,9.885786,90.28083,88.658104,1,2,3,4
12.3110018,0.0024529,0.231506,9.873384,-0.10349,9.87664,90.600372,88.656807,1,2,3,4
12.3134546,0.0024528,0.214756,9.856635,-0.060419,9.859159,90.35112,88.751839,1,2,3,4
12.3159056,0.002451,0.238684,9.887741,-0.046062,9.890729,90.26683,88.61718,1,2,3,4
12.3183594,0.0024538,0.219541,9.863813,-0.05324,9.8664,90.309174,88.72496,1,2,3,4
12.3208103,0.0024509,0.238684,9.87817,-0.101097,9.88157,90.586197,88.615845,1,2,3,4
12.3232632,0.0024529,0.24347,9.875777,-0.08674,9.879159,90.503067,88.587761,1,2,3,4
12.325716,0.0024528,0.269791,9.851849,-0.058026,9.855713,90.337334,88.431358,1,2,3,4
12.328167,0.002451,0.281755,9.835099,-0.098704,9.839629,90.57476,88.359047,1,2,3,4
12.3306198,0.0024528,0.245863,9.825528,-0.127418,9.82943,90.742737,88.566597,1,2,3,4
12.3330727,0.0024529,0.231506,9.8016,-0.105882,9.804905,90.618744,88.646973,1,2,3,4
12.3355255,0.0024528,0.250648,9.770494,-0.058026,9.77388,90.340157,88.530479,1,2,3,4
12.3379784,0.0024529,0.224327,9.746565,-0.034098,9.749206,90.200394,88.681511,1,2,3,4
12.3404293,0.0024509,0.217149,9.756136,-0.122632,9.759323,90.719978,88.724937,1,2,3,4
12.3428812,0.0024519,0.245863,9.746565,-0.132203,9.750562,90.776871,88.554985,1,2,3,4
12.3453331,0.0024519,0.207577,9.725029,-0.079561,9.72757,90.468628,88.777229,1,2,3,4
12.347785,0.0024519,0.205185,9.729815,-0.06999,9.73223,90.412048,88.791916,1,2,3,4
12.3502369,0.0024519,0.195613,9.744172,-0.089133,9.746543,90.523979,88.849945,1,2,3,4
12.3526897,0.0024528,0.207577,9.732208,-0.117847,9.735135,90.693596,88.77813,1,2,3,4
12.3551416,0.0024519,0.219541,9.765707,-0.105882,9.768748,90.621033,88.712158,1,2,3,4
12.3575935,0.0024519,0.190828,9.717851,-0.06999,9.719976,90.412567,88.875038,1,2,3,4
12.3600464,0.0024529,0.202792,9.782457,-0.148953,9.785692,90.872162,88.812424,1,2,3,4
12.3625002,0.0024538,0.260219,9.748958,-0.151346,9.753604,90.889091,88.471024,1,2,3,4
12.3649521,0.0024519,0.212363,9.722636,-0.105882,9.725532,90.623795,88.748741,1,2,3,4
12.3674049,0.0024528,0.20997,9.744172,-0.187238,9.748233,91.100571,88.765564,1,2,3,4
12.3698568,0.0024519,0.269791,9.75135,-0.055633,9.75524,90.326752,88.415199,1,2,3,4
12.3723106,0.0024538,0.231506,9.736994,-0.077169,9.740051,90.453949,88.638,1,2,3,4
12.3747635,0.0024529,0.272184,9.746565,-0.108275,9.750966,90.63623,88.400368,1,2,3,4
12.3772144,0.0024509,0.138186,9.662816,-0.148953,9.664951,90.883057,89.180687,1,2,3,4
12.3796682,0.0024538,0.214756,9.713065,-0.19681,9.717432,91.160507,88.733398,1,2,3,4
12.3821192,0.002451,0.119043,9.669994,-0.172881,9.672272,91.024155,89.294693,1,2,3,4
12.384572,0.0024528,0.408574,9.70828,-0.019741,9.716893,90.116402,87.590118,1,2,3,4
12.3870249,0.0024529,0.114257,9.638887,0.061615,9.639762,89.633774,89.320862,1,2,3,4
12.3894768,0.0024519,0.248255,9.732208,-0.321236,9.740672,91.889893,88.53878,1,2,3,4
12.3919296,0.0024528,0.114257,9.713065,-0.309272,9.718659,91.823601,89.32605,1,2,3,4
12.3943815,0.0024519,0.274576,9.732208,-0.017348,9.736096,90.102089,88.383934,1,2,3,4
12.3968334,0.0024519,0.236291,9.725029,0.011366,9.727905,89.93306,88.608147,1,2,3,4
12.3992863,0.0024529,0.224327,9.744172,-0.127418,9.747587,90.748978,88.68119,1,2,3,4
12.4017382,0.0024519,0.219541,9.696316,-0.158524,9.700096,90.936401,88.702942,1,2,3,4
12.404191,0.0024528,0.198006,9.729815,-0.122632,9.732603,90.721954,88.834167,1,2,3,4
12.4066429,0.0024519,0.260219,9.70828,-0.029312,9.711811,90.172928,88.464622,1,2,3,4
12.4090958,0.0024529,0.214756,9.701101,-0.036491,9.703547,90.215462,88.731834,1,2,3,4
12.4115496,0.0024538,0.22672,9.684352,-0.091525,9.687438,90.541328,88.658897,1,2,3,4
12.4140005,0.0024509,0.229113,9.672387,-0.060419,9.675288,90.357796,88.643074,1,2,3,4
12.4164534,0.0024529,0.20997,9.681958,-0.005384,9.684237,90.031853,88.757637,1,2,3,4
12.4189072,0.0024538,0.214756,9.667602,-0.034098,9.670047,90.202034,88.72744,1,2,3,4
12.4213591,0.0024519,0.212363,9.681958,-0.10349,9.68484,90.612259,88.743484,1,2,3,4
12.4238119,0.0024528,0.169292,9.626924,-0.18006,9.630095,91.071358,88.992538,1,2,3,4
12.4262638,0.0024519,0.217149,9.679565,-0.06999,9.682254,90.414177,88.714859,1,2,3,4
12.4287167,0.0024529,0.176471,9.667602,0.066401,9.66944,89.606544,88.954247,1,2,3,4
12.4311695,0.0024528,0.236291,9.710672,-0.084347,9.713913,90.497513,88.606087,1,2,3,4
12.4336214,0.0024519,0.186042,9.713065,-0.170489,9.716343,91.005394,88.902702,1,2,3,4
12.4360743,0.0024529,0.20997,9.720243,-0.16331,9.723883,90.962311,88.762527,1,2,3,4
12.4385262,0.0024519,0.229113,9.765707,-0.122632,9.769164,90.719254,88.656036,1,2,3,4
12.440979,0.0024528,0.253041,9.780065,-0.129811,9.784199,90.760185,88.517906,1,2,3,4
12.4434319,0.0024529,0.241077,9.808778,-0.144168,9.812799,90.841805,88.592087,1,2,3,4
12.4458838,0.0024519,0.214756,9.794421,-0.19681,9.798752,91.150871,88.743912,1,2,3,4
12.4483366,0.0024528,0.207577,9.789636,-0.220738,9.794324,91.291405,88.785294,1,2,3,4
12.4507895,0.0024529,0.24347,9.777672,-0.208774,9.78293,91.222816,88.573593,1,2,3,4
12.4532413,0.0024518,0.181256,9.799207,-0.201595,9.802956,91.17836,88.940315,1,2,3,4
12.4556942,0.0024529,0.214756,9.782457,-0.168096,9.786259,90.9842,88.742378,1,2,3,4
12.4581461,0.0024519,0.238684,9.744172,-0.177667,9.748713,91.044258,88.596817,1,2,3,4
12.4605989,0.0024528,0.186042,9.753743,-0.19681,9.757503,91.155739,88.90728,1,2,3,4
12.4630508,0.0024519,0.164507,9.780065,-0.249452,9.784628,91.460869,89.036339,1,2,3,4
12.4655027,0.0024519,0.202792,9.796814,-0.244666,9.801967,91.430305,88.814163,1,2,3,4
12.4679556,0.0024529,0.214756,9.796814,-0.237488,9.802045,91.388321,88.744225,1,2,3,4
12.4704084,0.0024528,0.248255,9.792028,-0.170489,9.796659,90.997154,88.547699,1,2,3,4
12.4728613,0.0024529,0.22672,9.792028,-0.223131,9.797194,91.305023,88.673637,1,2,3,4
12.4753132,0.0024519,0.257827,9.825528,-0.242273,9.831896,91.412003,88.49688,1,2,3,4
12.4777651,0.0024519,0.217149,9.760921,-0.266202,9.766965,91.561806,88.725563,1,2,3,4
12.4802179,0.0024528,0.248255,9.887741,-0.249452,9.894002,91.444717,88.561752,1,2,3,4
12.4826689,0.002451,0.269791,9.859028,-0.158524,9.863993,90.920845,88.432503,1,2,3,4
12.4851227,0.0024538,0.288933,9.866206,-0.144168,9.871489,90.8368,88.322563,1,2,3,4
12.4875755,0.0024528,0.260219,9.885348,-0.208774,9.890976,91.209457,88.492111,1,2,3,4
12.4900274,0.0024519,0.241077,9.842278,-0.213559,9.847546,91.242645,88.596878,1,2,3,4
12.4924803,0.0024529,0.288933,9.837492,-0.110668,9.842356,90.644249,88.317673,1,2,3,4
12.4949312,0.0024509,0.250648,9.856635,-0.031705,9.859873,90.184235,88.54332,1,2,3,4
12.4973841,0.0024529,0.265005,9.859028,-0.048455,9.862708,90.281494,88.460289,1,2,3,4
12.4998369,0.0024528,0.20997,9.863813,-0.113061,9.866695,90.656555,88.780533,1,2,3,4
12.5022888,0.0024519,0.241077,9.870992,-0.153739,9.875133,90.892036,88.60096,1,2,3,4
12.5047407,0.0024519,0.19322,9.902099,-0.043669,9.904079,90.252632,88.882126,1,2,3,4
12.5071936,0.0024529,0.202792,9.897313,-0.024526,9.899421,90.141953,88.826195,1,2,3,4
12.5096455,0.0024519,0.169292,9.890134,-0.096311,9.892052,90.557854,89.019348,1,2,3,4
12.5120983,0.0024528,0.147757,9.873384,-0.218345,9.876904,91.266724,89.142624,1,2,3,4
12.5145502,0.0024519,0.200399,9.894919,-0.139382,9.89793,90.806862,88.839767,1,2,3,4
12.5170031,0.0024529,0.202792,9.914063,0.068794,9.916375,89.602516,88.828178,1,2,3,4
12.519455,0.0024519,0.262612,9.952348,0.068794,9.956049,89.604095,88.488487,1,2,3,4
12.5219078,0.0024528,0.233898,9.928419,-0.081954,9.931512,90.472809,88.650452,1,2,3,4
12.5243607,0.0024529,0.233898,9.935597,-0.115454,9.939021,90.665573,88.651421,1,2,3,4
12.5268135,0.0024528,0.236291,9.926026,-0.041276,9.928925,90.23819,88.636322,1,2,3,4
12.5292664,0.0024529,0.272184,9.959526,-0.046062,9.963351,90.264885,88.434555,1,2,3,4
12.5317183,0.0024519,0.22672,9.957133,-0.141775,9.960723,90.815536,88.695625,1,2,3,4
12.5341702,0.0024519,0.241077,9.935597,-0.170489,9.939984,90.982773,88.610054,1,2,3,4
12.536622,0.0024518,0.248255,9.964312,-0.144168,9.968446,90.828659,88.5728,1,2,3,4
12.5390749,0.0024529,0.262612,9.978668,-0.101097,9.982635,90.580261,88.492477,1,2,3,4
12.5415268,0.0024519,0.260219,9.995419,-0.136989,9.999743,90.784935,88.508705,1,2,3,4
12.5439787,0.0024519,0.260219,9.969097,-0.177667,9.974075,91.02066,88.504768,1,2,3,4
12.5464306,0.0024519,0.253041,9.997811,-0.16331,10.002347,90.935524,88.550171,1,2,3,4
12.5488834,0.0024528,0.255434,9.973883,-0.151346,9.978301,90.869064,88.532959,1,2,3,4
12.5513353,0.0024519,0.267398,9.995419,-0.160917,10.00029,90.922005,88.467583,1,2,3,4
12.5537872,0.0024519,0.253041,9.990633,-0.172881,9.995333,90.991051,88.549133,1,2,3,4
12.5562401,0.0024529,0.274576,9.981061,-0.151346,9.985984,90.868401,88.424202,1,2,3,4
12.558692,0.0024519,0.265005,9.985847,-0.117847,9.990058,90.675896,88.479836,1,2,3,4
12.5611448,0.0024528,0.260219,10.019346,-0.144168,10.023762,90.824089,88.512268,1,2,3,4
12.5635967,0.0024519,0.250648,10.014561,-0.141775,10.018701,90.810822,88.566277,1,2,3,4
12.5660496,0.0024529,0.24347,9.990633,-0.136989,9.994538,90.785347,88.603989,1,2,3,4
12.5685015,0.0024519,0.224327,9.978668,-0.098704,9.981678,90.566582,88.712166,1,2,3,4
12.5709543,0.0024528,0.229113,9.981061,-0.089133,9.984088,90.511513,88.68502,1,2,3,4
12.5734072,0.0024529,0.207577,9.973883,-0.101097,9.976555,90.580612,88.807724,1,2,3,4
12.5758591,0.0024519,0.284148,9.935597,-0.024526,9.939691,90.14138,88.361847,1,2,3,4
12.578311,0.0024519,0.229113,9.973883,0.011366,9.97652,89.934723,88.684074,1,2,3,4
12.5807619,0.0024509,0.229113,9.940384,-0.038883,9.9431,90.22406,88.679642,1,2,3,4
12.5832157,0.0024538,0.221934,9.969097,-0.043669,9.971663,90.250916,88.724678,1,2,3,4
12.5856676,0.0024519,0.253041,9.945169,-0.002991,9.948389,90.017227,88.542503,1,2,3,4
12.5881186,0.002451,0.265005,9.952348,0.004187,9.955876,89.975899,88.474724,1,2,3,4
12.5905714,0.0024528,0.265005,9.954741,-0.002991,9.958267,90.017212,88.47509,1,2,3,4
12.5930233,0.0024519,0.260219,9.942777,-0.031705,9.946232,90.18264,88.500816,1,2,3,4
12.5954752,0.0024519,0.205185,9.957133,-0.031705,9.959297,90.182396,88.819489,1,2,3,4
12.597928,0.0024528,0.245863,9.947562,0.004187,9.950601,89.975891,88.584175,1,2,3,4
12.600379,0.002451,0.267398,9.916455,-0.058026,9.920229,90.335136,88.455391,1,2,3,4
12.6028318,0.0024528,0.221934,9.93799,-0.101097,9.940982,90.582687,88.720688,1,2,3,4
12.6052837,0.0024519,0.241077,9.923634,-0.058026,9.926731,90.334923,88.608376,1,2,3,4
12.6077366,0.0024529,0.255434,9.945169,-0.014955,9.948461,90.086128,88.528725,1,2,3,4
12.6101885,0.0024519,0.207577,9.914063,-0.041276,9.916321,90.238495,88.800537,1,2,3,4
12.6126413,0.0024528,0.212363,9.923634,-0.007777,9.925908,90.044891,88.774071,1,2,3,4
12.6150932,0.0024519,0.221934,9.916455,-0.024526,9.918969,90.141678,88.717911,1,2,3,4
12.6175442,0.002451,0.248255,9.933205,0.011366,9.936313,89.934464,88.568336,1,2,3,4
12.619997,0.0024528,0.253041,9.923634,0.004187,9.92686,89.97583,88.539345,1,2,3,4
12.622448,0.002451,0.200399,9.928419,-0.022134,9.930467,90.127701,88.843681,1,2,3,4
12.6248999,0.0024519,0.207577,9.906884,-0.024526,9.909089,90.141815,88.799667,1,2,3,4
12.6273518,0.0024519,0.262612,9.930812,-0.031705,9.934334,90.182854,88.485214,1,2,3,4
12.6298037,0.0024519,0.241077,9.897313,-0.072383,9.900514,90.418892,88.604675,1,2,3,4
12.6322565,0.0024528,0.229113,9.882956,-0.108275,9.886204,90.627525,88.671974,1,2,3,4
12.6347084,0.0024519,0.265005,9.887741,-0.108275,9.891885,90.627167,88.46476,1,2,3,4
12.6371613,0.0024529,0.238684,9.856635,-0.024526,9.859555,90.142525,88.612823,1,2,3,4
12.6396132,0.0024519,0.248255,9.842278,0.011366,9.845415,89.933853,88.555115,1,2,3,4
12.642066,0.0024528,0.245863,9.832706,-0.043669,9.835876,90.254379,88.567642,1,2,3,4
12.6445179,0.0024519,0.224327,9.863813,-0.046062,9.866471,90.267487,88.697182,1,2,3,4
12.6469698,0.0024519,0.212363,9.854242,-0.014955,9.856542,90.086937,88.765442,1,2,3,4
12.6494217,0.0024519,0.22672,9.8016,0.049651,9.804347,89.709839,88.674934,1,2,3,4
12.6518736,0.0024519,0.183649,9.837492,-0.048455,9.839325,90.282158,88.930511,1,2,3,4
12.6543264,0.0024528,0.178863,9.820743,-0.156132,9.823612,90.910667,88.956596,1,2,3,4
12.6567783,0.0024519,0.241077,9.835099,-0.050847,9.838185,90.296127,88.595856,1,2,3,4
12.6592302,0.0024519,0.265005,9.842278,0.037687,9.845917,89.780693,88.457672,1,2,3,4
12.6616831,0.0024529,0.253041,9.794421,-0.024526,9.79772,90.143425,88.520081,1,2,3,4
12.664134,0.0024509,0.257827,9.830314,-0.144168,9.834751,90.839928,88.497604,1,2,3,4
12.6665869,0.0024529,0.200399,9.823135,-0.110668,9.825803,90.64534,88.831291,1,2,3,4
12.6690397,0.0024528,0.241077,9.8016,-0.036491,9.804632,90.213242,88.591057,1,2,3,4
12.6714916,0.0024519,0.233898,9.777672,-0.046062,9.780578,90.269836,88.629646,1,2,3,4
12.6739445,0.0024529,0.248255,9.789636,-0.10349,9.79333,90.605476,88.547348,1,2,3,4
12.6763964,0.0024519,0.200399,9.756136,-0.060419,9.758381,90.354744,88.823265,1,2,3,4
12.6788492,0.0024528,0.241077,9.772886,-0.029312,9.775904,90.171799,88.586922,1,2,3,4
12.6813021,0.0024529,0.236291,9.775279,-0.055633,9.778293,90.325981,88.615295,1,2,3,4
12.683753,0.0024509,0.205185,9.756136,-0.096311,9.758769,90.565475,88.795174,1,2,3,4
12.6862068,0.0024538,0.15015,9.770494,-0.084347,9.772011,90.494553,89.119568,1,2,3,4
12.6886597,0.0024529,0.198006,9.729815,-0.060419,9.732018,90.355705,88.834167,1,2,3,4
12.6911116,0.0024519,0.212363,9.698709,-0.096311,9.701511,90.56881,88.745651,1,2,3,4
12.6935644,0.0024528,0.195613,9.748958,-0.132203,9.751816,90.776772,88.85051,1,2,3,4
12.6960163,0.0024519,0.162114,9.715458,-0.16331,9.718183,90.962875,89.044044,1,2,3,4
12.6984692,0.0024529,0.214756,9.775279,-0.060419,9.777824,90.354042,88.741455,1,2,3,4
12.7009211,0.0024519,0.231506,9.729815,0.030508,9.732617,89.820396,88.636993,1,2,3,4
12.703373,0.0024519,0.255434,9.770494,-0.022134,9.773857,90.129753,88.502434,1,2,3,4
12.7058258,0.0024528,0.241077,9.741779,-0.048455,9.744883,90.284897,88.582405,1,2,3,4
12.7082777,0.0024519,0.233898,9.7681,-0.067597,9.771133,90.396378,88.628304,1,2,3,4
12.7107296,0.0024519,0.205185,9.741779,-0.062812,9.744143,90.369339,88.793396,1,2,3,4
12.7131815,0.0024519,0.229113,9.744172,-0.060419,9.747052,90.355164,88.653061,1,2,3,4
12.7156334,0.0024519,0.24347,9.765707,-0.098704,9.76924,90.578903,88.571846,1,2,3,4
12.7180862,0.0024528,0.233898,9.725029,-0.110668,9.728471,90.651794,88.622238,1,2,3,4
12.7205381,0.0024519,0.224327,9.681958,-0.132203,9.685459,90.782097,88.672714,1,2,3,4
12.722991,0.0024529,0.178863,9.677173,-0.158524,9.680123,90.938332,88.941124,1,2,3,4
12.7254429,0.0024519,0.157328,9.715458,-0.132203,9.717631,90.779503,89.072258,1,2,3,4
12.7278957,0.0024528,0.186042,9.710672,-0.125025,9.713259,90.737511,88.902435,1,2,3,4
12.7303486,0.0024529,0.159721,9.75135,-0.120239,9.7534,90.70636,89.061615,1,2,3,4
12.7328005,0.0024519,0.186042,9.739387,-0.151346,9.742339,90.890121,88.90567,1,2,3,4
12.7352524,0.0024519,0.22672,9.763314,-0.165703,9.767352,90.972069,88.669739,1,2,3,4
12.7377043,0.0024519,0.231506,9.758529,-0.151346,9.762447,90.888283,88.641006,1,2,3,4
12.7401571,0.0024528,0.231506,9.763314,-0.175274,9.767632,91.028191,88.64167,1,2,3,4
12.7426081,0.002451,0.245863,9.758529,-0.213559,9.763961,91.253288,88.556763,1,2,3,4
12.7450609,0.0024528,0.229113,9.756136,-0.278166,9.76279,91.632721,88.654716,1,2,3,4
12.7475138,0.0024529,0.233898,9.789636,-0.237488,9.795309,91.389275,88.631325,1,2,3,4
12.7499647,0.0024509,0.269791,9.765707,-0.187238,9.771227,91.097984,88.417526,1,2,3,4
12.7524176,0.0024529,0.255434,9.787243,-0.168096,9.792019,90.98362,88.504997,1,2,3,4
12.7548695,0.0024519,0.205185,9.753743,-0.148953,9.757038,90.874725,88.794876,1,2,3,4
12.7573214,0.0024519,0.24347,9.753743,-0.132203,9.757677,90.776306,88.570099,1,2,3,4
12.7597733,0.0024519,0.24347,9.720243,-0.026919,9.72333,90.158623,88.56517,1,2,3,4
12.7622252,0.0024519,0.176471,9.715458,-0.254237,9.720386,91.498749,88.959396,1,2,3,4
12.764677,0.0024518,0.229113,9.69153,-0.187238,9.696046,91.106499,88.645752,1,2,3,4
12.7671289,0.0024519,0.24347,9.729815,0.02333,9.732889,89.862663,88.566582,1,2,3,4
12.7695818,0.0024529,0.22672,9.717851,0.011366,9.720502,89.933006,88.663521,1,2,3,4
12.7720346,0.0024528,0.181256,9.741779,-0.115454,9.744149,90.678886,88.934074,1,2,3,4
12.7744865,0.0024519,0.195613,9.727423,-0.127418,9.730224,90.750313,88.847969,1,2,3,4
12.7769384,0.0024519,0.186042,9.746565,-0.048455,9.748461,90.28479,88.906471,1,2,3,4
12.7793903,0.0024519,0.19322,9.7681,0.004187,9.770011,89.975441,88.866791,1,2,3,4
12.7818432,0.0024529,0.171685,9.756136,-0.041276,9.757733,90.242371,88.991837,1,2,3,4
12.7842941,0.0024509,0.212363,9.744172,-0.046062,9.746594,90.270775,88.751503,1,2,3,4
12.786747,0.0024529,0.253041,9.772886,-0.038883,9.776239,90.227882,88.516823,1,2,3,4
12.7891998,0.0024528,0.219541,9.799207,-0.060419,9.801851,90.353172,88.71656,1,2,3,4
12.7916517,0.0024519,0.224327,9.799207,-0.041276,9.801861,90.24128,88.688591,1,2,3,4
12.7941046,0.0024529,0.231506,9.811171,-0.034098,9.813961,90.199066,88.648293,1,2,3,4
12.7965574,0.0024528,0.217149,9.815957,-0.055633,9.818517,90.324646,88.732712,1,2,3,4
12.7990093,0.0024519,0.164507,9.782457,-0.113061,9.784493,90.662071,89.036575,1,2,3,4
12.8014612,0.0024519,0.200399,9.825528,-0.168096,9.829009,90.979919,88.831573,1,2,3,4
12.8039131,0.0024519,0.15015,9.827921,-0.203988,9.831184,91.188919,89.12471,1,2,3,4
12.806366,0.0024529,0.20997,9.861421,-0.215952,9.86602,91.254219,88.780235,1,2,3,4
12.8088179,0.0024519,0.221934,9.885348,-0.182453,9.889523,91.057114,88.713875,1,2,3,4
12.8112698,0.0024519,0.219541,9.887741,-0.153739,9.891373,90.890572,88.72805,1,2,3,4
12.8137226,0.0024528,0.205185,9.854242,-0.168096,9.857812,90.977058,88.807159,1,2,3,4
12.8161745,0.0024519,0.217149,9.885348,-0.201595,9.889788,91.168007,88.7416,1,2,3,4
12.8186264,0.0024519,0.248255,9.861421,-0.199202,9.866556,91.15686,88.557915,1,2,3,4
12.8210773,0.0024509,0.253041,9.875777,-0.203988,9.881124,91.182907,88.532265,1,2,3,4
12.8235302,0.0024529,0.248255,9.882956,-0.177667,9.88767,91.029579,88.561058,1,2,3,4
12.825983,0.0024528,0.253041,9.868599,-0.129811,9.872696,90.753372,88.531197,1,2,3,4
12.8284349,0.0024519,0.212363,9.875777,-0.098704,9.878553,90.572495,88.768135,1,2,3,4
12.8308878,0.0024529,0.241077,9.842278,-0.115454,9.845906,90.671867,88.596878,1,2,3,4
12.8333387,0.0024509,0.224327,9.847063,-0.105882,9.850187,90.615898,88.694962,1,2,3,4
12.8357916,0.0024529,0.217149,9.84467,-0.093918,9.847513,90.546455,88.736404,1,2,3,4
12.8382425,0.0024509,0.217149,9.863813,-0.05324,9.866347,90.309181,88.738853,1,2,3,4
12.8406954,0.0024529,0.200399,9.882956,-0.067597,9.885219,90.391808,88.838364,1,2,3,4
12.8431482,0.0024528,0.20997,9.870992,-0.081954,9.873565,90.475578,88.781418,1,2,3,4
12.8455992,0.002451,0.20997,9.859028,-0.067597,9.861495,90.392746,88.779945,1,2,3,4
12.848052,0.0024528,0.217149,9.894919,-0.074776,9.897585,90.432869,88.742821,1,2,3,4
12.850503,0.002451,0.198006,9.892527,-0.074776,9.894791,90.432991,88.85334,1,2,3,4
12.8529568,0.0024538,0.212363,9.904491,-0.08674,9.907147,90.501648,88.771706,1,2,3,4
12.8554087,0.0024519,0.236291,9.904491,-0.06999,9.907557,90.404762,88.633354,1,2,3,4
12.8578606,0.0024519,0.233898,9.930812,-0.127418,9.934383,90.734894,88.650772,1,2,3,4
12.8603125,0.0024519,0.248255,9.894919,-0.14656,9.899118,90.84832,88.562798,1,2,3,4
12.8627644,0.0024519,0.200399,9.933205,-0.182453,9.936901,91.052071,88.844238,1,2,3,4
12.8652163,0.0024519,0.279362,9.961919,-0.170489,9.967294,90.98008,88.393677,1,2,3,4
12.8676682,0.0024519,0.138186,9.892527,-0.373879,9.900554,92.1642,89.199707,1,2,3,4
12.87012,0.0024518,0.312862,9.918848,-0.18006,9.925415,91.039474,88.193367,1,2,3,4
12.8725719,0.0024519,0.109472,9.904491,-0.060419,9.905281,90.349487,89.366753,1,2,3,4
12.8750238,0.0024519,0.324826,9.904491,0.078365,9.910127,89.546928,88.121613,1,2,3,4
12.8774767,0.0024529,0.126221,9.880563,-0.115454,9.882043,90.669411,89.268105,1,2,3,4
12.8799276,0.0024509,0.214756,9.928419,-0.23988,9.933639,91.383728,88.760864,1,2,3,4
12.8823805,0.0024529,0.202792,9.91167,-0.110668,9.914361,90.639572,88.827896,1,2,3,4
12.8848333,0.0024528,0.276969,9.870992,-0.012562,9.874885,90.072891,88.392761,1,2,3,4
12.8872843,0.002451,0.241077,9.926026,-0.048455,9.929072,90.27961,88.608711,1,2,3,4
12.8897371,0.0024528,0.229113,9.942777,-0.129811,9.946263,90.747803,88.679962,1,2,3,4
12.892189,0.0024519,0.236291,9.942777,-0.144168,9.946629,90.830482,88.638618,1,2,3,4
12.8946419,0.0024529,0.286541,9.964312,-0.055633,9.968586,90.319763,88.352814,1,2,3,4
12.8970928,0.0024509,0.255434,9.952348,-0.007777,9.955628,90.044754,88.529785,1,2,3,4
12.8995457,0.0024529,0.24347,9.978668,-0.091525,9.982058,90.525352,88.602318,1,2,3,4
12.9019976,0.0024519,0.221934,9.957133,-0.110668,9.960221,90.636627,88.723145,1,2,3,4
12.9044495,0.0024519,0.236291,9.940384,-0.038883,9.943268,90.22406,88.63829,1,2,3,4
12.9069014,0.0024519,0.229113,9.930812,0.018544,9.933472,89.893036,88.678368,1,2,3,4
12.9093533,0.0024519,0.224327,9.93799,-0.002991,9.940522,90.017242,88.706902,1,2,3,4
12.9118061,0.0024528,0.202792,9.923634,-0.012562,9.925714,90.072517,88.829308,1,2,3,4
12.914258,0.0024519,0.178863,9.914063,-0.031705,9.915727,90.183197,88.966415,1,2,3,4
12.9167099,0.0024519,0.181256,9.949955,-0.005384,9.951607,90.030998,88.956367,1,2,3,4
12.9191628,0.0024529,0.181256,9.91167,-0.012562,9.913335,90.072609,88.952339,1,2,3,4
12.9216146,0.0024518,0.174078,9.923634,-0.048455,9.925279,90.279716,88.995033,1,2,3,4
12.9240675,0.0024529,0.186042,9.935597,-0.074776,9.93762,90.431129,88.927277,1,2,3,4
12.9265194,0.0024519,0.219541,9.914063,-0.007777,9.916496,90.04493,88.731422,1,2,3,4
12.9289713,0.0024519,0.257827,9.916455,-0.055633,9.919963,90.321327,88.510651,1,2,3,4
12.9314241,0.0024528,0.253041,9.981061,-0.093918,9.98471,90.53894,88.547745,1,2,3,4
12.9338751,0.002451,0.262612,9.918848,-0.113061,9.922968,90.652832,88.483383,1,2,3,4
12.9363279,0.0024528,0.300897,9.926026,-0.091525,9.931007,90.528053,88.263672,1,2,3,4
12.9387798,0.0024519,0.274576,9.935597,-0.038883,9.939466,90.224144,88.417,1,2,3,4
12.9412327,0.0024529,0.260219,9.897313,-0.113061,9.901379,90.654259,88.493927,1,2,3,4
12.9436846,0.0024519,0.255434,9.880563,-0.170489,9.885334,90.988205,88.519112,1,2,3,4
12.9461355,0.0024509,0.257827,9.906884,-0.067597,9.910469,90.390808,88.509216,1,2,3,4
12.9485884,0.0024529,0.24347,9.892527,-0.043669,9.895618,90.252846,88.590149,1,2,3,4
12.9510403,0.0024519,0.214756,9.914063,-0.127418,9.917207,90.736168,88.759071,1,2,3,4
12.9534931,0.0024528,0.183649,9.904491,-0.105882,9.90676,90.612381,88.937744,1,2,3,4
12.955946,0.0024529,0.22672,9.861421,-0.026919,9.864063,90.156364,88.682968,1,2,3,4
12.9583969,0.0024509,0.248255,9.897313,-0.010169,9.900432,90.058853,88.563148,1,2,3,4
12.9608498,0.0024529,0.224327,9.875777,-0.067597,9.878556,90.392067,88.698753,1,2,3,4
12.9633007,0.0024509,0.24347,9.882956,-0.108275,9.886547,90.627502,88.588783,1,2,3,4
12.9657536,0.0024529,0.257827,9.899706,-0.038883,9.903139,90.224968,88.508133,1,2,3,4
12.9682064,0.0024528,0.236291,9.906884,0.016152,9.909715,89.906616,88.633682,1,2,3,4
12.9706583,0.0024519,0.269791,9.882956,-0.048455,9.886756,90.280807,88.436295,1,2,3,4
12.9731112,0.0024529,0.250648,9.868599,-0.055633,9.871939,90.322891,88.545082,1,2,3,4
12.975563,0.0024518,0.248255,9.880563,-0.05324,9.883824,90.308632,88.560707,1,2,3,4
12.9780159,0.0024529,0.267398,9.880563,-0.019741,9.8842,90.114433,88.449783,1,2,3,4
12.9804688,0.0024529,0.214756,9.885348,-0.046062,9.887788,90.266914,88.755463,1,2,3,4
12.9829197,0.0024509,0.255434,9.861421,-0.098704,9.865222,90.573265,88.516235,1,2,3,4
12.9853716,0.0024519,0.245863,9.894919,-0.079561,9.898293,90.460541,88.576645,1,2,3,4
12.9878235,0.0024519,0.248255,9.849456,0.008973,9.852589,89.947823,88.556168,1,2,3,4
12.9902763,0.0024528,0.257827,9.866206,-0.017348,9.86959,90.100708,88.503067,1,2,3,4
12.9927292,0.0024529,0.24347,9.882956,-0.136989,9.886904,90.793892,88.588783,1,2,3,4
12.9951811,0.0024519,0.281755,9.859028,-0.113061,9.863701,90.656754,88.363029,1,2,3,4
12.997633,0.0024519,0.293719,9.856635,-0.034098,9.861069,90.19812,88.293144,1,2,3,4
13.0000849,0.0024519,0.262612,9.863813,-0.060419,9.867494,90.350822,88.47493,1,2,3,4
13.0025377,0.0024528,0.296112,9.875777,-0.096311,9.880685,90.558495,88.282578,1,2,3,4
13.0049896,0.0024519,0.276969,9.827921,-0.096311,9.832294,90.561241,88.385727,1,2,3,4
13.0074415,0.0024519,0.322433,9.839885,-0.062812,9.845366,90.36554,88.123207,1,2,3,4
13.0098944,0.0024529,0.322433,9.835099,-0.022134,9.840408,90.128876,88.122292,1,2,3,4
13.0123463,0.0024519,0.308076,9.81835,-0.08674,9.823565,90.505913,88.202789,1,2,3,4
13.0147991,0.0024528,0.291326,9.8016,-0.019741,9.805947,90.115341,88.297539,1,2,3,4
13.0172501,0.002451,0.272184,9.782457,-0.010169,9.786248,90.05954,88.406235,1,2,3,4
13.0197029,0.0024528,0.265005,9.7681,-0.000598,9.771694,90.00351,88.445969,1,2,3,4
13.0221548,0.0024519,0.260219,9.782457,0.030508,9.785965,89.821373,88.476257,1,2,3,4
13.0246067,0.0024519,0.267398,9.782457,-0.017348,9.786126,90.10157,88.434242,1,2,3,4
13.0270596,0.0024529,0.241077,9.787243,0.020937,9.790234,89.877472,88.588989,1,2,3,4
13.0295115,0.0024519,0.198006,9.780065,-0.065204,9.782287,90.381912,88.840157,1,2,3,4
13.0319633,0.0024518,0.19322,9.777672,-0.132203,9.780475,90.774498,88.867905,1,2,3,4
13.0344162,0.0024529,0.205185,9.789636,-0.098704,9.792283,90.577538,88.799294,1,2,3,4
13.0368671,0.0024509,0.212363,9.835099,-0.043669,9.837489,90.254341,88.763039,1,2,3,4
13.039319,0.0024519,0.207577,9.813564,-0.10349,9.816305,90.604057,88.788254,1,2,3,4
13.0417709,0.0024519,0.250648,9.813564,-0.220738,9.819246,91.288124,88.536926,1,2,3,4
13.0442238,0.0024529,0.245863,9.792028,-0.223131,9.797656,91.304962,88.561691,1,2,3,4
13.0466747,0.0024509,0.296112,9.770494,-0.093918,9.775431,90.550484,88.264084,1,2,3,4
13.0491266,0.0024519,0.253041,9.746565,-0.067597,9.750084,90.397232,88.512817,1,2,3,4
13.0515795,0.0024529,0.250648,9.736994,-0.175274,9.741796,91.030922,88.525429,1,2,3,4
13.0540314,0.0024519,0.267398,9.756136,-0.206381,9.761982,91.211395,88.430023,1,2,3,4
13.0564842,0.0024528,0.253041,9.722636,-0.132203,9.726828,90.77877,88.509155,1,2,3,4
13.0589361,0.0024519,0.219541,9.703494,-0.096311,9.706455,90.56852,88.703903,1,2,3,4
13.061388,0.0024519,0.217149,9.679565,-0.175274,9.683587,91.037117,88.714859,1,2,3,4
13.063839,0.002451,0.22672,9.70828,-0.208774,9.71317,91.231606,88.662201,1,2,3,4
13.0662928,0.0024538,0.241077,9.734601,-0.156132,9.738837,90.918594,88.58136,1,2,3,4
13.0687456,0.0024528,0.250648,9.69153,-0.120239,9.695517,90.710571,88.518509,1,2,3,4
13.0711975,0.0024519,0.212363,9.734601,-0.101097,9.737442,90.594872,88.750275,1,2,3,4
13.0736504,0.0024529,0.188435,9.729815,-0.115454,9.732325,90.67971,88.890503,1,2,3,4
13.0761013,0.0024509,0.219541,9.705887,-0.201595,9.710463,91.189583,88.704224,1,2,3,4
13.0785542,0.0024529,0.212363,9.753743,-0.177667,9.757672,91.043297,88.752724,1,2,3,4
13.081007,0.0024528,0.22672,9.725029,-0.091525,9.728102,90.53907,88.664505,1,2,3,4
13.0834589,0.0024519,0.24347,9.741779,-0.046062,9.74493,90.270821,88.568344,1,2,3,4
13.0859108,0.0024519,0.233898,9.75135,-0.101097,9.75468,90.593819,88.625954,1,2,3,4
13.0883627,0.0024519,0.257827,9.741779,-0.141775,9.746222,90.833488,88.483963,1,2,3,4
13.0908146,0.0024519,0.207577,9.748958,-0.125025,9.751969,90.734581,88.780228,1,2,3,4
13.0932674,0.0024528,0.214756,9.744172,-0.091525,9.746968,90.538025,88.737442,1,2,3,4
13.0957193,0.0024519,0.214756,9.7681,-0.115454,9.771142,90.67701,88.740532,1,2,3,4
13.0981722,0.0024529,0.224327,9.729815,-0.156132,9.733653,90.91909,88.679245,1,2,3,4
13.1006241,0.0024519,0.217149,9.722636,-0.144168,9.72613,90.849312,88.720551,1,2,3,4
13.103076,0.0024519,0.178863,9.727423,-0.141775,9.7301,90.834869,88.946587,1,2,3,4
13.1055288,0.0024528,0.214756,9.753743,-0.139382,9.757103,90.818504,88.738678,1,2,3,4
13.1079798,0.002451,0.190828,9.775279,-0.125025,9.777941,90.732628,88.881645,1,2,3,4
13.1104317,0.0024519,0.214756,9.765707,-0.08674,9.768453,90.508766,88.740219,1,2,3,4
13.1128836,0.0024519,0.207577,9.720243,-0.091525,9.722891,90.539352,88.776627,1,2,3,4
13.1153364,0.0024528,0.212363,9.746565,-0.10349,9.749428,90.6082,88.751808,1,2,3,4
13.1177893,0.0024529,0.205185,9.777672,-0.065204,9.780042,90.381996,88.797821,1,2,3,4
13.1202412,0.0024519,0.238684,9.739387,-0.067597,9.742545,90.397545,88.59613,1,2,3,4
13.1226931,0.0024519,0.231506,9.772886,-0.093918,9.776079,90.550446,88.642998,1,2,3,4
13.125145,0.0024519,0.217149,9.734601,-0.081954,9.737368,90.482231,88.722122,1,2,3,4
13.1275969,0.0024519,0.229113,9.765707,-0.029312,9.768438,90.171928,88.656036,1,2,3,4
13.1300488,0.0024519,0.257827,9.753743,-0.041276,9.757237,90.242378,88.485817,1,2,3,4
13.1325006,0.0024518,0.202792,9.772886,-0.153739,9.776199,90.901062,88.811256,1,2,3,4
13.1349535,0.0024529,0.255434,9.753743,-0.27338,9.760917,91.604927,88.499863,1,2,3,4
13.1374044,0.0024509,0.238684,9.782457,-0.25663,9.788733,91.502289,88.60231,1,2,3,4
13.1398573,0.0024529,0.327219,9.868599,-0.230309,9.876708,91.336166,88.100906,1,2,3,4
13.1423092,0.0024519,0.018544,9.686745,-0.467199,9.698023,92.761269,89.890312,1,2,3,4
13.1447611,0.0024519,0.375075,9.815957,-0.079561,9.823442,90.46405,87.811752,1,2,3,4
13.147213,0.0024519,0.171685,9.775279,0.190828,9.778648,88.881821,88.993805,1,2,3,4
13.1496649,0.0024519,0.322433,9.84467,-0.165703,9.851343,90.963783,88.124115,1,2,3,4
13.1521177,0.0024528,0.131007,9.787243,-0.354736,9.794546,92.075577,89.233116,1,2,3,4
13.1545687,0.002451,0.276969,9.842278,-0.249452,9.849334,91.451271,88.388077,1,2,3,4
13.1570215,0.0024528,0.255434,9.815957,0.025723,9.819314,89.849907,88.509369,1,2,3,4
13.1594734,0.0024519,0.284148,9.863813,-0.072383,9.868171,90.420265,88.34993,1,2,3,4
13.1619253,0.0024519,0.231506,9.868599,-0.251845,9.874526,91.461456,88.656158,1,2,3,4
13.1643782,0.0024529,0.221934,9.885348,-0.266202,9.891422,91.542152,88.713875,1,2,3,4
13.1668301,0.0024519,0.250648,9.866206,-0.184846,9.87112,91.072975,88.544731,1,2,3,4
13.169282,0.0024519,0.257827,9.847063,-0.110668,9.85106,90.643684,88.50016,1,2,3,4
13.1717348,0.0024528,0.250648,9.847063,-0.048455,9.850372,90.281845,88.541901,1,2,3,4
13.1741867,0.0024519,0.248255,9.820743,-0.077169,9.824183,90.450058,88.551949,1,2,3,4
13.1766376,0.0024509,0.202792,9.830314,-0.203988,9.834521,91.188515,88.818199,1,2,3,4
13.1790905,0.0024529,0.221934,9.842278,-0.132203,9.845667,90.769363,88.708252,1,2,3,4
13.1815434,0.0024529,0.236291,9.81835,-0.010169,9.821198,90.059326,88.621368,1,2,3,4
13.1839943,0.0024509,0.260219,9.847063,0.064008,9.850709,89.627701,88.486252,1,2,3,4
13.1864471,0.0024528,0.245863,9.890134,0.052044,9.893327,89.698593,88.575958,1,2,3,4
13.1888981,0.002451,0.262612,9.870992,-0.06999,9.874732,90.406105,88.476036,1,2,3,4
13.1913509,0.0024528,0.281755,9.873384,-0.148953,9.878527,90.863968,88.365402,1,2,3,4
13.1938038,0.0024529,0.288933,9.921241,-0.043669,9.925544,90.252083,88.331863,1,2,3,4
13.1962557,0.0024519,0.291326,9.902099,0.059222,9.90656,89.657478,88.314804,1,2,3,4
13.1987076,0.0024519,0.296112,9.930812,0.044865,9.935328,89.741264,88.292091,1,2,3,4
13.2011585,0.0024509,0.298505,9.904491,-0.079561,9.909308,90.46003,88.273727,1,2,3,4
13.2036114,0.0024529,0.236291,9.923634,-0.132203,9.927326,90.763039,88.635994,1,2,3,4
13.2060642,0.0024528,0.267398,9.904491,-0.113061,9.908746,90.65377,88.453522,1,2,3,4
13.2085152,0.002451,0.250648,9.885348,-0.060419,9.88871,90.350075,88.547546,1,2,3,4
13.210968,0.0024528,0.248255,9.887741,-0.096311,9.891326,90.557892,88.561752,1,2,3,4
13.213419,0.002451,0.233898,9.890134,-0.117847,9.893601,90.682487,88.645226,1,2,3,4
13.2158718,0.0024528,0.224327,9.890134,-0.110668,9.893296,90.64093,88.700645,1,2,3,4
13.2183228,0.002451,0.214756,9.906884,-0.062812,9.90941,90.363174,88.758171,1,2,3,4
13.2207747,0.0024519,0.260219,9.940384,-0.093918,9.944233,90.541138,88.50045,1,2,3,4
13.2232265,0.0024518,0.219541,9.918848,-0.144168,9.922324,90.832512,88.732033,1,2,3,4
13.2256794,0.0024529,0.233898,9.909277,-0.089133,9.912437,90.515213,88.647842,1,2,3,4
13.2281322,0.0024528,0.236291,9.892527,0.042473,9.895439,89.754074,88.631706,1,2,3,4
13.2305841,0.0024519,0.341575,9.969097,0.05683,9.975109,89.673576,88.037621,1,2,3,4
13.233037,0.0024529,0.217149,9.926026,-0.158524,9.929667,90.914749,88.746758,1,2,3,4
13.2354898,0.0024528,0.296112,9.935597,-0.134596,9.940921,90.775787,88.292915,1,2,3,4
13.2379417,0.0024519,0.241077,9.966704,-0.144168,9.970662,90.828476,88.614388,1,2,3,4
13.2403936,0.0024519,0.250648,9.906884,0.001795,9.910054,89.989624,88.550705,1,2,3,4
13.2428455,0.0024519,0.305683,9.935597,-0.101097,9.940813,90.582703,88.23777,1,2,3,4
13.2452974,0.0024519,0.233898,9.906884,-0.05324,9.909788,90.307823,88.647514,1,2,3,4
13.2477493,0.0024519,0.267398,9.868599,-0.06999,9.872469,90.406197,88.447906,1,2,3,4
13.2502012,0.0024519,0.253041,9.854242,-0.105882,9.85806,90.61541,88.52906,1,2,3,4
13.2526541,0.0024529,0.212363,9.918848,-0.115454,9.921793,90.666733,88.773483,1,2,3,4
13.255106,0.0024519,0.276969,9.926026,-0.105882,9.930454,90.610924,88.401672,1,2,3,4
13.2575588,0.0024528,0.279362,9.921241,-0.115454,9.925844,90.666458,88.387093,1,2,3,4
13.2600107,0.0024519,0.260219,9.93799,-0.132203,9.942275,90.761887,88.500092,1,2,3,4
13.2624626,0.0024519,0.255434,9.926026,-0.127418,9.93013,90.735207,88.525894,1,2,3,4
13.2649155,0.0024529,0.248255,9.957133,-0.115454,9.960896,90.664116,88.571777,1,2,3,4
13.2673674,0.0024519,0.233898,9.940384,-0.089133,9.943535,90.513596,88.652069,1,2,3,4
13.2698202,0.0024528,0.286541,9.964312,-0.077169,9.96873,90.443535,88.352814,1,2,3,4
13.2722721,0.0024519,0.272184,9.995419,-0.026919,9.99916,90.154251,88.44017,1,2,3,4
13.274725,0.0024529,0.231506,9.935597,-0.072383,9.938558,90.41729,88.665215,1,2,3,4
13.2771769,0.0024519,0.281755,9.916455,-0.151346,9.921611,90.874031,88.372498,1,2,3,4
13.2796278,0.0024509,0.224327,9.935597,-0.05324,9.938272,90.306938,88.706589,1,2,3,4
13.2820807,0.0024529,0.272184,9.959526,-0.10349,9.963782,90.595116,88.434555,1,2,3,4
13.2845325,0.0024518,0.257827,9.933205,-0.062812,9.936749,90.362175,88.513161,1,2,3,4
13.2869844,0.0024519,0.231506,9.909277,-0.048455,9.9121,90.28009,88.661667,1,2,3,4
13.2894363,0.0024519,0.253041,9.875777,-0.055633,9.879175,90.322655,88.532265,1,2,3,4
13.2918882,0.0024519,0.265005,9.868599,-0.05324,9.8723,90.30899,88.461784,1,2,3,4
13.2943411,0.0024529,0.231506,9.875777,-0.067597,9.878721,90.392059,88.657135,1,2,3,4
13.296792,0.0024509,0.217149,9.861421,-0.017348,9.863827,90.100769,88.738548,1,2,3,4
13.2992449,0.0024529,0.262612,9.808778,0.013759,9.812303,89.919662,88.466377,1,2,3,4
13.3016958,0.0024509,0.257827,9.693923,0.145364,9.698441,89.141197,88.476479,1,2,3,4
13.3041487,0.0024529,0.291326,9.839885,0.286541,9.848366,88.332733,88.304161,1,2,3,4
13.3065996,0.0024509,0.284148,10.007382,0.152542,10.012578,89.12706,88.373589,1,2,3,4
13.3090515,0.0024519,0.272184,10.031311,-0.323629,10.04022,91.847153,88.445755,1,2,3,4
13.3115044,0.0024529,0.233898,9.98824,-0.629911,10.010817,93.607605,88.658531,1,2,3,4
13.3139563,0.0024519,0.250648,9.940384,-0.306879,9.948278,91.767715,88.555588,1,2,3,4
13.3164091,0.0024528,0.30329,9.904491,0.11665,9.909821,89.325546,88.246063,1,2,3,4
13.318861,0.0024519,0.308076,9.892527,0.183649,9.899026,88.936974,88.216255,1,2,3,4
13.3213139,0.0024529,0.229113,9.909277,-0.024526,9.911956,90.141777,88.675499,1,2,3,4
13.3237667,0.0024528,0.198006,9.906884,-0.175274,9.910413,91.013382,88.854996,1,2,3,4
13.3262186,0.0024519,0.24347,9.875777,-0.08674,9.879159,90.503067,88.587761,1,2,3,4
13.3286705,0.0024519,0.269791,9.899706,0.004187,9.903382,89.975777,88.438942,1,2,3,4
13.3311224,0.0024519,0.231506,9.914063,-0.002991,9.916765,90.017281,88.662315,1,2,3,4
13.3335752,0.0024528,0.217149,9.882956,-0.108275,9.885934,90.627541,88.741295,1,2,3,4
13.3360271,0.0024519,0.233898,9.892527,-0.084347,9.895651,90.488373,88.645554,1,2,3,4
13.338479,0.0024519,0.236291,9.894919,-0.067597,9.897971,90.391296,88.632034,1,2,3,4
13.3409319,0.0024529,0.262612,9.918848,-0.060419,9.922507,90.348877,88.483383,1,2,3,4
13.3433838,0.0024519,0.231506,9.91167,-0.125025,9.915161,90.722488,88.661995,1,2,3,4
13.3458357,0.0024519,0.219541,9.885348,-0.165703,9.889174,90.960091,88.727737,1,2,3,4
13.3482885,0.0024528,0.236291,9.882956,-0.144168,9.886831,90.835503,88.630379,1,2,3,4
13.3507404,0.0024519,0.205185,9.882956,-0.158524,9.886356,90.918762,88.810631,1,2,3,4
13.3531933,0.0024529,0.265005,9.854242,-0.218345,9.860223,91.26886,88.459549,1,2,3,4
13.3556452,0.0024519,0.260219,9.830314,-0.168096,9.835194,90.979301,88.483673,1,2,3,4
13.358098,0.0024528,0.24347,9.837492,-0.153739,9.841705,90.895065,88.582268,1,2,3,4
13.3605509,0.0024529,0.238684,9.835099,-0.184846,9.839731,91.076401,88.609787,1,2,3,4
13.3630028,0.0024519,0.262612,9.854242,-0.25663,9.861081,91.491264,88.47345,1,2,3,4
13.3654547,0.0024519,0.205185,9.825528,-0.225524,9.830257,91.314583,88.80368,1,2,3,4
13.3679066,0.0024519,0.231506,9.794421,-0.141775,9.798182,90.829071,88.645981,1,2,3,4
13.3703594,0.0024528,0.229113,9.820743,-0.129811,9.824272,90.757088,88.663559,1,2,3,4
13.3728113,0.0024519,0.221934,9.81835,-0.192024,9.822735,91.12014,88.705109,1,2,3,4
13.3752632,0.0024519,0.238684,9.808778,-0.14656,9.812776,90.855782,88.606056,1,2,3,4
13.3777161,0.0024529,0.214756,9.799207,-0.144168,9.80262,90.842682,88.74453,1,2,3,4
13.380167,0.0024509,0.260219,9.803992,-0.10349,9.807991,90.604568,88.479599,1,2,3,4
13.3826199,0.0024529,0.288933,9.835099,-0.127418,9.840167,90.741928,88.317261,1,2,3,4
13.3850727,0.0024528,0.267398,9.835099,-0.108275,9.83933,90.630516,88.442619,1,2,3,4
13.3875246,0.0024519,0.262612,9.832706,-0.060419,9.836398,90.351936,88.470108,1,2,3,4
13.3899765,0.0024519,0.233898,9.8016,-0.034098,9.804449,90.199265,88.632996,1,2,3,4
13.3924284,0.0024519,0.262612,9.792028,-0.034098,9.795609,90.19944,88.463753,1,2,3,4
13.3948803,0.0024519,0.241077,9.782457,-0.120239,9.786166,90.703995,88.588303,1,2,3,4
13.3973322,0.0024519,0.231506,9.765707,-0.122632,9.76922,90.719246,88.641998,1,2,3,4
13.399785,0.0024528,0.195613,9.7681,-0.134596,9.770986,90.789276,88.85276,1,2,3,4
13.4022369,0.0024519,0.245863,9.770494,-0.160917,9.774911,90.94326,88.558525,1,2,3,4
13.4046898,0.0024529,0.195613,9.777672,-0.160917,9.780952,90.94268,88.853889,1,2,3,4
13.4071426,0.0024528,0.162114,9.748958,-0.096311,9.750781,90.565933,89.047325,1,2,3,4
13.4095936,0.002451,0.198006,9.772886,-0.120239,9.775632,90.70475,88.839302,1,2,3,4
13.4120464,0.0024528,0.257827,9.736994,-0.132203,9.741304,90.777611,88.483215,1,2,3,4
13.4144993,0.0024529,0.20997,9.758529,-0.089133,9.761194,90.523193,88.76738,1,2,3,4
13.4169512,0.0024519,0.200399,9.770494,-0.125025,9.773348,90.732971,88.824989,1,2,3,4
13.419404,0.0024528,0.20997,9.732208,-0.125025,9.735276,90.73584,88.764046,1,2,3,4
13.421855,0.002451,0.20997,9.7681,-0.098704,9.770855,90.578804,88.768585,1,2,3,4
13.4243078,0.0024528,0.274576,9.758529,-0.081954,9.762734,90.48098,88.38829,1,2,3,4
13.4267607,0.0024529,0.260219,9.753743,-0.065204,9.757431,90.382881,88.471771,1,2,3,4
13.4292135,0.0024528,0.296112,9.772886,-0.08674,9.777756,90.508286,88.264511,1,2,3,4
13.4316654,0.0024519,0.267398,9.78485,-0.096311,9.788978,90.563728,88.434624,1,2,3,4
13.4341173,0.0024519,0.236291,9.756136,-0.041276,9.759084,90.242332,88.612579,1,2,3,4
13.4365711,0.0024538,0.284148,9.753743,-0.000598,9.757881,90.00351,88.331322,1,2,3,4
13.439024,0.0024529,0.24347,9.760921,-0.024526,9.763988,90.143921,88.571152,1,2,3,4
13.4414749,0.0024509,0.231506,9.75135,-0.091525,9.754528,90.537605,88.640007,1,2,3,4
13.4439278,0.0024529,0.20997,9.744172,-0.06999,9.746686,90.411438,88.765564,1,2,3,4
13.4463806,0.0024528,0.188435,9.720243,-0.05324,9.722216,90.313759,88.889412,1,2,3,4
13.4488325,0.0024519,0.183649,9.748958,-0.043669,9.750785,90.256599,88.920799,1,2,3,4
13.4512854,0.0024529,0.200399,9.763314,-0.113061,9.766025,90.663322,88.824127,1,2,3,4
13.4537363,0.0024509,0.188435,9.782457,-0.153739,9.78548,90.900208,88.896477,1,2,3,4
13.4561882,0.0024519,0.214756,9.78485,-0.151346,9.788377,90.885933,88.742683,1,2,3,4
13.4586401,0.0024519,0.231506,9.803992,-0.148953,9.807857,90.870193,88.647301,1,2,3,4
13.461092,0.0024519,0.217149,9.813564,-0.184846,9.817707,91.078819,88.732399,1,2,3,4
13.4635448,0.0024528,0.212363,9.839885,-0.160917,9.843492,90.936691,88.763641,1,2,3,4
13.4659967,0.0024519,0.238684,9.837492,-0.129811,9.841243,90.755783,88.610123,1,2,3,4
13.4684486,0.0024519,0.24347,9.823135,-0.182453,9.827846,91.063751,88.580193,1,2,3,4
13.4709005,0.0024519,0.214756,9.792028,-0.18006,9.796039,91.053207,88.743607,1,2,3,4
13.4733524,0.0024519,0.190828,9.811171,-0.165703,9.814425,90.967407,88.885735,1,2,3,4
13.4758043,0.0024519,0.200399,9.780065,-0.136989,9.783077,90.802322,88.826141,1,2,3,4
13.4782562,0.0024519,0.221934,9.765707,-0.158524,9.769515,90.929749,88.698128,1,2,3,4
13.4807091,0.0024529,0.200399,9.746565,-0.175274,9.7502,91.030029,88.822105,1,2,3,4
13.483161,0.0024519,0.198006,9.787243,-0.182453,9.790946,91.067757,88.841003,1,2,3,4
13.4856129,0.0024519,0.178863,9.7681,-0.165703,9.771142,90.971695,88.950974,1,2,3,4
13.4880648,0.0024519,0.217149,9.780065,-0.127418,9.783305,90.746239,88.728058,1,2,3,4
13.4905176,0.0024528,0.217149,9.796814,-0.110668,9.799845,90.647049,88.730232,1,2,3,4
13.4929705,0.0024529,0.231506,9.789636,-0.134596,9.793298,90.787483,88.645317,1,2,3,4
13.4954214,0.0024509,0.233898,9.81835,-0.158524,9.822415,90.924744,88.635323,1,2,3,4
13.4978743,0.0024529,0.281755,9.8016,-0.117847,9.806356,90.68856,88.353439,1,2,3,4
13.5003262,0.0024519,0.241077,9.835099,-0.084347,9.838415,90.491219,88.595856,1,2,3,4
13.502779,0.0024528,0.269791,9.825528,-0.05324,9.829375,90.310341,88.427162,1,2,3,4
13.5052319,0.0024529,0.231506,9.832706,-0.098704,9.835927,90.574974,88.651253,1,2,3,4
13.5076828,0.0024509,0.253041,9.825528,-0.105882,9.829356,90.617203,88.524765,1,2,3,4
13.5101366,0.0024538,0.24347,9.847063,-0.089133,9.850476,90.518448,88.583641,1,2,3,4
13.5125875,0.0024509,0.20997,9.842278,-0.072383,9.844784,90.421265,88.777863,1,2,3,4
13.5150404,0.0024529,0.231506,9.866206,-0.077169,9.869224,90.448006,88.65583,1,2,3,4
13.5174923,0.0024519,0.212363,9.875777,-0.043669,9.878157,90.253288,88.768135,1,2,3,4
13.5199442,0.0024519,0.178863,9.868599,-0.058026,9.87039,90.33683,88.961655,1,2,3,4
13.5223961,0.0024519,0.181256,9.851849,-0.060419,9.853701,90.351318,88.945976,1,2,3,4
13.524848,0.0024519,0.202792,9.842278,-0.077169,9.844669,90.449127,88.819633,1,2,3,4
13.5273008,0.0024528,0.190828,9.880563,-0.077169,9.882707,90.447395,88.893562,1,2,3,4
13.5297537,0.0024529,0.24347,9.854242,-0.129811,9.858105,90.754486,88.584679,1,2,3,4
13.5322046,0.0024509,0.260219,9.851849,-0.022134,9.855309,90.128677,88.486984,1,2,3,4
13.5346575,0.0024529,0.202792,9.854242,-0.007777,9.856332,90.045204,88.821068,1,2,3,4
13.5371094,0.0024519,0.229113,9.832706,-0.101097,9.835895,90.588913,88.665184,1,2,3,4
13.5395613,0.0024519,0.212363,9.863813,-0.105882,9.866667,90.614868,88.76664,1,2,3,4
13.5420122,0.0024509,0.22672,9.868599,-0.034098,9.871262,90.197914,88.683922,1,2,3,4
13.5444641,0.0024519,0.19322,9.868599,-0.050847,9.870621,90.295158,88.878334,1,2,3,4
13.546916,0.0024519,0.22672,9.847063,-0.05324,9.849816,90.3097,88.681046,1,2,3,4
13.5493679,0.0024519,0.190828,9.839885,-0.108275,9.842331,90.630325,88.888985,1,2,3,4
13.5518208,0.0024529,0.195613,9.835099,-0.136989,9.837998,90.797844,88.86058,1,2,3,4
13.5542727,0.0024519,0.224327,9.851849,-0.048455,9.854522,90.281723,88.695595,1,2,3,4
13.5567255,0.0024528,0.20997,9.866206,-0.062812,9.86864,90.364677,88.78083,1,2,3,4
13.5591764,0.0024509,0.221934,9.892527,-0.113061,9.895661,90.654633,88.714813,1,2,3,4
13.5616293,0.0024529,0.217149,9.870992,-0.172881,9.874893,91.003136,88.739769,1,2,3,4
13.5640821,0.0024528,0.219541,9.87817,-0.223131,9.883128,91.293671,88.726814,1,2,3,4
13.566535,0.0024529,0.238684,9.868599,-0.096311,9.871955,90.55899,88.614502,1,2,3,4
13.5689869,0.0024519,0.231506,9.894919,-0.091525,9.89805,90.529808,88.659729,1,2,3,4
13.5714388,0.0024519,0.231506,9.923634,-0.144168,9.927381,90.832092,88.663605,1,2,3,4
13.5738907,0.0024519,0.20997,9.902099,-0.134596,9.905239,90.77858,88.785248,1,2,3,4
13.5763435,0.0024528,0.224327,9.887741,-0.089133,9.890687,90.516342,88.700333,1,2,3,4
13.5787954,0.0024519,0.255434,9.91167,-0.093918,9.915405,90.542709,88.523758,1,2,3,4
13.5812483,0.0024529,0.238684,9.882956,-0.153739,9.887033,90.890961,88.616516,1,2,3,4
13.5836992,0.0024509,0.241077,9.861421,-0.084347,9.864728,90.489906,88.599602,1,2,3,4
13.586153,0.0024538,0.154935,9.851849,-0.074776,9.853351,90.434814,89.099014,1,2,3,4
13.5886049,0.0024519,0.19322,9.823135,-0.084347,9.825397,90.491867,88.873138,1,2,3,4
13.5910568,0.0024519,0.169292,9.825528,-0.110668,9.827609,90.645218,89.012901,1,2,3,4
13.5935097,0.0024529,0.176471,9.849456,-0.108275,9.851632,90.62973,88.973557,1,2,3,4
13.5959616,0.0024519,0.183649,9.880563,-0.06999,9.882517,90.405785,88.935173,1,2,3,4
13.5984144,0.0024528,0.20997,9.866206,0.025723,9.868474,89.850655,88.78083,1,2,3,4
13.6008673,0.0024529,0.195613,9.854242,-0.010169,9.856189,90.05912,88.862793,1,2,3,4
13.6033192,0.0024519,0.22672,9.882956,-0.072383,9.88582,90.419518,88.685837,1,2,3,4
13.6057711,0.0024519,0.255434,9.890134,-0.096311,9.893901,90.557747,88.520546,1,2,3,4
13.608223,0.0024519,0.238684,9.921241,-0.058026,9.924281,90.334999,88.621849,1,2,3,4
13.6106749,0.0024519,0.24347,9.909277,-0.065204,9.912482,90.376892,88.592529,1,2,3,4
13.6131277,0.0024528,0.250648,9.923634,-0.093918,9.927242,90.542061,88.553146,1,2,3,4
13.6155787,0.002451,0.293719,9.964312,-0.081954,9.968977,90.471031,88.311577,1,2,3,4
13.6180305,0.0024518,0.267398,9.914063,0.035294,9.91773,89.796104,88.455017,1,2,3,4
13.6204824,0.0024519,0.231506,9.928419,-0.048455,9.931236,90.279549,88.664253,1,2,3,4
13.6229353,0.0024529,0.238684,9.921241,-0.153739,9.925303,90.88752,88.621849,1,2,3,4
13.6253862,0.0024509,0.186042,9.935597,-0.120239,9.938066,90.69323,88.927277,1,2,3,4
13.6278381,0.0024519,0.22672,9.909277,-0.031705,9.911921,90.183273,88.689323,1,2,3,4
13.6302919,0.0024538,0.22672,9.926026,-0.060419,9.928799,90.348656,88.691536,1,2,3,4
13.6327429,0.002451,0.202792,9.926026,-0.172881,9.929603,90.997612,88.82959,1,2,3,4
13.6351957,0.0024528,0.178863,9.926026,-0.062812,9.927836,90.362503,88.967659,1,2,3,4
13.6376476,0.0024519,0.178863,9.914063,-0.026919,9.915712,90.155548,88.966415,1,2,3,4
13.6400995,0.0024519,0.224327,9.899706,-0.091525,9.90267,90.529564,88.701904,1,2,3,4
13.6425524,0.0024529,0.145364,9.93799,-0.120239,9.93978,90.693108,89.161987,1,2,3,4
13.6450043,0.0024519,0.217149,9.899706,-0.101097,9.902603,90.584946,88.743423,1,2,3,4
13.6474571,0.0024528,0.200399,9.892527,-0.041276,9.894642,90.239014,88.839485,1,2,3,4
13.6499081,0.002451,0.20997,9.957133,-0.038883,9.959423,90.223694,88.791962,1,2,3,4
13.6523609,0.0024528,0.214756,9.93799,-0.08674,9.940689,90.499954,88.762054,1,2,3,4
13.6548138,0.0024529,0.238684,9.914063,-0.077169,9.917235,90.445839,88.62085,1,2,3,4
13.6572647,0.0024509,0.178863,9.87817,-0.096311,9.880259,90.558517,88.962662,1,2,3,4
13.6597176,0.0024529,0.195613,9.880563,-0.041276,9.882585,90.239304,88.865822,1,2,3,4
13.6621695,0.0024519,0.188435,9.87817,-0.125025,9.880758,90.725006,88.907166,1,2,3,4
13.6646214,0.0024519,0.229113,9.890134,-0.136989,9.893736,90.793343,88.672935,1,2,3,4
13.6670732,0.0024518,0.183649,9.873384,-0.125025,9.875884,90.725365,88.934395,1,2,3,4
13.6695251,0.0024519,0.224327,9.87817,-0.151346,9.881876,90.877548,88.699074,1,2,3,4
13.671977,0.0024519,0.205185,9.87817,-0.189631,9.88212,91.099533,88.810051,1,2,3,4
13.6744289,0.0024519,0.205185,9.866206,-0.208774,9.870547,91.211967,88.808609,1,2,3,4
13.6768818,0.0024529,0.195613,9.892527,-0.175274,9.896012,91.014854,88.867188,1,2,3,4
13.6793327,0.0024509,0.245863,9.866206,-0.134596,9.870187,90.781349,88.572502,1,2,3,4
13.6817856,0.0024529,0.229113,9.909277,-0.136989,9.912872,90.791817,88.675499,1,2,3,4
13.6842375,0.0024519,0.207577,9.880563,-0.220738,9.885208,91.279526,88.796471,1,2,3,4
13.6866894,0.0024519,0.248255,9.861421,-0.125025,9.865337,90.726135,88.557915,1,2,3,4
13.6891422,0.0024528,0.250648,9.861421,-0.05324,9.86475,90.309227,88.544022,1,2,3,4
13.6915932,0.002451,0.214756,9.851849,-0.026919,9.854226,90.156517,88.751236,1,2,3,4
13.694046,0.0024528,0.207577,9.851849,-0.120239,9.854769,90.699089,88.792961,1,2,3,4
13.6964979,0.0024519,0.212363,9.827921,-0.141775,9.831238,90.826279,88.762138,1,2,3,4
13.6989508,0.0024529,0.166899,9.839885,-0.125025,9.842094,90.727852,89.028267,1,2,3,4
13.7014036,0.0024528,0.159721,9.830314,-0.10349,9.832156,90.603088,89.069153,1,2,3,4
13.7038555,0.0024519,0.159721,9.806385,-0.139382,9.808676,90.814201,89.066879,1,2,3,4
13.7063084,0.0024529,0.174078,9.832706,-0.117847,9.834953,90.686562,88.985741,1,2,3,4
13.7087593,0.0024509,0.178863,9.84467,-0.144168,9.84735,90.838852,88.959129,1,2,3,4
13.7112112,0.0024519,0.145364,9.792028,-0.208774,9.795333,91.221275,89.149498,1,2,3,4
13.7136641,0.0024529,0.15015,9.827921,-0.153739,9.83027,90.896103,89.12471,1,2,3,4
13.716116,0.0024519,0.154935,9.823135,-0.093918,9.824806,90.547714,89.096375,1,2,3,4
13.7185688,0.0024528,0.207577,9.825528,-0.105882,9.828291,90.617271,88.789734,1,2,3,4
13.7210197,0.0024509,0.181256,9.837492,-0.19681,9.841129,91.14592,88.944443,1,2,3,4
13.7234726,0.0024529,0.200399,9.84467,-0.151346,9.847873,90.880577,88.833847,1,2,3,4
13.7259254,0.0024528,0.19322,9.835099,-0.153739,9.838199,90.895386,88.874512,1,2,3,4
13.7283764,0.002451,0.272184,9.835099,-0.081954,9.839206,90.477242,88.414757,1,2,3,4
13.7308292,0.0024528,0.231506,9.8016,-0.019741,9.804353,90.115364,88.646973,1,2,3,4
13.7332802,0.002451,0.279362,9.806385,-0.058026,9.810534,90.33889,88.36821,1,2,3,4
13.735733,0.0024528,0.200399,9.75135,-0.115454,9.754093,90.678192,88.822685,1,2,3,4
13.738184,0.002451,0.198006,9.763314,-0.141775,9.766351,90.831772,88.838165,1,2,3,4
13.7406368,0.0024528,0.248255,9.763314,-0.029312,9.766514,90.171959,88.543434,1,2,3,4
13.7430887,0.0024519,0.20997,9.758529,0.054437,9.760939,89.680458,88.76738,1,2,3,4
13.7455406,0.0024519,0.214756,9.744172,-0.017348,9.746553,90.101982,88.737442,1,2,3,4
13.7479925,0.0024519,0.188435,9.736994,-0.110668,9.739446,90.651062,88.891327,1,2,3,4
13.7504444,0.0024519,0.224327,9.758529,-0.141775,9.762136,90.83213,88.683128,1,2,3,4
13.7528973,0.0024529,0.233898,9.760921,-0.113061,9.764378,90.663437,88.627296,1,2,3,4
13.7553492,0.0024519,0.20997,9.760921,-0.077169,9.763485,90.452858,88.767685,1,2,3,4
13.757802,0.0024528,0.198006,9.787243,-0.048455,9.789366,90.2836,88.841003,1,2,3,4
13.7602549,0.0024529,0.207577,9.775279,-0.055633,9.777641,90.326004,88.783508,1,2,3,4
13.7627068,0.0024519,0.207577,9.772886,-0.091525,9.775519,90.536453,88.783211,1,2,3,4
13.7651606,0.0024538,0.224327,9.746565,-0.089133,9.749554,90.523819,88.681511,1,2,3,4
13.7676125,0.0024519,0.198006,9.725029,-0.041276,9.727132,90.243134,88.833595,1,2,3,4
13.7700644,0.0024519,0.221934,9.775279,0.001795,9.777799,89.989487,88.699402,1,2,3,4
13.7725172,0.0024528,0.236291,9.713065,-0.034098,9.715999,90.20108,88.60643,1,2,3,4
13.7749681,0.0024509,0.198006,9.717851,-0.105882,9.720445,90.624123,88.832733,1,2,3,4
13.777421,0.0024529,0.231506,9.722636,-0.148953,9.726533,90.877472,88.635986,1,2,3,4
13.7798738,0.0024528,0.212363,9.703494,-0.14656,9.706924,90.865112,88.746269,1,2,3,4
13.7823257,0.0024519,0.219541,9.689137,-0.117847,9.692341,90.696663,88.701988,1,2,3,4
13.7847776,0.0024519,0.229113,9.703494,-0.084347,9.706565,90.497887,88.647423,1,2,3,4
13.7872295,0.0024519,0.174078,9.727423,-0.098704,9.729481,90.581268,88.97477,1,2,3,4
13.7896824,0.0024529,0.186042,9.739387,-0.127418,9.741997,90.749405,88.90567,1,2,3,4
13.7921352,0.0024528,0.188435,9.736994,-0.19681,9.740806,91.157722,88.891327,1,2,3,4
13.7945871,0.0024519,0.190828,9.772886,-0.156132,9.775996,90.915108,88.881371,1,2,3,4
13.79704,0.0024529,0.217149,9.770494,-0.065204,9.773124,90.382271,88.726814,1,2,3,4
13.7994909,0.0024509,0.221934,9.746565,-0.017348,9.749106,90.101952,88.695572,1,2,3,4
13.8019438,0.0024529,0.20997,9.777672,-0.093918,9.780377,90.550201,88.769791,1,2,3,4
13.8043966,0.0024528,0.205185,9.782457,-0.110668,9.785234,90.64801,88.798409,1,2,3,4
13.8068476,0.002451,0.214756,9.799207,-0.079561,9.801883,90.465073,88.74453,1,2,3,4
13.8093004,0.0024528,0.272184,9.782457,-0.041276,9.78633,90.241661,88.406235,1,2,3,4
13.8117514,0.002451,0.245863,9.744172,-0.022134,9.747298,90.130104,88.554634,1,2,3,4
13.8142042,0.0024528,0.233898,9.78485,-0.081954,9.787989,90.479736,88.630653,1,2,3,4
13.8166552,0.002451,0.229113,9.722636,-0.091525,9.725766,90.5392,88.650078,1,2,3,4
13.819108,0.0024528,0.217149,9.775279,-0.098704,9.77819,90.578369,88.72744,1,2,3,4
13.8215609,0.0024529,0.178863,9.720243,-0.034098,9.721949,90.200951,88.945808,1,2,3,4
13.8240118,0.0024509,0.188435,9.75135,-0.050847,9.753304,90.298706,88.89296,1,2,3,4
13.8264637,0.0024519,0.224327,9.775279,-0.074776,9.778139,90.438156,88.685387,1,2,3,4
13.8289156,0.0024519,0.245863,9.782457,-0.101097,9.786069,90.591911,88.560287,1,2,3,4
13.8313675,0.0024519,0.212363,9.748958,-0.113061,9.751925,90.664284,88.752113,1,2,3,4
13.8338194,0.0024519,0.221934,9.770494,-0.136989,9.773973,90.80307,88.698761,1,2,3,4
13.8362713,0.0024519,0.238684,9.777672,-0.158524,9.781869,90.928574,88.601624,1,2,3,4
13.8387241,0.0024528,0.214756,9.780065,-0.105882,9.782995,90.620132,88.742073,1,2,3,4
13.8411751,0.002451,0.200399,9.787243,-0.14656,9.790391,90.857742,88.827003,1,2,3,4
13.8436279,0.0024528,0.22672,9.765707,-0.129811,9.769201,90.761353,88.670067,1,2,3,4
13.8460789,0.002451,0.219541,9.787243,-0.101097,9.790227,90.591667,88.714989,1,2,3,4
13.8485317,0.0024528,0.248255,9.803992,-0.041276,9.807221,90.241142,88.549477,1,2,3,4
13.8509836,0.0024519,0.224327,9.813564,-0.055633,9.816286,90.324722,88.690514,1,2,3,4
13.8534365,0.0024529,0.188435,9.825528,-0.175274,9.828897,91.021782,88.901314,1,2,3,4
13.8558893,0.0024528,0.202792,9.782457,-0.144168,9.785621,90.844147,88.812424,1,2,3,4
13.8583403,0.002451,0.231506,9.835099,-0.08674,9.838206,90.505165,88.651581,1,2,3,4
13.8607931,0.0024528,0.20997,9.859028,-0.058026,9.861434,90.337135,88.779945,1,2,3,4
13.8632441,0.002451,0.205185,9.839885,-0.05324,9.842168,90.309937,88.80542,1,2,3,4
13.8656969,0.0024528,0.176471,9.863813,-0.098704,9.865886,90.573227,88.975044,1,2,3,4
13.8681498,0.0024529,0.200399,9.870992,-0.120239,9.873758,90.697746,88.836952,1,2,3,4
13.8706007,0.0024509,0.217149,9.847063,-0.132203,9.850345,90.769005,88.73671,1,2,3,4
13.8730536,0.0024529,0.183649,9.870992,-0.120239,9.873432,90.697769,88.934135,1,2,3,4
13.8755054,0.0024518,0.214756,9.880563,-0.084347,9.883256,90.488991,88.75486,1,2,3,4
13.8779573,0.0024519,0.248255,9.868599,-0.091525,9.872146,90.531204,88.558968,1,2,3,4
13.8804083,0.002451,0.186042,9.863813,-0.136989,9.866519,90.795532,88.919472,1,2,3,4
13.8828611,0.0024528,0.217149,9.873384,-0.141775,9.87679,90.822472,88.740074,1,2,3,4
13.885314,0.0024529,0.217149,9.856635,-0.101097,9.859546,90.587502,88.737938,1,2,3,4
13.8877659,0.0024519,0.233898,9.847063,-0.072383,9.850107,90.421036,88.639305,1,2,3,4
13.8902178,0.0024519,0.190828,9.868599,-0.091525,9.870868,90.531273,88.89222,1,2,3,4
13.8926687,0.0024509,0.224327,9.837492,-0.091525,9.840475,90.532913,88.693695,1,2,3,4
13.8951216,0.0024529,0.202792,9.866206,-0.129811,9.869143,90.753647,88.822502,1,2,3,4
13.8975744,0.0024528,0.233898,9.849456,-0.127418,9.853057,90.740959,88.639633,1,2,3,4
13.9000254,0.002451,0.217149,9.842278,-0.110668,9.845295,90.644058,88.736099,1,2,3,4
13.9024782,0.0024528,0.231506,9.835099,-0.050847,9.837955,90.296135,88.651581,1,2,3,4
13.9049292,0.002451,0.238684,9.851849,-0.084347,9.855101,90.490387,88.612144,1,2,3,4
13.907382,0.0024528,0.221934,9.868599,-0.125025,9.871886,90.725655,88.711693,1,2,3,4
13.9098339,0.0024519,0.260219,9.875777,-0.14656,9.880292,90.849937,88.490646,1,2,3,4
13.9122868,0.0024529,0.238684,9.856635,-0.117847,9.860229,90.684799,88.612823,1,2,3,4
13.9147387,0.0024519,0.293719,9.885348,-0.098704,9.890203,90.571823,88.298096,1,2,3,4
13.9171906,0.0024519,0.217149,9.899706,-0.177667,9.903681,91.027916,88.743423,1,2,3,4
13.9196424,0.0024518,0.231506,9.894919,-0.201595,9.89968,91.16684,88.659729,1,2,3,4
13.9220943,0.0024519,0.214756,9.890134,-0.225524,9.895036,91.305977,88.756065,1,2,3,4
13.9245472,0.0024529,0.202792,9.906884,-0.160917,9.910266,90.930374,88.827332,1,2,3,4
13.9269991,0.0024519,0.19322,9.899706,-0.158524,9.90286,90.917229,88.881851,1,2,3,4
13.929451,0.0024519,0.205185,9.914063,-0.168096,9.91761,90.971169,88.814362,1,2,3,4
13.9319038,0.0024528,0.186042,9.890134,-0.148953,9.893005,90.862701,88.92234,1,2,3,4
13.9343557,0.0024519,0.20997,9.882956,-0.072383,9.885451,90.419533,88.782898,1,2,3,4
13.9368086,0.0024529,0.147757,9.918848,-0.232702,9.922678,91.343796,89.146553,1,2,3,4
13.9392614,0.0024528,0.20997,9.897313,-0.208774,9.901742,91.208145,88.78466,1,2,3,4
13.9417124,0.002451,0.162114,9.906884,-0.160917,9.909517,90.93045,89.062508,1,2,3,4
13.9441652,0.0024528,0.19322,9.91167,-0.132203,9.914434,90.76403,88.883202,1,2,3,4
13.9466171,0.0024519,0.214756,9.909277,-0.129811,9.912454,90.750351,88.758469,1,2,3,4
13.94907,0.0024529,0.236291,9.890134,-0.177667,9.894551,91.028862,88.631371,1,2,3,4
13.9515228,0.0024528,0.267398,9.904491,-0.172881,9.909609,90.999626,88.453522,1,2,3,4
13.9539747,0.0024519,0.253041,9.935597,-0.129811,9.939667,90.748299,88.5411,1,2,3,4
13.9564276,0.0024529,0.274576,9.906884,-0.089133,9.911089,90.515282,88.412415,1,2,3,4
13.9588795,0.0024519,0.250648,9.914063,-0.125025,9.918018,90.722282,88.55175,1,2,3,4
13.9613314,0.0024519,0.238684,9.918848,-0.117847,9.922419,90.680504,88.621521,1,2,3,4
13.9637842,0.0024528,0.253041,9.921241,-0.134596,9.925381,90.777,88.538986,1,2,3,4
13.9662361,0.0024519,0.238684,9.945169,-0.098704,9.948523,90.568466,88.625168,1,2,3,4
13.968689,0.0024529,0.238684,9.918848,-0.043669,9.921816,90.252174,88.621521,1,2,3,4
13.9711409,0.0024519,0.207577,9.909277,-0.084347,9.91181,90.487579,88.799957,1,2,3,4
13.9735937,0.0024528,0.219541,9.940384,-0.10349,9.943347,90.596344,88.734779,1,2,3,4
13.9760456,0.0024519,0.202792,9.916455,-0.048455,9.918647,90.2799,88.828461,1,2,3,4
13.9784975,0.0024519,0.176471,9.902099,-0.065204,9.903886,90.37722,88.979012,1,2,3,4
13.9809494,0.0024519,0.217149,9.918848,-0.089133,9.921625,90.514732,88.74585,1,2,3,4
13.9834013,0.0024519,0.22672,9.904491,-0.062812,9.907285,90.363251,88.68869,1,2,3,4
13.9858532,0.0024519,0.233898,9.914063,-0.029312,9.916864,90.169357,88.648499,1,2,3,4
13.9883051,0.0024519,0.233898,9.894919,-0.050847,9.897815,90.294342,88.645882,1,2,3,4
13.9907579,0.0024528,0.250648,9.897313,-0.055633,9.900643,90.321953,88.549301,1,2,3,4
13.9932108,0.0024529,0.236291,9.928419,-0.000598,9.931231,90.003448,88.63665,1,2,3,4
13.9956617,0.0024509,0.238684,9.899706,-0.010169,9.902588,90.058838,88.618851,1,2,3,4
13.9981136,0.0024519,0.231506,9.909277,0.016152,9.911994,89.906639,88.661667,1,2,3,4
14.0005655,0.0024519,0.198006,9.890134,-0.022134,9.89214,90.128197,88.853058,1,2,3,4
14.0030184,0.0024529,0.24347,9.902099,-0.113061,9.905737,90.653969,88.591515,1,2,3,4
14.0054712,0.0024528,0.248255,9.885348,-0.093918,9.888911,90.544167,88.561409,1,2,3,4
14.0079222,0.002451,0.217149,9.906884,-0.077169,9.909565,90.446182,88.744339,1,2,3,4
14.010375,0.0024528,0.169292,9.897313,-0.093918,9.899207,90.543602,89.020058,1,2,3,4
14.0128269,0.0024519,0.169292,9.916455,-0.105882,9.918466,90.611664,89.02195,1,2,3,4
14.0152788,0.0024519,0.202792,9.921241,-0.136989,9.924259,90.790909,88.829025,1,2,3,4
14.0177307,0.0024519,0.186042,9.87817,-0.16331,9.881271,90.946983,88.921036,1,2,3,4
14.0201826,0.0024519,0.224327,9.909277,-0.10349,9.912356,90.598206,88.703156,1,2,3,4
14.0226355,0.0024529,0.212363,9.875777,-0.192024,9.879927,91.113655,88.768135,1,2,3,4
14.0250874,0.0024519,0.281755,9.854242,-0.211167,9.860531,91.227104,88.362228,1,2,3,4
14.0275393,0.0024519,0.288933,9.856635,-0.122632,9.861631,90.712509,88.320938,1,2,3,4
14.0299911,0.0024518,0.32004,9.882956,-0.081954,9.888475,90.474861,88.145241,1,2,3,4
14.032444,0.0024529,0.274576,9.87817,-0.110668,9.882605,90.641624,88.407799,1,2,3,4
14.0348969,0.0024529,0.265005,9.861421,-0.108275,9.865575,90.628838,88.460663,1,2,3,4
14.0373487,0.0024518,0.276969,9.849456,-0.091525,9.853774,90.532188,88.389252,1,2,3,4
14.0398006,0.0024519,0.24347,9.839885,-0.153739,9.844097,90.894844,88.582611,1,2,3,4
14.0422535,0.0024529,0.274576,9.882956,-0.136989,9.887718,90.793831,88.408569,1,2,3,4
14.0447054,0.0024519,0.262612,9.861421,-0.168096,9.866349,90.976212,88.474556,1,2,3,4
14.0471582,0.0024528,0.262612,9.84467,-0.170489,9.849648,90.991791,88.471962,1,2,3,4
14.0496101,0.0024519,0.22672,9.880563,-0.141775,9.88418,90.821854,88.685516,1,2,3,4
14.052063,0.0024529,0.255434,9.842278,-0.105882,9.846161,90.61615,88.513351,1,2,3,4
14.0545149,0.0024519,0.219541,9.863813,-0.084347,9.866617,90.489815,88.72496,1,2,3,4
14.0569677,0.0024528,0.255434,9.870992,-0.14656,9.875383,90.850357,88.517677,1,2,3,4
14.0594206,0.0024529,0.279362,9.847063,-0.158524,9.852301,90.921936,88.374947,1,2,3,4
14.0618725,0.0024519,0.298505,9.832706,-0.048455,9.837356,90.282219,88.261131,1,2,3,4
14.0643253,0.0024528,0.293719,9.808778,-0.024526,9.813205,90.143204,88.284821,1,2,3,4
14.0667782,0.0024529,0.308076,9.796814,-0.065204,9.801873,90.381149,88.198837,1,2,3,4
14.0692301,0.0024519,0.257827,9.782457,-0.026919,9.785892,90.157608,88.490257,1,2,3,4
14.071682,0.0024519,0.269791,9.760921,-0.048455,9.76477,90.284317,88.416756,1,2,3,4
14.0741339,0.0024519,0.293719,9.763314,-0.029312,9.767776,90.171936,88.27684,1,2,3,4
14.0765867,0.0024528,0.257827,9.7681,0.025723,9.771536,89.849174,88.488045,1,2,3,4
14.0790377,0.002451,0.300897,9.753743,0.018544,9.758401,89.891121,88.233017,1,2,3,4
14.0814896,0.0024519,0.224327,9.765707,-0.048455,9.768403,90.28421,88.684097,1,2,3,4
14.0839424,0.0024528,0.257827,9.787243,-0.026919,9.790675,90.157532,88.490997,1,2,3,4
14.0863934,0.002451,0.195613,9.7681,0.032901,9.770113,89.807053,88.85276,1,2,3,4
14.0888462,0.0024528,0.217149,9.811171,-0.046062,9.813682,90.268929,88.732094,1,2,3,4
14.0912971,0.0024509,0.219541,9.815957,-0.058026,9.818583,90.338608,88.71875,1,2,3,4
14.09375,0.0024529,0.250648,9.811171,-0.067597,9.814605,90.394623,88.536568,1,2,3,4
14.0962019,0.0024519,0.231506,9.825528,-0.065204,9.828471,90.380119,88.650269,1,2,3,4
14.0986538,0.0024519,0.241077,9.832706,-0.108275,9.836257,90.630714,88.595512,1,2,3,4
14.1011066,0.0024528,0.286541,9.835099,-0.113061,9.839922,90.65834,88.331192,1,2,3,4
14.1035576,0.002451,0.279362,9.825528,-0.081954,9.82984,90.477699,88.371391,1,2,3,4
14.1060104,0.0024528,0.305683,9.796814,-0.098704,9.802079,90.576958,88.212822,1,2,3,4
14.1084623,0.0024519,0.265005,9.772886,-0.065204,9.776696,90.382126,88.446724,1,2,3,4
14.1109152,0.0024529,0.274576,9.789636,-0.096311,9.79396,90.563438,88.39341,1,2,3,4
14.1133671,0.0024519,0.332004,9.782457,-0.077169,9.788394,90.451706,88.056198,1,2,3,4
14.115819,0.0024519,0.296112,9.756136,-0.022134,9.760653,90.129929,88.261528,1,2,3,4
14.1182709,0.0024519,0.279362,9.736994,-0.055633,9.741159,90.327225,88.35659,1,2,3,4
14.1207228,0.0024519,0.324826,9.732208,-0.120239,9.73837,90.707451,88.088387,1,2,3,4
14.1231747,0.0024519,0.260219,9.744172,-0.19681,9.749633,91.15667,88.470268,1,2,3,4
14.1256266,0.0024519,0.286541,9.765707,-0.242273,9.772913,91.420525,88.319336,1,2,3,4
14.1280794,0.0024528,0.284148,9.782457,-0.213559,9.788913,91.250092,88.33622,1,2,3,4
14.1305313,0.0024519,0.274576,9.7681,-0.232702,9.774729,91.364143,88.38987,1,2,3,4
14.1329832,0.0024519,0.274576,9.806385,-0.254237,9.813522,91.48452,88.396149,1,2,3,4
14.1354361,0.0024529,0.293719,9.7681,-0.347557,9.778693,92.036858,88.277679,1,2,3,4
14.137888,0.0024519,0.291326,9.772886,-0.302094,9.781894,91.769745,88.292542,1,2,3,4
14.1403408,0.0024528,0.281755,9.739387,-0.285344,9.747639,91.677467,88.342926,1,2,3,4
14.1427937,0.0024529,0.274576,9.770494,-0.27338,9.778173,91.602097,88.390266,1,2,3,4
14.1452456,0.0024519,0.274576,9.753743,-0.235095,9.760439,91.380188,88.387497,1,2,3,4
14.1476984,0.0024528,0.241077,9.765707,-0.25663,9.772053,91.504852,88.585876,1,2,3,4
14.1501493,0.0024509,0.250648,9.770494,-0.266202,9.777332,91.56015,88.530479,1,2,3,4
14.1526012,0.0024519,0.262612,9.777672,-0.249452,9.784378,91.460907,88.461502,1,2,3,4
14.1550541,0.0024529,0.236291,9.760921,-0.184846,9.765531,91.084579,88.613258,1,2,3,4
14.157506,0.0024519,0.186042,9.756136,-0.206381,9.760092,91.211632,88.907547,1,2,3,4
14.1599588,0.0024528,0.217149,9.756136,-0.172881,9.760083,91.014938,88.724937,1,2,3,4
14.1624098,0.002451,0.231506,9.775279,-0.134596,9.778947,90.788635,88.643333,1,2,3,4
14.1648626,0.0024528,0.217149,9.763314,-0.10349,9.766277,90.607155,88.725876,1,2,3,4
14.1673136,0.002451,0.241077,9.7681,-0.074776,9.77136,90.438461,88.586227,1,2,3,4
14.1697664,0.0024528,0.195613,9.787243,-0.105882,9.78977,90.619698,88.855011,1,2,3,4
14.1722193,0.0024529,0.262612,9.796814,-0.117847,9.801042,90.688934,88.4645,1,2,3,4
14.1746712,0.0024519,0.217149,9.806385,-0.081954,9.809132,90.478706,88.731476,1,2,3,4
14.177124,0.0024528,0.253041,9.799207,-0.05324,9.802618,90.311188,88.520805,1,2,3,4
14.179575,0.002451,0.241077,9.770494,-0.098704,9.773966,90.578621,88.586571,1,2,3,4
14.1820278,0.0024528,0.221934,9.780065,-0.132203,9.783476,90.774254,88.700035,1,2,3,4
14.1844807,0.0024529,0.255434,9.803992,-0.122632,9.808085,90.7164,88.507553,1,2,3,4
14.1869326,0.0024519,0.245863,9.842278,-0.072383,9.845614,90.421227,88.569038,1,2,3,4
14.1893845,0.0024519,0.233898,9.760921,-0.019741,9.763743,90.115845,88.627296,1,2,3,4
14.1918364,0.0024519,0.276969,9.794421,-0.014955,9.798347,90.087448,88.380203,1,2,3,4
14.1942883,0.0024519,0.253041,9.789636,-0.041276,9.792993,90.241493,88.519356,1,2,3,4
14.1967411,0.0024528,0.231506,9.803992,-0.026919,9.806762,90.157272,88.647301,1,2,3,4
14.199193,0.0024519,0.250648,9.78485,-0.055633,9.788218,90.325653,88.532639,1,2,3,4
14.2016449,0.0024519,0.248255,9.811171,0.004187,9.814312,89.975555,88.550537,1,2,3,4
14.2040968,0.0024519,0.274576,9.81835,-0.074776,9.822474,90.43618,88.398102,1,2,3,4
14.2065487,0.0024519,0.288933,9.842278,-0.136989,9.84747,90.797073,88.318489,1,2,3,4
14.2090015,0.0024528,0.217149,9.839885,-0.14656,9.843371,90.853119,88.735786,1,2,3,4
14.2114534,0.0024519,0.260219,9.851849,-0.158524,9.85656,90.921539,88.486984,1,2,3,4
14.2139053,0.0024519,0.260219,9.849456,-0.108275,9.853488,90.629608,88.486618,1,2,3,4
14.2163572,0.0024519,0.276969,9.873384,-0.127418,9.87809,90.739082,88.393158,1,2,3,4
14.2188101,0.0024529,0.274576,9.854242,-0.101097,9.858585,90.587563,88.403938,1,2,3,4
14.221262,0.0024519,0.265005,9.882956,-0.05324,9.886652,90.30854,88.46402,1,2,3,4
14.2237148,0.0024528,0.253041,9.906884,-0.031705,9.910166,90.183304,88.536873,1,2,3,4
14.2261677,0.0024529,0.253041,9.894919,-0.048455,9.898273,90.280479,88.535103,1,2,3,4
14.2286186,0.0024509,0.248255,9.880563,-0.072383,9.883946,90.419594,88.560707,1,2,3,4
14.2310715,0.0024529,0.198006,9.899706,-0.050847,9.901816,90.294228,88.854172,1,2,3,4
14.2335234,0.0024519,0.22672,9.923634,-0.081954,9.926561,90.473045,88.691223,1,2,3,4
14.2359762,0.0024528,0.260219,9.906884,-0.115454,9.910974,90.667458,88.495384,1,2,3,4
14.2384291,0.0024529,0.20997,9.890134,-0.139382,9.893345,90.807236,88.783775,1,2,3,4
14.240881,0.0024519,0.236291,9.892527,-0.184846,9.897075,91.07016,88.631706,1,2,3,4
14.2433338,0.0024528,0.262612,9.894919,-0.158524,9.899673,90.917526,88.479721,1,2,3,4
14.2457867,0.0024529,0.260219,9.909277,-0.110668,9.913311,90.639641,88.49575,1,2,3,4
14.2482376,0.0024509,0.272184,9.897313,-0.072383,9.90132,90.418861,88.424721,1,2,3,4
14.2506895,0.0024519,0.288933,9.906884,-0.048455,9.911215,90.280113,88.329445,1,2,3,4
14.2531414,0.0024519,0.281755,9.87817,-0.081954,9.882526,90.475151,88.366196,1,2,3,4
14.2555943,0.0024529,0.293719,9.897313,-0.096311,9.90214,90.557281,88.300156,1,2,3,4
14.2580452,0.0024509,0.288933,9.894919,-0.10349,9.899678,90.598969,88.327431,1,2,3,4
14.260498,0.0024528,0.32004,9.875777,-0.050847,9.881092,90.294846,88.14389,1,2,3,4
14.2629509,0.0024529,0.272184,9.868599,-0.060419,9.872537,90.350647,88.420135,1,2,3,4
14.2654028,0.0024519,0.276969,9.859028,-0.093918,9.863365,90.545578,88.390816,1,2,3,4
14.2678547,0.0024519,0.205185,9.847063,-0.110668,9.849822,90.643761,88.80629,1,2,3,4
14.2703066,0.0024519,0.269791,9.866206,-0.062812,9.870094,90.364624,88.43364,1,2,3,4
14.2727585,0.0024519,0.248255,9.856635,-0.031705,9.859812,90.184242,88.55722,1,2,3,4
14.2752113,0.0024528,0.236291,9.849456,-0.072383,9.852555,90.420937,88.625725,1,2,3,4
14.2776642,0.0024529,0.262612,9.859028,-0.065204,9.862741,90.378799,88.47419,1,2,3,4
14.280117,0.0024528,0.250648,9.866206,-0.019741,9.86941,90.114601,88.544731,1,2,3,4
14.2825689,0.0024519,0.233898,9.87817,-0.060419,9.881124,90.350342,88.643585,1,2,3,4
14.2850208,0.0024519,0.279362,9.890134,-0.084347,9.894439,90.488434,88.382019,1,2,3,4
14.2874718,0.002451,0.296112,9.875777,-0.024526,9.880246,90.142227,88.282578,1,2,3,4
14.2899246,0.0024528,0.281755,9.897313,-0.074776,9.901606,90.432693,88.369354,1,2,3,4
14.2923775,0.0024529,0.253041,9.916455,-0.091525,9.920106,90.528633,88.538284,1,2,3,4
14.2948294,0.0024519,0.272184,9.890134,-0.141775,9.894895,90.820969,88.423576,1,2,3,4
14.2972822,0.0024528,0.262612,9.875777,-0.120239,9.88,90.697304,88.476776,1,2,3,4
14.2997332,0.002451,0.24347,9.885348,-0.158524,9.889617,90.918457,88.589127,1,2,3,4
14.302186,0.0024528,0.224327,9.885348,-0.182453,9.889576,91.057106,88.70002,1,2,3,4
14.3046389,0.0024529,0.238684,9.863813,-0.18006,9.868343,91.045486,88.613831,1,2,3,4
14.3070908,0.0024519,0.186042,9.854242,-0.139382,9.856984,90.810211,88.918419,1,2,3,4
14.3095427,0.0024519,0.217149,9.863813,-0.156132,9.867438,90.906624,88.738853,1,2,3,4
14.3119965,0.0024538,0.229113,9.856635,-0.117847,9.860002,90.684814,88.668427,1,2,3,4
14.3144474,0.0024509,0.257827,9.842278,-0.14656,9.846745,90.852829,88.499435,1,2,3,4
14.3169003,0.0024529,0.233898,9.851849,-0.16331,9.855978,90.949417,88.639961,1,2,3,4
14.3193521,0.0024518,0.224327,9.873384,-0.189631,9.877752,91.100021,88.698441,1,2,3,4
14.321804,0.0024519,0.250648,9.875777,-0.192024,9.880824,91.113556,88.546143,1,2,3,4
14.3242559,0.0024519,0.279362,9.882956,-0.177667,9.888499,91.029488,88.380852,1,2,3,4
14.3267088,0.0024529,0.262612,9.899706,-0.189631,9.905004,91.096992,88.480453,1,2,3,4
14.3291616,0.0024528,0.267398,9.873384,-0.148953,9.878128,90.863998,88.448654,1,2,3,4
14.3316126,0.002451,0.281755,9.863813,-0.160917,9.869148,90.934258,88.363823,1,2,3,4
14.3340654,0.0024528,0.269791,9.875777,-0.06999,9.879709,90.405899,88.435158,1,2,3,4
14.3365183,0.0024529,0.236291,9.854242,-0.06999,9.857324,90.406822,88.626389,1,2,3,4
14.3389711,0.0024528,0.221934,9.825528,-0.067597,9.828267,90.394073,88.706047,1,2,3,4
14.341424,0.0024529,0.195613,9.81835,-0.067597,9.820531,90.394386,88.858635,1,2,3,4
14.3438759,0.0024519,0.178863,9.820743,-0.122632,9.823136,90.715302,88.956596,1,2,3,4
14.3463287,0.0024528,0.159721,9.787243,-0.139382,9.789538,90.815796,89.065056,1,2,3,4
14.3487816,0.0024529,0.154935,9.808778,-0.115454,9.81068,90.674278,89.095055,1,2,3,4
14.3512335,0.0024519,0.178863,9.811171,-0.089133,9.813206,90.520424,88.955582,1,2,3,4
14.3536863,0.0024528,0.1334,9.827921,-0.098704,9.829322,90.575363,89.222343,1,2,3,4
14.3561373,0.002451,0.131007,9.842278,-0.168096,9.844585,90.978371,89.237404,1,2,3,4
14.3585901,0.0024528,0.202792,9.832706,-0.165703,9.836193,90.965263,88.818489,1,2,3,4
14.361043,0.0024529,0.20997,9.847063,-0.065204,9.849518,90.379303,88.778458,1,2,3,4
14.3634949,0.0024519,0.198006,9.847063,-0.060419,9.849239,90.351479,88.848045,1,2,3,4
14.3659477,0.0024528,0.219541,9.849456,-0.10349,9.852446,90.601845,88.723106,1,2,3,4
14.3683996,0.0024519,0.248255,9.854242,-0.132203,9.858255,90.768387,88.55687,1,2,3,4
14.3708515,0.0024519,0.276969,9.842278,-0.081954,9.846515,90.476891,88.388077,1,2,3,4
14.3733044,0.0024529,0.236291,9.799207,-0.081954,9.802398,90.479034,88.618675,1,2,3,4
14.3757553,0.0024509,0.257827,9.827921,-0.113061,9.831952,90.658875,88.497238,1,2,3,4
14.3782072,0.0024519,0.238684,9.811171,-0.129811,9.814932,90.757805,88.606392,1,2,3,4
14.3806591,0.0024519,0.236291,9.78485,-0.065204,9.78792,90.381691,88.616653,1,2,3,4
14.383112,0.0024529,0.248255,9.787243,-0.06999,9.790641,90.409592,88.546989,1,2,3,4
14.3855639,0.0024519,0.212363,9.813564,-0.093918,9.816311,90.548187,88.76033,1,2,3,4
14.3880157,0.0024518,0.207577,9.806385,-0.026919,9.808619,90.157242,88.787369,1,2,3,4
14.3904686,0.0024529,0.219541,9.789636,0.001795,9.792097,89.989502,88.715309,1,2,3,4
14.3929205,0.0024519,0.19322,9.808778,-0.010169,9.810686,90.059395,88.87149,1,2,3,4
14.3953733,0.0024528,0.183649,9.820743,-0.017348,9.822474,90.101196,88.928688,1,2,3,4
14.3978252,0.0024519,0.217149,9.837492,-0.043669,9.839985,90.254272,88.735481,1,2,3,4
14.4002781,0.0024529,0.224327,9.827921,-0.055633,9.830638,90.324249,88.692421,1,2,3,4
14.40273,0.0024519,0.20997,9.880563,-0.046062,9.882901,90.267044,88.7826,1,2,3,4
14.4051819,0.0024519,0.233898,9.875777,-0.038883,9.878623,90.225525,88.643257,1,2,3,4
14.4076347,0.0024528,0.183649,9.837492,-0.055633,9.839363,90.323959,88.930511,1,2,3,4
14.4100866,0.0024519,0.186042,9.863813,-0.026919,9.865604,90.156334,88.919472,1,2,3,4
14.4125395,0.0024529,0.224327,9.849456,0.001795,9.85201,89.989563,88.695282,1,2,3,4
14.4149923,0.0024528,0.207577,9.866206,-0.031705,9.868441,90.184074,88.794716,1,2,3,4
14.4174433,0.002451,0.178863,9.847063,-0.017348,9.848702,90.100922,88.959389,1,2,3,4
14.4198961,0.0024528,0.183649,9.81835,0.013759,9.820077,89.919724,88.928429,1,2,3,4
14.422348,0.0024519,0.171685,9.84467,-0.06999,9.846416,90.407272,89.0009,1,2,3,4
14.4248018,0.0024538,0.171685,9.839885,-0.10349,9.841927,90.602486,89.000412,1,2,3,4
14.4272537,0.0024519,0.207577,9.849456,-0.058026,9.851814,90.337463,88.792671,1,2,3,4
14.4297056,0.0024519,0.214756,9.849456,-0.062812,9.851997,90.365295,88.750931,1,2,3,4
14.4321585,0.0024529,0.236291,9.842278,-0.089133,9.845517,90.518715,88.624718,1,2,3,4
14.4346104,0.0024519,0.231506,9.861421,-0.125025,9.86493,90.726166,88.655174,1,2,3,4
14.4370632,0.0024528,0.22672,9.863813,-0.05324,9.866562,90.309174,88.683289,1,2,3,4
14.4395161,0.0024529,0.274576,9.868599,0.018544,9.872436,89.892372,88.406258,1,2,3,4
14.441968,0.0024519,0.238684,9.835099,-0.014955,9.838006,90.087097,88.609787,1,2,3,4
14.4444208,0.0024528,0.260219,9.856635,-0.098704,9.860563,90.57354,88.487717,1,2,3,4
14.4468718,0.002451,0.267398,9.885348,-0.093918,9.88941,90.544136,88.450531,1,2,3,4
14.4493246,0.0024528,0.253041,9.897313,-0.062812,9.900747,90.363495,88.535461,1,2,3,4
14.4517775,0.0024529,0.253041,9.866206,-0.034098,9.86951,90.197952,88.530846,1,2,3,4
14.4542294,0.0024519,0.241077,9.851849,-0.026919,9.854835,90.156509,88.598236,1,2,3,4
14.4566813,0.0024519,0.233898,9.856635,-0.077169,9.859712,90.448441,88.640625,1,2,3,4
14.4591331,0.0024518,0.236291,9.825528,-0.108275,9.828965,90.63118,88.622375,1,2,3,4
14.461586,0.0024529,0.221934,9.837492,-0.105882,9.840565,90.616501,88.707626,1,2,3,4
14.4640388,0.0024528,0.188435,9.825528,-0.091525,9.827761,90.5336,88.901314,1,2,3,4
14.4664907,0.0024519,0.169292,9.815957,-0.10349,9.817963,90.603958,89.01194,1,2,3,4
14.4689436,0.0024529,0.186042,9.839885,-0.113061,9.842293,90.658188,88.91684,1,2,3,4
14.4713955,0.0024519,0.190828,9.839885,-0.096311,9.842206,90.560677,88.888985,1,2,3,4
14.4738483,0.0024528,0.183649,9.851849,-0.048455,9.85368,90.281746,88.932068,1,2,3,4
14.4763002,0.0024519,0.229113,9.84467,-0.055633,9.847493,90.323692,88.666809,1,2,3,4
14.4787521,0.0024519,0.238684,9.813564,-0.117847,9.817174,90.687805,88.606735,1,2,3,4
14.481204,0.0024519,0.214756,9.803992,-0.120239,9.807081,90.702492,88.74514,1,2,3,4
14.483655,0.002451,0.221934,9.847063,-0.115454,9.850241,90.67157,88.708878,1,2,3,4
14.4861078,0.0024528,0.229113,9.837492,-0.132203,9.841047,90.76973,88.66584,1,2,3,4
14.4885607,0.0024529,0.269791,9.837492,-0.148953,9.842318,90.867142,88.42907,1,2,3,4
14.4910126,0.0024519,0.207577,9.803992,-0.139382,9.80718,90.814331,88.787071,1,2,3,4
14.4934645,0.0024519,0.238684,9.808778,-0.10349,9.812227,90.604309,88.606056,1,2,3,4
14.4959173,0.0024528,0.207577,9.794421,-0.077169,9.796925,90.451309,88.785889,1,2,3,4
14.4983702,0.0024529,0.205185,9.796814,-0.093918,9.799413,90.549133,88.800171,1,2,3,4
14.5008221,0.0024519,0.195613,9.811171,-0.144168,9.814179,90.84169,88.857796,1,2,3,4
14.503273,0.0024509,0.207577,9.796814,-0.144168,9.800074,90.842903,88.786186,1,2,3,4
14.5057268,0.0024538,0.19322,9.808778,-0.144168,9.81174,90.841896,88.87149,1,2,3,4
14.5081787,0.0024519,0.224327,9.799207,-0.113061,9.802426,90.660866,88.688591,1,2,3,4
14.5106306,0.0024519,0.205185,9.813564,-0.141775,9.816733,90.827499,88.802223,1,2,3,4
14.5130835,0.0024529,0.164507,9.837492,-0.182453,9.840559,91.062378,89.041969,1,2,3,4
14.5155363,0.0024528,0.186042,9.847063,-0.187238,9.8506,91.089134,88.917633,1,2,3,4
14.5179892,0.0024529,0.229113,9.832706,-0.165703,9.836771,90.96521,88.665184,1,2,3,4
14.5204411,0.0024519,0.219541,9.827921,-0.156132,9.831613,90.909927,88.720306,1,2,3,4
14.522893,0.0024519,0.229113,9.837492,-0.14656,9.84125,90.85331,88.66584,1,2,3,4
14.5253458,0.0024528,0.219541,9.815957,-0.192024,9.82029,91.120422,88.71875,1,2,3,4
14.5277977,0.0024519,0.181256,9.808778,-0.14656,9.811546,90.855888,88.941353,1,2,3,4
14.5302505,0.0024528,0.236291,9.837492,-0.125025,9.841124,90.727928,88.624054,1,2,3,4
14.5327024,0.0024519,0.188435,9.78485,-0.096311,9.787138,90.563835,88.896744,1,2,3,4
14.5351553,0.0024529,0.157328,9.782457,-0.187238,9.785514,91.096375,89.078613,1,2,3,4
14.5376072,0.0024519,0.162114,9.772886,-0.158524,9.775517,90.929176,89.04966,1,2,3,4
14.5400591,0.0024519,0.19322,9.770494,-0.125025,9.773203,90.732986,88.867073,1,2,3,4
14.5425119,0.0024528,0.169292,9.792028,-0.084347,9.793856,90.493454,89.009521,1,2,3,4
14.5449648,0.0024529,0.229113,9.772886,-0.129811,9.776434,90.760788,88.657021,1,2,3,4
14.5474176,0.0024528,0.183649,9.803992,-0.129811,9.806572,90.758453,88.926857,1,2,3,4
14.5498705,0.0024529,0.202792,9.806385,-0.122632,9.809248,90.716316,88.815315,1,2,3,4
14.5523224,0.0024519,0.186042,9.811171,-0.101097,9.813456,90.590263,88.913673,1,2,3,4
14.5547752,0.0024528,0.250648,9.837492,-0.125025,9.841479,90.727898,88.540482,1,2,3,4
14.5572262,0.002451,0.224327,9.825528,-0.177667,9.829694,91.035652,88.692108,1,2,3,4
14.559679,0.0024528,0.214756,9.808778,-0.199202,9.81315,91.163155,88.74575,1,2,3,4
14.5621319,0.0024529,0.219541,9.825528,-0.201595,9.830048,91.17511,88.719994,1,2,3,4
14.5645838,0.0024519,0.217149,9.825528,-0.199202,9.829946,91.161171,88.73394,1,2,3,4
14.5670366,0.0024528,0.238684,9.815957,-0.251845,9.822087,91.469261,88.607079,1,2,3,4
14.5694876,0.002451,0.212363,9.837492,-0.215952,9.842154,91.257263,88.763344,1,2,3,4
14.5719404,0.0024528,0.202792,9.808778,-0.211167,9.813146,91.233032,88.815605,1,2,3,4
14.5743933,0.0024529,0.205185,9.863813,-0.175274,9.867504,91.017784,88.808319,1,2,3,4
14.5768452,0.0024519,0.212363,9.837492,-0.148953,9.840911,90.867271,88.763344,1,2,3,4
14.5792971,0.0024519,0.145364,9.854242,-0.096311,9.855785,90.559906,89.154869,1,2,3,4
14.581749,0.0024519,0.195613,9.866206,-0.125025,9.868937,90.725876,88.864166,1,2,3,4
14.5842009,0.0024519,0.198006,9.854242,-0.10349,9.856775,90.601578,88.848885,1,2,3,4
14.5866537,0.0024528,0.221934,9.866206,-0.098704,9.869196,90.573036,88.71138,1,2,3,4
14.5891056,0.0024519,0.207577,9.935597,-0.06999,9.938012,90.403519,88.803131,1,2,3,4
14.5915575,0.0024519,0.205185,9.892527,-0.065204,9.894869,90.377563,88.811775,1,2,3,4
14.5940094,0.0024519,0.20997,9.904491,-0.050847,9.906848,90.294075,88.785538,1,2,3,4
14.5964622,0.0024528,0.233898,9.935597,-0.043669,9.938446,90.251755,88.651421,1,2,3,4
14.5989151,0.0024529,0.245863,9.906884,-0.050847,9.910065,90.293983,88.578362,1,2,3,4
14.601367,0.0024519,0.207577,9.885348,-0.079561,9.887848,90.461029,88.79705,1,2,3,4
14.6038189,0.0024519,0.200399,9.856635,-0.105882,9.859241,90.615334,88.835258,1,2,3,4
14.6062708,0.0024519,0.214756,9.856635,-0.06999,9.859222,90.406746,88.751839,1,2,3,4
14.6087236,0.0024528,0.265005,9.859028,-0.058026,9.86276,90.33709,88.460289,1,2,3,4
14.6111746,0.002451,0.22672,9.837492,-0.058026,9.840275,90.33786,88.679764,1,2,3,4
14.6136274,0.0024528,0.221934,9.849456,-0.132203,9.852843,90.768806,88.70919,1,2,3,4
14.6160803,0.0024529,0.219541,9.854242,-0.139382,9.857673,90.810158,88.723724,1,2,3,4
14.6185322,0.0024519,0.253041,9.854242,-0.072383,9.857757,90.420708,88.52906,1,2,3,4
14.6209841,0.0024519,0.238684,9.868599,-0.081954,9.871825,90.475662,88.614502,1,2,3,4
14.623436,0.0024519,0.190828,9.849456,-0.125025,9.852098,90.727112,88.890068,1,2,3,4
14.6258879,0.0024519,0.219541,9.835099,-0.122632,9.838313,90.714195,88.721245,1,2,3,4
14.6283407,0.0024528,0.255434,9.856635,-0.117847,9.860648,90.684769,88.515518,1,2,3,4
14.6307926,0.0024519,0.229113,9.909277,-0.077169,9.912226,90.44606,88.675499,1,2,3,4
14.6332455,0.0024529,0.238684,9.897313,-0.072383,9.900455,90.4189,88.618523,1,2,3,4
14.6356974,0.0024519,0.224327,9.892527,-0.089133,9.895472,90.51609,88.700958,1,2,3,4
14.6381502,0.0024528,0.188435,9.880563,-0.096311,9.882829,90.558372,88.907433,1,2,3,4
14.6406031,0.0024529,0.214756,9.892527,-0.129811,9.895709,90.751617,88.756371,1,2,3,4
14.643055,0.0024519,0.205185,9.866206,-0.098704,9.868834,90.573059,88.808609,1,2,3,4
14.6455078,0.0024528,0.183649,9.904491,-0.122632,9.906953,90.709251,88.937744,1,2,3,4
14.6479597,0.0024519,0.162114,9.847063,-0.134596,9.849318,90.783005,89.056816,1,2,3,4
14.6504126,0.0024529,0.190828,9.885348,-0.117847,9.887892,90.682884,88.894096,1,2,3,4
14.6528654,0.0024528,0.178863,9.859028,-0.105882,9.861218,90.615211,88.960648,1,2,3,4
14.6553173,0.0024519,0.231506,9.842278,-0.132203,9.845888,90.769348,88.652565,1,2,3,4
14.6577702,0.0024529,0.202792,9.856635,-0.153739,9.85992,90.89341,88.821358,1,2,3,4
14.660223,0.0024528,0.221934,9.854242,-0.125025,9.857534,90.726715,88.709816,1,2,3,4
14.6626749,0.0024519,0.188435,9.854242,-0.096311,9.856515,90.55986,88.90451,1,2,3,4
14.6651278,0.0024529,0.221934,9.885348,-0.113061,9.888485,90.655113,88.713875,1,2,3,4
14.6675797,0.0024519,0.200399,9.870992,-0.120239,9.873758,90.697746,88.836952,1,2,3,4
14.6700315,0.0024518,0.229113,9.868599,-0.122632,9.87202,90.711761,88.670044,1,2,3,4
14.6724844,0.0024529,0.238684,9.861421,-0.105882,9.864877,90.614983,88.613495,1,2,3,4
14.6749363,0.0024519,0.231506,9.825528,-0.125025,9.82905,90.728821,88.650269,1,2,3,4
14.6773891,0.0024528,0.241077,9.830314,-0.170489,9.834747,90.993294,88.595169,1,2,3,4
14.679841,0.0024519,0.186042,9.827921,-0.177667,9.831287,91.035484,88.915527,1,2,3,4
14.6822939,0.0024529,0.233898,9.859028,-0.14656,9.862891,90.851433,88.640953,1,2,3,4
14.6847467,0.0024528,0.24347,9.863813,-0.10349,9.867361,90.600937,88.586052,1,2,3,4
14.6871986,0.0024519,0.236291,9.866206,-0.089133,9.869437,90.517456,88.628052,1,2,3,4
14.6896515,0.0024529,0.202792,9.861421,-0.101097,9.864024,90.587234,88.82193,1,2,3,4
14.6921034,0.0024519,0.195613,9.84467,-0.089133,9.847016,90.518631,88.861687,1,2,3,4
14.6945553,0.0024519,0.229113,9.84467,-0.048455,9.847455,90.281929,88.666809,1,2,3,4
14.6970081,0.0024528,0.214756,9.861421,-0.072383,9.864024,90.420441,88.752449,1,2,3,4
14.69946,0.0024519,0.202792,9.830314,-0.036491,9.832473,90.212639,88.818199,1,2,3,4
14.7019129,0.0024529,0.214756,9.851849,-0.067597,9.854421,90.393028,88.751236,1,2,3,4
14.7043638,0.0024509,0.229113,9.847063,-0.101097,9.850247,90.588058,88.66713,1,2,3,4
14.7068176,0.0024538,0.30329,9.935597,-0.110668,9.940842,90.637871,88.251556,1,2,3,4
14.7092705,0.0024529,0.080758,9.746565,-0.208774,9.749135,91.227058,89.525269,1,2,3,4
14.7117224,0.0024519,0.281755,9.820743,0.066401,9.825007,89.61277,88.356651,1,2,3,4
14.7141762,0.0024538,0.214756,9.799207,0.236291,9.804407,88.619011,88.74453,1,2,3,4
14.7166271,0.0024509,0.224327,9.772886,-0.041276,9.775548,90.241928,88.685059,1,2,3,4
14.71908,0.0024529,0.0999,9.777672,-0.270987,9.781937,91.587456,89.414619,1,2,3,4
14.7215338,0.0024538,0.276969,9.84467,-0.050847,9.848697,90.295815,88.388474,1,2,3,4
14.7239866,0.0024528,0.207577,9.813564,0.140578,9.816766,89.179482,88.788254,1,2,3,4
14.7264395,0.0024529,0.269791,9.78485,0.032901,9.788624,89.807419,88.420624,1,2,3,4
14.7288923,0.0024528,0.159721,9.8016,-0.113061,9.803553,90.660789,89.066429,1,2,3,4
14.7313442,0.0024519,0.19322,9.835099,-0.144168,9.838054,90.839645,88.874512,1,2,3,4
14.7337971,0.0024529,0.20997,9.837492,-0.072383,9.839999,90.421471,88.777275,1,2,3,4
14.736249,0.0024519,0.219541,9.827921,-0.002991,9.830373,90.017433,88.720306,1,2,3,4
14.7387028,0.0024538,0.174078,9.856635,0.011366,9.858178,89.933945,88.988205,1,2,3,4
14.7411547,0.0024519,0.195613,9.839885,-0.034098,9.841887,90.198502,88.86113,1,2,3,4
14.7436066,0.0024519,0.200399,9.813564,-0.067597,9.815844,90.394569,88.830147,1,2,3,4
14.7460594,0.0024528,0.190828,9.799207,-0.10349,9.801611,90.604965,88.884377,1,2,3,4
14.7485123,0.0024529,0.241077,9.830314,-0.034098,9.833328,90.198677,88.595169,1,2,3,4
14.7509642,0.0024519,0.202792,9.820743,-0.026919,9.822873,90.157021,88.817047,1,2,3,4
14.753417,0.0024528,0.205185,9.820743,-0.077169,9.823189,90.450104,88.803093,1,2,3,4
14.7558699,0.0024529,0.224327,9.780065,-0.120239,9.783376,90.704193,88.686028,1,2,3,4
14.7583218,0.0024519,0.238684,9.811171,-0.139382,9.815063,90.813675,88.606392,1,2,3,4
14.7607746,0.0024528,0.231506,9.815957,-0.14656,9.81978,90.855171,88.648949,1,2,3,4
14.7632265,0.0024519,0.195613,9.799207,-0.156132,9.802402,90.912643,88.856407,1,2,3,4
14.7656803,0.0024538,0.202792,9.806385,-0.184846,9.810223,91.079636,88.815315,1,2,3,4
14.7681332,0.0024529,0.200399,9.839885,-0.211167,9.844191,91.229141,88.833275,1,2,3,4
14.7705841,0.0024509,0.190828,9.827921,-0.199202,9.831792,91.16095,88.887634,1,2,3,4
14.773037,0.0024529,0.190828,9.830314,-0.160917,9.833483,90.937645,88.887901,1,2,3,4
14.7754889,0.0024519,0.214756,9.856635,-0.184846,9.860706,91.074112,88.751839,1,2,3,4
14.7779417,0.0024528,0.20997,9.863813,-0.175274,9.867605,91.017776,88.780533,1,2,3,4
14.7803946,0.0024529,0.200399,9.827921,-0.220738,9.832442,91.286392,88.831856,1,2,3,4
14.7828465,0.0024519,0.245863,9.870992,-0.148953,9.875176,90.864258,88.573196,1,2,3,4
14.7852983,0.0024518,0.255434,9.835099,-0.08674,9.838799,90.505135,88.512268,1,2,3,4
14.7877502,0.0024519,0.346361,9.851849,-0.062812,9.858135,90.365067,87.986481,1,2,3,4
14.7902031,0.0024529,0.078365,9.806385,-0.278166,9.810642,91.624748,89.542145,1,2,3,4
14.792654,0.0024509,0.308076,9.859028,-0.203988,9.865949,91.184731,88.210197,1,2,3,4
14.7951059,0.0024519,0.219541,9.813564,0.061615,9.816213,89.640358,88.718437,1,2,3,4
14.7975588,0.0024529,0.284148,9.825528,0.121436,9.830386,89.292198,88.343506,1,2,3,4
14.8000107,0.0024519,0.198006,9.777672,-0.026919,9.779714,90.157707,88.839874,1,2,3,4
14.8024626,0.0024519,0.174078,9.81835,-0.141775,9.820916,90.827148,88.984261,1,2,3,4
14.8049145,0.0024519,0.19322,9.815957,-0.05324,9.818003,90.310699,88.872314,1,2,3,4
14.8073664,0.0024519,0.207577,9.8016,0.075972,9.804091,89.556007,88.786774,1,2,3,4
14.8098183,0.0024519,0.207577,9.815957,0.061615,9.818345,89.640434,88.788551,1,2,3,4
14.8122711,0.0024528,0.214756,9.827921,-0.034098,9.830326,90.198738,88.748192,1,2,3,4
14.814724,0.0024529,0.214756,9.837492,-0.058026,9.840007,90.337875,88.749413,1,2,3,4
14.8171749,0.0024509,0.241077,9.847063,-0.017348,9.850029,90.100906,88.597557,1,2,3,4
14.8196268,0.0024519,0.245863,9.859028,-0.014955,9.862104,90.086884,88.571465,1,2,3,4
14.8220787,0.0024519,0.267398,9.856635,-0.029312,9.860305,90.170326,88.446022,1,2,3,4
14.8245306,0.0024519,0.300897,9.847063,-0.077169,9.851962,90.448792,88.249756,1,2,3,4
14.8269815,0.0024509,0.312862,9.866206,-0.08674,9.871547,90.503456,88.183739,1,2,3,4
14.8294344,0.0024529,0.291326,9.81835,-0.113061,9.823321,90.659454,88.300438,1,2,3,4
14.8318872,0.0024528,0.305683,9.856635,-0.122632,9.862137,90.712471,88.223656,1,2,3,4
14.8343391,0.0024519,0.305683,9.847063,-0.16331,9.853161,90.949684,88.221931,1,2,3,4
14.836792,0.0024529,0.298505,9.839885,-0.18006,9.846058,91.047859,88.262398,1,2,3,4
14.8392448,0.0024528,0.274576,9.842278,-0.136989,9.84706,90.797104,88.402,1,2,3,4
14.8416967,0.0024519,0.284148,9.837492,-0.153739,9.842795,90.894966,88.34552,1,2,3,4
14.8441486,0.0024519,0.265005,9.820743,-0.182453,9.826012,91.06395,88.454292,1,2,3,4
14.8465996,0.002451,0.276969,9.835099,-0.168096,9.840435,90.978783,88.386902,1,2,3,4
14.8490524,0.0024528,0.300897,9.856635,-0.165703,9.862618,90.962677,88.25145,1,2,3,4
14.8515034,0.002451,0.296112,9.854242,-0.132203,9.859577,90.76828,88.278824,1,2,3,4
14.8539553,0.0024519,0.291326,9.870992,-0.192024,9.877156,91.113968,88.309502,1,2,3,4
14.8564081,0.0024528,0.298505,9.847063,-0.220738,9.854059,91.283577,88.263664,1,2,3,4
14.8588591,0.002451,0.300897,9.870992,-0.203988,9.877684,91.183327,88.25399,1,2,3,4
14.8613119,0.0024528,0.296112,9.899706,-0.201595,9.906185,91.166077,88.286728,1,2,3,4
14.8637638,0.0024519,0.343968,9.839885,-0.16331,9.847249,90.950256,87.997955,1,2,3,4
14.8662157,0.0024519,0.315254,9.835099,-0.172881,9.841669,91.006523,88.16407,1,2,3,4
14.8686676,0.0024519,0.312862,9.84467,-0.168096,9.851075,90.977722,88.179764,1,2,3,4
14.8711195,0.0024519,0.30329,9.839885,-0.129811,9.845414,90.755463,88.234558,1,2,3,4
14.8735704,0.0024509,0.293719,9.825528,-0.148953,9.831046,90.868141,88.287743,1,2,3,4
14.8760233,0.0024529,0.279362,9.859028,-0.074776,9.863269,90.43438,88.376923,1,2,3,4
14.8784752,0.0024519,0.281755,9.808778,-0.101097,9.813344,90.590271,88.354645,1,2,3,4
14.8809271,0.0024519,0.233898,9.813564,-0.113061,9.817002,90.659882,88.634659,1,2,3,4
14.883379,0.0024519,0.24347,9.827921,-0.101097,9.831456,90.58918,88.580887,1,2,3,4
14.8858309,0.0024519,0.253041,9.863813,-0.120239,9.867791,90.698166,88.530487,1,2,3,4
14.8882837,0.0024528,0.269791,9.839885,-0.148953,9.844709,90.866936,88.429451,1,2,3,4
14.8907366,0.0024529,0.214756,9.856635,-0.127418,9.859797,90.740456,88.751839,1,2,3,4
14.8931885,0.0024519,0.245863,9.875777,-0.101097,9.879354,90.586327,88.573883,1,2,3,4
14.8956413,0.0024528,0.262612,9.873384,-0.079561,9.877196,90.461525,88.47641,1,2,3,4
14.8980932,0.0024519,0.233898,9.87817,-0.060419,9.881124,90.350342,88.643585,1,2,3,4
14.9005451,0.0024519,0.272184,9.866206,-0.093918,9.870406,90.545189,88.419754,1,2,3,4
14.902998,0.0024529,0.245863,9.835099,-0.108275,9.838768,90.630554,88.567993,1,2,3,4
14.9054499,0.0024519,0.267398,9.866206,-0.105882,9.870397,90.614639,88.447525,1,2,3,4
14.9079018,0.0024519,0.265005,9.81835,-0.091525,9.822352,90.533897,88.453918,1,2,3,4
14.9103537,0.0024519,0.274576,9.827921,-0.060419,9.831942,90.352097,88.399666,1,2,3,4
14.9128065,0.0024528,0.224327,9.796814,-0.089133,9.799788,90.521133,88.688271,1,2,3,4
14.9152584,0.0024519,0.229113,9.837492,-0.072383,9.840425,90.421455,88.66584,1,2,3,4
14.9177103,0.0024519,0.245863,9.792028,-0.062812,9.795316,90.367409,88.561691,1,2,3,4
14.9201632,0.0024529,0.20997,9.839885,-0.022134,9.84215,90.128853,88.777573,1,2,3,4
14.9226141,0.0024509,0.248255,9.815957,-0.098704,9.819592,90.575935,88.551239,1,2,3,4
14.9250669,0.0024528,0.212363,9.830314,-0.139382,9.833595,90.812141,88.762436,1,2,3,4
14.9275198,0.0024529,0.200399,9.851849,-0.132203,9.854774,90.768654,88.834694,1,2,3,4
14.9299717,0.0024519,0.20997,9.839885,-0.074776,9.842409,90.435295,88.777573,1,2,3,4
14.9324245,0.0024528,0.221934,9.875777,-0.072383,9.878536,90.419823,88.712631,1,2,3,4
14.9348755,0.002451,0.221934,9.861421,-0.153739,9.865116,90.892937,88.710762,1,2,3,4
14.9373283,0.0024528,0.260219,9.861421,-0.144168,9.865907,90.837273,88.488449,1,2,3,4
14.9397802,0.0024519,0.219541,9.856635,-0.168096,9.860513,90.976791,88.724037,1,2,3,4
14.9422331,0.0024529,0.219541,9.873384,-0.136989,9.876775,90.794708,88.726196,1,2,3,4
14.944685,0.0024519,0.241077,9.84467,-0.165703,9.849016,90.964005,88.597221,1,2,3,4
14.9471369,0.0024519,0.257827,9.875777,-0.201595,9.881199,91.169022,88.504524,1,2,3,4
14.9495897,0.0024528,0.272184,9.882956,-0.175274,9.888257,91.015648,88.422432,1,2,3,4
14.9520407,0.002451,0.262612,9.875777,-0.165703,9.880657,90.960922,88.476776,1,2,3,4
14.9544935,0.0024528,0.284148,9.885348,-0.141775,9.890448,90.821335,88.353523,1,2,3,4
14.9569464,0.0024529,0.267398,9.837492,-0.14656,9.842216,90.853226,88.443001,1,2,3,4
14.9593983,0.0024519,0.260219,9.863813,-0.153739,9.868443,90.892639,88.488815,1,2,3,4
14.9618502,0.0024519,0.291326,9.863813,-0.172881,9.869629,91.00367,88.308273,1,2,3,4
14.9643021,0.0024519,0.260219,9.870992,-0.165703,9.875812,90.961395,88.489914,1,2,3,4
14.966754,0.0024519,0.272184,9.870992,-0.132203,9.875628,90.767029,88.420525,1,2,3,4
14.9692068,0.0024528,0.279362,9.899706,-0.127418,9.904466,90.737114,88.383583,1,2,3,4
14.9716587,0.0024519,0.291326,9.870992,-0.089133,9.875691,90.517128,88.309502,1,2,3,4
14.9741116,0.0024529,0.284148,9.902099,-0.127418,9.906994,90.736923,88.356308,1,2,3,4
14.9765625,0.0024509,0.343968,9.87817,-0.113061,9.884803,90.655357,88.005707,1,2,3,4
14.9790154,0.0024529,0.296112,9.868599,-0.089133,9.873443,90.517242,88.281326,1,2,3,4
14.9814682,0.0024528,0.274576,9.830314,-0.024526,9.834179,90.142899,88.400055,1,2,3,4
14.9839201,0.0024519,0.312862,9.827921,-0.055633,9.833057,90.324165,88.176666,1,2,3,4
14.9863729,0.0024528,0.296112,9.856635,-0.029312,9.861126,90.170311,88.279243,1,2,3,4
14.9888258,0.0024529,0.269791,9.820743,0.016152,9.824461,89.905807,88.426392,1,2,3,4
14.9912796,0.0024538,0.30329,9.851849,-0.024526,9.856546,90.14257,88.236702,1,2,3,4
14.9937325,0.0024529,0.291326,9.84467,0.00658,9.848982,89.961723,88.304985,1,2,3,4
14.9961843,0.0024518,0.30329,9.847063,-0.010169,9.851738,90.059143,88.23584,1,2,3,4
14.9986372,0.0024529,0.272184,9.851849,0.032901,9.855662,89.808731,88.417458,1,2,3,4
15.00109,0.0024528,0.298505,9.847063,0.02333,9.851614,89.864319,88.263664,1,2,3,4
15.0035429,0.0024529,0.317647,9.882956,-0.007777,9.888062,90.045059,88.159096,1,2,3,4
15.0059958,0.0024529,0.267398,9.892527,-0.007777,9.896143,90.045021,88.451653,1,2,3,4
15.0084476,0.0024518,0.272184,9.87817,0.00658,9.881921,89.961845,88.421669,1,2,3,4
15.0109015,0.0024539,0.267398,9.882956,-0.046062,9.88668,90.266937,88.450157,1,2,3,4
15.0133543,0.0024528,0.255434,9.87817,-0.101097,9.881989,90.586166,88.518753,1,2,3,4
15.0158072,0.0024529,0.245863,9.839885,-0.093918,9.843404,90.546684,88.568687,1,2,3,4
15.01826,0.0024528,0.30329,9.851849,-0.084347,9.856877,90.490295,88.236702,1,2,3,4
15.0207129,0.0024529,0.308076,9.866206,-0.05324,9.871159,90.309029,88.211502,1,2,3,4
15.0231647,0.0024518,0.265005,9.827921,-0.06999,9.831742,90.407883,88.455421,1,2,3,4
15.0256176,0.0024529,0.253041,9.870992,-0.122632,9.874996,90.71154,88.531555,1,2,3,4
15.0280704,0.0024528,0.288933,9.875777,-0.093918,9.880449,90.544632,88.324188,1,2,3,4
15.0305223,0.0024519,0.250648,9.81835,-0.062812,9.82175,90.366417,88.537643,1,2,3,4
15.0329762,0.0024539,0.267398,9.811171,-0.101097,9.815335,90.590149,88.43882,1,2,3,4
15.035429,0.0024528,0.245863,9.813564,-0.132203,9.817533,90.771568,88.56485,1,2,3,4
15.0378819,0.0024529,0.255434,9.813564,-0.084347,9.81725,90.492271,88.509003,1,2,3,4
15.0403357,0.0024538,0.231506,9.794421,-0.10349,9.797704,90.605209,88.645981,1,2,3,4
15.0427876,0.0024519,0.231506,9.825528,-0.170489,9.829734,90.993797,88.650269,1,2,3,4
15.0452404,0.0024528,0.183649,9.84467,-0.225524,9.848966,91.312088,88.93129,1,2,3,4
15.0476942,0.0024538,0.238684,9.859028,-0.220738,9.864387,91.282227,88.613159,1,2,3,4
15.0501461,0.0024519,0.20997,9.837492,-0.192024,9.841606,91.117996,88.777275,1,2,3,4
15.0525999,0.0024538,0.22672,9.835099,-0.194417,9.839633,91.132156,88.679443,1,2,3,4
15.0550537,0.0024538,0.279362,9.825528,-0.177667,9.831104,91.0355,88.371391,1,2,3,4
15.0575056,0.0024519,0.248255,9.820743,-0.206381,9.826048,91.203499,88.551949,1,2,3,4
15.0599594,0.0024538,0.217149,9.813564,-0.211167,9.818238,91.232391,88.732399,1,2,3,4
15.0624123,0.0024529,0.279362,9.827921,-0.125025,9.832685,90.728546,88.371788,1,2,3,4
15.0648642,0.0024519,0.221934,9.81835,-0.093918,9.821307,90.547913,88.705109,1,2,3,4
15.067318,0.0024538,0.200399,9.827921,-0.134596,9.830886,90.78447,88.831856,1,2,3,4
15.0697699,0.0024519,0.214756,9.811171,-0.117847,9.814228,90.688011,88.746056,1,2,3,4
15.0722237,0.0024538,0.214756,9.799207,-0.091525,9.801987,90.535004,88.74453,1,2,3,4
15.0746775,0.0024538,0.217149,9.837492,-0.05324,9.840033,90.310005,88.735481,1,2,3,4
15.0771313,0.0024538,0.205185,9.789636,-0.034098,9.791845,90.199516,88.799294,1,2,3,4
15.0795832,0.0024519,0.212363,9.794421,-0.048455,9.796844,90.283386,88.757904,1,2,3,4
15.082036,0.0024528,0.212363,9.808778,-0.034098,9.811135,90.199127,88.75972,1,2,3,4
15.0844889,0.0024529,0.19322,9.787243,-0.058026,9.789322,90.339622,88.869011,1,2,3,4
15.0869417,0.0024528,0.188435,9.830314,-0.062812,9.83232,90.36602,88.901848,1,2,3,4
15.0893946,0.0024529,0.202792,9.78485,-0.031705,9.787003,90.185608,88.812714,1,2,3,4
15.0918474,0.0024528,0.169292,9.789636,-0.017348,9.791115,90.101517,89.009285,1,2,3,4
15.0943012,0.0024538,0.205185,9.806385,-0.019741,9.808551,90.115311,88.801346,1,2,3,4
15.0967541,0.0024529,0.162114,9.789636,-0.038883,9.791055,90.227539,89.051285,1,2,3,4
15.099206,0.0024519,0.190828,9.832706,-0.05324,9.834702,90.310173,88.888176,1,2,3,4
15.1016598,0.0024538,0.178863,9.823135,-0.017348,9.824779,90.101166,88.956848,1,2,3,4
15.1041126,0.0024528,0.140578,9.825528,-0.036491,9.826601,90.212769,89.180298,1,2,3,4
15.1065645,0.0024519,0.138186,9.832706,-0.050847,9.833809,90.296257,89.194839,1,2,3,4
15.1090174,0.0024529,0.111864,9.847063,-0.017348,9.847713,90.100937,89.349136,1,2,3,4
15.1114693,0.0024519,0.126221,9.863813,-0.036491,9.864689,90.211945,89.266861,1,2,3,4
15.1139212,0.0024519,0.123829,9.825528,-0.062812,9.826509,90.366241,89.277954,1,2,3,4
15.116374,0.0024528,0.138186,9.830314,-0.093918,9.831734,90.547333,89.194641,1,2,3,4
15.1188259,0.0024519,0.111864,9.823135,-0.077169,9.824076,90.450066,89.347549,1,2,3,4
15.1212778,0.0024519,0.102293,9.796814,-0.141775,9.798374,90.829056,89.401772,1,2,3,4
15.1237297,0.0024519,0.104686,9.832706,-0.132203,9.834152,90.770264,89.390015,1,2,3,4
15.1261816,0.0024519,0.097508,9.837492,-0.10349,9.838519,90.602692,89.432114,1,2,3,4
15.1286325,0.0024509,0.123829,9.832706,-0.144168,9.834543,90.839943,89.278481,1,2,3,4
15.1310854,0.0024529,0.114257,9.803992,-0.170489,9.80614,90.996185,89.332298,1,2,3,4
15.1335373,0.0024519,0.111864,9.830314,-0.203988,9.833066,91.18869,89.34803,1,2,3,4
15.1359892,0.0024519,0.138186,9.796814,-0.208774,9.800013,91.220688,89.191887,1,2,3,4
15.1384411,0.0024519,0.142971,9.813564,-0.208774,9.816826,91.218597,89.165329,1,2,3,4
15.140893,0.0024519,0.121436,9.847063,-0.192024,9.849684,91.117081,89.293457,1,2,3,4
15.1433458,0.0024528,0.181256,9.81835,-0.208774,9.822242,91.217926,88.942383,1,2,3,4
15.1457968,0.002451,0.154935,9.820743,-0.249452,9.825131,91.454849,89.096161,1,2,3,4
15.1482496,0.0024528,0.092722,9.8016,-0.232702,9.8048,91.359955,89.458008,1,2,3,4
15.1507015,0.0024519,0.142971,9.825528,-0.218345,9.828994,91.272896,89.166351,1,2,3,4
15.1531534,0.0024519,0.176471,9.815957,-0.189631,9.819374,91.10656,88.970055,1,2,3,4
15.1556053,0.0024519,0.178863,9.820743,-0.165703,9.823769,90.966484,88.956596,1,2,3,4
15.1580563,0.002451,0.195613,9.854242,-0.141775,9.857203,90.824104,88.862793,1,2,3,4
15.1605101,0.0024538,0.176471,9.851849,-0.093918,9.853877,90.546097,88.973801,1,2,3,4
15.162962,0.0024519,0.219541,9.827921,-0.026919,9.830409,90.156898,88.720306,1,2,3,4
15.1654139,0.0024519,0.166899,9.81835,-0.120239,9.820504,90.70153,89.026138,1,2,3,4
15.1678667,0.0024528,0.176471,9.789636,-0.156132,9.792471,90.913567,88.967285,1,2,3,4
15.1703186,0.0024519,0.19322,9.854242,-0.043669,9.856234,90.253853,88.876694,1,2,3,4
15.1727705,0.0024519,0.190828,9.851849,0.028116,9.853737,89.836517,88.890335,1,2,3,4
15.1752224,0.0024519,0.195613,9.856635,0.047258,9.858689,89.725349,88.863068,1,2,3,4
15.1776752,0.0024528,0.219541,9.880563,0.001795,9.883001,89.989594,88.727127,1,2,3,4
15.1801271,0.0024519,0.178863,9.837492,0.008973,9.839122,89.947746,88.958374,1,2,3,4
15.182579,0.0024519,0.205185,9.823135,0.028116,9.825318,89.836044,88.803383,1,2,3,4
15.1850328,0.0024538,0.131007,9.835099,0.016152,9.835985,89.905914,89.236847,1,2,3,4
15.1874838,0.002451,0.200399,9.842278,0.020937,9.844339,89.878143,88.833557,1,2,3,4
15.1899366,0.0024528,0.188435,9.839885,-0.002991,9.841689,90.01741,88.902916,1,2,3,4
15.1923895,0.0024529,0.171685,9.859028,-0.048455,9.860641,90.281548,89.00235,1,2,3,4
15.1948404,0.0024509,0.195613,9.837492,-0.055633,9.839594,90.323952,88.860855,1,2,3,4
15.1972933,0.0024529,0.195613,9.839885,-0.098704,9.842324,90.5746,88.86113,1,2,3,4
15.1997442,0.0024509,0.221934,9.837492,-0.077169,9.840298,90.449326,88.707626,1,2,3,4
15.2021971,0.0024529,0.276969,9.866206,-0.125025,9.870885,90.725731,88.391983,1,2,3,4
15.204649,0.0024519,0.260219,9.842278,-0.134596,9.846637,90.783218,88.485512,1,2,3,4
15.2071009,0.0024519,0.281755,9.873384,-0.206381,9.87956,91.196976,88.365402,1,2,3,4
15.2095537,0.0024528,0.265005,9.875777,-0.215952,9.881692,91.252228,88.462906,1,2,3,4
15.2120047,0.002451,0.339183,9.875777,-0.230309,9.884283,91.335144,88.032959,1,2,3,4
15.2144575,0.0024528,0.30329,9.861421,-0.261416,9.869546,91.517776,88.238411,1,2,3,4
15.2169104,0.0024529,0.324826,9.897313,-0.223131,9.905156,91.290794,88.120255,1,2,3,4
15.2193613,0.0024509,0.315254,9.880563,-0.151346,9.886749,90.877113,88.172508,1,2,3,4
15.2218142,0.0024529,0.317647,9.856635,-0.175274,9.86331,91.018219,88.154182,1,2,3,4
15.2242651,0.0024509,0.329611,9.890134,-0.144168,9.896675,90.834671,88.091194,1,2,3,4
15.226717,0.0024519,0.33679,9.835099,-0.110668,9.841486,90.64431,88.03875,1,2,3,4
15.2291689,0.0024519,0.32004,9.885348,-0.05324,9.890671,90.308418,88.145683,1,2,3,4
15.2316217,0.0024528,0.348754,9.837492,-0.05324,9.843816,90.309883,87.969627,1,2,3,4
15.2340746,0.0024529,0.288933,9.847063,-0.156132,9.852538,90.907997,88.319305,1,2,3,4
15.2365255,0.0024509,0.315254,9.863813,-0.16331,9.870201,90.948044,88.169411,1,2,3,4
15.2389784,0.0024529,0.265005,9.875777,0.032901,9.879387,89.809189,88.462906,1,2,3,4
15.2414303,0.0024519,0.339183,9.906884,0.071186,9.912944,89.588547,88.039124,1,2,3,4
15.2438822,0.0024519,0.248255,9.856635,-0.017348,9.859776,90.100807,88.55722,1,2,3,4
15.2463341,0.0024519,0.284148,9.882956,-0.077169,9.887341,90.447189,88.353127,1,2,3,4
15.248786,0.0024519,0.260219,9.873384,-0.019741,9.876832,90.114517,88.49028,1,2,3,4
15.2512388,0.0024528,0.293719,9.894919,0.013759,9.899287,89.920364,88.299744,1,2,3,4
15.2536898,0.002451,0.308076,9.875777,0.025723,9.880615,89.850838,88.213234,1,2,3,4
15.2561426,0.0024528,0.279362,9.890134,-0.139382,9.895061,90.807098,88.382019,1,2,3,4
15.2585945,0.0024519,0.332004,9.894919,-0.026919,9.900524,90.155785,88.078278,1,2,3,4
15.2610464,0.0024519,0.291326,9.868599,-0.031705,9.872949,90.18399,88.30909,1,2,3,4
15.2634993,0.0024529,0.339183,9.866206,-0.060419,9.872219,90.350655,88.031052,1,2,3,4
15.2659512,0.0024519,0.248255,9.868599,-0.101097,9.872239,90.586746,88.558968,1,2,3,4
15.268404,0.0024528,0.315254,9.866206,-0.168096,9.872673,90.975586,88.169853,1,2,3,4
15.2708559,0.0024519,0.300897,9.863813,-0.18006,9.870045,91.045311,88.252724,1,2,3,4
15.2733078,0.0024519,0.32004,9.873384,-0.18006,9.880211,91.044235,88.14344,1,2,3,4
15.2757607,0.0024529,0.310469,9.849456,-0.14656,9.855437,90.852081,88.194557,1,2,3,4
15.2782125,0.0024518,0.293719,9.851849,-0.134596,9.857145,90.782379,88.292313,1,2,3,4
15.2806654,0.0024529,0.281755,9.870992,-0.168096,9.876443,90.975212,88.365005,1,2,3,4
15.2831173,0.0024519,0.305683,9.815957,-0.10349,9.821261,90.603752,88.216301,1,2,3,4
15.2855692,0.0024519,0.30329,9.815957,-0.101097,9.821162,90.589798,88.230255,1,2,3,4
15.288022,0.0024528,0.279362,9.839885,-0.046062,9.843957,90.268097,88.373764,1,2,3,4
15.2904739,0.0024519,0.317647,9.856635,-0.125025,9.862544,90.726341,88.154182,1,2,3,4
15.2929268,0.0024529,0.33679,9.856635,-0.105882,9.862955,90.615105,88.04303,1,2,3,4
15.2953787,0.0024519,0.286541,9.870992,-0.031705,9.875201,90.183952,88.337257,1,2,3,4
15.2978306,0.0024519,0.291326,9.842278,-0.036491,9.846656,90.212334,88.304573,1,2,3,4
15.3002834,0.0024528,0.253041,9.868599,-0.06999,9.87209,90.406212,88.531197,1,2,3,4
15.3027353,0.0024519,0.269791,9.835099,-0.038883,9.838876,90.226433,88.428688,1,2,3,4
15.3051891,0.0024538,0.281755,9.887741,0.011366,9.891761,89.934166,88.367775,1,2,3,4
15.3076401,0.002451,0.255434,9.870992,-0.122632,9.875057,90.71154,88.517677,1,2,3,4
15.3100929,0.0024528,0.229113,9.856635,-0.18006,9.860942,91.046272,88.668427,1,2,3,4
15.3125458,0.0024529,0.202792,9.875777,-0.160917,9.879169,90.933304,88.823639,1,2,3,4
15.3149977,0.0024519,0.241077,9.851849,-0.074776,9.855082,90.434738,88.598236,1,2,3,4
15.3174505,0.0024528,0.188435,9.839885,-0.089133,9.842093,90.51889,88.902916,1,2,3,4
15.3199024,0.0024519,0.169292,9.827921,-0.177667,9.830984,91.035515,89.013138,1,2,3,4
15.3223543,0.0024519,0.162114,9.825528,-0.168096,9.828303,90.979988,89.054749,1,2,3,4
15.3248072,0.0024529,0.1334,9.820743,-0.223131,9.824183,91.301437,89.221771,1,2,3,4
15.3272591,0.0024519,0.212363,9.81835,-0.125025,9.821442,90.729385,88.760933,1,2,3,4
15.3297119,0.0024528,0.186042,9.813564,-0.08674,9.815711,90.506317,88.91394,1,2,3,4
15.3321629,0.002451,0.20997,9.835099,-0.074776,9.837625,90.435509,88.776978,1,2,3,4
15.3346148,0.0024519,0.174078,9.815957,-0.14656,9.818594,90.855278,88.984016,1,2,3,4
15.3370667,0.0024519,0.171685,9.803992,-0.213559,9.80782,91.247681,88.99675,1,2,3,4
15.3395195,0.0024528,0.142971,9.803992,-0.151346,9.806203,90.884323,89.16452,1,2,3,4
15.3419714,0.0024519,0.135793,9.794421,-0.10349,9.795909,90.605316,89.205688,1,2,3,4
15.3444233,0.0024519,0.157328,9.811171,-0.125025,9.813229,90.729996,89.081306,1,2,3,4
15.3468752,0.0024519,0.157328,9.830314,-0.127418,9.832398,90.742516,89.083092,1,2,3,4
15.3493271,0.0024519,0.178863,9.839885,-0.134596,9.842431,90.783546,88.958626,1,2,3,4
15.3517799,0.0024528,0.131007,9.808778,-0.194417,9.811579,91.135391,89.234795,1,2,3,4
15.3542318,0.0024519,0.214756,9.811171,-0.074776,9.813806,90.436569,88.746056,1,2,3,4
15.3566837,0.0024519,0.178863,9.825528,-0.010169,9.827161,90.059288,88.957108,1,2,3,4
15.3591366,0.0024529,0.15015,9.815957,-0.050847,9.817237,90.296761,89.123642,1,2,3,4
15.3615875,0.0024509,0.164507,9.796814,-0.065204,9.798411,90.381279,89.037987,1,2,3,4
15.3640404,0.0024529,0.183649,9.8016,-0.067597,9.803553,90.395065,88.926598,1,2,3,4
15.3664913,0.0024509,0.214756,9.811171,-0.022134,9.813546,90.129227,88.746056,1,2,3,4
15.3689442,0.0024529,0.205185,9.811171,0.04008,9.813398,89.765991,88.801926,1,2,3,4
15.3713961,0.0024519,0.142971,9.772886,0.02333,9.77396,89.863235,89.161858,1,2,3,4
15.373848,0.0024519,0.068794,9.770494,-0.108275,9.771336,90.634903,89.596588,1,2,3,4
15.3763008,0.0024528,0.162114,9.756136,-0.062812,9.757685,90.36882,89.048027,1,2,3,4
15.3787527,0.0024519,0.126221,9.765707,-0.014955,9.766534,90.087738,89.259499,1,2,3,4
15.3812046,0.0024519,0.164507,9.736994,-0.05324,9.738529,90.313232,89.032082,1,2,3,4
15.3836575,0.0024529,0.157328,9.782457,-0.144168,9.784784,90.844215,89.078613,1,2,3,4
15.3861094,0.0024519,0.138186,9.75135,-0.134596,9.753259,90.790718,89.188118,1,2,3,4
15.3885622,0.0024528,0.178863,9.794421,-0.077169,9.796358,90.45134,88.953796,1,2,3,4
15.3910131,0.0024509,0.20997,9.770494,-0.10349,9.773297,90.60672,88.76889,1,2,3,4
15.393466,0.0024529,0.250648,9.811171,-0.194417,9.816298,91.13485,88.536568,1,2,3,4
15.3959169,0.0024509,0.154935,9.775279,-0.333201,9.782184,91.951988,89.091957,1,2,3,4
15.3983698,0.0024529,0.221934,9.8016,-0.244666,9.807164,91.429543,88.702896,1,2,3,4
15.4008226,0.0024528,0.231506,9.763314,0.059222,9.766238,89.652557,88.64167,1,2,3,4
15.4032745,0.0024519,0.236291,9.8016,0.008973,9.804451,89.947563,88.619011,1,2,3,4
15.4057264,0.0024519,0.293719,9.839885,-0.136989,9.845221,90.797256,88.290237,1,2,3,4
15.4081783,0.0024519,0.097508,9.715458,-0.345165,9.722076,92.034607,89.42498,1,2,3,4
15.4106312,0.0024529,0.274576,9.823135,-0.306879,9.831762,91.788666,88.398888,1,2,3,4
15.413084,0.0024528,0.24347,9.758529,-0.036491,9.761634,90.21418,88.570801,1,2,3,4
15.4155359,0.0024519,0.231506,9.813564,-0.041276,9.816381,90.240921,88.648621,1,2,3,4
15.4179888,0.0024529,0.20997,9.806385,-0.237488,9.811507,91.386978,88.773392,1,2,3,4
15.4204416,0.0024528,0.207577,9.765707,-0.297308,9.772437,91.743385,88.782318,1,2,3,4
15.4228935,0.0024519,0.233898,9.806385,-0.213559,9.811499,91.247215,88.633659,1,2,3,4
15.4253464,0.0024529,0.190828,9.789636,-0.175274,9.793064,91.02552,88.883286,1,2,3,4
15.4277973,0.0024509,0.24347,9.827921,-0.208774,9.833153,91.216576,88.580887,1,2,3,4
15.4302511,0.0024538,0.229113,9.787243,-0.19681,9.791903,91.15168,88.658989,1,2,3,4
15.432704,0.0024529,0.219541,9.81835,-0.110668,9.821427,90.645622,88.719063,1,2,3,4
15.4351559,0.0024519,0.265005,9.842278,-0.06999,9.846093,90.407288,88.457672,1,2,3,4
15.4376087,0.0024528,0.24347,9.832706,-0.110668,9.836343,90.644646,88.581573,1,2,3,4
15.4400597,0.002451,0.262612,9.859028,-0.182453,9.864212,91.05983,88.47419,1,2,3,4
15.4425125,0.0024528,0.255434,9.849456,-0.110668,9.853389,90.643532,88.514435,1,2,3,4
15.4449635,0.002451,0.279362,9.854242,-0.074776,9.858485,90.434586,88.376129,1,2,3,4
15.4474163,0.0024528,0.279362,9.813564,-0.007777,9.817543,90.045387,88.369408,1,2,3,4
15.4498682,0.0024519,0.236291,9.811171,-0.081954,9.814358,90.478447,88.620361,1,2,3,4
15.4523191,0.0024509,0.265005,9.837492,-0.074776,9.841345,90.435341,88.456924,1,2,3,4
15.454772,0.0024529,0.272184,9.835099,-0.029312,9.838908,90.170692,88.414757,1,2,3,4
15.4572229,0.0024509,0.30329,9.832706,-0.005384,9.837384,90.031357,88.233269,1,2,3,4
15.4596758,0.0024529,0.305683,9.84467,0.037687,9.849487,89.780769,88.221504,1,2,3,4
15.4621267,0.0024509,0.248255,9.813564,-0.058026,9.816875,90.338669,88.550888,1,2,3,4
15.4645786,0.0024519,0.296112,9.856635,-0.038883,9.861158,90.225922,88.279243,1,2,3,4
15.4670315,0.0024529,0.312862,9.882956,-0.034098,9.887965,90.197578,88.186813,1,2,3,4
15.4694824,0.0024509,0.305683,9.882956,-0.048455,9.887801,90.280777,88.228386,1,2,3,4
15.4719362,0.0024538,0.300897,9.875777,-0.077169,9.880662,90.447487,88.254837,1,2,3,4
15.4743881,0.0024519,0.269791,9.859028,-0.067597,9.86295,90.392685,88.432503,1,2,3,4
15.476841,0.0024529,0.300897,9.847063,-0.05324,9.851804,90.309631,88.249756,1,2,3,4
15.4792938,0.0024528,0.312862,9.870992,-0.072383,9.876214,90.419922,88.184616,1,2,3,4
15.4817457,0.0024519,0.286541,9.859028,-0.031705,9.863242,90.184174,88.335236,1,2,3,4
15.4841976,0.0024519,0.267398,9.890134,0.004187,9.893749,89.975754,88.451279,1,2,3,4
15.4866495,0.0024519,0.245863,9.909277,0.044865,9.912428,89.740669,88.578705,1,2,3,4
15.4891024,0.0024529,0.279362,9.885348,0.013759,9.889304,89.920288,88.381241,1,2,3,4
15.4915552,0.0024528,0.291326,9.91167,-0.026919,9.915987,90.15554,88.316437,1,2,3,4
15.4940062,0.002451,0.212363,9.897313,-0.055633,9.899748,90.321983,88.770813,1,2,3,4
15.496459,0.0024528,0.24347,9.902099,-0.072383,9.905356,90.418686,88.591515,1,2,3,4
15.4989109,0.0024519,0.296112,9.935597,-0.046062,9.940116,90.265503,88.292915,1,2,3,4
15.5013628,0.0024519,0.229113,9.887741,-0.08674,9.890776,90.50248,88.672615,1,2,3,4
15.5038137,0.0024509,0.214756,9.921241,-0.091525,9.923987,90.528427,88.759964,1,2,3,4
15.5062666,0.0024529,0.238684,9.954741,-0.113061,9.958243,90.65052,88.626488,1,2,3,4
15.5087185,0.0024519,0.250648,9.897313,-0.060419,9.900671,90.349648,88.549301,1,2,3,4
15.5111704,0.0024519,0.214756,9.926026,-0.127418,9.929167,90.735275,88.760567,1,2,3,4
15.5136232,0.0024528,0.24347,9.890134,-0.148953,9.894252,90.862595,88.589813,1,2,3,4
15.5160742,0.002451,0.238684,9.914063,-0.156132,9.918164,90.901985,88.62085,1,2,3,4
15.518528,0.0024538,0.22672,9.930812,-0.129811,9.934248,90.748703,88.692169,1,2,3,4
15.5209808,0.0024528,0.231506,9.914063,-0.125025,9.917553,90.722313,88.662315,1,2,3,4
15.5234318,0.002451,0.207577,9.93799,-0.136989,9.941102,90.789566,88.803421,1,2,3,4
15.5258837,0.0024519,0.22672,9.921241,-0.122632,9.924588,90.707985,88.690903,1,2,3,4
15.5283356,0.0024519,0.219541,9.926026,-0.120239,9.929182,90.693848,88.732956,1,2,3,4
15.5307875,0.0024519,0.24347,9.916455,-0.101097,9.919959,90.583923,88.593552,1,2,3,4
15.5332384,0.0024509,0.219541,9.923634,-0.139382,9.92704,90.804497,88.732643,1,2,3,4
15.5356913,0.0024529,0.260219,9.904491,-0.158524,9.909178,90.916641,88.495018,1,2,3,4
15.5381441,0.0024528,0.22672,9.902099,-0.139382,9.905674,90.806229,88.688377,1,2,3,4
15.5405951,0.002451,0.253041,9.914063,-0.089133,9.917692,90.514938,88.537933,1,2,3,4
15.5430479,0.0024528,0.174078,9.887741,-0.132203,9.890157,90.765907,88.991386,1,2,3,4
15.5454998,0.0024519,0.207577,9.897313,-0.148953,9.90061,90.862038,88.798508,1,2,3,4
15.5479527,0.0024529,0.200399,9.904491,-0.101097,9.907035,90.584686,88.840881,1,2,3,4
15.5504045,0.0024518,0.190828,9.890134,-0.065204,9.89219,90.37767,88.89463,1,2,3,4
15.5528564,0.0024519,0.198006,9.859028,-0.091525,9.861441,90.531776,88.849442,1,2,3,4
15.5553083,0.0024519,0.162114,9.854242,-0.113061,9.856224,90.657257,89.057503,1,2,3,4
15.5577593,0.002451,0.152542,9.892527,-0.115454,9.894376,90.668579,89.11657,1,2,3,4
15.5602121,0.0024528,0.183649,9.868599,-0.110668,9.870928,90.642387,88.933884,1,2,3,4
15.5626631,0.002451,0.154935,9.904491,-0.098704,9.906195,90.5709,89.103798,1,2,3,4
15.565115,0.0024519,0.186042,9.880563,-0.034098,9.882373,90.197693,88.921303,1,2,3,4
15.5675678,0.0024528,0.157328,9.882956,-0.06999,9.884456,90.405708,89.087975,1,2,3,4
15.5700188,0.002451,0.188435,9.839885,-0.084347,9.842051,90.491035,88.902916,1,2,3,4
15.5724707,0.0024519,0.219541,9.870992,-0.038883,9.873509,90.225639,88.725891,1,2,3,4
15.5749216,0.0024509,0.245863,9.87817,-0.038883,9.881306,90.225464,88.574234,1,2,3,4
15.5773745,0.0024529,0.236291,9.859028,-0.060419,9.862044,90.351021,88.627052,1,2,3,4
15.5798264,0.0024519,0.217149,9.861421,-0.108275,9.864406,90.628914,88.738548,1,2,3,4
15.5822783,0.0024519,0.176471,9.873384,-0.055633,9.875118,90.322784,88.976044,1,2,3,4
15.5847311,0.0024528,0.200399,9.866206,-0.065204,9.868457,90.378578,88.836388,1,2,3,4
15.587183,0.0024519,0.188435,9.842278,-0.08674,9.844463,90.504845,88.903183,1,2,3,4
15.5896358,0.0024528,0.224327,9.825528,-0.06999,9.828338,90.40802,88.692108,1,2,3,4
15.5920868,0.002451,0.183649,9.856635,-0.101097,9.858864,90.587547,88.932587,1,2,3,4
15.5945396,0.0024528,0.174078,9.820743,-0.122632,9.82305,90.715309,88.984505,1,2,3,4
15.5969925,0.0024529,0.183649,9.863813,-0.093918,9.86597,90.545433,88.933365,1,2,3,4
15.5994444,0.0024519,0.198006,9.856635,-0.046062,9.858731,90.2677,88.849159,1,2,3,4
15.6018963,0.0024519,0.190828,9.835099,-0.048455,9.83707,90.282227,88.888443,1,2,3,4
15.6043482,0.0024519,0.159721,9.827921,-0.093918,9.829667,90.547447,89.068924,1,2,3,4
15.606801,0.0024528,0.188435,9.820743,-0.165703,9.823948,90.966469,88.90078,1,2,3,4
15.6092539,0.0024529,0.205185,9.806385,-0.067597,9.808764,90.394859,88.801346,1,2,3,4
15.6117058,0.0024519,0.198006,9.825528,-0.062812,9.827724,90.366196,88.84552,1,2,3,4
15.6141586,0.0024528,0.22672,9.820743,-0.165703,9.824757,90.966385,88.677513,1,2,3,4
15.6166105,0.0024519,0.22672,9.81835,-0.201595,9.823036,91.175949,88.677193,1,2,3,4
15.6190624,0.0024519,0.22672,9.81835,-0.184846,9.822706,91.07827,88.677193,1,2,3,4
15.6215153,0.0024529,0.253041,9.823135,-0.156132,9.827635,90.910294,88.524406,1,2,3,4
15.6239672,0.0024519,0.214756,9.81835,-0.19681,9.82267,91.148071,88.746971,1,2,3,4
15.6264191,0.0024519,0.245863,9.794421,-0.261416,9.800993,91.528397,88.562042,1,2,3,4
15.628871,0.0024519,0.267398,9.782457,-0.278166,9.790064,91.628166,88.434242,1,2,3,4
15.6313229,0.0024519,0.219541,9.753743,-0.244666,9.759281,91.436562,88.710579,1,2,3,4
15.6337738,0.0024509,0.265005,9.815957,-0.199202,9.821554,91.162163,88.453537,1,2,3,4
15.6362267,0.0024529,0.248255,9.835099,-0.199202,9.840248,91.159958,88.554062,1,2,3,4
15.6386795,0.0024528,0.255434,9.8016,-0.242273,9.80792,91.415451,88.507187,1,2,3,4
15.6411314,0.0024519,0.250648,9.792028,-0.19681,9.797213,91.151054,88.533714,1,2,3,4
15.6435833,0.0024519,0.24347,9.799207,-0.208774,9.804454,91.220139,88.576729,1,2,3,4
15.6460352,0.0024519,0.245863,9.808778,-0.072383,9.812125,90.422668,88.564148,1,2,3,4
15.648488,0.0024528,0.236291,9.811171,-0.089133,9.814421,90.520355,88.620361,1,2,3,4
15.6509409,0.0024529,0.253041,9.8016,-0.172881,9.806389,91.010147,88.521164,1,2,3,4
15.6533918,0.0024509,0.236291,9.789636,-0.117847,9.793196,90.689484,88.617325,1,2,3,4
15.6558447,0.0024529,0.272184,9.772886,-0.077169,9.77698,90.452232,88.404671,1,2,3,4
15.6582975,0.0024528,0.269791,9.799207,-0.101097,9.803441,90.590866,88.422935,1,2,3,4
15.6607494,0.0024519,0.291326,9.775279,-0.05324,9.779764,90.311913,88.292953,1,2,3,4
15.6632004,0.002451,0.241077,9.772886,-0.077169,9.776164,90.452271,88.586922,1,2,3,4
15.6656532,0.0024528,0.274576,9.792028,-0.065204,9.796094,90.381371,88.393799,1,2,3,4
15.6681061,0.0024529,0.250648,9.777672,-0.026919,9.780921,90.157692,88.531555,1,2,3,4
15.670558,0.0024519,0.257827,9.811171,-0.046062,9.814666,90.268898,88.494675,1,2,3,4
15.6730099,0.0024519,0.24347,9.78485,-0.06999,9.788129,90.409698,88.574646,1,2,3,4
15.6754618,0.0024519,0.238684,9.796814,-0.06999,9.799971,90.409203,88.604355,1,2,3,4
15.6779137,0.0024519,0.231506,9.827921,-0.06999,9.830896,90.407913,88.650597,1,2,3,4
15.6803656,0.0024519,0.262612,9.847063,-0.089133,9.850967,90.518425,88.472336,1,2,3,4
15.6828175,0.0024519,0.214756,9.827921,-0.141775,9.831289,90.826279,88.748192,1,2,3,4
15.6852703,0.0024528,0.224327,9.815957,-0.158524,9.819799,90.924988,88.690826,1,2,3,4
15.6877222,0.0024519,0.293719,9.806385,-0.036491,9.810851,90.213104,88.284401,1,2,3,4
15.6901741,0.0024519,0.205185,9.78485,-0.077169,9.787306,90.451759,88.798706,1,2,3,4
15.692627,0.0024529,0.281755,9.81835,-0.148953,9.823521,90.868805,88.356247,1,2,3,4
15.6950788,0.0024518,0.253041,9.827921,-0.110668,9.8318,90.644943,88.525124,1,2,3,4
15.6975317,0.0024529,0.305683,9.832706,-0.036491,9.837524,90.212532,88.219337,1,2,3,4
15.6999826,0.0024509,0.315254,9.835099,-0.002991,9.840151,90.017418,88.16407,1,2,3,4
15.7024355,0.0024529,0.310469,9.808778,-0.043669,9.813787,90.254951,88.187073,1,2,3,4
15.7048864,0.0024509,0.269791,9.813564,-0.093918,9.817721,90.548111,88.42524,1,2,3,4
15.7073393,0.0024529,0.24347,9.815957,-0.101097,9.819497,90.589897,88.579155,1,2,3,4
15.7097921,0.0024528,0.276969,9.820743,-0.093918,9.825096,90.547699,88.384544,1,2,3,4
15.712244,0.0024519,0.245863,9.832706,-0.077169,9.836082,90.449516,88.567642,1,2,3,4
15.7146969,0.0024529,0.245863,9.811171,-0.16331,9.81561,90.953323,88.564499,1,2,3,4
15.7171478,0.0024509,0.229113,9.854242,-0.120239,9.857638,90.698891,88.668106,1,2,3,4
15.7196007,0.0024529,0.195613,9.806385,-0.048455,9.808455,90.283051,88.857239,1,2,3,4
15.7220535,0.0024528,0.183649,9.861421,-0.156132,9.864367,90.906906,88.933105,1,2,3,4
15.7245054,0.0024519,0.214756,9.842278,-0.18006,9.846267,91.047836,88.750023,1,2,3,4
15.7269583,0.0024529,0.219541,9.842278,-0.10349,9.84527,90.60228,88.722176,1,2,3,4
15.7294102,0.0024519,0.279362,9.861421,-0.007777,9.86538,90.045166,88.377312,1,2,3,4
15.731863,0.0024528,0.217149,9.854242,-0.055633,9.856792,90.323387,88.737633,1,2,3,4
15.7343159,0.0024529,0.202792,9.87817,-0.203988,9.882357,91.182762,88.823921,1,2,3,4
15.7367678,0.0024519,0.229113,9.87817,-0.117847,9.881529,90.683319,88.671326,1,2,3,4
15.7392206,0.0024528,0.212363,9.847063,-0.012562,9.84936,90.073074,88.764542,1,2,3,4
15.7416735,0.0024529,0.257827,9.859028,-0.072383,9.862664,90.420502,88.501984,1,2,3,4
15.7441254,0.0024519,0.19322,9.823135,-0.153739,9.826238,90.896469,88.873138,1,2,3,4
15.7465773,0.0024519,0.207577,9.868599,-0.115454,9.871457,90.670128,88.795013,1,2,3,4
15.7490292,0.0024519,0.214756,9.839885,-0.050847,9.84236,90.296005,88.749718,1,2,3,4
15.7514811,0.0024519,0.212363,9.856635,-0.043669,9.859019,90.253784,88.765739,1,2,3,4
15.7539349,0.0024538,0.221934,9.882956,-0.093918,9.885894,90.544334,88.71357,1,2,3,4
15.7563858,0.0024509,0.241077,9.875777,-0.062812,9.878919,90.364296,88.601631,1,2,3,4
15.7588387,0.0024529,0.183649,9.866206,0.073579,9.86819,89.572784,88.933624,1,2,3,4
15.7612896,0.0024509,0.19322,9.861421,-0.058026,9.863484,90.337067,88.877518,1,2,3,4
15.7637424,0.0024528,0.176471,9.849456,-0.125025,9.85183,90.727135,88.973557,1,2,3,4
15.7661934,0.002451,0.142971,9.861421,-0.158524,9.863731,90.920868,89.16938,1,2,3,4
15.7686462,0.0024528,0.186042,9.904491,-0.10349,9.906779,90.598541,88.923904,1,2,3,4
15.7710991,0.0024529,0.188435,9.899706,-0.024526,9.901529,90.141922,88.909538,1,2,3,4
15.77355,0.0024509,0.212363,9.909277,-0.067597,9.911783,90.390755,88.772301,1,2,3,4
15.7760019,0.0024519,0.212363,9.904491,-0.127418,9.907587,90.736877,88.771706,1,2,3,4
15.7784538,0.0024519,0.178863,9.926026,-0.105882,9.928203,90.611061,88.967659,1,2,3,4
15.7809067,0.0024529,0.159721,9.885348,-0.012562,9.886646,90.0728,89.074333,1,2,3,4
15.7833576,0.0024509,0.212363,9.902099,0.004187,9.904376,89.975777,88.771408,1,2,3,4
15.7858105,0.0024529,0.221934,9.899706,-0.06999,9.90244,90.404968,88.715744,1,2,3,4
15.7882633,0.0024528,0.217149,9.914063,-0.089133,9.916841,90.514984,88.745247,1,2,3,4
15.7907143,0.002451,0.267398,9.93799,0.052044,9.941723,89.700058,88.458733,1,2,3,4
15.7931671,0.0024528,0.19322,9.897313,-0.019741,9.899219,90.114258,88.881584,1,2,3,4
15.795619,0.0024519,0.221934,9.964312,-0.10349,9.96732,90.59491,88.724068,1,2,3,4
15.7980709,0.0024519,0.164507,9.930812,-0.067597,9.932405,90.389946,89.050964,1,2,3,4
15.8005238,0.0024529,0.253041,9.91167,-0.05324,9.915043,90.307663,88.537582,1,2,3,4
15.8029757,0.0024519,0.238684,9.885348,-0.072383,9.888494,90.419403,88.616852,1,2,3,4
15.8054285,0.0024528,0.202792,9.91167,-0.098704,9.914235,90.570435,88.827896,1,2,3,4
15.8078804,0.0024519,0.248255,9.897313,-0.101097,9.900943,90.585045,88.563148,1,2,3,4
15.8103333,0.0024529,0.212363,9.870992,-0.060419,9.873461,90.350616,88.76754,1,2,3,4
15.8127851,0.0024518,0.253041,9.880563,-0.16331,9.885152,90.946609,88.532974,1,2,3,4
15.815238,0.0024529,0.207577,9.859028,-0.16331,9.862565,90.948784,88.793839,1,2,3,4
15.8176899,0.0024519,0.205185,9.84467,-0.187238,9.848588,91.089355,88.806,1,2,3,4
15.8201418,0.0024519,0.241077,9.854242,-0.170489,9.858665,90.990883,88.598579,1,2,3,4
15.8225937,0.0024519,0.233898,9.856635,-0.14656,9.860499,90.851639,88.640625,1,2,3,4
15.8250446,0.0024509,0.276969,9.887741,-0.16331,9.892968,90.945862,88.395485,1,2,3,4
15.8274975,0.0024529,0.221934,9.851849,-0.184846,9.856081,91.074615,88.709503,1,2,3,4
15.8299503,0.0024528,0.257827,9.887741,-0.08674,9.891482,90.502441,88.506332,1,2,3,4
15.8324013,0.002451,0.181256,9.863813,-0.113061,9.866126,90.656593,88.947258,1,2,3,4
15.8348541,0.0024528,0.207577,9.87817,-0.211167,9.882607,91.224358,88.796181,1,2,3,4
15.8373041,0.00245,0.224327,9.866206,-0.242273,9.87173,91.406303,88.697495,1,2,3,4
15.839757,0.0024529,0.236291,9.863813,-0.172881,9.868157,91.003822,88.627724,1,2,3,4
15.8422079,0.0024509,0.288933,9.851849,-0.089133,9.856487,90.518135,88.320122,1,2,3,4
15.8446608,0.0024529,0.288933,9.849456,-0.041276,9.853779,90.240005,88.31971,1,2,3,4
15.8471136,0.0024528,0.233898,9.835099,-0.089133,9.838284,90.519096,88.63765,1,2,3,4
15.8495655,0.0024519,0.255434,9.835099,-0.113061,9.839066,90.658401,88.512268,1,2,3,4
15.8520174,0.0024519,0.233898,9.870992,-0.058026,9.873933,90.336708,88.642601,1,2,3,4
15.8544693,0.0024519,0.248255,9.830314,-0.132203,9.834337,90.770256,88.55336,1,2,3,4
15.8569221,0.0024528,0.22672,9.835099,-0.153739,9.838913,90.895317,88.679443,1,2,3,4
15.859375,0.0024529,0.24347,9.813564,-0.132203,9.817474,90.771576,88.578812,1,2,3,4
15.8618259,0.0024509,0.276969,9.842278,-0.156132,9.847412,90.90847,88.388077,1,2,3,4
15.8642788,0.0024529,0.253041,9.868599,-0.129811,9.872696,90.753372,88.531197,1,2,3,4
15.8667297,0.0024509,0.248255,9.830314,-0.108275,9.834044,90.630852,88.55336,1,2,3,4
15.8691826,0.0024529,0.221934,9.849456,-0.05324,9.8521,90.309624,88.70919,1,2,3,4
15.8716354,0.0024528,0.260219,9.796814,-0.041276,9.800356,90.24131,88.478485,1,2,3,4
15.8740873,0.0024519,0.238684,9.789636,-0.055633,9.792703,90.3255,88.603333,1,2,3,4
15.8765402,0.0024529,0.274576,9.813564,-0.074776,9.81769,90.436394,88.397324,1,2,3,4
15.878993,0.0024528,0.241077,9.799207,-0.065204,9.802388,90.381126,88.590714,1,2,3,4
15.8814459,0.0024529,0.276969,9.770494,-0.031705,9.774469,90.185844,88.376244,1,2,3,4
15.8838987,0.0024528,0.284148,9.787243,-0.058026,9.791538,90.339546,88.337029,1,2,3,4
15.8863497,0.002451,0.255434,9.827921,-0.101097,9.831759,90.589165,88.511185,1,2,3,4
15.8888025,0.0024528,0.257827,9.78485,-0.065204,9.788464,90.381668,88.490631,1,2,3,4
15.8912563,0.0024538,0.231506,9.782457,-0.101097,9.785719,90.591934,88.644325,1,2,3,4
15.8937082,0.0024519,0.202792,9.780065,-0.129811,9.783029,90.760277,88.812134,1,2,3,4
15.8961601,0.0024519,0.245863,9.787243,-0.110668,9.790956,90.647636,88.560989,1,2,3,4
15.898613,0.0024529,0.224327,9.803992,-0.129811,9.807418,90.758385,88.689232,1,2,3,4
15.9010658,0.0024528,0.214756,9.799207,-0.101097,9.802081,90.59095,88.74453,1,2,3,4
15.9035187,0.0024529,0.200399,9.787243,-0.10349,9.789842,90.60569,88.827003,1,2,3,4
15.9059706,0.0024519,0.202792,9.799207,-0.091525,9.801732,90.535019,88.814453,1,2,3,4
15.9084225,0.0024519,0.217149,9.7681,-0.115454,9.771195,90.67701,88.726501,1,2,3,4
15.9108744,0.0024519,0.202792,9.772886,-0.139382,9.775984,90.816925,88.811256,1,2,3,4
15.9133272,0.0024528,0.221934,9.780065,-0.117847,9.783292,90.690186,88.700035,1,2,3,4
15.9157801,0.0024529,0.22672,9.787243,-0.101097,9.79039,90.591652,88.672989,1,2,3,4
15.918232,0.0024519,0.245863,9.803992,-0.141775,9.8081,90.828232,88.563446,1,2,3,4
15.9206848,0.0024528,0.142971,9.808778,-0.16331,9.811179,90.953751,89.164925,1,2,3,4
15.9231358,0.002451,0.214756,9.796814,-0.18006,9.800821,91.052696,88.744225,1,2,3,4
15.9255886,0.0024528,0.154935,9.758529,-0.151346,9.760932,90.88842,89.090393,1,2,3,4
15.9280396,0.002451,0.205185,9.78485,-0.081954,9.787344,90.479774,88.798706,1,2,3,4
15.9304924,0.0024528,0.178863,9.75135,-0.089133,9.753398,90.523613,88.949173,1,2,3,4
15.9329443,0.0024519,0.183649,9.806385,-0.098704,9.808601,90.576576,88.927116,1,2,3,4
15.9353962,0.0024519,0.198006,9.756136,-0.110668,9.758773,90.649773,88.837311,1,2,3,4
15.937849,0.0024528,0.190828,9.808778,-0.067597,9.810866,90.394775,88.885468,1,2,3,4
15.9403009,0.0024519,0.214756,9.765707,-0.041276,9.768155,90.242111,88.740219,1,2,3,4
15.9427538,0.0024529,0.245863,9.811171,-0.110668,9.814875,90.646057,88.564499,1,2,3,4
15.9452066,0.0024528,0.212363,9.806385,-0.165703,9.810083,90.967834,88.759422,1,2,3,4
15.9476576,0.002451,0.188435,9.839885,-0.139382,9.842676,90.811394,88.902916,1,2,3,4
15.9501104,0.0024528,0.260219,9.84467,-0.093918,9.848557,90.546394,88.485878,1,2,3,4
15.9525623,0.0024519,0.221934,9.81835,-0.113061,9.821508,90.659576,88.705109,1,2,3,4
15.9550152,0.0024529,0.238684,9.832706,-0.160917,9.836919,90.937317,88.609444,1,2,3,4
15.9574671,0.0024519,0.22672,9.832706,-0.156132,9.836558,90.90947,88.679123,1,2,3,4
15.959918,0.0024509,0.224327,9.835099,-0.127418,9.838483,90.742058,88.693375,1,2,3,4
15.9623709,0.0024529,0.221934,9.825528,-0.136989,9.828989,90.798569,88.706047,1,2,3,4
15.9648228,0.0024519,0.190828,9.839885,-0.134596,9.842655,90.783531,88.888985,1,2,3,4
15.9672747,0.0024519,0.188435,9.868599,-0.089133,9.8708,90.517387,88.906105,1,2,3,4
15.9697266,0.0024519,0.22672,9.81835,-0.105882,9.821538,90.617699,88.677193,1,2,3,4
15.9721785,0.0024519,0.205185,9.811171,-0.096311,9.813788,90.562302,88.801926,1,2,3,4
15.9746313,0.0024528,0.212363,9.84467,-0.134596,9.84788,90.783119,88.764244,1,2,3,4
15.9770832,0.0024519,0.233898,9.854242,-0.096311,9.857489,90.559807,88.640297,1,2,3,4
15.9795351,0.0024519,0.241077,9.861421,-0.077169,9.864669,90.448212,88.599602,1,2,3,4
15.981987,0.0024519,0.224327,9.84467,-0.06999,9.847474,90.407227,88.694649,1,2,3,4
15.9844389,0.0024519,0.245863,9.839885,-0.10349,9.8435,90.602386,88.568687,1,2,3,4
15.9868917,0.0024528,0.229113,9.820743,-0.10349,9.823959,90.603592,88.663559,1,2,3,4
15.9893427,0.002451,0.229113,9.811171,-0.077169,9.814149,90.450523,88.662262,1,2,3,4
15.9917955,0.0024528,0.265005,9.806385,-0.093918,9.810414,90.548523,88.452034,1,2,3,4
15.9942474,0.0024519,0.248255,9.830314,-0.08674,9.833831,90.505386,88.55336,1,2,3,4
15.9966993,0.0024519,0.224327,9.803992,-0.105882,9.80713,90.618607,88.689232,1,2,3,4
15.9991531,0.0024538,0.257827,9.796814,-0.098704,9.800703,90.577042,88.49247,1,2,3,4
16.0016041,0.002451,0.245863,9.811171,-0.060419,9.814437,90.352722,88.564499,1,2,3,4
16.004055,0.0024509,0.20997,9.799207,-0.074776,9.801742,90.437103,88.772499,1,2,3,4
16.0065079,0.0024529,0.214756,9.823135,-0.081954,9.825824,90.47789,88.747581,1,2,3,4
16.0089588,0.0024509,0.245863,9.81835,-0.06999,9.821677,90.408295,88.565552,1,2,3,4
16.0114117,0.0024529,0.221934,9.859028,-0.041276,9.861612,90.239815,88.710449,1,2,3,4
16.0138645,0.0024528,0.265005,9.84467,-0.060419,9.848422,90.351501,88.458046,1,2,3,4
16.0163174,0.0024529,0.24347,9.808778,-0.110668,9.812423,90.646217,88.578117,1,2,3,4
16.0187702,0.0024528,0.269791,9.832706,-0.098704,9.836902,90.574921,88.428307,1,2,3,4
16.0212212,0.002451,0.284148,9.882956,-0.06999,9.887287,90.405586,88.353127,1,2,3,4
16.023674,0.0024528,0.272184,9.885348,-0.06999,9.889342,90.405502,88.422813,1,2,3,4
16.0261269,0.0024529,0.257827,9.823135,-0.079561,9.82684,90.46389,88.496513,1,2,3,4
16.0285797,0.0024528,0.224327,9.842278,-0.06999,9.845082,90.407326,88.694328,1,2,3,4
16.0310326,0.0024529,0.279362,9.813564,-0.065204,9.817756,90.380531,88.369408,1,2,3,4
16.0334835,0.0024509,0.236291,9.84467,-0.038883,9.847582,90.226234,88.625053,1,2,3,4
16.0359364,0.0024529,0.305683,9.849456,-0.036491,9.854266,90.212166,88.222366,1,2,3,4
16.0383873,0.0024509,0.279362,9.861421,-0.06999,9.865625,90.406479,88.377312,1,2,3,4
16.0408401,0.0024528,0.286541,9.870992,-0.096311,9.87562,90.558784,88.337257,1,2,3,4
16.043293,0.0024529,0.308076,9.873384,-0.079561,9.87851,90.461464,88.212799,1,2,3,4
16.0457439,0.0024509,0.296112,9.892527,-0.060419,9.897141,90.349777,88.285484,1,2,3,4
16.0481968,0.0024529,0.255434,9.84467,-0.074776,9.848268,90.435036,88.51371,1,2,3,4
16.0506477,0.0024509,0.288933,9.854242,-0.129811,9.859332,90.754395,88.320526,1,2,3,4
16.0530987,0.002451,0.265005,9.847063,-0.151346,9.851791,90.880226,88.45842,1,2,3,4
16.0555515,0.0024528,0.260219,9.84467,-0.08674,9.848491,90.504631,88.485878,1,2,3,4
16.0580044,0.0024529,0.236291,9.868599,-0.062812,9.871627,90.364563,88.628387,1,2,3,4
16.0604572,0.0024528,0.24347,9.849456,-0.093918,9.852912,90.54615,88.583984,1,2,3,4
16.0629082,0.002451,0.195613,9.815957,-0.117847,9.818613,90.687698,88.858353,1,2,3,4
16.065361,0.0024528,0.224327,9.81835,-0.098704,9.821408,90.575829,88.691147,1,2,3,4
16.0678139,0.0024529,0.202792,9.825528,-0.065204,9.827837,90.380142,88.817627,1,2,3,4
16.0702648,0.0024509,0.188435,9.808778,-0.072383,9.810855,90.422722,88.899437,1,2,3,4
16.0727177,0.0024529,0.186042,9.81835,-0.115454,9.820791,90.673584,88.914467,1,2,3,4
16.0751686,0.0024509,0.176471,9.820743,-0.072383,9.822595,90.422218,88.970551,1,2,3,4
16.0776196,0.002451,0.162114,9.842278,-0.074776,9.843897,90.435234,89.056358,1,2,3,4
16.0800724,0.0024528,0.190828,9.851849,-0.079561,9.854018,90.462608,88.890335,1,2,3,4
16.0825253,0.0024529,0.183649,9.825528,-0.081954,9.827586,90.477806,88.929207,1,2,3,4
16.0849762,0.0024509,0.188435,9.796814,-0.084347,9.798989,90.493195,88.898094,1,2,3,4
16.087429,0.0024528,0.212363,9.770494,-0.046062,9.772909,90.27005,88.754868,1,2,3,4
16.08988,0.002451,0.214756,9.803992,-0.041276,9.806431,90.241165,88.74514,1,2,3,4
16.0923328,0.0024528,0.22672,9.820743,-0.081954,9.823701,90.477997,88.677513,1,2,3,4
16.0947857,0.0024529,0.186042,9.830314,-0.098704,9.83257,90.575172,88.915787,1,2,3,4
16.0972366,0.0024509,0.200399,9.847063,-0.115454,9.849779,90.671608,88.834129,1,2,3,4
16.0996895,0.0024529,0.19322,9.849456,-0.093918,9.851798,90.546219,88.876152,1,2,3,4
16.1021423,0.0024528,0.186042,9.842278,-0.125025,9.84483,90.727654,88.917107,1,2,3,4
16.1045933,0.002451,0.171685,9.832706,-0.132203,9.835093,90.770195,88.99968,1,2,3,4
16.1070461,0.0024528,0.169292,9.808778,-0.201595,9.81231,91.177231,89.011215,1,2,3,4
16.1094971,0.002451,0.188435,9.827921,-0.144168,9.830784,90.840271,88.901581,1,2,3,4
16.1119499,0.0024528,0.198006,9.789636,-0.115454,9.792318,90.675545,88.841286,1,2,3,4
16.1144028,0.0024529,0.214756,9.820743,-0.136989,9.824045,90.798973,88.747276,1,2,3,4
16.1168537,0.0024509,0.200399,9.839885,-0.170489,9.843402,90.992416,88.833275,1,2,3,4
16.1193066,0.0024529,0.221934,9.835099,-0.151346,9.838767,90.881393,88.707306,1,2,3,4
16.1217575,0.0024509,0.231506,9.837492,-0.113061,9.840865,90.658279,88.651909,1,2,3,4
16.1242104,0.0024529,0.241077,9.825528,-0.160917,9.829803,90.937996,88.594482,1,2,3,4
16.1266632,0.0024528,0.253041,9.835099,-0.158524,9.839631,90.923119,88.526199,1,2,3,4
16.1291142,0.002451,0.22672,9.825528,-0.14656,9.829236,90.854347,88.678162,1,2,3,4
16.131567,0.0024528,0.233898,9.839885,-0.108275,9.84326,90.630264,88.638313,1,2,3,4
16.1340179,0.0024509,0.231506,9.827921,-0.081954,9.830989,90.477638,88.650597,1,2,3,4
16.1364708,0.0024529,0.236291,9.851849,-0.134596,9.855601,90.782501,88.626053,1,2,3,4
16.1389236,0.0024528,0.231506,9.854242,-0.153739,9.85816,90.89357,88.654198,1,2,3,4
16.1413765,0.0024529,0.221934,9.84467,-0.177667,9.848774,91.033646,88.708565,1,2,3,4
16.1438274,0.0024509,0.207577,9.832706,-0.144168,9.835954,90.839828,88.790611,1,2,3,4
16.1462803,0.0024529,0.229113,9.849456,-0.125025,9.852914,90.727051,88.667458,1,2,3,4
16.1487331,0.0024528,0.24347,9.823135,-0.105882,9.826722,90.617371,88.580193,1,2,3,4
16.1511841,0.002451,0.24347,9.851849,-0.122632,9.855619,90.712944,88.584335,1,2,3,4
16.1536369,0.0024528,0.224327,9.832706,-0.115454,9.835942,90.672546,88.693062,1,2,3,4
16.1560898,0.0024529,0.229113,9.830314,-0.06999,9.833232,90.407822,88.664864,1,2,3,4
16.1585407,0.0024509,0.281755,9.832706,-0.065204,9.836958,90.379791,88.358643,1,2,3,4
16.1609936,0.0024529,0.265005,9.842278,-0.05324,9.845989,90.309814,88.457672,1,2,3,4
16.1634445,0.0024509,0.255434,9.837492,-0.077169,9.84111,90.449287,88.512627,1,2,3,4
16.1658974,0.0024529,0.245863,9.823135,-0.172881,9.827732,91.00795,88.566246,1,2,3,4
16.1683483,0.0024509,0.265005,9.851849,-0.144168,9.856466,90.838081,88.459167,1,2,3,4
16.1708012,0.0024529,0.245863,9.835099,-0.089133,9.838575,90.519081,88.567993,1,2,3,4
16.173254,0.0024528,0.224327,9.813564,-0.132203,9.817019,90.771614,88.690514,1,2,3,4
16.175705,0.002451,0.248255,9.839885,-0.16331,9.844371,90.950531,88.554764,1,2,3,4
16.1781578,0.0024528,0.248255,9.8016,-0.065204,9.804959,90.381027,88.549118,1,2,3,4
16.1806087,0.0024509,0.20997,9.8016,-0.187238,9.805636,91.094131,88.772797,1,2,3,4
16.1830616,0.0024529,0.241077,9.823135,-0.25663,9.829444,91.496063,88.594147,1,2,3,4
16.1855145,0.0024529,0.229113,9.820743,-0.125025,9.82421,90.729179,88.663559,1,2,3,4
16.1879654,0.0024509,0.262612,9.803992,-0.038883,9.807586,90.227158,88.46563,1,2,3,4
16.1904182,0.0024528,0.248255,9.827921,-0.041276,9.831142,90.240555,88.553001,1,2,3,4
16.1928692,0.002451,0.276969,9.835099,-0.129811,9.839855,90.75589,88.386902,1,2,3,4
16.195322,0.0024528,0.245863,9.873384,-0.170489,9.877916,90.988953,88.57354,1,2,3,4
16.197773,0.002451,0.291326,9.882956,-0.101097,9.887766,90.585823,88.311546,1,2,3,4
16.2002258,0.0024528,0.310469,9.894919,-0.08674,9.900168,90.501999,88.202843,1,2,3,4
16.2026768,0.002451,0.284148,9.897313,-0.129811,9.902243,90.751122,88.355515,1,2,3,4
16.2051277,0.0024509,0.274576,9.882956,-0.192024,9.888634,91.112679,88.408569,1,2,3,4
16.2075806,0.0024529,0.274576,9.873384,-0.19681,9.879162,91.141502,88.407028,1,2,3,4
16.2100315,0.0024509,0.267398,9.875777,-0.144168,9.880448,90.836044,88.449028,1,2,3,4
16.2124844,0.0024529,0.238684,9.870992,-0.127418,9.874699,90.739334,88.614838,1,2,3,4
16.2149372,0.0024528,0.253041,9.914063,-0.122632,9.91805,90.708458,88.537933,1,2,3,4
16.2173901,0.0024529,0.241077,9.882956,-0.120239,9.886627,90.696838,88.602654,1,2,3,4
16.2198429,0.0024528,0.221934,9.868599,-0.141775,9.872112,90.822861,88.711693,1,2,3,4
16.2222939,0.002451,0.245863,9.873384,-0.18006,9.878086,91.044456,88.57354,1,2,3,4
16.2247467,0.0024528,0.241077,9.892527,-0.105882,9.89603,90.613045,88.604004,1,2,3,4
16.2271976,0.0024509,0.255434,9.914063,-0.060419,9.917537,90.349052,88.524109,1,2,3,4
16.2296505,0.0024529,0.245863,9.87817,-0.089133,9.881631,90.516815,88.574234,1,2,3,4
16.2321014,0.0024509,0.233898,9.935597,-0.120239,9.939077,90.693161,88.651421,1,2,3,4
16.2345543,0.0024529,0.221934,9.91167,-0.091525,9.914577,90.528931,88.717293,1,2,3,4
16.2370071,0.0024528,0.221934,9.894919,-0.046062,9.897515,90.266647,88.715118,1,2,3,4
16.2394581,0.002451,0.231506,9.897313,-0.101097,9.900537,90.585068,88.660049,1,2,3,4
16.2419109,0.0024528,0.224327,9.91167,-0.093918,9.914653,90.542755,88.703468,1,2,3,4
16.2443638,0.0024529,0.265005,9.930812,-0.046062,9.934454,90.265656,88.47142,1,2,3,4
16.2468166,0.0024528,0.219541,9.882956,-0.050847,9.885525,90.294708,88.727432,1,2,3,4
16.2492676,0.002451,0.219541,9.897313,-0.074776,9.90003,90.432762,88.729279,1,2,3,4
16.2517204,0.0024528,0.176471,9.892527,-0.089133,9.894502,90.516144,88.97802,1,2,3,4
16.2541733,0.0024529,0.217149,9.909277,-0.10349,9.912196,90.598213,88.744637,1,2,3,4
16.2566242,0.0024509,0.181256,9.863813,-0.098704,9.865973,90.573227,88.947258,1,2,3,4
16.2590771,0.0024529,0.181256,9.870992,-0.06999,9.872904,90.406181,88.948021,1,2,3,4
16.261528,0.0024509,0.159721,9.875777,-0.10349,9.877611,90.600311,89.073433,1,2,3,4
16.2639809,0.0024529,0.162114,9.885348,-0.144168,9.887729,90.835426,89.060471,1,2,3,4
16.2664318,0.0024509,0.171685,9.894919,-0.148953,9.89753,90.862305,89.005974,1,2,3,4
16.2688847,0.0024529,0.200399,9.91167,-0.125025,9.914484,90.722542,88.841721,1,2,3,4
16.2713375,0.0024528,0.186042,9.902099,-0.06999,9.904094,90.4049,88.923645,1,2,3,4
16.2737885,0.002451,0.200399,9.914063,-0.101097,9.916603,90.584122,88.842003,1,2,3,4
16.2762413,0.0024528,0.219541,9.885348,-0.113061,9.888432,90.655113,88.727737,1,2,3,4
16.2786922,0.0024509,0.198006,9.921241,-0.110668,9.923834,90.638962,88.856651,1,2,3,4
16.2811432,0.002451,0.183649,9.861421,-0.098704,9.863625,90.573364,88.933105,1,2,3,4
16.283596,0.0024528,0.207577,9.854242,-0.168096,9.857862,90.977051,88.793259,1,2,3,4
16.286047,0.002451,0.221934,9.873384,-0.151346,9.877038,90.877975,88.712318,1,2,3,4
16.2884998,0.0024528,0.233898,9.873384,-0.08674,9.876535,90.503204,88.642929,1,2,3,4
16.2909527,0.0024529,0.238684,9.904491,-0.098704,9.907859,90.570801,88.619522,1,2,3,4
16.2934036,0.0024509,0.162114,9.899706,-0.206381,9.903184,91.194122,89.061829,1,2,3,4
16.2958565,0.0024529,0.257827,9.866206,-0.093918,9.870021,90.545204,88.503067,1,2,3,4
16.2983074,0.0024509,0.181256,9.839885,-0.089133,9.841957,90.518898,88.944695,1,2,3,4
16.3007603,0.0024529,0.20997,9.849456,-0.156132,9.852931,90.907959,88.778755,1,2,3,4
16.3032112,0.0024509,0.207577,9.854242,-0.158524,9.857703,90.921432,88.793259,1,2,3,4
16.3056641,0.0024529,0.221934,9.899706,-0.134596,9.903108,90.778748,88.715744,1,2,3,4
16.3081169,0.0024528,0.207577,9.904491,-0.10349,9.907207,90.598518,88.799377,1,2,3,4
16.3105679,0.002451,0.224327,9.87817,-0.072383,9.880982,90.419724,88.699074,1,2,3,4
16.3130207,0.0024528,0.212363,9.87817,-0.091525,9.880877,90.530731,88.768433,1,2,3,4
16.3154736,0.0024529,0.224327,9.851849,-0.074776,9.854686,90.434753,88.695595,1,2,3,4
16.3179245,0.0024509,0.221934,9.861421,-0.113061,9.864566,90.6567,88.710762,1,2,3,4
16.3203773,0.0024528,0.288933,9.830314,-0.036491,9.834627,90.212593,88.316444,1,2,3,4
16.3228302,0.0024529,0.236291,9.825528,0.00658,9.828371,89.961639,88.622375,1,2,3,4
16.3252831,0.0024529,0.257827,9.820743,-0.081954,9.824468,90.477959,88.496147,1,2,3,4
16.327734,0.0024509,0.221934,9.832706,-0.120239,9.835946,90.700432,88.706993,1,2,3,4
16.3301868,0.0024528,0.214756,9.837492,-0.077169,9.840138,90.449333,88.749413,1,2,3,4
16.3326397,0.0024529,0.224327,9.811171,-0.043669,9.813832,90.254951,88.690193,1,2,3,4
16.3350906,0.0024509,0.248255,9.799207,-0.065204,9.802567,90.381119,88.548767,1,2,3,4
16.3375435,0.0024529,0.24347,9.811171,-0.122632,9.814958,90.715897,88.578468,1,2,3,4
16.3399944,0.0024509,0.202792,9.780065,-0.117847,9.782877,90.690216,88.812134,1,2,3,4
16.3424473,0.0024529,0.248255,9.815957,-0.081954,9.819438,90.478203,88.551239,1,2,3,4
16.3448982,0.0024509,0.221934,9.806385,-0.074776,9.809181,90.436775,88.703522,1,2,3,4
16.3473511,0.0024529,0.217149,9.7681,-0.108275,9.771113,90.634918,88.726501,1,2,3,4
16.3498039,0.0024528,0.272184,9.799207,-0.10349,9.803533,90.604843,88.408958,1,2,3,4
16.3522549,0.002451,0.24347,9.806385,-0.153739,9.810612,90.897903,88.577774,1,2,3,4
16.3547077,0.0024528,0.272184,9.782457,-0.18006,9.7879,91.054085,88.406235,1,2,3,4
16.3571606,0.0024529,0.233898,9.734601,-0.10349,9.737961,90.608917,88.623589,1,2,3,4
16.3596134,0.0024528,0.262612,9.748958,-0.10349,9.753043,90.607979,88.45697,1,2,3,4
16.3620663,0.0024529,0.236291,9.760921,-0.158524,9.765068,90.930168,88.613258,1,2,3,4
16.3645172,0.0024509,0.238684,9.7681,-0.153739,9.772224,90.901428,88.60025,1,2,3,4
16.3669701,0.0024529,0.253041,9.720243,-0.08674,9.723924,90.511101,88.508789,1,2,3,4
16.369421,0.0024509,0.238684,9.75135,-0.096311,9.754746,90.565704,88.597847,1,2,3,4
16.3718739,0.0024529,0.238684,9.729815,-0.148953,9.733882,90.876808,88.594749,1,2,3,4
16.3743267,0.0024528,0.272184,9.727423,-0.156132,9.732482,90.919197,88.397224,1,2,3,4
16.3767796,0.0024529,0.241077,9.739387,-0.122632,9.743142,90.721176,88.582062,1,2,3,4
16.3792324,0.0024528,0.236291,9.756136,-0.113061,9.759652,90.663757,88.612579,1,2,3,4
16.3816853,0.0024529,0.284148,9.803992,-0.108275,9.808707,90.632484,88.339867,1,2,3,4
16.3841381,0.0024528,0.250648,9.81835,-0.084347,9.821911,90.492043,88.537643,1,2,3,4
16.3865891,0.002451,0.269791,9.787243,-0.05324,9.791105,90.311554,88.421013,1,2,3,4
16.3890419,0.0024528,0.255434,9.808778,-0.105882,9.812675,90.618256,88.508278,1,2,3,4
16.3914948,0.0024529,0.248255,9.78485,-0.072383,9.788267,90.423698,88.546638,1,2,3,4
16.3939476,0.0024528,0.265005,9.806385,-0.084347,9.810328,90.492622,88.452034,1,2,3,4
16.3963985,0.0024509,0.281755,9.813564,-0.06999,9.817858,90.408455,88.355446,1,2,3,4
16.3988514,0.0024529,0.262612,9.772886,-0.055633,9.776572,90.326042,88.460747,1,2,3,4
16.4013042,0.0024528,0.219541,9.775279,-0.10349,9.778292,90.606407,88.713417,1,2,3,4
16.4037571,0.0024529,0.241077,9.78485,-0.096311,9.788294,90.563766,88.588646,1,2,3,4
16.4062099,0.0024528,0.236291,9.787243,-0.093918,9.790545,90.549629,88.616989,1,2,3,4
16.4086609,0.002451,0.24347,9.739387,-0.058026,9.742602,90.341248,88.567993,1,2,3,4
16.4111137,0.0024528,0.224327,9.760921,-0.10349,9.764048,90.607292,88.683449,1,2,3,4
16.4135647,0.002451,0.245863,9.741779,-0.067597,9.745116,90.397438,88.554276,1,2,3,4
16.4160194,0.0024547,0.214756,9.741779,-0.096311,9.744622,90.566292,88.737129,1,2,3,4
16.4184723,0.0024529,0.221934,9.725029,-0.16331,9.728931,90.961815,88.69268,1,2,3,4
16.4209232,0.0024509,0.231506,9.748958,-0.117847,9.752418,90.692368,88.639671,1,2,3,4
16.4233761,0.0024529,0.212363,9.746565,-0.081954,9.749223,90.481644,88.751808,1,2,3,4
16.4258289,0.0024528,0.219541,9.720243,-0.077169,9.723028,90.454742,88.706139,1,2,3,4
16.4282818,0.0024529,0.257827,9.765707,-0.141775,9.770139,90.831451,88.487671,1,2,3,4
16.4307346,0.0024528,0.241077,9.744172,-0.199202,9.749189,91.170792,88.582756,1,2,3,4
16.4331875,0.0024529,0.241077,9.748958,-0.19681,9.753923,91.156166,88.58345,1,2,3,4
16.4356384,0.0024509,0.236291,9.758529,-0.170489,9.762877,91.000603,88.612923,1,2,3,4
16.4380913,0.0024529,0.229113,9.7681,-0.129811,9.771648,90.761162,88.656364,1,2,3,4
16.4405441,0.0024528,0.224327,9.789636,-0.110668,9.79283,90.647507,88.687309,1,2,3,4
16.442997,0.0024529,0.200399,9.808778,-0.125025,9.811622,90.73011,88.829575,1,2,3,4
16.4454479,0.0024509,0.231506,9.789636,-0.098704,9.792871,90.577507,88.645317,1,2,3,4
16.4478989,0.002451,0.212363,9.780065,-0.05324,9.782516,90.311829,88.756081,1,2,3,4
16.4503517,0.0024528,0.207577,9.8016,-0.019741,9.803817,90.115372,88.786774,1,2,3,4
16.4528027,0.002451,0.205185,9.813564,-0.06999,9.815959,90.408539,88.802223,1,2,3,4
16.4552555,0.0024528,0.212363,9.830314,-0.10349,9.833152,90.603027,88.762436,1,2,3,4
16.4577084,0.0024529,0.207577,9.811171,-0.058026,9.813538,90.338783,88.787956,1,2,3,4
16.4601612,0.0024528,0.212363,9.830314,-0.048455,9.832726,90.282349,88.762436,1,2,3,4
16.4626122,0.002451,0.171685,9.815957,-0.108275,9.818055,90.631882,88.997978,1,2,3,4
16.465065,0.0024528,0.198006,9.837492,-0.125025,9.840279,90.727989,88.846924,1,2,3,4
16.4675179,0.0024529,0.224327,9.863813,-0.096311,9.866834,90.55928,88.697182,1,2,3,4
16.4699688,0.0024509,0.176471,9.837492,-0.115454,9.839752,90.672287,88.972305,1,2,3,4
16.4724216,0.0024528,0.198006,9.827921,-0.117847,9.830622,90.686859,88.845802,1,2,3,4
16.4748745,0.0024529,0.233898,9.81835,-0.122632,9.821901,90.715393,88.635323,1,2,3,4
16.4773273,0.0024528,0.253041,9.825528,-0.105882,9.829356,90.617203,88.524765,1,2,3,4
16.4797802,0.0024529,0.231506,9.830314,-0.122632,9.833804,90.714523,88.650925,1,2,3,4
16.4822311,0.0024509,0.221934,9.825528,-0.113061,9.828684,90.659096,88.706047,1,2,3,4
16.484684,0.0024529,0.231506,9.851849,-0.117847,9.855273,90.685143,88.65387,1,2,3,4
16.4871349,0.0024509,0.233898,9.870992,-0.101097,9.87428,90.586624,88.642601,1,2,3,4
16.4895878,0.0024529,0.190828,9.875777,-0.101097,9.878139,90.586395,88.893021,1,2,3,4
16.4920406,0.0024528,0.202792,9.87817,-0.101097,9.880769,90.586243,88.823921,1,2,3,4
16.4944935,0.0024529,0.241077,9.914063,-0.105882,9.917559,90.611717,88.607033,1,2,3,4
16.4969444,0.0024509,0.207577,9.897313,-0.10349,9.900031,90.598953,88.798508,1,2,3,4
16.4993973,0.0024529,0.22672,9.926026,-0.091525,9.929037,90.52816,88.691536,1,2,3,4
16.5018482,0.0024509,0.202792,9.914063,-0.060419,9.91632,90.349098,88.828178,1,2,3,4
16.5043011,0.0024529,0.229113,9.87817,-0.043669,9.880923,90.25322,88.671326,1,2,3,4
16.5067539,0.0024528,0.238684,9.899706,-0.084347,9.902942,90.488014,88.618851,1,2,3,4
16.5092068,0.0024529,0.212363,9.899706,-0.072383,9.902247,90.418823,88.771111,1,2,3,4
16.5116577,0.0024509,0.22672,9.921241,-0.055633,9.923987,90.321198,88.690903,1,2,3,4
16.5141106,0.0024529,0.212363,9.906884,-0.06999,9.909408,90.404686,88.772003,1,2,3,4
16.5165634,0.0024528,0.224327,9.914063,-0.065204,9.916815,90.376732,88.703781,1,2,3,4
16.5190144,0.002451,0.217149,9.909277,-0.058026,9.911826,90.335426,88.744637,1,2,3,4
16.5214672,0.0024528,0.233898,9.906884,-0.055633,9.909801,90.321655,88.647514,1,2,3,4
16.5239201,0.0024529,0.219541,9.916455,-0.077169,9.919186,90.445747,88.731728,1,2,3,4
16.5263729,0.0024528,0.214756,9.899706,-0.091525,9.902458,90.529572,88.757271,1,2,3,4
16.5288239,0.002451,0.224327,9.87817,-0.108275,9.88131,90.627838,88.699074,1,2,3,4
16.5312767,0.0024528,0.221934,9.894919,-0.074776,9.897691,90.432869,88.715118,1,2,3,4
16.5337276,0.0024509,0.248255,9.875777,-0.072383,9.879162,90.4198,88.560013,1,2,3,4
16.5361805,0.0024529,0.248255,9.899706,-0.141775,9.903833,90.820229,88.563492,1,2,3,4
16.5386333,0.0024528,0.231506,9.923634,-0.113061,9.926977,90.652573,88.663605,1,2,3,4
16.5410843,0.002451,0.262612,9.918848,-0.129811,9.923173,90.749542,88.483383,1,2,3,4
16.5435371,0.0024528,0.22672,9.906884,-0.10349,9.910019,90.598343,88.689011,1,2,3,4
16.54599,0.0024529,0.265005,9.909277,-0.136989,9.913767,90.79174,88.468094,1,2,3,4
16.5484409,0.0024509,0.260219,9.914063,-0.122632,9.918235,90.708443,88.496475,1,2,3,4
16.5508938,0.0024529,0.221934,9.923634,-0.117847,9.926814,90.680206,88.718842,1,2,3,4
16.5533447,0.0024509,0.207577,9.928419,-0.153739,9.931779,90.886948,88.802269,1,2,3,4
16.5557976,0.0024529,0.255434,9.930812,-0.122632,9.934854,90.707253,88.526604,1,2,3,4
16.5582504,0.0024528,0.22672,9.935597,-0.091525,9.938605,90.527649,88.692795,1,2,3,4
16.5607033,0.0024529,0.221934,9.93799,-0.115454,9.941138,90.665436,88.720688,1,2,3,4
16.5631561,0.0024528,0.200399,9.914063,-0.165703,9.917472,90.957352,88.842003,1,2,3,4
16.5656071,0.002451,0.24347,9.916455,-0.153739,9.920635,90.887939,88.593552,1,2,3,4
16.5680599,0.0024528,0.238684,9.902099,-0.074776,9.905257,90.432533,88.619186,1,2,3,4
16.5705128,0.0024529,0.231506,9.885348,-0.072383,9.888324,90.419411,88.658432,1,2,3,4
16.5729637,0.0024509,0.20997,9.894919,-0.081954,9.897487,90.474434,88.784363,1,2,3,4
16.5754166,0.0024529,0.217149,9.894919,-0.067597,9.897533,90.391319,88.742821,1,2,3,4
16.5778675,0.0024509,0.19322,9.899706,-0.031705,9.901642,90.183464,88.881851,1,2,3,4
16.5803204,0.0024529,0.22672,9.916455,-0.072383,9.919311,90.418098,88.690277,1,2,3,4
16.5827732,0.0024528,0.207577,9.892527,-0.065204,9.894919,90.377563,88.797928,1,2,3,4
16.5852261,0.0024529,0.224327,9.885348,-0.036491,9.88796,90.211449,88.70002,1,2,3,4
16.5876789,0.0024528,0.178863,9.885348,-0.074776,9.887249,90.433327,88.963417,1,2,3,4
16.5901299,0.002451,0.219541,9.856635,-0.072383,9.859345,90.420647,88.724037,1,2,3,4
16.5925827,0.0024528,0.19322,9.847063,-0.058026,9.84913,90.337563,88.875877,1,2,3,4
16.5950356,0.0024529,0.224327,9.868599,-0.060419,9.871333,90.350685,88.697807,1,2,3,4
16.5974884,0.0024528,0.24347,9.866206,-0.005384,9.869211,90.031258,88.586388,1,2,3,4
16.5999393,0.0024509,0.286541,9.890134,-0.024526,9.894315,90.142029,88.340469,1,2,3,4
16.6023922,0.0024529,0.257827,9.863813,-0.072383,9.867448,90.420296,88.502708,1,2,3,4
16.604845,0.0024528,0.233898,9.870992,-0.134596,9.874681,90.780991,88.642601,1,2,3,4
16.6072979,0.0024529,0.253041,9.870992,-0.134596,9.875153,90.780952,88.531555,1,2,3,4
16.6097488,0.0024509,0.269791,9.839885,-0.098704,9.844077,90.574501,88.429451,1,2,3,4
16.6122017,0.0024529,0.248255,9.854242,-0.151346,9.858531,90.879623,88.55687,1,2,3,4
16.6146545,0.0024528,0.248255,9.851849,-0.177667,9.856577,91.032829,88.556519,1,2,3,4
16.6171074,0.0024529,0.281755,9.847063,-0.199202,9.853107,91.15844,88.361038,1,2,3,4
16.6195602,0.0024528,0.198006,9.868599,-0.141775,9.871603,90.822906,88.850555,1,2,3,4
16.6220112,0.002451,0.229113,9.849456,-0.184846,9.853854,91.07486,88.667458,1,2,3,4
16.624464,0.0024528,0.236291,9.835099,-0.168096,9.839374,90.978889,88.623718,1,2,3,4
16.626915,0.002451,0.224327,9.815957,-0.151346,9.819686,90.88311,88.690826,1,2,3,4
16.6293678,0.0024528,0.198006,9.842278,-0.122632,9.845033,90.713707,88.847481,1,2,3,4
16.6318207,0.0024529,0.224327,9.806385,-0.18006,9.810603,91.051643,88.689552,1,2,3,4
16.6342716,0.0024509,0.233898,9.8016,-0.105882,9.804961,90.618744,88.632996,1,2,3,4
16.6367245,0.0024529,0.200399,9.820743,-0.062812,9.822988,90.366371,88.831001,1,2,3,4
16.6391773,0.0024528,0.241077,9.794421,-0.081954,9.79773,90.479263,88.590027,1,2,3,4
16.6416283,0.002451,0.221934,9.777672,-0.139382,9.781183,90.81649,88.699722,1,2,3,4
16.6440811,0.0024528,0.238684,9.753743,-0.105882,9.757237,90.621765,88.59819,1,2,3,4
16.6465321,0.002451,0.190828,9.787243,-0.067597,9.789336,90.395645,88.883011,1,2,3,4
16.6489849,0.0024528,0.267398,9.81835,-0.091525,9.822417,90.53389,88.439964,1,2,3,4
16.6514359,0.002451,0.229113,9.851849,-0.136989,9.855465,90.796425,88.667778,1,2,3,4
16.6538887,0.0024528,0.233898,9.78485,-0.115454,9.788326,90.675819,88.630653,1,2,3,4
16.6563416,0.0024529,0.255434,9.830314,-0.129811,9.834489,90.756302,88.511543,1,2,3,4
16.6587944,0.0024528,0.262612,9.823135,-0.16331,9.828002,90.952118,88.468613,1,2,3,4
16.6612453,0.0024509,0.236291,9.815957,-0.156132,9.820042,90.911003,88.621033,1,2,3,4
16.6636963,0.002451,0.253041,9.825528,-0.136989,9.829741,90.798508,88.524765,1,2,3,4
16.6661491,0.0024528,0.241077,9.813564,-0.06999,9.816774,90.408501,88.592773,1,2,3,4
16.6686001,0.002451,0.272184,9.803992,-0.084347,9.808132,90.492729,88.409737,1,2,3,4
16.6710529,0.0024528,0.217149,9.837492,-0.072383,9.840155,90.421463,88.735481,1,2,3,4
16.6735039,0.002451,0.267398,9.842278,-0.062812,9.846109,90.365509,88.443756,1,2,3,4
16.6759567,0.0024528,0.260219,9.803992,-0.055633,9.807603,90.325012,88.479599,1,2,3,4
16.6784096,0.0024529,0.22672,9.787243,-0.022134,9.789893,90.129539,88.672989,1,2,3,4
16.6808624,0.0024528,0.245863,9.806385,-0.012562,9.809475,90.073372,88.563797,1,2,3,4
16.6833134,0.002451,0.272184,9.780065,-0.026919,9.783889,90.157646,88.405846,1,2,3,4
16.6857662,0.0024528,0.22672,9.823135,-0.060419,9.825937,90.35231,88.677834,1,2,3,4
16.6882191,0.0024529,0.22672,9.815957,-0.055633,9.818732,90.324638,88.676872,1,2,3,4
16.6906719,0.0024528,0.24347,9.830314,0.016152,9.833342,89.905891,88.58123,1,2,3,4
16.6931229,0.002451,0.238684,9.835099,-0.024526,9.838026,90.142838,88.609787,1,2,3,4
16.6955757,0.0024528,0.245863,9.811171,-0.074776,9.814536,90.436531,88.564499,1,2,3,4
16.6980267,0.002451,0.219541,9.823135,-0.05324,9.825732,90.310455,88.719688,1,2,3,4
16.7004795,0.0024528,0.20997,9.813564,-0.072383,9.816077,90.422501,88.774292,1,2,3,4
16.7029324,0.0024529,0.257827,9.78485,-0.14656,9.789344,90.857834,88.490631,1,2,3,4
16.7053833,0.0024509,0.250648,9.78485,-0.139382,9.789052,90.815834,88.532639,1,2,3,4
16.7078362,0.0024529,0.229113,9.770494,-0.115454,9.773861,90.676819,88.656693,1,2,3,4
16.710289,0.0024528,0.24347,9.787243,-0.10349,9.790818,90.605629,88.574989,1,2,3,4
16.7127419,0.0024529,0.24347,9.7681,-0.160917,9.772458,90.943497,88.572197,1,2,3,4
16.7151947,0.0024528,0.272184,9.782457,-0.172881,9.78777,91.01207,88.406235,1,2,3,4
16.7176456,0.0024509,0.262612,9.744172,-0.144168,9.748776,90.847336,88.456215,1,2,3,4
16.7200985,0.0024529,0.236291,9.763314,-0.122632,9.766943,90.719414,88.613602,1,2,3,4
16.7225494,0.0024509,0.279362,9.775279,-0.136989,9.78023,90.802551,88.363022,1,2,3,4
16.7250023,0.0024529,0.269791,9.81835,-0.110668,9.822679,90.645538,88.42601,1,2,3,4
16.7274551,0.0024528,0.276969,9.78485,-0.115454,9.789451,90.675743,88.378624,1,2,3,4
16.7299061,0.002451,0.221934,9.794421,-0.153739,9.798141,90.89904,88.701942,1,2,3,4
16.7323589,0.0024528,0.207577,9.825528,-0.148953,9.828849,90.868332,88.789734,1,2,3,4
16.7348099,0.002451,0.233898,9.847063,-0.10349,9.850385,90.601967,88.639305,1,2,3,4
16.7372627,0.0024528,0.212363,9.839885,-0.144168,9.843232,90.839203,88.763641,1,2,3,4
16.7397137,0.002451,0.159721,9.780065,-0.165703,9.782772,90.970535,89.064369,1,2,3,4
16.7421665,0.0024528,0.171685,9.842278,-0.132203,9.844663,90.769447,89.000656,1,2,3,4
16.7446194,0.0024529,0.20997,9.887741,-0.06999,9.890218,90.405472,88.783485,1,2,3,4
16.7470722,0.0024528,0.238684,9.851849,-0.077169,9.855042,90.448654,88.612144,1,2,3,4
16.7495251,0.0024529,0.219541,9.856635,-0.055633,9.859237,90.323303,88.724037,1,2,3,4
16.7519779,0.0024528,0.200399,9.813564,-0.060419,9.815796,90.352676,88.830147,1,2,3,4
16.7544289,0.002451,0.219541,9.842278,-0.089133,9.845129,90.51873,88.722176,1,2,3,4
16.7568817,0.0024528,0.214756,9.827921,-0.10349,9.830812,90.603165,88.748192,1,2,3,4
16.7593327,0.002451,0.238684,9.806385,-0.122632,9.810056,90.716255,88.605713,1,2,3,4
16.7617855,0.0024528,0.257827,9.782457,-0.098704,9.786352,90.577888,88.490257,1,2,3,4
16.7642365,0.002451,0.20997,9.789636,-0.084347,9.792251,90.49353,88.771294,1,2,3,4
16.7666893,0.0024528,0.190828,9.789636,-0.079561,9.791819,90.465553,88.883286,1,2,3,4
16.7691422,0.0024529,0.198006,9.796814,-0.079561,9.799138,90.465202,88.84214,1,2,3,4
16.771595,0.0024528,0.22672,9.796814,-0.062812,9.799638,90.367241,88.674286,1,2,3,4
16.7740459,0.0024509,0.205185,9.830314,-0.060419,9.832641,90.352066,88.80426,1,2,3,4
16.7764988,0.0024529,0.214756,9.808778,-0.062812,9.81133,90.366806,88.74575,1,2,3,4
16.7789497,0.0024509,0.238684,9.811171,-0.079561,9.814396,90.464478,88.606392,1,2,3,4
16.7814026,0.0024529,0.224327,9.825528,-0.081954,9.82843,90.477768,88.692108,1,2,3,4
16.7838535,0.0024509,0.248255,9.847063,-0.148953,9.851318,90.866356,88.555817,1,2,3,4
16.7863064,0.0024529,0.22672,9.823135,-0.136989,9.826706,90.798759,88.677834,1,2,3,4
16.7887573,0.0024509,0.255434,9.837492,-0.036491,9.840876,90.212456,88.512627,1,2,3,4
16.7912102,0.0024529,0.24347,9.87817,-0.060419,9.881354,90.350334,88.588104,1,2,3,4
16.7936611,0.0024509,0.248255,9.856635,-0.084347,9.860122,90.490135,88.55722,1,2,3,4
16.796114,0.0024529,0.217149,9.861421,-0.127418,9.864635,90.740089,88.738548,1,2,3,4
16.7985668,0.0024528,0.267398,9.832706,-0.024526,9.836372,90.14286,88.442238,1,2,3,4
16.8010178,0.002451,0.231506,9.830314,-0.034098,9.833098,90.198685,88.650925,1,2,3,4
16.8034706,0.0024528,0.224327,9.815957,-0.062812,9.818721,90.366531,88.690826,1,2,3,4
16.8059216,0.002451,0.200399,9.875777,-0.050847,9.877941,90.294937,88.837517,1,2,3,4
16.8083744,0.0024528,0.245863,9.856635,-0.101097,9.860219,90.587463,88.571121,1,2,3,4
16.8108273,0.0024529,0.207577,9.859028,-0.067597,9.861444,90.392746,88.793839,1,2,3,4
16.8132801,0.0024528,0.212363,9.87817,-0.093918,9.880898,90.544609,88.768433,1,2,3,4
16.815731,0.0024509,0.22672,9.87817,-0.105882,9.881338,90.61396,88.685204,1,2,3,4
16.8181839,0.0024529,0.202792,9.894919,-0.134596,9.897913,90.77916,88.825912,1,2,3,4
16.8206367,0.0024528,0.238684,9.899706,-0.165703,9.903969,90.958656,88.618851,1,2,3,4
16.8230896,0.0024529,0.198006,9.885348,-0.120239,9.888062,90.696739,88.852501,1,2,3,4
16.8255424,0.0024528,0.231506,9.892527,-0.134596,9.896151,90.779297,88.659409,1,2,3,4
16.8279934,0.002451,0.279362,9.894919,-0.120239,9.899592,90.695923,88.382805,1,2,3,4
16.8304462,0.0024528,0.269791,9.909277,-0.105882,9.913514,90.611969,88.440445,1,2,3,4
16.8328991,0.0024529,0.260219,9.890134,-0.101097,9.894073,90.585457,88.492836,1,2,3,4
16.8353519,0.0024528,0.267398,9.890134,-0.129811,9.8946,90.751701,88.451279,1,2,3,4
16.8378029,0.002451,0.276969,9.904491,-0.182453,9.910043,91.054924,88.398201,1,2,3,4
16.8402557,0.0024528,0.291326,9.87817,-0.172881,9.883977,91.002213,88.31073,1,2,3,4
16.8427067,0.002451,0.279362,9.890134,-0.16331,9.895427,90.945633,88.382019,1,2,3,4
16.8451595,0.0024528,0.241077,9.866206,-0.14656,9.870239,90.8508,88.600281,1,2,3,4
16.8476124,0.0024529,0.250648,9.892527,-0.18006,9.89734,91.042427,88.548599,1,2,3,4
16.8500633,0.0024509,0.229113,9.87817,-0.201595,9.882883,91.168823,88.671326,1,2,3,4
16.8525162,0.0024529,0.217149,9.866206,-0.177667,9.870194,91.031403,88.739159,1,2,3,4
16.854969,0.0024528,0.238684,9.887741,-0.158524,9.891891,90.918243,88.61718,1,2,3,4
16.8574219,0.0024529,0.236291,9.890134,-0.177667,9.894551,91.028862,88.631371,1,2,3,4
16.8598747,0.0024528,0.231506,9.882956,-0.14656,9.886753,90.84938,88.658104,1,2,3,4
16.8623257,0.002451,0.207577,9.904491,-0.165703,9.908052,90.95826,88.799377,1,2,3,4
16.8647785,0.0024528,0.233898,9.849456,-0.089133,9.852635,90.518341,88.639633,1,2,3,4
16.8672314,0.0024529,0.233898,9.902099,-0.06999,9.905108,90.404861,88.646866,1,2,3,4
16.8696842,0.0024528,0.219541,9.868599,-0.072383,9.871305,90.420135,88.725578,1,2,3,4
16.8721371,0.0024529,0.281755,9.859028,-0.046062,9.86316,90.267578,88.363029,1,2,3,4
16.874588,0.0024509,0.257827,9.854242,-0.046062,9.857722,90.267723,88.501251,1,2,3,4
16.8770409,0.0024529,0.272184,9.866206,-0.031705,9.870011,90.184052,88.419754,1,2,3,4
16.8794937,0.0024528,0.255434,9.882956,-0.046062,9.886363,90.266953,88.51947,1,2,3,4
16.8819466,0.0024529,0.284148,9.859028,-0.067597,9.863354,90.39267,88.349129,1,2,3,4
16.8843994,0.0024528,0.329611,9.87817,-0.034098,9.883726,90.197662,88.088882,1,2,3,4
16.8868504,0.002451,0.262612,9.87817,-0.05324,9.881804,90.308693,88.477142,1,2,3,4
16.8893032,0.0024528,0.262612,9.856635,-0.007777,9.860136,90.045189,88.473816,1,2,3,4
16.8917542,0.002451,0.24347,9.870992,-0.060419,9.874179,90.350586,88.587074,1,2,3,4
16.894207,0.0024528,0.267398,9.882956,-0.077169,9.886874,90.447205,88.450157,1,2,3,4
16.8966599,0.0024529,0.24347,9.91167,-0.096311,9.915128,90.556557,88.592873,1,2,3,4
16.8991127,0.0024528,0.269791,9.918848,-0.058026,9.922686,90.33506,88.441948,1,2,3,4
16.9015636,0.0024509,0.291326,9.914063,-0.026919,9.918379,90.155502,88.316841,1,2,3,4
16.9040165,0.0024529,0.241077,9.914063,-0.058026,9.917163,90.335243,88.607033,1,2,3,4
16.9064693,0.0024528,0.20997,9.885348,-0.160917,9.888887,90.932388,88.783188,1,2,3,4
16.9089222,0.0024529,0.221934,9.902099,-0.141775,9.905601,90.820076,88.716049,1,2,3,4
16.9113731,0.0024509,0.267398,9.909277,-0.08674,9.913263,90.501335,88.454269,1,2,3,4
16.9138279,0.0024548,0.274576,9.875777,-0.089133,9.879995,90.516899,88.407417,1,2,3,4
16.9162807,0.0024528,0.262612,9.918848,-0.074776,9.922606,90.431778,88.483383,1,2,3,4
16.9187317,0.002451,0.274576,9.882956,-0.079561,9.88709,90.461067,88.408569,1,2,3,4
16.9211845,0.0024528,0.257827,9.849456,-0.067597,9.853062,90.393082,88.500526,1,2,3,4
16.9236355,0.002451,0.229113,9.882956,-0.067597,9.885842,90.391777,88.671974,1,2,3,4
16.9260883,0.0024528,0.250648,9.880563,-0.08674,9.884122,90.502815,88.546844,1,2,3,4
16.9285393,0.002451,0.245863,9.859028,-0.093918,9.86254,90.545624,88.571465,1,2,3,4
16.9309921,0.0024528,0.262612,9.842278,-0.113061,9.84643,90.657906,88.471596,1,2,3,4
16.933445,0.0024529,0.279362,9.885348,-0.132203,9.890179,90.765907,88.381241,1,2,3,4
16.9358959,0.0024509,0.231506,9.849456,-0.125025,9.852969,90.727051,88.653542,1,2,3,4
16.9383488,0.0024529,0.236291,9.866206,-0.127418,9.869858,90.7397,88.628052,1,2,3,4
16.9407997,0.0024509,0.229113,9.870992,-0.113061,9.874297,90.656052,88.670364,1,2,3,4
16.9432507,0.002451,0.221934,9.854242,-0.136989,9.857694,90.796249,88.709816,1,2,3,4
16.9457035,0.0024528,0.241077,9.861421,-0.156132,9.865602,90.906792,88.599602,1,2,3,4
16.9481564,0.0024529,0.257827,9.84467,-0.134596,9.848966,90.783028,88.499794,1,2,3,4
16.9506073,0.0024509,0.276969,9.832706,-0.098704,9.837102,90.574905,88.386513,1,2,3,4
16.9530602,0.0024529,0.279362,9.849456,-0.08674,9.853799,90.504364,88.375343,1,2,3,4
16.9555111,0.0024509,0.267398,9.830314,-0.122632,9.834715,90.714455,88.441864,1,2,3,4
16.957962,0.0024509,0.269791,9.830314,-0.091525,9.834441,90.533241,88.427925,1,2,3,4
16.9604149,0.0024529,0.300897,9.811171,-0.022134,9.815808,90.129196,88.243355,1,2,3,4
16.9628677,0.0024528,0.255434,9.811171,-0.084347,9.814857,90.492393,88.508644,1,2,3,4
16.9653187,0.002451,0.221934,9.792028,-0.144168,9.795604,90.843285,88.701622,1,2,3,4
16.9677715,0.0024528,0.221934,9.787243,-0.129811,9.79062,90.759689,88.700989,1,2,3,4
16.9702244,0.0024529,0.236291,9.811171,-0.084347,9.814379,90.492416,88.620361,1,2,3,4
16.9726772,0.0024528,0.176471,9.806385,-0.101097,9.808494,90.590561,88.969048,1,2,3,4
16.9751282,0.002451,0.20997,9.782457,-0.110668,9.785336,90.648003,88.770393,1,2,3,4
16.977581,0.0024528,0.22672,9.808778,-0.08674,9.811781,90.506523,88.675903,1,2,3,4
16.9800339,0.0024529,0.245863,9.808778,-0.091525,9.812285,90.534439,88.564148,1,2,3,4
16.9824848,0.0024509,0.19322,9.770494,-0.10349,9.772951,90.606735,88.867073,1,2,3,4
16.9849358,0.002451,0.212363,9.830314,-0.117847,9.833313,90.686676,88.762436,1,2,3,4
16.9873886,0.0024528,0.253041,9.823135,-0.091525,9.82682,90.533653,88.524406,1,2,3,4
16.9898396,0.002451,0.305683,9.806385,-0.10349,9.811694,90.60434,88.214561,1,2,3,4
16.9922924,0.0024528,0.308076,9.81835,-0.081954,9.823524,90.478004,88.202789,1,2,3,4
16.9947453,0.0024529,0.267398,9.792028,-0.081954,9.796021,90.479347,88.435768,1,2,3,4
16.9971981,0.0024528,0.265005,9.799207,-0.113061,9.803441,90.660797,88.450897,1,2,3,4
16.999649,0.0024509,0.276969,9.772886,-0.113061,9.777464,90.662552,88.37664,1,2,3,4
17.0021019,0.0024529,0.260219,9.789636,-0.101097,9.793615,90.591461,88.477371,1,2,3,4
17.0045528,0.0024509,0.255434,9.782457,-0.115454,9.786472,90.675949,88.504265,1,2,3,4
17.0070057,0.0024529,0.248255,9.792028,-0.141775,9.796201,90.829239,88.547699,1,2,3,4
17.0094566,0.0024509,0.238684,9.782457,-0.158524,9.786653,90.928116,88.60231,1,2,3,4
17.0119095,0.0024529,0.238684,9.794421,-0.122632,9.798097,90.717125,88.604012,1,2,3,4
17.0143623,0.0024528,0.238684,9.770494,-0.113061,9.774062,90.662781,88.600594,1,2,3,4
17.0168133,0.002451,0.205185,9.770494,-0.165703,9.774053,90.971405,88.796944,1,2,3,4
17.0192661,0.0024528,0.231506,9.794421,-0.206381,9.799331,91.206779,88.645981,1,2,3,4
17.021719,0.0024529,0.229113,9.782457,-0.187238,9.786931,91.096222,88.658333,1,2,3,4
17.0241699,0.0024509,0.212363,9.806385,-0.165703,9.810083,90.967834,88.759422,1,2,3,4
17.0266228,0.0024529,0.255434,9.811171,-0.105882,9.815066,90.618103,88.508644,1,2,3,4
17.0290737,0.0024509,0.22672,9.811171,-0.127418,9.814617,90.743858,88.676224,1,2,3,4
17.0315266,0.0024529,0.24347,9.813564,-0.10349,9.81713,90.604012,88.578812,1,2,3,4
17.0339794,0.0024528,0.248255,9.782457,-0.120239,9.786345,90.703979,88.54628,1,2,3,4
17.0364304,0.002451,0.22672,9.763314,-0.177667,9.767562,91.042236,88.669739,1,2,3,4
17.0388832,0.0024528,0.178863,9.792028,-0.093918,9.794112,90.549431,88.953537,1,2,3,4
17.0413361,0.0024529,0.181256,9.741779,-0.089133,9.743873,90.524124,88.934074,1,2,3,4
17.043787,0.0024509,0.190828,9.725029,-0.077169,9.727207,90.454544,88.87587,1,2,3,4
17.0462379,0.0024509,0.200399,9.794421,-0.158524,9.797753,90.927071,88.827866,1,2,3,4
17.0486908,0.0024529,0.19322,9.765707,-0.144168,9.768682,90.845612,88.866516,1,2,3,4
17.0511436,0.0024528,0.171685,9.753743,-0.10349,9.755803,90.607803,88.991585,1,2,3,4
17.0535965,0.0024529,0.176471,9.775279,-0.108275,9.777472,90.634506,88.965767,1,2,3,4
17.0560493,0.0024528,0.212363,9.756136,-0.115454,9.75913,90.677841,88.753029,1,2,3,4
17.0585003,0.002451,0.164507,9.758529,-0.132203,9.760811,90.776054,89.034218,1,2,3,4
17.0609531,0.0024528,0.181256,9.763314,-0.158524,9.766283,90.930054,88.936424,1,2,3,4
17.063406,0.0024529,0.229113,9.792028,-0.132203,9.795601,90.7733,88.659645,1,2,3,4
17.0658569,0.0024509,0.248255,9.792028,-0.127418,9.796003,90.745277,88.547699,1,2,3,4
17.0683098,0.0024529,0.262612,9.78485,-0.136989,9.789332,90.801804,88.462624,1,2,3,4
17.0707607,0.0024509,0.260219,9.760921,-0.113061,9.765043,90.663391,88.472893,1,2,3,4
17.0732136,0.0024529,0.260219,9.792028,-0.08674,9.795869,90.507347,88.477745,1,2,3,4
17.0756645,0.0024509,0.262612,9.756136,-0.007777,9.759673,90.045654,88.458107,1,2,3,4
17.0781174,0.0024529,0.22672,9.758529,-0.007777,9.761165,90.045647,88.669083,1,2,3,4
17.0805702,0.0024528,0.233898,9.775279,-0.043669,9.778174,90.255882,88.629311,1,2,3,4
17.0830212,0.002451,0.212363,9.765707,-0.098704,9.768515,90.578941,88.754257,1,2,3,4
17.085474,0.0024528,0.219541,9.75135,-0.048455,9.753942,90.28463,88.710266,1,2,3,4
17.087925,0.002451,0.231506,9.775279,-0.060419,9.778207,90.354027,88.643333,1,2,3,4
17.0903778,0.0024528,0.169292,9.775279,-0.055633,9.776904,90.326027,89.007828,1,2,3,4
17.0928288,0.002451,0.224327,9.799207,-0.031705,9.801826,90.185326,88.688591,1,2,3,4
17.0952816,0.0024528,0.198006,9.839885,-0.06999,9.842126,90.407448,88.847206,1,2,3,4
17.0977345,0.0024529,0.214756,9.803992,-0.072383,9.806611,90.422905,88.74514,1,2,3,4
17.1001854,0.0024509,0.245863,9.825528,-0.05324,9.828748,90.310364,88.566597,1,2,3,4
17.1026382,0.0024528,0.248255,9.813564,-0.022134,9.816729,90.129181,88.550888,1,2,3,4
17.1050892,0.002451,0.262612,9.813564,-0.084347,9.81744,90.492264,88.467125,1,2,3,4
17.107542,0.0024528,0.224327,9.827921,-0.096311,9.830953,90.561317,88.692421,1,2,3,4
17.1099949,0.0024529,0.231506,9.815957,-0.058026,9.818858,90.3386,88.648949,1,2,3,4
17.1124477,0.0024528,0.219541,9.811171,-0.065204,9.813843,90.380684,88.718124,1,2,3,4
17.1149006,0.0024529,0.231506,9.799207,-0.089133,9.802346,90.520996,88.646645,1,2,3,4
17.1173515,0.0024509,0.214756,9.815957,-0.048455,9.818425,90.282761,88.746666,1,2,3,4
17.1198044,0.0024529,0.238684,9.811171,-0.017348,9.814089,90.10128,88.606392,1,2,3,4
17.1222553,0.0024509,0.20997,9.825528,-0.081954,9.828113,90.477783,88.77578,1,2,3,4
17.1247082,0.0024529,0.202792,9.772886,-0.079561,9.775314,90.466339,88.811256,1,2,3,4
17.127161,0.0024528,0.245863,9.806385,-0.134596,9.81039,90.78611,88.563797,1,2,3,4
17.129612,0.002451,0.202792,9.823135,-0.10349,9.825773,90.603477,88.817337,1,2,3,4
17.1320648,0.0024528,0.20997,9.866206,-0.139382,9.869425,90.809189,88.78083,1,2,3,4
17.1345158,0.002451,0.241077,9.839885,-0.144168,9.843893,90.839149,88.596535,1,2,3,4
17.1369686,0.0024528,0.257827,9.868599,-0.096311,9.872437,90.55896,88.503433,1,2,3,4
17.1394196,0.002451,0.267398,9.863813,-0.074776,9.867721,90.434181,88.447151,1,2,3,4
17.1418724,0.0024528,0.269791,9.832706,-0.10349,9.836951,90.602791,88.428307,1,2,3,4
17.1443253,0.0024529,0.233898,9.861421,-0.108275,9.864789,90.628883,88.641281,1,2,3,4
17.1467762,0.0024509,0.269791,9.825528,-0.105882,9.829802,90.61718,88.427162,1,2,3,4
17.149229,0.0024528,0.181256,9.866206,-0.091525,9.868296,90.53141,88.94751,1,2,3,4
17.1516819,0.0024529,0.241077,9.861421,-0.029312,9.864411,90.170258,88.599602,1,2,3,4
17.1541348,0.0024529,0.255434,9.847063,-0.06999,9.850624,90.407097,88.514076,1,2,3,4
17.1565876,0.0024528,0.245863,9.861421,-0.105882,9.865053,90.614975,88.571808,1,2,3,4
17.1590405,0.0024529,0.241077,9.875777,-0.074776,9.879003,90.433685,88.601631,1,2,3,4
17.1614914,0.0024509,0.22672,9.854242,-0.113061,9.857498,90.657173,88.682007,1,2,3,4
17.1639442,0.0024528,0.231506,9.890134,-0.125025,9.893633,90.72406,88.659081,1,2,3,4
17.1663952,0.002451,0.279362,9.906884,-0.084347,9.911181,90.48761,88.384758,1,2,3,4
17.168848,0.0024528,0.245863,9.914063,-0.117847,9.91781,90.680824,88.579391,1,2,3,4
17.1713009,0.0024529,0.22672,9.949955,-0.141775,9.953547,90.816132,88.694679,1,2,3,4
17.1737537,0.0024528,0.24347,9.952348,-0.115454,9.955995,90.664436,88.598625,1,2,3,4
17.1762066,0.0024529,0.236291,9.916455,-0.098704,9.919761,90.570114,88.635002,1,2,3,4
17.1786594,0.0024528,0.265005,9.892527,-0.091525,9.896499,90.529892,88.465508,1,2,3,4
17.1811123,0.0024529,0.269791,9.897313,-0.101097,9.901505,90.585014,88.43856,1,2,3,4
17.1835651,0.0024528,0.265005,9.947562,-0.122632,9.951847,90.706047,88.473991,1,2,3,4
17.1860161,0.002451,0.284148,9.933205,-0.136989,9.938212,90.789795,88.36145,1,2,3,4
17.1884708,0.0024547,0.245863,9.954741,-0.117847,9.958473,90.67804,88.585197,1,2,3,4
17.1909218,0.002451,0.248255,9.923634,-0.10349,9.927278,90.597305,88.566956,1,2,3,4
17.1933746,0.0024528,0.260219,9.892527,-0.108275,9.896541,90.626869,88.493202,1,2,3,4
17.1958275,0.0024529,0.272184,9.875777,-0.151346,9.880686,90.877655,88.421288,1,2,3,4
17.1982803,0.0024528,0.279362,9.904491,-0.096311,9.908898,90.556908,88.384369,1,2,3,4
17.2007313,0.002451,0.257827,9.933205,-0.105882,9.937114,90.610512,88.513161,1,2,3,4
17.2031822,0.0024509,0.224327,9.899706,-0.117847,9.902948,90.681847,88.701904,1,2,3,4
17.205637,0.0024548,0.257827,9.930812,-0.117847,9.934857,90.679657,88.512802,1,2,3,4
17.2080879,0.0024509,0.253041,9.928419,-0.096311,9.932111,90.555603,88.540047,1,2,3,4
17.2105408,0.0024529,0.241077,9.959526,-0.093918,9.962886,90.540123,88.613388,1,2,3,4
17.2129955,0.0024547,0.219541,9.957133,-0.151346,9.960703,90.870605,88.736908,1,2,3,4
17.2154465,0.002451,0.224327,9.952348,-0.192024,9.956727,91.105064,88.708763,1,2,3,4
17.2178974,0.0024509,0.255434,9.935597,-0.091525,9.939301,90.527611,88.527313,1,2,3,4
17.2203522,0.0024548,0.238684,9.978668,-0.084347,9.981879,90.484154,88.629776,1,2,3,4
17.2228031,0.0024509,0.221934,9.973883,-0.105882,9.976913,90.608078,88.725288,1,2,3,4
17.2252541,0.002451,0.24347,9.966704,-0.10349,9.970215,90.594734,88.600639,1,2,3,4
17.2277088,0.0024547,0.231506,9.93799,-0.108275,9.941277,90.624046,88.665535,1,2,3,4
17.2301598,0.002451,0.20997,9.930812,-0.151346,9.934184,90.872925,88.788757,1,2,3,4
17.2326126,0.0024528,0.22672,9.930812,-0.091525,9.933821,90.527901,88.692169,1,2,3,4
17.2350636,0.002451,0.217149,9.894919,-0.048455,9.897421,90.280502,88.742821,1,2,3,4
17.2375183,0.0024547,0.219541,9.918848,-0.122632,9.922035,90.708168,88.732033,1,2,3,4
17.2399693,0.002451,0.212363,9.887741,-0.127418,9.890842,90.738129,88.769623,1,2,3,4
17.2424221,0.0024528,0.214756,9.861421,-0.108275,9.864353,90.628914,88.752449,1,2,3,4
17.244875,0.0024529,0.233898,9.885348,-0.058026,9.888285,90.33622,88.644569,1,2,3,4
17.2473259,0.0024509,0.224327,9.882956,-0.062812,9.885701,90.364044,88.699699,1,2,3,4
17.2497787,0.0024528,0.22672,9.882956,-0.127418,9.886377,90.738464,88.685837,1,2,3,4
17.2522316,0.0024529,0.250648,9.906884,-0.144168,9.911103,90.833458,88.550705,1,2,3,4
17.2546844,0.0024528,0.279362,9.906884,-0.089133,9.911222,90.515274,88.384758,1,2,3,4
17.2571354,0.002451,0.265005,9.899706,-0.096311,9.903721,90.557198,88.466614,1,2,3,4
17.2595882,0.0024528,0.267398,9.916455,-0.134596,9.920973,90.777344,88.455391,1,2,3,4
17.2620411,0.0024529,0.245863,9.902099,-0.129811,9.906001,90.750839,88.577675,1,2,3,4
17.264492,0.0024509,0.22672,9.880563,-0.153739,9.884359,90.891197,88.685516,1,2,3,4
17.2669449,0.0024529,0.219541,9.880563,-0.189631,9.88482,91.099236,88.727127,1,2,3,4
17.2693977,0.0024528,0.221934,9.866206,-0.156132,9.869937,90.906395,88.71138,1,2,3,4
17.2718487,0.002451,0.217149,9.851849,-0.098704,9.854736,90.573875,88.737328,1,2,3,4
17.2743015,0.0024528,0.20997,9.868599,-0.117847,9.871536,90.684013,88.781128,1,2,3,4
17.2767544,0.0024529,0.214756,9.868599,-0.136989,9.871886,90.795105,88.753349,1,2,3,4
17.2792053,0.0024509,0.229113,9.885348,-0.084347,9.888363,90.488731,88.672295,1,2,3,4
17.2816582,0.0024529,0.205185,9.902099,-0.062812,9.904424,90.363358,88.812927,1,2,3,4
17.2841091,0.0024509,0.205185,9.866206,-0.081954,9.86868,90.475815,88.808609,1,2,3,4
17.2865639,0.0024548,0.22672,9.842278,-0.10349,9.845432,90.602272,88.680405,1,2,3,4
17.2890148,0.0024509,0.236291,9.87817,-0.08674,9.881376,90.502953,88.629715,1,2,3,4
17.2914658,0.002451,0.231506,9.897313,-0.08674,9.9004,90.501991,88.660049,1,2,3,4
17.2939186,0.0024528,0.257827,9.880563,-0.043669,9.884023,90.253143,88.505241,1,2,3,4
17.2963715,0.0024529,0.265005,9.854242,-0.072383,9.858071,90.4207,88.459549,1,2,3,4
17.2988224,0.0024509,0.20997,9.851849,-0.043669,9.854183,90.253906,88.779053,1,2,3,4
17.3012733,0.0024509,0.181256,9.851849,-0.072383,9.853782,90.420883,88.945976,1,2,3,4
17.3037262,0.0024529,0.207577,9.835099,-0.055633,9.837447,90.32402,88.790909,1,2,3,4
17.306179,0.0024528,0.190828,9.823135,-0.091525,9.825415,90.53373,88.887093,1,2,3,4
17.30863,0.002451,0.186042,9.7681,-0.122632,9.770641,90.719147,88.908882,1,2,3,4
17.3110828,0.0024528,0.200399,9.787243,-0.105882,9.789866,90.619698,88.827003,1,2,3,4
17.3135357,0.0024529,0.22672,9.780065,-0.079561,9.783016,90.465965,88.672012,1,2,3,4
17.3159866,0.0024509,0.238684,9.770494,-0.108275,9.774008,90.634727,88.600594,1,2,3,4
17.3184376,0.002451,0.212363,9.782457,-0.108275,9.785361,90.633995,88.756386,1,2,3,4
17.3208923,0.0024547,0.205185,9.780065,-0.156132,9.783463,90.914406,88.798119,1,2,3,4
17.3233433,0.002451,0.221934,9.775279,-0.168096,9.779243,90.984909,88.699402,1,2,3,4
17.3257942,0.0024509,0.219541,9.808778,-0.10349,9.81178,90.60434,88.717812,1,2,3,4
17.328249,0.0024548,0.265005,9.777672,-0.105882,9.781836,90.620201,88.447487,1,2,3,4
17.3306999,0.0024509,0.229113,9.777672,-0.156132,9.781602,90.914581,88.657677,1,2,3,4
17.3331528,0.0024529,0.233898,9.813564,-0.199202,9.818373,91.162537,88.634659,1,2,3,4
17.3356056,0.0024528,0.219541,9.760921,-0.127418,9.764221,90.747704,88.711525,1,2,3,4
17.3380566,0.002451,0.236291,9.8016,-0.134596,9.805371,90.786514,88.619011,1,2,3,4
17.3405075,0.0024509,0.24347,9.789636,-0.122632,9.79343,90.717468,88.57534,1,2,3,4
17.3429604,0.0024529,0.19322,9.753743,-0.108275,9.756258,90.63588,88.865128,1,2,3,4
17.3454132,0.0024528,0.190828,9.777672,-0.08674,9.779919,90.508171,88.88192,1,2,3,4
17.3478642,0.002451,0.238684,9.770494,-0.096311,9.773883,90.564598,88.600594,1,2,3,4
17.350317,0.0024528,0.221934,9.734601,-0.115454,9.737815,90.679329,88.69397,1,2,3,4
17.3527699,0.0024529,0.241077,9.744172,-0.091525,9.747583,90.537987,88.582756,1,2,3,4
17.3552208,0.0024509,0.217149,9.739387,-0.058026,9.74198,90.34127,88.722748,1,2,3,4
17.3576717,0.0024509,0.253041,9.710672,-0.081954,9.714314,90.483376,88.507324,1,2,3,4
17.3601227,0.002451,0.257827,9.753743,-0.067597,9.757384,90.396935,88.485817,1,2,3,4
17.3625755,0.0024528,0.248255,9.758529,-0.026919,9.761724,90.158005,88.542717,1,2,3,4
17.3650284,0.0024529,0.245863,9.7681,-0.096311,9.771668,90.564728,88.558174,1,2,3,4
17.3674793,0.0024509,0.231506,9.756136,-0.079561,9.759207,90.467102,88.640671,1,2,3,4
17.3699322,0.0024529,0.24347,9.741779,-0.065204,9.74504,90.383369,88.568344,1,2,3,4
17.3723831,0.0024509,0.20997,9.744172,-0.077169,9.74674,90.453636,88.765564,1,2,3,4
17.374836,0.0024529,0.245863,9.75135,-0.139382,9.755445,90.818649,88.555695,1,2,3,4
17.3772869,0.0024509,0.241077,9.760921,-0.165703,9.765305,90.972275,88.58519,1,2,3,4
17.3797417,0.0024548,0.229113,9.734601,-0.074776,9.737584,90.43998,88.651741,1,2,3,4
17.3821926,0.0024509,0.236291,9.758529,-0.117847,9.7621,90.691681,88.612923,1,2,3,4
17.3846436,0.002451,0.248255,9.753743,-0.175274,9.758476,91.02916,88.542007,1,2,3,4
17.3870964,0.0024528,0.267398,9.763314,-0.153739,9.768186,90.901802,88.431175,1,2,3,4
17.3895493,0.0024529,0.253041,9.736994,-0.129811,9.741147,90.76355,88.511353,1,2,3,4
17.3920002,0.0024509,0.262612,9.772886,-0.165703,9.777818,90.971031,88.460747,1,2,3,4
17.394455,0.0024548,0.238684,9.734601,-0.156132,9.738778,90.918602,88.595436,1,2,3,4
17.3969059,0.0024509,0.224327,9.753743,-0.117847,9.757034,90.692039,88.68248,1,2,3,4
17.3993568,0.0024509,0.267398,9.765707,-0.113061,9.770021,90.663055,88.431557,1,2,3,4
17.4018078,0.002451,0.269791,9.78485,-0.117847,9.789278,90.689758,88.420624,1,2,3,4
17.4042625,0.0024547,0.260219,9.799207,-0.108275,9.803259,90.632835,88.478859,1,2,3,4
17.4067135,0.002451,0.308076,9.763314,-0.06999,9.768424,90.410522,88.192665,1,2,3,4
17.4091644,0.0024509,0.236291,9.794421,-0.089133,9.797676,90.521248,88.618004,1,2,3,4
17.4116192,0.0024548,0.274576,9.760921,-0.093918,9.765234,90.551056,88.388687,1,2,3,4
17.4140701,0.0024509,0.272184,9.777672,-0.067597,9.781693,90.39595,88.405457,1,2,3,4
17.416523,0.0024529,0.253041,9.799207,-0.074776,9.802759,90.437057,88.520805,1,2,3,4
17.4189739,0.0024509,0.233898,9.799207,-0.089133,9.802403,90.520996,88.63266,1,2,3,4
17.4214268,0.0024529,0.231506,9.796814,-0.101097,9.800071,90.591072,88.646309,1,2,3,4
17.4238777,0.0024509,0.236291,9.756136,-0.084347,9.759361,90.495193,88.612579,1,2,3,4
17.4263287,0.002451,0.253041,9.78485,-0.113061,9.788774,90.661781,88.518631,1,2,3,4
17.4287834,0.0024547,0.269791,9.777672,-0.091525,9.781821,90.53611,88.419464,1,2,3,4
17.4312344,0.002451,0.245863,9.787243,-0.058026,9.790503,90.339577,88.560989,1,2,3,4
17.4336853,0.0024509,0.245863,9.782457,-0.036491,9.785615,90.213654,88.560287,1,2,3,4
17.4361362,0.0024509,0.262612,9.782457,-0.019741,9.786001,90.115578,88.46225,1,2,3,4
17.438591,0.0024548,0.238684,9.837492,-0.010169,9.840392,90.059212,88.610123,1,2,3,4
17.4410419,0.0024509,0.272184,9.808778,0.020937,9.812575,89.877747,88.410507,1,2,3,4
17.4434929,0.002451,0.241077,9.854242,-0.038883,9.857267,90.226013,88.598579,1,2,3,4
17.4459457,0.0024528,0.286541,9.815957,-0.060419,9.820324,90.352509,88.327934,1,2,3,4
17.4483986,0.0024529,0.281755,9.859028,-0.038883,9.86313,90.225876,88.363029,1,2,3,4
17.4508495,0.0024509,0.267398,9.84467,-0.043669,9.848398,90.254059,88.44413,1,2,3,4
17.4533005,0.002451,0.265005,9.866206,-0.036491,9.869832,90.21183,88.461411,1,2,3,4
17.4557533,0.0024528,0.212363,9.849456,-0.089133,9.852148,90.518364,88.764847,1,2,3,4
17.4582062,0.0024529,0.231506,9.885348,-0.041276,9.888144,90.239174,88.658432,1,2,3,4
17.4606571,0.0024509,0.255434,9.902099,-0.000598,9.905393,90.003464,88.522331,1,2,3,4
17.46311,0.0024529,0.245863,9.851849,-0.038883,9.854993,90.226067,88.570427,1,2,3,4
17.4655628,0.0024528,0.200399,9.87817,-0.093918,9.880649,90.544617,88.837799,1,2,3,4
17.4680138,0.002451,0.255434,9.870992,-0.002991,9.874296,90.017357,88.517677,1,2,3,4
17.4704647,0.0024509,0.286541,9.904491,-0.034098,9.908694,90.197166,88.342873,1,2,3,4
17.4729195,0.0024548,0.250648,9.916455,-0.034098,9.919681,90.196945,88.552101,1,2,3,4
17.4753704,0.0024509,0.262612,9.914063,-0.05324,9.917683,90.307579,88.482651,1,2,3,4
17.4778214,0.002451,0.267398,9.902099,-0.036491,9.905776,90.211067,88.453148,1,2,3,4
17.4802742,0.0024528,0.274576,9.914063,-0.038883,9.91794,90.224632,88.413559,1,2,3,4
17.4827271,0.0024529,0.236291,9.894919,-0.108275,9.898333,90.626755,88.632034,1,2,3,4
17.485178,0.0024509,0.248255,9.918848,-0.125025,9.922742,90.721939,88.566261,1,2,3,4
17.4876328,0.0024548,0.236291,9.863813,-0.134596,9.867561,90.781555,88.627724,1,2,3,4
17.4900837,0.0024509,0.212363,9.91167,-0.081954,9.914283,90.473625,88.772591,1,2,3,4
17.4925346,0.0024509,0.219541,9.892527,-0.043669,9.895059,90.252861,88.728661,1,2,3,4
17.4949856,0.002451,0.195613,9.906884,-0.084347,9.909174,90.487709,88.868828,1,2,3,4
17.4974384,0.0024528,0.169292,9.897313,-0.074776,9.899044,90.432808,89.020058,1,2,3,4
17.4998894,0.002451,0.174078,9.868599,-0.10349,9.870677,90.600731,88.989433,1,2,3,4
17.5023422,0.0024528,0.217149,9.930812,-0.072383,9.93345,90.417503,88.74736,1,2,3,4
17.5047951,0.0024529,0.174078,9.892527,-0.062812,9.894258,90.363731,88.991875,1,2,3,4
17.5072479,0.0024528,0.207577,9.892527,-0.098704,9.895197,90.571533,88.797928,1,2,3,4
17.5096989,0.002451,0.250648,9.902099,-0.156132,9.906501,90.903046,88.550003,1,2,3,4
17.5121498,0.0024509,0.265005,9.882956,-0.14656,9.887594,90.849304,88.46402,1,2,3,4
17.5146046,0.0024548,0.257827,9.914063,-0.139382,9.918394,90.805199,88.510292,1,2,3,4
17.5170555,0.0024509,0.288933,9.921241,-0.139382,9.926426,90.804543,88.331863,1,2,3,4
17.5195065,0.002451,0.253041,9.87817,-0.129811,9.882263,90.75264,88.532623,1,2,3,4
17.5219612,0.0024547,0.267398,9.870992,-0.136989,9.875564,90.794807,88.44828,1,2,3,4
17.5244122,0.002451,0.248255,9.899706,-0.108275,9.90341,90.626434,88.563492,1,2,3,4
17.5268631,0.0024509,0.269791,9.902099,-0.158524,9.907042,90.91684,88.439316,1,2,3,4
17.5293159,0.0024528,0.195613,9.899706,-0.136989,9.902586,90.792633,88.868011,1,2,3,4
17.5317688,0.0024529,0.221934,9.892527,-0.148953,9.896137,90.862427,88.714813,1,2,3,4
17.5342197,0.0024509,0.219541,9.902099,-0.165703,9.905918,90.958473,88.729889,1,2,3,4
17.5366726,0.0024529,0.186042,9.904491,-0.153739,9.907432,90.889122,88.923904,1,2,3,4
17.5391254,0.0024528,0.164507,9.923634,-0.151346,9.92615,90.873634,89.050278,1,2,3,4
17.5415764,0.002451,0.217149,9.926026,-0.127418,9.929219,90.735275,88.746758,1,2,3,4
17.5440292,0.0024528,0.19322,9.916455,-0.148953,9.919456,90.860405,88.883743,1,2,3,4
17.5464821,0.0024529,0.20997,9.91167,-0.105882,9.914459,90.611908,88.786423,1,2,3,4
17.548933,0.0024509,0.214756,9.918848,-0.067597,9.921403,90.390373,88.759666,1,2,3,4
17.5513859,0.0024529,0.221934,9.909277,-0.05324,9.911905,90.307755,88.71698,1,2,3,4
17.5538368,0.0024509,0.20997,9.882956,-0.091525,9.88561,90.530479,88.782898,1,2,3,4
17.5562916,0.0024548,0.229113,9.887741,-0.084347,9.890755,90.488617,88.672615,1,2,3,4
17.5587425,0.0024509,0.221934,9.87817,-0.065204,9.880877,90.378098,88.712944,1,2,3,4
17.5611935,0.002451,0.24347,9.880563,-0.084347,9.883923,90.488953,88.588448,1,2,3,4
17.5636482,0.0024547,0.221934,9.849456,-0.096311,9.852427,90.560097,88.70919,1,2,3,4
17.5660992,0.002451,0.238684,9.859028,-0.158524,9.863191,90.920914,88.613159,1,2,3,4
17.568552,0.0024528,0.20997,9.880563,-0.105882,9.883361,90.613831,88.7826,1,2,3,4
17.5710049,0.0024529,0.229113,9.861421,-0.148953,9.865207,90.865135,88.669075,1,2,3,4
17.5734577,0.0024528,0.19322,9.847063,-0.177667,9.850561,91.033455,88.875877,1,2,3,4
17.5759087,0.002451,0.202792,9.873384,-0.18006,9.877109,91.044563,88.823357,1,2,3,4
17.5783596,0.0024509,0.186042,9.868599,-0.182453,9.872039,91.05899,88.919991,1,2,3,4
17.5808144,0.0024548,0.22672,9.863813,-0.19681,9.868382,91.142754,88.683289,1,2,3,4
17.5832653,0.0024509,0.212363,9.851849,-0.113061,9.854786,90.657349,88.765144,1,2,3,4
17.5857162,0.0024509,0.207577,9.859028,-0.08674,9.861594,90.503967,88.793839,1,2,3,4
17.588171,0.0024548,0.219541,9.861421,-0.122632,9.864626,90.712288,88.724655,1,2,3,4
17.5906219,0.0024509,0.202792,9.854242,-0.172881,9.857844,91.004875,88.821068,1,2,3,4
17.5930748,0.0024529,0.205185,9.87817,-0.160917,9.881611,90.933075,88.810051,1,2,3,4
17.5955296,0.0024548,0.262612,9.870992,-0.141775,9.875503,90.822578,88.476036,1,2,3,4
17.5979805,0.0024509,0.241077,9.847063,-0.189631,9.851839,91.102913,88.597557,1,2,3,4
17.6004333,0.0024528,0.217149,9.856635,-0.184846,9.86076,91.074104,88.737938,1,2,3,4
17.6028843,0.002451,0.24347,9.820743,-0.160917,9.825078,90.938446,88.579849,1,2,3,4
17.6053371,0.0024528,0.219541,9.782457,-0.151346,9.786091,90.886139,88.714363,1,2,3,4
17.60779,0.0024529,0.195613,9.815957,-0.16331,9.819264,90.952965,88.858353,1,2,3,4
17.6102409,0.0024509,0.174078,9.81835,-0.199202,9.821913,91.162117,88.984261,1,2,3,4
17.6126957,0.0024548,0.176471,9.8016,-0.14656,9.804283,90.856522,88.968544,1,2,3,4
17.6151466,0.0024509,0.176471,9.813564,-0.115454,9.81583,90.673927,88.969803,1,2,3,4
17.6175976,0.002451,0.183649,9.830314,-0.151346,9.833194,90.881897,88.929726,1,2,3,4
17.6200523,0.0024547,0.205185,9.811171,-0.215952,9.815692,91.260651,88.801926,1,2,3,4
17.6225033,0.002451,0.20997,9.827921,-0.151346,9.831328,90.882057,88.776085,1,2,3,4
17.6249542,0.0024509,0.176471,9.803992,-0.134596,9.806504,90.786423,88.968796,1,2,3,4
17.6274071,0.0024529,0.207577,9.823135,-0.127418,9.826155,90.742989,88.789436,1,2,3,4
17.6298599,0.0024528,0.272184,9.849456,-0.132203,9.854103,90.768707,88.417068,1,2,3,4
17.6323128,0.0024529,0.296112,9.837492,-0.105882,9.842517,90.616379,88.275902,1,2,3,4
17.6347637,0.0024509,0.245863,9.832706,-0.077169,9.836082,90.449516,88.567642,1,2,3,4
17.6372185,0.0024548,0.195613,9.870992,-0.129811,9.873783,90.753288,88.864716,1,2,3,4
17.6396694,0.0024509,0.257827,9.856635,-0.096311,9.860476,90.559639,88.501617,1,2,3,4
17.6421204,0.002451,0.221934,9.827921,-0.079561,9.830749,90.463707,88.706367,1,2,3,4
17.6445713,0.0024509,0.205185,9.813564,-0.050847,9.815841,90.296799,88.802223,1,2,3,4
17.6470261,0.0024548,0.188435,9.839885,-0.098704,9.842184,90.574608,88.902916,1,2,3,4
17.649477,0.0024509,0.195613,9.832706,-0.096311,9.835123,90.561081,88.860298,1,2,3,4
17.6519279,0.0024509,0.214756,9.823135,-0.067597,9.825715,90.39418,88.747581,1,2,3,4
17.6543827,0.0024548,0.20997,9.873384,-0.074776,9.8759,90.433823,88.781715,1,2,3,4
17.6568336,0.0024509,0.212363,9.849456,-0.010169,9.85175,90.059143,88.764847,1,2,3,4
17.6592846,0.002451,0.24347,9.847063,-0.058026,9.850244,90.337524,88.583641,1,2,3,4
17.6617393,0.0024547,0.212363,9.835099,-0.060419,9.837577,90.351891,88.763039,1,2,3,4
17.6641903,0.002451,0.224327,9.863813,-0.038883,9.866441,90.2258,88.697182,1,2,3,4
17.6666412,0.0024509,0.205185,9.847063,-0.012562,9.849209,90.073082,88.80629,1,2,3,4
17.6690922,0.002451,0.24347,9.794421,-0.031705,9.797499,90.18541,88.576035,1,2,3,4
17.6715469,0.0024547,0.19322,9.792028,-0.043669,9.794032,90.25547,88.86956,1,2,3,4
17.6739979,0.002451,0.231506,9.792028,-0.019741,9.794785,90.115479,88.645653,1,2,3,4
17.6764507,0.0024528,0.229113,9.78485,-0.060419,9.787719,90.353683,88.658661,1,2,3,4
17.6789036,0.0024529,0.200399,9.765707,-0.072383,9.768031,90.424576,88.824417,1,2,3,4
17.6813564,0.0024528,0.250648,9.780065,-0.012562,9.783284,90.07357,88.531921,1,2,3,4
17.6838074,0.002451,0.238684,9.775279,0.020937,9.778214,89.877319,88.60128,1,2,3,4
17.6862583,0.0024509,0.171685,9.78485,-0.017348,9.786371,90.101563,88.994789,1,2,3,4
17.6887131,0.0024548,0.19322,9.772886,-0.079561,9.77512,90.466347,88.867348,1,2,3,4
17.691164,0.0024509,0.221934,9.8016,-0.055633,9.80427,90.325119,88.702896,1,2,3,4
17.693615,0.002451,0.260219,9.820743,-0.048455,9.824308,90.282593,88.482193,1,2,3,4
17.6960697,0.0024547,0.224327,9.78485,-0.113061,9.788074,90.661835,88.686668,1,2,3,4
17.6985207,0.002451,0.200399,9.796814,-0.091525,9.799291,90.535149,88.828148,1,2,3,4
17.7009716,0.0024509,0.229113,9.832706,-0.098704,9.835871,90.574982,88.665184,1,2,3,4
17.7034225,0.0024509,0.217149,9.835099,-0.093918,9.837945,90.546982,88.735176,1,2,3,4
17.7058773,0.0024548,0.224327,9.839885,-0.108275,9.843038,90.63028,88.694016,1,2,3,4
17.7083282,0.0024509,0.245863,9.820743,-0.081954,9.824162,90.477974,88.565895,1,2,3,4
17.7107792,0.002451,0.260219,9.813564,-0.108275,9.817611,90.631912,88.481087,1,2,3,4
17.713232,0.0024528,0.250648,9.782457,-0.125025,9.786467,90.731987,88.53228,1,2,3,4
17.715683,0.002451,0.241077,9.725029,-0.10349,9.728567,90.609505,88.579964,1,2,3,4
17.7181358,0.0024528,0.250648,9.7681,-0.089133,9.771722,90.522629,88.530121,1,2,3,4
17.7205887,0.0024529,0.20997,9.794421,-0.067597,9.796905,90.395332,88.771896,1,2,3,4
17.7230396,0.0024509,0.200399,9.78485,-0.079561,9.787226,90.465767,88.826714,1,2,3,4
17.7254906,0.002451,0.205185,9.820743,-0.038883,9.822963,90.226799,88.803093,1,2,3,4
17.7279434,0.0024528,0.224327,9.825528,0.004187,9.82809,89.975586,88.692108,1,2,3,4
17.7303963,0.0024529,0.20997,9.820743,-0.072383,9.823254,90.422188,88.775185,1,2,3,4
17.7328491,0.0024528,0.22672,9.799207,-0.081954,9.802172,90.479042,88.674606,1,2,3,4
17.7353001,0.002451,0.207577,9.796814,-0.060419,9.799199,90.353271,88.786186,1,2,3,4
17.7377529,0.0024528,0.24347,9.851849,-0.024526,9.854887,90.142593,88.584335,1,2,3,4
17.7402058,0.0024529,0.238684,9.842278,-0.012562,9.84518,90.073112,88.610802,1,2,3,4
17.7426586,0.0024528,0.236291,9.842278,-0.058026,9.845284,90.337692,88.624718,1,2,3,4
17.7451115,0.0024529,0.272184,9.827921,-0.019741,9.831709,90.115044,88.413605,1,2,3,4
17.7475624,0.0024509,0.238684,9.78485,-0.031705,9.787812,90.185593,88.602646,1,2,3,4
17.7500153,0.0024529,0.257827,9.830314,-0.036491,9.833762,90.212608,88.497604,1,2,3,4
17.7524662,0.0024509,0.248255,9.811171,-0.065204,9.814528,90.380653,88.550537,1,2,3,4
17.7549191,0.0024529,0.24347,9.81835,-0.074776,9.821653,90.436218,88.579506,1,2,3,4
17.7573719,0.0024528,0.245863,9.835099,-0.060419,9.838357,90.351868,88.567993,1,2,3,4
17.7598228,0.0024509,0.236291,9.863813,-0.091525,9.867067,90.531471,88.627724,1,2,3,4
17.7622757,0.0024529,0.250648,9.839885,-0.115454,9.843754,90.672012,88.54084,1,2,3,4
17.7647266,0.0024509,0.224327,9.823135,-0.091525,9.826123,90.533691,88.691788,1,2,3,4
17.7671795,0.0024529,0.20997,9.842278,-0.091525,9.844943,90.532669,88.777863,1,2,3,4
17.7696304,0.0024509,0.186042,9.873384,-0.093918,9.875584,90.544899,88.920517,1,2,3,4
17.7720833,0.0024529,0.233898,9.851849,-0.127418,9.855449,90.740776,88.639961,1,2,3,4
17.7745361,0.0024528,0.245863,9.859028,-0.129811,9.862947,90.75412,88.571465,1,2,3,4
17.7769871,0.002451,0.233898,9.866206,-0.079561,9.869299,90.461891,88.641945,1,2,3,4
17.7794418,0.0024547,0.250648,9.839885,-0.089133,9.84348,90.518822,88.54084,1,2,3,4
17.7818928,0.002451,0.207577,9.859028,-0.122632,9.861976,90.712486,88.793839,1,2,3,4
17.7843437,0.0024509,0.245863,9.825528,-0.120239,9.829339,90.700897,88.566597,1,2,3,4
17.7867985,0.0024548,0.272184,9.827921,-0.129811,9.832546,90.756447,88.413605,1,2,3,4
17.7892494,0.0024509,0.238684,9.827921,-0.115454,9.831496,90.672852,88.608772,1,2,3,4
17.7917023,0.0024529,0.219541,9.803992,-0.120239,9.807187,90.702484,88.717186,1,2,3,4
17.7941532,0.0024509,0.276969,9.796814,-0.117847,9.801436,90.688904,88.3806,1,2,3,4
17.7966061,0.0024529,0.221934,9.794421,-0.141775,9.797961,90.829086,88.701942,1,2,3,4
17.799057,0.0024509,0.212363,9.854242,-0.153739,9.857729,90.893608,88.765442,1,2,3,4
17.8015099,0.0024529,0.229113,9.859028,-0.177667,9.86329,91.03212,88.668747,1,2,3,4
17.8039627,0.0024528,0.238684,9.84467,-0.153739,9.848763,90.894424,88.611137,1,2,3,4
17.8064156,0.0024529,0.200399,9.870992,-0.144168,9.874078,90.836586,88.836952,1,2,3,4
17.8088665,0.0024509,0.233898,9.875777,-0.134596,9.879464,90.780609,88.643257,1,2,3,4
17.8113174,0.0024509,0.20997,9.866206,-0.170489,9.869913,90.989754,88.78083,1,2,3,4
17.8137703,0.0024529,0.248255,9.866206,-0.141775,9.870347,90.823006,88.558617,1,2,3,4
17.8162231,0.0024528,0.229113,9.914063,-0.132203,9.917591,90.763786,88.67614,1,2,3,4
17.8186741,0.002451,0.233898,9.887741,-0.136989,9.891456,90.793526,88.644897,1,2,3,4
17.8211288,0.0024547,0.250648,9.87817,-0.160917,9.88266,90.932976,88.546494,1,2,3,4
17.8235798,0.002451,0.238684,9.863813,-0.153739,9.867898,90.892685,88.613831,1,2,3,4
17.8260326,0.0024528,0.260219,9.87817,-0.122632,9.882358,90.711014,88.491013,1,2,3,4
17.8284855,0.0024529,0.257827,9.859028,-0.101097,9.862917,90.587303,88.501984,1,2,3,4
17.8309364,0.0024509,0.265005,9.859028,-0.081954,9.862929,90.476097,88.460289,1,2,3,4
17.8333893,0.0024529,0.267398,9.84467,-0.089133,9.848704,90.518547,88.44413,1,2,3,4
17.8358402,0.0024509,0.236291,9.849456,-0.113061,9.852939,90.657471,88.625725,1,2,3,4
17.838295,0.0024548,0.238684,9.837492,-0.127418,9.841211,90.741852,88.610123,1,2,3,4
17.8407459,0.0024509,0.229113,9.837492,-0.136989,9.841113,90.797585,88.66584,1,2,3,4
17.8431969,0.002451,0.238684,9.830314,-0.105882,9.833781,90.616928,88.609108,1,2,3,4
17.8456516,0.0024547,0.229113,9.868599,-0.108275,9.871852,90.628441,88.670044,1,2,3,4
17.8481026,0.002451,0.233898,9.882956,-0.122632,9.886484,90.710716,88.644241,1,2,3,4
17.8505535,0.0024509,0.229113,9.868599,-0.139382,9.872242,90.80896,88.670044,1,2,3,4
17.8530083,0.0024548,0.22672,9.870992,-0.134596,9.874513,90.781006,88.684242,1,2,3,4
17.8554592,0.0024509,0.233898,9.866206,-0.125025,9.86977,90.725815,88.641945,1,2,3,4
17.8579102,0.002451,0.236291,9.870992,-0.072383,9.874084,90.420013,88.628716,1,2,3,4
17.860363,0.0024528,0.255434,9.890134,-0.081954,9.893771,90.474609,88.520546,1,2,3,4
17.8628159,0.0024529,0.214756,9.873384,-0.098704,9.876213,90.572632,88.75396,1,2,3,4
17.8652687,0.0024528,0.255434,9.854242,-0.125025,9.858345,90.726654,88.51516,1,2,3,4
17.8677197,0.002451,0.22672,9.861421,-0.089133,9.864429,90.517715,88.682968,1,2,3,4
17.8701725,0.0024528,0.24347,9.81835,-0.055633,9.821526,90.324547,88.579506,1,2,3,4
17.8726234,0.0024509,0.229113,9.825528,-0.089133,9.828603,90.519608,88.664215,1,2,3,4
17.8750763,0.0024529,0.22672,9.849456,-0.134596,9.852984,90.782707,88.681366,1,2,3,4
17.8775272,0.0024509,0.24347,9.830314,-0.129811,9.834186,90.756325,88.58123,1,2,3,4
17.879982,0.0024548,0.229113,9.849456,-0.084347,9.852481,90.490517,88.667458,1,2,3,4
17.8824329,0.0024509,0.236291,9.856635,-0.089133,9.859869,90.51796,88.626724,1,2,3,4
17.8848858,0.0024529,0.253041,9.854242,-0.177667,9.859092,91.032562,88.52906,1,2,3,4
17.8873386,0.0024528,0.236291,9.870992,-0.187238,9.875594,91.08638,88.628716,1,2,3,4
17.8897896,0.002451,0.253041,9.885348,-0.139382,9.889568,90.807541,88.533684,1,2,3,4
17.8922424,0.0024528,0.257827,9.887741,-0.125025,9.891892,90.72419,88.506332,1,2,3,4
17.8946953,0.0024529,0.255434,9.875777,-0.170489,9.880551,90.988686,88.518394,1,2,3,4
17.8971462,0.0024509,0.281755,9.863813,-0.139382,9.868821,90.809242,88.363823,1,2,3,4
17.8995991,0.0024529,0.274576,9.885348,-0.122632,9.889921,90.710472,88.408958,1,2,3,4
17.90205,0.0024509,0.305683,9.870992,-0.129811,9.876577,90.753075,88.226242,1,2,3,4
17.9045048,0.0024548,0.245863,9.842278,-0.08674,9.84573,90.504776,88.569038,1,2,3,4
17.9069557,0.0024509,0.276969,9.870992,-0.089133,9.875278,90.517151,88.392761,1,2,3,4
17.9094086,0.0024529,0.267398,9.837492,-0.096311,9.841597,90.560715,88.443001,1,2,3,4
17.9118614,0.0024528,0.257827,9.835099,-0.081954,9.83882,90.477264,88.498337,1,2,3,4
17.9143124,0.002451,0.279362,9.842278,-0.067597,9.846474,90.393349,88.374161,1,2,3,4
17.9167633,0.0024509,0.265005,9.866206,-0.043669,9.869862,90.253502,88.461411,1,2,3,4
17.9192142,0.0024509,0.262612,9.866206,-0.029312,9.869744,90.170166,88.475296,1,2,3,4
17.9216671,0.0024529,0.298505,9.863813,-0.115454,9.869004,90.670296,88.266609,1,2,3,4
17.9241199,0.0024528,0.253041,9.849456,-0.084347,9.853067,90.490486,88.528343,1,2,3,4
17.9265709,0.002451,0.274576,9.902099,-0.136989,9.906853,90.792297,88.411644,1,2,3,4
17.9290257,0.0024548,0.248255,9.875777,-0.141775,9.879914,90.822212,88.560013,1,2,3,4
17.9314766,0.0024509,0.253041,9.894919,-0.132203,9.899037,90.765221,88.535103,1,2,3,4
17.9339275,0.0024509,0.305683,9.906884,-0.074776,9.911881,90.432243,88.232666,1,2,3,4
17.9363823,0.0024548,0.293719,9.875777,-0.074776,9.880427,90.433624,88.296448,1,2,3,4
17.9388332,0.0024509,0.207577,9.866206,-0.079561,9.868711,90.461922,88.794716,1,2,3,4
17.9412861,0.0024529,0.241077,9.827921,-0.084347,9.83124,90.491577,88.594826,1,2,3,4
17.943737,0.0024509,0.281755,9.839885,-0.077169,9.84422,90.449142,88.35984,1,2,3,4
17.9461899,0.0024529,0.305683,9.806385,-0.077169,9.811452,90.450645,88.214561,1,2,3,4
17.9486408,0.0024509,0.317647,9.81835,-0.055633,9.823645,90.324478,88.146988,1,2,3,4
17.9510937,0.0024529,0.288933,9.8016,-0.110668,9.806481,90.646606,88.311516,1,2,3,4
17.9535465,0.0024528,0.279362,9.81835,-0.079561,9.822645,90.464088,88.370201,1,2,3,4
17.9559994,0.0024529,0.286541,9.811171,-0.067597,9.815587,90.394585,88.327118,1,2,3,4
17.9584522,0.0024528,0.312862,9.803992,-0.072383,9.80925,90.422791,88.172218,1,2,3,4
17.9609051,0.0024529,0.308076,9.811171,-0.038883,9.816083,90.226959,88.201477,1,2,3,4
17.9633579,0.0024528,0.248255,9.811171,-0.122632,9.815077,90.715889,88.550537,1,2,3,4
17.9658089,0.002451,0.20997,9.823135,-0.148953,9.826509,90.868538,88.775482,1,2,3,4
17.9682617,0.0024528,0.248255,9.827921,-0.105882,9.831626,90.617065,88.553001,1,2,3,4
17.9707146,0.0024529,0.224327,9.832706,-0.089133,9.835669,90.519234,88.693062,1,2,3,4
17.9731674,0.0024528,0.260219,9.839885,-0.101097,9.843844,90.58844,88.485146,1,2,3,4
17.9756184,0.002451,0.250648,9.856635,-0.08674,9.860203,90.504036,88.54332,1,2,3,4
17.9780731,0.0024547,0.269791,9.839885,-0.08674,9.843965,90.504868,88.429451,1,2,3,4
17.9805241,0.002451,0.269791,9.830314,-0.108275,9.834611,90.630814,88.427925,1,2,3,4
17.982975,0.0024509,0.253041,9.830314,-0.151346,9.834735,90.881752,88.525482,1,2,3,4
17.9854298,0.0024548,0.255434,9.835099,-0.113061,9.839066,90.658401,88.512268,1,2,3,4
17.9878826,0.0024528,0.233898,9.830314,-0.079561,9.833418,90.463577,88.636986,1,2,3,4
17.9903336,0.002451,0.269791,9.830314,-0.079561,9.834337,90.463539,88.427925,1,2,3,4
17.9927883,0.0024547,0.291326,9.789636,-0.084347,9.794333,90.493423,88.295456,1,2,3,4
17.9952393,0.002451,0.260219,9.832706,-0.08674,9.836532,90.505249,88.484039,1,2,3,4
17.9976921,0.0024528,0.224327,9.847063,-0.065204,9.849833,90.379295,88.694962,1,2,3,4
18.0001431,0.002451,0.269791,9.813564,-0.101097,9.817793,90.590004,88.42524,1,2,3,4
18.0025978,0.0024547,0.267398,9.803992,-0.110668,9.808263,90.646492,88.437683,1,2,3,4
18.0050488,0.002451,0.281755,9.815957,-0.084347,9.820362,90.492119,88.35585,1,2,3,4
18.0075016,0.0024528,0.253041,9.830314,-0.120239,9.834306,90.700546,88.525482,1,2,3,4
18.0099545,0.0024529,0.24347,9.830314,-0.177667,9.834933,91.035095,88.58123,1,2,3,4
18.0124073,0.0024528,0.260219,9.837492,-0.141775,9.841954,90.825386,88.484779,1,2,3,4
18.0148582,0.0024509,0.260219,9.81835,-0.089133,9.822202,90.519943,88.481827,1,2,3,4
18.0173111,0.0024529,0.253041,9.825528,-0.125025,9.829581,90.728783,88.524765,1,2,3,4
18.0197639,0.0024528,0.24347,9.815957,-0.129811,9.819835,90.757431,88.579155,1,2,3,4
18.0222149,0.002451,0.229113,9.839885,-0.141775,9.843573,90.825249,88.666161,1,2,3,4
18.0246658,0.0024509,0.274576,9.823135,-0.08674,9.827354,90.505722,88.398888,1,2,3,4
18.0271206,0.0024548,0.274576,9.820743,-0.120239,9.825316,90.701187,88.398499,1,2,3,4
18.0295715,0.0024509,0.260219,9.854242,-0.048455,9.857797,90.281631,88.48735,1,2,3,4
18.0320225,0.002451,0.219541,9.832706,-0.043669,9.835254,90.254395,88.720932,1,2,3,4
18.0344772,0.0024547,0.198006,9.815957,-0.046062,9.818062,90.268806,88.844391,1,2,3,4
18.0369282,0.002451,0.248255,9.854242,-0.117847,9.858073,90.684952,88.55687,1,2,3,4
18.039381,0.0024528,0.257827,9.839885,-0.077169,9.843565,90.449173,88.499069,1,2,3,4
18.0418339,0.0024529,0.284148,9.851849,-0.038883,9.856022,90.226044,88.347931,1,2,3,4
18.0442867,0.0024528,0.250648,9.830314,-0.060419,9.833694,90.352028,88.539421,1,2,3,4
18.0467377,0.002451,0.250648,9.827921,-0.096311,9.831589,90.561287,88.539063,1,2,3,4
18.0491886,0.0024509,0.262612,9.847063,-0.081954,9.850905,90.476677,88.472336,1,2,3,4
18.0516434,0.0024548,0.262612,9.832706,-0.089133,9.836617,90.51918,88.470108,1,2,3,4
18.0540962,0.0024528,0.200399,9.837492,-0.122632,9.840297,90.71405,88.832993,1,2,3,4
18.0565472,0.002451,0.224327,9.823135,-0.134596,9.826618,90.784813,88.691788,1,2,3,4
18.059,0.0024528,0.214756,9.775279,-0.065204,9.777855,90.382088,88.741455,1,2,3,4
18.061451,0.002451,0.20997,9.820743,-0.105882,9.823558,90.617569,88.775185,1,2,3,4
18.0639038,0.0024528,0.200399,9.827921,-0.160917,9.831281,90.937851,88.831856,1,2,3,4
18.0663586,0.0024548,0.250648,9.825528,-0.165703,9.830121,90.965858,88.538704,1,2,3,4
18.0688095,0.0024509,0.229113,9.780065,-0.101097,9.783271,90.592087,88.658005,1,2,3,4
18.0712605,0.002451,0.253041,9.792028,-0.122632,9.796065,90.717278,88.519722,1,2,3,4
18.0737133,0.0024528,0.207577,9.81835,-0.117847,9.821251,90.687515,88.788849,1,2,3,4
18.0761662,0.0024529,0.231506,9.820743,-0.125025,9.824266,90.729172,88.649612,1,2,3,4
18.0786171,0.0024509,0.207577,9.839885,-0.160917,9.84339,90.936699,88.791496,1,2,3,4
18.0810699,0.0024528,0.224327,9.861421,-0.139382,9.864957,90.809555,88.696861,1,2,3,4
18.0835228,0.0024529,0.267398,9.854242,-0.125025,9.858663,90.726631,88.445641,1,2,3,4
18.0859756,0.0024528,0.202792,9.842278,-0.096311,9.844838,90.560532,88.819633,1,2,3,4
18.0884266,0.002451,0.19322,9.885348,-0.098704,9.887729,90.57196,88.880234,1,2,3,4
18.0908775,0.0024509,0.257827,9.890134,-0.134596,9.89441,90.779434,88.506691,1,2,3,4
18.0933323,0.0024548,0.250648,9.897313,-0.110668,9.901105,90.640427,88.549301,1,2,3,4
18.0957832,0.0024509,0.279362,9.902099,-0.093918,9.906484,90.543198,88.38398,1,2,3,4
18.0982361,0.0024529,0.212363,9.880563,-0.091525,9.883268,90.530602,88.76873,1,2,3,4
18.1006889,0.0024528,0.214756,9.887741,-0.091525,9.890496,90.530212,88.755768,1,2,3,4
18.1031399,0.002451,0.22672,9.873384,-0.113061,9.876634,90.655899,88.684563,1,2,3,4
18.1055927,0.0024528,0.200399,9.899706,-0.127418,9.902554,90.737251,88.840324,1,2,3,4
18.1080475,0.0024548,0.128614,9.87817,-0.156132,9.88024,90.905449,89.254051,1,2,3,4
18.1104984,0.0024509,0.166899,9.870992,-0.129811,9.873256,90.753326,89.031334,1,2,3,4
18.1129513,0.0024529,0.169292,9.861421,-0.08674,9.863256,90.503876,89.016495,1,2,3,4
18.1154041,0.0024528,0.104686,9.885348,-0.10349,9.886444,90.59977,89.393257,1,2,3,4
18.117857,0.0024529,0.092722,9.887741,-0.117847,9.888878,90.682816,89.46273,1,2,3,4
18.1203098,0.0024528,0.095115,9.856635,-0.096311,9.857565,90.559807,89.447121,1,2,3,4
18.1227627,0.0024529,0.11665,9.899706,-0.115454,9.901066,90.668129,89.324905,1,2,3,4
18.1252155,0.0024528,0.087936,9.882956,-0.113061,9.883993,90.655411,89.490211,1,2,3,4
18.1276684,0.0024529,0.090329,9.882956,-0.10349,9.88391,90.59993,89.476341,1,2,3,4
18.1301193,0.0024509,0.073579,9.906884,-0.113061,9.907803,90.653831,89.574471,1,2,3,4
18.1325741,0.0024548,0.071186,9.887741,-0.139382,9.88898,90.807594,89.587509,1,2,3,4
18.1350269,0.0024528,0.080758,9.859028,-0.151346,9.86052,90.879448,89.530685,1,2,3,4
18.1374798,0.0024529,0.131007,9.892527,-0.134596,9.89431,90.779442,89.241272,1,2,3,4
18.1399326,0.0024528,0.142971,9.906884,-0.115454,9.908588,90.667618,89.173195,1,2,3,4
18.1423855,0.0024529,0.128614,9.847063,-0.148953,9.84903,90.866554,89.251694,1,2,3,4
18.1448383,0.0024528,0.138186,9.851849,-0.170489,9.854293,90.991318,89.196404,1,2,3,4
18.1472912,0.0024529,0.147757,9.854242,-0.141775,9.85637,90.824173,89.140961,1,2,3,4
18.149744,0.0024528,0.159721,9.825528,-0.153739,9.828029,90.896309,89.068695,1,2,3,4
18.152195,0.002451,0.176471,9.823135,-0.213559,9.827042,91.245239,88.970802,1,2,3,4
18.1546497,0.0024547,0.195613,9.837492,-0.16331,9.840792,90.950882,88.860855,1,2,3,4
18.1571026,0.0024529,0.217149,9.842278,-0.139382,9.845659,90.811142,88.736099,1,2,3,4
18.1595554,0.0024528,0.214756,9.835099,-0.18006,9.839091,91.048599,88.749107,1,2,3,4
18.1620102,0.0024548,0.229113,9.851849,-0.213559,9.856826,91.241478,88.667778,1,2,3,4
18.1644611,0.0024509,0.20997,9.851849,-0.177667,9.855687,91.032921,88.779053,1,2,3,4
18.166914,0.0024529,0.19322,9.830314,-0.151346,9.833377,90.881874,88.873962,1,2,3,4
18.1693668,0.0024528,0.229113,9.870992,-0.062812,9.87385,90.364487,88.670364,1,2,3,4
18.1718197,0.0024529,0.22672,9.856635,-0.062812,9.859442,90.365021,88.682327,1,2,3,4
18.1742725,0.0024528,0.236291,9.904491,-0.065204,9.907524,90.377083,88.633354,1,2,3,4
18.1767254,0.0024529,0.207577,9.84467,-0.093918,9.847306,90.546463,88.792084,1,2,3,4
18.1791782,0.0024528,0.171685,9.856635,-0.046062,9.858237,90.267708,89.002113,1,2,3,4
18.1816292,0.002451,0.229113,9.856635,-0.005384,9.859299,90.031288,88.668427,1,2,3,4
18.184082,0.0024528,0.214756,9.849456,-0.041276,9.851883,90.240051,88.750931,1,2,3,4
18.1865368,0.0024548,0.200399,9.854242,-0.081954,9.856621,90.476402,88.834976,1,2,3,4
18.1889877,0.0024509,0.171685,9.813564,-0.127418,9.815893,90.743767,88.997734,1,2,3,4
18.1914406,0.0024529,0.190828,9.851849,-0.079561,9.854018,90.462608,88.890335,1,2,3,4
18.1938953,0.0024547,0.176471,9.832706,-0.029312,9.834333,90.170776,88.971802,1,2,3,4
18.1963463,0.002451,0.253041,9.827921,-0.065204,9.831394,90.380005,88.525124,1,2,3,4
18.1987991,0.0024528,0.231506,9.813564,-0.058026,9.816466,90.338684,88.648621,1,2,3,4
18.2012539,0.0024548,0.236291,9.820743,-0.058026,9.823756,90.338432,88.621704,1,2,3,4
18.2037048,0.0024509,0.224327,9.820743,-0.026919,9.823341,90.157013,88.691467,1,2,3,4
18.2061577,0.0024529,0.238684,9.830314,-0.077169,9.833514,90.449631,88.609108,1,2,3,4
18.2086124,0.0024547,0.248255,9.827921,-0.041276,9.831142,90.240555,88.553001,1,2,3,4
18.2110653,0.0024529,0.255434,9.835099,-0.034098,9.838475,90.19857,88.512268,1,2,3,4
18.2135162,0.0024509,0.245863,9.796814,-0.036491,9.799967,90.213341,88.562401,1,2,3,4
18.215971,0.0024548,0.217149,9.780065,-0.041276,9.782562,90.241753,88.728058,1,2,3,4
18.2184219,0.0024509,0.284148,9.803992,-0.065204,9.808326,90.380898,88.339867,1,2,3,4
18.2208748,0.0024529,0.274576,9.787243,-0.074776,9.791379,90.437569,88.393013,1,2,3,4
18.2233295,0.0024547,0.224327,9.789636,-0.081954,9.792548,90.479515,88.687309,1,2,3,4
18.2257805,0.002451,0.214756,9.746565,-0.091525,9.74936,90.537895,88.737747,1,2,3,4
18.2282314,0.0024509,0.236291,9.75135,-0.077169,9.754519,90.453278,88.6119,1,2,3,4
18.2306843,0.0024529,0.198006,9.746565,-0.108275,9.749178,90.636345,88.836166,1,2,3,4
18.2331371,0.0024528,0.183649,9.756136,-0.110668,9.758492,90.649788,88.921593,1,2,3,4
18.2355881,0.002451,0.231506,9.70828,-0.160917,9.712373,90.949333,88.633972,1,2,3,4
18.2380409,0.0024528,0.195613,9.772886,-0.125025,9.775643,90.732803,88.853325,1,2,3,4
18.2404938,0.0024529,0.162114,9.758529,-0.101097,9.760399,90.593475,89.048264,1,2,3,4
18.2429447,0.0024509,0.214756,9.770494,-0.14656,9.773952,90.859184,88.740837,1,2,3,4
18.2453957,0.002451,0.190828,9.770494,-0.125025,9.773156,90.732986,88.881096,1,2,3,4
18.2478504,0.0024547,0.176471,9.7681,-0.168096,9.77114,90.985725,88.965004,1,2,3,4
18.2503014,0.002451,0.224327,9.765707,-0.177667,9.769898,91.041992,88.684097,1,2,3,4
18.2527542,0.0024528,0.183649,9.741779,-0.187238,9.745309,91.100899,88.920006,1,2,3,4
18.2552052,0.002451,0.190828,9.8016,-0.215952,9.805835,91.261917,88.884651,1,2,3,4
18.2576599,0.0024547,0.164507,9.777672,-0.151346,9.780227,90.886673,89.036102,1,2,3,4
18.2601109,0.002451,0.174078,9.775279,-0.113061,9.777483,90.662552,88.97979,1,2,3,4
18.2625618,0.0024509,0.198006,9.806385,-0.10349,9.808929,90.604515,88.843269,1,2,3,4
18.2650166,0.0024548,0.217149,9.792028,-0.101097,9.794958,90.591377,88.729614,1,2,3,4
18.2674675,0.0024509,0.195613,9.813564,-0.158524,9.816793,90.92527,88.858078,1,2,3,4
18.2699184,0.0024509,0.176471,9.78485,-0.144168,9.787503,90.843987,88.966774,1,2,3,4
18.2723713,0.0024529,0.198006,9.787243,-0.117847,9.789955,90.689713,88.841003,1,2,3,4
18.2748241,0.0024528,0.186042,9.81835,-0.14656,9.821206,90.855049,88.914467,1,2,3,4
18.277277,0.0024529,0.178863,9.820743,-0.129811,9.823229,90.757164,88.956596,1,2,3,4
18.2797279,0.0024509,0.147757,9.803992,-0.105882,9.805677,90.618698,89.136559,1,2,3,4
18.2821808,0.0024529,0.147757,9.806385,-0.091525,9.807925,90.534683,89.136765,1,2,3,4
18.2846336,0.0024528,0.138186,9.823135,-0.081954,9.824449,90.477959,89.194054,1,2,3,4
18.2870846,0.002451,0.174078,9.806385,-0.081954,9.808272,90.478745,88.983025,1,2,3,4
18.2895374,0.0024528,0.1334,9.815957,-0.038883,9.81694,90.226944,89.22139,1,2,3,4
18.2919903,0.0024529,0.190828,9.827921,-0.010169,9.829779,90.059273,88.887634,1,2,3,4
18.2944431,0.0024528,0.202792,9.832706,-0.002991,9.834798,90.017426,88.818489,1,2,3,4
18.2968941,0.002451,0.200399,9.839885,-0.010169,9.84193,90.059204,88.833275,1,2,3,4
18.2993469,0.0024528,0.181256,9.825528,-0.031705,9.82725,90.184853,88.943153,1,2,3,4
18.3017998,0.0024529,0.190828,9.84467,-0.055633,9.846677,90.323723,88.889526,1,2,3,4
18.3042507,0.0024509,0.186042,9.813564,-0.038883,9.815405,90.226974,88.91394,1,2,3,4
18.3067055,0.0024548,0.219541,9.81835,0.001795,9.820804,89.989532,88.719063,1,2,3,4
18.3091564,0.0024509,0.181256,9.820743,-0.036491,9.822483,90.212852,88.942642,1,2,3,4
18.3116074,0.002451,0.207577,9.873384,-0.031705,9.875617,90.183945,88.795593,1,2,3,4
18.3140621,0.0024547,0.162114,9.849456,-0.029312,9.850834,90.170486,89.057045,1,2,3,4
18.3165131,0.002451,0.217149,9.866206,-0.007777,9.868599,90.045151,88.739159,1,2,3,4
18.318964,0.0024509,0.195613,9.868599,0.001795,9.870537,89.989586,88.864441,1,2,3,4
18.3214169,0.0024529,0.181256,9.870992,-0.058026,9.872826,90.336746,88.948021,1,2,3,4
18.3238697,0.0024528,0.212363,9.882956,-0.060419,9.885422,90.350189,88.769028,1,2,3,4
18.3263226,0.0024529,0.238684,9.887741,-0.067597,9.890853,90.391579,88.61718,1,2,3,4
18.3287735,0.0024509,0.233898,9.856635,-0.096311,9.85988,90.559669,88.640625,1,2,3,4
18.3312283,0.0024548,0.267398,9.873384,-0.144168,9.878057,90.836243,88.448654,1,2,3,4
18.3336792,0.0024509,0.267398,9.859028,-0.206381,9.864813,91.198769,88.446396,1,2,3,4
18.3361301,0.0024509,0.269791,9.873384,-0.16331,9.87842,90.947258,88.434776,1,2,3,4
18.3385849,0.0024548,0.288933,9.832706,-0.211167,9.839217,91.229759,88.316849,1,2,3,4
18.3410358,0.0024509,0.257827,9.837492,-0.220738,9.843346,91.284973,88.498703,1,2,3,4
18.3434868,0.002451,0.267398,9.839885,-0.282951,9.847584,91.646507,88.443375,1,2,3,4
18.3459396,0.0024528,0.274576,9.849456,-0.242273,9.85626,91.408508,88.40316,1,2,3,4
18.3483925,0.0024529,0.276969,9.851849,-0.182453,9.85743,91.060555,88.389641,1,2,3,4
18.3508453,0.0024528,0.288933,9.851849,-0.168096,9.857518,90.977089,88.320122,1,2,3,4
18.3532963,0.002451,0.267398,9.859028,-0.213559,9.864965,91.240448,88.446396,1,2,3,4
18.355751,0.0024547,0.298505,9.887741,-0.206381,9.894399,91.195183,88.270805,1,2,3,4
18.358202,0.002451,0.245863,9.861421,-0.127418,9.865308,90.740036,88.571808,1,2,3,4
18.3606548,0.0024528,0.140578,9.906884,-0.347557,9.913976,92.009048,89.187027,1,2,3,4
18.3631077,0.0024529,0.293719,9.918848,-0.25663,9.926514,91.48143,88.303841,1,2,3,4
18.3655586,0.0024509,0.195613,9.914063,-0.055633,9.916148,90.321449,88.869652,1,2,3,4
18.3680115,0.0024529,0.272184,9.923634,-0.058026,9.927535,90.334892,88.428894,1,2,3,4
18.3704624,0.0024509,0.176471,9.91167,-0.108275,9.913832,90.625778,88.979996,1,2,3,4
18.3729172,0.0024548,0.224327,9.914063,-0.16331,9.917945,90.943481,88.703781,1,2,3,4
18.3753681,0.0024509,0.200399,9.933205,-0.101097,9.93574,90.583,88.844238,1,2,3,4
18.377821,0.0024529,0.195613,9.916455,-0.031705,9.918435,90.183151,88.869926,1,2,3,4
18.3802738,0.0024528,0.212363,9.909277,-0.029312,9.911595,90.169441,88.772301,1,2,3,4
18.3827267,0.0024529,0.212363,9.87817,-0.081954,9.880792,90.475235,88.768433,1,2,3,4
18.3851776,0.0024509,0.250648,9.887741,-0.062812,9.891117,90.363846,88.547897,1,2,3,4
18.3876305,0.0024529,0.245863,9.887741,-0.058026,9.890967,90.336128,88.575615,1,2,3,4
18.3900833,0.0024528,0.245863,9.902099,-0.093918,9.905596,90.543251,88.577675,1,2,3,4
18.3925343,0.002451,0.262612,9.885348,-0.081954,9.889175,90.474831,88.478249,1,2,3,4
18.3949871,0.0024528,0.260219,9.880563,-0.120239,9.88472,90.696976,88.491379,1,2,3,4
18.39744,0.0024529,0.293719,9.870992,-0.165703,9.876751,90.961304,88.295624,1,2,3,4
18.3998928,0.0024528,0.293719,9.873384,-0.177667,9.87935,91.030441,88.296036,1,2,3,4
18.4023438,0.002451,0.284148,9.885348,-0.129811,9.890284,90.752029,88.353523,1,2,3,4
18.4047985,0.0024547,0.265005,9.880563,-0.098704,9.884609,90.572144,88.463646,1,2,3,4
18.4072495,0.002451,0.248255,9.868599,-0.134596,9.872639,90.781151,88.558968,1,2,3,4
18.4097004,0.0024509,0.238684,9.873384,-0.148953,9.877392,90.864067,88.615173,1,2,3,4
18.4121532,0.0024528,0.262612,9.849456,-0.129811,9.853811,90.754814,88.47271,1,2,3,4
18.4146061,0.0024529,0.260219,9.870992,-0.115454,9.875095,90.669884,88.489914,1,2,3,4
18.417057,0.0024509,0.255434,9.887741,-0.060419,9.891224,90.349983,88.520187,1,2,3,4
18.419508,0.002451,0.255434,9.887741,-0.096311,9.891509,90.557884,88.520187,1,2,3,4
18.4219627,0.0024547,0.300897,9.847063,-0.101097,9.852179,90.587944,88.249756,1,2,3,4
18.4244137,0.002451,0.276969,9.859028,-0.077169,9.86322,90.44828,88.390816,1,2,3,4
18.4268665,0.0024528,0.276969,9.875777,-0.050847,9.879791,90.294884,88.393539,1,2,3,4
18.4293194,0.0024529,0.255434,9.873384,-0.055633,9.876844,90.322731,88.518036,1,2,3,4
18.4317703,0.0024509,0.250648,9.863813,-0.060419,9.867183,90.350838,88.54438,1,2,3,4
18.4342232,0.0024529,0.241077,9.91167,-0.043669,9.914698,90.252357,88.606697,1,2,3,4
18.4366741,0.0024509,0.20997,9.880563,-0.079561,9.883114,90.46125,88.7826,1,2,3,4
18.439127,0.0024529,0.221934,9.866206,-0.101097,9.86922,90.586929,88.71138,1,2,3,4
18.4415798,0.0024528,0.212363,9.885348,-0.108275,9.888222,90.627396,88.769325,1,2,3,4
18.4440308,0.002451,0.190828,9.861421,-0.084347,9.863627,90.48996,88.891411,1,2,3,4
18.4464836,0.0024528,0.159721,9.859028,-0.125025,9.861115,90.726448,89.071861,1,2,3,4
18.4489365,0.0024529,0.224327,9.856635,-0.127418,9.860011,90.740433,88.696228,1,2,3,4
18.4513874,0.0024509,0.183649,9.84467,-0.096311,9.846854,90.56041,88.93129,1,2,3,4
18.4538403,0.0024529,0.224327,9.830314,-0.101097,9.833393,90.589066,88.692741,1,2,3,4
18.4562931,0.0024528,0.20997,9.823135,-0.144168,9.826437,90.840637,88.775482,1,2,3,4
18.458744,0.0024509,0.20997,9.832706,-0.14656,9.83604,90.85376,88.77668,1,2,3,4
18.461195,0.002451,0.284148,9.839885,-0.098704,9.844481,90.574478,88.345924,1,2,3,4
18.4636497,0.0024547,0.248255,9.839885,-0.122632,9.84378,90.713799,88.554764,1,2,3,4
18.4661007,0.002451,0.279362,9.820743,-0.148953,9.825844,90.868599,88.370598,1,2,3,4
18.4685535,0.0024528,0.293719,9.837492,-0.148953,9.843003,90.867088,88.289825,1,2,3,4
18.4710064,0.0024529,0.257827,9.820743,-0.14656,9.825219,90.854698,88.496147,1,2,3,4
18.4734573,0.0024509,0.279362,9.856635,-0.120239,9.861326,90.698624,88.376526,1,2,3,4
18.4759083,0.002451,0.250648,9.794421,-0.175274,9.799196,91.024879,88.534065,1,2,3,4
18.478363,0.0024547,0.265005,9.832706,-0.160917,9.837593,90.937248,88.456169,1,2,3,4
18.480814,0.002451,0.276969,9.799207,-0.148953,9.804252,90.870514,88.380997,1,2,3,4
18.4832668,0.0024528,0.231506,9.78485,-0.175274,9.789158,91.025932,88.644661,1,2,3,4
18.4857178,0.002451,0.279362,9.789636,-0.177667,9.795232,91.039291,88.365425,1,2,3,4
18.4881706,0.0024528,0.236291,9.806385,-0.158524,9.810513,90.925865,88.61969,1,2,3,4
18.4906216,0.002451,0.238684,9.825528,-0.117847,9.829133,90.686966,88.608429,1,2,3,4
18.4930744,0.0024528,0.267398,9.823135,-0.122632,9.827539,90.714981,88.44072,1,2,3,4
18.4955273,0.0024529,0.257827,9.808778,-0.151346,9.813333,90.883682,88.494308,1,2,3,4
18.4979801,0.0024528,0.238684,9.741779,-0.122632,9.745475,90.721001,88.596474,1,2,3,4
18.5004311,0.002451,0.286541,9.813564,-0.14656,9.818841,90.855255,88.32753,1,2,3,4
18.502882,0.0024509,0.205185,9.78485,-0.136989,9.78796,90.801918,88.798706,1,2,3,4
18.5053368,0.0024548,0.279362,9.775279,-0.129811,9.780131,90.760506,88.363022,1,2,3,4
18.5077877,0.0024509,0.257827,9.765707,-0.115454,9.769792,90.677101,88.487671,1,2,3,4
18.5102386,0.0024509,0.219541,9.794421,-0.091525,9.797309,90.535255,88.715935,1,2,3,4
18.5126915,0.0024529,0.257827,9.811171,-0.072383,9.814825,90.422554,88.494675,1,2,3,4
18.5151424,0.0024509,0.253041,9.799207,-0.08674,9.802857,90.506981,88.520805,1,2,3,4
18.5175934,0.002451,0.205185,9.81835,-0.10349,9.821039,90.603767,88.802803,1,2,3,4
18.5200462,0.0024528,0.229113,9.765707,-0.122632,9.769164,90.719254,88.656036,1,2,3,4
18.5224991,0.0024529,0.248255,9.81835,-0.122632,9.822253,90.715363,88.551598,1,2,3,4
18.52495,0.0024509,0.267398,9.832706,-0.108275,9.836938,90.630669,88.442238,1,2,3,4
18.527401,0.002451,0.241077,9.839885,-0.170489,9.844315,90.992325,88.596535,1,2,3,4
18.5298538,0.0024528,0.284148,9.803992,-0.136989,9.809066,90.800194,88.339867,1,2,3,4
18.5323048,0.002451,0.257827,9.815957,-0.153739,9.820546,90.896988,88.495415,1,2,3,4
18.5347576,0.0024528,0.250648,9.803992,-0.182453,9.808893,91.065804,88.5355,1,2,3,4
18.5372086,0.002451,0.238684,9.806385,-0.203988,9.81141,91.191315,88.605713,1,2,3,4
18.5396614,0.0024528,0.296112,9.792028,-0.172881,9.79803,91.011009,88.267899,1,2,3,4
18.5421124,0.002451,0.255434,9.84467,-0.093918,9.848432,90.546402,88.51371,1,2,3,4
18.5445652,0.0024528,0.284148,9.830314,-0.089133,9.834824,90.519279,88.344315,1,2,3,4
18.5470181,0.0024529,0.255434,9.827921,-0.101097,9.831759,90.589165,88.511185,1,2,3,4
18.549469,0.0024509,0.305683,9.827921,-0.038883,9.83275,90.226578,88.218475,1,2,3,4
18.5519218,0.0024528,0.298505,9.849456,-0.036491,9.854046,90.212173,88.264084,1,2,3,4
18.5543728,0.002451,0.30329,9.851849,-0.065204,9.856731,90.379028,88.236702,1,2,3,4
18.5568256,0.0024528,0.332004,9.84467,-0.038883,9.850344,90.226173,88.068474,1,2,3,4
18.5592766,0.002451,0.32004,9.847063,-0.062812,9.852463,90.365273,88.138481,1,2,3,4
18.5617275,0.0024509,0.324826,9.813564,-0.098704,9.819435,90.575943,88.104218,1,2,3,4
18.5641823,0.0024548,0.30329,9.830314,-0.060419,9.835176,90.351974,88.232841,1,2,3,4
18.5666332,0.0024509,0.288933,9.823135,-0.031705,9.827435,90.184845,88.315216,1,2,3,4
18.5690842,0.002451,0.312862,9.851849,-0.012562,9.856823,90.073021,88.181091,1,2,3,4
18.571537,0.0024528,0.245863,9.825528,0.00658,9.828606,89.961639,88.566597,1,2,3,4
18.5739918,0.0024548,0.274576,9.8016,0.035294,9.805508,89.79377,88.39537,1,2,3,4
18.5764427,0.0024509,0.317647,9.813564,0.016152,9.818717,89.905746,88.146088,1,2,3,4
18.5788937,0.002451,0.262612,9.815957,0.025723,9.819503,89.849907,88.467499,1,2,3,4
18.5813465,0.0024528,0.272184,9.835099,-0.000598,9.838865,90.003487,88.414757,1,2,3,4
18.5837994,0.0024529,0.310469,9.830314,-0.026919,9.835252,90.156822,88.19104,1,2,3,4
18.5862503,0.0024509,0.279362,9.851849,-0.002991,9.855809,90.017387,88.37574,1,2,3,4
18.5887012,0.0024509,0.260219,9.84467,0.011366,9.848115,89.933876,88.485878,1,2,3,4
18.5911541,0.0024529,0.269791,9.770494,-0.007777,9.77422,90.045586,88.418304,1,2,3,4
18.5936069,0.0024528,0.286541,9.813564,-0.062812,9.817947,90.366562,88.32753,1,2,3,4
18.5960579,0.002451,0.265005,9.827921,-0.062812,9.831694,90.366051,88.455421,1,2,3,4
18.5985107,0.0024528,0.281755,9.81835,-0.05324,9.822536,90.310555,88.356247,1,2,3,4
18.6009617,0.002451,0.272184,9.823135,-0.055633,9.827063,90.324364,88.412834,1,2,3,4
18.6034126,0.0024509,0.250648,9.839885,-0.041276,9.843163,90.240265,88.54084,1,2,3,4
18.6058674,0.0024548,0.288933,9.851849,-0.079561,9.856406,90.462502,88.320122,1,2,3,4
18.6083183,0.0024509,0.260219,9.892527,-0.081954,9.896288,90.474487,88.493202,1,2,3,4
18.6107693,0.002451,0.272184,9.873384,-0.058026,9.877306,90.336594,88.420906,1,2,3,4
18.6132221,0.0024528,0.231506,9.894919,-0.058026,9.897798,90.335899,88.659729,1,2,3,4
18.615675,0.0024529,0.262612,9.842278,-0.065204,9.845996,90.37944,88.471596,1,2,3,4
18.6181278,0.0024528,0.265005,9.863813,-0.093918,9.86782,90.545326,88.461037,1,2,3,4
18.6205788,0.002451,0.253041,9.849456,-0.08674,9.853087,90.504402,88.528343,1,2,3,4
18.6230316,0.0024528,0.20997,9.875777,-0.065204,9.878224,90.378204,88.782013,1,2,3,4
18.6254845,0.0024529,0.219541,9.870992,-0.108275,9.874026,90.628296,88.725891,1,2,3,4
18.6279354,0.0024509,0.250648,9.859028,-0.125025,9.863007,90.726311,88.543671,1,2,3,4
18.6303902,0.0024548,0.253041,9.854242,-0.151346,9.858653,90.879616,88.52906,1,2,3,4
18.6328411,0.0024509,0.233898,9.859028,-0.096311,9.862272,90.55954,88.640953,1,2,3,4
18.6352921,0.002451,0.248255,9.868599,-0.153739,9.872918,90.892235,88.558968,1,2,3,4
18.637743,0.0024509,0.284148,9.870992,-0.098704,9.875574,90.57267,88.351128,1,2,3,4
18.6401958,0.0024528,0.272184,9.863813,-0.115454,9.868243,90.670349,88.419373,1,2,3,4
18.6426468,0.002451,0.253041,9.892527,-0.113061,9.896408,90.654587,88.534752,1,2,3,4
18.6450977,0.0024509,0.238684,9.859028,-0.168096,9.863349,90.976509,88.613159,1,2,3,4
18.6475506,0.0024529,0.238684,9.87817,-0.170489,9.882524,90.988487,88.615845,1,2,3,4
18.6500034,0.0024528,0.233898,9.866206,-0.125025,9.86977,90.725815,88.641945,1,2,3,4
18.6524544,0.002451,0.238684,9.866206,-0.144168,9.870146,90.836914,88.614166,1,2,3,4
18.6549053,0.0024509,0.231506,9.837492,-0.151346,9.841379,90.881157,88.651909,1,2,3,4
18.6573582,0.0024529,0.255434,9.885348,-0.110668,9.889267,90.641197,88.519829,1,2,3,4
18.659811,0.0024528,0.236291,9.87817,-0.05324,9.881139,90.308716,88.629715,1,2,3,4
18.662262,0.002451,0.257827,9.868599,-0.089133,9.872369,90.517303,88.503433,1,2,3,4
18.6647148,0.0024528,0.224327,9.887741,-0.120239,9.891016,90.696526,88.700333,1,2,3,4
18.6671677,0.0024529,0.224327,9.916455,-0.139382,9.919971,90.805069,88.704094,1,2,3,4
18.6696186,0.0024509,0.267398,9.921241,-0.08674,9.925222,90.500732,88.456131,1,2,3,4
18.6720715,0.0024529,0.248255,9.873384,-0.072383,9.87677,90.419899,88.559662,1,2,3,4
18.6745243,0.0024528,0.279362,9.854242,-0.074776,9.858485,90.434586,88.376129,1,2,3,4
18.6769753,0.002451,0.236291,9.835099,-0.101097,9.838457,90.58876,88.623718,1,2,3,4
18.6794281,0.0024528,0.229113,9.897313,-0.141775,9.90098,90.820465,88.673897,1,2,3,4
18.681881,0.0024529,0.267398,9.866206,-0.10349,9.870372,90.600746,88.447525,1,2,3,4
18.6843319,0.0024509,0.236291,9.863813,-0.115454,9.867318,90.67041,88.627724,1,2,3,4
18.6867828,0.0024509,0.202792,9.870992,-0.096311,9.873545,90.558899,88.823067,1,2,3,4
18.6892338,0.002451,0.195613,9.856635,-0.115454,9.859252,90.670959,88.863068,1,2,3,4
18.6916885,0.0024547,0.20997,9.835099,-0.093918,9.837789,90.546989,88.776978,1,2,3,4
18.6941395,0.002451,0.20997,9.854242,-0.141775,9.857499,90.824081,88.77935,1,2,3,4
18.6965923,0.0024528,0.229113,9.875777,-0.165703,9.879824,90.960999,88.671005,1,2,3,4
18.6990452,0.0024529,0.221934,9.851849,-0.117847,9.855053,90.685158,88.709503,1,2,3,4
18.7014961,0.0024509,0.260219,9.873384,-0.105882,9.87738,90.614204,88.49028,1,2,3,4
18.703949,0.0024529,0.236291,9.890134,-0.134596,9.893872,90.779472,88.631371,1,2,3,4
18.7063999,0.0024509,0.248255,9.882956,-0.175274,9.887627,91.015717,88.561058,1,2,3,4
18.7088528,0.0024529,0.253041,9.87817,-0.189631,9.88323,91.099411,88.532623,1,2,3,4
18.7113056,0.0024528,0.265005,9.909277,-0.218345,9.915224,91.261826,88.468094,1,2,3,4
18.7137566,0.002451,0.276969,9.861421,-0.232702,9.868053,91.351234,88.391205,1,2,3,4
18.7162094,0.0024528,0.262612,9.875777,-0.235095,9.882065,91.363197,88.476776,1,2,3,4
18.7186604,0.002451,0.265005,9.856635,-0.189631,9.86202,91.101776,88.459915,1,2,3,4
18.7211132,0.0024528,0.24347,9.87817,-0.199202,9.883178,91.154915,88.588104,1,2,3,4
18.7235641,0.0024509,0.24347,9.870992,-0.223131,9.876515,91.29454,88.587074,1,2,3,4
18.726017,0.0024529,0.257827,9.885348,-0.23988,9.891619,91.38961,88.505966,1,2,3,4
18.7284698,0.0024528,0.20997,9.87817,-0.182453,9.882086,91.057907,88.782303,1,2,3,4
18.7309208,0.002451,0.207577,9.863813,-0.160917,9.86731,90.934425,88.794426,1,2,3,4
18.7333755,0.0024547,0.183649,9.87817,-0.184846,9.881606,91.071838,88.934914,1,2,3,4
18.7358265,0.002451,0.174078,9.894919,-0.18006,9.898088,91.042343,88.992119,1,2,3,4
18.7382774,0.0024509,0.19322,9.880563,-0.148953,9.883574,90.863525,88.879692,1,2,3,4
18.7407284,0.002451,0.169292,9.875777,-0.160917,9.878539,90.933365,89.017921,1,2,3,4
18.7431831,0.0024547,0.183649,9.868599,-0.184846,9.872038,91.072876,88.933884,1,2,3,4
18.7456341,0.002451,0.140578,9.868599,-0.141775,9.870619,90.822983,89.183876,1,2,3,4
18.748085,0.0024509,0.157328,9.870992,-0.108275,9.872839,90.628372,89.086876,1,2,3,4
18.7505398,0.0024548,0.138186,9.830314,-0.134596,9.832207,90.784363,89.194641,1,2,3,4
18.7529907,0.0024509,0.181256,9.837492,-0.117847,9.839867,90.686218,88.944443,1,2,3,4
18.7554417,0.002451,0.178863,9.84467,-0.058026,9.846466,90.337646,88.959129,1,2,3,4
18.7578964,0.0024547,0.190828,9.866206,-0.050847,9.868182,90.295227,88.891953,1,2,3,4
18.7603474,0.002451,0.198006,9.856635,-0.077169,9.858926,90.448471,88.849159,1,2,3,4
18.7627983,0.0024509,0.183649,9.859028,-0.132203,9.861625,90.76812,88.932846,1,2,3,4
18.7652493,0.002451,0.212363,9.830314,-0.081954,9.832949,90.477547,88.762436,1,2,3,4
18.767704,0.0024547,0.205185,9.868599,-0.077169,9.871034,90.447922,88.808899,1,2,3,4
18.770155,0.002451,0.176471,9.868599,-0.08674,9.870558,90.50351,88.97554,1,2,3,4
18.7726059,0.0024509,0.200399,9.827921,-0.077169,9.830267,90.449783,88.831856,1,2,3,4
18.7750587,0.0024528,0.217149,9.84467,-0.058026,9.847236,90.337624,88.736404,1,2,3,4
18.7775116,0.0024529,0.147757,9.849456,-0.125025,9.851357,90.727165,89.140541,1,2,3,4
18.7799625,0.0024509,0.198006,9.875777,-0.10349,9.878304,90.600266,88.851395,1,2,3,4
18.7824173,0.0024548,0.24347,9.842278,-0.026919,9.845325,90.156662,88.582954,1,2,3,4
18.7848682,0.0024509,0.212363,9.847063,-0.007777,9.849356,90.045242,88.764542,1,2,3,4
18.7873192,0.002451,0.202792,9.823135,-0.031705,9.825279,90.184883,88.817337,1,2,3,4
18.789772,0.0024528,0.265005,9.851849,-0.034098,9.855471,90.198235,88.459167,1,2,3,4
18.7922249,0.0024529,0.265005,9.827921,-0.067597,9.831725,90.393936,88.455421,1,2,3,4
18.7946777,0.0024528,0.219541,9.825528,-0.038883,9.828057,90.226685,88.719994,1,2,3,4
18.7971287,0.002451,0.214756,9.803992,-0.038883,9.806421,90.22718,88.74514,1,2,3,4
18.7995815,0.0024528,0.186042,9.815957,-0.017348,9.817735,90.101242,88.9142,1,2,3,4
18.8020344,0.0024529,0.200399,9.835099,-0.055633,9.837298,90.324028,88.83271,1,2,3,4
18.8044853,0.0024509,0.200399,9.820743,-0.093918,9.823236,90.547806,88.831001,1,2,3,4
18.8069363,0.002451,0.207577,9.794421,-0.074776,9.796906,90.437317,88.785889,1,2,3,4
18.809391,0.0024547,0.219541,9.837492,-0.050847,9.840073,90.296074,88.72155,1,2,3,4
18.811842,0.002451,0.219541,9.825528,0.008973,9.827985,89.947685,88.719994,1,2,3,4
18.8142929,0.0024509,0.219541,9.815957,-0.043669,9.818509,90.254829,88.71875,1,2,3,4
18.8167458,0.0024529,0.229113,9.823135,-0.074776,9.826092,90.43602,88.663887,1,2,3,4
18.8191967,0.0024509,0.233898,9.794421,-0.05324,9.797359,90.311356,88.631989,1,2,3,4
18.8216496,0.0024529,0.200399,9.806385,-0.072383,9.8087,90.422813,88.829292,1,2,3,4
18.8241005,0.0024509,0.217149,9.78485,-0.062812,9.787461,90.367699,88.728683,1,2,3,4
18.8265533,0.0024528,0.221934,9.8016,-0.079561,9.804435,90.464951,88.702896,1,2,3,4
18.8290043,0.002451,0.265005,9.760921,-0.098704,9.765018,90.579147,88.444824,1,2,3,4
18.8314552,0.0024509,0.238684,9.78485,-0.122632,9.788529,90.717827,88.602646,1,2,3,4
18.83391,0.0024548,0.217149,9.770494,-0.098704,9.773405,90.578651,88.726814,1,2,3,4
18.8363609,0.0024509,0.166899,9.787243,-0.08674,9.78905,90.507698,89.023041,1,2,3,4
18.8388138,0.0024529,0.19322,9.753743,-0.113061,9.756311,90.663986,88.865128,1,2,3,4
18.8412647,0.0024509,0.190828,9.772886,-0.074776,9.775035,90.438301,88.881371,1,2,3,4
18.8437195,0.0024548,0.205185,9.775279,-0.077169,9.777737,90.452202,88.797531,1,2,3,4
18.8461704,0.0024509,0.178863,9.787243,-0.108275,9.789476,90.633728,88.953026,1,2,3,4
18.8486233,0.0024529,0.22672,9.789636,-0.156132,9.793505,90.913467,88.673317,1,2,3,4
18.8510761,0.0024528,0.200399,9.796814,-0.120239,9.799601,90.703026,88.828148,1,2,3,4
18.8535271,0.002451,0.190828,9.803992,-0.110668,9.806474,90.646606,88.884918,1,2,3,4
18.8559799,0.0024528,0.198006,9.78485,-0.141775,9.787881,90.829941,88.840721,1,2,3,4
18.8584328,0.0024529,0.200399,9.756136,-0.175274,9.759768,91.029022,88.823265,1,2,3,4
18.8608837,0.0024509,0.217149,9.8016,-0.160917,9.805326,90.940338,88.73085,1,2,3,4
18.8633366,0.0024529,0.241077,9.815957,-0.139382,9.819906,90.813271,88.593117,1,2,3,4
18.8657875,0.0024509,0.22672,9.765707,-0.156132,9.769586,90.915703,88.670067,1,2,3,4
18.8682404,0.0024529,0.229113,9.770494,-0.156132,9.774426,90.915253,88.656693,1,2,3,4
18.8706932,0.0024528,0.238684,9.75135,-0.117847,9.754983,90.692184,88.597847,1,2,3,4
18.8731441,0.0024509,0.248255,9.787243,-0.125025,9.791189,90.731636,88.546989,1,2,3,4
18.875597,0.0024529,0.188435,9.78485,-0.172881,9.788191,91.012024,88.896744,1,2,3,4
18.8780479,0.0024509,0.195613,9.794421,-0.151346,9.797544,90.885101,88.855843,1,2,3,4
18.8804989,0.002451,0.221934,9.8016,-0.141775,9.805137,90.828484,88.702896,1,2,3,4
18.8829517,0.0024528,0.233898,9.825528,-0.134596,9.829233,90.784599,88.636322,1,2,3,4
18.8854046,0.0024529,0.19322,9.794421,-0.136989,9.797285,90.801155,88.869835,1,2,3,4
18.8878555,0.0024509,0.178863,9.823135,-0.127418,9.82559,90.743027,88.956848,1,2,3,4
18.8903084,0.0024529,0.183649,9.81835,-0.089133,9.820472,90.520035,88.928429,1,2,3,4
18.8927612,0.0024528,0.198006,9.859028,-0.072383,9.861282,90.420563,88.849442,1,2,3,4
18.8952141,0.0024529,0.200399,9.835099,-0.098704,9.837636,90.574875,88.83271,1,2,3,4
18.8976669,0.0024528,0.212363,9.81835,-0.10349,9.821192,90.60376,88.760933,1,2,3,4
18.9001198,0.0024529,0.207577,9.837492,-0.093918,9.84013,90.54686,88.791199,1,2,3,4
18.9025726,0.0024528,0.24347,9.839885,-0.110668,9.843518,90.644173,88.582611,1,2,3,4
18.9050236,0.002451,0.19322,9.823135,-0.113061,9.825686,90.659294,88.873138,1,2,3,4
18.9074783,0.0024547,0.212363,9.835099,-0.089133,9.837795,90.519119,88.763039,1,2,3,4
18.9099293,0.002451,0.205185,9.830314,-0.081954,9.832796,90.477554,88.80426,1,2,3,4
18.9123821,0.0024528,0.245863,9.806385,-0.077169,9.809771,90.450722,88.563797,1,2,3,4
18.9148331,0.002451,0.188435,9.835099,-0.117847,9.83761,90.686371,88.902382,1,2,3,4
18.9172859,0.0024528,0.190828,9.81835,-0.101097,9.820724,90.589828,88.886551,1,2,3,4
18.9197388,0.0024529,0.217149,9.78485,-0.067597,9.787493,90.395714,88.728683,1,2,3,4
18.9221897,0.0024509,0.219541,9.787243,-0.101097,9.790227,90.591667,88.714989,1,2,3,4
18.9246445,0.0024548,0.207577,9.792028,-0.089133,9.794634,90.521408,88.785591,1,2,3,4
18.9270954,0.0024509,0.224327,9.815957,-0.079561,9.818843,90.464272,88.690826,1,2,3,4
18.9295464,0.002451,0.229113,9.811171,-0.084347,9.814208,90.492424,88.662262,1,2,3,4
18.9319973,0.0024509,0.262612,9.835099,-0.08674,9.838987,90.505119,88.470474,1,2,3,4
18.9344521,0.0024548,0.22672,9.808778,-0.08674,9.811781,90.506523,88.675903,1,2,3,4
18.936903,0.0024509,0.24347,9.8016,-0.072383,9.804891,90.422981,88.57708,1,2,3,4
18.9393559,0.0024529,0.255434,9.799207,-0.06999,9.802785,90.409088,88.506821,1,2,3,4
18.9418087,0.0024528,0.260219,9.823135,-0.093918,9.82703,90.547592,88.482559,1,2,3,4
18.9442596,0.0024509,0.276969,9.830314,-0.120239,9.83495,90.7005,88.386116,1,2,3,4
18.9467125,0.0024529,0.250648,9.823135,-0.050847,9.826465,90.296478,88.538353,1,2,3,4
18.9491653,0.0024528,0.250648,9.815957,-0.048455,9.819277,90.282738,88.537285,1,2,3,4
18.9516163,0.002451,0.274576,9.81835,-0.067597,9.822421,90.39431,88.398102,1,2,3,4
18.9540691,0.0024528,0.245863,9.842278,-0.081954,9.845689,90.476929,88.569038,1,2,3,4
18.9565201,0.002451,0.238684,9.839885,-0.115454,9.843456,90.672035,88.610458,1,2,3,4
18.9589748,0.0024547,0.257827,9.849456,-0.093918,9.853277,90.546135,88.500526,1,2,3,4
18.9614258,0.002451,0.233898,9.849456,-0.08674,9.852614,90.504425,88.639633,1,2,3,4
18.9638786,0.0024528,0.231506,9.856635,-0.084347,9.859715,90.490158,88.654526,1,2,3,4
18.9663315,0.0024529,0.245863,9.87817,-0.129811,9.882082,90.752655,88.574234,1,2,3,4
18.9687843,0.0024528,0.245863,9.892527,-0.165703,9.896969,90.959335,88.576302,1,2,3,4
18.9712353,0.002451,0.265005,9.902099,-0.129811,9.906495,90.750801,88.466988,1,2,3,4
18.9736881,0.0024528,0.217149,9.902099,-0.08674,9.90486,90.501762,88.743729,1,2,3,4
18.976141,0.0024529,0.214756,9.866206,-0.089133,9.868946,90.517479,88.753052,1,2,3,4
18.9785919,0.0024509,0.219541,9.894919,-0.067597,9.897585,90.391312,88.728973,1,2,3,4
18.9810429,0.002451,0.217149,9.842278,-0.134596,9.845593,90.783295,88.736099,1,2,3,4
18.9834976,0.0024547,0.224327,9.847063,-0.110668,9.85024,90.643738,88.694962,1,2,3,4
18.9859486,0.002451,0.253041,9.87817,-0.074776,9.881694,90.433563,88.532623,1,2,3,4
18.9884014,0.0024528,0.212363,9.837492,-0.036491,9.839851,90.212479,88.763344,1,2,3,4
18.9908543,0.0024529,0.221934,9.866206,-0.06999,9.86895,90.406342,88.71138,1,2,3,4
18.9933052,0.0024509,0.217149,9.866206,-0.141775,9.869615,90.823067,88.739159,1,2,3,4
18.9957581,0.0024529,0.250648,9.868599,-0.074776,9.872065,90.43399,88.545082,1,2,3,4
18.9982109,0.0024528,0.281755,9.890134,-0.084347,9.894506,90.488434,88.368172,1,2,3,4
19.0006618,0.0024509,0.233898,9.909277,-0.060419,9.912221,90.349243,88.647842,1,2,3,4
19.0031147,0.0024529,0.238684,9.899706,-0.115454,9.903255,90.667976,88.618851,1,2,3,4
19.0055656,0.0024509,0.24347,9.914063,-0.120239,9.917781,90.694649,88.593208,1,2,3,4
19.0080204,0.0024548,0.233898,9.918848,-0.091525,9.922028,90.528534,88.649147,1,2,3,4
19.0104713,0.0024509,0.195613,9.880563,-0.046062,9.882606,90.267052,88.865822,1,2,3,4
19.0129223,0.002451,0.19322,9.882956,-0.144168,9.885896,90.835587,88.879959,1,2,3,4
19.015377,0.0024547,0.214756,9.87817,-0.156132,9.881738,90.905312,88.754562,1,2,3,4
19.017828,0.002451,0.190828,9.918848,-0.101097,9.921199,90.583855,88.897827,1,2,3,4
19.0202789,0.0024509,0.262612,9.885348,-0.091525,9.889259,90.530281,88.478249,1,2,3,4
19.0227337,0.0024548,0.233898,9.875777,-0.072383,9.878812,90.419815,88.643257,1,2,3,4
19.0251846,0.0024509,0.24347,9.916455,-0.115454,9.920115,90.66684,88.593552,1,2,3,4
19.0276375,0.0024529,0.255434,9.890134,-0.14656,9.894517,90.848709,88.520546,1,2,3,4
19.0300884,0.0024509,0.298505,9.875777,-0.105882,9.880855,90.613991,88.268707,1,2,3,4
19.0325432,0.0024548,0.284148,9.885348,-0.127418,9.890252,90.738174,88.353523,1,2,3,4
19.0349941,0.0024509,0.291326,9.882956,-0.165703,9.888637,90.960144,88.311546,1,2,3,4
19.037447,0.0024529,0.250648,9.882956,-0.189631,9.887952,91.098885,88.547195,1,2,3,4
19.0398998,0.0024528,0.267398,9.892527,-0.148953,9.897261,90.862328,88.451653,1,2,3,4
19.0423508,0.002451,0.274576,9.902099,-0.101097,9.906421,90.584724,88.411644,1,2,3,4
19.0448036,0.0024528,0.269791,9.87817,-0.151346,9.883012,90.877449,88.435539,1,2,3,4
19.0472565,0.0024529,0.260219,9.890134,-0.182453,9.895239,91.056503,88.492836,1,2,3,4
19.0497093,0.0024528,0.231506,9.887741,-0.158524,9.891722,90.918259,88.65876,1,2,3,4
19.0521603,0.002451,0.24347,9.885348,-0.072383,9.888611,90.419395,88.589127,1,2,3,4
19.0546131,0.0024528,0.248255,9.890134,-0.072383,9.893514,90.419189,88.562103,1,2,3,4
19.057066,0.0024529,0.241077,9.890134,-0.079561,9.893392,90.46077,88.603661,1,2,3,4
19.0595169,0.0024509,0.214756,9.928419,-0.093918,9.931186,90.541847,88.760864,1,2,3,4
19.0619678,0.0024509,0.231506,9.921241,-0.041276,9.924027,90.238304,88.663284,1,2,3,4
19.0644226,0.0024548,0.265005,9.914063,-0.062812,9.917803,90.362869,88.468834,1,2,3,4
19.0668736,0.002451,0.284148,9.887741,-0.120239,9.892554,90.696419,88.35392,1,2,3,4
19.0693245,0.0024509,0.274576,9.87817,-0.110668,9.882605,90.641624,88.407799,1,2,3,4
19.0717773,0.0024528,0.269791,9.873384,-0.093918,9.877516,90.544792,88.434776,1,2,3,4
19.0742302,0.0024529,0.248255,9.894919,-0.10349,9.898574,90.599037,88.562798,1,2,3,4
19.076683,0.0024528,0.274576,9.851849,-0.105882,9.856243,90.615524,88.403549,1,2,3,4
19.079134,0.002451,0.255434,9.892527,-0.067597,9.896055,90.391373,88.520897,1,2,3,4
19.0815887,0.0024547,0.219541,9.875777,-0.072383,9.878482,90.41983,88.726509,1,2,3,4
19.0840397,0.002451,0.221934,9.854242,-0.105882,9.85731,90.615456,88.709816,1,2,3,4
19.0864925,0.0024528,0.217149,9.880563,-0.170489,9.884419,90.988297,88.74099,1,2,3,4
19.0889454,0.0024529,0.19322,9.837492,-0.184846,9.841125,91.076248,88.874786,1,2,3,4
19.0913963,0.0024509,0.217149,9.815957,-0.141775,9.819383,90.827278,88.732712,1,2,3,4
19.0938473,0.002451,0.238684,9.842278,-0.206381,9.847334,91.200897,88.610802,1,2,3,4
19.0963001,0.0024528,0.207577,9.839885,-0.249452,9.845235,91.451874,88.791496,1,2,3,4
19.098753,0.0024529,0.274576,9.835099,-0.227916,9.841571,91.327003,88.400833,1,2,3,4
19.1012058,0.0024528,0.257827,9.832706,-0.158524,9.837363,90.923332,88.497971,1,2,3,4
19.1036587,0.0024529,0.267398,9.84467,-0.151346,9.849464,90.88044,88.44413,1,2,3,4
19.1061115,0.0024528,0.267398,9.837492,-0.115454,9.841803,90.67215,88.443001,1,2,3,4
19.1085625,0.002451,0.260219,9.832706,-0.113061,9.836799,90.658554,88.484039,1,2,3,4
19.1110153,0.0024528,0.279362,9.815957,-0.091525,9.820358,90.534004,88.369804,1,2,3,4
19.1134682,0.0024529,0.255434,9.842278,-0.101097,9.846111,90.588303,88.513351,1,2,3,4
19.115921,0.0024528,0.286541,9.839885,-0.072383,9.844322,90.421288,88.332001,1,2,3,4
19.118372,0.002451,0.265005,9.815957,-0.067597,9.819766,90.394417,88.453537,1,2,3,4
19.1208229,0.0024509,0.229113,9.837492,-0.079561,9.840481,90.463249,88.66584,1,2,3,4
19.1232758,0.0024529,0.24347,9.851849,-0.101097,9.855375,90.587753,88.584335,1,2,3,4
19.1257286,0.0024528,0.250648,9.832706,-0.136989,9.836855,90.797935,88.539772,1,2,3,4
19.1281796,0.002451,0.241077,9.839885,-0.144168,9.843893,90.839149,88.596535,1,2,3,4
19.1306343,0.0024547,0.214756,9.835099,-0.101097,9.837963,90.588791,88.749107,1,2,3,4
19.1330853,0.002451,0.20997,9.820743,-0.10349,9.823532,90.603615,88.775185,1,2,3,4
19.1355381,0.0024528,0.231506,9.832706,-0.110668,9.836054,90.644661,88.651253,1,2,3,4
19.137991,0.0024529,0.245863,9.856635,-0.120239,9.860434,90.698692,88.571121,1,2,3,4
19.1404419,0.0024509,0.233898,9.81835,-0.065204,9.821352,90.380394,88.635323,1,2,3,4
19.1428947,0.0024528,0.248255,9.827921,-0.08674,9.831438,90.505508,88.553001,1,2,3,4
19.1453457,0.002451,0.229113,9.799207,-0.117847,9.802593,90.688828,88.660629,1,2,3,4
19.1477985,0.0024528,0.24347,9.78485,-0.081954,9.788222,90.479729,88.574646,1,2,3,4
19.1502514,0.0024529,0.286541,9.811171,-0.060419,9.81554,90.352684,88.327118,1,2,3,4
19.1527023,0.0024509,0.281755,9.799207,-0.10349,9.803802,90.604828,88.353035,1,2,3,4
19.1551571,0.0024548,0.288933,9.770494,-0.134596,9.775691,90.788902,88.306145,1,2,3,4
19.157608,0.0024509,0.238684,9.799207,-0.077169,9.802417,90.451057,88.604698,1,2,3,4
19.160059,0.002451,0.229113,9.808778,-0.08674,9.811836,90.506523,88.661934,1,2,3,4
19.1625137,0.0024547,0.253041,9.81835,-0.08674,9.821993,90.505997,88.523682,1,2,3,4
19.1649647,0.002451,0.257827,9.803992,-0.108275,9.80798,90.63253,88.493576,1,2,3,4
19.1674175,0.0024528,0.233898,9.794421,-0.067597,9.797447,90.395317,88.631989,1,2,3,4
19.1698685,0.002451,0.245863,9.825528,-0.084347,9.828966,90.491692,88.566597,1,2,3,4
19.1723213,0.0024528,0.265005,9.760921,-0.115454,9.765201,90.677422,88.444824,1,2,3,4
19.1747742,0.0024529,0.241077,9.794421,-0.060419,9.797574,90.353325,88.590027,1,2,3,4
19.1772251,0.0024509,0.260219,9.78485,-0.079561,9.788633,90.465698,88.476631,1,2,3,4
19.1796799,0.0024548,0.212363,9.780065,-0.093918,9.782821,90.550064,88.756081,1,2,3,4
19.1821308,0.0024509,0.207577,9.787243,-0.14656,9.790541,90.857727,88.784996,1,2,3,4
19.1845837,0.0024529,0.238684,9.775279,-0.127418,9.779023,90.746567,88.60128,1,2,3,4
19.1870365,0.0024528,0.238684,9.780065,-0.125025,9.783775,90.732193,88.601967,1,2,3,4
19.1894894,0.0024529,0.221934,9.782457,-0.129811,9.785835,90.760063,88.700356,1,2,3,4
19.1919403,0.0024509,0.233898,9.760921,-0.144168,9.764788,90.845947,88.627296,1,2,3,4
19.1943932,0.0024529,0.207577,9.772886,-0.177667,9.776705,91.041267,88.783211,1,2,3,4
19.196846,0.0024528,0.219541,9.777672,-0.168096,9.781581,90.984673,88.713737,1,2,3,4
19.199297,0.002451,0.229113,9.792028,-0.110668,9.795333,90.647346,88.659645,1,2,3,4
19.2017498,0.0024528,0.214756,9.794421,-0.10349,9.797322,90.605232,88.743912,1,2,3,4
19.2042027,0.0024529,0.20997,9.8016,-0.120239,9.804585,90.702667,88.772797,1,2,3,4
19.2066555,0.0024528,0.233898,9.775279,-0.139382,9.779071,90.816666,88.629311,1,2,3,4
19.2091064,0.0024509,0.255434,9.787243,-0.120239,9.791314,90.703621,88.504997,1,2,3,4
19.2115612,0.0024548,0.245863,9.8016,-0.125025,9.80548,90.730568,88.563095,1,2,3,4
19.2140121,0.0024509,0.262612,9.8016,-0.08674,9.8055,90.506844,88.465256,1,2,3,4
19.216465,0.0024529,0.260219,9.780065,-0.158524,9.78481,90.928291,88.475883,1,2,3,4
19.2189159,0.0024509,0.241077,9.753743,-0.151346,9.757895,90.888702,88.584145,1,2,3,4
19.2213688,0.0024529,0.219541,9.7681,-0.141775,9.771595,90.831329,88.712471,1,2,3,4
19.2238197,0.0024509,0.217149,9.787243,-0.125025,9.79045,90.731689,88.728989,1,2,3,4
19.2262726,0.0024529,0.260219,9.78485,-0.108275,9.788909,90.633759,88.476631,1,2,3,4
19.2287254,0.0024528,0.24347,9.8016,-0.113061,9.805275,90.660667,88.57708,1,2,3,4
19.2311783,0.0024529,0.245863,9.811171,-0.105882,9.814822,90.618118,88.564499,1,2,3,4
19.2336292,0.0024509,0.267398,9.789636,-0.065204,9.793504,90.381477,88.435387,1,2,3,4
19.2360802,0.002451,0.260219,9.808778,-0.065204,9.812446,90.380737,88.480339,1,2,3,4
19.2385349,0.0024547,0.257827,9.849456,-0.046062,9.852938,90.267853,88.500526,1,2,3,4
19.2409859,0.002451,0.231506,9.837492,-0.041276,9.840302,90.240334,88.651909,1,2,3,4
19.2434387,0.0024528,0.238684,9.823135,-0.031705,9.826086,90.184868,88.608093,1,2,3,4
19.2458916,0.0024529,0.276969,9.832706,-0.077169,9.836909,90.449478,88.386513,1,2,3,4
19.2483444,0.0024528,0.260219,9.837492,-0.050847,9.841064,90.296043,88.484779,1,2,3,4
19.2507973,0.0024529,0.272184,9.839885,0.001795,9.843649,89.989555,88.415527,1,2,3,4
19.253252,0.0024547,0.284148,9.849456,-0.014955,9.853565,90.08696,88.347527,1,2,3,4
19.255703,0.002451,0.236291,9.854242,-0.05324,9.857219,90.309464,88.626389,1,2,3,4
19.2581558,0.0024528,0.262612,9.84467,-0.046062,9.84828,90.267982,88.471962,1,2,3,4
19.2606106,0.0024548,0.202792,9.873384,-0.048455,9.875586,90.28112,88.823357,1,2,3,4
19.2630615,0.0024509,0.231506,9.835099,-0.036491,9.837892,90.212524,88.651581,1,2,3,4
19.2655144,0.0024529,0.212363,9.847063,-0.024526,9.849383,90.142677,88.764542,1,2,3,4
19.2679691,0.0024547,0.200399,9.861421,-0.038883,9.863533,90.225868,88.835823,1,2,3,4
19.2704201,0.002451,0.22672,9.875777,-0.034098,9.878438,90.197769,88.684883,1,2,3,4
19.2728729,0.0024528,0.233898,9.902099,0.018544,9.904879,89.892731,88.646866,1,2,3,4
19.2753277,0.0024548,0.229113,9.892527,-0.055633,9.895336,90.322128,88.673256,1,2,3,4
19.2777786,0.0024509,0.233898,9.875777,-0.101097,9.879065,90.586342,88.643257,1,2,3,4
19.2802315,0.0024529,0.255434,9.863813,-0.062812,9.86732,90.364723,88.516594,1,2,3,4
19.2826862,0.0024547,0.274576,9.830314,-0.012562,9.834156,90.073189,88.400055,1,2,3,4
19.2851372,0.002451,0.276969,9.854242,-0.062812,9.858335,90.365059,88.390038,1,2,3,4
19.28759,0.0024528,0.281755,9.870992,-0.096311,9.875482,90.558792,88.365005,1,2,3,4
19.290041,0.002451,0.276969,9.84467,-0.096311,9.849037,90.560287,88.388474,1,2,3,4
19.2924957,0.0024547,0.255434,9.84467,-0.05324,9.848127,90.309753,88.51371,1,2,3,4
19.2949467,0.002451,0.248255,9.856635,-0.108275,9.860355,90.629173,88.55722,1,2,3,4
19.2973995,0.0024528,0.233898,9.868599,-0.144168,9.872423,90.836723,88.642273,1,2,3,4
19.2998524,0.0024529,0.236291,9.849456,-0.141775,9.85331,90.824432,88.625725,1,2,3,4
19.3023052,0.0024528,0.253041,9.870992,-0.125025,9.875027,90.725426,88.531555,1,2,3,4
19.3047581,0.0024529,0.238684,9.882956,-0.144168,9.886889,90.835503,88.616516,1,2,3,4
19.3072128,0.0024547,0.190828,9.861421,-0.125025,9.864059,90.726234,88.891411,1,2,3,4
19.3096638,0.002451,0.22672,9.885348,-0.098704,9.88844,90.571922,88.686157,1,2,3,4
19.3121166,0.0024528,0.188435,9.87817,-0.113061,9.880613,90.655632,88.907166,1,2,3,4
19.3145714,0.0024548,0.176471,9.894919,-0.194417,9.898402,91.125435,88.978271,1,2,3,4
19.3170242,0.0024528,0.20997,9.914063,-0.199202,9.918286,91.150826,88.786713,1,2,3,4
19.3194771,0.0024529,0.238684,9.906884,-0.093918,9.910204,90.542999,88.619858,1,2,3,4
19.3219318,0.0024547,0.233898,9.91167,-0.084347,9.914788,90.487434,88.64817,1,2,3,4
19.3243847,0.0024529,0.241077,9.933205,-0.127418,9.936947,90.734703,88.609718,1,2,3,4
19.3268356,0.0024509,0.231506,9.902099,-0.129811,9.905656,90.750862,88.660698,1,2,3,4
19.3292904,0.0024548,0.24347,9.909277,-0.067597,9.912498,90.390724,88.592529,1,2,3,4
19.3317432,0.0024528,0.224327,9.887741,-0.065204,9.8905,90.377731,88.700333,1,2,3,4
19.3341961,0.0024529,0.231506,9.930812,-0.072383,9.933774,90.417488,88.664574,1,2,3,4
19.3366489,0.0024528,0.238684,9.899706,-0.108275,9.903174,90.62645,88.618851,1,2,3,4
19.3391018,0.0024529,0.183649,9.918848,-0.120239,9.921277,90.694405,88.939278,1,2,3,4
19.3415546,0.0024528,0.195613,9.916455,-0.125025,9.919172,90.722198,88.869926,1,2,3,4
19.3440094,0.0024548,0.207577,9.897313,-0.127418,9.90031,90.737419,88.798508,1,2,3,4
19.3464603,0.0024509,0.198006,9.921241,-0.079561,9.923535,90.459373,88.856651,1,2,3,4
19.3489132,0.0024529,0.212363,9.916455,-0.017348,9.918744,90.100212,88.773186,1,2,3,4
19.3513641,0.0024509,0.171685,9.899706,-0.062812,9.901393,90.363472,89.006454,1,2,3,4
19.3538189,0.0024548,0.178863,9.906884,-0.089133,9.908899,90.515396,88.965668,1,2,3,4
19.3562717,0.0024528,0.217149,9.899706,-0.117847,9.902788,90.681854,88.743423,1,2,3,4
19.3587265,0.0024548,0.231506,9.921241,-0.077169,9.924242,90.445526,88.663284,1,2,3,4
19.3611774,0.0024509,0.260219,9.904491,-0.077169,9.90821,90.446243,88.495018,1,2,3,4
19.3636303,0.0024529,0.231506,9.928419,-0.115454,9.931789,90.666061,88.664253,1,2,3,4
19.3660831,0.0024528,0.260219,9.914063,-0.093918,9.917921,90.542572,88.496475,1,2,3,4
19.3685379,0.0024548,0.265005,9.885348,-0.108275,9.889493,90.627319,88.464394,1,2,3,4
19.3709908,0.0024529,0.281755,9.897313,-0.084347,9.901682,90.488075,88.369354,1,2,3,4
19.3734455,0.0024547,0.276969,9.854242,-0.093918,9.858582,90.545837,88.390038,1,2,3,4
19.3758984,0.0024529,0.274576,9.856635,-0.127418,9.861282,90.740341,88.40432,1,2,3,4
19.3783493,0.0024509,0.267398,9.885348,-0.108275,9.889557,90.627312,88.450531,1,2,3,4
19.3808022,0.0024529,0.253041,9.863813,-0.113061,9.867706,90.656487,88.530487,1,2,3,4
19.383255,0.0024528,0.229113,9.847063,-0.096311,9.850199,90.560226,88.66713,1,2,3,4
19.3857079,0.0024529,0.260219,9.854242,-0.160917,9.858991,90.935219,88.48735,1,2,3,4
19.3881607,0.0024528,0.212363,9.902099,-0.156132,9.905606,90.90313,88.771408,1,2,3,4
19.3906136,0.0024529,0.229113,9.885348,-0.139382,9.888985,90.807594,88.672295,1,2,3,4
19.3930645,0.0024509,0.217149,9.894919,-0.18006,9.89894,91.042259,88.742821,1,2,3,4
19.3955173,0.0024528,0.229113,9.870992,-0.18006,9.875292,91.044754,88.670364,1,2,3,4
19.3979721,0.0024548,0.229113,9.863813,-0.177667,9.868073,91.031624,88.669395,1,2,3,4
19.400423,0.0024509,0.233898,9.892527,-0.165703,9.896679,90.959366,88.645554,1,2,3,4
19.4028759,0.0024529,0.233898,9.868599,-0.151346,9.872531,90.87838,88.642273,1,2,3,4
19.4053288,0.0024529,0.207577,9.873384,-0.165703,9.876956,90.961281,88.795593,1,2,3,4
19.4077816,0.0024528,0.200399,9.839885,-0.129811,9.842781,90.755661,88.833275,1,2,3,4
19.4102345,0.0024529,0.195613,9.808778,-0.101097,9.811249,90.590393,88.857521,1,2,3,4
19.4126854,0.0024509,0.229113,9.847063,-0.122632,9.850492,90.71331,88.66713,1,2,3,4
19.4151402,0.0024548,0.212363,9.847063,-0.144168,9.850408,90.838593,88.764542,1,2,3,4
19.417593,0.0024528,0.221934,9.84467,-0.10349,9.847715,90.602135,88.708565,1,2,3,4
19.4200478,0.0024548,0.200399,9.794421,-0.081954,9.796814,90.479309,88.827866,1,2,3,4
19.4224987,0.0024509,0.20997,9.813564,-0.153739,9.817015,90.897316,88.774292,1,2,3,4
19.4249516,0.0024529,0.188435,9.827921,-0.165703,9.831123,90.965759,88.901581,1,2,3,4
19.4274044,0.0024528,0.202792,9.815957,-0.127418,9.818878,90.743538,88.816475,1,2,3,4
19.4298592,0.0024548,0.24347,9.837492,-0.031705,9.840555,90.184601,88.582268,1,2,3,4
19.4323101,0.0024509,0.159721,9.827921,-0.067597,9.829452,90.394028,89.068924,1,2,3,4
19.434763,0.0024529,0.217149,9.832706,-0.168096,9.83654,90.979172,88.734871,1,2,3,4
19.4372177,0.0024547,0.217149,9.825528,-0.16331,9.829285,90.951996,88.73394,1,2,3,4
19.4396706,0.0024529,0.214756,9.866206,-0.165703,9.869934,90.961967,88.753052,1,2,3,4
19.4421215,0.0024509,0.233898,9.839885,-0.151346,9.843828,90.880943,88.638313,1,2,3,4
19.4445763,0.0024548,0.176471,9.87817,-0.098704,9.880239,90.572395,88.97654,1,2,3,4
19.4470272,0.0024509,0.241077,9.851849,-0.134596,9.855718,90.782494,88.598236,1,2,3,4
19.4494801,0.0024529,0.224327,9.81835,-0.139382,9.821901,90.81311,88.691147,1,2,3,4
19.4519367,0.0024566,0.257827,9.830314,-0.148953,9.834823,90.867805,88.497604,1,2,3,4
19.4543877,0.002451,0.255434,9.847063,-0.153739,9.851575,90.894165,88.514076,1,2,3,4
19.4568405,0.0024528,0.286541,9.851849,-0.14656,9.857104,90.851936,88.334023,1,2,3,4
19.4592953,0.0024548,0.24347,9.868599,-0.148953,9.872725,90.864471,88.586731,1,2,3,4
19.4617481,0.0024528,0.200399,9.832706,-0.110668,9.835371,90.644707,88.832428,1,2,3,4
19.464201,0.0024529,0.214756,9.832706,-0.101097,9.835571,90.588936,88.748802,1,2,3,4
19.4666557,0.0024547,0.224327,9.870992,-0.081954,9.87388,90.475563,88.698128,1,2,3,4
19.4691067,0.002451,0.212363,9.835099,-0.136989,9.838346,90.797813,88.763039,1,2,3,4
19.4715595,0.0024528,0.195613,9.842278,-0.136989,9.845175,90.797256,88.861404,1,2,3,4
19.4740143,0.0024548,0.233898,9.827921,-0.105882,9.831274,90.617088,88.63665,1,2,3,4
19.4764652,0.0024509,0.221934,9.827921,-0.132203,9.831315,90.770493,88.706367,1,2,3,4
19.4789181,0.0024529,0.22672,9.813564,-0.105882,9.816753,90.617996,88.676544,1,2,3,4
19.4813709,0.0024528,0.186042,9.842278,-0.077169,9.844338,90.449142,88.917107,1,2,3,4
19.4838219,0.002451,0.198006,9.796814,-0.079561,9.799138,90.465202,88.84214,1,2,3,4
19.4862747,0.0024528,0.217149,9.823135,-0.101097,9.826056,90.589508,88.733635,1,2,3,4
19.4887257,0.002451,0.205185,9.832706,-0.093918,9.835296,90.547134,88.80455,1,2,3,4
19.4911804,0.0024547,0.238684,9.808778,-0.05324,9.811826,90.310898,88.606056,1,2,3,4
19.4936314,0.002451,0.24347,9.813564,-0.041276,9.81667,90.240913,88.578812,1,2,3,4
19.4960842,0.0024528,0.236291,9.830314,-0.031705,9.833204,90.184738,88.623047,1,2,3,4
19.4985371,0.0024529,0.229113,9.827921,-0.084347,9.830953,90.491592,88.664536,1,2,3,4
19.5009899,0.0024528,0.205185,9.854242,-0.065204,9.856594,90.379028,88.807159,1,2,3,4
19.5034428,0.0024529,0.255434,9.815957,-0.055633,9.819438,90.324615,88.509369,1,2,3,4
19.5058975,0.0024547,0.236291,9.837492,-0.072383,9.840595,90.421448,88.624054,1,2,3,4
19.5083504,0.0024529,0.233898,9.81835,-0.060419,9.821321,90.352478,88.635323,1,2,3,4
19.5108032,0.0024528,0.233898,9.868599,-0.105882,9.871938,90.61454,88.642273,1,2,3,4
19.513258,0.0024548,0.207577,9.873384,-0.127418,9.876389,90.739204,88.795593,1,2,3,4
19.5157089,0.0024509,0.200399,9.854242,-0.177667,9.857881,91.032692,88.834976,1,2,3,4
19.5181618,0.0024529,0.224327,9.851849,-0.127418,9.855227,90.740799,88.695595,1,2,3,4
19.5206165,0.0024547,0.262612,9.882956,-0.125025,9.887235,90.724533,88.477882,1,2,3,4
19.5230675,0.002451,0.207577,9.861421,-0.122632,9.864367,90.712311,88.794136,1,2,3,4
19.5255203,0.0024528,0.217149,9.84467,-0.117847,9.84777,90.685661,88.736404,1,2,3,4
19.5279751,0.0024548,0.250648,9.847063,-0.139382,9.851239,90.810684,88.541901,1,2,3,4
19.5304279,0.0024528,0.224327,9.859028,-0.098704,9.862074,90.573448,88.696548,1,2,3,4
19.5328789,0.002451,0.250648,9.839885,-0.108275,9.843673,90.630234,88.54084,1,2,3,4
19.5353336,0.0024547,0.183649,9.811171,-0.089133,9.813294,90.520416,88.927643,1,2,3,4
19.5377846,0.002451,0.24347,9.78485,-0.093918,9.788329,90.549759,88.574646,1,2,3,4
19.5402374,0.0024528,0.233898,9.799207,-0.081954,9.802341,90.479034,88.63266,1,2,3,4
19.5426922,0.0024548,0.245863,9.808778,-0.041276,9.811945,90.241028,88.564148,1,2,3,4
19.545145,0.0024528,0.260219,9.813564,-0.050847,9.817145,90.296761,88.481087,1,2,3,4
19.5475979,0.0024529,0.229113,9.835099,-0.041276,9.837854,90.240395,88.665512,1,2,3,4
19.5500526,0.0024547,0.195613,9.847063,-0.022134,9.84903,90.128761,88.861961,1,2,3,4
19.5525036,0.002451,0.260219,9.851849,-0.065204,9.8555,90.379074,88.486984,1,2,3,4
19.5549564,0.0024528,0.255434,9.815957,-0.10349,9.819825,90.603844,88.509369,1,2,3,4
19.5574112,0.0024548,0.22672,9.813564,-0.046062,9.816291,90.268852,88.676544,1,2,3,4
19.559864,0.0024528,0.229113,9.842278,-0.034098,9.845003,90.198441,88.666489,1,2,3,4
19.562315,0.002451,0.248255,9.832706,-0.029312,9.835883,90.170746,88.553711,1,2,3,4
19.5647678,0.0024528,0.265005,9.832706,-0.067597,9.836509,90.393745,88.456169,1,2,3,4
19.5672226,0.0024548,0.186042,9.84467,-0.034098,9.846487,90.19841,88.917366,1,2,3,4
19.5696735,0.0024509,0.195613,9.811171,-0.046062,9.813229,90.268936,88.857796,1,2,3,4
19.5721264,0.0024529,0.190828,9.839885,-0.046062,9.841843,90.268158,88.888985,1,2,3,4
19.5745811,0.0024547,0.186042,9.859028,-0.048455,9.860903,90.28154,88.918945,1,2,3,4
19.577034,0.0024529,0.183649,9.835099,-0.043669,9.836911,90.254356,88.930252,1,2,3,4
19.5794868,0.0024528,0.22672,9.803992,-0.024526,9.806643,90.143295,88.675255,1,2,3,4
19.5819397,0.0024529,0.169292,9.823135,-0.055633,9.824752,90.32444,89.012657,1,2,3,4
19.5843925,0.0024528,0.200399,9.825528,-0.038883,9.827648,90.226692,88.831573,1,2,3,4
19.5868454,0.0024529,0.245863,9.823135,-0.067597,9.826445,90.39415,88.566246,1,2,3,4
19.5892982,0.0024528,0.253041,9.830314,-0.072383,9.833837,90.421738,88.525482,1,2,3,4
19.5917511,0.0024529,0.212363,9.815957,-0.065204,9.81847,90.380501,88.760628,1,2,3,4
19.5942039,0.0024528,0.205185,9.81835,-0.101097,9.821014,90.589806,88.802803,1,2,3,4
19.5966587,0.0024548,0.24347,9.813564,-0.101097,9.817105,90.590042,88.578812,1,2,3,4
19.5991116,0.0024529,0.250648,9.806385,-0.089133,9.809993,90.520592,88.535858,1,2,3,4
19.6015644,0.0024528,0.257827,9.851849,-0.16331,9.856575,90.949356,88.500893,1,2,3,4
19.6040192,0.0024548,0.279362,9.839885,-0.187238,9.84563,91.089684,88.373764,1,2,3,4
19.606472,0.0024528,0.233898,9.8016,-0.156132,9.805633,90.912338,88.632996,1,2,3,4
19.6089249,0.0024529,0.221934,9.787243,-0.14656,9.790855,90.857697,88.700989,1,2,3,4
19.6113777,0.0024528,0.291326,9.815957,-0.134596,9.821201,90.785248,88.300026,1,2,3,4
19.6138306,0.0024529,0.186042,9.799207,-0.172881,9.802497,91.010551,88.912346,1,2,3,4
19.6162834,0.0024528,0.236291,9.830314,-0.115454,9.833831,90.672691,88.623047,1,2,3,4
19.6187382,0.0024548,0.224327,9.803992,-0.093918,9.807008,90.548714,88.689232,1,2,3,4
19.621191,0.0024528,0.250648,9.777672,-0.122632,9.781652,90.71833,88.531555,1,2,3,4
19.6236439,0.0024529,0.214756,9.825528,-0.160917,9.829192,90.938049,88.747887,1,2,3,4
19.6260967,0.0024528,0.233898,9.825528,-0.113061,9.828961,90.659081,88.636322,1,2,3,4
19.6285496,0.0024529,0.207577,9.847063,-0.081954,9.849592,90.476738,88.792374,1,2,3,4
19.6310005,0.0024509,0.233898,9.823135,-0.08674,9.826303,90.505775,88.635986,1,2,3,4
19.6334553,0.0024548,0.181256,9.806385,-0.139382,9.80905,90.814171,88.941093,1,2,3,4
19.6359081,0.0024528,0.164507,9.792028,-0.136989,9.794368,90.801392,89.037521,1,2,3,4
19.6383591,0.002451,0.195613,9.803992,-0.132203,9.806834,90.772415,88.856964,1,2,3,4
19.6408138,0.0024547,0.19322,9.780065,-0.105882,9.782546,90.620155,88.868179,1,2,3,4
19.6432648,0.002451,0.20997,9.813564,-0.101097,9.816331,90.590088,88.774292,1,2,3,4
19.6457176,0.0024528,0.221934,9.7681,-0.098704,9.771119,90.578789,88.698448,1,2,3,4
19.6481686,0.002451,0.217149,9.792028,-0.115454,9.795116,90.675354,88.729614,1,2,3,4
19.6506233,0.0024547,0.183649,9.78485,-0.132203,9.787467,90.773941,88.924759,1,2,3,4
19.6530762,0.0024529,0.190828,9.792028,-0.125025,9.794685,90.731377,88.88356,1,2,3,4
19.655529,0.0024528,0.181256,9.775279,-0.127418,9.77779,90.746666,88.937729,1,2,3,4
19.6579819,0.0024529,0.250648,9.796814,-0.158524,9.801302,90.926735,88.534424,1,2,3,4
19.6604347,0.0024528,0.159721,9.811171,-0.16331,9.813829,90.953491,89.067337,1,2,3,4
19.6628876,0.0024529,0.174078,9.823135,-0.156132,9.825918,90.910454,88.984756,1,2,3,4
19.6653423,0.0024547,0.212363,9.787243,-0.177667,9.791159,91.039726,88.756996,1,2,3,4
19.6677933,0.002451,0.217149,9.8016,-0.199202,9.806028,91.164001,88.73085,1,2,3,4
19.6702461,0.0024528,0.205185,9.777672,-0.175274,9.781395,91.026749,88.797821,1,2,3,4
19.6727009,0.0024548,0.274576,9.775279,-0.132203,9.780028,90.774529,88.391052,1,2,3,4
19.6751518,0.0024509,0.229113,9.813564,-0.110668,9.816862,90.645927,88.662582,1,2,3,4
19.6776047,0.0024529,0.20997,9.806385,-0.170489,9.810114,90.995789,88.773392,1,2,3,4
19.6800575,0.0024528,0.238684,9.803992,-0.156132,9.80814,90.912109,88.605377,1,2,3,4
19.6825104,0.0024529,0.236291,9.830314,-0.125025,9.833948,90.728455,88.623047,1,2,3,4
19.6849632,0.0024528,0.253041,9.830314,-0.120239,9.834306,90.700546,88.525482,1,2,3,4
19.6874161,0.0024529,0.221934,9.8016,-0.141775,9.805137,90.828484,88.702896,1,2,3,4
19.6898689,0.0024528,0.205185,9.820743,-0.132203,9.823775,90.77108,88.803093,1,2,3,4
19.6923218,0.0024529,0.229113,9.839885,-0.098704,9.843046,90.574562,88.666161,1,2,3,4
19.6947746,0.0024528,0.166899,9.851849,-0.108275,9.853857,90.629585,89.029449,1,2,3,4
19.6972275,0.0024529,0.140578,9.859028,-0.201595,9.862091,91.171288,89.183083,1,2,3,4
19.6996803,0.0024528,0.205185,9.835099,-0.175274,9.8388,91.020752,88.80484,1,2,3,4
19.7021351,0.0024548,0.186042,9.859028,-0.091525,9.861208,90.531792,88.918945,1,2,3,4
19.704586,0.0024509,0.221934,9.873384,-0.139382,9.876862,90.808586,88.712318,1,2,3,4
19.7070389,0.0024529,0.19322,9.830314,-0.189631,9.834041,91.104912,88.873962,1,2,3,4
19.7094898,0.0024509,0.200399,9.832706,-0.168096,9.836185,90.979202,88.832428,1,2,3,4
19.7119446,0.0024548,0.221934,9.851849,-0.115454,9.855024,90.671249,88.709503,1,2,3,4
19.7143955,0.0024509,0.207577,9.825528,-0.134596,9.828643,90.784653,88.789734,1,2,3,4
19.7168484,0.0024529,0.195613,9.803992,-0.182453,9.80764,91.065941,88.856964,1,2,3,4
19.7193012,0.0024528,0.202792,9.787243,-0.125025,9.790142,90.731712,88.813004,1,2,3,4
19.7217522,0.002451,0.272184,9.81835,-0.096311,9.822594,90.561798,88.412056,1,2,3,4
19.724205,0.0024528,0.219541,9.81835,-0.10349,9.821349,90.603752,88.719063,1,2,3,4
19.7266579,0.0024529,0.267398,9.803992,-0.175274,9.809204,91.023834,88.437683,1,2,3,4
19.7291088,0.0024509,0.183649,9.837492,-0.134596,9.840127,90.783737,88.930511,1,2,3,4
19.7315598,0.002451,0.238684,9.823135,-0.084347,9.826397,90.491814,88.608093,1,2,3,4
19.7340107,0.0024509,0.186042,9.813564,-0.113061,9.815979,90.65995,88.91394,1,2,3,4
19.7364655,0.0024548,0.169292,9.811171,-0.132203,9.813522,90.771889,89.011459,1,2,3,4
19.7389164,0.0024509,0.183649,9.803992,-0.129811,9.806572,90.758453,88.926857,1,2,3,4
19.7413673,0.0024509,0.186042,9.825528,-0.084347,9.827651,90.491753,88.91526,1,2,3,4
19.7438221,0.0024548,0.195613,9.827921,-0.125025,9.830663,90.728699,88.859749,1,2,3,4
19.746273,0.0024509,0.190828,9.837492,-0.129811,9.840199,90.755859,88.888718,1,2,3,4
19.748724,0.002451,0.200399,9.851849,-0.108275,9.854482,90.629547,88.834694,1,2,3,4
19.7511749,0.0024509,0.214756,9.875777,-0.084347,9.878472,90.489227,88.754257,1,2,3,4
19.7536297,0.0024548,0.233898,9.832706,-0.062812,9.835689,90.365898,88.637314,1,2,3,4
19.7560806,0.0024509,0.22672,9.842278,-0.029312,9.844933,90.170593,88.680405,1,2,3,4
19.7585316,0.002451,0.253041,9.847063,-0.036491,9.850382,90.21225,88.527985,1,2,3,4
19.7609844,0.0024528,0.233898,9.84467,-0.058026,9.847619,90.337608,88.638969,1,2,3,4
19.7634354,0.002451,0.22672,9.849456,-0.065204,9.852281,90.379196,88.681366,1,2,3,4
19.7658882,0.0024528,0.214756,9.839885,0.013759,9.842237,89.919907,88.749718,1,2,3,4
19.7683392,0.002451,0.250648,9.837492,-0.041276,9.840771,90.240326,88.540482,1,2,3,4
19.770792,0.0024528,0.207577,9.823135,-0.08674,9.825711,90.505806,88.789436,1,2,3,4
19.773243,0.002451,0.195613,9.890134,-0.081954,9.892407,90.474678,88.866913,1,2,3,4
19.7756958,0.0024528,0.186042,9.861421,-0.084347,9.863537,90.489967,88.919205,1,2,3,4
19.7781487,0.0024529,0.20997,9.861421,-0.067597,9.863888,90.392654,88.780235,1,2,3,4
19.7806015,0.0024528,0.181256,9.873384,-0.113061,9.875695,90.65596,88.94828,1,2,3,4
19.7830524,0.0024509,0.20997,9.87817,-0.120239,9.881133,90.697227,88.782303,1,2,3,4
19.7855034,0.002451,0.205185,9.882956,-0.151346,9.886244,90.877159,88.810631,1,2,3,4
19.7879562,0.0024528,0.202792,9.87817,-0.139382,9.881234,90.808228,88.823921,1,2,3,4
19.7904072,0.002451,0.207577,9.894919,-0.115454,9.89777,90.66835,88.798218,1,2,3,4
19.7928581,0.0024509,0.284148,9.875777,-0.120239,9.880596,90.697266,88.351929,1,2,3,4
19.7953129,0.0024548,0.293719,9.868599,-0.132203,9.873855,90.767174,88.295212,1,2,3,4
19.7977638,0.0024509,0.288933,9.870992,-0.125025,9.876011,90.725349,88.32338,1,2,3,4
19.8002167,0.0024529,0.341575,9.875777,-0.115454,9.882357,90.669388,88.019089,1,2,3,4
19.8026676,0.0024509,0.279362,9.880563,-0.113061,9.885158,90.655334,88.380455,1,2,3,4
19.8051205,0.0024529,0.315254,9.832706,-0.098704,9.838254,90.574837,88.16362,1,2,3,4
19.8075714,0.0024509,0.284148,9.856635,-0.122632,9.861492,90.712517,88.348732,1,2,3,4
19.8100224,0.002451,0.300897,9.837492,-0.127418,9.842917,90.741722,88.248055,1,2,3,4
19.8124771,0.0024547,0.269791,9.84467,-0.110668,9.848988,90.643814,88.430214,1,2,3,4
19.8149281,0.002451,0.265005,9.868599,-0.10349,9.872699,90.600609,88.461784,1,2,3,4
19.817379,0.0024509,0.272184,9.839885,-0.158524,9.844925,90.922623,88.415527,1,2,3,4
19.8198299,0.0024509,0.279362,9.851849,-0.144168,9.856863,90.838043,88.37574,1,2,3,4
19.8222828,0.0024529,0.281755,9.885348,-0.110668,9.889981,90.641151,88.367386,1,2,3,4
19.8247356,0.0024528,0.274576,9.856635,-0.091525,9.860884,90.531807,88.40432,1,2,3,4
19.8271866,0.002451,0.30329,9.873384,-0.074776,9.878325,90.433716,88.240547,1,2,3,4
19.8296394,0.0024528,0.279362,9.897313,-0.024526,9.901285,90.14193,88.383194,1,2,3,4
19.8320923,0.0024529,0.281755,9.847063,-0.048455,9.851213,90.281822,88.361038,1,2,3,4
19.8345432,0.0024509,0.327219,9.832706,-0.034098,9.838208,90.198578,88.093979,1,2,3,4
19.836998,0.0024548,0.274576,9.84467,-0.029312,9.848542,90.170532,88.402382,1,2,3,4
19.8394489,0.0024509,0.260219,9.847063,-0.022134,9.850526,90.128738,88.486252,1,2,3,4
19.8418999,0.002451,0.257827,9.811171,0.016152,9.814571,89.905708,88.494675,1,2,3,4
19.8443527,0.0024528,0.300897,9.837492,0.020937,9.842114,89.878113,88.248055,1,2,3,4
19.8468056,0.0024529,0.281755,9.782457,0.020937,9.786536,89.877419,88.35022,1,2,3,4
19.8492565,0.0024509,0.281755,9.811171,0.00658,9.815218,89.961586,88.355049,1,2,3,4
19.8517094,0.0024529,0.281755,9.837492,-0.000598,9.841526,90.003479,88.359444,1,2,3,4
19.8541622,0.0024528,0.255434,9.811171,-0.019741,9.814515,90.115242,88.508644,1,2,3,4
19.8566132,0.002451,0.308076,9.825528,-0.079561,9.830679,90.463707,88.204102,1,2,3,4
19.859066,0.0024528,0.32004,9.832706,-0.05324,9.838058,90.310066,88.135765,1,2,3,4
19.861517,0.002451,0.327219,9.820743,-0.091525,9.826618,90.533661,88.09166,1,2,3,4
19.8639717,0.0024547,0.276969,9.859028,-0.101097,9.863436,90.587273,88.390816,1,2,3,4
19.8664227,0.002451,0.305683,9.842278,-0.168096,9.848458,90.977982,88.221069,1,2,3,4
19.8688755,0.0024528,0.279362,9.842278,-0.148953,9.847368,90.866699,88.374161,1,2,3,4
19.8713284,0.0024529,0.293719,9.825528,-0.10349,9.830462,90.603188,88.287743,1,2,3,4
19.8737812,0.0024528,0.255434,9.830314,-0.153739,9.834834,90.895691,88.511543,1,2,3,4
19.8762321,0.0024509,0.317647,9.835099,-0.201595,9.842293,91.173645,88.150146,1,2,3,4
19.878685,0.0024529,0.262612,9.820743,-0.18006,9.825903,91.050003,88.468246,1,2,3,4
19.8811359,0.0024509,0.255434,9.842278,-0.110668,9.846213,90.643997,88.513351,1,2,3,4
19.8835888,0.0024529,0.253041,9.832706,-0.117847,9.836668,90.68644,88.525841,1,2,3,4
19.8860397,0.0024509,0.274576,9.839885,-0.172881,9.845233,91.006157,88.401611,1,2,3,4
19.8884945,0.0024548,0.276969,9.832706,-0.156132,9.837846,90.909355,88.386513,1,2,3,4
19.8909454,0.0024509,0.24347,9.823135,-0.14656,9.827245,90.854523,88.580193,1,2,3,4
19.8933983,0.0024529,0.269791,9.835099,-0.172881,9.840318,91.00666,88.428688,1,2,3,4
19.8958511,0.0024528,0.276969,9.808778,-0.194417,9.814613,91.13504,88.382576,1,2,3,4
19.8983021,0.002451,0.22672,9.815957,-0.165703,9.819973,90.966858,88.676872,1,2,3,4
19.900753,0.0024509,0.248255,9.813564,-0.175274,9.818269,91.022888,88.550888,1,2,3,4
19.903204,0.002451,0.198006,9.851849,-0.141775,9.854858,90.824303,88.848602,1,2,3,4
19.9056587,0.0024547,0.250648,9.794421,-0.160917,9.798949,90.940948,88.534065,1,2,3,4
19.9081097,0.002451,0.238684,9.811171,-0.134596,9.814997,90.785744,88.606392,1,2,3,4
19.9105606,0.0024509,0.214756,9.8016,-0.136989,9.804909,90.800529,88.744835,1,2,3,4
19.9130154,0.0024548,0.195613,9.823135,-0.125025,9.825878,90.729057,88.859192,1,2,3,4
19.9154663,0.0024509,0.248255,9.839885,-0.117847,9.843721,90.685944,88.554764,1,2,3,4
19.9179173,0.002451,0.219541,9.837492,-0.125025,9.840735,90.727951,88.72155,1,2,3,4
19.9203682,0.0024509,0.219541,9.859028,-0.14656,9.86256,90.851463,88.724342,1,2,3,4
19.922821,0.0024528,0.207577,9.835099,-0.127418,9.838115,90.742081,88.790909,1,2,3,4
19.9252739,0.0024529,0.253041,9.823135,-0.096311,9.826866,90.561554,88.524406,1,2,3,4
19.9277248,0.0024509,0.24347,9.832706,-0.122632,9.836485,90.714333,88.581573,1,2,3,4
19.9301777,0.0024529,0.24347,9.837492,-0.156132,9.841743,90.908989,88.582268,1,2,3,4
19.9326286,0.0024509,0.221934,9.832706,-0.144168,9.836267,90.839798,88.706993,1,2,3,4
19.9350796,0.002451,0.253041,9.823135,-0.093918,9.826843,90.5476,88.524406,1,2,3,4
19.9375343,0.0024547,0.238684,9.803992,-0.05324,9.807042,90.31105,88.605377,1,2,3,4
19.9399853,0.002451,0.253041,9.823135,-0.098704,9.82689,90.5755,88.524406,1,2,3,4
19.9424362,0.0024509,0.272184,9.851849,-0.110668,9.856229,90.643341,88.417458,1,2,3,4
19.9448891,0.0024529,0.269791,9.851849,-0.122632,9.856305,90.712891,88.431358,1,2,3,4
19.9473419,0.0024528,0.281755,9.820743,-0.127418,9.825609,90.743027,88.356651,1,2,3,4
19.9497929,0.002451,0.286541,9.849456,-0.079561,9.853945,90.462616,88.333618,1,2,3,4
19.9522457,0.0024528,0.253041,9.839885,-0.101097,9.843657,90.588455,88.526917,1,2,3,4
19.9546986,0.0024529,0.221934,9.847063,-0.129811,9.850419,90.755074,88.708878,1,2,3,4
19.9571495,0.0024509,0.255434,9.851849,-0.115454,9.855836,90.671196,88.514793,1,2,3,4
19.9596024,0.0024529,0.188435,9.849456,-0.08674,9.85164,90.504471,88.903976,1,2,3,4
19.9620533,0.0024509,0.24347,9.84467,-0.098704,9.848175,90.574257,88.583298,1,2,3,4
19.9645061,0.0024528,0.253041,9.851849,-0.084347,9.855459,90.490364,88.528702,1,2,3,4
19.966959,0.0024529,0.250648,9.868599,-0.029312,9.871825,90.170128,88.545082,1,2,3,4
19.9694099,0.0024509,0.267398,9.842278,-0.017348,9.845924,90.100952,88.443756,1,2,3,4
19.9718628,0.0024529,0.286541,9.861421,-0.029312,9.865626,90.170235,88.33564,1,2,3,4
19.9743156,0.0024528,0.238684,9.84467,-0.067597,9.847795,90.393295,88.611137,1,2,3,4
19.9767666,0.002451,0.288933,9.81835,-0.091525,9.823027,90.533859,88.314392,1,2,3,4
19.9792175,0.0024509,0.291326,9.830314,-0.041276,9.834716,90.240471,88.302505,1,2,3,4
19.9816723,0.0024548,0.229113,9.87817,-0.026919,9.880863,90.156097,88.671326,1,2,3,4
19.9841232,0.0024509,0.260219,9.868599,-0.079561,9.87235,90.461754,88.489548,1,2,3,4
19.9865742,0.002451,0.250648,9.835099,-0.08674,9.838675,90.505135,88.540131,1,2,3,4
19.9890289,0.0024547,0.272184,9.830314,-0.091525,9.834507,90.533234,88.413986,1,2,3,4
19.9914799,0.002451,0.231506,9.84467,-0.115454,9.848069,90.671722,88.652893,1,2,3,4
19.9939327,0.0024528,0.260219,9.868599,-0.156132,9.873263,90.90609,88.489548,1,2,3,4
19.9963856,0.0024529,0.22672,9.84467,-0.084347,9.847642,90.490753,88.680725,1,2,3,4
19.9988365,0.0024509,0.233898,9.902099,-0.10349,9.905401,90.598625,88.646866,1,2,3,4
20.0012894,0.0024529,0.22672,9.873384,-0.08674,9.876368,90.503212,88.684563,1,2,3,4
20.0037403,0.0024509,0.24347,9.830314,-0.067597,9.833561,90.39386,88.58123,1,2,3,4
20.0061951,0.0024548,0.24347,9.856635,-0.127418,9.860465,90.740402,88.585022,1,2,3,4
20.008646,0.0024509,0.265005,9.859028,-0.172881,9.864104,91.004234,88.460289,1,2,3,4
20.011097,0.002451,0.279362,9.859028,-0.108275,9.86358,90.628967,88.376923,1,2,3,4
20.0135517,0.0024547,0.229113,9.849456,-0.055633,9.852277,90.323532,88.667458,1,2,3,4
20.0160027,0.002451,0.315254,9.861421,-0.10349,9.867002,90.600952,88.168968,1,2,3,4
20.0184536,0.0024509,0.265005,9.849456,-0.122632,9.853784,90.713074,88.458794,1,2,3,4
20.0209045,0.0024509,0.229113,9.799207,-0.115454,9.802565,90.674843,88.660629,1,2,3,4
20.0233593,0.0024548,0.276969,9.815957,-0.172881,9.821385,91.008606,88.383759,1,2,3,4
20.0258102,0.0024509,0.269791,9.856635,-0.096311,9.860797,90.559624,88.432121,1,2,3,4
20.0282612,0.002451,0.245863,9.827921,-0.151346,9.83216,90.881989,88.566948,1,2,3,4
20.030714,0.0024528,0.200399,9.856635,-0.141775,9.859692,90.823898,88.835258,1,2,3,4
20.0331669,0.0024529,0.248255,9.851849,-0.134596,9.855895,90.782478,88.556519,1,2,3,4
20.0356178,0.0024509,0.248255,9.851849,-0.192024,9.856847,91.116264,88.556519,1,2,3,4
20.0380688,0.002451,0.205185,9.832706,-0.177667,9.836452,91.034943,88.80455,1,2,3,4
20.0405235,0.0024547,0.229113,9.897313,-0.172881,9.901474,91.000443,88.673897,1,2,3,4
20.0429745,0.002451,0.188435,9.861421,-0.165703,9.864613,90.962486,88.905312,1,2,3,4
20.0454254,0.0024509,0.236291,9.861421,-0.177667,9.86585,91.031853,88.627388,1,2,3,4
20.0478802,0.0024548,0.214756,9.868599,-0.199202,9.872945,91.156113,88.753349,1,2,3,4
20.0503311,0.0024509,0.248255,9.894919,-0.158524,9.899302,90.917557,88.562798,1,2,3,4
20.0527821,0.002451,0.281755,9.863813,-0.16331,9.869188,90.948143,88.363823,1,2,3,4
20.0552349,0.0024528,0.255434,9.904491,-0.14656,9.908869,90.847481,88.52269,1,2,3,4
20.0576878,0.0024529,0.284148,9.87817,-0.096311,9.882726,90.55838,88.352325,1,2,3,4
20.0601387,0.0024509,0.269791,9.863813,-0.081954,9.867843,90.475861,88.433258,1,2,3,4
20.0625896,0.0024509,0.293719,9.84467,-0.098704,9.849545,90.574181,88.291069,1,2,3,4
20.0650425,0.0024529,0.269791,9.842278,-0.117847,9.84668,90.685738,88.429832,1,2,3,4
20.0674953,0.0024528,0.241077,9.825528,-0.113061,9.829135,90.659065,88.594482,1,2,3,4
20.0699463,0.002451,0.200399,9.849456,-0.067597,9.851727,90.393135,88.834412,1,2,3,4
20.0723991,0.0024528,0.241077,9.830314,-0.065204,9.833486,90.379921,88.595169,1,2,3,4
20.074852,0.0024529,0.202792,9.856635,-0.093918,9.859168,90.545807,88.821358,1,2,3,4
20.0773029,0.0024509,0.20997,9.854242,-0.113061,9.857127,90.657196,88.77935,1,2,3,4
20.0797539,0.002451,0.174078,9.837492,-0.136989,9.839986,90.797676,88.986237,1,2,3,4
20.0822086,0.0024547,0.142971,9.847063,-0.153739,9.849301,90.894371,89.168175,1,2,3,4
20.0846596,0.002451,0.169292,9.856635,-0.132203,9.858975,90.768326,89.016014,1,2,3,4
20.0871124,0.0024528,0.183649,9.84467,-0.127418,9.847208,90.741402,88.93129,1,2,3,4
20.0895653,0.0024529,0.205185,9.866206,-0.153739,9.869537,90.89254,88.808609,1,2,3,4
20.0920162,0.0024509,0.22672,9.861421,-0.113061,9.864675,90.656693,88.682968,1,2,3,4
20.0944672,0.002451,0.224327,9.863813,-0.096311,9.866834,90.55928,88.697182,1,2,3,4
20.0969181,0.0024509,0.248255,9.866206,-0.055633,9.869486,90.322968,88.558617,1,2,3,4
20.099371,0.0024529,0.267398,9.873384,-0.034098,9.877064,90.1978,88.448654,1,2,3,4
20.1018219,0.0024509,0.229113,9.887741,-0.074776,9.890677,90.433174,88.672615,1,2,3,4
20.1042747,0.0024528,0.255434,9.87817,-0.046062,9.881579,90.267082,88.518753,1,2,3,4
20.1067276,0.0024529,0.224327,9.837492,-0.050847,9.84018,90.296066,88.693695,1,2,3,4
20.1091785,0.0024509,0.24347,9.902099,-0.079561,9.905412,90.460213,88.591515,1,2,3,4
20.1116314,0.0024529,0.221934,9.870992,-0.089133,9.873889,90.51722,88.712006,1,2,3,4
20.1140823,0.0024509,0.233898,9.861421,-0.10349,9.864738,90.601089,88.641281,1,2,3,4
20.1165352,0.0024529,0.186042,9.882956,-0.141775,9.885724,90.821724,88.921562,1,2,3,4
20.118988,0.0024528,0.195613,9.873384,-0.170489,9.876794,90.989059,88.864998,1,2,3,4
20.121439,0.002451,0.205185,9.880563,-0.18006,9.884334,91.0438,88.810341,1,2,3,4
20.1238918,0.0024528,0.181256,9.866206,-0.175274,9.869428,91.017586,88.94751,1,2,3,4
20.1263447,0.0024529,0.24347,9.897313,-0.096311,9.900776,90.557358,88.590836,1,2,3,4
20.1287956,0.0024509,0.212363,9.882956,-0.079561,9.885557,90.461136,88.769028,1,2,3,4
20.1312485,0.0024529,0.214756,9.863813,-0.065204,9.866366,90.378654,88.752747,1,2,3,4
20.1336994,0.0024509,0.229113,9.873384,-0.072383,9.876307,90.419922,88.670685,1,2,3,4
20.1361523,0.0024529,0.255434,9.875777,-0.105882,9.879647,90.614067,88.518394,1,2,3,4
20.1386032,0.0024509,0.207577,9.875777,0.035294,9.878021,89.79528,88.795883,1,2,3,4
20.1410561,0.0024529,0.183649,9.84467,-0.024526,9.846414,90.142715,88.93129,1,2,3,4
20.143507,0.0024509,0.257827,9.859028,-0.084347,9.86276,90.490005,88.501984,1,2,3,4
20.1459579,0.0024509,0.176471,9.830314,-0.06999,9.832147,90.40786,88.971558,1,2,3,4
20.1484089,0.002451,0.22672,9.835099,-0.113061,9.838362,90.658447,88.679443,1,2,3,4
20.1508636,0.0024547,0.20997,9.842278,-0.019741,9.844537,90.114891,88.777863,1,2,3,4
20.1533146,0.002451,0.178863,9.856635,-0.10349,9.858801,90.601456,88.960396,1,2,3,4
20.1557674,0.0024528,0.198006,9.856635,-0.208774,9.860834,91.213158,88.849159,1,2,3,4
20.1582203,0.0024529,0.183649,9.849456,-0.144168,9.852222,90.83844,88.931808,1,2,3,4
20.1606712,0.0024509,0.183649,9.839885,-0.060419,9.841784,90.351738,88.930771,1,2,3,4
20.1631222,0.002451,0.188435,9.851849,-0.062812,9.85385,90.365227,88.904243,1,2,3,4
20.1655769,0.0024547,0.190828,9.84467,-0.117847,9.847224,90.685699,88.889526,1,2,3,4
20.1680279,0.002451,0.200399,9.830314,-0.172881,9.833876,91.007324,88.832138,1,2,3,4
20.1704788,0.0024509,0.231506,9.84467,-0.110668,9.848014,90.643883,88.652893,1,2,3,4
20.1729298,0.002451,0.231506,9.885348,-0.065204,9.888273,90.377815,88.658432,1,2,3,4
20.1753845,0.0024547,0.238684,9.842278,-0.031705,9.845222,90.184509,88.610802,1,2,3,4
20.1778355,0.002451,0.238684,9.811171,-0.062812,9.814275,90.366699,88.606392,1,2,3,4
20.1802864,0.0024509,0.253041,9.823135,-0.093918,9.826843,90.5476,88.524406,1,2,3,4
20.1827393,0.0024529,0.238684,9.811171,-0.10349,9.814619,90.604164,88.606392,1,2,3,4
20.1851921,0.0024528,0.221934,9.827921,-0.084347,9.830789,90.4916,88.706367,1,2,3,4
20.187645,0.0024529,0.22672,9.815957,-0.026919,9.818612,90.157089,88.676872,1,2,3,4
20.1900959,0.0024509,0.238684,9.835099,-0.081954,9.838336,90.477287,88.609787,1,2,3,4
20.1925488,0.0024529,0.183649,9.803992,-0.079561,9.806035,90.464874,88.926857,1,2,3,4
20.1950016,0.0024528,0.217149,9.803992,-0.079561,9.80672,90.464844,88.731163,1,2,3,4
20.1974525,0.0024509,0.248255,9.81835,-0.079561,9.821811,90.464127,88.551598,1,2,3,4
20.1999054,0.0024529,0.231506,9.811171,-0.079561,9.814224,90.464485,88.648293,1,2,3,4
20.2023582,0.0024528,0.202792,9.799207,-0.084347,9.801668,90.493057,88.814453,1,2,3,4
20.2048092,0.002451,0.178863,9.796814,-0.012562,9.798454,90.073456,88.954048,1,2,3,4
20.207262,0.0024528,0.178863,9.832706,-0.05324,9.834477,90.310181,88.957863,1,2,3,4
20.209713,0.002451,0.205185,9.803992,-0.06999,9.806389,90.408936,88.801048,1,2,3,4
20.2121639,0.0024509,0.202792,9.815957,-0.048455,9.818172,90.282768,88.816475,1,2,3,4
20.2146168,0.0024529,0.229113,9.799207,-0.036491,9.801952,90.213303,88.660629,1,2,3,4
20.2170696,0.0024528,0.20997,9.772886,-0.024526,9.775172,90.143761,88.769188,1,2,3,4
20.2195206,0.002451,0.221934,9.811171,-0.077169,9.813984,90.450531,88.704155,1,2,3,4
20.2219715,0.0024509,0.22672,9.794421,-0.062812,9.797246,90.367332,88.673965,1,2,3,4
20.2244225,0.002451,0.205185,9.782457,-0.072383,9.784877,90.423843,88.798409,1,2,3,4
20.2268772,0.0024547,0.214756,9.748958,-0.113061,9.751978,90.664284,88.73806,1,2,3,4
20.2293282,0.002451,0.214756,9.736994,-0.117847,9.740075,90.693245,88.736511,1,2,3,4
20.2317791,0.0024509,0.200399,9.739387,-0.113061,9.742105,90.664955,88.821243,1,2,3,4
20.2342319,0.0024528,0.20997,9.744172,-0.134596,9.747364,90.791191,88.765564,1,2,3,4
20.2366829,0.002451,0.198006,9.744172,-0.158524,9.747473,90.931847,88.835884,1,2,3,4
20.2391357,0.0024528,0.20997,9.75135,-0.187238,9.755408,91.099762,88.766472,1,2,3,4
20.2415886,0.0024529,0.198006,9.7681,-0.194417,9.77204,91.139984,88.838737,1,2,3,4
20.2440395,0.0024509,0.205185,9.753743,-0.134596,9.756829,90.790428,88.794876,1,2,3,4
20.2464905,0.002451,0.224327,9.7681,-0.19681,9.772657,91.153946,88.684418,1,2,3,4
20.2489414,0.0024509,0.217149,9.753743,-0.156132,9.757409,90.916847,88.724632,1,2,3,4
20.2513962,0.0024548,0.245863,9.777672,-0.177667,9.782376,91.040657,88.559586,1,2,3,4
20.2538471,0.0024509,0.219541,9.787243,-0.120239,9.790443,90.703682,88.714989,1,2,3,4
20.2562981,0.002451,0.183649,9.772886,-0.165703,9.776016,90.971207,88.923439,1,2,3,4
20.258749,0.0024509,0.224327,9.763314,-0.182453,9.767595,91.070313,88.683777,1,2,3,4
20.2612038,0.0024548,0.198006,9.760921,-0.141775,9.763959,90.831978,88.837883,1,2,3,4
20.2636547,0.0024509,0.221934,9.741779,-0.139382,9.745304,90.819496,88.694931,1,2,3,4
20.2661057,0.002451,0.253041,9.756136,-0.14656,9.760517,90.860367,88.514275,1,2,3,4
20.2685604,0.0024547,0.257827,9.746565,-0.168096,9.751424,90.987717,88.484703,1,2,3,4
20.2710114,0.002451,0.238684,9.760921,-0.177667,9.765455,91.042465,88.59922,1,2,3,4
20.2734623,0.0024509,0.224327,9.727423,-0.170489,9.731503,91.00383,88.678917,1,2,3,4
20.2759132,0.0024509,0.238684,9.780065,-0.098704,9.783475,90.578056,88.601967,1,2,3,4
20.278368,0.0024548,0.233898,9.777672,-0.134596,9.781396,90.788437,88.629646,1,2,3,4
20.2808189,0.0024509,0.238684,9.744172,-0.156132,9.748345,90.917702,88.596817,1,2,3,4
20.2832699,0.002451,0.202792,9.8016,-0.139382,9.804688,90.814537,88.814735,1,2,3,4
20.2857246,0.0024547,0.221934,9.792028,-0.096311,9.795016,90.563377,88.701622,1,2,3,4
20.2881756,0.002451,0.20997,9.803992,-0.110668,9.806865,90.646584,88.773094,1,2,3,4
20.2906284,0.0024528,0.224327,9.796814,-0.129811,9.800241,90.758942,88.688271,1,2,3,4
20.2930813,0.0024529,0.198006,9.799207,-0.122632,9.801974,90.716843,88.842422,1,2,3,4
20.2955341,0.0024528,0.24347,9.775279,-0.182453,9.780013,91.068954,88.57325,1,2,3,4
20.2979851,0.002451,0.200399,9.792028,-0.218345,9.796513,91.277115,88.827576,1,2,3,4
20.300436,0.0024509,0.20997,9.756136,-0.206381,9.760577,91.211571,88.767082,1,2,3,4
20.3028889,0.0024529,0.245863,9.796814,-0.091525,9.800325,90.535095,88.562401,1,2,3,4
20.3053417,0.0024528,0.19322,9.753743,-0.074776,9.755943,90.439156,88.865128,1,2,3,4
20.3077927,0.002451,0.241077,9.748958,-0.189631,9.753781,91.114006,88.58345,1,2,3,4
20.3102474,0.0024547,0.200399,9.772886,-0.175274,9.776512,91.02726,88.825279,1,2,3,4
20.3126984,0.002451,0.245863,9.746565,-0.079561,9.74999,90.467545,88.554985,1,2,3,4
20.3151493,0.0024509,0.231506,9.772886,-0.031705,9.77568,90.185822,88.642998,1,2,3,4
20.3176041,0.0024548,0.229113,9.763314,-0.065204,9.766219,90.382538,88.655701,1,2,3,4
20.320055,0.0024509,0.260219,9.808778,-0.046062,9.812337,90.268967,88.480339,1,2,3,4
20.322506,0.002451,0.22672,9.823135,0.004187,9.825752,89.975586,88.677834,1,2,3,4
20.3249569,0.0024509,0.248255,9.849456,-0.046062,9.852692,90.26786,88.556168,1,2,3,4
20.3274117,0.0024548,0.241077,9.842278,-0.005384,9.845231,90.031334,88.596878,1,2,3,4
20.3298626,0.0024509,0.200399,9.839885,-0.002991,9.841926,90.01741,88.833275,1,2,3,4
20.3323154,0.0024528,0.229113,9.830314,-0.010169,9.832989,90.059258,88.664864,1,2,3,4
20.3347683,0.0024529,0.238684,9.837492,-0.000598,9.840387,90.003487,88.610123,1,2,3,4
20.3372211,0.0024528,0.236291,9.854242,-0.031705,9.857126,90.184288,88.626389,1,2,3,4
20.3396721,0.002451,0.224327,9.832706,-0.06999,9.835514,90.407722,88.693062,1,2,3,4
20.342123,0.0024509,0.24347,9.837492,-0.10349,9.841048,90.602539,88.582268,1,2,3,4
20.3445759,0.0024529,0.276969,9.851849,-0.077169,9.856044,90.448608,88.389641,1,2,3,4
20.3470287,0.0024528,0.293719,9.870992,-0.043669,9.875458,90.253365,88.295624,1,2,3,4
20.3494797,0.002451,0.22672,9.830314,-0.091525,9.833354,90.533295,88.678802,1,2,3,4
20.3519325,0.0024528,0.274576,9.837492,-0.199202,9.843339,91.159592,88.401222,1,2,3,4
20.3543835,0.002451,0.255434,9.839885,-0.005384,9.843202,90.031342,88.512993,1,2,3,4
20.3568363,0.0024528,0.219541,9.866206,-0.038883,9.868725,90.225746,88.725273,1,2,3,4
20.3592892,0.0024529,0.284148,9.880563,-0.141775,9.885665,90.821732,88.35273,1,2,3,4
20.3617401,0.0024509,0.224327,9.870992,-0.232702,9.876283,91.350113,88.698128,1,2,3,4
20.364193,0.0024529,0.276969,9.902099,-0.218345,9.908378,91.262695,88.397812,1,2,3,4
20.3666439,0.0024509,0.293719,9.894919,-0.117847,9.89998,90.682045,88.299744,1,2,3,4
20.3690968,0.0024529,0.245863,9.859028,-0.074776,9.862376,90.434418,88.571465,1,2,3,4
20.3715477,0.0024509,0.253041,9.885348,-0.160917,9.889895,90.932297,88.533684,1,2,3,4
20.3740005,0.0024528,0.284148,9.890134,-0.175274,9.895767,91.014877,88.354324,1,2,3,4
20.3764534,0.0024529,0.269791,9.906884,-0.172881,9.912065,90.999374,88.440071,1,2,3,4
20.3789063,0.0024529,0.269791,9.870992,-0.158524,9.87595,90.919724,88.434402,1,2,3,4
20.3813572,0.0024509,0.279362,9.868599,-0.117847,9.873256,90.683891,88.378494,1,2,3,4
20.3838081,0.0024509,0.245863,9.859028,-0.014955,9.862104,90.086884,88.571465,1,2,3,4
20.386261,0.0024529,0.188435,9.861421,-0.08674,9.863603,90.50386,88.905312,1,2,3,4
20.3887119,0.0024509,0.262612,9.875777,-0.120239,9.88,90.697304,88.476776,1,2,3,4
20.3911629,0.002451,0.24347,9.866206,-0.115454,9.869885,90.670235,88.586388,1,2,3,4
20.3936157,0.0024528,0.255434,9.885348,-0.074776,9.88893,90.43325,88.519829,1,2,3,4
20.3960686,0.0024529,0.260219,9.897313,-0.005384,9.900735,90.031158,88.493927,1,2,3,4
20.3985195,0.0024509,0.236291,9.916455,0.04008,9.919351,89.768494,88.635002,1,2,3,4
20.4009705,0.002451,0.288933,9.921241,0.02333,9.925474,89.865326,88.331863,1,2,3,4
20.4034233,0.0024528,0.236291,9.906884,0.001795,9.909701,89.989624,88.633682,1,2,3,4
20.4058743,0.002451,0.284148,9.949955,-0.024526,9.954041,90.141174,88.364212,1,2,3,4
20.4083252,0.0024509,0.24347,9.945169,-0.05324,9.948292,90.306633,88.59761,1,2,3,4
20.4107761,0.0024509,0.284148,9.933205,-0.060419,9.937451,90.348358,88.36145,1,2,3,4
20.4132309,0.0024548,0.260219,9.952348,-0.074776,9.95603,90.430328,88.502258,1,2,3,4
20.4156818,0.0024509,0.260219,9.942777,-0.089133,9.946581,90.513443,88.500816,1,2,3,4
20.4181328,0.002451,0.265005,9.914063,-0.122632,9.918362,90.708435,88.468834,1,2,3,4
20.4205856,0.0024528,0.265005,9.935597,-0.14656,9.940211,90.84481,88.472153,1,2,3,4
20.4230366,0.002451,0.269791,9.918848,-0.108275,9.923107,90.625191,88.441948,1,2,3,4
20.4254875,0.0024509,0.22672,9.930812,-0.108275,9.93399,90.624504,88.692169,1,2,3,4
20.4279385,0.002451,0.253041,9.914063,-0.141775,9.918304,90.819031,88.537933,1,2,3,4
20.4303932,0.0024547,0.265005,9.930812,-0.199202,9.936344,91.148735,88.47142,1,2,3,4
20.4328423,0.0024491,0.265005,9.928419,-0.199202,9.933952,91.14901,88.471046,1,2,3,4
20.4352951,0.0024528,0.272184,9.942777,-0.127418,9.947317,90.73394,88.431923,1,2,3,4
20.437748,0.0024529,0.300897,9.981061,-0.113061,9.986236,90.648697,88.273239,1,2,3,4
20.4401989,0.0024509,0.32004,9.882956,-0.208774,9.89034,91.209541,88.145241,1,2,3,4
20.4426498,0.0024509,0.087936,9.940384,-0.428913,9.950022,92.470604,89.493156,1,2,3,4
20.4451008,0.002451,0.379861,9.954741,0.028116,9.962025,89.838295,87.814728,1,2,3,4
20.4475555,0.0024547,0.190828,9.904491,0.214756,9.908657,88.758102,88.896233,1,2,3,4
20.4500065,0.002451,0.308076,9.952348,-0.062812,9.957313,90.361427,88.226967,1,2,3,4
20.4524593,0.0024528,0.145364,9.887741,-0.259023,9.892201,91.500435,89.15773,1,2,3,4
20.4549122,0.0024529,0.248255,9.947562,-0.304487,9.955317,91.752686,88.570404,1,2,3,4
20.4573631,0.0024509,0.164507,9.928419,-0.105882,9.930346,90.610931,89.050735,1,2,3,4
20.459816,0.0024529,0.241077,9.882956,-0.031705,9.885946,90.183754,88.602654,1,2,3,4
20.4622669,0.0024509,0.217149,9.894919,-0.089133,9.897703,90.515976,88.742821,1,2,3,4
20.4647198,0.0024529,0.174078,9.894919,-0.170489,9.897919,90.986954,88.992119,1,2,3,4
20.4671707,0.0024509,0.154935,9.861421,-0.129811,9.863492,90.754074,89.099884,1,2,3,4
20.4696217,0.002451,0.207577,9.854242,-0.110668,9.85705,90.643288,88.793259,1,2,3,4
20.4720764,0.0024547,0.207577,9.866206,-0.101097,9.868908,90.586945,88.794716,1,2,3,4
20.4745274,0.002451,0.186042,9.868599,-0.125025,9.871144,90.725708,88.919991,1,2,3,4
20.4769783,0.0024509,0.217149,9.887741,-0.091525,9.890549,90.530212,88.741905,1,2,3,4
20.4794292,0.0024509,0.186042,9.84467,-0.041276,9.846515,90.240181,88.917366,1,2,3,4
20.4818821,0.0024529,0.171685,9.842278,-0.072383,9.844041,90.421295,89.000656,1,2,3,4
20.4843349,0.0024528,0.202792,9.851849,-0.113061,9.854584,90.657364,88.820786,1,2,3,4
20.4867859,0.002451,0.233898,9.854242,-0.14656,9.858108,90.851845,88.640297,1,2,3,4
20.4892387,0.0024528,0.214756,9.837492,-0.144168,9.840892,90.839401,88.749413,1,2,3,4
20.4916916,0.0024529,0.236291,9.866206,-0.074776,9.869319,90.434113,88.628052,1,2,3,4
20.4941425,0.0024509,0.231506,9.861421,-0.201595,9.866198,91.170799,88.655174,1,2,3,4
20.4965935,0.002451,0.20997,9.847063,-0.29013,9.853574,91.687263,88.778458,1,2,3,4
20.4990482,0.0024547,0.279362,9.851849,-0.244666,9.858845,91.42205,88.37574,1,2,3,4
20.5014992,0.002451,0.293719,9.87817,0.016152,9.882549,89.906357,88.29686,1,2,3,4
20.503952,0.0024528,0.238684,9.847063,-0.077169,9.850258,90.448868,88.611473,1,2,3,4
20.5064049,0.0024529,0.291326,9.873384,-0.244666,9.880711,91.4189,88.309906,1,2,3,4
20.5088558,0.0024509,0.269791,9.849456,-0.278166,9.857076,91.617096,88.430977,1,2,3,4
20.5113068,0.002451,0.300897,9.847063,-0.215952,9.854026,91.255745,88.249756,1,2,3,4
20.5137577,0.0024509,0.276969,9.851849,-0.122632,9.856504,90.712875,88.389641,1,2,3,4
20.5162125,0.0024548,0.281755,9.890134,-0.110668,9.894765,90.640839,88.368172,1,2,3,4
20.5186634,0.0024509,0.284148,9.856635,-0.18006,9.862374,91.04612,88.348732,1,2,3,4
20.5211143,0.0024509,0.276969,9.875777,-0.170489,9.881131,90.988625,88.393539,1,2,3,4
20.5235672,0.0024529,0.233898,9.859028,-0.175274,9.863359,91.018211,88.640953,1,2,3,4
20.5260181,0.0024509,0.248255,9.866206,-0.168096,9.870761,90.975777,88.558617,1,2,3,4
20.5284691,0.002451,0.274576,9.861421,-0.14656,9.866331,90.851135,88.405098,1,2,3,4
20.53092,0.0024509,0.250648,9.851849,-0.058026,9.855207,90.337349,88.54261,1,2,3,4
20.5333748,0.0024548,0.265005,9.832706,-0.048455,9.836396,90.282242,88.456169,1,2,3,4
20.5358257,0.0024509,0.262612,9.842278,-0.058026,9.845951,90.337669,88.471596,1,2,3,4
20.5382767,0.002451,0.274576,9.820743,-0.10349,9.825126,90.603516,88.398499,1,2,3,4
20.5407295,0.0024528,0.250648,9.813564,-0.055633,9.816923,90.324699,88.536926,1,2,3,4
20.5431824,0.0024529,0.272184,9.830314,-0.010169,9.834086,90.05925,88.413986,1,2,3,4
20.5456333,0.0024509,0.296112,9.830314,0.035294,9.834836,89.79438,88.274643,1,2,3,4
20.5480843,0.002451,0.281755,9.820743,0.04008,9.824865,89.766266,88.356651,1,2,3,4
20.5505371,0.0024528,0.291326,9.806385,0.028116,9.810752,89.8358,88.29837,1,2,3,4
20.55299,0.0024529,0.248255,9.837492,-0.029312,9.840668,90.170662,88.554413,1,2,3,4
20.5554409,0.0024509,0.241077,9.827921,-0.026919,9.830914,90.156891,88.594826,1,2,3,4
20.5578938,0.0024529,0.274576,9.796814,-0.017348,9.800676,90.101418,88.394585,1,2,3,4
20.5603466,0.0024528,0.22672,9.820743,-0.026919,9.823396,90.157005,88.677513,1,2,3,4
20.5627975,0.0024509,0.229113,9.789636,-0.110668,9.792941,90.647499,88.659317,1,2,3,4
20.5652504,0.0024529,0.202792,9.772886,-0.170489,9.776477,90.999214,88.811256,1,2,3,4
20.5677013,0.0024509,0.214756,9.772886,-0.170489,9.776732,90.999184,88.74115,1,2,3,4
20.5701542,0.0024529,0.229113,9.792028,-0.127418,9.795537,90.745308,88.659645,1,2,3,4
20.5726051,0.0024509,0.200399,9.813564,-0.132203,9.816501,90.771652,88.830147,1,2,3,4
20.575058,0.0024529,0.217149,9.81835,-0.201595,9.82282,91.175972,88.733017,1,2,3,4
20.5775108,0.0024528,0.20997,9.820743,-0.194417,9.824911,91.13385,88.775185,1,2,3,4
20.5799618,0.002451,0.221934,9.835099,-0.120239,9.838338,90.700256,88.707306,1,2,3,4
20.5824146,0.0024528,0.224327,9.820743,-0.132203,9.824194,90.771049,88.691467,1,2,3,4
20.5848675,0.0024529,0.20997,9.892527,-0.165703,9.896142,90.959419,88.784073,1,2,3,4
20.5873184,0.0024509,0.265005,9.887741,-0.139382,9.892274,90.80732,88.46476,1,2,3,4
20.5897694,0.002451,0.198006,9.882956,-0.077169,9.885241,90.447281,88.852226,1,2,3,4
20.5922241,0.0024547,0.217149,9.890134,-0.014955,9.892529,90.086617,88.74221,1,2,3,4
20.5946751,0.002451,0.233898,9.890134,-0.014955,9.892911,90.086617,88.645226,1,2,3,4
20.597126,0.0024509,0.219541,9.887741,-0.08674,9.890558,90.502487,88.72805,1,2,3,4
20.5995808,0.0024548,0.181256,9.882956,-0.148953,9.88574,90.863335,88.949295,1,2,3,4
20.6020317,0.0024509,0.181256,9.861421,-0.19681,9.865049,91.143135,88.947006,1,2,3,4
20.6044827,0.002451,0.267398,9.909277,0.162114,9.91421,89.06308,88.454269,1,2,3,4
20.6069336,0.0024509,0.142971,9.861421,0.075972,9.86275,89.558647,89.16938,1,2,3,4
20.6093884,0.0024548,0.233898,9.866206,-0.247059,9.87207,91.434036,88.641945,1,2,3,4
20.6118393,0.0024509,0.119043,9.842278,-0.29013,9.847272,91.688347,89.307037,1,2,3,4
20.6142902,0.0024509,0.24347,9.859028,-0.113061,9.862681,90.656822,88.585365,1,2,3,4
20.6167431,0.0024529,0.221934,9.866206,-0.048455,9.868821,90.281319,88.71138,1,2,3,4
20.619194,0.0024509,0.214756,9.875777,-0.10349,9.878654,90.600243,88.754257,1,2,3,4
20.6216469,0.0024529,0.212363,9.854242,-0.168096,9.857964,90.977043,88.765442,1,2,3,4
20.6240978,0.0024509,0.183649,9.835099,-0.223131,9.839344,91.299431,88.930252,1,2,3,4
20.6265507,0.0024529,0.162114,9.863813,-0.244666,9.868179,91.420708,89.058418,1,2,3,4
20.6290016,0.0024509,0.190828,9.859028,-0.134596,9.861794,90.782013,88.891144,1,2,3,4
20.6314545,0.0024529,0.214756,9.854242,-0.10349,9.857125,90.601555,88.751534,1,2,3,4
20.6339073,0.0024528,0.183649,9.835099,-0.278166,9.840746,91.619781,88.930252,1,2,3,4
20.6363583,0.002451,0.166899,9.825528,-0.314058,9.831963,91.830482,89.026848,1,2,3,4
20.6388092,0.0024509,0.224327,9.870992,-0.247059,9.876631,91.433372,88.698128,1,2,3,4
20.641264,0.0024548,0.198006,9.873384,-0.297308,9.879844,91.724426,88.851112,1,2,3,4
20.6437149,0.0024509,0.164507,9.863813,-0.309272,9.870031,91.795624,89.044525,1,2,3,4
20.6461658,0.0024509,0.152542,9.849456,-0.249452,9.853795,91.450615,89.112709,1,2,3,4
20.6486168,0.002451,0.195613,9.859028,-0.211167,9.863229,91.226768,88.863342,1,2,3,4
20.6510696,0.0024528,0.183649,9.863813,-0.211167,9.867783,91.226204,88.933365,1,2,3,4
20.6535206,0.002451,0.200399,9.839885,-0.184846,9.843661,91.075974,88.833275,1,2,3,4
20.6559734,0.0024528,0.174078,9.81835,-0.223131,9.822428,91.301666,88.984261,1,2,3,4
20.6584244,0.002451,0.200399,9.820743,-0.160917,9.824105,90.938538,88.831001,1,2,3,4
20.6608772,0.0024528,0.20997,9.856635,-0.199202,9.860884,91.157524,88.779648,1,2,3,4
20.6633282,0.002451,0.178863,9.859028,-0.203988,9.86276,91.185112,88.960648,1,2,3,4
20.6657791,0.0024509,0.183649,9.861421,-0.139382,9.864116,90.809631,88.933105,1,2,3,4
20.668232,0.0024529,0.224327,9.863813,-0.10349,9.866907,90.60096,88.697182,1,2,3,4
20.6706848,0.0024528,0.221934,9.803992,-0.098704,9.807,90.576668,88.703209,1,2,3,4
20.6731358,0.002451,0.142971,9.815957,-0.091525,9.817425,90.534164,89.165535,1,2,3,4
20.6755867,0.0024509,0.164507,9.815957,-0.05324,9.81748,90.310715,89.039864,1,2,3,4
20.6780396,0.0024529,0.188435,9.789636,-0.055633,9.791607,90.325539,88.897285,1,2,3,4
20.6804924,0.0024528,0.183649,9.777672,-0.115454,9.780078,90.676392,88.923965,1,2,3,4
20.6829433,0.0024509,0.181256,9.756136,-0.177667,9.759437,91.043106,88.935638,1,2,3,4
20.6853962,0.0024529,0.157328,9.780065,-0.237488,9.784213,91.390854,89.078384,1,2,3,4
20.6878471,0.0024509,0.174078,9.782457,-0.237488,9.786888,91.390472,88.980537,1,2,3,4
20.6903,0.0024529,0.166899,9.8016,-0.165703,9.80442,90.968391,89.024475,1,2,3,4
20.6927509,0.0024509,0.202792,9.782457,-0.237488,9.787441,91.390388,88.812424,1,2,3,4
20.6952038,0.0024529,0.212363,9.780065,-0.16331,9.783733,90.956429,88.756081,1,2,3,4
20.6976566,0.0024528,0.229113,9.741779,-0.081954,9.744818,90.481865,88.652733,1,2,3,4
20.7001076,0.002451,0.212363,9.717851,-0.14656,9.721275,90.863838,88.748123,1,2,3,4
20.7025604,0.0024528,0.200399,9.739387,-0.299701,9.746058,91.762184,88.821243,1,2,3,4
20.7050133,0.0024529,0.233898,9.780065,-0.251845,9.786102,91.474663,88.629982,1,2,3,4
20.7074642,0.0024509,0.257827,9.758529,-0.110668,9.762561,90.649513,88.486557,1,2,3,4
20.7099152,0.002451,0.229113,9.803992,-0.187238,9.808456,91.093811,88.661278,1,2,3,4
20.7123699,0.0024547,0.255434,9.81835,-0.14656,9.822765,90.854912,88.509727,1,2,3,4
20.7148209,0.002451,0.219541,9.775279,-0.101097,9.778267,90.592384,88.713417,1,2,3,4
20.7172718,0.0024509,0.186042,9.746565,-0.156132,9.749591,90.917587,88.906471,1,2,3,4
20.7197247,0.0024529,0.205185,9.727423,-0.117847,9.7303,90.693939,88.791618,1,2,3,4
20.7221756,0.0024509,0.231506,9.722636,-0.115454,9.726077,90.680145,88.635986,1,2,3,4
20.7246265,0.0024509,0.198006,9.681958,-0.153739,9.685204,90.909531,88.828407,1,2,3,4
20.7270813,0.0024548,0.198006,9.727423,-0.153739,9.730652,90.905281,88.833878,1,2,3,4
20.7295322,0.0024509,0.205185,9.741779,-0.16331,9.745309,90.960197,88.793396,1,2,3,4
20.7319832,0.002451,0.169292,9.693923,-0.134596,9.696336,90.795357,88.999504,1,2,3,4
20.734436,0.0024528,0.159721,9.686745,-0.058026,9.688235,90.343163,89.055359,1,2,3,4
20.7368889,0.0024529,0.195613,9.655638,-0.036491,9.657688,90.216484,88.839409,1,2,3,4
20.7393398,0.0024509,0.145364,9.679565,0.004187,9.680657,89.97522,89.139618,1,2,3,4
20.7417908,0.002451,0.142971,9.67478,0.097508,9.676328,89.422623,89.153358,1,2,3,4
20.7442455,0.0024547,0.128614,9.69153,0.15015,9.693546,89.112473,89.239685,1,2,3,4
20.7466965,0.002451,0.107079,9.679565,0.083151,9.680514,89.507851,89.366196,1,2,3,4
20.7491474,0.0024509,0.095115,9.655638,-0.074776,9.656396,90.44368,89.435616,1,2,3,4
20.7515984,0.002451,0.126221,9.679565,-0.230309,9.683127,91.362885,89.252907,1,2,3,4
20.7540531,0.0024547,0.0999,9.703494,-0.223131,9.706573,91.317207,89.410141,1,2,3,4
20.7565041,0.002451,0.126221,9.741779,-0.170489,9.744089,91.002533,89.257675,1,2,3,4
20.758955,0.0024509,0.1334,9.760921,-0.199202,9.763865,91.169029,89.217003,1,2,3,4
20.7614098,0.0024548,0.159721,9.760921,-0.127418,9.76306,90.747787,89.062538,1,2,3,4
20.7638607,0.0024509,0.15015,9.756136,-0.046062,9.757401,90.270477,89.118271,1,2,3,4
20.7663116,0.0024509,0.131007,9.763314,0.016152,9.764207,89.90522,89.231232,1,2,3,4
20.7687645,0.0024529,0.147757,9.820743,0.052044,9.821992,89.696404,89.138031,1,2,3,4
20.7712173,0.0024528,0.188435,9.777672,-0.010169,9.779493,90.059578,88.895935,1,2,3,4
20.7736683,0.002451,0.162114,9.811171,-0.10349,9.813056,90.604256,89.053368,1,2,3,4
20.7761211,0.0024528,0.231506,9.827921,-0.16331,9.832004,90.951729,88.650597,1,2,3,4
20.778574,0.0024529,0.205185,9.806385,-0.187238,9.810318,91.093605,88.801346,1,2,3,4
20.7810249,0.0024509,0.229113,9.825528,-0.237488,9.831068,91.384224,88.664215,1,2,3,4
20.7834778,0.0024529,0.238684,9.794421,-0.153739,9.798535,90.89901,88.604012,1,2,3,4
20.7859287,0.0024509,0.22672,9.820743,-0.019741,9.823379,90.115143,88.677513,1,2,3,4
20.7883816,0.0024529,0.154935,9.842278,-0.10349,9.844041,90.602356,89.098137,1,2,3,4
20.7908344,0.0024528,0.221934,9.820743,-0.074776,9.823535,90.436134,88.705421,1,2,3,4
20.7932854,0.002451,0.190828,9.820743,-0.010169,9.822601,90.059319,88.886818,1,2,3,4
20.7957401,0.0024547,0.186042,9.835099,-0.031705,9.83691,90.184669,88.916313,1,2,3,4
20.7981911,0.002451,0.181256,9.868599,-0.06999,9.870511,90.406281,88.947769,1,2,3,4
20.8006439,0.0024528,0.214756,9.882956,-0.065204,9.885504,90.377922,88.755165,1,2,3,4
20.8030968,0.0024529,0.186042,9.882956,-0.036491,9.884774,90.21151,88.921562,1,2,3,4
20.8055496,0.0024528,0.169292,9.885348,-0.156132,9.88803,90.904739,89.018875,1,2,3,4
20.8080006,0.002451,0.147757,9.87817,-0.215952,9.881635,91.252235,89.143036,1,2,3,4
20.8104515,0.0024509,0.186042,9.909277,-0.117847,9.911724,90.681244,88.924423,1,2,3,4
20.8129044,0.0024529,0.200399,9.902099,-0.019741,9.904146,90.114204,88.840607,1,2,3,4
20.8153572,0.0024528,0.217149,9.904491,-0.007777,9.906875,90.044975,88.744034,1,2,3,4
20.8178082,0.002451,0.214756,9.890134,-0.010169,9.89247,90.058899,88.756065,1,2,3,4
20.820261,0.0024528,0.217149,9.91167,0.092722,9.914482,89.464149,88.744942,1,2,3,4
20.8227119,0.0024509,0.221934,9.914063,0.004187,9.916547,89.975807,88.717606,1,2,3,4
20.8251629,0.002451,0.231506,9.935597,-0.029312,9.938337,90.168991,88.665215,1,2,3,4
20.8276138,0.0024509,0.231506,9.899706,-0.017348,9.902428,90.100372,88.660378,1,2,3,4
20.8300667,0.0024529,0.255434,9.918848,-0.022134,9.922161,90.127808,88.524826,1,2,3,4
20.8325176,0.0024509,0.224327,9.930812,-0.058026,9.933515,90.334694,88.705963,1,2,3,4
20.8349705,0.0024529,0.238684,9.923634,-0.05324,9.926646,90.307297,88.622185,1,2,3,4
20.8374233,0.0024528,0.188435,9.87817,-0.139382,9.88095,90.80825,88.907166,1,2,3,4
20.8398743,0.002451,0.219541,9.904491,-0.194417,9.908832,91.124245,88.730202,1,2,3,4
20.8423271,0.0024528,0.138186,9.897313,-0.172881,9.899787,91.000618,89.200096,1,2,3,4
20.8447781,0.002451,0.32004,9.926026,-0.225524,9.933744,91.300888,88.153282,1,2,3,4
20.8472309,0.0024528,0.164507,9.897313,-0.189631,9.900496,91.097496,89.047752,1,2,3,4
20.8496838,0.0024529,0.300897,9.930812,-0.187238,9.937134,91.079651,88.264503,1,2,3,4
20.8521347,0.0024509,0.241077,9.945169,-0.160917,9.949392,90.92672,88.611389,1,2,3,4
20.8545876,0.0024529,0.293719,9.918848,-0.165703,9.92458,90.956665,88.303841,1,2,3,4
20.8570385,0.0024509,0.288933,9.947562,-0.251845,9.954944,91.449646,88.336273,1,2,3,4
20.8594913,0.0024528,0.284148,9.964312,-0.184846,9.970076,91.062325,88.366562,1,2,3,4
20.8619423,0.002451,0.279362,9.976275,-0.120239,9.98091,90.690254,88.395988,1,2,3,4
20.8643951,0.0024528,0.291326,9.928419,-0.151346,9.933846,90.872955,88.319275,1,2,3,4
20.866848,0.0024529,0.238684,9.935597,-0.151346,9.939616,90.872452,88.62384,1,2,3,4
20.8692989,0.0024509,0.24347,9.942777,-0.141775,9.946768,90.816681,88.597275,1,2,3,4
20.8717518,0.0024529,0.260219,9.928419,-0.050847,9.931959,90.293335,88.49865,1,2,3,4
20.8742027,0.0024509,0.238684,9.926026,-0.065204,9.92911,90.376266,88.622513,1,2,3,4
20.8766556,0.0024529,0.212363,9.935597,-0.132203,9.938745,90.762161,88.775551,1,2,3,4
20.8791084,0.0024528,0.241077,9.949955,-0.048455,9.952993,90.278938,88.612053,1,2,3,4
20.8815594,0.002451,0.265005,9.928419,0.025723,9.931989,89.851608,88.471046,1,2,3,4
20.8840103,0.0024509,0.262612,9.914063,0.020937,9.917562,89.879044,88.482651,1,2,3,4
20.8864632,0.0024529,0.245863,9.93799,-0.005384,9.941032,90.031029,88.582809,1,2,3,4
20.888916,0.0024528,0.274576,9.904491,0.030508,9.908344,89.823586,88.412033,1,2,3,4
20.891367,0.002451,0.257827,9.933205,0.054437,9.936699,89.686111,88.513161,1,2,3,4
20.8938198,0.0024528,0.260219,9.918848,0.049651,9.922385,89.713295,88.4972,1,2,3,4
20.8962727,0.0024529,0.269791,9.940384,0.035294,9.944107,89.796646,88.44532,1,2,3,4
20.8987236,0.0024509,0.279362,9.897313,0.001795,9.901255,89.989616,88.383194,1,2,3,4
20.9011745,0.0024509,0.288933,9.914063,0.02333,9.918299,89.865227,88.330658,1,2,3,4
20.9036274,0.0024529,0.322433,9.904491,0.020937,9.90976,89.878944,88.135437,1,2,3,4
20.9060802,0.0024528,0.312862,9.897313,-0.010169,9.902263,90.058846,88.189438,1,2,3,4
20.9085312,0.002451,0.332004,9.904491,-0.065204,9.910269,90.376976,88.080132,1,2,3,4
20.9109821,0.0024509,0.30329,9.894919,-0.08674,9.899946,90.502014,88.24437,1,2,3,4
20.913435,0.0024529,0.324826,9.856635,-0.065204,9.862202,90.378815,88.112495,1,2,3,4
20.9158878,0.0024528,0.341575,9.851849,-0.010169,9.857774,90.059105,88.014282,1,2,3,4
20.9183388,0.002451,0.30329,9.87817,-0.038883,9.882901,90.225426,88.241394,1,2,3,4
20.9207897,0.0024509,0.322433,9.870992,-0.110668,9.876877,90.641998,88.12912,1,2,3,4
20.9232445,0.0024548,0.317647,9.837492,-0.139382,9.843605,90.811317,88.150597,1,2,3,4
20.9256954,0.0024509,0.339183,9.854242,-0.16331,9.86143,90.948891,88.028664,1,2,3,4
20.9281464,0.002451,0.30329,9.882956,-0.141775,9.888625,90.821487,88.242249,1,2,3,4
20.9305992,0.0024528,0.315254,9.880563,-0.136989,9.88654,90.793922,88.172508,1,2,3,4
20.9330502,0.002451,0.274576,9.868599,-0.105882,9.872986,90.614479,88.406258,1,2,3,4
20.935503,0.0024528,0.265005,9.863813,-0.136989,9.868323,90.795387,88.461037,1,2,3,4
20.9379539,0.0024509,0.229113,9.885348,-0.072383,9.888268,90.419411,88.672295,1,2,3,4
20.9404068,0.0024529,0.248255,9.84467,-0.079561,9.848122,90.462891,88.555466,1,2,3,4
20.9428577,0.0024509,0.214756,9.856635,-0.108275,9.859569,90.629219,88.751839,1,2,3,4
20.9453106,0.0024529,0.224327,9.87817,-0.101097,9.881234,90.586212,88.699074,1,2,3,4
20.9477634,0.0024528,0.212363,9.863813,-0.084347,9.86646,90.489822,88.76664,1,2,3,4
20.9502144,0.002451,0.214756,9.849456,-0.050847,9.851928,90.295715,88.750931,1,2,3,4
20.9526672,0.0024528,0.202792,9.873384,-0.113061,9.876114,90.65593,88.823357,1,2,3,4
20.9551182,0.002451,0.250648,9.832706,-0.113061,9.836551,90.658569,88.539772,1,2,3,4
20.957571,0.0024528,0.229113,9.854242,-0.129811,9.85776,90.754517,88.668106,1,2,3,4
20.960022,0.002451,0.229113,9.856635,-0.158524,9.860572,90.921158,88.668427,1,2,3,4
20.9624748,0.0024528,0.229113,9.81835,-0.148953,9.822152,90.868927,88.663239,1,2,3,4
20.9649277,0.0024529,0.207577,9.81835,-0.175274,9.822108,91.022491,88.788849,1,2,3,4
20.9673805,0.0024528,0.272184,9.782457,-0.148953,9.787376,90.872009,88.406235,1,2,3,4
20.9698315,0.002451,0.1334,9.796814,-0.235095,9.800542,91.374542,89.219872,1,2,3,4
20.9722862,0.0024547,0.262612,9.81835,-0.184846,9.8236,91.078171,88.467873,1,2,3,4
20.9747372,0.002451,0.181256,9.792028,-0.10349,9.794252,90.605415,88.939545,1,2,3,4
20.97719,0.0024528,0.257827,9.782457,-0.10349,9.786402,90.605904,88.490257,1,2,3,4
20.979641,0.002451,0.20997,9.760921,-0.139382,9.764174,90.817917,88.767685,1,2,3,4
20.9820957,0.0024547,0.200399,9.777672,-0.177667,9.781339,91.040771,88.825851,1,2,3,4
20.9845467,0.002451,0.229113,9.770494,-0.208774,9.775409,91.223763,88.656693,1,2,3,4
20.9869995,0.0024528,0.241077,9.739387,-0.18006,9.744034,91.05883,88.582062,1,2,3,4
20.9894524,0.0024529,0.265005,9.78485,-0.208774,9.790665,91.221855,88.448624,1,2,3,4
20.9919033,0.0024509,0.138186,9.734601,-0.247059,9.738716,91.453674,89.186722,1,2,3,4
20.9943542,0.0024509,0.224327,9.787243,-0.168096,9.791257,90.983696,88.686989,1,2,3,4
20.9968052,0.002451,0.219541,9.787243,-0.18006,9.791361,91.053711,88.714989,1,2,3,4
20.9992599,0.0024547,0.248255,9.772886,-0.194417,9.777972,91.139297,88.544861,1,2,3,4
21.0017109,0.002451,0.245863,9.772886,-0.220738,9.77847,91.293495,88.558876,1,2,3,4
21.0041618,0.0024509,0.233898,9.792028,-0.220738,9.797309,91.291008,88.63166,1,2,3,4
21.0066147,0.0024529,0.214756,9.803992,-0.172881,9.807868,91.009995,88.74514,1,2,3,4
21.0090656,0.0024509,0.214756,9.8016,-0.136989,9.804909,90.800529,88.744835,1,2,3,4
21.0115166,0.002451,0.198006,9.772886,-0.18006,9.77655,91.055305,88.839302,1,2,3,4
21.0139694,0.0024528,0.207577,9.780065,-0.206381,9.784445,91.208618,88.784103,1,2,3,4
21.0164223,0.0024529,0.190828,9.775279,-0.206381,9.77932,91.209251,88.881645,1,2,3,4
21.0188732,0.0024509,0.164507,9.78485,-0.199202,9.78826,91.166115,89.036812,1,2,3,4
21.0213242,0.002451,0.166899,9.748958,-0.127418,9.751219,90.748695,89.019211,1,2,3,4
21.0237789,0.0024547,0.171685,9.796814,-0.177667,9.799929,91.038795,88.996017,1,2,3,4
21.0262299,0.002451,0.253041,9.794421,-0.144168,9.79875,90.843018,88.520081,1,2,3,4
21.0286808,0.0024509,0.20997,9.815957,-0.105882,9.818773,90.617874,88.77459,1,2,3,4
21.0311317,0.0024509,0.260219,9.830314,-0.093918,9.834206,90.547195,88.483673,1,2,3,4
21.0335846,0.0024529,0.200399,9.75135,-0.089133,9.753817,90.52359,88.822685,1,2,3,4
21.0360374,0.0024528,0.233898,9.772886,-0.110668,9.776311,90.648605,88.628983,1,2,3,4
21.0384884,0.002451,0.288933,9.780065,-0.084347,9.784696,90.493912,88.3078,1,2,3,4
21.0409412,0.0024528,0.265005,9.78485,-0.038883,9.788515,90.2276,88.448624,1,2,3,4
21.0433941,0.0024529,0.257827,9.799207,-0.084347,9.802961,90.492996,88.492844,1,2,3,4
21.045845,0.0024509,0.274576,9.760921,-0.141775,9.765812,90.831818,88.388687,1,2,3,4
21.048296,0.002451,0.24347,9.7681,-0.156132,9.772381,90.915443,88.572197,1,2,3,4
21.0507488,0.0024528,0.219541,9.7681,-0.084347,9.77093,90.494606,88.712471,1,2,3,4
21.0531998,0.002451,0.22672,9.787243,-0.10349,9.790416,90.605659,88.672989,1,2,3,4
21.0556507,0.0024509,0.224327,9.75135,-0.122632,9.754702,90.720322,88.682159,1,2,3,4
21.0581055,0.0024548,0.205185,9.7681,-0.122632,9.771024,90.719116,88.796646,1,2,3,4
21.0605564,0.0024509,0.205185,9.75135,-0.108275,9.75411,90.636024,88.794579,1,2,3,4
21.0630074,0.002451,0.15015,9.760921,-0.091525,9.762506,90.53717,89.118706,1,2,3,4
21.0654583,0.0024509,0.183649,9.782457,-0.096311,9.784656,90.563972,88.924492,1,2,3,4
21.0679131,0.0024548,0.181256,9.787243,-0.091525,9.789349,90.535698,88.939026,1,2,3,4
21.070364,0.0024509,0.212363,9.777672,-0.10349,9.780525,90.60627,88.755775,1,2,3,4
21.0728149,0.0024509,0.207577,9.780065,-0.110668,9.782893,90.64817,88.784103,1,2,3,4
21.0752697,0.0024548,0.248255,9.780065,-0.072383,9.783483,90.423904,88.545929,1,2,3,4
21.0777206,0.0024509,0.265005,9.763314,-0.079561,9.767234,90.466721,88.445206,1,2,3,4
21.0801735,0.0024529,0.291326,9.78485,-0.101097,9.789708,90.591698,88.294624,1,2,3,4
21.0826263,0.0024528,0.312862,9.8016,-0.139382,9.807582,90.814293,88.171768,1,2,3,4
21.0850773,0.002451,0.339183,9.789636,-0.115454,9.79619,90.675278,88.015663,1,2,3,4
21.0875282,0.0024509,0.322433,9.823135,-0.08674,9.828809,90.505646,88.12001,1,2,3,4
21.0899792,0.002451,0.367896,9.813564,-0.105882,9.821029,90.617729,87.853065,1,2,3,4
21.092432,0.0024528,0.322433,9.830314,-0.134596,9.836521,90.784019,88.121384,1,2,3,4
21.0948849,0.0024529,0.324826,9.787243,-0.14656,9.793728,90.857445,88.099129,1,2,3,4
21.0973358,0.0024509,0.367896,9.811171,-0.182453,9.819761,91.064629,87.852547,1,2,3,4
21.0997868,0.002451,0.346361,9.799207,-0.223131,9.807864,91.303604,87.975677,1,2,3,4
21.1022415,0.0024547,0.351147,9.8016,-0.18006,9.809541,91.051758,87.948227,1,2,3,4
21.1046925,0.002451,0.343968,9.803992,-0.14656,9.811119,90.855927,87.990631,1,2,3,4
21.1071434,0.0024509,0.315254,9.84467,-0.14656,9.850807,90.852478,88.165855,1,2,3,4
21.1095963,0.0024529,0.310469,9.8016,-0.14656,9.807611,90.856232,88.185745,1,2,3,4
21.1120491,0.0024528,0.372682,9.863813,-0.122632,9.871614,90.711784,87.836235,1,2,3,4
21.1145,0.0024509,0.35354,9.856635,-0.122632,9.863736,90.712357,87.945786,1,2,3,4
21.1169529,0.0024529,0.324826,9.849456,-0.125025,9.855604,90.726852,88.111122,1,2,3,4
21.1194057,0.0024528,0.332004,9.868599,-0.10349,9.874724,90.600487,88.073158,1,2,3,4
21.1218567,0.002451,0.317647,9.890134,-0.014955,9.895245,90.086594,88.160431,1,2,3,4
21.1243095,0.0024528,0.308076,9.866206,0.025723,9.871049,89.850693,88.211502,1,2,3,4
21.1267624,0.0024529,0.288933,9.861421,0.037687,9.865725,89.781128,88.321747,1,2,3,4
21.1292133,0.0024509,0.293719,9.861421,0.018544,9.865811,89.892303,88.293968,1,2,3,4
21.1316662,0.0024529,0.253041,9.892527,0.018544,9.89578,89.892632,88.534752,1,2,3,4
21.134119,0.0024528,0.231506,9.866206,0.018544,9.868939,89.892334,88.65583,1,2,3,4
21.13657,0.002451,0.286541,9.875777,-0.026919,9.87997,90.156113,88.338058,1,2,3,4
21.1390228,0.0024528,0.293719,9.854242,-0.022134,9.858644,90.128632,88.292725,1,2,3,4
21.1414757,0.0024529,0.324826,9.902099,-0.043669,9.907521,90.252541,88.121162,1,2,3,4
21.1439266,0.0024509,0.279362,9.870992,-0.089133,9.875346,90.517143,88.378883,1,2,3,4
21.1463795,0.0024529,0.279362,9.863813,-0.127418,9.868591,90.739792,88.377708,1,2,3,4
21.1488304,0.0024509,0.286541,9.875777,-0.081954,9.880273,90.475258,88.338058,1,2,3,4
21.1512852,0.0024548,0.262612,9.856635,-0.098704,9.860626,90.573532,88.473816,1,2,3,4
21.1537361,0.0024509,0.265005,9.84467,-0.081954,9.848577,90.476791,88.458046,1,2,3,4
21.156189,0.0024529,0.221934,9.885348,-0.16331,9.889188,90.946228,88.713875,1,2,3,4
21.1586418,0.0024528,0.231506,9.892527,-0.158524,9.896505,90.917816,88.659409,1,2,3,4
21.1610928,0.002451,0.233898,9.866206,-0.230309,9.871665,91.336853,88.641945,1,2,3,4
21.1635437,0.0024509,0.224327,9.914063,-0.203988,9.918698,91.178429,88.703781,1,2,3,4
21.1659966,0.0024529,0.219541,9.930812,-0.218345,9.935637,91.259232,88.733566,1,2,3,4
21.1684494,0.0024528,0.202792,9.885348,-0.249452,9.890574,91.445221,88.824776,1,2,3,4
21.1709003,0.0024509,0.202792,9.899706,-0.294915,9.906174,91.705994,88.826485,1,2,3,4
21.1733532,0.0024529,0.257827,9.909277,-0.297308,9.917089,91.717949,88.509575,1,2,3,4
21.175806,0.0024528,0.217149,9.894919,-0.249452,9.900445,91.443779,88.742821,1,2,3,4
21.1782589,0.0024529,0.231506,9.899706,-0.235095,9.905203,91.360016,88.660378,1,2,3,4
21.1807098,0.0024509,0.152542,9.918848,-0.328415,9.925456,91.896156,89.118912,1,2,3,4
21.1831627,0.0024529,0.276969,9.923634,-0.309272,9.932314,91.784363,88.401283,1,2,3,4
21.1856136,0.0024509,0.233898,9.91167,-0.117847,9.91513,90.681007,88.64817,1,2,3,4
21.1880646,0.002451,0.238684,9.890134,-0.165703,9.894402,90.959587,88.617516,1,2,3,4
21.1905155,0.0024509,0.19322,9.887741,-0.230309,9.89231,91.334061,88.880501,1,2,3,4
21.1929684,0.0024529,0.195613,9.933205,-0.345165,9.941125,91.989761,88.871826,1,2,3,4
21.1954212,0.0024528,0.20997,9.899706,-0.282951,9.905974,91.636803,88.78495,1,2,3,4
21.1978722,0.002451,0.190828,9.897313,-0.223131,9.901668,91.291252,88.895432,1,2,3,4
21.2003231,0.0024509,0.250648,9.904491,-0.156132,9.908893,90.902832,88.550354,1,2,3,4
21.2027779,0.0024548,0.19322,9.933205,-0.141775,9.936095,90.817558,88.885628,1,2,3,4
21.2052288,0.0024509,0.195613,9.945169,-0.113061,9.947735,90.651207,88.873184,1,2,3,4
21.2076817,0.0024529,0.195613,9.921241,-0.108275,9.923759,90.625153,88.870468,1,2,3,4
21.2101345,0.0024528,0.229113,9.902099,-0.081954,9.905087,90.474068,88.674538,1,2,3,4
21.2125854,0.0024509,0.24347,9.906884,-0.105882,9.910441,90.612152,88.592194,1,2,3,4
21.2150383,0.0024529,0.245863,9.952348,-0.091525,9.955805,90.526741,88.584854,1,2,3,4
21.2174892,0.0024509,0.22672,9.923634,-0.101097,9.926738,90.583527,88.691223,1,2,3,4
21.2199421,0.0024529,0.241077,9.933205,-0.019741,9.93615,90.113831,88.609718,1,2,3,4
21.222393,0.0024509,0.269791,9.914063,0.004187,9.917733,89.975807,88.4412,1,2,3,4
21.224844,0.002451,0.267398,9.897313,-0.034098,9.900984,90.197319,88.4524,1,2,3,4
21.2272968,0.0024528,0.284148,9.904491,-0.081954,9.908906,90.473885,88.356705,1,2,3,4
21.2297478,0.002451,0.262612,9.904491,-0.108275,9.908564,90.626106,88.481186,1,2,3,4
21.2322006,0.0024528,0.265005,9.904491,-0.153739,9.909229,90.888962,88.467354,1,2,3,4
21.2346535,0.0024529,0.30329,9.899706,-0.098704,9.904842,90.570976,88.245216,1,2,3,4
21.2371044,0.0024509,0.279362,9.909277,-0.065204,9.913428,90.376862,88.385147,1,2,3,4
21.2395573,0.0024529,0.281755,9.902099,-0.141775,9.907121,90.819954,88.37014,1,2,3,4
21.2420082,0.0024509,0.274576,9.926026,-0.175274,9.931371,91.011238,88.415474,1,2,3,4
21.2444611,0.0024529,0.267398,9.914063,-0.172881,9.919174,90.998657,88.455017,1,2,3,4
21.246912,0.0024509,0.348754,9.906884,-0.113061,9.913666,90.65345,87.983841,1,2,3,4
21.2493649,0.0024529,0.30329,9.870992,-0.134596,9.876568,90.780838,88.24012,1,2,3,4
21.2518177,0.0024528,0.30329,9.823135,-0.208774,9.830033,91.216957,88.231552,1,2,3,4
21.2542686,0.0024509,0.267398,9.863813,-0.184846,9.869168,91.073189,88.447151,1,2,3,4
21.2567196,0.002451,0.403789,9.870992,-0.160917,9.880558,90.933174,87.657532,1,2,3,4
21.2591724,0.0024528,0.298505,9.842278,-0.022134,9.846828,90.128792,88.262817,1,2,3,4
21.2616253,0.0024529,0.33679,9.851849,-0.050847,9.857735,90.29554,88.042084,1,2,3,4
21.2640762,0.0024509,0.305683,9.849456,-0.093918,9.854646,90.546059,88.222366,1,2,3,4
21.2665291,0.0024529,0.332004,9.87817,-0.108275,9.884341,90.62764,88.07502,1,2,3,4
21.2689819,0.0024528,0.293719,9.856635,-0.084347,9.861371,90.490074,88.293144,1,2,3,4
21.2714329,0.002451,0.317647,9.837492,-0.048455,9.842738,90.282059,88.150597,1,2,3,4
21.2738857,0.0024528,0.317647,9.835099,-0.096311,9.840699,90.56076,88.150146,1,2,3,4
21.2763367,0.002451,0.269791,9.854242,-0.081954,9.858275,90.476318,88.43174,1,2,3,4
21.2787895,0.0024528,0.281755,9.84467,-0.125025,9.849495,90.727303,88.360641,1,2,3,4
21.2812405,0.002451,0.265005,9.772886,-0.153739,9.777687,90.900925,88.446724,1,2,3,4
21.2836914,0.0024509,0.205185,9.815957,-0.125025,9.818897,90.729576,88.802513,1,2,3,4
21.2861443,0.0024529,0.233898,9.775279,-0.189631,9.779916,91.111031,88.629311,1,2,3,4
21.2885952,0.0024509,0.229113,9.765707,-0.215952,9.770782,91.266449,88.656036,1,2,3,4
21.2910461,0.0024509,0.248255,9.803992,-0.201595,9.809207,91.177605,88.549477,1,2,3,4
21.293499,0.0024529,0.238684,9.78485,-0.153739,9.788968,90.899887,88.602646,1,2,3,4
21.2959518,0.0024528,0.265005,9.789636,-0.074776,9.793508,90.437469,88.449387,1,2,3,4
21.2984047,0.0024529,0.231506,9.792028,-0.041276,9.794851,90.241447,88.645653,1,2,3,4
21.3008556,0.0024509,0.219541,9.8016,-0.096311,9.804531,90.562836,88.716873,1,2,3,4
21.3033085,0.0024529,0.217149,9.806385,-0.122632,9.809555,90.716293,88.731476,1,2,3,4
21.3057594,0.0024509,0.274576,9.856635,-0.077169,9.860761,90.448395,88.40432,1,2,3,4
21.3082104,0.002451,0.276969,9.815957,-0.060419,9.820049,90.352516,88.383759,1,2,3,4
21.3106613,0.0024509,0.238684,9.827921,-0.079561,9.831141,90.463684,88.608772,1,2,3,4
21.3131161,0.0024548,0.22672,9.832706,-0.081954,9.835661,90.477417,88.679123,1,2,3,4
21.315567,0.0024509,0.229113,9.832706,-0.113061,9.836025,90.658607,88.665184,1,2,3,4
21.318018,0.002451,0.207577,9.815957,-0.055633,9.81831,90.324654,88.788551,1,2,3,4
21.3204708,0.0024528,0.176471,9.815957,-0.062812,9.817744,90.36657,88.970055,1,2,3,4
21.3229237,0.0024529,0.176471,9.7681,-0.084347,9.770058,90.494652,88.965004,1,2,3,4
21.3253746,0.0024509,0.154935,9.758529,-0.08674,9.760144,90.509201,89.090393,1,2,3,4
21.3278255,0.0024509,0.195613,9.770494,-0.017348,9.772467,90.101707,88.853043,1,2,3,4
21.3302784,0.0024529,0.200399,9.770494,-0.048455,9.772669,90.284081,88.824989,1,2,3,4
21.3327293,0.0024509,0.202792,9.7681,-0.074776,9.770491,90.438499,88.810677,1,2,3,4
21.3351822,0.0024529,0.174078,9.787243,-0.072383,9.789059,90.42366,88.981033,1,2,3,4
21.337635,0.0024528,0.186042,9.780065,-0.093918,9.782285,90.550095,88.910217,1,2,3,4
21.3400879,0.0024529,0.198006,9.78485,-0.062812,9.787055,90.367714,88.840721,1,2,3,4
21.3425388,0.0024509,0.20997,9.770494,-0.060419,9.772936,90.354218,88.76889,1,2,3,4
21.3449936,0.0024548,0.20997,9.772886,-0.041276,9.775229,90.241936,88.769188,1,2,3,4
21.3474445,0.0024509,0.183649,9.765707,-0.048455,9.767554,90.284233,88.922653,1,2,3,4
21.3498955,0.002451,0.241077,9.787243,-0.046062,9.79032,90.269569,88.588989,1,2,3,4
21.3523464,0.0024509,0.241077,9.803992,-0.072383,9.807223,90.422882,88.5914,1,2,3,4
21.3547993,0.0024529,0.217149,9.770494,-0.062812,9.773108,90.36824,88.726814,1,2,3,4
21.3572521,0.0024528,0.236291,9.8016,-0.05324,9.804592,90.311127,88.619011,1,2,3,4
21.3597031,0.002451,0.250648,9.775279,-0.034098,9.778552,90.199791,88.531197,1,2,3,4
21.362154,0.0024509,0.245863,9.803992,-0.041276,9.807161,90.24115,88.563446,1,2,3,4
21.3646069,0.0024529,0.212363,9.78485,-0.113061,9.787807,90.66185,88.756691,1,2,3,4
21.3670578,0.0024509,0.274576,9.792028,-0.170489,9.797361,90.997086,88.393799,1,2,3,4
21.3695087,0.0024509,0.24347,9.782457,-0.14656,9.786584,90.85807,88.574295,1,2,3,4
21.3719616,0.0024529,0.233898,9.832706,-0.120239,9.836223,90.700409,88.637314,1,2,3,4
21.3744125,0.0024509,0.24347,9.8016,-0.113061,9.805275,90.660667,88.57708,1,2,3,4
21.3768635,0.002451,0.219541,9.837492,-0.129811,9.840797,90.755814,88.72155,1,2,3,4
21.3793144,0.0024509,0.200399,9.823135,-0.089133,9.825583,90.519768,88.831291,1,2,3,4
21.3817673,0.0024529,0.238684,9.806385,-0.017348,9.809304,90.101326,88.605713,1,2,3,4
21.3842182,0.0024509,0.260219,9.825528,-0.026919,9.82901,90.156921,88.482933,1,2,3,4
21.3866692,0.002451,0.262612,9.839885,-0.065204,9.843604,90.379532,88.471222,1,2,3,4
21.3891239,0.0024547,0.178863,9.830314,-0.079561,9.832263,90.463638,88.957611,1,2,3,4
21.3915749,0.002451,0.238684,9.837492,-0.079561,9.840709,90.463234,88.610123,1,2,3,4
21.3940258,0.0024509,0.219541,9.830314,-0.089133,9.833169,90.519363,88.720619,1,2,3,4
21.3964767,0.0024509,0.183649,9.789636,-0.10349,9.791905,90.60556,88.925285,1,2,3,4
21.3989315,0.0024548,0.174078,9.796814,-0.101097,9.798882,90.591141,88.982025,1,2,3,4
21.4013824,0.0024509,0.188435,9.799207,-0.084347,9.801381,90.493073,88.898361,1,2,3,4
21.4038334,0.002451,0.241077,9.811171,-0.10349,9.814678,90.604156,88.59243,1,2,3,4
21.4062843,0.0024509,0.207577,9.78485,-0.105882,9.787624,90.619835,88.784698,1,2,3,4
21.4087372,0.0024529,0.286541,9.811171,-0.08674,9.815738,90.506317,88.327118,1,2,3,4
21.4111881,0.0024509,0.22672,9.854242,-0.081954,9.857191,90.476372,88.682007,1,2,3,4
21.4136391,0.002451,0.253041,9.811171,-0.10349,9.81498,90.604141,88.522606,1,2,3,4
21.4160919,0.0024528,0.245863,9.842278,-0.065204,9.845564,90.379456,88.569038,1,2,3,4
21.4185429,0.002451,0.255434,9.84467,-0.065204,9.848199,90.379356,88.51371,1,2,3,4
21.4209938,0.0024509,0.265005,9.827921,-0.134596,9.832415,90.784348,88.455421,1,2,3,4
21.4234447,0.0024509,0.202792,9.806385,-0.237488,9.811357,91.387001,88.815315,1,2,3,4
21.4258995,0.0024548,0.207577,9.842278,-0.247059,9.847566,91.437607,88.791786,1,2,3,4
21.4283504,0.0024509,0.238684,9.851849,-0.206381,9.8569,91.19973,88.612144,1,2,3,4
21.4308014,0.002451,0.250648,9.837492,-0.199202,9.842701,91.159668,88.540482,1,2,3,4
21.4332523,0.0024509,0.236291,9.780065,-0.208774,9.785146,91.222542,88.615974,1,2,3,4
21.4357052,0.0024529,0.202792,9.775279,-0.294915,9.781829,91.727692,88.811546,1,2,3,4
21.438158,0.0024528,0.214756,9.772886,-0.242273,9.778247,91.419746,88.74115,1,2,3,4
21.440609,0.002451,0.198006,9.792028,-0.115454,9.79471,90.675385,88.841568,1,2,3,4
21.4430637,0.0024547,0.20997,9.780065,-0.125025,9.783117,90.732239,88.770096,1,2,3,4
21.4455166,0.0024529,0.190828,9.780065,-0.220738,9.784417,91.292709,88.882195,1,2,3,4
21.4479675,0.0024509,0.250648,9.799207,-0.242273,9.805406,91.415817,88.534782,1,2,3,4
21.4504223,0.0024548,0.22672,9.782457,-0.136989,9.786043,90.802078,88.67234,1,2,3,4
21.4528732,0.0024509,0.233898,9.796814,-0.108275,9.800204,90.633034,88.632324,1,2,3,4
21.4553261,0.0024529,0.257827,9.827921,-0.208774,9.833519,91.21653,88.497238,1,2,3,4
21.4577808,0.0024547,0.24347,9.806385,-0.208774,9.811628,91.219246,88.577774,1,2,3,4
21.4602318,0.002451,0.19322,9.823135,-0.230309,9.827734,91.342827,88.873138,1,2,3,4
21.4626846,0.0024528,0.212363,9.803992,-0.136989,9.807249,90.800339,88.759117,1,2,3,4
21.4651375,0.0024529,0.229113,9.827921,-0.175274,9.832153,91.021446,88.664536,1,2,3,4
21.4675903,0.0024528,0.181256,9.839885,-0.16331,9.842909,90.950676,88.944695,1,2,3,4
21.4700432,0.0024529,0.202792,9.830314,-0.168096,9.833842,90.979439,88.818199,1,2,3,4
21.4724941,0.0024509,0.207577,9.851849,-0.110668,9.854656,90.643448,88.792961,1,2,3,4
21.4749489,0.0024548,0.186042,9.868599,-0.129811,9.871206,90.753487,88.919991,1,2,3,4
21.4773998,0.0024509,0.212363,9.863813,-0.144168,9.867152,90.837173,88.76664,1,2,3,4
21.4798527,0.0024529,0.186042,9.861421,-0.144168,9.864229,90.837418,88.919205,1,2,3,4
21.4823074,0.0024547,0.195613,9.870992,-0.141775,9.873948,90.822708,88.864716,1,2,3,4
21.4847584,0.002451,0.233898,9.870992,-0.184846,9.875492,91.072502,88.642601,1,2,3,4
21.4872112,0.0024528,0.186042,9.87817,-0.19681,9.881882,91.14119,88.921036,1,2,3,4
21.489666,0.0024548,0.176471,9.882956,-0.187238,9.886304,91.085197,88.977036,1,2,3,4
21.4921169,0.0024509,0.183649,9.875777,-0.160917,9.878796,90.933342,88.934654,1,2,3,4
21.4945698,0.0024529,0.221934,9.885348,-0.136989,9.888788,90.793739,88.713875,1,2,3,4
21.4970245,0.0024547,0.217149,9.839885,-0.029312,9.842324,90.170639,88.735786,1,2,3,4
21.4994755,0.002451,0.186042,9.875777,-0.139382,9.878512,90.808449,88.920776,1,2,3,4
21.5019283,0.0024528,0.20997,9.847063,-0.132203,9.850189,90.769012,88.778458,1,2,3,4
21.5043831,0.0024548,0.164507,9.8016,-0.18006,9.804633,91.052284,89.03846,1,2,3,4
21.506834,0.0024509,0.241077,9.827921,-0.127418,9.831703,90.742569,88.594826,1,2,3,4
21.5092869,0.0024529,0.217149,9.789636,-0.084347,9.792407,90.493523,88.729301,1,2,3,4
21.5117397,0.0024528,0.174078,9.81835,-0.19681,9.821865,91.148163,88.984261,1,2,3,4
21.5141907,0.002451,0.164507,9.820743,-0.249452,9.825287,91.454826,89.040329,1,2,3,4
21.5166416,0.0024509,0.183649,9.8016,-0.275773,9.807198,91.611336,88.926598,1,2,3,4
21.5190945,0.0024529,0.176471,9.792028,-0.201595,9.795693,91.17923,88.967537,1,2,3,4
21.5215473,0.0024528,0.236291,9.832706,-0.132203,9.836433,90.770088,88.623383,1,2,3,4
21.5239983,0.002451,0.195613,9.808778,-0.211167,9.813001,91.233047,88.857521,1,2,3,4
21.5264511,0.0024528,0.198006,9.84467,-0.194417,9.84858,91.131126,88.847763,1,2,3,4
21.528904,0.0024529,0.245863,9.820743,-0.096311,9.824292,90.561699,88.565895,1,2,3,4
21.5313549,0.0024509,0.236291,9.837492,-0.089133,9.840733,90.518967,88.624054,1,2,3,4
21.5338078,0.0024529,0.250648,9.875777,-0.132203,9.879842,90.766708,88.546143,1,2,3,4
21.5362587,0.0024509,0.248255,9.863813,-0.093918,9.867384,90.545349,88.558266,1,2,3,4
21.5387115,0.0024528,0.276969,9.914063,-0.024526,9.917961,90.141685,88.399742,1,2,3,4
21.5411644,0.0024529,0.265005,9.906884,-0.029312,9.910472,90.169464,88.467728,1,2,3,4
21.5436153,0.0024509,0.260219,9.885348,-0.19681,9.890731,91.140167,88.492111,1,2,3,4
21.5460682,0.0024529,0.269791,9.859028,-0.225524,9.865296,91.309914,88.432503,1,2,3,4
21.5485191,0.0024509,0.212363,9.849456,-0.326022,9.857138,91.895386,88.764847,1,2,3,4
21.550972,0.0024529,0.190828,9.8016,-0.354736,9.809873,92.072334,88.884651,1,2,3,4
21.5534229,0.0024509,0.253041,9.832706,-0.18006,9.83761,91.048759,88.525841,1,2,3,4
21.5558758,0.0024529,0.205185,9.827921,-0.098704,9.830558,90.575287,88.80397,1,2,3,4
21.5583267,0.0024509,0.207577,9.84467,-0.105882,9.847427,90.616074,88.792084,1,2,3,4
21.5607777,0.002451,0.128614,9.847063,-0.091525,9.848329,90.532486,89.251694,1,2,3,4
21.5632324,0.0024547,0.205185,9.854242,-0.000598,9.856379,90.003479,88.807159,1,2,3,4
21.5656834,0.002451,0.255434,9.856635,0.028116,9.859984,89.836624,88.515518,1,2,3,4
21.5681362,0.0024528,0.257827,9.875777,-0.019741,9.879162,90.114487,88.504524,1,2,3,4
21.5705872,0.002451,0.272184,9.87817,-0.220738,9.884384,91.279633,88.421669,1,2,3,4
21.57304,0.0024528,0.291326,9.897313,-0.211167,9.903852,91.221733,88.313995,1,2,3,4
21.5754929,0.0024529,0.279362,9.926026,-0.151346,9.93111,90.873199,88.387871,1,2,3,4
21.5779438,0.0024509,0.286541,9.897313,-0.144168,9.90251,90.834183,88.341675,1,2,3,4
21.5803986,0.0024548,0.332004,9.935597,-0.132203,9.942022,90.761909,88.086136,1,2,3,4
21.5828495,0.0024509,0.322433,9.890134,-0.151346,9.896545,90.876251,88.132736,1,2,3,4
21.5853004,0.0024509,0.298505,9.897313,-0.199202,9.903817,91.152512,88.272476,1,2,3,4
21.5877533,0.0024529,0.296112,9.892527,-0.125025,9.897747,90.723763,88.285484,1,2,3,4
21.5902061,0.0024528,0.360718,9.887741,0.049651,9.894444,89.712486,87.910698,1,2,3,4
21.5926571,0.002451,0.267398,9.863813,0.035294,9.8675,89.795067,88.447151,1,2,3,4
21.595108,0.0024509,0.329611,9.882956,-0.031705,9.888501,90.183701,88.089806,1,2,3,4
21.5975609,0.0024529,0.274576,9.875777,-0.050847,9.879725,90.294884,88.407417,1,2,3,4
21.6000118,0.0024509,0.286541,9.856635,-0.144168,9.861853,90.837624,88.334831,1,2,3,4
21.6024647,0.0024529,0.296112,9.897313,0.00658,9.901744,89.961922,88.286316,1,2,3,4
21.6049175,0.0024528,0.284148,9.861421,0.02333,9.865541,89.86451,88.349533,1,2,3,4
21.6073685,0.002451,0.351147,9.875777,-0.014955,9.88203,90.086708,87.963631,1,2,3,4
21.6098194,0.0024509,0.322433,9.892527,0.075972,9.898071,89.560226,88.133186,1,2,3,4
21.6122723,0.0024529,0.308076,9.863813,0.049651,9.868748,89.711739,88.211067,1,2,3,4
21.6147251,0.0024528,0.363111,9.866206,0.030508,9.872933,89.822952,87.892265,1,2,3,4
21.6171761,0.002451,0.33679,9.861421,0.207577,9.869353,88.794838,88.043983,1,2,3,4
21.6196289,0.0024528,0.358325,9.87817,0.245863,9.887724,88.575172,87.922539,1,2,3,4
21.6220818,0.0024529,0.291326,9.859028,0.202792,9.865416,88.822159,88.307449,1,2,3,4
21.6245327,0.0024509,0.308076,9.887741,0.078365,9.89285,89.546135,88.215393,1,2,3,4
21.6269855,0.0024528,0.308076,9.866206,-0.017348,9.87103,90.100693,88.211502,1,2,3,4
21.6294365,0.002451,0.32004,9.861421,0.011366,9.866619,89.933998,88.14119,1,2,3,4
21.6318893,0.0024528,0.322433,9.863813,-0.043669,9.869179,90.253525,88.127754,1,2,3,4
21.6343403,0.002451,0.296112,9.868599,-0.18006,9.874682,91.044815,88.281326,1,2,3,4
21.6367912,0.0024509,0.332004,9.856635,-0.158524,9.863499,90.920891,88.070816,1,2,3,4
21.639246,0.0024548,0.298505,9.859028,-0.08674,9.863927,90.503845,88.26577,1,2,3,4
21.6416969,0.0024509,0.324826,9.847063,-0.182453,9.854109,91.060913,88.110664,1,2,3,4
21.6441479,0.002451,0.310469,9.868599,-0.208774,9.875689,91.211334,88.198051,1,2,3,4
21.6465988,0.0024509,0.293719,9.851849,-0.235095,9.85903,91.366386,88.292313,1,2,3,4
21.6490536,0.0024548,0.291326,9.863813,-0.25663,9.87145,91.4897,88.308273,1,2,3,4
21.6515045,0.0024509,0.291326,9.861421,-0.311665,9.870645,91.80941,88.307861,1,2,3,4
21.6539555,0.002451,0.265005,9.849456,-0.369093,9.859931,92.145287,88.458794,1,2,3,4
21.6564083,0.0024528,0.274576,9.894919,-0.326022,9.904096,91.886398,88.410492,1,2,3,4
21.6588593,0.002451,0.276969,9.851849,-0.294915,9.860152,91.713959,88.389641,1,2,3,4
21.6613102,0.0024509,0.248255,9.87817,-0.268594,9.884938,91.557037,88.560364,1,2,3,4
21.663763,0.0024528,0.245863,9.849456,-0.282951,9.856586,91.645004,88.570076,1,2,3,4
21.6662159,0.0024529,0.221934,9.794421,-0.285344,9.80109,91.66832,88.701942,1,2,3,4
21.6686668,0.0024509,0.217149,9.823135,-0.270987,9.829271,91.579811,88.733635,1,2,3,4
21.6711178,0.002451,0.212363,9.808778,-0.225524,9.813667,91.316803,88.75972,1,2,3,4
21.6735725,0.0024547,0.188435,9.847063,-0.187238,9.850645,91.089127,88.903717,1,2,3,4
21.6760235,0.002451,0.221934,9.849456,-0.158524,9.853231,90.921844,88.70919,1,2,3,4
21.6784744,0.0024509,0.233898,9.813564,-0.113061,9.817002,90.659882,88.634659,1,2,3,4
21.6809254,0.002451,0.183649,9.813564,-0.113061,9.815933,90.65995,88.927902,1,2,3,4
21.6833782,0.0024528,0.198006,9.827921,-0.127418,9.830741,90.742638,88.845802,1,2,3,4
21.6858292,0.002451,0.217149,9.815957,-0.158524,9.819638,90.925003,88.732712,1,2,3,4
21.6882801,0.0024509,0.231506,9.796814,-0.177667,9.801159,91.038666,88.646309,1,2,3,4
21.690731,0.0024509,0.257827,9.787243,-0.172881,9.792165,91.011612,88.490997,1,2,3,4
21.6931858,0.0024548,0.253041,9.780065,-0.187238,9.78513,91.09642,88.517906,1,2,3,4
21.6956367,0.0024509,0.245863,9.765707,-0.225524,9.771404,91.322502,88.557823,1,2,3,4
21.6980877,0.002451,0.241077,9.78485,-0.203988,9.789945,91.193932,88.588646,1,2,3,4
21.7005405,0.0024528,0.207577,9.806385,-0.165703,9.809981,90.967842,88.787369,1,2,3,4
21.7029915,0.002451,0.20997,9.782457,-0.139382,9.785704,90.816116,88.770393,1,2,3,4
21.7054424,0.0024509,0.207577,9.787243,-0.129811,9.790305,90.759712,88.784996,1,2,3,4
21.7078953,0.0024529,0.221934,9.777672,-0.172881,9.781718,91.012695,88.699722,1,2,3,4
21.7103481,0.0024528,0.260219,9.815957,-0.220738,9.821886,91.287781,88.481453,1,2,3,4
21.7127991,0.002451,0.231506,9.803992,-0.187238,9.808513,91.093803,88.647301,1,2,3,4
21.71525,0.0024509,0.236291,9.81835,-0.165703,9.822591,90.966599,88.621368,1,2,3,4
21.7177048,0.0024548,0.200399,9.842278,-0.134596,9.845238,90.783325,88.833557,1,2,3,4
21.7201557,0.0024509,0.214756,9.870992,-0.139382,9.874311,90.808792,88.753654,1,2,3,4
21.7226067,0.002451,0.207577,9.820743,-0.129811,9.823794,90.757126,88.789139,1,2,3,4
21.7250614,0.0024547,0.22672,9.835099,-0.105882,9.838282,90.616646,88.679443,1,2,3,4
21.7275124,0.002451,0.219541,9.84467,-0.067597,9.84735,90.393311,88.722488,1,2,3,4
21.7299633,0.0024509,0.217149,9.820743,-0.077169,9.823446,90.450096,88.73333,1,2,3,4
21.7324162,0.0024529,0.214756,9.861421,-0.151346,9.86492,90.879059,88.752449,1,2,3,4
21.734869,0.0024528,0.195613,9.787243,-0.125025,9.789996,90.731728,88.855011,1,2,3,4
21.7373199,0.0024509,0.214756,9.820743,-0.132203,9.82398,90.771065,88.747276,1,2,3,4
21.7397709,0.002451,0.219541,9.815957,-0.06999,9.818661,90.408424,88.71875,1,2,3,4
21.7422218,0.0024509,0.219541,9.837492,-0.05324,9.840085,90.310005,88.72155,1,2,3,4
21.7446747,0.0024529,0.241077,9.820743,-0.026919,9.823738,90.157005,88.593803,1,2,3,4
21.7471275,0.0024528,0.241077,9.815957,-0.058026,9.819088,90.338593,88.593117,1,2,3,4
21.7495785,0.002451,0.236291,9.84467,-0.079561,9.847827,90.462898,88.625053,1,2,3,4
21.7520313,0.0024528,0.22672,9.830314,-0.110668,9.83355,90.644829,88.678802,1,2,3,4
21.7544842,0.0024529,0.281755,9.830314,-0.101097,9.83487,90.588974,88.358246,1,2,3,4
21.7569351,0.0024509,0.241077,9.827921,-0.115454,9.831555,90.672852,88.594826,1,2,3,4
21.759388,0.0024529,0.276969,9.832706,-0.14656,9.837698,90.853615,88.386513,1,2,3,4
21.7618408,0.0024528,0.229113,9.811171,-0.132203,9.814735,90.77179,88.662262,1,2,3,4
21.7642918,0.002451,0.250648,9.825528,-0.165703,9.830121,90.965858,88.538704,1,2,3,4
21.7667427,0.0024509,0.317647,9.823135,-0.16331,9.829627,90.951958,88.147896,1,2,3,4
21.7691956,0.0024529,0.288933,9.815957,-0.182453,9.821903,91.064392,88.31398,1,2,3,4
21.7716465,0.0024509,0.265005,9.827921,-0.165703,9.83289,90.965591,88.455421,1,2,3,4
21.7740993,0.0024528,0.238684,9.811171,-0.18006,9.815725,91.051094,88.606392,1,2,3,4
21.7765522,0.0024529,0.272184,9.830314,-0.192024,9.835956,91.118637,88.413986,1,2,3,4
21.7790031,0.0024509,0.255434,9.806385,-0.175274,9.811276,91.023621,88.507912,1,2,3,4
21.7814541,0.002451,0.248255,9.803992,-0.129811,9.807994,90.758339,88.549477,1,2,3,4
21.7839069,0.0024528,0.253041,9.832706,-0.14656,9.837053,90.853668,88.525841,1,2,3,4
21.7863598,0.0024529,0.219541,9.794421,-0.184846,9.798625,91.080917,88.715935,1,2,3,4
21.7888107,0.0024509,0.221934,9.806385,-0.192024,9.810776,91.121506,88.703522,1,2,3,4
21.7912617,0.002451,0.22672,9.813564,-0.115454,9.816862,90.673859,88.676544,1,2,3,4
21.7937164,0.0024547,0.219541,9.815957,-0.098704,9.818908,90.575974,88.71875,1,2,3,4
21.7961674,0.002451,0.233898,9.796814,-0.060419,9.799791,90.353249,88.632324,1,2,3,4
21.7986183,0.0024509,0.229113,9.758529,-0.10349,9.761766,90.607437,88.655045,1,2,3,4
21.8010693,0.002451,0.176471,9.792028,-0.206381,9.795793,91.207214,88.967537,1,2,3,4
21.803524,0.0024547,0.217149,9.8016,-0.084347,9.804368,90.49292,88.73085,1,2,3,4
21.805975,0.002451,0.231506,9.808778,-0.060419,9.811695,90.352821,88.647964,1,2,3,4
21.8084259,0.0024509,0.22672,9.837492,-0.110668,9.840726,90.644356,88.679764,1,2,3,4
21.8108788,0.0024529,0.202792,9.792028,-0.16331,9.795489,90.955276,88.813583,1,2,3,4
21.8133316,0.0024528,0.276969,9.811171,-0.136989,9.816035,90.799629,88.382973,1,2,3,4
21.8157825,0.0024509,0.250648,9.959526,-0.110668,9.963294,90.636429,88.558357,1,2,3,4
21.8182335,0.002451,0.32004,9.684352,-0.127418,9.690476,90.753387,88.107231,1,2,3,4
21.8206863,0.0024528,0.281755,9.617352,-0.177667,9.623118,91.057884,88.321915,1,2,3,4
21.8231392,0.0024529,0.365504,9.899706,-0.06999,9.906698,90.404793,87.885559,1,2,3,4
21.8255901,0.0024509,0.205185,9.918848,0.044865,9.921071,89.740891,88.814926,1,2,3,4
21.828043,0.0024529,0.279362,9.825528,-0.160917,9.830815,90.937897,88.371391,1,2,3,4
21.8304958,0.0024528,0.236291,9.894919,-0.292523,9.902062,91.692856,88.632034,1,2,3,4
21.8329468,0.002451,0.291326,9.885348,-0.079561,9.88996,90.46093,88.311951,1,2,3,4
21.8353977,0.0024509,0.32004,9.8016,0.037687,9.806895,89.779816,88.129852,1,2,3,4
21.8378525,0.0024548,0.250648,9.890134,-0.122632,9.89407,90.710175,88.548248,1,2,3,4
21.8403034,0.0024509,0.265005,9.882956,-0.206381,9.888662,91.195877,88.46402,1,2,3,4
21.8427563,0.0024529,0.288933,9.882956,-0.038883,9.887255,90.225327,88.325401,1,2,3,4
21.8452091,0.0024528,0.241077,9.894919,-0.151346,9.899013,90.87603,88.60434,1,2,3,4
21.8476601,0.002451,0.255434,9.854242,-0.218345,9.85997,91.268898,88.51516,1,2,3,4
21.850111,0.0024509,0.238684,9.835099,-0.034098,9.838054,90.198586,88.609787,1,2,3,4
21.8525658,0.0024548,0.159721,9.856635,-0.172881,9.859445,91.004707,89.07164,1,2,3,4
21.8550186,0.0024528,0.147757,9.849456,-0.168096,9.851998,90.977631,89.140541,1,2,3,4
21.8574696,0.002451,0.15015,9.8016,-0.110668,9.803374,90.646812,89.12236,1,2,3,4
21.8599205,0.0024509,0.238684,9.91167,-0.282951,9.91858,91.63472,88.620522,1,2,3,4
21.8623734,0.0024529,0.262612,9.873384,0.02333,9.876904,89.864662,88.47641,1,2,3,4
21.8648243,0.0024509,0.253041,9.763314,-0.127418,9.767424,90.747452,88.515366,1,2,3,4
21.8672771,0.0024528,0.238684,9.868599,-0.172881,9.872998,91.003334,88.614502,1,2,3,4
21.86973,0.0024529,0.291326,9.935597,-0.122632,9.940624,90.706848,88.320488,1,2,3,4
21.8721809,0.0024509,0.255434,9.837492,-0.024526,9.840838,90.142799,88.512627,1,2,3,4
21.8746338,0.0024529,0.276969,9.832706,-0.235095,9.839416,91.36911,88.386513,1,2,3,4
21.8770847,0.0024509,0.238684,9.851849,-0.134596,9.855659,90.782501,88.612144,1,2,3,4
21.8795395,0.0024548,0.276969,9.851849,-0.038883,9.855818,90.226044,88.389641,1,2,3,4
21.8819904,0.0024509,0.176471,9.909277,-0.117847,9.911549,90.681252,88.979752,1,2,3,4
21.8844433,0.0024529,0.257827,9.873384,-0.048455,9.876869,90.28109,88.504158,1,2,3,4
21.8868961,0.0024528,0.248255,9.830314,-0.031705,9.833499,90.184731,88.55336,1,2,3,4
21.8893471,0.002451,0.22672,9.928419,-0.14656,9.932089,90.845505,88.691849,1,2,3,4
21.891798,0.0024509,0.267398,9.856635,-0.022134,9.860286,90.128616,88.446022,1,2,3,4
21.8942528,0.0024548,0.281755,9.854242,-0.019741,9.85829,90.114731,88.362228,1,2,3,4
21.8967037,0.0024509,0.248255,9.945169,-0.014955,9.948278,90.086136,88.570053,1,2,3,4
21.8991547,0.002451,0.207577,9.885348,0.221934,9.890018,88.714165,88.79705,1,2,3,4
21.9016075,0.0024528,0.279362,9.902099,0.028116,9.906078,89.837379,88.38398,1,2,3,4
21.9040604,0.0024529,0.315254,9.945169,-0.074776,9.950446,90.430573,88.184372,1,2,3,4
21.9065113,0.0024509,0.147757,9.892527,0.052044,9.893767,89.698608,89.144279,1,2,3,4
21.9089622,0.0024509,0.265005,9.890134,-0.050847,9.893814,90.294464,88.465134,1,2,3,4
21.911417,0.0024548,0.250648,9.880563,-0.019741,9.883761,90.114433,88.546844,1,2,3,4
21.913868,0.002451,0.24347,9.887741,0.00658,9.89074,89.961884,88.58947,1,2,3,4
21.9163189,0.0024509,0.255434,9.894919,-0.067597,9.898447,90.391281,88.521255,1,2,3,4
21.9187698,0.0024509,0.255434,9.894919,-0.043669,9.898313,90.252777,88.521255,1,2,3,4
21.9212227,0.0024529,0.205185,9.887741,-0.022134,9.889894,90.128227,88.811203,1,2,3,4
21.9236755,0.0024528,0.205185,9.892527,-0.156132,9.895885,90.904015,88.811775,1,2,3,4
21.9261265,0.002451,0.188435,9.918848,-0.029312,9.920681,90.169289,88.911644,1,2,3,4
21.9285793,0.0024528,0.162114,9.84467,0.025723,9.846039,89.850311,89.056587,1,2,3,4
21.9310322,0.0024529,0.257827,9.902099,-0.254237,9.908717,91.470253,88.508492,1,2,3,4
21.9334831,0.0024509,0.154935,9.906884,-0.225524,9.910662,91.303917,89.104019,1,2,3,4
21.9359341,0.002451,0.181256,9.825528,-0.081954,9.827541,90.477806,88.943153,1,2,3,4
21.9383869,0.0024528,0.186042,9.882956,-0.158524,9.885978,90.918793,88.921562,1,2,3,4
21.9408398,0.0024529,0.171685,9.923634,-0.08674,9.925497,90.500717,89.00885,1,2,3,4
21.9432907,0.0024509,0.190828,9.820743,-0.050847,9.822728,90.296593,88.886818,1,2,3,4
21.9457436,0.0024529,0.178863,9.902099,-0.19681,9.905669,91.138451,88.965164,1,2,3,4
21.9481964,0.0024528,0.224327,9.882956,-0.081954,9.885841,90.474991,88.699699,1,2,3,4
21.9506474,0.002451,0.171685,9.84467,-0.117847,9.846872,90.68573,89.0009,1,2,3,4
21.9531021,0.0024547,0.198006,9.906884,-0.213559,9.911164,91.234665,88.854996,1,2,3,4
21.9555531,0.002451,0.200399,9.873384,-0.098704,9.875912,90.572647,88.837234,1,2,3,4
21.958004,0.0024509,0.198006,9.902099,-0.211167,9.906329,91.221428,88.854446,1,2,3,4
21.9604568,0.0024528,0.183649,9.875777,-0.29013,9.881744,91.682457,88.934654,1,2,3,4
21.9629097,0.0024529,0.142971,9.870992,-0.172881,9.873541,91.003273,89.170189,1,2,3,4
21.9653625,0.0024528,0.166899,9.923634,-0.218345,9.927439,91.260269,89.036469,1,2,3,4
21.9678135,0.002451,0.142971,9.868599,-0.175274,9.871191,91.017403,89.169983,1,2,3,4
21.9702663,0.0024528,0.195613,9.926026,-0.113061,9.928597,90.652466,88.87101,1,2,3,4
21.9727173,0.002451,0.1334,9.84467,-0.182453,9.847264,91.061653,89.223663,1,2,3,4
21.9751701,0.0024528,0.181256,9.887741,-0.160917,9.890712,90.93222,88.949806,1,2,3,4
21.9776211,0.002451,0.157328,9.890134,-0.067597,9.891616,90.391548,89.088638,1,2,3,4
21.9800758,0.0024547,0.198006,9.873384,-0.041276,9.875456,90.239479,88.851112,1,2,3,4
21.9825268,0.002451,0.198006,9.892527,-0.060419,9.894692,90.349861,88.85334,1,2,3,4
21.9849777,0.0024509,0.190828,9.868599,0.059222,9.870622,89.656235,88.89222,1,2,3,4
21.9874325,0.0024548,0.188435,9.882956,-0.067597,9.884983,90.391815,88.907692,1,2,3,4
21.9898834,0.0024509,0.20997,9.887741,-0.055633,9.890127,90.322296,88.783485,1,2,3,4
21.9923363,0.0024529,0.250648,9.902099,0.102293,9.905799,89.408318,88.550003,1,2,3,4
21.9947891,0.0024528,0.219541,9.859028,-0.079561,9.861793,90.46225,88.724342,1,2,3,4
21.9972401,0.002451,0.205185,9.873384,-0.08674,9.875897,90.503235,88.809471,1,2,3,4
21.999691,0.0024509,0.178863,9.830314,-0.156132,9.83318,90.909782,88.957611,1,2,3,4
22.002142,0.002451,0.186042,9.854242,-0.144168,9.857053,90.838028,88.918419,1,2,3,4
22.0045967,0.0024547,0.183649,9.837492,-0.046062,9.839314,90.268227,88.930511,1,2,3,4
22.0070477,0.002451,0.183649,9.851849,-0.043669,9.853657,90.253922,88.932068,1,2,3,4
22.0095005,0.0024528,0.19322,9.880563,-0.156132,9.883685,90.905136,88.879692,1,2,3,4
22.0119534,0.0024529,0.154935,9.789636,-0.151346,9.792031,90.885605,89.093285,1,2,3,4
22.0144043,0.0024509,0.15015,9.796814,-0.187238,9.799753,91.094788,89.121933,1,2,3,4
22.0168571,0.0024528,0.188435,9.842278,-0.223131,9.84661,91.29847,88.903183,1,2,3,4
22.0193081,0.002451,0.20997,9.811171,-0.132203,9.814308,90.771828,88.773994,1,2,3,4
22.0217609,0.0024528,0.19322,9.859028,-0.232702,9.863667,91.351837,88.877243,1,2,3,4
22.0242119,0.002451,0.190828,9.808778,-0.342772,9.81662,92.00103,88.885468,1,2,3,4
22.0266647,0.0024528,0.24347,9.808778,-0.318844,9.816978,91.861221,88.578117,1,2,3,4
22.0291176,0.0024529,0.183649,9.789636,-0.278166,9.795309,91.627296,88.925285,1,2,3,4
22.0315685,0.0024509,0.195613,9.815957,-0.345165,9.823972,92.013496,88.858353,1,2,3,4
22.0340214,0.0024529,0.217149,9.811171,-0.282951,9.817652,91.651527,88.732094,1,2,3,4
22.0364723,0.0024509,0.178863,9.820743,-0.232702,9.825128,91.35714,88.956596,1,2,3,4
22.0389252,0.0024529,0.159721,9.832706,-0.299701,9.83857,91.745605,89.069382,1,2,3,4
22.0413761,0.0024509,0.176471,9.823135,-0.213559,9.827042,91.245239,88.970802,1,2,3,4
22.043829,0.0024529,0.188435,9.792028,-0.175274,9.795409,91.025276,88.897552,1,2,3,4
22.0462818,0.0024528,0.198006,9.787243,-0.199202,9.791272,91.165756,88.841003,1,2,3,4
22.0487328,0.002451,0.202792,9.806385,-0.218345,9.810911,91.275238,88.815315,1,2,3,4
22.0511837,0.0024509,0.186042,9.78485,-0.192024,9.788503,91.124062,88.910751,1,2,3,4
22.0536346,0.0024509,0.195613,9.794421,-0.259023,9.799798,91.514587,88.855843,1,2,3,4
22.0560894,0.0024548,0.219541,9.8016,-0.335593,9.8098,91.960472,88.716873,1,2,3,4
22.0585403,0.0024509,0.166899,9.760921,-0.254237,9.765658,91.491798,89.020409,1,2,3,4
22.0609913,0.002451,0.262612,9.794421,-0.10349,9.798488,90.605156,88.464127,1,2,3,4
22.063446,0.0024547,0.214756,9.794421,-0.16331,9.798137,90.955017,88.743912,1,2,3,4
22.065897,0.002451,0.164507,9.760921,-0.220738,9.764803,91.295311,89.034454,1,2,3,4
22.0683479,0.0024509,0.178863,9.780065,-0.218345,9.784137,91.278732,88.952255,1,2,3,4
22.0708027,0.0024548,0.221934,9.777672,-0.261416,9.783684,91.531097,88.699722,1,2,3,4
22.0732536,0.0024509,0.162114,9.789636,-0.203988,9.793103,91.193542,89.051285,1,2,3,4
22.0757046,0.002451,0.19322,9.775279,-0.122632,9.777958,90.718605,88.867622,1,2,3,4
22.0781574,0.0024528,0.157328,9.748958,-0.168096,9.751676,90.987694,89.075447,1,2,3,4
22.0806103,0.0024529,0.169292,9.772886,-0.165703,9.775757,90.97123,89.007584,1,2,3,4
22.0830631,0.0024528,0.138186,9.753743,-0.242273,9.75773,91.422737,89.188324,1,2,3,4
22.0855141,0.002451,0.142971,9.760921,-0.187238,9.763763,91.098824,89.160835,1,2,3,4
22.0879669,0.0024528,0.145364,9.777672,-0.050847,9.778885,90.29792,89.148247,1,2,3,4
22.0904198,0.0024529,0.20997,9.75135,-0.048455,9.753732,90.284637,88.766472,1,2,3,4
22.0928707,0.0024509,0.159721,9.758529,-0.091525,9.760265,90.537292,89.062309,1,2,3,4
22.0953217,0.002451,0.200399,9.739387,-0.093918,9.7419,90.552376,88.821243,1,2,3,4
22.0977745,0.0024528,0.229113,9.765707,-0.024526,9.768425,90.14386,88.656036,1,2,3,4
22.1002274,0.0024529,0.183649,9.763314,-0.017348,9.765057,90.101791,88.922386,1,2,3,4
22.1026783,0.0024509,0.183649,9.770494,-0.091525,9.772648,90.536613,88.92318,1,2,3,4
22.1051311,0.0024528,0.174078,9.787243,-0.127418,9.78962,90.745758,88.981033,1,2,3,4
22.1075821,0.002451,0.181256,9.777672,-0.098704,9.77985,90.57827,88.937988,1,2,3,4
22.1100349,0.0024528,0.19322,9.794421,-0.046062,9.796435,90.269402,88.869835,1,2,3,4
22.1124859,0.002451,0.183649,9.760921,-0.127418,9.76348,90.747757,88.922119,1,2,3,4
22.1149406,0.0024547,0.159721,9.7681,-0.148953,9.770541,90.873512,89.063225,1,2,3,4
22.1173916,0.002451,0.169292,9.7681,-0.153739,9.770777,90.901558,89.007095,1,2,3,4
22.1198425,0.0024509,0.162114,9.744172,-0.172881,9.747054,91.016296,89.04686,1,2,3,4
22.1222973,0.0024548,0.181256,9.760921,-0.160917,9.76393,90.944321,88.936165,1,2,3,4
22.1247482,0.0024509,0.219541,9.772886,-0.060419,9.775538,90.354126,88.713104,1,2,3,4
22.1271992,0.002451,0.269791,9.758529,0.214756,9.764619,88.739777,88.416367,1,2,3,4
22.129652,0.0024528,0.171685,9.780065,-0.029312,9.781615,90.171692,88.994301,1,2,3,4
22.132103,0.002451,0.253041,9.782457,-0.247059,9.788848,91.446228,88.518272,1,2,3,4
22.1345558,0.0024528,0.162114,9.78485,-0.201595,9.788269,91.180122,89.050819,1,2,3,4
22.1370068,0.002451,0.288933,9.782457,0.028116,9.786764,89.835396,88.308212,1,2,3,4
22.1394596,0.0024528,0.219541,9.758529,-0.017348,9.761013,90.10183,88.711212,1,2,3,4
22.1419125,0.0024529,0.279362,9.792028,-0.165703,9.797414,90.969086,88.365822,1,2,3,4
22.1443634,0.0024509,0.214756,9.789636,-0.225524,9.794587,91.319374,88.743301,1,2,3,4
22.1468163,0.0024529,0.198006,9.8016,-0.134596,9.804523,90.786583,88.842705,1,2,3,4
22.1492691,0.0024528,0.255434,9.8016,-0.062812,9.805128,90.367043,88.507187,1,2,3,4
22.15172,0.0024509,0.200399,9.803992,-0.115454,9.80672,90.674553,88.82901,1,2,3,4
22.154171,0.002451,0.198006,9.806385,-0.237488,9.811258,91.387016,88.843269,1,2,3,4
22.1566257,0.0024547,0.169292,9.825528,-0.285344,9.831128,91.663216,89.012901,1,2,3,4
22.1590767,0.002451,0.186042,9.832706,-0.206381,9.836632,91.202202,88.916054,1,2,3,4
22.1615295,0.0024528,0.169292,9.796814,-0.125025,9.799074,90.731049,89.01001,1,2,3,4
22.1639824,0.0024529,0.181256,9.8016,-0.153739,9.804481,90.89846,88.940575,1,2,3,4
22.1664352,0.0024528,0.174078,9.825528,-0.201595,9.829138,91.175217,88.985001,1,2,3,4
22.1688862,0.002451,0.154935,9.825528,-0.184846,9.828487,91.077629,89.096596,1,2,3,4
22.1713409,0.0024547,0.221934,9.832706,-0.127418,9.836036,90.742241,88.706993,1,2,3,4
22.1737919,0.002451,0.205185,9.837492,-0.093918,9.840079,90.546867,88.80513,1,2,3,4
22.1762428,0.0024509,0.224327,9.866206,-0.108275,9.86935,90.628593,88.697495,1,2,3,4
22.1786957,0.0024529,0.22672,9.861421,-0.074776,9.86431,90.434334,88.682968,1,2,3,4
22.1811485,0.0024528,0.269791,9.87817,0.008973,9.881858,89.947975,88.435539,1,2,3,4
22.1835995,0.002451,0.241077,9.870992,-0.043669,9.874032,90.253395,88.60096,1,2,3,4
22.1860504,0.0024509,0.253041,9.904491,-0.091525,9.908146,90.529274,88.536522,1,2,3,4
22.1885052,0.0024548,0.176471,9.835099,-0.000598,9.836682,90.003487,88.972054,1,2,3,4
22.1909561,0.0024509,0.221934,9.880563,-0.110668,9.883675,90.641556,88.713257,1,2,3,4
22.1934071,0.002451,0.30329,9.897313,0.253041,9.905192,88.536148,88.244797,1,2,3,4
22.1958618,0.0024547,0.221934,9.894919,0.257827,9.900765,88.50779,88.715118,1,2,3,4
22.1983128,0.002451,0.284148,9.866206,-0.010169,9.870302,90.059036,88.350334,1,2,3,4
22.2007656,0.0024528,0.195613,9.873384,-0.132203,9.876206,90.766991,88.864998,1,2,3,4
22.2032166,0.002451,0.238684,9.861421,-0.096311,9.864779,90.559395,88.613495,1,2,3,4
22.2056694,0.0024528,0.30329,9.859028,0.135793,9.864627,89.211266,88.237984,1,2,3,4
22.2081203,0.0024509,0.269791,9.899706,0.128614,9.904216,89.255951,88.438942,1,2,3,4
22.2105732,0.0024529,0.293719,9.856635,-0.007777,9.861013,90.045181,88.293144,1,2,3,4
22.213026,0.0024528,0.274576,9.897313,-0.08674,9.901502,90.50193,88.410881,1,2,3,4
22.215477,0.002451,0.296112,9.863813,-0.017348,9.868272,90.100723,88.280495,1,2,3,4
22.2179279,0.0024509,0.327219,9.887741,0.054437,9.893304,89.684738,88.104584,1,2,3,4
22.2203808,0.0024529,0.296112,9.926026,0.008973,9.930447,89.948227,88.291267,1,2,3,4
22.2228336,0.0024528,0.245863,9.887741,-0.096311,9.891267,90.557899,88.575615,1,2,3,4
22.2252846,0.002451,0.224327,9.894919,-0.14656,9.898547,90.848366,88.701271,1,2,3,4
22.2277374,0.0024528,0.250648,9.930812,-0.115454,9.934646,90.665871,88.554192,1,2,3,4
22.2301903,0.0024529,0.300897,9.887741,-0.019741,9.892338,90.114334,88.25695,1,2,3,4
22.2326412,0.0024509,0.260219,9.887741,0.004187,9.891166,89.975746,88.49247,1,2,3,4
22.2350922,0.002451,0.281755,9.897313,-0.079561,9.901643,90.460388,88.369354,1,2,3,4
22.2375431,0.0024509,0.296112,9.897313,-0.10349,9.902283,90.598816,88.286316,1,2,3,4
22.239996,0.0024529,0.253041,9.894919,-0.055633,9.898311,90.322029,88.535103,1,2,3,4
22.2424469,0.0024509,0.257827,9.918848,-0.029312,9.922242,90.169266,88.511009,1,2,3,4
22.2448978,0.0024509,0.310469,9.902099,-0.026919,9.907001,90.155685,88.204147,1,2,3,4
22.2473526,0.0024548,0.20997,9.916455,-0.189631,9.92049,91.095284,88.787003,1,2,3,4
22.2498035,0.0024509,0.322433,9.906884,-0.110668,9.912747,90.639679,88.135887,1,2,3,4
22.2522545,0.002451,0.198006,9.909277,-0.115454,9.911927,90.667397,88.855278,1,2,3,4
22.2547054,0.0024509,0.348754,9.940384,-0.134596,9.947411,90.775284,87.990631,1,2,3,4
22.2571583,0.0024529,0.224327,9.902099,-0.242273,9.907602,91.401207,88.702217,1,2,3,4
22.2596111,0.0024528,0.310469,9.930812,-0.268594,9.939294,91.548523,88.209335,1,2,3,4
22.2620621,0.002451,0.308076,9.969097,-0.342772,9.979744,91.968315,88.22995,1,2,3,4
22.264513,0.0024509,0.097508,9.880563,-0.416949,9.889836,92.416267,89.434586,1,2,3,4
22.2669659,0.0024529,0.389432,9.875777,0.109472,9.884059,89.365402,87.741821,1,2,3,4
22.2694187,0.0024528,0.190828,9.904491,0.095115,9.906786,89.449898,88.896233,1,2,3,4
22.2718697,0.002451,0.30329,9.935597,-0.270987,9.943918,91.561592,88.251556,1,2,3,4
22.2743225,0.0024528,0.181256,9.909277,-0.395414,9.918819,92.284706,88.952087,1,2,3,4
22.2767754,0.0024529,0.308076,9.942777,-0.237488,9.950383,91.367622,88.225266,1,2,3,4
22.2792263,0.0024509,0.262612,9.93799,-0.019741,9.941479,90.11377,88.486305,1,2,3,4
22.2816792,0.0024529,0.305683,9.921241,-0.06999,9.926196,90.403999,88.235222,1,2,3,4
22.284132,0.0024528,0.205185,9.949955,-0.225524,9.954625,91.298157,88.818634,1,2,3,4
22.2865829,0.0024509,0.281755,9.942777,-0.237488,9.949603,91.367729,88.376808,1,2,3,4
22.2890339,0.002451,0.231506,9.928419,-0.203988,9.933213,91.176704,88.664253,1,2,3,4
22.2914886,0.0024547,0.253041,9.914063,-0.189631,9.919104,91.095436,88.537933,1,2,3,4
22.2939396,0.002451,0.233898,9.949955,-0.18006,9.954332,91.036453,88.653366,1,2,3,4
22.2963905,0.0024509,0.281755,9.961919,-0.115454,9.966571,90.663734,88.379921,1,2,3,4
22.2988434,0.0024529,0.255434,9.935597,-0.117847,9.939579,90.679329,88.527313,1,2,3,4
22.3012962,0.0024528,0.269791,9.904491,-0.10349,9.908706,90.598427,88.43969,1,2,3,4
22.3037472,0.002451,0.241077,9.954741,-0.129811,9.958506,90.74688,88.612724,1,2,3,4
22.3061981,0.0024509,0.288933,9.940384,-0.113061,9.945225,90.651375,88.335075,1,2,3,4
22.308651,0.0024529,0.272184,9.942777,-0.048455,9.94662,90.279114,88.431923,1,2,3,4
22.3111019,0.0024509,0.267398,9.93799,-0.089133,9.941986,90.51368,88.458733,1,2,3,4
22.3135548,0.0024529,0.286541,9.909277,-0.108275,9.914011,90.625763,88.343674,1,2,3,4
22.3160076,0.0024528,0.288933,9.909277,-0.168096,9.914913,90.971428,88.329849,1,2,3,4
22.3184586,0.002451,0.274576,9.904491,-0.170489,9.909763,90.985771,88.412033,1,2,3,4
22.3209095,0.0024509,0.255434,9.923634,-0.14656,9.928002,90.845848,88.525536,1,2,3,4
22.3233604,0.0024509,0.272184,9.902099,-0.14656,9.906922,90.847649,88.425484,1,2,3,4
22.3258133,0.0024529,0.308076,9.882956,-0.074776,9.888039,90.433289,88.214531,1,2,3,4
22.3282661,0.0024528,0.30329,9.906884,-0.012562,9.911533,90.072617,88.24649,1,2,3,4
22.3307171,0.002451,0.284148,9.870992,-0.120239,9.875813,90.697601,88.351128,1,2,3,4
22.3331699,0.0024528,0.229113,9.899706,-0.230309,9.905034,91.332344,88.674217,1,2,3,4
22.3356209,0.002451,0.24347,9.868599,-0.110668,9.872222,90.642303,88.586731,1,2,3,4
22.3380718,0.0024509,0.269791,9.87817,-0.058026,9.882024,90.336433,88.435539,1,2,3,4
22.3405247,0.0024529,0.248255,9.875777,-0.062812,9.879097,90.364288,88.560013,1,2,3,4
22.3429775,0.0024528,0.19322,9.856635,-0.134596,9.859447,90.782196,88.876968,1,2,3,4
22.3454285,0.002451,0.190828,9.87817,-0.177667,9.88161,91.030212,88.893288,1,2,3,4
22.3478794,0.0024509,0.19322,9.861421,-0.14656,9.864402,90.851303,88.877518,1,2,3,4
22.3503342,0.0024548,0.238684,9.854242,-0.165703,9.858525,90.963081,88.612488,1,2,3,4
22.3527851,0.0024509,0.248255,9.851849,-0.017348,9.854991,90.100861,88.556519,1,2,3,4
22.3552361,0.002451,0.207577,9.81835,-0.079561,9.820867,90.464172,88.788849,1,2,3,4
22.357687,0.0024509,0.286541,9.859028,-0.165703,9.864583,90.962486,88.335236,1,2,3,4
22.3601398,0.0024528,0.233898,9.859028,-0.232702,9.864548,91.351715,88.640953,1,2,3,4
22.3625927,0.0024529,0.312862,9.813564,-0.352343,9.82487,92.055206,88.173996,1,2,3,4
22.3650436,0.0024509,0.169292,9.811171,-0.23988,9.815563,91.400375,89.011459,1,2,3,4
22.3674965,0.0024529,0.343968,9.870992,0.049651,9.877108,89.711983,88.004257,1,2,3,4
22.3699474,0.0024509,0.238684,9.837492,0.00658,9.840389,89.961685,88.610123,1,2,3,4
22.3724003,0.0024529,0.260219,9.813564,-0.206381,9.819182,91.204338,88.481087,1,2,3,4
22.3748512,0.0024509,0.19322,9.832706,-0.309272,9.839466,91.801208,88.874237,1,2,3,4
22.3773041,0.0024529,0.250648,9.796814,-0.268594,9.8037,91.569946,88.534424,1,2,3,4
22.3797569,0.0024528,0.241077,9.799207,-0.144168,9.803232,90.842628,88.590714,1,2,3,4
22.3822079,0.002451,0.293719,9.777672,-0.067597,9.782316,90.395927,88.279366,1,2,3,4
22.3846607,0.0024528,0.267398,9.8016,-0.187238,9.807034,91.093971,88.437302,1,2,3,4
22.3871117,0.002451,0.253041,9.78485,-0.249452,9.7913,91.459877,88.518631,1,2,3,4
22.3895645,0.0024528,0.231506,9.760921,-0.268594,9.767361,91.575783,88.641335,1,2,3,4
22.3920155,0.002451,0.205185,9.760921,-0.189631,9.764919,91.112732,88.795761,1,2,3,4
22.3944683,0.0024528,0.245863,9.722636,-0.184846,9.727501,91.088821,88.551437,1,2,3,4
22.3969193,0.002451,0.281755,9.746565,-0.160917,9.751965,90.94548,88.344147,1,2,3,4
22.3993702,0.0024509,0.272184,9.739387,-0.18006,9.744853,91.058739,88.399193,1,2,3,4
22.4018211,0.0024509,0.238684,9.746565,-0.168096,9.750937,90.98777,88.59716,1,2,3,4
22.4042759,0.0024548,0.188435,9.705887,-0.132203,9.708616,90.780228,88.887772,1,2,3,4
22.4067268,0.0024509,0.241077,9.727423,-0.120239,9.731153,90.70797,88.580315,1,2,3,4
22.4091778,0.002451,0.212363,9.75135,-0.115454,9.754346,90.678177,88.752419,1,2,3,4
22.4116306,0.0024528,0.219541,9.713065,-0.148953,9.716687,90.878357,88.705185,1,2,3,4
22.4140816,0.002451,0.198006,9.720243,-0.19681,9.724252,91.159691,88.833015,1,2,3,4
22.4165344,0.0024528,0.171685,9.70828,-0.168096,9.711252,90.991806,88.986862,1,2,3,4
22.4189873,0.0024529,0.245863,9.705887,-0.156132,9.710256,90.921303,88.548935,1,2,3,4
22.4214382,0.0024509,0.238684,9.715458,-0.046062,9.718498,90.271561,88.592674,1,2,3,4
22.4238892,0.002451,0.221934,9.686745,-0.038883,9.689364,90.229927,88.687515,1,2,3,4
22.4263401,0.0024509,0.207577,9.686745,-0.084347,9.689336,90.498772,88.772392,1,2,3,4
22.4287949,0.0024548,0.269791,9.686745,-0.098704,9.691004,90.583572,88.40464,1,2,3,4
22.4312458,0.0024509,0.267398,9.703494,-0.012562,9.707186,90.07415,88.421509,1,2,3,4
22.4336967,0.0024509,0.233898,9.689137,-0.05324,9.692107,90.314735,88.617134,1,2,3,4
22.4361515,0.0024548,0.233898,9.658031,-0.058026,9.661036,90.344131,88.612679,1,2,3,4
22.4386024,0.0024509,0.255434,9.715458,-0.079561,9.719141,90.469032,88.493958,1,2,3,4
22.4410534,0.002451,0.219541,9.722636,-0.148953,9.726255,90.877495,88.706459,1,2,3,4
22.4435062,0.0024528,0.200399,9.689137,-0.14656,9.692318,90.866417,88.815132,1,2,3,4
22.4459591,0.0024529,0.214756,9.705887,-0.098704,9.708764,90.582504,88.73246,1,2,3,4
22.4484119,0.0024528,0.229113,9.701101,-0.098704,9.704309,90.582771,88.647087,1,2,3,4
22.4508629,0.002451,0.186042,9.720243,-0.105882,9.7226,90.623985,88.903511,1,2,3,4
22.4533157,0.0024528,0.22672,9.693923,-0.187238,9.698381,91.106232,88.660217,1,2,3,4
22.4557667,0.002451,0.221934,9.701101,-0.153739,9.704858,90.907684,88.689461,1,2,3,4
22.4582176,0.0024509,0.255434,9.725029,-0.148953,9.729523,90.877197,88.495438,1,2,3,4
22.4606705,0.0024529,0.257827,9.705887,-0.168096,9.710766,90.991852,88.478355,1,2,3,4
22.4631233,0.0024528,0.241077,9.710672,-0.144168,9.714734,90.850304,88.577866,1,2,3,4
22.4655743,0.002451,0.224327,9.646067,-0.151346,9.649861,90.898651,88.667778,1,2,3,4
22.4680271,0.0024528,0.20997,9.741779,-0.215952,9.746435,91.269608,88.765259,1,2,3,4
22.47048,0.0024529,0.250648,9.717851,-0.158524,9.722375,90.934258,88.522522,1,2,3,4
22.4729328,0.0024528,0.288933,9.739387,-0.125025,9.744473,90.735146,88.300735,1,2,3,4
22.4753838,0.002451,0.265005,9.744172,-0.134596,9.748705,90.791084,88.442154,1,2,3,4
22.4778385,0.0024547,0.241077,9.748958,-0.144168,9.753003,90.84697,88.58345,1,2,3,4
22.4802895,0.002451,0.217149,9.777672,-0.259023,9.783512,91.517113,88.727745,1,2,3,4
22.4827404,0.0024509,0.233898,9.756136,-0.215952,9.761329,91.26767,88.626625,1,2,3,4
22.4851913,0.0024509,0.200399,9.775279,-0.091525,9.777761,90.536331,88.825569,1,2,3,4
22.4876442,0.0024529,0.200399,9.789636,-0.091525,9.792114,90.535545,88.827293,1,2,3,4
22.490097,0.0024528,0.186042,9.799207,-0.117847,9.801682,90.688889,88.912346,1,2,3,4
22.492548,0.002451,0.205185,9.789636,-0.165703,9.793188,90.969505,88.799294,1,2,3,4
22.4950008,0.0024528,0.19322,9.806385,-0.144168,9.809347,90.842102,88.871216,1,2,3,4
22.4974537,0.0024529,0.229113,9.815957,-0.153739,9.819834,90.897057,88.66291,1,2,3,4
22.4999046,0.0024509,0.217149,9.8016,-0.117847,9.804713,90.688675,88.73085,1,2,3,4
22.5023556,0.002451,0.224327,9.808778,-0.026919,9.811379,90.157204,88.689873,1,2,3,4
22.5048084,0.0024528,0.1334,9.736994,-0.129811,9.738772,90.763733,89.21508,1,2,3,4
22.5072594,0.002451,-0.471984,8.478369,0.016152,8.491511,89.891022,93.186325,1,2,3,4
22.5097122,0.0024528,0.073579,7.67438,3.593421,8.474326,64.910324,89.450684,1,2,3,4
22.5121651,0.0024529,2.260619,5.465805,3.564708,6.905981,58.923847,67.53035,1,2,3,4
22.5146179,0.0024528,0.609572,9.67478,5.136792,10.970851,62.081066,86.394775,1,2,3,4
22.5170689,0.002451,-0.306879,9.368499,3.349354,9.95395,70.337143,91.876137,1,2,3,4
22.5195198,0.0024509,-0.761516,9.873384,0.138186,9.903672,89.200531,94.410385,1,2,3,4
22.5219727,0.0024529,1.363311,13.132409,-1.359721,13.272816,95.879929,84.073204,1,2,3,4
22.5244255,0.0024528,-2.27378,11.222937,-3.001198,11.837718,104.686401,101.453163,1,2,3,4
22.5268764,0.0024509,-1.871786,12.342777,-5.59741,13.681328,114.150047,98.623215,1,2,3,4
22.5293293,0.0024529,1.004387,10.06481,-6.81775,12.197988,123.98143,84.301208,1,2,3,4
22.5317802,0.0024509,2.930609,10.931012,-4.858028,12.315679,113.232224,74.991913,1,2,3,4
22.5342331,0.0024529,0.846461,9.849456,0.700499,9.910549,85.946831,85.088074,1,2,3,4
22.536684,0.0024509,-0.814158,9.540782,3.949952,10.35816,67.583466,94.877487,1,2,3,4
22.5391388,0.0024548,1.236491,9.947562,2.806183,10.409494,74.360771,82.914429,1,2,3,4
22.5415897,0.0024509,-0.058026,9.892527,-0.730409,9.919624,94.222664,90.336075,1,2,3,4
22.5440407,0.002451,-0.101097,9.794421,-2.608775,10.136401,104.913887,90.591377,1,2,3,4
22.5464935,0.0024528,0.329611,9.976275,-1.823929,10.146991,100.35524,88.107666,1,2,3,4
22.5489445,0.002451,0.274576,9.909277,0.511466,9.926267,87.04644,88.412796,1,2,3,4
22.5513954,0.0024509,0.418146,9.887741,1.691127,10.040029,80.302956,87.578445,1,2,3,4
22.5538483,0.0024529,0.33679,9.91167,0.997209,9.967399,84.258118,88.053886,1,2,3,4
22.5563011,0.0024528,0.121436,9.885348,-0.457627,9.89668,92.65033,89.296188,1,2,3,4
22.5587521,0.002451,0.214756,9.949955,-1.120439,10.015144,96.423386,88.763542,1,2,3,4
22.561203,0.0024509,0.138186,9.942777,-0.864407,9.981237,94.968224,89.203751,1,2,3,4
22.5636559,0.0024529,0.293719,9.961919,0.15015,9.96738,89.136856,88.311172,1,2,3,4
22.5661087,0.0024528,0.205185,9.87817,0.568894,9.896665,86.704628,88.810051,1,2,3,4
22.5685596,0.0024509,0.22672,9.990633,0.265005,9.996718,88.480957,88.699997,1,2,3,4
22.5710144,0.0024548,0.145364,9.926026,-0.333201,9.932681,91.922401,89.16098,1,2,3,4
22.5734653,0.0024509,0.212363,9.978668,-0.704088,10.005732,94.035149,88.78083,1,2,3,4
22.5759182,0.0024529,0.176471,9.964312,-0.326022,9.971206,91.873695,88.985382,1,2,3,4
22.578371,0.0024528,0.245863,9.918848,0.064008,9.922101,89.630379,88.580078,1,2,3,4
22.5808239,0.0024529,0.24347,9.981061,0.296112,9.98842,88.301186,88.602654,1,2,3,4
22.5832767,0.0024528,0.142971,9.904491,0.05683,9.905686,89.671288,89.172997,1,2,3,4
22.5857296,0.0024529,0.262612,9.973883,-0.225524,9.979887,91.294868,88.491753,1,2,3,4
22.5881844,0.0024548,0.205185,9.923634,-0.225524,9.928316,91.301598,88.815498,1,2,3,4
22.5906372,0.0024528,0.188435,9.940384,-0.220738,9.94462,91.271881,88.914001,1,2,3,4
22.5930901,0.0024529,0.250648,9.954741,-0.113061,9.958537,90.650505,88.557671,1,2,3,4
22.5955429,0.0024528,0.200399,9.909277,-0.041276,9.911389,90.238609,88.841446,1,2,3,4
22.5979958,0.0024529,0.238684,9.949955,-0.055633,9.952972,90.320259,88.625824,1,2,3,4
22.6004467,0.0024509,0.198006,9.928419,-0.314058,9.935359,91.811432,88.857483,1,2,3,4
22.6029015,0.0024548,0.276969,9.959526,-0.359522,9.969861,92.066582,88.407043,1,2,3,4
22.6053543,0.0024528,0.198006,9.918848,-0.192024,9.922683,91.108856,88.856377,1,2,3,4
22.6078053,0.002451,0.250648,9.928419,-0.048455,9.931701,90.279533,88.553848,1,2,3,4
22.61026,0.0024547,0.24347,9.959526,-0.062812,9.9627,90.361237,88.599632,1,2,3,4
22.612711,0.002451,0.257827,9.97149,-0.156132,9.976045,90.896751,88.518867,1,2,3,4
22.6151638,0.0024528,0.212363,9.935597,-0.445663,9.947854,92.567703,88.775551,1,2,3,4
22.6176167,0.0024529,0.200399,9.954741,-0.548555,9.971857,93.15345,88.846733,1,2,3,4
22.6200695,0.0024528,0.186042,9.945169,-0.359522,9.953404,92.07,88.928307,1,2,3,4
22.6225224,0.0024529,0.233898,9.93799,-0.08674,9.941121,90.499931,88.651749,1,2,3,4
22.6249733,0.0024509,0.231506,9.928419,0.114257,9.931775,89.340843,88.664253,1,2,3,4
22.6274281,0.0024548,0.183649,9.918848,-0.072383,9.920813,90.418037,88.939278,1,2,3,4
22.629879,0.0024509,0.22672,9.933205,-0.220738,9.938244,91.272697,88.692482,1,2,3,4
22.6323318,0.0024528,0.183649,9.918848,-0.172881,9.922054,90.998367,88.939278,1,2,3,4
22.6347847,0.0024529,0.186042,9.926026,-0.022134,9.927794,90.127739,88.926239,1,2,3,4
22.6372375,0.0024528,0.205185,9.918848,0.095115,9.921426,89.450706,88.814926,1,2,3,4
22.6396904,0.0024529,0.202792,9.906884,0.066401,9.909182,89.616058,88.827332,1,2,3,4
22.6421452,0.0024548,0.181256,9.906884,-0.055633,9.908698,90.321693,88.951836,1,2,3,4
22.6445961,0.0024509,0.202792,9.897313,-0.10349,9.899932,90.598953,88.826195,1,2,3,4
22.647049,0.0024529,0.176471,9.930812,-0.101097,9.932895,90.583168,88.981964,1,2,3,4
22.6495018,0.0024528,0.202792,9.918848,-0.043669,9.921017,90.252197,88.828743,1,2,3,4
22.6519547,0.0024529,0.253041,9.930812,-0.081954,9.934373,90.472672,88.540398,1,2,3,4
22.6544075,0.0024528,0.231506,9.923634,-0.223131,9.928842,91.287712,88.663605,1,2,3,4
22.6568604,0.0024529,0.207577,9.91167,-0.347557,9.919933,92.007843,88.800247,1,2,3,4
22.6593132,0.0024528,0.236291,9.928419,-0.376271,9.938356,92.169769,88.63665,1,2,3,4
22.6617661,0.0024529,0.293719,9.928419,-0.211167,9.935008,91.217903,88.305473,1,2,3,4
22.6642189,0.0024528,0.241077,9.926026,-0.019741,9.928973,90.113914,88.608711,1,2,3,4
22.6666718,0.0024529,0.250648,9.902099,-0.007777,9.905273,90.044983,88.550003,1,2,3,4
22.6691246,0.0024528,0.221934,9.904491,-0.10349,9.907518,90.598495,88.716362,1,2,3,4
22.6715755,0.0024509,0.205185,9.894919,-0.25663,9.900373,91.485344,88.812065,1,2,3,4
22.6740303,0.0024548,0.231506,9.904491,-0.321236,9.912404,91.85714,88.661026,1,2,3,4
22.6764832,0.0024529,0.198006,9.875777,-0.16331,9.879112,90.947189,88.851395,1,2,3,4
22.6789341,0.0024509,0.219541,9.894919,-0.110668,9.897973,90.640633,88.728973,1,2,3,4
22.6813889,0.0024548,0.219541,9.856635,-0.139382,9.860065,90.809959,88.724037,1,2,3,4
22.6838398,0.0024509,0.217149,9.856635,-0.211167,9.861288,91.227005,88.737938,1,2,3,4
22.6862926,0.0024528,0.255434,9.873384,-0.211167,9.878945,91.224815,88.518036,1,2,3,4
22.6887474,0.0024548,0.212363,9.837492,-0.184846,9.841519,91.076202,88.763344,1,2,3,4
22.6912003,0.0024529,0.207577,9.825528,-0.125025,9.828516,90.728859,88.789734,1,2,3,4
22.6936512,0.0024509,0.178863,9.842278,-0.022134,9.843927,90.12883,88.958878,1,2,3,4
22.696104,0.0024528,0.19322,9.820743,-0.158524,9.823922,90.924599,88.872864,1,2,3,4
22.6985569,0.0024529,0.174078,9.87817,-0.132203,9.880589,90.766647,88.99041,1,2,3,4
22.7010098,0.0024529,0.202792,9.827921,-0.129811,9.83087,90.756577,88.817909,1,2,3,4
22.7034645,0.0024547,0.241077,9.81835,-0.043669,9.821406,90.254753,88.59346,1,2,3,4
22.7059155,0.002451,0.214756,9.839885,-0.029312,9.842272,90.170639,88.749718,1,2,3,4
22.7083664,0.0024509,0.245863,9.830314,-0.067597,9.83362,90.39386,88.567291,1,2,3,4
22.7108173,0.0024509,0.219541,9.827921,-0.16331,9.831729,90.951759,88.720306,1,2,3,4
22.7132721,0.0024548,0.233898,9.830314,-0.203988,9.835212,91.188431,88.636986,1,2,3,4
22.715723,0.0024509,0.238684,9.847063,-0.115454,9.850632,90.671547,88.611473,1,2,3,4
22.718174,0.002451,0.195613,9.81835,-0.055633,9.820456,90.324585,88.858635,1,2,3,4
22.7206268,0.0024528,0.279362,9.799207,0.004187,9.803188,89.975525,88.36702,1,2,3,4
22.7230797,0.0024529,0.262612,9.825528,-0.012562,9.829045,90.073227,88.468987,1,2,3,4
22.7255306,0.0024509,0.267398,9.806385,-0.079561,9.810352,90.464668,88.438057,1,2,3,4
22.7279816,0.002451,0.255434,9.780065,-0.113061,9.784053,90.662102,88.503899,1,2,3,4
22.7304344,0.0024528,0.224327,9.808778,-0.096311,9.811815,90.562416,88.689873,1,2,3,4
22.7328854,0.002451,0.241077,9.78485,-0.120239,9.788558,90.703819,88.588646,1,2,3,4
22.7353382,0.0024528,0.221934,9.815957,-0.062812,9.818666,90.366531,88.704788,1,2,3,4
22.7377911,0.0024529,0.20997,9.787243,-0.038883,9.789572,90.227577,88.770996,1,2,3,4
22.740242,0.0024509,0.221934,9.827921,-0.105882,9.830997,90.617104,88.706367,1,2,3,4
22.7426929,0.0024509,0.24347,9.81835,-0.031705,9.82142,90.184959,88.579506,1,2,3,4
22.7451439,0.002451,0.253041,9.81835,0.032901,9.821666,89.808067,88.523682,1,2,3,4
22.7475986,0.0024547,0.236291,9.796814,0.037687,9.799735,89.779655,88.61834,1,2,3,4
22.7500496,0.002451,0.248255,9.765707,0.001795,9.768862,89.989471,88.543793,1,2,3,4
22.7525005,0.0024509,0.207577,9.782457,-0.05324,9.784804,90.311752,88.784401,1,2,3,4
22.7549534,0.0024529,0.214756,9.772886,-0.041276,9.775332,90.241928,88.74115,1,2,3,4
22.7574062,0.0024528,0.219541,9.777672,-0.043669,9.780233,90.255829,88.713737,1,2,3,4
22.7598572,0.002451,0.221934,9.720243,-0.017348,9.722792,90.102234,88.692039,1,2,3,4
22.7623119,0.0024547,0.188435,9.717851,-0.010169,9.719683,90.059944,88.889137,1,2,3,4
22.7647629,0.002451,0.221934,9.748958,-0.048455,9.751604,90.284698,88.695892,1,2,3,4
22.7672138,0.0024509,0.20997,9.717851,-0.074776,9.720407,90.440758,88.762222,1,2,3,4
22.7696667,0.0024529,0.200399,9.748958,-0.129811,9.751882,90.762703,88.822395,1,2,3,4
22.7721195,0.0024528,0.207577,9.710672,-0.151346,9.714069,90.892708,88.775421,1,2,3,4
22.7745724,0.0024529,0.212363,9.689137,-0.120239,9.69221,90.710815,88.744415,1,2,3,4
22.7770233,0.0024509,0.22672,9.732208,-0.081954,9.735193,90.482338,88.665489,1,2,3,4
22.7794762,0.0024529,0.212363,9.736994,-0.046062,9.739418,90.270981,88.75058,1,2,3,4
22.781929,0.0024528,0.236291,9.717851,-0.055633,9.720882,90.327911,88.607117,1,2,3,4
22.78438,0.002451,0.212363,9.746565,-0.089133,9.749286,90.523834,88.751808,1,2,3,4
22.7868309,0.0024509,0.241077,9.70828,-0.089133,9.711681,90.525864,88.577515,1,2,3,4
22.7892857,0.0024548,0.217149,9.732208,-0.132203,9.735528,90.778069,88.721809,1,2,3,4
22.7917385,0.0024528,0.231506,9.717851,-0.089133,9.721017,90.525352,88.635315,1,2,3,4
22.7941895,0.002451,0.212363,9.696316,-0.089133,9.69905,90.526543,88.745338,1,2,3,4
22.7966442,0.0024547,0.255434,9.741779,-0.136989,9.746091,90.805367,88.498024,1,2,3,4
22.7990952,0.002451,0.221934,9.741779,-0.182453,9.746016,91.072685,88.694931,1,2,3,4
22.801548,0.0024528,0.200399,9.739387,-0.237488,9.744343,91.396545,88.821243,1,2,3,4
22.8040009,0.0024529,0.260219,9.717851,-0.247059,9.724473,91.455811,88.466133,1,2,3,4
22.8064518,0.0024509,0.238684,9.727423,-0.227916,9.73302,91.341805,88.594398,1,2,3,4
22.8089046,0.0024528,0.221934,9.782457,-0.19681,9.786954,91.15226,88.700356,1,2,3,4
22.8113556,0.002451,0.262612,9.780065,-0.220738,9.786079,91.292488,88.461876,1,2,3,4
22.8138084,0.0024528,0.231506,9.736994,-0.25663,9.743126,91.509323,88.638,1,2,3,4
22.8162613,0.0024529,0.276969,9.765707,-0.287737,9.77387,91.686996,88.37545,1,2,3,4
22.8187122,0.0024509,0.274576,9.756136,-0.211167,9.762283,91.239456,88.387894,1,2,3,4
22.8211651,0.0024529,0.248255,9.772886,-0.201595,9.778117,91.181351,88.544861,1,2,3,4
22.8236179,0.0024528,0.224327,9.758529,-0.215952,9.763495,91.267387,88.683128,1,2,3,4
22.8260689,0.002451,0.219541,9.780065,-0.261416,9.78602,91.530739,88.71405,1,2,3,4
22.8285236,0.0024547,0.200399,9.775279,-0.237488,9.780217,91.391418,88.825569,1,2,3,4
22.8309746,0.002451,0.238684,9.758529,-0.158524,9.762734,90.930397,88.598877,1,2,3,4
22.8334255,0.0024509,0.238684,9.748958,-0.177667,9.753497,91.043739,88.597504,1,2,3,4
22.8358765,0.002451,0.214756,9.763314,-0.199202,9.767707,91.168571,88.739914,1,2,3,4
22.8383293,0.0024528,0.212363,9.758529,-0.134596,9.761767,90.790024,88.753342,1,2,3,4
22.8407822,0.0024529,0.224327,9.736994,-0.089133,9.739985,90.52433,88.680214,1,2,3,4
22.8432331,0.0024509,0.198006,9.770494,-0.05324,9.772645,90.312141,88.83902,1,2,3,4
22.845686,0.0024529,0.238684,9.75135,-0.038883,9.754349,90.228394,88.597847,1,2,3,4
22.8481388,0.0024528,0.219541,9.825528,-0.05324,9.828125,90.310379,88.719994,1,2,3,4
22.8505898,0.002451,0.219541,9.830314,-0.019741,9.832785,90.115028,88.720619,1,2,3,4
22.8530407,0.0024509,0.229113,9.815957,0.011366,9.818637,89.933678,88.66291,1,2,3,4
22.8554935,0.0024528,0.202792,9.811171,0.013759,9.813276,89.91967,88.815895,1,2,3,4
22.8579464,0.0024529,0.233898,9.84467,0.004187,9.847449,89.975639,88.638969,1,2,3,4
22.8603973,0.0024509,0.221934,9.839885,-0.048455,9.842506,90.282066,88.707939,1,2,3,4
22.8628521,0.0024548,0.207577,9.835099,-0.041276,9.837377,90.240402,88.790909,1,2,3,4
22.865303,0.0024509,0.174078,9.820743,-0.010169,9.82229,90.059319,88.984505,1,2,3,4
22.867754,0.002451,0.186042,9.830314,-0.041276,9.832161,90.240532,88.915787,1,2,3,4
22.8702049,0.0024509,0.181256,9.856635,-0.089133,9.858704,90.518021,88.946495,1,2,3,4
22.8726597,0.0024548,0.231506,9.854242,-0.120239,9.857695,90.698883,88.654198,1,2,3,4
22.8751106,0.0024509,0.24347,9.842278,-0.158524,9.846565,90.92247,88.582954,1,2,3,4
22.8775616,0.002451,0.245863,9.849456,-0.153739,9.853724,90.893974,88.570076,1,2,3,4
22.8800163,0.0024547,0.272184,9.842278,-0.153739,9.84724,90.894562,88.415916,1,2,3,4
22.8824673,0.002451,0.296112,9.806385,-0.120239,9.811591,90.702164,88.270432,1,2,3,4
22.8849182,0.0024509,0.315254,9.854242,-0.120239,9.860017,90.698715,88.167633,1,2,3,4
22.8873692,0.002451,0.300897,9.847063,-0.165703,9.853053,90.963615,88.249756,1,2,3,4
22.8898239,0.0024547,0.329611,9.851849,-0.148953,9.858486,90.865723,88.083778,1,2,3,4
22.8922749,0.002451,0.288933,9.84467,-0.122632,9.849672,90.713371,88.318893,1,2,3,4
22.8947258,0.0024509,0.255434,9.882956,-0.122632,9.887016,90.710678,88.51947,1,2,3,4
22.8971806,0.0024548,0.293719,9.892527,-0.18006,9.898524,91.042297,88.299332,1,2,3,4
22.8996315,0.0024509,0.272184,9.873384,-0.201595,9.879192,91.169258,88.420906,1,2,3,4
22.9020824,0.0024509,0.269791,9.875777,-0.206381,9.881617,91.196732,88.435158,1,2,3,4
22.9045372,0.0024548,0.291326,9.887741,-0.182453,9.893714,91.056664,88.312363,1,2,3,4
22.9069881,0.0024509,0.22672,9.890134,-0.177667,9.894327,91.028885,88.68679,1,2,3,4
22.9094391,0.002451,0.22672,9.909277,-0.153739,9.913062,90.888618,88.689323,1,2,3,4
22.91189,0.0024509,0.250648,9.906884,-0.134596,9.910969,90.77813,88.550705,1,2,3,4
22.9143448,0.0024548,0.281755,9.904491,-0.165703,9.909883,90.958084,88.370537,1,2,3,4
22.9167957,0.0024509,0.236291,9.894919,-0.208774,9.899942,91.208366,88.632034,1,2,3,4
22.9192467,0.002451,0.255434,9.87817,-0.211167,9.883728,91.22422,88.518753,1,2,3,4
22.9216995,0.0024528,0.272184,9.904491,-0.089133,9.908631,90.515411,88.425858,1,2,3,4
22.9241505,0.002451,0.298505,9.91167,0.001795,9.916163,89.989632,88.274971,1,2,3,4
22.9266014,0.0024509,0.257827,9.899706,-0.062812,9.903262,90.363403,88.508133,1,2,3,4
22.9290543,0.0024529,0.296112,9.892527,-0.199202,9.898962,91.153076,88.285484,1,2,3,4
22.9315071,0.0024528,0.279362,9.897313,-0.136989,9.902203,90.792664,88.383194,1,2,3,4
22.93396,0.0024529,0.260219,9.897313,0.037687,9.900805,89.781906,88.493927,1,2,3,4
22.9364109,0.0024509,0.250648,9.902099,0.025723,9.905304,89.851212,88.550003,1,2,3,4
22.9388638,0.0024529,0.269791,9.91167,-0.062812,9.91554,90.362953,88.440819,1,2,3,4
22.9413147,0.0024509,0.238684,9.890134,-0.081954,9.893353,90.474632,88.617516,1,2,3,4
22.9437675,0.0024528,0.236291,9.882956,-0.043669,9.885877,90.253098,88.630379,1,2,3,4
22.9462185,0.002451,0.231506,9.894919,-0.000598,9.897628,90.003464,88.659729,1,2,3,4
22.9486713,0.0024528,0.231506,9.849456,-0.029312,9.85222,90.170464,88.653542,1,2,3,4
22.9511223,0.002451,0.233898,9.861421,-0.050847,9.864326,90.295341,88.641281,1,2,3,4
22.9535732,0.0024509,0.276969,9.870992,-0.072383,9.875142,90.419968,88.392761,1,2,3,4
22.956028,0.0024548,0.233898,9.851849,-0.048455,9.854744,90.281715,88.639961,1,2,3,4
22.9584789,0.0024509,0.286541,9.863813,-0.017348,9.86799,90.100723,88.336044,1,2,3,4
22.9609299,0.002451,0.293719,9.854242,-0.029312,9.858663,90.170357,88.292725,1,2,3,4
22.9633808,0.0024509,0.286541,9.870992,-0.014955,9.875161,90.086769,88.337257,1,2,3,4
22.9658337,0.0024529,0.284148,9.880563,-0.065204,9.884863,90.377945,88.35273,1,2,3,4
22.9682865,0.0024528,0.231506,9.899706,-0.215952,9.904767,91.249313,88.660378,1,2,3,4
22.9707375,0.002451,0.274576,9.873384,-0.227916,9.879831,91.321861,88.407028,1,2,3,4
22.9731903,0.0024528,0.255434,9.87817,-0.136989,9.882421,90.79425,88.518753,1,2,3,4
22.9756413,0.002451,0.291326,9.894919,-0.108275,9.899799,90.626663,88.313583,1,2,3,4
22.9780922,0.0024509,0.22672,9.849456,-0.108275,9.85266,90.629662,88.681366,1,2,3,4
22.9805431,0.0024509,0.176471,9.870992,-0.170489,9.874042,90.989342,88.975792,1,2,3,4
22.982996,0.0024529,0.221934,9.861421,-0.299701,9.86847,91.740318,88.710762,1,2,3,4
22.9854488,0.0024528,0.176471,9.851849,-0.23988,9.856348,91.394585,88.973801,1,2,3,4
22.9878998,0.002451,0.200399,9.863813,-0.182453,9.867536,91.059471,88.836105,1,2,3,4
22.9903526,0.0024528,0.176471,9.847063,-0.184846,9.850379,91.075233,88.973305,1,2,3,4
22.9928036,0.002451,0.154935,9.825528,-0.268594,9.83042,91.565674,89.096596,1,2,3,4
22.9952545,0.0024509,0.200399,9.825528,-0.388235,9.835238,92.262276,88.831573,1,2,3,4
22.9977074,0.0024529,0.164507,9.823135,-0.361914,9.831177,92.109703,89.040565,1,2,3,4
23.0001602,0.0024528,0.195613,9.827921,-0.199202,9.831885,91.160942,88.859749,1,2,3,4
23.0026112,0.002451,0.219541,9.825528,-0.182453,9.829674,91.063553,88.719994,1,2,3,4
23.0050621,0.0024509,0.186042,9.825528,-0.203988,9.829406,91.189133,88.91526,1,2,3,4
23.007513,0.0024509,0.19322,9.839885,-0.249452,9.844942,91.45192,88.875061,1,2,3,4
23.0099659,0.0024529,0.19322,9.842278,-0.230309,9.846868,91.340218,88.875336,1,2,3,4
23.0124168,0.0024509,0.22672,9.856635,-0.19681,9.861206,91.143585,88.682327,1,2,3,4
23.0148697,0.0024529,0.200399,9.820743,-0.158524,9.824066,90.924583,88.831001,1,2,3,4
23.0173225,0.0024528,0.162114,9.861421,-0.194417,9.864669,91.12928,89.058189,1,2,3,4
23.0197735,0.002451,0.219541,9.842278,-0.261416,9.848196,91.521072,88.722176,1,2,3,4
23.0222244,0.0024509,0.219541,9.842278,-0.223131,9.847254,91.298386,88.722176,1,2,3,4
23.0246792,0.0024548,0.238684,9.851849,-0.170489,9.856215,90.991127,88.612144,1,2,3,4
23.0271301,0.0024509,0.19322,9.827921,-0.129811,9.830677,90.756592,88.873688,1,2,3,4
23.0295811,0.002451,0.24347,9.859028,-0.165703,9.863426,90.962601,88.585365,1,2,3,4
23.032032,0.0024509,0.233898,9.84467,-0.117847,9.848154,90.685638,88.638969,1,2,3,4
23.0344849,0.0024529,0.22672,9.832706,-0.141775,9.836342,90.825851,88.679123,1,2,3,4
23.0369358,0.0024509,0.262612,9.842278,-0.060419,9.845965,90.351593,88.471596,1,2,3,4
23.0393887,0.0024529,0.255434,9.823135,-0.010169,9.826461,90.059296,88.51046,1,2,3,4
23.0418396,0.0024509,0.260219,9.823135,-0.067597,9.826814,90.394135,88.482559,1,2,3,4
23.0442924,0.0024528,0.190828,9.827921,-0.065204,9.829989,90.380058,88.887634,1,2,3,4
23.0467434,0.002451,0.166899,9.842278,-0.031705,9.843743,90.18454,89.028503,1,2,3,4
23.0491962,0.0024528,0.236291,9.811171,0.004187,9.814016,89.975555,88.620361,1,2,3,4
23.0516491,0.0024529,0.217149,9.823135,0.004187,9.825536,89.975578,88.733635,1,2,3,4
23.0541,0.0024509,0.241077,9.837492,-0.029312,9.840489,90.17067,88.596191,1,2,3,4
23.0565529,0.0024529,0.159721,9.8016,-0.024526,9.802932,90.143349,89.066429,1,2,3,4
23.0590057,0.0024528,0.219541,9.820743,-0.048455,9.823316,90.282616,88.719376,1,2,3,4
23.0614567,0.002451,0.238684,9.825528,-0.024526,9.828457,90.142982,88.608429,1,2,3,4
23.0639095,0.0024528,0.224327,9.827921,-0.058026,9.830652,90.338196,88.692421,1,2,3,4
23.0663605,0.002451,0.219541,9.806385,-0.084347,9.809205,90.492676,88.717499,1,2,3,4
23.0688133,0.0024528,0.200399,9.825528,-0.093918,9.82802,90.547539,88.831573,1,2,3,4
23.0712643,0.002451,0.20997,9.875777,-0.129811,9.878862,90.752899,88.782013,1,2,3,4
23.0737152,0.0024509,0.214756,9.811171,-0.122632,9.814287,90.715942,88.746056,1,2,3,4
23.07617,0.0024548,0.22672,9.803992,-0.14656,9.807708,90.856224,88.675255,1,2,3,4
23.0786209,0.0024509,0.229113,9.823135,-0.139382,9.826796,90.812706,88.663887,1,2,3,4
23.0810738,0.0024529,0.24347,9.830314,-0.141775,9.834351,90.826019,88.58123,1,2,3,4
23.0835247,0.0024509,0.214756,9.837492,-0.120239,9.84057,90.700096,88.749413,1,2,3,4
23.0859776,0.0024529,0.219541,9.815957,-0.125025,9.819208,90.729553,88.71875,1,2,3,4
23.0884285,0.0024509,0.214756,9.851849,-0.156132,9.855426,90.90773,88.751236,1,2,3,4
23.0908794,0.0024509,0.190828,9.81835,-0.206381,9.822372,91.203949,88.886551,1,2,3,4
23.0933342,0.0024548,0.207577,9.811171,-0.16331,9.814725,90.953407,88.787956,1,2,3,4
23.0957851,0.0024509,0.229113,9.823135,-0.093918,9.826256,90.547638,88.663887,1,2,3,4
23.0982361,0.002451,0.245863,9.847063,-0.093918,9.850579,90.54628,88.569733,1,2,3,4
23.100687,0.0024509,0.269791,9.827921,-0.170489,9.833101,90.993454,88.427544,1,2,3,4
23.1031399,0.0024529,0.250648,9.842278,-0.227916,9.848106,91.326126,88.541191,1,2,3,4
23.1055908,0.0024509,0.217149,9.847063,-0.187238,9.851237,91.089066,88.73671,1,2,3,4
23.1080437,0.0024529,0.219541,9.842278,-0.206381,9.846889,91.200951,88.722176,1,2,3,4
23.1104965,0.0024528,0.219541,9.832706,-0.175274,9.836719,91.020973,88.720932,1,2,3,4
23.1129475,0.002451,0.238684,9.832706,-0.175274,9.837165,91.020927,88.609444,1,2,3,4
23.1153984,0.0024509,0.212363,9.851849,-0.136989,9.855089,90.796455,88.765144,1,2,3,4
23.1178493,0.0024509,0.186042,9.847063,-0.182453,9.850511,91.061302,88.917633,1,2,3,4
23.1203022,0.0024529,0.159721,9.859028,-0.18006,9.861966,91.046165,89.071861,1,2,3,4
23.1227551,0.0024529,0.207577,9.873384,-0.16331,9.876917,90.947403,88.795593,1,2,3,4
23.125206,0.0024509,0.181256,9.842278,-0.158524,9.845222,90.9226,88.944954,1,2,3,4
23.1276569,0.0024509,0.229113,9.868599,-0.165703,9.872648,90.9617,88.670044,1,2,3,4
23.1301098,0.0024529,0.248255,9.870992,-0.098704,9.874606,90.572723,88.559319,1,2,3,4
23.1325626,0.0024528,0.212363,9.885348,-0.055633,9.887786,90.322372,88.769325,1,2,3,4
23.1350136,0.002451,0.214756,9.863813,0.001795,9.866151,89.989578,88.752747,1,2,3,4
23.1374664,0.0024528,0.255434,9.847063,-0.034098,9.850434,90.198334,88.514076,1,2,3,4
23.1399174,0.002451,0.248255,9.887741,-0.012562,9.890865,90.072769,88.561752,1,2,3,4
23.1423702,0.0024528,0.281755,9.861421,0.008973,9.865449,89.947884,88.363426,1,2,3,4
23.1448231,0.0024529,0.24347,9.863813,0.011366,9.866824,89.933998,88.586052,1,2,3,4
23.147274,0.0024509,0.207577,9.839885,0.02333,9.842102,89.864182,88.791496,1,2,3,4
23.1497269,0.0024529,0.250648,9.873384,0.02333,9.876593,89.864662,88.545784,1,2,3,4
23.1521778,0.0024509,0.217149,9.882956,0.025723,9.885375,89.850906,88.741295,1,2,3,4
23.1546307,0.0024529,0.219541,9.863813,-0.005384,9.866258,90.031265,88.72496,1,2,3,4
23.1570816,0.0024509,0.169292,9.851849,-0.024526,9.853333,90.142616,89.015541,1,2,3,4
23.1595325,0.0024509,0.217149,9.870992,-0.079561,9.873701,90.461685,88.739769,1,2,3,4
23.1619835,0.002451,0.20997,9.894919,-0.048455,9.897265,90.28051,88.784363,1,2,3,4
23.1644382,0.0024547,0.183649,9.873384,-0.105882,9.87566,90.614311,88.934395,1,2,3,4
23.1668892,0.002451,0.19322,9.87817,-0.156132,9.881292,90.90535,88.879417,1,2,3,4
23.1693401,0.0024509,0.190828,9.866206,-0.168096,9.869483,90.975899,88.891953,1,2,3,4
23.171793,0.0024529,0.219541,9.899706,-0.134596,9.903054,90.778755,88.729584,1,2,3,4
23.1742458,0.0024528,0.221934,9.904491,-0.122632,9.907737,90.70919,88.716362,1,2,3,4
23.1766968,0.002451,0.214756,9.904491,-0.127418,9.907639,90.736877,88.757866,1,2,3,4
23.1791477,0.0024509,0.200399,9.894919,-0.175274,9.8985,91.014595,88.839767,1,2,3,4
23.1816006,0.0024529,0.217149,9.909277,-0.230309,9.914331,91.331093,88.744637,1,2,3,4
23.1840515,0.0024509,0.219541,9.914063,-0.19681,9.918446,91.136986,88.731422,1,2,3,4
23.1865025,0.002451,0.200399,9.940384,-0.213559,9.944697,91.230507,88.84507,1,2,3,4
23.1889553,0.0024528,0.205185,9.909277,-0.192024,9.913261,91.109909,88.813782,1,2,3,4
23.1914082,0.0024529,0.205185,9.916455,-0.201595,9.920626,91.164375,88.814644,1,2,3,4
23.1938591,0.0024509,0.15015,9.949955,-0.151346,9.952238,90.871346,89.135445,1,2,3,4
23.19631,0.0024509,0.202792,9.91167,-0.136989,9.91469,90.791672,88.827896,1,2,3,4
23.1987648,0.0024548,0.171685,9.942777,-0.141775,9.94527,90.816811,89.010757,1,2,3,4
23.2012157,0.0024509,0.166899,9.940384,-0.14656,9.942865,90.844582,89.038094,1,2,3,4
23.2036667,0.002451,0.188435,9.930812,-0.153739,9.933789,90.886765,88.912956,1,2,3,4
23.2061195,0.0024528,0.205185,9.923634,-0.089133,9.926154,90.514496,88.815498,1,2,3,4
23.2085705,0.002451,0.200399,9.914063,-0.089133,9.916489,90.514999,88.842003,1,2,3,4
23.2110214,0.0024509,0.166899,9.930812,-0.158524,9.933479,90.914398,89.037163,1,2,3,4
23.2134743,0.0024529,0.202792,9.966704,-0.194417,9.970663,91.117271,88.834366,1,2,3,4
23.2159271,0.0024528,0.183649,9.930812,-0.206381,9.934654,91.190338,88.940559,1,2,3,4
23.2183781,0.002451,0.253041,9.949955,-0.077169,9.953471,90.444214,88.543205,1,2,3,4
23.220829,0.0024509,0.186042,9.952348,-0.172881,9.955587,90.995003,88.929077,1,2,3,4
23.2232838,0.0024548,0.233898,9.978668,-0.244666,9.984407,91.40416,88.657242,1,2,3,4
23.2257347,0.0024509,0.212363,9.952348,-0.177667,9.956199,91.022491,88.777611,1,2,3,4
23.2281876,0.0024529,0.195613,9.942777,-0.160917,9.946003,90.927032,88.872917,1,2,3,4
23.2306404,0.0024528,0.212363,9.966704,-0.172881,9.970466,90.993523,88.779373,1,2,3,4
23.2330914,0.002451,0.20997,9.930812,-0.199202,9.935029,91.148888,88.788757,1,2,3,4
23.2355423,0.0024509,0.198006,9.964312,-0.18006,9.967905,91.035042,88.861595,1,2,3,4
23.2379932,0.0024509,0.164507,9.942777,-0.141775,9.945148,90.816818,89.052109,1,2,3,4
23.2404461,0.0024529,0.174078,9.97149,-0.158524,9.974269,90.91066,88.999855,1,2,3,4
23.2428989,0.0024528,0.183649,9.983455,-0.184846,9.986855,91.060539,88.946144,1,2,3,4
23.2453499,0.002451,0.188435,9.97149,-0.10349,9.973807,90.594521,88.917389,1,2,3,4
23.2478008,0.0024509,0.233898,9.983455,-0.065204,9.986407,90.374107,88.657883,1,2,3,4
23.2502556,0.0024548,0.241077,10.00499,-0.029312,10.007936,90.167816,88.61969,1,2,3,4
23.2527065,0.0024509,0.24347,10.026525,-0.005384,10.029483,90.030754,88.608986,1,2,3,4
23.2551594,0.0024529,0.262612,9.995419,0.05683,9.999029,89.674355,88.495003,1,2,3,4
23.2576122,0.0024528,0.276969,9.985847,0.016152,9.9897,89.907364,88.41124,1,2,3,4
23.2600632,0.002451,0.236291,10.036097,-0.000598,10.038877,90.003418,88.651268,1,2,3,4
23.262516,0.0024528,0.217149,9.990633,0.054437,9.993141,89.687881,88.75486,1,2,3,4
23.2649689,0.0024529,0.212363,10.019346,-0.012562,10.021605,90.071823,88.785782,1,2,3,4
23.2674198,0.0024509,0.236291,10.019346,-0.048455,10.022249,90.277008,88.649017,1,2,3,4
23.2698727,0.0024529,0.214756,10.026525,-0.079561,10.02914,90.454536,88.77298,1,2,3,4
23.2723236,0.0024509,0.188435,10.021739,-0.058026,10.023678,90.33168,88.922813,1,2,3,4
23.2747765,0.0024529,0.190828,9.995419,0.004187,9.997241,89.975998,88.906273,1,2,3,4
23.2772274,0.0024509,0.20997,10.057631,-0.007777,10.059826,90.044289,88.804024,1,2,3,4
23.2796783,0.0024509,0.181256,10.021739,-0.017348,10.023393,90.099167,88.963844,1,2,3,4
23.2821331,0.0024548,0.186042,10.04806,-0.041276,10.049868,90.235321,88.939278,1,2,3,4
23.284584,0.0024509,0.224327,10.086346,-0.067597,10.089067,90.383888,88.725914,1,2,3,4
23.2870369,0.0024529,0.212363,10.060024,-0.079561,10.06258,90.453026,88.790688,1,2,3,4
23.2894878,0.0024509,0.224327,10.043275,-0.081954,10.046114,90.467415,88.720451,1,2,3,4
23.2919407,0.0024529,0.219541,10.055239,-0.158524,10.058885,90.903,88.749229,1,2,3,4
23.2943935,0.0024528,0.236291,10.052846,-0.160917,10.056911,90.916809,88.653519,1,2,3,4
23.2968445,0.002451,0.219541,10.028918,-0.165703,10.032689,90.946358,88.745949,1,2,3,4
23.2992973,0.0024528,0.24347,10.04806,-0.203988,10.05308,91.162674,88.611969,1,2,3,4
23.3017483,0.002451,0.236291,10.028918,-0.199202,10.033679,91.137589,88.650307,1,2,3,4
23.3041992,0.0024509,0.22672,10.06481,-0.227916,10.069942,91.296906,88.709572,1,2,3,4
23.306654,0.0024548,0.279362,10.057631,-0.203988,10.063578,91.161461,88.408951,1,2,3,4
23.3091049,0.0024509,0.260219,10.038489,-0.170489,10.043308,90.972664,88.515099,1,2,3,4
23.3115559,0.002451,0.217149,10.043275,-0.235095,10.048373,91.34063,88.761383,1,2,3,4
23.3140068,0.0024509,0.224327,10.060024,-0.263809,10.065983,91.501778,88.72258,1,2,3,4
23.3164597,0.0024529,0.219541,10.026525,-0.263809,10.032397,91.506805,88.745651,1,2,3,4
23.3189106,0.0024509,0.221934,10.074382,-0.172881,10.078309,90.982887,88.737999,1,2,3,4
23.3213634,0.0024528,0.236291,10.033704,-0.127418,10.037294,90.727356,88.650948,1,2,3,4
23.3238144,0.002451,0.20997,10.016953,-0.158524,10.020408,90.906464,88.799171,1,2,3,4
23.3262672,0.0024528,0.262612,10.028918,-0.096311,10.032818,90.550026,88.500023,1,2,3,4
23.3287182,0.002451,0.233898,10.069596,-0.058026,10.072479,90.33007,88.669365,1,2,3,4
23.331171,0.0024528,0.257827,10.062417,-0.084347,10.066073,90.480103,88.532249,1,2,3,4
23.3336239,0.0024529,0.241077,10.06481,-0.072383,10.067957,90.411926,88.627892,1,2,3,4
23.3360748,0.0024509,0.260219,10.04806,-0.031705,10.051479,90.180725,88.516518,1,2,3,4
23.3385277,0.0024529,0.262612,10.036097,-0.002991,10.039532,90.017067,88.501099,1,2,3,4
23.3409786,0.0024509,0.231506,10.007382,-0.029312,10.010103,90.167778,88.674782,1,2,3,4
23.3434315,0.0024529,0.24347,10.019346,-0.024526,10.022334,90.140213,88.607986,1,2,3,4
23.3458843,0.0024528,0.245863,10.000204,-0.048455,10.003344,90.277534,88.591621,1,2,3,4
23.3483353,0.002451,0.200399,9.945169,-0.005384,9.94719,90.031013,88.845627,1,2,3,4
23.3507881,0.0024528,0.188435,9.98824,0.004187,9.990019,89.975983,88.919205,1,2,3,4
23.3532391,0.002451,0.202792,10.009775,0.020937,10.011851,89.88018,88.839386,1,2,3,4
23.3556919,0.0024528,0.212363,9.966704,0.030508,9.969013,89.824654,88.779373,1,2,3,4
23.3581448,0.0024529,0.233898,9.997811,-0.002991,10.000547,90.017136,88.659813,1,2,3,4
23.3605957,0.0024509,0.214756,10.021739,-0.000598,10.024039,90.003418,88.7724,1,2,3,4
23.3630466,0.0024509,0.221934,10.038489,0.016152,10.040956,89.907837,88.73349,1,2,3,4
23.3654976,0.002451,0.217149,10.036097,-0.012562,10.038454,90.071701,88.760498,1,2,3,4
23.3679523,0.0024547,0.219541,10.045668,-0.105882,10.048624,90.603737,88.748039,1,2,3,4
23.3704014,0.0024491,0.200399,10.033704,-0.06999,10.035949,90.399582,88.855804,1,2,3,4
23.3728542,0.0024528,0.229113,10.050453,-0.091525,10.053481,90.521622,88.694099,1,2,3,4
23.3753052,0.002451,0.279362,10.036097,-0.170489,10.041431,90.972847,88.40554,1,2,3,4
23.377758,0.0024528,0.265005,10.028918,-0.170489,10.033868,90.973579,88.486366,1,2,3,4
23.380209,0.002451,0.272184,10.019346,-0.14656,10.024114,90.837738,88.443893,1,2,3,4
23.3826599,0.0024509,0.245863,10.000204,-0.141775,10.00423,90.811996,88.591621,1,2,3,4
23.3851147,0.0024548,0.24347,10.016953,-0.148953,10.021019,90.851677,88.607658,1,2,3,4
23.3875656,0.0024509,0.265005,10.045668,-0.215952,10.051482,91.231071,88.488884,1,2,3,4
23.3900185,0.0024529,0.229113,10.040882,-0.172881,10.044983,90.986153,88.692856,1,2,3,4
23.3924713,0.0024528,0.231506,10.038489,-0.141775,10.04216,90.808929,88.678894,1,2,3,4
23.3949223,0.002451,0.205185,10.024133,-0.156132,10.027448,90.892159,88.82737,1,2,3,4
23.3973751,0.0024528,0.221934,10.062417,-0.156132,10.066075,90.888733,88.736504,1,2,3,4
23.399826,0.0024509,0.231506,10.04806,-0.16331,10.052053,90.930893,88.680145,1,2,3,4
23.4022789,0.0024529,0.205185,10.021739,-0.168096,10.025249,90.960739,88.827095,1,2,3,4
23.4047298,0.0024509,0.221934,10.076775,-0.172881,10.080701,90.982658,88.738304,1,2,3,4
23.4071808,0.002451,0.202792,10.06481,-0.189631,10.068639,91.079163,88.845726,1,2,3,4
23.4096355,0.0024547,0.233898,10.074382,-0.156132,10.078306,90.887657,88.669998,1,2,3,4
23.4120865,0.002451,0.224327,10.045668,-0.187238,10.049916,91.067528,88.720757,1,2,3,4
23.4145374,0.0024509,0.212363,10.052846,-0.201595,10.05711,91.148575,88.789825,1,2,3,4
23.4169884,0.002451,0.245863,10.043275,-0.208774,10.048453,91.190506,88.597664,1,2,3,4
23.4194431,0.0024547,0.262612,10.04806,-0.199202,10.053465,91.135353,88.502884,1,2,3,4
23.4218941,0.002451,0.274576,10.067204,-0.175274,10.072473,90.99707,88.437683,1,2,3,4
23.4243469,0.0024528,0.22672,10.071989,-0.211167,10.076754,91.200768,88.710495,1,2,3,4
23.4267998,0.0024529,0.20997,10.079167,-0.263809,10.084805,91.49897,88.80658,1,2,3,4
23.4292526,0.0024528,0.205185,10.033704,-0.182453,10.037459,91.041534,88.828491,1,2,3,4
23.4317036,0.002451,0.248255,10.076775,-0.156132,10.081041,90.887413,88.588722,1,2,3,4
23.4341545,0.0024509,0.233898,10.076775,-0.165703,10.080851,90.941833,88.670311,1,2,3,4
23.4366074,0.0024529,0.24347,10.088738,-0.211167,10.093885,91.19873,88.617561,1,2,3,4
23.4390602,0.0024528,0.238684,10.107881,-0.14656,10.11176,90.830475,88.647285,1,2,3,4
23.4415112,0.002451,0.260219,10.119845,-0.079561,10.123503,90.450294,88.527031,1,2,3,4
23.443964,0.0024528,0.231506,10.103095,-0.017348,10.105762,90.098358,88.687332,1,2,3,4
23.4464149,0.0024509,0.233898,10.11506,-0.041276,10.117848,90.233742,88.675339,1,2,3,4
23.4488659,0.002451,0.245863,10.138988,0.008973,10.141972,89.94931,88.610893,1,2,3,4
23.4513187,0.0024528,0.257827,10.124631,0.02333,10.12794,89.868019,88.54126,1,2,3,4
23.4537716,0.0024529,0.265005,10.14138,0.071186,10.145092,89.597961,88.503143,1,2,3,4
23.4562225,0.0024509,0.214756,10.150951,0.059222,10.153396,89.665802,88.788017,1,2,3,4
23.4586754,0.0024529,0.236291,10.136595,0.020937,10.13937,89.881691,88.664635,1,2,3,4
23.4611301,0.0024547,0.195613,10.122238,-0.000598,10.124127,90.003387,88.892891,1,2,3,4
23.4635811,0.002451,0.253041,10.110274,0.042473,10.113529,89.759384,88.566292,1,2,3,4
23.466032,0.0024509,0.200399,10.136595,0.049651,10.138698,89.719414,88.867416,1,2,3,4
23.4684868,0.0024548,0.238684,10.148559,-0.038883,10.15144,90.21946,88.65271,1,2,3,4
23.4709377,0.0024509,0.231506,10.153345,-0.050847,10.156112,90.286858,88.693832,1,2,3,4
23.4733887,0.002451,0.269791,10.170094,0.00658,10.173675,89.962944,88.480423,1,2,3,4
23.4758396,0.0024509,0.260219,10.150951,0.05683,10.154445,89.679344,88.531548,1,2,3,4
23.4782925,0.0024529,0.229113,10.148559,0.018544,10.151161,89.895332,88.706718,1,2,3,4
23.4807453,0.0024528,0.262612,10.119845,-0.050847,10.12338,90.287788,88.513496,1,2,3,4
23.4831982,0.0024529,0.257827,10.127024,-0.079561,10.130618,90.449982,88.541603,1,2,3,4
23.485651,0.0024528,0.248255,10.17488,-0.113061,10.178535,90.636444,88.602325,1,2,3,4
23.4881039,0.0024529,0.255434,10.129416,-0.132203,10.133499,90.747513,88.555473,1,2,3,4
23.4905567,0.0024528,0.238684,10.160523,-0.139382,10.164282,90.785713,88.654297,1,2,3,4
23.4930115,0.0024548,0.267398,10.170094,-0.208774,10.175752,91.175606,88.493896,1,2,3,4
23.4954624,0.0024509,0.250648,10.155738,-0.251845,10.161952,91.420113,88.586205,1,2,3,4
23.4979153,0.0024529,0.265005,10.146166,-0.244666,10.152575,91.380898,88.503845,1,2,3,4
23.50037,0.0024547,0.291326,10.124631,-0.199202,10.130779,91.126686,88.35183,1,2,3,4
23.502821,0.002451,0.32004,10.138988,-0.141775,10.145028,90.80072,88.192039,1,2,3,4
23.5052738,0.0024528,0.231506,10.124631,-0.148953,10.128372,90.842651,88.690125,1,2,3,4
23.5077248,0.002451,0.22672,10.146166,-0.158524,10.149937,90.894897,88.719917,1,2,3,4
23.5101795,0.0024547,0.274576,10.112667,-0.175274,10.117912,90.992592,88.444702,1,2,3,4
23.5126324,0.0024529,0.248255,10.172487,-0.151346,10.176641,90.852127,88.601997,1,2,3,4
23.5150833,0.0024509,0.248255,10.14138,-0.175274,10.145932,90.989853,88.59771,1,2,3,4
23.5175381,0.0024548,0.269791,10.17488,-0.208774,10.180597,91.175049,88.48114,1,2,3,4
23.5199909,0.0024528,0.255434,10.172487,-0.270987,10.179301,91.525475,88.561592,1,2,3,4
23.5224419,0.002451,0.205185,10.146166,-0.251845,10.151364,91.421593,88.841476,1,2,3,4
23.5248966,0.0024547,0.236291,10.203594,-0.23988,10.209148,91.346382,88.673401,1,2,3,4
23.5273476,0.002451,0.24347,10.191629,-0.211167,10.196724,91.186638,88.631508,1,2,3,4
23.5297985,0.0024509,0.248255,10.194023,-0.225524,10.199539,91.266975,88.60495,1,2,3,4
23.5322514,0.0024529,0.257827,10.201201,-0.208774,10.206594,91.172058,88.552208,1,2,3,4
23.5347023,0.0024509,0.229113,10.222736,-0.148953,10.226388,90.834572,88.716095,1,2,3,4
23.5371552,0.0024529,0.217149,10.191629,-0.230309,10.196544,91.29425,88.779411,1,2,3,4
23.5396061,0.0024509,0.286541,10.213165,-0.266202,10.220652,91.492462,88.392929,1,2,3,4
23.5420589,0.0024528,0.229113,10.167702,-0.115454,10.170938,90.650398,88.709152,1,2,3,4
23.5445099,0.002451,0.250648,10.162916,-0.139382,10.166962,90.785507,88.587196,1,2,3,4
23.5469627,0.0024528,0.269791,10.189237,-0.18006,10.194398,91.012047,88.483276,1,2,3,4
23.5494156,0.0024529,0.229113,10.153345,-0.172881,10.157401,90.975235,88.707329,1,2,3,4
23.5518665,0.0024509,0.284148,10.153345,-0.093918,10.157755,90.529762,88.396957,1,2,3,4
23.5543194,0.0024529,0.260219,10.179666,-0.005384,10.182992,90.030296,88.535683,1,2,3,4
23.5567703,0.0024509,0.267398,10.172487,-0.014955,10.176012,90.084206,88.494247,1,2,3,4
23.5592232,0.0024529,0.236291,10.186844,-0.017348,10.189599,90.097549,88.671219,1,2,3,4
23.5616741,0.0024509,0.272184,10.213165,-0.031705,10.216841,90.177803,88.473412,1,2,3,4
23.564127,0.0024529,0.255434,10.167702,-0.029312,10.170952,90.165123,88.560913,1,2,3,4
23.5665798,0.0024528,0.24347,10.165309,-0.022134,10.168248,90.124718,88.627968,1,2,3,4
23.5690308,0.002451,0.238684,10.186844,-0.019741,10.189659,90.111,88.657768,1,2,3,4
23.5714817,0.0024509,0.195613,10.160523,-0.074776,10.162682,90.421577,88.897064,1,2,3,4
23.5739346,0.0024529,0.269791,10.182058,-0.108275,10.186208,90.609039,88.482208,1,2,3,4
23.5763874,0.0024528,0.253041,10.17488,-0.105882,10.178576,90.596031,88.575394,1,2,3,4
23.5788383,0.0024509,0.202792,10.198809,-0.134596,10.201713,90.755951,88.860886,1,2,3,4
23.5812893,0.002451,0.207577,10.17488,-0.153739,10.178159,90.865471,88.831276,1,2,3,4
23.583744,0.0024547,0.188435,10.198809,-0.139382,10.201502,90.782852,88.941513,1,2,3,4
23.586195,0.002451,0.231506,10.194023,-0.134596,10.19754,90.756264,88.699043,1,2,3,4
23.5886459,0.0024509,0.202792,10.201201,-0.139382,10.204169,90.782646,88.861153,1,2,3,4
23.5910969,0.002451,0.205185,10.170094,-0.148953,10.173255,90.838936,88.8442,1,2,3,4
23.5935497,0.0024528,0.212363,10.213165,-0.122632,10.216109,90.687782,88.808815,1,2,3,4
23.5960007,0.002451,0.241077,10.170094,-0.144168,10.173973,90.81192,88.64209,1,2,3,4
23.5984535,0.0024528,0.217149,10.196416,-0.158524,10.19996,90.890511,88.779984,1,2,3,4
23.6009064,0.0024529,0.238684,10.229915,-0.151346,10.233818,90.847366,88.663422,1,2,3,4
23.6033592,0.0024528,0.224327,10.20838,-0.141775,10.211828,90.795486,88.741142,1,2,3,4
23.6058102,0.002451,0.207577,10.220344,-0.206381,10.224535,91.156586,88.836472,1,2,3,4
23.6082611,0.0024509,0.217149,10.229915,-0.244666,10.235144,91.369759,88.783974,1,2,3,4
23.6107159,0.0024548,0.22672,10.232307,-0.235095,10.237518,91.315857,88.73069,1,2,3,4
23.6131668,0.0024509,0.229113,10.217951,-0.211167,10.2227,91.183624,88.7155,1,2,3,4
23.6156197,0.0024529,0.22672,10.227522,-0.199202,10.231974,91.11554,88.730095,1,2,3,4
23.6180725,0.0024528,0.231506,10.210773,-0.223131,10.215834,91.251534,88.701172,1,2,3,4
23.6205235,0.002451,0.219541,10.215558,-0.168096,10.219299,90.94249,88.768852,1,2,3,4
23.6229744,0.0024509,0.198006,10.241879,-0.177667,10.245334,90.993629,88.892441,1,2,3,4
23.6254253,0.0024509,0.214756,10.246665,-0.23988,10.251722,91.34079,88.799339,1,2,3,4
23.6278801,0.0024548,0.195613,10.249058,-0.213559,10.253148,91.193481,88.906586,1,2,3,4
23.630331,0.0024509,0.200399,10.3017,-0.060419,10.303825,90.335968,88.885567,1,2,3,4
23.632782,0.002451,0.212363,10.241879,0.004187,10.244081,89.976578,88.812157,1,2,3,4
23.6352348,0.0024528,0.176471,10.249058,-0.127418,10.251369,90.712166,89.013565,1,2,3,4
23.6376858,0.002451,0.207577,10.263414,-0.172881,10.266969,90.964828,88.841354,1,2,3,4
23.6401367,0.0024509,0.212363,10.280165,-0.101097,10.282855,90.563316,88.816582,1,2,3,4
23.6425915,0.0024548,0.245863,10.316056,-0.077169,10.319274,90.428467,88.634727,1,2,3,4
23.6450424,0.0024509,0.214756,10.292129,-0.036491,10.294434,90.203094,88.804642,1,2,3,4
23.6474934,0.002451,0.255434,10.335199,-0.108275,10.338923,90.600044,88.584229,1,2,3,4
23.6499443,0.0024509,0.229113,10.28495,-0.122632,10.288233,90.682961,88.723862,1,2,3,4
23.6523972,0.0024529,0.24347,10.339985,-0.081954,10.343176,90.453987,88.651138,1,2,3,4
23.65485,0.0024528,0.281755,10.311271,-0.050847,10.315245,90.282433,88.434784,1,2,3,4
23.6573009,0.0024509,0.262612,10.335199,-0.05324,10.338673,90.295052,88.544456,1,2,3,4
23.6597519,0.002451,0.253041,10.316056,-0.062812,10.31935,90.348747,88.594879,1,2,3,4
23.6622066,0.0024547,0.233898,10.294521,-0.08674,10.297544,90.482628,88.698425,1,2,3,4
23.6646576,0.002451,0.24347,10.318449,-0.101097,10.321816,90.561188,88.648323,1,2,3,4
23.6671104,0.0024528,0.22672,10.323236,-0.115454,10.32637,90.64061,88.741867,1,2,3,4
23.6695633,0.0024529,0.231506,10.335199,-0.110668,10.338385,90.613342,88.716805,1,2,3,4
23.6720142,0.0024509,0.22672,10.282557,-0.096311,10.285507,90.536514,88.736893,1,2,3,4
23.6744671,0.0024529,0.195613,10.313663,-0.127418,10.316305,90.707687,88.913437,1,2,3,4
23.6769199,0.0024528,0.212363,10.325628,-0.153739,10.328956,90.852837,88.821785,1,2,3,4
23.6793728,0.0024529,0.221934,10.335199,-0.115454,10.338226,90.63987,88.769844,1,2,3,4
23.6818237,0.0024509,0.257827,10.347163,-0.055633,10.350525,90.307961,88.572624,1,2,3,4
23.6842785,0.0024548,0.272184,10.313663,-0.06999,10.317492,90.38868,88.488281,1,2,3,4
23.6867294,0.0024509,0.231506,10.3017,-0.096311,10.30475,90.535507,88.712631,1,2,3,4
23.6891823,0.0024529,0.221934,10.335199,-0.098704,10.338053,90.54705,88.769844,1,2,3,4
23.6916332,0.0024509,0.260219,10.328021,-0.038883,10.331372,90.215637,88.556709,1,2,3,4
23.6940861,0.0024529,0.269791,10.332807,-0.002991,10.336329,90.016579,88.504341,1,2,3,4
23.696537,0.0024509,0.248255,10.328021,-0.000598,10.331004,90.003319,88.623039,1,2,3,4
23.6989899,0.0024529,0.248255,10.292129,-0.089133,10.295507,90.49604,88.61824,1,2,3,4
23.7014427,0.0024528,0.183649,10.294521,-0.134596,10.297039,90.748955,88.977982,1,2,3,4
23.7038918,0.0024491,0.212363,10.351949,-0.084347,10.35447,90.466736,88.824783,1,2,3,4
23.7063427,0.0024509,0.19322,10.371092,-0.079561,10.373197,90.439461,88.932663,1,2,3,4
23.7087936,0.0024509,0.198006,10.387841,-0.05324,10.389865,90.293602,88.907997,1,2,3,4
23.7112484,0.0024548,0.190828,10.335199,-0.089133,10.337345,90.494034,88.942223,1,2,3,4
23.7136993,0.0024509,0.195613,10.36152,-0.072383,10.363619,90.400177,88.918449,1,2,3,4
23.7161503,0.002451,0.245863,10.328021,-0.077169,10.331236,90.427971,88.636307,1,2,3,4
23.718605,0.0024547,0.219541,10.371092,-0.108275,10.373981,90.598015,88.787308,1,2,3,4
23.721056,0.002451,0.229113,10.356734,-0.10349,10.359785,90.572365,88.732704,1,2,3,4
23.7235088,0.0024528,0.236291,10.342378,-0.034098,10.345133,90.18885,88.6912,1,2,3,4
23.7259598,0.002451,0.267398,10.339985,-0.077169,10.34373,90.427452,88.518631,1,2,3,4
23.7284145,0.0024547,0.265005,10.349556,-0.074776,10.353218,90.413818,88.533234,1,2,3,4
23.7308655,0.002451,0.257827,10.292129,-0.10349,10.295877,90.57592,88.564995,1,2,3,4
23.7333183,0.0024528,0.322433,10.306485,-0.081954,10.311853,90.455368,88.208115,1,2,3,4
23.7357712,0.0024529,0.276969,10.292129,-0.084347,10.296201,90.469376,88.458496,1,2,3,4
23.7382221,0.0024509,0.279362,10.320843,-0.089133,10.325007,90.494621,88.449509,1,2,3,4
23.740675,0.0024529,0.257827,10.304092,-0.101097,10.307814,90.561951,88.566658,1,2,3,4
23.7431278,0.0024528,0.221934,10.337592,-0.024526,10.340004,90.135902,88.770126,1,2,3,4
23.7455807,0.0024529,0.19322,10.3017,-0.062812,10.303702,90.349281,88.925476,1,2,3,4
23.7480316,0.0024509,0.200399,10.292129,-0.08674,10.294445,90.482773,88.884529,1,2,3,4
23.7504845,0.0024529,0.248255,10.316056,-0.10349,10.319562,90.5746,88.621445,1,2,3,4
23.7529373,0.0024528,0.219541,10.289736,-0.110668,10.292672,90.616066,88.777725,1,2,3,4
23.7553883,0.002451,0.224327,10.313663,-0.117847,10.316775,90.654495,88.753983,1,2,3,4
23.7578392,0.0024509,0.231506,10.323236,-0.151346,10.32694,90.839729,88.715317,1,2,3,4
23.760294,0.0024548,0.248255,10.292129,-0.189631,10.296868,91.055244,88.61824,1,2,3,4
23.7627449,0.0024509,0.24347,10.335199,-0.244666,10.340961,91.355736,88.650513,1,2,3,4
23.7651978,0.0024529,0.276969,10.342378,-0.160917,10.347337,90.891075,88.465981,1,2,3,4
23.7676487,0.0024509,0.257827,10.311271,-0.074776,10.314765,90.415359,88.567657,1,2,3,4
23.7701015,0.0024528,0.22672,10.351949,-0.105882,10.354972,90.585876,88.745354,1,2,3,4
23.7725544,0.0024529,0.217149,10.339985,-0.127418,10.34305,90.705856,88.796913,1,2,3,4
23.7750053,0.0024509,0.219541,10.308878,-0.098704,10.311687,90.548447,88.779991,1,2,3,4
23.7774582,0.0024529,0.221934,10.308878,-0.098704,10.311739,90.548447,88.766701,1,2,3,4
23.779911,0.0024528,0.224327,10.349556,-0.08674,10.35235,90.480072,88.758308,1,2,3,4
23.782362,0.002451,0.202792,10.320843,-0.089133,10.323219,90.494705,88.874352,1,2,3,4
23.7848148,0.0024528,0.200399,10.294521,-0.117847,10.297146,90.655739,88.884789,1,2,3,4
23.7872677,0.0024529,0.24347,10.306485,-0.172881,10.31081,90.960724,88.646759,1,2,3,4
23.7897186,0.0024509,0.233898,10.289736,-0.184846,10.294053,91.028893,88.697823,1,2,3,4
23.7921696,0.002451,0.257827,10.296914,-0.110668,10.300736,90.615578,88.565659,1,2,3,4
23.7946224,0.0024528,0.250648,10.282557,-0.096311,10.286063,90.536484,88.60363,1,2,3,4
23.7970734,0.002451,0.257827,10.294521,-0.105882,10.298294,90.589096,88.565323,1,2,3,4
23.7995262,0.0024528,0.272184,10.306485,-0.141775,10.311053,90.787827,88.487228,1,2,3,4
23.8019791,0.0024529,0.24347,10.287343,-0.10349,10.290745,90.57621,88.644241,1,2,3,4
23.80443,0.0024509,0.272184,10.28495,-0.079561,10.288859,90.443062,88.484062,1,2,3,4
23.806881,0.002451,0.257827,10.2682,-0.072383,10.271691,90.403755,88.561646,1,2,3,4
23.8093319,0.0024509,0.262612,10.272985,-0.091525,10.276749,90.510284,88.535645,1,2,3,4
23.8117867,0.0024548,0.20997,10.28495,-0.110668,10.287689,90.616364,88.830452,1,2,3,4
23.8142376,0.0024509,0.231506,10.272985,-0.120239,10.276298,90.67041,88.709038,1,2,3,4
23.8166885,0.0024509,0.236291,10.282557,-0.10349,10.285792,90.576485,88.683586,1,2,3,4
23.8191433,0.0024548,0.250648,10.28495,-0.089133,10.28839,90.496384,88.603958,1,2,3,4
23.8215942,0.0024509,0.224327,10.275378,-0.105882,10.278372,90.59024,88.749344,1,2,3,4
23.8240452,0.002451,0.221934,10.275378,-0.110668,10.27837,90.61692,88.76268,1,2,3,4
23.8264961,0.0024509,0.207577,10.311271,-0.158524,10.314578,90.880615,88.846725,1,2,3,4
23.8289509,0.0024548,0.253041,10.332807,-0.175274,10.337391,90.971519,88.59716,1,2,3,4
23.8314018,0.0024509,0.24347,10.323236,-0.16331,10.327397,90.906075,88.648949,1,2,3,4
23.8338528,0.002451,0.20997,10.339985,-0.08674,10.342481,90.48053,88.836678,1,2,3,4
23.8363056,0.0024528,0.219541,10.351949,-0.134596,10.355151,90.744751,88.785065,1,2,3,4
23.8387585,0.0024529,0.214756,10.356734,-0.25663,10.362139,91.419144,88.812096,1,2,3,4
23.8412094,0.0024509,0.195613,10.366306,-0.242273,10.370981,91.338593,88.918953,1,2,3,4
23.8436604,0.002451,0.207577,10.349556,-0.139382,10.352576,90.771423,88.85099,1,2,3,4
23.8461132,0.0024528,0.207577,10.323236,-0.14656,10.326363,90.813217,88.848061,1,2,3,4
23.8485661,0.0024529,0.22672,10.335199,-0.115454,10.33833,90.63987,88.743324,1,2,3,4
23.851017,0.0024509,0.214756,10.335199,-0.134596,10.338306,90.745964,88.809616,1,2,3,4
23.8534698,0.0024528,0.219541,10.392627,-0.132203,10.395786,90.728653,88.789825,1,2,3,4
23.8559208,0.002451,0.200399,10.368699,-0.115454,10.371278,90.637833,88.892769,1,2,3,4
23.8583717,0.0024509,0.198006,10.373485,-0.170489,10.376775,90.941399,88.906487,1,2,3,4
23.8608227,0.002451,0.221934,10.363914,-0.151346,10.367394,90.836449,88.773247,1,2,3,4
23.8632774,0.0024547,0.245863,10.36152,-0.156132,10.365612,90.863045,88.640717,1,2,3,4
23.8657284,0.002451,0.250648,10.36152,-0.18006,10.366116,90.995277,88.614265,1,2,3,4
23.8681793,0.0024509,0.24347,10.402198,-0.223131,10.407439,91.228493,88.659203,1,2,3,4
23.8706322,0.0024529,0.260219,10.387841,-0.23988,10.393868,91.322449,88.565018,1,2,3,4
23.8730831,0.0024509,0.260219,10.440483,-0.261416,10.446997,91.433868,88.57225,1,2,3,4
23.8755341,0.002451,0.250648,10.385448,-0.19681,10.390337,91.085342,88.617462,1,2,3,4
23.877985,0.0024509,0.262612,10.371092,-0.223131,10.376816,91.232117,88.549492,1,2,3,4
23.8804398,0.0024548,0.248255,10.373485,-0.25663,10.379628,91.416748,88.629074,1,2,3,4
23.8828907,0.0024509,0.224327,10.368699,-0.227916,10.37363,91.258934,88.760597,1,2,3,4
23.8853416,0.0024509,0.207577,10.356734,-0.153739,10.359956,90.850288,88.851791,1,2,3,4
23.8877926,0.002451,0.195613,10.375877,-0.122632,10.378446,90.677025,88.919945,1,2,3,4
23.8902473,0.0024547,0.248255,10.383056,-0.110668,10.386613,90.610489,88.630341,1,2,3,4
23.8926983,0.002451,0.253041,10.397412,-0.050847,10.400616,90.280113,88.605873,1,2,3,4
23.8951492,0.0024509,0.195613,10.406984,-0.055633,10.408971,90.306229,88.923172,1,2,3,4
23.8976021,0.0024529,0.253041,10.383056,-0.074776,10.386408,90.412498,88.603943,1,2,3,4
23.900053,0.0024509,0.274576,10.414163,-0.031705,10.41783,90.17437,88.489708,1,2,3,4
23.9025059,0.0024529,0.255434,10.426126,-0.041276,10.429337,90.226761,88.596565,1,2,3,4
23.9049587,0.0024528,0.217149,10.445269,-0.014955,10.447536,90.082016,88.809036,1,2,3,4
23.9074078,0.0024491,0.238684,10.462019,-0.022134,10.464765,90.121185,88.693062,1,2,3,4
23.9098587,0.0024509,0.250648,10.447661,-0.06999,10.450902,90.383713,88.625687,1,2,3,4
23.9123096,0.0024509,0.221934,10.50509,-0.065204,10.507636,90.355545,88.789726,1,2,3,4
23.9147644,0.0024548,0.241077,10.493126,-0.038883,10.495967,90.212257,88.683876,1,2,3,4
23.9172153,0.0024509,0.257827,10.500304,-0.093918,10.503889,90.512306,88.59343,1,2,3,4
23.9196663,0.002451,0.202792,10.483554,-0.129811,10.486319,90.709282,88.891823,1,2,3,4
23.9221172,0.0024509,0.276969,10.502697,-0.055633,10.506495,90.303391,88.489388,1,2,3,4
23.9245701,0.0024529,0.202792,10.500304,0.008973,10.502266,89.95105,88.893585,1,2,3,4
23.9270229,0.0024528,0.257827,10.490733,-0.038883,10.493973,90.212296,88.592148,1,2,3,4
23.9294739,0.002451,0.231506,10.47159,-0.134596,10.475014,90.736229,88.733513,1,2,3,4
23.9319267,0.0024528,0.253041,10.464412,-0.156132,10.468636,90.854553,88.614792,1,2,3,4
23.9343777,0.002451,0.260219,10.529017,-0.115454,10.532865,90.628044,88.584251,1,2,3,4
23.9368286,0.0024509,0.274576,10.512268,-0.113061,10.516461,90.61599,88.503799,1,2,3,4
23.9392796,0.002451,0.276969,10.540982,-0.141775,10.545573,90.770309,88.494873,1,2,3,4
23.9417343,0.0024547,0.245863,10.507483,-0.208774,10.512432,91.137955,88.659592,1,2,3,4
23.9441853,0.002451,0.265005,10.521839,-0.199202,10.527061,91.084267,88.557243,1,2,3,4
23.9466381,0.0024528,0.257827,10.519446,-0.213559,10.524773,91.162674,88.595985,1,2,3,4
23.949091,0.0024529,0.267398,10.514661,-0.184846,10.519684,91.006821,88.543228,1,2,3,4
23.9515419,0.0024509,0.272184,10.495519,-0.156132,10.500208,90.851982,88.514465,1,2,3,4
23.9539948,0.0024529,0.250648,10.500304,-0.141775,10.504252,90.773338,88.632576,1,2,3,4
23.9564457,0.0024509,0.272184,10.507483,-0.223131,10.513375,91.21611,88.516151,1,2,3,4
23.9588985,0.0024528,0.255434,10.509875,-0.242273,10.51577,91.32016,88.60775,1,2,3,4
23.9613495,0.002451,0.272184,10.552946,-0.208774,10.558519,91.132988,88.522545,1,2,3,4
23.9638023,0.0024528,0.22672,10.536197,-0.151346,10.539722,90.822769,88.767288,1,2,3,4
23.9662552,0.0024529,0.233898,10.517054,-0.153739,10.520778,90.837288,88.72596,1,2,3,4
23.9687061,0.0024509,0.241077,10.550553,-0.129811,10.554106,90.704727,88.69104,1,2,3,4
23.9711571,0.002451,0.202792,10.550553,-0.153739,10.553622,90.834679,88.898857,1,2,3,4
23.973608,0.0024509,0.217149,10.567303,-0.108275,10.570088,90.586922,88.822792,1,2,3,4
23.9760609,0.0024529,0.253041,10.545768,-0.043669,10.548894,90.23719,88.625481,1,2,3,4
23.9785118,0.0024509,0.19322,10.548161,-0.002991,10.549931,90.016243,88.950577,1,2,3,4
23.9809647,0.0024529,0.217149,10.521839,-0.050847,10.524202,90.276825,88.817703,1,2,3,4
23.9834175,0.0024528,0.253041,10.543375,-0.050847,10.546534,90.276237,88.625168,1,2,3,4
23.9858685,0.002451,0.250648,10.560124,-0.034098,10.563153,90.184952,88.64032,1,2,3,4
23.9883194,0.0024509,0.238684,10.591231,0.008973,10.593925,89.951469,88.709,1,2,3,4
23.9907703,0.0024509,0.296112,10.526625,0.00658,10.530791,89.964195,88.38871,1,2,3,4
23.9932232,0.0024529,0.296112,10.569695,0.00658,10.573845,89.96434,88.395271,1,2,3,4
23.9956741,0.0024509,0.272184,10.500304,0.018544,10.503847,89.898842,88.515137,1,2,3,4
23.9981251,0.002451,0.286541,10.514661,0.00658,10.518567,89.964157,88.438988,1,2,3,4
24.000576,0.0024509,0.24347,10.493126,-0.005384,10.495952,90.029388,88.670815,1,2,3,4
24.0030308,0.0024548,0.257827,10.495519,-0.046062,10.498786,90.251381,88.592789,1,2,3,4
24.0054817,0.0024509,0.217149,10.442876,-0.072383,10.445384,90.397041,88.808769,1,2,3,4
24.0079327,0.002451,0.231506,10.452448,-0.048455,10.455124,90.265541,88.731194,1,2,3,4
24.0103855,0.0024528,0.219541,10.462019,-0.031705,10.46437,90.173592,88.797844,1,2,3,4
24.0128384,0.0024529,0.233898,10.459626,0.018544,10.462257,89.898445,88.718964,1,2,3,4
24.0152893,0.0024509,0.217149,10.473983,-0.048455,10.476346,90.264999,88.812302,1,2,3,4
24.0177402,0.0024509,0.217149,10.481161,-0.120239,10.4841,90.657127,88.813118,1,2,3,4
24.020195,0.0024548,0.214756,10.478768,-0.091525,10.481368,90.500328,88.82592,1,2,3,4
24.022646,0.002451,0.238684,10.502697,-0.122632,10.506124,90.6688,88.69812,1,2,3,4
24.0250969,0.0024509,0.241077,10.521839,-0.098704,10.525064,90.537331,88.687469,1,2,3,4
24.0275517,0.0024548,0.248255,10.485947,-0.127418,10.489659,90.695992,88.643776,1,2,3,4
24.0300026,0.0024509,0.253041,10.50509,-0.132203,10.508968,90.720802,88.620155,1,2,3,4
24.0324535,0.0024509,0.262612,10.47159,-0.148953,10.475942,90.81469,88.563408,1,2,3,4
24.0349045,0.002451,0.274576,10.50509,-0.122632,10.509393,90.668587,88.502777,1,2,3,4
24.0373592,0.0024547,0.276969,10.512268,-0.084347,10.516254,90.459557,88.490761,1,2,3,4
24.0398102,0.002451,0.238684,10.495519,-0.177667,10.499736,90.969551,88.697235,1,2,3,4
24.0422611,0.0024509,0.19322,10.454841,-0.220738,10.458956,91.209328,88.941216,1,2,3,4
24.0447159,0.0024548,0.22672,10.466805,-0.184846,10.470891,91.011513,88.759117,1,2,3,4
24.0471668,0.0024509,0.257827,10.462019,-0.19681,10.467046,91.077385,88.588287,1,2,3,4
24.0496197,0.0024529,0.219541,10.478768,-0.170489,10.482454,90.931908,88.799767,1,2,3,4
24.0520744,0.0024547,0.238684,10.459626,-0.14656,10.463375,90.802567,88.692764,1,2,3,4
24.0545254,0.002451,0.22672,10.462019,-0.113061,10.465086,90.619011,88.758553,1,2,3,4
24.0569782,0.0024528,0.221934,10.457233,-0.134596,10.460454,90.737251,88.784195,1,2,3,4
24.0594311,0.0024529,0.229113,10.416555,-0.175274,10.420548,90.96376,88.739983,1,2,3,4
24.0618839,0.0024528,0.291326,10.390234,-0.175274,10.395795,90.966057,88.393936,1,2,3,4
24.0643368,0.0024529,0.229113,10.406984,-0.132203,10.410345,90.727631,88.738823,1,2,3,4
24.0667896,0.0024528,0.238684,10.39502,-0.177667,10.399277,90.97892,88.684639,1,2,3,4
24.0692425,0.0024529,0.260219,10.421341,-0.19681,10.426447,91.081581,88.569626,1,2,3,4
24.0716934,0.0024509,0.255434,10.435698,-0.177667,10.440335,90.975067,88.597855,1,2,3,4
24.0741463,0.0024529,0.224327,10.428519,-0.091525,10.431334,90.502724,88.767708,1,2,3,4
24.076601,0.0024547,0.262612,10.371092,-0.048455,10.374529,90.267601,88.549492,1,2,3,4
24.079052,0.002451,0.269791,10.416555,-0.067597,10.420268,90.371689,88.516357,1,2,3,4
24.0815048,0.0024528,0.221934,10.433305,-0.113061,10.436277,90.62072,88.781403,1,2,3,4
24.0839577,0.0024529,0.195613,10.392627,-0.151346,10.395569,90.834183,88.921692,1,2,3,4
24.0864105,0.0024528,0.195613,10.390234,-0.120239,10.392771,90.662903,88.92144,1,2,3,4
24.0888615,0.002451,0.217149,10.430912,-0.10349,10.433685,90.568314,88.807404,1,2,3,4
24.0913162,0.0024547,0.202792,10.392627,-0.134596,10.395476,90.741859,88.882126,1,2,3,4
24.0937691,0.0024529,0.20997,10.404591,-0.194417,10.408525,91.070267,88.843895,1,2,3,4
24.09622,0.0024509,0.248255,10.409377,-0.203988,10.414335,91.122337,88.633797,1,2,3,4
24.0986748,0.0024548,0.190828,10.385448,-0.139382,10.388136,90.768784,88.947334,1,2,3,4
24.1011257,0.0024509,0.24347,10.383056,-0.072383,10.386163,90.399307,88.656731,1,2,3,4
24.1035786,0.0024529,0.253041,10.390234,-0.060419,10.393491,90.333069,88.604912,1,2,3,4
24.1060333,0.0024547,0.255434,10.421341,-0.089133,10.424851,90.489883,88.595924,1,2,3,4
24.1084843,0.002451,0.245863,10.387841,-0.14656,10.391784,90.808098,88.644157,1,2,3,4
24.1109371,0.0024528,0.245863,10.392627,-0.101097,10.396027,90.557182,88.644783,1,2,3,4
24.1133881,0.002451,0.224327,10.363914,-0.000598,10.366342,90.003304,88.760025,1,2,3,4
24.1158409,0.0024528,0.274576,10.363914,0.035294,10.36761,89.804947,88.482391,1,2,3,4
24.1182919,0.002451,0.262612,10.356734,-0.019741,10.360082,90.109177,88.547478,1,2,3,4
24.1207447,0.0024528,0.241077,10.373485,-0.029312,10.376328,90.161858,88.668701,1,2,3,4
24.1231976,0.0024529,0.236291,10.385448,-0.000598,10.388136,90.003296,88.696625,1,2,3,4
24.1256485,0.0024509,0.24347,10.354342,-0.010169,10.357209,90.056259,88.653008,1,2,3,4
24.1281013,0.0024528,0.260219,10.406984,-0.007777,10.41024,90.042801,88.567657,1,2,3,4
24.1305523,0.002451,0.269791,10.433305,-0.058026,10.436954,90.31855,88.518738,1,2,3,4
24.1330051,0.0024528,0.217149,10.402198,-0.113061,10.405078,90.622581,88.804108,1,2,3,4
24.1354561,0.002451,0.202792,10.404591,-0.115454,10.407207,90.635628,88.883415,1,2,3,4
24.1379089,0.0024528,0.207577,10.380663,-0.110668,10.383327,90.610687,88.854439,1,2,3,4
24.1403618,0.0024529,0.231506,10.397412,-0.153739,10.401126,90.846916,88.72448,1,2,3,4
24.1428127,0.0024509,0.20997,10.390234,-0.194417,10.394174,91.071747,88.8423,1,2,3,4
24.1452637,0.002451,0.217149,10.390234,-0.187238,10.39419,91.032166,88.802734,1,2,3,4
24.1477165,0.0024528,0.212363,10.37827,-0.203988,10.382446,91.125786,88.827759,1,2,3,4
24.1501694,0.0024529,0.229113,10.383056,-0.235095,10.388244,91.296761,88.735916,1,2,3,4
24.1526203,0.0024509,0.221934,10.380663,-0.206381,10.385086,91.138702,88.775223,1,2,3,4
24.1550713,0.002451,0.236291,10.354342,-0.165703,10.358362,90.916603,88.692711,1,2,3,4
24.1575241,0.0024528,0.231506,10.368699,-0.127418,10.372066,90.70388,88.720947,1,2,3,4
24.159977,0.0024529,0.233898,10.409377,-0.127418,10.412785,90.701126,88.712784,1,2,3,4
24.1624279,0.0024509,0.236291,10.397412,-0.175274,10.401574,90.965523,88.69812,1,2,3,4
24.1648788,0.0024509,0.231506,10.409377,-0.151346,10.413051,90.832779,88.725945,1,2,3,4
24.1673336,0.0024548,0.253041,10.41177,-0.060419,10.41502,90.332382,88.607796,1,2,3,4
24.1697845,0.0024509,0.279362,10.383056,-0.072383,10.387066,90.399269,88.458794,1,2,3,4
24.1722355,0.002451,0.260219,10.37827,-0.127418,10.382314,90.703186,88.563698,1,2,3,4
24.1746883,0.0024528,0.250648,10.418948,-0.211167,10.424102,91.160751,88.621902,1,2,3,4
24.1771393,0.002451,0.288933,10.440483,-0.215952,10.446712,91.184494,88.41478,1,2,3,4
24.1795902,0.0024509,0.241077,10.380663,-0.153739,10.3846,90.848267,88.669624,1,2,3,4
24.1820431,0.0024529,0.24347,10.390234,-0.168096,10.394445,90.926613,88.657661,1,2,3,4
24.1844978,0.0024547,0.238684,10.435698,-0.237488,10.441128,91.303329,88.689766,1,2,3,4
24.1869488,0.002451,0.248255,10.454841,-0.27338,10.461361,91.497444,88.63974,1,2,3,4
24.1893997,0.0024509,0.267398,10.452448,-0.270987,10.459379,91.484619,88.534561,1,2,3,4
24.1918545,0.0024548,0.217149,10.459626,-0.227916,10.464362,91.248016,88.810677,1,2,3,4
24.1943054,0.0024509,0.24347,10.392627,-0.170489,10.396876,90.939583,88.657967,1,2,3,4
24.1967564,0.002451,0.229113,10.416555,-0.132203,10.419913,90.726967,88.739983,1,2,3,4
24.1992092,0.0024528,0.219541,10.435698,-0.144168,10.439002,90.791306,88.794815,1,2,3,4
24.2016602,0.002451,0.224327,10.442876,-0.134596,10.446153,90.738266,88.769402,1,2,3,4
24.2041111,0.0024509,0.224327,10.426126,-0.050847,10.428663,90.279358,88.767426,1,2,3,4
24.206562,0.0024509,0.212363,10.421341,-0.029312,10.423546,90.161125,88.832603,1,2,3,4
24.2090168,0.0024548,0.221934,10.435698,-0.034098,10.438113,90.187164,88.781685,1,2,3,4
24.2114677,0.0024509,0.245863,10.440483,-0.007777,10.44338,90.042664,88.650993,1,2,3,4
24.2139187,0.002451,0.200399,10.447661,-0.050847,10.449707,90.278801,88.901131,1,2,3,4
24.2163696,0.0024509,0.212363,10.452448,-0.074776,10.454872,90.409798,88.836075,1,2,3,4
24.2188244,0.0024548,0.238684,10.442876,-0.043669,10.445695,90.239532,88.690666,1,2,3,4
24.2212753,0.0024509,0.238684,10.426126,-0.019741,10.428877,90.108452,88.68856,1,2,3,4
24.2237263,0.002451,0.265005,10.442876,-0.055633,10.446386,90.305138,88.546341,1,2,3,4
24.2261791,0.0024528,0.248255,10.452448,-0.108275,10.455956,90.59333,88.639427,1,2,3,4
24.228632,0.0024529,0.238684,10.41177,-0.134596,10.415376,90.740448,88.686752,1,2,3,4
24.2310829,0.0024509,0.233898,10.43809,-0.117847,10.441376,90.646683,88.716324,1,2,3,4
24.2335339,0.002451,0.253041,10.426126,-0.058026,10.429358,90.318779,88.609711,1,2,3,4
24.2359867,0.0024528,0.238684,10.423734,-0.062812,10.426656,90.345161,88.688263,1,2,3,4
24.2384377,0.002451,0.276969,10.39502,-0.089133,10.399091,90.491096,88.473747,1,2,3,4
24.2408886,0.0024509,0.248255,10.430912,-0.098704,10.434333,90.542,88.63662,1,2,3,4
24.2433434,0.0024548,0.22672,10.426126,-0.096311,10.429036,90.529129,88.75428,1,2,3,4
24.2457943,0.0024509,0.269791,10.39502,-0.105882,10.399059,90.583389,88.51329,1,2,3,4
24.2482452,0.0024509,0.267398,10.404591,-0.153739,10.409162,90.846268,88.527824,1,2,3,4
24.2506962,0.002451,0.241077,10.440483,-0.158524,10.444469,90.869659,88.677238,1,2,3,4
24.253149,0.0024528,0.267398,10.418948,-0.168096,10.423735,90.924004,88.529854,1,2,3,4
24.2556,0.002451,0.212363,10.385448,-0.125025,10.388371,90.689575,88.828575,1,2,3,4
24.2580528,0.0024528,0.269791,10.423734,-0.151346,10.428323,90.831558,88.51738,1,2,3,4
24.2605057,0.0024529,0.260219,10.442876,-0.115454,10.446755,90.633224,88.572578,1,2,3,4
24.2629566,0.0024509,0.221934,10.442876,-0.105882,10.44577,90.58078,88.782524,1,2,3,4
24.2654076,0.002451,0.245863,10.435698,-0.115454,10.439232,90.633682,88.650375,1,2,3,4
24.2678585,0.0024509,0.219541,10.457233,-0.14656,10.460564,90.80278,88.797295,1,2,3,4
24.2703114,0.0024529,0.236291,10.442876,-0.177667,10.44706,90.974442,88.703789,1,2,3,4
24.2727623,0.0024509,0.183649,10.457233,-0.187238,10.460522,91.02562,88.993881,1,2,3,4
24.2752132,0.0024509,0.205185,10.440483,-0.113061,10.44311,90.620316,88.874123,1,2,3,4
24.2776642,0.002451,0.221934,10.433305,-0.096311,10.43611,90.52877,88.781403,1,2,3,4
24.2801189,0.0024547,0.176471,10.478768,-0.129811,10.481058,90.709641,89.035187,1,2,3,4
24.2825699,0.002451,0.22672,10.450055,-0.16331,10.45379,90.895119,88.757133,1,2,3,4
24.2850208,0.0024509,0.241077,10.478768,-0.127418,10.482316,90.69648,88.682076,1,2,3,4
24.2874737,0.0024529,0.253041,10.464412,-0.144168,10.468464,90.789078,88.614792,1,2,3,4
24.2899246,0.0024509,0.291326,10.445269,-0.148953,10.450392,90.816689,88.40239,1,2,3,4
24.2923775,0.0024529,0.238684,10.466805,-0.120239,10.470216,90.657997,88.693657,1,2,3,4
24.2948303,0.0024528,0.250648,10.430912,-0.136989,10.434822,90.752205,88.623482,1,2,3,4
24.2972813,0.002451,0.22672,10.433305,-0.144168,10.436764,90.791473,88.755135,1,2,3,4
24.2997322,0.0024509,0.217149,10.428519,-0.10349,10.431293,90.568443,88.807129,1,2,3,4
24.3021832,0.002451,0.236291,10.457233,-0.058026,10.460063,90.317841,88.705566,1,2,3,4
24.3046379,0.0024547,0.245863,10.464412,-0.06999,10.467534,90.383102,88.654076,1,2,3,4
24.3070889,0.002451,0.22672,10.390234,-0.096311,10.393153,90.530952,88.749977,1,2,3,4
24.3095398,0.0024509,0.219541,10.452448,-0.122632,10.455472,90.672035,88.796745,1,2,3,4
24.3119907,0.0024509,0.229113,10.430912,-0.074776,10.433696,90.410629,88.741714,1,2,3,4
24.3144455,0.0024548,0.19322,10.454841,-0.019741,10.456645,90.10817,88.941216,1,2,3,4
24.3168964,0.0024509,0.221934,10.418948,-0.026919,10.421347,90.148003,88.779724,1,2,3,4
24.3193474,0.002451,0.224327,10.428519,-0.017348,10.430946,90.095291,88.767708,1,2,3,4
24.3218021,0.0024547,0.231506,10.442876,-0.06999,10.445676,90.383904,88.730034,1,2,3,4
24.3242531,0.002451,0.238684,10.414163,-0.031705,10.416945,90.174385,88.687057,1,2,3,4
24.326704,0.0024509,0.274576,10.418948,0.00658,10.422568,89.963829,88.490402,1,2,3,4
24.329155,0.002451,0.262612,10.406984,0.001795,10.410297,89.99012,88.554489,1,2,3,4
24.3316097,0.0024547,0.279362,10.41177,-0.084347,10.415858,90.463982,88.463043,1,2,3,4
24.3340607,0.002451,0.24347,10.421341,-0.125025,10.424934,90.687157,88.661667,1,2,3,4
24.3365116,0.0024509,0.219541,10.41177,-0.093918,10.414508,90.516701,88.792046,1,2,3,4
24.3389645,0.0024529,0.267398,10.433305,-0.074776,10.436999,90.4105,88.531876,1,2,3,4
24.3414154,0.0024509,0.248255,10.414163,-0.058026,10.417282,90.319145,88.63443,1,2,3,4
24.3438663,0.0024509,0.238684,10.416555,-0.043669,10.419381,90.240135,88.687363,1,2,3,4
24.3463211,0.0024548,0.217149,10.452448,-0.122632,10.455422,90.672043,88.80986,1,2,3,4
24.348772,0.0024509,0.236291,10.454841,-0.139382,10.458439,90.763618,88.705269,1,2,3,4
24.351223,0.002451,0.202792,10.445269,-0.160917,10.448476,90.882446,88.887756,1,2,3,4
24.3536739,0.0024509,0.219541,10.402198,-0.139382,10.405448,90.767502,88.790932,1,2,3,4
24.3561268,0.0024529,0.221934,10.402198,-0.141775,10.405531,90.780678,88.777763,1,2,3,4
24.3585796,0.0024528,0.257827,10.404591,-0.189631,10.409512,91.043823,88.580498,1,2,3,4
24.3610306,0.002451,0.224327,10.435698,-0.242273,10.44092,91.32962,88.768555,1,2,3,4
24.3634815,0.0024509,0.221934,10.423734,-0.206381,10.428139,91.134003,88.780289,1,2,3,4
24.3659344,0.0024529,0.231506,10.433305,-0.211167,10.438009,91.159203,88.728867,1,2,3,4
24.3683853,0.0024509,0.253041,10.402198,-0.184846,10.406917,91.017731,88.606514,1,2,3,4
24.3708363,0.002451,0.281755,10.414163,-0.184846,10.419613,91.016487,88.450241,1,2,3,4
24.373291,0.0024547,0.272184,10.447661,-0.249452,10.454183,91.367287,88.50766,1,2,3,4
24.375742,0.002451,0.248255,10.435698,-0.213559,10.440834,91.172028,88.637245,1,2,3,4
24.3781929,0.0024509,0.233898,10.430912,-0.158524,10.434738,90.870468,88.715439,1,2,3,4
24.3806438,0.0024509,0.279362,10.41177,-0.115454,10.416157,90.635086,88.463043,1,2,3,4
24.3830967,0.0024529,0.255434,10.442876,-0.096311,10.446444,90.528244,88.598816,1,2,3,4
24.3855495,0.0024528,0.288933,10.469197,-0.089133,10.473562,90.48761,88.419128,1,2,3,4
24.3880005,0.002451,0.245863,10.454841,-0.110668,10.458317,90.606308,88.652847,1,2,3,4
24.3904533,0.0024528,0.274576,10.390234,-0.081954,10.394184,90.451759,88.486229,1,2,3,4
24.3929062,0.0024529,0.24347,10.430912,-0.048455,10.433866,90.266083,88.662895,1,2,3,4
24.3953571,0.0024509,0.262612,10.445269,-0.048455,10.448682,90.265701,88.559784,1,2,3,4
24.3978081,0.002451,0.231506,10.414163,-0.089133,10.417117,90.49025,88.726532,1,2,3,4
24.4002628,0.0024547,0.205185,10.416555,-0.098704,10.419044,90.542793,88.871536,1,2,3,4
24.4027138,0.002451,0.221934,10.387841,-0.062812,10.390402,90.346367,88.77607,1,2,3,4
24.4051647,0.0024509,0.238684,10.392627,-0.05324,10.395504,90.293442,88.684341,1,2,3,4
24.4076195,0.0024548,0.24347,10.39502,0.020937,10.397892,89.884628,88.658279,1,2,3,4
24.4100704,0.0024509,0.248255,10.392627,-0.041276,10.395673,90.227493,88.631599,1,2,3,4
24.4125214,0.002451,0.190828,10.39502,-0.077169,10.397058,90.425262,88.948303,1,2,3,4
24.4149742,0.0024528,0.236291,10.356734,-0.072383,10.359682,90.40033,88.693008,1,2,3,4
24.4174271,0.0024529,0.267398,10.414163,-0.050847,10.417719,90.279655,88.529175,1,2,3,4
24.419878,0.0024509,0.207577,10.423734,-0.029312,10.425842,90.161087,88.859169,1,2,3,4
24.4223289,0.0024509,0.269791,10.414163,-0.014955,10.417667,90.082253,88.516022,1,2,3,4
24.4247818,0.0024529,0.207577,10.383056,-0.017348,10.385145,90.095711,88.854698,1,2,3,4
24.4272327,0.0024509,0.238684,10.359127,-0.077169,10.362164,90.426697,88.680084,1,2,3,4
24.4296856,0.0024529,0.279362,10.349556,-0.110668,10.353917,90.612419,88.453812,1,2,3,4
24.4321384,0.0024528,0.241077,10.385448,-0.117847,10.388914,90.649948,88.670235,1,2,3,4
24.4345894,0.002451,0.248255,10.387841,-0.110668,10.391397,90.610207,88.630966,1,2,3,4
24.4370403,0.0024509,0.217149,10.371092,-0.172881,10.374805,90.954796,88.800522,1,2,3,4
24.4394932,0.0024529,0.272184,10.347163,-0.189631,10.352479,91.049576,88.493172,1,2,3,4
24.441946,0.0024528,0.22672,10.392627,-0.23988,10.397866,91.321938,88.750267,1,2,3,4
24.444397,0.002451,0.257827,10.375877,-0.223131,10.381478,91.23156,88.576569,1,2,3,4
24.4468498,0.0024528,0.279362,10.399805,-0.259023,10.40678,91.426231,88.461281,1,2,3,4
24.4493027,0.0024529,0.20997,10.359127,-0.263809,10.364613,91.458496,88.838821,1,2,3,4
24.4517555,0.0024528,0.272184,10.373485,-0.278166,10.380782,91.535492,88.496994,1,2,3,4
24.4542065,0.002451,0.248255,10.349556,-0.278166,10.35627,91.539131,88.625908,1,2,3,4
24.4566612,0.0024547,0.257827,10.397412,-0.278166,10.404327,91.532021,88.579514,1,2,3,4
24.4591122,0.002451,0.265005,10.399805,-0.213559,10.405373,91.176018,88.540321,1,2,3,4
24.4615631,0.0024509,0.188435,10.392627,-0.182453,10.395936,91.005615,88.96125,1,2,3,4
24.464016,0.0024529,0.221934,10.332807,-0.18006,10.336759,90.998108,88.769554,1,2,3,4
24.4664688,0.0024528,0.265005,10.339985,-0.184846,10.345032,91.023819,88.531876,1,2,3,4
24.4689198,0.002451,0.236291,10.354342,-0.153739,10.358178,90.850433,88.692711,1,2,3,4
24.4713707,0.0024509,0.205185,10.423734,-0.108275,10.426315,90.595016,88.872314,1,2,3,4
24.4738216,0.0024509,0.229113,10.354342,-0.117847,10.357546,90.651917,88.732414,1,2,3,4
24.4762764,0.0024548,0.236291,10.351949,-0.134596,10.35552,90.744728,88.692406,1,2,3,4
24.4787273,0.0024509,0.274576,10.347163,-0.10349,10.351323,90.572838,88.479935,1,2,3,4
24.4811802,0.0024529,0.279362,10.399805,-0.08674,10.403918,90.477692,88.461281,1,2,3,4
24.483633,0.0024528,0.276969,10.428519,-0.031705,10.432245,90.174126,88.478645,1,2,3,4
24.486084,0.002451,0.214756,10.347163,-0.010169,10.349397,90.056297,88.810997,1,2,3,4
24.4885349,0.0024509,0.207577,10.363914,-0.101097,10.366486,90.558769,88.852585,1,2,3,4
24.4909897,0.0024548,0.245863,10.390234,-0.129811,10.393953,90.715591,88.64447,1,2,3,4
24.4934406,0.0024509,0.253041,10.366306,-0.058026,10.369556,90.320618,88.601692,1,2,3,4
24.4958916,0.002451,0.260219,10.375877,0.02333,10.379166,89.871208,88.563362,1,2,3,4
24.4983425,0.0024509,0.274576,10.409377,0.020937,10.413019,89.884796,88.489014,1,2,3,4
24.5007973,0.0024548,0.238684,10.380663,-0.06999,10.383642,90.3862,88.682823,1,2,3,4
24.5032482,0.0024509,0.257827,10.356734,-0.108275,10.360509,90.598793,88.573936,1,2,3,4
24.5056992,0.002451,0.250648,10.34477,-0.055633,10.347957,90.308037,88.612022,1,2,3,4
24.508152,0.0024528,0.269791,10.371092,0.004187,10.374601,89.976875,88.509857,1,2,3,4
24.5106049,0.0024529,0.260219,10.416555,0.004187,10.419806,89.976974,88.56897,1,2,3,4
24.5130558,0.0024509,0.257827,10.356734,-0.081954,10.360268,90.453239,88.573936,1,2,3,4
24.5155067,0.0024509,0.238684,10.337592,-0.187238,10.342042,91.037376,88.677338,1,2,3,4
24.5179596,0.0024529,0.281755,10.356734,-0.136989,10.361472,90.75753,88.44165,1,2,3,4
24.5204105,0.0024509,0.221934,10.375877,-0.072383,10.378503,90.399605,88.774658,1,2,3,4
24.5228615,0.002451,0.200399,10.390234,0.030508,10.392211,89.831795,88.895058,1,2,3,4
24.5253124,0.0024509,0.214756,10.371092,-0.007777,10.373318,90.042953,88.813736,1,2,3,4
24.5277672,0.0024548,0.205185,10.36152,-0.139382,10.364489,90.770538,88.865547,1,2,3,4
24.5302181,0.0024509,0.219541,10.404591,-0.275773,10.41056,91.517929,88.791214,1,2,3,4
24.5326691,0.002451,0.245863,10.404591,-0.144168,10.408494,90.793625,88.646339,1,2,3,4
24.5351219,0.0024528,0.262612,10.414163,-0.034098,10.417528,90.187538,88.555489,1,2,3,4
24.5375729,0.002451,0.233898,10.380663,-0.017348,10.383312,90.095726,88.709221,1,2,3,4
24.5400257,0.0024528,0.253041,10.36152,-0.175274,10.366092,90.968826,88.601044,1,2,3,4
24.5424786,0.0024529,0.272184,10.404591,-0.259023,10.411373,91.425598,88.501488,1,2,3,4
24.5449295,0.0024509,0.257827,10.404591,-0.259023,10.411008,91.425652,88.580498,1,2,3,4
24.5473824,0.0024529,0.229113,10.392627,-0.144168,10.396152,90.794571,88.737076,1,2,3,4
24.5498333,0.0024509,0.269791,10.37827,-0.084347,10.382119,90.465492,88.510887,1,2,3,4
24.5522861,0.0024528,0.276969,10.423734,-0.148953,10.428476,90.818405,88.477951,1,2,3,4
24.5547371,0.002451,0.296112,10.426126,-0.263809,10.433666,91.448845,88.373184,1,2,3,4
24.557188,0.0024509,0.281755,10.426126,-0.304487,10.434377,91.672195,88.452019,1,2,3,4
24.559639,0.002451,0.257827,10.426126,-0.232702,10.43191,91.278191,88.583427,1,2,3,4
24.5620937,0.0024547,0.286541,10.428519,-0.096311,10.432899,90.528931,88.426102,1,2,3,4
24.5645447,0.002451,0.296112,10.373485,-0.084347,10.378053,90.465675,88.364929,1,2,3,4
24.5669975,0.0024528,0.262612,10.39502,-0.244666,10.401215,91.347885,88.552826,1,2,3,4
24.5694504,0.0024529,0.288933,10.404591,-0.294915,10.412779,91.622971,88.409317,1,2,3,4
24.5719013,0.0024509,0.250648,10.41177,-0.223131,10.417176,91.227341,88.620956,1,2,3,4
24.5743542,0.0024529,0.255434,10.399805,-0.079561,10.403246,90.438187,88.593018,1,2,3,4
24.576807,0.0024528,0.298505,10.351949,-0.002991,10.356252,90.016548,88.348297,1,2,3,4
24.579258,0.002451,0.262612,10.392627,-0.055633,10.396093,90.30661,88.552498,1,2,3,4
24.5817108,0.0024528,0.229113,10.421341,-0.110668,10.424446,90.608276,88.740555,1,2,3,4
24.5841618,0.002451,0.245863,10.464412,-0.041276,10.467381,90.225937,88.654076,1,2,3,4
24.5866146,0.0024528,0.269791,10.428519,0.047258,10.432116,89.740448,88.518059,1,2,3,4
24.5890656,0.002451,0.274576,10.426126,0.052044,10.429872,89.714096,88.49144,1,2,3,4
24.5915165,0.0024509,0.279362,10.41177,-0.002991,10.415518,90.016457,88.463043,1,2,3,4
24.5939693,0.0024528,0.274576,10.457233,-0.038883,10.46091,90.212967,88.495926,1,2,3,4
24.5964203,0.002451,0.255434,10.447661,-0.038883,10.450855,90.213173,88.599457,1,2,3,4
24.5988712,0.0024509,0.257827,10.466805,-0.067597,10.470198,90.369911,88.588928,1,2,3,4
24.6013241,0.0024529,0.253041,10.430912,-0.000598,10.433981,90.003288,88.610352,1,2,3,4
24.6037769,0.0024528,0.286541,10.397412,-0.017348,10.401375,90.095558,88.421394,1,2,3,4
24.6062279,0.002451,0.279362,10.428519,0.008973,10.432264,89.950722,88.465515,1,2,3,4
24.6086807,0.0024528,0.260219,10.440483,0.052044,10.443855,89.714485,88.57225,1,2,3,4
24.6111336,0.0024529,0.274576,10.43809,0.020937,10.441722,89.885117,88.493172,1,2,3,4
24.6135845,0.0024509,0.279362,10.435698,-0.065204,10.43964,90.357864,88.466568,1,2,3,4
24.6160355,0.002451,0.30329,10.435698,-0.108275,10.440665,90.5942,88.335297,1,2,3,4
24.6184864,0.0024509,0.24347,10.462019,-0.060419,10.465026,90.330795,88.66687,1,2,3,4
24.6209393,0.0024529,0.272184,10.442876,-0.074776,10.44669,90.410118,88.506981,1,2,3,4
24.6233902,0.0024509,0.267398,10.445269,-0.115454,10.449328,90.633072,88.533554,1,2,3,4
24.625843,0.0024528,0.241077,10.43809,-0.194417,10.442684,91.066765,88.676941,1,2,3,4
24.6282959,0.0024529,0.269791,10.428519,-0.237488,10.434711,91.304131,88.518059,1,2,3,4
24.6307468,0.0024509,0.236291,10.433305,-0.237488,10.438683,91.303635,88.702599,1,2,3,4
24.6331978,0.002451,0.250648,10.483554,-0.029312,10.486591,90.160156,88.630394,1,2,3,4
24.6356487,0.0024509,0.245863,10.421341,-0.005384,10.424242,90.029594,88.648514,1,2,3,4
24.6381016,0.0024529,0.274576,10.397412,-0.189631,10.402766,91.044495,88.487274,1,2,3,4
24.6405544,0.0024528,0.265005,10.421341,-0.316451,10.429512,91.738724,88.543335,1,2,3,4
24.6430035,0.0024491,0.245863,10.418948,-0.282951,10.425689,91.555191,88.648209,1,2,3,4
24.6454544,0.0024509,0.241077,10.399805,-0.105882,10.403137,90.58316,88.672073,1,2,3,4
24.6479092,0.0024548,0.276969,10.426126,-0.022134,10.429829,90.12159,88.478302,1,2,3,4
24.6503601,0.0024509,0.272184,10.399805,-0.062812,10.403556,90.345924,88.500801,1,2,3,4
24.6528111,0.002451,0.262612,10.418948,-0.208774,10.424348,91.147568,88.556152,1,2,3,4
24.6552658,0.0024547,0.231506,10.426126,-0.242273,10.43151,91.330826,88.727989,1,2,3,4
24.6577168,0.002451,0.255434,10.428519,-0.160917,10.432888,90.883766,88.596893,1,2,3,4
24.6601677,0.0024509,0.269791,10.459626,-0.005384,10.463106,90.02948,88.522469,1,2,3,4
24.6626186,0.0024509,0.276969,10.450055,-0.002991,10.453725,90.016396,88.481781,1,2,3,4
24.6650715,0.0024529,0.265005,10.433305,-0.089133,10.437051,90.489311,88.545006,1,2,3,4
24.6675243,0.0024528,0.257827,10.435698,-0.201595,10.440828,91.106354,88.584724,1,2,3,4
24.6699753,0.002451,0.255434,10.445269,-0.156132,10.449558,90.856117,88.599136,1,2,3,4
24.6724281,0.0024528,0.279362,10.433305,-0.048455,10.437157,90.265999,88.466217,1,2,3,4
24.6748791,0.002451,0.267398,10.406984,-0.048455,10.410532,90.266678,88.52816,1,2,3,4
24.67733,0.0024509,0.284148,10.41177,-0.081954,10.415969,90.450813,88.436729,1,2,3,4
24.679781,0.002451,0.257827,10.423734,-0.136989,10.427822,90.752708,88.583099,1,2,3,4
24.6822338,0.0024528,0.219541,10.402198,-0.125025,10.405265,90.688454,88.790932,1,2,3,4
24.6846867,0.0024529,0.241077,10.39502,-0.046062,10.397917,90.253815,88.671455,1,2,3,4
24.6871376,0.0024509,0.274576,10.375877,0.00658,10.379512,89.963676,88.484138,1,2,3,4
24.6895905,0.0024529,0.281755,10.397412,0.013759,10.401238,89.92421,88.447746,1,2,3,4
24.6920433,0.0024528,0.260219,10.380663,-0.031705,10.383972,90.174942,88.564026,1,2,3,4
24.6944942,0.0024509,0.22672,10.414163,-0.046062,10.416732,90.253357,88.752846,1,2,3,4
24.6969452,0.002451,0.224327,10.375877,-0.034098,10.378358,90.18824,88.761452,1,2,3,4
24.6993999,0.0024547,0.260219,10.402198,0.025723,10.405484,89.85836,88.567001,1,2,3,4
24.7018509,0.002451,0.281755,10.416555,0.013759,10.420374,89.924347,88.4506,1,2,3,4
24.7043018,0.0024509,0.265005,10.387841,-0.026919,10.391255,90.14843,88.538643,1,2,3,4
24.7067547,0.0024529,0.212363,10.414163,-0.081954,10.41665,90.450783,88.831802,1,2,3,4
24.7092056,0.0024509,0.265005,10.402198,-0.101097,10.406064,90.556648,88.540657,1,2,3,4
24.7116585,0.0024529,0.262612,10.423734,-0.125025,10.427791,90.686966,88.556816,1,2,3,4
24.7141094,0.0024509,0.267398,10.409377,-0.129811,10.41362,90.714233,88.528496,1,2,3,4
24.7165642,0.0024548,0.255434,10.399805,-0.156132,10.404113,90.859856,88.593018,1,2,3,4
24.7190151,0.0024509,0.241077,10.414163,-0.19681,10.418812,91.082375,88.673897,1,2,3,4
24.7214661,0.002451,0.22672,10.423734,-0.158524,10.427404,90.871086,88.75399,1,2,3,4
24.7239208,0.0024547,0.274576,10.430912,-0.14656,10.435555,90.80471,88.492134,1,2,3,4
24.7263718,0.002451,0.212363,10.406984,-0.144168,10.410149,90.793503,88.830994,1,2,3,4
24.7288227,0.0024509,0.217149,10.402198,-0.177667,10.405981,90.978287,88.804108,1,2,3,4
24.7312737,0.002451,0.221934,10.390234,-0.235095,10.395263,91.295891,88.776352,1,2,3,4
24.7337265,0.0024528,0.20997,10.380663,-0.244666,10.385669,91.349899,88.841232,1,2,3,4
24.7361794,0.0024529,0.250648,10.380663,-0.213559,10.385884,91.178223,88.616821,1,2,3,4
24.7386303,0.0024509,0.274576,10.421341,-0.235095,10.427608,91.29187,88.490746,1,2,3,4
24.7410831,0.0024528,0.236291,10.402198,-0.227916,10.407377,91.254852,88.698723,1,2,3,4
24.7435341,0.002451,0.202792,10.368699,-0.261416,10.373976,91.443962,88.879547,1,2,3,4
24.7459869,0.0024528,0.241077,10.41177,-0.270987,10.418085,91.490501,88.673592,1,2,3,4
24.7484398,0.0024529,0.272184,10.392627,-0.244666,10.399069,91.34816,88.499763,1,2,3,4
24.7508907,0.0024509,0.274576,10.406984,-0.215952,10.412846,91.188347,88.48867,1,2,3,4
24.7533417,0.002451,0.293719,10.397412,-0.208774,10.403655,91.149849,88.381866,1,2,3,4
24.7557926,0.0024509,0.212363,10.37827,-0.218345,10.382739,91.204994,88.827759,1,2,3,4
24.7582455,0.0024529,0.236291,10.385448,-0.194417,10.389955,91.072182,88.696625,1,2,3,4
24.7606964,0.0024509,0.236291,10.399805,-0.153739,10.403625,90.846718,88.698425,1,2,3,4
24.7631474,0.002451,0.276969,10.39502,-0.084347,10.399052,90.464729,88.473747,1,2,3,4
24.7656002,0.0024528,0.236291,10.41177,-0.029312,10.414493,90.161263,88.699913,1,2,3,4
24.7680531,0.0024529,0.212363,10.402198,-0.022134,10.404388,90.121887,88.83046,1,2,3,4
24.770504,0.0024509,0.229113,10.387841,-0.005384,10.390368,90.029686,88.736496,1,2,3,4
24.7729568,0.0024528,0.24347,10.399805,-0.041276,10.402737,90.227341,88.658897,1,2,3,4
24.7754097,0.0024529,0.207577,10.409377,-0.029312,10.411489,90.161308,88.857597,1,2,3,4
24.7778606,0.0024509,0.248255,10.397412,-0.000598,10.400375,90.003296,88.632225,1,2,3,4
24.7803135,0.0024529,0.229113,10.428519,-0.000598,10.431036,90.003288,88.741425,1,2,3,4
24.7827644,0.0024509,0.219541,10.406984,-0.048455,10.409412,90.266708,88.791489,1,2,3,4
24.7852192,0.0024548,0.257827,10.426126,-0.041276,10.429396,90.226761,88.583427,1,2,3,4
24.7876701,0.0024509,0.272184,10.428519,-0.077169,10.432356,90.42382,88.504921,1,2,3,4
24.7901211,0.002451,0.245863,10.406984,-0.058026,10.410049,90.319366,88.646652,1,2,3,4
24.7925739,0.0024528,0.241077,10.409377,-0.050847,10.412292,90.2798,88.673294,1,2,3,4
24.7950268,0.0024529,0.233898,10.397412,-0.096311,10.400489,90.530579,88.711304,1,2,3,4
24.7974777,0.0024509,0.229113,10.421341,-0.158524,10.425064,90.871277,88.740555,1,2,3,4
24.7999306,0.0024529,0.245863,10.409377,-0.160917,10.413524,90.885414,88.646965,1,2,3,4
24.8023815,0.0024509,0.231506,10.39502,-0.055633,10.397746,90.306564,88.72419,1,2,3,4
24.8048325,0.002451,0.245863,10.399805,-0.084347,10.403053,90.464554,88.645721,1,2,3,4
24.8072853,0.0024528,0.233898,10.39502,-0.156132,10.398823,90.860291,88.711006,1,2,3,4
24.8097382,0.0024529,0.198006,10.392627,-0.199202,10.396421,91.097893,88.908501,1,2,3,4
24.8121891,0.0024509,0.272184,10.409377,-0.218345,10.415224,91.201241,88.502174,1,2,3,4
24.814642,0.0024529,0.260219,10.399805,-0.16331,10.404342,90.899368,88.566666,1,2,3,4
24.8170948,0.0024528,0.22672,10.397412,-0.125025,10.400636,90.688766,88.750839,1,2,3,4
24.8195457,0.0024509,0.233898,10.363914,-0.177667,10.368075,90.981865,88.707138,1,2,3,4
24.8219967,0.002451,0.245863,10.368699,-0.230309,10.37417,91.272087,88.641655,1,2,3,4
24.8244476,0.0024509,0.267398,10.383056,-0.237488,10.389214,91.309845,88.524773,1,2,3,4
24.8269024,0.0024548,0.272184,10.383056,-0.177667,10.388142,90.979973,88.498383,1,2,3,4
24.8293533,0.0024509,0.296112,10.356734,-0.105882,10.361507,90.585503,88.362289,1,2,3,4
24.8318043,0.002451,0.186042,10.387841,-0.101097,10.389999,90.55751,88.973969,1,2,3,4
24.8342571,0.0024528,0.260219,10.37827,-0.213559,10.383728,91.178467,88.563698,1,2,3,4
24.83671,0.0024529,0.255434,10.399805,-0.230309,10.405491,91.268257,88.593018,1,2,3,4
24.8391609,0.0024509,0.260219,10.433305,-0.158524,10.437754,90.870216,88.571266,1,2,3,4
24.8416119,0.002451,0.238684,10.421341,-0.096311,10.424519,90.529358,88.687965,1,2,3,4
24.8440647,0.0024528,0.214756,10.418948,-0.029312,10.421203,90.161156,88.819183,1,2,3,4
24.8465176,0.0024529,0.24347,10.423734,-0.127418,10.427356,90.70015,88.661972,1,2,3,4
24.8489685,0.0024509,0.195613,10.409377,-0.120239,10.411909,90.661682,88.923424,1,2,3,4
24.8514214,0.0024529,0.231506,10.409377,-0.093918,10.412374,90.516808,88.725945,1,2,3,4
24.8538742,0.0024528,0.183649,10.435698,-0.010169,10.437319,90.055824,88.991806,1,2,3,4
24.8563251,0.0024509,0.219541,10.399805,0.061615,10.402305,89.660622,88.790657,1,2,3,4
24.8587761,0.002451,0.250648,10.347163,-0.024526,10.350228,90.135773,88.61235,1,2,3,4
24.8612289,0.0024528,0.265005,10.373485,-0.029312,10.37691,90.161842,88.536621,1,2,3,4
24.8636799,0.002451,0.214756,10.404591,-0.05324,10.406943,90.293121,88.817558,1,2,3,4
24.8661327,0.0024528,0.219541,10.426126,-0.019741,10.428456,90.108459,88.793709,1,2,3,4
24.8685856,0.0024529,0.255434,10.402198,-0.010169,10.405338,90.056,88.593338,1,2,3,4
24.8710365,0.0024509,0.267398,10.418948,-0.026919,10.422414,90.147987,88.529854,1,2,3,4
24.8734894,0.0024529,0.293719,10.41177,-0.101097,10.416403,90.556091,88.384102,1,2,3,4
24.8759403,0.0024509,0.286541,10.402198,-0.098704,10.406611,90.543442,88.422119,1,2,3,4
24.8783932,0.0024529,0.257827,10.39502,-0.101097,10.398708,90.557045,88.579193,1,2,3,4
24.8808441,0.0024509,0.224327,10.392627,-0.125025,10.3958,90.689087,88.763451,1,2,3,4
24.883297,0.0024529,0.24347,10.375877,-0.115454,10.379375,90.637337,88.6558,1,2,3,4
24.8857498,0.0024528,0.253041,10.375877,-0.117847,10.379631,90.650528,88.602982,1,2,3,4
24.8882008,0.002451,0.245863,10.416555,-0.132203,10.420295,90.726936,88.647896,1,2,3,4
24.8906536,0.0024528,0.233898,10.39502,-0.065204,10.397856,90.359299,88.711006,1,2,3,4
24.8931046,0.002451,0.217149,10.450055,-0.101097,10.4528,90.554161,88.809586,1,2,3,4
24.8955593,0.0024547,0.198006,10.402198,-0.110668,10.404671,90.609428,88.909508,1,2,3,4
24.8980103,0.002451,0.231506,10.409377,-0.153739,10.413086,90.845947,88.725945,1,2,3,4
24.9004612,0.0024509,0.238684,10.416555,-0.184846,10.420929,91.016357,88.687363,1,2,3,4
24.902914,0.0024528,0.255434,10.500304,-0.125025,10.504154,90.681976,88.606476,1,2,3,4
24.9053669,0.0024529,0.250648,10.466805,-0.125025,10.470551,90.684166,88.628204,1,2,3,4
24.9078178,0.0024509,0.238684,10.414163,-0.129811,10.417706,90.713959,88.687057,1,2,3,4
24.9102707,0.0024529,0.221934,10.416555,-0.160917,10.420162,90.88485,88.779442,1,2,3,4
24.9127216,0.0024509,0.202792,10.421341,-0.144168,10.424311,90.792419,88.885208,1,2,3,4
24.9151745,0.0024529,0.241077,10.414163,-0.139382,10.417885,90.766586,88.673897,1,2,3,4
24.9176254,0.0024509,0.233898,10.459626,-0.074776,10.462508,90.4095,88.718964,1,2,3,4
24.9200783,0.0024529,0.198006,10.385448,-0.122632,10.38806,90.676399,88.907745,1,2,3,4
24.9225292,0.0024509,0.272184,10.390234,-0.16331,10.395082,90.900169,88.49942,1,2,3,4
24.9249821,0.0024529,0.221934,10.41177,-0.187238,10.415818,91.030022,88.778885,1,2,3,4
24.9274368,0.0024547,0.233898,10.41177,-0.175274,10.415872,90.964195,88.713081,1,2,3,4
24.9298878,0.002451,0.250648,10.423734,-0.158524,10.427952,90.87104,88.622536,1,2,3,4
24.9323406,0.0024528,0.236291,10.426126,-0.189631,10.430528,91.041718,88.701706,1,2,3,4
24.9347916,0.002451,0.221934,10.442876,-0.194417,10.447043,91.066322,88.782524,1,2,3,4
24.9372444,0.0024528,0.207577,10.404591,-0.189631,10.408389,91.04393,88.857071,1,2,3,4
24.9396954,0.002451,0.198006,10.435698,-0.225524,10.440012,91.237793,88.913002,1,2,3,4
24.9421482,0.0024528,0.24347,10.435698,-0.170489,10.43993,90.935707,88.663506,1,2,3,4
24.9446011,0.0024529,0.255434,10.43809,-0.14656,10.442244,90.804192,88.598175,1,2,3,4
24.9470539,0.0024528,0.24347,10.409377,-0.132203,10.413064,90.72744,88.660126,1,2,3,4
24.9495049,0.002451,0.233898,10.450055,-0.115454,10.45331,90.632828,88.717789,1,2,3,4
24.9519577,0.0024528,0.260219,10.416555,-0.079561,10.420109,90.437477,88.56897,1,2,3,4
24.9544106,0.0024529,0.257827,10.406984,-0.029312,10.410219,90.161331,88.580826,1,2,3,4
24.9568615,0.0024509,0.238684,10.418948,0.016152,10.421694,89.911201,88.68766,1,2,3,4
24.9593124,0.0024509,0.241077,10.433305,-0.038883,10.436162,90.213478,88.676331,1,2,3,4
24.9617672,0.0024548,0.238684,10.416555,-0.067597,10.419509,90.371712,88.687363,1,2,3,4
24.9642181,0.0024509,0.248255,10.445269,-0.014955,10.448229,90.082008,88.638496,1,2,3,4
24.9666691,0.002451,0.255434,10.406984,0.02333,10.410145,89.871597,88.593987,1,2,3,4
24.9691238,0.0024547,0.236291,10.416555,-0.034098,10.419291,90.187508,88.700516,1,2,3,4
24.9715748,0.002451,0.245863,10.450055,-0.031705,10.452995,90.173782,88.652229,1,2,3,4
24.9740257,0.0024509,0.255434,10.440483,-0.038883,10.44368,90.213318,88.598495,1,2,3,4
24.9764767,0.002451,0.229113,10.442876,-0.08674,10.445749,90.475777,88.743156,1,2,3,4
24.9789314,0.0024547,0.224327,10.428519,-0.081954,10.431253,90.450157,88.767708,1,2,3,4
24.9813824,0.002451,0.236291,10.428519,-0.06999,10.431431,90.38443,88.702003,1,2,3,4
24.9838333,0.0024509,0.245863,10.418948,-0.098704,10.422316,90.542625,88.648209,1,2,3,4
24.9862881,0.0024548,0.22672,10.404591,-0.117847,10.407727,90.648773,88.751701,1,2,3,4
24.988739,0.0024509,0.241077,10.426126,-0.168096,10.430268,90.923424,88.675423,1,2,3,4
24.99119,0.002451,0.233898,10.423734,-0.160917,10.4276,90.884216,88.714554,1,2,3,4
24.9936409,0.0024509,0.214756,10.445269,-0.132203,10.448313,90.724991,88.822159,1,2,3,4
24.9960957,0.0024548,0.276969,10.423734,-0.110668,10.428,90.60807,88.477951,1,2,3,4
24.9985466,0.0024509,0.279362,10.399805,-0.079561,10.403861,90.438164,88.461281,1,2,3,4
25.0009975,0.0024509,0.217149,10.383056,-0.156132,10.386499,90.861313,88.801903,1,2,3,4
25.0034504,0.0024529,0.245863,10.387841,-0.194417,10.392569,91.071915,88.644157,1,2,3,4
25.0059032,0.0024528,0.267398,10.447661,-0.194417,10.45289,91.065727,88.53389,1,2,3,4
25.0083542,0.002451,0.250648,10.418948,-0.184846,10.423602,91.016098,88.621902,1,2,3,4
25.0108051,0.0024509,0.236291,10.418948,-0.165703,10.422944,90.910919,88.700813,1,2,3,4
25.013258,0.0024529,0.248255,10.435698,-0.144168,10.439646,90.79126,88.637245,1,2,3,4
25.0157108,0.0024528,0.238684,10.447661,-0.127418,10.451164,90.698555,88.691269,1,2,3,4
25.0181618,0.002451,0.245863,10.43809,-0.170489,10.442377,90.935486,88.650681,1,2,3,4
25.0206146,0.0024528,0.245863,10.406984,-0.172881,10.411324,90.951447,88.646652,1,2,3,4
25.0230656,0.002451,0.241077,10.402198,-0.110668,10.40558,90.609375,88.672379,1,2,3,4
25.0255165,0.0024509,0.224327,10.392627,-0.127418,10.395828,90.702271,88.763451,1,2,3,4
25.0279713,0.0024548,0.20997,10.459626,-0.132203,10.462569,90.723999,88.849976,1,2,3,4
25.0304222,0.0024509,0.250648,10.402198,-0.115454,10.405858,90.635712,88.619682,1,2,3,4
25.0328732,0.002451,0.214756,10.39502,-0.093918,10.397662,90.51754,88.816467,1,2,3,4
25.0353241,0.0024509,0.207577,10.406984,-0.067597,10.409274,90.372078,88.85733,1,2,3,4
25.0377769,0.0024528,0.214756,10.37827,-0.072383,10.380744,90.399513,88.81456,1,2,3,4
25.0402279,0.002451,0.183649,10.387841,-0.026919,10.3895,90.148453,88.98716,1,2,3,4
25.0426807,0.0024528,0.214756,10.43809,-0.014955,10.44031,90.082069,88.82135,1,2,3,4
25.0451317,0.002451,0.224327,10.409377,-0.019741,10.411813,90.108635,88.765442,1,2,3,4
25.0475845,0.0024528,0.288933,10.409377,-0.010169,10.413391,90.055954,88.410049,1,2,3,4
25.0500374,0.0024529,0.219541,10.418948,-0.062812,10.42145,90.345329,88.792877,1,2,3,4
25.0524883,0.0024509,0.245863,10.37827,-0.058026,10.381344,90.320251,88.642906,1,2,3,4
25.0549431,0.0024548,0.255434,10.39502,-0.089133,10.39854,90.491127,88.592369,1,2,3,4
25.057394,0.0024509,0.267398,10.404591,-0.134596,10.408896,90.740906,88.527824,1,2,3,4
25.059845,0.002451,0.272184,10.414163,-0.081954,10.418041,90.450722,88.502861,1,2,3,4
25.0622997,0.0024547,0.233898,10.39502,-0.038883,10.397723,90.214264,88.711006,1,2,3,4
25.0647507,0.002451,0.20997,10.368699,-0.10349,10.371342,90.571732,88.839897,1,2,3,4
25.0672035,0.0024528,0.269791,10.416555,-0.144168,10.421045,90.792671,88.516357,1,2,3,4
25.0696545,0.002451,0.238684,10.380663,-0.187238,10.385095,91.033073,88.682823,1,2,3,4
25.0721092,0.0024547,0.214756,10.380663,-0.156132,10.384058,90.861519,88.814827,1,2,3,4
25.0745602,0.002451,0.207577,10.37827,-0.060419,10.380522,90.333488,88.854172,1,2,3,4
25.0770111,0.0024509,0.221934,10.368699,-0.067597,10.371294,90.373444,88.773811,1,2,3,4
25.079464,0.0024529,0.214756,10.375877,-0.072383,10.378352,90.399605,88.814285,1,2,3,4
25.0819168,0.0024528,0.265005,10.397412,-0.098704,10.401258,90.543724,88.539986,1,2,3,4
25.0843678,0.002451,0.250648,10.399805,-0.093918,10.403249,90.517258,88.61937,1,2,3,4
25.0868187,0.0024509,0.20997,10.421341,-0.122632,10.424177,90.674057,88.845757,1,2,3,4
25.0892715,0.0024528,0.255434,10.445269,-0.177667,10.449902,90.974174,88.599136,1,2,3,4
25.0917244,0.0024529,0.250648,10.428519,-0.139382,10.432462,90.765518,88.623169,1,2,3,4
25.0941753,0.0024509,0.267398,10.406984,-0.148953,10.411485,90.81974,88.52816,1,2,3,4
25.0966282,0.0024529,0.284148,10.421341,-0.136989,10.426114,90.752831,88.438164,1,2,3,4
25.0990791,0.0024509,0.250648,10.383056,-0.203988,10.388083,91.125175,88.617142,1,2,3,4
25.101532,0.0024529,0.24347,10.416555,-0.235095,10.422052,91.292557,88.661049,1,2,3,4
25.1039848,0.0024528,0.221934,10.380663,-0.211167,10.385182,91.1651,88.775223,1,2,3,4
25.1064358,0.002451,0.224327,10.368699,-0.168096,10.372488,90.928574,88.760597,1,2,3,4
25.1088886,0.0024528,0.224327,10.368699,-0.151346,10.37223,90.83606,88.760597,1,2,3,4
25.1113396,0.002451,0.229113,10.366306,-0.165703,10.370162,90.915558,88.733871,1,2,3,4
25.1137924,0.0024528,0.236291,10.385448,-0.208774,10.390234,91.151337,88.696625,1,2,3,4
25.1162453,0.0024529,0.186042,10.387841,-0.199202,10.391417,91.098419,88.973969,1,2,3,4
25.1186962,0.0024509,0.22672,10.390234,-0.153739,10.393845,90.847511,88.749977,1,2,3,4
25.1211491,0.0024529,0.257827,10.406984,-0.105882,10.410716,90.582741,88.580826,1,2,3,4
25.1236,0.0024509,0.219541,10.397412,-0.089133,10.400112,90.491051,88.790382,1,2,3,4
25.1260529,0.0024529,0.238684,10.406984,-0.038883,10.409794,90.214012,88.68615,1,2,3,4
25.1285038,0.0024509,0.248255,10.430912,-0.081954,10.434188,90.450027,88.63662,1,2,3,4
25.1309566,0.0024528,0.274576,10.406984,-0.108275,10.411169,90.595879,88.48867,1,2,3,4
25.1334076,0.002451,0.257827,10.428519,-0.048455,10.431819,90.266136,88.583755,1,2,3,4
25.1358585,0.0024509,0.296112,10.390234,-0.019741,10.394471,90.10881,88.367569,1,2,3,4
25.1383133,0.0024548,0.253041,10.399805,-0.019741,10.402902,90.108727,88.606194,1,2,3,4
25.1407642,0.0024509,0.255434,10.373485,-0.060419,10.376804,90.333603,88.589447,1,2,3,4
25.1432171,0.0024529,0.255434,10.416555,-0.074776,10.419955,90.411171,88.595276,1,2,3,4
25.145668,0.0024509,0.255434,10.392627,-0.081954,10.396089,90.451675,88.592049,1,2,3,4
25.1481209,0.0024529,0.241077,10.37827,-0.096311,10.381516,90.531548,88.669319,1,2,3,4
25.1505718,0.0024509,0.231506,10.368699,-0.144168,10.372285,90.796394,88.720947,1,2,3,4
25.1530228,0.002451,0.219541,10.363914,-0.177667,10.367761,90.981895,88.786469,1,2,3,4
25.1554775,0.0024547,0.250648,10.36152,-0.156132,10.365727,90.863037,88.614265,1,2,3,4
25.1579285,0.002451,0.20997,10.36152,-0.158524,10.36486,90.876343,88.839096,1,2,3,4
25.1603794,0.0024509,0.219541,10.383056,-0.101097,10.385868,90.557732,88.788704,1,2,3,4
25.1628304,0.002451,0.245863,10.430912,-0.06999,10.434044,90.384338,88.649757,1,2,3,4
25.1652832,0.0024528,0.241077,10.39502,-0.096311,10.398261,90.530693,88.671455,1,2,3,4
25.1677341,0.0024509,0.219541,10.423734,-0.122632,10.426766,90.673889,88.793434,1,2,3,4
25.1701851,0.002451,0.253041,10.426126,-0.093918,10.42962,90.515953,88.609711,1,2,3,4
25.172636,0.0024509,0.267398,10.41177,-0.108275,10.415766,90.595619,88.528839,1,2,3,4
25.1750889,0.0024529,0.260219,10.392627,-0.117847,10.396552,90.649467,88.565681,1,2,3,4
25.1775398,0.0024509,0.291326,10.442876,-0.084347,10.447279,90.462585,88.402031,1,2,3,4
25.1799908,0.002451,0.291326,10.442876,-0.122632,10.447659,90.672539,88.402031,1,2,3,4
25.1824455,0.0024547,0.24347,10.423734,-0.14656,10.427607,90.805321,88.661972,1,2,3,4
25.1848965,0.002451,0.245863,10.433305,-0.160917,10.437442,90.883385,88.650063,1,2,3,4
25.1873474,0.0024509,0.262612,10.428519,-0.125025,10.432574,90.686653,88.557472,1,2,3,4
25.1897984,0.002451,0.260219,10.37827,-0.084347,10.381874,90.4655,88.563698,1,2,3,4
25.1922512,0.0024528,0.214756,10.390234,-0.120239,10.393148,90.662872,88.815918,1,2,3,4
25.1947021,0.0024509,0.217149,10.397412,-0.108275,10.400244,90.596504,88.803558,1,2,3,4
25.197155,0.0024529,0.202792,10.397412,-0.144168,10.400389,90.794243,88.882645,1,2,3,4
25.1996078,0.0024528,0.195613,10.409377,-0.160917,10.412458,90.885498,88.923424,1,2,3,4
25.2020588,0.002451,0.214756,10.397412,-0.098704,10.400099,90.543785,88.816742,1,2,3,4
25.2045097,0.0024509,0.233898,10.406984,-0.127418,10.410392,90.701286,88.712486,1,2,3,4
25.2069607,0.002451,0.24347,10.387841,-0.132203,10.391535,90.728951,88.657349,1,2,3,4
25.2094154,0.0024547,0.267398,10.399805,-0.096311,10.403688,90.530418,88.527145,1,2,3,4
25.2118664,0.002451,0.257827,10.397412,-0.129811,10.401419,90.715073,88.579514,1,2,3,4
25.2143173,0.0024509,0.260219,10.392627,-0.101097,10.396376,90.557167,88.565681,1,2,3,4
25.2167702,0.0024529,0.250648,10.426126,-0.122632,10.42986,90.673691,88.622849,1,2,3,4
25.2192211,0.0024509,0.257827,10.397412,-0.105882,10.401148,90.583275,88.579514,1,2,3,4
25.2216721,0.002451,0.248255,10.435698,-0.072383,10.438901,90.397293,88.637245,1,2,3,4
25.224123,0.0024509,0.262612,10.428519,-0.05324,10.431961,90.292412,88.557472,1,2,3,4
25.2265778,0.0024548,0.257827,10.426126,-0.026919,10.429349,90.147888,88.583427,1,2,3,4
25.2290287,0.0024509,0.267398,10.387841,-0.043669,10.391374,90.240784,88.525452,1,2,3,4
25.2314796,0.0024509,0.267398,10.397412,-0.081954,10.401174,90.451454,88.52681,1,2,3,4
25.2339325,0.0024529,0.245863,10.426126,-0.077169,10.429311,90.42395,88.649139,1,2,3,4
25.2363834,0.0024509,0.231506,10.409377,-0.060419,10.412127,90.332474,88.725945,1,2,3,4
25.2388363,0.0024529,0.205185,10.428519,-0.065204,10.430741,90.35817,88.872833,1,2,3,4
25.2412872,0.0024509,0.188435,10.406984,-0.081954,10.409013,90.451118,88.962685,1,2,3,4
25.2437401,0.0024529,0.233898,10.418948,-0.093918,10.421996,90.516327,88.713966,1,2,3,4
25.246191,0.0024509,0.217149,10.41177,-0.08674,10.414395,90.477211,88.805206,1,2,3,4
25.2486439,0.0024529,0.238684,10.392627,-0.108275,10.395931,90.596756,88.684341,1,2,3,4
25.2510967,0.0024528,0.221934,10.426126,-0.117847,10.429154,90.647438,88.780563,1,2,3,4
25.2535477,0.002451,0.253041,10.414163,-0.136989,10.418138,90.75341,88.608116,1,2,3,4
25.2559986,0.0024509,0.236291,10.433305,-0.120239,10.436673,90.66011,88.702599,1,2,3,4
25.2584496,0.002451,0.267398,10.433305,-0.113061,10.437344,90.620659,88.531876,1,2,3,4
25.2609024,0.0024528,0.272184,10.426126,-0.127418,10.430457,90.699936,88.504578,1,2,3,4
25.2633533,0.0024509,0.241077,10.447661,-0.060419,10.450617,90.331253,88.678154,1,2,3,4
25.2658043,0.002451,0.241077,10.418948,-0.110668,10.422324,90.608398,88.674507,1,2,3,4
25.2682552,0.0024509,0.221934,10.397412,-0.120239,10.400476,90.662407,88.777199,1,2,3,4
25.2707081,0.0024529,0.217149,10.428519,-0.165703,10.432096,90.910126,88.807129,1,2,3,4
25.273159,0.0024509,0.198006,10.418948,-0.151346,10.421928,90.832069,88.911255,1,2,3,4
25.27561,0.002451,0.214756,10.433305,-0.153739,10.436647,90.844032,88.820808,1,2,3,4
25.2780628,0.0024528,0.233898,10.41177,-0.182453,10.415995,91.003677,88.713081,1,2,3,4
25.2805157,0.0024529,0.236291,10.392627,-0.16331,10.396595,90.90004,88.697525,1,2,3,4
25.2829666,0.0024509,0.241077,10.373485,-0.182453,10.37789,91.007362,88.668701,1,2,3,4
25.2854176,0.002451,0.238684,10.402198,-0.144168,10.405934,90.793823,88.685547,1,2,3,4
25.2878704,0.0024528,0.250648,10.373485,-0.141775,10.377481,90.782784,88.615868,1,2,3,4
25.2903214,0.002451,0.288933,10.356734,-0.14656,10.3618,90.810432,88.40197,1,2,3,4
25.2927742,0.0024528,0.281755,10.359127,-0.117847,10.363628,90.651535,88.442017,1,2,3,4
25.2952271,0.0024529,0.229113,10.359127,-0.139382,10.362597,90.770676,88.732994,1,2,3,4
25.297678,0.0024509,0.221934,10.375877,-0.156132,10.379425,90.8619,88.774658,1,2,3,4
25.3001289,0.0024509,0.281755,10.366306,-0.10349,10.370651,90.57177,88.443092,1,2,3,4
25.3025799,0.002451,0.236291,10.368699,-0.06999,10.371627,90.38665,88.694519,1,2,3,4
25.3050327,0.0024528,0.276969,10.366306,-0.062812,10.370195,90.347038,88.469521,1,2,3,4
25.3074856,0.0024529,0.260219,10.404591,-0.074776,10.408113,90.411636,88.567329,1,2,3,4
25.3099365,0.0024509,0.245863,10.428519,-0.110668,10.432004,90.607834,88.649445,1,2,3,4
25.3123875,0.002451,0.236291,10.387841,-0.072383,10.39078,90.399132,88.696922,1,2,3,4
25.3148403,0.0024528,0.217149,10.409377,-0.067597,10.411861,90.371986,88.804932,1,2,3,4
25.3172913,0.002451,0.236291,10.399805,-0.074776,10.402758,90.41185,88.698425,1,2,3,4
25.3197422,0.0024509,0.229113,10.39502,-0.062812,10.397734,90.346123,88.737366,1,2,3,4
25.3221951,0.0024529,0.231506,10.385448,-0.113061,10.388643,90.623566,88.723015,1,2,3,4
25.324646,0.0024509,0.241077,10.37827,-0.067597,10.381289,90.373077,88.669319,1,2,3,4
25.3270969,0.0024509,0.241077,10.406984,-0.093918,10.4102,90.516914,88.672989,1,2,3,4
25.3295479,0.002451,0.245863,10.406984,-0.122632,10.41061,90.674934,88.646652,1,2,3,4
25.3320026,0.0024547,0.281755,10.390234,-0.136989,10.394957,90.755089,88.446678,1,2,3,4
25.3344536,0.002451,0.248255,10.354342,-0.096311,10.357765,90.532768,88.626541,1,2,3,4
25.3369045,0.0024509,0.262612,10.349556,-0.081954,10.353211,90.453545,88.546471,1,2,3,4
25.3393574,0.0024529,0.219541,10.337592,-0.077169,10.340211,90.427597,88.783379,1,2,3,4
25.3418083,0.0024509,0.212363,10.335199,-0.098704,10.337852,90.547058,88.822876,1,2,3,4
25.3442593,0.002451,0.248255,10.339985,-0.06999,10.343202,90.387711,88.624634,1,2,3,4
25.3467102,0.0024509,0.250648,10.373485,-0.06999,10.376748,90.386459,88.615868,1,2,3,4
25.349165,0.0024548,0.219541,10.402198,-0.132203,10.405354,90.727982,88.790932,1,2,3,4
25.3516159,0.0024509,0.274576,10.363914,-0.117847,10.36822,90.651245,88.482391,1,2,3,4
25.3540668,0.0024509,0.255434,10.375877,-0.077169,10.379308,90.425987,88.589775,1,2,3,4
25.3565178,0.002451,0.229113,10.404591,-0.105882,10.407651,90.582909,88.738533,1,2,3,4
25.3589706,0.0024528,0.241077,10.390234,-0.203988,10.395032,91.12442,88.670845,1,2,3,4
25.3614216,0.002451,0.269791,10.373485,-0.230309,10.379547,91.271423,88.510201,1,2,3,4
25.3638725,0.0024509,0.281755,10.399805,-0.237488,10.406331,91.307686,88.448105,1,2,3,4
25.3663254,0.0024529,0.288933,10.418948,-0.172881,10.424387,90.950256,88.411507,1,2,3,4
25.3687763,0.0024509,0.288933,10.39502,-0.208774,10.40113,91.150131,88.407852,1,2,3,4
25.3712292,0.0024529,0.274576,10.387841,-0.232702,10.394074,91.282845,88.485886,1,2,3,4
25.3736801,0.0024509,0.260219,10.349556,-0.25663,10.356007,91.419983,88.559715,1,2,3,4
25.376133,0.0024529,0.255434,10.363914,-0.220738,10.369411,91.219772,88.58815,1,2,3,4
25.3785839,0.0024509,0.265005,10.385448,-0.213559,10.391024,91.177643,88.5383,1,2,3,4
25.3810368,0.0024529,0.276969,10.342378,-0.148953,10.347157,90.824837,88.465981,1,2,3,4
25.3834896,0.0024528,0.248255,10.387841,-0.08674,10.391169,90.478279,88.630966,1,2,3,4
25.3859406,0.002451,0.253041,10.37827,-0.072383,10.381607,90.399483,88.603302,1,2,3,4
25.3883915,0.0024509,0.24347,10.383056,-0.08674,10.386272,90.478508,88.656731,1,2,3,4
25.3908424,0.0024509,0.231506,10.390234,-0.101097,10.393305,90.557327,88.723602,1,2,3,4
25.3932972,0.0024548,0.276969,10.332807,-0.072383,10.336772,90.401215,88.464561,1,2,3,4
25.3957481,0.0024509,0.265005,10.366306,-0.048455,10.369806,90.267723,88.535606,1,2,3,4
25.3981991,0.002451,0.253041,10.337592,-0.041276,10.340772,90.228699,88.597809,1,2,3,4
25.4006519,0.0024528,0.248255,10.342378,-0.029312,10.345398,90.162338,88.624954,1,2,3,4
25.4031048,0.0024529,0.202792,10.354342,-0.034098,10.356383,90.188644,88.877998,1,2,3,4
25.4055557,0.0024509,0.267398,10.335199,-0.024526,10.338687,90.135925,88.517944,1,2,3,4
25.4080067,0.002451,0.245863,10.356734,-0.050847,10.359777,90.281219,88.640091,1,2,3,4
25.4104614,0.0024547,0.281755,10.339985,-0.074776,10.344093,90.414185,88.439133,1,2,3,4
25.4129124,0.002451,0.248255,10.337592,-0.081954,10.340898,90.454086,88.624313,1,2,3,4
25.4153633,0.0024509,0.221934,10.349556,-0.048455,10.352049,90.268181,88.771545,1,2,3,4
25.4178181,0.0024548,0.250648,10.323236,-0.046062,10.326381,90.255577,88.609131,1,2,3,4
25.420269,0.0024509,0.255434,10.313663,-0.113061,10.317445,90.627876,88.581268,1,2,3,4
25.42272,0.002451,0.233898,10.335199,-0.144168,10.338851,90.798973,88.703545,1,2,3,4
25.4251709,0.0024509,0.272184,10.335199,-0.170489,10.340188,90.944733,88.491432,1,2,3,4
25.4276257,0.0024548,0.255434,10.371092,-0.172881,10.375677,90.95472,88.589127,1,2,3,4
25.4300766,0.0024509,0.233898,10.347163,-0.139382,10.350745,90.771561,88.705048,1,2,3,4
25.4325275,0.0024509,0.262612,10.366306,-0.089133,10.370015,90.492477,88.54882,1,2,3,4
25.4349804,0.0024529,0.269791,10.363914,-0.151346,10.368529,90.836357,88.508827,1,2,3,4
25.4374313,0.0024509,0.24347,10.351949,-0.168096,10.356176,90.930031,88.652695,1,2,3,4
25.4398823,0.002451,0.265005,10.34477,-0.18006,10.34973,90.996857,88.532555,1,2,3,4
25.4423351,0.0024528,0.250648,10.349556,-0.139382,10.353529,90.771355,88.612671,1,2,3,4
25.444788,0.0024529,0.241077,10.308878,-0.129811,10.312513,90.721237,88.660362,1,2,3,4
25.4472408,0.0024528,0.253041,10.28495,-0.120239,10.288766,90.669601,88.590637,1,2,3,4
25.4496918,0.002451,0.229113,10.330414,-0.136989,10.333862,90.759552,88.729477,1,2,3,4
25.4521446,0.0024528,0.250648,10.28495,-0.160917,10.289263,90.896103,88.603958,1,2,3,4
25.4545956,0.002451,0.229113,10.308878,-0.175274,10.312913,90.973824,88.726822,1,2,3,4
25.4570484,0.0024528,0.257827,10.275378,-0.098704,10.279086,90.550186,88.562653,1,2,3,4
25.4595013,0.0024529,0.224327,10.3017,-0.115454,10.304789,90.641953,88.752541,1,2,3,4
25.4619522,0.0024509,0.260219,10.304092,-0.151346,10.308489,90.841232,88.55336,1,2,3,4
25.4644051,0.0024529,0.248255,10.335199,-0.172881,10.339625,90.958046,88.624001,1,2,3,4
25.466856,0.0024509,0.221934,10.328021,-0.136989,10.331314,90.759743,88.768982,1,2,3,4
25.4693089,0.0024529,0.238684,10.337592,-0.108275,10.340915,90.59993,88.677338,1,2,3,4
25.4717617,0.0024528,0.245863,10.332807,-0.125025,10.336488,90.693039,88.63694,1,2,3,4
25.4742126,0.0024509,0.262612,10.34477,-0.153739,10.349245,90.851166,88.545799,1,2,3,4
25.4766655,0.0024529,0.255434,10.368699,-0.172881,10.373285,90.954941,88.588799,1,2,3,4
25.4791183,0.0024528,0.250648,10.399805,-0.215952,10.405066,91.189232,88.61937,1,2,3,4
25.4815693,0.002451,0.214756,10.356734,-0.19681,10.36083,91.088432,88.812096,1,2,3,4
25.4840202,0.0024509,0.265005,10.349556,-0.158524,10.354162,90.877243,88.533234,1,2,3,4
25.4864731,0.0024529,0.250648,10.356734,-0.098704,10.360237,90.545876,88.613632,1,2,3,4
25.488924,0.0024509,0.248255,10.366306,-0.093918,10.369703,90.518936,88.628128,1,2,3,4
25.4913769,0.0024529,0.221934,10.330414,-0.141775,10.333771,90.786095,88.769272,1,2,3,4
25.4938297,0.0024528,0.276969,10.289736,-0.10349,10.293983,90.576027,88.458138,1,2,3,4
25.4962807,0.002451,0.233898,10.296914,-0.089133,10.299956,90.495827,88.69873,1,2,3,4
25.4987335,0.0024528,0.269791,10.28495,-0.058026,10.288651,90.323135,88.497383,1,2,3,4
25.5011845,0.002451,0.245863,10.277771,-0.038883,10.280785,90.216698,88.629646,1,2,3,4
25.5036392,0.0024547,0.233898,10.28495,-0.072383,10.287865,90.403122,88.697212,1,2,3,4
25.5060902,0.002451,0.262612,10.304092,-0.077169,10.307728,90.428947,88.540062,1,2,3,4
25.5085411,0.0024509,0.231506,10.28495,-0.081954,10.287882,90.456429,88.710541,1,2,3,4
25.510994,0.0024529,0.241077,10.320843,-0.093918,10.324085,90.521225,88.661911,1,2,3,4
25.5134468,0.0024528,0.238684,10.325628,-0.117847,10.329059,90.653717,88.675804,1,2,3,4
25.5158978,0.002451,0.221934,10.308878,-0.125025,10.312025,90.694679,88.766701,1,2,3,4
25.5183487,0.0024509,0.236291,10.34477,-0.141775,10.34844,90.784981,88.691498,1,2,3,4
25.5208035,0.0024548,0.207577,10.325628,-0.151346,10.328823,90.839569,88.848328,1,2,3,4
25.5232544,0.0024509,0.276969,10.36152,-0.110668,10.365811,90.611717,88.468819,1,2,3,4
25.5257053,0.0024509,0.229113,10.371092,-0.098704,10.374092,90.545143,88.734459,1,2,3,4
25.5281582,0.0024529,0.212363,10.356734,-0.144168,10.359915,90.797348,88.825325,1,2,3,4
25.5306091,0.0024509,0.231506,10.339985,-0.117847,10.343247,90.652817,88.7174,1,2,3,4
25.5330601,0.002451,0.233898,10.339985,-0.125025,10.343386,90.692574,88.704147,1,2,3,4
25.5355148,0.0024547,0.274576,10.337592,-0.096311,10.341687,90.5336,88.478523,1,2,3,4
25.5379658,0.002451,0.260219,10.351949,-0.05324,10.355355,90.294579,88.560043,1,2,3,4
25.5404167,0.0024509,0.265005,10.308878,-0.079561,10.312591,90.442039,88.527451,1,2,3,4
25.5428677,0.002451,0.276969,10.316056,-0.10349,10.320292,90.574562,88.462074,1,2,3,4
25.5453224,0.0024547,0.286541,10.311271,-0.115454,10.315897,90.641258,88.408211,1,2,3,4
25.5477734,0.002451,0.269791,10.299307,-0.136989,10.30375,90.761772,88.499481,1,2,3,4
25.5502243,0.0024509,0.265005,10.306485,-0.144168,10.3109,90.80114,88.527107,1,2,3,4
25.5526752,0.0024509,0.267398,10.3017,-0.172881,10.30662,90.961113,88.513123,1,2,3,4
25.5551281,0.0024529,0.245863,10.282557,-0.172881,10.286949,90.962952,88.63028,1,2,3,4
25.5575809,0.0024528,0.236291,10.277771,-0.168096,10.281861,90.93676,88.682976,1,2,3,4
25.5600319,0.002451,0.241077,10.287343,-0.201595,10.292142,91.122345,88.657555,1,2,3,4
25.5624847,0.0024528,0.238684,10.244272,-0.213559,10.249278,91.193932,88.665291,1,2,3,4
25.5649357,0.002451,0.253041,10.332807,-0.203988,10.337917,91.130638,88.59716,1,2,3,4
25.5673866,0.0024509,0.212363,10.275378,-0.141775,10.27855,90.790321,88.816025,1,2,3,4
25.5698376,0.002451,0.231506,10.318449,-0.117847,10.321718,90.654182,88.714722,1,2,3,4
25.5722923,0.0024547,0.22672,10.299307,-0.139382,10.302745,90.775154,88.738945,1,2,3,4
25.5747433,0.002451,0.238684,10.318449,-0.122632,10.321938,90.680733,88.674881,1,2,3,4
25.5771961,0.0024528,0.236291,10.316056,-0.105882,10.319304,90.587898,88.687859,1,2,3,4
25.579649,0.0024529,0.253041,10.289736,-0.115454,10.293494,90.642654,88.591286,1,2,3,4
25.5820999,0.0024509,0.281755,10.342378,-0.093918,10.346641,90.520088,88.439491,1,2,3,4
25.5845528,0.0024529,0.262612,10.316056,-0.036491,10.319463,90.202606,88.541756,1,2,3,4
25.5870056,0.0024528,0.272184,10.34477,-0.060419,10.348527,90.334518,88.492828,1,2,3,4
25.5894566,0.002451,0.255434,10.308878,-0.062812,10.312233,90.348991,88.580612,1,2,3,4
25.5919075,0.0024509,0.281755,10.304092,-0.115454,10.308591,90.641708,88.433693,1,2,3,4
25.5943584,0.0024509,0.219541,10.356734,-0.046062,10.359163,90.254768,88.785629,1,2,3,4
25.5968113,0.0024529,0.257827,10.3017,-0.005384,10.304927,90.029938,88.566322,1,2,3,4
25.5992622,0.0024509,0.241077,10.292129,-0.081954,10.295278,90.4561,88.65818,1,2,3,4
25.6017151,0.0024529,0.214756,10.299307,-0.117847,10.302219,90.655418,88.805473,1,2,3,4
25.604166,0.0024509,0.19322,10.294521,-0.120239,10.297036,90.66906,88.924728,1,2,3,4
25.6066189,0.0024529,0.224327,10.265807,-0.081954,10.268585,90.457283,88.748177,1,2,3,4
25.6090698,0.0024509,0.248255,10.263414,-0.055633,10.266567,90.310478,88.61438,1,2,3,4
25.6115208,0.002451,0.212363,10.272985,-0.074776,10.275453,90.416954,88.81575,1,2,3,4
25.6139736,0.0024528,0.24347,10.253843,-0.091525,10.257142,90.511261,88.639809,1,2,3,4
25.6164246,0.002451,0.238684,10.308878,-0.115454,10.312287,90.641479,88.673653,1,2,3,4
25.6188774,0.0024528,0.233898,10.272985,-0.125025,10.276409,90.69709,88.695702,1,2,3,4
25.6213284,0.002451,0.274576,10.244272,-0.091525,10.24836,90.511703,88.464676,1,2,3,4
25.6237812,0.0024528,0.253041,10.287343,-0.132203,10.291305,90.736046,88.590965,1,2,3,4
25.6262321,0.0024509,0.274576,10.287343,-0.113061,10.291628,90.629448,88.4711,1,2,3,4
25.6286831,0.002451,0.298505,10.289736,-0.134596,10.294945,90.749107,88.338318,1,2,3,4
25.6311378,0.0024547,0.262612,10.277771,-0.129811,10.281945,90.723381,88.536324,1,2,3,4
25.6335888,0.002451,0.200399,10.316056,-0.153739,10.319148,90.853645,88.887115,1,2,3,4
25.6360397,0.0024509,0.229113,10.342378,-0.117847,10.345586,90.652672,88.730942,1,2,3,4
25.6384907,0.002451,0.257827,10.320843,-0.127418,10.324849,90.7071,88.568985,1,2,3,4
25.6409435,0.0024528,0.200399,10.304092,-0.110668,10.306635,90.615227,88.885826,1,2,3,4
25.6433964,0.0024529,0.250648,10.328021,-0.16331,10.332354,90.90564,88.609779,1,2,3,4
25.6458473,0.0024509,0.183649,10.342378,-0.156132,10.345186,90.864754,88.982712,1,2,3,4
25.6483002,0.0024529,0.198006,10.289736,-0.158524,10.292862,90.882469,88.897591,1,2,3,4
25.6507511,0.0024509,0.231506,10.3017,-0.125025,10.305059,90.695152,88.712631,1,2,3,4
25.6532021,0.002451,0.231506,10.292129,-0.127418,10.295521,90.709114,88.711433,1,2,3,4
25.6556549,0.0024528,0.20997,10.2682,-0.148953,10.271426,90.830917,88.828545,1,2,3,4
25.6581078,0.0024529,0.22672,10.28495,-0.172881,10.288901,90.962769,88.737183,1,2,3,4
25.6605587,0.0024509,0.238684,10.246665,-0.141775,10.250425,90.792488,88.665604,1,2,3,4
25.6630096,0.0024509,0.24347,10.261022,-0.091525,10.264318,90.510902,88.640762,1,2,3,4
25.6654625,0.0024529,0.229113,10.294521,-0.115454,10.297718,90.642387,88.725044,1,2,3,4
25.6679134,0.0024509,0.248255,10.237094,-0.172881,10.241563,90.967216,88.610817,1,2,3,4
25.6703663,0.0024529,0.229113,10.258629,-0.165703,10.262525,90.925163,88.720589,1,2,3,4
25.6728172,0.0024509,0.245863,10.261022,-0.189631,10.265718,91.058441,88.627411,1,2,3,4
25.6752701,0.0024529,0.241077,10.241879,-0.134596,10.245601,90.752716,88.651604,1,2,3,4
25.677721,0.0024509,0.217149,10.213165,-0.136989,10.216393,90.768288,88.781982,1,2,3,4
25.680172,0.002451,0.286541,10.261022,-0.151346,10.266137,90.844696,88.400421,1,2,3,4
25.6826267,0.0024547,0.260219,10.225129,-0.105882,10.228988,90.593094,88.542191,1,2,3,4
25.6850777,0.002451,0.229113,10.246665,-0.122632,10.249959,90.685509,88.719093,1,2,3,4
25.6875286,0.0024509,0.214756,10.251451,-0.153739,10.254852,90.859001,88.799896,1,2,3,4
25.6899796,0.002451,0.207577,10.246665,-0.144168,10.249782,90.805916,88.839455,1,2,3,4
25.6924324,0.0024528,0.236291,10.249058,-0.141775,10.252762,90.792305,88.679283,1,2,3,4
25.6948833,0.0024509,0.207577,10.272985,-0.029312,10.275125,90.163452,88.84243,1,2,3,4
25.6973343,0.002451,0.238684,10.246665,0.020937,10.249466,89.882957,88.665604,1,2,3,4
25.6997852,0.0024509,0.229113,10.306485,-0.058026,10.309195,90.322495,88.726524,1,2,3,4
25.70224,0.0024548,0.245863,10.311271,-0.084347,10.314547,90.468544,88.634094,1,2,3,4
25.7046909,0.0024509,0.245863,10.313663,-0.096311,10.317043,90.534874,88.634415,1,2,3,4
25.7071419,0.002451,0.274576,10.289736,-0.055633,10.29355,90.309662,88.471451,1,2,3,4
25.7095947,0.0024528,0.238684,10.299307,-0.041276,10.302155,90.229561,88.672424,1,2,3,4
25.7120457,0.002451,0.245863,10.289736,-0.058026,10.292836,90.323006,88.631241,1,2,3,4
25.7144966,0.0024509,0.22672,10.313663,-0.050847,10.31628,90.282402,88.7407,1,2,3,4
25.7169495,0.0024529,0.212363,10.275378,-0.101097,10.278069,90.563583,88.816025,1,2,3,4
25.7194023,0.0024528,0.248255,10.282557,-0.093918,10.285982,90.523155,88.616959,1,2,3,4
25.7218552,0.0024529,0.238684,10.292129,-0.096311,10.295346,90.536003,88.671494,1,2,3,4
25.7243061,0.0024509,0.238684,10.217951,-0.122632,10.221474,90.687424,88.661858,1,2,3,4
25.726757,0.0024509,0.200399,10.256236,-0.136989,10.259109,90.765091,88.88063,1,2,3,4
25.7292099,0.0024529,0.212363,10.258629,-0.16331,10.262126,90.911835,88.814095,1,2,3,4
25.7316608,0.0024509,0.24347,10.244272,-0.184846,10.248832,91.033432,88.638542,1,2,3,4
25.7341137,0.0024529,0.219541,10.222736,-0.172881,10.226555,90.968643,88.769714,1,2,3,4
25.7365665,0.0024528,0.248255,10.205987,-0.132203,10.209862,90.74192,88.606583,1,2,3,4
25.7390175,0.002451,0.224327,10.189237,-0.158524,10.192939,90.891121,88.738777,1,2,3,4
25.7414684,0.0024509,0.262612,10.196416,-0.175274,10.201303,90.984482,88.524651,1,2,3,4
25.7439213,0.0024529,0.238684,10.201201,-0.194417,10.205845,91.091522,88.65966,1,2,3,4
25.7463722,0.0024509,0.24347,10.213165,-0.199202,10.218009,91.117065,88.634392,1,2,3,4
25.7488232,0.002451,0.262612,10.225129,-0.144168,10.229517,90.80751,88.528793,1,2,3,4
25.7512741,0.0024509,0.214756,10.237094,-0.120239,10.240052,90.672783,88.79821,1,2,3,4
25.7537289,0.0024548,0.205185,10.256236,-0.101097,10.258786,90.564636,88.853905,1,2,3,4
25.7561798,0.0024509,0.281755,10.244272,-0.096311,10.248599,90.538445,88.424553,1,2,3,4
25.7586308,0.002451,0.269791,10.244272,-0.058026,10.247989,90.324417,88.491417,1,2,3,4
25.7610836,0.0024528,0.221934,10.251451,-0.034098,10.253909,90.190529,88.759796,1,2,3,4
25.7635345,0.0024509,0.212363,10.261022,-0.055633,10.26337,90.310577,88.814369,1,2,3,4
25.7659855,0.002451,0.224327,10.294521,-0.10349,10.297485,90.575829,88.751671,1,2,3,4
25.7684364,0.0024509,0.245863,10.270593,-0.036491,10.273601,90.203506,88.628685,1,2,3,4
25.7708893,0.0024529,0.219541,10.253843,-0.067597,10.256416,90.377625,88.773445,1,2,3,4
25.7733402,0.0024509,0.195613,10.244272,-0.06999,10.246379,90.391373,88.906075,1,2,3,4
25.7757931,0.0024529,0.245863,10.280165,-0.062812,10.283296,90.349968,88.629967,1,2,3,4
25.778244,0.0024509,0.229113,10.265807,-0.089133,10.26875,90.49733,88.721481,1,2,3,4
25.7806969,0.0024529,0.236291,10.272985,-0.136989,10.276616,90.763786,88.682358,1,2,3,4
25.7831478,0.0024509,0.253041,10.239487,-0.089133,10.243001,90.498581,88.584381,1,2,3,4
25.7855988,0.002451,0.238684,10.277771,-0.093918,10.280971,90.523415,88.66964,1,2,3,4
25.7880516,0.0024528,0.253041,10.239487,-0.110668,10.243211,90.619041,88.584381,1,2,3,4
25.7905025,0.0024509,0.276969,10.237094,-0.132203,10.241693,90.739616,88.450218,1,2,3,4
25.7929554,0.0024529,0.238684,10.2347,-0.129811,10.238306,90.726471,88.664047,1,2,3,4
25.7954063,0.0024509,0.250648,10.213165,-0.144168,10.217257,90.808479,88.594147,1,2,3,4
25.7978592,0.0024529,0.238684,10.194023,-0.117847,10.197497,90.662148,88.658714,1,2,3,4
25.8003101,0.0024509,0.269791,10.177273,-0.127418,10.181645,90.717041,88.481491,1,2,3,4
25.8027611,0.002451,0.262612,10.182058,-0.141775,10.186431,90.79747,88.522575,1,2,3,4
25.805212,0.0024509,0.260219,10.17488,-0.122632,10.178946,90.690292,88.534996,1,2,3,4
25.8076649,0.0024529,0.245863,10.167702,-0.168096,10.172063,90.946869,88.614815,1,2,3,4
25.8101158,0.0024509,0.250648,10.194023,-0.14656,10.198157,90.823441,88.591507,1,2,3,4
25.8125687,0.0024529,0.250648,10.162916,-0.101097,10.16651,90.569763,88.587196,1,2,3,4
25.8150215,0.0024528,0.257827,10.170094,-0.08674,10.173732,90.488503,88.547783,1,2,3,4
25.8174725,0.002451,0.257827,10.160523,-0.120239,10.164505,90.677788,88.54641,1,2,3,4
25.8199234,0.0024509,0.221934,10.203594,-0.153739,10.207166,90.863014,88.753983,1,2,3,4
25.8223782,0.0024548,0.24347,10.2347,-0.081954,10.237924,90.458656,88.637268,1,2,3,4
25.8248291,0.0024509,0.250648,10.189237,-0.093918,10.192752,90.527946,88.590851,1,2,3,4
25.82728,0.0024509,0.257827,10.217951,-0.093918,10.221635,90.526451,88.554581,1,2,3,4
25.8297329,0.0024529,0.248255,10.237094,-0.098704,10.24058,90.552254,88.610817,1,2,3,4
25.8321857,0.0024528,0.265005,10.220344,-0.074776,10.224052,90.419044,88.514702,1,2,3,4
25.8346367,0.002451,0.253041,10.2682,-0.110668,10.271914,90.61731,88.588333,1,2,3,4
25.8370876,0.0024509,0.260219,10.246665,-0.079561,10.250278,90.444725,88.545258,1,2,3,4
25.8395386,0.002451,0.250648,10.251451,-0.081954,10.254842,90.457901,88.599396,1,2,3,4
25.8419914,0.0024528,0.262612,10.246665,-0.158524,10.251255,90.886055,88.531883,1,2,3,4
25.8444443,0.0024529,0.231506,10.222736,-0.165703,10.2267,90.928406,88.70269,1,2,3,4
25.8468952,0.0024509,0.245863,10.217951,-0.160917,10.222175,90.901985,88.621628,1,2,3,4
25.8493481,0.0024529,0.276969,10.217951,-0.160917,10.22297,90.901917,88.447311,1,2,3,4
25.8518009,0.0024528,0.24347,10.213165,-0.184846,10.217739,91.036575,88.634392,1,2,3,4
25.8542519,0.002451,0.265005,10.246665,-0.215952,10.252366,91.206947,88.518517,1,2,3,4
25.8567047,0.0024528,0.250648,10.2347,-0.170489,10.239188,90.954056,88.597107,1,2,3,4
25.8591557,0.002451,0.221934,10.237094,-0.134596,10.240384,90.753098,88.758057,1,2,3,4
25.8616066,0.0024509,0.250648,10.237094,-0.172881,10.241621,90.967216,88.597435,1,2,3,4
25.8640575,0.0024509,0.262612,10.237094,-0.117847,10.241139,90.659325,88.53051,1,2,3,4
25.8665123,0.0024548,0.265005,10.237094,-0.091525,10.240932,90.51207,88.517128,1,2,3,4
25.8689632,0.0024509,0.248255,10.210773,-0.065204,10.213998,90.365768,88.607239,1,2,3,4
25.8714142,0.002451,0.231506,10.217951,-0.06999,10.220813,90.392349,88.702087,1,2,3,4
25.8738651,0.0024509,0.224327,10.215558,-0.048455,10.218136,90.271698,88.742027,1,2,3,4
25.8763199,0.0024548,0.22672,10.210773,-0.022134,10.213313,90.124168,88.728012,1,2,3,4
25.8787708,0.0024509,0.269791,10.203594,-0.000598,10.20716,90.003357,88.485413,1,2,3,4
25.8812218,0.002451,0.281755,10.20838,-0.010169,10.212273,90.057053,88.419014,1,2,3,4
25.8836765,0.0024547,0.262612,10.210773,-0.036491,10.214214,90.204689,88.526726,1,2,3,4
25.8861275,0.002451,0.265005,10.198809,-0.060419,10.20243,90.33931,88.511566,1,2,3,4
25.8885784,0.0024509,0.265005,10.194023,-0.058026,10.197632,90.326019,88.510864,1,2,3,4
25.8910294,0.002451,0.260219,10.20838,-0.041276,10.211779,90.23159,88.539803,1,2,3,4
25.8934822,0.0024528,0.248255,10.194023,-0.06999,10.197286,90.393257,88.60495,1,2,3,4
25.8959332,0.002451,0.236291,10.182058,-0.105882,10.185349,90.595634,88.670593,1,2,3,4
25.8983841,0.0024509,0.231506,10.205987,-0.136989,10.209532,90.768806,88.700562,1,2,3,4
25.9008389,0.0024548,0.248255,10.189237,-0.160917,10.193531,90.904518,88.604294,1,2,3,4
25.9032898,0.0024509,0.20997,10.20838,-0.175274,10.212043,90.983444,88.821686,1,2,3,4
25.9057407,0.0024509,0.250648,10.220344,-0.156132,10.224608,90.874954,88.595139,1,2,3,4
25.9081917,0.002451,0.260219,10.189237,-0.165703,10.193906,90.931389,88.537064,1,2,3,4
25.9106464,0.0024547,0.236291,10.232307,-0.194417,10.236881,91.088219,88.677124,1,2,3,4
25.9130974,0.002451,0.233898,10.205987,-0.184846,10.21034,91.037323,88.687141,1,2,3,4
25.9155502,0.0024528,0.272184,10.217951,-0.151346,10.222695,90.848289,88.474129,1,2,3,4
25.9180031,0.0024529,0.298505,10.227522,-0.160917,10.233142,90.901016,88.328217,1,2,3,4
25.9204559,0.0024528,0.238684,10.210773,-0.172881,10.215025,90.969734,88.660912,1,2,3,4
25.9229069,0.002451,0.269791,10.237094,-0.160917,10.241913,90.900246,88.490364,1,2,3,4
25.9253597,0.0024528,0.255434,10.213165,-0.141775,10.217343,90.795059,88.567314,1,2,3,4
25.9278126,0.0024529,0.255434,10.217951,-0.144168,10.222159,90.808098,88.567986,1,2,3,4
25.9302635,0.0024509,0.250648,10.2347,-0.153739,10.238923,90.860336,88.597107,1,2,3,4
25.9327145,0.002451,0.217149,10.210773,-0.122632,10.213818,90.687935,88.781693,1,2,3,4
25.9351673,0.0024528,0.219541,10.170094,-0.101097,10.172966,90.569405,88.763351,1,2,3,4
25.9376183,0.002451,0.24347,10.191629,-0.122632,10.195274,90.689186,88.631508,1,2,3,4
25.9400692,0.0024509,0.253041,10.210773,-0.091525,10.214317,90.513405,88.580399,1,2,3,4
25.942524,0.0024548,0.236291,10.20838,-0.067597,10.211338,90.379288,88.674026,1,2,3,4
25.9449749,0.0024509,0.231506,10.215558,-0.077169,10.218472,90.432693,88.701782,1,2,3,4
25.9474258,0.0024509,0.212363,10.220344,-0.079561,10.222859,90.445923,88.809654,1,2,3,4
25.9498768,0.002451,0.262612,10.239487,-0.074776,10.243127,90.418266,88.530853,1,2,3,4
25.9523296,0.0024528,0.229113,10.239487,-0.05324,10.242188,90.297836,88.718201,1,2,3,4
25.9547806,0.002451,0.231506,10.191629,-0.079561,10.194569,90.447159,88.698738,1,2,3,4
25.9572315,0.0024509,0.245863,10.229915,-0.062812,10.233062,90.351692,88.623238,1,2,3,4
25.9596825,0.002451,0.250648,10.203594,-0.113061,10.207298,90.634651,88.592827,1,2,3,4
25.9621372,0.0024547,0.20997,10.196416,-0.127418,10.199373,90.715797,88.820297,1,2,3,4
25.9645882,0.002451,0.233898,10.179666,-0.153739,10.183513,90.865021,88.683746,1,2,3,4
25.9670391,0.0024509,0.274576,10.186844,-0.120239,10.191253,90.67601,88.456024,1,2,3,4
25.969492,0.0024529,0.22672,10.198809,-0.120239,10.202037,90.675293,88.726524,1,2,3,4
25.9719429,0.0024509,0.236291,10.186844,-0.096311,10.19004,90.541542,88.671219,1,2,3,4
25.9743958,0.0024529,0.22672,10.194023,-0.105882,10.197093,90.594948,88.725922,1,2,3,4
25.9768486,0.0024528,0.24347,10.165309,-0.093918,10.168658,90.529198,88.627968,1,2,3,4
25.9792995,0.0024509,0.267398,10.162916,-0.105882,10.166985,90.59671,88.492828,1,2,3,4
25.9817505,0.002451,0.238684,10.160523,-0.067597,10.163551,90.381073,88.654297,1,2,3,4
25.9842014,0.0024509,0.255434,10.167702,-0.077169,10.171203,90.434708,88.560913,1,2,3,4
25.9866543,0.0024529,0.255434,10.189237,-0.072383,10.192695,90.406883,88.563957,1,2,3,4
25.9891071,0.0024528,0.262612,10.177273,-0.125025,10.181428,90.70359,88.521881,1,2,3,4
25.9915581,0.002451,0.267398,10.177273,-0.136989,10.181706,90.770905,88.494957,1,2,3,4
25.994009,0.0024509,0.260219,10.158131,-0.096311,10.16192,90.543037,88.532585,1,2,3,4
25.9964619,0.0024529,0.269791,10.170094,-0.105882,10.174223,90.596283,88.480423,1,2,3,4
25.9989128,0.0024509,0.296112,10.160523,-0.184846,10.166518,91.041794,88.330681,1,2,3,4
26.0013657,0.0024529,0.231506,10.153345,-0.172881,10.157455,90.975227,88.693832,1,2,3,4
26.0038185,0.0024528,0.241077,10.155738,-0.192024,10.160414,91.082909,88.640167,1,2,3,4
26.0062695,0.002451,0.245863,10.177273,-0.192024,10.182053,91.080612,88.616119,1,2,3,4
26.0087204,0.0024509,0.236291,10.179666,-0.170489,10.183835,90.959236,88.670288,1,2,3,4
26.0111713,0.0024509,0.221934,10.17488,-0.165703,10.178649,90.932785,88.750465,1,2,3,4
26.0136261,0.0024548,0.233898,10.191629,-0.160917,10.195583,90.904343,88.685287,1,2,3,4
26.016077,0.0024509,0.229113,10.215558,-0.122632,10.218863,90.687599,88.715195,1,2,3,4
26.0185299,0.0024529,0.255434,10.177273,-0.168096,10.181866,90.945961,88.562263,1,2,3,4
26.0209827,0.0024528,0.245863,10.227522,-0.096311,10.23093,90.539375,88.622917,1,2,3,4
26.0234337,0.002451,0.212363,10.217951,-0.113061,10.220782,90.633812,88.809372,1,2,3,4
26.0258865,0.0024528,0.248255,10.222736,-0.06999,10.22599,90.392151,88.608864,1,2,3,4
26.0283394,0.0024529,0.262612,10.232307,-0.031705,10.235726,90.177475,88.529823,1,2,3,4
26.0307903,0.0024509,0.253041,10.186844,-0.05324,10.190125,90.299355,88.577065,1,2,3,4
26.0332413,0.002451,0.291326,10.155738,-0.065204,10.160125,90.367706,88.356873,1,2,3,4
26.0356922,0.0024509,0.281755,10.158131,-0.108275,10.162614,90.610458,88.411201,1,2,3,4
26.0381451,0.0024529,0.248255,10.155738,-0.072383,10.15903,90.408234,88.599693,1,2,3,4
26.040596,0.0024509,0.238684,10.165309,-0.060419,10.16829,90.340446,88.65493,1,2,3,4
26.0430489,0.0024529,0.257827,10.165309,-0.062812,10.168772,90.353912,88.547096,1,2,3,4
26.0454998,0.0024509,0.221934,10.143773,-0.098704,10.146681,90.557365,88.746635,1,2,3,4
26.0479527,0.0024529,0.231506,10.150951,-0.110668,10.154194,90.624466,88.69352,1,2,3,4
26.0504036,0.0024509,0.238684,10.155738,-0.141775,10.159532,90.799583,88.653664,1,2,3,4
26.0528545,0.0024509,0.212363,10.17488,-0.108275,10.177672,90.60955,88.804337,1,2,3,4
26.0553074,0.0024529,0.212363,10.160523,-0.125025,10.163511,90.704834,88.80265,1,2,3,4
26.0577602,0.0024528,0.200399,10.186844,-0.153739,10.189975,90.864471,88.873001,1,2,3,4
26.0602093,0.0024491,0.212363,10.198809,-0.127418,10.201816,90.71563,88.807144,1,2,3,4
26.0626621,0.0024528,0.231506,10.222736,-0.101097,10.225858,90.56646,88.70269,1,2,3,4
26.065115,0.0024529,0.22672,10.20838,-0.113061,10.211522,90.634384,88.727715,1,2,3,4
26.0675659,0.0024509,0.24347,10.177273,-0.122632,10.180923,90.690163,88.629578,1,2,3,4
26.0700169,0.002451,0.250648,10.155738,-0.125025,10.1596,90.705109,88.586205,1,2,3,4
26.0724716,0.0024547,0.265005,10.177273,-0.048455,10.180838,90.272697,88.508415,1,2,3,4
26.0749226,0.002451,0.231506,10.167702,-0.065204,10.170546,90.367332,88.695671,1,2,3,4
26.0773735,0.0024509,0.229113,10.134202,-0.079561,10.137104,90.449692,88.704887,1,2,3,4
26.0798264,0.0024529,0.233898,10.119845,-0.134596,10.123443,90.761795,88.675964,1,2,3,4
26.0822792,0.0024528,0.205185,10.134202,-0.125025,10.13705,90.706673,88.840103,1,2,3,4
26.0847301,0.0024509,0.219541,10.143773,-0.110668,10.146751,90.624924,88.760139,1,2,3,4
26.087183,0.0024529,0.190828,10.148559,-0.117847,10.151036,90.665176,88.922768,1,2,3,4
26.0896358,0.0024528,0.238684,10.167702,-0.115454,10.171158,90.650383,88.655243,1,2,3,4
26.0920868,0.002451,0.20997,10.143773,-0.170489,10.147379,90.962685,88.814178,1,2,3,4
26.0945396,0.0024528,0.181256,10.155738,-0.153739,10.158519,90.867149,88.977509,1,2,3,4
26.0969906,0.002451,0.183649,10.179666,-0.110668,10.181923,90.622765,88.966454,1,2,3,4
26.0994453,0.0024547,0.205185,10.165309,-0.110668,10.167981,90.623619,88.843651,1,2,3,4
26.1018963,0.002451,0.214756,10.150951,-0.091525,10.153635,90.516472,88.788017,1,2,3,4
26.1043472,0.0024509,0.233898,10.148559,-0.136989,10.152178,90.773148,88.67971,1,2,3,4
26.1068001,0.0024529,0.253041,10.167702,-0.177667,10.172401,91.000755,88.574387,1,2,3,4
26.1092529,0.0024528,0.257827,10.179666,-0.16331,10.184239,90.918808,88.549149,1,2,3,4
26.1117039,0.002451,0.224327,10.129416,-0.168096,10.133295,90.950493,88.731331,1,2,3,4
26.1141567,0.0024528,0.269791,10.14138,-0.175274,10.146482,90.989799,88.47612,1,2,3,4
26.1166096,0.0024529,0.255434,10.158131,-0.177667,10.162894,91.001694,88.559555,1,2,3,4
26.1190605,0.0024509,0.262612,10.131809,-0.132203,10.136074,90.747322,88.515251,1,2,3,4
26.1215115,0.002451,0.262612,10.105488,-0.108275,10.10948,90.613663,88.511383,1,2,3,4
26.1239643,0.0024528,0.236291,10.124631,-0.113061,10.128018,90.639618,88.663055,1,2,3,4
26.1264172,0.0024529,0.233898,10.131809,-0.160917,10.135786,90.909676,88.677528,1,2,3,4
26.1288681,0.0024509,0.219541,10.14138,-0.108275,10.144334,90.611557,88.75985,1,2,3,4
26.1313229,0.0024548,0.178863,10.138988,-0.079561,10.140877,90.449524,88.989342,1,2,3,4
26.1337738,0.0024509,0.221934,10.148559,-0.089133,10.151376,90.503082,88.747223,1,2,3,4
26.1362247,0.0024509,0.212363,10.170094,-0.10349,10.172838,90.582886,88.803772,1,2,3,4
26.1386757,0.002451,0.212363,10.184451,-0.098704,10.187143,90.555153,88.805458,1,2,3,4
26.1411285,0.0024528,0.20997,10.189237,-0.096311,10.191855,90.541443,88.819473,1,2,3,4
26.1435814,0.0024529,0.205185,10.14138,-0.043669,10.14355,90.246666,88.840927,1,2,3,4
26.1460323,0.0024509,0.22672,10.14138,-0.034098,10.143971,90.192596,88.719315,1,2,3,4
26.1484852,0.0024529,0.250648,10.143773,-0.072383,10.147128,90.408714,88.584534,1,2,3,4
26.150938,0.0024528,0.255434,10.158131,-0.06999,10.161583,90.394638,88.559555,1,2,3,4
26.153389,0.002451,0.257827,10.14138,-0.062812,10.144852,90.354744,88.543671,1,2,3,4
26.1558399,0.0024509,0.262612,10.153345,-0.065204,10.15695,90.367821,88.518394,1,2,3,4
26.1582947,0.0024548,0.260219,10.117453,-0.101097,10.121304,90.572311,88.526688,1,2,3,4
26.1607456,0.0024509,0.272184,10.134202,-0.115454,10.138514,90.652481,88.461525,1,2,3,4
26.1631966,0.002451,0.265005,10.146166,-0.093918,10.150061,90.530167,88.503845,1,2,3,4
26.1656494,0.0024528,0.219541,10.146166,-0.096311,10.148997,90.543732,88.760437,1,2,3,4
26.1681023,0.0024529,0.236291,10.158131,-0.091525,10.16129,90.516083,88.667465,1,2,3,4
26.1705532,0.0024509,0.279362,10.158131,-0.129811,10.1628,90.731865,88.42469,1,2,3,4
26.173008,0.0024548,0.183649,10.155738,-0.096311,10.157855,90.543251,88.96402,1,2,3,4
26.1754589,0.0024509,0.221934,10.158131,-0.122632,10.161295,90.691498,88.748405,1,2,3,4
26.1779099,0.002451,0.22672,10.170094,-0.117847,10.173304,90.663727,88.722931,1,2,3,4
26.1803627,0.0024528,0.224327,10.186844,-0.105882,10.189863,90.595367,88.73848,1,2,3,4
26.1828156,0.0024529,0.236291,10.17488,-0.136989,10.178545,90.771149,88.669662,1,2,3,4
26.1852665,0.0024509,0.241077,10.165309,-0.132203,10.169026,90.744904,88.641449,1,2,3,4
26.1877193,0.0024528,0.241077,10.138988,-0.14656,10.142912,90.827927,88.637924,1,2,3,4
26.1901722,0.0024529,0.272184,10.131809,-0.148953,10.136559,90.841972,88.461159,1,2,3,4
26.1926231,0.0024509,0.267398,10.11506,-0.122632,10.119337,90.694359,88.485703,1,2,3,4
26.1950741,0.002451,0.238684,10.103095,-0.14656,10.106977,90.830872,88.646645,1,2,3,4
26.197525,0.0024509,0.272184,10.100702,-0.122632,10.105113,90.695335,88.456421,1,2,3,4
26.1999779,0.0024529,0.291326,10.079167,-0.110668,10.083983,90.628815,88.344398,1,2,3,4
26.2024288,0.0024509,0.284148,10.100702,-0.08674,10.10507,90.491821,88.388611,1,2,3,4
26.2048798,0.002451,0.253041,10.076775,-0.096311,10.080412,90.547432,88.561531,1,2,3,4
26.2073345,0.0024547,0.22672,10.117453,-0.141775,10.120986,90.802628,88.716286,1,2,3,4
26.2097855,0.002451,0.248255,10.131809,-0.18006,10.13645,91.01783,88.59639,1,2,3,4
26.2122364,0.0024509,0.233898,10.134202,-0.170489,10.138334,90.963547,88.677841,1,2,3,4
26.2146873,0.0024509,0.22672,10.138988,-0.172881,10.142995,90.976624,88.719009,1,2,3,4
26.2171421,0.0024548,0.238684,10.138988,-0.151346,10.142925,90.854965,88.651436,1,2,3,4
26.219593,0.0024509,0.229113,10.14138,-0.189631,10.145741,91.070961,88.705803,1,2,3,4
26.222044,0.002451,0.233898,10.17488,-0.223131,10.180014,91.255936,88.683128,1,2,3,4
26.2244968,0.0024528,0.19322,10.14138,-0.19681,10.14513,91.111572,88.908493,1,2,3,4
26.2269497,0.0024529,0.267398,10.150951,-0.148953,10.155565,90.840393,88.491058,1,2,3,4
26.2294025,0.0024528,0.238684,10.124631,-0.115454,10.128101,90.653145,88.649529,1,2,3,4
26.2318573,0.0024548,0.286541,10.127024,-0.105882,10.13163,90.598793,88.379272,1,2,3,4
26.2343082,0.0024509,0.262612,10.127024,-0.101097,10.130933,90.571762,88.514549,1,2,3,4
26.2367611,0.0024529,0.238684,10.122238,-0.067597,10.125278,90.382515,88.649208,1,2,3,4
26.239212,0.0024509,0.236291,10.083953,-0.046062,10.086826,90.261642,88.657669,1,2,3,4
26.2416668,0.0024548,0.248255,10.122238,0.02333,10.125309,89.867981,88.595062,1,2,3,4
26.2441177,0.0024509,0.24347,10.148559,0.020937,10.1515,89.881828,88.625702,1,2,3,4
26.2465687,0.002451,0.224327,10.100702,-0.019741,10.103212,90.111954,88.727722,1,2,3,4
26.2490234,0.0024547,0.219541,10.100702,-0.014955,10.103099,90.084816,88.75486,1,2,3,4
26.2514744,0.002451,0.212363,10.095917,-0.029312,10.098192,90.166313,88.794991,1,2,3,4
26.2539272,0.0024528,0.229113,10.129416,-0.010169,10.132012,90.05751,88.704269,1,2,3,4
26.256382,0.0024548,0.236291,10.14138,-0.072383,10.144391,90.408821,88.665268,1,2,3,4
26.2588329,0.0024509,0.236291,10.146166,-0.105882,10.149468,90.59774,88.665894,1,2,3,4
26.2612858,0.0024529,0.22672,10.131809,-0.113061,10.134975,90.639175,88.718102,1,2,3,4
26.2637367,0.0024509,0.219541,10.14138,-0.10349,10.144284,90.584526,88.75985,1,2,3,4
26.2661915,0.0024548,0.255434,10.124631,-0.125025,10.128624,90.70726,88.554794,1,2,3,4
26.2686424,0.0024509,0.255434,10.136595,-0.187238,10.141541,91.057884,88.556496,1,2,3,4
26.2710953,0.0024529,0.272184,10.138988,-0.141775,10.143631,90.800835,88.46225,1,2,3,4
26.27355,0.0024547,0.272184,10.095917,-0.122632,10.100329,90.695671,88.455696,1,2,3,4
26.2760029,0.0024529,0.267398,10.069596,-0.105882,10.073702,90.602234,88.478867,1,2,3,4
26.2784538,0.0024509,0.253041,10.083953,-0.074776,10.087404,90.424728,88.562553,1,2,3,4
26.2809086,0.0024548,0.274576,10.09831,-0.079561,10.102355,90.451241,88.44249,1,2,3,4
26.2833614,0.0024528,0.255434,10.088738,-0.098704,10.092454,90.560364,88.549652,1,2,3,4
26.2858124,0.002451,0.245863,10.105488,-0.093918,10.108914,90.532326,88.606293,1,2,3,4
26.2882671,0.0024547,0.260219,10.11506,-0.10349,10.118936,90.585991,88.526337,1,2,3,4
26.2907181,0.002451,0.253041,10.150951,-0.077169,10.154399,90.435425,88.572037,1,2,3,4
26.293169,0.0024509,0.248255,10.138988,-0.093918,10.142461,90.530563,88.597382,1,2,3,4
26.29562,0.002451,0.255434,10.165309,-0.153739,10.16968,90.866196,88.560577,1,2,3,4
26.2980747,0.0024547,0.198006,10.119845,-0.187238,10.123514,91.059769,88.879089,1,2,3,4
26.3005257,0.002451,0.272184,10.153345,-0.230309,10.159603,91.298958,88.464424,1,2,3,4
26.3029766,0.0024509,0.233898,10.146166,-0.187238,10.150588,91.056938,88.679398,1,2,3,4
26.3054295,0.0024529,0.250648,10.127024,-0.160917,10.131403,90.910072,88.582191,1,2,3,4
26.3078823,0.0024528,0.269791,10.103095,-0.201595,10.108707,91.142708,88.470352,1,2,3,4
26.3103333,0.002451,0.200399,10.100702,-0.223131,10.105154,91.265244,88.863396,1,2,3,4
26.3127861,0.0024528,0.250648,10.052846,-0.203988,10.05804,91.162102,88.571739,1,2,3,4
26.315237,0.0024509,0.229113,10.076775,-0.177667,10.080944,91.009834,88.69751,1,2,3,4
26.317688,0.002451,0.257827,10.043275,-0.108275,10.047168,90.61747,88.529449,1,2,3,4
26.3201408,0.0024528,0.276969,10.06481,-0.115454,10.069283,90.656967,88.423698,1,2,3,4
26.3225937,0.0024529,0.212363,10.045668,-0.120239,10.048632,90.6856,88.788963,1,2,3,4
26.3250446,0.0024509,0.238684,10.052846,-0.115454,10.056342,90.657806,88.639885,1,2,3,4
26.3274956,0.002451,0.190828,10.033704,-0.120239,10.036239,90.686447,88.910439,1,2,3,4
26.3299465,0.0024509,0.238684,10.08156,-0.093918,10.084823,90.533592,88.643761,1,2,3,4
26.3323994,0.0024529,0.262612,10.06481,-0.10349,10.068768,90.588913,88.505371,1,2,3,4
26.3348522,0.0024528,0.248255,10.122238,-0.084347,10.125633,90.47728,88.595062,1,2,3,4
26.3373032,0.002451,0.262612,10.119845,-0.072383,10.123511,90.409668,88.513496,1,2,3,4
26.339756,0.0024528,0.255434,10.158131,-0.093918,10.161776,90.529556,88.559555,1,2,3,4
26.342207,0.002451,0.24347,10.153345,-0.10349,10.156792,90.583809,88.62635,1,2,3,4
26.3446579,0.0024509,0.253041,10.170094,-0.08674,10.173612,90.48851,88.574722,1,2,3,4
26.3471088,0.0024509,0.288933,10.124631,-0.096311,10.12921,90.544792,88.365356,1,2,3,4
26.3495636,0.0024548,0.265005,10.11506,-0.091525,10.118945,90.518242,88.499245,1,2,3,4
26.3520145,0.0024509,0.253041,10.138988,-0.10349,10.142673,90.584618,88.570351,1,2,3,4
26.3544655,0.002451,0.248255,10.069596,-0.074776,10.072933,90.425339,88.587715,1,2,3,4
26.3569183,0.0024528,0.245863,10.107881,-0.072383,10.11113,90.410172,88.606621,1,2,3,4
26.3593693,0.002451,0.248255,10.103095,-0.077169,10.10644,90.437492,88.5924,1,2,3,4
26.3618202,0.0024509,0.253041,10.09831,-0.096311,10.101938,90.546265,88.564598,1,2,3,4
26.3642731,0.0024529,0.245863,10.09831,-0.110668,10.101908,90.627701,88.605301,1,2,3,4
26.3667259,0.0024528,0.224327,10.069596,-0.058026,10.072262,90.330078,88.723793,1,2,3,4
26.3691769,0.002451,0.198006,10.083953,-0.091525,10.086312,90.51992,88.875099,1,2,3,4
26.3716278,0.0024509,0.200399,10.067204,-0.101097,10.069706,90.575241,88.859612,1,2,3,4
26.3740807,0.0024529,0.233898,10.129416,-0.10349,10.132646,90.585197,88.677216,1,2,3,4
26.3765316,0.0024509,0.265005,10.09831,-0.113061,10.102419,90.641235,88.496758,1,2,3,4
26.3789825,0.0024509,0.212363,10.076775,-0.122632,10.079758,90.69709,88.792702,1,2,3,4
26.3814354,0.0024529,0.245863,10.091131,-0.101097,10.094632,90.573822,88.604309,1,2,3,4
26.3838882,0.0024528,0.236291,10.076775,-0.129811,10.08038,90.737846,88.656715,1,2,3,4
26.3863392,0.002451,0.241077,10.08156,-0.151346,10.085578,90.859825,88.630165,1,2,3,4
26.388792,0.0024528,0.279362,10.031311,-0.148953,10.036305,90.85038,88.404785,1,2,3,4
26.3912449,0.0024529,0.241077,10.057631,-0.125025,10.061297,90.711998,88.626907,1,2,3,4
26.3936958,0.0024509,0.274576,10.055239,-0.132203,10.059855,90.752983,88.435822,1,2,3,4
26.3961487,0.0024529,0.238684,10.08156,-0.108275,10.084967,90.615158,88.643761,1,2,3,4
26.3985996,0.0024509,0.214756,10.057631,-0.108275,10.060507,90.616653,88.776779,1,2,3,4
26.4010525,0.0024529,0.253041,10.062417,-0.129811,10.066436,90.738869,88.559479,1,2,3,4
26.4035034,0.0024509,0.231506,10.071989,-0.079561,10.074964,90.452469,88.683281,1,2,3,4
26.4059563,0.0024529,0.233898,10.069596,-0.098704,10.072796,90.561455,88.669365,1,2,3,4
26.4084091,0.0024528,0.212363,10.079167,-0.089133,10.081799,90.506554,88.792984,1,2,3,4
26.4108601,0.002451,0.219541,10.088738,-0.077169,10.091422,90.438141,88.75338,1,2,3,4
26.4133129,0.0024528,0.248255,10.086346,-0.10349,10.089931,90.587677,88.590065,1,2,3,4
26.4157639,0.002451,0.205185,10.112667,-0.120239,10.115463,90.681076,88.837639,1,2,3,4
26.4182167,0.0024528,0.248255,10.105488,-0.151346,10.10967,90.857773,88.592735,1,2,3,4
26.4206676,0.0024509,0.245863,10.093524,-0.139382,10.09748,90.790916,88.604637,1,2,3,4
26.4231205,0.0024529,0.238684,10.076775,-0.156132,10.080811,90.887436,88.643112,1,2,3,4
26.4255733,0.0024528,0.231506,10.086346,-0.153739,10.090174,90.873024,88.685158,1,2,3,4
26.4280243,0.002451,0.229113,10.076775,-0.134596,10.080277,90.76506,88.69751,1,2,3,4
26.4304771,0.0024528,0.248255,10.095917,-0.132203,10.099833,90.750008,88.5914,1,2,3,4
26.43293,0.0024529,0.217149,10.06481,-0.122632,10.067899,90.697906,88.76403,1,2,3,4
26.4353809,0.0024509,0.224327,10.052846,-0.093918,10.055787,90.535133,88.721672,1,2,3,4
26.4378319,0.002451,0.260219,10.04806,-0.08674,10.051804,90.494431,88.516518,1,2,3,4
26.4402847,0.0024528,0.221934,10.074382,-0.139382,10.07779,90.792458,88.737999,1,2,3,4
26.4427376,0.0024529,0.236291,10.055239,-0.096311,10.058475,90.548622,88.653839,1,2,3,4
26.4451885,0.0024509,0.248255,10.038489,-0.115454,10.042222,90.658737,88.583344,1,2,3,4
26.4476395,0.002451,0.24347,10.052846,-0.122632,10.056541,90.6987,88.612625,1,2,3,4
26.4500942,0.0024547,0.255434,10.06481,-0.148953,10.069153,90.84761,88.546211,1,2,3,4
26.4525452,0.002451,0.19322,10.088738,-0.127418,10.091393,90.723457,88.902802,1,2,3,4
26.4549961,0.0024509,0.253041,10.095917,-0.117847,10.099775,90.668556,88.564255,1,2,3,4
26.4574471,0.002451,0.20997,10.08156,-0.113061,10.08438,90.642387,88.806862,1,2,3,4
26.4599018,0.0024547,0.229113,10.100702,-0.125025,10.104074,90.708977,88.700592,1,2,3,4
26.4623528,0.002451,0.229113,10.095917,-0.117847,10.099203,90.668594,88.699974,1,2,3,4
26.4648037,0.0024509,0.217149,10.079167,-0.098704,10.081989,90.560944,88.765793,1,2,3,4
26.4672546,0.0024509,0.22672,10.08156,-0.098704,10.084592,90.560799,88.711716,1,2,3,4
26.4697094,0.0024548,0.276969,10.079167,-0.074776,10.083249,90.424896,88.425941,1,2,3,4
26.4721603,0.0024509,0.241077,10.076775,-0.067597,10.079885,90.384239,88.629517,1,2,3,4
26.4746113,0.002451,0.207577,10.040882,-0.05324,10.043169,90.303734,88.815681,1,2,3,4
26.4770641,0.0024528,0.231506,10.052846,-0.096311,10.055973,90.548759,88.680779,1,2,3,4
26.479517,0.0024529,0.22672,10.08156,-0.115454,10.08477,90.655952,88.711716,1,2,3,4
26.4819679,0.0024509,0.231506,10.036097,-0.074776,10.039045,90.426773,88.678574,1,2,3,4
26.4844208,0.0024529,0.260219,10.083953,-0.110668,10.087916,90.628571,88.52179,1,2,3,4
26.4868736,0.0024528,0.224327,10.074382,-0.081954,10.077212,90.465973,88.724403,1,2,3,4
26.4893246,0.002451,0.236291,10.071989,-0.105882,10.075316,90.602135,88.656075,1,2,3,4
26.4917755,0.0024509,0.253041,10.055239,-0.141775,10.059422,90.807541,88.558449,1,2,3,4
26.4942284,0.0024529,0.233898,10.074382,-0.101097,10.077604,90.574791,88.669998,1,2,3,4
26.4966812,0.0024528,0.233898,10.069596,-0.156132,10.073523,90.888077,88.669365,1,2,3,4
26.4991322,0.002451,0.274576,10.086346,-0.148953,10.091182,90.845757,88.440643,1,2,3,4
26.501585,0.0024528,0.248255,10.009775,-0.156132,10.014071,90.893349,88.579285,1,2,3,4
26.5040379,0.0024529,0.262612,10.038489,-0.132203,10.042794,90.754265,88.50145,1,2,3,4
26.5064888,0.0024509,0.224327,10.031311,-0.148953,10.034925,90.850502,88.718925,1,2,3,4
26.5089397,0.0024509,0.219541,10.014561,-0.101097,10.017477,90.578239,88.744148,1,2,3,4
26.5113945,0.0024548,0.250648,10.012168,-0.074776,10.015584,90.427773,88.565933,1,2,3,4
26.5138454,0.0024509,0.250648,10.026525,-0.091525,10.030076,90.522835,88.567986,1,2,3,4
26.5162964,0.002451,0.219541,10.04806,-0.08674,10.050833,90.494476,88.748337,1,2,3,4
26.5187492,0.0024528,0.245863,10.050453,-0.060419,10.053641,90.34433,88.598663,1,2,3,4
26.5212021,0.0024529,0.262612,10.069596,-0.060419,10.073201,90.343658,88.506081,1,2,3,4
26.523653,0.0024509,0.229113,10.067204,-0.060419,10.069991,90.343773,88.696266,1,2,3,4
26.526104,0.002451,0.257827,10.074382,-0.110668,10.078288,90.629166,88.533989,1,2,3,4
26.5285568,0.0024528,0.22672,10.083953,-0.156132,10.087709,90.886826,88.712021,1,2,3,4
26.5310078,0.002451,0.219541,10.095917,-0.129811,10.099138,90.736481,88.754265,1,2,3,4
26.5334587,0.0024509,0.200399,10.079167,-0.122632,10.081905,90.696938,88.86097,1,2,3,4
26.5359135,0.0024548,0.231506,10.119845,-0.139382,10.123452,90.788887,88.689507,1,2,3,4
26.5383644,0.0024509,0.200399,10.06481,-0.132203,10.067673,90.752403,88.859344,1,2,3,4
26.5408173,0.0024529,0.19322,10.093524,-0.141775,10.096369,90.804581,88.90332,1,2,3,4
26.5432682,0.0024509,0.212363,10.067204,-0.141775,10.070441,90.806656,88.79155,1,2,3,4
26.5457211,0.0024529,0.24347,10.050453,-0.098704,10.053886,90.562508,88.612297,1,2,3,4
26.5481739,0.0024528,0.245863,10.055239,-0.093918,10.058682,90.534981,88.599327,1,2,3,4
26.5506248,0.0024509,0.236291,10.052846,-0.091525,10.056039,90.521484,88.653519,1,2,3,4
26.5530777,0.0024529,0.229113,10.026525,-0.120239,10.029863,90.68689,88.690979,1,2,3,4
26.5555286,0.0024509,0.272184,10.045668,-0.110668,10.049963,90.630943,88.447975,1,2,3,4
26.5579796,0.002451,0.265005,10.00499,-0.110668,10.00911,90.633514,88.482742,1,2,3,4
26.5604305,0.0024509,0.233898,10.000204,-0.084347,10.003295,90.483116,88.660133,1,2,3,4
26.5628834,0.0024529,0.260219,10.009775,-0.125025,10.013938,90.715363,88.510841,1,2,3,4
26.5653362,0.0024528,0.238684,10.00499,-0.089133,10.008233,90.510277,88.633385,1,2,3,4
26.5677872,0.002451,0.250648,10.019346,-0.08674,10.022857,90.495857,88.566963,1,2,3,4
26.57024,0.0024528,0.229113,10.033704,-0.081954,10.036654,90.46785,88.691917,1,2,3,4
26.5726929,0.0024529,0.219541,10.033704,-0.139382,10.037073,90.795677,88.746544,1,2,3,4
26.5751438,0.0024509,0.219541,10.060024,-0.125025,10.063196,90.711861,88.749825,1,2,3,4
26.5775948,0.002451,0.224327,10.04806,-0.132203,10.051434,90.753616,88.721062,1,2,3,4
26.5800495,0.0024547,0.188435,10.069596,-0.108275,10.071941,90.615952,88.927933,1,2,3,4
26.5825005,0.002451,0.212363,10.057631,-0.077169,10.060169,90.439507,88.790398,1,2,3,4
26.5849514,0.0024509,0.200399,10.021739,-0.08674,10.024117,90.495796,88.854439,1,2,3,4
26.5874043,0.0024529,0.241077,10.040882,-0.122632,10.044524,90.699532,88.624619,1,2,3,4
26.5898552,0.0024509,0.224327,10.04806,-0.108275,10.051147,90.617226,88.721062,1,2,3,4
26.5923061,0.0024509,0.205185,10.033704,-0.038883,10.035876,90.221992,88.828491,1,2,3,4
26.5947571,0.002451,0.274576,10.043275,-0.029312,10.047071,90.16716,88.43396,1,2,3,4
26.5972099,0.0024528,0.200399,10.057631,-0.055633,10.059782,90.316864,88.858528,1,2,3,4
26.5996628,0.0024529,0.236291,10.067204,-0.084347,10.07033,90.479904,88.655434,1,2,3,4
26.6021137,0.0024509,0.238684,10.043275,-0.101097,10.046619,90.576561,88.638588,1,2,3,4
26.6045666,0.0024529,0.241077,10.050453,-0.144168,10.054378,90.821579,88.625931,1,2,3,4
26.6070156,0.002449,0.255434,10.052846,-0.101097,10.056599,90.575989,88.544479,1,2,3,4
26.6094685,0.0024529,0.24347,10.043275,-0.129811,10.047065,90.740295,88.611305,1,2,3,4
26.6119194,0.0024509,0.224327,10.045668,-0.132203,10.049042,90.753792,88.720757,1,2,3,4
26.6143723,0.0024529,0.24347,10.028918,-0.16331,10.033202,90.93264,88.609314,1,2,3,4
26.6168232,0.0024509,0.245863,10.024133,-0.151346,10.02829,90.864738,88.594986,1,2,3,4
26.619276,0.0024528,0.245863,9.990633,-0.160917,9.994953,90.922493,88.590279,1,2,3,4
26.6217289,0.0024529,0.262612,10.002597,-0.160917,10.007338,90.921349,88.496078,1,2,3,4
26.6241798,0.0024509,0.20997,9.98824,-0.151346,9.991593,90.867912,88.795723,1,2,3,4
26.6266327,0.0024529,0.233898,9.990633,-0.141775,9.994377,90.812798,88.658852,1,2,3,4
26.6290836,0.0024509,0.24347,9.969097,-0.10349,9.972607,90.594589,88.600975,1,2,3,4
26.6315365,0.0024529,0.24347,10.009775,-0.117847,10.01343,90.674324,88.606659,1,2,3,4
26.6339874,0.0024509,0.286541,9.985847,-0.08674,9.990335,90.497467,88.356369,1,2,3,4
26.6364403,0.0024529,0.219541,9.983455,-0.046062,9.985974,90.26429,88.740242,1,2,3,4
26.6388931,0.0024528,0.262612,9.983455,-0.048455,9.987025,90.277985,88.493195,1,2,3,4
26.6413441,0.002451,0.253041,9.981061,-0.072383,9.98453,90.415367,88.547745,1,2,3,4
26.643795,0.0024509,0.229113,9.990633,-0.105882,9.99382,90.607048,88.686279,1,2,3,4
26.646246,0.002451,0.241077,10.031311,-0.072383,10.034469,90.4133,88.623306,1,2,3,4
26.6486988,0.0024528,0.233898,10.019346,-0.098704,10.022562,90.56427,88.662689,1,2,3,4
26.6511497,0.0024509,0.253041,10.04806,-0.120239,10.051966,90.685379,88.557419,1,2,3,4
26.6536026,0.0024529,0.221934,10.040882,-0.158524,10.044585,90.904282,88.733795,1,2,3,4
26.6560555,0.0024529,0.195613,10.040882,-0.158524,10.044039,90.904335,88.883926,1,2,3,4
26.6585064,0.0024509,0.195613,10.050453,-0.160917,10.053644,90.917107,88.884987,1,2,3,4
26.6609573,0.0024509,0.250648,10.043275,-0.141775,10.047402,90.808502,88.570374,1,2,3,4
26.6634083,0.002451,0.22672,10.038489,-0.16331,10.042377,90.931793,88.706192,1,2,3,4
26.6658611,0.0024528,0.245863,10.038489,-0.160917,10.042789,90.918098,88.596992,1,2,3,4
26.6683121,0.002451,0.257827,10.045668,-0.136989,10.04991,90.781013,88.5298,1,2,3,4
26.6707649,0.0024528,0.260219,10.021739,-0.110668,10.025727,90.632469,88.512619,1,2,3,4
26.673214,0.0024491,0.207577,9.990633,-0.096311,9.993254,90.5522,88.809723,1,2,3,4
26.6756687,0.0024547,0.267398,10.028918,-0.101097,10.032992,90.577347,88.472702,1,2,3,4
26.6781197,0.002451,0.22672,9.995419,-0.060419,9.998172,90.346237,88.700615,1,2,3,4
26.6805706,0.0024509,0.248255,10.000204,-0.077169,10.003583,90.441986,88.577919,1,2,3,4
26.6830235,0.0024529,0.231506,9.997811,-0.096311,10.000956,90.551781,88.673515,1,2,3,4
26.6854744,0.0024509,0.255434,9.997811,-0.098704,10.001561,90.565453,88.536469,1,2,3,4
26.6879272,0.0024528,0.221934,9.993026,-0.072383,9.995752,90.414902,88.72773,1,2,3,4
26.6903782,0.002451,0.229113,10.002597,-0.05324,10.005362,90.304886,88.687851,1,2,3,4
26.692831,0.0024528,0.250648,10.007382,-0.08674,10.010897,90.496445,88.565254,1,2,3,4
26.695282,0.002451,0.245863,10.00499,-0.113061,10.008648,90.647247,88.5923,1,2,3,4
26.6977348,0.0024528,0.221934,10.021739,-0.122632,10.024946,90.700897,88.731377,1,2,3,4
26.7001877,0.0024529,0.219541,10.014561,-0.14656,10.018039,90.838249,88.744148,1,2,3,4
26.7026386,0.0024509,0.253041,9.997811,-0.081954,10.001348,90.469505,88.550171,1,2,3,4
26.7050896,0.002451,0.207577,10.002597,-0.098704,10.005238,90.565247,88.81115,1,2,3,4
26.7075405,0.0024509,0.181256,10.000204,-0.084347,10.002202,90.48317,88.961617,1,2,3,4
26.7099934,0.0024529,0.214756,10.040882,-0.125025,10.043957,90.713226,88.774734,1,2,3,4
26.7124443,0.0024509,0.233898,10.014561,-0.122632,10.018043,90.701385,88.662056,1,2,3,4
26.7148972,0.0024529,0.253041,10.019346,-0.125025,10.023321,90.714691,88.553291,1,2,3,4
26.71735,0.0024528,0.22672,10.036097,-0.110668,10.039267,90.631615,88.705879,1,2,3,4
26.7198009,0.0024509,0.253041,9.983455,-0.06999,9.986906,90.401543,88.548088,1,2,3,4
26.7222519,0.002451,0.236291,10.002597,-0.089133,10.005784,90.510406,88.646751,1,2,3,4
26.7247047,0.0024528,0.265005,10.014561,-0.093918,10.018507,90.537125,88.484192,1,2,3,4
26.7271576,0.0024529,0.255434,9.993026,-0.110668,9.996902,90.634293,88.535767,1,2,3,4
26.7296085,0.0024509,0.245863,9.995419,-0.062812,9.998639,90.359932,88.59095,1,2,3,4
26.7320614,0.0024529,0.233898,10.009775,-0.077169,10.012805,90.441582,88.661415,1,2,3,4
26.7345142,0.0024528,0.200399,9.993026,-0.08674,9.995411,90.497215,88.851151,1,2,3,4
26.7369652,0.002451,0.219541,10.00499,-0.110668,10.00801,90.633583,88.74295,1,2,3,4
26.7394161,0.0024509,0.229113,10.012168,-0.125025,10.01557,90.715248,88.689102,1,2,3,4
26.741869,0.0024529,0.24347,10.007382,-0.16331,10.011676,90.934647,88.606323,1,2,3,4
26.7443218,0.0024528,0.253041,9.98824,-0.141775,9.992452,90.81295,88.548782,1,2,3,4
26.7467728,0.002451,0.255434,9.983455,-0.151346,9.987868,90.868233,88.534363,1,2,3,4
26.7492237,0.0024509,0.236291,9.981061,-0.14656,9.984933,90.841026,88.643837,1,2,3,4
26.7516766,0.0024529,0.233898,10.012168,-0.127418,10.01571,90.728928,88.661736,1,2,3,4
26.7541294,0.0024528,0.217149,9.993026,-0.132203,9.99626,90.757774,88.755157,1,2,3,4
26.7565804,0.002451,0.229113,9.97149,-0.136989,9.975062,90.786873,88.683762,1,2,3,4
26.7590313,0.0024509,0.250648,9.997811,-0.117847,10.001647,90.675117,88.563881,1,2,3,4
26.7614841,0.0024528,0.274576,9.995419,-0.132203,10.000063,90.757484,88.426468,1,2,3,4
26.763937,0.0024529,0.250648,9.997811,-0.077169,10.001251,90.442093,88.563881,1,2,3,4
26.7663879,0.0024509,0.265005,10.014561,-0.074776,10.018346,90.42765,88.484192,1,2,3,4
26.7688408,0.0024529,0.260219,10.019346,-0.08674,10.0231,90.495842,88.512268,1,2,3,4
26.7712936,0.0024528,0.207577,10.024133,-0.079561,10.026598,90.454651,88.813705,1,2,3,4
26.7737446,0.002451,0.24347,10.016953,-0.093918,10.020352,90.537025,88.607658,1,2,3,4
26.7761955,0.0024509,0.255434,10.021739,-0.113061,10.025631,90.646149,88.539963,1,2,3,4
26.7786503,0.0024548,0.221934,10.007382,-0.113061,10.010482,90.647125,88.729553,1,2,3,4
26.7811012,0.0024509,0.241077,9.997811,-0.105882,10.001278,90.606598,88.618698,1,2,3,4
26.7835522,0.002451,0.24347,10.009775,-0.084347,10.013091,90.482643,88.606659,1,2,3,4
26.786005,0.0024528,0.236291,9.995419,-0.081954,9.998547,90.469635,88.645782,1,2,3,4
26.788456,0.002451,0.24347,9.997811,-0.093918,10.001217,90.538055,88.604988,1,2,3,4
26.7909069,0.0024509,0.238684,10.009775,-0.120239,10.013343,90.688019,88.634033,1,2,3,4
26.7933578,0.0024509,0.229113,9.973883,-0.129811,9.977358,90.745468,88.684074,1,2,3,4
26.7958107,0.0024529,0.255434,9.995419,-0.091525,9.999101,90.52446,88.536118,1,2,3,4
26.7982616,0.0024509,0.238684,9.966704,-0.091525,9.969982,90.525986,88.628136,1,2,3,4
26.8007145,0.0024529,0.24347,9.973883,-0.151346,9.978002,90.869095,88.601646,1,2,3,4
26.8031673,0.0024528,0.298505,9.981061,-0.120239,9.986248,90.689888,88.286957,1,2,3,4
26.8056183,0.002451,0.238684,9.952348,-0.101097,9.955723,90.581825,88.62616,1,2,3,4
26.8080692,0.0024509,0.233898,9.97149,-0.091525,9.974653,90.525742,88.656273,1,2,3,4
26.8105202,0.002451,0.253041,9.969097,-0.077169,9.972607,90.443359,88.545998,1,2,3,4
26.812973,0.0024528,0.267398,9.954741,-0.072383,9.958594,90.416451,88.461327,1,2,3,4
26.8154259,0.0024529,0.250648,9.947562,-0.074776,9.951001,90.43055,88.556625,1,2,3,4
26.8178768,0.0024509,0.241077,9.966704,-0.139382,9.970593,90.80098,88.614388,1,2,3,4
26.8203297,0.0024529,0.233898,9.985847,-0.115454,9.989254,90.662224,88.658203,1,2,3,4
26.8227825,0.0024528,0.253041,10.000204,-0.144168,10.004444,90.825684,88.550522,1,2,3,4
26.8252335,0.002451,0.262612,9.985847,-0.122632,9.990052,90.703346,88.493561,1,2,3,4
26.8276844,0.0024509,0.284148,9.990633,-0.175274,9.99621,91.004677,88.370865,1,2,3,4
26.8301392,0.0024548,0.217149,9.976275,-0.223131,9.981133,91.280968,88.753067,1,2,3,4
26.8325901,0.0024509,0.236291,10.016953,-0.160917,10.021032,90.92009,88.648689,1,2,3,4
26.835041,0.0024509,0.245863,9.976275,-0.101097,9.979816,90.580421,88.588249,1,2,3,4
26.8374939,0.0024529,0.269791,9.97149,-0.077169,9.975437,90.443237,88.450172,1,2,3,4
26.8399467,0.0024528,0.205185,9.983455,-0.232702,9.988274,91.334969,88.822594,1,2,3,4
26.8423977,0.002451,0.231506,9.98824,-0.160917,9.992219,90.922745,88.672249,1,2,3,4
26.8448505,0.0024528,0.245863,9.978668,-0.113061,9.982337,90.648949,88.588585,1,2,3,4
26.8473034,0.0024529,0.245863,9.954741,-0.05324,9.957918,90.306335,88.585197,1,2,3,4
26.8497543,0.0024509,0.207577,9.983455,-0.115454,9.986279,90.662422,88.808868,1,2,3,4
26.8522072,0.0024529,0.221934,9.966704,-0.177667,9.970758,91.020996,88.724373,1,2,3,4
26.85466,0.0024528,0.221934,9.957133,-0.144168,9.960649,90.829315,88.723145,1,2,3,4
26.8571129,0.0024529,0.238684,9.957133,-0.089133,9.960392,90.512733,88.626816,1,2,3,4
26.8595638,0.0024509,0.236291,9.949955,-0.072383,9.953024,90.416687,88.639595,1,2,3,4
26.8620167,0.0024529,0.19322,9.966704,-0.06999,9.968822,90.402267,88.889366,1,2,3,4
26.8644695,0.0024528,0.212363,9.942777,-0.113061,9.945687,90.651344,88.776436,1,2,3,4
26.8669205,0.002451,0.20997,9.918848,-0.08674,9.92145,90.500923,88.7873,1,2,3,4
26.8693733,0.0024528,0.241077,9.959526,-0.067597,9.962673,90.388756,88.613388,1,2,3,4
26.8718262,0.0024529,0.257827,9.947562,-0.084347,9.951261,90.485649,88.515305,1,2,3,4
26.8742771,0.0024509,0.250648,9.973883,-0.060419,9.977215,90.34697,88.560432,1,2,3,4
26.8767281,0.002451,0.245863,9.957133,-0.101097,9.960681,90.581535,88.585533,1,2,3,4
26.8791809,0.0024528,0.22672,9.940384,-0.108275,9.943559,90.623901,88.693428,1,2,3,4
26.8816338,0.0024529,0.24347,9.947562,-0.046062,9.950648,90.265228,88.597946,1,2,3,4
26.8840847,0.0024509,0.253041,9.964312,-0.091525,9.967944,90.526093,88.545303,1,2,3,4
26.8865356,0.0024509,0.241077,9.945169,-0.065204,9.948304,90.375534,88.611389,1,2,3,4
26.8889904,0.0024548,0.221934,9.933205,-0.084347,9.936042,90.486389,88.72007,1,2,3,4
26.8914413,0.0024509,0.224327,10.000204,-0.084347,10.003076,90.483131,88.714943,1,2,3,4
26.8938923,0.002451,0.219541,9.97149,-0.077169,9.974205,90.443291,88.738724,1,2,3,4
26.896347,0.0024547,0.250648,9.947562,-0.046062,9.950827,90.265221,88.556625,1,2,3,4
26.898798,0.002451,0.238684,9.976275,-0.081954,9.979466,90.470535,88.629448,1,2,3,4
26.9012489,0.0024509,0.229113,9.959526,-0.084347,9.962519,90.4851,88.682175,1,2,3,4
26.9036999,0.002451,0.238684,9.949955,-0.139382,9.953793,90.80233,88.625824,1,2,3,4
26.9061527,0.0024528,0.233898,9.964312,-0.125025,9.967841,90.718674,88.655312,1,2,3,4
26.9086037,0.002451,0.291326,9.964312,-0.067597,9.968799,90.388519,88.325325,1,2,3,4
26.9110565,0.0024528,0.241077,9.947562,-0.08674,9.950861,90.499443,88.611725,1,2,3,4
26.9135094,0.0024529,0.236291,9.959526,-0.096311,9.962794,90.553894,88.640907,1,2,3,4
26.9159603,0.0024509,0.22672,9.973883,-0.122632,9.977213,90.704254,88.697815,1,2,3,4
26.9184113,0.002451,0.238684,9.945169,-0.151346,9.949184,90.871613,88.625168,1,2,3,4
26.9208622,0.0024509,0.238684,9.930812,-0.141775,9.934691,90.81768,88.623177,1,2,3,4
26.923315,0.0024528,0.207577,9.981061,-0.113061,9.98386,90.648849,88.808586,1,2,3,4
26.9257679,0.0024529,0.224327,9.961919,-0.129811,9.96529,90.746368,88.710007,1,2,3,4
26.9282188,0.0024509,0.221934,9.969097,-0.165703,9.972944,90.952026,88.724678,1,2,3,4
26.9306717,0.0024529,0.202792,9.954741,-0.225524,9.959359,91.297539,88.83297,1,2,3,4
26.9331226,0.0024509,0.202792,9.959526,-0.187238,9.96335,91.076805,88.833527,1,2,3,4
26.9355736,0.002451,0.231506,9.942777,-0.199202,9.947467,91.147453,88.666176,1,2,3,4
26.9380245,0.0024509,0.200399,9.916455,-0.16331,9.919825,90.943306,88.842285,1,2,3,4
26.9404774,0.0024529,0.224327,9.933205,-0.160917,9.93704,90.927872,88.706276,1,2,3,4
26.9429302,0.0024528,0.236291,9.926026,-0.125025,9.929626,90.721436,88.636322,1,2,3,4
26.9453812,0.002451,0.265005,9.954741,-0.134596,9.959177,90.774368,88.47509,1,2,3,4
26.947834,0.0024528,0.22672,9.921241,-0.158524,9.925097,90.915169,88.690903,1,2,3,4
26.9502869,0.0024529,0.236291,9.928419,-0.110668,9.931847,90.638443,88.63665,1,2,3,4
26.9527378,0.0024509,0.281755,9.93799,-0.081954,9.942321,90.47229,88.376022,1,2,3,4
26.9551888,0.002451,0.279362,9.935597,-0.081954,9.939861,90.472412,88.38942,1,2,3,4
26.9576416,0.0024528,0.276969,9.933205,-0.08674,9.937444,90.500114,88.402824,1,2,3,4
26.9600925,0.0024509,0.236291,9.933205,-0.074776,9.936296,90.431183,88.637306,1,2,3,4
26.9625435,0.002451,0.250648,9.940384,-0.058026,9.943713,90.334351,88.555588,1,2,3,4
26.9649982,0.0024547,0.262612,9.981061,-0.058026,9.984684,90.332977,88.492836,1,2,3,4
26.9674492,0.002451,0.202792,9.976275,-0.041276,9.978421,90.237007,88.835487,1,2,3,4
26.9699001,0.0024509,0.236291,9.947562,-0.089133,9.950768,90.513229,88.639267,1,2,3,4
26.9723511,0.002451,0.231506,9.942777,-0.113061,9.946115,90.651314,88.666176,1,2,3,4
26.9748039,0.0024528,0.241077,9.930812,-0.113061,9.934381,90.652084,88.609383,1,2,3,4
26.9772549,0.002451,0.198006,9.961919,-0.06999,9.964132,90.402458,88.86132,1,2,3,4
26.9797077,0.0024528,0.190828,9.935597,-0.060419,9.937613,90.348351,88.899689,1,2,3,4
26.9821606,0.0024529,0.229113,9.894919,-0.074776,9.897854,90.432861,88.673576,1,2,3,4
26.9846115,0.0024509,0.190828,9.949955,-0.055633,9.951941,90.320297,88.901276,1,2,3,4
26.9870644,0.0024529,0.229113,9.923634,-0.067597,9.926508,90.390175,88.677414,1,2,3,4
26.9895153,0.0024509,0.253041,9.909277,-0.048455,9.912626,90.280075,88.537224,1,2,3,4
26.9919682,0.0024529,0.219541,9.935597,-0.072383,9.938286,90.417305,88.734169,1,2,3,4
26.9944191,0.0024509,0.248255,9.959526,-0.079561,9.962937,90.45755,88.572121,1,2,3,4
26.99687,0.0024509,0.298505,9.933205,-0.089133,9.938088,90.513878,88.278709,1,2,3,4
26.999321,0.002451,0.279362,9.949955,-0.122632,9.954631,90.705849,88.391747,1,2,3,4
27.0017757,0.0024547,0.255434,9.949955,-0.08674,9.953611,90.499306,88.529434,1,2,3,4
27.0042267,0.002451,0.250648,9.935597,-0.098704,9.939249,90.569,88.554886,1,2,3,4
27.0066776,0.0024509,0.248255,9.935597,-0.129811,9.939547,90.748306,88.56868,1,2,3,4
27.0091305,0.0024529,0.20997,9.91167,-0.19681,9.915847,91.137283,88.786423,1,2,3,4
27.0115814,0.0024509,0.229113,9.947562,-0.148953,9.951315,90.857643,88.680595,1,2,3,4
27.0140343,0.0024529,0.212363,9.942777,-0.182453,9.946718,91.051033,88.776436,1,2,3,4
27.0164852,0.0024509,0.200399,9.942777,-0.160917,9.946098,90.927025,88.845345,1,2,3,4
27.0189381,0.0024529,0.217149,9.959526,-0.16331,9.963232,90.939194,88.750969,1,2,3,4
27.021389,0.0024509,0.200399,9.961919,-0.151346,9.965084,90.870224,88.847565,1,2,3,4
27.02384,0.002451,0.231506,9.940384,-0.18006,9.94471,91.03746,88.665855,1,2,3,4
27.026289,0.002449,0.236291,9.966704,-0.194417,9.9714,91.117195,88.641884,1,2,3,4
27.0287418,0.0024528,0.233898,9.93799,-0.158524,9.942006,90.913612,88.651749,1,2,3,4
27.0311947,0.0024529,0.181256,9.935597,-0.127418,9.938067,90.734619,88.954865,1,2,3,4
27.0336456,0.0024509,0.224327,9.949955,-0.105882,9.953047,90.609535,88.708458,1,2,3,4
27.0360985,0.0024529,0.248255,9.945169,-0.101097,9.948781,90.582237,88.570053,1,2,3,4
27.0385494,0.0024509,0.236291,9.942777,-0.139382,9.946561,90.802917,88.638618,1,2,3,4
27.0410023,0.0024529,0.257827,9.933205,-0.156132,9.937777,90.900208,88.513161,1,2,3,4
27.0434551,0.0024528,0.250648,9.949955,-0.132203,9.95399,90.760994,88.556976,1,2,3,4
27.0459061,0.002451,0.24347,9.945169,-0.084347,9.948507,90.485779,88.59761,1,2,3,4
27.048357,0.0024509,0.238684,9.954741,-0.079561,9.957919,90.457787,88.626488,1,2,3,4
27.050808,0.002451,0.212363,9.93799,-0.117847,9.940957,90.679237,88.775841,1,2,3,4
27.0532627,0.0024547,0.229113,9.966704,-0.127418,9.970152,90.732254,88.683128,1,2,3,4
27.0557137,0.002451,0.260219,9.945169,-0.172881,9.950075,90.99556,88.501175,1,2,3,4
27.0581646,0.0024509,0.267398,9.945169,-0.168096,9.950184,90.967987,88.459846,1,2,3,4
27.0606155,0.0024509,0.221934,9.952348,-0.122632,9.955577,90.70578,88.722534,1,2,3,4
27.0630684,0.0024529,0.245863,9.928419,-0.101097,9.931977,90.583221,88.581444,1,2,3,4
27.0655212,0.0024528,0.221934,9.966704,-0.055633,9.969331,90.31974,88.724373,1,2,3,4
27.0679722,0.002451,0.253041,9.921241,-0.058026,9.924637,90.334991,88.538986,1,2,3,4
27.070425,0.0024528,0.255434,9.926026,-0.050847,9.929442,90.293404,88.525894,1,2,3,4
27.0728779,0.0024529,0.219541,9.945169,0.001795,9.947592,89.989662,88.73539,1,2,3,4
27.0753288,0.0024509,0.276969,9.933205,-0.007777,9.937069,90.044838,88.402824,1,2,3,4
27.0777817,0.0024529,0.260219,9.935597,0.004187,9.939005,89.975861,88.499733,1,2,3,4
27.0802326,0.0024509,0.238684,9.928419,0.025723,9.931321,89.851601,88.622849,1,2,3,4
27.0826836,0.002451,0.276969,9.949955,0.025723,9.953842,89.851936,88.40551,1,2,3,4
27.0851345,0.0024509,0.250648,9.921241,0.011366,9.924414,89.93438,88.552795,1,2,3,4
27.0875874,0.0024529,0.24347,9.926026,-0.012562,9.92902,90.072495,88.59491,1,2,3,4
27.0900402,0.0024528,0.245863,9.952348,-0.055633,9.95554,90.320183,88.584854,1,2,3,4
27.0924911,0.0024509,0.241077,9.957133,-0.048455,9.960169,90.278732,88.613052,1,2,3,4
27.0949421,0.002451,0.245863,9.914063,-0.098704,9.917602,90.570236,88.579391,1,2,3,4
27.0973949,0.0024528,0.22672,9.933205,-0.165703,9.937173,90.955452,88.692482,1,2,3,4
27.0998478,0.0024529,0.217149,9.926026,-0.203988,9.930497,91.177032,88.746758,1,2,3,4
27.1022987,0.0024509,0.236291,9.952348,-0.19681,9.957097,91.132568,88.639923,1,2,3,4
27.1047516,0.0024529,0.219541,9.906884,-0.189631,9.911131,91.096313,88.730507,1,2,3,4
27.1072044,0.0024528,0.233898,9.97149,-0.23988,9.977117,91.377701,88.656273,1,2,3,4
27.1096554,0.002451,0.255434,9.923634,-0.225524,9.929482,91.301445,88.525536,1,2,3,4
27.1121063,0.0024509,0.265005,9.899706,-0.184846,9.904977,91.069313,88.466614,1,2,3,4
27.1145592,0.0024529,0.241077,9.914063,-0.148953,9.918112,90.860519,88.607033,1,2,3,4
27.117012,0.0024528,0.219541,9.892527,-0.110668,9.895581,90.640785,88.728661,1,2,3,4
27.119463,0.002451,0.269791,9.947562,-0.172881,9.952722,90.995293,88.446442,1,2,3,4
27.1219158,0.0024528,0.236291,9.923634,-0.165703,9.927829,90.956352,88.635994,1,2,3,4
27.1243668,0.002451,0.241077,9.930812,-0.151346,9.934891,90.872864,88.609383,1,2,3,4
27.1268177,0.0024509,0.245863,9.923634,-0.067597,9.926908,90.39016,88.580765,1,2,3,4
27.1292725,0.0024548,0.253041,9.890134,-0.026919,9.893408,90.155899,88.534393,1,2,3,4
27.1317234,0.0024509,0.24347,9.935597,-0.117847,9.939279,90.679352,88.59626,1,2,3,4
27.1341743,0.0024509,0.221934,9.923634,-0.182453,9.927792,91.05304,88.718842,1,2,3,4
27.1366253,0.002451,0.169292,9.909277,-0.144168,9.911772,90.833405,89.02124,1,2,3,4
27.13908,0.0024547,0.276969,9.918848,-0.08674,9.923094,90.500839,88.400513,1,2,3,4
27.141531,0.002451,0.245863,9.916455,-0.096311,9.919971,90.556282,88.579735,1,2,3,4
27.1439819,0.0024509,0.241077,9.940384,-0.055633,9.943462,90.320572,88.610718,1,2,3,4
27.1464329,0.002451,0.24347,9.930812,-0.089133,9.934196,90.514084,88.595581,1,2,3,4
27.1488857,0.0024528,0.233898,9.91167,-0.058026,9.914598,90.335327,88.64817,1,2,3,4
27.1513367,0.002451,0.253041,9.890134,-0.06999,9.893619,90.405327,88.534393,1,2,3,4
27.1537876,0.0024509,0.229113,9.899706,-0.050847,9.902487,90.294205,88.674217,1,2,3,4
27.1562424,0.0024548,0.269791,9.904491,-0.022134,9.90819,90.127991,88.43969,1,2,3,4
27.1586933,0.0024509,0.241077,9.906884,-0.067597,9.910048,90.390823,88.606026,1,2,3,4
27.1611443,0.002451,0.248255,9.880563,-0.065204,9.883896,90.377983,88.560707,1,2,3,4
27.1635952,0.0024509,0.233898,9.909277,-0.06999,9.912284,90.404564,88.647842,1,2,3,4
27.166048,0.0024528,0.22672,9.882956,-0.043669,9.885653,90.253098,88.685837,1,2,3,4
27.168499,0.002451,0.221934,9.887741,-0.050847,9.890363,90.294563,88.714188,1,2,3,4
27.1709518,0.0024528,0.236291,9.892527,-0.062812,9.895548,90.363686,88.631706,1,2,3,4
27.1734047,0.0024529,0.229113,9.923634,-0.072383,9.926541,90.417793,88.677414,1,2,3,4
27.1758556,0.0024509,0.241077,9.926026,-0.072383,9.929217,90.417686,88.608711,1,2,3,4
27.1783066,0.002451,0.245863,9.870992,-0.041276,9.874139,90.23951,88.573196,1,2,3,4
27.1807575,0.0024509,0.248255,9.918848,-0.089133,9.922355,90.514694,88.566261,1,2,3,4
27.1832123,0.0024548,0.257827,9.897313,-0.058026,9.900841,90.335793,88.507774,1,2,3,4
27.1856632,0.0024509,0.22672,9.875777,-0.058026,9.87855,90.336555,88.684883,1,2,3,4
27.1881142,0.002451,0.238684,9.880563,-0.091525,9.883869,90.530571,88.61618,1,2,3,4
27.190567,0.0024528,0.219541,9.866206,-0.201595,9.870708,91.170265,88.725273,1,2,3,4
27.193018,0.002451,0.255434,9.875777,-0.208774,9.881286,91.210648,88.518394,1,2,3,4
27.1954689,0.0024509,0.250648,9.897313,-0.194417,9.902395,91.124977,88.549301,1,2,3,4
27.1979198,0.0024509,0.214756,9.880563,-0.194417,9.884809,91.126984,88.75486,1,2,3,4
27.2003746,0.0024548,0.262612,9.856635,-0.213559,9.862445,91.240768,88.473816,1,2,3,4
27.2028255,0.0024509,0.221934,9.880563,-0.192024,9.88492,91.113098,88.713257,1,2,3,4
27.2052765,0.002451,0.195613,9.866206,-0.187238,9.869921,91.086998,88.864166,1,2,3,4
27.2077274,0.0024509,0.186042,9.87817,-0.175274,9.881476,91.01635,88.921036,1,2,3,4
27.2101803,0.0024529,0.202792,9.847063,-0.172881,9.850668,91.005608,88.820213,1,2,3,4
27.2126312,0.0024509,0.219541,9.859028,-0.144168,9.862526,90.837563,88.724342,1,2,3,4
27.2150841,0.0024529,0.245863,9.87817,-0.165703,9.882618,90.960732,88.574234,1,2,3,4
27.2175369,0.0024528,0.183649,9.875777,-0.175274,9.87904,91.016594,88.934654,1,2,3,4
27.2199879,0.002451,0.221934,9.847063,-0.139382,9.85055,90.810745,88.708878,1,2,3,4
27.2224388,0.0024509,0.229113,9.863813,-0.108275,9.867068,90.628738,88.669395,1,2,3,4
27.2248936,0.0024548,0.260219,9.880563,-0.058026,9.884159,90.336365,88.491379,1,2,3,4
27.2273445,0.0024509,0.250648,9.870992,-0.029312,9.874217,90.170082,88.545433,1,2,3,4
27.2297955,0.002451,0.272184,9.887741,-0.050847,9.891618,90.294525,88.423195,1,2,3,4
27.2322483,0.0024528,0.221934,9.863813,-0.10349,9.866853,90.600967,88.711075,1,2,3,4
27.2347012,0.0024529,0.229113,9.839885,-0.079561,9.842874,90.463135,88.666161,1,2,3,4
27.2371521,0.0024509,0.279362,9.885348,-0.046062,9.889401,90.266869,88.381241,1,2,3,4
27.239603,0.0024509,0.221934,9.854242,-0.06999,9.85699,90.406837,88.709816,1,2,3,4
27.242054,0.002451,0.236291,9.887741,-0.110668,9.891183,90.641068,88.631042,1,2,3,4
27.2445068,0.0024528,0.291326,9.882956,-0.098704,9.887741,90.57196,88.311546,1,2,3,4
27.2469578,0.002451,0.224327,9.863813,-0.129811,9.867218,90.753792,88.697182,1,2,3,4
27.2494087,0.0024509,0.255434,9.863813,-0.115454,9.867796,90.67038,88.516594,1,2,3,4
27.2518616,0.0024529,0.24347,9.849456,-0.117847,9.853169,90.685287,88.583984,1,2,3,4
27.2543125,0.0024509,0.233898,9.847063,-0.08674,9.850223,90.504547,88.639305,1,2,3,4
27.2567635,0.002451,0.236291,9.870992,-0.084347,9.87418,90.489433,88.628716,1,2,3,4
27.2592144,0.0024509,0.171685,9.839885,-0.046062,9.84149,90.268166,89.000412,1,2,3,4
27.2616673,0.0024529,0.245863,9.84467,-0.06999,9.847989,90.407204,88.569382,1,2,3,4
27.2641182,0.0024509,0.241077,9.81835,-0.043669,9.821406,90.254753,88.59346,1,2,3,4
27.2665691,0.0024509,0.214756,9.835099,-0.036491,9.837512,90.212532,88.749107,1,2,3,4
27.2690201,0.002451,0.233898,9.832706,-0.041276,9.835574,90.240448,88.637314,1,2,3,4
27.2714748,0.0024547,0.200399,9.84467,-0.017348,9.846725,90.100945,88.833847,1,2,3,4
27.2739258,0.002451,0.250648,9.839885,0.008973,9.843081,89.947769,88.54084,1,2,3,4
27.2763767,0.0024509,0.229113,9.851849,0.016152,9.854526,89.90609,88.667778,1,2,3,4
27.2788296,0.0024529,0.229113,9.837492,-0.005384,9.840161,90.031349,88.66584,1,2,3,4
27.2812824,0.0024528,0.212363,9.875777,-0.120239,9.878792,90.697388,88.768135,1,2,3,4
27.2837334,0.002451,0.253041,9.849456,-0.101097,9.853225,90.587883,88.528343,1,2,3,4
27.2861881,0.0024547,0.24347,9.854242,-0.062812,9.85745,90.365089,88.584679,1,2,3,4
27.2886391,0.002451,0.236291,9.837492,-0.101097,9.840849,90.588623,88.624054,1,2,3,4
27.29109,0.0024509,0.221934,9.875777,-0.184846,9.88,91.072014,88.712631,1,2,3,4
27.2935429,0.0024529,0.22672,9.847063,-0.177667,9.851274,91.033379,88.681046,1,2,3,4
27.2959957,0.0024528,0.214756,9.842278,-0.19681,9.846587,91.145279,88.750023,1,2,3,4
27.2984467,0.002451,0.20997,9.875777,-0.25663,9.881342,91.488205,88.782013,1,2,3,4
27.3008995,0.0024528,0.260219,9.856635,-0.249452,9.863224,91.449226,88.487717,1,2,3,4
27.3033524,0.0024529,0.269791,9.861421,-0.247059,9.868203,91.434601,88.432884,1,2,3,4
27.3058033,0.0024509,0.250648,9.897313,-0.189631,9.902303,91.09729,88.549301,1,2,3,4
27.3082542,0.0024509,0.22672,9.861421,-0.18006,9.86567,91.045769,88.682968,1,2,3,4
27.3107052,0.002451,0.224327,9.827921,-0.14656,9.831573,90.854149,88.692421,1,2,3,4
27.3131599,0.0024547,0.274576,9.849456,-0.170489,9.854757,90.991272,88.40316,1,2,3,4
27.3156109,0.002451,0.276969,9.854242,-0.117847,9.858838,90.684898,88.390038,1,2,3,4
27.3180618,0.0024509,0.219541,9.825528,-0.091525,9.828406,90.533562,88.719994,1,2,3,4
27.3205147,0.0024529,0.229113,9.839885,-0.079561,9.842874,90.463135,88.666161,1,2,3,4
27.3229675,0.0024528,0.241077,9.84467,-0.096311,9.848093,90.560341,88.597221,1,2,3,4
27.3254185,0.002451,0.269791,9.825528,-0.081954,9.829573,90.477707,88.427162,1,2,3,4
27.3278694,0.0024509,0.229113,9.835099,-0.031705,9.837819,90.184654,88.665512,1,2,3,4
27.3303223,0.0024529,0.231506,9.837492,-0.038883,9.840292,90.226402,88.651909,1,2,3,4
27.3327751,0.0024528,0.245863,9.84467,-0.077169,9.848042,90.448967,88.569382,1,2,3,4
27.3352261,0.002451,0.248255,9.863813,-0.072383,9.867203,90.420311,88.558266,1,2,3,4
27.3376789,0.0024528,0.238684,9.832706,-0.046062,9.835711,90.268326,88.609444,1,2,3,4
27.3401318,0.0024529,0.219541,9.854242,-0.08674,9.857069,90.504196,88.723724,1,2,3,4
27.3425827,0.0024509,0.24347,9.849456,-0.055633,9.852622,90.323524,88.583984,1,2,3,4
27.3450375,0.0024548,0.217149,9.861421,-0.058026,9.863982,90.337051,88.738548,1,2,3,4
27.3474884,0.0024509,0.219541,9.842278,-0.05324,9.84487,90.309853,88.722176,1,2,3,4
27.3499393,0.0024509,0.195613,9.863813,-0.105882,9.866321,90.614891,88.863892,1,2,3,4
27.3523903,0.002451,0.262612,9.885348,-0.058026,9.889006,90.336197,88.478249,1,2,3,4
27.3548431,0.0024528,0.219541,9.866206,-0.036491,9.868716,90.211861,88.725273,1,2,3,4
27.3572941,0.002451,0.238684,9.863813,-0.055633,9.866858,90.323059,88.613831,1,2,3,4
27.3597469,0.0024528,0.233898,9.854242,-0.074776,9.857302,90.434639,88.640297,1,2,3,4
27.3621979,0.002451,0.253041,9.861421,-0.062812,9.864867,90.364815,88.530128,1,2,3,4
27.3646507,0.0024528,0.233898,9.875777,-0.129811,9.879399,90.752861,88.643257,1,2,3,4
27.3671017,0.002451,0.293719,9.863813,-0.113061,9.868834,90.656418,88.29438,1,2,3,4
27.3695526,0.0024509,0.238684,9.868599,-0.098704,9.871979,90.572876,88.614502,1,2,3,4
27.3720074,0.0024548,0.265005,9.837492,-0.096311,9.841532,90.560715,88.456924,1,2,3,4
27.3744583,0.0024509,0.214756,9.84467,-0.139382,9.847999,90.810951,88.75032,1,2,3,4
27.3769093,0.002451,0.253041,9.868599,-0.158524,9.873116,90.919991,88.531197,1,2,3,4
27.3793602,0.0024509,0.195613,9.830314,-0.172881,9.833779,91.007332,88.860023,1,2,3,4
27.381813,0.0024528,0.22672,9.835099,-0.168096,9.839149,90.978912,88.679443,1,2,3,4
27.384264,0.002451,0.214756,9.815957,-0.165703,9.819704,90.966888,88.746666,1,2,3,4
27.3867149,0.0024509,0.219541,9.851849,-0.175274,9.855853,91.01899,88.723412,1,2,3,4
27.3891697,0.0024548,0.186042,9.856635,-0.158524,9.859665,90.921249,88.918686,1,2,3,4
27.3916206,0.0024509,0.190828,9.851849,-0.153739,9.854896,90.893867,88.890335,1,2,3,4
27.3940716,0.002451,0.188435,9.873384,-0.19681,9.877143,91.141739,88.906639,1,2,3,4
27.3965225,0.0024509,0.236291,9.859028,-0.18006,9.863503,91.046005,88.627052,1,2,3,4
27.3989754,0.0024529,0.260219,9.873384,-0.168096,9.878243,90.975037,88.49028,1,2,3,4
27.4014282,0.0024528,0.24347,9.875777,-0.168096,9.880208,90.974846,88.587761,1,2,3,4
27.4038792,0.002451,0.255434,9.856635,-0.136989,9.860896,90.79599,88.515518,1,2,3,4
27.406332,0.0024528,0.262612,9.839885,-0.120239,9.844123,90.699844,88.471222,1,2,3,4
27.408783,0.002451,0.250648,9.849456,-0.160917,9.853959,90.935692,88.542259,1,2,3,4
27.4112339,0.0024509,0.236291,9.835099,-0.096311,9.838408,90.560898,88.623718,1,2,3,4
27.4136848,0.0024509,0.224327,9.854242,-0.129811,9.857651,90.754524,88.695915,1,2,3,4
27.4161377,0.0024529,0.253041,9.868599,-0.136989,9.872793,90.795029,88.531197,1,2,3,4
27.4185886,0.0024509,0.231506,9.890134,-0.125025,9.893633,90.72406,88.659081,1,2,3,4
27.4210396,0.002451,0.205185,9.859028,-0.134596,9.862082,90.78199,88.807739,1,2,3,4
27.4234924,0.0024528,0.248255,9.866206,-0.117847,9.870032,90.68412,88.558617,1,2,3,4
27.4259453,0.0024529,0.198006,9.854242,-0.098704,9.856726,90.573761,88.848885,1,2,3,4
27.4283962,0.0024509,0.219541,9.815957,-0.089133,9.818816,90.520126,88.71875,1,2,3,4
27.4308472,0.002451,0.219541,9.827921,-0.072383,9.830639,90.421875,88.720306,1,2,3,4
27.4333,0.0024528,0.238684,9.820743,-0.038883,9.823719,90.226784,88.60775,1,2,3,4
27.4357529,0.0024529,0.241077,9.827921,-0.024526,9.830908,90.142944,88.594826,1,2,3,4
27.4382038,0.0024509,0.229113,9.863813,0.018544,9.866491,89.892311,88.669395,1,2,3,4
27.4406548,0.002451,0.205185,9.799207,-0.010169,9.80136,90.059448,88.800468,1,2,3,4
27.4431076,0.0024528,0.253041,9.849456,-0.012562,9.852714,90.073051,88.528343,1,2,3,4
27.4455585,0.0024509,0.200399,9.837492,-0.010169,9.839539,90.059219,88.832993,1,2,3,4
27.4480114,0.0024529,0.233898,9.837492,-0.017348,9.840287,90.101013,88.637978,1,2,3,4
27.4504642,0.0024528,0.248255,9.84467,-0.081954,9.848141,90.476807,88.555466,1,2,3,4
27.4529152,0.002451,0.241077,9.851849,-0.084347,9.855159,90.490379,88.598236,1,2,3,4
27.4553661,0.0024509,0.221934,9.811171,-0.096311,9.814154,90.562279,88.704155,1,2,3,4
27.4578171,0.002451,0.221934,9.832706,-0.108275,9.835807,90.630737,88.706993,1,2,3,4
27.4602718,0.0024547,0.200399,9.863813,-0.16331,9.867201,90.948334,88.836105,1,2,3,4
27.4627228,0.002451,0.217149,9.811171,-0.153739,9.814778,90.897522,88.732094,1,2,3,4
27.4651737,0.0024509,0.279362,9.839885,-0.153739,9.84505,90.89476,88.373764,1,2,3,4
27.4676266,0.0024529,0.219541,9.832706,-0.158524,9.836434,90.923424,88.720932,1,2,3,4
27.4700775,0.0024509,0.217149,9.849456,-0.184846,9.853583,91.07489,88.737015,1,2,3,4
27.4725285,0.002451,0.221934,9.839885,-0.187238,9.844168,91.089844,88.707939,1,2,3,4
27.4749794,0.0024509,0.219541,9.820743,-0.18006,9.824846,91.050117,88.719376,1,2,3,4
27.4774323,0.0024529,0.238684,9.815957,-0.141775,9.819882,90.82724,88.607079,1,2,3,4
27.4798851,0.0024528,0.276969,9.823135,-0.108275,9.827636,90.631264,88.384941,1,2,3,4
27.482336,0.0024509,0.279362,9.820743,-0.113061,9.825365,90.659317,88.370598,1,2,3,4
27.4847889,0.0024529,0.231506,9.847063,-0.117847,9.850489,90.685478,88.653221,1,2,3,4
27.4872398,0.0024509,0.253041,9.827921,-0.134596,9.8321,90.78437,88.525124,1,2,3,4
27.4896927,0.0024529,0.221934,9.81835,-0.093918,9.821307,90.547913,88.705109,1,2,3,4
27.4921436,0.0024509,0.241077,9.830314,-0.105882,9.833839,90.61692,88.595169,1,2,3,4
27.4945965,0.0024529,0.183649,9.832706,-0.14656,9.835513,90.853806,88.929993,1,2,3,4
27.4970474,0.0024509,0.219541,9.820743,-0.101097,9.823716,90.589645,88.719376,1,2,3,4
27.4995003,0.0024529,0.233898,9.842278,-0.098704,9.845551,90.574409,88.638641,1,2,3,4
27.5019531,0.0024528,0.207577,9.866206,-0.148953,9.869514,90.864754,88.794716,1,2,3,4
27.5044041,0.002451,0.20997,9.832706,-0.182453,9.83664,91.062798,88.77668,1,2,3,4
27.506855,0.0024509,0.176471,9.827921,-0.160917,9.830822,90.937897,88.971306,1,2,3,4
27.509306,0.002451,0.20997,9.823135,-0.129811,9.826237,90.756935,88.775482,1,2,3,4
27.5117588,0.0024528,0.212363,9.84467,-0.117847,9.847666,90.685669,88.764244,1,2,3,4
27.5142117,0.0024529,0.19322,9.859028,-0.156132,9.862157,90.907112,88.877243,1,2,3,4
27.5166626,0.0024509,0.198006,9.81835,-0.120239,9.821082,90.701492,88.844673,1,2,3,4
27.5191135,0.0024509,0.224327,9.839885,-0.08674,9.842824,90.504929,88.694016,1,2,3,4
27.5215683,0.0024548,0.233898,9.820743,-0.093918,9.823977,90.54776,88.635658,1,2,3,4
27.5240192,0.0024509,0.231506,9.835099,-0.06999,9.838073,90.407616,88.651581,1,2,3,4
27.5264702,0.002451,0.257827,9.84467,-0.091525,9.848472,90.532478,88.499794,1,2,3,4
27.528923,0.0024528,0.269791,9.851849,-0.084347,9.855903,90.490341,88.431358,1,2,3,4
27.5313759,0.0024529,0.286541,9.820743,-0.048455,9.825042,90.28257,88.328751,1,2,3,4
27.5338268,0.0024509,0.255434,9.854242,-0.036491,9.85762,90.212097,88.51516,1,2,3,4
27.5362797,0.0024529,0.279362,9.78485,-0.036491,9.788905,90.213585,88.364624,1,2,3,4
27.5387306,0.0024509,0.241077,9.796814,-0.067597,9.800013,90.39521,88.59037,1,2,3,4
27.5411835,0.0024529,0.255434,9.835099,-0.091525,9.838841,90.532997,88.512268,1,2,3,4
27.5436344,0.0024509,0.250648,9.825528,-0.089133,9.829128,90.519577,88.538704,1,2,3,4
27.5460873,0.0024529,0.262612,9.823135,-0.067597,9.826878,90.394127,88.468613,1,2,3,4
27.5485382,0.0024509,0.236291,9.811171,-0.081954,9.814358,90.478447,88.620361,1,2,3,4
27.5509911,0.0024529,0.241077,9.799207,-0.105882,9.802744,90.618881,88.590714,1,2,3,4
27.5534439,0.0024528,0.217149,9.815957,-0.141775,9.819383,90.827278,88.732712,1,2,3,4
27.5558949,0.002451,0.202792,9.837492,-0.096311,9.840054,90.560799,88.819061,1,2,3,4
27.5583458,0.0024509,0.190828,9.825528,-0.041276,9.827468,90.240646,88.88736,1,2,3,4
27.5607967,0.0024509,0.238684,9.825528,-0.077169,9.82873,90.449852,88.608429,1,2,3,4
27.5632515,0.0024548,0.217149,9.8016,-0.058026,9.804176,90.339104,88.73085,1,2,3,4
27.5657024,0.0024509,0.241077,9.813564,-0.101097,9.817046,90.59005,88.592773,1,2,3,4
27.5681534,0.002451,0.245863,9.808778,-0.096311,9.812331,90.562386,88.564148,1,2,3,4
27.5706062,0.0024528,0.217149,9.803992,-0.105882,9.806969,90.618614,88.731163,1,2,3,4
27.5730591,0.0024529,0.229113,9.7681,-0.089133,9.771193,90.522659,88.656364,1,2,3,4
27.57551,0.0024509,0.238684,9.803992,-0.115454,9.807577,90.674492,88.605377,1,2,3,4
27.577961,0.002451,0.224327,9.815957,-0.10349,9.819065,90.603889,88.690826,1,2,3,4
27.5804138,0.0024528,0.212363,9.827921,-0.120239,9.83095,90.700783,88.762138,1,2,3,4
27.5828648,0.002451,0.257827,9.806385,-0.14656,9.810868,90.855949,88.493942,1,2,3,4
27.5853157,0.0024509,0.20997,9.835099,-0.153739,9.838542,90.895348,88.776978,1,2,3,4
27.5877666,0.0024509,0.212363,9.827921,-0.182453,9.831908,91.063309,88.762138,1,2,3,4
27.5902195,0.0024529,0.24347,9.823135,-0.160917,9.82747,90.938217,88.580193,1,2,3,4
27.5926704,0.0024509,0.250648,9.825528,-0.203988,9.830841,91.188965,88.538704,1,2,3,4
27.5951214,0.002451,0.269791,9.849456,-0.201595,9.855212,91.172104,88.430977,1,2,3,4
27.5975742,0.0024528,0.253041,9.851849,-0.19681,9.857063,91.144066,88.528702,1,2,3,4
27.6000271,0.0024529,0.221934,9.832706,-0.139382,9.836198,90.811928,88.706993,1,2,3,4
27.602478,0.0024509,0.233898,9.827921,-0.16331,9.832061,90.951721,88.63665,1,2,3,4
27.604929,0.002451,0.190828,9.815957,-0.141775,9.818835,90.827324,88.886276,1,2,3,4
27.6073818,0.0024528,0.236291,9.811171,-0.093918,9.814465,90.548294,88.620361,1,2,3,4
27.6098347,0.0024529,0.224327,9.835099,-0.115454,9.838335,90.672386,88.693375,1,2,3,4
27.6122837,0.002449,0.250648,9.794421,-0.096311,9.798101,90.563202,88.534065,1,2,3,4
27.6147385,0.0024548,0.245863,9.803992,-0.091525,9.807502,90.534706,88.563446,1,2,3,4
27.6171894,0.0024509,0.262612,9.825528,-0.067597,9.829269,90.394035,88.468987,1,2,3,4
27.6196404,0.002451,0.245863,9.84467,-0.043669,9.847836,90.254074,88.569382,1,2,3,4
27.6220913,0.0024509,0.233898,9.825528,-0.046062,9.82842,90.268524,88.636322,1,2,3,4
27.6245441,0.0024528,0.233898,9.835099,-0.046062,9.837988,90.268265,88.63765,1,2,3,4
27.626997,0.0024529,0.245863,9.823135,-0.031705,9.826262,90.184868,88.566246,1,2,3,4
27.6294479,0.0024509,0.198006,9.78485,-0.031705,9.786905,90.185608,88.840721,1,2,3,4
27.6319008,0.0024529,0.214756,9.820743,-0.041276,9.823177,90.240753,88.747276,1,2,3,4
27.6343517,0.0024509,0.238684,9.796814,-0.026919,9.799758,90.157387,88.604355,1,2,3,4
27.6368027,0.002451,0.221934,9.842278,-0.060419,9.844965,90.351631,88.708252,1,2,3,4
27.6392555,0.0024528,0.229113,9.851849,-0.050847,9.854644,90.295631,88.667778,1,2,3,4
27.6417084,0.0024529,0.221934,9.803992,-0.077169,9.806808,90.450859,88.703209,1,2,3,4
27.6441593,0.0024509,0.253041,9.827921,-0.079561,9.8315,90.463669,88.525124,1,2,3,4
27.6466103,0.002451,0.233898,9.815957,-0.129811,9.819602,90.757446,88.634995,1,2,3,4
27.6490612,0.0024509,0.221934,9.827921,-0.187238,9.83221,91.091171,88.706367,1,2,3,4
27.6515141,0.0024529,0.231506,9.859028,-0.170489,9.863219,90.990425,88.654854,1,2,3,4
27.6539669,0.0024528,0.260219,9.837492,-0.192024,9.842806,91.117859,88.484779,1,2,3,4
27.6564178,0.0024509,0.257827,9.849456,-0.129811,9.853685,90.754829,88.500526,1,2,3,4
27.6588707,0.0024529,0.241077,9.859028,-0.139382,9.86296,90.809723,88.599258,1,2,3,4
27.6613216,0.0024509,0.24347,9.832706,-0.132203,9.836609,90.770073,88.581573,1,2,3,4
27.6637745,0.0024529,0.255434,9.813564,-0.125025,9.817684,90.72966,88.509003,1,2,3,4
27.6662273,0.0024528,0.233898,9.823135,-0.110668,9.826543,90.645287,88.635986,1,2,3,4
27.6686783,0.002451,0.229113,9.81835,-0.132203,9.821913,90.771225,88.663239,1,2,3,4
27.6711292,0.0024509,0.224327,9.827921,-0.14656,9.831573,90.854149,88.692421,1,2,3,4
27.6735802,0.002451,0.24347,9.866206,-0.122632,9.869972,90.711906,88.586388,1,2,3,4
27.6760349,0.0024547,0.207577,9.839885,-0.089133,9.842478,90.518875,88.791496,1,2,3,4
27.6784859,0.002451,0.178863,9.823135,-0.110668,9.825387,90.645363,88.956848,1,2,3,4
27.6809368,0.0024509,0.20997,9.830314,-0.110668,9.833179,90.644852,88.776382,1,2,3,4
27.6833878,0.002451,0.178863,9.832706,-0.108275,9.834929,90.630798,88.957863,1,2,3,4
27.6858406,0.0024528,0.186042,9.8016,-0.06999,9.803615,90.40905,88.912613,1,2,3,4
27.6882935,0.0024529,0.202792,9.808778,-0.048455,9.810993,90.282974,88.815605,1,2,3,4
27.6907444,0.0024509,0.20997,9.794421,-0.077169,9.796976,90.451309,88.771896,1,2,3,4
27.6931973,0.0024529,0.236291,9.842278,-0.129811,9.845969,90.755417,88.624718,1,2,3,4
27.6956482,0.0024509,0.183649,9.815957,-0.151346,9.818841,90.883186,88.928162,1,2,3,4
27.6980991,0.0024509,0.219541,9.861421,-0.144168,9.864918,90.837357,88.724655,1,2,3,4
27.7005501,0.002451,0.219541,9.851849,-0.110668,9.854916,90.643433,88.723412,1,2,3,4
27.7030048,0.0024547,0.257827,9.835099,-0.077169,9.838781,90.449394,88.498337,1,2,3,4
27.7054558,0.002451,0.231506,9.837492,-0.08674,9.840598,90.505043,88.651909,1,2,3,4
27.7079067,0.0024509,0.250648,9.873384,-0.079561,9.876886,90.46154,88.545784,1,2,3,4
27.7103596,0.0024529,0.241077,9.859028,-0.113061,9.862623,90.65683,88.599258,1,2,3,4
27.7128105,0.0024509,0.231506,9.847063,-0.156132,9.851022,90.908134,88.653221,1,2,3,4
27.7152615,0.002451,0.236291,9.84467,-0.139382,9.848492,90.810913,88.625053,1,2,3,4
27.7177124,0.0024509,0.207577,9.842278,-0.127418,9.845291,90.741547,88.791786,1,2,3,4
27.7201653,0.0024529,0.229113,9.830314,-0.158524,9.834261,90.923622,88.664864,1,2,3,4
27.7226162,0.0024509,0.188435,9.856635,-0.18006,9.860081,91.046364,88.904778,1,2,3,4
27.7250671,0.0024509,0.207577,9.851849,-0.151346,9.855197,90.879921,88.792961,1,2,3,4
27.7275181,0.002451,0.250648,9.863813,-0.120239,9.86773,90.698174,88.54438,1,2,3,4
27.7299728,0.0024547,0.186042,9.873384,-0.089133,9.875539,90.517136,88.920517,1,2,3,4
27.7324238,0.002451,0.229113,9.863813,-0.122632,9.867236,90.712105,88.669395,1,2,3,4
27.7348747,0.0024509,0.236291,9.859028,-0.072383,9.862124,90.420525,88.627052,1,2,3,4
27.7373276,0.0024529,0.260219,9.856635,-0.031705,9.86012,90.184235,88.487717,1,2,3,4
27.7397785,0.0024509,0.200399,9.832706,-0.050847,9.83488,90.296227,88.832428,1,2,3,4
27.7422295,0.002451,0.22672,9.859028,-0.041276,9.86172,90.239815,88.682648,1,2,3,4
27.7446804,0.0024509,0.233898,9.870992,-0.029312,9.873806,90.17009,88.642601,1,2,3,4
27.7471352,0.0024548,0.217149,9.839885,-0.026919,9.842318,90.156708,88.735786,1,2,3,4
27.7495861,0.0024509,0.212363,9.859028,-0.024526,9.861345,90.142502,88.766045,1,2,3,4
27.752037,0.0024509,0.212363,9.856635,-0.019741,9.858942,90.114723,88.765739,1,2,3,4
27.7544899,0.0024529,0.212363,9.84467,-0.034098,9.847019,90.198402,88.764244,1,2,3,4
27.7569408,0.0024509,0.214756,9.856635,-0.065204,9.85919,90.378929,88.751839,1,2,3,4
27.7593937,0.0024529,0.212363,9.859028,-0.074776,9.861598,90.434448,88.766045,1,2,3,4
27.7618446,0.0024509,0.257827,9.873384,-0.10349,9.877293,90.600327,88.504158,1,2,3,4
27.7642975,0.0024529,0.233898,9.885348,-0.136989,9.889064,90.793716,88.644569,1,2,3,4
27.7667484,0.0024509,0.214756,9.863813,-0.120239,9.866883,90.698235,88.752747,1,2,3,4
27.7691994,0.002451,0.219541,9.866206,-0.129811,9.869502,90.753616,88.725273,1,2,3,4
27.7716522,0.0024528,0.229113,9.87817,-0.177667,9.882423,91.030121,88.671326,1,2,3,4
27.7741032,0.002451,0.248255,9.873384,-0.208774,9.878712,91.21096,88.559662,1,2,3,4
27.776556,0.0024528,0.236291,9.887741,-0.194417,9.892474,91.126106,88.631042,1,2,3,4
27.779007,0.002451,0.255434,9.861421,-0.160917,9.866041,90.934547,88.516235,1,2,3,4
27.7814598,0.0024528,0.217149,9.882956,-0.165703,9.88673,90.960327,88.741295,1,2,3,4
27.7839108,0.002451,0.274576,9.859028,-0.158524,9.864124,90.92083,88.404709,1,2,3,4
27.7863617,0.0024509,0.224327,9.882956,-0.139382,9.886484,90.807793,88.699699,1,2,3,4
27.7888126,0.0024509,0.231506,9.830314,-0.115454,9.833717,90.672699,88.650925,1,2,3,4
27.7912655,0.0024529,0.229113,9.875777,-0.115454,9.879109,90.669609,88.671005,1,2,3,4
27.7937164,0.0024509,0.22672,9.839885,-0.144168,9.843552,90.83918,88.680084,1,2,3,4
27.7961693,0.0024529,0.250648,9.887741,-0.079561,9.891238,90.460869,88.547897,1,2,3,4
27.7986221,0.0024528,0.221934,9.875777,-0.065204,9.878486,90.378189,88.712631,1,2,3,4
27.8010731,0.002451,0.233898,9.859028,-0.144168,9.862856,90.837532,88.640953,1,2,3,4
27.8035259,0.0024528,0.245863,9.859028,-0.084347,9.862454,90.490021,88.571465,1,2,3,4
27.8059788,0.0024529,0.219541,9.847063,-0.105882,9.850079,90.615906,88.722794,1,2,3,4
27.8084297,0.0024509,0.224327,9.868599,-0.062812,9.871348,90.364578,88.697807,1,2,3,4
27.8108807,0.002451,0.205185,9.854242,-0.096311,9.856849,90.559845,88.807159,1,2,3,4
27.8133316,0.0024509,0.245863,9.842278,-0.098704,9.845842,90.574394,88.569038,1,2,3,4
27.8157845,0.0024529,0.233898,9.861421,-0.105882,9.864762,90.61499,88.641281,1,2,3,4
27.8182354,0.0024509,0.245863,9.842278,-0.115454,9.846025,90.67186,88.569038,1,2,3,4
27.8206863,0.0024509,0.224327,9.847063,-0.096311,9.850089,90.560226,88.694962,1,2,3,4
27.8231373,0.002451,0.233898,9.849456,-0.093918,9.85268,90.546165,88.639633,1,2,3,4
27.825592,0.0024547,0.217149,9.859028,-0.050847,9.86155,90.295425,88.738243,1,2,3,4
27.828043,0.002451,0.231506,9.861421,-0.079561,9.864459,90.46212,88.655174,1,2,3,4
27.8304939,0.0024509,0.181256,9.866206,-0.096311,9.868341,90.559196,88.94751,1,2,3,4
27.8329468,0.0024529,0.255434,9.885348,-0.101097,9.889165,90.585747,88.519829,1,2,3,4
27.8353977,0.0024509,0.253041,9.842278,-0.105882,9.846099,90.616158,88.527275,1,2,3,4
27.8378487,0.002451,0.245863,9.866206,-0.065204,9.869485,90.37854,88.572502,1,2,3,4
27.8402996,0.0024509,0.260219,9.849456,-0.108275,9.853488,90.629608,88.486618,1,2,3,4
27.8427525,0.0024529,0.236291,9.868599,-0.16331,9.872778,90.9478,88.628387,1,2,3,4
27.8452034,0.0024509,0.255434,9.856635,-0.151346,9.861106,90.879395,88.515518,1,2,3,4
27.8476543,0.0024509,0.260219,9.873384,-0.117847,9.877516,90.683601,88.49028,1,2,3,4
27.8501053,0.002451,0.248255,9.870992,-0.134596,9.875031,90.78096,88.559319,1,2,3,4
27.8525581,0.0024528,0.241077,9.859028,-0.156132,9.863211,90.907013,88.599258,1,2,3,4
27.855011,0.0024529,0.236291,9.863813,-0.16331,9.867994,90.948257,88.627724,1,2,3,4
27.85746,0.002449,0.217149,9.849456,-0.148953,9.852975,90.866203,88.737015,1,2,3,4
27.8599148,0.0024548,0.241077,9.851849,-0.156132,9.856034,90.907677,88.598236,1,2,3,4
27.8623657,0.0024509,0.200399,9.887741,-0.117847,9.890473,90.682701,88.838921,1,2,3,4
27.8648167,0.002451,0.183649,9.842278,-0.034098,9.84405,90.198463,88.93103,1,2,3,4
27.8672676,0.0024509,0.229113,9.847063,-0.000598,9.849728,90.003479,88.66713,1,2,3,4
27.8697205,0.0024529,0.198006,9.830314,-0.101097,9.832828,90.589104,88.846085,1,2,3,4
27.8721733,0.0024528,0.205185,9.842278,-0.122632,9.84518,90.713699,88.80571,1,2,3,4
27.8746243,0.002451,0.217149,9.830314,-0.067597,9.832945,90.39389,88.734558,1,2,3,4
27.8770771,0.0024528,0.269791,9.847063,-0.036491,9.850826,90.212242,88.430595,1,2,3,4
27.879528,0.0024509,0.245863,9.847063,-0.022134,9.850157,90.128746,88.569733,1,2,3,4
27.881979,0.002451,0.233898,9.842278,-0.05324,9.845201,90.309845,88.638641,1,2,3,4
27.8844299,0.0024509,0.245863,9.859028,-0.062812,9.862293,90.364914,88.571465,1,2,3,4
27.8868828,0.0024529,0.231506,9.854242,-0.067597,9.857193,90.392921,88.654198,1,2,3,4
27.8893356,0.0024528,0.231506,9.839885,-0.089133,9.843011,90.518845,88.652237,1,2,3,4
27.8917866,0.002451,0.190828,9.820743,-0.081954,9.822938,90.478035,88.886818,1,2,3,4
27.8942375,0.0024509,0.212363,9.823135,-0.14656,9.826524,90.854584,88.761536,1,2,3,4
27.8966904,0.0024529,0.236291,9.806385,-0.177667,9.81084,91.037643,88.61969,1,2,3,4
27.8991413,0.0024509,0.217149,9.811171,-0.170489,9.815055,90.995285,88.732094,1,2,3,4
27.9015923,0.002451,0.224327,9.827921,-0.160917,9.831798,90.937805,88.692421,1,2,3,4
27.904047,0.0024547,0.22672,9.839885,-0.132203,9.843384,90.769547,88.680084,1,2,3,4
27.906498,0.002451,0.221934,9.851849,-0.165703,9.855742,90.963348,88.709503,1,2,3,4
27.9089489,0.0024509,0.257827,9.827921,-0.141775,9.832325,90.826187,88.497238,1,2,3,4
27.9114037,0.0024548,0.250648,9.84467,-0.189631,9.849687,91.103157,88.54155,1,2,3,4
27.9138546,0.0024509,0.233898,9.830314,-0.134596,9.834018,90.784218,88.636986,1,2,3,4
27.9163055,0.0024509,0.214756,9.794421,-0.134596,9.7977,90.787125,88.743912,1,2,3,4
27.9187565,0.002451,0.229113,9.799207,-0.122632,9.802651,90.716797,88.660629,1,2,3,4
27.9212112,0.0024547,0.221934,9.835099,-0.136989,9.838557,90.797798,88.707306,1,2,3,4
27.9236622,0.002451,0.20997,9.842278,-0.132203,9.845405,90.769386,88.777863,1,2,3,4
27.9261131,0.0024509,0.245863,9.808778,-0.136989,9.812815,90.799889,88.564148,1,2,3,4
27.9285679,0.0024548,0.233898,9.803992,-0.062812,9.806983,90.366966,88.633324,1,2,3,4
27.9310188,0.0024509,0.245863,9.81835,-0.019741,9.821447,90.115166,88.565552,1,2,3,4
27.9334698,0.002451,0.20997,9.813564,-0.065204,9.816027,90.3806,88.774292,1,2,3,4
27.9359207,0.0024509,0.207577,9.811171,-0.065204,9.813583,90.380692,88.787956,1,2,3,4
27.9383736,0.0024529,0.262612,9.811171,-0.091525,9.815111,90.534286,88.466751,1,2,3,4
27.9408245,0.0024509,0.217149,9.837492,-0.098704,9.840384,90.574715,88.735481,1,2,3,4
27.9432755,0.002451,0.248255,9.799207,-0.060419,9.802537,90.353149,88.548767,1,2,3,4
27.9457264,0.0024509,0.233898,9.808778,-0.067597,9.811799,90.394737,88.633995,1,2,3,4
27.9481792,0.0024528,0.200399,9.839885,-0.098704,9.842421,90.574593,88.833275,1,2,3,4
27.9506302,0.002451,0.219541,9.806385,-0.148953,9.809973,90.870003,88.717499,1,2,3,4
27.9530811,0.0024509,0.214756,9.849456,-0.158524,9.853072,90.92186,88.750931,1,2,3,4
27.9555359,0.0024548,0.214756,9.811171,-0.117847,9.814228,90.688011,88.746056,1,2,3,4
27.9579868,0.0024509,0.250648,9.847063,-0.10349,9.850797,90.601944,88.541901,1,2,3,4
27.9604378,0.002451,0.255434,9.789636,-0.14656,9.794065,90.857414,88.505363,1,2,3,4
27.9628887,0.0024509,0.248255,9.806385,-0.182453,9.811223,91.065552,88.549828,1,2,3,4
27.9653435,0.0024548,0.24347,9.794421,-0.110668,9.798072,90.647163,88.576035,1,2,3,4
27.9677944,0.0024509,0.233898,9.813564,-0.117847,9.817059,90.687813,88.634659,1,2,3,4
27.9702454,0.002451,0.219541,9.811171,-0.081954,9.813969,90.47847,88.718124,1,2,3,4
27.9726982,0.0024528,0.255434,9.794421,-0.108275,9.798349,90.633148,88.506096,1,2,3,4
27.9751511,0.0024529,0.241077,9.808778,-0.10349,9.812285,90.604309,88.592087,1,2,3,4
27.9776001,0.002449,0.255434,9.794421,-0.141775,9.798778,90.829018,88.506096,1,2,3,4
27.9800529,0.0024528,0.229113,9.808778,-0.189631,9.813285,91.107246,88.661934,1,2,3,4
27.9825058,0.0024529,0.248255,9.789636,-0.158524,9.794066,90.927414,88.547348,1,2,3,4
27.9849567,0.0024509,0.253041,9.813564,-0.156132,9.818068,90.911186,88.522964,1,2,3,4
27.9874077,0.002451,0.219541,9.789636,-0.115454,9.792777,90.675514,88.715309,1,2,3,4
27.9898586,0.0024509,0.233898,9.782457,-0.139382,9.786245,90.816071,88.630318,1,2,3,4
27.9923115,0.0024529,0.248255,9.825528,-0.127418,9.82949,90.742737,88.55265,1,2,3,4
27.9947643,0.0024528,0.231506,9.837492,-0.139382,9.841203,90.811516,88.651909,1,2,3,4
27.9972153,0.002451,0.22672,9.835099,-0.096311,9.838183,90.560905,88.679443,1,2,3,4
27.9996681,0.0024528,0.200399,9.8016,-0.077169,9.803952,90.450989,88.82872,1,2,3,4
28.0021191,0.002451,0.19322,9.806385,-0.089133,9.808693,90.52066,88.871216,1,2,3,4
28.0045719,0.0024528,0.200399,9.830314,-0.110668,9.832979,90.644867,88.832138,1,2,3,4
28.0070248,0.0024529,0.214756,9.820743,-0.060419,9.823276,90.352402,88.747276,1,2,3,4
28.0094757,0.0024509,0.24347,9.827921,-0.046062,9.831044,90.268448,88.580887,1,2,3,4
28.0119286,0.0024529,0.236291,9.815957,-0.036491,9.818869,90.212936,88.621033,1,2,3,4
28.0143795,0.0024509,0.253041,9.820743,-0.077169,9.824306,90.450058,88.524048,1,2,3,4
28.0168324,0.0024529,0.257827,9.832706,-0.08674,9.836469,90.505249,88.497971,1,2,3,4
28.0192852,0.0024528,0.250648,9.806385,-0.077169,9.809892,90.450714,88.535858,1,2,3,4
28.0217361,0.0024509,0.253041,9.839885,-0.110668,9.84376,90.644157,88.526917,1,2,3,4
28.024189,0.0024529,0.260219,9.81835,-0.091525,9.822224,90.533905,88.481827,1,2,3,4
28.0266399,0.0024509,0.245863,9.813564,-0.055633,9.816801,90.324707,88.56485,1,2,3,4
28.0290928,0.0024529,0.236291,9.827921,-0.067597,9.830994,90.393967,88.622711,1,2,3,4
28.0315437,0.0024509,0.221934,9.81835,-0.098704,9.821354,90.575829,88.705109,1,2,3,4
28.0339966,0.0024529,0.231506,9.815957,-0.153739,9.81989,90.897049,88.648949,1,2,3,4
28.0364475,0.0024509,0.253041,9.825528,-0.134596,9.829708,90.784561,88.524765,1,2,3,4
28.0389004,0.0024529,0.233898,9.820743,-0.115454,9.824206,90.673355,88.635658,1,2,3,4
28.0413532,0.0024528,0.245863,9.835099,-0.065204,9.838387,90.37973,88.567993,1,2,3,4
28.0438042,0.002451,0.224327,9.789636,-0.122632,9.792974,90.717506,88.687309,1,2,3,4
28.0462551,0.0024509,0.217149,9.825528,-0.151346,9.829093,90.882263,88.73394,1,2,3,4
28.048708,0.0024529,0.231506,9.811171,-0.18006,9.815554,91.051109,88.648293,1,2,3,4
28.0511608,0.0024528,0.250648,9.830314,-0.129811,9.834366,90.75631,88.539421,1,2,3,4
28.0536118,0.002451,0.207577,9.81835,-0.089133,9.820949,90.520012,88.788849,1,2,3,4
28.0560627,0.0024509,0.224327,9.811171,-0.058026,9.813907,90.338768,88.690193,1,2,3,4
28.0585155,0.0024528,0.224327,9.84467,-0.089133,9.84763,90.5186,88.694649,1,2,3,4
28.0609665,0.002451,0.241077,9.84467,-0.136989,9.848575,90.796982,88.597221,1,2,3,4
28.0634174,0.0024509,0.274576,9.823135,-0.153739,9.828175,90.896294,88.398888,1,2,3,4
28.0658684,0.002451,0.20997,9.827921,-0.132203,9.831053,90.770508,88.776085,1,2,3,4
28.0683212,0.0024528,0.257827,9.863813,-0.038883,9.867259,90.225784,88.502708,1,2,3,4
28.0707741,0.0024529,0.224327,9.849456,-0.034098,9.852069,90.198303,88.695282,1,2,3,4
28.073225,0.0024509,0.241077,9.870992,-0.151346,9.875095,90.878151,88.60096,1,2,3,4
28.075676,0.002451,0.229113,9.827921,-0.232702,9.833344,91.35601,88.664536,1,2,3,4
28.0781288,0.0024528,0.219541,9.870992,-0.187238,9.875208,91.086418,88.725891,1,2,3,4
28.0805798,0.002451,0.255434,9.835099,-0.081954,9.838757,90.477264,88.512268,1,2,3,4
28.0830307,0.0024509,0.236291,9.863813,-0.067597,9.866875,90.392532,88.627724,1,2,3,4
28.0854855,0.0024548,0.245863,9.856635,-0.10349,9.860244,90.601364,88.571121,1,2,3,4
28.0879364,0.0024509,0.195613,9.830314,-0.141775,9.833282,90.826111,88.860023,1,2,3,4
28.0903873,0.0024509,0.214756,9.823135,-0.093918,9.825932,90.547653,88.747581,1,2,3,4
28.0928383,0.002451,0.272184,9.820743,-0.089133,9.824918,90.519798,88.412445,1,2,3,4
28.095293,0.0024547,0.229113,9.851849,-0.019741,9.854532,90.114777,88.667778,1,2,3,4
28.097744,0.002451,0.257827,9.842278,0.025723,9.845688,89.850311,88.499435,1,2,3,4
28.1001949,0.0024509,0.233898,9.84467,-0.055633,9.847606,90.323692,88.638969,1,2,3,4
28.1026478,0.0024529,0.245863,9.811171,-0.122632,9.815017,90.715889,88.564499,1,2,3,4
28.1051006,0.0024528,0.236291,9.823135,-0.117847,9.826683,90.687134,88.62204,1,2,3,4
28.1075516,0.002451,0.217149,9.842278,-0.041276,9.844759,90.240227,88.736099,1,2,3,4
28.1100025,0.0024509,0.205185,9.849456,0.028116,9.851633,89.836479,88.80658,1,2,3,4
28.1124554,0.0024529,0.245863,9.84467,0.004187,9.847741,89.975639,88.569382,1,2,3,4
28.1149063,0.0024509,0.22672,9.832706,-0.105882,9.83589,90.616798,88.679123,1,2,3,4
28.1173573,0.002451,0.22672,9.902099,-0.120239,9.905423,90.695518,88.688377,1,2,3,4
28.1198101,0.0024528,0.22672,9.811171,-0.08674,9.814173,90.506401,88.676224,1,2,3,4
28.122261,0.0024509,0.205185,9.870992,-0.139382,9.874107,90.808807,88.809189,1,2,3,4
28.1247139,0.0024529,0.267398,9.856635,-0.098704,9.860755,90.573524,88.446022,1,2,3,4
28.1271648,0.0024509,0.202792,9.873384,-0.14656,9.876554,90.850258,88.823357,1,2,3,4
28.1296177,0.0024529,0.217149,9.873384,-0.213559,9.878081,91.238808,88.740074,1,2,3,4
28.1320686,0.0024509,0.229113,9.87817,-0.156132,9.88206,90.905281,88.671326,1,2,3,4
28.1345196,0.002451,0.200399,9.859028,-0.093918,9.861511,90.545677,88.835541,1,2,3,4
28.1369724,0.0024528,0.219541,9.866206,-0.113061,9.869296,90.656387,88.725273,1,2,3,4
28.1394253,0.0024529,0.233898,9.851849,-0.168096,9.856059,90.977234,88.639961,1,2,3,4
28.1418762,0.0024509,0.245863,9.820743,-0.223131,9.826353,91.301147,88.565895,1,2,3,4
28.1443272,0.002451,0.221934,9.851849,-0.184846,9.856081,91.074615,88.709503,1,2,3,4
28.14678,0.0024528,0.253041,9.866206,-0.139382,9.870435,90.809113,88.530846,1,2,3,4
28.1492329,0.0024529,0.224327,9.832706,-0.101097,9.835785,90.588921,88.693062,1,2,3,4
28.1516838,0.0024509,0.205185,9.827921,-0.115454,9.83074,90.672905,88.80397,1,2,3,4
28.1541367,0.0024529,0.257827,9.81835,-0.168096,9.823173,90.980499,88.495781,1,2,3,4
28.1565876,0.0024509,0.257827,9.859028,-0.192024,9.864267,91.115425,88.501984,1,2,3,4
28.1590385,0.0024509,0.219541,9.861421,-0.220738,9.866334,91.281975,88.724655,1,2,3,4
28.1614914,0.0024529,0.236291,9.849456,-0.136989,9.853242,90.796608,88.625725,1,2,3,4
28.1639442,0.0024528,0.250648,9.842278,-0.093918,9.845917,90.546539,88.541191,1,2,3,4
28.1663952,0.002451,0.22672,9.851849,-0.10349,9.855,90.601685,88.681686,1,2,3,4
28.1688461,0.0024509,0.217149,9.870992,-0.170489,9.874852,90.989258,88.739769,1,2,3,4
28.1712971,0.002451,0.224327,9.839885,-0.14656,9.843533,90.853111,88.694016,1,2,3,4
28.1737499,0.0024528,0.205185,9.830314,-0.077169,9.832758,90.449669,88.80426,1,2,3,4
28.1762028,0.0024529,0.231506,9.820743,-0.022134,9.823496,90.129097,88.649612,1,2,3,4
28.1786537,0.0024509,0.233898,9.847063,-0.074776,9.850124,90.434959,88.639305,1,2,3,4
28.1811066,0.0024529,0.221934,9.868599,-0.050847,9.871225,90.295135,88.711693,1,2,3,4
28.1835575,0.0024509,0.253041,9.847063,-0.067597,9.850546,90.393181,88.527985,1,2,3,4
28.1860085,0.002451,0.202792,9.84467,-0.05324,9.846903,90.309792,88.819923,1,2,3,4
28.1884632,0.0024547,0.257827,9.861421,-0.017348,9.864806,90.100761,88.502342,1,2,3,4
28.1909142,0.002451,0.238684,9.863813,0.001795,9.866701,89.989578,88.613831,1,2,3,4
28.1933651,0.0024509,0.233898,9.796814,-0.034098,9.799664,90.199356,88.632324,1,2,3,4
28.195816,0.0024509,0.219541,9.815957,-0.084347,9.818774,90.492195,88.71875,1,2,3,4
28.1982689,0.0024529,0.260219,9.859028,-0.055633,9.862618,90.323196,88.488083,1,2,3,4
28.2007198,0.0024509,0.233898,9.849456,-0.08674,9.852614,90.504425,88.639633,1,2,3,4
28.2031708,0.002451,0.231506,9.832706,-0.067597,9.835664,90.393776,88.651253,1,2,3,4
28.2056217,0.0024509,0.236291,9.842278,-0.117847,9.845819,90.685799,88.624718,1,2,3,4
28.2080746,0.0024529,0.236291,9.873384,-0.096311,9.876681,90.558723,88.629051,1,2,3,4
28.2105274,0.0024528,0.202792,9.854242,-0.134596,9.857248,90.782372,88.821068,1,2,3,4
28.2129784,0.002451,0.229113,9.868599,-0.156132,9.872493,90.906158,88.670044,1,2,3,4
28.2154312,0.0024528,0.236291,9.830314,-0.098704,9.833649,90.575111,88.623047,1,2,3,4
28.2178822,0.002451,0.19322,9.849456,-0.110668,9.851973,90.643623,88.876152,1,2,3,4
28.2203331,0.0024509,0.202792,9.859028,-0.18006,9.862757,91.046082,88.82164,1,2,3,4
28.2227859,0.0024528,0.217149,9.866206,-0.215952,9.870958,91.253593,88.739159,1,2,3,4
28.2252388,0.0024529,0.24347,9.847063,-0.110668,9.850695,90.643707,88.583641,1,2,3,4
28.2276897,0.0024509,0.22672,9.863813,-0.093918,9.866865,90.54538,88.683289,1,2,3,4
28.2301407,0.002451,0.231506,9.835099,-0.141775,9.838845,90.825645,88.651581,1,2,3,4
28.2325935,0.0024528,0.238684,9.820743,-0.127418,9.824469,90.743118,88.60775,1,2,3,4
28.2350464,0.0024529,0.233898,9.835099,-0.093918,9.838328,90.546967,88.63765,1,2,3,4
28.2374973,0.0024509,0.229113,9.842278,-0.122632,9.845708,90.713661,88.666489,1,2,3,4
28.2399483,0.002451,0.241077,9.830314,-0.156132,9.834509,90.90966,88.595169,1,2,3,4
28.2424011,0.0024528,0.200399,9.851849,-0.148953,9.855012,90.866028,88.834694,1,2,3,4
28.2448521,0.002451,0.200399,9.849456,-0.134596,9.852414,90.782753,88.834412,1,2,3,4
28.247303,0.0024509,0.233898,9.854242,-0.132203,9.857904,90.76841,88.640297,1,2,3,4
28.249754,0.002451,0.217149,9.859028,-0.148953,9.862544,90.865364,88.738243,1,2,3,4
28.2522068,0.0024528,0.20997,9.894919,-0.127418,9.897967,90.737595,88.784363,1,2,3,4
28.2546577,0.0024509,0.190828,9.823135,-0.192024,9.826865,91.119675,88.887093,1,2,3,4
28.2571106,0.0024529,0.200399,9.861421,-0.203988,9.865566,91.184776,88.835823,1,2,3,4
28.2595634,0.0024528,0.245863,9.842278,-0.125025,9.846142,90.727554,88.569038,1,2,3,4
28.2620144,0.002451,0.262612,9.835099,-0.108275,9.839201,90.630524,88.470474,1,2,3,4
28.2644672,0.0024528,0.233898,9.847063,-0.129811,9.850697,90.755058,88.639305,1,2,3,4
28.2669201,0.0024529,0.22672,9.837492,-0.110668,9.840726,90.644356,88.679764,1,2,3,4
28.269371,0.0024509,0.248255,9.84467,-0.101097,9.848319,90.588173,88.555466,1,2,3,4
28.271822,0.002451,0.250648,9.84467,-0.065204,9.848077,90.379356,88.54155,1,2,3,4
28.2742729,0.0024509,0.284148,9.842278,-0.067597,9.846611,90.393341,88.346321,1,2,3,4
28.2767258,0.0024529,0.231506,9.854242,0.00658,9.856964,89.961754,88.654198,1,2,3,4
28.2791786,0.0024528,0.221934,9.827921,-0.026919,9.830463,90.156898,88.706367,1,2,3,4
28.2816296,0.002451,0.24347,9.832706,-0.093918,9.836168,90.547081,88.581573,1,2,3,4
28.2840805,0.0024509,0.224327,9.832706,-0.058026,9.835436,90.338028,88.693062,1,2,3,4
28.2865334,0.0024529,0.207577,9.84467,0.028116,9.846899,89.836403,88.792084,1,2,3,4
28.2889843,0.0024509,0.22672,9.854242,-0.012562,9.856858,90.073021,88.682007,1,2,3,4
28.2914352,0.0024509,0.241077,9.813564,-0.077169,9.816829,90.450401,88.592773,1,2,3,4
28.2938881,0.0024529,0.207577,9.84467,-0.048455,9.846978,90.281937,88.792084,1,2,3,4
28.2963409,0.0024528,0.188435,9.842278,-0.026919,9.844118,90.156677,88.903183,1,2,3,4
28.2987919,0.002451,0.231506,9.856635,-0.115454,9.860029,90.670906,88.654526,1,2,3,4
28.3012428,0.0024509,0.250648,9.882956,-0.108275,9.886726,90.627495,88.547195,1,2,3,4
28.3036957,0.0024529,0.238684,9.835099,-0.113061,9.838645,90.658432,88.609787,1,2,3,4
28.3061466,0.0024509,0.207577,9.875777,-0.14656,9.879045,90.850044,88.795883,1,2,3,4
28.3085976,0.002451,0.231506,9.868599,-0.16331,9.872665,90.947807,88.656158,1,2,3,4
28.3110523,0.0024547,0.233898,9.84467,-0.117847,9.848154,90.685638,88.638969,1,2,3,4
28.3135033,0.002451,0.245863,9.847063,-0.098704,9.850627,90.57412,88.569733,1,2,3,4
28.3159542,0.0024509,0.255434,9.835099,-0.115454,9.839093,90.672333,88.512268,1,2,3,4
28.3184052,0.002451,0.22672,9.808778,-0.184846,9.813138,91.079315,88.675903,1,2,3,4
28.3208599,0.0024547,0.274576,9.835099,-0.189631,9.840758,91.104156,88.400833,1,2,3,4
28.3233109,0.002451,0.241077,9.849456,-0.201595,9.854468,91.172195,88.5979,1,2,3,4
28.3257618,0.0024509,0.241077,9.847063,-0.132203,9.850901,90.768959,88.597557,1,2,3,4
28.3282146,0.0024528,0.248255,9.837492,-0.10349,9.841168,90.602531,88.554413,1,2,3,4
28.3306656,0.002451,0.231506,9.837492,-0.144168,9.841271,90.839371,88.651909,1,2,3,4
28.3331165,0.0024509,0.214756,9.825528,-0.225524,9.830462,91.314552,88.747887,1,2,3,4
28.3355675,0.002451,0.205185,9.832706,-0.211167,9.837113,91.230026,88.80455,1,2,3,4
28.3380203,0.0024528,0.212363,9.815957,-0.110668,9.818877,90.64579,88.760628,1,2,3,4
28.3404732,0.0024529,0.217149,9.837492,-0.134596,9.840809,90.783676,88.735481,1,2,3,4
28.3429241,0.0024509,0.24347,9.827921,-0.170489,9.832415,90.99353,88.580887,1,2,3,4
28.3453751,0.002451,0.207577,9.820743,-0.158524,9.824215,90.924568,88.789139,1,2,3,4
28.3478279,0.0024528,0.207577,9.81835,-0.141775,9.821568,90.827095,88.788849,1,2,3,4
28.3502808,0.0024529,0.245863,9.837492,-0.156132,9.841802,90.908989,88.568336,1,2,3,4
28.3527317,0.0024509,0.224327,9.813564,-0.084347,9.81649,90.49231,88.690514,1,2,3,4
28.3551846,0.0024529,0.22672,9.813564,-0.031705,9.816234,90.185059,88.676544,1,2,3,4
28.3576374,0.0024528,0.236291,9.813564,-0.089133,9.816813,90.520233,88.620697,1,2,3,4
28.3600883,0.0024509,0.255434,9.8016,-0.134596,9.805851,90.786476,88.507187,1,2,3,4
28.3625412,0.0024529,0.238684,9.808778,-0.06999,9.811931,90.408707,88.606056,1,2,3,4
28.3649921,0.0024509,0.250648,9.820743,-0.014955,9.823952,90.087219,88.537994,1,2,3,4
28.3674431,0.002451,0.231506,9.823135,-0.065204,9.826079,90.380211,88.64994,1,2,3,4
28.3698959,0.0024528,0.253041,9.839885,-0.105882,9.843707,90.616302,88.526917,1,2,3,4
28.3723488,0.0024529,0.241077,9.84467,-0.091525,9.848047,90.532501,88.597221,1,2,3,4
28.3747997,0.0024509,0.255434,9.820743,-0.06999,9.824313,90.408188,88.510094,1,2,3,4
28.3772507,0.002451,0.224327,9.837492,-0.081954,9.84039,90.477188,88.693695,1,2,3,4
28.3797054,0.0024547,0.219541,9.830314,-0.06999,9.833014,90.407829,88.720619,1,2,3,4
28.3821564,0.002451,0.217149,9.859028,-0.105882,9.861987,90.615166,88.738243,1,2,3,4
28.3846073,0.0024509,0.255434,9.851849,-0.06999,9.855408,90.406898,88.514793,1,2,3,4
28.3870583,0.002451,0.229113,9.861421,-0.031705,9.864133,90.184158,88.669075,1,2,3,4
28.3895111,0.0024528,0.231506,9.84467,-0.074776,9.847676,90.435066,88.652893,1,2,3,4
28.3919621,0.002451,0.214756,9.78485,-0.058026,9.787378,90.339691,88.742683,1,2,3,4
28.3944149,0.0024528,0.241077,9.796814,-0.050847,9.799911,90.297287,88.59037,1,2,3,4
28.3968639,0.002449,0.221934,9.81835,-0.067597,9.821091,90.394363,88.705109,1,2,3,4
28.3993187,0.0024548,0.238684,9.837492,-0.139382,9.841373,90.811501,88.610123,1,2,3,4
28.4017696,0.0024509,0.267398,9.830314,-0.156132,9.835189,90.909599,88.441864,1,2,3,4
28.4042206,0.002451,0.241077,9.832706,-0.067597,9.835894,90.393768,88.595512,1,2,3,4
28.4066734,0.0024528,0.229113,9.832706,-0.065204,9.835591,90.379845,88.665184,1,2,3,4
28.4091244,0.002451,0.20997,9.825528,-0.18006,9.829421,91.049629,88.77578,1,2,3,4
28.4115753,0.0024509,0.20997,9.861421,-0.223131,9.866179,91.295898,88.780235,1,2,3,4
28.4140263,0.002451,0.236291,9.842278,-0.156132,9.846352,90.908569,88.624718,1,2,3,4
28.416481,0.0024547,0.205185,9.847063,-0.158524,9.850476,90.922104,88.80629,1,2,3,4
28.4189301,0.0024491,0.245863,9.823135,-0.153739,9.827415,90.896362,88.566246,1,2,3,4
28.4213829,0.0024528,0.202792,9.825528,-0.184846,9.829358,91.077538,88.817627,1,2,3,4
28.4238358,0.0024529,0.231506,9.861421,-0.160917,9.86545,90.934601,88.655174,1,2,3,4
28.4262867,0.0024509,0.195613,9.806385,-0.18006,9.809988,91.051712,88.857239,1,2,3,4
28.4287376,0.0024509,0.205185,9.859028,-0.189631,9.862986,91.101669,88.807739,1,2,3,4
28.4311886,0.002451,0.236291,9.856635,-0.182453,9.861155,91.060158,88.626724,1,2,3,4
28.4336433,0.0024547,0.248255,9.815957,-0.089133,9.8195,90.520088,88.551239,1,2,3,4
28.4360943,0.002451,0.262612,9.832706,-0.101097,9.836732,90.588867,88.470108,1,2,3,4
28.4385452,0.0024509,0.22672,9.837492,-0.132203,9.840992,90.76973,88.679764,1,2,3,4
28.4409962,0.002451,0.24347,9.8016,-0.096311,9.805096,90.562798,88.57708,1,2,3,4
28.443449,0.0024528,0.255434,9.81835,-0.08674,9.822055,90.505997,88.509727,1,2,3,4
28.4459,0.002451,0.300897,9.839885,-0.06999,9.844733,90.407341,88.248474,1,2,3,4
28.4483509,0.0024509,0.24347,9.835099,-0.060419,9.838298,90.351868,88.581924,1,2,3,4
28.4508057,0.0024548,0.253041,9.823135,-0.110668,9.827017,90.645256,88.524406,1,2,3,4
28.4532566,0.0024509,0.255434,9.832706,-0.093918,9.836472,90.547066,88.511909,1,2,3,4
28.4557076,0.002451,0.231506,9.827921,-0.041276,9.830733,90.24057,88.650597,1,2,3,4
28.4581585,0.0024509,0.236291,9.84467,-0.077169,9.847808,90.448982,88.625053,1,2,3,4
28.4606113,0.0024528,0.236291,9.851849,-0.067597,9.854914,90.393005,88.626053,1,2,3,4
28.4630623,0.002451,0.186042,9.830314,-0.08674,9.832457,90.505455,88.915787,1,2,3,4
28.4655151,0.0024528,0.212363,9.847063,-0.046062,9.849461,90.267952,88.764542,1,2,3,4
28.467968,0.0024529,0.217149,9.849456,-0.038883,9.851926,90.226135,88.737015,1,2,3,4
28.4704189,0.0024509,0.188435,9.84467,-0.065204,9.846689,90.37941,88.90345,1,2,3,4
28.4728718,0.0024529,0.217149,9.861421,-0.072383,9.864078,90.420441,88.738548,1,2,3,4
28.4753227,0.0024509,0.250648,9.827921,-0.031705,9.831168,90.184776,88.539063,1,2,3,4
28.4777756,0.0024529,0.219541,9.854242,-0.043669,9.856784,90.253838,88.723724,1,2,3,4
28.4802265,0.0024509,0.241077,9.842278,-0.060419,9.845415,90.351608,88.596878,1,2,3,4
28.4826794,0.0024529,0.229113,9.847063,-0.093918,9.850176,90.546303,88.66713,1,2,3,4
28.4851322,0.0024528,0.276969,9.854242,-0.122632,9.858897,90.712708,88.390038,1,2,3,4
28.4875832,0.002451,0.233898,9.815957,-0.168096,9.820183,90.980804,88.634995,1,2,3,4
28.4900341,0.0024509,0.281755,9.875777,-0.05324,9.879939,90.308754,88.365799,1,2,3,4
28.492485,0.0024509,0.214756,9.837492,-0.050847,9.839967,90.296074,88.749413,1,2,3,4
28.4949379,0.0024529,0.276969,9.837492,-0.160917,9.842706,90.936768,88.387291,1,2,3,4
28.4973888,0.0024509,0.200399,9.839885,-0.192024,9.843799,91.117744,88.833275,1,2,3,4
28.4998417,0.0024529,0.233898,9.827921,-0.206381,9.83287,91.20266,88.63665,1,2,3,4
28.5022945,0.0024528,0.22672,9.830314,-0.182453,9.83462,91.063019,88.678802,1,2,3,4
28.5047455,0.002451,0.214756,9.832706,-0.160917,9.836368,90.93737,88.748802,1,2,3,4
28.5071964,0.0024509,0.207577,9.870992,-0.156132,9.874409,90.905983,88.795303,1,2,3,4
28.5096493,0.0024529,0.176471,9.842278,-0.213559,9.846176,91.242821,88.972801,1,2,3,4
28.5121021,0.0024528,0.217149,9.859028,-0.230309,9.864108,91.337875,88.738243,1,2,3,4
28.5145531,0.002451,0.231506,9.870992,-0.19681,9.875668,91.141907,88.656479,1,2,3,4
28.517004,0.0024509,0.231506,9.861421,-0.139382,9.865123,90.809547,88.655174,1,2,3,4
28.5194569,0.0024529,0.22672,9.885348,-0.134596,9.888864,90.779869,88.686157,1,2,3,4
28.5219078,0.0024509,0.221934,9.84467,-0.160917,9.848486,90.936211,88.708565,1,2,3,4
28.5243587,0.0024509,0.241077,9.880563,-0.108275,9.884096,90.627655,88.60231,1,2,3,4
28.5268097,0.002451,0.260219,9.875777,-0.139382,9.880188,90.808311,88.490646,1,2,3,4
28.5292625,0.0024528,0.245863,9.854242,-0.096311,9.85778,90.559792,88.57077,1,2,3,4
28.5317135,0.002451,0.233898,9.854242,-0.079561,9.857339,90.462456,88.640297,1,2,3,4
28.5341663,0.0024528,0.195613,9.847063,-0.074776,9.84929,90.43499,88.861961,1,2,3,4
28.5366173,0.002451,0.24347,9.823135,-0.084347,9.826514,90.491814,88.580193,1,2,3,4
28.5390701,0.0024528,0.229113,9.835099,-0.101097,9.838287,90.588776,88.665512,1,2,3,4
28.5415211,0.002451,0.22672,9.847063,-0.081954,9.850014,90.476715,88.681046,1,2,3,4
28.543972,0.0024509,0.236291,9.842278,-0.117847,9.845819,90.685799,88.624718,1,2,3,4
28.5464249,0.0024529,0.255434,9.84467,-0.079561,9.848305,90.462883,88.51371,1,2,3,4
28.5488777,0.0024528,0.212363,9.832706,-0.079561,9.835321,90.463493,88.762741,1,2,3,4
28.5513287,0.002451,0.200399,9.837492,-0.077169,9.839835,90.449341,88.832993,1,2,3,4
28.5537834,0.0024547,0.231506,9.861421,-0.081954,9.864478,90.476021,88.655174,1,2,3,4
28.5562344,0.002451,0.272184,9.885348,-0.05324,9.889238,90.308464,88.422813,1,2,3,4
28.5586853,0.0024509,0.253041,9.859028,-0.108275,9.862869,90.629013,88.529778,1,2,3,4
28.5611362,0.0024509,0.24347,9.839885,-0.110668,9.843518,90.644173,88.582611,1,2,3,4
28.5635891,0.0024529,0.281755,9.875777,-0.096311,9.880265,90.558517,88.365799,1,2,3,4
28.56604,0.0024509,0.221934,9.882956,-0.036491,9.885515,90.211494,88.71357,1,2,3,4
28.5684929,0.0024529,0.229113,9.863813,-0.050847,9.866605,90.295273,88.669395,1,2,3,4
28.5709438,0.0024509,0.253041,9.902099,-0.072383,9.905596,90.418678,88.536163,1,2,3,4
28.5733967,0.0024529,0.217149,9.856635,-0.110668,9.859648,90.64312,88.737938,1,2,3,4
28.5758476,0.0024509,0.219541,9.87817,-0.132203,9.881494,90.766579,88.726814,1,2,3,4
28.5783005,0.0024529,0.241077,9.847063,-0.079561,9.850335,90.462784,88.597557,1,2,3,4
28.5807533,0.0024528,0.229113,9.863813,-0.098704,9.866967,90.573166,88.669395,1,2,3,4
28.5832043,0.002451,0.267398,9.851849,-0.134596,9.856396,90.78244,88.445267,1,2,3,4
28.5856552,0.0024509,0.20997,9.870992,-0.134596,9.874143,90.781036,88.781418,1,2,3,4
28.5881081,0.0024529,0.265005,9.842278,-0.141775,9.846866,90.824974,88.457672,1,2,3,4
28.5905609,0.0024528,0.22672,9.849456,-0.101097,9.852584,90.587921,88.681366,1,2,3,4
28.5930138,0.0024529,0.221934,9.873384,-0.098704,9.876371,90.572624,88.712318,1,2,3,4
28.5954647,0.0024509,0.212363,9.875777,-0.139382,9.879044,90.808403,88.768135,1,2,3,4
28.5979195,0.0024548,0.20997,9.861421,-0.168096,9.865088,90.976334,88.780235,1,2,3,4
28.6003704,0.0024509,0.231506,9.863813,-0.189631,9.868352,91.101067,88.655502,1,2,3,4
28.6028214,0.002451,0.233898,9.882956,-0.132203,9.886607,90.766182,88.644241,1,2,3,4
28.6052761,0.0024547,0.24347,9.849456,-0.067597,9.852696,90.393097,88.583984,1,2,3,4
28.6077271,0.002451,0.241077,9.847063,-0.055633,9.850171,90.323601,88.597557,1,2,3,4
28.610178,0.0024509,0.238684,9.861421,-0.098704,9.864802,90.573296,88.613495,1,2,3,4
28.6126289,0.0024509,0.241077,9.861421,-0.14656,9.865456,90.851212,88.599602,1,2,3,4
28.6150818,0.0024529,0.20997,9.847063,-0.172881,9.850819,91.005592,88.778458,1,2,3,4
28.6175346,0.0024528,0.22672,9.868599,-0.072383,9.871469,90.420128,88.683922,1,2,3,4
28.6199856,0.002451,0.255434,9.823135,-0.050847,9.826588,90.296478,88.51046,1,2,3,4
28.6224384,0.0024528,0.267398,9.830314,-0.060419,9.834135,90.352013,88.441864,1,2,3,4
28.6248894,0.002451,0.22672,9.820743,-0.172881,9.82488,91.008247,88.677513,1,2,3,4
28.6273422,0.0024528,0.198006,9.839885,-0.223131,9.844406,91.298759,88.847206,1,2,3,4
28.6297932,0.002451,0.238684,9.851849,-0.182453,9.856428,91.060661,88.612144,1,2,3,4
28.632246,0.0024528,0.241077,9.880563,-0.096311,9.883973,90.558311,88.60231,1,2,3,4
28.6346989,0.0024529,0.214756,9.861421,-0.062812,9.863958,90.364853,88.752449,1,2,3,4
28.6371498,0.0024509,0.212363,9.847063,-0.096311,9.849824,90.560242,88.764542,1,2,3,4
28.6396027,0.0024529,0.214756,9.854242,-0.158524,9.857857,90.921417,88.751534,1,2,3,4
28.6420536,0.0024509,0.22672,9.837492,-0.18006,9.841751,91.048317,88.679764,1,2,3,4
28.6445065,0.0024529,0.183649,9.861421,-0.10349,9.863674,90.601158,88.933105,1,2,3,4
28.6469574,0.0024509,0.229113,9.863813,-0.031705,9.866525,90.184113,88.669395,1,2,3,4
28.6494102,0.0024528,0.214756,9.868599,-0.06999,9.871183,90.40625,88.753349,1,2,3,4
28.6518612,0.002451,0.231506,9.847063,-0.058026,9.849955,90.337532,88.653221,1,2,3,4
28.6543121,0.0024509,0.245863,9.854242,-0.06999,9.857557,90.406815,88.57077,1,2,3,4
28.656765,0.0024529,0.284148,9.859028,-0.110668,9.863743,90.642853,88.349129,1,2,3,4
28.6592159,0.0024509,0.245863,9.830314,-0.091525,9.833814,90.533272,88.567291,1,2,3,4
28.6616688,0.0024529,0.22672,9.837492,-0.034098,9.840163,90.19854,88.679764,1,2,3,4
28.6641197,0.0024509,0.248255,9.849456,-0.034098,9.852643,90.198288,88.556168,1,2,3,4
28.6665726,0.0024529,0.221934,9.861421,-0.079561,9.864239,90.462135,88.710762,1,2,3,4
28.6690235,0.0024509,0.219541,9.842278,-0.098704,9.845221,90.574432,88.722176,1,2,3,4
28.6714745,0.002451,0.248255,9.856635,-0.079561,9.860082,90.462326,88.55722,1,2,3,4
28.6739273,0.0024528,0.22672,9.806385,-0.110668,9.809629,90.6464,88.675575,1,2,3,4
28.6763802,0.0024529,0.198006,9.837492,-0.139382,9.840471,90.811577,88.846924,1,2,3,4
28.6788311,0.0024509,0.20997,9.839885,-0.134596,9.843045,90.783501,88.777573,1,2,3,4
28.681282,0.0024509,0.233898,9.856635,-0.105882,9.859978,90.615288,88.640625,1,2,3,4
28.6837368,0.0024548,0.245863,9.866206,-0.081954,9.869609,90.475769,88.572502,1,2,3,4
28.6861877,0.0024509,0.205185,9.851849,-0.105882,9.854553,90.615623,88.80687,1,2,3,4
28.6886387,0.002451,0.221934,9.863813,-0.151346,9.867471,90.87883,88.711075,1,2,3,4
28.6910915,0.0024528,0.255434,9.849456,-0.172881,9.854284,91.005234,88.514435,1,2,3,4
28.6935425,0.002451,0.265005,9.839885,-0.158524,9.844729,90.922646,88.457298,1,2,3,4
28.6959953,0.0024528,0.24347,9.847063,-0.084347,9.850434,90.490616,88.583641,1,2,3,4
28.6984463,0.002451,0.231506,9.808778,-0.05324,9.811654,90.310905,88.647964,1,2,3,4
28.7008991,0.0024528,0.281755,9.806385,-0.10349,9.810978,90.604385,88.35424,1,2,3,4
28.703352,0.0024529,0.262612,9.820743,-0.156132,9.825494,90.910492,88.468246,1,2,3,4
28.7058029,0.0024509,0.236291,9.839885,-0.141775,9.843742,90.825233,88.624382,1,2,3,4
28.7082558,0.0024529,0.231506,9.827921,-0.141775,9.83167,90.826248,88.650597,1,2,3,4
28.7107067,0.0024509,0.219541,9.856635,-0.113061,9.859728,90.657021,88.724037,1,2,3,4
28.7131596,0.0024529,0.231506,9.832706,-0.113061,9.836081,90.6586,88.651253,1,2,3,4
28.7156105,0.0024509,0.236291,9.780065,-0.117847,9.783628,90.690163,88.615974,1,2,3,4
28.7180634,0.0024529,0.207577,9.830314,-0.16331,9.833861,90.951553,88.790321,1,2,3,4
28.7205143,0.0024509,0.245863,9.825528,-0.168096,9.830041,90.97982,88.566597,1,2,3,4
28.7229652,0.0024509,0.217149,9.820743,-0.151346,9.824308,90.88269,88.73333,1,2,3,4
28.72542,0.0024548,0.233898,9.847063,-0.14656,9.850931,90.85247,88.639305,1,2,3,4
28.7278709,0.0024509,0.257827,9.832706,-0.115454,9.836763,90.672493,88.497971,1,2,3,4
28.7303219,0.002451,0.233898,9.832706,-0.10349,9.836033,90.602844,88.637314,1,2,3,4
28.7327728,0.0024509,0.257827,9.820743,-0.108275,9.824723,90.631454,88.496147,1,2,3,4
28.7352257,0.0024529,0.260219,9.832706,-0.101097,9.836669,90.588867,88.484039,1,2,3,4
28.7376785,0.0024528,0.250648,9.825528,-0.10349,9.829269,90.603264,88.538704,1,2,3,4
28.7401295,0.002451,0.238684,9.81835,-0.067597,9.821484,90.394348,88.607414,1,2,3,4
28.7425823,0.0024528,0.238684,9.803992,-0.058026,9.807069,90.339005,88.605377,1,2,3,4
28.7450333,0.002451,0.229113,9.81835,-0.000598,9.821023,90.003487,88.663239,1,2,3,4
28.7474842,0.0024509,0.250648,9.827921,-0.005384,9.831119,90.03138,88.539063,1,2,3,4
28.7499352,0.002451,0.198006,9.758529,-0.08674,9.760922,90.509163,88.837593,1,2,3,4
28.7523899,0.0024547,0.233898,9.8016,-0.129811,9.805249,90.758553,88.632996,1,2,3,4
28.7548409,0.002451,0.221934,9.794421,-0.05324,9.79708,90.311363,88.701942,1,2,3,4
28.7572918,0.0024509,0.262612,9.84467,0.018544,9.848189,89.892113,88.471962,1,2,3,4
28.7597466,0.0024548,0.221934,9.803992,-0.036491,9.806572,90.213203,88.703209,1,2,3,4
28.7621975,0.0024509,0.221934,9.813564,-0.115454,9.816752,90.673866,88.704475,1,2,3,4
28.7646484,0.0024509,0.19322,9.839885,-0.151346,9.842945,90.88102,88.875061,1,2,3,4
28.7670994,0.002451,0.217149,9.815957,-0.136989,9.819315,90.799362,88.732712,1,2,3,4
28.7695522,0.0024528,0.274576,9.832706,-0.120239,9.837275,90.700333,88.400444,1,2,3,4
28.7720032,0.002451,0.241077,9.827921,-0.08674,9.83126,90.505516,88.594826,1,2,3,4
28.7744541,0.0024509,0.250648,9.830314,-0.072383,9.833776,90.421738,88.539421,1,2,3,4
28.7769051,0.002451,0.200399,9.808778,-0.165703,9.812224,90.967621,88.829575,1,2,3,4
28.7793579,0.0024528,0.207577,9.813564,-0.189631,9.817591,91.106766,88.788254,1,2,3,4
28.7818108,0.0024529,0.221934,9.823135,-0.199202,9.827662,91.161438,88.705734,1,2,3,4
28.7842617,0.0024509,0.24347,9.849456,-0.117847,9.853169,90.685287,88.583984,1,2,3,4
28.7867146,0.0024529,0.224327,9.870992,-0.067597,9.873772,90.392258,88.698128,1,2,3,4
28.7891674,0.0024528,0.24347,9.820743,-0.108275,9.824357,90.631477,88.579849,1,2,3,4
28.7916183,0.0024509,0.219541,9.830314,-0.175274,9.834327,91.021217,88.720619,1,2,3,4
28.7940731,0.0024548,0.200399,9.823135,-0.160917,9.826497,90.938309,88.831291,1,2,3,4
28.796524,0.0024509,0.229113,9.839885,-0.081954,9.842893,90.477066,88.666161,1,2,3,4
28.798975,0.002451,0.207577,9.799207,-0.079561,9.801728,90.46508,88.786484,1,2,3,4
28.8014259,0.0024509,0.198006,9.820743,-0.113061,9.823389,90.659454,88.844955,1,2,3,4
28.8038788,0.0024529,0.188435,9.811171,-0.144168,9.814039,90.841698,88.899704,1,2,3,4
28.8063316,0.0024528,0.212363,9.81835,-0.10349,9.821192,90.60376,88.760933,1,2,3,4
28.8087826,0.002451,0.22672,9.842278,-0.091525,9.845314,90.532646,88.680405,1,2,3,4
28.8112354,0.0024528,0.219541,9.830314,-0.022134,9.832789,90.128975,88.720619,1,2,3,4
28.8136864,0.002451,0.19322,9.81835,-0.098704,9.820746,90.575867,88.872589,1,2,3,4
28.8161392,0.0024528,0.236291,9.799207,-0.14656,9.80315,90.856621,88.618675,1,2,3,4
28.8185902,0.002451,0.241077,9.813564,-0.187238,9.818311,91.092712,88.592773,1,2,3,4
28.821043,0.0024528,0.200399,9.823135,-0.096311,9.825651,90.561623,88.831291,1,2,3,4
28.8234959,0.0024529,0.253041,9.823135,-0.058026,9.826566,90.338333,88.524406,1,2,3,4
28.8259468,0.0024509,0.24347,9.820743,-0.043669,9.823857,90.254692,88.579849,1,2,3,4
28.8283997,0.0024529,0.233898,9.847063,-0.115454,9.850517,90.671555,88.639305,1,2,3,4
28.8308506,0.0024509,0.212363,9.835099,-0.177667,9.838996,91.034668,88.763039,1,2,3,4
28.8333015,0.0024509,0.233898,9.832706,-0.148953,9.836616,90.867645,88.637314,1,2,3,4
28.8357525,0.002451,0.217149,9.847063,-0.08674,9.849839,90.504562,88.73671,1,2,3,4
28.8382053,0.0024528,0.231506,9.827921,-0.050847,9.830779,90.296349,88.650597,1,2,3,4
28.8406563,0.002451,0.231506,9.830314,-0.136989,9.833994,90.798164,88.650925,1,2,3,4
28.8431072,0.0024509,0.231506,9.81835,-0.187238,9.822864,91.092209,88.649284,1,2,3,4
28.8455582,0.002451,0.219541,9.835099,-0.160917,9.838865,90.937126,88.721245,1,2,3,4
28.848011,0.0024528,0.267398,9.837492,-0.122632,9.841889,90.713936,88.443001,1,2,3,4
28.850462,0.002451,0.257827,9.847063,-0.096311,9.850909,90.560181,88.50016,1,2,3,4
28.8529129,0.0024509,0.231506,9.863813,-0.110668,9.86715,90.642632,88.655502,1,2,3,4
28.8553658,0.0024529,0.245863,9.830314,-0.132203,9.834276,90.770256,88.567291,1,2,3,4
28.8578167,0.0024509,0.260219,9.839885,-0.127418,9.84415,90.741631,88.485146,1,2,3,4
28.8602695,0.0024528,0.265005,9.835099,-0.141775,9.83969,90.825569,88.456551,1,2,3,4
28.8627205,0.002451,0.231506,9.81835,-0.062812,9.82128,90.366432,88.649284,1,2,3,4
28.8651733,0.0024528,0.262612,9.813564,-0.074776,9.817362,90.436409,88.467125,1,2,3,4
28.8676243,0.002451,0.229113,9.837492,-0.084347,9.840521,90.491112,88.66584,1,2,3,4
28.8700771,0.0024528,0.214756,9.813564,-0.093918,9.816363,90.548187,88.746361,1,2,3,4
28.87253,0.0024529,0.233898,9.803992,-0.101097,9.807303,90.59063,88.633324,1,2,3,4
28.8749809,0.0024509,0.207577,9.799207,-0.060419,9.801591,90.35318,88.786484,1,2,3,4
28.8774338,0.0024529,0.19322,9.835099,-0.067597,9.83723,90.393715,88.874512,1,2,3,4
28.8798847,0.0024509,0.253041,9.842278,-0.101097,9.846049,90.58831,88.527275,1,2,3,4
28.8823376,0.0024529,0.221934,9.81835,-0.120239,9.821594,90.701454,88.705109,1,2,3,4
28.8847885,0.0024509,0.233898,9.84467,-0.101097,9.847968,90.588196,88.638969,1,2,3,4
28.8872395,0.002451,0.236291,9.811171,-0.113061,9.814667,90.660042,88.620361,1,2,3,4
28.8896904,0.0024509,0.198006,9.830314,-0.10349,9.832852,90.603043,88.846085,1,2,3,4
28.8921452,0.0024548,0.229113,9.825528,-0.108275,9.828795,90.631187,88.664215,1,2,3,4
28.8945961,0.0024509,0.245863,9.832706,-0.148953,9.836907,90.867622,88.567642,1,2,3,4
28.897047,0.0024509,0.231506,9.84467,-0.16331,9.848746,90.950111,88.652893,1,2,3,4
28.8994999,0.0024529,0.24347,9.832706,-0.127418,9.836546,90.742203,88.581573,1,2,3,4
28.9019527,0.0024528,0.233898,9.856635,-0.105882,9.859978,90.615288,88.640625,1,2,3,4
28.9044037,0.002451,0.269791,9.854242,-0.067597,9.858167,90.392876,88.43174,1,2,3,4
28.9068565,0.0024528,0.224327,9.847063,-0.18006,9.851264,91.047302,88.694962,1,2,3,4
28.9093075,0.002451,0.224327,9.897313,-0.170489,9.901323,90.98661,88.701584,1,2,3,4
28.9117584,0.0024509,0.250648,9.87817,-0.105882,9.881917,90.613922,88.546494,1,2,3,4
28.9142094,0.002451,0.245863,9.859028,-0.129811,9.862947,90.75412,88.571465,1,2,3,4
28.9166622,0.0024528,0.231506,9.842278,-0.134596,9.845921,90.783272,88.652565,1,2,3,4
28.9191151,0.0024529,0.248255,9.868599,-0.151346,9.872881,90.878349,88.558968,1,2,3,4
28.921566,0.0024509,0.233898,9.84467,-0.127418,9.848273,90.741318,88.638969,1,2,3,4
28.924017,0.002451,0.233898,9.839885,-0.129811,9.84352,90.755608,88.638313,1,2,3,4
28.9264698,0.0024528,0.253041,9.861421,-0.134596,9.865585,90.781708,88.530128,1,2,3,4
28.9289207,0.0024509,0.24347,9.849456,-0.098704,9.852959,90.573982,88.583984,1,2,3,4
28.9313717,0.002451,0.233898,9.856635,-0.091525,9.859835,90.531868,88.640625,1,2,3,4
28.9338245,0.0024528,0.22672,9.842278,-0.093918,9.845336,90.546577,88.680405,1,2,3,4
28.9362774,0.0024529,0.248255,9.84467,-0.06999,9.848048,90.407204,88.555466,1,2,3,4
28.9387283,0.0024509,0.221934,9.842278,-0.012562,9.844788,90.073112,88.708252,1,2,3,4
28.9411793,0.002451,0.233898,9.856635,-0.072383,9.859675,90.420631,88.640625,1,2,3,4
28.9436321,0.0024528,0.238684,9.856635,-0.046062,9.859632,90.26767,88.612823,1,2,3,4
28.9460831,0.002451,0.284148,9.854242,-0.113061,9.858987,90.657074,88.348328,1,2,3,4
28.948534,0.0024509,0.236291,9.851849,-0.096311,9.855152,90.559944,88.626053,1,2,3,4
28.9509869,0.0024529,0.221934,9.842278,-0.101097,9.845299,90.588356,88.708252,1,2,3,4
28.9534378,0.0024509,0.250648,9.851849,-0.122632,9.8558,90.712929,88.54261,1,2,3,4
28.9558887,0.0024509,0.250648,9.847063,-0.141775,9.851274,90.8246,88.541901,1,2,3,4
28.9583416,0.0024529,0.214756,9.859028,-0.110668,9.861987,90.642967,88.752144,1,2,3,4
28.9607944,0.0024528,0.200399,9.861421,-0.113061,9.864104,90.656731,88.835823,1,2,3,4
28.9632473,0.0024529,0.245863,9.847063,-0.065204,9.850348,90.379272,88.569733,1,2,3,4
28.9656982,0.0024509,0.22672,9.870992,-0.077169,9.873897,90.447792,88.684242,1,2,3,4
28.9681511,0.0024529,0.231506,9.868599,-0.072383,9.871579,90.42012,88.656158,1,2,3,4
28.9706039,0.0024528,0.224327,9.868599,-0.079561,9.871469,90.461792,88.697807,1,2,3,4
28.9730549,0.002451,0.231506,9.861421,-0.127418,9.864961,90.740067,88.655174,1,2,3,4
28.9755058,0.0024509,0.202792,9.861421,-0.096311,9.863976,90.559441,88.82193,1,2,3,4
28.9779587,0.0024529,0.207577,9.84467,-0.091525,9.847284,90.532539,88.792084,1,2,3,4
28.9804096,0.0024509,0.207577,9.851849,-0.079561,9.854357,90.462593,88.792961,1,2,3,4
28.9828625,0.0024529,0.257827,9.859028,-0.10349,9.862942,90.601204,88.501984,1,2,3,4
28.9853153,0.0024528,0.190828,9.825528,-0.129811,9.828238,90.756783,88.88736,1,2,3,4
28.9877663,0.002451,0.245863,9.847063,-0.105882,9.850701,90.615868,88.569733,1,2,3,4
28.9902172,0.0024509,0.245863,9.875777,-0.065204,9.879052,90.378174,88.573883,1,2,3,4
28.9926682,0.002451,0.248255,9.851849,-0.084347,9.855337,90.490372,88.556519,1,2,3,4
28.9951229,0.0024547,0.229113,9.835099,-0.151346,9.838931,90.881378,88.665512,1,2,3,4
28.9975739,0.002451,0.231506,9.825528,-0.184846,9.829993,91.077469,88.650269,1,2,3,4
29.0000248,0.0024509,0.245863,9.873384,-0.136989,9.877395,90.794655,88.57354,1,2,3,4
29.0024796,0.0024548,0.24347,9.861421,-0.10349,9.864969,90.601082,88.585709,1,2,3,4
29.0049305,0.0024509,0.24347,9.856635,-0.101097,9.86016,90.587463,88.585022,1,2,3,4
29.0073814,0.0024509,0.231506,9.885348,-0.134596,9.888975,90.779861,88.658432,1,2,3,4
29.0098343,0.0024529,0.253041,9.842278,-0.10349,9.846074,90.602234,88.527275,1,2,3,4
29.0122871,0.0024528,0.212363,9.847063,-0.084347,9.849714,90.490654,88.764542,1,2,3,4
29.0147381,0.002451,0.217149,9.854242,-0.101097,9.857154,90.587646,88.737633,1,2,3,4
29.017189,0.0024509,0.229113,9.825528,-0.06999,9.828448,90.40802,88.664215,1,2,3,4
29.0196438,0.0024548,0.250648,9.851849,-0.060419,9.855222,90.351265,88.54261,1,2,3,4
29.0220947,0.0024509,0.219541,9.851849,-0.06999,9.854543,90.406937,88.723412,1,2,3,4
29.0245457,0.002451,0.279362,9.856635,-0.110668,9.861214,90.643021,88.376526,1,2,3,4
29.0269966,0.0024509,0.229113,9.859028,-0.101097,9.862208,90.587341,88.668747,1,2,3,4
29.0294495,0.0024529,0.281755,9.811171,-0.125025,9.816011,90.72979,88.355049,1,2,3,4
29.0319023,0.0024528,0.186042,9.866206,-0.05324,9.868104,90.30912,88.919731,1,2,3,4
29.0343533,0.002451,0.238684,9.868599,-0.14656,9.872573,90.850601,88.614502,1,2,3,4
29.0368061,0.0024528,0.236291,9.863813,-0.182453,9.86833,91.059387,88.627724,1,2,3,4
29.039257,0.0024509,0.245863,9.839885,-0.160917,9.844272,90.936615,88.568687,1,2,3,4
29.041708,0.002451,0.229113,9.849456,-0.141775,9.85314,90.824448,88.667458,1,2,3,4
29.0441608,0.0024528,0.198006,9.863813,-0.117847,9.866505,90.684364,88.849998,1,2,3,4
29.0466137,0.0024529,0.231506,9.827921,-0.127418,9.831473,90.742584,88.650597,1,2,3,4
29.0490646,0.0024509,0.224327,9.870992,-0.156132,9.874775,90.905952,88.698128,1,2,3,4
29.0515156,0.002451,0.221934,9.832706,-0.096311,9.835682,90.56105,88.706993,1,2,3,4
29.0539684,0.0024528,0.236291,9.856635,-0.046062,9.859574,90.267677,88.626724,1,2,3,4
29.0564194,0.002451,0.24347,9.827921,-0.038883,9.831013,90.226616,88.580887,1,2,3,4
29.0588722,0.0024528,0.248255,9.808778,-0.122632,9.812685,90.716064,88.550179,1,2,3,4
29.0613232,0.002451,0.24347,9.808778,-0.108275,9.812397,90.632248,88.578117,1,2,3,4
29.063776,0.0024528,0.253041,9.806385,-0.113061,9.810301,90.660332,88.521889,1,2,3,4
29.066227,0.002451,0.257827,9.842278,-0.079561,9.845976,90.46299,88.499435,1,2,3,4
29.0686779,0.0024509,0.248255,9.835099,-0.098704,9.838727,90.574814,88.554062,1,2,3,4
29.0711327,0.0024548,0.265005,9.808778,-0.120239,9.813093,90.702057,88.452408,1,2,3,4
29.0735836,0.0024509,0.257827,9.827921,-0.153739,9.832504,90.895897,88.497238,1,2,3,4
29.0760345,0.0024509,0.238684,9.808778,-0.144168,9.81274,90.841812,88.606056,1,2,3,4
29.0784855,0.002451,0.224327,9.806385,-0.113061,9.809602,90.660378,88.689552,1,2,3,4
29.0809383,0.0024528,0.224327,9.837492,-0.127418,9.840874,90.741875,88.693695,1,2,3,4
29.0833893,0.002451,0.212363,9.827921,-0.125025,9.83101,90.728676,88.762138,1,2,3,4
29.0858421,0.0024528,0.229113,9.859028,-0.120239,9.862423,90.698547,88.668747,1,2,3,4
29.088295,0.0024529,0.198006,9.815957,-0.187238,9.819739,91.09256,88.844391,1,2,3,4
29.0907459,0.0024509,0.219541,9.859028,-0.139382,9.862456,90.809761,88.724342,1,2,3,4
29.0931969,0.002451,0.212363,9.823135,-0.105882,9.826001,90.617416,88.761536,1,2,3,4
29.0956478,0.0024509,0.24347,9.859028,-0.115454,9.86271,90.670723,88.585365,1,2,3,4
29.0981026,0.0024548,0.250648,9.815957,-0.120239,9.819893,90.701576,88.537285,1,2,3,4
29.1005535,0.0024509,0.276969,9.866206,-0.153739,9.87129,90.89238,88.391983,1,2,3,4
29.1030045,0.002451,0.281755,9.856635,-0.096311,9.861132,90.559601,88.362625,1,2,3,4
29.1054554,0.0024509,0.248255,9.815957,-0.10349,9.819641,90.603851,88.551239,1,2,3,4
29.1079102,0.0024548,0.257827,9.832706,-0.129811,9.836943,90.756111,88.497971,1,2,3,4
29.1103611,0.0024509,0.24347,9.820743,-0.079561,9.824082,90.46402,88.579849,1,2,3,4
29.112812,0.0024509,0.267398,9.84467,-0.08674,9.848683,90.504623,88.44413,1,2,3,4
29.1152649,0.0024529,0.233898,9.839885,-0.129811,9.84352,90.755608,88.638313,1,2,3,4
29.1177158,0.0024509,0.212363,9.854242,-0.072383,9.856796,90.420753,88.765442,1,2,3,4
29.1201668,0.002451,0.229113,9.856635,-0.031705,9.859348,90.18425,88.668427,1,2,3,4
29.1226215,0.0024547,0.253041,9.815957,-0.113061,9.819869,90.659691,88.523323,1,2,3,4
29.1250725,0.002451,0.214756,9.813564,-0.141775,9.816937,90.827484,88.746361,1,2,3,4
29.1275234,0.0024509,0.20997,9.825528,-0.115454,9.828449,90.673065,88.77578,1,2,3,4
29.1299744,0.002451,0.229113,9.825528,-0.046062,9.828306,90.268524,88.664215,1,2,3,4
29.1324272,0.0024528,0.22672,9.830314,-0.038883,9.833005,90.22657,88.678802,1,2,3,4
29.1348782,0.002451,0.219541,9.815957,-0.050847,9.818543,90.296722,88.71875,1,2,3,4
29.1373291,0.0024509,0.231506,9.808778,-0.091525,9.811936,90.534462,88.647964,1,2,3,4
29.13978,0.0024509,0.250648,9.827921,-0.170489,9.832595,90.993507,88.539063,1,2,3,4
29.1422329,0.0024529,0.248255,9.792028,-0.151346,9.796344,90.885208,88.547699,1,2,3,4
29.1446838,0.0024509,0.233898,9.820743,-0.055633,9.823686,90.324478,88.635658,1,2,3,4
29.1471348,0.002451,0.245863,9.815957,-0.043669,9.819133,90.254814,88.565201,1,2,3,4
29.1495857,0.0024509,0.205185,9.803992,-0.144168,9.807199,90.842285,88.801048,1,2,3,4
29.1520386,0.0024529,0.22672,9.84467,-0.139382,9.848267,90.810928,88.680725,1,2,3,4
29.1544895,0.0024509,0.22672,9.859028,-0.113061,9.862282,90.656853,88.682648,1,2,3,4
29.1569405,0.002451,0.257827,9.856635,-0.115454,9.860682,90.67086,88.501617,1,2,3,4
29.1593952,0.0024547,0.22672,9.832706,-0.139382,9.836308,90.81192,88.679123,1,2,3,4
29.1618462,0.002451,0.236291,9.825528,-0.091525,9.828794,90.533546,88.622375,1,2,3,4
29.1642971,0.0024509,0.219541,9.856635,-0.098704,9.859573,90.573593,88.724037,1,2,3,4
29.166748,0.0024509,0.217149,9.849456,-0.091525,9.852275,90.532272,88.737015,1,2,3,4
29.1692009,0.0024529,0.217149,9.861421,-0.139382,9.864796,90.80957,88.738548,1,2,3,4
29.1716518,0.0024509,0.238684,9.839885,-0.108275,9.843375,90.630257,88.610458,1,2,3,4
29.1741028,0.002451,0.233898,9.84467,-0.136989,9.848401,90.796997,88.638969,1,2,3,4
29.1765556,0.0024528,0.24347,9.847063,-0.14656,9.851163,90.852448,88.583641,1,2,3,4
29.1790066,0.002451,0.265005,9.839885,-0.093918,9.843901,90.546654,88.457298,1,2,3,4
29.1814575,0.0024509,0.219541,9.849456,-0.079561,9.852223,90.462692,88.723106,1,2,3,4
29.1839085,0.002451,0.265005,9.811171,-0.132203,9.815639,90.771721,88.452789,1,2,3,4
29.1863613,0.0024528,0.257827,9.837492,-0.158524,9.842147,90.922882,88.498703,1,2,3,4
29.1888123,0.002451,0.224327,9.851849,-0.122632,9.855165,90.712975,88.695595,1,2,3,4
29.1912651,0.0024528,0.238684,9.799207,-0.122632,9.80288,90.716782,88.604698,1,2,3,4
29.193716,0.0024509,0.255434,9.827921,-0.136989,9.832194,90.798309,88.511185,1,2,3,4
29.1961689,0.0024529,0.245863,9.820743,-0.093918,9.824268,90.547745,88.565895,1,2,3,4
29.1986198,0.0024509,0.219541,9.839885,-0.05324,9.842478,90.309929,88.721863,1,2,3,4
29.2010708,0.002451,0.171685,9.794421,-0.132203,9.796818,90.773201,88.995773,1,2,3,4
29.2035255,0.0024547,0.212363,9.820743,-0.156132,9.824279,90.910606,88.76123,1,2,3,4
29.2059765,0.002451,0.238684,9.842278,-0.10349,9.845716,90.602257,88.610802,1,2,3,4
29.2084274,0.0024509,0.238684,9.847063,-0.074776,9.85024,90.434952,88.611473,1,2,3,4
29.2108784,0.002451,0.188435,9.827921,-0.101097,9.830247,90.589256,88.901581,1,2,3,4
29.2133331,0.0024547,0.221934,9.806385,-0.098704,9.809393,90.57653,88.703522,1,2,3,4
29.2157841,0.002451,0.217149,9.827921,-0.122632,9.831084,90.714722,88.734253,1,2,3,4
29.218235,0.0024509,0.250648,9.849456,-0.156132,9.853882,90.907875,88.542259,1,2,3,4
29.2206879,0.0024529,0.233898,9.815957,-0.177667,9.820351,91.036636,88.634995,1,2,3,4
29.2231388,0.0024509,0.284148,9.866206,0.004187,9.870298,89.975693,88.350334,1,2,3,4
29.2255917,0.0024529,0.267398,9.861421,-0.046062,9.865153,90.267525,88.446777,1,2,3,4
29.2280426,0.0024509,0.248255,9.839885,-0.153739,9.844216,90.894836,88.554764,1,2,3,4
29.2304955,0.0024529,0.205185,9.870992,-0.151346,9.874284,90.878227,88.809189,1,2,3,4
29.2329483,0.0024528,0.22672,9.825528,-0.089133,9.828547,90.519608,88.678162,1,2,3,4
29.2353992,0.0024509,0.231506,9.868599,-0.093918,9.87176,90.545113,88.656158,1,2,3,4
29.2378521,0.0024529,0.190828,9.863813,-0.096311,9.866129,90.559319,88.891678,1,2,3,4
29.2403049,0.0024528,0.241077,9.873384,-0.122632,9.877089,90.711395,88.601295,1,2,3,4
29.2427559,0.002451,0.224327,9.832706,-0.108275,9.835861,90.630737,88.693062,1,2,3,4
29.2452068,0.0024509,0.229113,9.861421,-0.065204,9.864297,90.378738,88.669075,1,2,3,4
29.2476616,0.0024548,0.260219,9.868599,-0.067597,9.87226,90.392319,88.489548,1,2,3,4
29.2501125,0.0024509,0.224327,9.856635,-0.113061,9.859836,90.657013,88.696228,1,2,3,4
29.2525654,0.0024529,0.214756,9.808778,-0.122632,9.811894,90.716118,88.74575,1,2,3,4
29.2550182,0.0024528,0.217149,9.847063,-0.151346,9.85062,90.880333,88.73671,1,2,3,4
29.2574692,0.002451,0.219541,9.868599,-0.062812,9.871241,90.364578,88.725578,1,2,3,4
29.2599201,0.0024509,0.231506,9.868599,-0.065204,9.87153,90.378456,88.656158,1,2,3,4
29.262373,0.0024529,0.245863,9.847063,-0.134596,9.851051,90.782867,88.569733,1,2,3,4
29.2648239,0.0024509,0.205185,9.856635,-0.172881,9.860286,91.004623,88.807449,1,2,3,4
29.2672768,0.0024529,0.22672,9.823135,-0.14656,9.826844,90.854561,88.677834,1,2,3,4
29.2697277,0.0024509,0.262612,9.859028,-0.089133,9.862927,90.517799,88.47419,1,2,3,4
29.2721806,0.0024529,0.253041,9.847063,-0.077169,9.850616,90.448853,88.527985,1,2,3,4
29.2746315,0.0024509,0.190828,9.847063,-0.115454,9.849588,90.671616,88.889793,1,2,3,4
29.2770824,0.0024509,0.238684,9.856635,-0.125025,9.860317,90.726509,88.612823,1,2,3,4
29.2795372,0.0024548,0.238684,9.868599,-0.10349,9.872027,90.600647,88.614502,1,2,3,4
29.2819881,0.0024509,0.214756,9.882956,-0.10349,9.885831,90.599808,88.755165,1,2,3,4
29.2844391,0.002451,0.233898,9.870992,-0.055633,9.873919,90.322823,88.642601,1,2,3,4
29.28689,0.0024509,0.229113,9.875777,-0.081954,9.878775,90.475334,88.671005,1,2,3,4
29.2893448,0.0024548,0.24347,9.868599,-0.108275,9.872196,90.628418,88.586731,1,2,3,4
29.2917957,0.0024509,0.219541,9.887741,-0.14656,9.891264,90.848991,88.72805,1,2,3,4
29.2942467,0.002451,0.241077,9.890134,-0.134596,9.893988,90.779465,88.603661,1,2,3,4
29.2966976,0.0024509,0.24347,9.861421,-0.132203,9.865312,90.767838,88.585709,1,2,3,4
29.2991505,0.0024529,0.229113,9.899706,-0.081954,9.902696,90.474182,88.674217,1,2,3,4
29.3016033,0.0024528,0.214756,9.892527,-0.089133,9.895259,90.516106,88.756371,1,2,3,4
29.3040543,0.002451,0.236291,9.902099,-0.117847,9.905619,90.681664,88.633026,1,2,3,4
29.3065071,0.0024528,0.233898,9.890134,-0.108275,9.893492,90.62706,88.645226,1,2,3,4
29.3089581,0.002451,0.207577,9.882956,-0.084347,9.885495,90.488876,88.796761,1,2,3,4
29.3114109,0.0024528,0.253041,9.870992,-0.077169,9.874537,90.447769,88.531555,1,2,3,4
29.3138638,0.0024529,0.250648,9.859028,-0.043669,9.86231,90.2537,88.543671,1,2,3,4
29.3163147,0.0024509,0.238684,9.87817,-0.029312,9.881097,90.169968,88.615845,1,2,3,4
29.3187656,0.0024509,0.253041,9.892527,-0.122632,9.896523,90.709999,88.534752,1,2,3,4
29.3212166,0.002451,0.231506,9.87817,-0.041276,9.880968,90.239342,88.657455,1,2,3,4
29.3236694,0.0024528,0.269791,9.897313,-0.096311,9.901458,90.55732,88.43856,1,2,3,4
29.3261204,0.002451,0.231506,9.863813,-0.072383,9.866796,90.420326,88.655502,1,2,3,4
29.3285713,0.0024509,0.236291,9.906884,-0.096311,9.91017,90.556831,88.633682,1,2,3,4
29.3310223,0.002451,0.221934,9.897313,-0.148953,9.900922,90.862015,88.715431,1,2,3,4
29.3334751,0.0024528,0.253041,9.914063,-0.093918,9.917736,90.542587,88.537933,1,2,3,4
29.335928,0.0024529,0.269791,9.880563,-0.091525,9.884669,90.530525,88.435913,1,2,3,4
29.3383789,0.0024509,0.233898,9.897313,-0.115454,9.90075,90.668144,88.64621,1,2,3,4
29.3408318,0.0024529,0.245863,9.899706,-0.093918,9.903204,90.543381,88.577332,1,2,3,4
29.3432827,0.0024509,0.214756,9.863813,-0.132203,9.867037,90.7677,88.752747,1,2,3,4
29.3457336,0.0024509,0.207577,9.91167,-0.129811,9.914693,90.750183,88.800247,1,2,3,4
29.3481865,0.0024529,0.250648,9.892527,-0.108275,9.896295,90.626884,88.548599,1,2,3,4
29.3506393,0.0024528,0.219541,9.906884,-0.117847,9.910017,90.681358,88.730507,1,2,3,4
29.3530903,0.002451,0.20997,9.918848,-0.14656,9.922153,90.846352,88.7873,1,2,3,4
29.3555412,0.0024509,0.233898,9.916455,-0.113061,9.919857,90.653038,88.648819,1,2,3,4
29.3579941,0.0024529,0.195613,9.890134,-0.101097,9.892585,90.585541,88.866913,1,2,3,4
29.3604469,0.0024528,0.214756,9.916455,-0.139382,9.91976,90.805084,88.759369,1,2,3,4
29.3628979,0.002451,0.200399,9.909277,-0.139382,9.912283,90.805695,88.841446,1,2,3,4
29.3653488,0.0024509,0.233898,9.897313,-0.151346,9.901234,90.875832,88.64621,1,2,3,4
29.3678017,0.0024529,0.219541,9.899706,-0.132203,9.903022,90.764908,88.729584,1,2,3,4
29.3702545,0.0024528,0.272184,9.921241,-0.08674,9.925353,90.500725,88.42852,1,2,3,4
29.3727055,0.002451,0.233898,9.892527,-0.144168,9.896341,90.834702,88.645554,1,2,3,4
29.3751583,0.0024528,0.241077,9.904491,-0.098704,9.907917,90.570801,88.60569,1,2,3,4
29.3776093,0.002451,0.207577,9.945169,-0.105882,9.947899,90.609848,88.804283,1,2,3,4
29.3800602,0.0024509,0.219541,9.916455,-0.120239,9.919614,90.694519,88.731728,1,2,3,4
29.382513,0.0024528,0.202792,9.928419,-0.08674,9.930869,90.50045,88.829872,1,2,3,4
29.3849659,0.0024529,0.24347,9.914063,-0.062812,9.917251,90.362892,88.593208,1,2,3,4
29.3874168,0.0024509,0.269791,9.926026,-0.062812,9.929891,90.362427,88.443077,1,2,3,4
29.3898678,0.002451,0.262612,9.916455,-0.122632,9.92069,90.708267,88.483017,1,2,3,4
29.3923225,0.0024547,0.272184,9.897313,-0.122632,9.901814,90.709618,88.424721,1,2,3,4
29.3947735,0.002451,0.241077,9.899706,-0.079561,9.902961,90.460327,88.605011,1,2,3,4
29.3972244,0.0024509,0.219541,9.894919,-0.079561,9.897675,90.460571,88.728973,1,2,3,4
29.3996754,0.002451,0.267398,9.921241,-0.089133,9.925244,90.514549,88.456131,1,2,3,4
29.4021301,0.0024547,0.269791,9.935597,-0.067597,9.939489,90.389664,88.444572,1,2,3,4
29.4045811,0.002451,0.24347,9.933205,-0.108275,9.936778,90.624329,88.595924,1,2,3,4
29.407032,0.0024509,0.255434,9.916455,-0.113061,9.920388,90.653008,88.524467,1,2,3,4
29.4094868,0.0024548,0.221934,9.935597,-0.089133,9.938476,90.513863,88.720383,1,2,3,4
29.4119377,0.0024509,0.241077,9.921241,-0.10349,9.924709,90.597458,88.60804,1,2,3,4
29.4143887,0.002451,0.255434,9.926026,-0.105882,9.929877,90.610954,88.525894,1,2,3,4
29.4168415,0.0024528,0.221934,9.947562,-0.132203,9.950916,90.76123,88.721916,1,2,3,4
29.4192944,0.0024529,0.217149,9.921241,-0.115454,9.924289,90.666565,88.746155,1,2,3,4
29.4217472,0.0024528,0.265005,9.93799,-0.098704,9.942013,90.56884,88.472519,1,2,3,4
29.4242001,0.0024529,0.241077,9.935597,-0.091525,9.938943,90.527634,88.610054,1,2,3,4
29.4266529,0.0024528,0.241077,9.935597,-0.081954,9.93886,90.472458,88.610054,1,2,3,4
29.4291039,0.002451,0.22672,9.930812,-0.081954,9.933738,90.472702,88.692169,1,2,3,4
29.4315567,0.0024528,0.205185,9.933205,-0.156132,9.93655,90.900314,88.816643,1,2,3,4
29.4340096,0.0024529,0.224327,9.918848,-0.170489,9.92285,90.984474,88.704407,1,2,3,4
29.4364605,0.0024509,0.238684,9.906884,-0.120239,9.910488,90.69516,88.619858,1,2,3,4
29.4389114,0.0024509,0.24347,9.904491,-0.084347,9.907843,90.48777,88.59185,1,2,3,4
29.4413643,0.0024529,0.22672,9.904491,-0.148953,9.908206,90.861382,88.68869,1,2,3,4
29.4438171,0.0024528,0.231506,9.921241,-0.165703,9.925325,90.956596,88.663284,1,2,3,4
29.4462681,0.002451,0.248255,9.926026,-0.189631,9.930941,91.094131,88.567299,1,2,3,4
29.4487209,0.0024528,0.224327,9.921241,-0.175274,9.925324,91.011856,88.70472,1,2,3,4
29.4511738,0.0024529,0.217149,9.935597,-0.136989,9.938914,90.789742,88.747963,1,2,3,4
29.4536247,0.0024509,0.198006,9.942777,-0.144168,9.945793,90.830551,88.859131,1,2,3,4
29.4560757,0.002451,0.257827,9.942777,-0.122632,9.946875,90.706398,88.514595,1,2,3,4
29.4585266,0.0024509,0.214756,9.961919,-0.136989,9.965176,90.787659,88.76503,1,2,3,4
29.4609814,0.0024548,0.217149,9.973883,-0.132203,9.977122,90.759232,88.752769,1,2,3,4
29.4634323,0.0024509,0.233898,9.93799,-0.096311,9.941209,90.555092,88.651749,1,2,3,4
29.4658833,0.002451,0.281755,9.918848,-0.110668,9.923466,90.638985,88.372894,1,2,3,4
29.4683361,0.0024528,0.22672,9.947562,-0.115454,9.950815,90.664787,88.694366,1,2,3,4
29.470789,0.0024529,0.20997,9.952348,-0.077169,9.954862,90.444153,88.791382,1,2,3,4
29.4732399,0.0024509,0.274576,9.961919,-0.10349,9.96624,90.594971,88.421181,1,2,3,4
29.4756947,0.0024548,0.186042,9.947562,-0.101097,9.949816,90.582176,88.928566,1,2,3,4
29.4781456,0.0024509,0.233898,9.909277,-0.08674,9.912416,90.501381,88.647842,1,2,3,4
29.4805965,0.0024509,0.245863,9.921241,-0.077169,9.924587,90.445511,88.580421,1,2,3,4
29.4830494,0.0024529,0.22672,9.935597,-0.115454,9.938854,90.665588,88.692795,1,2,3,4
29.4855022,0.0024528,0.224327,9.926026,-0.098704,9.929051,90.56958,88.705345,1,2,3,4
29.4879532,0.002451,0.267398,9.993026,-0.115454,9.99727,90.661697,88.467216,1,2,3,4
29.4904041,0.0024509,0.202792,9.935597,-0.084347,9.938025,90.48629,88.830719,1,2,3,4
29.4928551,0.002451,0.20997,9.93799,-0.113061,9.940851,90.651657,88.789635,1,2,3,4
29.4953079,0.0024528,0.229113,9.949955,-0.098704,9.953082,90.568207,88.680908,1,2,3,4
29.4977608,0.0024529,0.20997,9.947562,-0.10349,9.950316,90.595924,88.790794,1,2,3,4
29.5002117,0.0024509,0.250648,9.983455,-0.084347,9.986957,90.48391,88.561813,1,2,3,4
29.5026646,0.0024529,0.22672,9.976275,-0.113061,9.979491,90.649139,88.698128,1,2,3,4
29.5051155,0.0024509,0.229113,9.935597,-0.115454,9.93891,90.665581,88.679008,1,2,3,4
29.5075684,0.0024529,0.248255,9.981061,-0.091525,9.984568,90.525223,88.575195,1,2,3,4
29.5100212,0.0024528,0.269791,9.942777,-0.055633,9.946592,90.320465,88.445702,1,2,3,4
29.5124722,0.002451,0.253041,9.926026,-0.084347,9.92961,90.486702,88.539696,1,2,3,4
29.5149231,0.0024509,0.274576,9.947562,-0.050847,9.951481,90.292755,88.4189,1,2,3,4
29.517374,0.0024509,0.262612,9.928419,-0.084347,9.93225,90.486572,88.484848,1,2,3,4
29.5198269,0.0024529,0.272184,9.91167,-0.08674,9.915786,90.501213,88.427002,1,2,3,4
29.5222778,0.0024509,0.245863,9.959526,-0.105882,9.963123,90.608917,88.585876,1,2,3,4
29.5247288,0.002451,0.269791,9.928419,-0.132203,9.932964,90.762604,88.443451,1,2,3,4
29.5271816,0.0024528,0.238684,9.93799,-0.151346,9.942008,90.872238,88.624176,1,2,3,4
29.5296345,0.0024529,0.212363,9.933205,-0.172881,9.936978,90.996872,88.775253,1,2,3,4
29.5320854,0.0024509,0.217149,9.949955,-0.144168,9.953368,90.829918,88.749771,1,2,3,4
29.5345383,0.0024529,0.231506,9.916455,-0.177667,9.920748,91.026146,88.662636,1,2,3,4
29.5369911,0.0024528,0.195613,9.969097,-0.187238,9.972774,91.07579,88.875885,1,2,3,4
29.5394421,0.002451,0.236291,9.945169,-0.134596,9.948887,90.775162,88.638947,1,2,3,4
29.5418949,0.0024528,0.219541,9.952348,-0.170489,9.956228,90.981171,88.736305,1,2,3,4
29.5443478,0.0024529,0.24347,9.969097,-0.182453,9.973739,91.048187,88.600975,1,2,3,4
29.5467987,0.0024509,0.200399,9.959526,-0.16331,9.962881,90.939224,88.84729,1,2,3,4
29.5492496,0.0024509,0.238684,9.954741,-0.177667,9.959186,91.022186,88.626488,1,2,3,4
29.5517006,0.002451,0.245863,9.933205,-0.16331,9.937589,90.94162,88.58213,1,2,3,4
29.5541534,0.0024528,0.262612,9.935597,-0.16331,9.940409,90.941353,88.485939,1,2,3,4
29.5566044,0.002451,0.241077,9.940384,-0.134596,9.944218,90.775528,88.610718,1,2,3,4
29.5590553,0.0024509,0.245863,9.935597,-0.158524,9.939903,90.913811,88.582466,1,2,3,4
29.5615082,0.0024529,0.233898,9.959526,-0.127418,9.963087,90.732773,88.654663,1,2,3,4
29.563961,0.0024528,0.265005,9.914063,-0.089133,9.918004,90.514923,88.468834,1,2,3,4
29.566412,0.002451,0.245863,9.964312,-0.108275,9.967933,90.622383,88.586555,1,2,3,4
29.5688629,0.0024509,0.241077,9.926026,-0.098704,9.929444,90.569557,88.608711,1,2,3,4
29.5713158,0.0024529,0.238684,9.93799,-0.127418,9.941672,90.734352,88.624176,1,2,3,4
29.5737686,0.0024528,0.267398,9.954741,-0.06999,9.958577,90.402687,88.461327,1,2,3,4
29.5762196,0.002451,0.250648,9.928419,-0.050847,9.931713,90.293343,88.553848,1,2,3,4
29.5786705,0.0024509,0.200399,9.947562,-0.060419,9.949764,90.347923,88.845901,1,2,3,4
29.5811234,0.0024529,0.231506,9.976275,-0.10349,9.979498,90.594177,88.670654,1,2,3,4
29.5835743,0.0024509,0.24347,9.928419,-0.077169,9.931705,90.44519,88.595245,1,2,3,4
29.5860252,0.0024509,0.231506,9.935597,-0.096311,9.938761,90.555229,88.665215,1,2,3,4
29.58848,0.0024548,0.257827,9.935597,-0.050847,9.939073,90.293121,88.513519,1,2,3,4
29.5909309,0.0024509,0.265005,9.952348,-0.074776,9.956156,90.430321,88.474724,1,2,3,4
29.5933819,0.002451,0.245863,9.949955,-0.060419,9.953176,90.347801,88.584511,1,2,3,4
29.5958328,0.0024509,0.207577,9.957133,-0.067597,9.959526,90.388878,88.805725,1,2,3,4
29.5982857,0.0024529,0.236291,9.961919,-0.060419,9.964904,90.347397,88.641228,1,2,3,4
29.6007385,0.0024528,0.257827,9.930812,-0.043669,9.934255,90.251862,88.512802,1,2,3,4
29.6031895,0.002451,0.253041,9.959526,-0.060419,9.962923,90.347466,88.544601,1,2,3,4
29.6056423,0.0024528,0.253041,9.926026,-0.065204,9.929465,90.376251,88.539696,1,2,3,4
29.6080933,0.002451,0.217149,9.961919,-0.05324,9.964428,90.306137,88.751274,1,2,3,4
29.6105461,0.0024528,0.214756,9.947562,-0.117847,9.950578,90.678581,88.763245,1,2,3,4
29.6129971,0.002451,0.224327,9.964312,-0.14656,9.967914,90.842461,88.710312,1,2,3,4
29.6154499,0.0024528,0.248255,9.93799,-0.170489,9.942553,90.982521,88.569023,1,2,3,4
29.6179008,0.0024509,0.224327,9.966704,-0.108275,9.969817,90.622261,88.710625,1,2,3,4
29.6203518,0.002451,0.231506,9.959526,-0.153739,9.963403,90.884132,88.668419,1,2,3,4
29.6228065,0.0024547,0.229113,9.945169,-0.144168,9.948853,90.830292,88.680275,1,2,3,4
29.6252575,0.002451,0.253041,9.930812,-0.144168,9.935081,90.831444,88.540398,1,2,3,4
29.6277103,0.0024528,0.217149,9.947562,-0.127418,9.950748,90.733681,88.749474,1,2,3,4
29.6301613,0.002451,0.20997,9.928419,-0.101097,9.931154,90.583267,88.788467,1,2,3,4
29.6326141,0.0024528,0.257827,9.904491,-0.144168,9.908895,90.833641,88.508858,1,2,3,4
29.6350651,0.002451,0.250648,9.909277,-0.182453,9.914125,91.054489,88.551056,1,2,3,4
29.6375179,0.0024528,0.245863,9.935597,-0.139382,9.939616,90.803474,88.582466,1,2,3,4
29.6399708,0.0024529,0.238684,9.916455,-0.074776,9.919609,90.431908,88.621185,1,2,3,4
29.6424217,0.0024509,0.236291,9.91167,-0.105882,9.915051,90.61187,88.634346,1,2,3,4
29.6448727,0.002451,0.214756,9.928419,-0.127418,9.931559,90.7351,88.760864,1,2,3,4
29.6473255,0.0024528,0.236291,9.928419,-0.14656,9.932312,90.845482,88.63665,1,2,3,4
29.6497784,0.0024529,0.250648,9.923634,-0.105882,9.927363,90.611115,88.553146,1,2,3,4
29.6522293,0.0024509,0.241077,9.926026,-0.160917,9.930258,90.928505,88.608711,1,2,3,4
29.6546822,0.0024529,0.233898,9.935597,-0.19681,9.940299,91.134483,88.651421,1,2,3,4
29.657135,0.0024528,0.202792,9.916455,-0.153739,9.91972,90.888023,88.828461,1,2,3,4
29.659586,0.002451,0.219541,9.952348,-0.117847,9.955466,90.678246,88.736305,1,2,3,4
29.6620369,0.0024509,0.212363,9.926026,-0.134596,9.929211,90.776703,88.774368,1,2,3,4
29.6644897,0.0024528,0.250648,9.91167,-0.139382,9.915818,90.805405,88.551399,1,2,3,4
29.6669426,0.0024529,0.238684,9.926026,-0.144168,9.929942,90.831879,88.622513,1,2,3,4
29.6693935,0.0024509,0.236291,9.923634,-0.10349,9.926986,90.597321,88.635994,1,2,3,4
29.6718445,0.002451,0.265005,9.923634,-0.098704,9.927662,90.569664,88.470314,1,2,3,4
29.6742973,0.0024528,0.212363,9.935597,-0.089133,9.938266,90.51387,88.775551,1,2,3,4
29.6767483,0.002451,0.238684,9.918848,-0.058026,9.921889,90.335083,88.621521,1,2,3,4
29.6791992,0.0024509,0.24347,9.906884,-0.050847,9.910007,90.293983,88.592194,1,2,3,4
29.6816521,0.0024529,0.224327,9.928419,-0.048455,9.931071,90.279556,88.70565,1,2,3,4
29.6841049,0.0024528,0.217149,9.928419,-0.046062,9.930901,90.265755,88.747063,1,2,3,4
29.6865559,0.002451,0.214756,9.899706,-0.041276,9.902121,90.238831,88.757271,1,2,3,4
29.6890068,0.0024509,0.241077,9.926026,-0.034098,9.929012,90.196762,88.608711,1,2,3,4
29.6914597,0.0024529,0.24347,9.906884,-0.067597,9.910107,90.390823,88.592194,1,2,3,4
29.6939106,0.0024509,0.255434,9.885348,-0.089133,9.88905,90.516426,88.519829,1,2,3,4
29.6963634,0.0024528,0.24347,9.902099,-0.072383,9.905356,90.418686,88.591515,1,2,3,4
29.6988144,0.002451,0.22672,9.909277,-0.108275,9.912461,90.625862,88.689323,1,2,3,4
29.7012672,0.0024528,0.245863,9.914063,-0.113061,9.917755,90.653175,88.579391,1,2,3,4
29.7037201,0.0024529,0.219541,9.892527,-0.144168,9.896012,90.834732,88.728661,1,2,3,4
29.706171,0.0024509,0.245863,9.892527,-0.125025,9.896371,90.723862,88.576302,1,2,3,4
29.7086258,0.0024548,0.212363,9.930812,-0.10349,9.933621,90.596924,88.774956,1,2,3,4
29.7110767,0.0024509,0.248255,9.904491,-0.132203,9.908484,90.764488,88.564186,1,2,3,4
29.7135277,0.002451,0.241077,9.909277,-0.132203,9.913091,90.76413,88.606361,1,2,3,4
29.7159824,0.0024547,0.236291,9.899706,-0.084347,9.902884,90.488014,88.632698,1,2,3,4
29.7184334,0.002451,0.233898,9.909277,-0.084347,9.912396,90.487549,88.647842,1,2,3,4
29.7208843,0.0024509,0.231506,9.887741,-0.125025,9.891241,90.724236,88.65876,1,2,3,4
29.7233353,0.002451,0.214756,9.897313,-0.120239,9.900373,90.695869,88.756966,1,2,3,4
29.7257881,0.0024528,0.229113,9.914063,-0.153739,9.917901,90.888184,88.67614,1,2,3,4
29.728241,0.0024529,0.236291,9.880563,-0.096311,9.883857,90.558311,88.630043,1,2,3,4
29.7306919,0.0024509,0.229113,9.851849,-0.096311,9.854983,90.559952,88.667778,1,2,3,4
29.7331429,0.002451,0.22672,9.887741,-0.129811,9.891191,90.751961,88.68647,1,2,3,4
29.7355957,0.0024528,0.22672,9.870992,-0.203988,9.875702,91.183563,88.684242,1,2,3,4
29.7380486,0.0024529,0.241077,9.873384,-0.172881,9.87784,91.002838,88.601295,1,2,3,4
29.7404995,0.0024509,0.229113,9.854242,-0.18006,9.85855,91.046524,88.668106,1,2,3,4
29.7429543,0.0024548,0.22672,9.851849,-0.139382,9.855442,90.810341,88.681686,1,2,3,4
29.7454052,0.0024509,0.250648,9.84467,-0.144168,9.848916,90.838722,88.54155,1,2,3,4
29.7478561,0.0024509,0.229113,9.859028,-0.139382,9.862675,90.809746,88.668747,1,2,3,4
29.7503109,0.0024548,0.221934,9.827921,-0.14656,9.831519,90.854149,88.706367,1,2,3,4
29.7527618,0.0024509,0.231506,9.820743,-0.072383,9.823738,90.422165,88.649612,1,2,3,4
29.7552128,0.002451,0.195613,9.882956,-0.05324,9.885035,90.308594,88.866096,1,2,3,4
29.7576637,0.0024509,0.241077,9.835099,-0.148953,9.839181,90.867424,88.595856,1,2,3,4
29.7601185,0.0024548,0.233898,9.794421,-0.14656,9.798309,90.857048,88.631989,1,2,3,4
29.7625694,0.0024509,0.166899,9.815957,-0.091525,9.817802,90.534142,89.025902,1,2,3,4
29.7650204,0.002451,0.245863,9.837492,-0.072383,9.84083,90.421432,88.568336,1,2,3,4
29.7674732,0.0024528,0.205185,9.856635,-0.060419,9.858955,90.351128,88.807449,1,2,3,4
29.7699242,0.002451,0.253041,9.854242,-0.074776,9.857775,90.434616,88.52906,1,2,3,4
29.772377,0.0024528,0.248255,9.880563,-0.072383,9.883946,90.419594,88.560707,1,2,3,4
29.774828,0.002451,0.221934,9.849456,-0.046062,9.852063,90.267876,88.70919,1,2,3,4
29.7772827,0.0024547,0.267398,9.897313,-0.06999,9.901173,90.405022,88.4524,1,2,3,4
29.7797337,0.002451,0.245863,9.87817,-0.062812,9.881429,90.364204,88.574234,1,2,3,4
29.7821846,0.0024509,0.236291,9.870992,-0.060419,9.874004,90.350594,88.628716,1,2,3,4
29.7846375,0.0024529,0.255434,9.847063,-0.084347,9.850737,90.490601,88.514076,1,2,3,4
29.7870903,0.0024528,0.245863,9.849456,-0.093918,9.852971,90.54615,88.570076,1,2,3,4
29.7895412,0.0024509,0.22672,9.825528,-0.098704,9.828639,90.575401,88.678162,1,2,3,4
29.7919922,0.002451,0.217149,9.856635,-0.101097,9.859546,90.587502,88.737938,1,2,3,4
29.7944469,0.0024547,0.260219,9.827921,-0.067597,9.831597,90.393944,88.483299,1,2,3,4
29.7968979,0.002451,0.205185,9.861421,-0.072383,9.863821,90.420456,88.808029,1,2,3,4
29.7993488,0.0024509,0.279362,9.854242,-0.105882,9.858769,90.615364,88.376129,1,2,3,4
29.8018036,0.0024548,0.207577,9.873384,-0.129811,9.87642,90.75309,88.795593,1,2,3,4
29.8042545,0.0024509,0.265005,9.827921,-0.101097,9.832013,90.589149,88.455421,1,2,3,4
29.8067055,0.002451,0.274576,9.868599,-0.079561,9.872739,90.461731,88.406258,1,2,3,4
29.8091602,0.0024547,0.253041,9.854242,-0.113061,9.858139,90.657127,88.52906,1,2,3,4
29.8116112,0.002451,0.236291,9.849456,-0.206381,9.854451,91.200027,88.625725,1,2,3,4
29.8140621,0.0024509,0.245863,9.866206,-0.151346,9.870429,90.878563,88.572502,1,2,3,4
29.816515,0.0024529,0.24347,9.825528,-0.134596,9.829466,90.784584,88.580544,1,2,3,4
29.8189678,0.0024528,0.245863,9.851849,-0.093918,9.855364,90.546021,88.570427,1,2,3,4
29.8214188,0.002451,0.229113,9.835099,-0.10349,9.838312,90.602707,88.665512,1,2,3,4
29.8238716,0.0024528,0.231506,9.842278,-0.139382,9.845986,90.811119,88.652565,1,2,3,4
29.8263245,0.0024529,0.217149,9.811171,-0.153739,9.814778,90.897522,88.732094,1,2,3,4
29.8287754,0.0024509,0.248255,9.808778,-0.132203,9.812809,90.771942,88.550179,1,2,3,4
29.8312283,0.0024529,0.269791,9.81835,-0.110668,9.822679,90.645538,88.42601,1,2,3,4
29.8336792,0.0024509,0.236291,9.823135,-0.10349,9.826522,90.603432,88.62204,1,2,3,4
29.836132,0.0024528,0.217149,9.758529,-0.139382,9.76194,90.8181,88.72525,1,2,3,4
29.8385849,0.0024529,0.205185,9.794421,-0.177667,9.798181,91.038979,88.799881,1,2,3,4
29.8410358,0.0024509,0.236291,9.811171,-0.153739,9.81522,90.897476,88.620361,1,2,3,4
29.8434906,0.0024548,0.22672,9.815957,-0.14656,9.819669,90.855179,88.676872,1,2,3,4
29.8459415,0.0024509,0.233898,9.859028,-0.136989,9.862754,90.795837,88.640953,1,2,3,4
29.8483925,0.002451,0.238684,9.863813,-0.10349,9.867244,90.600937,88.613831,1,2,3,4
29.8508434,0.0024509,0.231506,9.835099,-0.093918,9.838272,90.546967,88.651581,1,2,3,4
29.8532963,0.0024529,0.260219,9.859028,-0.153739,9.86366,90.893074,88.488083,1,2,3,4
29.8557472,0.0024509,0.233898,9.873384,-0.158524,9.877427,90.919586,88.642929,1,2,3,4
29.8582001,0.0024529,0.212363,9.827921,-0.108275,9.830812,90.631058,88.762138,1,2,3,4
29.860651,0.0024509,0.245863,9.856635,-0.055633,9.859858,90.323288,88.571121,1,2,3,4
29.8631039,0.0024529,0.248255,9.842278,-0.077169,9.845711,90.449074,88.555115,1,2,3,4
29.8655548,0.0024509,0.221934,9.880563,-0.055633,9.883211,90.322525,88.713257,1,2,3,4
29.8680058,0.002451,0.245863,9.861421,-0.074776,9.864769,90.434311,88.571808,1,2,3,4
29.8704605,0.0024547,0.214756,9.847063,-0.06999,9.849653,90.407135,88.750626,1,2,3,4
29.8729115,0.002451,0.224327,9.863813,-0.074776,9.866648,90.434227,88.697182,1,2,3,4
29.8753624,0.0024509,0.24347,9.830314,-0.012562,9.833337,90.073196,88.58123,1,2,3,4
29.8778152,0.0024528,0.224327,9.839885,-0.065204,9.842657,90.37957,88.694016,1,2,3,4
29.8802681,0.0024529,0.219541,9.820743,-0.093918,9.823645,90.547783,88.719376,1,2,3,4
29.882719,0.0024509,0.255434,9.792028,-0.115454,9.79604,90.675293,88.50573,1,2,3,4
29.8851738,0.0024548,0.231506,9.830314,-0.105882,9.83361,90.616936,88.650925,1,2,3,4
29.8876247,0.0024509,0.245863,9.775279,-0.110668,9.778996,90.648422,88.559235,1,2,3,4
29.8900757,0.002451,0.207577,9.823135,-0.122632,9.826094,90.715088,88.789436,1,2,3,4
29.8925285,0.0024528,0.241077,9.803992,-0.096311,9.807429,90.562668,88.5914,1,2,3,4
29.8949814,0.0024529,0.248255,9.827921,-0.117847,9.831762,90.686783,88.553001,1,2,3,4
29.8974323,0.0024509,0.202792,9.789636,-0.08674,9.79212,90.507538,88.813293,1,2,3,4
29.8998833,0.002451,0.202792,9.81835,-0.125025,9.821239,90.729401,88.816757,1,2,3,4
29.902338,0.0024547,0.195613,9.775279,-0.165703,9.77864,90.970947,88.853607,1,2,3,4
29.904789,0.002451,0.24347,9.820743,-0.218345,9.826186,91.273262,88.579849,1,2,3,4
29.9072399,0.0024509,0.200399,9.820743,-0.177667,9.824393,91.036209,88.831001,1,2,3,4
29.9096928,0.0024529,0.217149,9.839885,-0.065204,9.842497,90.379578,88.735786,1,2,3,4
29.9121456,0.0024528,0.214756,9.837492,-0.043669,9.839932,90.254272,88.749413,1,2,3,4
29.9145985,0.0024529,0.267398,9.823135,-0.105882,9.827345,90.617332,88.44072,1,2,3,4
29.9170494,0.0024509,0.221934,9.815957,-0.141775,9.819489,90.827271,88.704788,1,2,3,4
29.9195023,0.0024529,0.260219,9.787243,-0.117847,9.79141,90.689613,88.476997,1,2,3,4
29.9219532,0.0024509,0.195613,9.772886,-0.139382,9.775837,90.81694,88.853325,1,2,3,4
29.9244061,0.0024529,0.24347,9.787243,-0.127418,9.7911,90.745651,88.574989,1,2,3,4
29.926857,0.0024509,0.279362,9.7681,-0.06999,9.772345,90.410362,88.361816,1,2,3,4
29.9293098,0.0024528,0.236291,9.758529,-0.067597,9.761623,90.396767,88.612923,1,2,3,4
29.9317627,0.0024529,0.207577,9.748958,-0.134596,9.752096,90.79081,88.780228,1,2,3,4
29.9342136,0.0024509,0.231506,9.839885,-0.132203,9.843495,90.769539,88.652237,1,2,3,4
29.9366665,0.0024529,0.293719,9.870992,-0.079561,9.875682,90.461594,88.295624,1,2,3,4
29.9391174,0.0024509,0.217149,9.859028,-0.091525,9.861844,90.531754,88.738243,1,2,3,4
29.9415684,0.002451,0.245863,9.885348,-0.105882,9.888971,90.613487,88.575264,1,2,3,4
29.9440231,0.0024547,0.241077,9.899706,-0.115454,9.903314,90.667976,88.605011,1,2,3,4
29.9464741,0.002451,0.253041,9.861421,-0.136989,9.865618,90.795609,88.530128,1,2,3,4
29.948925,0.0024509,0.229113,9.81835,-0.19681,9.822994,91.148033,88.663239,1,2,3,4
29.9513779,0.0024529,0.245863,9.827921,-0.120239,9.831731,90.700729,88.566948,1,2,3,4
29.9538307,0.0024528,0.255434,9.806385,-0.074776,9.809996,90.436737,88.507912,1,2,3,4
29.9562817,0.002451,0.217149,9.794421,-0.067597,9.797062,90.395332,88.729927,1,2,3,4
29.9587326,0.0024509,0.22672,9.777672,-0.084347,9.780663,90.494118,88.671692,1,2,3,4
29.9611874,0.0024548,0.229113,9.775279,-0.079561,9.778288,90.466194,88.657349,1,2,3,4
29.9636383,0.0024509,0.238684,9.75135,-0.062812,9.754474,90.368942,88.597847,1,2,3,4
29.9660892,0.0024509,0.224327,9.758529,-0.115454,9.761789,90.677658,88.683128,1,2,3,4
29.9685402,0.002451,0.253041,9.75135,-0.081954,9.754977,90.481361,88.51355,1,2,3,4
29.9709949,0.0024547,0.236291,9.780065,-0.043669,9.783016,90.255753,88.615974,1,2,3,4
29.9734459,0.002451,0.22672,9.81835,-0.05324,9.821112,90.3106,88.677193,1,2,3,4
29.9758968,0.0024509,0.219541,9.830314,-0.115454,9.833443,90.672722,88.720619,1,2,3,4
29.9783478,0.002451,0.241077,9.892527,-0.141775,9.89648,90.820831,88.604004,1,2,3,4
29.9808006,0.0024528,0.217149,9.868599,-0.136989,9.871939,90.795097,88.739464,1,2,3,4
29.9832516,0.002451,0.24347,9.892527,-0.148953,9.896644,90.862381,88.590149,1,2,3,4
29.9857044,0.0024528,0.205185,9.868599,-0.127418,9.871554,90.739571,88.808899,1,2,3,4
29.9881573,0.0024529,0.253041,9.890134,-0.081954,9.89371,90.474609,88.534393,1,2,3,4
29.9906082,0.0024509,0.238684,9.887741,-0.08674,9.891002,90.502464,88.61718,1,2,3,4
29.9930611,0.0024529,0.212363,9.825528,-0.101097,9.828342,90.589371,88.761833,1,2,3,4
29.9955139,0.0024528,0.219541,9.81835,-0.117847,9.821511,90.6875,88.719063,1,2,3,4
29.9979668,0.0024529,0.245863,9.803992,-0.105882,9.807646,90.618568,88.563446,1,2,3,4
30.0004177,0.0024509,0.248255,9.813564,-0.120239,9.81744,90.701752,88.550888,1,2,3,4
30.0028687,0.002451,0.238684,9.794421,-0.072383,9.797597,90.423294,88.604012,1,2,3,4
30.0053215,0.0024528,0.221934,9.820743,-0.096311,9.823722,90.561729,88.705421,1,2,3,4
30.0077724,0.0024509,0.190828,9.823135,-0.141775,9.826012,90.826721,88.887093,1,2,3,4
30.0102253,0.0024529,0.236291,9.854242,-0.184846,9.858808,91.074318,88.626389,1,2,3,4
30.0126781,0.0024528,0.24347,9.87817,-0.194417,9.883082,91.127174,88.588104,1,2,3,4
30.0151291,0.002451,0.186042,9.842278,-0.148953,9.845162,90.866898,88.917107,1,2,3,4
30.01758,0.0024509,0.253041,9.84467,-0.144168,9.848977,90.838715,88.527634,1,2,3,4
30.0200329,0.0024529,0.212363,9.847063,-0.139382,9.850339,90.81076,88.764542,1,2,3,4
30.0224857,0.0024528,0.205185,9.827921,-0.144168,9.83112,90.84024,88.80397,1,2,3,4
30.0249367,0.002451,0.20997,9.870992,-0.18006,9.874866,91.0448,88.781418,1,2,3,4
30.0273876,0.0024509,0.214756,9.861421,-0.184846,9.865491,91.073593,88.752449,1,2,3,4
30.0298405,0.0024529,0.20997,9.880563,-0.158524,9.884065,90.918968,88.7826,1,2,3,4
30.0322933,0.0024528,0.276969,9.849456,-0.113061,9.853998,90.657402,88.389252,1,2,3,4
30.0347443,0.002451,0.195613,9.856635,-0.096311,9.859046,90.559723,88.863068,1,2,3,4
30.0371952,0.0024509,0.22672,9.825528,-0.110668,9.828766,90.645142,88.678162,1,2,3,4
30.0396481,0.0024529,0.214756,9.832706,-0.132203,9.835939,90.770126,88.748802,1,2,3,4
30.042099,0.0024509,0.253041,9.789636,-0.141775,9.793932,90.82943,88.519356,1,2,3,4
30.0445518,0.0024528,0.241077,9.815957,-0.127418,9.819744,90.743469,88.593117,1,2,3,4
30.0470047,0.0024529,0.221934,9.811171,-0.091525,9.814107,90.53434,88.704155,1,2,3,4
30.0494556,0.0024509,0.279362,9.825528,-0.034098,9.829557,90.198753,88.371391,1,2,3,4
30.0519066,0.002451,0.267398,9.859028,-0.000598,9.862654,90.003479,88.446396,1,2,3,4
30.0543575,0.0024509,0.221934,9.866206,0.011366,9.868709,89.934013,88.71138,1,2,3,4
30.0568104,0.0024529,0.236291,9.859028,-0.000598,9.861859,90.003479,88.627052,1,2,3,4
30.0592632,0.0024528,0.24347,9.882956,-0.048455,9.886073,90.280823,88.588783,1,2,3,4
30.0617142,0.002451,0.255434,9.916455,-0.074776,9.920026,90.431892,88.524467,1,2,3,4
30.0641651,0.0024509,0.236291,9.926026,-0.038883,9.928914,90.22438,88.636322,1,2,3,4
30.066618,0.0024529,0.205185,9.902099,-0.079561,9.904544,90.460251,88.812927,1,2,3,4
30.0690689,0.0024509,0.24347,9.890134,-0.110668,9.893749,90.640907,88.589813,1,2,3,4
30.0715218,0.0024529,0.238684,9.873384,-0.139382,9.877253,90.808548,88.615173,1,2,3,4
30.0739746,0.0024528,0.260219,9.87817,-0.158524,9.882868,90.919083,88.491013,1,2,3,4
30.0764256,0.002451,0.231506,9.832706,-0.139382,9.836419,90.811905,88.651253,1,2,3,4
30.0788784,0.0024528,0.22672,9.820743,-0.156132,9.824599,90.910576,88.677513,1,2,3,4
30.0813313,0.0024529,0.233898,9.808778,-0.101097,9.812087,90.590347,88.633995,1,2,3,4
30.0837822,0.0024509,0.224327,9.780065,-0.117847,9.783347,90.690178,88.686028,1,2,3,4
30.086235,0.0024528,0.248255,9.775279,-0.151346,9.779602,90.886726,88.545212,1,2,3,4
30.088686,0.002451,0.265005,9.825528,-0.120239,9.829837,90.700867,88.455048,1,2,3,4
30.0911388,0.0024528,0.257827,9.839885,-0.077169,9.843565,90.449173,88.499069,1,2,3,4
30.0935898,0.002451,0.229113,9.854242,-0.029312,9.856949,90.17038,88.668106,1,2,3,4
30.0960407,0.0024509,0.202792,9.837492,-0.038883,9.839659,90.226418,88.819061,1,2,3,4
30.0984917,0.002451,0.248255,9.842278,-0.108275,9.846004,90.630089,88.555115,1,2,3,4
30.1009464,0.0024547,0.281755,9.890134,-0.16331,9.895494,90.945625,88.368172,1,2,3,4
30.1033974,0.002451,0.276969,9.873384,-0.192024,9.879135,91.113747,88.393158,1,2,3,4
30.1058483,0.0024509,0.205185,9.880563,-0.153739,9.883888,90.891243,88.810341,1,2,3,4
30.1083031,0.0024548,0.219541,9.863813,-0.194417,9.868172,91.128883,88.72496,1,2,3,4
30.110754,0.0024509,0.248255,9.861421,-0.211167,9.866805,91.226318,88.557915,1,2,3,4
30.113205,0.002451,0.253041,9.856635,-0.213559,9.862195,91.240799,88.529419,1,2,3,4
30.1156578,0.0024528,0.221934,9.856635,-0.117847,9.859838,90.684822,88.710136,1,2,3,4
30.1181087,0.0024509,0.212363,9.856635,-0.041276,9.859009,90.239876,88.765739,1,2,3,4
30.1205597,0.002451,0.214756,9.808778,-0.077169,9.811432,90.450645,88.74575,1,2,3,4
30.1230106,0.0024509,0.202792,9.842278,-0.117847,9.845072,90.685852,88.819633,1,2,3,4
30.1254654,0.0024548,0.231506,9.825528,-0.120239,9.828991,90.700928,88.650269,1,2,3,4
30.1279163,0.0024509,0.176471,9.859028,-0.038883,9.860683,90.225937,88.974548,1,2,3,4
30.1303673,0.002451,0.253041,9.827921,-0.105882,9.831748,90.617058,88.525124,1,2,3,4
30.1328182,0.0024509,0.229113,9.835099,-0.060419,9.837953,90.351875,88.665512,1,2,3,4
30.135273,0.0024548,0.207577,9.856635,-0.132203,9.859707,90.768272,88.793549,1,2,3,4
30.1377239,0.0024509,0.190828,9.820743,-0.177667,9.824203,91.036232,88.886818,1,2,3,4
30.1401749,0.002451,0.231506,9.856635,-0.072383,9.859619,90.420631,88.654526,1,2,3,4
30.1426277,0.0024528,0.265005,9.842278,-0.005384,9.845846,90.031334,88.457672,1,2,3,4
30.1450787,0.002451,0.214756,9.815957,-0.043669,9.818403,90.254837,88.746666,1,2,3,4
30.1475315,0.0024528,0.245863,9.832706,-0.120239,9.836514,90.700386,88.567642,1,2,3,4
30.1499825,0.002451,0.205185,9.854242,-0.201595,9.858439,91.171722,88.807159,1,2,3,4
30.1524353,0.0024528,0.224327,9.842278,-0.122632,9.845597,90.713669,88.694328,1,2,3,4
30.1548862,0.0024509,0.245863,9.823135,-0.06999,9.826461,90.408096,88.566246,1,2,3,4
30.1573372,0.002451,0.250648,9.825528,-0.105882,9.829295,90.61721,88.538704,1,2,3,4
30.1597919,0.0024547,0.22672,9.842278,-0.151346,9.846051,90.880745,88.680405,1,2,3,4
30.1622429,0.002451,0.212363,9.832706,-0.203988,9.837114,91.188202,88.762741,1,2,3,4
30.1646938,0.0024509,0.219541,9.815957,-0.182453,9.820107,91.06459,88.71875,1,2,3,4
30.1671486,0.0024548,0.233898,9.835099,-0.125025,9.838675,90.728104,88.63765,1,2,3,4
30.1695995,0.0024509,0.257827,9.813564,-0.122632,9.817717,90.715698,88.495041,1,2,3,4
30.1720505,0.002451,0.245863,9.830314,-0.120239,9.834123,90.700562,88.567291,1,2,3,4
30.1745014,0.0024509,0.238684,9.832706,-0.098704,9.836098,90.574966,88.609444,1,2,3,4
30.1769543,0.0024529,0.250648,9.839885,-0.05324,9.843221,90.309906,88.54084,1,2,3,4
30.1794052,0.0024509,0.231506,9.847063,-0.043669,9.849881,90.254021,88.653221,1,2,3,4
30.1818562,0.002451,0.205185,9.81835,-0.055633,9.820651,90.324577,88.802803,1,2,3,4
30.1843071,0.0024509,0.207577,9.849456,-0.050847,9.851774,90.295723,88.792671,1,2,3,4
30.1867619,0.0024548,0.221934,9.813564,-0.05324,9.816218,90.31076,88.704475,1,2,3,4
30.1892128,0.0024509,0.233898,9.832706,-0.093918,9.835937,90.547096,88.637314,1,2,3,4
30.1916637,0.0024509,0.224327,9.875777,-0.091525,9.878749,90.530846,88.698753,1,2,3,4
30.1941185,0.0024548,0.207577,9.832706,-0.096311,9.835369,90.561066,88.790611,1,2,3,4
30.1965694,0.0024509,0.24347,9.84467,-0.132203,9.848568,90.769142,88.583298,1,2,3,4
30.1990204,0.002451,0.181256,9.820743,-0.129811,9.823273,90.757164,88.942642,1,2,3,4
30.2014713,0.0024509,0.202792,9.870992,-0.141775,9.874092,90.822693,88.823067,1,2,3,4
30.2039261,0.0024548,0.195613,9.827921,-0.120239,9.830603,90.700806,88.859749,1,2,3,4
30.206377,0.0024509,0.20997,9.854242,-0.10349,9.857022,90.601563,88.77935,1,2,3,4
30.208828,0.002451,0.248255,9.839885,-0.105882,9.843585,90.61631,88.554764,1,2,3,4
30.2112827,0.0024547,0.253041,9.811171,-0.148953,9.815564,90.869507,88.522606,1,2,3,4
30.2137337,0.002451,0.221934,9.830314,-0.148953,9.833947,90.867882,88.70668,1,2,3,4
30.2161846,0.0024509,0.241077,9.832706,-0.151346,9.836825,90.881569,88.595512,1,2,3,4
30.2186356,0.002451,0.253041,9.851849,-0.096311,9.855569,90.559921,88.528702,1,2,3,4
30.2210884,0.0024528,0.272184,9.863813,-0.117847,9.868272,90.684242,88.419373,1,2,3,4
30.2235394,0.002451,0.219541,9.827921,-0.160917,9.83169,90.937813,88.720306,1,2,3,4
30.2259903,0.0024509,0.221934,9.890134,-0.201595,9.894678,91.167435,88.7145,1,2,3,4
30.2284431,0.0024528,0.229113,9.868599,-0.172881,9.872771,91.003357,88.670044,1,2,3,4
30.2308941,0.002451,0.238684,9.842278,-0.081954,9.845512,90.476936,88.610802,1,2,3,4
30.2333469,0.0024528,0.253041,9.854242,-0.08674,9.857873,90.504158,88.52906,1,2,3,4
30.2357979,0.002451,0.202792,9.815957,-0.125025,9.818848,90.729576,88.816475,1,2,3,4
30.2382507,0.0024528,0.22672,9.851849,-0.120239,9.85519,90.699059,88.681686,1,2,3,4
30.2407017,0.002451,0.241077,9.830314,-0.089133,9.833673,90.519341,88.595169,1,2,3,4
30.2431526,0.0024509,0.229113,9.837492,-0.065204,9.840375,90.379654,88.66584,1,2,3,4
30.2456055,0.0024529,0.238684,9.868599,-0.065204,9.8717,90.378448,88.614502,1,2,3,4
30.2480583,0.0024528,0.224327,9.866206,-0.120239,9.869489,90.698051,88.697495,1,2,3,4
30.2505093,0.002451,0.248255,9.861421,-0.125025,9.865337,90.726135,88.557915,1,2,3,4
30.2529621,0.0024528,0.219541,9.856635,-0.153739,9.860278,90.893379,88.724037,1,2,3,4
30.255415,0.0024529,0.24347,9.861421,-0.158524,9.8657,90.920685,88.585709,1,2,3,4
30.2578659,0.0024509,0.260219,9.861421,-0.151346,9.866014,90.87896,88.488449,1,2,3,4
30.2603168,0.0024509,0.255434,9.803992,-0.127418,9.808146,90.744354,88.507553,1,2,3,4
30.2627716,0.0024548,0.255434,9.81835,-0.096311,9.822145,90.561821,88.509727,1,2,3,4
30.2652225,0.0024509,0.224327,9.825528,-0.110668,9.828712,90.645142,88.692108,1,2,3,4
30.2676735,0.002451,0.231506,9.849456,-0.067597,9.852408,90.393112,88.653542,1,2,3,4
30.2701244,0.0024509,0.24347,9.835099,-0.046062,9.838221,90.268257,88.581924,1,2,3,4
30.2725773,0.0024529,0.260219,9.859028,-0.029312,9.862505,90.170288,88.488083,1,2,3,4
30.2750301,0.0024528,0.224327,9.859028,-0.091525,9.862004,90.531746,88.696548,1,2,3,4
30.2774811,0.002451,0.20997,9.849456,-0.113061,9.852343,90.657516,88.778755,1,2,3,4
30.2799339,0.0024528,0.260219,9.842278,-0.089133,9.84612,90.518684,88.485512,1,2,3,4
30.2823849,0.002451,0.265005,9.851849,-0.055633,9.85557,90.323425,88.459167,1,2,3,4
30.2848358,0.0024509,0.272184,9.885348,-0.05324,9.889238,90.308464,88.422813,1,2,3,4
30.2872868,0.002451,0.274576,9.868599,-0.117847,9.873121,90.683907,88.406258,1,2,3,4
30.2897396,0.0024528,0.260219,9.875777,-0.18006,9.880846,91.044167,88.490646,1,2,3,4
30.2921925,0.0024529,0.269791,9.827921,-0.160917,9.83294,90.937698,88.427544,1,2,3,4
30.2946434,0.0024509,0.262612,9.827921,-0.091525,9.831855,90.533379,88.46936,1,2,3,4
30.2970963,0.0024529,0.233898,9.815957,-0.060419,9.818929,90.352562,88.634995,1,2,3,4
30.2995472,0.0024509,0.202792,9.81835,-0.093918,9.820893,90.547935,88.816757,1,2,3,4
30.3019981,0.0024509,0.171685,9.849456,-0.093918,9.851399,90.546234,89.001381,1,2,3,4
30.3044491,0.002451,0.229113,9.847063,-0.101097,9.850247,90.588058,88.66713,1,2,3,4
30.3069019,0.0024528,0.233898,9.832706,-0.139382,9.836475,90.811905,88.637314,1,2,3,4
30.3093529,0.002451,0.214756,9.849456,-0.134596,9.852716,90.78273,88.750931,1,2,3,4
30.3118038,0.0024509,0.253041,9.870992,-0.156132,9.875469,90.905884,88.531555,1,2,3,4
30.3142548,0.002451,0.219541,9.870992,-0.175274,9.874989,91.017014,88.725891,1,2,3,4
30.3167095,0.0024547,0.221934,9.882956,-0.153739,9.886642,90.890991,88.71357,1,2,3,4
30.3191605,0.002451,0.248255,9.885348,-0.148953,9.889586,90.862999,88.561409,1,2,3,4
30.3216114,0.0024509,0.238684,9.887741,-0.14656,9.891707,90.848953,88.61718,1,2,3,4
30.3240643,0.0024529,0.224327,9.873384,-0.105882,9.8765,90.614258,88.698441,1,2,3,4
30.3265152,0.0024509,0.250648,9.847063,-0.072383,9.850519,90.421021,88.541901,1,2,3,4
30.3289661,0.0024509,0.233898,9.837492,-0.105882,9.840841,90.616486,88.637978,1,2,3,4
30.331419,0.0024529,0.24347,9.823135,-0.098704,9.826648,90.575516,88.580193,1,2,3,4
30.3338718,0.0024528,0.245863,9.830314,-0.117847,9.834094,90.686615,88.567291,1,2,3,4
30.3363228,0.002451,0.253041,9.81835,-0.144168,9.822668,90.840965,88.523682,1,2,3,4
30.3387737,0.0024509,0.236291,9.794421,-0.132203,9.798163,90.773094,88.618004,1,2,3,4
30.3412266,0.0024529,0.236291,9.792028,-0.101097,9.795401,90.591354,88.617668,1,2,3,4
30.3436775,0.0024509,0.250648,9.808778,-0.081954,9.812322,90.478546,88.536217,1,2,3,4
30.3461304,0.0024529,0.217149,9.811171,-0.050847,9.813705,90.296867,88.732094,1,2,3,4
30.3485813,0.0024509,0.212363,9.81835,-0.081954,9.820988,90.478127,88.760933,1,2,3,4
30.3510342,0.0024529,0.200399,9.837492,-0.077169,9.839835,90.449341,88.832993,1,2,3,4
30.3534851,0.0024509,0.207577,9.825528,-0.084347,9.828083,90.49173,88.789734,1,2,3,4
30.355938,0.0024529,0.22672,9.832706,-0.048455,9.835439,90.282272,88.679123,1,2,3,4
30.3583908,0.0024528,0.224327,9.835099,-0.019741,9.837677,90.114975,88.693375,1,2,3,4
30.3608418,0.002451,0.229113,9.84467,-0.012562,9.847344,90.07309,88.666809,1,2,3,4
30.3632927,0.0024509,0.236291,9.859028,-0.058026,9.86203,90.33712,88.627052,1,2,3,4
30.3657455,0.0024528,0.200399,9.870992,-0.091525,9.87345,90.531128,88.836952,1,2,3,4
30.3681984,0.0024529,0.212363,9.863813,-0.10349,9.866642,90.600975,88.76664,1,2,3,4
30.3706493,0.0024509,0.229113,9.842278,-0.113061,9.845592,90.657967,88.666489,1,2,3,4
30.3731003,0.002451,0.22672,9.842278,-0.117847,9.845593,90.685814,88.680405,1,2,3,4
30.375555,0.0024547,0.255434,9.842278,-0.144168,9.846647,90.838913,88.513351,1,2,3,4
30.378006,0.002451,0.231506,9.825528,-0.125025,9.82905,90.728821,88.650269,1,2,3,4
30.3804569,0.0024509,0.214756,9.820743,-0.14656,9.824183,90.85479,88.747276,1,2,3,4
30.3829079,0.002451,0.267398,9.832706,-0.153739,9.837543,90.895439,88.442238,1,2,3,4
30.3853607,0.0024528,0.22672,9.830314,-0.141775,9.83395,90.826057,88.678802,1,2,3,4
30.3878117,0.002451,0.221934,9.835099,-0.148953,9.838731,90.867462,88.707306,1,2,3,4
30.3902626,0.0024509,0.198006,9.825528,-0.122632,9.828288,90.714928,88.84552,1,2,3,4
30.3927174,0.0024548,0.219541,9.847063,-0.101097,9.850029,90.588074,88.722794,1,2,3,4
30.3951664,0.002449,0.250648,9.823135,-0.110668,9.826956,90.645264,88.538353,1,2,3,4
30.3976173,0.0024509,0.250648,9.839885,-0.141775,9.844098,90.825203,88.54084,1,2,3,4
30.4000683,0.002451,0.229113,9.815957,-0.113061,9.819282,90.659729,88.66291,1,2,3,4
30.402523,0.0024547,0.262612,9.842278,-0.141775,9.846802,90.824974,88.471596,1,2,3,4
30.404974,0.002451,0.274576,9.851849,-0.120239,9.856408,90.698975,88.403549,1,2,3,4
30.4074249,0.0024509,0.272184,9.859028,-0.074776,9.863068,90.434387,88.41861,1,2,3,4
30.4098759,0.002451,0.267398,9.839885,-0.117847,9.844223,90.685913,88.443375,1,2,3,4
30.4123287,0.0024528,0.224327,9.832706,-0.101097,9.835785,90.588921,88.693062,1,2,3,4
30.4147797,0.002451,0.248255,9.837492,-0.098704,9.841119,90.574669,88.554413,1,2,3,4
30.4172306,0.0024509,0.229113,9.81835,-0.144168,9.822081,90.841011,88.663239,1,2,3,4
30.4196854,0.0024548,0.212363,9.839885,-0.132203,9.843064,90.769569,88.763641,1,2,3,4
30.4221363,0.0024509,0.20997,9.820743,-0.108275,9.823584,90.631523,88.775185,1,2,3,4
30.4245892,0.0024529,0.20997,9.820743,-0.089133,9.823391,90.519882,88.775185,1,2,3,4
30.4270401,0.0024509,0.205185,9.827921,-0.101097,9.830583,90.589233,88.80397,1,2,3,4
30.429493,0.0024529,0.181256,9.873384,-0.18006,9.87669,91.044609,88.94828,1,2,3,4
30.4319439,0.0024509,0.238684,9.837492,-0.208774,9.842602,91.215408,88.610123,1,2,3,4
30.4343948,0.0024509,0.236291,9.859028,-0.187238,9.863636,91.087692,88.627052,1,2,3,4
30.4368477,0.0024529,0.260219,9.87817,-0.129811,9.882449,90.752632,88.491013,1,2,3,4
30.4392986,0.0024509,0.233898,9.890134,-0.108275,9.893492,90.62706,88.645226,1,2,3,4
30.4417496,0.002451,0.24347,9.870992,-0.048455,9.874113,90.281166,88.587074,1,2,3,4
30.4442005,0.0024509,0.229113,9.866206,-0.062812,9.869066,90.364662,88.669716,1,2,3,4
30.4466534,0.0024529,0.257827,9.847063,-0.079561,9.85076,90.462761,88.50016,1,2,3,4
30.4491062,0.0024528,0.279362,9.839885,-0.046062,9.843957,90.268097,88.373764,1,2,3,4
30.4515572,0.002451,0.248255,9.827921,-0.055633,9.831213,90.324226,88.553001,1,2,3,4
30.4540119,0.0024547,0.284148,9.837492,-0.081954,9.841936,90.477112,88.34552,1,2,3,4
30.4564629,0.002451,0.224327,9.854242,-0.105882,9.857364,90.615448,88.695915,1,2,3,4
30.4589138,0.0024509,0.224327,9.827921,-0.108275,9.831078,90.631042,88.692421,1,2,3,4
30.4613667,0.0024529,0.24347,9.825528,-0.093918,9.828993,90.547485,88.580544,1,2,3,4
30.4638195,0.0024528,0.219541,9.770494,-0.074776,9.773246,90.438377,88.712791,1,2,3,4
30.4662704,0.0024509,0.219541,9.837492,-0.08674,9.840323,90.505051,88.72155,1,2,3,4
30.4687214,0.002451,0.241077,9.832706,-0.096311,9.836133,90.561028,88.595512,1,2,3,4
30.4711723,0.0024509,0.231506,9.820743,-0.079561,9.823793,90.464035,88.649612,1,2,3,4
30.4736252,0.0024529,0.250648,9.84467,-0.101097,9.84838,90.588173,88.54155,1,2,3,4
30.476078,0.0024528,0.245863,9.847063,-0.139382,9.851118,90.810699,88.569733,1,2,3,4
30.478529,0.002451,0.212363,9.81835,-0.129811,9.821505,90.757301,88.760933,1,2,3,4
30.4809818,0.0024528,0.19322,9.837492,-0.098704,9.839884,90.574745,88.874786,1,2,3,4
30.4834328,0.002451,0.24347,9.830314,-0.096311,9.8338,90.561157,88.58123,1,2,3,4
30.4858837,0.0024509,0.221934,9.835099,-0.062812,9.837804,90.365822,88.707306,1,2,3,4
30.4883385,0.0024548,0.255434,9.863813,-0.096311,9.86759,90.559235,88.516594,1,2,3,4
30.4907894,0.0024509,0.24347,9.839885,-0.101097,9.843416,90.588463,88.582611,1,2,3,4
30.4932423,0.0024529,0.217149,9.825528,-0.093918,9.828376,90.547516,88.73394,1,2,3,4
30.4956932,0.0024509,0.274576,9.851849,-0.129811,9.856529,90.754608,88.403549,1,2,3,4
30.4981461,0.0024529,0.241077,9.835099,-0.098704,9.838549,90.574821,88.595856,1,2,3,4
30.500597,0.0024509,0.238684,9.839885,-0.098704,9.843274,90.574547,88.610458,1,2,3,4
30.5030499,0.0024529,0.262612,9.868599,-0.098704,9.872585,90.572838,88.47567,1,2,3,4
30.5055027,0.0024528,0.279362,9.827921,-0.122632,9.832655,90.714607,88.371788,1,2,3,4
30.5079536,0.0024509,0.229113,9.847063,-0.14656,9.850819,90.852478,88.66713,1,2,3,4
30.5104046,0.002451,0.255434,9.84467,-0.148953,9.84911,90.866547,88.51371,1,2,3,4
30.5128555,0.0024509,0.245863,9.830314,-0.172881,9.834908,91.007217,88.567291,1,2,3,4
30.5153103,0.0024548,0.238684,9.851849,-0.139382,9.855725,90.810318,88.612144,1,2,3,4
30.5177612,0.0024509,0.260219,9.861421,-0.168096,9.866285,90.976219,88.488449,1,2,3,4
30.5202122,0.002451,0.20997,9.870992,-0.156132,9.874459,90.905983,88.781418,1,2,3,4
30.522665,0.0024528,0.202792,9.849456,-0.175274,9.853103,91.019272,88.820496,1,2,3,4
30.525116,0.002451,0.229113,9.832706,-0.139382,9.836363,90.811913,88.665184,1,2,3,4
30.5275669,0.0024509,0.245863,9.81835,-0.098704,9.821923,90.575798,88.565552,1,2,3,4
30.5300179,0.002451,0.198006,9.854242,-0.127418,9.857056,90.740662,88.848885,1,2,3,4
30.5324707,0.0024528,0.231506,9.830314,-0.115454,9.833717,90.672699,88.650925,1,2,3,4
30.5349216,0.0024509,0.221934,9.859028,-0.091525,9.86195,90.531754,88.710449,1,2,3,4
30.5373726,0.002451,0.221934,9.859028,-0.050847,9.861657,90.295425,88.710449,1,2,3,4
30.5398254,0.0024528,0.207577,9.835099,-0.072383,9.837556,90.421577,88.790909,1,2,3,4
30.5422783,0.0024529,0.22672,9.84467,-0.062812,9.847481,90.365463,88.680725,1,2,3,4
30.5447292,0.0024509,0.24347,9.815957,-0.101097,9.819497,90.589897,88.579155,1,2,3,4
30.5471821,0.0024529,0.257827,9.873384,-0.084347,9.87711,90.489288,88.504158,1,2,3,4
30.5496349,0.0024528,0.233898,9.842278,-0.084347,9.845418,90.490868,88.638641,1,2,3,4
30.5520859,0.002451,0.241077,9.863813,-0.110668,9.867379,90.642616,88.599937,1,2,3,4
30.5545368,0.0024509,0.241077,9.854242,-0.120239,9.857924,90.698868,88.598579,1,2,3,4
30.5569878,0.002451,0.241077,9.827921,-0.127418,9.831703,90.742569,88.594826,1,2,3,4
30.5594406,0.0024528,0.255434,9.830314,-0.093918,9.834081,90.547203,88.511543,1,2,3,4
30.5618935,0.0024529,0.238684,9.842278,-0.105882,9.84574,90.61618,88.610802,1,2,3,4
30.5643444,0.0024509,0.231506,9.81835,-0.110668,9.821702,90.645607,88.649284,1,2,3,4
30.5667973,0.0024529,0.238684,9.827921,-0.105882,9.831388,90.617081,88.608772,1,2,3,4
30.5692501,0.0024528,0.231506,9.811171,-0.101097,9.814423,90.590202,88.648293,1,2,3,4
30.571701,0.0024509,0.219541,9.820743,-0.079561,9.823518,90.46405,88.719376,1,2,3,4
30.574152,0.002451,0.241077,9.863813,-0.093918,9.867206,90.545364,88.599937,1,2,3,4
30.5766068,0.0024548,0.267398,9.842278,-0.091525,9.846334,90.532593,88.443756,1,2,3,4
30.5790577,0.0024509,0.260219,9.837492,-0.084347,9.841294,90.491074,88.484779,1,2,3,4
30.5815105,0.0024528,0.241077,9.854242,-0.074776,9.857474,90.434631,88.598579,1,2,3,4
30.5839634,0.0024529,0.24347,9.847063,-0.108275,9.850668,90.629791,88.583641,1,2,3,4
30.5864143,0.0024509,0.276969,9.827921,-0.125025,9.832618,90.728554,88.385727,1,2,3,4
30.5888672,0.0024529,0.245863,9.849456,-0.10349,9.853067,90.601807,88.570076,1,2,3,4
30.59132,0.0024528,0.238684,9.832706,-0.089133,9.836006,90.519211,88.609444,1,2,3,4
30.593771,0.002451,0.236291,9.842278,-0.08674,9.845495,90.504791,88.624718,1,2,3,4
30.5962238,0.0024528,0.217149,9.847063,-0.096311,9.849928,90.560242,88.73671,1,2,3,4
30.5986748,0.002451,0.248255,9.832706,-0.079561,9.836162,90.463448,88.553711,1,2,3,4
30.6011276,0.0024528,0.245863,9.808778,-0.093918,9.812308,90.548416,88.564148,1,2,3,4
30.6035786,0.002451,0.262612,9.842278,-0.113061,9.84643,90.657906,88.471596,1,2,3,4
30.6060295,0.0024509,0.241077,9.851849,-0.14656,9.855887,90.852036,88.598236,1,2,3,4
30.6084824,0.0024529,0.257827,9.84467,-0.127418,9.84887,90.741272,88.499794,1,2,3,4
30.6109352,0.0024528,0.217149,9.849456,-0.139382,9.852836,90.810555,88.737015,1,2,3,4
30.6133862,0.002451,0.198006,9.861421,-0.122632,9.864171,90.712326,88.849724,1,2,3,4
30.6158371,0.0024509,0.231506,9.839885,-0.110668,9.84323,90.644196,88.652237,1,2,3,4
30.6182919,0.0024548,0.250648,9.880563,-0.101097,9.884258,90.586037,88.546844,1,2,3,4
30.6207428,0.0024509,0.205185,9.835099,-0.105882,9.837809,90.616676,88.80484,1,2,3,4
30.6231937,0.0024509,0.245863,9.849456,-0.153739,9.853724,90.893974,88.570076,1,2,3,4
30.6256466,0.0024529,0.279362,9.799207,-0.117847,9.803896,90.688736,88.36702,1,2,3,4
30.6280994,0.0024528,0.200399,9.882956,-0.062812,9.885187,90.364067,88.838364,1,2,3,4
30.6305504,0.002451,0.296112,9.851849,-0.170489,9.857772,90.990974,88.278412,1,2,3,4
30.6330013,0.0024509,0.207577,9.832706,-0.132203,9.835786,90.770142,88.790611,1,2,3,4
30.6354542,0.0024529,0.265005,9.830314,-0.122632,9.83465,90.714462,88.455795,1,2,3,4
30.6379051,0.0024509,0.233898,9.847063,-0.14656,9.850931,90.85247,88.639305,1,2,3,4
30.640358,0.0024529,0.217149,9.837492,-0.117847,9.840594,90.686165,88.735481,1,2,3,4
30.6428108,0.0024528,0.257827,9.842278,-0.10349,9.846198,90.602226,88.499435,1,2,3,4
30.6452599,0.0024491,0.219541,9.859028,-0.117847,9.862176,90.684662,88.724342,1,2,3,4
30.6477108,0.0024509,0.195613,9.830314,-0.091525,9.832685,90.533333,88.860023,1,2,3,4
30.6501617,0.0024509,0.257827,9.837492,-0.139382,9.841857,90.811462,88.498703,1,2,3,4
30.6526146,0.0024529,0.233898,9.825528,-0.10349,9.828856,90.603287,88.636322,1,2,3,4
30.6550655,0.0024509,0.214756,9.854242,-0.101097,9.8571,90.587646,88.751534,1,2,3,4
30.6575165,0.002451,0.224327,9.827921,-0.120239,9.831216,90.700768,88.692421,1,2,3,4
30.6599693,0.0024528,0.212363,9.827921,-0.096311,9.830687,90.561333,88.762138,1,2,3,4
30.6624222,0.0024529,0.205185,9.837492,-0.113061,9.840281,90.658318,88.80513,1,2,3,4
30.6648731,0.0024509,0.224327,9.827921,-0.081954,9.830822,90.477646,88.692421,1,2,3,4
30.6673241,0.002451,0.253041,9.825528,-0.062812,9.828986,90.36615,88.524765,1,2,3,4
30.6697769,0.0024528,0.255434,9.832706,-0.093918,9.836472,90.547066,88.511909,1,2,3,4
30.6722279,0.002451,0.262612,9.825528,-0.105882,9.829607,90.617188,88.468987,1,2,3,4
30.6746788,0.0024509,0.229113,9.880563,-0.079561,9.883539,90.461227,88.671654,1,2,3,4
30.6771297,0.0024509,0.257827,9.837492,-0.081954,9.841211,90.477142,88.498703,1,2,3,4
30.6795845,0.0024548,0.19322,9.839885,-0.072383,9.842048,90.421387,88.875061,1,2,3,4
30.6820354,0.0024509,0.224327,9.830314,-0.101097,9.833393,90.589066,88.692741,1,2,3,4
30.6844845,0.0024491,0.198006,9.837492,-0.117847,9.84019,90.686195,88.846924,1,2,3,4
30.6869354,0.0024509,0.262612,9.851849,-0.117847,9.856052,90.685089,88.473076,1,2,3,4
30.6893902,0.0024548,0.188435,9.830314,-0.105882,9.832689,90.616997,88.901848,1,2,3,4
30.6918411,0.0024509,0.233898,9.897313,-0.098704,9.900569,90.57122,88.64621,1,2,3,4
30.6942921,0.002451,0.236291,9.849456,-0.093918,9.852737,90.546165,88.625725,1,2,3,4
30.6967449,0.0024528,0.255434,9.859028,-0.098704,9.86283,90.57341,88.515877,1,2,3,4
30.6991959,0.002451,0.221934,9.859028,-0.098704,9.86202,90.573456,88.710449,1,2,3,4
30.7016487,0.0024528,0.236291,9.882956,-0.074776,9.886063,90.433372,88.630379,1,2,3,4
30.7040997,0.002451,0.236291,9.811171,-0.084347,9.814379,90.492416,88.620361,1,2,3,4
30.7065525,0.0024528,0.219541,9.827921,-0.079561,9.830694,90.463707,88.720306,1,2,3,4
30.7090054,0.0024529,0.245863,9.851849,-0.079561,9.855237,90.462555,88.570427,1,2,3,4
30.7114563,0.0024509,0.205185,9.808778,-0.105882,9.811495,90.618332,88.801636,1,2,3,4
30.7139091,0.0024528,0.260219,9.837492,-0.08674,9.841315,90.505005,88.484779,1,2,3,4
30.7163601,0.002451,0.269791,9.849456,-0.10349,9.853694,90.601768,88.430977,1,2,3,4
30.718811,0.0024509,0.276969,9.823135,-0.115454,9.827718,90.673111,88.384941,1,2,3,4
30.721262,0.002451,0.245863,9.815957,-0.084347,9.819398,90.492165,88.565201,1,2,3,4
30.7237167,0.0024547,0.272184,9.815957,-0.079561,9.820052,90.464211,88.411667,1,2,3,4
30.7261677,0.002451,0.267398,9.820743,-0.072383,9.824649,90.422127,88.440346,1,2,3,4
30.7286186,0.0024509,0.238684,9.84467,-0.105882,9.848132,90.616028,88.611137,1,2,3,4
30.7310715,0.0024529,0.231506,9.839885,-0.144168,9.843663,90.839165,88.652237,1,2,3,4
30.7335224,0.0024509,0.217149,9.854242,-0.134596,9.857554,90.782349,88.737633,1,2,3,4
30.7359734,0.002451,0.214756,9.825528,-0.151346,9.82904,90.882263,88.747887,1,2,3,4
30.7384243,0.0024509,0.229113,9.839885,-0.14656,9.843642,90.853096,88.666161,1,2,3,4
30.7408772,0.0024529,0.207577,9.832706,-0.120239,9.835632,90.700455,88.790611,1,2,3,4
30.74333,0.0024528,0.200399,9.827921,-0.168096,9.831401,90.979683,88.831856,1,2,3,4
30.7457809,0.0024509,0.241077,9.839885,-0.141775,9.843859,90.825226,88.596535,1,2,3,4
30.7482338,0.0024529,0.221934,9.87817,-0.134596,9.881579,90.780449,88.712944,1,2,3,4
30.7506847,0.0024509,0.241077,9.842278,-0.098704,9.845725,90.574402,88.596878,1,2,3,4
30.7531357,0.002451,0.272184,9.839885,-0.129811,9.844504,90.755531,88.415527,1,2,3,4
30.7555866,0.0024509,0.231506,9.830314,-0.120239,9.833775,90.700584,88.650925,1,2,3,4
30.7580395,0.0024529,0.219541,9.823135,-0.101097,9.826108,90.5895,88.719688,1,2,3,4
30.7604923,0.0024528,0.229113,9.832706,-0.115454,9.836053,90.672539,88.665184,1,2,3,4
30.7629433,0.002451,0.248255,9.87817,-0.170489,9.88276,90.988464,88.560364,1,2,3,4
30.7653942,0.0024509,0.253041,9.849456,-0.105882,9.853274,90.615707,88.528343,1,2,3,4
30.7678471,0.0024529,0.22672,9.830314,-0.079561,9.83325,90.463585,88.678802,1,2,3,4
30.770298,0.0024509,0.217149,9.847063,-0.144168,9.850513,90.838585,88.73671,1,2,3,4
30.7727489,0.0024509,0.20997,9.823135,-0.14656,9.826472,90.854591,88.775482,1,2,3,4
30.7752037,0.0024548,0.231506,9.823135,-0.122632,9.826629,90.715042,88.64994,1,2,3,4
30.7776546,0.0024509,0.24347,9.84467,-0.113061,9.84833,90.657784,88.583298,1,2,3,4
30.7801056,0.002451,0.238684,9.808778,-0.113061,9.812332,90.660194,88.606056,1,2,3,4
30.7825565,0.0024509,0.207577,9.842278,-0.120239,9.845201,90.699768,88.791786,1,2,3,4
30.7850113,0.0024548,0.231506,9.859028,-0.098704,9.86224,90.573441,88.654854,1,2,3,4
30.7874622,0.0024509,0.231506,9.823135,-0.089133,9.826267,90.51973,88.64994,1,2,3,4
30.7899132,0.002451,0.231506,9.847063,-0.115454,9.850461,90.671562,88.653221,1,2,3,4
30.792366,0.0024528,0.241077,9.856635,-0.050847,9.859714,90.295479,88.598923,1,2,3,4
30.794817,0.002451,0.19322,9.847063,-0.058026,9.84913,90.337563,88.875877,1,2,3,4
30.7972698,0.0024528,0.20997,9.897313,-0.091525,9.899963,90.529709,88.78466,1,2,3,4
30.7997208,0.002451,0.219541,9.799207,-0.153739,9.802871,90.898605,88.71656,1,2,3,4
30.8021736,0.0024528,0.262612,9.849456,-0.172881,9.854472,91.005219,88.47271,1,2,3,4
30.8046246,0.002451,0.260219,9.84467,-0.029312,9.848152,90.170532,88.485878,1,2,3,4
30.8070774,0.0024528,0.224327,9.84467,0.008973,9.84723,89.947792,88.694649,1,2,3,4
30.8095303,0.0024529,0.265005,9.837492,-0.065204,9.841276,90.379623,88.456924,1,2,3,4
30.8119812,0.0024509,0.231506,9.827921,-0.125025,9.831442,90.728645,88.650597,1,2,3,4
30.8144321,0.0024509,0.241077,9.81835,-0.165703,9.822707,90.966591,88.59346,1,2,3,4
30.8168831,0.002451,0.214756,9.839885,-0.125025,9.843022,90.727783,88.749718,1,2,3,4
30.8193378,0.0024547,0.224327,9.854242,-0.081954,9.857136,90.476372,88.695915,1,2,3,4
30.8217888,0.002451,0.24347,9.854242,-0.129811,9.858105,90.754486,88.584679,1,2,3,4
30.8242397,0.0024509,0.265005,9.866206,-0.168096,9.871196,90.975731,88.461411,1,2,3,4
30.8266945,0.0024548,0.221934,9.851849,-0.168096,9.855782,90.977257,88.709503,1,2,3,4
30.8291454,0.0024509,0.224327,9.837492,-0.129811,9.840905,90.755806,88.693695,1,2,3,4
30.8315964,0.002451,0.233898,9.849456,-0.113061,9.852881,90.657478,88.639633,1,2,3,4
30.8340473,0.0024509,0.248255,9.863813,-0.113061,9.867584,90.656502,88.558266,1,2,3,4
30.8365021,0.0024548,0.24347,9.842278,-0.125025,9.846083,90.727554,88.582954,1,2,3,4
30.838953,0.0024509,0.250648,9.827921,-0.091525,9.831543,90.533394,88.539063,1,2,3,4
30.841404,0.002451,0.238684,9.863813,-0.10349,9.867244,90.600937,88.613831,1,2,3,4
30.8438568,0.0024528,0.241077,9.851849,-0.108275,9.855392,90.629486,88.598236,1,2,3,4
30.8463078,0.002451,0.288933,9.873384,-0.10349,9.878153,90.600273,88.323784,1,2,3,4
30.8487606,0.0024528,0.241077,9.842278,-0.16331,9.846584,90.950317,88.596878,1,2,3,4
30.8512115,0.0024509,0.236291,9.859028,-0.115454,9.862535,90.670738,88.627052,1,2,3,4
30.8536644,0.0024529,0.250648,9.859028,-0.136989,9.863165,90.795807,88.543671,1,2,3,4
30.8561153,0.0024509,0.262612,9.837492,-0.120239,9.841731,90.70002,88.470848,1,2,3,4
30.8585663,0.002451,0.267398,9.842278,-0.122632,9.846673,90.713593,88.443756,1,2,3,4
30.8610191,0.0024528,0.272184,9.84467,-0.144168,9.849487,90.838669,88.416298,1,2,3,4
30.8634701,0.002451,0.236291,9.880563,-0.134596,9.884304,90.780228,88.630043,1,2,3,4
30.8659229,0.0024528,0.219541,9.827921,-0.110668,9.830996,90.644997,88.720306,1,2,3,4
30.8683739,0.002451,0.19322,9.849456,-0.151346,9.852513,90.880165,88.876152,1,2,3,4
30.8708267,0.0024528,0.190828,9.863813,-0.113061,9.866306,90.656586,88.891678,1,2,3,4
30.8732777,0.002451,0.231506,9.84467,-0.108275,9.847987,90.629959,88.652893,1,2,3,4
30.8757286,0.0024509,0.214756,9.825528,-0.08674,9.828258,90.505676,88.747887,1,2,3,4
30.8781796,0.002451,0.238684,9.837492,-0.048455,9.840507,90.282127,88.610123,1,2,3,4
30.8806324,0.0024528,0.221934,9.84467,-0.046062,9.84728,90.268005,88.708565,1,2,3,4
30.8830833,0.0024509,0.233898,9.830314,-0.048455,9.833216,90.282333,88.636986,1,2,3,4
30.8855362,0.0024529,0.219541,9.84467,-0.038883,9.847195,90.226242,88.722488,1,2,3,4
30.887989,0.0024528,0.284148,9.823135,-0.060419,9.82743,90.352257,88.343102,1,2,3,4
30.89044,0.002451,0.231506,9.806385,-0.058026,9.809289,90.338928,88.647636,1,2,3,4
30.8928909,0.0024509,0.250648,9.847063,-0.108275,9.850848,90.629776,88.541901,1,2,3,4
30.8953419,0.002451,0.236291,9.815957,-0.077169,9.819104,90.450294,88.621033,1,2,3,4
30.8977947,0.0024528,0.22672,9.847063,-0.10349,9.850217,90.601982,88.681046,1,2,3,4
30.9002476,0.0024529,0.212363,9.835099,-0.127418,9.838217,90.742073,88.763039,1,2,3,4
30.9026985,0.0024509,0.202792,9.851849,-0.125025,9.854729,90.726921,88.820786,1,2,3,4
30.9051514,0.0024529,0.22672,9.849456,-0.156132,9.853302,90.907928,88.681366,1,2,3,4
30.9076023,0.0024509,0.231506,9.866206,-0.156132,9.870157,90.906372,88.65583,1,2,3,4
30.9100533,0.002451,0.198006,9.859028,-0.156132,9.862252,90.907104,88.849442,1,2,3,4
30.9125042,0.0024509,0.236291,9.856635,-0.16331,9.860819,90.948952,88.626724,1,2,3,4
30.914957,0.0024528,0.198006,9.861421,-0.182453,9.865096,91.059731,88.849724,1,2,3,4
30.9174099,0.0024529,0.20997,9.863813,-0.158524,9.867322,90.920532,88.780533,1,2,3,4
30.9198608,0.0024509,0.257827,9.839885,-0.134596,9.844182,90.783409,88.499069,1,2,3,4
30.9223137,0.0024529,0.245863,9.885348,-0.127418,9.889226,90.738251,88.575264,1,2,3,4
30.9247646,0.0024509,0.255434,9.847063,-0.098704,9.85087,90.574104,88.514076,1,2,3,4
30.9272156,0.002451,0.229113,9.849456,-0.110668,9.852741,90.64357,88.667458,1,2,3,4
30.9296684,0.0024528,0.24347,9.870992,-0.117847,9.874697,90.683792,88.587074,1,2,3,4
30.9321213,0.0024529,0.233898,9.835099,-0.093918,9.838328,90.546967,88.63765,1,2,3,4
30.9345722,0.0024509,0.236291,9.830314,-0.079561,9.833475,90.463577,88.623047,1,2,3,4
30.9370232,0.002451,0.248255,9.820743,-0.050847,9.824012,90.296555,88.551949,1,2,3,4
30.9394779,0.0024547,0.269791,9.813564,-0.108275,9.817869,90.631889,88.42524,1,2,3,4
30.9419289,0.002451,0.272184,9.825528,-0.10349,9.829842,90.603226,88.413216,1,2,3,4
30.9443798,0.0024509,0.224327,9.811171,-0.122632,9.814501,90.715927,88.690193,1,2,3,4
30.9468307,0.0024509,0.248255,9.820743,-0.120239,9.824615,90.701233,88.551949,1,2,3,4
30.9492836,0.0024529,0.212363,9.832706,-0.120239,9.835734,90.700447,88.762741,1,2,3,4
30.9517345,0.0024509,0.200399,9.820743,-0.122632,9.823552,90.715271,88.831001,1,2,3,4
30.9541874,0.0024529,0.188435,9.863813,-0.125025,9.866405,90.726059,88.905579,1,2,3,4
30.9566402,0.0024528,0.181256,9.84467,-0.125025,9.847133,90.727478,88.945213,1,2,3,4
30.9590912,0.002451,0.217149,9.832706,-0.125025,9.835898,90.72831,88.734871,1,2,3,4
30.9615421,0.0024509,0.195613,9.832706,-0.081954,9.834993,90.477448,88.860298,1,2,3,4
30.9639931,0.002451,0.214756,9.851849,-0.089133,9.854592,90.518234,88.751236,1,2,3,4
30.9664459,0.0024528,0.202792,9.880563,-0.113061,9.88329,90.655457,88.824211,1,2,3,4
30.9688988,0.0024529,0.205185,9.835099,-0.110668,9.837862,90.644547,88.80484,1,2,3,4
30.9713497,0.0024509,0.212363,9.835099,-0.117847,9.838098,90.68634,88.763039,1,2,3,4
30.9738026,0.0024529,0.253041,9.854242,-0.089133,9.857894,90.518059,88.52906,1,2,3,4
30.9762535,0.0024509,0.245863,9.847063,-0.098704,9.850627,90.57412,88.569733,1,2,3,4
30.9787045,0.002451,0.229113,9.827921,-0.110668,9.831214,90.644981,88.664536,1,2,3,4
30.9811554,0.0024509,0.267398,9.84467,-0.08674,9.848683,90.504623,88.44413,1,2,3,4
30.9836102,0.0024548,0.245863,9.835099,-0.127418,9.838997,90.74202,88.567993,1,2,3,4
30.9860611,0.0024509,0.260219,9.854242,-0.117847,9.858382,90.684929,88.48735,1,2,3,4
30.988512,0.0024509,0.221934,9.837492,-0.113061,9.840644,90.658295,88.707626,1,2,3,4
30.990963,0.002451,0.253041,9.842278,-0.125025,9.846324,90.727539,88.527275,1,2,3,4
30.9934158,0.0024528,0.255434,9.815957,-0.151346,9.820446,90.883041,88.509369,1,2,3,4
30.9958668,0.002451,0.231506,9.847063,-0.165703,9.851178,90.963799,88.653221,1,2,3,4
30.9983177,0.0024509,0.224327,9.825528,-0.110668,9.828712,90.645142,88.692108,1,2,3,4
31.0007706,0.0024529,0.24347,9.849456,-0.101097,9.852983,90.587898,88.583984,1,2,3,4
31.0032215,0.0024509,0.245863,9.820743,-0.10349,9.824365,90.603561,88.565895,1,2,3,4
31.0056725,0.002451,0.231506,9.847063,-0.091525,9.850209,90.532387,88.653221,1,2,3,4
31.0081234,0.0024509,0.20997,9.837492,-0.093918,9.84018,90.54686,88.777275,1,2,3,4
31.0105762,0.0024528,0.219541,9.842278,-0.06999,9.844975,90.407333,88.722176,1,2,3,4
31.0130272,0.002451,0.229113,9.837492,-0.081954,9.840501,90.47718,88.66584,1,2,3,4
31.0154781,0.0024509,0.253041,9.842278,-0.108275,9.846126,90.630081,88.527275,1,2,3,4
31.017931,0.0024529,0.233898,9.820743,-0.093918,9.823977,90.54776,88.635658,1,2,3,4
31.0203838,0.0024528,0.238684,9.842278,-0.144168,9.846227,90.838951,88.610802,1,2,3,4
31.0228348,0.002451,0.22672,9.827921,-0.148953,9.831664,90.868088,88.678482,1,2,3,4
31.0252857,0.0024509,0.20997,9.81835,-0.129811,9.821453,90.757301,88.774887,1,2,3,4
31.0277405,0.0024548,0.250648,9.849456,-0.110668,9.853266,90.643539,88.542259,1,2,3,4
31.0301914,0.0024509,0.233898,9.84467,-0.105882,9.848018,90.616035,88.638969,1,2,3,4
31.0326443,0.0024529,0.231506,9.856635,-0.127418,9.860177,90.740425,88.654526,1,2,3,4
31.0350971,0.0024528,0.236291,9.835099,-0.098704,9.838432,90.574829,88.623718,1,2,3,4
31.0375481,0.002451,0.214756,9.849456,-0.144168,9.852852,90.838387,88.750931,1,2,3,4
31.0400009,0.0024528,0.231506,9.847063,-0.148953,9.85091,90.866386,88.653221,1,2,3,4
31.0424519,0.002451,0.233898,9.851849,-0.079561,9.854946,90.46257,88.639961,1,2,3,4
31.0449047,0.0024528,0.229113,9.851849,-0.091525,9.854938,90.532127,88.667778,1,2,3,4
31.0473576,0.0024529,0.236291,9.837492,-0.141775,9.841351,90.825432,88.624054,1,2,3,4
31.0498104,0.0024528,0.195613,9.868599,-0.141775,9.871555,90.822906,88.864441,1,2,3,4
31.0522633,0.0024529,0.221934,9.808778,-0.120239,9.812025,90.702133,88.703842,1,2,3,4
31.0547161,0.0024528,0.212363,9.849456,-0.108275,9.85234,90.629684,88.764847,1,2,3,4
31.057169,0.0024529,0.265005,9.803992,-0.105882,9.808145,90.618538,88.451653,1,2,3,4
31.0596218,0.0024528,0.231506,9.823135,-0.098704,9.826359,90.575539,88.64994,1,2,3,4
31.0620747,0.0024529,0.253041,9.832706,-0.091525,9.836388,90.533134,88.525841,1,2,3,4
31.0645256,0.0024509,0.217149,9.811171,-0.06999,9.813824,90.408623,88.732094,1,2,3,4
31.0669804,0.0024548,0.214756,9.823135,-0.058026,9.825654,90.338364,88.747581,1,2,3,4
31.0694313,0.0024509,0.229113,9.835099,-0.098704,9.838263,90.574837,88.665512,1,2,3,4
31.0718822,0.0024509,0.176471,9.856635,-0.113061,9.858863,90.657082,88.974304,1,2,3,4
31.0743351,0.0024529,0.238684,9.842278,-0.089133,9.845574,90.518707,88.610802,1,2,3,4
31.0767879,0.0024528,0.231506,9.861421,-0.110668,9.864758,90.642784,88.655174,1,2,3,4
31.0792408,0.0024529,0.241077,9.839885,-0.105882,9.843407,90.616325,88.596535,1,2,3,4
31.0816917,0.0024509,0.217149,9.870992,-0.14656,9.874468,90.850433,88.739769,1,2,3,4
31.0841465,0.0024548,0.224327,9.847063,-0.144168,9.850673,90.83857,88.694962,1,2,3,4
31.0865993,0.0024528,0.276969,9.856635,-0.122632,9.861288,90.712532,88.390427,1,2,3,4
31.0890503,0.002451,0.198006,9.849456,-0.117847,9.852151,90.685356,88.84832,1,2,3,4
31.0915031,0.0024528,0.238684,9.84467,-0.105882,9.848132,90.616028,88.611137,1,2,3,4
31.093956,0.0024529,0.260219,9.839885,-0.084347,9.843686,90.490952,88.485146,1,2,3,4
31.0964069,0.0024509,0.231506,9.847063,-0.127418,9.850609,90.741142,88.653221,1,2,3,4
31.0988579,0.002451,0.248255,9.835099,-0.141775,9.839253,90.825607,88.554062,1,2,3,4
31.1013126,0.0024547,0.260219,9.868599,-0.132203,9.872914,90.767242,88.489548,1,2,3,4
31.1037655,0.0024529,0.195613,9.875777,-0.132203,9.878599,90.7668,88.865273,1,2,3,4
31.1062164,0.0024509,0.24347,9.849456,-0.081954,9.852805,90.476585,88.583984,1,2,3,4
31.1086693,0.0024529,0.260219,9.830314,-0.043669,9.833855,90.254433,88.483673,1,2,3,4
31.1111221,0.0024528,0.233898,9.823135,-0.062812,9.82612,90.366257,88.635986,1,2,3,4
31.1135731,0.002451,0.250648,9.842278,-0.091525,9.845894,90.532616,88.541191,1,2,3,4
31.1160278,0.0024547,0.20997,9.835099,-0.096311,9.837812,90.560928,88.776978,1,2,3,4
31.1184788,0.002451,0.248255,9.823135,-0.079561,9.826594,90.463905,88.552299,1,2,3,4
31.1209316,0.0024528,0.207577,9.842278,-0.081954,9.844808,90.476967,88.791786,1,2,3,4
31.1233826,0.002451,0.238684,9.835099,-0.065204,9.838211,90.379738,88.609787,1,2,3,4
31.1258373,0.0024547,0.236291,9.823135,-0.079561,9.826299,90.463913,88.62204,1,2,3,4
31.1282883,0.002451,0.22672,9.842278,-0.081954,9.845229,90.476952,88.680405,1,2,3,4
31.1307411,0.0024528,0.188435,9.837492,-0.079561,9.839618,90.463287,88.902649,1,2,3,4
31.1331959,0.0024548,0.24347,9.820743,-0.110668,9.824384,90.645432,88.579849,1,2,3,4
31.1356468,0.0024509,0.233898,9.849456,-0.10349,9.852777,90.601822,88.639633,1,2,3,4
31.1380997,0.0024529,0.257827,9.856635,-0.148953,9.861132,90.865494,88.501617,1,2,3,4
31.1405544,0.0024547,0.253041,9.887741,-0.074776,9.891261,90.433144,88.534042,1,2,3,4
31.1430073,0.0024529,0.236291,9.870992,-0.084347,9.87418,90.489433,88.628716,1,2,3,4
31.1454582,0.0024509,0.248255,9.837492,-0.125025,9.841418,90.727905,88.554413,1,2,3,4
31.147913,0.0024548,0.22672,9.830314,-0.10349,9.833472,90.603004,88.678802,1,2,3,4
31.1503639,0.0024509,0.212363,9.813564,-0.093918,9.816311,90.548187,88.76033,1,2,3,4
31.1528168,0.0024529,0.265005,9.851849,-0.091525,9.855837,90.532082,88.459167,1,2,3,4
31.1552696,0.0024528,0.229113,9.837492,-0.084347,9.840521,90.491112,88.66584,1,2,3,4
31.1577225,0.0024529,0.245863,9.830314,-0.117847,9.834094,90.686615,88.567291,1,2,3,4
31.1601734,0.0024509,0.284148,9.84467,-0.110668,9.849392,90.643791,88.346725,1,2,3,4
31.1626263,0.0024529,0.281755,9.842278,-0.144168,9.847365,90.838852,88.360245,1,2,3,4
31.1650791,0.0024528,0.250648,9.868599,-0.151346,9.872942,90.878342,88.545082,1,2,3,4
31.167532,0.0024529,0.250648,9.873384,-0.148953,9.877688,90.864037,88.545784,1,2,3,4
31.1699829,0.0024509,0.236291,9.830314,-0.165703,9.834549,90.965424,88.623047,1,2,3,4
31.1724377,0.0024548,0.219541,9.859028,-0.113061,9.86212,90.65686,88.724342,1,2,3,4
31.1748886,0.0024509,0.20997,9.837492,-0.089133,9.840137,90.518997,88.777275,1,2,3,4
31.1773415,0.0024529,0.176471,9.849456,-0.127418,9.851861,90.741051,88.973557,1,2,3,4
31.1797943,0.0024528,0.207577,9.823135,-0.091525,9.825755,90.533707,88.789436,1,2,3,4
31.1822453,0.002451,0.253041,9.830314,-0.101097,9.83409,90.589027,88.525482,1,2,3,4
31.1846981,0.0024528,0.221934,9.870992,-0.072383,9.873752,90.420029,88.712006,1,2,3,4
31.187149,0.0024509,0.219541,9.856635,-0.089133,9.859482,90.517975,88.724037,1,2,3,4
31.1896038,0.0024548,0.181256,9.854242,-0.158524,9.857184,90.921478,88.946236,1,2,3,4
31.1920547,0.0024509,0.212363,9.825528,-0.16331,9.82918,90.952003,88.761833,1,2,3,4
31.1945057,0.002451,0.22672,9.84467,-0.136989,9.848233,90.797012,88.680725,1,2,3,4
31.1969604,0.0024547,0.22672,9.813564,-0.127418,9.81701,90.743683,88.676544,1,2,3,4
31.1994114,0.002451,0.265005,9.832706,-0.105882,9.836846,90.616737,88.456169,1,2,3,4
31.2018642,0.0024528,0.22672,9.842278,-0.144168,9.845943,90.838974,88.680405,1,2,3,4
31.2043171,0.0024529,0.178863,9.861421,-0.160917,9.864355,90.934708,88.960899,1,2,3,4
31.2067699,0.0024528,0.219541,9.827921,-0.175274,9.831935,91.021469,88.720306,1,2,3,4
31.2092209,0.002451,0.20997,9.849456,-0.153739,9.852893,90.894043,88.778755,1,2,3,4
31.2116756,0.0024547,0.190828,9.839885,-0.158524,9.843012,90.922806,88.888985,1,2,3,4
31.2141285,0.0024529,0.195613,9.842278,-0.153739,9.845422,90.894722,88.861404,1,2,3,4
31.2165794,0.0024509,0.217149,9.825528,-0.151346,9.829093,90.882263,88.73394,1,2,3,4
31.2190304,0.002451,0.164507,9.803992,-0.14656,9.806467,90.856331,89.038696,1,2,3,4
31.2214832,0.0024528,0.183649,9.861421,-0.089133,9.863533,90.517769,88.933105,1,2,3,4
31.2239342,0.002451,0.212363,9.859028,-0.089133,9.861717,90.51786,88.766045,1,2,3,4
31.226387,0.0024528,0.22672,9.880563,-0.098704,9.883657,90.572197,88.685516,1,2,3,4
31.2288399,0.0024529,0.205185,9.880563,-0.093918,9.883139,90.544479,88.810341,1,2,3,4
31.2312908,0.0024509,0.257827,9.873384,-0.060419,9.876935,90.350487,88.504158,1,2,3,4
31.2337418,0.002451,0.20997,9.868599,-0.043669,9.870929,90.253479,88.781128,1,2,3,4
31.2361946,0.0024528,0.250648,9.859028,-0.029312,9.862257,90.170288,88.543671,1,2,3,4
31.2386494,0.0024548,0.238684,9.902099,-0.000598,9.904975,90.003464,88.619186,1,2,3,4
31.2411003,0.0024509,0.265005,9.866206,-0.002991,9.869765,90.017365,88.461411,1,2,3,4
31.2435532,0.0024529,0.24347,9.854242,-0.048455,9.857369,90.281647,88.584679,1,2,3,4
31.246006,0.0024528,0.253041,9.861421,-0.101097,9.865185,90.587166,88.530128,1,2,3,4
31.2484589,0.0024529,0.255434,9.861421,-0.048455,9.864847,90.281433,88.516235,1,2,3,4
31.2509098,0.0024509,0.20997,9.854242,-0.065204,9.856695,90.379028,88.77935,1,2,3,4
31.2533646,0.0024548,0.250648,9.861421,-0.048455,9.864725,90.281433,88.544022,1,2,3,4
31.2558155,0.0024509,0.236291,9.849456,-0.058026,9.852461,90.337448,88.625725,1,2,3,4
31.2582684,0.0024529,0.19322,9.796814,-0.038883,9.798796,90.227364,88.870117,1,2,3,4
31.2607212,0.0024528,0.198006,9.84467,-0.096311,9.847133,90.560394,88.847763,1,2,3,4
31.2631741,0.0024529,0.202792,9.827921,-0.038883,9.83009,90.226639,88.817909,1,2,3,4
31.265625,0.0024509,0.186042,9.823135,-0.043669,9.824994,90.254662,88.914993,1,2,3,4
31.2680779,0.0024529,0.22672,9.856635,-0.065204,9.859457,90.378922,88.682327,1,2,3,4
31.2705326,0.0024547,0.200399,9.854242,-0.120239,9.857014,90.698929,88.834976,1,2,3,4
31.2729836,0.002451,0.214756,9.81835,-0.122632,9.821464,90.715424,88.746971,1,2,3,4
31.2754364,0.0024528,0.250648,9.847063,-0.115454,9.850929,90.671524,88.541901,1,2,3,4
31.2778893,0.0024529,0.236291,9.854242,-0.113061,9.857723,90.657158,88.626389,1,2,3,4
31.2803421,0.0024528,0.221934,9.827921,-0.165703,9.831823,90.965691,88.706367,1,2,3,4
31.282793,0.0024509,0.255434,9.837492,-0.168096,9.842243,90.9786,88.512627,1,2,3,4
31.2852459,0.0024529,0.233898,9.839885,-0.160917,9.84398,90.936646,88.638313,1,2,3,4
31.2876968,0.0024509,0.236291,9.849456,-0.105882,9.852859,90.61573,88.625725,1,2,3,4
31.2901478,0.002451,0.253041,9.81835,-0.160917,9.822928,90.938652,88.523682,1,2,3,4
31.2926006,0.0024528,0.224327,9.81835,-0.170489,9.822392,90.994537,88.691147,1,2,3,4
31.2950535,0.0024529,0.202792,9.84467,-0.158524,9.848035,90.922333,88.819923,1,2,3,4
31.2975044,0.0024509,0.245863,9.842278,-0.182453,9.847038,91.061676,88.569038,1,2,3,4
31.2999554,0.002451,0.257827,9.832706,-0.151346,9.83725,90.881531,88.497971,1,2,3,4
31.3024082,0.0024528,0.250648,9.827921,-0.156132,9.832356,90.909859,88.539063,1,2,3,4
31.3048592,0.002451,0.248255,9.806385,-0.175274,9.811092,91.023636,88.549828,1,2,3,4
31.3073101,0.0024509,0.22672,9.832706,-0.19681,9.837289,91.146362,88.679123,1,2,3,4
31.309763,0.0024529,0.236291,9.823135,-0.206381,9.828144,91.203239,88.62204,1,2,3,4
31.3122158,0.0024528,0.257827,9.868599,-0.184846,9.873696,91.072701,88.503433,1,2,3,4
31.3146667,0.0024509,0.176471,9.866206,-0.151346,9.868945,90.8787,88.975296,1,2,3,4
31.3171177,0.002451,0.233898,9.815957,-0.144168,9.819801,90.841209,88.634995,1,2,3,4
31.3195686,0.0024509,0.229113,9.868599,-0.096311,9.871728,90.558998,88.670044,1,2,3,4
31.3220215,0.0024529,0.231506,9.863813,-0.101097,9.867048,90.587059,88.655502,1,2,3,4
31.3244724,0.0024509,0.274576,9.875777,-0.077169,9.879895,90.447525,88.407417,1,2,3,4
31.3269234,0.002451,0.224327,9.832706,-0.089133,9.835669,90.519234,88.693062,1,2,3,4
31.3293781,0.0024547,0.238684,9.851849,-0.074776,9.855023,90.434738,88.612144,1,2,3,4
31.3318291,0.002451,0.221934,9.856635,-0.072383,9.859399,90.420639,88.710136,1,2,3,4
31.33428,0.0024509,0.241077,9.859028,0.013759,9.861985,89.920067,88.599258,1,2,3,4
31.336731,0.002451,0.217149,9.870992,-0.038883,9.873457,90.225639,88.739769,1,2,3,4
31.3391838,0.0024528,0.221934,9.847063,-0.019741,9.849584,90.11483,88.708878,1,2,3,4
31.3416348,0.002451,0.183649,9.820743,-0.043669,9.822556,90.254723,88.928688,1,2,3,4
31.3440857,0.0024509,0.231506,9.832706,-0.05324,9.835576,90.310143,88.651253,1,2,3,4
31.3465385,0.0024528,0.19322,9.830314,-0.034098,9.832272,90.1987,88.873962,1,2,3,4
31.3489914,0.0024529,0.219541,9.847063,-0.048455,9.849629,90.281868,88.722794,1,2,3,4
31.3514423,0.0024509,0.233898,9.803992,-0.007777,9.806786,90.045433,88.633324,1,2,3,4
31.3538933,0.002451,0.219541,9.813564,-0.081954,9.816361,90.478355,88.718437,1,2,3,4
31.3563461,0.0024528,0.22672,9.830314,-0.136989,9.833882,90.798172,88.678802,1,2,3,4
31.3587971,0.002451,0.200399,9.811171,-0.122632,9.813983,90.715965,88.829865,1,2,3,4
31.361248,0.0024509,0.231506,9.813564,-0.105882,9.816866,90.617989,88.648621,1,2,3,4
31.363699,0.002451,0.262612,9.861421,-0.101097,9.865435,90.587151,88.474556,1,2,3,4
31.3661518,0.0024528,0.262612,9.866206,-0.14656,9.870789,90.850754,88.475296,1,2,3,4
31.3686047,0.0024529,0.274576,9.837492,-0.158524,9.8426,90.922844,88.401222,1,2,3,4
31.3710556,0.0024509,0.253041,9.832706,-0.170489,9.83744,90.993019,88.525841,1,2,3,4
31.3735085,0.0024529,0.255434,9.832706,-0.151346,9.837188,90.881538,88.511909,1,2,3,4
31.3759613,0.0024528,0.238684,9.849456,-0.168096,9.853782,90.977455,88.611809,1,2,3,4
31.3784122,0.0024509,0.19322,9.856635,-0.16331,9.859881,90.949036,88.876968,1,2,3,4
31.3808632,0.002451,0.198006,9.854242,-0.182453,9.85792,91.060501,88.848885,1,2,3,4
31.383316,0.0024528,0.22672,9.851849,-0.187238,9.856236,91.088509,88.681686,1,2,3,4
31.3857689,0.0024529,0.202792,9.84467,-0.206381,9.848922,91.200699,88.819923,1,2,3,4
31.3882198,0.0024509,0.250648,9.839885,-0.170489,9.844553,90.992302,88.54084,1,2,3,4
31.3906727,0.0024529,0.214756,9.825528,-0.132203,9.828764,90.770691,88.747887,1,2,3,4
31.3931236,0.0024509,0.214756,9.851849,-0.151346,9.855351,90.879913,88.751236,1,2,3,4
31.3955746,0.002451,0.178863,9.868599,-0.177667,9.871819,91.031227,88.961655,1,2,3,4
31.3980255,0.0024509,0.186042,9.868599,-0.175274,9.871909,91.017334,88.919991,1,2,3,4
31.4004784,0.0024529,0.229113,9.84467,-0.132203,9.848224,90.769165,88.666809,1,2,3,4
31.4029312,0.0024528,0.265005,9.832706,-0.065204,9.836493,90.379807,88.456169,1,2,3,4
31.4053822,0.002451,0.250648,9.863813,-0.029312,9.867042,90.170212,88.54438,1,2,3,4
31.407835,0.0024528,0.231506,9.866206,-0.050847,9.869053,90.295204,88.65583,1,2,3,4
31.4102859,0.0024509,0.205185,9.854242,-0.113061,9.857026,90.657204,88.807159,1,2,3,4
31.4127369,0.002451,0.265005,9.882956,-0.136989,9.887457,90.793846,88.46402,1,2,3,4
31.4151878,0.0024509,0.267398,9.830314,-0.096311,9.834422,90.561119,88.441864,1,2,3,4
31.4176426,0.0024548,0.214756,9.837492,-0.036491,9.839904,90.212479,88.749413,1,2,3,4
31.4200935,0.0024509,0.231506,9.856635,-0.139382,9.860338,90.809937,88.654526,1,2,3,4
31.4225445,0.002451,0.257827,9.851849,-0.189631,9.857046,91.102333,88.500893,1,2,3,4
31.4249973,0.0024528,0.255434,9.849456,-0.192024,9.854638,91.116516,88.514435,1,2,3,4
31.4274483,0.002451,0.229113,9.815957,-0.129811,9.819489,90.757454,88.66291,1,2,3,4
31.4298992,0.0024509,0.221934,9.837492,-0.081954,9.840336,90.477188,88.707626,1,2,3,4
31.4323502,0.002451,0.190828,9.851849,-0.134596,9.854616,90.782578,88.890335,1,2,3,4
31.434803,0.0024528,0.198006,9.851849,-0.115454,9.854514,90.67128,88.848602,1,2,3,4
31.437254,0.002451,0.231506,9.842278,-0.113061,9.845649,90.657959,88.652565,1,2,3,4
31.4397049,0.0024509,0.22672,9.87817,-0.125025,9.881562,90.724945,88.685204,1,2,3,4
31.4421558,0.0024509,0.221934,9.84467,-0.072383,9.847438,90.42115,88.708565,1,2,3,4
31.4446087,0.0024529,0.255434,9.842278,-0.08674,9.845974,90.504761,88.513351,1,2,3,4
31.4470596,0.0024509,0.229113,9.854242,-0.10349,9.857449,90.60154,88.668106,1,2,3,4
31.4495106,0.002451,0.205185,9.863813,-0.141775,9.866966,90.823288,88.808319,1,2,3,4
31.4519653,0.0024547,0.253041,9.856635,-0.134596,9.860802,90.782089,88.529419,1,2,3,4
31.4544144,0.0024491,0.245863,9.856635,-0.077169,9.860003,90.448425,88.571121,1,2,3,4
31.4568672,0.0024528,0.231506,9.830314,-0.041276,9.833126,90.240509,88.650925,1,2,3,4
31.4593182,0.002451,0.24347,9.789636,-0.062812,9.792865,90.3675,88.57534,1,2,3,4
31.461771,0.0024528,0.238684,9.839885,-0.144168,9.843835,90.839157,88.610458,1,2,3,4
31.464222,0.002451,0.250648,9.839885,-0.275773,9.846939,91.604836,88.54084,1,2,3,4
31.4666729,0.0024509,0.253041,9.847063,-0.206381,9.852476,91.200272,88.527985,1,2,3,4
31.4691238,0.0024509,0.236291,9.815957,-0.058026,9.818972,90.338593,88.621033,1,2,3,4
31.4715767,0.0024529,0.272184,9.84467,-0.043669,9.848529,90.254051,88.416298,1,2,3,4
31.4740257,0.002449,0.219541,9.842278,-0.158524,9.846002,90.922523,88.722176,1,2,3,4
31.4764767,0.002451,0.195613,9.859028,-0.213559,9.86328,91.240662,88.863342,1,2,3,4
31.4789276,0.0024509,0.236291,9.861421,-0.201595,9.866311,91.170792,88.627388,1,2,3,4
31.4813824,0.0024548,0.260219,9.842278,-0.125025,9.846511,90.727524,88.485512,1,2,3,4
31.4838333,0.0024509,0.221934,9.859028,-0.048455,9.861645,90.281525,88.710449,1,2,3,4
31.4862843,0.002451,0.276969,9.847063,-0.08674,9.851339,90.504486,88.388863,1,2,3,4
31.4887371,0.0024528,0.248255,9.854242,-0.077169,9.857672,90.448532,88.55687,1,2,3,4
31.491188,0.0024509,0.198006,9.863813,-0.120239,9.866533,90.698257,88.849998,1,2,3,4
31.4936409,0.0024529,0.233898,9.854242,-0.10349,9.857561,90.601532,88.640297,1,2,3,4
31.4960938,0.0024529,0.24347,9.863813,-0.055633,9.866975,90.323051,88.586052,1,2,3,4
31.4985447,0.0024509,0.178863,9.835099,-0.048455,9.836845,90.282234,88.958122,1,2,3,4
31.5009956,0.0024509,0.214756,9.820743,-0.072383,9.823357,90.422188,88.747276,1,2,3,4
31.5034466,0.002451,0.205185,9.825528,-0.08674,9.828053,90.505684,88.80368,1,2,3,4
31.5058994,0.0024528,0.219541,9.847063,-0.050847,9.849642,90.295784,88.722794,1,2,3,4
31.5083504,0.002451,0.221934,9.839885,-0.007777,9.84239,90.045273,88.707939,1,2,3,4
31.5108013,0.0024509,0.205185,9.839885,0.001795,9.842024,89.989555,88.80542,1,2,3,4
31.5132523,0.002451,0.221934,9.842278,-0.017348,9.844794,90.10096,88.708252,1,2,3,4
31.5157051,0.0024528,0.207577,9.823135,-0.062812,9.825529,90.36628,88.789436,1,2,3,4
31.5181561,0.002451,0.202792,9.839885,-0.077169,9.842277,90.449234,88.819351,1,2,3,4
31.520607,0.0024509,0.238684,9.827921,-0.058026,9.83099,90.338181,88.608772,1,2,3,4
31.5230618,0.0024548,0.24347,9.803992,-0.007777,9.807018,90.045433,88.577423,1,2,3,4
31.5255127,0.0024509,0.279362,9.856635,-0.046062,9.860701,90.267647,88.376526,1,2,3,4
31.5279636,0.0024509,0.265005,9.854242,-0.115454,9.858481,90.671013,88.459549,1,2,3,4
31.5304165,0.0024529,0.274576,9.811171,-0.158524,9.816293,90.925316,88.396935,1,2,3,4
31.5328693,0.0024528,0.24347,9.863813,-0.089133,9.86722,90.51757,88.586052,1,2,3,4
31.5353203,0.002451,0.274576,9.837492,-0.055633,9.84148,90.323891,88.401222,1,2,3,4
31.5377712,0.0024509,0.229113,9.832706,-0.048455,9.835495,90.282272,88.665184,1,2,3,4
31.5402222,0.002451,0.202792,9.837492,-0.108275,9.840178,90.630463,88.819061,1,2,3,4
31.5426769,0.0024547,0.207577,9.856635,-0.158524,9.860095,90.921204,88.793549,1,2,3,4
31.5451279,0.002451,0.202792,9.847063,-0.177667,9.850753,91.03344,88.820213,1,2,3,4
31.5475788,0.0024509,0.202792,9.827921,-0.105882,9.830583,90.617126,88.817909,1,2,3,4
31.5500317,0.0024529,0.166899,9.870992,-0.105882,9.872971,90.614479,89.031334,1,2,3,4
31.5524845,0.0024528,0.183649,9.863813,-0.113061,9.866171,90.656593,88.933365,1,2,3,4
31.5549355,0.002451,0.147757,9.837492,-0.136989,9.839556,90.797714,89.139496,1,2,3,4
31.5573883,0.0024528,0.152542,9.863813,-0.144168,9.866046,90.837265,89.113998,1,2,3,4
31.5598392,0.0024509,0.128614,9.856635,-0.153739,9.858673,90.893524,89.252419,1,2,3,4
31.5622921,0.0024529,0.15015,9.856635,-0.125025,9.858571,90.726639,89.127258,1,2,3,4
31.564743,0.0024509,0.178863,9.813564,-0.165703,9.816593,90.967194,88.955833,1,2,3,4
31.5671959,0.0024529,0.198006,9.830314,-0.172881,9.833827,91.007324,88.846085,1,2,3,4
31.5696468,0.0024509,0.217149,9.832706,-0.213559,9.837422,91.243927,88.734871,1,2,3,4
31.5720978,0.002451,0.238684,9.84467,-0.136989,9.848516,90.796989,88.611137,1,2,3,4
31.5745525,0.0024547,0.248255,9.84467,-0.158524,9.849076,90.922234,88.555466,1,2,3,4
31.5770035,0.002451,0.269791,9.837492,-0.125025,9.841985,90.727859,88.42907,1,2,3,4
31.5794544,0.0024509,0.250648,9.830314,-0.10349,9.834054,90.602966,88.539421,1,2,3,4
31.5819073,0.0024529,0.262612,9.847063,-0.132203,9.851451,90.768913,88.472336,1,2,3,4
31.5843601,0.0024528,0.248255,9.839885,-0.10349,9.84356,90.602386,88.554764,1,2,3,4
31.5868111,0.002451,0.253041,9.849456,-0.093918,9.853153,90.546143,88.528343,1,2,3,4
31.589262,0.0024509,0.221934,9.813564,-0.060419,9.816259,90.352654,88.704475,1,2,3,4
31.5917149,0.0024529,0.186042,9.84467,-0.08674,9.84681,90.504723,88.917366,1,2,3,4
31.5941677,0.0024528,0.212363,9.866206,-0.115454,9.869166,90.670288,88.766937,1,2,3,4
31.5966187,0.002451,0.142971,9.856635,-0.055633,9.857829,90.323357,89.168976,1,2,3,4
31.5990696,0.0024509,0.164507,9.854242,-0.019741,9.855636,90.114761,89.043594,1,2,3,4
31.6015224,0.0024528,0.20997,9.851849,-0.012562,9.854095,90.073044,88.779053,1,2,3,4
31.6039734,0.002451,0.19322,9.849456,-0.038883,9.851427,90.226143,88.876152,1,2,3,4
31.6064262,0.0024528,0.154935,9.861421,-0.074776,9.862921,90.434395,89.099884,1,2,3,4
31.6088791,0.0024529,0.174078,9.875777,-0.043669,9.877408,90.253311,88.990166,1,2,3,4
31.61133,0.0024509,0.166899,9.880563,-0.029312,9.882016,90.169952,89.032272,1,2,3,4
31.613781,0.002451,0.154935,9.863813,-0.050847,9.865161,90.295319,89.100105,1,2,3,4
31.6162319,0.0024509,0.186042,9.870992,-0.055633,9.872902,90.322861,88.920258,1,2,3,4
31.6186867,0.0024548,0.188435,9.835099,-0.06999,9.837153,90.407654,88.902382,1,2,3,4
31.6211376,0.0024509,0.229113,9.854242,-0.074776,9.857189,90.434647,88.668106,1,2,3,4
31.6235886,0.002451,0.236291,9.866206,-0.113061,9.869682,90.656357,88.628052,1,2,3,4
31.6260395,0.0024509,0.238684,9.837492,-0.141775,9.841409,90.825432,88.610123,1,2,3,4
31.6284924,0.0024529,0.236291,9.842278,-0.141775,9.846134,90.825035,88.624718,1,2,3,4
31.6309433,0.0024509,0.229113,9.851849,-0.14656,9.855602,90.852066,88.667778,1,2,3,4
31.6333942,0.0024509,0.224327,9.866206,-0.187238,9.870532,91.086937,88.697495,1,2,3,4
31.6358471,0.0024529,0.207577,9.825528,-0.18006,9.82937,91.049637,88.789734,1,2,3,4
31.638298,0.0024509,0.212363,9.851849,-0.177667,9.855739,91.032913,88.765144,1,2,3,4
31.640749,0.002451,0.238684,9.803992,-0.117847,9.807605,90.688477,88.605377,1,2,3,4
31.6432018,0.0024528,0.217149,9.835099,-0.16331,9.838852,90.951065,88.735176,1,2,3,4
31.6456528,0.002451,0.198006,9.868599,-0.19681,9.872547,91.142273,88.850555,1,2,3,4
31.6481056,0.0024528,0.219541,9.880563,-0.194417,9.884913,91.126968,88.727127,1,2,3,4
31.6505566,0.002451,0.241077,9.832706,-0.151346,9.836825,90.881569,88.595512,1,2,3,4
31.6530094,0.0024528,0.257827,9.825528,-0.117847,9.829617,90.686928,88.49688,1,2,3,4
31.6554623,0.0024529,0.229113,9.832706,-0.177667,9.83698,91.034882,88.665184,1,2,3,4
31.6579132,0.0024509,0.257827,9.84467,-0.187238,9.849826,91.089218,88.499794,1,2,3,4
31.6603642,0.002451,0.190828,9.849456,-0.282951,9.855367,91.64521,88.890068,1,2,3,4
31.662817,0.0024528,0.236291,9.839885,-0.244666,9.845762,91.423943,88.624382,1,2,3,4
31.6652699,0.0024529,0.24347,9.813564,-0.132203,9.817474,90.771576,88.578812,1,2,3,4
31.6677208,0.0024509,0.19322,9.835099,-0.084347,9.837358,90.491272,88.874512,1,2,3,4
31.6701736,0.0024528,0.198006,9.832706,-0.089133,9.835104,90.519264,88.846359,1,2,3,4
31.6726246,0.002451,0.166899,9.820743,-0.151346,9.823326,90.882782,89.026375,1,2,3,4
31.6750755,0.0024509,0.154935,9.859028,-0.144168,9.861299,90.837669,89.09967,1,2,3,4
31.6775265,0.002451,0.238684,9.866206,-0.122632,9.869855,90.711914,88.614166,1,2,3,4
31.6799812,0.0024547,0.219541,9.856635,-0.108275,9.859674,90.629211,88.724037,1,2,3,4
31.6824322,0.002451,0.198006,9.856635,-0.139382,9.859609,90.809998,88.849159,1,2,3,4
31.6848831,0.0024509,0.202792,9.854242,-0.19681,9.858294,91.143921,88.821068,1,2,3,4
31.687336,0.0024529,0.255434,9.854242,-0.153739,9.858751,90.893517,88.51516,1,2,3,4
31.6897869,0.0024509,0.245863,9.854242,-0.096311,9.85778,90.559792,88.57077,1,2,3,4
31.6922379,0.002451,0.250648,9.902099,-0.06999,9.905518,90.404839,88.550003,1,2,3,4
31.6946907,0.0024528,0.296112,9.839885,-0.113061,9.844989,90.658005,88.276314,1,2,3,4
31.6971436,0.0024529,0.30329,9.854242,-0.122632,9.859672,90.712646,88.237129,1,2,3,4
31.6995945,0.0024509,0.288933,9.851849,-0.093918,9.856532,90.545952,88.320122,1,2,3,4
31.7020454,0.0024509,0.296112,9.835099,-0.062812,9.839757,90.365746,88.275482,1,2,3,4
31.7044964,0.002451,0.257827,9.84467,-0.077169,9.848349,90.448959,88.499794,1,2,3,4
31.7069492,0.0024528,0.257827,9.854242,-0.117847,9.858319,90.684929,88.501251,1,2,3,4
31.7094021,0.0024529,0.276969,9.868599,-0.129811,9.873339,90.753326,88.392372,1,2,3,4
31.711853,0.0024509,0.250648,9.832706,-0.129811,9.836758,90.756126,88.539772,1,2,3,4
31.7143059,0.0024529,0.20997,9.811171,-0.081954,9.81376,90.478477,88.773994,1,2,3,4
31.7167568,0.0024509,0.219541,9.811171,-0.065204,9.813843,90.380684,88.718124,1,2,3,4
31.7192097,0.0024529,0.245863,9.827921,-0.074776,9.83128,90.435791,88.566948,1,2,3,4
31.7216606,0.0024509,0.245863,9.825528,-0.081954,9.828945,90.477737,88.566597,1,2,3,4
31.7241135,0.0024529,0.236291,9.820743,-0.110668,9.824208,90.645439,88.621704,1,2,3,4
31.7265644,0.0024509,0.20997,9.811171,-0.105882,9.813989,90.618172,88.773994,1,2,3,4
31.7290154,0.002451,0.245863,9.830314,-0.081954,9.83373,90.477509,88.567291,1,2,3,4
31.7314682,0.0024528,0.224327,9.839885,-0.062812,9.842642,90.365639,88.694016,1,2,3,4
31.7339191,0.0024509,0.212363,9.820743,-0.122632,9.823804,90.715248,88.76123,1,2,3,4
31.7363701,0.002451,0.198006,9.839885,-0.153739,9.843078,90.894936,88.847206,1,2,3,4
31.738821,0.0024509,0.200399,9.859028,-0.141775,9.862083,90.8237,88.835541,1,2,3,4
31.7412758,0.0024548,0.241077,9.839885,-0.14656,9.843928,90.853073,88.596535,1,2,3,4
31.7437267,0.0024509,0.231506,9.832706,-0.141775,9.836453,90.825844,88.651253,1,2,3,4
31.7461777,0.002451,0.219541,9.823135,-0.201595,9.827656,91.175392,88.719688,1,2,3,4
31.7486324,0.0024547,0.265005,9.81835,-0.242273,9.824913,91.413002,88.453918,1,2,3,4
31.7510834,0.002451,0.248255,9.842278,-0.261416,9.848878,91.520966,88.555115,1,2,3,4
31.7535343,0.0024509,0.248255,9.81835,-0.18006,9.823138,91.050301,88.551598,1,2,3,4
31.7559853,0.002451,0.267398,9.823135,-0.129811,9.827632,90.756828,88.44072,1,2,3,4
31.7584381,0.0024528,0.279362,9.827921,-0.160917,9.833207,90.937668,88.371788,1,2,3,4
31.760891,0.0024529,0.267398,9.832706,-0.192024,9.838216,91.118378,88.442238,1,2,3,4
31.7633419,0.0024509,0.272184,9.830314,-0.215952,9.836452,91.257988,88.413986,1,2,3,4
31.7657948,0.0024529,0.262612,9.832706,-0.187238,9.837995,91.09053,88.470108,1,2,3,4
31.7682476,0.0024528,0.308076,9.839885,-0.093918,9.845155,90.546585,88.206718,1,2,3,4
31.7706985,0.0024509,0.274576,9.81835,-0.148953,9.823318,90.86882,88.398102,1,2,3,4
31.7731495,0.002451,0.253041,9.837492,-0.144168,9.841802,90.839325,88.526558,1,2,3,4
31.7756023,0.0024528,0.274576,9.849456,-0.113061,9.85393,90.65741,88.40316,1,2,3,4
31.7780552,0.0024529,0.286541,9.81835,-0.079561,9.822853,90.464081,88.328346,1,2,3,4
31.7805061,0.0024509,0.267398,9.827921,-0.031705,9.831609,90.184769,88.441483,1,2,3,4
31.782959,0.0024529,0.284148,9.849456,-0.014955,9.853565,90.08696,88.347527,1,2,3,4
31.7854099,0.0024509,0.24347,9.854242,-0.026919,9.857286,90.156471,88.584679,1,2,3,4
31.7878609,0.002451,0.245863,9.847063,-0.014955,9.850143,90.08699,88.569733,1,2,3,4
31.7903118,0.0024509,0.30329,9.825528,-0.019741,9.830228,90.115059,88.231979,1,2,3,4
31.7927666,0.0024548,0.284148,9.837492,-0.036491,9.841662,90.21244,88.34552,1,2,3,4
31.7952175,0.0024509,0.253041,9.859028,-0.024526,9.862306,90.142487,88.529778,1,2,3,4
31.7976665,0.002449,0.269791,9.837492,-0.065204,9.841407,90.379616,88.42907,1,2,3,4
31.8001213,0.0024548,0.250648,9.837492,-0.050847,9.840816,90.296051,88.540482,1,2,3,4
31.8025723,0.002451,0.272184,9.851849,-0.093918,9.856055,90.545982,88.417458,1,2,3,4
31.8050232,0.0024509,0.281755,9.859028,-0.081954,9.863394,90.476074,88.363029,1,2,3,4
31.8074741,0.0024509,0.262612,9.849456,-0.091525,9.853381,90.532211,88.47271,1,2,3,4
31.809927,0.0024529,0.253041,9.863813,-0.06999,9.867307,90.40641,88.530487,1,2,3,4
31.8123779,0.0024509,0.253041,9.820743,-0.079561,9.824325,90.464012,88.524048,1,2,3,4
31.8148308,0.0024529,0.253041,9.861421,-0.081954,9.865007,90.47599,88.530128,1,2,3,4
31.8172836,0.0024528,0.22672,9.837492,-0.134596,9.841024,90.783661,88.679764,1,2,3,4
31.8197365,0.0024529,0.245863,9.84467,-0.098704,9.848234,90.574257,88.569382,1,2,3,4
31.8221874,0.0024509,0.269791,9.851849,-0.074776,9.855825,90.434708,88.431358,1,2,3,4
31.8246403,0.0024529,0.233898,9.811171,-0.089133,9.814363,90.520363,88.634323,1,2,3,4
31.8270931,0.0024528,0.272184,9.832706,-0.172881,9.837992,91.006905,88.414375,1,2,3,4
31.8295441,0.002451,0.214756,9.847063,-0.160917,9.850719,90.936005,88.750626,1,2,3,4
31.831995,0.0024509,0.241077,9.813564,-0.14656,9.817619,90.855362,88.592773,1,2,3,4
31.8344498,0.0024548,0.281755,9.827921,-0.129811,9.832816,90.756432,88.357849,1,2,3,4
31.8369007,0.0024509,0.241077,9.827921,-0.120239,9.831613,90.700737,88.594826,1,2,3,4
31.8393517,0.002451,0.231506,9.832706,-0.165703,9.836827,90.965202,88.651253,1,2,3,4
31.8418026,0.0024509,0.267398,9.84467,-0.156132,9.849539,90.908272,88.44413,1,2,3,4
31.8442554,0.0024528,0.250648,9.849456,-0.105882,9.853213,90.615707,88.542259,1,2,3,4
31.8467064,0.002451,0.238684,9.837492,-0.132203,9.841275,90.769707,88.610123,1,2,3,4
31.8491592,0.0024528,0.250648,9.832706,-0.136989,9.836855,90.797935,88.539772,1,2,3,4
31.8516121,0.0024529,0.250648,9.837492,-0.14656,9.841776,90.853264,88.540482,1,2,3,4
31.854063,0.0024509,0.233898,9.851849,-0.125025,9.855418,90.726868,88.639961,1,2,3,4
31.856514,0.002451,0.257827,9.839885,-0.120239,9.843996,90.69986,88.499069,1,2,3,4
31.8589668,0.0024528,0.245863,9.835099,-0.153739,9.839373,90.895279,88.567993,1,2,3,4
31.8614197,0.0024529,0.274576,9.847063,-0.129811,9.851746,90.754974,88.402771,1,2,3,4
31.8638706,0.0024509,0.231506,9.830314,-0.091525,9.833466,90.533295,88.650925,1,2,3,4
31.8663216,0.002451,0.274576,9.870992,-0.132203,9.875695,90.767029,88.406647,1,2,3,4
31.8687763,0.0024547,0.265005,9.830314,-0.079561,9.834208,90.463547,88.455795,1,2,3,4
31.8712273,0.002451,0.255434,9.854242,-0.067597,9.857784,90.392891,88.51516,1,2,3,4
31.8736782,0.0024509,0.300897,9.851849,-0.091525,9.856868,90.532028,88.250603,1,2,3,4
31.8761311,0.0024529,0.260219,9.825528,-0.055633,9.82913,90.324295,88.482933,1,2,3,4
31.8785839,0.0024528,0.269791,9.84467,-0.067597,9.848598,90.393257,88.430214,1,2,3,4
31.8810349,0.002451,0.279362,9.873384,-0.055633,9.877493,90.322708,88.37928,1,2,3,4
31.8834877,0.0024528,0.274576,9.839885,-0.050847,9.843846,90.295959,88.401611,1,2,3,4
31.8859406,0.0024529,0.253041,9.832706,-0.017348,9.835977,90.101051,88.525841,1,2,3,4
31.8883915,0.0024509,0.24347,9.842278,-0.041276,9.845375,90.240211,88.582954,1,2,3,4
31.8908424,0.0024509,0.241077,9.875777,-0.06999,9.878967,90.40593,88.601631,1,2,3,4
31.8932972,0.0024548,0.279362,9.827921,-0.034098,9.831949,90.198708,88.371788,1,2,3,4
31.8957481,0.0024509,0.265005,9.832706,-0.058026,9.836448,90.337997,88.456169,1,2,3,4
31.8981991,0.002451,0.257827,9.866206,-0.058026,9.869745,90.336853,88.503067,1,2,3,4
31.90065,0.0024509,0.257827,9.832706,-0.010169,9.836091,90.059235,88.497971,1,2,3,4
31.9031029,0.0024529,0.238684,9.820743,-0.010169,9.823647,90.059311,88.60775,1,2,3,4
31.9055538,0.0024509,0.219541,9.813564,-0.038883,9.816096,90.226959,88.718437,1,2,3,4
31.9080048,0.002451,0.250648,9.832706,-0.079561,9.836223,90.463448,88.539772,1,2,3,4
31.9104557,0.0024509,0.207577,9.835099,-0.06999,9.837539,90.407639,88.790909,1,2,3,4
31.9129086,0.0024529,0.24347,9.815957,-0.093918,9.819426,90.548019,88.579155,1,2,3,4
31.9153614,0.0024528,0.248255,9.842278,-0.113061,9.846057,90.657936,88.555115,1,2,3,4
31.9178123,0.0024509,0.24347,9.830314,-0.127418,9.834154,90.742386,88.58123,1,2,3,4
31.9202652,0.0024529,0.255434,9.827921,-0.134596,9.832161,90.78437,88.511185,1,2,3,4
31.9227161,0.0024509,0.236291,9.8016,-0.110668,9.805072,90.646698,88.619011,1,2,3,4
31.9251671,0.002451,0.250648,9.823135,-0.153739,9.827536,90.896355,88.538353,1,2,3,4
31.927618,0.0024509,0.229113,9.832706,-0.148953,9.836503,90.867661,88.665184,1,2,3,4
31.9300709,0.0024529,0.178863,9.84467,-0.14656,9.847385,90.852776,88.959129,1,2,3,4
31.9325218,0.0024509,0.22672,9.832706,-0.151346,9.836484,90.881599,88.679123,1,2,3,4
31.9349747,0.0024529,0.202792,9.859028,-0.122632,9.861876,90.712486,88.82164,1,2,3,4
31.9374256,0.0024509,0.22672,9.825528,-0.14656,9.829236,90.854347,88.678162,1,2,3,4
31.9398785,0.0024529,0.224327,9.854242,-0.153739,9.857994,90.893585,88.695915,1,2,3,4
31.9423294,0.0024509,0.198006,9.854242,-0.182453,9.85792,91.060501,88.848885,1,2,3,4
31.9447803,0.0024509,0.19322,9.847063,-0.16331,9.850312,90.949959,88.875877,1,2,3,4
31.9472332,0.0024529,0.262612,9.870992,-0.127418,9.875306,90.739288,88.476036,1,2,3,4
31.9496841,0.0024509,0.214756,9.847063,-0.127418,9.850229,90.741173,88.750626,1,2,3,4
31.9521351,0.002451,0.238684,9.837492,-0.18006,9.842034,91.048286,88.610123,1,2,3,4
31.9545879,0.0024528,0.257827,9.84467,-0.156132,9.849283,90.908295,88.499794,1,2,3,4
31.9570389,0.002451,0.238684,9.861421,-0.115454,9.864985,90.67057,88.613495,1,2,3,4
31.9594917,0.0024528,0.255434,9.863813,-0.093918,9.867567,90.545341,88.516594,1,2,3,4
31.9619427,0.002451,0.224327,9.808778,-0.081954,9.811685,90.478584,88.689873,1,2,3,4
31.9643955,0.0024528,0.269791,9.84467,-0.038883,9.848443,90.226212,88.430214,1,2,3,4
31.9668465,0.002451,0.24347,9.868599,-0.127418,9.872424,90.739502,88.586731,1,2,3,4
31.9692974,0.0024509,0.255434,9.842278,-0.127418,9.846416,90.741455,88.513351,1,2,3,4
31.9717484,0.002451,0.262612,9.847063,-0.05324,9.850708,90.309669,88.472336,1,2,3,4
31.9742012,0.0024528,0.255434,9.827921,-0.010169,9.831245,90.059265,88.511185,1,2,3,4
31.9766521,0.0024509,0.236291,9.799207,-0.038883,9.802133,90.22728,88.618675,1,2,3,4
31.9791031,0.002451,0.238684,9.870992,-0.077169,9.874179,90.447784,88.614838,1,2,3,4
31.9815559,0.0024528,0.224327,9.856635,-0.079561,9.859509,90.462357,88.696228,1,2,3,4
31.9840088,0.0024529,0.207577,9.835099,-0.096311,9.837761,90.560928,88.790909,1,2,3,4
31.9864597,0.0024509,0.19322,9.823135,-0.084347,9.825397,90.491867,88.873138,1,2,3,4
31.9889107,0.002451,0.195613,9.803992,-0.067597,9.806176,90.394958,88.856964,1,2,3,4
31.9913635,0.0024528,0.229113,9.859028,-0.098704,9.862184,90.573441,88.668747,1,2,3,4
31.9938164,0.0024529,0.20997,9.861421,-0.113061,9.864304,90.656715,88.780235,1,2,3,4
31.9962673,0.0024509,0.20997,9.808778,-0.182453,9.812721,91.065392,88.773697,1,2,3,4
31.9987183,0.002451,0.219541,9.837492,-0.189631,9.841768,91.104042,88.72155,1,2,3,4
32.0011711,0.0024528,0.183649,9.856635,-0.132203,9.859232,90.768311,88.932587,1,2,3,4
32.003624,0.0024529,0.181256,9.847063,-0.156132,9.849969,90.908234,88.945465,1,2,3,4
32.0060768,0.0024528,0.178863,9.808778,-0.168096,9.811849,90.981636,88.955322,1,2,3,4
32.0085258,0.002449,0.20997,9.859028,-0.223131,9.863788,91.296211,88.779945,1,2,3,4
32.0109787,0.0024529,0.253041,9.832706,-0.232702,9.838715,91.35527,88.525841,1,2,3,4
32.0134315,0.0024528,0.212363,9.825528,-0.168096,9.82926,90.979897,88.761833,1,2,3,4
32.0158844,0.0024529,0.22672,9.851849,-0.18006,9.856102,91.046791,88.681686,1,2,3,4
32.0183334,0.002449,0.205185,9.839885,-0.211167,9.844289,91.229126,88.80542,1,2,3,4
32.0207863,0.0024529,0.190828,9.830314,-0.230309,9.834863,91.34185,88.887901,1,2,3,4
32.0232391,0.0024528,0.221934,9.806385,-0.254237,9.81219,91.484718,88.703522,1,2,3,4
32.025692,0.0024529,0.231506,9.782457,-0.230309,9.787907,91.348289,88.644325,1,2,3,4
32.028141,0.002449,0.221934,9.830314,-0.242273,9.835803,91.411438,88.70668,1,2,3,4
32.0305939,0.0024529,0.231506,9.839885,-0.235095,9.845415,91.368271,88.652237,1,2,3,4
32.0330467,0.0024528,0.24347,9.849456,-0.225524,9.855045,91.311272,88.583984,1,2,3,4
32.0354996,0.0024529,0.219541,9.870992,-0.215952,9.875794,91.252975,88.725891,1,2,3,4
32.0379524,0.0024528,0.255434,9.81835,-0.194417,9.823596,91.134003,88.509727,1,2,3,4
32.0404015,0.0024491,0.238684,9.847063,-0.144168,9.85101,90.838539,88.611473,1,2,3,4
32.0428543,0.0024528,0.24347,9.863813,-0.14656,9.867907,90.850998,88.586052,1,2,3,4
32.0453072,0.0024529,0.241077,9.859028,-0.125025,9.862767,90.726326,88.599258,1,2,3,4
32.04776,0.0024528,0.233898,9.870992,-0.089133,9.874165,90.517204,88.642601,1,2,3,4
32.050209,0.002449,0.253041,9.835099,-0.10349,9.838899,90.602669,88.526199,1,2,3,4
32.0526619,0.0024529,0.231506,9.84467,-0.096311,9.847863,90.560356,88.652893,1,2,3,4
32.0551147,0.0024528,0.248255,9.847063,-0.081954,9.850533,90.476692,88.555817,1,2,3,4
32.0575638,0.0024491,0.22672,9.851849,-0.091525,9.854882,90.532135,88.681686,1,2,3,4
32.0600166,0.0024528,0.22672,9.811171,-0.084347,9.814153,90.492432,88.676224,1,2,3,4
32.0624657,0.0024491,0.202792,9.868599,-0.079561,9.871003,90.461815,88.822784,1,2,3,4
32.0649223,0.0024566,0.202792,9.859028,-0.046062,9.86122,90.267632,88.82164,1,2,3,4
32.0673714,0.0024491,0.181256,9.870992,-0.026919,9.872692,90.156227,88.948021,1,2,3,4
32.0698242,0.0024528,0.186042,9.861421,-0.067597,9.863407,90.39267,88.919205,1,2,3,4
32.0722771,0.0024529,0.183649,9.851849,-0.081954,9.853901,90.476532,88.932068,1,2,3,4
32.0747299,0.0024528,0.171685,9.825528,-0.081954,9.82737,90.477814,88.998955,1,2,3,4
32.077179,0.0024491,0.202792,9.842278,-0.060419,9.844552,90.351639,88.819633,1,2,3,4
32.0796318,0.0024528,0.178863,9.832706,-0.113061,9.834983,90.658676,88.957863,1,2,3,4
32.0820847,0.0024529,0.207577,9.823135,-0.093918,9.825777,90.547661,88.789436,1,2,3,4
32.0845375,0.0024528,0.207577,9.820743,-0.129811,9.823794,90.757126,88.789139,1,2,3,4
32.0869865,0.002449,0.207577,9.856635,-0.125025,9.859613,90.726563,88.793549,1,2,3,4
32.0894394,0.0024529,0.178863,9.827921,-0.136989,9.830503,90.798447,88.957359,1,2,3,4
32.0918922,0.0024528,0.233898,9.835099,-0.19681,9.839849,91.146065,88.63765,1,2,3,4
32.0943413,0.0024491,0.231506,9.806385,-0.194417,9.811044,91.135452,88.647636,1,2,3,4
32.0967941,0.0024528,0.212363,9.863813,-0.175274,9.867656,91.017769,88.76664,1,2,3,4
32.099247,0.0024529,0.229113,9.839885,-0.153739,9.843752,90.894875,88.666161,1,2,3,4
32.1016998,0.0024528,0.236291,9.825528,-0.220738,9.830848,91.286606,88.622375,1,2,3,4
32.1041489,0.0024491,0.265005,9.854242,-0.206381,9.859965,91.199356,88.459549,1,2,3,4
32.1066055,0.0024566,0.241077,9.830314,-0.227916,9.835911,91.327766,88.595169,1,2,3,4
32.1090546,0.0024491,0.245863,9.811171,-0.187238,9.816036,91.092972,88.564499,1,2,3,4
32.1115074,0.0024528,0.257827,9.839885,-0.151346,9.844425,90.88089,88.499069,1,2,3,4
32.1139603,0.0024529,0.221934,9.832706,-0.136989,9.836164,90.797989,88.706993,1,2,3,4
32.1164131,0.0024528,0.22672,9.847063,-0.170489,9.851149,90.991638,88.681046,1,2,3,4
32.1188622,0.0024491,0.212363,9.847063,-0.134596,9.850272,90.782928,88.764542,1,2,3,4
32.121315,0.0024528,0.207577,9.849456,-0.115454,9.85232,90.671432,88.792671,1,2,3,4
32.123764,0.002449,0.202792,9.863813,-0.093918,9.866344,90.54541,88.822212,1,2,3,4
32.1262169,0.0024529,0.195613,9.839885,-0.043669,9.841926,90.254227,88.86113,1,2,3,4
32.1286697,0.0024528,0.19322,9.806385,-0.072383,9.808556,90.422821,88.871216,1,2,3,4
32.1311188,0.0024491,0.19322,9.854242,-0.05324,9.85628,90.309494,88.876694,1,2,3,4
32.1335754,0.0024566,0.145364,9.851849,-0.048455,9.853041,90.281769,89.154663,1,2,3,4
32.1360245,0.0024491,0.219541,9.875777,-0.079561,9.878537,90.461464,88.726509,1,2,3,4
32.1384773,0.0024528,0.186042,9.873384,-0.081954,9.875477,90.475487,88.920517,1,2,3,4
32.1409264,0.0024491,0.205185,9.861421,-0.060419,9.86374,90.35096,88.808029,1,2,3,4
32.143383,0.0024566,0.190828,9.866206,-0.08674,9.868433,90.503616,88.891953,1,2,3,4
32.1458321,0.0024491,0.219541,9.849456,-0.067597,9.852134,90.39312,88.723106,1,2,3,4
32.1482849,0.0024528,0.238684,9.880563,-0.079561,9.883765,90.46122,88.61618,1,2,3,4
32.1507378,0.0024529,0.219541,9.81835,-0.062812,9.821005,90.366447,88.719063,1,2,3,4
32.1531906,0.0024528,0.24347,9.863813,-0.041276,9.866904,90.239685,88.586052,1,2,3,4
32.1556396,0.002449,0.217149,9.851849,-0.022134,9.854266,90.128693,88.737328,1,2,3,4
32.1580925,0.0024529,0.241077,9.851849,-0.014955,9.854809,90.086952,88.598236,1,2,3,4
32.1605453,0.0024528,0.241077,9.849456,-0.041276,9.852492,90.240036,88.5979,1,2,3,4
32.1629944,0.0024491,0.231506,9.823135,-0.026919,9.8259,90.156967,88.64994,1,2,3,4
32.1654472,0.0024528,0.221934,9.849456,-0.007777,9.851959,90.045227,88.70919,1,2,3,4
32.1679001,0.0024529,0.265005,9.854242,0.018544,9.857822,89.89222,88.459549,1,2,3,4
32.1703529,0.0024528,0.233898,9.842278,0.016152,9.84507,89.906006,88.638641,1,2,3,4
32.172802,0.0024491,0.255434,9.866206,0.018544,9.86953,89.892342,88.51696,1,2,3,4
32.1752548,0.0024528,0.265005,9.825528,-0.043669,9.829198,90.254555,88.455048,1,2,3,4
32.1777077,0.0024529,0.233898,9.861421,-0.077169,9.864496,90.448219,88.641281,1,2,3,4
32.1801605,0.0024528,0.212363,9.854242,-0.026919,9.856567,90.156479,88.765442,1,2,3,4
32.1826096,0.0024491,0.245863,9.825528,-0.017348,9.828619,90.101128,88.566597,1,2,3,4
32.1850624,0.0024528,0.248255,9.861421,-0.048455,9.864664,90.281433,88.557915,1,2,3,4
32.1875153,0.0024529,0.205185,9.856635,-0.060419,9.858955,90.351128,88.807449,1,2,3,4
32.1899681,0.0024528,0.24347,9.854242,-0.108275,9.857844,90.629333,88.584679,1,2,3,4
32.1924171,0.002449,0.162114,9.832706,-0.160917,9.83536,90.937462,89.055435,1,2,3,4
32.1948738,0.0024567,0.214756,9.847063,-0.18006,9.85105,91.047325,88.750626,1,2,3,4
32.1973228,0.002449,0.231506,9.842278,-0.156132,9.846238,90.908577,88.652565,1,2,3,4
32.1997757,0.0024529,0.183649,9.825528,-0.139382,9.828233,90.812584,88.929207,1,2,3,4
32.2022285,0.0024528,0.229113,9.835099,-0.160917,9.839084,90.937111,88.665512,1,2,3,4
32.2046814,0.0024529,0.248255,9.823135,-0.19681,9.828242,91.147423,88.552299,1,2,3,4
32.2071304,0.002449,0.233898,9.839885,-0.18006,9.844312,91.048042,88.638313,1,2,3,4
32.2095871,0.0024567,0.24347,9.820743,-0.136989,9.824716,90.79892,88.579849,1,2,3,4
32.2120361,0.002449,0.269791,9.839885,-0.127418,9.844407,90.741608,88.429451,1,2,3,4
32.214489,0.0024529,0.217149,9.813564,-0.170489,9.817448,90.995041,88.732399,1,2,3,4
32.2169418,0.0024528,0.260219,9.847063,-0.172881,9.852017,91.00547,88.486252,1,2,3,4
32.2193947,0.0024529,0.269791,9.811171,-0.153739,9.816083,90.8974,88.424858,1,2,3,4
32.2218437,0.002449,0.236291,9.859028,-0.125025,9.862652,90.726334,88.627052,1,2,3,4
32.2242966,0.0024529,0.281755,9.803992,-0.065204,9.808256,90.380898,88.353844,1,2,3,4
32.2267494,0.0024528,0.260219,9.847063,-0.077169,9.850803,90.448845,88.486252,1,2,3,4
32.2292023,0.0024529,0.224327,9.859028,-0.058026,9.861751,90.337128,88.696548,1,2,3,4
32.2316513,0.002449,0.248255,9.825528,-0.05324,9.828808,90.310356,88.55265,1,2,3,4
32.2341042,0.0024529,0.238684,9.84467,-0.060419,9.847749,90.351532,88.611137,1,2,3,4
32.236557,0.0024528,0.198006,9.796814,-0.034098,9.798874,90.199379,88.84214,1,2,3,4
32.239006,0.002449,0.166899,9.81835,-0.031705,9.819819,90.18499,89.026138,1,2,3,4
32.2414589,0.0024529,0.205185,9.861421,-0.060419,9.86374,90.35096,88.808029,1,2,3,4
32.2439117,0.0024528,0.224327,9.856635,-0.072383,9.859453,90.420639,88.696228,1,2,3,4
32.2463646,0.0024529,0.195613,9.830314,-0.038883,9.832336,90.226585,88.860023,1,2,3,4
32.2488174,0.0024528,0.214756,9.832706,-0.043669,9.835148,90.254402,88.748802,1,2,3,4
32.2512665,0.0024491,0.241077,9.856635,-0.055633,9.85974,90.323288,88.598923,1,2,3,4
32.2537193,0.0024528,0.231506,9.825528,-0.101097,9.828775,90.58934,88.650269,1,2,3,4
32.2561722,0.0024529,0.253041,9.847063,-0.110668,9.850936,90.643692,88.527985,1,2,3,4
32.258625,0.0024528,0.269791,9.851849,-0.072383,9.855808,90.420792,88.431358,1,2,3,4
32.2610779,0.0024529,0.272184,9.856635,-0.067597,9.860624,90.392784,88.418221,1,2,3,4
32.2635307,0.0024528,0.262612,9.825528,-0.105882,9.829607,90.617188,88.468987,1,2,3,4
32.2659798,0.0024491,0.269791,9.813564,-0.077169,9.817575,90.450363,88.42524,1,2,3,4
32.2684364,0.0024566,0.255434,9.827921,-0.091525,9.831666,90.533386,88.511185,1,2,3,4
32.2708855,0.0024491,0.281755,9.859028,-0.10349,9.863596,90.601166,88.363029,1,2,3,4
32.2733383,0.0024528,0.257827,9.81835,-0.055633,9.821892,90.324539,88.495781,1,2,3,4
32.2757912,0.0024529,0.248255,9.849456,-0.06999,9.852833,90.407005,88.556168,1,2,3,4
32.278244,0.0024528,0.241077,9.78485,-0.254237,9.791121,91.487915,88.588646,1,2,3,4
32.2806969,0.0024529,0.343968,9.892527,-0.211167,9.900757,91.222115,88.008598,1,2,3,4
32.2831459,0.002449,0.255434,9.84467,-0.036491,9.848051,90.212303,88.51371,1,2,3,4
32.2856026,0.0024567,0.241077,9.839885,-0.010169,9.842843,90.059196,88.596535,1,2,3,4
32.2880516,0.002449,0.35354,9.849456,-0.165703,9.857192,90.963211,87.94429,1,2,3,4
32.2905045,0.0024529,0.19322,9.815957,-0.323629,9.823191,91.887978,88.872314,1,2,3,4
32.2929573,0.0024528,0.291326,9.849456,-0.328415,9.859235,91.908897,88.305809,1,2,3,4
32.2954102,0.0024529,0.245863,9.839885,-0.18006,9.844603,91.048012,88.568687,1,2,3,4
32.297863,0.0024528,0.265005,9.813564,-0.091525,9.817569,90.534157,88.453163,1,2,3,4
32.3003159,0.0024529,0.291326,9.8016,-0.113061,9.80658,90.660583,88.297539,1,2,3,4
32.3027687,0.0024528,0.24347,9.859028,-0.192024,9.863903,91.115471,88.585365,1,2,3,4
32.3052216,0.0024529,0.20997,9.813564,-0.314058,9.820833,91.832558,88.774292,1,2,3,4
32.3076744,0.0024528,0.253041,9.849456,-0.337986,9.858501,91.964699,88.528343,1,2,3,4
32.3101273,0.0024529,0.233898,9.813564,-0.168096,9.817791,90.981041,88.634659,1,2,3,4
32.3125801,0.0024528,0.245863,9.827921,-0.000598,9.830996,90.003487,88.566948,1,2,3,4
32.315033,0.0024529,0.241077,9.847063,-0.074776,9.850298,90.434952,88.597557,1,2,3,4
32.3174858,0.0024528,0.24347,9.859028,-0.227916,9.864667,91.323898,88.585365,1,2,3,4
32.3199387,0.0024529,0.248255,9.84467,-0.235095,9.850606,91.367554,88.555466,1,2,3,4
32.3223877,0.002449,0.217149,9.866206,-0.182453,9.870282,91.059174,88.739159,1,2,3,4
32.3248444,0.0024567,0.267398,9.863813,-0.127418,9.868259,90.739815,88.447151,1,2,3,4
32.3272934,0.002449,0.255434,9.839885,-0.105882,9.843769,90.616302,88.512993,1,2,3,4
32.3297462,0.0024528,0.255434,9.84467,-0.132203,9.848871,90.769119,88.51371,1,2,3,4
32.3322029,0.0024567,0.236291,9.832706,-0.194417,9.837466,91.132408,88.623383,1,2,3,4
32.3346519,0.002449,0.296112,9.851849,-0.16331,9.857651,90.949257,88.278412,1,2,3,4
32.3371048,0.0024529,0.265005,9.837492,-0.136989,9.842014,90.797516,88.456924,1,2,3,4
32.3395576,0.0024528,0.221934,9.842278,-0.113061,9.845428,90.657974,88.708252,1,2,3,4
32.3420105,0.0024529,0.255434,9.835099,-0.077169,9.838718,90.449394,88.512268,1,2,3,4
32.3444595,0.002449,0.288933,9.832706,-0.101097,9.83747,90.588821,88.316849,1,2,3,4
32.3469124,0.0024529,0.22672,9.849456,-0.10349,9.852609,90.60183,88.681366,1,2,3,4
32.3493614,0.002449,0.250648,9.851849,-0.148953,9.856162,90.865929,88.54261,1,2,3,4
32.3518181,0.0024567,0.267398,9.839885,-0.074776,9.843801,90.435234,88.443375,1,2,3,4
32.3542671,0.002449,0.245863,9.859028,-0.029312,9.862137,90.170296,88.571465,1,2,3,4
32.35672,0.0024529,0.20997,9.847063,-0.093918,9.84975,90.546326,88.778458,1,2,3,4
32.3591728,0.0024528,0.22672,9.839885,-0.160917,9.843812,90.936661,88.680084,1,2,3,4
32.3616219,0.0024491,0.253041,9.849456,-0.175274,9.854265,91.01915,88.528343,1,2,3,4
32.3640747,0.0024528,0.221934,9.830314,-0.132203,9.833708,90.770302,88.70668,1,2,3,4
32.3665276,0.0024529,0.236291,9.832706,-0.120239,9.83628,90.700401,88.623383,1,2,3,4
32.3689804,0.0024528,0.207577,9.806385,-0.125025,9.809379,90.730278,88.787369,1,2,3,4
32.3714294,0.002449,0.219541,9.851849,-0.172881,9.85581,91.005081,88.723412,1,2,3,4
32.3738823,0.0024529,0.221934,9.823135,-0.18006,9.827292,91.049858,88.705734,1,2,3,4
32.3763351,0.0024528,0.22672,9.859028,-0.215952,9.863998,91.254478,88.682648,1,2,3,4
32.378788,0.0024529,0.207577,9.837492,-0.16331,9.841037,90.950859,88.791199,1,2,3,4
32.381237,0.002449,0.231506,9.842278,-0.259023,9.848407,91.507111,88.652565,1,2,3,4
32.3836899,0.0024529,0.22672,9.863813,-0.220738,9.868888,91.281647,88.683289,1,2,3,4
32.3861427,0.0024528,0.22672,9.873384,-0.201595,9.878044,91.169395,88.684563,1,2,3,4
32.3885918,0.0024491,0.260219,9.882956,-0.220738,9.888844,91.27906,88.491745,1,2,3,4
32.3910446,0.0024528,0.233898,9.856635,-0.223131,9.861935,91.296455,88.640625,1,2,3,4
32.3934975,0.0024529,0.217149,9.859028,-0.266202,9.865011,91.54628,88.738243,1,2,3,4
32.3959503,0.0024528,0.265005,9.854242,-0.160917,9.859118,90.935204,88.459549,1,2,3,4
32.3983994,0.0024491,0.22672,9.837492,-0.14656,9.841195,90.85331,88.679764,1,2,3,4
32.4008522,0.0024528,0.221934,9.856635,-0.141775,9.860152,90.82386,88.710136,1,2,3,4
32.4033051,0.0024529,0.20997,9.873384,-0.189631,9.877438,91.10006,88.781715,1,2,3,4
32.4057541,0.002449,0.229113,9.866206,-0.14656,9.869954,90.850822,88.669716,1,2,3,4
32.4082069,0.0024528,0.221934,9.827921,-0.117847,9.831133,90.686829,88.706367,1,2,3,4
32.4106598,0.0024529,0.255434,9.820743,-0.024526,9.824095,90.143044,88.510094,1,2,3,4
32.4131126,0.0024528,0.224327,9.835099,-0.098704,9.838153,90.574844,88.693375,1,2,3,4
32.4155617,0.0024491,0.241077,9.835099,-0.091525,9.838479,90.53302,88.595856,1,2,3,4
32.4180145,0.0024528,0.198006,9.830314,-0.038883,9.832385,90.226585,88.846085,1,2,3,4
32.4204674,0.0024529,0.22672,9.815957,-0.000598,9.818575,90.003494,88.676872,1,2,3,4
32.4229202,0.0024528,0.236291,9.827921,0.020937,9.830783,89.877975,88.622711,1,2,3,4
32.4253693,0.0024491,0.253041,9.811171,0.001795,9.814433,89.989525,88.522606,1,2,3,4
32.4278259,0.0024566,0.233898,9.835099,0.028116,9.837921,89.836258,88.63765,1,2,3,4
32.430275,0.0024491,0.257827,9.823135,-0.005384,9.82652,90.031395,88.496513,1,2,3,4
32.4327278,0.0024528,0.229113,9.830314,0.02333,9.833011,89.864059,88.664864,1,2,3,4
32.4351768,0.002449,0.241077,9.837492,0.02333,9.840473,89.864159,88.596191,1,2,3,4
32.4376335,0.0024567,0.22672,9.813564,0.013759,9.816193,89.919693,88.676544,1,2,3,4
32.4400826,0.0024491,0.238684,9.851849,-0.048455,9.854858,90.281715,88.612144,1,2,3,4
32.4425354,0.0024528,0.224327,9.832706,-0.084347,9.835627,90.491356,88.693062,1,2,3,4
32.4449883,0.0024529,0.233898,9.84467,-0.079561,9.84777,90.462906,88.638969,1,2,3,4
32.4474411,0.0024528,0.269791,9.854242,-0.050847,9.858066,90.295532,88.43174,1,2,3,4
32.4498901,0.002449,0.262612,9.854242,-0.093918,9.858189,90.54586,88.47345,1,2,3,4
32.452343,0.0024529,0.229113,9.835099,-0.122632,9.838531,90.71418,88.665512,1,2,3,4
32.4547958,0.0024528,0.219541,9.851849,-0.134596,9.855214,90.782532,88.723412,1,2,3,4
32.4572449,0.0024491,0.229113,9.823135,-0.158524,9.827085,90.924301,88.663887,1,2,3,4
32.4596977,0.0024528,0.238684,9.84467,-0.132203,9.848451,90.76915,88.611137,1,2,3,4
32.4621506,0.0024529,0.219541,9.861421,-0.098704,9.864358,90.573318,88.724655,1,2,3,4
32.4646034,0.0024528,0.195613,9.827921,-0.041276,9.829954,90.240585,88.859749,1,2,3,4
32.4670525,0.0024491,0.221934,9.832706,-0.127418,9.836036,90.742241,88.706993,1,2,3,4
32.4695053,0.0024528,0.248255,9.839885,-0.125025,9.84381,90.72773,88.554764,1,2,3,4
32.4719582,0.0024529,0.19322,9.830314,-0.117847,9.832918,90.686699,88.873962,1,2,3,4
32.4744072,0.002449,0.205185,9.813564,-0.048455,9.815828,90.282837,88.802223,1,2,3,4
32.47686,0.0024528,0.200399,9.832706,-0.072383,9.835014,90.421684,88.832428,1,2,3,4
32.4793091,0.0024491,0.257827,9.825528,-0.024526,9.82894,90.142975,88.49688,1,2,3,4
32.4817657,0.0024566,0.198006,9.849456,-0.014955,9.851458,90.086975,88.84832,1,2,3,4
32.4842148,0.0024491,0.233898,9.866206,-0.062812,9.869179,90.364655,88.641945,1,2,3,4
32.4866676,0.0024528,0.233898,9.839885,-0.050847,9.842796,90.29599,88.638313,1,2,3,4
32.4891205,0.0024529,0.245863,9.847063,-0.098704,9.850627,90.57412,88.569733,1,2,3,4
32.4915695,0.002449,0.19322,9.832706,-0.136989,9.835559,90.798035,88.874237,1,2,3,4
32.4940224,0.0024529,0.22672,9.839885,-0.139382,9.843483,90.811325,88.680084,1,2,3,4
32.4964714,0.002449,0.20997,9.825528,-0.182453,9.829465,91.063576,88.77578,1,2,3,4
32.4989243,0.0024529,0.212363,9.820743,-0.151346,9.824204,90.882698,88.76123,1,2,3,4
32.5013771,0.0024528,0.200399,9.84467,-0.244666,9.849749,91.423363,88.833847,1,2,3,4
32.50383,0.0024529,0.221934,9.811171,-0.25663,9.817036,91.497955,88.704155,1,2,3,4
32.5062828,0.0024528,0.217149,9.813564,-0.14656,9.81706,90.855408,88.732399,1,2,3,4
32.5087318,0.002449,0.236291,9.866206,-0.014955,9.869046,90.086823,88.628052,1,2,3,4
32.5111847,0.0024529,0.262612,9.815957,0.00658,9.819471,89.961601,88.467499,1,2,3,4
32.5136337,0.002449,0.214756,9.87817,-0.055633,9.880661,90.322609,88.754562,1,2,3,4
32.5160904,0.0024567,0.233898,9.870992,-0.175274,9.875319,91.016983,88.642601,1,2,3,4
32.5185394,0.002449,0.214756,9.873384,-0.156132,9.876954,90.905754,88.75396,1,2,3,4
32.5209923,0.0024529,0.178863,9.899706,-0.093918,9.901767,90.543457,88.96492,1,2,3,4
32.5234451,0.0024528,0.174078,9.839885,-0.055633,9.841582,90.323891,88.986481,1,2,3,4
32.5258942,0.0024491,0.265005,9.868599,-0.024526,9.872187,90.142349,88.461784,1,2,3,4
32.528347,0.0024528,0.200399,9.851849,-0.029312,9.85393,90.170433,88.834694,1,2,3,4
32.5307999,0.0024529,0.15015,9.849456,-0.062812,9.850801,90.365334,89.126625,1,2,3,4
32.5332527,0.0024528,0.236291,9.825528,-0.089133,9.828773,90.5196,88.622375,1,2,3,4
32.5357018,0.0024491,0.174078,9.842278,-0.038883,9.843894,90.226318,88.986732,1,2,3,4
32.5381546,0.0024528,0.229113,9.856635,-0.065204,9.859512,90.378922,88.668427,1,2,3,4
32.5406075,0.0024529,0.22672,9.820743,-0.019741,9.823379,90.115143,88.677513,1,2,3,4
32.5430603,0.0024528,0.229113,9.808778,0.025723,9.811487,89.849785,88.661934,1,2,3,4
32.5455093,0.002449,0.22672,9.830314,-0.000598,9.832928,90.003487,88.678802,1,2,3,4
32.5479622,0.0024529,0.231506,9.823135,-0.074776,9.826148,90.43602,88.64994,1,2,3,4
32.550415,0.0024528,0.241077,9.825528,-0.108275,9.829082,90.631172,88.594482,1,2,3,4
32.5528679,0.0024529,0.265005,9.842278,-0.091525,9.846271,90.5326,88.457672,1,2,3,4
32.5553169,0.002449,0.200399,9.837492,-0.065204,9.839748,90.379684,88.832993,1,2,3,4
32.5577698,0.0024529,0.272184,9.835099,-0.139382,9.839852,90.811623,88.414757,1,2,3,4
32.5602226,0.0024528,0.233898,9.863813,-0.19681,9.868549,91.142731,88.641609,1,2,3,4
32.5626755,0.0024529,0.24347,9.861421,-0.194417,9.866342,91.129089,88.585709,1,2,3,4
32.5651245,0.002449,0.248255,9.859028,-0.168096,9.863585,90.976486,88.557571,1,2,3,4
32.5675774,0.0024529,0.260219,9.830314,-0.165703,9.835154,90.96537,88.483673,1,2,3,4
32.5700302,0.0024528,0.253041,9.851849,-0.192024,9.856969,91.116249,88.528702,1,2,3,4
32.5724831,0.0024529,0.20997,9.808778,-0.177667,9.812634,91.037453,88.773697,1,2,3,4
32.5749359,0.0024528,0.296112,9.856635,-0.120239,9.861814,90.698593,88.279243,1,2,3,4
32.5773888,0.0024529,0.217149,9.84467,-0.148953,9.848191,90.866631,88.736404,1,2,3,4
32.5798378,0.002449,0.233898,9.84467,-0.189631,9.849275,91.103203,88.638969,1,2,3,4
32.5822906,0.0024528,0.291326,9.835099,-0.182453,9.841105,91.062317,88.303337,1,2,3,4
32.5847435,0.0024529,0.276969,9.847063,-0.189631,9.852782,91.102806,88.388863,1,2,3,4
32.5871964,0.0024529,0.224327,9.837492,-0.189631,9.841876,91.104034,88.693695,1,2,3,4
32.5896454,0.002449,0.224327,9.849456,-0.156132,9.853247,90.907928,88.695282,1,2,3,4
32.5920982,0.0024528,0.217149,9.81835,-0.189631,9.822581,91.106201,88.733017,1,2,3,4
32.5945511,0.0024529,0.174078,9.84467,-0.215952,9.848577,91.256439,88.986977,1,2,3,4
32.5970039,0.0024528,0.207577,9.887741,-0.125025,9.89071,90.724274,88.79734,1,2,3,4
32.599453,0.0024491,0.22672,9.868599,-0.151346,9.872363,90.878395,88.683922,1,2,3,4
32.6019058,0.0024528,0.205185,9.827921,-0.14656,9.831155,90.854179,88.80397,1,2,3,4
32.6043587,0.0024529,0.181256,9.849456,-0.203988,9.853235,91.186256,88.945724,1,2,3,4
32.6068115,0.0024528,0.224327,9.851849,-0.156132,9.855639,90.907707,88.695595,1,2,3,4
32.6092644,0.0024529,0.195613,9.820743,-0.172881,9.824211,91.008316,88.85891,1,2,3,4
32.6117134,0.002449,0.233898,9.842278,-0.153739,9.846257,90.894646,88.638641,1,2,3,4
32.6141663,0.0024529,0.248255,9.84467,-0.153739,9.849,90.894402,88.555466,1,2,3,4
32.6166191,0.0024528,0.224327,9.859028,-0.148953,9.862704,90.865349,88.696548,1,2,3,4
32.619072,0.0024529,0.231506,9.849456,-0.117847,9.85288,90.68531,88.653542,1,2,3,4
32.6215248,0.0024528,0.260219,9.868599,-0.105882,9.872597,90.614502,88.489548,1,2,3,4
32.6239738,0.002449,0.250648,9.863813,-0.093918,9.867445,90.545349,88.54438,1,2,3,4
32.6264267,0.0024529,0.253041,9.849456,-0.151346,9.853868,90.880043,88.528343,1,2,3,4
32.6288795,0.0024528,0.24347,9.832706,-0.129811,9.836577,90.756142,88.581573,1,2,3,4
32.6313324,0.0024529,0.236291,9.859028,-0.077169,9.862161,90.448326,88.627052,1,2,3,4
32.6337852,0.0024528,0.267398,9.815957,-0.084347,9.819961,90.492142,88.439583,1,2,3,4
32.6362343,0.0024491,0.221934,9.825528,-0.096311,9.828506,90.561462,88.706047,1,2,3,4
32.6386871,0.0024528,0.24347,9.827921,-0.153739,9.832138,90.895935,88.580887,1,2,3,4
32.64114,0.0024529,0.202792,9.851849,-0.177667,9.855536,91.032936,88.820786,1,2,3,4
32.6435928,0.0024528,0.221934,9.813564,-0.168096,9.817513,90.981071,88.704475,1,2,3,4
32.6460457,0.0024529,0.212363,9.813564,-0.136989,9.816818,90.799561,88.76033,1,2,3,4
32.6484947,0.002449,0.238684,9.803992,-0.129811,9.807756,90.758362,88.605377,1,2,3,4
32.6509514,0.0024567,0.241077,9.81835,-0.151346,9.822475,90.882858,88.59346,1,2,3,4
32.6534004,0.002449,0.186042,9.84467,-0.14656,9.847519,90.85276,88.917366,1,2,3,4
32.6558533,0.0024529,0.231506,9.835099,-0.156132,9.839063,90.909241,88.651581,1,2,3,4
32.6583061,0.0024528,0.207577,9.849456,-0.153739,9.852842,90.894051,88.792671,1,2,3,4
32.660759,0.0024529,0.205185,9.859028,-0.127418,9.861986,90.740288,88.807739,1,2,3,4
32.663208,0.002449,0.238684,9.87817,-0.18006,9.882693,91.043968,88.615845,1,2,3,4
32.6656609,0.0024529,0.198006,9.854242,-0.160917,9.857545,90.935356,88.848885,1,2,3,4
32.6681137,0.0024528,0.178863,9.830314,-0.139382,9.832929,90.812195,88.957611,1,2,3,4
32.6705627,0.002449,0.174078,9.825528,-0.141775,9.828093,90.826546,88.985001,1,2,3,4
32.6730156,0.0024529,0.147757,9.849456,-0.199202,9.852578,91.158501,89.140541,1,2,3,4
32.6754684,0.0024528,0.195613,9.847063,-0.187238,9.850785,91.089111,88.861961,1,2,3,4
32.6779213,0.0024529,0.229113,9.842278,-0.132203,9.845832,90.769356,88.666489,1,2,3,4
32.6803703,0.002449,0.22672,9.823135,-0.091525,9.826178,90.533684,88.677834,1,2,3,4
32.6828232,0.0024529,0.276969,9.851849,-0.110668,9.856362,90.643333,88.389641,1,2,3,4
32.685276,0.0024528,0.260219,9.847063,-0.105882,9.851069,90.615845,88.486252,1,2,3,4
32.6877251,0.0024491,0.298505,9.863813,-0.125025,9.869122,90.725861,88.266609,1,2,3,4
32.6901779,0.0024528,0.291326,9.868599,-0.110668,9.873518,90.64222,88.30909,1,2,3,4
32.692627,0.0024491,0.284148,9.847063,-0.105882,9.851731,90.615807,88.34713,1,2,3,4
32.6950836,0.0024566,0.279362,9.84467,-0.031705,9.848684,90.184448,88.374557,1,2,3,4
32.6975327,0.0024491,0.288933,9.851849,-0.084347,9.856445,90.490318,88.320122,1,2,3,4
32.6999855,0.0024528,0.250648,9.856635,-0.120239,9.860555,90.698677,88.54332,1,2,3,4
32.7024384,0.0024529,0.284148,9.837492,-0.115454,9.842272,90.672119,88.34552,1,2,3,4
32.7048874,0.002449,0.214756,9.808778,-0.06999,9.811378,90.40873,88.74575,1,2,3,4
32.7073402,0.0024528,0.245863,9.803992,-0.043669,9.807172,90.255127,88.563446,1,2,3,4
32.7097893,0.0024491,0.236291,9.854242,-0.048455,9.857194,90.281647,88.626389,1,2,3,4
32.7122421,0.0024528,0.202792,9.806385,-0.081954,9.808824,90.478722,88.815315,1,2,3,4
32.714695,0.0024529,0.219541,9.803992,-0.101097,9.806971,90.590652,88.717186,1,2,3,4
32.7171478,0.0024528,0.245863,9.825528,-0.058026,9.828774,90.338257,88.566597,1,2,3,4
32.7195969,0.0024491,0.255434,9.84467,-0.048455,9.848103,90.281906,88.51371,1,2,3,4
32.7220497,0.0024528,0.22672,9.854242,-0.055633,9.857007,90.32338,88.682007,1,2,3,4
32.7245026,0.0024529,0.241077,9.837492,-0.065204,9.840661,90.379646,88.596191,1,2,3,4
32.7269516,0.002449,0.22672,9.808778,-0.062812,9.811599,90.366798,88.675903,1,2,3,4
32.7294083,0.0024567,0.257827,9.859028,-0.036491,9.862466,90.21199,88.501984,1,2,3,4
32.7318573,0.002449,0.272184,9.887741,-0.007777,9.89149,90.045044,88.423195,1,2,3,4
32.7343102,0.0024529,0.250648,9.880563,0.028116,9.883781,89.837013,88.546844,1,2,3,4
32.7367592,0.002449,0.253041,9.866206,-0.06999,9.869699,90.406311,88.530846,1,2,3,4
32.739212,0.0024528,0.255434,9.868599,-0.105882,9.872472,90.61451,88.517319,1,2,3,4
32.7416649,0.0024529,0.253041,9.830314,-0.084347,9.833932,90.49144,88.525482,1,2,3,4
32.7441139,0.002449,0.284148,9.837492,0.00658,9.841597,89.961693,88.34552,1,2,3,4
32.7465668,0.0024529,0.262612,9.849456,-0.031705,9.853007,90.184364,88.47271,1,2,3,4
32.7490196,0.0024528,0.245863,9.820743,-0.089133,9.824224,90.519836,88.565895,1,2,3,4
32.7514687,0.0024491,0.253041,9.823135,-0.153739,9.827597,90.896347,88.524406,1,2,3,4
32.7539215,0.0024528,0.260219,9.849456,-0.136989,9.853845,90.796555,88.486618,1,2,3,4
32.7563744,0.0024529,0.291326,9.830314,-0.096311,9.835101,90.561081,88.302505,1,2,3,4
32.7588234,0.002449,0.276969,9.847063,-0.132203,9.851845,90.768883,88.388863,1,2,3,4
32.7612762,0.0024528,0.288933,9.835099,-0.139382,9.840329,90.811584,88.317261,1,2,3,4
32.7637253,0.0024491,0.305683,9.837492,-0.16331,9.843595,90.950607,88.220207,1,2,3,4
32.7661781,0.0024528,0.315254,9.854242,-0.211167,9.861546,91.226974,88.167633,1,2,3,4
32.768631,0.0024529,0.248255,9.832706,-0.206381,9.838005,91.202034,88.553711,1,2,3,4
32.77108,0.002449,0.276969,9.861421,-0.199202,9.86732,91.156769,88.391205,1,2,3,4
32.7735329,0.0024529,0.245863,9.868599,-0.242273,9.874634,91.405891,88.572853,1,2,3,4
32.7759857,0.0024528,0.217149,9.823135,-0.223131,9.828069,91.300919,88.733635,1,2,3,4
32.7784386,0.0024529,0.248255,9.863813,-0.170489,9.86841,90.989899,88.558266,1,2,3,4
32.7808876,0.002449,0.248255,9.823135,-0.168096,9.82771,90.980049,88.552299,1,2,3,4
32.7833405,0.0024529,0.212363,9.847063,-0.132203,9.85024,90.769012,88.764542,1,2,3,4
32.7857933,0.0024528,0.233898,9.825528,-0.132203,9.829201,90.770653,88.636322,1,2,3,4
32.7882462,0.0024529,0.205185,9.81835,-0.127418,9.821321,90.743355,88.802803,1,2,3,4
32.7906952,0.002449,0.260219,9.830314,-0.084347,9.834119,90.491432,88.483673,1,2,3,4
32.793148,0.0024528,0.245863,9.806385,-0.093918,9.809916,90.548546,88.563797,1,2,3,4
32.7956009,0.0024529,0.229113,9.789636,-0.10349,9.792863,90.605507,88.659317,1,2,3,4
32.7980537,0.0024528,0.267398,9.811171,-0.077169,9.815118,90.450478,88.43882,1,2,3,4
32.8005066,0.0024529,0.229113,9.837492,-0.041276,9.840246,90.240334,88.66584,1,2,3,4
32.8029594,0.0024528,0.233898,9.825528,-0.117847,9.829018,90.686974,88.636322,1,2,3,4
32.8054085,0.0024491,0.202792,9.837492,-0.16331,9.840937,90.950867,88.819061,1,2,3,4
32.8078613,0.0024528,0.238684,9.873384,0.008973,9.876273,89.947945,88.615173,1,2,3,4
32.8103142,0.0024529,0.188435,9.835099,0.05683,9.837069,89.668999,88.902382,1,2,3,4
32.812767,0.0024528,0.195613,9.863813,0.018544,9.86577,89.892303,88.863892,1,2,3,4
32.8152199,0.0024529,0.219541,9.863813,-0.117847,9.86696,90.684334,88.72496,1,2,3,4
32.8176727,0.0024528,0.186042,9.851849,-0.201595,9.855667,91.17205,88.918159,1,2,3,4
32.8201256,0.0024529,0.233898,9.851849,-0.156132,9.855862,90.907692,88.639961,1,2,3,4
32.8225746,0.002449,0.195613,9.842278,-0.077169,9.844523,90.449127,88.861404,1,2,3,4
32.8250275,0.0024529,0.217149,9.861421,-0.029312,9.863855,90.170265,88.738548,1,2,3,4
32.8274803,0.0024528,0.20997,9.811171,-0.014955,9.813429,90.087318,88.773994,1,2,3,4
32.8299332,0.0024529,0.241077,9.842278,-0.093918,9.845677,90.546555,88.596878,1,2,3,4
32.8323822,0.002449,0.183649,9.803992,-0.098704,9.806209,90.576721,88.926857,1,2,3,4
32.8348351,0.0024529,0.22672,9.820743,0.001795,9.823359,89.989532,88.677513,1,2,3,4
32.8372879,0.0024528,0.24347,9.851849,0.004187,9.854857,89.975655,88.584335,1,2,3,4
32.8397369,0.002449,0.250648,9.859028,0.011366,9.862221,89.933968,88.543671,1,2,3,4
32.8421898,0.0024529,0.267398,9.830314,-0.06999,9.834199,90.407776,88.441864,1,2,3,4
32.8446426,0.0024528,0.253041,9.832706,-0.110668,9.836584,90.64463,88.525841,1,2,3,4
32.8470917,0.0024491,0.250648,9.837492,-0.184846,9.842421,91.076103,88.540482,1,2,3,4
32.8495445,0.0024528,0.274576,9.847063,-0.141775,9.851911,90.824547,88.402771,1,2,3,4
32.8519974,0.0024529,0.265005,9.799207,-0.16331,9.80415,90.954437,88.450897,1,2,3,4
32.8544502,0.0024528,0.276969,9.84467,-0.242273,9.851545,91.409187,88.388474,1,2,3,4
32.8568993,0.0024491,0.296112,9.837492,-0.206381,9.844111,91.201286,88.275902,1,2,3,4
32.8593521,0.0024528,0.293719,9.825528,-0.25663,9.833266,91.495483,88.287743,1,2,3,4
32.861805,0.0024529,0.32004,9.863813,-0.10349,9.869547,90.6008,88.14164,1,2,3,4
32.864254,0.002449,0.286541,9.830314,-0.010169,9.834495,90.05925,88.330376,1,2,3,4
32.8667068,0.0024528,0.276969,9.849456,-0.034098,9.853408,90.198273,88.389252,1,2,3,4
32.8691597,0.0024529,0.260219,9.859028,-0.062812,9.862661,90.364899,88.488083,1,2,3,4
32.8716125,0.0024528,0.198006,9.837492,-0.134596,9.840405,90.783714,88.846924,1,2,3,4
32.8740616,0.0024491,0.224327,9.84467,-0.189631,9.849051,91.103226,88.694649,1,2,3,4
32.8765144,0.0024528,0.212363,9.859028,-0.232702,9.86406,91.351784,88.766045,1,2,3,4
32.8789673,0.0024529,0.219541,9.863813,-0.194417,9.868172,91.128883,88.72496,1,2,3,4
32.8814201,0.0024528,0.205185,9.81835,-0.122632,9.821259,90.715439,88.802803,1,2,3,4
32.8838692,0.0024491,0.221934,9.81835,-0.115454,9.821536,90.673538,88.705109,1,2,3,4
32.886322,0.0024528,0.176471,9.803992,-0.165703,9.80698,90.96814,88.968796,1,2,3,4
32.8887749,0.0024529,0.171685,9.825528,-0.247059,9.830132,91.440155,88.998955,1,2,3,4
32.8912239,0.002449,0.205185,9.811171,-0.227916,9.815963,91.330467,88.801926,1,2,3,4
32.8936768,0.0024529,0.255434,9.861421,-0.182453,9.866415,91.059593,88.516235,1,2,3,4
32.8961296,0.0024528,0.198006,9.823135,-0.23988,9.828058,91.398598,88.845238,1,2,3,4
32.8985825,0.0024529,0.178863,9.849456,-0.292523,9.855422,91.700867,88.959641,1,2,3,4
32.9010315,0.002449,0.241077,9.839885,-0.27338,9.846634,91.59095,88.596535,1,2,3,4
32.9034843,0.0024528,0.255434,9.837492,-0.299701,9.84537,91.7444,88.512627,1,2,3,4
32.9059372,0.0024529,0.257827,9.870992,-0.285344,9.87848,91.655243,88.503799,1,2,3,4
32.90839,0.0024528,0.245863,9.839885,-0.237488,9.84582,91.382149,88.568687,1,2,3,4
32.9108391,0.0024491,0.233898,9.849456,-0.14656,9.853323,90.852264,88.639633,1,2,3,4
32.9132919,0.0024528,0.248255,9.847063,-0.084347,9.850554,90.490608,88.555817,1,2,3,4
32.9157448,0.0024529,0.250648,9.856635,-0.08674,9.860203,90.504036,88.54332,1,2,3,4
32.9181938,0.002449,0.274576,9.868599,-0.098704,9.872911,90.572823,88.406258,1,2,3,4
32.9206505,0.0024567,0.22672,9.870992,-0.134596,9.874513,90.781006,88.684242,1,2,3,4
32.9230995,0.002449,0.200399,9.842278,-0.110668,9.844939,90.644081,88.833557,1,2,3,4
32.9255524,0.0024529,0.274576,9.847063,-0.079561,9.851213,90.462746,88.402771,1,2,3,4
32.9280014,0.002449,0.245863,9.839885,-0.019741,9.842976,90.114914,88.568687,1,2,3,4
32.9304581,0.0024567,0.24347,9.832706,0.016152,9.835733,89.905914,88.581573,1,2,3,4
32.9329071,0.002449,0.245863,9.859028,0.030508,9.862141,89.822754,88.571465,1,2,3,4
32.93536,0.0024529,0.22672,9.847063,0.044865,9.849775,89.739021,88.681046,1,2,3,4
32.9378128,0.0024528,0.284148,9.837492,0.042473,9.841686,89.752731,88.34552,1,2,3,4
32.9402657,0.0024529,0.231506,9.839885,0.013759,9.842618,89.919907,88.652237,1,2,3,4
32.9427147,0.002449,0.19322,9.856635,0.02333,9.858556,89.86441,88.876968,1,2,3,4
32.9451675,0.0024528,0.188435,9.815957,0.013759,9.817775,89.919708,88.900238,1,2,3,4
32.9476204,0.0024529,0.200399,9.823135,0.032901,9.825234,89.808136,88.831291,1,2,3,4
32.9500732,0.0024528,0.190828,9.847063,0.018544,9.848929,89.89212,88.889793,1,2,3,4
32.9525223,0.0024491,0.198006,9.84467,0.011366,9.846668,89.933861,88.847763,1,2,3,4
32.9549751,0.0024528,0.190828,9.835099,0.037687,9.837023,89.780495,88.888443,1,2,3,4
32.957428,0.0024529,0.19322,9.813564,0.008973,9.815471,89.947624,88.87204,1,2,3,4
32.959877,0.002449,0.212363,9.847063,-0.065204,9.849568,90.379303,88.764542,1,2,3,4
32.9623299,0.0024529,0.219541,9.827921,-0.122632,9.831138,90.714714,88.720306,1,2,3,4
32.9647827,0.0024528,0.202792,9.832706,-0.18006,9.836446,91.048882,88.818489,1,2,3,4
32.9672318,0.0024491,0.22672,9.827921,-0.16331,9.831892,90.951744,88.678482,1,2,3,4
32.9696846,0.0024528,0.241077,9.796814,-0.158524,9.801062,90.926758,88.59037,1,2,3,4
32.9721336,0.002449,0.255434,9.842278,-0.177667,9.847195,91.033813,88.513351,1,2,3,4
32.9745903,0.0024567,0.241077,9.830314,-0.23988,9.836195,91.397438,88.595169,1,2,3,4
32.9770393,0.002449,0.236291,9.849456,-0.230309,9.854981,91.339111,88.625725,1,2,3,4
32.9794922,0.0024529,0.255434,9.830314,-0.227916,9.836273,91.327721,88.511543,1,2,3,4
32.981945,0.0024528,0.250648,9.839885,-0.187238,9.844857,91.089767,88.54084,1,2,3,4
32.9843941,0.0024491,0.276969,9.808778,-0.227916,9.815334,91.330551,88.382576,1,2,3,4
32.9868469,0.0024528,0.248255,9.81835,-0.23988,9.824417,91.399117,88.551598,1,2,3,4
32.989296,0.0024491,0.205185,9.832706,-0.259023,9.838257,91.508667,88.80455,1,2,3,4
32.9917488,0.0024528,0.250648,9.832706,-0.268594,9.839567,91.564217,88.539772,1,2,3,4
32.9942017,0.0024529,0.188435,9.866206,-0.285344,9.87213,91.656311,88.905838,1,2,3,4
32.9966545,0.0024528,0.238684,9.859028,-0.270987,9.865639,91.573982,88.613159,1,2,3,4
32.9991074,0.0024529,0.250648,9.875777,-0.206381,9.881113,91.196793,88.546143,1,2,3,4
33.0015564,0.002449,0.19322,9.808778,-0.156132,9.811923,90.911751,88.87149,1,2,3,4
33.0040092,0.0024528,0.24347,9.837492,-0.105882,9.841074,90.61647,88.582268,1,2,3,4
33.0064583,0.0024491,0.241077,9.835099,-0.117847,9.838759,90.686295,88.595856,1,2,3,4
33.0089111,0.0024528,0.219541,9.842278,-0.105882,9.845295,90.616203,88.722176,1,2,3,4
33.011364,0.0024529,0.24347,9.87817,-0.089133,9.881572,90.516823,88.588104,1,2,3,4
33.0138168,0.0024528,0.190828,9.847063,-0.108275,9.849507,90.62986,88.889793,1,2,3,4
33.0162697,0.0024529,0.19322,9.839885,-0.084347,9.842143,90.491028,88.875061,1,2,3,4
33.0187187,0.002449,0.233898,9.851849,-0.08674,9.855006,90.504303,88.639961,1,2,3,4
33.0211716,0.0024529,0.233898,9.880563,-0.058026,9.883501,90.336388,88.643913,1,2,3,4
33.0236244,0.0024528,0.212363,9.851849,-0.029312,9.854181,90.170433,88.765144,1,2,3,4
33.0260773,0.0024529,0.171685,9.861421,-0.012562,9.862923,90.072975,89.002594,1,2,3,4
33.0285263,0.002449,0.183649,9.81835,-0.005384,9.820069,90.03141,88.928429,1,2,3,4
33.0309792,0.0024529,0.202792,9.820743,-0.007777,9.822839,90.045364,88.817047,1,2,3,4
33.033432,0.0024528,0.221934,9.830314,-0.010169,9.832825,90.059258,88.70668,1,2,3,4
33.035881,0.002449,0.260219,9.870992,0.00658,9.874423,89.961815,88.489914,1,2,3,4
33.0383339,0.0024529,0.207577,9.875777,0.011366,9.877965,89.934074,88.795883,1,2,3,4
33.0407829,0.002449,0.265005,9.880563,-0.036491,9.884184,90.211525,88.463646,1,2,3,4
33.0432396,0.0024567,0.253041,9.870992,-0.115454,9.874909,90.669899,88.531555,1,2,3,4
33.0456886,0.002449,0.212363,9.870992,-0.122632,9.874038,90.711609,88.76754,1,2,3,4
33.0481415,0.0024529,0.236291,9.866206,-0.110668,9.869656,90.642471,88.628052,1,2,3,4
33.0505905,0.002449,0.241077,9.863813,-0.136989,9.86771,90.795441,88.599937,1,2,3,4
33.0530434,0.0024529,0.24347,9.832706,-0.144168,9.836777,90.839752,88.581573,1,2,3,4
33.0554962,0.0024528,0.241077,9.842278,-0.153739,9.84643,90.89463,88.596878,1,2,3,4
33.0579491,0.0024529,0.219541,9.830314,-0.158524,9.834043,90.923645,88.720619,1,2,3,4
33.0604019,0.0024528,0.195613,9.746565,0.042473,9.74862,89.750374,88.850227,1,2,3,4
33.062851,0.0024491,-0.134596,10.002597,-2.335993,10.27263,103.144028,90.770935,1,2,3,4
33.0653038,0.0024528,0.894317,9.75135,1.183849,9.863576,83.106613,84.759941,1,2,3,4
33.0677528,0.002449,-0.333201,9.820743,0.549751,9.84176,86.797844,91.943199,1,2,3,4
33.0702095,0.0024567,0.475574,9.902099,-0.077169,9.913814,90.445992,87.250336,1,2,3,4
33.0726585,0.002449,0.343968,9.851849,-0.38345,9.865307,92.227562,88.000381,1,2,3,4
33.0751114,0.0024529,-0.110668,9.811171,-0.661017,9.834036,93.854172,90.646255,1,2,3,4
33.0775642,0.0024528,0.501895,9.902099,-0.357129,9.92124,92.062889,87.098412,1,2,3,4
33.0800133,0.0024491,0.159721,9.811171,0.19322,9.814373,88.871918,89.067337,1,2,3,4
33.0824661,0.0024528,0.229113,9.885348,0.075972,9.888295,89.559792,88.672295,1,2,3,4
33.0849152,0.0024491,0.382253,9.861421,-0.055633,9.868983,90.32299,87.780182,1,2,3,4
33.087368,0.0024528,0.114257,9.837492,-0.419342,9.847089,92.440704,89.334572,1,2,3,4
33.0898209,0.0024529,0.214756,9.866206,-0.541376,9.883382,93.14003,88.753052,1,2,3,4
33.0922737,0.0024528,0.231506,9.827921,-0.244666,9.833692,91.42569,88.650597,1,2,3,4
33.0947266,0.0024529,0.291326,9.866206,-0.012562,9.870515,90.072922,88.308678,1,2,3,4
33.0971756,0.002449,0.22672,9.820743,0.107079,9.823943,89.375473,88.677513,1,2,3,4
33.0996284,0.0024528,0.276969,9.866206,-0.024526,9.870124,90.142372,88.391983,1,2,3,4
33.1020813,0.0024529,0.188435,9.820743,-0.120239,9.823286,90.701332,88.90078,1,2,3,4
33.1045341,0.0024528,0.200399,9.851849,-0.208774,9.856098,91.213737,88.834694,1,2,3,4
33.1069832,0.0024491,0.221934,9.799207,-0.026919,9.801757,90.157356,88.702576,1,2,3,4
33.109436,0.0024528,0.171685,9.84467,-0.036491,9.846235,90.212341,89.0009,1,2,3,4
33.1118851,0.0024491,0.202792,9.830314,0.11665,9.833097,89.320282,88.818199,1,2,3,4
33.1143379,0.0024528,0.255434,9.815957,-0.067597,9.819512,90.394424,88.509369,1,2,3,4
33.1167908,0.0024529,0.171685,9.859028,-0.132203,9.861409,90.768135,89.00235,1,2,3,4
33.1192398,0.002449,0.276969,9.813564,-0.115454,9.818151,90.673767,88.383362,1,2,3,4
33.1216927,0.0024529,0.219541,9.856635,-0.010169,9.859085,90.059097,88.724037,1,2,3,4
33.1241455,0.0024528,0.198006,9.803992,-0.014955,9.806003,90.087379,88.842987,1,2,3,4
33.1265945,0.002449,0.262612,9.832706,-0.007777,9.836216,90.045296,88.470108,1,2,3,4
33.1290474,0.0024529,0.248255,9.81835,-0.012562,9.821496,90.073288,88.551598,1,2,3,4
33.1315002,0.0024528,0.183649,9.796814,-0.091525,9.798963,90.535172,88.926071,1,2,3,4
33.1339493,0.0024491,0.327219,9.847063,-0.060419,9.852683,90.351349,88.096756,1,2,3,4
33.1364021,0.0024528,0.219541,9.832706,-0.065204,9.835373,90.379852,88.720932,1,2,3,4
33.138855,0.0024529,0.231506,9.835099,-0.036491,9.837892,90.212524,88.651581,1,2,3,4
33.1413078,0.0024528,0.262612,9.854242,-0.108275,9.858335,90.629295,88.47345,1,2,3,4
33.1437569,0.0024491,0.202792,9.851849,-0.101097,9.854454,90.587807,88.820786,1,2,3,4
33.1462097,0.0024528,0.250648,9.823135,-0.127418,9.827159,90.742912,88.538353,1,2,3,4
33.1486626,0.0024529,0.260219,9.820743,-0.105882,9.824759,90.617493,88.482193,1,2,3,4
33.1511154,0.0024528,0.262612,9.835099,-0.05324,9.838749,90.310043,88.470474,1,2,3,4
33.1535645,0.0024491,0.24347,9.866206,-0.177667,9.870809,91.031334,88.586388,1,2,3,4
33.1560173,0.0024528,0.293719,9.825528,-0.108275,9.830514,90.631081,88.287743,1,2,3,4
33.1584702,0.0024529,0.291326,9.825528,-0.127418,9.830671,90.742645,88.301682,1,2,3,4
33.160923,0.0024528,0.238684,9.835099,-0.117847,9.838701,90.686295,88.609787,1,2,3,4
33.163372,0.002449,0.24347,9.835099,-0.125025,9.838907,90.728088,88.581924,1,2,3,4
33.1658249,0.0024529,0.231506,9.835099,-0.247059,9.840925,91.438576,88.651581,1,2,3,4
33.1682777,0.0024528,0.169292,9.823135,-0.23988,9.827522,91.398674,89.012657,1,2,3,4
33.1707268,0.0024491,0.233898,9.825528,-0.247059,9.831416,91.439964,88.636322,1,2,3,4
33.1731796,0.0024528,0.219541,9.837492,-0.230309,9.842636,91.340797,88.72155,1,2,3,4
33.1756325,0.0024529,0.236291,9.847063,-0.27338,9.853691,91.589813,88.625389,1,2,3,4
33.1780815,0.002449,0.20997,9.839885,-0.172881,9.843643,91.006325,88.777573,1,2,3,4
33.1805344,0.0024529,0.245863,9.830314,-0.058026,9.833559,90.338097,88.567291,1,2,3,4
33.1829834,0.002449,0.221934,9.832706,-0.06999,9.83546,90.407722,88.706993,1,2,3,4
33.1854362,0.0024528,0.231506,9.849456,-0.115454,9.852853,90.671394,88.653542,1,2,3,4
33.1878891,0.0024529,0.236291,9.84467,-0.18006,9.849152,91.047523,88.625053,1,2,3,4
33.1903381,0.002449,0.205185,9.849456,-0.206381,9.853754,91.200111,88.80658,1,2,3,4
33.192791,0.0024529,0.255434,9.856635,-0.115454,9.86062,90.670868,88.515518,1,2,3,4
33.1952438,0.0024528,0.233898,9.803992,-0.043669,9.806879,90.255135,88.633324,1,2,3,4
33.1976929,0.0024491,0.298505,9.823135,-0.017348,9.827684,90.101143,88.259438,1,2,3,4
33.2001457,0.0024528,0.281755,9.863813,-0.05324,9.86798,90.309128,88.363823,1,2,3,4
33.2025986,0.0024529,0.274576,9.832706,-0.079561,9.836862,90.463417,88.400444,1,2,3,4
33.2050514,0.0024528,0.291326,9.849456,-0.10349,9.854307,90.60173,88.305809,1,2,3,4
33.2075005,0.0024491,0.293719,9.84467,-0.213559,9.851366,91.242165,88.291069,1,2,3,4
33.2099533,0.0024528,0.286541,9.854242,-0.144168,9.859462,90.837822,88.334427,1,2,3,4
33.2124062,0.0024529,0.248255,9.84467,-0.048455,9.847919,90.281914,88.555466,1,2,3,4
33.2148552,0.002449,0.269791,9.84467,0.02333,9.848393,89.864273,88.430214,1,2,3,4
33.217308,0.0024528,0.305683,9.870992,0.049651,9.875849,89.711945,88.226242,1,2,3,4
33.2197609,0.0024529,0.262612,9.870992,0.035294,9.874547,89.795212,88.476036,1,2,3,4
33.2222137,0.0024528,0.248255,9.856635,0.037687,9.859833,89.780998,88.55722,1,2,3,4
33.2246628,0.0024491,0.24347,9.851849,-0.024526,9.854887,90.142593,88.584335,1,2,3,4
33.2271156,0.0024528,0.190828,9.839885,0.020937,9.841757,89.878113,88.888985,1,2,3,4
33.2295685,0.0024529,0.241077,9.842278,0.013759,9.84524,89.91993,88.596878,1,2,3,4
33.2320175,0.002449,0.181256,9.851849,-0.010169,9.853521,90.059135,88.945976,1,2,3,4
33.2344704,0.0024529,0.195613,9.842278,-0.05324,9.844365,90.309868,88.861404,1,2,3,4
33.2369232,0.0024528,0.250648,9.842278,-0.105882,9.846038,90.616158,88.541191,1,2,3,4
33.2393723,0.0024491,0.253041,9.837492,-0.120239,9.84148,90.700035,88.526558,1,2,3,4
33.2418251,0.0024528,0.221934,9.863813,-0.170489,9.867783,90.989967,88.711075,1,2,3,4
33.2442741,0.002449,0.241077,9.854242,-0.134596,9.85811,90.782303,88.598579,1,2,3,4
33.246727,0.0024529,0.255434,9.830314,-0.136989,9.834586,90.798119,88.511543,1,2,3,4
33.2491798,0.0024528,0.214756,9.796814,-0.14656,9.800263,90.856873,88.744225,1,2,3,4
33.2516327,0.0024529,0.255434,9.842278,-0.165703,9.846986,90.964203,88.513351,1,2,3,4
33.2540855,0.0024528,0.217149,9.849456,-0.215952,9.854217,91.255722,88.737015,1,2,3,4
33.2565346,0.0024491,0.233898,9.823135,-0.270987,9.829656,91.57975,88.635986,1,2,3,4
33.2589874,0.0024528,0.231506,9.830314,-0.29013,9.837318,91.690056,88.650925,1,2,3,4
33.2614365,0.0024491,0.231506,9.851849,-0.280558,9.858562,91.63076,88.65387,1,2,3,4
33.2638893,0.0024528,0.207577,9.81835,-0.261416,9.824022,91.524811,88.788849,1,2,3,4
33.2663422,0.0024529,0.195613,9.815957,-0.25663,9.821259,91.497314,88.858353,1,2,3,4
33.2687912,0.002449,0.20997,9.854242,-0.235095,9.859282,91.366348,88.77935,1,2,3,4
33.271244,0.0024528,0.219541,9.81835,-0.182453,9.822498,91.064331,88.719063,1,2,3,4
33.2736969,0.0024529,0.241077,9.847063,-0.170489,9.851489,90.9916,88.597557,1,2,3,4
33.2761497,0.0024528,0.236291,9.839885,-0.153739,9.843922,90.894859,88.624382,1,2,3,4
33.2785988,0.0024491,0.233898,9.832706,-0.153739,9.83669,90.895523,88.637314,1,2,3,4
33.2810516,0.0024528,0.229113,9.837492,-0.108275,9.840755,90.630424,88.66584,1,2,3,4
33.2835045,0.0024529,0.221934,9.839885,-0.127418,9.843212,90.741699,88.707939,1,2,3,4
33.2859535,0.002449,0.248255,9.808778,-0.120239,9.812655,90.702095,88.550179,1,2,3,4
33.2884064,0.0024529,0.214756,9.813564,-0.110668,9.816538,90.645943,88.746361,1,2,3,4
33.2908592,0.0024528,0.212363,9.823135,-0.091525,9.825857,90.533707,88.761536,1,2,3,4
33.2933083,0.0024491,0.195613,9.827921,-0.089133,9.830271,90.519516,88.859749,1,2,3,4
33.2957611,0.0024528,0.19322,9.839885,-0.065204,9.841997,90.379593,88.875061,1,2,3,4
33.2982101,0.002449,0.202792,9.832706,-0.046062,9.834905,90.268349,88.818489,1,2,3,4
33.3006668,0.0024567,0.20997,9.842278,-0.072383,9.844784,90.421265,88.777863,1,2,3,4
33.3031158,0.002449,0.217149,9.835099,-0.067597,9.837729,90.393692,88.735176,1,2,3,4
33.3055687,0.0024529,0.202792,9.813564,-0.089133,9.816064,90.520271,88.816185,1,2,3,4
33.3080215,0.0024528,0.212363,9.832706,-0.096311,9.835471,90.561066,88.762741,1,2,3,4
33.3104744,0.0024529,0.250648,9.870992,-0.089133,9.874576,90.517189,88.545433,1,2,3,4
33.3129234,0.002449,0.217149,9.842278,-0.151346,9.845837,90.88076,88.736099,1,2,3,4
33.3153763,0.0024529,0.212363,9.859028,-0.127418,9.862138,90.740273,88.766045,1,2,3,4
33.3178291,0.0024528,0.255434,9.832706,-0.136989,9.836978,90.79792,88.511909,1,2,3,4
33.3202782,0.0024491,0.245863,9.827921,-0.089133,9.8314,90.519455,88.566948,1,2,3,4
33.322731,0.0024528,0.265005,9.847063,-0.122632,9.851392,90.713249,88.45842,1,2,3,4
33.3251839,0.0024529,0.255434,9.856635,-0.136989,9.860896,90.79599,88.515518,1,2,3,4
33.3276367,0.0024528,0.269791,9.830314,-0.184846,9.835752,91.076836,88.427925,1,2,3,4
33.3300858,0.0024491,0.276969,9.832706,-0.182453,9.838299,91.062622,88.386513,1,2,3,4
33.3325386,0.0024528,0.253041,9.868599,-0.203988,9.87395,91.183769,88.531197,1,2,3,4
33.3349915,0.0024529,0.257827,9.847063,-0.184846,9.852172,91.075043,88.50016,1,2,3,4
33.3374405,0.002449,0.267398,9.84467,-0.19681,9.850267,91.144852,88.44413,1,2,3,4
33.3398933,0.0024528,0.279362,9.81835,-0.251845,9.825551,91.468742,88.370201,1,2,3,4
33.3423462,0.0024529,0.20997,9.842278,-0.223131,9.847046,91.298416,88.777863,1,2,3,4
33.344799,0.0024528,0.248255,9.832706,-0.213559,9.838158,91.243835,88.553711,1,2,3,4
33.3472519,0.0024529,0.296112,9.837492,-0.18006,9.843595,91.048119,88.275902,1,2,3,4
33.3497009,0.002449,0.279362,9.854242,-0.158524,9.859476,90.921265,88.376129,1,2,3,4
33.3521538,0.0024529,0.22672,9.839885,-0.14656,9.843587,90.853104,88.680084,1,2,3,4
33.3546066,0.0024528,0.255434,9.832706,-0.110668,9.836646,90.644623,88.511909,1,2,3,4
33.3570557,0.0024491,0.236291,9.823135,-0.034098,9.826035,90.198822,88.62204,1,2,3,4
33.3595085,0.0024528,0.236291,9.835099,-0.06999,9.838186,90.407616,88.623718,1,2,3,4
33.3619614,0.0024529,0.265005,9.847063,-0.029312,9.850673,90.170494,88.45842,1,2,3,4
33.3644142,0.0024528,0.24347,9.861421,-0.029312,9.86447,90.17025,88.585709,1,2,3,4
33.3668633,0.0024491,0.24347,9.84467,-0.022134,9.847706,90.128777,88.583298,1,2,3,4
33.3693161,0.0024528,0.198006,9.847063,-0.031705,9.849105,90.184441,88.848045,1,2,3,4
33.371769,0.0024529,0.205185,9.835099,0.00658,9.837242,89.961678,88.80484,1,2,3,4
33.374218,0.002449,0.221934,9.851849,0.044865,9.85445,89.739143,88.709503,1,2,3,4
33.3766708,0.0024528,0.241077,9.84467,-0.019741,9.847642,90.114853,88.597221,1,2,3,4
33.3791237,0.0024529,0.248255,9.84467,0.025723,9.847834,89.850342,88.555466,1,2,3,4
33.3815727,0.002449,0.286541,9.873384,-0.046062,9.877649,90.267181,88.337654,1,2,3,4
33.3840256,0.0024529,0.24347,9.873384,-0.031705,9.876437,90.183929,88.587418,1,2,3,4
33.3864784,0.0024528,0.200399,9.839885,-0.065204,9.842141,90.379585,88.833275,1,2,3,4
33.3889313,0.0024529,0.219541,9.830314,-0.117847,9.833471,90.686661,88.720619,1,2,3,4
33.3913803,0.002449,0.212363,9.847063,-0.151346,9.850515,90.880341,88.764542,1,2,3,4
33.3938332,0.0024529,0.188435,9.856635,-0.194417,9.860353,91.129776,88.904778,1,2,3,4
33.396286,0.0024528,0.231506,9.842278,-0.165703,9.846395,90.964264,88.652565,1,2,3,4
33.398735,0.002449,0.224327,9.861421,-0.134596,9.86489,90.781769,88.696861,1,2,3,4
33.4011879,0.0024529,0.212363,9.861421,-0.156132,9.864943,90.906853,88.766342,1,2,3,4
33.4036407,0.0024528,0.221934,9.854242,-0.125025,9.857534,90.726715,88.709816,1,2,3,4
33.4060898,0.0024491,0.238684,9.81835,-0.158524,9.82253,90.924728,88.607414,1,2,3,4
33.4085426,0.0024528,0.200399,9.847063,-0.117847,9.849807,90.685524,88.834129,1,2,3,4
33.4109955,0.0024529,0.22672,9.849456,-0.141775,9.853085,90.824448,88.681366,1,2,3,4
33.4134483,0.0024528,0.178863,9.847063,-0.108275,9.849282,90.629875,88.959389,1,2,3,4
33.4158974,0.0024491,0.231506,9.811171,-0.117847,9.81461,90.687981,88.648293,1,2,3,4
33.4183502,0.0024528,0.267398,9.835099,-0.125025,9.839528,90.728043,88.442619,1,2,3,4
33.4207993,0.0024491,0.219541,9.794421,-0.141775,9.797907,90.829094,88.715935,1,2,3,4
33.4232559,0.0024566,0.221934,9.847063,-0.175274,9.851124,91.019478,88.708878,1,2,3,4
33.425705,0.0024491,0.178863,9.825528,-0.208774,9.829373,91.217041,88.957108,1,2,3,4
33.4281578,0.0024528,0.162114,9.799207,-0.19681,9.802524,91.150429,89.052208,1,2,3,4
33.4306107,0.0024529,0.224327,9.815957,-0.19681,9.820493,91.148323,88.690826,1,2,3,4
33.4330635,0.0024528,0.181256,9.820743,-0.127418,9.823241,90.74321,88.942642,1,2,3,4
33.4355125,0.002449,0.217149,9.832706,-0.158524,9.836382,90.923424,88.734871,1,2,3,4
33.4379654,0.0024529,0.154935,9.835099,-0.19681,9.838288,91.146248,89.097481,1,2,3,4
33.4404182,0.0024528,0.214756,9.835099,-0.141775,9.838466,90.825676,88.749107,1,2,3,4
33.4428711,0.0024529,0.224327,9.835099,-0.156132,9.838896,90.909256,88.693375,1,2,3,4
33.4453201,0.002449,0.181256,9.820743,-0.117847,9.823122,90.687386,88.942642,1,2,3,4
33.447773,0.0024529,0.236291,9.854242,-0.098704,9.857569,90.573715,88.626389,1,2,3,4
33.4502258,0.0024528,0.169292,9.856635,-0.148953,9.859214,90.865662,89.016014,1,2,3,4
33.4526749,0.0024491,0.183649,9.839885,-0.148953,9.842726,90.867111,88.930771,1,2,3,4
33.4551277,0.0024528,0.183649,9.868599,-0.115454,9.870983,90.670166,88.933884,1,2,3,4
33.4575806,0.0024529,0.186042,9.854242,-0.081954,9.856339,90.47641,88.918419,1,2,3,4
33.4600296,0.002449,0.188435,9.825528,-0.074776,9.82762,90.435951,88.901314,1,2,3,4
33.4624825,0.0024529,0.231506,9.859028,-0.065204,9.861961,90.378822,88.654854,1,2,3,4
33.4649353,0.0024528,0.231506,9.854242,-0.010169,9.856967,90.059113,88.654198,1,2,3,4
33.4673882,0.0024529,0.176471,9.808778,0.032901,9.81042,89.807846,88.969299,1,2,3,4
33.4698372,0.002449,0.212363,9.81835,-0.08674,9.821029,90.506042,88.760933,1,2,3,4
33.4722862,0.002449,0.205185,9.832706,-0.129811,9.835704,90.756203,88.80455,1,2,3,4
33.4747391,0.0024529,0.257827,9.835099,-0.125025,9.839272,90.728065,88.498337,1,2,3,4
33.4771919,0.0024528,0.260219,9.849456,-0.127418,9.853716,90.740906,88.486618,1,2,3,4
33.4796448,0.0024529,0.260219,9.849456,-0.093918,9.85334,90.546127,88.486618,1,2,3,4
33.4820938,0.002449,0.224327,9.823135,-0.113061,9.826346,90.659256,88.691788,1,2,3,4
33.4845467,0.0024529,0.260219,9.839885,-0.148953,9.844452,90.866959,88.485146,1,2,3,4
33.4869995,0.0024528,0.229113,9.849456,-0.201595,9.854182,91.172226,88.667458,1,2,3,4
33.4894485,0.002449,0.233898,9.849456,-0.263809,9.855764,91.533813,88.639633,1,2,3,4
33.4919014,0.0024529,0.253041,9.81835,-0.148953,9.82274,90.868874,88.523682,1,2,3,4
33.4943542,0.0024528,0.248255,9.832706,-0.120239,9.836575,90.700386,88.553711,1,2,3,4
33.4968071,0.0024529,0.281755,9.863813,-0.136989,9.868788,90.795349,88.363823,1,2,3,4
33.4992561,0.002449,0.255434,9.837492,-0.16331,9.842162,90.950745,88.512627,1,2,3,4
33.501709,0.0024529,0.241077,9.868599,-0.192024,9.87341,91.114395,88.600616,1,2,3,4
33.5041618,0.0024528,0.229113,9.820743,-0.079561,9.823737,90.464035,88.663559,1,2,3,4
33.5066147,0.0024529,0.272184,9.854242,-0.127418,9.858824,90.740524,88.417839,1,2,3,4
33.5090675,0.0024528,0.272184,9.84467,-0.05324,9.848577,90.309738,88.416298,1,2,3,4
33.5115166,0.0024491,0.248255,9.832706,-0.000598,9.83584,90.003487,88.553711,1,2,3,4
33.5139694,0.0024528,0.253041,9.87817,-0.050847,9.881541,90.29483,88.532623,1,2,3,4
33.5164185,0.0024491,0.171685,9.813564,-0.019741,9.815085,90.115234,88.997734,1,2,3,4
33.5188713,0.0024528,0.365504,9.926026,-0.08674,9.933132,90.500336,87.891167,1,2,3,4
33.5213242,0.0024529,0.214756,9.863813,-0.024526,9.866181,90.142433,88.752747,1,2,3,4
33.523777,0.0024528,0.262612,9.868599,-0.153739,9.873289,90.892197,88.47567,1,2,3,4
33.5262299,0.0024529,0.265005,9.854242,0.025723,9.857839,89.850494,88.459549,1,2,3,4
33.5286789,0.002449,0.207577,9.868599,-0.007777,9.870785,90.045143,88.795013,1,2,3,4
33.5311317,0.0024528,0.22672,9.837492,-0.129811,9.840961,90.755798,88.679764,1,2,3,4
33.5335846,0.0024529,0.229113,9.863813,-0.19681,9.868437,91.142746,88.669395,1,2,3,4
33.5360374,0.0024528,0.245863,9.839885,-0.170489,9.844433,90.992317,88.568687,1,2,3,4
33.5384903,0.0024529,0.317647,9.856635,-0.005384,9.861753,90.031281,88.154182,1,2,3,4
33.5409393,0.002449,0.186042,9.789636,-0.031705,9.791455,90.185524,88.911285,1,2,3,4
33.5433922,0.0024529,0.200399,9.859028,-0.287737,9.865262,91.671364,88.835541,1,2,3,4
33.545845,0.0024528,0.238684,9.842278,-0.110668,9.845793,90.644028,88.610802,1,2,3,4
33.5482941,0.0024491,0.221934,9.823135,-0.084347,9.826004,90.491837,88.705734,1,2,3,4
33.5507469,0.0024528,0.272184,9.842278,-0.08674,9.846422,90.504738,88.415916,1,2,3,4
33.5531998,0.0024529,0.24347,9.866206,-0.10349,9.869753,90.600784,88.586388,1,2,3,4
33.5556526,0.0024528,0.224327,9.856635,-0.019741,9.859207,90.114723,88.696228,1,2,3,4
33.5581017,0.0024491,0.245863,9.875777,-0.017348,9.878852,90.100616,88.573883,1,2,3,4
33.5605545,0.0024528,0.241077,9.899706,0.044865,9.902742,89.740417,88.605011,1,2,3,4
33.5630074,0.0024529,0.257827,9.904491,-0.017348,9.907862,90.100319,88.508858,1,2,3,4
33.5654602,0.0024528,0.135793,9.811171,0.059222,9.812289,89.65419,89.207039,1,2,3,4
33.5679092,0.002449,0.245863,9.916455,-0.148953,9.920621,90.860298,88.579735,1,2,3,4
33.5703621,0.0024529,0.19322,9.811171,-0.194417,9.814999,91.134995,88.871765,1,2,3,4
33.5728149,0.0024528,0.178863,9.820743,-0.036491,9.822439,90.212852,88.956596,1,2,3,4
33.5752678,0.0024529,0.24347,9.854242,0.00658,9.857252,89.961754,88.584679,1,2,3,4
33.5777168,0.002449,0.19322,9.837492,0.020937,9.839411,89.878082,88.874786,1,2,3,4
33.5801697,0.0024529,0.24347,9.825528,-0.132203,9.829433,90.770638,88.580544,1,2,3,4
33.5826225,0.0024528,0.217149,9.825528,-0.249452,9.831093,91.453964,88.73394,1,2,3,4
33.5850716,0.0024491,0.200399,9.808778,-0.175274,9.81239,91.023506,88.829575,1,2,3,4
33.5875244,0.0024528,0.279362,9.792028,-0.115454,9.796693,90.675247,88.365822,1,2,3,4
33.5899773,0.0024529,0.327219,9.875777,-0.079561,9.881517,90.461327,88.102287,1,2,3,4
33.5924301,0.0024528,0.33679,9.863813,-0.227916,9.872192,91.322891,88.044456,1,2,3,4
33.594883,0.0024529,0.207577,9.739387,0.157328,9.742868,89.074745,88.77903,1,2,3,4
33.597332,0.002449,0.269791,9.897313,-0.010169,9.900995,90.058853,88.43856,1,2,3,4
33.5997849,0.0024529,0.073579,9.710672,-0.342772,9.716999,92.021553,89.565872,1,2,3,4
33.6022339,0.002449,0.229113,9.897313,-0.649053,9.921218,93.751007,88.673897,1,2,3,4
33.6046867,0.0024528,0.104686,9.815957,-0.448056,9.826735,92.613342,89.388969,1,2,3,4
33.6071396,0.0024529,0.272184,9.830314,0.035294,9.834145,89.794365,88.413986,1,2,3,4
33.6095924,0.0024528,0.248255,9.815957,0.0999,9.819604,89.417091,88.551239,1,2,3,4
33.6120415,0.0024491,0.262612,9.866206,-0.108275,9.870295,90.62854,88.475296,1,2,3,4
33.6144981,0.0024566,0.176471,9.815957,-0.388235,9.825216,92.264587,88.970055,1,2,3,4
33.6169472,0.0024491,0.207577,9.811171,-0.390628,9.821138,92.279495,88.787956,1,2,3,4
33.6194,0.0024528,0.20997,9.827921,-0.184846,9.831902,91.077255,88.776085,1,2,3,4
33.6218529,0.0024529,0.305683,9.830314,0.028116,9.835106,89.836205,88.218903,1,2,3,4
33.6243057,0.0024528,0.267398,9.832706,-0.000598,9.836342,90.003487,88.442238,1,2,3,4
33.6267548,0.0024491,0.188435,9.811171,-0.29013,9.817268,91.693512,88.899704,1,2,3,4
33.6292114,0.0024566,0.300897,9.815957,-0.16331,9.821925,90.952705,88.244209,1,2,3,4
33.6316605,0.0024491,0.152542,9.847063,-0.471984,9.859549,92.743843,89.112495,1,2,3,4
33.6341133,0.0024528,0.274576,9.803992,-0.285344,9.811986,91.666466,88.39576,1,2,3,4
33.6365623,0.002449,0.224327,9.861421,-0.122632,9.864735,90.71228,88.696861,1,2,3,4
33.6390152,0.0024529,0.265005,9.861421,0.107079,9.865562,89.378113,88.460663,1,2,3,4
33.641468,0.0024528,0.214756,9.84467,0.054437,9.847163,89.683258,88.75032,1,2,3,4
33.6439209,0.0024529,0.241077,9.87817,-0.227916,9.883739,91.321342,88.601974,1,2,3,4
33.6463737,0.0024528,0.183649,9.811171,-0.153739,9.814094,90.897583,88.927643,1,2,3,4
33.6488228,0.0024491,0.267398,9.868599,-0.10349,9.872764,90.600601,88.447906,1,2,3,4
33.6512756,0.0024528,0.248255,9.863813,0.018544,9.866955,89.892319,88.558266,1,2,3,4
33.6537247,0.0024491,0.24347,9.849456,0.001795,9.852465,89.989563,88.583984,1,2,3,4
33.6561775,0.0024528,0.238684,9.870992,-0.067597,9.874108,90.392242,88.614838,1,2,3,4
33.6586304,0.0024529,0.195613,9.859028,-0.096311,9.861439,90.559586,88.863342,1,2,3,4
33.6610794,0.002449,0.238684,9.84467,-0.029312,9.847607,90.170547,88.611137,1,2,3,4
33.6635323,0.0024529,0.272184,9.868599,-0.010169,9.872357,90.059021,88.420135,1,2,3,4
33.6659851,0.0024528,0.202792,9.837492,-0.077169,9.839885,90.449341,88.819061,1,2,3,4
33.6684341,0.002449,0.238684,9.863813,-0.160917,9.868012,90.934364,88.613831,1,2,3,4
33.670887,0.0024529,0.207577,9.870992,-0.113061,9.873821,90.656082,88.795303,1,2,3,4
33.673336,0.002449,0.245863,9.837492,-0.031705,9.840615,90.184601,88.568336,1,2,3,4
33.6757889,0.0024529,0.298505,9.870992,0.008973,9.875508,89.947937,88.267868,1,2,3,4
33.6782417,0.0024528,0.250648,9.815957,-0.019741,9.819177,90.115189,88.537285,1,2,3,4
33.6806908,0.0024491,0.245863,9.875777,-0.041276,9.878923,90.239395,88.573883,1,2,3,4
33.6831436,0.0024528,0.284148,9.84467,-0.141775,9.849791,90.824722,88.346725,1,2,3,4
33.6855965,0.0024529,0.255434,9.863813,-0.158524,9.868394,90.920433,88.516594,1,2,3,4
33.6880493,0.0024528,0.420539,9.839885,-0.330808,9.854422,91.923752,87.552773,1,2,3,4
33.6905022,0.0024529,-0.091525,9.942777,-1.27358,10.02443,97.299019,90.527405,1,2,3,4
33.692955,0.0024528,0.250648,9.713065,-0.862014,9.754462,95.069916,88.521797,1,2,3,4
33.6954041,0.0024491,0.205185,9.904491,-0.519841,9.920246,93.003792,88.81321,1,2,3,4
33.6978569,0.0024528,0.114257,9.811171,-0.148953,9.812966,90.869736,89.332787,1,2,3,4
33.7003098,0.0024529,0.30329,9.835099,-0.019741,9.839794,90.114944,88.233696,1,2,3,4
33.7027588,0.002449,0.238684,9.861421,0.05683,9.864472,89.669914,88.613495,1,2,3,4
33.7052116,0.0024528,0.24347,9.827921,0.020937,9.830958,89.877975,88.580887,1,2,3,4
33.7076645,0.0024529,0.164507,9.863813,-0.357129,9.871647,92.073257,89.044525,1,2,3,4
33.7101173,0.0024528,0.257827,9.760921,-0.919442,9.80752,95.379303,88.486931,1,2,3,4
33.7125702,0.0024529,0.080758,9.983455,-1.498505,10.095613,98.536034,89.536537,1,2,3,4
33.7150192,0.002449,-0.223131,9.882956,-1.417149,9.986536,98.15815,91.293365,1,2,3,4
33.7174721,0.0024529,0.087936,9.902099,-1.278365,9.984664,97.355934,89.491196,1,2,3,4
33.7199249,0.0024528,0.162114,9.830314,-1.015155,9.883921,95.895111,89.055206,1,2,3,4
33.722374,0.0024491,0.556929,10.057631,-0.799801,10.104742,94.539772,86.830551,1,2,3,4
33.7248268,0.0024528,2.341975,9.875777,-1.082154,10.207197,96.085861,76.659126,1,2,3,4
33.7272797,0.0024529,2.901896,9.492926,-1.453042,10.032346,98.327766,73.002113,1,2,3,4
33.7297325,0.0024528,3.019144,10.366306,-1.311865,10.876421,96.927628,73.762016,1,2,3,4
33.7321815,0.002449,2.205584,8.81815,-1.259223,9.1766,97.88707,75.957352,1,2,3,4
33.7346344,0.0024529,1.238884,5.645267,-1.35015,5.935215,103.148827,77.622353,1,2,3,4
33.7370872,0.0024528,-3.953541,7.088139,-2.589632,8.519296,107.696365,119.151405,1,2,3,4
33.7395363,0.0024491,-6.068797,1.457827,-9.557532,11.414989,146.853912,166.492523,1,2,3,4
33.7419891,0.0024528,-0.251845,0.175274,1.509273,1.540147,11.491559,145.163559,1,2,3,4
33.744442,0.0024529,3.162713,8.054839,6.010172,10.535908,55.218628,68.562668,1,2,3,4
33.746891,0.002449,0.954138,10.737193,14.176876,17.809591,37.247841,84.921867,1,2,3,4
33.7493439,0.0024529,2.097907,14.041681,6.134599,15.4662,66.631355,81.502541,1,2,3,4
33.7517929,0.002449,3.332604,11.593824,-2.491527,12.317903,101.669662,73.962891,1,2,3,4
33.7542458,0.0024529,3.28714,10.320843,-4.862814,11.873165,114.177414,72.333565,1,2,3,4
33.7566986,0.0024528,2.815754,11.981462,-4.793422,13.208361,111.2789,76.774948,1,2,3,4
33.7591476,0.002449,0.626321,11.356935,1.351347,11.454186,83.224556,86.843407,1,2,3,4
33.7616043,0.0024567,1.279562,11.199008,0.769891,11.298132,86.092659,83.481842,1,2,3,4
33.7640533,0.002449,2.753541,9.531211,-1.039083,9.975252,95.979126,73.886139,1,2,3,4
33.7665062,0.0024529,2.992823,9.356535,-0.002991,9.82353,90.017448,72.262375,1,2,3,4
33.768959,0.0024528,2.595614,10.619946,0.923031,10.971437,85.173981,76.265625,1,2,3,4
33.7714119,0.0024529,1.667199,11.057832,1.32024,11.260472,83.266838,81.426041,1,2,3,4
33.7738609,0.002449,2.078765,11.28515,-0.778266,11.501372,93.880013,79.562912,1,2,3,4
33.7763138,0.0024529,2.184049,10.586446,-1.24008,10.88029,96.544502,78.343071,1,2,3,4
33.7787666,0.0024528,1.853839,10.459626,0.499502,10.634378,87.3078,79.949402,1,2,3,4
33.7812195,0.0024529,1.308276,10.17488,1.724627,10.402601,80.456985,82.673164,1,2,3,4
33.7836685,0.002449,1.126421,9.679565,0.829711,9.780145,85.133392,83.362289,1,2,3,4
