Time (s),dt, X (m/s2), Y (m/s2), Z (m/s2), R (m/s2), Theta (deg), Phi (deg),1,2,3,4
0,0,-0.077169,9.836894,-0.113659,9.837853,90.661964,90.449463,1,2,3,4
0.0208346,0.0208346,-0.060419,9.850055,-0.08674,9.850621,90.504524,90.35144,1,2,3,4
0.0416701,0.0208355,-0.082552,9.829716,-0.140578,9.831067,90.819321,90.481171,1,2,3,4
0.0625043,0.0208342,-0.09332,9.848858,-0.092124,9.84973,90.535889,90.542877,1,2,3,4
0.0833392,0.0208349,-0.044865,9.837492,-0.043071,9.837688,90.250847,90.261307,1,2,3,4
0.1041743,0.0208351,-0.046062,9.839885,-0.079561,9.840314,90.463257,90.268204,1,2,3,4
0.1250097,0.0208354,-0.077767,9.84467,-0.039482,9.845057,90.229774,90.452591,1,2,3,4
0.1458453,0.0208356,-0.08674,9.839287,-0.038883,9.839746,90.226418,90.505089,1,2,3,4
0.1666799,0.0208346,-0.067597,9.826126,-0.108275,9.826956,90.63131,90.39415,1,2,3,4
0.1875148,0.0208349,-0.077767,9.830912,-0.101097,9.831739,90.589165,90.453224,1,2,3,4
0.208349,0.0208342,-0.089731,9.856036,-0.049651,9.856569,90.28862,90.521614,1,2,3,4
0.2291822,0.0208332,-0.081954,9.84826,-0.077767,9.848907,90.452408,90.476784,1,2,3,4
0.2500159,0.0208337,-0.071186,9.827323,-0.08674,9.827964,90.505692,90.415031,1,2,3,4
0.2708504,0.0208345,-0.072981,9.839287,-0.135793,9.840494,90.790672,90.424973,1,2,3,4
0.2916853,0.0208349,-0.060419,9.842278,-0.182453,9.844153,91.061989,90.351715,1,2,3,4
0.3125195,0.0208342,-0.065803,9.83809,-0.072981,9.838581,90.425018,90.383217,1,2,3,4
0.333353,0.0208335,-0.054437,9.824331,-0.114855,9.825153,90.6698,90.317474,1,2,3,4
0.3541887,0.0208357,-0.071186,9.835099,-0.120838,9.8361,90.703903,90.414703,1,2,3,4
0.3750254,0.0208367,-0.068794,9.84467,-0.011366,9.844917,90.066147,90.400368,1,2,3,4
0.3958617,0.0208363,-0.080758,9.843474,-0.000598,9.843806,90.003479,90.470055,1,2,3,4
0.4166968,0.0208351,-0.06999,9.840483,-0.12323,9.841503,90.717445,90.407509,1,2,3,4
0.4375313,0.0208345,-0.083151,9.848858,-0.126221,9.850018,90.73423,90.483719,1,2,3,4
0.4583656,0.0208343,-0.066401,9.843474,-0.048455,9.843818,90.282028,90.38649,1,2,3,4
0.4792003,0.0208347,-0.058624,9.856635,-0.047258,9.856922,90.274704,90.340775,1,2,3,4
0.5000349,0.0208346,-0.074178,9.833903,-0.135793,9.835121,90.7911,90.432175,1,2,3,4
0.5208672,0.0208323,-0.072981,9.827921,-0.165703,9.829589,90.965912,90.425461,1,2,3,4
0.5417005,0.0208333,-0.064606,9.837492,-0.087936,9.838098,90.512138,90.376274,1,2,3,4
0.5625345,0.020834,-0.065803,9.832706,-0.061615,9.83312,90.359024,90.38343,1,2,3,4
0.5833695,0.020835,-0.098704,9.841082,-0.104686,9.842134,90.609436,90.574646,1,2,3,4
0.6042045,0.020835,-0.080758,9.839287,-0.144168,9.840674,90.839424,90.470253,1,2,3,4
0.625039,0.0208345,-0.065803,9.851251,-0.099302,9.851971,90.577515,90.382706,1,2,3,4
0.6458732,0.0208342,-0.06999,9.845269,-0.075972,9.845812,90.442108,90.40731,1,2,3,4
0.6667076,0.0208344,-0.077767,9.839287,-0.066401,9.839818,90.386642,90.452843,1,2,3,4
0.6875435,0.0208359,-0.080758,9.834501,-0.068794,9.835073,90.400772,90.470482,1,2,3,4
0.7083781,0.0208346,-0.058624,9.84168,-0.087936,9.842247,90.511917,90.341293,1,2,3,4
0.7292107,0.0208326,-0.069392,9.839287,-0.089731,9.83994,90.522491,90.404076,1,2,3,4
0.7500446,0.0208339,-0.065803,9.834501,-0.059222,9.8349,90.345016,90.383362,1,2,3,4
0.770878,0.0208334,-0.075972,9.83809,-0.055633,9.838541,90.32399,90.442444,1,2,3,4
0.7917099,0.0208319,-0.067597,9.843474,-0.11665,9.844398,90.678932,90.393456,1,2,3,4
0.8125432,0.0208333,-0.077169,9.840483,-0.171685,9.842282,90.999496,90.449303,1,2,3,4
0.8333768,0.0208336,-0.062812,9.832706,-0.131007,9.833779,90.763329,90.366005,1,2,3,4
0.854211,0.0208342,-0.065803,9.824331,-0.059821,9.824734,90.348862,90.383759,1,2,3,4
0.8750448,0.0208338,-0.075374,9.839885,-0.093918,9.840622,90.546837,90.438881,1,2,3,4
0.8958821,0.0208373,-0.066999,9.84826,-0.150748,9.849642,90.876938,90.389786,1,2,3,4
0.9167224,0.0208403,-0.080758,9.841082,-0.089731,9.841822,90.522392,90.470169,1,2,3,4
0.937564,0.0208416,-0.072981,9.847662,-0.030508,9.84798,90.177498,90.424614,1,2,3,4
0.9584051,0.0208411,-0.068195,9.842875,-0.062812,9.843312,90.365616,90.396965,1,2,3,4
0.9792453,0.0208402,-0.06341,9.837492,-0.113061,9.838346,90.658447,90.369308,1,2,3,4
1.0000876,0.0208423,-0.061615,9.839287,-0.145364,9.840553,90.846397,90.358788,1,2,3,4
1.0209289,0.0208413,-0.078963,9.833903,-0.071785,9.834482,90.418221,90.46006,1,2,3,4
1.041769,0.0208401,-0.084347,9.828519,-0.018544,9.828898,90.108101,90.491692,1,2,3,4
1.062604,0.020835,-0.084347,9.849456,-0.083749,9.850173,90.487152,90.490646,1,2,3,4
1.0834397,0.0208357,-0.068794,9.852448,-0.127418,9.853512,90.740921,90.400055,1,2,3,4
1.1042744,0.0208347,-0.072981,9.846465,-0.11007,9.847351,90.640442,90.42466,1,2,3,4
1.1251104,0.020836,-0.086142,9.835099,-0.115454,9.836154,90.672539,90.501816,1,2,3,4
1.1459453,0.0208349,-0.067597,9.828519,-0.123829,9.829532,90.721809,90.394058,1,2,3,4
1.1667805,0.0208352,-0.064008,9.833304,-0.078365,9.833825,90.456589,90.372948,1,2,3,4
1.1876146,0.0208341,-0.064606,9.847662,-0.013161,9.847883,90.076569,90.375885,1,2,3,4
1.208447,0.0208324,-0.068794,9.834501,-0.052044,9.83488,90.3032,90.400787,1,2,3,4
1.2292808,0.0208338,-0.059821,9.832706,-0.110668,9.833511,90.644829,90.348572,1,2,3,4
1.2501161,0.0208353,-0.087338,9.833903,-0.136391,9.835238,90.794579,90.50885,1,2,3,4
1.2709516,0.0208355,-0.066401,9.836894,-0.091525,9.837543,90.533073,90.386749,1,2,3,4
1.2917875,0.0208359,-0.067597,9.859028,-0.061615,9.859452,90.358063,90.392838,1,2,3,4
1.3126236,0.0208361,-0.065803,9.855438,-0.090329,9.856071,90.525116,90.382545,1,2,3,4
1.3334588,0.0208352,-0.069392,9.842875,-0.159721,9.844416,90.929634,90.403923,1,2,3,4
1.3542939,0.0208351,-0.061615,9.833304,0.105284,9.834062,89.386574,90.359009,1,2,3,4
1.3751284,0.0208345,-0.092124,9.843474,-0.345165,9.849955,92.008186,90.536209,1,2,3,4
1.395965,0.0208366,-0.064606,9.854242,-0.150748,9.855607,90.876411,90.375633,1,2,3,4
1.4168001,0.0208351,-0.089731,9.826126,-0.093918,9.826984,90.547592,90.523201,1,2,3,4
1.4376359,0.0208358,-0.07657,9.830912,0.065204,9.831426,89.619995,90.446251,1,2,3,4
1.4584694,0.0208335,-0.06341,9.848858,0.153739,9.850262,89.105713,90.368881,1,2,3,4
1.4793044,0.020835,-0.08016,9.835697,-0.284148,9.840127,91.654724,90.466942,1,2,3,4
1.5001366,0.0208322,-0.051446,9.832108,-0.265005,9.835814,91.5439,90.299789,1,2,3,4
1.5209725,0.0208359,-0.084945,9.835697,0.016152,9.836077,89.905914,90.49482,1,2,3,4
1.5418075,0.020835,-0.074178,9.832108,0.004187,9.832389,89.975601,90.432259,1,2,3,4
1.5626414,0.0208339,-0.044267,9.852448,-0.154337,9.853756,90.897446,90.257431,1,2,3,4
1.5834761,0.0208347,-0.071186,9.850653,-0.150748,9.852063,90.876724,90.414047,1,2,3,4
1.6043111,0.020835,-0.085543,9.838689,-0.142971,9.840099,90.832504,90.498154,1,2,3,4
1.6251459,0.0208348,-0.084945,9.834501,-0.118445,9.835582,90.690002,90.494881,1,2,3,4
1.6459816,0.0208357,-0.065204,9.842875,-0.051446,9.843225,90.299461,90.379555,1,2,3,4
1.6668144,0.0208328,-0.062213,9.839885,-0.083151,9.840432,90.484146,90.362251,1,2,3,4
1.6876479,0.0208335,-0.077169,9.835697,-0.108873,9.836602,90.634171,90.449516,1,2,3,4
1.7084824,0.0208345,-0.078963,9.84467,-0.058624,9.845161,90.341179,90.459557,1,2,3,4
1.7293149,0.0208325,-0.054437,9.84467,-0.050249,9.844949,90.292442,90.316818,1,2,3,4
1.7501487,0.0208338,-0.05683,9.857233,-0.11665,9.858088,90.677994,90.330322,1,2,3,4
1.7709838,0.0208351,-0.055035,9.84826,-0.139382,9.8494,90.810837,90.320183,1,2,3,4
1.7918165,0.0208327,-0.071186,9.811171,-0.066401,9.811654,90.387756,90.41571,1,2,3,4
1.812651,0.0208345,-0.083151,9.830912,-0.071785,9.831525,90.41835,90.484604,1,2,3,4
1.8334855,0.0208345,-0.043669,9.857831,-0.126221,9.858736,90.733582,90.253815,1,2,3,4
1.8543199,0.0208344,-0.145364,9.817153,-0.176471,9.819816,91.029709,90.848328,1,2,3,4
1.875154,0.0208341,-0.077767,9.851251,-0.047258,9.851671,90.274849,90.452286,1,2,3,4
1.8959901,0.0208361,-0.058624,9.885348,-0.083749,9.885877,90.48539,90.339783,1,2,3,4
1.9168261,0.020836,-0.07657,9.843474,-0.072383,9.844038,90.421295,90.445686,1,2,3,4
1.937664,0.0208379,-0.096909,9.84168,-0.043071,9.842251,90.250732,90.564163,1,2,3,4
1.9585052,0.0208412,-0.071785,9.801002,-0.127418,9.802093,90.744812,90.41964,1,2,3,4
1.9793473,0.0208421,-0.032901,9.876974,-0.049053,9.877151,90.284546,90.190857,1,2,3,4
2.0001853,0.020838,-0.077169,9.821939,-0.064008,9.822451,90.373367,90.45015,1,2,3,4
2.0210218,0.0208365,-0.087338,9.824331,-0.122034,9.825478,90.711639,90.509346,1,2,3,4
2.0418558,0.020834,-0.077767,9.851849,-0.056231,9.852316,90.327011,90.452263,1,2,3,4
2.0626895,0.0208337,-0.08016,9.836894,-0.073579,9.837496,90.428543,90.466888,1,2,3,4
2.0835254,0.0208359,-0.074178,9.875179,-0.108873,9.876058,90.631638,90.430367,1,2,3,4
2.1043618,0.0208364,-0.062812,9.841082,-0.09332,9.841724,90.543289,90.365692,1,2,3,4
2.1251967,0.0208349,-0.07657,9.80818,-0.12323,9.809253,90.71981,90.447289,1,2,3,4
2.1460302,0.0208335,-0.049053,9.84826,-0.005384,9.848383,90.031319,90.285378,1,2,3,4
2.1668644,0.0208342,-0.056231,9.852448,-0.074178,9.852887,90.431358,90.327003,1,2,3,4
2.1876974,0.020833,-0.087338,9.823733,-0.14656,9.825214,90.854698,90.509377,1,2,3,4
2.2085311,0.0208337,-0.098704,9.804591,-0.102891,9.805628,90.601219,90.576782,1,2,3,4
2.2293651,0.020834,-0.075374,9.88475,-0.050249,9.885165,90.291252,90.43689,1,2,3,4
2.2501998,0.0208347,-0.06341,9.866206,-0.061615,9.866603,90.357803,90.368233,1,2,3,4
2.2710347,0.0208349,-0.066401,9.827921,-0.128614,9.828986,90.749748,90.387108,1,2,3,4
2.2918673,0.0208326,-0.05683,9.813564,-0.15015,9.814878,90.876556,90.331795,1,2,3,4
2.3127012,0.0208339,-0.102891,9.845269,-0.031705,9.845859,90.184502,90.59877,1,2,3,4
2.3335347,0.0208335,-0.042473,9.867402,-0.020339,9.867515,90.118095,90.24662,1,2,3,4
2.3543682,0.0208335,-0.08674,9.814162,-0.106481,9.815123,90.62159,90.506378,1,2,3,4
2.3752019,0.0208337,-0.096909,9.798011,-0.110668,9.799115,90.647095,90.566681,1,2,3,4
2.3960345,0.0208326,-0.057428,9.891929,-0.049651,9.89222,90.287582,90.332626,1,2,3,4
2.4168668,0.0208323,-0.088534,9.847662,-0.139382,9.849046,90.810867,90.515099,1,2,3,4
2.4376981,0.0208313,-0.073579,9.832108,-0.055035,9.832538,90.320702,90.428772,1,2,3,4
2.4585302,0.0208321,-0.031107,9.84467,-0.095713,9.845185,90.55703,90.181038,1,2,3,4
2.4793632,0.020833,-0.04008,9.855438,-0.183051,9.85722,91.064056,90.233009,1,2,3,4
2.5001979,0.0208347,-0.064008,9.832108,0.032901,9.832372,89.808273,90.372993,1,2,3,4
2.5210319,0.020834,-0.098704,9.828519,-0.135793,9.829952,90.791519,90.575378,1,2,3,4
2.541868,0.0208361,-0.093918,9.83151,-0.176471,9.833542,91.028275,90.547318,1,2,3,4
2.5627038,0.0208358,-0.072383,9.832706,-0.041874,9.833062,90.243996,90.421768,1,2,3,4
2.5835378,0.020834,-0.06341,9.829716,-0.072383,9.830187,90.42189,90.369598,1,2,3,4
2.6043718,0.020834,-0.039482,9.857233,-0.073579,9.857587,90.427673,90.229485,1,2,3,4
2.625206,0.0208342,-0.090927,9.839885,-0.041874,9.840394,90.243813,90.529434,1,2,3,4
2.646039,0.020833,-0.046062,9.839287,-0.120239,9.840129,90.700134,90.268227,1,2,3,4
2.6668711,0.0208321,-0.058026,9.857233,-0.086142,9.85778,90.500679,90.337273,1,2,3,4
2.6877048,0.0208337,-0.08674,9.834501,-0.047258,9.834997,90.275314,90.505333,1,2,3,4
2.7085388,0.020834,-0.092124,9.844072,-0.064008,9.844711,90.372528,90.536179,1,2,3,4
2.7293718,0.020833,-0.084945,9.835697,-0.087338,9.836452,90.508736,90.49482,1,2,3,4
2.7502065,0.0208347,-0.092124,9.853045,-0.153739,9.854675,90.893883,90.53569,1,2,3,4
2.7710407,0.0208342,-0.072981,9.834501,-0.172881,9.836291,91.007072,90.425179,1,2,3,4
2.7918735,0.0208328,-0.08674,9.816555,-0.030508,9.816986,90.178062,90.506256,1,2,3,4
2.8127103,0.0208368,-0.047258,9.881161,0.000598,9.881274,89.996529,90.274025,1,2,3,4
2.833545,0.0208347,-0.067597,9.841082,-0.102891,9.841852,90.599007,90.393555,1,2,3,4
2.8543811,0.0208361,-0.048455,9.854242,-0.058624,9.854536,90.340851,90.281731,1,2,3,4
2.8752184,0.0208373,-0.062213,9.837492,-0.083151,9.838039,90.484268,90.362343,1,2,3,4
2.8960528,0.0208344,-0.02991,9.84168,-0.073579,9.842,90.428352,90.174133,1,2,3,4
2.9168875,0.0208347,-0.088534,9.845867,-0.128016,9.847097,90.744888,90.51519,1,2,3,4
2.9377232,0.0208357,-0.07657,9.81835,-0.145364,9.819724,90.848198,90.446823,1,2,3,4
2.9585576,0.0208344,-0.106481,9.841082,-0.0335,9.841715,90.195023,90.619919,1,2,3,4
2.9793906,0.020833,-0.082552,9.83809,-0.044267,9.838536,90.257797,90.480766,1,2,3,4
3.0002234,0.0208328,-0.066401,9.875777,-0.147159,9.877096,90.853683,90.385231,1,2,3,4
3.0210569,0.0208335,-0.101097,9.824331,-0.171087,9.826342,90.997627,90.589577,1,2,3,4
3.0418894,0.0208325,-0.049053,9.835697,-0.061017,9.836008,90.355431,90.285744,1,2,3,4
3.062721,0.0208316,-0.058624,9.854242,-0.002991,9.854417,90.017387,90.340858,1,2,3,4
3.0835555,0.0208345,-0.046062,9.860224,0.007777,9.860334,89.954811,90.267654,1,2,3,4
3.1043906,0.0208351,-0.064008,9.830912,-0.101695,9.831646,90.592659,90.373039,1,2,3,4
3.1252248,0.0208342,-0.04666,9.832108,-0.189033,9.834036,91.101425,90.271904,1,2,3,4
3.1460607,0.0208359,-0.051446,9.850055,-0.068794,9.850429,90.400146,90.299248,1,2,3,4
3.1668959,0.0208352,-0.052642,9.82493,-0.082552,9.825418,90.4814,90.306992,1,2,3,4
3.1877291,0.0208332,-0.059821,9.839287,-0.08674,9.83985,90.505081,90.348343,1,2,3,4
3.2085621,0.020833,-0.047856,9.867402,0.022134,9.867543,89.871483,90.277878,1,2,3,4
3.2293937,0.0208316,-0.059222,9.844072,-0.061615,9.844443,90.358612,90.344688,1,2,3,4
3.2502253,0.0208316,-0.005982,9.832706,-0.117248,9.833407,90.683182,90.034859,1,2,3,4
3.2710588,0.0208335,0.019143,9.856635,-0.099302,9.857154,90.577217,89.888725,1,2,3,4
3.2918937,0.0208349,0.034696,9.822537,-0.153739,9.823802,90.896698,89.797615,1,2,3,4
3.3127284,0.0208347,-0.154337,9.80818,-0.05683,9.809559,90.331932,90.901505,1,2,3,4
3.3335602,0.0208318,-0.206381,9.844072,0.012562,9.846244,89.926903,91.201027,1,2,3,4
3.3543937,0.0208335,-0.142971,9.843474,-0.118445,9.845225,90.689323,90.83213,1,2,3,4
3.3752275,0.0208338,-0.180658,9.827921,-0.192622,9.831469,91.122635,91.053101,1,2,3,4
3.3960626,0.0208351,-0.165105,9.894321,-0.096311,9.896168,90.557617,90.955994,1,2,3,4
3.416898,0.0208354,-0.078963,9.858429,-0.15015,9.859888,90.872551,90.458916,1,2,3,4
3.4377327,0.0208347,-0.002393,9.862617,-0.09332,9.863058,90.542114,90.013901,1,2,3,4
3.4585671,0.0208344,0.010768,9.848858,-0.082552,9.84921,90.48024,89.937363,1,2,3,4
3.4793999,0.0208328,0.02333,9.851849,-0.021535,9.8519,90.125244,89.864319,1,2,3,4
3.5002327,0.0208328,-0.061017,9.816555,0.075374,9.817034,89.560089,90.356133,1,2,3,4
3.521066,0.0208333,-0.113061,9.765109,-0.165105,9.767159,90.968575,90.663345,1,2,3,4
3.5418975,0.0208315,-0.181855,9.728021,-0.236291,9.732589,91.391182,91.070953,1,2,3,4
3.5627315,0.020834,-0.165105,9.851849,-0.013161,9.853241,90.07653,90.960114,1,2,3,4
3.5835657,0.0208342,-0.13998,9.863214,-0.165703,9.8656,90.962387,90.813095,1,2,3,4
3.6044006,0.0208349,-0.148953,9.909277,-0.01675,9.910411,90.09684,90.861191,1,2,3,4
3.6252339,0.0208333,-0.096311,9.878768,-0.114855,9.879905,90.666084,90.558578,1,2,3,4
3.6460674,0.0208335,-0.01675,9.905089,-0.27996,9.90906,91.618988,90.096886,1,2,3,4
3.6668985,0.0208311,0.022732,9.877572,0.108275,9.878192,89.371964,89.868141,1,2,3,4
3.6877303,0.0208318,0.011964,9.836296,0.064008,9.836512,89.627167,89.930313,1,2,3,4
3.7085626,0.0208323,0.001795,9.803992,-0.18006,9.805646,91.052177,89.98951,1,2,3,4
3.7293954,0.0208328,-0.036491,9.805787,-0.067597,9.806088,90.394966,90.213219,1,2,3,4
3.7502286,0.0208332,-0.077767,9.80818,-0.043669,9.808585,90.255089,90.454277,1,2,3,4
3.7710621,0.0208335,-0.097508,9.819546,-0.021535,9.820053,90.125648,90.568924,1,2,3,4
3.791899,0.0208369,-0.107079,9.837492,-0.044865,9.838177,90.261292,90.623627,1,2,3,4
3.8127365,0.0208375,-0.111266,9.83809,-0.287139,9.842909,91.671677,90.647972,1,2,3,4
3.8335683,0.0208318,-0.081356,9.845269,-0.175872,9.847177,91.023369,90.47345,1,2,3,4
3.8543992,0.0208309,-0.078365,9.859626,-0.000598,9.859937,90.003479,90.455383,1,2,3,4
3.875232,0.0208328,-0.061017,9.872188,-0.129212,9.873221,90.749863,90.354126,1,2,3,4
3.8960662,0.0208342,-0.043071,9.857831,-0.236889,9.860771,91.376572,90.250336,1,2,3,4
3.9168994,0.0208332,-0.019143,9.862019,-0.098704,9.862531,90.573425,90.111214,1,2,3,4
3.9377315,0.0208321,-0.023928,9.843474,0.016152,9.843516,89.905991,90.139282,1,2,3,4
3.958565,0.0208335,-0.072981,9.81476,0.019741,9.815051,89.884766,90.426033,1,2,3,4
3.9794002,0.0208352,-0.108873,9.820743,-0.068794,9.821587,90.401321,90.635162,1,2,3,4
4.0002341,0.0208339,-0.111266,9.836296,-0.166899,9.838342,90.972023,90.648094,1,2,3,4
4.0210686,0.0208345,-0.128016,9.824331,-0.090927,9.825586,90.530228,90.746552,1,2,3,4
4.0419044,0.0208358,-0.106481,9.842875,0.017946,9.843468,89.895538,90.619804,1,2,3,4
4.0627398,0.0208354,-0.066401,9.87458,-0.071186,9.87506,90.413033,90.385277,1,2,3,4
4.0835733,0.0208335,-0.048455,9.84826,-0.187837,9.85017,91.092659,90.281898,1,2,3,4
4.1044073,0.020834,-0.034098,9.810573,-0.064008,9.810841,90.37381,90.199135,1,2,3,4
4.1252403,0.020833,-0.022134,9.80818,-0.024526,9.808235,90.143272,90.129295,1,2,3,4
4.1460738,0.0208335,-0.010169,9.845269,-0.106481,9.845851,90.619652,90.059181,1,2,3,4
4.1669068,0.020833,-0.04008,9.843474,-0.221934,9.846058,91.29158,90.233292,1,2,3,4
4.1877389,0.0208321,-0.08016,9.833903,-0.223131,9.836761,91.299774,90.467026,1,2,3,4
4.2085743,0.0208354,-0.106481,9.866804,-0.100499,9.86789,90.583534,90.618301,1,2,3,4
4.2294078,0.0208335,-0.125025,9.896116,0.025723,9.89694,89.851082,90.723824,1,2,3,4
4.2502413,0.0208335,-0.084347,9.902697,-0.032303,9.903109,90.186897,90.488007,1,2,3,4
4.2710752,0.0208339,-0.037687,9.884152,-0.136391,9.885165,90.790565,90.21846,1,2,3,4
4.2919111,0.0208359,-0.034098,9.823733,-0.119641,9.824521,90.697754,90.198868,1,2,3,4
4.3127456,0.0208345,-0.050249,9.765109,-0.014357,9.765249,90.084236,90.29483,1,2,3,4
4.3335781,0.0208325,-0.073579,9.731609,-0.039482,9.731968,90.232445,90.433197,1,2,3,4
4.354413,0.0208349,-0.068195,9.809377,-0.12682,9.810433,90.740685,90.398315,1,2,3,4
4.3752484,0.0208354,-0.120239,9.850653,-0.217747,9.853793,91.266212,90.699333,1,2,3,4
4.3960915,0.0208431,-0.095115,9.880563,-0.159721,9.882312,90.926071,90.551537,1,2,3,4
4.4169321,0.0208406,-0.097508,9.864411,-0.034098,9.864952,90.198044,90.566338,1,2,3,4
4.4377728,0.0208407,-0.058624,9.893126,0.00658,9.893301,89.961891,90.339516,1,2,3,4
4.458612,0.0208392,-0.075972,9.87159,-0.142373,9.872909,90.826263,90.440941,1,2,3,4
4.4794512,0.0208392,-0.056231,9.842875,-0.164507,9.84441,90.957497,90.327324,1,2,3,4
4.5002847,0.0208335,-0.04666,9.810573,-0.132203,9.811574,90.772041,90.272499,1,2,3,4
4.5211186,0.0208339,-0.058026,9.823135,0.017348,9.823321,89.898819,90.338448,1,2,3,4
4.5419526,0.020834,-0.065204,9.828519,-0.055035,9.828889,90.320816,90.380104,1,2,3,4
4.5627875,0.0208349,-0.085543,9.81835,-0.235693,9.82155,91.375092,90.499184,1,2,3,4
4.583621,0.0208335,-0.088534,9.83809,-0.184846,9.840224,91.076347,90.515602,1,2,3,4
4.6044536,0.0208326,-0.110668,9.853045,-0.05683,9.85383,90.330444,90.643509,1,2,3,4
4.6252866,0.020833,-0.089133,9.863813,-0.019143,9.864235,90.111191,90.517731,1,2,3,4
4.6461182,0.0208316,-0.066401,9.849456,-0.098704,9.850174,90.574142,90.386261,1,2,3,4
4.6669526,0.0208344,-0.046062,9.855438,-0.107677,9.856134,90.625961,90.267784,1,2,3,4
4.6877885,0.0208359,-0.054437,9.836296,-0.048455,9.836566,90.282242,90.317085,1,2,3,4
4.7086215,0.020833,-0.049651,9.835697,-0.070588,9.836076,90.411186,90.28923,1,2,3,4
4.7294545,0.020833,-0.058624,9.83151,-0.138186,9.832656,90.805244,90.341644,1,2,3,4
4.7502885,0.020834,-0.07657,9.832706,-0.183051,9.834708,91.06649,90.446175,1,2,3,4
4.7711229,0.0208344,-0.073579,9.842278,-0.073579,9.842828,90.428314,90.428329,1,2,3,4
4.7919569,0.020834,-0.079561,9.848858,-0.013759,9.849189,90.08004,90.462837,1,2,3,4
4.812789,0.0208321,-0.09332,9.835099,-0.12323,9.836313,90.717827,90.543633,1,2,3,4
4.8336215,0.0208325,-0.097508,9.852448,-0.160319,9.854235,90.93219,90.567024,1,2,3,4
4.854454,0.0208325,-0.081954,9.842875,-0.149551,9.844353,90.870445,90.477051,1,2,3,4
4.875288,0.020834,-0.068195,9.826126,-0.120239,9.827099,90.701057,90.397636,1,2,3,4
4.8961215,0.0208335,-0.045464,9.84826,-0.007178,9.848368,90.041763,90.264496,1,2,3,4
4.9169555,0.020834,-0.061017,9.850055,-0.057428,9.85041,90.334038,90.354919,1,2,3,4
4.937789,0.0208335,-0.047258,9.852448,-0.092722,9.852998,90.539192,90.274826,1,2,3,4
4.958622,0.020833,-0.081954,9.830314,-0.144766,9.831721,90.843674,90.477654,1,2,3,4
4.979454,0.020832,-0.085543,9.849456,-0.098704,9.850322,90.574135,90.497604,1,2,3,4
5.0002871,0.0208331,-0.080758,9.841082,-0.064008,9.841621,90.372643,90.470169,1,2,3,4
5.0211215,0.0208344,-0.066999,9.846465,-0.072383,9.846959,90.421173,90.389854,1,2,3,4
5.0419574,0.0208359,-0.084347,9.835099,-0.109472,9.83607,90.637695,90.491364,1,2,3,4
5.0627913,0.0208339,-0.071186,9.832108,-0.136391,9.833312,90.794731,90.414825,1,2,3,4
5.0836248,0.0208335,-0.069392,9.838689,-0.119043,9.839653,90.693199,90.404099,1,2,3,4
5.1044583,0.0208335,-0.06999,9.835099,-0.072383,9.835615,90.421661,90.40773,1,2,3,4
5.1252899,0.0208316,-0.055035,9.839287,-0.097508,9.839924,90.567772,90.320473,1,2,3,4
5.1461244,0.0208345,-0.058026,9.847063,-0.101097,9.847754,90.588203,90.337624,1,2,3,4
5.1669545,0.0208301,-0.066999,9.837492,-0.059222,9.837898,90.34491,90.390213,1,2,3,4
5.187789,0.0208345,-0.067597,9.842875,-0.104088,9.843657,90.605865,90.393478,1,2,3,4
5.2086225,0.0208335,-0.081356,9.839287,-0.074178,9.839903,90.431923,90.47374,1,2,3,4
5.2294574,0.0208349,-0.088534,9.833304,-0.078365,9.834015,90.456581,90.515854,1,2,3,4
5.2502894,0.020832,-0.070588,9.852448,-0.131007,9.853572,90.761795,90.410492,1,2,3,4
5.2711205,0.0208311,-0.082552,9.814162,-0.102891,9.815049,90.600647,90.481934,1,2,3,4
5.2919521,0.0208316,-0.052642,9.862617,-0.092722,9.863193,90.538635,90.305817,1,2,3,4
5.3127842,0.0208321,-0.055035,9.815358,-0.112463,9.816156,90.656448,90.321259,1,2,3,4
5.3336172,0.020833,-0.056231,9.860224,-0.09332,9.860826,90.542236,90.326744,1,2,3,4
5.3544493,0.0208321,-0.053839,9.842875,-0.097508,9.843506,90.567566,90.313393,1,2,3,4
5.3752832,0.0208339,-0.089133,9.817751,-0.12682,9.818974,90.740036,90.520157,1,2,3,4
5.3961163,0.0208331,-0.07657,9.829716,-0.029312,9.830058,90.170853,90.446304,1,2,3,4
5.4169497,0.0208334,-0.058624,9.849456,-0.102293,9.850162,90.595024,90.341019,1,2,3,4
5.4377837,0.020834,-0.05683,9.833903,-0.109472,9.834677,90.637787,90.331108,1,2,3,4
5.4586191,0.0208354,-0.05324,9.855438,-0.072981,9.855852,90.424271,90.309517,1,2,3,4
5.4794545,0.0208354,-0.061615,9.838689,-0.149551,9.840018,90.870834,90.35881,1,2,3,4
5.5002909,0.0208364,-0.052642,9.849456,-0.075972,9.84989,90.441925,90.306221,1,2,3,4
5.5211296,0.0208387,-0.087338,9.839287,-0.045464,9.83978,90.264732,90.508568,1,2,3,4
5.5419688,0.0208392,-0.06999,9.835099,-0.108275,9.835944,90.63073,90.40773,1,2,3,4
5.562809,0.0208402,-0.077767,9.844072,-0.107677,9.844969,90.626671,90.452621,1,2,3,4
5.5836492,0.0208402,-0.084945,9.842278,-0.107079,9.843226,90.623299,90.494484,1,2,3,4
5.6044869,0.0208377,-0.081356,9.833903,-0.128614,9.835081,90.749283,90.473999,1,2,3,4
5.6253228,0.0208359,-0.071186,9.846465,-0.077767,9.84703,90.452499,90.414223,1,2,3,4
5.6461592,0.0208364,-0.049053,9.83809,-0.093918,9.83866,90.546944,90.285675,1,2,3,4
5.666996,0.0208368,-0.047258,9.844072,-0.083749,9.844543,90.487427,90.275055,1,2,3,4
5.6878319,0.0208359,-0.081954,9.84467,-0.077169,9.845314,90.449097,90.476959,1,2,3,4
5.7086663,0.0208344,-0.072981,9.842875,-0.075374,9.843434,90.438736,90.42482,1,2,3,4
5.7295022,0.0208359,-0.065204,9.837492,-0.074776,9.837992,90.435493,90.379761,1,2,3,4
5.7503357,0.0208335,-0.058624,9.830912,-0.102891,9.831625,90.599632,90.341667,1,2,3,4
5.7711706,0.0208349,-0.059222,9.845269,-0.077169,9.84575,90.449074,90.34465,1,2,3,4
5.7920055,0.0208349,-0.069392,9.851849,-0.120838,9.852834,90.702705,90.403557,1,2,3,4
5.8128409,0.0208354,-0.066999,9.838689,-0.154935,9.840137,90.902176,90.390167,1,2,3,4
5.8336778,0.0208369,-0.068794,9.841082,-0.085543,9.841694,90.498016,90.40052,1,2,3,4
5.8545117,0.0208339,-0.068794,9.84168,-0.07657,9.842217,90.445755,90.40049,1,2,3,4
5.8753476,0.0208359,-0.070588,9.846465,-0.075972,9.847012,90.442055,90.410744,1,2,3,4
5.896183,0.0208354,-0.069392,9.833903,-0.082552,9.834495,90.480957,90.404297,1,2,3,4
5.9170165,0.0208335,-0.078365,9.84826,-0.132802,9.849467,90.772552,90.45591,1,2,3,4
5.9378524,0.0208359,-0.066401,9.838689,-0.099302,9.839414,90.578255,90.386681,1,2,3,4
5.9586859,0.0208335,-0.059222,9.841082,-0.056231,9.84142,90.327377,90.344795,1,2,3,4
5.9795208,0.0208349,-0.060419,9.823733,-0.080758,9.824251,90.470993,90.352379,1,2,3,4
6.0003557,0.0208349,-0.072981,9.812965,-0.108873,9.813841,90.635643,90.426109,1,2,3,4
6.0211887,0.020833,-0.071785,9.907482,-0.129212,9.908585,90.747185,90.415131,1,2,3,4
6.0420241,0.0208354,-0.06999,9.825528,-0.082552,9.826124,90.481369,90.408127,1,2,3,4
6.0628595,0.0208354,-0.087936,9.85484,-0.118445,9.855945,90.688576,90.511246,1,2,3,4
6.0836935,0.020834,-0.101695,9.92483,-0.068794,9.92559,90.397118,90.587059,1,2,3,4
6.1045275,0.020834,-0.050847,9.809975,-0.095713,9.810574,90.55899,90.296974,1,2,3,4
6.1253629,0.0208354,-0.060419,9.816555,-0.119641,9.81747,90.698257,90.352638,1,2,3,4
6.1461997,0.0208368,-0.061017,9.919446,-0.074776,9.919915,90.431892,90.35244,1,2,3,4
6.1670337,0.020834,-0.052044,9.9015,-0.105284,9.902196,90.609207,90.301155,1,2,3,4
6.187871,0.0208373,-0.054437,9.95175,-0.120838,9.952632,90.695663,90.313408,1,2,3,4
6.2087078,0.0208368,-0.065803,10.022936,-0.127418,10.023962,90.728325,90.376152,1,2,3,4
6.2295432,0.0208354,-0.088534,10.016356,-0.072383,10.017008,90.414024,90.506424,1,2,3,4
6.2503781,0.0208349,-0.045464,10.08156,-0.040678,10.081745,90.231178,90.258377,1,2,3,4
6.2712135,0.0208354,-0.092722,10.106087,-0.12682,10.107307,90.718925,90.525665,1,2,3,4
6.2920513,0.0208378,-0.084945,10.137193,-0.162712,10.138855,90.91954,90.480103,1,2,3,4
6.3128843,0.020833,-0.058026,10.121041,-0.119641,10.121915,90.677254,90.328484,1,2,3,4
6.3337193,0.020835,-0.079561,10.147961,-0.080758,10.148594,90.45594,90.449196,1,2,3,4
6.3545537,0.0208344,-0.069392,10.141979,-0.059222,10.142389,90.334557,90.392014,1,2,3,4
6.3753877,0.020834,-0.049053,10.131211,-0.102293,10.131846,90.578476,90.277412,1,2,3,4
6.3962226,0.0208349,-0.04666,10.097712,-0.100499,10.098319,90.570221,90.264755,1,2,3,4
6.4170566,0.020834,-0.083749,10.097114,-0.048455,10.097577,90.27494,90.47522,1,2,3,4
6.4378915,0.0208349,-0.070588,10.09831,-0.073579,10.098825,90.417458,90.400497,1,2,3,4
6.4587274,0.0208359,-0.06999,10.105488,-0.177069,10.107282,91.003815,90.39682,1,2,3,4
6.4795642,0.0208368,-0.092124,10.098908,-0.15673,10.100545,90.889091,90.522644,1,2,3,4
6.5003986,0.0208344,-0.084347,10.137193,-0.077169,10.137837,90.436134,90.476723,1,2,3,4
6.521234,0.0208354,-0.059821,10.135997,-0.075972,10.136458,90.429436,90.338142,1,2,3,4
6.542068,0.020834,-0.080758,10.185648,-0.117847,10.186649,90.662857,90.454262,1,2,3,4
6.5629034,0.0208354,-0.068195,10.177273,-0.136989,10.178424,90.771156,90.383919,1,2,3,4
6.5837379,0.0208345,-0.071785,10.225728,-0.126221,10.226759,90.707176,90.402206,1,2,3,4
6.6045704,0.0208325,-0.05324,10.254441,-0.005384,10.254581,90.030083,90.29747,1,2,3,4
6.6254048,0.0208344,-0.065803,10.256834,-0.071785,10.257297,90.400986,90.367577,1,2,3,4
6.6462398,0.020835,-0.060419,10.244272,-0.166301,10.2458,90.930016,90.337914,1,2,3,4
6.6670737,0.0208339,-0.081356,10.293923,-0.052642,10.294379,90.292992,90.45282,1,2,3,4
6.6879091,0.0208354,-0.068794,10.302896,-0.046062,10.303228,90.256149,90.382568,1,2,3,4
6.708746,0.0208369,-0.059821,10.296316,-0.12682,10.297271,90.705666,90.332878,1,2,3,4
6.7295828,0.0208368,-0.074178,10.297512,-0.157926,10.29899,90.878616,90.41272,1,2,3,4
6.7504182,0.0208354,-0.072981,10.317253,-0.12323,10.318247,90.684296,90.405289,1,2,3,4
6.7712522,0.020834,-0.07657,10.335199,-0.083151,10.335817,90.460945,90.424477,1,2,3,4
6.7920856,0.0208334,-0.084945,10.331012,-0.074776,10.331632,90.414688,90.471092,1,2,3,4
6.8129234,0.0208378,-0.070588,10.336994,-0.11665,10.337893,90.646523,90.391251,1,2,3,4
6.8337588,0.0208354,-0.050847,10.350154,-0.150748,10.351377,90.834435,90.281479,1,2,3,4
6.8545952,0.0208364,-0.06999,10.362119,-0.144168,10.363358,90.797081,90.386993,1,2,3,4
6.8754306,0.0208354,-0.074178,10.367502,-0.019143,10.367785,90.105789,90.409935,1,2,3,4
6.8962669,0.0208363,-0.073579,10.370493,-0.044865,10.370852,90.247871,90.406509,1,2,3,4
6.9171019,0.020835,-0.068195,10.397412,-0.123829,10.398374,90.68232,90.375793,1,2,3,4
6.9379382,0.0208363,-0.080758,10.414163,-0.129811,10.415285,90.714127,90.444298,1,2,3,4
6.9587746,0.0208364,-0.079561,10.423136,-0.090927,10.423837,90.499802,90.43734,1,2,3,4
6.9796085,0.0208339,-0.057428,10.426724,-0.014955,10.426893,90.082176,90.315567,1,2,3,4
7.000443,0.0208345,-0.066401,10.442876,-0.088534,10.443462,90.485733,90.364311,1,2,3,4
7.0212779,0.0208349,-0.062213,10.460224,-0.166899,10.46174,90.914093,90.340767,1,2,3,4
7.0421119,0.020834,-0.064008,10.444671,-0.156132,10.446033,90.856407,90.35112,1,2,3,4
7.0629487,0.0208368,-0.05683,10.473385,-0.034696,10.473597,90.189804,90.31089,1,2,3,4
7.0837855,0.0208368,-0.072981,10.472787,-0.066999,10.473255,90.366531,90.399269,1,2,3,4
7.1046233,0.0208378,-0.075972,10.457233,-0.151944,10.458613,90.832428,90.416245,1,2,3,4
7.1254597,0.0208364,-0.073579,10.463215,-0.121436,10.464178,90.664925,90.402908,1,2,3,4
7.1462951,0.0208354,-0.065204,10.451251,-0.065204,10.451657,90.357452,90.35746,1,2,3,4
7.1671314,0.0208363,-0.092124,10.41177,-0.064606,10.412377,90.355507,90.506943,1,2,3,4
7.1879649,0.0208335,-0.08016,10.417153,-0.110668,10.418049,90.60865,90.44088,1,2,3,4
7.2087994,0.0208345,-0.073579,10.417751,-0.143569,10.419001,90.789536,90.404663,1,2,3,4
7.2296329,0.0208335,-0.061615,10.398011,-0.074178,10.398458,90.408722,90.339516,1,2,3,4
7.2504692,0.0208363,-0.077767,10.377672,-0.068195,10.378188,90.376495,90.429344,1,2,3,4
7.2713051,0.0208359,-0.066999,10.404591,-0.096909,10.405257,90.53363,90.368942,1,2,3,4
7.29214,0.0208349,-0.059821,10.411171,-0.147159,10.412382,90.809792,90.329208,1,2,3,4
7.3129735,0.0208335,-0.06341,10.384252,-0.133998,10.385309,90.739288,90.349861,1,2,3,4
7.333806,0.0208325,-0.083151,10.417751,-0.01675,10.418097,90.092117,90.457306,1,2,3,4
7.35464,0.020834,-0.075972,10.409377,-0.067597,10.409874,90.372055,90.418159,1,2,3,4
7.3754735,0.0208335,-0.051446,10.406984,-0.160917,10.408356,90.885849,90.283234,1,2,3,4
7.3963056,0.0208321,-0.083749,10.436296,-0.138784,10.437554,90.761864,90.459778,1,2,3,4
7.417141,0.0208354,-0.077767,10.421939,-0.064606,10.422429,90.355164,90.427521,1,2,3,4
7.4379768,0.0208358,-0.065204,10.421341,-0.062812,10.421734,90.345322,90.358482,1,2,3,4
7.4588122,0.0208354,-0.077767,10.407582,-0.123829,10.408609,90.681648,90.428116,1,2,3,4
7.4796486,0.0208364,-0.078963,10.418948,-0.169292,10.420623,90.930862,90.434227,1,2,3,4
7.5004816,0.020833,-0.062812,10.420743,-0.068794,10.421159,90.378235,90.345352,1,2,3,4
7.5213137,0.0208321,-0.068195,10.414761,-0.026919,10.415019,90.148087,90.375168,1,2,3,4
7.5421495,0.0208358,-0.072383,10.408778,-0.114855,10.409664,90.632187,90.39843,1,2,3,4
7.5629835,0.020834,-0.078365,10.409377,-0.153739,10.410808,90.84613,90.431335,1,2,3,4
7.5838189,0.0208354,-0.06341,10.404591,-0.105882,10.405322,90.583038,90.349182,1,2,3,4
7.6046548,0.0208359,-0.07657,10.412966,-0.05324,10.413383,90.292938,90.42131,1,2,3,4
7.6254892,0.0208344,-0.055633,10.413564,-0.078963,10.414012,90.434441,90.306091,1,2,3,4
7.6463213,0.0208321,-0.077767,10.412368,-0.156132,10.413829,90.859055,90.427917,1,2,3,4
7.6671572,0.0208359,-0.075374,10.416555,-0.101695,10.417325,90.559334,90.414581,1,2,3,4
7.687993,0.0208358,-0.071785,10.403395,-0.043071,10.403731,90.237198,90.39534,1,2,3,4
7.7088284,0.0208354,-0.06999,10.420743,-0.065204,10.421182,90.358498,90.384819,1,2,3,4
7.7296638,0.0208354,-0.065204,10.420743,-0.137587,10.421855,90.756432,90.358505,1,2,3,4
7.7505012,0.0208374,-0.067597,10.410573,-0.162712,10.412064,90.895409,90.372025,1,2,3,4
7.7713366,0.0208354,-0.077767,10.422537,-0.102891,10.423335,90.56559,90.427498,1,2,3,4
7.7921715,0.0208349,-0.086142,10.412368,-0.045464,10.412824,90.25016,90.473999,1,2,3,4
7.8130121,0.0208406,-0.084347,10.413564,-0.071785,10.414152,90.394943,90.464073,1,2,3,4
7.8338561,0.020844,-0.074178,10.406984,-0.147159,10.408289,90.810112,90.408379,1,2,3,4
7.8546958,0.0208397,-0.060419,10.409975,-0.119641,10.410838,90.658455,90.332535,1,2,3,4
7.8755317,0.0208359,-0.069392,10.392627,-0.085543,10.39321,90.471588,90.382561,1,2,3,4
7.8963675,0.0208358,-0.073579,10.384851,-0.067597,10.385331,90.372932,90.405945,1,2,3,4
7.9172029,0.0208354,-0.074776,10.410573,-0.078963,10.41114,90.434563,90.41153,1,2,3,4
7.9380383,0.0208354,-0.073579,10.412368,-0.122632,10.41335,90.674759,90.404877,1,2,3,4
7.9588766,0.0208383,-0.08674,10.409377,-0.140578,10.410687,90.773705,90.477425,1,2,3,4
7.9797192,0.0208426,-0.072981,10.402797,-0.09332,10.403471,90.513954,90.401955,1,2,3,4
8.0005598,0.0208406,-0.071186,10.407582,-0.068794,10.408053,90.378708,90.391891,1,2,3,4
8.0214024,0.0208426,-0.071785,10.42493,-0.090927,10.425573,90.499718,90.394524,1,2,3,4
8.042244,0.0208416,-0.067597,10.417153,-0.125623,10.41813,90.690895,90.371788,1,2,3,4
8.0630817,0.0208377,-0.078365,10.411171,-0.155533,10.412627,90.855858,90.431259,1,2,3,4
8.0839167,0.020835,-0.075972,10.424332,-0.093918,10.425032,90.516182,90.417564,1,2,3,4
8.1047525,0.0208358,-0.083749,10.423136,-0.082552,10.423799,90.453766,90.460358,1,2,3,4
8.1255875,0.020835,-0.078365,10.407582,-0.070588,10.408116,90.388588,90.431404,1,2,3,4
8.1464224,0.0208349,-0.078365,10.41177,-0.113659,10.412685,90.62542,90.431236,1,2,3,4
8.1672583,0.0208359,-0.077767,10.406984,-0.099302,10.407748,90.546677,90.428139,1,2,3,4
8.1880941,0.0208358,-0.083151,10.4016,-0.06999,10.402167,90.385513,90.458015,1,2,3,4
8.20893,0.0208359,-0.07657,10.409377,-0.08016,10.409967,90.4412,90.421455,1,2,3,4
8.2297659,0.0208359,-0.074178,10.405787,-0.102891,10.406561,90.566505,90.408424,1,2,3,4
8.2505989,0.020833,-0.073579,10.409975,-0.12682,10.411008,90.697952,90.404968,1,2,3,4
8.2714338,0.0208349,-0.07657,10.423136,-0.095115,10.423851,90.522812,90.420898,1,2,3,4
8.2922697,0.0208359,-0.079561,10.444671,-0.097508,10.445429,90.534859,90.43644,1,2,3,4
8.3131065,0.0208368,-0.068794,10.449456,-0.073579,10.449942,90.403427,90.377197,1,2,3,4
8.3339434,0.0208369,-0.062213,10.460224,-0.0999,10.460886,90.54718,90.340767,1,2,3,4
8.3547783,0.0208349,-0.071186,10.462019,-0.080758,10.462573,90.442253,90.389847,1,2,3,4
8.3756123,0.020834,-0.064606,10.403993,-0.0999,10.404673,90.550133,90.355789,1,2,3,4
8.3964462,0.0208339,-0.061615,10.427921,-0.130409,10.428919,90.716476,90.338539,1,2,3,4
8.4172821,0.0208359,-0.07657,10.404591,-0.121436,10.405581,90.668671,90.421646,1,2,3,4
8.438118,0.0208359,-0.089731,10.386645,-0.114257,10.387661,90.630226,90.494972,1,2,3,4
8.4589548,0.0208368,-0.089133,10.407582,-0.044865,10.408061,90.246979,90.490677,1,2,3,4
8.4797916,0.0208368,-0.090329,10.385448,-0.088534,10.386218,90.488411,90.498329,1,2,3,4
8.5006285,0.0208369,-0.094516,10.387841,-0.128016,10.38906,90.706024,90.521309,1,2,3,4
8.5214643,0.0208358,-0.056231,10.367502,-0.104686,10.368183,90.578514,90.31076,1,2,3,4
8.5423012,0.0208369,-0.059821,10.379466,-0.075972,10.379916,90.419357,90.330215,1,2,3,4
8.563138,0.0208368,-0.061017,10.37827,-0.075374,10.378723,90.416107,90.336853,1,2,3,4
8.5839758,0.0208378,-0.039482,10.391431,-0.098704,10.391974,90.544212,90.21769,1,2,3,4
8.6048117,0.0208359,-0.054437,10.402198,-0.142373,10.403315,90.784134,90.299835,1,2,3,4
8.6256495,0.0208378,-0.074178,10.4351,-0.094516,10.435791,90.518936,90.40728,1,2,3,4
8.6464853,0.0208358,-0.080758,10.442876,-0.083749,10.443524,90.459473,90.443077,1,2,3,4
8.6673222,0.0208369,-0.081954,10.454242,-0.099302,10.455034,90.544205,90.44915,1,2,3,4
8.6881571,0.0208349,-0.083151,10.453046,-0.077767,10.453666,90.426239,90.455757,1,2,3,4
8.708992,0.0208349,-0.06341,10.434502,-0.125623,10.435451,90.689751,90.348175,1,2,3,4
8.729826,0.020834,-0.078365,10.427921,-0.143569,10.429204,90.788765,90.430565,1,2,3,4
8.7506618,0.0208358,-0.061017,10.421341,-0.090329,10.421911,90.496605,90.335464,1,2,3,4
8.7714977,0.0208359,-0.07657,10.399805,-0.077169,10.400373,90.425125,90.421844,1,2,3,4
8.7923326,0.0208349,-0.083749,10.404591,-0.098106,10.405391,90.540215,90.461174,1,2,3,4
8.8131685,0.0208359,-0.058624,10.390234,-0.099302,10.390874,90.547562,90.323273,1,2,3,4
8.8340025,0.020834,-0.043669,10.396814,-0.120239,10.397601,90.66259,90.240654,1,2,3,4
8.8548393,0.0208368,-0.047258,10.402198,-0.112463,10.402913,90.619415,90.2603,1,2,3,4
8.8756733,0.020834,-0.051446,10.393225,-0.068195,10.393576,90.375938,90.283607,1,2,3,4
8.8965044,0.0208311,-0.045464,10.380065,-0.095115,10.380601,90.524994,90.250946,1,2,3,4
8.9173403,0.0208359,-0.074776,10.386645,-0.102891,10.387424,90.567543,90.412476,1,2,3,4
8.9381742,0.0208339,-0.081356,10.374083,-0.078365,10.374698,90.432785,90.449318,1,2,3,4
8.9590092,0.020835,-0.114257,10.390832,-0.117847,10.392128,90.64975,90.629997,1,2,3,4
8.9798431,0.0208339,-0.0999,10.393225,-0.136391,10.3946,90.751816,90.550713,1,2,3,4
9.0006771,0.020834,-0.080758,10.381261,-0.135793,10.382463,90.749397,90.445709,1,2,3,4
9.0215111,0.020834,-0.06341,10.378868,-0.150748,10.380157,90.832115,90.350044,1,2,3,4
9.042347,0.0208359,-0.055633,10.368699,-0.116052,10.369497,90.641251,90.307419,1,2,3,4
9.0631809,0.0208339,-0.043669,10.362717,-0.105284,10.363343,90.582092,90.241447,1,2,3,4
9.0840149,0.020834,-0.053839,10.339985,-0.117248,10.34079,90.649658,90.298325,1,2,3,4
9.1048517,0.0208368,-0.065204,10.321441,-0.116052,10.322299,90.64418,90.361954,1,2,3,4
9.1256866,0.0208349,-0.074776,10.316655,-0.095713,10.31737,90.531532,90.415276,1,2,3,4
9.1465216,0.020835,-0.086142,10.287343,-0.113061,10.288325,90.629646,90.479759,1,2,3,4
9.1673555,0.0208339,-0.089731,10.273584,-0.038883,10.27405,90.216843,90.50042,1,2,3,4
9.1881895,0.020834,-0.081356,10.243075,-0.059821,10.243573,90.334602,90.455063,1,2,3,4
9.2090244,0.0208349,-0.064606,10.219148,-0.099302,10.219834,90.556732,90.362221,1,2,3,4
9.2298574,0.020833,-0.068794,10.180862,-0.0999,10.181585,90.562187,90.387154,1,2,3,4
9.2506914,0.020834,-0.055633,10.164711,-0.095115,10.165308,90.53611,90.313583,1,2,3,4
9.2715273,0.0208359,-0.05324,10.132407,-0.137587,10.133481,90.777954,90.301056,1,2,3,4
9.2923613,0.020834,-0.061017,10.097114,-0.131007,10.098148,90.74334,90.346237,1,2,3,4
9.3131981,0.0208368,-0.068794,10.067801,-0.125623,10.06882,90.714867,90.391495,1,2,3,4
9.334034,0.0208359,-0.068794,10.057034,-0.147159,10.058345,90.838295,90.391914,1,2,3,4
9.3548698,0.0208358,-0.087936,10.036695,-0.133998,10.037974,90.76487,90.501984,1,2,3,4
9.3757067,0.0208369,-0.083749,10.057034,-0.12323,10.058137,90.701996,90.477112,1,2,3,4
9.3965454,0.0208387,-0.083151,10.049855,-0.0999,10.050695,90.569511,90.474045,1,2,3,4
9.4173813,0.0208359,-0.065803,10.049257,-0.092722,10.049901,90.528625,90.375168,1,2,3,4
9.4382153,0.020834,-0.066999,10.053444,-0.109472,10.054263,90.623856,90.381828,1,2,3,4
9.4590483,0.020833,-0.070588,10.051051,-0.100499,10.051802,90.572853,90.402382,1,2,3,4
9.4798813,0.020833,-0.081954,10.046266,-0.091525,10.047017,90.521957,90.467392,1,2,3,4
9.5007133,0.020832,-0.068794,10.053444,-0.098106,10.054158,90.559082,90.392059,1,2,3,4
9.5215473,0.020834,-0.052642,10.019945,-0.097508,10.020557,90.557541,90.30101,1,2,3,4
9.5423841,0.0208368,-0.069392,10.025927,-0.116052,10.026838,90.663162,90.396553,1,2,3,4
9.5632191,0.020835,-0.080758,10.00499,-0.102293,10.005838,90.585762,90.462463,1,2,3,4
9.5840521,0.020833,-0.092124,9.977472,-0.142971,9.978922,90.820923,90.529007,1,2,3,4
9.604887,0.0208349,-0.072981,9.95175,-0.138186,9.952976,90.795509,90.420174,1,2,3,4
9.6257219,0.0208349,-0.062812,9.899706,-0.072383,9.900169,90.418907,90.363525,1,2,3,4
9.6465549,0.020833,-0.032303,9.885348,-0.028116,9.885441,90.162956,90.187225,1,2,3,4
9.6673889,0.020834,-0.049651,9.872787,-0.089133,9.873314,90.51725,90.288139,1,2,3,4
9.6882267,0.0208378,-0.058624,9.85484,-0.114855,9.855683,90.667725,90.340836,1,2,3,4
9.7090626,0.0208359,-0.081954,9.835099,-0.101097,9.83596,90.588913,90.477425,1,2,3,4
9.7298994,0.0208368,-0.07657,9.823135,-0.111266,9.824064,90.648941,90.446602,1,2,3,4
9.7507343,0.0208349,-0.074776,9.809377,-0.125025,9.810458,90.730202,90.436752,1,2,3,4
9.7715712,0.0208369,-0.064606,9.802198,-0.165105,9.803802,90.964958,90.377632,1,2,3,4
9.792408,0.0208368,-0.06341,9.790234,-0.211765,9.792728,91.239098,90.371094,1,2,3,4
9.8132458,0.0208378,-0.071186,9.799207,-0.186042,9.801231,91.087624,90.416222,1,2,3,4
9.8340816,0.0208358,-0.067597,9.81476,-0.102293,9.815526,90.597122,90.394608,1,2,3,4
9.8549185,0.0208369,-0.0999,9.834501,-0.117248,9.835708,90.683022,90.582001,1,2,3,4
9.8757534,0.0208349,-0.090927,9.830912,-0.100499,9.831846,90.58567,90.529922,1,2,3,4
9.8965902,0.0208368,-0.066401,9.833903,-0.081356,9.834464,90.473984,90.386871,1,2,3,4
9.9174242,0.020834,-0.059821,9.867402,-0.065204,9.867799,90.378601,90.347351,1,2,3,4
9.9382601,0.0208359,-0.055035,9.864411,0.022134,9.86459,89.871445,90.319656,1,2,3,4
9.959096,0.0208359,-0.054437,9.840483,-0.008375,9.840636,90.048759,90.316956,1,2,3,4
9.9799337,0.0208377,-0.057428,9.809377,-0.093918,9.809994,90.548546,90.335426,1,2,3,4
10.0007687,0.020835,-0.08016,9.805189,-0.101097,9.806038,90.590706,90.468391,1,2,3,4
10.0216064,0.0208377,-0.059821,9.781859,-0.109472,9.782655,90.641174,90.350388,1,2,3,4
10.0424414,0.020835,-0.077767,9.770494,-0.118445,9.771521,90.694527,90.456024,1,2,3,4
10.0632792,0.0208378,-0.092124,9.779466,-0.126221,9.780714,90.739433,90.539719,1,2,3,4
10.0841131,0.0208339,-0.098106,9.783653,-0.165703,9.785548,90.970261,90.574516,1,2,3,4
10.104948,0.0208349,-0.092722,9.779466,-0.251246,9.783132,91.471611,90.543221,1,2,3,4
10.1257858,0.0208378,-0.08674,9.790234,-0.197408,9.792607,91.155098,90.507614,1,2,3,4
10.1466169,0.0208311,-0.06999,9.803394,-0.154935,9.804868,90.905418,90.40905,1,2,3,4
10.1674528,0.0208359,-0.049053,9.833903,-0.094516,9.83448,90.550659,90.285797,1,2,3,4
10.1882868,0.020834,-0.04666,9.862019,-0.114257,9.86279,90.663765,90.27108,1,2,3,4
10.2091217,0.0208349,-0.040678,9.9015,-0.102293,9.902112,90.591904,90.235382,1,2,3,4
10.2299576,0.0208359,-0.066999,9.917053,-0.060419,9.917463,90.34906,90.387077,1,2,3,4
10.2507935,0.0208359,-0.081954,9.929018,0.009571,9.92936,89.944771,90.472908,1,2,3,4
10.2716293,0.0208358,-0.1334,9.911072,0.05324,9.912112,89.692253,90.771133,1,2,3,4
10.2924643,0.020835,-0.044267,9.932009,-0.072383,9.932371,90.417549,90.255363,1,2,3,4
10.313303,0.0208387,-0.086142,9.889536,-0.135194,9.890835,90.78318,90.499054,1,2,3,4
10.3341389,0.0208359,-0.090927,9.833903,-0.104686,9.834881,90.609886,90.529762,1,2,3,4
10.3549805,0.0208416,-0.090927,9.811171,-0.114855,9.812264,90.670677,90.530983,1,2,3,4
10.3758173,0.0208368,-0.09332,9.752547,-0.136989,9.753956,90.804718,90.548233,1,2,3,4
10.3966522,0.0208349,-0.066999,9.74477,-0.172283,9.746523,91.012833,90.393921,1,2,3,4
10.4174871,0.0208349,-0.04666,9.756136,-0.13998,9.757252,90.822006,90.274025,1,2,3,4
10.438324,0.0208369,-0.038883,9.7681,-0.022134,9.768202,90.129829,90.228073,1,2,3,4
10.4591599,0.0208359,-0.059222,9.780065,-0.11665,9.78094,90.683342,90.346947,1,2,3,4
10.4799957,0.0208358,-0.049053,9.77827,-0.221934,9.780911,91.300186,90.287422,1,2,3,4
10.5008354,0.0208397,-0.059222,9.818948,-0.137587,9.82009,90.802788,90.345573,1,2,3,4
10.5216722,0.0208368,-0.08674,9.852448,-0.047856,9.852945,90.27829,90.50441,1,2,3,4
10.54251,0.0208378,-0.151346,9.873982,-0.039482,9.875221,90.229073,90.878151,1,2,3,4
10.5633478,0.0208378,-0.094516,9.904491,-0.105882,9.905508,90.612457,90.546745,1,2,3,4
10.5841846,0.0208368,-0.061615,9.92483,-0.123829,9.925795,90.714806,90.355698,1,2,3,4
10.6050234,0.0208388,-0.057428,9.909875,-0.077169,9.910342,90.446144,90.332024,1,2,3,4
10.6258612,0.0208378,-0.043669,9.917651,-0.053839,9.917893,90.311028,90.252281,1,2,3,4
10.646698,0.0208368,-0.02333,9.914063,-0.087936,9.91448,90.508186,90.134827,1,2,3,4
10.6675348,0.0208368,-0.017348,9.893723,-0.11665,9.894426,90.675507,90.100464,1,2,3,4
10.6883726,0.0208378,-0.064008,9.867402,-0.062812,9.867809,90.364708,90.371658,1,2,3,4
10.7092104,0.0208378,-0.114855,9.830912,-0.028116,9.831623,90.163849,90.669365,1,2,3,4
10.7300472,0.0208368,-0.115454,9.800404,-0.096311,9.801557,90.563004,90.674942,1,2,3,4
10.750886,0.0208388,-0.101097,9.747163,-0.166899,9.749116,90.980919,90.594246,1,2,3,4
10.7717209,0.0208349,-0.090329,9.713065,-0.130409,9.71436,90.76918,90.532822,1,2,3,4
10.7925596,0.0208387,-0.100499,9.699306,-0.125025,9.700633,90.738464,90.593643,1,2,3,4
10.8133955,0.0208359,-0.071186,9.731609,-0.136989,9.732834,90.806465,90.419113,1,2,3,4
10.8342323,0.0208368,-0.050847,9.770494,-0.138784,9.771611,90.813782,90.298172,1,2,3,4
10.8550682,0.0208359,-0.035294,9.826126,-0.148355,9.82731,90.864983,90.205795,1,2,3,4
10.875905,0.0208368,-0.066401,9.824331,-0.050847,9.824687,90.296532,90.387245,1,2,3,4
10.8967419,0.0208369,-0.101097,9.88176,-0.014955,9.882288,90.086708,90.586151,1,2,3,4
10.9175797,0.0208378,-0.090329,9.906285,-0.131007,9.907563,90.757637,90.52243,1,2,3,4
10.9384174,0.0208377,-0.105284,9.926026,-0.159123,9.92786,90.918373,90.607704,1,2,3,4
10.9592581,0.0208407,-0.087338,9.94816,-0.031107,9.948592,90.179146,90.503006,1,2,3,4
10.9800968,0.0208387,-0.104686,9.95175,-0.018544,9.952317,90.106758,90.602692,1,2,3,4
11.0009336,0.0208368,-0.100499,9.920045,-0.071186,9.920809,90.411125,90.580437,1,2,3,4
11.0217705,0.0208369,-0.077767,9.887143,-0.152542,9.888626,90.883881,90.450645,1,2,3,4
11.0426054,0.0208349,-0.060419,9.832108,-0.145364,9.833368,90.847015,90.352081,1,2,3,4
11.0634441,0.0208387,-0.06341,9.793823,-0.091525,9.794456,90.535416,90.370956,1,2,3,4
11.084281,0.0208369,-0.038285,9.754341,-0.110668,9.755044,90.650017,90.224884,1,2,3,4
11.1051159,0.0208349,-0.034098,9.746565,-0.202792,9.748734,91.191948,90.200447,1,2,3,4
11.1259518,0.0208359,-0.057428,9.747163,-0.17348,9.748876,91.019623,90.33757,1,2,3,4
11.1467876,0.0208358,-0.116052,9.732806,-0.148953,9.734637,90.87674,90.683151,1,2,3,4
11.1676216,0.020834,-0.125623,9.774082,-0.102293,9.775425,90.599571,90.736366,1,2,3,4
11.1884584,0.0208368,-0.111864,9.804591,-0.059222,9.805408,90.346054,90.653679,1,2,3,4
11.2092953,0.0208369,-0.090927,9.827921,-0.086142,9.828719,90.502159,90.530083,1,2,3,4
11.2301331,0.0208378,-0.082552,9.858429,-0.129212,9.859621,90.750893,90.479774,1,2,3,4
11.2509689,0.0208358,-0.081954,9.905089,-0.140578,9.906425,90.813087,90.474052,1,2,3,4
11.2718077,0.0208388,-0.053839,9.924232,-0.140578,9.925373,90.811539,90.310822,1,2,3,4
11.2926426,0.0208349,-0.055633,9.938589,-0.096311,9.939212,90.555206,90.320717,1,2,3,4
11.3134794,0.0208368,-0.060419,9.921241,-0.065204,9.921638,90.376549,90.348915,1,2,3,4
11.3343153,0.0208359,-0.065204,9.912866,-0.145364,9.914146,90.840118,90.376869,1,2,3,4
11.3551531,0.0208378,-0.046062,9.921839,-0.106481,9.922517,90.614868,90.265991,1,2,3,4
11.3759899,0.0208368,-0.068195,9.880563,-0.073579,9.881072,90.426659,90.395447,1,2,3,4
11.3968248,0.0208349,-0.07657,9.869197,-0.037089,9.869563,90.215309,90.444519,1,2,3,4
11.4176607,0.0208359,-0.072981,9.823135,-0.122034,9.824164,90.711739,90.425674,1,2,3,4
11.4384985,0.0208378,-0.079561,9.800404,-0.155533,9.801961,90.909187,90.465126,1,2,3,4
11.4593372,0.0208387,-0.102293,9.771689,-0.112463,9.772872,90.659355,90.59977,1,2,3,4
11.4801712,0.020834,-0.077767,9.7681,-0.061615,9.768604,90.361397,90.456139,1,2,3,4
11.501009,0.0208378,-0.084347,9.739985,-0.111864,9.740993,90.65799,90.496162,1,2,3,4
11.5218458,0.0208368,-0.056231,9.767502,-0.136989,9.768624,90.803505,90.329849,1,2,3,4
11.5426836,0.0208378,-0.046062,9.796216,-0.144766,9.797394,90.846634,90.269402,1,2,3,4
11.5635214,0.0208378,-0.051446,9.83151,-0.12323,9.832417,90.718109,90.299812,1,2,3,4
11.5843601,0.0208387,-0.071186,9.843474,-0.102891,9.84427,90.598862,90.414345,1,2,3,4
11.6051979,0.0208378,-0.072981,9.890134,-0.15015,9.891542,90.869759,90.422791,1,2,3,4
11.6260357,0.0208378,-0.075374,9.897911,-0.137587,9.899155,90.796371,90.43631,1,2,3,4
11.6468725,0.0208368,-0.078365,9.91825,-0.117847,9.919259,90.680725,90.45269,1,2,3,4
11.6677113,0.0208388,-0.068195,9.907482,-0.085543,9.908086,90.494682,90.394371,1,2,3,4
11.6885509,0.0208396,-0.069392,9.895518,-0.084945,9.896126,90.491814,90.401779,1,2,3,4
11.7093906,0.0208397,-0.086142,9.878768,-0.125623,9.879942,90.728531,90.499596,1,2,3,4
11.7302265,0.0208359,-0.096909,9.849456,-0.155533,9.851161,90.90464,90.563721,1,2,3,4
11.7510633,0.0208368,-0.105882,9.816555,-0.116052,9.817812,90.677284,90.617973,1,2,3,4
11.7719021,0.0208388,-0.078365,9.798609,-0.049651,9.799047,90.290314,90.458214,1,2,3,4
11.7927408,0.0208387,-0.06999,9.784252,-0.117847,9.785212,90.690048,90.409851,1,2,3,4
11.8135796,0.0208388,-0.06341,9.746565,-0.136391,9.747725,90.801712,90.372749,1,2,3,4
11.8344193,0.0208397,-0.050249,9.75135,-0.118445,9.752199,90.6959,90.295242,1,2,3,4
11.855257,0.0208377,-0.047258,9.74477,-0.08674,9.745271,90.509979,90.277863,1,2,3,4
11.8760948,0.0208378,-0.068195,9.780065,-0.122034,9.781064,90.714874,90.399513,1,2,3,4
11.8969316,0.0208368,-0.065204,9.774082,-0.162712,9.775654,90.953712,90.382225,1,2,3,4
11.9177713,0.0208397,-0.069392,9.810573,-0.145364,9.811895,90.848869,90.405258,1,2,3,4
11.9386091,0.0208378,-0.078365,9.857233,-0.107677,9.858133,90.625832,90.45549,1,2,3,4
11.9594469,0.0208378,-0.092124,9.891929,-0.101097,9.892874,90.585526,90.533585,1,2,3,4
11.9802856,0.0208387,-0.078365,9.88834,-0.12323,9.889418,90.713974,90.454056,1,2,3,4
12.0011244,0.0208388,-0.042473,9.917053,-0.11665,9.91783,90.673912,90.245384,1,2,3,4
12.0219631,0.0208387,-0.04666,9.91466,-0.107677,9.915355,90.622223,90.269638,1,2,3,4
12.0428009,0.0208378,-0.032303,9.900304,-0.074776,9.900639,90.432739,90.186943,1,2,3,4
12.0636368,0.0208359,-0.043071,9.891331,-0.116052,9.892105,90.672195,90.249489,1,2,3,4
12.0844727,0.0208359,-0.044267,9.854242,-0.122034,9.855098,90.709503,90.257385,1,2,3,4
12.1053143,0.0208416,-0.079561,9.84467,-0.089133,9.845395,90.518723,90.463036,1,2,3,4
12.1261568,0.0208425,-0.108275,9.817751,-0.08016,9.818675,90.467766,90.631859,1,2,3,4
12.1469994,0.0208426,-0.108873,9.786645,-0.15673,9.788506,90.917435,90.637375,1,2,3,4
12.1678352,0.0208358,-0.087936,9.775877,-0.147159,9.77738,90.862389,90.515373,1,2,3,4
12.1886749,0.0208397,-0.072981,9.760324,-0.102891,9.761139,90.603958,90.428413,1,2,3,4
12.2095118,0.0208369,-0.066999,9.756136,-0.059222,9.756546,90.347786,90.393463,1,2,3,4
12.2303505,0.0208387,-0.032901,9.774082,-0.106481,9.774717,90.624161,90.192863,1,2,3,4
12.2511892,0.0208387,-0.026321,9.804591,-0.174676,9.806182,91.020653,90.153816,1,2,3,4
12.2720251,0.0208359,-0.042473,9.820743,-0.168096,9.822273,90.980591,90.247787,1,2,3,4
12.2928629,0.0208378,-0.059821,9.84826,-0.105284,9.849004,90.612495,90.348022,1,2,3,4
12.3136997,0.0208368,-0.091525,9.88475,-0.131605,9.88605,90.762756,90.530502,1,2,3,4
12.3345356,0.0208359,-0.08674,9.893126,-0.159123,9.894785,90.92144,90.502342,1,2,3,4
12.3553715,0.0208359,-0.092124,9.892527,-0.149551,9.894086,90.866074,90.533546,1,2,3,4
12.3762102,0.0208387,-0.088534,9.905089,-0.092124,9.905913,90.532852,90.512115,1,2,3,4
12.3970461,0.0208359,-0.075972,9.897911,-0.086142,9.898578,90.498619,90.439766,1,2,3,4
12.4178839,0.0208378,-0.070588,9.889536,-0.102891,9.890323,90.596069,90.408951,1,2,3,4
12.4387197,0.0208358,-0.058624,9.865009,-0.112463,9.865825,90.653145,90.340485,1,2,3,4
12.4595575,0.0208378,-0.047258,9.866206,-0.096909,9.866796,90.562752,90.274437,1,2,3,4
12.4803953,0.0208378,-0.05683,9.828519,-0.085543,9.829056,90.498657,90.331284,1,2,3,4
12.5012321,0.0208368,-0.066999,9.772287,-0.11007,9.773136,90.645309,90.392815,1,2,3,4
12.5220709,0.0208388,-0.077169,9.751948,-0.087338,9.752645,90.513107,90.453377,1,2,3,4
12.5429077,0.0208368,-0.101695,9.749556,-0.068794,9.750329,90.404259,90.597618,1,2,3,4
12.5637445,0.0208368,-0.083151,9.743574,-0.132203,9.744826,90.777328,90.488945,1,2,3,4
12.5845795,0.020835,-0.077169,9.770494,-0.215952,9.773185,91.266136,90.452522,1,2,3,4
12.6054192,0.0208397,-0.073579,9.790234,-0.198006,9.792512,91.158607,90.430603,1,2,3,4
12.6262579,0.0208387,-0.059821,9.845269,-0.114257,9.846114,90.664894,90.348129,1,2,3,4
12.6470995,0.0208416,-0.055633,9.866804,-0.0999,9.867467,90.580086,90.323051,1,2,3,4
12.6679382,0.0208387,-0.066999,9.928419,-0.160917,9.929949,90.928535,90.386635,1,2,3,4
12.688777,0.0208388,-0.068195,9.940982,-0.178863,9.942824,91.030762,90.393044,1,2,3,4
12.7096157,0.0208387,-0.069392,9.962517,-0.12323,9.96352,90.708664,90.399078,1,2,3,4
12.7304535,0.0208378,-0.06999,9.943973,-0.062213,9.944413,90.358452,90.403267,1,2,3,4
12.7512932,0.0208397,-0.075374,9.919446,-0.061017,9.91992,90.352425,90.435356,1,2,3,4
12.7721329,0.0208397,-0.090927,9.888938,-0.185444,9.891094,91.07428,90.52681,1,2,3,4
12.7929716,0.0208387,-0.064008,9.847662,-0.138784,9.848848,90.807404,90.372406,1,2,3,4
12.8138123,0.0208407,-0.074776,9.819546,-0.102293,9.820363,90.596832,90.436295,1,2,3,4
12.83465,0.0208377,-0.070588,9.78126,-0.075972,9.781811,90.445,90.413475,1,2,3,4
12.8554869,0.0208369,-0.067597,9.762118,-0.124427,9.763145,90.730225,90.396736,1,2,3,4
12.8763256,0.0208387,-0.05324,9.736395,-0.136391,9.737495,90.802559,90.313301,1,2,3,4
12.8971624,0.0208368,-0.061017,9.765109,-0.111266,9.765934,90.652802,90.358009,1,2,3,4
12.9180002,0.0208378,-0.065803,9.757333,-0.102293,9.758091,90.600639,90.386391,1,2,3,4
12.9388399,0.0208397,-0.064606,9.760324,-0.131007,9.761416,90.768982,90.37925,1,2,3,4
12.9596777,0.0208378,-0.062213,9.786046,-0.141775,9.787271,90.829994,90.364243,1,2,3,4
12.9805183,0.0208406,-0.069392,9.826126,-0.160319,9.827679,90.934708,90.404617,1,2,3,4
13.0013561,0.0208378,-0.058624,9.847662,-0.123829,9.848615,90.720413,90.341087,1,2,3,4
13.0221968,0.0208407,-0.065803,9.88176,-0.098704,9.882472,90.572266,90.381523,1,2,3,4
13.0430346,0.0208378,-0.060419,9.889536,-0.084347,9.89008,90.488647,90.350037,1,2,3,4
13.0638723,0.0208377,-0.067597,9.91466,-0.154337,9.916092,90.891808,90.390633,1,2,3,4
13.084713,0.0208407,-0.082552,9.899706,-0.190229,9.901877,91.1008,90.477768,1,2,3,4
13.1055508,0.0208378,-0.086142,9.881161,-0.11665,9.882225,90.676338,90.499481,1,2,3,4
13.1263885,0.0208377,-0.102891,9.873384,-0.078365,9.874231,90.45472,90.597061,1,2,3,4
13.1472263,0.0208378,-0.113061,9.881161,-0.087936,9.882198,90.50985,90.655556,1,2,3,4
13.168066,0.0208397,-0.091525,9.857233,-0.128614,9.858497,90.747505,90.531982,1,2,3,4
13.1889057,0.0208397,-0.083151,9.837492,-0.102293,9.838375,90.595734,90.484276,1,2,3,4
13.2097416,0.0208359,-0.09332,9.770494,-0.096909,9.77142,90.568245,90.547226,1,2,3,4
13.2305813,0.0208397,-0.093918,9.762716,-0.135793,9.764112,90.79686,90.55117,1,2,3,4
13.251421,0.0208397,-0.068794,9.756734,-0.147757,9.758095,90.867607,90.403976,1,2,3,4
13.2722569,0.0208359,-0.068195,9.767502,-0.16331,9.769105,90.957855,90.400024,1,2,3,4
13.2930956,0.0208387,-0.096909,9.769895,-0.131007,9.771254,90.768211,90.568306,1,2,3,4
13.3139334,0.0208378,-0.089731,9.7681,-0.097508,9.768998,90.571899,90.526314,1,2,3,4
13.3347731,0.0208397,-0.067597,9.822537,-0.167498,9.824198,90.976913,90.394295,1,2,3,4
13.3556108,0.0208377,-0.064008,9.842278,-0.157328,9.843743,90.915771,90.372612,1,2,3,4
13.3764496,0.0208388,-0.049053,9.863214,-0.129811,9.86419,90.754021,90.28495,1,2,3,4
13.3972893,0.0208397,-0.06999,9.87817,-0.097508,9.878899,90.565536,90.405952,1,2,3,4
13.418129,0.0208397,-0.075374,9.885947,-0.116052,9.886915,90.672546,90.436836,1,2,3,4
13.4389687,0.0208397,-0.078365,9.890733,-0.135793,9.891975,90.786552,90.453949,1,2,3,4
13.4598064,0.0208377,-0.082552,9.887143,-0.105882,9.888055,90.613541,90.478378,1,2,3,4
13.4806442,0.0208378,-0.0999,9.87817,-0.119043,9.879392,90.690407,90.57943,1,2,3,4
13.5014801,0.0208359,-0.089731,9.848858,-0.08674,9.849648,90.504578,90.521996,1,2,3,4
13.5223179,0.0208378,-0.075972,9.866804,-0.107079,9.867678,90.621758,90.441154,1,2,3,4
13.5431585,0.0208406,-0.058624,9.815957,-0.062812,9.816333,90.366623,90.342186,1,2,3,4
13.5639992,0.0208407,-0.054437,9.805787,-0.04008,9.80602,90.234184,90.318077,1,2,3,4
13.5848389,0.0208397,-0.065803,9.770494,-0.11665,9.771412,90.684006,90.385872,1,2,3,4
13.6056786,0.0208397,-0.047856,9.763314,-0.159721,9.764738,90.937225,90.280846,1,2,3,4
13.6265192,0.0208406,-0.081356,9.747163,-0.145962,9.748595,90.857903,90.478218,1,2,3,4
13.6473598,0.0208406,-0.083151,9.740582,-0.080758,9.741272,90.475006,90.489098,1,2,3,4
13.6682014,0.0208416,-0.084945,9.751948,-0.095713,9.752788,90.562302,90.499069,1,2,3,4
13.6890421,0.0208407,-0.087338,9.798609,-0.184846,9.800741,91.080681,90.510681,1,2,3,4
13.7098827,0.0208406,-0.073579,9.811171,-0.147757,9.812559,90.862785,90.429688,1,2,3,4
13.7307243,0.0208416,-0.098106,9.852448,-0.14656,9.854026,90.852203,90.570503,1,2,3,4
13.751564,0.0208397,-0.070588,9.87159,-0.104686,9.872396,90.607567,90.409698,1,2,3,4
13.7724037,0.0208397,-0.044267,9.903295,-0.112463,9.904032,90.65062,90.256111,1,2,3,4
13.7932425,0.0208388,-0.052044,9.918848,-0.117248,9.919678,90.677238,90.300629,1,2,3,4
13.8140802,0.0208377,-0.065204,9.910473,-0.077169,9.910988,90.446121,90.376961,1,2,3,4
13.8349209,0.0208407,-0.075972,9.925428,-0.102891,9.926252,90.593918,90.438553,1,2,3,4
13.8557596,0.0208387,-0.087338,9.912268,-0.15673,9.913892,90.90583,90.504829,1,2,3,4
13.8765984,0.0208388,-0.123829,9.875777,-0.108275,9.877148,90.628098,90.718369,1,2,3,4
13.8974371,0.0208387,-0.107079,9.862019,-0.12323,9.863369,90.715858,90.622078,1,2,3,4
13.9182768,0.0208397,-0.087338,9.832706,-0.119641,9.833822,90.697098,90.508911,1,2,3,4
13.9391174,0.0208406,-0.082552,9.781859,-0.175274,9.783778,91.026497,90.483528,1,2,3,4
13.9599571,0.0208397,-0.075374,9.745967,-0.185444,9.748022,91.090042,90.443108,1,2,3,4
13.9807959,0.0208388,-0.080758,9.71845,-0.127418,9.719621,90.751129,90.476105,1,2,3,4
14.0016336,0.0208377,-0.06341,9.741181,-0.11665,9.742086,90.686066,90.372955,1,2,3,4
14.0224724,0.0208388,-0.064008,9.772287,-0.121436,9.773252,90.711937,90.375282,1,2,3,4
14.0433111,0.0208387,-0.072383,9.803394,-0.10349,9.804208,90.604805,90.423035,1,2,3,4
14.0641508,0.0208397,-0.086142,9.843474,-0.046062,9.843959,90.268097,90.501389,1,2,3,4
14.0849905,0.0208397,-0.077169,9.876974,-0.041276,9.877362,90.239433,90.447639,1,2,3,4
14.1058292,0.0208387,-0.081356,9.916455,-0.094516,9.917239,90.546066,90.470055,1,2,3,4
14.1266661,0.0208369,-0.084945,9.921241,-0.147159,9.922696,90.849754,90.490555,1,2,3,4
14.147501,0.0208349,-0.087936,9.940384,-0.099302,9.941269,90.572327,90.506844,1,2,3,4
14.1683369,0.0208359,-0.06999,9.920045,-0.107079,9.92087,90.618423,90.404236,1,2,3,4
14.1891737,0.0208368,-0.053839,9.91825,-0.098106,9.918881,90.566711,90.311012,1,2,3,4
14.2100105,0.0208368,-0.049053,9.905687,-0.15015,9.906946,90.868408,90.28373,1,2,3,4
14.2308493,0.0208388,-0.071785,9.862617,-0.199202,9.864889,91.157059,90.417015,1,2,3,4
14.2516842,0.0208349,-0.08674,9.853045,-0.148355,9.854544,90.862587,90.504379,1,2,3,4
14.2725229,0.0208387,-0.068794,9.826724,-0.11665,9.827658,90.680092,90.4011,1,2,3,4
14.2933617,0.0208388,-0.085543,9.777672,-0.144168,9.779109,90.844711,90.501259,1,2,3,4
14.3141985,0.0208368,-0.092124,9.769895,-0.165703,9.771734,90.971634,90.540245,1,2,3,4
14.3350372,0.0208387,-0.075972,9.723235,-0.120838,9.724283,90.711998,90.44767,1,2,3,4
14.3558731,0.0208359,-0.049053,9.746565,-0.087936,9.747086,90.516914,90.288361,1,2,3,4
14.3767118,0.0208387,-0.030508,9.756136,-0.062213,9.756382,90.365356,90.179169,1,2,3,4
14.3975477,0.0208359,-0.052044,9.768699,-0.092124,9.769272,90.540306,90.305244,1,2,3,4
14.4183855,0.0208378,-0.049053,9.805787,-0.121436,9.806662,90.709511,90.286613,1,2,3,4
14.4392281,0.0208426,-0.081356,9.846465,-0.106481,9.847377,90.61956,90.473396,1,2,3,4
14.4600725,0.0208444,-0.094516,9.872787,-0.097508,9.87372,90.565834,90.5485,1,2,3,4
14.480916,0.0208435,-0.07657,9.90808,-0.116052,9.909056,90.671043,90.44278,1,2,3,4
14.5017509,0.0208349,-0.104686,9.90808,-0.148953,9.909753,90.861244,90.605347,1,2,3,4
14.5225887,0.0208378,-0.068794,9.900304,-0.101695,9.901065,90.588501,90.398125,1,2,3,4
14.5434237,0.020835,-0.070588,9.908679,-0.089731,9.909337,90.518829,90.408165,1,2,3,4
14.5642595,0.0208358,-0.06341,9.890134,-0.151346,9.891495,90.876694,90.36734,1,2,3,4
14.5850983,0.0208388,-0.05683,9.857233,-0.174676,9.858944,91.01519,90.330322,1,2,3,4
14.6059361,0.0208378,-0.062213,9.838689,-0.145364,9.839959,90.846451,90.362297,1,2,3,4
14.6267757,0.0208396,-0.052642,9.817153,-0.104088,9.817846,90.607452,90.307228,1,2,3,4
14.6476164,0.0208407,-0.06341,9.79143,-0.081954,9.791979,90.479546,90.371048,1,2,3,4
14.6684523,0.0208359,-0.08674,9.749556,-0.131605,9.75083,90.773338,90.509735,1,2,3,4
14.6892881,0.0208358,-0.083749,9.75494,-0.107079,9.755887,90.628883,90.49189,1,2,3,4
14.710124,0.0208359,-0.085543,9.775877,-0.097508,9.776737,90.571442,90.50135,1,2,3,4
14.7309618,0.0208378,-0.091525,9.778868,-0.066999,9.779525,90.392532,90.536247,1,2,3,4
14.7518005,0.0208387,-0.087338,9.790833,-0.059821,9.791405,90.350052,90.511086,1,2,3,4
14.7726393,0.0208388,-0.058624,9.840483,-0.104686,9.841214,90.609497,90.341331,1,2,3,4
14.7934761,0.0208368,-0.061017,9.842875,-0.169292,9.844521,90.985344,90.355179,1,2,3,4
14.8143139,0.0208378,-0.078365,9.870992,-0.168096,9.872734,90.975578,90.454857,1,2,3,4
14.8351526,0.0208387,-0.065803,9.876375,-0.105882,9.877162,90.61422,90.381737,1,2,3,4
14.8559885,0.0208359,-0.042473,9.907482,-0.086142,9.907948,90.498146,90.245621,1,2,3,4
14.8768272,0.0208387,-0.070588,9.890733,-0.114257,9.891644,90.661835,90.408905,1,2,3,4
14.897665,0.0208378,-0.06341,9.879965,-0.160319,9.881469,90.929619,90.367722,1,2,3,4
14.9185038,0.0208388,-0.090329,9.869795,-0.129212,9.871054,90.750023,90.524361,1,2,3,4
14.9393415,0.0208377,-0.0999,9.847063,-0.077767,9.847878,90.452461,90.581253,1,2,3,4
14.9601812,0.0208397,-0.108275,9.847063,-0.068794,9.847898,90.400253,90.629982,1,2,3,4
14.981019,0.0208378,-0.090329,9.824331,-0.122632,9.825512,90.715126,90.526787,1,2,3,4
15.0018587,0.0208397,-0.090329,9.785448,-0.135194,9.786798,90.791504,90.528877,1,2,3,4
15.0226984,0.0208397,-0.078365,9.781859,-0.117248,9.782876,90.686707,90.459,1,2,3,4
15.0435362,0.0208378,-0.06999,9.7681,-0.095713,9.76882,90.561378,90.41053,1,2,3,4
15.0643759,0.0208397,-0.055035,9.774082,-0.087936,9.774633,90.515465,90.322609,1,2,3,4
15.0852156,0.0208397,-0.05683,9.781859,-0.1334,9.782934,90.781311,90.33287,1,2,3,4
15.1060534,0.0208378,-0.068794,9.786046,-0.078365,9.786601,90.458794,90.402771,1,2,3,4
15.1268921,0.0208387,-0.070588,9.8016,-0.123829,9.802636,90.723793,90.412621,1,2,3,4
15.1477337,0.0208416,-0.082552,9.838689,-0.11665,9.839726,90.67926,90.480736,1,2,3,4
15.1685791,0.0208454,-0.087936,9.851849,-0.122632,9.853004,90.713135,90.511398,1,2,3,4
15.1894207,0.0208416,-0.089133,9.87458,-0.118445,9.875693,90.687195,90.517166,1,2,3,4
15.2102556,0.0208349,-0.096909,9.893723,-0.069392,9.894442,90.401833,90.561195,1,2,3,4
15.2310934,0.0208378,-0.078963,9.893723,-0.070588,9.89429,90.408768,90.457275,1,2,3,4
15.2519302,0.0208368,-0.081954,9.897313,-0.119641,9.898376,90.692551,90.474426,1,2,3,4
15.272769,0.0208388,-0.075972,9.890733,-0.127418,9.891846,90.738052,90.440086,1,2,3,4
15.2936087,0.0208397,-0.080758,9.873982,-0.118445,9.875023,90.687241,90.468605,1,2,3,4
15.3144484,0.0208397,-0.046062,9.859626,-0.113659,9.860388,90.660454,90.26767,1,2,3,4
15.335288,0.0208396,-0.047856,9.832706,-0.069392,9.833068,90.404343,90.278862,1,2,3,4
15.3561287,0.0208407,-0.056231,9.822537,-0.094516,9.823153,90.5513,90.327995,1,2,3,4
15.3769684,0.0208397,-0.075972,9.817751,-0.120838,9.818789,90.705147,90.443359,1,2,3,4
15.397809,0.0208406,-0.104686,9.785448,-0.107079,9.786593,90.626907,90.612938,1,2,3,4
15.4186468,0.0208378,-0.095115,9.793823,-0.078365,9.794599,90.45842,90.556419,1,2,3,4
15.4394846,0.0208378,-0.104686,9.772886,-0.091525,9.773875,90.536545,90.613724,1,2,3,4
15.4603243,0.0208397,-0.090927,9.790833,-0.071785,9.791518,90.420059,90.532089,1,2,3,4
15.481163,0.0208387,-0.04666,9.833304,-0.15015,9.834561,90.874802,90.271873,1,2,3,4
15.5020037,0.0208407,-0.05683,9.829716,-0.206381,9.832047,91.202766,90.331245,1,2,3,4
15.5228415,0.0208378,-0.072981,9.847662,-0.18664,9.849701,91.085754,90.424614,1,2,3,4
15.5436783,0.0208368,-0.071785,9.851251,-0.15673,9.852759,90.911453,90.417496,1,2,3,4
15.5645161,0.0208378,-0.066999,9.896116,-0.06999,9.89659,90.405205,90.387901,1,2,3,4
15.5853539,0.0208378,-0.08016,9.910473,-0.14656,9.91188,90.847229,90.463417,1,2,3,4
15.6061935,0.0208396,-0.102293,9.897313,-0.100499,9.898353,90.581734,90.592155,1,2,3,4
15.6270313,0.0208378,-0.077767,9.912268,-0.047258,9.912685,90.273155,90.449509,1,2,3,4
15.6478691,0.0208378,-0.083749,9.900902,-0.055035,9.901409,90.318466,90.484634,1,2,3,4
15.6687069,0.0208378,-0.069392,9.87458,-0.084945,9.87519,90.492859,90.402626,1,2,3,4
15.6895456,0.0208387,-0.072383,9.842278,-0.142373,9.843574,90.828728,90.421364,1,2,3,4
15.7103815,0.0208359,-0.049053,9.797412,-0.07657,9.797833,90.447769,90.286858,1,2,3,4
15.7312212,0.0208397,-0.060419,9.767502,-0.081954,9.768032,90.480721,90.354408,1,2,3,4
15.7520609,0.0208397,-0.060419,9.759128,-0.135793,9.760259,90.797173,90.354713,1,2,3,4
15.7728996,0.0208387,-0.07657,9.738789,-0.181256,9.740776,91.066223,90.45047,1,2,3,4
15.7937393,0.0208397,-0.092124,9.748958,-0.189033,9.751225,91.110779,90.541405,1,2,3,4
15.8145781,0.0208388,-0.102293,9.768699,-0.100499,9.769752,90.589394,90.599953,1,2,3,4
15.8354139,0.0208358,-0.104686,9.780663,-0.065204,9.78144,90.381943,90.613235,1,2,3,4
15.8562527,0.0208388,-0.078365,9.817751,-0.141775,9.819088,90.827301,90.457321,1,2,3,4
15.8770895,0.0208368,-0.068195,9.850055,-0.136391,9.851234,90.793289,90.396675,1,2,3,4
15.8979282,0.0208387,-0.061017,9.872787,-0.111864,9.873609,90.649155,90.354103,1,2,3,4
15.918766,0.0208378,-0.061017,9.9015,-0.055035,9.90184,90.318451,90.353073,1,2,3,4
15.9396038,0.0208378,-0.039482,9.903893,-0.021535,9.903995,90.124588,90.228409,1,2,3,4
15.9604435,0.0208397,-0.044267,9.899706,-0.085543,9.900174,90.495079,90.256203,1,2,3,4
15.981287,0.0208435,-0.059821,9.914063,-0.081356,9.914577,90.470154,90.345711,1,2,3,4
16.0021305,0.0208435,-0.062812,9.876974,-0.114855,9.877842,90.666229,90.364365,1,2,3,4
16.0229721,0.0208416,-0.090329,9.847662,-0.101695,9.848601,90.591637,90.525536,1,2,3,4
16.0438099,0.0208378,-0.109472,9.824331,-0.082552,9.825288,90.481407,90.638412,1,2,3,4
16.0646496,0.0208397,-0.115454,9.815957,-0.118445,9.81735,90.691284,90.673874,1,2,3,4
16.0854893,0.0208397,-0.075972,9.768699,-0.154337,9.770213,90.905121,90.445587,1,2,3,4
16.1063271,0.0208378,-0.087338,9.741181,-0.170489,9.743065,91.00264,90.513695,1,2,3,4
16.1271648,0.0208377,-0.050249,9.748958,-0.077767,9.749397,90.457031,90.295319,1,2,3,4
16.1480026,0.0208378,-0.036491,9.762716,-0.060419,9.762972,90.354584,90.214157,1,2,3,4
16.1688404,0.0208378,-0.035294,9.78126,-0.140578,9.782334,90.823402,90.206741,1,2,3,4
16.1896801,0.0208397,-0.055633,9.811171,-0.145364,9.812406,90.848831,90.324883,1,2,3,4
16.2105198,0.0208397,-0.062812,9.849456,-0.092124,9.850087,90.535873,90.365379,1,2,3,4
16.2313576,0.0208378,-0.075972,9.866206,-0.038285,9.866573,90.222328,90.441185,1,2,3,4
16.2521935,0.0208359,-0.092124,9.882956,-0.062812,9.883584,90.364128,90.534065,1,2,3,4
16.2730312,0.0208377,-0.096311,9.918848,-0.11665,9.920002,90.673759,90.55632,1,2,3,4
16.2938709,0.0208397,-0.095713,9.915857,-0.125623,9.917115,90.7258,90.553032,1,2,3,4
16.3147068,0.0208359,-0.068195,9.900902,-0.055035,9.90129,90.318474,90.394638,1,2,3,4
16.3355465,0.0208397,-0.057428,9.91466,-0.107079,9.915405,90.618759,90.331863,1,2,3,4
16.3563862,0.0208397,-0.056231,9.876375,-0.102293,9.877065,90.593399,90.32621,1,2,3,4
16.3772221,0.0208359,-0.072981,9.855438,-0.117248,9.856406,90.681587,90.424278,1,2,3,4
16.3980598,0.0208377,-0.071785,9.859626,-0.097508,9.860369,90.566597,90.417145,1,2,3,4
16.4188976,0.0208378,-0.087338,9.812965,-0.07657,9.813653,90.447052,90.509933,1,2,3,4
16.4397373,0.0208397,-0.105882,9.774082,-0.124427,9.775448,90.729309,90.620659,1,2,3,4
16.4605751,0.0208378,-0.089731,9.759128,-0.129212,9.760395,90.75853,90.526794,1,2,3,4
16.481411,0.0208359,-0.084347,9.742377,-0.070588,9.742998,90.415115,90.49604,1,2,3,4
16.5022488,0.0208378,-0.075972,9.758529,-0.062213,9.759023,90.365257,90.446053,1,2,3,4
16.5230827,0.0208339,-0.064606,9.759726,-0.118445,9.760658,90.695297,90.379272,1,2,3,4
16.5439224,0.0208397,-0.061615,9.795618,-0.128614,9.796657,90.75222,90.36039,1,2,3,4
16.5647602,0.0208378,-0.068195,9.81835,-0.088534,9.818986,90.516624,90.397957,1,2,3,4
16.5855999,0.0208397,-0.072981,9.860822,-0.090927,9.861511,90.528297,90.424042,1,2,3,4
16.6064396,0.0208397,-0.07657,9.893126,-0.087936,9.893812,90.509254,90.443443,1,2,3,4
16.6272755,0.0208359,-0.092124,9.917651,-0.106481,9.918651,90.615105,90.532196,1,2,3,4
16.6481113,0.0208358,-0.104088,9.92483,-0.084347,9.925735,90.486893,90.600876,1,2,3,4
16.6689472,0.0208359,-0.105284,9.920045,-0.035294,9.920666,90.203835,90.60807,1,2,3,4
16.6897869,0.0208397,-0.092124,9.903295,-0.131007,9.90459,90.757866,90.532967,1,2,3,4
16.7106247,0.0208378,-0.071785,9.891331,-0.151346,9.892749,90.876587,90.41581,1,2,3,4
16.7314644,0.0208397,-0.081356,9.851251,-0.090329,9.852001,90.52533,90.47316,1,2,3,4
16.7523022,0.0208378,-0.070588,9.823135,-0.059821,9.823571,90.348907,90.411713,1,2,3,4
16.77314,0.0208378,-0.061615,9.815957,-0.102891,9.816689,90.60054,90.359642,1,2,3,4
16.7939758,0.0208358,-0.058624,9.774082,-0.127418,9.775088,90.746872,90.343651,1,2,3,4
16.8148136,0.0208378,-0.067597,9.769297,-0.169292,9.770997,90.992752,90.396446,1,2,3,4
16.8356514,0.0208378,-0.084347,9.729217,-0.108275,9.730185,90.637589,90.496712,1,2,3,4
16.8564873,0.0208359,-0.096909,9.766904,-0.049651,9.76751,90.291252,90.568481,1,2,3,4
16.8773232,0.0208359,-0.078963,9.769895,-0.086142,9.770594,90.50515,90.463074,1,2,3,4
16.898159,0.0208358,-0.072981,9.811769,-0.095115,9.812502,90.555389,90.426163,1,2,3,4
16.9189949,0.0208359,-0.077169,9.835099,-0.119641,9.83613,90.69693,90.449547,1,2,3,4
16.9398327,0.0208378,-0.089731,9.860224,-0.077169,9.860934,90.44838,90.521393,1,2,3,4
16.9606686,0.0208359,-0.075972,9.882956,-0.077767,9.883554,90.450829,90.440437,1,2,3,4
16.9815044,0.0208358,-0.074178,9.905089,-0.12323,9.906134,90.712769,90.42907,1,2,3,4
17.0023403,0.0208359,-0.064008,9.897911,-0.118445,9.898827,90.685593,90.370514,1,2,3,4
17.0231743,0.020834,-0.061017,9.902697,-0.122034,9.903637,90.706024,90.353035,1,2,3,4
17.0440121,0.0208378,-0.046062,9.894321,-0.088534,9.894825,90.512665,90.266731,1,2,3,4
17.0648499,0.0208378,-0.02991,9.899706,-0.074178,9.900028,90.429298,90.173111,1,2,3,4
17.0856857,0.0208358,-0.068195,9.891929,-0.118445,9.892873,90.686005,90.394997,1,2,3,4
17.1065254,0.0208397,-0.097508,9.842875,-0.102293,9.84389,90.595406,90.567574,1,2,3,4
17.1273632,0.0208378,-0.104088,9.829117,-0.074776,9.829952,90.435852,90.606728,1,2,3,4
17.148201,0.0208378,-0.116052,9.796216,-0.066401,9.797129,90.388329,90.678726,1,2,3,4
17.1690388,0.0208378,-0.109472,9.768699,-0.078963,9.769631,90.463097,90.642052,1,2,3,4
17.1898766,0.0208378,-0.0999,9.747761,-0.132203,9.749169,90.776985,90.587181,1,2,3,4
17.2107143,0.0208377,-0.066401,9.732806,-0.139382,9.734031,90.82045,90.390884,1,2,3,4
17.2315502,0.0208359,-0.048455,9.75494,-0.06341,9.755266,90.372429,90.284599,1,2,3,4
17.2523861,0.0208359,-0.039482,9.770494,-0.104686,9.771133,90.613869,90.231522,1,2,3,4
17.273222,0.0208359,-0.058624,9.796216,-0.102293,9.796926,90.598259,90.342873,1,2,3,4
17.2940598,0.0208378,-0.066401,9.857233,-0.083151,9.857807,90.483299,90.385956,1,2,3,4
17.3148956,0.0208358,-0.071186,9.853643,-0.075374,9.854189,90.438255,90.413918,1,2,3,4
17.3357334,0.0208378,-0.089731,9.917651,-0.06341,9.91826,90.36631,90.518372,1,2,3,4
17.3565693,0.0208359,-0.105284,9.93799,-0.069392,9.93879,90.40004,90.606972,1,2,3,4
17.3774109,0.0208416,-0.090927,9.922438,-0.07657,9.92315,90.442116,90.525032,1,2,3,4
17.3982468,0.0208359,-0.087338,9.928419,-0.078963,9.929117,90.455658,90.504005,1,2,3,4
17.4190826,0.0208358,-0.077767,9.910473,-0.059821,9.910959,90.345825,90.449585,1,2,3,4
17.4399204,0.0208378,-0.074178,9.870394,-0.068794,9.870913,90.399315,90.43058,1,2,3,4
17.4607544,0.020834,-0.082552,9.832108,-0.122034,9.833212,90.711082,90.481056,1,2,3,4
17.4815941,0.0208397,-0.070588,9.799207,-0.087338,9.79985,90.510635,90.41272,1,2,3,4
17.50243,0.0208359,-0.074178,9.749556,-0.095713,9.750307,90.562447,90.435913,1,2,3,4
17.5232677,0.0208377,-0.072383,9.71127,-0.113061,9.712198,90.667,90.427048,1,2,3,4
17.5441055,0.0208378,-0.059821,9.713663,-0.122034,9.714614,90.719765,90.352844,1,2,3,4
17.5649414,0.0208359,-0.065803,9.697512,-0.098106,9.698232,90.579605,90.388779,1,2,3,4
17.5857773,0.0208359,-0.06341,9.713663,-0.071186,9.71413,90.419876,90.374016,1,2,3,4
17.6066151,0.0208378,-0.066401,9.746565,-0.108275,9.747393,90.636459,90.390335,1,2,3,4
17.6274509,0.0208358,-0.079561,9.753743,-0.104686,9.754629,90.614906,90.467354,1,2,3,4
17.6482868,0.0208359,-0.072981,9.774082,-0.06341,9.77456,90.371696,90.427811,1,2,3,4
17.6691227,0.0208359,-0.074178,9.783055,-0.053839,9.783484,90.3153,90.434425,1,2,3,4
17.6899624,0.0208397,-0.069392,9.77827,-0.055035,9.778671,90.322464,90.406593,1,2,3,4
17.7108002,0.0208378,-0.06341,9.772886,-0.109472,9.773705,90.641762,90.37175,1,2,3,4
17.731636,0.0208358,-0.064008,9.750752,-0.10349,9.751512,90.60807,90.376106,1,2,3,4
17.7524738,0.0208378,-0.055035,9.69153,-0.104088,9.692245,90.615326,90.325363,1,2,3,4
17.7733097,0.0208359,-0.041874,9.681958,-0.071785,9.682315,90.424797,90.247803,1,2,3,4
17.7941437,0.020834,-0.047856,9.612567,-0.049053,9.612811,90.292374,90.285248,1,2,3,4
17.8149796,0.0208359,-0.058624,9.583853,-0.092124,9.584475,90.55072,90.350471,1,2,3,4
17.8358173,0.0208377,-0.093918,9.527023,-0.105284,9.528068,90.633125,90.564812,1,2,3,4
17.8566532,0.0208359,-0.078963,9.485747,-0.128016,9.486939,90.77317,90.476944,1,2,3,4
17.8774891,0.0208359,-0.078365,9.440284,-0.093918,9.441076,90.569977,90.475609,1,2,3,4
17.898325,0.0208359,-0.089731,9.427123,-0.094516,9.428024,90.574402,90.545349,1,2,3,4
17.9191647,0.0208397,-0.06341,9.42473,-0.098106,9.425454,90.596382,90.385483,1,2,3,4
17.9400043,0.0208396,-0.062812,9.423533,-0.095713,9.424229,90.581909,90.381897,1,2,3,4
17.9608402,0.0208359,-0.070588,9.433703,-0.11007,9.434609,90.668465,90.428711,1,2,3,4
17.981678,0.0208378,-0.066401,9.460024,-0.113061,9.460933,90.684715,90.402161,1,2,3,4
18.002512,0.020834,-0.081954,9.476176,-0.077169,9.476845,90.466553,90.495506,1,2,3,4
18.0233479,0.0208359,-0.068794,9.501301,-0.09332,9.502007,90.562714,90.414841,1,2,3,4
18.0441837,0.0208358,-0.085543,9.492328,-0.11007,9.493351,90.66433,90.516327,1,2,3,4
18.0650196,0.0208359,-0.08016,9.480962,-0.095115,9.481777,90.57476,90.484413,1,2,3,4
18.0858555,0.0208359,-0.074776,9.485747,-0.092722,9.486495,90.56002,90.451653,1,2,3,4
18.1066914,0.0208359,-0.068794,9.457033,-0.048455,9.457408,90.293556,90.416779,1,2,3,4
18.1275272,0.0208358,-0.068195,9.42473,-0.080758,9.425323,90.490929,90.414574,1,2,3,4
18.148365,0.0208378,-0.05324,9.369696,-0.120239,9.370619,90.735214,90.325562,1,2,3,4
18.1692009,0.0208359,-0.077169,9.334401,-0.12323,9.335533,90.756332,90.473663,1,2,3,4
18.1900368,0.0208359,-0.078365,9.300901,-0.074776,9.301532,90.460609,90.482735,1,2,3,4
18.2108746,0.0208378,-0.084347,9.262018,-0.084945,9.262792,90.525444,90.521767,1,2,3,4
18.2317085,0.0208339,-0.102891,9.220144,-0.123829,9.22155,90.769402,90.639359,1,2,3,4
18.2525482,0.0208397,-0.085543,9.212965,-0.148355,9.214557,90.922508,90.531982,1,2,3,4
18.273386,0.0208378,-0.062812,9.186047,-0.129811,9.187179,90.809593,90.391769,1,2,3,4
18.2942219,0.0208359,-0.067597,9.170493,-0.120239,9.171531,90.751175,90.422333,1,2,3,4
18.3150578,0.0208359,-0.081954,9.166306,-0.098106,9.167197,90.613182,90.51226,1,2,3,4
18.3358955,0.0208377,-0.053839,9.214162,-0.125025,9.215167,90.777374,90.334778,1,2,3,4
18.3567333,0.0208378,-0.071186,9.203394,-0.096311,9.204173,90.599548,90.443161,1,2,3,4
18.3775673,0.020834,-0.071785,9.254242,-0.054437,9.25468,90.337021,90.444435,1,2,3,4
18.3984032,0.0208359,-0.092722,9.254242,-0.086142,9.255107,90.533287,90.574051,1,2,3,4
18.4192429,0.0208397,-0.075374,9.255438,-0.078365,9.256077,90.485092,90.466591,1,2,3,4
18.4400826,0.0208397,-0.091525,9.265009,-0.101097,9.266013,90.625137,90.565987,1,2,3,4
18.4609222,0.0208396,-0.079561,9.230313,-0.101097,9.23121,90.627495,90.493851,1,2,3,4
18.4817562,0.020834,-0.068195,9.240483,-0.11665,9.241471,90.723236,90.422836,1,2,3,4
18.502594,0.0208378,-0.054437,9.236296,-0.15015,9.237677,90.931328,90.337685,1,2,3,4
18.5234299,0.0208359,-0.053839,9.210572,-0.144766,9.211867,90.900452,90.334908,1,2,3,4
18.5442638,0.0208339,-0.072383,9.214162,-0.098106,9.214969,90.610001,90.450081,1,2,3,4
18.5651035,0.0208397,-0.074776,9.196216,-0.10349,9.197102,90.64473,90.465866,1,2,3,4
18.5859394,0.0208359,-0.075374,9.195019,-0.124427,9.19617,90.775253,90.469658,1,2,3,4
18.6067772,0.0208378,-0.067597,9.18784,-0.098704,9.18862,90.615479,90.421532,1,2,3,4
18.6276169,0.0208397,-0.090329,9.199805,-0.062812,9.200462,90.391159,90.562546,1,2,3,4
18.6484528,0.0208359,-0.062213,9.208179,-0.02333,9.208419,90.145164,90.3871,1,2,3,4
18.6692886,0.0208358,-0.072981,9.192028,-0.062812,9.192533,90.391502,90.454895,1,2,3,4
18.6901264,0.0208378,-0.051446,9.211769,-0.123829,9.212745,90.770134,90.319984,1,2,3,4
18.7109661,0.0208397,-0.054437,9.209376,-0.129212,9.210443,90.803825,90.338669,1,2,3,4
18.7318039,0.0208378,-0.056231,9.229117,-0.11665,9.230025,90.724129,90.349091,1,2,3,4
18.7526417,0.0208378,-0.058624,9.254242,-0.087936,9.254846,90.544411,90.362953,1,2,3,4
18.7734814,0.0208397,-0.059222,9.259027,-0.144766,9.260348,90.895737,90.36647,1,2,3,4
18.7943192,0.0208378,-0.069392,9.265608,-0.127418,9.266744,90.787842,90.429092,1,2,3,4
18.8151588,0.0208396,-0.077169,9.264411,-0.131007,9.265658,90.810135,90.477242,1,2,3,4
18.8359985,0.0208397,-0.087338,9.266804,-0.136989,9.268228,90.846893,90.539986,1,2,3,4
18.8568344,0.0208359,-0.069392,9.258429,-0.077767,9.259015,90.481232,90.42942,1,2,3,4
18.8776722,0.0208378,-0.072981,9.263215,-0.096311,9.264003,90.595673,90.451401,1,2,3,4
18.89851,0.0208378,-0.064606,9.249456,-0.0999,9.250221,90.618797,90.4002,1,2,3,4
18.9193497,0.0208397,-0.050847,9.234501,-0.06999,9.234906,90.434242,90.315483,1,2,3,4
18.9401875,0.0208378,-0.060419,9.232108,-0.12682,9.233176,90.786995,90.374962,1,2,3,4
18.9610271,0.0208396,-0.065204,9.227921,-0.062213,9.22836,90.386269,90.404846,1,2,3,4
18.9818649,0.0208378,-0.075972,9.204591,-0.057428,9.205084,90.357452,90.472893,1,2,3,4
19.002697,0.0208321,-0.066401,9.226724,-0.106481,9.227577,90.661171,90.412323,1,2,3,4
19.0235348,0.0208378,-0.083151,9.214162,-0.114855,9.215253,90.714134,90.517036,1,2,3,4
19.0443745,0.0208397,-0.086142,9.228518,-0.121436,9.229719,90.753868,90.534798,1,2,3,4
19.0652122,0.0208377,-0.091525,9.245269,-0.097508,9.246236,90.604233,90.567192,1,2,3,4
19.0860481,0.0208359,-0.083151,9.239884,-0.122034,9.241064,90.756645,90.515594,1,2,3,4
19.1068878,0.0208397,-0.062213,9.276974,-0.095115,9.27767,90.58741,90.384232,1,2,3,4
19.1277218,0.020834,-0.058624,9.259027,-0.144168,9.260335,90.892036,90.36277,1,2,3,4
19.1485558,0.020834,-0.0335,9.276375,-0.095713,9.276929,90.591148,90.206909,1,2,3,4
19.1693916,0.0208358,-0.06999,9.283554,-0.087936,9.284235,90.542686,90.431953,1,2,3,4
19.1902275,0.0208359,-0.08016,9.259027,-0.086142,9.259775,90.53302,90.496025,1,2,3,4
19.2110672,0.0208397,-0.107677,9.247662,-0.105882,9.248895,90.655945,90.667107,1,2,3,4
19.2319031,0.0208359,-0.092124,9.235099,-0.125623,9.236412,90.779297,90.571526,1,2,3,4
19.252737,0.0208339,-0.097508,9.226126,-0.107079,9.227262,90.664909,90.605515,1,2,3,4
19.2735767,0.0208397,-0.064008,9.208778,-0.085543,9.209398,90.532211,90.398239,1,2,3,4
19.2944145,0.0208378,-0.055633,9.208179,-0.132203,9.209296,90.822533,90.346161,1,2,3,4
19.3152504,0.0208359,-0.061017,9.202796,-0.13998,9.204062,90.871414,90.379883,1,2,3,4
19.3360863,0.0208359,-0.055633,9.195019,-0.085543,9.195585,90.533012,90.346657,1,2,3,4
19.356926,0.0208397,-0.071785,9.198608,-0.067597,9.199137,90.421028,90.447121,1,2,3,4
19.3777618,0.0208358,-0.084945,9.209376,-0.125025,9.210617,90.777756,90.528465,1,2,3,4
19.3985996,0.0208378,-0.087338,9.235099,-0.114257,9.236218,90.708801,90.54184,1,2,3,4
19.4194393,0.0208397,-0.064008,9.257831,-0.074178,9.258349,90.459053,90.396133,1,2,3,4
19.4402752,0.0208359,-0.087936,9.259027,-0.107079,9.260064,90.662552,90.544144,1,2,3,4
19.4611149,0.0208397,-0.077767,9.288938,-0.130409,9.290178,90.804306,90.479668,1,2,3,4
19.4819508,0.0208359,-0.084347,9.269197,-0.117847,9.270329,90.728378,90.521362,1,2,3,4
19.5027885,0.0208377,-0.049053,9.264411,-0.101097,9.265092,90.625198,90.303368,1,2,3,4
19.5236244,0.0208359,-0.080758,9.260822,-0.072981,9.261462,90.4515,90.499626,1,2,3,4
19.5444603,0.0208359,-0.077169,9.23809,-0.115454,9.239134,90.715996,90.4786,1,2,3,4
19.5652962,0.0208359,-0.077169,9.243474,-0.176471,9.245481,91.093681,90.478317,1,2,3,4
19.586134,0.0208378,-0.073579,9.230911,-0.071785,9.231483,90.445541,90.456696,1,2,3,4
19.6069717,0.0208377,-0.071785,9.227323,-0.055035,9.227765,90.341721,90.445724,1,2,3,4
19.6278076,0.0208359,-0.071785,9.210572,-0.111864,9.211531,90.695816,90.446541,1,2,3,4
19.6486454,0.0208378,-0.080758,9.235099,-0.178863,9.237184,91.109512,90.501022,1,2,3,4
19.6694832,0.0208378,-0.061615,9.22493,-0.10349,9.225717,90.642731,90.382683,1,2,3,4
19.690321,0.0208378,-0.077767,9.241081,-0.077767,9.241736,90.482132,90.482155,1,2,3,4
19.7111607,0.0208397,-0.081356,9.242277,-0.050847,9.242775,90.315201,90.504341,1,2,3,4
19.7319965,0.0208358,-0.062812,9.275777,-0.102293,9.276554,90.631821,90.387978,1,2,3,4
19.7528362,0.0208397,-0.06999,9.259625,-0.179462,9.261628,91.110283,90.433067,1,2,3,4
19.7736778,0.0208416,-0.073579,9.285947,-0.105284,9.286836,90.649574,90.453987,1,2,3,4
19.7945175,0.0208397,-0.077767,9.293125,-0.073579,9.293742,90.453621,90.479454,1,2,3,4
19.8153553,0.0208378,-0.074178,9.302098,-0.111864,9.303066,90.688965,90.456886,1,2,3,4
19.8361969,0.0208416,-0.07657,9.320642,-0.118445,9.32171,90.728035,90.47068,1,2,3,4
19.8570328,0.0208359,-0.066999,9.30808,-0.119043,9.309082,90.732712,90.412407,1,2,3,4
19.8778725,0.0208397,-0.078963,9.296116,-0.084945,9.29684,90.523521,90.486671,1,2,3,4
19.8987122,0.0208397,-0.072981,9.345767,-0.094516,9.34653,90.579414,90.447411,1,2,3,4
19.9195499,0.0208377,-0.070588,9.299706,-0.113061,9.30066,90.696518,90.434891,1,2,3,4
19.9403877,0.0208378,-0.09332,9.343374,-0.107677,9.34446,90.66024,90.572243,1,2,3,4
19.9612274,0.0208397,-0.078365,9.305687,-0.061017,9.306217,90.375664,90.482491,1,2,3,4
19.9820671,0.0208397,-0.066999,9.298509,-0.111864,9.299422,90.68924,90.412827,1,2,3,4
20.0029049,0.0208378,-0.075972,9.354142,-0.145962,9.35559,90.893944,90.465332,1,2,3,4
20.0237446,0.0208397,-0.049053,9.315259,-0.080758,9.315738,90.496704,90.301712,1,2,3,4
20.0445824,0.0208378,-0.077169,9.351151,-0.107079,9.352082,90.656036,90.472809,1,2,3,4
20.0654202,0.0208378,-0.071785,9.380463,-0.098106,9.38125,90.59919,90.438454,1,2,3,4
20.0862598,0.0208396,-0.065803,9.356535,-0.104686,9.357352,90.641014,90.402946,1,2,3,4
20.1070995,0.0208397,-0.061017,9.397811,-0.117847,9.398747,90.718422,90.372002,1,2,3,4
20.1279373,0.0208378,-0.07657,9.38824,-0.107079,9.389162,90.653442,90.467293,1,2,3,4
20.148777,0.0208397,-0.074776,9.394221,-0.075374,9.394821,90.459686,90.456047,1,2,3,4
20.1696186,0.0208416,-0.074178,9.394221,-0.111864,9.39518,90.682213,90.4524,1,2,3,4
20.1904564,0.0208378,-0.078365,9.400204,-0.138186,9.401546,90.842171,90.477638,1,2,3,4
20.2112942,0.0208378,-0.059821,9.433105,-0.062213,9.4335,90.377869,90.363342,1,2,3,4
20.232132,0.0208378,-0.044267,9.385847,-0.062812,9.386162,90.383423,90.270226,1,2,3,4
20.2529697,0.0208377,-0.06999,9.412168,-0.117847,9.413165,90.717323,90.426048,1,2,3,4
20.2738094,0.0208397,-0.067597,9.425328,-0.106481,9.426172,90.64724,90.410912,1,2,3,4
20.294651,0.0208416,-0.068195,9.420543,-0.120838,9.421565,90.734879,90.414757,1,2,3,4
20.3154926,0.0208416,-0.08016,9.415757,-0.095115,9.416579,90.578743,90.48777,1,2,3,4
20.3363323,0.0208397,-0.084347,9.422338,-0.077169,9.423031,90.469223,90.512886,1,2,3,4
20.3571701,0.0208378,-0.077767,9.442079,-0.11665,9.44312,90.707787,90.471886,1,2,3,4
20.3780098,0.0208397,-0.055633,9.450453,-0.143569,9.451707,90.870346,90.337288,1,2,3,4
20.3988476,0.0208378,-0.067597,9.446864,-0.0999,9.447634,90.605865,90.409973,1,2,3,4
20.4196873,0.0208397,-0.075374,9.461221,-0.077767,9.461841,90.470917,90.456444,1,2,3,4
20.4405289,0.0208416,-0.057428,9.474381,-0.070588,9.474818,90.426865,90.34729,1,2,3,4
20.4613686,0.0208397,-0.059222,9.482756,-0.142373,9.48401,90.860153,90.357826,1,2,3,4
20.4822063,0.0208377,-0.067597,9.475577,-0.121436,9.476597,90.734222,90.40873,1,2,3,4
20.5030479,0.0208416,-0.071785,9.489935,-0.068195,9.490452,90.411713,90.433395,1,2,3,4
20.5238876,0.0208397,-0.073579,9.485149,-0.050249,9.485568,90.30352,90.44445,1,2,3,4
20.5447292,0.0208416,-0.071186,9.501899,-0.112463,9.502831,90.678093,90.429245,1,2,3,4
20.565567,0.0208378,-0.053839,9.494123,-0.117248,9.494999,90.707527,90.324905,1,2,3,4
20.5864029,0.0208359,-0.06999,9.501899,-0.094516,9.502626,90.569893,90.422028,1,2,3,4
20.6072426,0.0208397,-0.081356,9.501301,-0.072981,9.501929,90.440071,90.490593,1,2,3,4
20.6280823,0.0208397,-0.062213,9.483355,-0.111864,9.484219,90.675804,90.37587,1,2,3,4
20.648922,0.0208397,-0.071186,9.503095,-0.145364,9.504473,90.876328,90.429184,1,2,3,4
20.6697617,0.0208397,-0.071186,9.523434,-0.083749,9.524068,90.50383,90.428268,1,2,3,4
20.6905994,0.0208377,-0.070588,9.506684,-0.093918,9.50741,90.566002,90.425423,1,2,3,4
20.7114391,0.0208397,-0.089731,9.546764,-0.120239,9.547943,90.721558,90.538513,1,2,3,4
20.7322807,0.0208416,-0.072981,9.558728,-0.101097,9.559542,90.605942,90.437447,1,2,3,4
20.7531185,0.0208378,-0.071785,9.553943,-0.090329,9.554639,90.541679,90.430489,1,2,3,4
20.7739563,0.0208378,-0.089133,9.557532,-0.110668,9.558588,90.663376,90.534317,1,2,3,4
20.794796,0.0208397,-0.072981,9.553943,-0.078365,9.554543,90.46994,90.437668,1,2,3,4
20.8156357,0.0208397,-0.065803,9.570692,-0.083151,9.57128,90.497765,90.393929,1,2,3,4
20.8364773,0.0208416,-0.05324,9.55813,-0.127418,9.559128,90.763741,90.319145,1,2,3,4
20.8573151,0.0208378,-0.08016,9.573684,-0.079561,9.574349,90.476128,90.479721,1,2,3,4
20.8781509,0.0208358,-0.083151,9.618548,-0.073579,9.619189,90.438271,90.4953,1,2,3,4
20.8989887,0.0208378,-0.065204,9.605389,-0.095713,9.606087,90.570892,90.388939,1,2,3,4
20.9198303,0.0208416,-0.083749,9.598209,-0.125623,9.599397,90.749825,90.499916,1,2,3,4
20.9406681,0.0208378,-0.071186,9.602996,-0.087936,9.603662,90.524635,90.424721,1,2,3,4
20.9615097,0.0208416,-0.065803,9.595219,-0.087338,9.595842,90.521492,90.392921,1,2,3,4
20.9823494,0.0208397,-0.075374,9.599406,-0.099302,9.600216,90.592667,90.449875,1,2,3,4
21.0031891,0.0208397,-0.066401,9.606585,-0.099302,9.607327,90.592224,90.396027,1,2,3,4
21.0240307,0.0208416,-0.08674,9.619147,-0.121436,9.620305,90.723259,90.516647,1,2,3,4
21.0448704,0.0208397,-0.081954,9.608379,-0.107079,9.609325,90.638474,90.488693,1,2,3,4
21.0657082,0.0208378,-0.078963,9.634701,-0.102293,9.635568,90.608276,90.469566,1,2,3,4
21.0865498,0.0208416,-0.068195,9.647861,-0.09332,9.648553,90.554169,90.404984,1,2,3,4
21.1073856,0.0208358,-0.065204,9.661021,-0.087936,9.661642,90.521492,90.386696,1,2,3,4
21.1282234,0.0208378,-0.050847,9.647263,-0.101097,9.647926,90.600388,90.301987,1,2,3,4
21.1490631,0.0208397,-0.06341,9.669396,-0.081356,9.669947,90.482048,90.375725,1,2,3,4
21.1699009,0.0208378,-0.071186,9.665209,-0.10349,9.666025,90.613449,90.421989,1,2,3,4
21.1907387,0.0208378,-0.074178,9.671191,-0.10349,9.672029,90.613068,90.439445,1,2,3,4
21.2115803,0.0208416,-0.084347,9.668798,-0.101097,9.669695,90.599037,90.499817,1,2,3,4
21.2324181,0.0208378,-0.081954,9.679565,-0.078365,9.680229,90.463837,90.485092,1,2,3,4
21.2532558,0.0208377,-0.070588,9.670592,-0.115454,9.671539,90.683983,90.418213,1,2,3,4
21.2740974,0.0208416,-0.075972,9.686745,-0.095713,9.687516,90.566093,90.449356,1,2,3,4
21.2949371,0.0208397,-0.059222,9.668798,-0.077767,9.669292,90.460815,90.350937,1,2,3,4
21.3157787,0.0208416,-0.081356,9.696316,-0.127418,9.697495,90.752846,90.480721,1,2,3,4
21.3366184,0.0208397,-0.083151,9.710074,-0.094516,9.710891,90.557671,90.490631,1,2,3,4
21.3574562,0.0208378,-0.083749,9.70828,-0.118445,9.709363,90.698967,90.494255,1,2,3,4
21.3782978,0.0208416,-0.06341,9.716655,-0.112463,9.717513,90.663109,90.373901,1,2,3,4
21.3991356,0.0208378,-0.08016,9.731609,-0.061017,9.732131,90.35923,90.471939,1,2,3,4
21.4199734,0.0208378,-0.070588,9.735797,-0.102891,9.736597,90.605484,90.415413,1,2,3,4
21.4408131,0.0208397,-0.067597,9.74477,-0.128016,9.745845,90.752625,90.397438,1,2,3,4
21.4616528,0.0208397,-0.074178,9.76152,-0.102293,9.762338,90.600372,90.435379,1,2,3,4
21.4824905,0.0208377,-0.069392,9.77468,-0.075972,9.775222,90.445305,90.406746,1,2,3,4
21.5033302,0.0208397,-0.08016,9.752547,-0.086142,9.753257,90.50605,90.470924,1,2,3,4
21.524168,0.0208378,-0.078963,9.775877,-0.140578,9.777206,90.823837,90.462791,1,2,3,4
21.5450058,0.0208378,-0.061615,9.783653,-0.12323,9.784623,90.721619,90.360832,1,2,3,4
21.5658455,0.0208397,-0.077767,9.778868,-0.078365,9.77949,90.459129,90.455635,1,2,3,4
21.5866852,0.0208397,-0.078963,9.777073,-0.056231,9.777554,90.329514,90.46273,1,2,3,4
21.6075249,0.0208397,-0.082552,9.767502,-0.120239,9.768591,90.705261,90.484238,1,2,3,4
21.6283665,0.0208416,-0.085543,9.779466,-0.135793,9.780783,90.795502,90.501167,1,2,3,4
21.6492062,0.0208397,-0.072981,9.763314,-0.084347,9.763951,90.494965,90.428276,1,2,3,4
21.6700497,0.0208435,-0.094516,9.781859,-0.078963,9.782635,90.462486,90.553596,1,2,3,4
21.6908894,0.0208397,-0.074776,9.785448,-0.092722,9.786173,90.54287,90.43782,1,2,3,4
21.711731,0.0208416,-0.070588,9.799207,-0.125623,9.800266,90.734459,90.41272,1,2,3,4
21.7325668,0.0208358,-0.069392,9.797412,-0.096311,9.798131,90.563202,90.4058,1,2,3,4
21.7534046,0.0208378,-0.068195,9.808778,-0.081954,9.809357,90.478691,90.398338,1,2,3,4
21.7742424,0.0208378,-0.088534,9.808778,-0.10349,9.809723,90.604462,90.517143,1,2,3,4
21.7950821,0.0208397,-0.090329,9.812367,-0.12323,9.813557,90.71949,90.527428,1,2,3,4
21.8159218,0.0208397,-0.085543,9.834501,-0.102891,9.835412,90.599403,90.49836,1,2,3,4
21.8367596,0.0208378,-0.06999,9.847662,-0.049053,9.848033,90.285393,90.407211,1,2,3,4
21.8576031,0.0208435,-0.071186,9.842875,-0.126221,9.843942,90.73468,90.414375,1,2,3,4
21.8784389,0.0208358,-0.074178,9.859028,-0.110668,9.859928,90.643105,90.431076,1,2,3,4
21.8992805,0.0208416,-0.081954,9.854242,-0.075374,9.854872,90.438225,90.476494,1,2,3,4
21.9201202,0.0208397,-0.083151,9.859626,-0.096311,9.860447,90.559639,90.483192,1,2,3,4
21.940958,0.0208378,-0.074178,9.84168,-0.115454,9.842636,90.672089,90.431831,1,2,3,4
21.9617977,0.0208397,-0.065204,9.839885,-0.086142,9.840478,90.501564,90.379669,1,2,3,4
21.9826374,0.0208397,-0.061615,9.836296,-0.077767,9.836797,90.452965,90.358902,1,2,3,4
22.0034752,0.0208378,-0.065204,9.814162,-0.067597,9.814611,90.394623,90.380661,1,2,3,4
22.0243168,0.0208416,-0.081954,9.803992,-0.122034,9.805094,90.71312,90.478943,1,2,3,4
22.0451565,0.0208397,-0.064606,9.790234,-0.135793,9.791389,90.79464,90.37809,1,2,3,4
22.0659981,0.0208416,-0.077767,9.77827,-0.062213,9.778777,90.364525,90.455666,1,2,3,4
22.0868397,0.0208416,-0.070588,9.747163,-0.040678,9.747503,90.239105,90.414925,1,2,3,4
22.1076813,0.0208416,-0.075972,9.729815,-0.113061,9.730769,90.665726,90.447365,1,2,3,4
22.1285229,0.0208416,-0.082552,9.729815,-0.133998,9.731088,90.788994,90.486115,1,2,3,4
22.1493645,0.0208416,-0.058026,9.713663,-0.135793,9.714786,90.800903,90.342262,1,2,3,4
22.1702042,0.0208397,-0.075374,9.693324,-0.095115,9.694084,90.562172,90.445518,1,2,3,4
22.1910458,0.0208416,-0.077767,9.689735,-0.050249,9.690178,90.297112,90.459831,1,2,3,4
22.2118893,0.0208435,-0.070588,9.690333,-0.066999,9.690822,90.396126,90.417358,1,2,3,4
22.232729,0.0208397,-0.072383,9.707084,-0.108275,9.707957,90.639046,90.427231,1,2,3,4
22.2535686,0.0208396,-0.092124,9.704092,-0.115454,9.705215,90.68161,90.543907,1,2,3,4
22.2744102,0.0208416,-0.066401,9.72144,-0.092722,9.722109,90.546448,90.391342,1,2,3,4
22.295248,0.0208378,-0.05683,9.74836,-0.039482,9.748605,90.232048,90.334007,1,2,3,4
22.3160896,0.0208416,-0.060419,9.740582,-0.070588,9.741025,90.415199,90.355392,1,2,3,4
22.3369293,0.0208397,-0.080758,9.763913,-0.120239,9.764988,90.705521,90.473885,1,2,3,4
22.357769,0.0208397,-0.07657,9.812367,-0.125025,9.813462,90.729973,90.447098,1,2,3,4
22.3786106,0.0208416,-0.068195,9.851849,-0.075374,9.852373,90.438339,90.396599,1,2,3,4
22.3994522,0.0208416,-0.066999,9.87458,-0.055035,9.874961,90.319321,90.388748,1,2,3,4
22.4202881,0.0208359,-0.074776,9.866804,-0.085543,9.867458,90.496719,90.434212,1,2,3,4
22.4411316,0.0208435,-0.081356,9.788439,-0.160917,9.7901,90.941795,90.476196,1,2,3,4
22.4619713,0.0208397,-0.080758,9.868001,-0.102293,9.868862,90.593895,90.468887,1,2,3,4
22.4828129,0.0208416,-0.077169,9.84467,-0.062812,9.845173,90.365547,90.449112,1,2,3,4
22.5036545,0.0208416,-0.060419,9.796814,-0.051446,9.797135,90.300865,90.353348,1,2,3,4
22.5244961,0.0208416,-0.090927,9.851849,-0.124427,9.853054,90.723564,90.528793,1,2,3,4
22.5453358,0.0208397,-0.077767,9.847662,-0.094516,9.848423,90.549881,90.452454,1,2,3,4
22.5661736,0.0208378,-0.077767,9.790234,-0.108873,9.791148,90.637115,90.455109,1,2,3,4
22.5870171,0.0208435,-0.08016,9.899706,-0.055633,9.900187,90.321968,90.463921,1,2,3,4
22.6078587,0.0208416,-0.074178,9.795019,-0.043669,9.795397,90.255432,90.433891,1,2,3,4
22.6287003,0.0208416,-0.075972,9.879367,-0.165105,9.881039,90.957413,90.440598,1,2,3,4
22.6495399,0.0208396,-0.08016,9.812965,-0.11665,9.813986,90.681038,90.468025,1,2,3,4
22.6703796,0.0208397,-0.079561,9.83809,-0.047856,9.838529,90.278702,90.463348,1,2,3,4
22.6912193,0.0208397,-0.079561,9.823135,-0.102293,9.823991,90.596611,90.46405,1,2,3,4
22.7120571,0.0208378,-0.061615,9.836894,-0.074178,9.837366,90.432037,90.358879,1,2,3,4
22.7329006,0.0208435,-0.089731,9.830314,-0.169292,9.832181,90.98658,90.52298,1,2,3,4
22.7537422,0.0208416,-0.072981,9.861421,-0.083151,9.862041,90.483086,90.424019,1,2,3,4
22.7745819,0.0208397,-0.072383,9.820743,-0.060419,9.821195,90.352478,90.422287,1,2,3,4
22.7954254,0.0208435,-0.069392,9.859626,-0.128614,9.860708,90.747337,90.403236,1,2,3,4
22.8162651,0.0208397,-0.064008,9.811769,-0.082552,9.812325,90.48204,90.373772,1,2,3,4
22.8371048,0.0208397,-0.070588,9.854242,-0.087936,9.854888,90.511261,90.410416,1,2,3,4
22.8579464,0.0208416,-0.075374,9.821939,-0.082552,9.822575,90.481537,90.439682,1,2,3,4
22.8787861,0.0208397,-0.068195,9.836296,-0.120239,9.837268,90.700333,90.397224,1,2,3,4
22.8996277,0.0208416,-0.077169,9.847662,-0.061615,9.848158,90.358475,90.448975,1,2,3,4
22.9204655,0.0208378,-0.066999,9.817153,-0.117248,9.818082,90.68425,90.391022,1,2,3,4
22.9413033,0.0208378,-0.07657,9.847662,-0.104686,9.848516,90.609047,90.445496,1,2,3,4
22.9621449,0.0208416,-0.078365,9.841082,-0.054437,9.841544,90.316925,90.456238,1,2,3,4
22.9829845,0.0208396,-0.083749,9.830912,-0.111266,9.831898,90.648422,90.488083,1,2,3,4
23.0038242,0.0208397,-0.08016,9.839885,-0.08674,9.840593,90.505043,90.466743,1,2,3,4
23.0246639,0.0208397,-0.06999,9.828519,-0.106481,9.829345,90.620697,90.408005,1,2,3,4
23.0455036,0.0208397,-0.074178,9.832108,-0.111864,9.833024,90.651833,90.432259,1,2,3,4
23.0663452,0.0208416,-0.075374,9.837492,-0.068195,9.838017,90.397171,90.438988,1,2,3,4
23.0871849,0.0208397,-0.067597,9.836296,-0.05324,9.836673,90.310112,90.393745,1,2,3,4
23.1080265,0.0208416,-0.064606,9.844072,-0.108275,9.84488,90.630157,90.376022,1,2,3,4
23.1288662,0.0208397,-0.084945,9.815358,-0.125623,9.816529,90.733238,90.495842,1,2,3,4
23.1497059,0.0208397,-0.077767,9.841082,-0.105882,9.841958,90.616417,90.452759,1,2,3,4
23.1705494,0.0208435,-0.078365,9.834501,-0.08016,9.83514,90.466988,90.456543,1,2,3,4
23.1913891,0.0208397,-0.083749,9.842875,-0.070588,9.843485,90.410873,90.487495,1,2,3,4
23.2122364,0.0208473,-0.089133,9.833304,-0.077767,9.834016,90.453094,90.519333,1,2,3,4
23.2330856,0.0208492,-0.081356,9.836296,-0.131605,9.837513,90.766518,90.473885,1,2,3,4
23.2539291,0.0208435,-0.077767,9.840483,-0.086142,9.841167,90.501526,90.452782,1,2,3,4
23.2747765,0.0208474,-0.072981,9.83809,-0.065204,9.838576,90.379723,90.425026,1,2,3,4
23.2956161,0.0208396,-0.066999,9.83151,-0.098106,9.832228,90.571709,90.39045,1,2,3,4
23.3164577,0.0208416,-0.065803,9.836296,-0.102891,9.837055,90.599297,90.383293,1,2,3,4
23.3372974,0.0208397,-0.066401,9.835099,-0.102293,9.835855,90.595886,90.386818,1,2,3,4
23.3581371,0.0208397,-0.072383,9.851251,-0.074776,9.851801,90.434883,90.420975,1,2,3,4
23.3789787,0.0208416,-0.085543,9.835099,-0.061615,9.835665,90.358932,90.498329,1,2,3,4
23.3998184,0.0208397,-0.06999,9.842875,-0.079561,9.843446,90.463112,90.40741,1,2,3,4
23.4206581,0.0208397,-0.073579,9.835099,-0.111864,9.836011,90.651634,90.428642,1,2,3,4
23.4415016,0.0208435,-0.072981,9.837492,-0.098106,9.838252,90.571358,90.425049,1,2,3,4
23.4623394,0.0208378,-0.073579,9.840483,-0.078963,9.841075,90.45974,90.428406,1,2,3,4
23.483181,0.0208416,-0.064606,9.835697,-0.083151,9.836261,90.484352,90.376343,1,2,3,4
23.5040207,0.0208397,-0.069392,9.840483,-0.072981,9.840998,90.424911,90.404022,1,2,3,4
23.5248604,0.0208397,-0.067597,9.833304,-0.098106,9.834026,90.571602,90.39386,1,2,3,4
23.545702,0.0208416,-0.079561,9.832706,-0.114257,9.833693,90.665733,90.4636,1,2,3,4
23.5665436,0.0208416,-0.072383,9.859626,-0.081356,9.860228,90.472748,90.420624,1,2,3,4
23.5873871,0.0208435,-0.074776,9.829716,-0.061017,9.83019,90.355644,90.435844,1,2,3,4
23.6082287,0.0208416,-0.081356,9.833903,-0.068794,9.83448,90.400795,90.473999,1,2,3,4
23.6290703,0.0208416,-0.060419,9.847063,-0.090329,9.847662,90.525558,90.351547,1,2,3,4
23.6499081,0.0208378,-0.072981,9.832108,-0.12682,9.833197,90.738968,90.425285,1,2,3,4
23.6707478,0.0208397,-0.072981,9.83809,-0.067597,9.838593,90.393661,90.425026,1,2,3,4
23.6915894,0.0208416,-0.068195,9.839885,-0.055035,9.840275,90.32045,90.397079,1,2,3,4
23.712429,0.0208396,-0.075374,9.832706,-0.07657,9.833293,90.446159,90.439201,1,2,3,4
23.7332706,0.0208416,-0.082552,9.830314,-0.105882,9.83123,90.617088,90.48114,1,2,3,4
23.7541103,0.0208397,-0.065803,9.835099,-0.11007,9.835936,90.64119,90.383339,1,2,3,4
23.77495,0.0208397,-0.071186,9.845269,-0.050847,9.845658,90.295906,90.414268,1,2,3,4
23.7957916,0.0208416,-0.074776,9.824331,-0.107079,9.825199,90.624443,90.436089,1,2,3,4
23.8166294,0.0208378,-0.081356,9.835099,-0.148355,9.836555,90.864166,90.473938,1,2,3,4
23.8374672,0.0208378,-0.078963,9.82493,-0.105882,9.825818,90.617424,90.46048,1,2,3,4
23.8583107,0.0208435,-0.081356,9.835697,-0.049651,9.836159,90.289223,90.473907,1,2,3,4
23.8791485,0.0208378,-0.074178,9.838689,-0.032303,9.839022,90.18811,90.431969,1,2,3,4
23.8999901,0.0208416,-0.065803,9.83809,-0.102293,9.838842,90.595711,90.383217,1,2,3,4
23.9208298,0.0208397,-0.06341,9.845269,-0.134596,9.846394,90.783234,90.369019,1,2,3,4
23.9416676,0.0208378,-0.058624,9.840483,-0.080758,9.840988,90.470192,90.341331,1,2,3,4
23.9625092,0.0208416,-0.073579,9.840483,-0.031705,9.840809,90.184593,90.428406,1,2,3,4
23.9833508,0.0208416,-0.070588,9.837492,-0.096311,9.838217,90.560905,90.411118,1,2,3,4
24.0041924,0.0208416,-0.072981,9.845269,-0.152542,9.846722,90.887642,90.424713,1,2,3,4
24.025034,0.0208416,-0.07657,9.835099,-0.087936,9.835791,90.512253,90.44606,1,2,3,4
24.0458736,0.0208396,-0.08016,9.835697,-0.059222,9.836202,90.344971,90.466942,1,2,3,4
24.0667133,0.0208397,-0.090927,9.838689,-0.048455,9.839229,90.282166,90.529503,1,2,3,4
24.087553,0.0208397,-0.09332,9.839885,-0.136391,9.841272,90.79409,90.543365,1,2,3,4
24.1083946,0.0208416,-0.037089,9.829117,-0.14656,9.830279,90.854256,90.216194,1,2,3,4
24.1292324,0.0208378,-0.060419,9.839287,-0.044267,9.839572,90.257767,90.351822,1,2,3,4
24.1500702,0.0208378,-0.068794,9.827921,-0.035294,9.828225,90.205757,90.401054,1,2,3,4
24.1709118,0.0208416,-0.062812,9.84467,-0.114257,9.845533,90.664932,90.365555,1,2,3,4
24.1917515,0.0208397,-0.068195,9.847662,-0.153141,9.849089,90.890915,90.396767,1,2,3,4
24.2125912,0.0208397,-0.074776,9.842278,-0.068794,9.842802,90.400459,90.435287,1,2,3,4
24.2334347,0.0208435,-0.075374,9.851849,-0.013759,9.852147,90.080017,90.438347,1,2,3,4
24.2542744,0.0208397,-0.064008,9.841082,-0.081954,9.841631,90.477127,90.372658,1,2,3,4
24.275116,0.0208416,-0.078365,9.828519,-0.127418,9.829658,90.742722,90.456825,1,2,3,4
24.2959576,0.0208416,-0.084945,9.809975,-0.153739,9.811547,90.897812,90.496117,1,2,3,4
24.3167953,0.0208377,-0.077767,9.842278,-0.052044,9.842723,90.302956,90.452698,1,2,3,4
24.337635,0.0208397,-0.077767,9.826724,-0.034696,9.827093,90.202293,90.453415,1,2,3,4
24.3584747,0.0208397,-0.078963,9.849456,-0.162712,9.851116,90.946404,90.459328,1,2,3,4
24.3793163,0.0208416,-0.050249,9.853045,-0.117847,9.853878,90.685242,90.292198,1,2,3,4
24.400156,0.0208397,-0.074776,9.827921,-0.051446,9.82834,90.299911,90.435928,1,2,3,4
24.4209938,0.0208378,-0.075374,9.850653,-0.02333,9.850969,90.135696,90.4384,1,2,3,4
24.4418354,0.0208416,-0.061017,9.846465,-0.089133,9.847057,90.518631,90.355049,1,2,3,4
24.4626751,0.0208397,-0.086142,9.826126,-0.189631,9.828334,91.105553,90.502274,1,2,3,4
24.4835148,0.0208397,-0.073579,9.833903,-0.095115,9.834639,90.554138,90.428688,1,2,3,4
24.5043545,0.0208397,-0.072383,9.833304,-0.08016,9.833898,90.467041,90.421745,1,2,3,4
24.5251923,0.0208378,-0.092124,9.832706,-0.050249,9.833266,90.292793,90.536797,1,2,3,4
24.54603,0.0208377,-0.068195,9.840483,-0.071186,9.840977,90.414459,90.397057,1,2,3,4
24.5668716,0.0208416,-0.064606,9.857233,-0.13998,9.858438,90.813568,90.375519,1,2,3,4
24.5877075,0.0208359,-0.059821,9.851849,-0.008375,9.852034,90.048706,90.347893,1,2,3,4
24.6085491,0.0208416,-0.08674,9.830912,-0.049651,9.831419,90.28936,90.505516,1,2,3,4
24.6293869,0.0208378,-0.079561,9.834501,-0.138186,9.835794,90.804993,90.463516,1,2,3,4
24.6502247,0.0208378,-0.064606,9.84826,-0.112463,9.849113,90.654251,90.375862,1,2,3,4
24.6710682,0.0208435,-0.102293,9.840483,-0.085543,9.841386,90.498032,90.595573,1,2,3,4
24.691906,0.0208378,-0.072383,9.820743,-0.06341,9.821214,90.369926,90.422287,1,2,3,4
24.7127438,0.0208378,-0.08674,9.837492,-0.109472,9.838483,90.637535,90.50518,1,2,3,4
24.7335854,0.0208416,-0.055633,9.822537,-0.144766,9.823762,90.84436,90.324509,1,2,3,4
24.754425,0.0208396,-0.075374,9.840483,-0.135194,9.841701,90.787094,90.43885,1,2,3,4
24.7752647,0.0208397,-0.095713,9.833304,0.031107,9.833819,89.818756,90.557671,1,2,3,4
24.7961082,0.0208435,-0.069392,9.853045,-0.035892,9.853355,90.20871,90.403511,1,2,3,4
24.8169498,0.0208416,-0.071186,9.836894,-0.190828,9.839002,91.11132,90.414627,1,2,3,4
24.8377914,0.0208416,-0.048455,9.829117,-0.111864,9.829873,90.652046,90.282448,1,2,3,4
24.8586311,0.0208397,-0.06999,9.833903,-0.090927,9.834573,90.529747,90.407784,1,2,3,4
24.8794727,0.0208416,-0.051446,9.846465,-0.022134,9.846624,90.128792,90.299355,1,2,3,4
24.9003124,0.0208397,-0.093918,9.847662,-0.04666,9.84822,90.271461,90.546417,1,2,3,4
24.9211521,0.0208397,-0.072981,9.817153,-0.169292,9.818884,90.987915,90.425934,1,2,3,4
24.9419937,0.0208416,-0.065204,9.845269,-0.153141,9.846676,90.891129,90.379463,1,2,3,4
24.9628334,0.0208397,-0.107677,9.825528,-0.066401,9.826343,90.387177,90.627876,1,2,3,4
24.9836769,0.0208435,-0.078365,9.854242,-0.02333,9.854582,90.135643,90.455627,1,2,3,4
25.0045185,0.0208416,-0.079561,9.82493,-0.135194,9.826182,90.788338,90.463966,1,2,3,4
25.025362,0.0208435,-0.066999,9.841082,-0.092722,9.841746,90.53981,90.390068,1,2,3,4
25.0462036,0.0208416,-0.052044,9.832706,-0.108275,9.833441,90.63089,90.303261,1,2,3,4
25.0670471,0.0208435,-0.04666,9.85484,-0.044865,9.855053,90.260841,90.271278,1,2,3,4
25.0878868,0.0208397,-0.065204,9.841082,-0.008973,9.841302,90.052238,90.379623,1,2,3,4
25.1087265,0.0208397,-0.067597,9.863813,-0.129212,9.864891,90.750496,90.392647,1,2,3,4
25.12957,0.0208435,-0.084945,9.865009,-0.132203,9.866261,90.767761,90.493347,1,2,3,4
25.1504097,0.0208397,-0.096909,9.817153,-0.04666,9.817742,90.272308,90.565575,1,2,3,4
25.1712532,0.0208435,-0.100499,9.81835,-0.0999,9.819372,90.582924,90.586449,1,2,3,4
25.1920948,0.0208416,-0.061017,9.846465,-0.089731,9.847063,90.52211,90.355049,1,2,3,4
25.2129364,0.0208416,-0.052642,9.820743,-0.12323,9.821656,90.718895,90.307121,1,2,3,4
25.2337742,0.0208378,-0.061615,9.812367,-0.129212,9.813412,90.754433,90.359772,1,2,3,4
25.2546101,0.0208359,-0.096909,9.83809,-0.043669,9.838664,90.254311,90.564369,1,2,3,4
25.2754478,0.0208377,-0.069392,9.864411,-0.082552,9.865001,90.479469,90.403046,1,2,3,4
25.2962856,0.0208378,-0.053839,9.855438,-0.111864,9.85622,90.650299,90.312996,1,2,3,4
25.3171234,0.0208378,-0.062213,9.842278,-0.054437,9.842625,90.316887,90.362167,1,2,3,4
25.3379612,0.0208378,-0.074776,9.833903,-0.007777,9.834191,90.045311,90.435661,1,2,3,4
25.3588009,0.0208397,-0.053839,9.842278,-0.054437,9.842575,90.316887,90.313416,1,2,3,4
25.3796406,0.0208397,-0.099302,9.807582,-0.172283,9.809597,91.006325,90.580101,1,2,3,4
25.4004784,0.0208378,-0.081356,9.813564,-0.206979,9.816084,91.208214,90.474983,1,2,3,4
25.4213181,0.0208397,-0.079561,9.845269,-0.101695,9.846116,90.591789,90.463005,1,2,3,4
25.4421577,0.0208396,-0.09332,9.827323,0.015553,9.827779,89.909325,90.54406,1,2,3,4
25.4629974,0.0208397,-0.043669,9.885947,-0.015553,9.886056,90.090141,90.25309,1,2,3,4
25.483839,0.0208416,-0.080758,9.83809,-0.13998,9.839417,90.815147,90.470314,1,2,3,4
25.5046787,0.0208397,-0.072981,9.8016,-0.174078,9.803416,91.017448,90.426605,1,2,3,4
25.5255222,0.0208435,-0.023928,9.898509,-0.095115,9.898995,90.550537,90.138504,1,2,3,4
25.54636,0.0208378,-0.110668,9.823733,0.010169,9.824362,89.940689,90.645432,1,2,3,4
25.5671997,0.0208397,-0.123829,9.816555,-0.026919,9.817373,90.157104,90.722702,1,2,3,4
25.5880413,0.0208416,-0.098106,9.822537,-0.260818,9.826489,91.520943,90.572243,1,2,3,4
25.608881,0.0208397,-0.057428,9.829716,-0.191426,9.831747,91.115631,90.334732,1,2,3,4
25.6297226,0.0208416,-0.06999,9.83809,0.013759,9.838348,89.919876,90.407608,1,2,3,4
25.6505623,0.0208397,-0.062812,9.840483,-0.001196,9.840683,90.006966,90.365715,1,2,3,4
25.6714001,0.0208378,-0.05683,9.87458,-0.010768,9.87475,90.062477,90.329742,1,2,3,4
25.6922417,0.0208416,-0.050847,9.876375,-0.175872,9.878072,91.020164,90.294975,1,2,3,4
25.7130833,0.0208416,-0.061017,9.790833,-0.246461,9.794125,91.441948,90.357063,1,2,3,4
25.7339249,0.0208416,-0.068794,9.839287,0.013161,9.839536,89.923363,90.400589,1,2,3,4
25.7547646,0.0208397,-0.074776,9.841082,0.008973,9.84137,89.947762,90.435341,1,2,3,4
25.7756042,0.0208396,-0.096909,9.836894,-0.205185,9.839511,91.194885,90.564438,1,2,3,4
25.7964439,0.0208397,-0.108873,9.785448,-0.226122,9.788666,91.323669,90.637451,1,2,3,4
25.8172836,0.0208397,-0.055633,9.842875,-0.157926,9.844299,90.919205,90.323837,1,2,3,4
25.8381252,0.0208416,-0.049651,9.897911,0.09332,9.898476,89.459824,90.287415,1,2,3,4
25.8589649,0.0208397,-0.096909,9.885947,0.083749,9.886777,89.514656,90.561638,1,2,3,4
25.8798046,0.0208397,-0.096311,9.806984,-0.21655,9.809848,91.264893,90.562668,1,2,3,4
25.9006481,0.0208435,-0.04666,9.81835,-0.22014,9.820929,91.284416,90.272285,1,2,3,4
25.9214897,0.0208416,-0.039482,9.827921,-0.039482,9.828079,90.230171,90.230171,1,2,3,4
25.9423313,0.0208416,-0.062213,9.848858,-0.081356,9.84939,90.473267,90.361923,1,2,3,4
25.9631691,0.0208378,-0.106481,9.805787,-0.074178,9.806645,90.433388,90.622147,1,2,3,4
25.9840069,0.0208378,-0.083749,9.818948,-0.148953,9.820435,90.86908,90.488678,1,2,3,4
26.0048504,0.0208435,-0.069392,9.862617,-0.168096,9.864293,90.976418,90.403114,1,2,3,4
26.0256901,0.0208397,-0.087936,9.885947,0.089731,9.886745,89.47998,90.509636,1,2,3,4
26.0465317,0.0208416,-0.090329,9.835697,-0.019741,9.836131,90.11499,90.526176,1,2,3,4
26.0673714,0.0208397,-0.08016,9.823135,-0.198604,9.82547,91.158211,90.467537,1,2,3,4
26.0882111,0.0208397,-0.022732,9.833304,-0.153739,9.834533,90.895714,90.132454,1,2,3,4
26.1090508,0.0208397,-0.021535,9.832108,-0.138784,9.833112,90.808693,90.125496,1,2,3,4
26.1298904,0.0208396,-0.034696,9.827921,-0.080758,9.828314,90.470795,90.202271,1,2,3,4
26.1507282,0.0208378,-0.104686,9.839287,0.002991,9.839844,89.982582,90.609581,1,2,3,4
26.1715679,0.0208397,-0.107677,9.868599,-0.144766,9.870248,90.840378,90.625137,1,2,3,4
26.1924076,0.0208397,-0.092124,9.856635,-0.126221,9.857873,90.733643,90.535492,1,2,3,4
26.2132454,0.0208378,-0.089133,9.820144,-0.002393,9.820548,90.013962,90.520035,1,2,3,4
26.234087,0.0208416,-0.087936,9.836894,-0.088534,9.837686,90.51564,90.512177,1,2,3,4
26.2549248,0.0208378,-0.060419,9.811171,-0.131605,9.812239,90.768494,90.352829,1,2,3,4
26.2757607,0.0208359,-0.026321,9.830912,-0.142373,9.831978,90.829704,90.153404,1,2,3,4
26.2966022,0.0208415,-0.041874,9.823733,-0.094516,9.824277,90.551231,90.244225,1,2,3,4
26.3174419,0.0208397,-0.087338,9.848858,-0.020339,9.849266,90.118317,90.50808,1,2,3,4
26.3382816,0.0208397,-0.105284,9.850055,0.011366,9.850624,89.933891,90.612396,1,2,3,4
26.3591213,0.0208397,-0.08016,9.836894,-0.14656,9.838312,90.853561,90.466888,1,2,3,4
26.3799572,0.0208359,-0.056231,9.837492,-0.132203,9.838541,90.76992,90.327499,1,2,3,4
26.400795,0.0208378,-0.062812,9.833903,-0.078365,9.834416,90.456566,90.365959,1,2,3,4
26.4216347,0.0208397,-0.08674,9.845269,-0.08016,9.845978,90.466469,90.504784,1,2,3,4
26.4424725,0.0208378,-0.078963,9.833304,-0.082552,9.833968,90.48098,90.460083,1,2,3,4
26.4633102,0.0208377,-0.068195,9.849456,-0.165105,9.851076,90.960327,90.396698,1,2,3,4
26.4841499,0.0208397,-0.065803,9.833903,-0.092722,9.834561,90.540199,90.383385,1,2,3,4
26.5049877,0.0208378,-0.095713,9.85484,-0.029312,9.855349,90.17041,90.556458,1,2,3,4
26.5258312,0.0208435,-0.10349,9.83809,-0.128016,9.839467,90.745468,90.602692,1,2,3,4
26.546669,0.0208378,-0.047258,9.827921,-0.150748,9.829191,90.878769,90.275505,1,2,3,4
26.5675087,0.0208397,-0.041874,9.833304,-0.06999,9.833643,90.407799,90.243988,1,2,3,4
26.5883503,0.0208416,-0.050847,9.848858,-0.000598,9.848989,90.003479,90.295799,1,2,3,4
26.6091881,0.0208378,-0.085543,9.836296,-0.083151,9.83702,90.484314,90.498276,1,2,3,4
26.6300278,0.0208397,-0.079561,9.842875,-0.12682,9.844014,90.738159,90.46312,1,2,3,4
26.6508694,0.0208416,-0.04008,9.836296,-0.132802,9.837275,90.773506,90.233459,1,2,3,4
26.6717072,0.0208378,-0.088534,9.832706,-0.050847,9.833237,90.29628,90.515884,1,2,3,4
26.6925507,0.0208435,-0.110668,9.827921,-0.049651,9.82867,90.289436,90.645157,1,2,3,4
26.7133884,0.0208377,-0.09332,9.823135,-0.171685,9.825078,91.001244,90.544296,1,2,3,4
26.7342281,0.0208397,-0.065803,9.836894,-0.138186,9.838084,90.804802,90.38327,1,2,3,4
26.7550678,0.0208397,-0.052044,9.842875,-0.042473,9.843104,90.247231,90.302948,1,2,3,4
26.7759094,0.0208416,-0.062812,9.84826,-0.041874,9.848549,90.243614,90.365425,1,2,3,4
26.796751,0.0208416,-0.049053,9.841082,-0.083151,9.841555,90.484093,90.285591,1,2,3,4
26.8175888,0.0208378,-0.071785,9.836894,-0.131007,9.838028,90.762993,90.418106,1,2,3,4
26.8384285,0.0208397,-0.054437,9.828519,-0.111266,9.829299,90.64859,90.317337,1,2,3,4
26.859272,0.0208435,-0.084347,9.825528,-0.084347,9.826252,90.491821,90.491844,1,2,3,4
26.8801155,0.0208435,-0.079561,9.849456,-0.081356,9.850114,90.473236,90.462807,1,2,3,4
26.9009628,0.0208473,-0.09332,9.853643,-0.071785,9.854346,90.417381,90.54261,1,2,3,4
26.9218082,0.0208454,-0.07657,9.817751,-0.083151,9.818401,90.485237,90.446854,1,2,3,4
26.9426537,0.0208455,-0.059222,9.848858,-0.097508,9.849519,90.567223,90.344521,1,2,3,4
26.9634953,0.0208416,-0.066999,9.844072,-0.101097,9.844819,90.588379,90.389954,1,2,3,4
26.9843369,0.0208416,-0.09332,9.835697,-0.074178,9.836419,90.432076,90.543602,1,2,3,4
27.0051746,0.0208377,-0.105284,9.80818,-0.122034,9.809505,90.712799,90.615005,1,2,3,4
27.0260162,0.0208416,-0.055633,9.823733,-0.139382,9.82488,90.812859,90.324471,1,2,3,4
27.046854,0.0208378,-0.061615,9.847063,-0.038285,9.84733,90.222755,90.358505,1,2,3,4
27.0676899,0.0208359,-0.078365,9.834501,-0.032901,9.834868,90.191673,90.456543,1,2,3,4
27.0885315,0.0208416,-0.071785,9.850055,-0.068794,9.850556,90.400139,90.417549,1,2,3,4
27.1093712,0.0208397,-0.04008,9.856635,-0.074178,9.856996,90.431175,90.232979,1,2,3,4
27.1302109,0.0208397,-0.061017,9.851849,-0.104088,9.852588,90.605316,90.354851,1,2,3,4
27.1510525,0.0208416,-0.077767,9.829716,-0.126221,9.830833,90.735657,90.453278,1,2,3,4
27.1718884,0.0208359,-0.112463,9.823135,-0.132802,9.824677,90.774498,90.655937,1,2,3,4
27.192728,0.0208396,-0.085543,9.833304,-0.122034,9.834434,90.710991,90.498421,1,2,3,4
27.2135696,0.0208416,-0.071785,9.845867,-0.068794,9.846369,90.400314,90.417725,1,2,3,4
27.2344074,0.0208378,-0.072981,9.841082,-0.072981,9.841622,90.424881,90.424896,1,2,3,4
27.255249,0.0208416,-0.061615,9.836296,-0.054437,9.836639,90.317078,90.358902,1,2,3,4
27.2760887,0.0208397,-0.062812,9.842278,-0.071186,9.842735,90.414391,90.365646,1,2,3,4
27.2969265,0.0208378,-0.059222,9.83809,-0.087338,9.838656,90.508621,90.344902,1,2,3,4
27.3177662,0.0208397,-0.054437,9.845269,-0.111864,9.846055,90.65097,90.316795,1,2,3,4
27.3386059,0.0208397,-0.057428,9.841082,-0.074776,9.841533,90.435333,90.334343,1,2,3,4
27.3594437,0.0208378,-0.101097,9.847063,-0.071785,9.847844,90.417656,90.588219,1,2,3,4
27.3802853,0.0208416,-0.090927,9.827921,-0.125623,9.829144,90.7323,90.530083,1,2,3,4
27.401123,0.0208377,-0.088534,9.833304,-0.137587,9.834665,90.801598,90.515854,1,2,3,4
27.4219627,0.0208397,-0.061615,9.843474,-0.090927,9.844088,90.529236,90.358635,1,2,3,4
27.4428024,0.0208397,-0.074178,9.84826,-0.025723,9.848573,90.149651,90.431549,1,2,3,4
27.4636402,0.0208378,-0.081356,9.835697,-0.087338,9.836422,90.508736,90.473907,1,2,3,4
27.4844799,0.0208397,-0.058026,9.835697,-0.14656,9.83696,90.853676,90.338013,1,2,3,4
27.5053177,0.0208378,-0.062812,9.840483,-0.083151,9.841034,90.484116,90.365715,1,2,3,4
27.5261574,0.0208397,-0.06341,9.83809,-0.040678,9.838379,90.2369,90.369286,1,2,3,4
27.5470009,0.0208435,-0.090927,9.835099,-0.070588,9.835773,90.411194,90.529694,1,2,3,4
27.5678387,0.0208378,-0.080758,9.829117,-0.120239,9.830184,90.700836,90.470741,1,2,3,4
27.5886784,0.0208397,-0.082552,9.847662,-0.105882,9.848577,90.615997,90.480293,1,2,3,4
27.6095161,0.0208377,-0.068195,9.83151,-0.038285,9.83182,90.223114,90.397423,1,2,3,4
27.6303539,0.0208378,-0.078365,9.84168,-0.047258,9.842105,90.275116,90.456215,1,2,3,4
27.6511898,0.0208359,-0.08674,9.834501,-0.115454,9.835562,90.672577,90.505333,1,2,3,4
27.6720314,0.0208416,-0.073579,9.835697,-0.126221,9.836782,90.735214,90.428612,1,2,3,4
27.6928673,0.0208359,-0.057428,9.835099,-0.090927,9.835688,90.529686,90.334549,1,2,3,4
27.7137012,0.0208339,-0.055633,9.832706,-0.064008,9.833072,90.372971,90.324173,1,2,3,4
27.7345352,0.020834,-0.06341,9.839287,-0.09332,9.839933,90.543388,90.36924,1,2,3,4
27.7553711,0.0208359,-0.090329,9.830314,-0.138186,9.8317,90.805321,90.526466,1,2,3,4
27.7762108,0.0208397,-0.087936,9.836296,-0.102891,9.837228,90.599289,90.512207,1,2,3,4
27.7970505,0.0208397,-0.075972,9.837492,-0.038883,9.837862,90.226456,90.442467,1,2,3,4
27.8178883,0.0208378,-0.081356,9.840483,-0.071186,9.841077,90.414459,90.473679,1,2,3,4
27.8387299,0.0208416,-0.06341,9.84467,-0.083151,9.845225,90.48391,90.369041,1,2,3,4
27.8595657,0.0208358,-0.053839,9.835099,-0.090329,9.835661,90.526199,90.313644,1,2,3,4
27.8803997,0.020834,-0.061017,9.835099,-0.097508,9.835772,90.568016,90.355461,1,2,3,4
27.9012337,0.020834,-0.071186,9.84168,-0.077767,9.842244,90.452721,90.414421,1,2,3,4
27.9220734,0.0208397,-0.087936,9.833304,-0.083151,9.834049,90.484467,90.512367,1,2,3,4
27.9429092,0.0208358,-0.061615,9.829716,-0.084945,9.830276,90.49511,90.359138,1,2,3,4
27.9637451,0.0208359,-0.087338,9.843474,-0.077767,9.84417,90.452629,90.508354,1,2,3,4
27.9845772,0.0208321,-0.068195,9.835697,-0.069392,9.836179,90.404213,90.397255,1,2,3,4
28.005415,0.0208378,-0.077767,9.843474,-0.078963,9.844098,90.459595,90.452644,1,2,3,4
28.0262508,0.0208358,-0.068195,9.832108,-0.09332,9.832788,90.543785,90.3974,1,2,3,4
28.0470867,0.0208359,-0.062213,9.842875,-0.105882,9.843641,90.61631,90.362144,1,2,3,4
28.0679226,0.0208359,-0.059821,9.842875,-0.066999,9.843285,90.389992,90.348213,1,2,3,4
28.0887623,0.0208397,-0.084347,9.841082,-0.072383,9.841709,90.421394,90.491066,1,2,3,4
28.1095963,0.020834,-0.078365,9.827921,-0.100499,9.828747,90.585854,90.456848,1,2,3,4
28.1304302,0.0208339,-0.081356,9.847662,-0.096311,9.84847,90.560318,90.473335,1,2,3,4
28.1512661,0.0208359,-0.067597,9.836894,-0.068195,9.837362,90.397194,90.393723,1,2,3,4
28.172102,0.0208359,-0.062213,9.83151,-0.079561,9.832028,90.463646,90.362564,1,2,3,4
28.1929398,0.0208378,-0.075972,9.84467,-0.08674,9.845345,90.504799,90.442146,1,2,3,4
28.2137756,0.0208358,-0.062213,9.841082,-0.095115,9.841738,90.553741,90.362206,1,2,3,4
28.2346096,0.020834,-0.065204,9.841082,-0.098106,9.841786,90.571152,90.379623,1,2,3,4
28.2554474,0.0208378,-0.062812,9.842875,-0.075374,9.843365,90.438736,90.365623,1,2,3,4
28.2762852,0.0208378,-0.080758,9.83809,-0.087338,9.838809,90.508614,90.470314,1,2,3,4
28.297121,0.0208358,-0.089133,9.830314,-0.107677,9.831307,90.627541,90.519493,1,2,3,4
28.3179569,0.0208359,-0.087338,9.839885,-0.075374,9.840561,90.438866,90.508537,1,2,3,4
28.3387928,0.0208359,-0.065204,9.83809,-0.061615,9.838499,90.358826,90.379738,1,2,3,4
28.3596287,0.0208359,-0.072981,9.83151,-0.09332,9.832223,90.543816,90.425308,1,2,3,4
28.3804646,0.0208359,-0.067597,9.836296,-0.090927,9.836949,90.529617,90.393745,1,2,3,4
28.4013004,0.0208358,-0.060419,9.83151,-0.08016,9.832022,90.467133,90.352104,1,2,3,4
28.4221363,0.0208359,-0.070588,9.835099,-0.072981,9.835624,90.42514,90.411217,1,2,3,4
28.442976,0.0208397,-0.077767,9.835099,-0.074776,9.835691,90.435593,90.453033,1,2,3,4
28.4638119,0.0208359,-0.079561,9.836296,-0.104686,9.837175,90.609749,90.463432,1,2,3,4
28.4846478,0.0208359,-0.072981,9.83809,-0.092722,9.838798,90.53997,90.425026,1,2,3,4
28.5054817,0.0208339,-0.08016,9.832706,-0.071785,9.833295,90.418274,90.467087,1,2,3,4
28.5263214,0.0208397,-0.077767,9.843474,-0.068195,9.844018,90.396927,90.452644,1,2,3,4
28.5471592,0.0208378,-0.06999,9.836894,-0.095115,9.837603,90.55397,90.407654,1,2,3,4
28.5679989,0.0208397,-0.069392,9.844072,-0.105882,9.844886,90.616234,90.403877,1,2,3,4
28.5888386,0.0208397,-0.052642,9.832108,-0.101097,9.832769,90.589104,90.306763,1,2,3,4
28.6096764,0.0208378,-0.062812,9.84826,-0.059222,9.848639,90.344536,90.365425,1,2,3,4
28.6305141,0.0208377,-0.074178,9.845867,-0.070588,9.846399,90.410751,90.431648,1,2,3,4
28.6513519,0.0208378,-0.078963,9.835099,-0.0999,9.835923,90.581947,90.459999,1,2,3,4
28.6721897,0.0208378,-0.097508,9.835099,-0.111864,9.836219,90.651619,90.568024,1,2,3,4
28.6930256,0.0208359,-0.092124,9.838689,-0.086142,9.839498,90.50161,90.536469,1,2,3,4
28.7138672,0.0208416,-0.072383,9.841082,-0.055633,9.841505,90.323891,90.42141,1,2,3,4
28.734705,0.0208378,-0.062213,9.84467,-0.102293,9.845398,90.595314,90.362076,1,2,3,4
28.7555408,0.0208358,-0.058624,9.833304,-0.111266,9.834108,90.648277,90.341583,1,2,3,4
28.7763805,0.0208397,-0.053839,9.839287,-0.100499,9.839948,90.58519,90.313507,1,2,3,4
28.7972183,0.0208378,-0.055035,9.848858,-0.073579,9.849287,90.428032,90.32016,1,2,3,4
28.8180542,0.0208359,-0.077767,9.83809,-0.066401,9.838622,90.386688,90.452896,1,2,3,4
28.8388901,0.0208359,-0.092124,9.833903,-0.091525,9.834761,90.533218,90.536728,1,2,3,4
28.8597298,0.0208397,-0.084945,9.851251,-0.108275,9.852212,90.629692,90.494034,1,2,3,4
28.8805656,0.0208358,-0.092124,9.835697,-0.078963,9.836445,90.459953,90.536629,1,2,3,4
28.9014034,0.0208378,-0.07657,9.83809,-0.051446,9.838523,90.299599,90.44593,1,2,3,4
28.9222393,0.0208359,-0.069392,9.835697,-0.084945,9.836308,90.494804,90.404221,1,2,3,4
28.9430771,0.0208378,-0.05324,9.842875,-0.092124,9.843451,90.536232,90.309914,1,2,3,4
28.9639149,0.0208378,-0.056231,9.83809,-0.090927,9.838671,90.529526,90.327484,1,2,3,4
28.9847488,0.0208339,-0.084945,9.83809,-0.077169,9.838759,90.449394,90.494698,1,2,3,4
29.0055847,0.0208359,-0.071186,9.830912,-0.091525,9.831595,90.533394,90.414879,1,2,3,4
29.0264225,0.0208378,-0.080758,9.832108,-0.111266,9.83307,90.648346,90.470596,1,2,3,4
29.0472603,0.0208378,-0.077767,9.832706,-0.087936,9.833407,90.512383,90.45314,1,2,3,4
29.0681,0.0208397,-0.067597,9.832108,-0.077169,9.832644,90.449677,90.393913,1,2,3,4
29.0889416,0.0208416,-0.072981,9.83151,-0.100499,9.832294,90.585648,90.425308,1,2,3,4
29.1097813,0.0208397,-0.066401,9.83151,-0.126221,9.832544,90.735535,90.386963,1,2,3,4
29.1306229,0.0208416,-0.074178,9.83809,-0.088534,9.838768,90.515587,90.431992,1,2,3,4
29.1514645,0.0208416,-0.082552,9.836296,-0.064008,9.836851,90.372826,90.48085,1,2,3,4
29.1723042,0.0208397,-0.084347,9.835697,-0.081356,9.836395,90.473892,90.491333,1,2,3,4
29.1931438,0.0208396,-0.084347,9.845269,-0.074776,9.845915,90.435143,90.490852,1,2,3,4
29.2139816,0.0208378,-0.08016,9.832706,-0.119043,9.833754,90.693611,90.467087,1,2,3,4
29.2348175,0.0208359,-0.072383,9.839287,-0.101097,9.840073,90.588669,90.421494,1,2,3,4
29.2556591,0.0208416,-0.078963,9.84168,-0.071186,9.842254,90.414406,90.459694,1,2,3,4
29.2764969,0.0208378,-0.087338,9.847063,-0.06999,9.847699,90.407219,90.508171,1,2,3,4
29.2973385,0.0208416,-0.073579,9.836894,-0.099302,9.83767,90.578354,90.428558,1,2,3,4
29.3181782,0.0208397,-0.06341,9.847063,-0.119043,9.847986,90.692612,90.36895,1,2,3,4
29.339016,0.0208378,-0.064008,9.837492,-0.082552,9.838046,90.480782,90.372795,1,2,3,4
29.3598557,0.0208397,-0.085543,9.83809,-0.0335,9.838519,90.195091,90.498184,1,2,3,4
29.3806934,0.0208377,-0.08016,9.834501,-0.073579,9.835103,90.42865,90.466995,1,2,3,4
29.4015312,0.0208378,-0.064606,9.826126,-0.128016,9.827172,90.746399,90.376709,1,2,3,4
29.4223709,0.0208397,-0.06999,9.84467,-0.121436,9.845668,90.706703,90.407333,1,2,3,4
29.4432106,0.0208397,-0.066999,9.83809,-0.069392,9.838563,90.404114,90.39019,1,2,3,4
29.4640503,0.0208397,-0.077767,9.842278,-0.054437,9.842735,90.316887,90.452698,1,2,3,4
29.48489,0.0208397,-0.062812,9.841082,-0.102293,9.841814,90.595528,90.365692,1,2,3,4
29.5057278,0.0208378,-0.077169,9.826724,-0.105882,9.827598,90.617317,90.449928,1,2,3,4
29.5265694,0.0208416,-0.075972,9.845269,-0.058624,9.845737,90.341156,90.442123,1,2,3,4
29.5474091,0.0208397,-0.087936,9.844072,-0.058624,9.84464,90.341194,90.511803,1,2,3,4
29.5682468,0.0208377,-0.078365,9.83809,-0.098704,9.838898,90.574799,90.456375,1,2,3,4
29.5890865,0.0208397,-0.078963,9.84826,-0.0999,9.849083,90.581169,90.459389,1,2,3,4
29.6099262,0.0208397,-0.06999,9.835099,-0.10349,9.835893,90.602859,90.40773,1,2,3,4
29.630764,0.0208378,-0.06999,9.837492,-0.044865,9.837843,90.261299,90.407631,1,2,3,4
29.6516018,0.0208378,-0.073579,9.835697,-0.073579,9.836247,90.428604,90.428612,1,2,3,4
29.6724415,0.0208397,-0.091525,9.835697,-0.119043,9.836843,90.693398,90.53315,1,2,3,4
29.6932793,0.0208378,-0.071186,9.833304,-0.113061,9.834212,90.65873,90.414772,1,2,3,4
29.7141171,0.0208378,-0.071186,9.829716,-0.064008,9.830182,90.373077,90.414925,1,2,3,4
29.7349567,0.0208396,-0.077169,9.845269,-0.055633,9.845729,90.323753,90.449081,1,2,3,4
29.7557964,0.0208397,-0.086142,9.841082,-0.090329,9.841873,90.525871,90.501511,1,2,3,4
29.7766399,0.0208435,-0.068195,9.850653,-0.133998,9.8518,90.779327,90.396652,1,2,3,4
29.7974777,0.0208378,-0.060419,9.845269,-0.114855,9.846125,90.668373,90.351608,1,2,3,4
29.8183174,0.0208397,-0.061017,9.84168,-0.066401,9.842093,90.386559,90.355225,1,2,3,4
29.8391571,0.0208397,-0.093918,9.806385,-0.052044,9.806973,90.304062,90.548721,1,2,3,4
29.8599949,0.0208378,-0.038285,9.87458,-0.064606,9.874866,90.374863,90.222145,1,2,3,4
29.8808346,0.0208397,-0.071785,9.848858,-0.148953,9.850245,90.866447,90.417603,1,2,3,4
29.9016762,0.0208416,-0.12323,9.792626,-0.077767,9.793711,90.454964,90.72097,1,2,3,4
29.9225121,0.0208359,-0.047258,9.854242,-0.071186,9.854613,90.413887,90.274773,1,2,3,4
29.9433517,0.0208396,-0.072383,9.866206,-0.142971,9.867508,90.830193,90.420341,1,2,3,4
29.9641895,0.0208378,-0.077767,9.842875,-0.019143,9.843202,90.111427,90.452675,1,2,3,4
29.9850273,0.0208378,-0.071186,9.816555,-0.060419,9.816998,90.352631,90.415482,1,2,3,4
30.005867,0.0208397,-0.038883,9.81476,-0.145962,9.815923,90.852013,90.22699,1,2,3,4
30.0267086,0.0208416,-0.078365,9.859626,-0.016152,9.85995,90.093857,90.455383,1,2,3,4
30.0475464,0.0208378,-0.088534,9.815358,-0.165703,9.817156,90.96714,90.516792,1,2,3,4
30.0683842,0.0208378,-0.105882,9.842875,-0.109472,9.844053,90.637177,90.616325,1,2,3,4
30.0892258,0.0208416,-0.064008,9.83151,0.015553,9.831731,89.909363,90.373016,1,2,3,4
30.1100655,0.0208397,-0.047258,9.851251,-0.113061,9.852013,90.657539,90.274857,1,2,3,4
30.1309052,0.0208397,-0.041874,9.857233,-0.075374,9.857611,90.438103,90.243393,1,2,3,4
30.1517429,0.0208377,-0.069392,9.826126,-0.064606,9.826584,90.376701,90.404617,1,2,3,4
30.1725845,0.0208416,-0.101097,9.836894,-0.177667,9.839018,91.034668,90.588829,1,2,3,4
30.1934261,0.0208416,-0.045464,9.870394,-0.047856,9.870615,90.277794,90.263908,1,2,3,4
30.2142658,0.0208397,-0.090329,9.833304,-0.051446,9.833854,90.299744,90.526306,1,2,3,4
30.2351093,0.0208435,-0.077169,9.830314,-0.109472,9.831226,90.638008,90.449768,1,2,3,4
30.2559547,0.0208454,-0.089731,9.835099,-0.120239,9.836244,90.700409,90.522728,1,2,3,4
30.2767982,0.0208435,-0.062812,9.836894,-0.100499,9.837607,90.585327,90.365845,1,2,3,4
30.2976418,0.0208436,-0.058026,9.84168,-0.086142,9.842228,90.501472,90.337807,1,2,3,4
30.3184872,0.0208454,-0.074178,9.833304,0.011964,9.833591,89.93029,90.432205,1,2,3,4
30.3393326,0.0208454,-0.074178,9.851849,-0.062213,9.852324,90.361801,90.431389,1,2,3,4
30.360178,0.0208454,-0.08016,9.841082,-0.163908,9.842772,90.95417,90.46669,1,2,3,4
30.3810196,0.0208416,-0.087338,9.851849,-0.055633,9.852393,90.323532,90.507919,1,2,3,4
30.401865,0.0208454,-0.11665,9.810573,-0.067597,9.8115,90.394745,90.681229,1,2,3,4
30.4227047,0.0208397,-0.077767,9.815358,-0.080758,9.815999,90.47139,90.453941,1,2,3,4
30.4435444,0.0208397,-0.035892,9.839287,-0.10349,9.839896,90.602608,90.209007,1,2,3,4
30.4643822,0.0208378,-0.032901,9.847662,-0.107677,9.848306,90.626457,90.191429,1,2,3,4
30.48522,0.0208378,-0.04666,9.84826,-0.07657,9.848668,90.445465,90.271461,1,2,3,4
30.5060596,0.0208396,-0.092722,9.834501,-0.062812,9.835139,90.365921,90.540184,1,2,3,4
30.5269051,0.0208455,-0.05683,9.845867,-0.06999,9.84628,90.40728,90.330704,1,2,3,4
30.5477524,0.0208473,-0.066401,9.830314,-0.085543,9.830911,90.498566,90.387009,1,2,3,4
30.568594,0.0208416,-0.077169,9.829716,-0.095115,9.83048,90.554375,90.449791,1,2,3,4
30.5894356,0.0208416,-0.081954,9.820144,-0.11665,9.821178,90.680542,90.478149,1,2,3,4
30.6102734,0.0208378,-0.088534,9.826126,-0.12323,9.827297,90.718483,90.516228,1,2,3,4
30.6311111,0.0208377,-0.044267,9.834501,-0.016152,9.834614,90.094101,90.257896,1,2,3,4
30.6519508,0.0208397,-0.044267,9.845269,-0.040678,9.845453,90.236725,90.257614,1,2,3,4
30.6727886,0.0208378,-0.071186,9.830314,-0.096311,9.831043,90.561317,90.414902,1,2,3,4
30.6936264,0.0208378,-0.064008,9.851251,-0.132203,9.852345,90.768845,90.372269,1,2,3,4
30.714468,0.0208416,-0.077767,9.83151,-0.111864,9.832454,90.651871,90.453194,1,2,3,4
30.7353077,0.0208397,-0.074178,9.851251,-0.042473,9.851622,90.247017,90.431412,1,2,3,4
30.7561493,0.0208416,-0.073579,9.822537,-0.086142,9.823191,90.502441,90.429184,1,2,3,4
30.7769871,0.0208378,-0.08674,9.841082,-0.140578,9.842467,90.818375,90.504997,1,2,3,4
30.7978268,0.0208397,-0.104088,9.838689,-0.117847,9.839945,90.686211,90.606133,1,2,3,4
30.8186665,0.0208397,-0.080758,9.847662,-0.052642,9.848134,90.306267,90.469856,1,2,3,4
30.8395061,0.0208396,-0.095713,9.836296,-0.0335,9.836819,90.195122,90.557503,1,2,3,4
30.8603458,0.0208397,-0.070588,9.84826,-0.093918,9.848961,90.546371,90.410667,1,2,3,4
30.8811855,0.0208397,-0.043071,9.827921,-0.122034,9.828773,90.711403,90.251099,1,2,3,4
30.9020252,0.0208397,-0.068794,9.84168,-0.093918,9.842368,90.546738,90.40049,1,2,3,4
30.9228649,0.0208397,-0.058624,9.836894,-0.036491,9.837136,90.21254,90.341454,1,2,3,4
30.9437065,0.0208416,-0.075972,9.842278,-0.07657,9.842869,90.445724,90.442253,1,2,3,4
30.9645443,0.0208378,-0.077767,9.839287,-0.129212,9.840443,90.752357,90.452843,1,2,3,4
30.985384,0.0208397,-0.069392,9.84826,-0.095713,9.848969,90.556816,90.403702,1,2,3,4
31.0062218,0.0208378,-0.107677,9.82493,-0.090329,9.825935,90.526726,90.627914,1,2,3,4
31.0270615,0.0208397,-0.074178,9.849456,-0.030508,9.849782,90.177467,90.431496,1,2,3,4
31.0479031,0.0208416,-0.062812,9.857233,-0.098704,9.857927,90.573692,90.365089,1,2,3,4
31.0687408,0.0208377,-0.07657,9.814162,-0.159721,9.815761,90.93235,90.447014,1,2,3,4
31.0895786,0.0208378,-0.048455,9.832108,-0.050847,9.832359,90.296303,90.282364,1,2,3,4
31.1104183,0.0208397,-0.050847,9.833903,-0.059821,9.834217,90.348526,90.296249,1,2,3,4
31.1312542,0.0208359,-0.065204,9.845867,-0.088534,9.846481,90.515182,90.37944,1,2,3,4
31.1520939,0.0208397,-0.091525,9.846465,-0.123829,9.847669,90.720482,90.532562,1,2,3,4
31.1729355,0.0208416,-0.101097,9.844072,-0.111266,9.845221,90.647545,90.588394,1,2,3,4
31.1937752,0.0208397,-0.061615,9.847662,0.045464,9.84796,89.735489,90.358482,1,2,3,4
31.2146149,0.0208397,-0.057428,9.867402,-0.054437,9.867719,90.316086,90.333458,1,2,3,4
31.2354565,0.0208416,-0.082552,9.811769,-0.168694,9.813567,90.984955,90.482056,1,2,3,4
31.2562943,0.0208378,-0.071186,9.851251,-0.137587,9.852468,90.800148,90.414017,1,2,3,4
31.277132,0.0208377,-0.069392,9.822537,-0.073579,9.823058,90.429176,90.404762,1,2,3,4
31.2979717,0.0208397,-0.062812,9.834501,-0.032901,9.834757,90.191681,90.365936,1,2,3,4
31.3188114,0.0208397,-0.087338,9.845867,-0.092124,9.846685,90.536057,90.508232,1,2,3,4
31.3396511,0.0208397,-0.090329,9.804591,-0.20997,9.807255,91.226776,90.527847,1,2,3,4
31.3604908,0.0208397,-0.074178,9.845867,-0.11665,9.846838,90.678764,90.431648,1,2,3,4
31.3813286,0.0208378,-0.055035,9.844072,0.037089,9.844296,89.784134,90.32032,1,2,3,4
31.4021702,0.0208416,-0.053839,9.863214,0.017946,9.863378,89.895752,90.312744,1,2,3,4
31.423008,0.0208378,-0.080758,9.842278,-0.120838,9.84335,90.703384,90.470116,1,2,3,4
31.4438457,0.0208377,-0.077169,9.808778,-0.215354,9.811445,91.257698,90.450752,1,2,3,4
31.4646854,0.0208397,-0.048455,9.865608,-0.091525,9.866152,90.531525,90.281403,1,2,3,4
31.4855213,0.0208359,-0.029312,9.859028,0.062213,9.859268,89.638451,90.170349,1,2,3,4
31.506361,0.0208397,-0.101097,9.849456,-0.062213,9.850171,90.361877,90.588074,1,2,3,4
31.5271969,0.0208359,-0.101695,9.769297,-0.177667,9.771441,91.041824,90.596405,1,2,3,4
31.5480366,0.0208397,-0.078365,9.849456,-0.224925,9.852335,91.308159,90.455849,1,2,3,4
31.5688725,0.0208359,-0.068794,9.870394,-0.082552,9.870978,90.479179,90.39933,1,2,3,4
31.5897102,0.0208377,-0.104088,9.833903,0.087936,9.834847,89.487694,90.60643,1,2,3,4
31.610548,0.0208378,-0.114855,9.815957,-0.049651,9.816754,90.289795,90.67038,1,2,3,4
31.6313858,0.0208378,-0.031705,9.842875,-0.198604,9.84493,91.155922,90.184555,1,2,3,4
31.6522217,0.0208359,-0.023928,9.856036,-0.211765,9.85834,91.23085,90.139099,1,2,3,4
31.6730576,0.0208359,-0.057428,9.826126,0.031705,9.826345,89.815132,90.334854,1,2,3,4
31.6938972,0.0208396,-0.094516,9.845867,0.037089,9.846391,89.78418,90.550003,1,2,3,4
31.714735,0.0208378,-0.06341,9.843474,-0.107079,9.844261,90.623238,90.369087,1,2,3,4
31.7355709,0.0208359,-0.043669,9.856635,-0.229113,9.859394,91.331558,90.253845,1,2,3,4
31.7564087,0.0208378,-0.087936,9.829716,-0.120239,9.830845,90.70079,90.51255,1,2,3,4
31.7772446,0.0208359,-0.100499,9.837492,0.043669,9.838102,89.745674,90.585304,1,2,3,4
31.7980804,0.0208358,-0.084945,9.858429,-0.048455,9.858914,90.281601,90.493675,1,2,3,4
31.8189163,0.0208359,-0.07657,9.823733,-0.16989,9.8255,90.990738,90.446579,1,2,3,4
31.8397541,0.0208378,-0.06341,9.850055,-0.158524,9.851534,90.922005,90.368835,1,2,3,4
31.8605881,0.020834,-0.082552,9.818948,-0.02991,9.81934,90.17453,90.481697,1,2,3,4
31.881424,0.0208359,-0.047258,9.857233,-0.013759,9.857356,90.079971,90.274689,1,2,3,4
31.9022598,0.0208358,-0.043071,9.857831,-0.099302,9.858425,90.577141,90.250336,1,2,3,4
31.9230995,0.0208397,-0.050847,9.797412,-0.113659,9.798203,90.664642,90.297356,1,2,3,4
31.9439373,0.0208378,-0.055633,9.842875,-0.102891,9.843571,90.5989,90.323837,1,2,3,4
31.9647713,0.020834,-0.080758,9.880563,-0.064008,9.8811,90.371155,90.468292,1,2,3,4
31.9856091,0.0208378,-0.107677,9.812965,-0.020937,9.813579,90.122238,90.628677,1,2,3,4
32.0064468,0.0208377,-0.10349,9.823733,-0.095115,9.824739,90.554695,90.603569,1,2,3,4
32.0272865,0.0208397,-0.065803,9.828519,-0.16989,9.830208,90.990265,90.383591,1,2,3,4
32.0481224,0.0208359,-0.078365,9.845269,-0.102293,9.846113,90.595268,90.456047,1,2,3,4
32.0689583,0.0208359,-0.060419,9.814162,-0.034098,9.814407,90.199059,90.352722,1,2,3,4
32.0897942,0.0208359,-0.054437,9.853045,-0.053839,9.853343,90.313065,90.316551,1,2,3,4
32.1106339,0.0208397,-0.060419,9.839287,-0.056231,9.839632,90.327438,90.351822,1,2,3,4
32.1314697,0.0208358,-0.092722,9.845867,-0.090927,9.846724,90.529091,90.539558,1,2,3,4
32.1523056,0.0208359,-0.072383,9.853643,-0.149551,9.855044,90.869507,90.420876,1,2,3,4
32.1731415,0.0208359,-0.059222,9.846465,-0.096311,9.847115,90.560402,90.344604,1,2,3,4
32.1939812,0.0208397,-0.071785,9.833903,-0.016152,9.834179,90.094101,90.418236,1,2,3,4
32.2148209,0.0208397,-0.05683,9.825528,-0.04008,9.825774,90.233711,90.33139,1,2,3,4
32.2356567,0.0208358,-0.073579,9.840483,-0.167498,9.842183,90.975128,90.428406,1,2,3,4
32.2564888,0.0208321,-0.068195,9.835099,-0.200399,9.837378,91.167259,90.397278,1,2,3,4
32.2773285,0.0208397,-0.078963,9.833304,-0.149551,9.834759,90.8713,90.460083,1,2,3,4
32.2981644,0.0208359,-0.084347,9.833304,0.012562,9.833674,89.926804,90.491455,1,2,3,4
32.3189964,0.020832,-0.049053,9.850055,0.017348,9.850192,89.899094,90.285332,1,2,3,4
32.3398323,0.0208359,-0.066999,9.859028,-0.075972,9.859549,90.44149,90.389359,1,2,3,4
32.360672,0.0208397,-0.068195,9.84826,-0.156132,9.849733,90.908257,90.396744,1,2,3,4
32.3815079,0.0208359,-0.061017,9.829716,-0.158524,9.831183,90.923912,90.355652,1,2,3,4
32.4023438,0.0208359,-0.043669,9.812367,-0.062213,9.812662,90.363266,90.25499,1,2,3,4
32.4231796,0.0208358,-0.081954,9.83809,0.008973,9.838435,89.947746,90.47728,1,2,3,4
32.4440155,0.0208359,-0.082552,9.84467,-0.086142,9.845393,90.501312,90.480438,1,2,3,4
32.4648514,0.0208359,-0.099302,9.847662,-0.197408,9.850141,91.148346,90.577744,1,2,3,4
32.4856873,0.0208359,-0.0999,9.839287,-0.136989,9.840748,90.797615,90.581718,1,2,3,4
32.5065231,0.0208358,-0.065204,9.830314,-0.042473,9.830622,90.247543,90.380035,1,2,3,4
32.5273628,0.0208397,-0.052044,9.84826,-0.019143,9.848416,90.111366,90.30278,1,2,3,4
32.5482025,0.0208397,-0.048455,9.836894,-0.081954,9.837355,90.477333,90.282227,1,2,3,4
32.5690384,0.0208359,-0.059222,9.851849,-0.174078,9.853564,91.012268,90.344421,1,2,3,4
32.5898781,0.0208397,-0.057428,9.846465,-0.127418,9.847457,90.741379,90.33416,1,2,3,4
32.610714,0.0208359,-0.078963,9.830314,-0.030508,9.830678,90.177811,90.460228,1,2,3,4
32.6315498,0.0208358,-0.092722,9.837492,-0.056231,9.838089,90.327484,90.540016,1,2,3,4
32.6523857,0.0208359,-0.095713,9.84168,-0.114855,9.842815,90.668594,90.557198,1,2,3,4
32.6732216,0.0208359,-0.075374,9.844072,-0.125025,9.845155,90.727623,90.43869,1,2,3,4
32.6940575,0.0208359,-0.047258,9.843474,-0.10349,9.844132,90.602348,90.27507,1,2,3,4
32.7148933,0.0208358,-0.078963,9.832108,-0.055633,9.832583,90.324181,90.460144,1,2,3,4
32.7357292,0.0208359,-0.062213,9.842278,-0.098106,9.842963,90.571083,90.362167,1,2,3,4
32.7565613,0.0208321,-0.04666,9.835697,-0.186042,9.837567,91.083611,90.271805,1,2,3,4
32.777401,0.0208397,-0.053839,9.843474,-0.102293,9.844153,90.595383,90.313377,1,2,3,4
32.7982368,0.0208358,-0.088534,9.83151,-0.044267,9.832008,90.257965,90.515945,1,2,3,4
32.8190765,0.0208397,-0.09332,9.849456,-0.04666,9.850008,90.271416,90.542839,1,2,3,4
32.8399162,0.0208397,-0.074178,9.852448,-0.078963,9.853044,90.459175,90.431366,1,2,3,4
32.8607521,0.0208359,-0.049651,9.845867,-0.181855,9.847672,91.058128,90.288933,1,2,3,4
32.881588,0.0208359,-0.064008,9.820743,-0.127418,9.821777,90.743317,90.373428,1,2,3,4
32.9024239,0.0208359,-0.065803,9.845867,-0.008973,9.846091,90.052216,90.382919,1,2,3,4
32.9232635,0.0208396,-0.079561,9.826724,-0.108873,9.827649,90.63475,90.463882,1,2,3,4
32.9440994,0.0208359,-0.075972,9.833903,-0.164507,9.835573,90.958359,90.442635,1,2,3,4
32.9649391,0.0208397,-0.078365,9.83809,-0.119641,9.839129,90.696716,90.456375,1,2,3,4
32.985775,0.0208359,-0.065803,9.838689,-0.044267,9.839008,90.257782,90.383194,1,2,3,4
33.0066147,0.0208397,-0.089133,9.836296,-0.040678,9.836784,90.236938,90.51918,1,2,3,4
33.0274467,0.020832,-0.065204,9.836894,-0.120838,9.837852,90.703773,90.379784,1,2,3,4
33.0482826,0.0208359,-0.065204,9.84168,-0.171685,9.843392,90.999382,90.379601,1,2,3,4
33.0691223,0.0208397,-0.06341,9.842875,-0.058026,9.84325,90.337761,90.369102,1,2,3,4
33.0899582,0.0208359,-0.064606,9.829716,-0.028116,9.829968,90.163879,90.376572,1,2,3,4
33.1107941,0.0208359,-0.077767,9.833903,-0.11665,9.834903,90.679588,90.453087,1,2,3,4
33.1316338,0.0208397,-0.074776,9.837492,-0.180658,9.839435,91.052048,90.435501,1,2,3,4
33.1524696,0.0208358,-0.065803,9.836894,-0.135194,9.838043,90.787384,90.38327,1,2,3,4
33.1733055,0.0208359,-0.08016,9.832706,-0.035294,9.833097,90.20565,90.467087,1,2,3,4
33.1941452,0.0208397,-0.089133,9.836894,-0.038883,9.837375,90.226471,90.51915,1,2,3,4
33.2149811,0.0208359,-0.065803,9.84467,-0.151346,9.846053,90.880745,90.382965,1,2,3,4
33.2358208,0.0208397,-0.074776,9.835099,-0.164507,9.83676,90.958237,90.435608,1,2,3,4
33.2566566,0.0208358,-0.068195,9.842875,-0.073579,9.843387,90.428291,90.396965,1,2,3,4
33.2774925,0.0208359,-0.071186,9.835697,-0.040678,9.836039,90.236954,90.414673,1,2,3,4
33.2983322,0.0208397,-0.072383,9.839287,-0.092722,9.83999,90.539902,90.421494,1,2,3,4
33.3191681,0.0208359,-0.078963,9.828519,-0.166899,9.830253,90.972824,90.460312,1,2,3,4
33.3400002,0.0208321,-0.068195,9.842875,-0.135793,9.844049,90.790382,90.396965,1,2,3,4
33.360836,0.0208358,-0.087936,9.842278,-0.070588,9.842924,90.410896,90.511894,1,2,3,4
33.3816719,0.0208359,-0.090927,9.826126,-0.090329,9.826962,90.526665,90.530182,1,2,3,4
33.4025078,0.0208359,-0.075374,9.847063,-0.102293,9.847883,90.595161,90.43856,1,2,3,4
33.4233437,0.0208359,-0.071785,9.84168,-0.117847,9.842647,90.68602,90.417908,1,2,3,4
33.4441795,0.0208358,-0.069392,9.839885,-0.132203,9.841018,90.76973,90.404045,1,2,3,4
33.4650154,0.0208359,-0.05324,9.83809,-0.128614,9.839075,90.748978,90.310059,1,2,3,4
33.4858513,0.0208359,-0.073579,9.827323,-0.079561,9.827921,90.463837,90.428978,1,2,3,4
33.5066872,0.0208359,-0.086142,9.842278,-0.087936,9.843048,90.511879,90.50145,1,2,3,4
33.5275192,0.020832,-0.08016,9.841082,-0.115454,9.842085,90.672127,90.46669,1,2,3,4
33.5483551,0.0208359,-0.084945,9.833304,-0.104686,9.834229,90.609932,90.494942,1,2,3,4
33.5691948,0.0208397,-0.081954,9.830314,-0.095713,9.831121,90.557823,90.477654,1,2,3,4
33.5900269,0.0208321,-0.061615,9.832108,-0.078365,9.832614,90.45665,90.359055,1,2,3,4
33.6108665,0.0208396,-0.05683,9.835099,-0.112463,9.835906,90.655128,90.331062,1,2,3,4
33.6317024,0.0208359,-0.065803,9.840483,-0.134596,9.841623,90.783615,90.383125,1,2,3,4
33.6525421,0.0208397,-0.047258,9.839287,-0.066401,9.839624,90.38665,90.275192,1,2,3,4
33.6733742,0.0208321,-0.078963,9.837492,-0.110668,9.838431,90.644508,90.459892,1,2,3,4
33.6942101,0.0208359,-0.074776,9.832108,-0.125623,9.833195,90.731995,90.435738,1,2,3,4
33.7150497,0.0208396,-0.079561,9.832706,-0.09332,9.833471,90.543747,90.4636,1,2,3,4
33.7358856,0.0208359,-0.082552,9.826724,-0.129212,9.82792,90.753319,90.481316,1,2,3,4
33.7567253,0.0208397,-0.083151,9.843474,-0.100499,9.844338,90.58493,90.483978,1,2,3,4
33.7775612,0.0208359,-0.075972,9.830912,-0.088534,9.831604,90.515961,90.442764,1,2,3,4
33.7984009,0.0208397,-0.080758,9.839287,-0.096909,9.840096,90.564285,90.470253,1,2,3,4
33.8192368,0.0208359,-0.073579,9.835099,-0.111266,9.836004,90.648155,90.428642,1,2,3,4
33.8400726,0.0208358,-0.06341,9.84467,-0.113659,9.845531,90.661453,90.369041,1,2,3,4
33.8609161,0.0208435,-0.069392,9.828519,-0.095115,9.829225,90.554443,90.404518,1,2,3,4
33.8817558,0.0208397,-0.065803,9.841082,-0.058624,9.841476,90.341301,90.383102,1,2,3,4
33.9025917,0.0208359,-0.087338,9.83809,-0.105882,9.839047,90.6166,90.508629,1,2,3,4
33.9234276,0.0208359,-0.084347,9.845269,-0.162114,9.846966,90.943321,90.490852,1,2,3,4
33.9442635,0.0208359,-0.084347,9.834501,-0.142971,9.835902,90.832863,90.491394,1,2,3,4
33.9650993,0.0208358,-0.064008,9.840483,-0.068794,9.840931,90.400536,90.372681,1,2,3,4
33.9859352,0.0208359,-0.05683,9.812367,-0.068195,9.812769,90.398193,90.331833,1,2,3,4
34.0067711,0.0208359,-0.074178,9.847662,-0.105882,9.848511,90.616005,90.431572,1,2,3,4
34.0276108,0.0208397,-0.089731,9.833903,-0.1334,9.835217,90.777153,90.522789,1,2,3,4
34.0484428,0.020832,-0.072981,9.833903,-0.102293,9.834706,90.595955,90.425209,1,2,3,4
34.0692787,0.0208359,-0.083151,9.830912,-0.057428,9.83143,90.334679,90.484604,1,2,3,4
34.0901146,0.0208359,-0.073579,9.853643,-0.072383,9.854184,90.42086,90.427834,1,2,3,4
34.1109543,0.0208397,-0.075972,9.848858,-0.129212,9.849998,90.751625,90.441963,1,2,3,4
34.1317863,0.020832,-0.077767,9.863813,-0.137587,9.86508,90.799126,90.451714,1,2,3,4
34.1526222,0.0208359,-0.060419,9.862019,-0.077169,9.862505,90.448311,90.351013,1,2,3,4
34.1734543,0.0208321,-0.062812,9.845269,-0.096909,9.845946,90.56395,90.365532,1,2,3,4
34.1942902,0.0208359,-0.072981,9.843474,-0.132203,9.844633,90.769447,90.424789,1,2,3,4
34.2151299,0.0208397,-0.094516,9.85484,-0.052642,9.855433,90.306046,90.5495,1,2,3,4
34.2359657,0.0208358,-0.071186,9.872787,-0.075972,9.873336,90.44088,90.413116,1,2,3,4
34.2568016,0.0208359,-0.082552,9.859626,-0.082552,9.860316,90.479698,90.479713,1,2,3,4
34.2776413,0.0208397,-0.082552,9.857233,-0.093918,9.858027,90.545868,90.479828,1,2,3,4
34.2984772,0.0208359,-0.081356,9.936196,-0.138784,9.937499,90.800201,90.469116,1,2,3,4
34.3193169,0.0208397,-0.050847,10.102497,-0.138784,10.103579,90.787048,90.288376,1,2,3,4
34.3401527,0.0208358,-0.06341,10.122238,-0.178863,10.124017,91.012314,90.358917,1,2,3,4
34.3609924,0.0208397,-0.082552,10.182058,-0.06999,10.182633,90.393822,90.464523,1,2,3,4
34.3818283,0.0208359,-0.069392,10.240085,-0.014357,10.24033,90.08033,90.38826,1,2,3,4
34.4026642,0.0208359,-0.073579,10.263414,-0.085543,10.264035,90.477524,90.410751,1,2,3,4
34.4235001,0.0208359,-0.08016,10.232906,-0.119641,10.233919,90.669838,90.448814,1,2,3,4
34.4443359,0.0208358,-0.06341,10.203594,-0.097508,10.204257,90.547501,90.356056,1,2,3,4
34.4651718,0.0208359,-0.06341,10.17488,-0.020339,10.175097,90.114525,90.357063,1,2,3,4
34.4860077,0.0208359,-0.064008,10.1348,-0.035892,10.135066,90.202911,90.361855,1,2,3,4
34.5068398,0.0208321,-0.056231,10.092926,-0.180658,10.094699,91.025436,90.319214,1,2,3,4
34.5276756,0.0208358,-0.079561,10.067204,-0.183649,10.069193,91.045059,90.452797,1,2,3,4
34.5485153,0.0208397,-0.08674,10.047462,-0.095115,10.048287,90.542358,90.494621,1,2,3,4
34.5693474,0.0208321,-0.088534,10.063016,-0.058624,10.063576,90.333771,90.504074,1,2,3,4
34.5901871,0.0208397,-0.092124,10.07139,-0.126221,10.072602,90.718002,90.524071,1,2,3,4
34.6110229,0.0208358,-0.106481,10.106685,-0.180658,10.10886,91.024002,90.60363,1,2,3,4
34.6318588,0.0208359,-0.074178,10.165309,-0.098106,10.166053,90.552933,90.418083,1,2,3,4
34.6526947,0.0208359,-0.054437,10.217951,0.032303,10.218146,89.818871,90.305244,1,2,3,4
34.6735306,0.0208359,-0.04666,10.235897,-0.015553,10.236015,90.087059,90.261177,1,2,3,4
34.6943665,0.0208359,-0.054437,10.280165,-0.12682,10.281091,90.706772,90.303398,1,2,3,4
34.7152061,0.0208396,-0.06341,10.313066,-0.12682,10.31404,90.704514,90.35228,1,2,3,4
34.736042,0.0208359,-0.06341,10.344172,-0.061615,10.344551,90.34127,90.351219,1,2,3,4
34.7568779,0.0208359,-0.072383,10.313066,-0.020339,10.313339,90.112991,90.40213,1,2,3,4
34.7777138,0.0208359,-0.082552,10.302298,-0.126221,10.303401,90.70192,90.459099,1,2,3,4
34.7985458,0.020832,-0.090329,10.303494,-0.141775,10.304866,90.7883,90.502289,1,2,3,4
34.8193855,0.0208397,-0.089731,10.289138,-0.161516,10.290796,90.8993,90.499657,1,2,3,4
34.8402214,0.0208359,-0.072383,10.289138,-0.117248,10.29006,90.652863,90.403061,1,2,3,4
34.8610535,0.0208321,-0.062812,10.286146,-0.080758,10.286654,90.449821,90.349869,1,2,3,4
34.8818932,0.0208397,-0.069392,10.287941,-0.084945,10.288526,90.473061,90.386452,1,2,3,4
34.902729,0.0208358,-0.074178,10.292727,-0.096909,10.293449,90.539429,90.41291,1,2,3,4
34.9235611,0.0208321,-0.05683,10.330414,-0.102891,10.331082,90.570641,90.315193,1,2,3,4
34.944397,0.0208359,-0.062812,10.34477,-0.073579,10.345222,90.407516,90.347885,1,2,3,4
34.9652328,0.0208358,-0.075972,10.369895,-0.042473,10.37026,90.234665,90.419754,1,2,3,4
34.9860687,0.0208359,-0.072383,10.384851,-0.061615,10.385286,90.339935,90.399345,1,2,3,4
35.0069046,0.0208359,-0.061615,10.417751,-0.085543,10.418284,90.470451,90.338867,1,2,3,4
35.0277367,0.0208321,-0.066401,10.430314,-0.11007,10.431107,90.604599,90.364746,1,2,3,4
35.0485725,0.0208358,-0.08016,10.430912,-0.072981,10.431475,90.400856,90.4403,1,2,3,4
35.0694122,0.0208397,-0.075374,10.453046,-0.086142,10.453672,90.472137,90.413139,1,2,3,4
35.0902443,0.0208321,-0.083749,10.463215,-0.113659,10.464168,90.622345,90.458595,1,2,3,4
35.1110802,0.0208359,-0.082552,10.468599,-0.117847,10.469587,90.644943,90.451805,1,2,3,4
35.1319122,0.020832,-0.073579,10.47518,-0.104088,10.475955,90.56929,90.402451,1,2,3,4
35.1527481,0.0208359,-0.073579,10.453644,-0.102891,10.45441,90.563911,90.403275,1,2,3,4
35.173584,0.0208359,-0.059222,10.453046,-0.10349,10.453726,90.567223,90.324608,1,2,3,4
35.194416,0.020832,-0.067597,10.442876,-0.062812,10.443284,90.344612,90.370872,1,2,3,4
35.2152519,0.0208359,-0.073579,10.421939,-0.072383,10.42245,90.397919,90.404503,1,2,3,4
35.2360878,0.0208359,-0.065803,10.426126,-0.104686,10.42686,90.575264,90.36161,1,2,3,4
35.2569275,0.0208397,-0.077767,10.404591,-0.126221,10.405647,90.695023,90.428238,1,2,3,4
35.2777672,0.0208397,-0.087338,10.398011,-0.072981,10.398634,90.402122,90.481247,1,2,3,4
35.2986031,0.0208359,-0.068195,10.393225,-0.032303,10.393498,90.178078,90.375946,1,2,3,4
35.3194389,0.0208358,-0.072981,10.393824,-0.0999,10.39456,90.550667,90.402298,1,2,3,4
35.340271,0.0208321,-0.08016,10.392029,-0.122632,10.393062,90.676071,90.441948,1,2,3,4
35.3611107,0.0208397,-0.083749,10.413564,-0.08674,10.414262,90.477219,90.460777,1,2,3,4
35.3819466,0.0208359,-0.07657,10.398609,-0.054437,10.399034,90.299934,90.42189,1,2,3,4
35.4027824,0.0208358,-0.066999,10.426724,-0.061017,10.427118,90.335281,90.368164,1,2,3,4
35.4236183,0.0208359,-0.066999,10.421341,-0.11665,10.422209,90.641296,90.368347,1,2,3,4
35.444458,0.0208397,-0.049053,10.40519,-0.114257,10.405932,90.62912,90.270103,1,2,3,4
35.4652939,0.0208359,-0.089133,10.421341,-0.062812,10.421911,90.345314,90.490036,1,2,3,4
35.4861336,0.0208397,-0.082552,10.41177,-0.043071,10.412186,90.237007,90.454277,1,2,3,4
35.5069695,0.0208359,-0.072383,10.384851,-0.108275,10.385668,90.597343,90.399345,1,2,3,4
35.5278053,0.0208358,-0.08016,10.417153,-0.15015,10.418544,90.82576,90.44088,1,2,3,4
35.548645,0.0208397,-0.072383,10.385448,-0.104686,10.386228,90.577515,90.399323,1,2,3,4
35.5694809,0.0208359,-0.060419,10.405787,-0.064606,10.406163,90.355721,90.332672,1,2,3,4
35.5903206,0.0208397,-0.077767,10.414761,-0.087936,10.415422,90.483749,90.427818,1,2,3,4
35.6111603,0.0208397,-0.059222,10.405787,-0.125623,10.406714,90.691658,90.32608,1,2,3,4
35.632,0.0208397,-0.068794,10.425529,-0.120838,10.426455,90.664047,90.378067,1,2,3,4
35.6528358,0.0208358,-0.078963,10.424332,-0.048455,10.424743,90.266312,90.433998,1,2,3,4
35.6736755,0.0208397,-0.077169,10.43151,-0.011366,10.431802,90.062424,90.423843,1,2,3,4
35.6945114,0.0208359,-0.062812,10.44168,-0.070588,10.442107,90.387321,90.344658,1,2,3,4
35.7153549,0.0208435,-0.070588,10.427921,-0.107079,10.42871,90.588303,90.38784,1,2,3,4
35.7361908,0.0208359,-0.065204,10.418948,-0.078963,10.419452,90.434219,90.358566,1,2,3,4
35.7570267,0.0208359,-0.065803,10.428519,-0.055633,10.428876,90.305649,90.361526,1,2,3,4
35.7778625,0.0208358,-0.06999,10.403395,-0.080758,10.403944,90.444748,90.38546,1,2,3,4
35.7987022,0.0208397,-0.080758,10.425529,-0.148953,10.426906,90.818527,90.44381,1,2,3,4
35.8195381,0.0208359,-0.079561,10.405787,-0.145364,10.407107,90.800316,90.438065,1,2,3,4
35.840374,0.0208359,-0.090927,10.430314,-0.106481,10.431253,90.584877,90.499466,1,2,3,4
35.8612137,0.0208397,-0.091525,10.426724,-0.089133,10.427507,90.489761,90.50293,1,2,3,4
35.8820496,0.0208359,-0.073579,10.428519,-0.122034,10.429493,90.670425,90.404251,1,2,3,4
35.9028854,0.0208358,-0.073579,10.421341,-0.119043,10.42228,90.654442,90.404526,1,2,3,4
35.9237213,0.0208359,-0.062812,10.430912,-0.078365,10.431396,90.430435,90.345009,1,2,3,4
35.9445572,0.0208359,-0.074178,10.433305,-0.019143,10.433586,90.105118,90.407349,1,2,3,4
35.9653931,0.0208359,-0.075374,10.415359,-0.048455,10.415744,90.266541,90.414635,1,2,3,4
35.9862328,0.0208397,-0.072981,10.429117,-0.062213,10.429558,90.341774,90.40094,1,2,3,4
36.0070724,0.0208396,-0.06341,10.41835,-0.06341,10.418736,90.348709,90.348717,1,2,3,4
36.0279121,0.0208397,-0.069392,10.426126,-0.055633,10.426506,90.305717,90.381332,1,2,3,4
36.048748,0.0208359,-0.078365,10.416555,-0.06341,10.417043,90.34877,90.431038,1,2,3,4
36.0695839,0.0208359,-0.064606,10.394422,-0.133998,10.395486,90.738564,90.356117,1,2,3,4
36.0904236,0.0208397,-0.085543,10.383654,-0.120838,10.384709,90.666718,90.472008,1,2,3,4
36.1112595,0.0208359,-0.074178,10.412368,-0.11665,10.413285,90.641846,90.408165,1,2,3,4
36.132103,0.0208435,-0.074178,10.398609,-0.136989,10.399776,90.754738,90.408707,1,2,3,4
36.1529388,0.0208358,-0.080758,10.406385,-0.113061,10.407312,90.622452,90.444626,1,2,3,4
36.1737747,0.0208359,-0.081356,10.418948,-0.044267,10.41936,90.243423,90.44738,1,2,3,4
36.1946144,0.0208397,-0.074178,10.434502,-0.080758,10.435078,90.44342,90.407303,1,2,3,4
36.2154503,0.0208359,-0.071785,10.423734,-0.073579,10.424241,90.404427,90.394569,1,2,3,4
36.2362862,0.0208359,-0.065803,10.429117,-0.102293,10.429827,90.561951,90.361504,1,2,3,4
36.2571182,0.020832,-0.072981,10.396814,-0.04008,10.397148,90.220871,90.402184,1,2,3,4
36.2779541,0.0208359,-0.086142,10.398609,-0.027517,10.399002,90.151611,90.474625,1,2,3,4
36.2987938,0.0208397,-0.071186,10.402198,-0.090927,10.402839,90.500809,90.39209,1,2,3,4
36.3196335,0.0208397,-0.065204,10.366904,-0.141775,10.368078,90.783493,90.360367,1,2,3,4
36.3404694,0.0208359,-0.072981,10.368699,-0.085543,10.369308,90.472679,90.403275,1,2,3,4
36.3613052,0.0208358,-0.075972,10.370493,-0.068794,10.370999,90.380058,90.419731,1,2,3,4
36.3821411,0.0208359,-0.069392,10.374083,-0.059821,10.374487,90.330376,90.383247,1,2,3,4
36.402977,0.0208359,-0.075972,10.392627,-0.117248,10.393566,90.646362,90.418839,1,2,3,4
36.4238129,0.0208359,-0.077169,10.400404,-0.129212,10.401493,90.711777,90.42511,1,2,3,4
36.4446564,0.0208435,-0.064008,10.417153,-0.084347,10.417691,90.463898,90.352051,1,2,3,4
36.4654922,0.0208358,-0.072981,10.427323,-0.02333,10.427605,90.128189,90.401009,1,2,3,4
36.4863243,0.0208321,-0.078365,10.43151,-0.044865,10.431901,90.246414,90.43042,1,2,3,4
36.5071602,0.0208359,-0.069392,10.458429,-0.116052,10.459303,90.635742,90.38015,1,2,3,4
36.5279961,0.0208359,-0.071785,10.441082,-0.083749,10.441664,90.459557,90.393913,1,2,3,4
36.5488319,0.0208358,-0.075972,10.433305,-0.079561,10.433886,90.436897,90.417206,1,2,3,4
36.5696716,0.0208397,-0.073579,10.415956,-0.031705,10.416265,90.174393,90.404739,1,2,3,4
36.5905075,0.0208359,-0.068195,10.406385,-0.071186,10.406853,90.39193,90.375465,1,2,3,4
36.6113472,0.0208397,-0.078365,10.39502,-0.171685,10.396732,90.94619,90.431931,1,2,3,4
36.6321831,0.0208359,-0.077169,10.385448,-0.128016,10.386524,90.7062,90.425728,1,2,3,4
36.653019,0.0208359,-0.087338,10.375279,-0.047856,10.375757,90.264267,90.4823,1,2,3,4
36.6738586,0.0208396,-0.080758,10.363914,-0.042473,10.364315,90.234795,90.446449,1,2,3,4
36.6946945,0.0208359,-0.068195,10.3681,-0.1334,10.369183,90.737129,90.376854,1,2,3,4
36.7155304,0.0208359,-0.087936,10.34178,-0.104686,10.342684,90.579941,90.487175,1,2,3,4
36.7363663,0.0208359,-0.064606,10.360324,-0.047258,10.360633,90.261345,90.357285,1,2,3,4
36.7572021,0.0208358,-0.072383,10.329217,-0.025723,10.329503,90.142677,90.401497,1,2,3,4
36.7780418,0.0208397,-0.066999,10.320843,-0.055633,10.32121,90.308838,90.371941,1,2,3,4
36.7988777,0.0208359,-0.074178,10.280763,-0.127418,10.28182,90.71006,90.413391,1,2,3,4
36.8197136,0.0208359,-0.064606,10.243673,-0.101097,10.244376,90.56543,90.361359,1,2,3,4
36.8405457,0.0208321,-0.070588,10.211968,-0.053839,10.212355,90.302055,90.396042,1,2,3,4
36.8613815,0.0208358,-0.075374,10.192228,-0.066999,10.192727,90.376617,90.423706,1,2,3,4
36.8822212,0.0208397,-0.062812,10.1683,-0.135793,10.1694,90.765099,90.35392,1,2,3,4
36.9030571,0.0208359,-0.083151,10.160523,-0.165703,10.162214,90.934296,90.46888,1,2,3,4
36.9239006,0.0208435,-0.089133,10.150951,-0.064606,10.151548,90.364639,90.503082,1,2,3,4
36.9447365,0.0208359,-0.094516,10.135997,-0.043071,10.136529,90.243454,90.534256,1,2,3,4
36.9655724,0.0208359,-0.085543,10.131211,-0.093918,10.132008,90.531105,90.483765,1,2,3,4
36.9864082,0.0208358,-0.072981,10.109077,-0.130409,10.110182,90.739067,90.413635,1,2,3,4
37.0072441,0.0208359,-0.050249,10.106087,-0.104686,10.106753,90.593483,90.284882,1,2,3,4
37.02808,0.0208359,-0.06341,10.092328,-0.062213,10.092719,90.353188,90.359985,1,2,3,4
37.0489159,0.0208359,-0.053839,10.077373,-0.082552,10.077854,90.469345,90.306099,1,2,3,4
37.0697517,0.0208358,-0.05683,10.092328,-0.120239,10.093204,90.682571,90.322624,1,2,3,4
37.0905952,0.0208435,-0.058026,10.068997,-0.117847,10.069854,90.67054,90.330185,1,2,3,4
37.1114311,0.0208359,-0.069392,10.055838,-0.086142,10.056446,90.490791,90.39537,1,2,3,4
37.132267,0.0208359,-0.075374,10.031311,-0.051446,10.031727,90.293831,90.430504,1,2,3,4
37.1531029,0.0208359,-0.071785,10.019346,-0.099302,10.020095,90.567825,90.410492,1,2,3,4
37.1739388,0.0208359,-0.078365,10.007382,-0.105284,10.008244,90.602745,90.448654,1,2,3,4
37.1947746,0.0208358,-0.067597,9.983455,-0.062213,9.983877,90.357033,90.387939,1,2,3,4
37.2156067,0.0208321,-0.062812,9.974482,-0.092124,9.975104,90.529152,90.360802,1,2,3,4
37.2364464,0.0208397,-0.05683,9.930812,-0.089731,9.931379,90.517677,90.327873,1,2,3,4
37.2572823,0.0208359,-0.059821,9.917651,-0.131007,9.918696,90.75679,90.345589,1,2,3,4
37.2781181,0.0208358,-0.066401,9.895518,-0.100499,9.896252,90.581863,90.38446,1,2,3,4
37.298954,0.0208359,-0.069392,9.873982,-0.094516,9.874679,90.548424,90.402657,1,2,3,4
37.3197861,0.0208321,-0.074178,9.870992,-0.102293,9.8718,90.593719,90.43055,1,2,3,4
37.3406219,0.0208358,-0.082552,9.857233,-0.097508,9.858061,90.566727,90.479828,1,2,3,4
37.3614578,0.0208359,-0.08674,9.84467,-0.093918,9.8455,90.546562,90.504814,1,2,3,4
37.3822937,0.0208359,-0.071785,9.851849,-0.095115,9.85257,90.553131,90.417473,1,2,3,4
37.4031296,0.0208359,-0.070588,9.858429,-0.135793,9.859617,90.789139,90.41024,1,2,3,4
37.4239655,0.0208359,-0.062213,9.861421,-0.090329,9.86203,90.524796,90.361458,1,2,3,4
37.4448051,0.0208396,-0.064606,9.85484,-0.069392,9.855296,90.403427,90.37561,1,2,3,4
37.465641,0.0208359,-0.074776,9.867402,-0.072981,9.867955,90.423752,90.434181,1,2,3,4
37.4864769,0.0208359,-0.088534,9.866206,-0.11007,9.867217,90.639153,90.51413,1,2,3,4
37.5073128,0.0208359,-0.071186,9.85484,-0.122632,9.85586,90.712921,90.413872,1,2,3,4
37.5281487,0.0208359,-0.094516,9.829716,-0.092124,9.830602,90.536934,90.550903,1,2,3,4
37.5489845,0.0208358,-0.074776,9.809377,-0.04666,9.809772,90.27253,90.436752,1,2,3,4
37.5698204,0.0208359,-0.061615,9.790234,-0.090329,9.790844,90.52861,90.360588,1,2,3,4
37.5906563,0.0208359,-0.069392,9.794421,-0.140578,9.795675,90.822281,90.405922,1,2,3,4
37.611496,0.0208397,-0.082552,9.745368,-0.182453,9.747425,91.072525,90.485336,1,2,3,4
37.6323318,0.0208358,-0.092124,9.730413,-0.114257,9.73152,90.672722,90.542435,1,2,3,4
37.6531677,0.0208359,-0.084347,9.766306,-0.096909,9.767151,90.568497,90.494827,1,2,3,4
37.6740036,0.0208359,-0.087338,9.747163,-0.133998,9.748475,90.78759,90.513374,1,2,3,4
37.6948395,0.0208359,-0.095115,9.773484,-0.104686,9.774508,90.613655,90.557579,1,2,3,4
37.7156754,0.0208359,-0.071186,9.785448,-0.026321,9.785743,90.154114,90.416801,1,2,3,4
37.7365074,0.020832,-0.068195,9.8016,-0.047856,9.801953,90.279739,90.398636,1,2,3,4
37.7573471,0.0208397,-0.077169,9.830314,-0.145364,9.831692,90.84716,90.449768,1,2,3,4
37.7781868,0.0208397,-0.042473,9.868001,-0.205185,9.870225,91.191162,90.246605,1,2,3,4
37.7990227,0.0208359,-0.052044,9.872787,-0.165105,9.874304,90.958069,90.302032,1,2,3,4
37.8198624,0.0208397,-0.065803,9.875777,-0.066401,9.87622,90.385223,90.38176,1,2,3,4
37.8406982,0.0208358,-0.101097,9.887741,-0.052642,9.888398,90.305023,90.5858,1,2,3,4
37.8615341,0.0208359,-0.094516,9.881161,-0.142971,9.882647,90.828918,90.548035,1,2,3,4
37.8823738,0.0208397,-0.095115,9.880563,-0.157328,9.882273,90.912201,90.551537,1,2,3,4
37.9032097,0.0208359,-0.108873,9.862019,-0.116052,9.863302,90.674156,90.6325,1,2,3,4
37.9240494,0.0208397,-0.083151,9.835099,-0.015553,9.835464,90.090607,90.484398,1,2,3,4
37.9448891,0.0208397,-0.075374,9.798609,-0.049053,9.799022,90.286819,90.440727,1,2,3,4
37.9657249,0.0208358,-0.06341,9.771091,-0.123829,9.772081,90.726051,90.371819,1,2,3,4
37.9865608,0.0208359,-0.062213,9.736994,-0.159721,9.738503,90.939751,90.366081,1,2,3,4
38.0073967,0.0208359,-0.055633,9.717253,-0.102293,9.717951,90.603119,90.328026,1,2,3,4
38.0282364,0.0208397,-0.068195,9.690931,-0.095713,9.691644,90.565849,90.403183,1,2,3,4
38.0490723,0.0208359,-0.089133,9.677173,-0.119641,9.678322,90.708298,90.527718,1,2,3,4
38.069912,0.0208397,-0.052044,9.656834,-0.162712,9.658344,90.965294,90.308784,1,2,3,4
38.0907516,0.0208396,-0.056231,9.652048,-0.147159,9.653334,90.873466,90.333794,1,2,3,4
38.1115875,0.0208359,-0.075374,9.642477,-0.086142,9.643157,90.511826,90.447861,1,2,3,4
38.1324272,0.0208397,-0.059821,9.634102,-0.068195,9.634529,90.405556,90.355759,1,2,3,4
38.1532669,0.0208397,-0.071785,9.635299,-0.117248,9.636279,90.697159,90.426857,1,2,3,4
38.1741028,0.0208359,-0.068195,9.616755,-0.125623,9.617817,90.74839,90.406296,1,2,3,4
38.1949501,0.0208473,-0.089133,9.597013,-0.055035,9.597585,90.328552,90.53212,1,2,3,4
38.2157974,0.0208473,-0.064606,9.587442,-0.046062,9.58777,90.275261,90.386086,1,2,3,4
38.2366371,0.0208397,-0.072383,9.547362,-0.075972,9.547939,90.455902,90.43438,1,2,3,4
38.2574844,0.0208473,-0.092124,9.541979,-0.151346,9.543624,90.908653,90.553146,1,2,3,4
38.2783279,0.0208435,-0.068195,9.495318,-0.129811,9.49645,90.783226,90.411491,1,2,3,4
38.2991638,0.0208359,-0.097508,9.491729,-0.118445,9.492969,90.714905,90.58857,1,2,3,4
38.3199997,0.0208359,-0.101695,9.461819,-0.131605,9.463281,90.796837,90.615784,1,2,3,4
38.3408356,0.0208359,-0.080758,9.431909,-0.093918,9.432722,90.57048,90.490562,1,2,3,4
38.3616753,0.0208397,-0.081356,9.424132,-0.119641,9.425243,90.727318,90.494606,1,2,3,4
38.382515,0.0208397,-0.072981,9.435498,-0.122034,9.436569,90.740974,90.443161,1,2,3,4
38.4033546,0.0208396,-0.087338,9.482158,-0.147757,9.483711,90.892708,90.527725,1,2,3,4
38.4241943,0.0208397,-0.073579,9.42174,-0.08016,9.422368,90.487442,90.447441,1,2,3,4
38.4450302,0.0208359,-0.071186,9.377472,-0.082552,9.378105,90.504364,90.434937,1,2,3,4
38.4658699,0.0208397,-0.064606,9.416953,-0.106481,9.417777,90.64782,90.393082,1,2,3,4
38.4867096,0.0208397,-0.065803,9.360124,-0.133998,9.361314,90.82016,90.402786,1,2,3,4
38.5075493,0.0208397,-0.092124,9.329018,-0.140578,9.330531,90.863281,90.565773,1,2,3,4
38.5283852,0.0208359,-0.105284,9.290133,-0.028116,9.290772,90.173386,90.6493,1,2,3,4
38.5492249,0.0208397,-0.107677,9.296116,-0.035294,9.296806,90.217514,90.663628,1,2,3,4
38.5700607,0.0208358,-0.096311,9.280562,-0.119641,9.281834,90.738556,90.594582,1,2,3,4
38.5908966,0.0208359,-0.082552,9.246465,-0.129212,9.247736,90.800583,90.51152,1,2,3,4
38.6117363,0.0208397,-0.079561,9.232706,-0.073579,9.233342,90.456589,90.493729,1,2,3,4
38.6325836,0.0208473,-0.037687,9.223135,-0.010768,9.223218,90.066887,90.234116,1,2,3,4
38.6534195,0.0208359,-0.040678,9.232108,-0.15673,9.233528,90.972588,90.252449,1,2,3,4
38.6742592,0.0208397,-0.08016,9.226724,-0.208176,9.22942,91.29245,90.497757,1,2,3,4
38.6950989,0.0208397,-0.098106,9.226126,-0.135793,9.227647,90.843185,90.60923,1,2,3,4
38.7159386,0.0208397,-0.107677,9.232108,-0.084945,9.233127,90.52713,90.668228,1,2,3,4
38.7367821,0.0208435,-0.104686,9.24467,-0.080758,9.245615,90.500465,90.648788,1,2,3,4
38.757618,0.0208359,-0.105882,9.215957,-0.19322,9.21859,91.200996,90.658241,1,2,3,4
38.7784576,0.0208396,-0.078963,9.224331,-0.193819,9.226705,91.203659,90.490456,1,2,3,4
38.7992973,0.0208397,-0.078963,9.222537,-0.07657,9.223193,90.47567,90.490555,1,2,3,4
38.8201332,0.0208359,-0.064008,9.227323,-0.05324,9.227698,90.330574,90.397446,1,2,3,4
38.8409691,0.0208359,-0.05683,9.214162,-0.091525,9.214791,90.569099,90.353378,1,2,3,4
38.8618088,0.0208397,-0.053839,9.188439,-0.1334,9.189566,90.831764,90.335716,1,2,3,4
38.8826485,0.0208397,-0.071186,9.211769,-0.095115,9.212535,90.59156,90.442757,1,2,3,4
38.9034882,0.0208397,-0.070588,9.173484,-0.035892,9.173826,90.224167,90.440872,1,2,3,4
38.924324,0.0208358,-0.087338,9.180662,-0.058624,9.181265,90.365845,90.545052,1,2,3,4
38.9451599,0.0208359,-0.090927,9.184252,-0.082552,9.185073,90.514961,90.56723,1,2,3,4
38.9659996,0.0208397,-0.087338,9.211171,-0.145962,9.212741,90.907806,90.543251,1,2,3,4
38.9868393,0.0208397,-0.092722,9.215358,-0.097508,9.21634,90.606194,90.576469,1,2,3,4
39.007679,0.0208397,-0.081954,9.226724,-0.135194,9.228078,90.839432,90.508904,1,2,3,4
39.0285187,0.0208397,-0.065803,9.235099,-0.131007,9.236262,90.812714,90.408241,1,2,3,4
39.0493546,0.0208359,-0.059821,9.251849,-0.141177,9.253119,90.874207,90.370461,1,2,3,4
39.0701942,0.0208396,-0.064008,9.274581,-0.192024,9.27679,91.186073,90.395416,1,2,3,4
39.0910301,0.0208359,-0.058026,9.245269,-0.100499,9.245997,90.622787,90.359596,1,2,3,4
39.1118698,0.0208397,-0.078365,9.252447,-0.095115,9.253268,90.588959,90.48526,1,2,3,4
39.1327095,0.0208397,-0.08016,9.26142,-0.122034,9.262571,90.75489,90.495895,1,2,3,4
39.1535454,0.0208359,-0.072981,9.242277,-0.15673,9.243894,90.971497,90.452423,1,2,3,4
39.1743851,0.0208397,-0.096311,9.241081,-0.098106,9.242105,90.608208,90.597122,1,2,3,4
39.1952209,0.0208358,-0.068195,9.242277,-0.041874,9.242623,90.259583,90.42276,1,2,3,4
39.2160606,0.0208397,-0.077767,9.223135,-0.101097,9.224017,90.627983,90.483093,1,2,3,4
39.2368965,0.0208359,-0.077169,9.232108,-0.12323,9.233253,90.764709,90.478905,1,2,3,4
39.2577324,0.0208359,-0.071785,9.227921,-0.113659,9.228899,90.70565,90.445702,1,2,3,4
39.2785759,0.0208435,-0.075972,9.209974,-0.078963,9.210626,90.491203,90.472618,1,2,3,4
39.2994118,0.0208359,-0.060419,9.235697,-0.107079,9.236515,90.664246,90.374817,1,2,3,4
39.3202515,0.0208397,-0.078365,9.242876,-0.143569,9.244323,90.88987,90.485764,1,2,3,4
39.3410912,0.0208397,-0.078365,9.243474,-0.138186,9.244839,90.856453,90.485733,1,2,3,4
39.361927,0.0208358,-0.078365,9.25125,-0.072383,9.251865,90.448265,90.485329,1,2,3,4
39.3827667,0.0208397,-0.09332,9.249456,-0.121436,9.250724,90.752151,90.578049,1,2,3,4
39.4036064,0.0208397,-0.074178,9.24467,-0.131605,9.245904,90.815567,90.459724,1,2,3,4
39.4244461,0.0208397,-0.075972,9.249456,-0.158524,9.251127,90.98185,90.470596,1,2,3,4
39.445282,0.0208359,-0.081356,9.228518,-0.114257,9.229585,90.709312,90.505089,1,2,3,4
39.4661179,0.0208359,-0.082552,9.248857,-0.0999,9.249765,90.618828,90.511391,1,2,3,4
39.4869576,0.0208397,-0.068794,9.236296,-0.108275,9.237186,90.671616,90.426743,1,2,3,4
39.5077934,0.0208358,-0.08016,9.25125,-0.147757,9.252777,90.914993,90.496437,1,2,3,4
39.5286293,0.0208359,-0.105284,9.220742,-0.065204,9.221574,90.405136,90.654182,1,2,3,4
39.549469,0.0208397,-0.077767,9.269794,-0.047856,9.270245,90.295784,90.480659,1,2,3,4
39.5703049,0.0208359,-0.06341,9.21476,-0.126221,9.215842,90.784752,90.394264,1,2,3,4
39.5911407,0.0208358,-0.065803,9.270393,-0.120239,9.271407,90.74308,90.406685,1,2,3,4
39.6119766,0.0208359,-0.062812,9.223135,-0.051446,9.223492,90.31958,90.39019,1,2,3,4
39.6328125,0.0208359,-0.058624,9.27817,-0.080758,9.278707,90.49868,90.362022,1,2,3,4
39.6536484,0.0208359,-0.067597,9.235099,-0.107677,9.235974,90.667992,90.419373,1,2,3,4
39.6744843,0.0208359,-0.070588,9.286545,-0.147757,9.287989,90.911522,90.435501,1,2,3,4
39.6953201,0.0208358,-0.090927,9.268599,-0.123829,9.269872,90.765388,90.562065,1,2,3,4
39.7161636,0.0208435,-0.06341,9.266804,-0.102891,9.267591,90.636124,90.392052,1,2,3,4
39.7369995,0.0208359,-0.067597,9.280562,-0.086142,9.281208,90.531784,90.41732,1,2,3,4
39.7578392,0.0208397,-0.061017,9.257831,-0.108873,9.258672,90.673759,90.377625,1,2,3,4
39.7786751,0.0208359,-0.096311,9.302098,-0.157328,9.303927,90.96891,90.593201,1,2,3,4
39.799511,0.0208359,-0.077767,9.281759,-0.093918,9.28256,90.579712,90.480042,1,2,3,4
39.8203468,0.0208358,-0.072981,9.28116,-0.093918,9.281922,90.57975,90.450531,1,2,3,4
39.8411865,0.0208397,-0.075374,9.33141,-0.105882,9.332315,90.650078,90.462791,1,2,3,4
39.8620262,0.0208397,-0.061017,9.275179,-0.065803,9.275614,90.406471,90.376915,1,2,3,4
39.8828621,0.0208359,-0.092124,9.337392,-0.156132,9.339151,90.957916,90.565269,1,2,3,4
39.903698,0.0208359,-0.06999,9.302696,-0.078963,9.303294,90.486313,90.431061,1,2,3,4
39.9245338,0.0208358,-0.080758,9.337991,-0.087936,9.338755,90.53952,90.495499,1,2,3,4
39.9453697,0.0208359,-0.082552,9.326625,-0.06341,9.327206,90.389519,90.507126,1,2,3,4
39.9662056,0.0208359,-0.066401,9.345169,-0.102293,9.345965,90.627121,90.407097,1,2,3,4
39.9870491,0.0208435,-0.071186,9.36132,-0.113061,9.362273,90.691933,90.435684,1,2,3,4
40.007885,0.0208359,-0.065204,9.370294,-0.07657,9.370832,90.468178,90.398697,1,2,3,4
40.0287209,0.0208359,-0.081356,9.382257,-0.073579,9.382899,90.44931,90.496811,1,2,3,4
40.0495567,0.0208358,-0.053839,9.362516,-0.096909,9.363173,90.593025,90.329475,1,2,3,4
40.0703964,0.0208397,-0.071785,9.377472,-0.148355,9.378921,90.906342,90.438591,1,2,3,4
40.0912323,0.0208359,-0.080758,9.400204,-0.089133,9.400973,90.543243,90.492218,1,2,3,4
40.1120682,0.0208359,-0.058026,9.374481,-0.075972,9.374969,90.464317,90.354645,1,2,3,4
40.1329117,0.0208435,-0.081954,9.393623,-0.131007,9.394895,90.798988,90.499863,1,2,3,4
40.1537514,0.0208397,-0.075374,9.406186,-0.092722,9.406945,90.564758,90.459114,1,2,3,4
40.1745872,0.0208358,-0.070588,9.400802,-0.113061,9.401746,90.689026,90.430214,1,2,3,4
40.1954269,0.0208397,-0.086142,9.386445,-0.115454,9.38755,90.704674,90.525803,1,2,3,4
40.2162666,0.0208397,-0.08674,9.426525,-0.089133,9.427345,90.541725,90.527199,1,2,3,4
40.2371025,0.0208359,-0.084347,9.432507,-0.109472,9.433519,90.664909,90.512337,1,2,3,4
40.2579422,0.0208397,-0.064008,9.430114,-0.087338,9.430736,90.530624,90.388893,1,2,3,4
40.2787781,0.0208359,-0.072981,9.412168,-0.111864,9.413116,90.680916,90.44426,1,2,3,4
40.299614,0.0208359,-0.081954,9.453444,-0.106481,9.454399,90.645309,90.496696,1,2,3,4
40.3204536,0.0208396,-0.069392,9.449855,-0.062812,9.450318,90.380821,90.420723,1,2,3,4
40.3412895,0.0208359,-0.06341,9.47139,-0.083749,9.471972,90.506599,90.383583,1,2,3,4
40.3621254,0.0208359,-0.06999,9.437292,-0.115454,9.438258,90.70089,90.424919,1,2,3,4
40.3829651,0.0208397,-0.072383,9.455238,-0.12323,9.456319,90.746674,90.438606,1,2,3,4
40.4037971,0.020832,-0.077767,9.476176,-0.107079,9.4771,90.647385,90.470192,1,2,3,4
40.4246407,0.0208436,-0.070588,9.476774,-0.065204,9.477262,90.394203,90.426765,1,2,3,4
40.4454765,0.0208358,-0.08016,9.49472,-0.093918,9.495523,90.566711,90.483711,1,2,3,4
40.4663162,0.0208397,-0.071186,9.488738,-0.087338,9.489407,90.527344,90.42984,1,2,3,4
40.4871521,0.0208359,-0.066401,9.499506,-0.15015,9.500925,90.905525,90.40049,1,2,3,4
40.5079918,0.0208397,-0.086142,9.508479,-0.120838,9.509638,90.728065,90.519051,1,2,3,4
40.5288353,0.0208435,-0.068794,9.487542,-0.043669,9.487892,90.26371,90.415443,1,2,3,4
40.5496712,0.0208359,-0.077767,9.516854,-0.092722,9.517624,90.558189,90.468178,1,2,3,4
40.570507,0.0208358,-0.067597,9.501899,-0.111266,9.50279,90.670883,90.4076,1,2,3,4
40.5913467,0.0208397,-0.074178,9.509675,-0.144168,9.511057,90.868515,90.446907,1,2,3,4
40.6121826,0.0208359,-0.074776,9.492328,-0.08674,9.493018,90.523529,90.45134,1,2,3,4
40.6330185,0.0208359,-0.077767,9.524033,-0.08016,9.524688,90.482208,90.467827,1,2,3,4
40.6538544,0.0208359,-0.084945,9.530014,-0.069392,9.530645,90.417168,90.510689,1,2,3,4
40.6746979,0.0208435,-0.068195,9.536594,-0.112463,9.537501,90.675629,90.409714,1,2,3,4
40.6955338,0.0208359,-0.077767,9.58146,-0.112463,9.582436,90.672455,90.465027,1,2,3,4
40.7163734,0.0208396,-0.050249,9.567701,-0.058026,9.568009,90.347473,90.300911,1,2,3,4
40.7372093,0.0208359,-0.078365,9.564711,-0.11665,9.565743,90.698715,90.469421,1,2,3,4
40.758049,0.0208397,-0.086142,9.54796,-0.066999,9.548584,90.402031,90.516907,1,2,3,4
40.7788849,0.0208359,-0.065204,9.57488,-0.066999,9.575336,90.400902,90.390175,1,2,3,4
40.7997208,0.0208359,-0.081954,9.590433,-0.131007,9.591679,90.782593,90.489601,1,2,3,4
40.8205643,0.0208435,-0.068195,9.580862,-0.097508,9.581601,90.583084,90.407814,1,2,3,4
40.841404,0.0208397,-0.097508,9.589835,-0.077767,9.590646,90.464592,90.58255,1,2,3,4
40.8622398,0.0208358,-0.083151,9.622736,-0.082552,9.623449,90.491501,90.495087,1,2,3,4
40.8830757,0.0208359,-0.065803,9.61795,-0.129811,9.619052,90.773239,90.391991,1,2,3,4
40.9039154,0.0208397,-0.059222,9.61137,-0.130409,9.612437,90.777336,90.353035,1,2,3,4
40.9247513,0.0208359,-0.06341,9.612567,-0.066401,9.613006,90.395767,90.377953,1,2,3,4
40.9455948,0.0208435,-0.087338,9.619745,-0.068195,9.620383,90.406151,90.52018,1,2,3,4
40.9664307,0.0208359,-0.068195,9.610772,-0.066999,9.611248,90.399406,90.406548,1,2,3,4
40.9872704,0.0208397,-0.066401,9.61496,-0.101097,9.615721,90.602402,90.395676,1,2,3,4
41.0081062,0.0208358,-0.07657,9.652647,-0.088534,9.653357,90.52549,90.454491,1,2,3,4
41.0289459,0.0208397,-0.08016,9.661021,-0.066999,9.661586,90.397324,90.475388,1,2,3,4
41.0497818,0.0208359,-0.088534,9.643075,-0.080758,9.643819,90.479805,90.526024,1,2,3,4
41.0706253,0.0208435,-0.066401,9.663414,-0.062213,9.663842,90.368858,90.393692,1,2,3,4
41.091465,0.0208397,-0.06999,9.667004,-0.101695,9.667792,90.602699,90.414818,1,2,3,4
41.1123047,0.0208397,-0.078963,9.672985,-0.113659,9.673975,90.67318,90.467712,1,2,3,4
41.1331406,0.0208359,-0.089731,9.658628,-0.092124,9.659484,90.546448,90.532272,1,2,3,4
41.1539803,0.0208397,-0.084945,9.694521,-0.065803,9.695117,90.388878,90.502022,1,2,3,4
41.1748199,0.0208396,-0.066401,9.686745,-0.078365,9.687289,90.463493,90.392746,1,2,3,4
41.1956596,0.0208397,-0.07657,9.683155,-0.105882,9.684036,90.626465,90.453064,1,2,3,4
41.2164993,0.0208397,-0.070588,9.69153,-0.111266,9.692426,90.657753,90.417305,1,2,3,4
41.237339,0.0208397,-0.065803,9.692726,-0.097508,9.693439,90.576355,90.388969,1,2,3,4
41.2581787,0.0208397,-0.074776,9.683155,-0.044865,9.683548,90.265465,90.442444,1,2,3,4
41.2790184,0.0208397,-0.065204,9.689735,-0.019741,9.689975,90.116722,90.385551,1,2,3,4
41.2998619,0.0208435,-0.058624,9.708878,-0.095713,9.709526,90.564812,90.345963,1,2,3,4
41.3207016,0.0208397,-0.064606,9.711869,-0.1334,9.713,90.786934,90.381142,1,2,3,4
41.3415451,0.0208435,-0.065204,9.713663,-0.107079,9.714472,90.631561,90.384598,1,2,3,4
41.3623848,0.0208397,-0.068195,9.737592,-0.032303,9.737885,90.190063,90.401253,1,2,3,4
41.3832207,0.0208359,-0.055633,9.736395,-0.052642,9.736696,90.309776,90.327377,1,2,3,4
41.4040604,0.0208397,-0.088534,9.742975,-0.101695,9.743908,90.597992,90.52063,1,2,3,4
41.4248962,0.0208358,-0.07657,9.754341,-0.106481,9.755222,90.625412,90.449753,1,2,3,4
41.4457359,0.0208397,-0.064008,9.772886,-0.068195,9.773335,90.399796,90.375259,1,2,3,4
41.4665718,0.0208359,-0.077169,9.772287,-0.051446,9.772728,90.30162,90.452438,1,2,3,4
41.4874115,0.0208397,-0.067597,9.778868,-0.077169,9.779406,90.452118,90.396057,1,2,3,4
41.5082512,0.0208397,-0.072383,9.780663,-0.090927,9.781353,90.532631,90.424019,1,2,3,4
41.5290871,0.0208359,-0.059222,9.795618,-0.052642,9.795938,90.307899,90.346397,1,2,3,4
41.5499306,0.0208435,-0.075374,9.812367,-0.085543,9.81303,90.499474,90.440109,1,2,3,4
41.5707703,0.0208397,-0.07657,9.796216,-0.077169,9.79682,90.451317,90.44783,1,2,3,4
41.5916061,0.0208358,-0.090927,9.803992,-0.073579,9.80469,90.429977,90.531372,1,2,3,4
41.6124458,0.0208397,-0.071785,9.794421,-0.094516,9.79514,90.552872,90.419922,1,2,3,4
41.6332855,0.0208397,-0.075374,9.794421,-0.084347,9.795074,90.493393,90.440918,1,2,3,4
41.654129,0.0208435,-0.08674,9.792028,-0.071785,9.792675,90.420006,90.507523,1,2,3,4
41.6749649,0.0208359,-0.066999,9.785448,-0.05683,9.785842,90.332733,90.392288,1,2,3,4
41.6958046,0.0208397,-0.072981,9.789636,-0.089133,9.790314,90.521637,90.427132,1,2,3,4
41.7166405,0.0208359,-0.078963,9.80818,-0.091525,9.808925,90.534622,90.461266,1,2,3,4
41.7374763,0.0208358,-0.082552,9.802198,-0.083749,9.802903,90.489502,90.482521,1,2,3,4
41.758316,0.0208397,-0.081356,9.811769,-0.069392,9.812352,90.40519,90.475067,1,2,3,4
41.7791519,0.0208359,-0.075972,9.823135,-0.068794,9.82367,90.401237,90.443115,1,2,3,4
41.7999954,0.0208435,-0.072383,9.842875,-0.087936,9.843534,90.511856,90.421333,1,2,3,4
41.8208351,0.0208397,-0.078963,9.861421,-0.079561,9.862058,90.462234,90.458771,1,2,3,4
41.841671,0.0208359,-0.078365,9.852448,-0.048455,9.852879,90.281769,90.455711,1,2,3,4
41.8625107,0.0208397,-0.061615,9.861421,-0.068794,9.861854,90.399681,90.357986,1,2,3,4
41.8833466,0.0208359,-0.059821,9.860822,-0.085543,9.861374,90.497025,90.34758,1,2,3,4
41.9041901,0.0208435,-0.06999,9.856635,-0.086142,9.85726,90.50071,90.406837,1,2,3,4
41.9250298,0.0208397,-0.083749,9.854242,-0.073579,9.854873,90.427788,90.486931,1,2,3,4
41.9458694,0.0208396,-0.085543,9.854242,-0.066999,9.854841,90.389534,90.497368,1,2,3,4
41.9667091,0.0208397,-0.087936,9.857233,-0.092722,9.858062,90.538918,90.511124,1,2,3,4
41.9875488,0.0208397,-0.066999,9.850653,-0.077169,9.851183,90.44883,90.389687,1,2,3,4
42.0083923,0.0208435,-0.074776,9.845269,-0.078963,9.84587,90.459511,90.435158,1,2,3,4
42.0292282,0.0208359,-0.072383,9.84168,-0.066401,9.84217,90.386551,90.421387,1,2,3,4
42.0500641,0.0208359,-0.08016,9.834501,-0.074776,9.835113,90.435623,90.466995,1,2,3,4
42.0709038,0.0208397,-0.077767,9.822537,-0.055035,9.822999,90.321007,90.453613,1,2,3,4
42.0917397,0.0208359,-0.070588,9.837492,-0.06999,9.837994,90.407623,90.411118,1,2,3,4
42.1125793,0.0208396,-0.078963,9.824331,-0.100499,9.825163,90.586075,90.460503,1,2,3,4
42.1334152,0.0208359,-0.074776,9.806385,-0.053839,9.806818,90.314552,90.436882,1,2,3,4
42.1542587,0.0208435,-0.077767,9.805787,-0.048455,9.806215,90.283112,90.454384,1,2,3,4
42.1750984,0.0208397,-0.066401,9.809377,-0.034696,9.809663,90.202652,90.387833,1,2,3,4
42.1959343,0.0208359,-0.075972,9.779466,-0.117847,9.780471,90.690384,90.445099,1,2,3,4
42.216774,0.0208397,-0.084945,9.747761,-0.096311,9.748607,90.566063,90.499283,1,2,3,4
42.2376099,0.0208359,-0.073579,9.754341,-0.061017,9.754809,90.358391,90.43219,1,2,3,4
42.2584457,0.0208358,-0.072981,9.741779,-0.05683,9.742218,90.334229,90.42923,1,2,3,4
42.2792931,0.0208474,-0.072383,9.735199,-0.057428,9.735638,90.337975,90.425995,1,2,3,4
42.3001366,0.0208435,-0.07657,9.716655,-0.096311,9.717434,90.567879,90.4515,1,2,3,4
42.3209801,0.0208435,-0.061017,9.722038,-0.098106,9.722725,90.578148,90.359589,1,2,3,4
42.3418198,0.0208397,-0.077767,9.699904,-0.06341,9.700423,90.374535,90.459343,1,2,3,4
42.3626595,0.0208397,-0.072981,9.698709,-0.047258,9.699099,90.279175,90.431129,1,2,3,4
42.3834991,0.0208396,-0.062213,9.698111,-0.078963,9.698631,90.466492,90.367546,1,2,3,4
42.404335,0.0208359,-0.071186,9.710074,-0.090329,9.710755,90.532974,90.420036,1,2,3,4
42.4251709,0.0208359,-0.072383,9.731011,-0.072981,9.731554,90.429688,90.426178,1,2,3,4
42.4460068,0.0208359,-0.077767,9.742975,-0.066401,9.743512,90.390465,90.457314,1,2,3,4
42.4668427,0.0208359,-0.072981,9.763314,-0.058026,9.76376,90.340508,90.428276,1,2,3,4
42.4876785,0.0208358,-0.072383,9.783055,-0.068794,9.783565,90.402885,90.423912,1,2,3,4
42.508522,0.0208435,-0.071785,9.778868,-0.086142,9.77951,90.504692,90.420586,1,2,3,4
42.5293579,0.0208359,-0.090927,9.826126,-0.042473,9.826638,90.247643,90.530182,1,2,3,4
42.5501938,0.0208359,-0.075374,9.856036,-0.066999,9.856552,90.389465,90.438164,1,2,3,4
42.5710297,0.0208359,-0.068195,9.865009,-0.120239,9.865977,90.698296,90.396072,1,2,3,4
42.5918655,0.0208358,-0.064606,9.859626,-0.090927,9.860257,90.528366,90.375435,1,2,3,4
42.6127014,0.0208359,-0.085543,9.839885,-0.066999,9.840485,90.390099,90.498093,1,2,3,4
42.6335373,0.0208359,-0.074776,9.845269,-0.050847,9.845685,90.295898,90.435158,1,2,3,4
42.654377,0.0208397,-0.084945,9.817153,-0.091525,9.817947,90.534134,90.49575,1,2,3,4
42.6752167,0.0208397,-0.087936,9.832706,-0.111266,9.83373,90.6483,90.512398,1,2,3,4
42.6960564,0.0208397,-0.070588,9.851849,-0.040678,9.852185,90.236565,90.410515,1,2,3,4
42.7168961,0.0208397,-0.071785,9.832108,-0.071186,9.832628,90.414818,90.418312,1,2,3,4
42.7377357,0.0208396,-0.077767,9.868001,-0.025125,9.86834,90.145874,90.451523,1,2,3,4
42.7585754,0.0208397,-0.068794,9.832108,-0.102293,9.832881,90.596069,90.400879,1,2,3,4
42.7794151,0.0208397,-0.06999,9.860224,-0.136989,9.861423,90.795944,90.406693,1,2,3,4
42.8002586,0.0208435,-0.073579,9.829117,-0.038883,9.829469,90.226654,90.428902,1,2,3,4
42.8210983,0.0208397,-0.075972,9.829716,-0.066401,9.830234,90.387024,90.442818,1,2,3,4
42.841938,0.0208397,-0.087338,9.832108,-0.047258,9.83261,90.275383,90.508942,1,2,3,4
42.8627815,0.0208435,-0.062213,9.838689,-0.094516,9.839339,90.550392,90.362297,1,2,3,4
42.883625,0.0208435,-0.087338,9.830314,-0.089731,9.831111,90.522957,90.509033,1,2,3,4
42.9044685,0.0208435,-0.086142,9.842875,-0.111864,9.843888,90.651115,90.501419,1,2,3,4
42.9253044,0.0208359,-0.072981,9.84168,-0.04008,9.842031,90.23333,90.424873,1,2,3,4
42.9461441,0.0208397,-0.07657,9.869197,-0.065803,9.869713,90.382004,90.444519,1,2,3,4
42.9669838,0.0208397,-0.077767,9.826724,-0.087338,9.82742,90.509201,90.453415,1,2,3,4
42.9878273,0.0208435,-0.081356,9.862019,-0.078963,9.86267,90.458733,90.472649,1,2,3,4
43.008667,0.0208397,-0.071186,9.803394,-0.053839,9.803801,90.314644,90.416039,1,2,3,4
43.0295067,0.0208397,-0.072383,9.857233,-0.068195,9.857735,90.39637,90.420723,1,2,3,4
43.0503426,0.0208359,-0.082552,9.832108,-0.054437,9.832605,90.317207,90.481056,1,2,3,4
43.0711823,0.0208397,-0.068195,9.84467,-0.09332,9.845348,90.543091,90.396889,1,2,3,4
43.0920258,0.0208435,-0.081356,9.838689,-0.078963,9.839342,90.459816,90.47377,1,2,3,4
43.1128654,0.0208396,-0.082552,9.845269,-0.023928,9.845644,90.139252,90.480415,1,2,3,4
43.1337051,0.0208397,-0.079561,9.851251,-0.111266,9.852201,90.647087,90.462723,1,2,3,4
43.1545448,0.0208397,-0.072383,9.835099,-0.068794,9.835607,90.400749,90.421669,1,2,3,4
43.1753845,0.0208397,-0.069392,9.843474,-0.087338,9.844107,90.508339,90.4039,1,2,3,4
43.196228,0.0208435,-0.060419,9.83809,-0.08016,9.838602,90.46682,90.351868,1,2,3,4
43.2170639,0.0208359,-0.069392,9.839287,-0.05324,9.839676,90.310013,90.404076,1,2,3,4
43.2379036,0.0208397,-0.092722,9.833903,-0.035294,9.834404,90.205627,90.540215,1,2,3,4
43.2587433,0.0208397,-0.072981,9.841082,-0.108275,9.841948,90.630348,90.424896,1,2,3,4
43.2795792,0.0208359,-0.081356,9.832706,-0.087936,9.833436,90.512375,90.474052,1,2,3,4
43.3004189,0.0208397,-0.068794,9.845867,-0.028714,9.846149,90.167091,90.400322,1,2,3,4
43.3212624,0.0208435,-0.08016,9.832108,-0.058026,9.832606,90.338127,90.46711,1,2,3,4
43.3421021,0.0208397,-0.077767,9.833304,-0.082552,9.833959,90.48098,90.453117,1,2,3,4
43.3629417,0.0208396,-0.075972,9.845867,-0.074178,9.846439,90.431641,90.442093,1,2,3,4
43.3837814,0.0208397,-0.074776,9.829117,-0.074776,9.829685,90.43586,90.435875,1,2,3,4
43.4046211,0.0208397,-0.088534,9.857233,-0.048455,9.85775,90.281631,90.514595,1,2,3,4
43.4254646,0.0208435,-0.084945,9.851251,-0.067597,9.851849,90.393127,90.494034,1,2,3,4
43.4463043,0.0208397,-0.065803,9.842875,-0.123829,9.843874,90.720757,90.383034,1,2,3,4
43.467144,0.0208397,-0.06999,9.83809,-0.114257,9.839003,90.665375,90.407608,1,2,3,4
43.4879799,0.0208359,-0.071186,9.842278,-0.035892,9.842601,90.208939,90.414398,1,2,3,4
43.5088196,0.0208397,-0.072981,9.839885,-0.017946,9.840172,90.104492,90.42495,1,2,3,4
43.5296631,0.0208435,-0.071186,9.839885,-0.058624,9.840317,90.341347,90.414497,1,2,3,4
43.5505028,0.0208397,-0.059821,9.845269,-0.105284,9.846014,90.612679,90.348129,1,2,3,4
43.5713425,0.0208397,-0.078963,9.855438,-0.090927,9.856174,90.528587,90.459053,1,2,3,4
43.5921822,0.0208397,-0.066401,9.842875,-0.04666,9.84321,90.271599,90.386513,1,2,3,4
43.6130219,0.0208397,-0.087936,9.843474,-0.066401,9.844091,90.386475,90.511833,1,2,3,4
43.6338654,0.0208435,-0.072981,9.846465,-0.097508,9.847219,90.567352,90.42466,1,2,3,4
43.654705,0.0208396,-0.078365,9.841082,-0.078365,9.841705,90.456223,90.456238,1,2,3,4
43.6755447,0.0208397,-0.073579,9.842278,-0.051446,9.842688,90.299477,90.428329,1,2,3,4
43.6963806,0.0208359,-0.058624,9.83809,-0.065803,9.838485,90.383217,90.341415,1,2,3,4
43.7172203,0.0208397,-0.052642,9.851251,-0.102891,9.851929,90.598396,90.306168,1,2,3,4
43.73806,0.0208397,-0.049053,9.846465,-0.075972,9.84688,90.442062,90.285431,1,2,3,4
43.7589035,0.0208435,-0.074776,9.821341,-0.05683,9.82179,90.33152,90.436218,1,2,3,4
43.7797432,0.0208397,-0.072383,9.853045,-0.074776,9.853595,90.434807,90.420898,1,2,3,4
43.8005829,0.0208397,-0.079561,9.844072,-0.117847,9.845099,90.685852,90.463066,1,2,3,4
43.8214226,0.0208397,-0.106481,9.823733,-0.087936,9.824704,90.512833,90.62101,1,2,3,4
43.8422623,0.0208397,-0.092722,9.825528,-0.046062,9.826074,90.268585,90.540672,1,2,3,4
43.863102,0.0208397,-0.090329,9.847662,-0.018544,9.848094,90.107887,90.525536,1,2,3,4
43.8839417,0.0208397,-0.096909,9.839287,-0.037687,9.839836,90.219444,90.564301,1,2,3,4
43.9047813,0.0208396,-0.08016,9.844072,-0.079561,9.84472,90.463051,90.466545,1,2,3,4
43.925621,0.0208397,-0.058624,9.85484,-0.096311,9.855485,90.559921,90.340836,1,2,3,4
43.9464569,0.0208359,-0.046062,9.851849,-0.072981,9.852226,90.424423,90.267883,1,2,3,4
43.9672966,0.0208397,-0.043071,9.847063,-0.106481,9.847733,90.619537,90.25061,1,2,3,4
43.9881401,0.0208435,-0.034098,9.847063,-0.092124,9.847553,90.536011,90.198402,1,2,3,4
44.0089798,0.0208397,-0.056231,9.820144,-0.019143,9.820323,90.111687,90.328079,1,2,3,4
44.0298195,0.0208397,-0.074776,9.830314,-0.062213,9.830795,90.362595,90.435822,1,2,3,4
44.0506592,0.0208397,-0.08016,9.839885,-0.043071,9.840305,90.250786,90.466743,1,2,3,4
44.0714989,0.0208397,-0.089133,9.842875,-0.12323,9.84405,90.717262,90.518829,1,2,3,4
44.0923424,0.0208435,-0.087338,9.847063,-0.094516,9.847904,90.549911,90.508171,1,2,3,4
44.1131821,0.0208397,-0.074178,9.85484,-0.031705,9.85517,90.184326,90.431259,1,2,3,4
44.1340179,0.0208358,-0.066999,9.832108,-0.053839,9.832484,90.313728,90.390427,1,2,3,4
44.1548576,0.0208397,-0.066999,9.839885,-0.090329,9.840528,90.52594,90.390114,1,2,3,4
44.1756973,0.0208397,-0.066999,9.830314,-0.0999,9.83105,90.582237,90.390495,1,2,3,4
44.1965332,0.0208359,-0.083749,9.833304,-0.074776,9.833945,90.435669,90.487968,1,2,3,4
44.2173805,0.0208473,-0.08674,9.838689,-0.071785,9.839333,90.418015,90.505119,1,2,3,4
44.2382164,0.0208359,-0.070588,9.850653,-0.05324,9.851049,90.309662,90.410568,1,2,3,4
44.2590561,0.0208397,-0.066999,9.843474,-0.070588,9.843955,90.410858,90.389977,1,2,3,4
44.2798958,0.0208397,-0.066999,9.830314,-0.009571,9.830546,90.055786,90.390495,1,2,3,4
44.3007317,0.0208359,-0.059821,9.847662,-0.005384,9.847845,90.031326,90.348045,1,2,3,4
44.3215714,0.0208397,-0.040678,9.84826,-0.095713,9.848809,90.556824,90.236656,1,2,3,4
44.342411,0.0208396,-0.050249,9.85484,-0.111864,9.855603,90.650337,90.292145,1,2,3,4
44.3632469,0.0208359,-0.045464,9.862617,-0.044865,9.862823,90.260635,90.264114,1,2,3,4
44.3840828,0.0208359,-0.074776,9.857233,-0.051446,9.857651,90.299019,90.434631,1,2,3,4
44.4049187,0.0208359,-0.116052,9.824331,-0.165703,9.826414,90.966225,90.676788,1,2,3,4
44.4257584,0.0208397,-0.136989,9.819546,-0.180658,9.822163,91.053894,90.799263,1,2,3,4
44.4465942,0.0208358,-0.119641,9.81476,-0.108873,9.816093,90.635498,90.698395,1,2,3,4
44.4674339,0.0208397,-0.092124,9.850653,0.014357,9.851094,89.916496,90.53582,1,2,3,4
44.4882736,0.0208397,-0.081356,9.835697,-0.009571,9.836039,90.055756,90.473907,1,2,3,4
44.5091095,0.0208359,-0.045464,9.865009,-0.08016,9.865439,90.465553,90.264053,1,2,3,4
44.5299454,0.0208359,-0.014955,9.854242,-0.057428,9.854421,90.3339,90.086952,1,2,3,4
44.5507813,0.0208359,-0.078963,9.85484,0.01675,9.85517,89.902618,90.459084,1,2,3,4
44.5716209,0.0208396,-0.060419,9.824331,-0.044865,9.824619,90.26165,90.352356,1,2,3,4
44.5924568,0.0208359,-0.095713,9.818948,-0.178863,9.821043,91.043541,90.558487,1,2,3,4
44.6132965,0.0208397,-0.108873,9.838689,-0.145364,9.840365,90.846413,90.634003,1,2,3,4
44.6341362,0.0208397,-0.125623,9.852448,-0.117248,9.853946,90.681755,90.730507,1,2,3,4
44.6549721,0.0208359,-0.0999,9.849456,-0.049053,9.850084,90.285332,90.581116,1,2,3,4
44.675808,0.0208359,-0.060419,9.842875,0.102891,9.843598,89.4011,90.351692,1,2,3,4
44.6966515,0.0208435,-0.069392,9.826126,-0.077767,9.826679,90.453438,90.404617,1,2,3,4
44.7174911,0.0208396,-0.044267,9.860224,-0.203988,9.862433,91.18515,90.257225,1,2,3,4
44.7383308,0.0208397,-0.071186,9.867402,-0.035892,9.867724,90.208405,90.413345,1,2,3,4
44.7591705,0.0208397,-0.071785,9.845867,0.008973,9.846133,89.947784,90.417725,1,2,3,4
44.7800064,0.0208359,-0.052044,9.809377,-0.066401,9.809739,90.387833,90.303978,1,2,3,4
44.8008423,0.0208359,-0.064606,9.852448,-0.142971,9.853697,90.83136,90.375702,1,2,3,4
44.8216782,0.0208359,-0.10349,9.81476,-0.092722,9.815744,90.541237,90.604118,1,2,3,4
44.8425179,0.0208397,-0.113659,9.826126,-0.013161,9.826793,90.076736,90.662712,1,2,3,4
44.8633575,0.0208396,-0.072981,9.860822,-0.000598,9.861092,90.003479,90.424042,1,2,3,4
44.8841934,0.0208359,-0.07657,9.84467,-0.199801,9.846995,91.162643,90.445625,1,2,3,4
44.9050293,0.0208359,-0.090927,9.821341,-0.178863,9.82339,91.043297,90.530434,1,2,3,4
44.9258652,0.0208359,-0.039482,9.84826,0.040678,9.848423,89.763344,90.229698,1,2,3,4
44.946701,0.0208358,-0.0335,9.862019,-0.04008,9.862157,90.232849,90.194626,1,2,3,4
44.9675369,0.0208359,-0.046062,9.815358,-0.159123,9.816756,90.928764,90.268875,1,2,3,4
44.9883766,0.0208397,-0.060419,9.826126,-0.050847,9.826444,90.296478,90.352295,1,2,3,4
45.0092125,0.0208359,-0.081356,9.859028,-0.037089,9.859433,90.21553,90.472794,1,2,3,4
45.0300522,0.0208397,-0.10349,9.890733,-0.002393,9.891274,90.013863,90.59948,1,2,3,4
45.0508842,0.020832,-0.112463,9.813564,-0.054437,9.81436,90.317802,90.656578,1,2,3,4
45.0717201,0.0208359,-0.062812,9.816555,-0.128614,9.817598,90.750618,90.366608,1,2,3,4
45.092556,0.0208359,-0.043071,9.865009,-0.157926,9.866367,90.917145,90.250153,1,2,3,4
45.1133881,0.0208321,-0.11007,9.850055,-0.028714,9.850712,90.167015,90.640228,1,2,3,4
45.1342239,0.0208358,-0.123829,9.798609,-0.037687,9.799463,90.220352,90.72403,1,2,3,4
45.1550598,0.0208359,-0.020937,9.82493,-0.15015,9.826099,90.875557,90.122101,1,2,3,4
45.1758957,0.0208359,-0.044865,9.847662,-0.189631,9.849589,91.103165,90.261032,1,2,3,4
45.1967316,0.0208359,-0.02333,9.88176,-0.086142,9.882162,90.499443,90.135269,1,2,3,4
45.2175636,0.020832,-0.089133,9.844072,0.072981,9.844747,89.575249,90.518768,1,2,3,4
45.2384033,0.0208397,-0.053839,9.823135,0.06341,9.823487,89.630157,90.314026,1,2,3,4
45.2592354,0.0208321,-0.061615,9.862019,-0.227916,9.864844,91.323875,90.357964,1,2,3,4
45.2800713,0.0208359,-0.112463,9.8016,-0.136391,9.803193,90.79718,90.657379,1,2,3,4
45.3009071,0.0208358,-0.148355,9.821341,-0.022134,9.822486,90.129105,90.86541,1,2,3,4
45.321743,0.0208359,-0.022134,9.842875,0.05683,9.843064,89.669197,90.128838,1,2,3,4
45.3425789,0.0208359,-0.104088,9.864411,-0.099302,9.86546,90.576729,90.604553,1,2,3,4
45.3634186,0.0208397,-0.067597,9.853643,-0.124427,9.854661,90.72345,90.393051,1,2,3,4
45.3842545,0.0208359,-0.048455,9.855438,-0.022732,9.855584,90.132149,90.281693,1,2,3,4
45.4050941,0.0208396,-0.096909,9.828519,0.116052,9.829681,89.323532,90.564919,1,2,3,4
45.42593,0.0208359,-0.066401,9.818948,-0.085543,9.819545,90.499138,90.387459,1,2,3,4
45.4467659,0.0208359,-0.053839,9.806984,-0.340379,9.813037,91.987785,90.314537,1,2,3,4
45.4676018,0.0208359,-0.10349,9.843474,-0.169292,9.845474,90.985245,90.602356,1,2,3,4
45.4884377,0.0208359,-0.132203,9.857233,-0.028714,9.858162,90.166885,90.768394,1,2,3,4
45.5092773,0.0208396,-0.055035,9.898509,0.01675,9.898677,89.903046,90.318558,1,2,3,4
45.5301132,0.0208359,-0.082552,9.823733,0.015553,9.824093,89.909286,90.481468,1,2,3,4
45.5509529,0.0208397,-0.044865,9.817153,-0.227318,9.819887,91.326447,90.261848,1,2,3,4
45.5717888,0.0208359,-0.028116,9.836894,-0.159721,9.838231,90.930222,90.163765,1,2,3,4
45.5926285,0.0208397,-0.054437,9.832108,0.069392,9.832504,89.595634,90.317223,1,2,3,4
45.6134644,0.0208359,-0.061017,9.828519,-0.044865,9.828811,90.261536,90.355698,1,2,3,4
45.6343002,0.0208358,-0.101097,9.826724,-0.083749,9.827601,90.488266,90.589432,1,2,3,4
45.6551323,0.0208321,-0.102891,9.857233,-0.133998,9.858681,90.778778,90.598038,1,2,3,4
45.6759682,0.0208359,-0.083151,9.859626,-0.105882,9.860544,90.61525,90.483192,1,2,3,4
45.696804,0.0208358,-0.124427,9.821939,0.071186,9.822985,89.584778,90.7258,1,2,3,4
45.7176437,0.0208397,-0.108873,9.827921,-0.062812,9.828725,90.366158,90.634697,1,2,3,4
45.7384796,0.0208359,-0.008973,9.857233,-0.281755,9.861263,91.637268,90.052155,1,2,3,4
45.7593117,0.0208321,-0.031705,9.882358,0.02333,9.882436,89.864738,90.183815,1,2,3,4
45.7801476,0.0208359,-0.024526,9.894321,0.105284,9.894912,89.39035,90.142029,1,2,3,4
45.8009834,0.0208358,-0.07657,9.807582,-0.175274,9.809446,91.023811,90.447311,1,2,3,4
45.8218193,0.0208359,-0.149551,9.784252,-0.277567,9.789331,91.624786,90.875694,1,2,3,4
45.8426552,0.0208359,-0.081356,9.799207,-0.332602,9.805187,91.943909,90.475677,1,2,3,4
45.8634911,0.0208359,-0.083749,9.854242,0.026919,9.854635,89.843491,90.486931,1,2,3,4
45.8843269,0.0208358,-0.129212,9.806385,0.300897,9.811851,88.242653,90.754906,1,2,3,4
45.9051704,0.0208435,-0.05683,9.881161,-0.011366,9.88133,90.065903,90.329521,1,2,3,4
45.9260063,0.0208359,-0.044865,9.87159,-0.270389,9.875394,91.568962,90.260399,1,2,3,4
45.9468422,0.0208359,-0.08674,9.88834,-0.116052,9.889401,90.672379,90.502579,1,2,3,4
45.9676781,0.0208359,-0.128016,9.847063,0.107677,9.848484,89.37355,90.744827,1,2,3,4
45.9885178,0.0208397,-0.092722,9.807582,0.12682,9.80884,89.259193,90.541664,1,2,3,4
46.0093498,0.020832,-0.117248,9.804591,-0.102891,9.805832,90.601212,90.685143,1,2,3,4
46.0301857,0.0208359,-0.106481,9.819546,-0.277567,9.824045,91.619041,90.621277,1,2,3,4
46.0510254,0.0208397,-0.092722,9.868599,-0.165105,9.870416,90.958443,90.538315,1,2,3,4
46.0718613,0.0208359,-0.026321,9.87159,-0.00658,9.871627,90.038193,90.152771,1,2,3,4
46.0926971,0.0208358,-0.025723,9.839287,-0.14656,9.840412,90.853378,90.149788,1,2,3,4
46.113533,0.0208359,0.030508,9.859626,-0.178265,9.861284,91.035812,89.822708,1,2,3,4
46.1343651,0.0208321,0.032901,9.88475,0.037089,9.884874,89.785019,89.809296,1,2,3,4
46.155201,0.0208359,-0.036491,9.832706,0.024526,9.832805,89.857086,90.212631,1,2,3,4
46.176033,0.020832,-0.055035,9.838689,-0.116052,9.839527,90.675789,90.320496,1,2,3,4
46.1968689,0.0208359,-0.058624,9.807582,-0.145962,9.808843,90.852631,90.342476,1,2,3,4
46.2177048,0.0208359,-0.05324,9.809377,-0.073579,9.809797,90.429756,90.310966,1,2,3,4
46.2385445,0.0208397,-0.106481,9.790234,-0.05683,9.790977,90.332565,90.623138,1,2,3,4
46.2593803,0.0208358,-0.170489,9.796216,-0.151346,9.798868,90.884987,90.997047,1,2,3,4
46.2802162,0.0208359,-0.085543,9.813564,-0.112463,9.814582,90.656555,90.499428,1,2,3,4
46.3010483,0.0208321,-0.053839,9.84826,-0.072981,9.848678,90.424576,90.313225,1,2,3,4
46.3218842,0.0208359,-0.108275,9.865608,-0.050249,9.86633,90.291809,90.628799,1,2,3,4
46.34272,0.0208358,-0.055035,9.981061,0.038285,9.981286,89.780228,90.315926,1,2,3,4
46.3635559,0.0208359,-0.0335,9.980463,-0.096311,9.980984,90.552879,90.192314,1,2,3,4
46.3843918,0.0208359,0.017946,9.872787,-0.014955,9.872814,90.086792,89.895851,1,2,3,4
46.4052277,0.0208359,-0.096909,9.76152,0.097508,9.762488,89.427719,90.568794,1,2,3,4
46.4260674,0.0208397,-0.17348,9.735199,-0.108275,9.737347,90.637115,91.020897,1,2,3,4
46.446907,0.0208396,-0.102293,9.662218,-0.339781,9.668732,92.013916,90.60656,1,2,3,4
46.4677429,0.0208359,-0.13998,9.688539,-0.181855,9.691257,91.075211,90.827751,1,2,3,4
46.488575,0.0208321,-0.142373,9.772287,0.05683,9.773489,89.66684,90.834686,1,2,3,4
46.5094109,0.0208359,-0.049053,9.893723,0.054437,9.893994,89.684761,90.284065,1,2,3,4
46.5302467,0.0208358,-0.045464,9.897911,-0.101097,9.898532,90.58519,90.263176,1,2,3,4
46.5510826,0.0208359,-0.043669,9.977472,-0.282353,9.981563,91.620972,90.250771,1,2,3,4
46.5719147,0.0208321,-0.042473,10.000204,-0.12682,10.001099,90.726563,90.243347,1,2,3,4
46.5927505,0.0208358,-0.101097,9.94816,0.195613,9.950597,88.873581,90.582237,1,2,3,4
46.6135902,0.0208397,-0.082552,9.845269,0.008973,9.845619,89.947784,90.480415,1,2,3,4
46.6344261,0.0208359,-0.04666,9.819546,-0.155533,9.820889,90.907433,90.272255,1,2,3,4
46.655262,0.0208359,-0.078365,9.795019,-0.151944,9.796511,90.888695,90.458382,1,2,3,4
46.6760979,0.0208359,-0.049053,9.708878,-0.034098,9.709062,90.201218,90.289474,1,2,3,4
46.6969337,0.0208358,-0.077169,9.661021,0.035294,9.661394,89.790695,90.457649,1,2,3,4
46.7177696,0.0208359,-0.075374,9.736994,-0.02333,9.737313,90.137276,90.44352,1,2,3,4
46.7386055,0.0208359,-0.094516,9.88834,-0.183051,9.890486,91.060478,90.547638,1,2,3,4
46.7594376,0.0208321,-0.115454,9.949955,-0.135194,9.951543,90.778404,90.664795,1,2,3,4
46.7802773,0.0208397,-0.117248,10.025927,0.06999,10.026856,89.60006,90.670013,1,2,3,4
46.8011131,0.0208358,-0.166301,9.960124,-0.028116,9.961552,90.161713,90.956558,1,2,3,4
46.8219452,0.0208321,-0.131007,9.762716,-0.044267,9.763696,90.259773,90.768814,1,2,3,4
46.8427773,0.0208321,-0.093918,9.709476,-0.074178,9.710214,90.437691,90.554199,1,2,3,4
46.8636131,0.0208358,-0.018544,9.716056,-0.200399,9.71814,91.181587,90.10936,1,2,3,4
46.884449,0.0208359,0.025125,9.756734,-0.198604,9.758787,91.166122,89.852455,1,2,3,4
46.9052811,0.0208321,0.081356,9.876375,-0.149551,9.877843,90.867493,89.528038,1,2,3,4
46.9261169,0.0208358,0.031107,9.91167,-0.145962,9.912793,90.843689,89.820183,1,2,3,4
46.946949,0.0208321,-0.034696,9.960723,-0.067597,9.961013,90.388824,90.199577,1,2,3,4
46.9677849,0.0208359,-0.085543,9.933804,-0.041874,9.93426,90.241508,90.493385,1,2,3,4
46.9886169,0.020832,-0.154337,9.830912,-0.055035,9.832277,90.320709,90.899422,1,2,3,4
47.0094566,0.0208397,-0.190828,9.79143,0.005384,9.793291,89.968498,91.116508,1,2,3,4
47.0302887,0.0208321,-0.178265,9.785448,-0.032303,9.787126,90.18911,91.043663,1,2,3,4
47.0511208,0.0208321,-0.12682,9.809377,0.001196,9.810196,89.993011,90.7407,1,2,3,4
47.0719528,0.020832,-0.050847,9.780663,-0.139382,9.781788,90.816444,90.297867,1,2,3,4
47.0927849,0.0208321,0.005982,9.705887,-0.131007,9.706773,90.773315,89.964684,1,2,3,4
47.1136169,0.020832,0.008375,9.803394,0.070588,9.803652,89.587456,89.95105,1,2,3,4
47.1344528,0.0208359,0.08016,9.969695,0.047258,9.970129,89.728416,89.539337,1,2,3,4
47.1552925,0.0208397,0.010169,10.060024,-0.227318,10.062597,91.294449,89.942078,1,2,3,4
47.1761284,0.0208359,-0.224925,10.016953,0.040678,10.019561,89.767387,91.286331,1,2,3,4
47.1969604,0.020832,-0.135194,9.860224,0.136391,9.862094,89.207588,90.785538,1,2,3,4
47.2177925,0.0208321,-0.188435,9.74836,-0.015553,9.750194,90.0914,91.107384,1,2,3,4
47.2386246,0.0208321,-0.153739,9.669994,-0.271585,9.675029,91.608543,90.910843,1,2,3,4
47.2594604,0.0208358,-0.04666,9.613165,-0.440878,9.623383,92.625816,90.278099,1,2,3,4
47.2802963,0.0208359,-0.032303,9.768699,-0.15015,9.769906,90.880592,90.189468,1,2,3,4
47.3011284,0.0208321,-0.096909,9.899107,-0.042473,9.899673,90.245819,90.56089,1,2,3,4
47.3219643,0.0208359,-0.056231,9.996017,-0.204586,9.998268,91.172478,90.322304,1,2,3,4
47.3427963,0.020832,-0.089133,9.966704,-0.070588,9.967353,90.405769,90.512383,1,2,3,4
47.3636284,0.0208321,-0.085543,9.905687,0.08674,9.906436,89.498314,90.494781,1,2,3,4
47.3844604,0.020832,-0.074178,9.746565,-0.022732,9.746874,90.133629,90.43605,1,2,3,4
47.4052925,0.0208321,-0.071785,9.682557,0.044865,9.682927,89.73452,90.424774,1,2,3,4
47.4261284,0.0208359,-0.047258,9.731011,-0.089731,9.73154,90.528313,90.278252,1,2,3,4
47.4469604,0.020832,-0.050847,9.944571,-0.043669,9.944797,90.251595,90.292953,1,2,3,4
47.4677963,0.0208359,-0.072981,10.010972,0.089133,10.011635,89.489891,90.417686,1,2,3,4
47.4886322,0.0208359,-0.054437,9.943973,-0.090927,9.944537,90.523888,90.313652,1,2,3,4
47.5094643,0.0208321,-0.082552,9.849456,-0.202194,9.851877,91.175987,90.480209,1,2,3,4
47.530304,0.0208397,-0.082552,9.789636,-0.050249,9.790112,90.294083,90.483139,1,2,3,4
47.551136,0.020832,-0.144168,9.732208,-0.086142,9.733657,90.507065,90.848686,1,2,3,4
47.5719719,0.0208359,-0.090927,9.689735,-0.136391,9.691122,90.806396,90.537643,1,2,3,4
47.592804,0.0208321,-0.061017,9.775877,-0.141775,9.777096,90.830856,90.357613,1,2,3,4
47.6136398,0.0208358,-0.07657,9.920643,-0.205783,9.923072,91.188271,90.442215,1,2,3,4
47.6344719,0.0208321,-0.06999,9.939785,-0.102891,9.940564,90.593056,90.403435,1,2,3,4
47.655304,0.0208321,-0.079561,9.932607,-0.02333,9.932953,90.134575,90.458939,1,2,3,4
47.676136,0.020832,-0.0335,9.844072,-0.058026,9.8443,90.337723,90.194977,1,2,3,4
47.6969719,0.0208359,-0.042473,9.809975,0.013161,9.810076,89.923134,90.248062,1,2,3,4
47.717804,0.0208321,-0.035892,9.786645,-0.022134,9.786736,90.129578,90.210129,1,2,3,4
47.738636,0.020832,-0.062812,9.796814,-0.0999,9.797524,90.584229,90.36734,1,2,3,4
47.7594681,0.0208321,-0.087338,9.842278,-0.017348,9.84268,90.100983,90.508415,1,2,3,4
47.7803001,0.020832,-0.102891,9.872787,-0.004786,9.873324,90.027771,90.597099,1,2,3,4
47.8011322,0.0208321,-0.096909,9.862019,-0.060419,9.862679,90.350998,90.563004,1,2,3,4
47.8219643,0.0208321,-0.087338,9.869197,-0.054437,9.869734,90.316017,90.507027,1,2,3,4
47.8428001,0.0208358,-0.085543,9.860822,-0.108275,9.861787,90.629082,90.497032,1,2,3,4
47.8636322,0.0208321,-0.056231,9.845269,-0.114855,9.8461,90.668373,90.32724,1,2,3,4
47.8844681,0.0208359,-0.044865,9.828519,-0.068794,9.828862,90.401024,90.261543,1,2,3,4
47.9053001,0.020832,-0.037089,9.821341,-0.10349,9.821956,90.603714,90.21637,1,2,3,4
47.9261322,0.0208321,-0.078365,9.829716,-0.172881,9.831548,91.007561,90.456764,1,2,3,4
47.9469643,0.0208321,-0.096311,9.827921,-0.049053,9.828515,90.285957,90.561462,1,2,3,4
47.9677963,0.020832,-0.082552,9.857831,-0.040678,9.858261,90.23642,90.479797,1,2,3,4
47.9886284,0.0208321,-0.066999,9.854242,-0.065204,9.854686,90.379105,90.389549,1,2,3,4
48.0094604,0.020832,-0.075374,9.854242,-0.087338,9.854918,90.507782,90.43824,1,2,3,4
48.0302963,0.0208359,-0.094516,9.853045,-0.093918,9.853947,90.546097,90.549599,1,2,3,4
48.0511284,0.0208321,-0.077767,9.850653,-0.032901,9.851015,90.19136,90.452316,1,2,3,4
48.0719604,0.020832,-0.06341,9.84168,-0.011964,9.841891,90.069649,90.369148,1,2,3,4
48.0927925,0.0208321,-0.077767,9.808778,-0.060419,9.809272,90.352905,90.454247,1,2,3,4
48.1136246,0.0208321,-0.091525,9.829117,-0.1334,9.830448,90.777534,90.533501,1,2,3,4
48.1344604,0.0208358,-0.077767,9.840483,-0.10349,9.841334,90.602524,90.452782,1,2,3,4
